交易日,方向,IB起點,IB高,IB低,進場時間,進場價,停損價,停損距離,出場時間,出場價,出場原因,損益_美元每盎司,損益_R,最大浮虧,最大浮虧_R,最大浮虧出現_分鐘,最大浮盈,最大浮盈_R,持倉_小時,ATR10,IB除ATR,順前日方向,反向尾巴_ATR,反向極值字母位置,點差,1萬美元0.5%風險手數
2026-03-03,空,04:30,5373.540,5355.640,2026-03-03 07:34:00,5348.600,5373.540,24.940,2026-03-03 23:57:00,5090.310,收盤,258.190,10.352,0.000,0.000,1.000,352.460,14.132,16.383,124.132,0.144,False,0.008,0.346,0.100,0.020
2026-03-03,空,06:30,5375.530,5353.120,2026-03-03 07:39:00,5338.240,5375.530,37.290,2026-03-03 23:57:00,5090.310,收盤,247.830,6.646,8.550,0.229,7.000,342.100,9.174,16.300,124.132,0.181,False,0.008,0.346,0.100,0.010
2026-03-03,空,04:00,5368.110,5333.060,2026-03-03 07:49:00,5326.400,5368.110,41.710,2026-03-03 23:57:00,5090.310,收盤,235.990,5.658,9.580,0.230,136.000,330.260,7.918,16.133,124.132,0.282,False,0.008,0.333,0.100,0.010
2026-03-03,空,07:00,5367.230,5305.160,2026-03-03 08:14:00,5289.910,5367.230,77.320,2026-03-03 23:57:00,5090.310,收盤,199.500,2.580,46.070,0.596,111.000,293.770,3.799,15.717,124.132,0.500,False,0.008,0.321,0.100,0.010
2026-03-03,空,09:30,5335.980,5311.000,2026-03-03 10:34:00,5303.650,5335.980,32.330,2026-03-03 23:57:00,5090.310,收盤,213.240,6.596,8.340,0.258,3.000,307.510,9.512,13.383,124.132,0.201,False,0.008,0.237,0.100,0.020
2026-03-03,空,09:00,5331.180,5306.080,2026-03-03 10:59:00,5295.780,5331.180,35.400,2026-03-03 23:57:00,5090.310,收盤,205.370,5.801,8.130,0.230,3.000,299.640,8.464,12.967,124.132,0.202,False,0.008,0.231,0.100,0.010
2026-03-03,空,07:30,5359.410,5279.610,2026-03-03 11:29:00,5241.820,5359.410,117.590,2026-03-03 23:57:00,5090.310,收盤,151.410,1.288,46.140,0.392,35.000,245.680,2.089,12.467,124.132,0.643,False,0.008,0.220,0.100,0.010
2026-03-03,空,10:30,5313.430,5226.490,2026-03-03 13:09:00,5171.080,5313.430,142.350,2026-03-03 23:57:00,5090.310,收盤,80.670,0.567,55.580,0.390,108.000,174.940,1.229,10.800,124.132,0.700,False,0.008,0.188,0.100,0.010
2026-03-04,空,04:00,5190.740,5154.140,2026-03-04 05:04:00,5143.080,5190.740,47.660,2026-03-04 12:08:00,5190.740,停損,-47.760,-1.002,47.660,1.000,422.000,20.680,0.434,7.067,146.642,0.250,True,0.007,0.750,0.100,0.010
2026-03-04,空,05:30,5180.890,5154.030,2026-03-04 08:04:00,5141.790,5180.890,39.100,2026-03-04 10:49:00,5180.890,停損,-39.200,-1.003,39.100,1.000,164.000,19.390,0.496,2.750,146.642,0.183,True,0.007,0.429,0.100,0.010
2026-03-05,多,02:00,5179.860,5159.500,2026-03-05 04:54:00,5187.750,5159.500,28.250,2026-03-05 07:51:00,5159.500,停損,-28.350,-1.004,28.250,1.000,176.000,7.190,0.255,2.950,143.115,0.142,True,0.014,0.000,0.100,0.020
2026-03-05,空,05:00,5194.940,5178.460,2026-03-05 06:49:00,5170.040,5194.940,24.900,2026-03-05 23:57:00,5083.300,收盤,86.640,3.480,10.550,0.424,266.000,118.940,4.777,17.133,143.115,0.115,False,0.014,0.696,0.100,0.020
2026-03-05,空,05:30,5191.140,5174.840,2026-03-05 07:34:00,5167.680,5191.140,23.460,2026-03-05 23:57:00,5083.300,收盤,84.280,3.592,12.910,0.550,221.000,116.580,4.969,16.383,143.115,0.114,False,0.014,0.615,0.100,0.020
2026-03-05,空,04:30,5194.940,5174.420,2026-03-05 07:39:00,5164.610,5194.940,30.330,2026-03-05 23:57:00,5083.300,收盤,81.210,2.678,15.980,0.527,216.000,113.510,3.742,16.300,143.115,0.143,False,0.014,0.615,0.100,0.020
2026-03-05,空,04:00,5192.490,5171.680,2026-03-05 07:54:00,5158.060,5192.490,34.430,2026-03-05 23:57:00,5083.300,收盤,74.660,2.168,22.530,0.654,201.000,106.960,3.107,16.050,143.115,0.145,False,0.014,0.593,0.100,0.010
2026-03-05,空,07:00,5176.880,5148.370,2026-03-05 08:09:00,5139.710,5176.880,37.170,2026-03-05 11:08:00,5176.880,停損,-37.270,-1.003,37.170,1.000,178.000,18.870,0.508,2.983,143.115,0.199,False,0.014,0.571,0.100,0.010
2026-03-05,空,09:00,5172.690,5159.020,2026-03-05 10:09:00,5148.800,5172.690,23.890,2026-03-05 11:06:00,5172.690,停損,-23.990,-1.004,23.890,1.000,46.000,11.170,0.468,0.950,143.115,0.096,False,0.014,0.444,0.100,0.020
2026-03-05,多,08:00,5168.850,5120.840,2026-03-05 11:09:00,5176.580,5120.840,55.740,2026-03-05 15:20:00,5120.840,停損,-55.840,-1.002,55.740,1.000,248.000,4.010,0.072,4.183,143.115,0.335,True,0.028,0.700,0.100,0.010
2026-03-05,多,10:00,5170.190,5137.630,2026-03-05 11:14:00,5179.550,5137.630,41.920,2026-03-05 15:17:00,5137.630,停損,-42.020,-1.002,41.920,1.000,242.000,1.040,0.025,4.050,143.115,0.228,True,0.028,0.700,0.100,0.010
2026-03-06,空,04:30,5141.500,5122.200,2026-03-06 08:04:00,5113.850,5141.500,27.650,2026-03-06 17:01:00,5141.500,停損,-27.750,-1.004,27.650,1.000,536.000,50.850,1.839,8.950,151.340,0.128,True,0.013,0.393,0.100,0.020
2026-03-06,空,07:30,5130.090,5109.300,2026-03-06 10:29:00,5100.620,5130.090,29.470,2026-03-06 15:35:00,5130.090,停損,-29.570,-1.003,29.470,1.000,304.000,37.620,1.277,5.100,151.340,0.137,True,0.013,0.297,0.100,0.020
2026-03-06,空,09:30,5123.070,5099.470,2026-03-06 11:39:00,5091.410,5123.070,31.660,2026-03-06 15:31:00,5123.070,停損,-31.760,-1.003,31.660,1.000,231.000,28.410,0.897,3.867,151.340,0.156,True,0.013,0.262,0.100,0.020
2026-03-06,空,10:00,5123.070,5096.390,2026-03-06 11:59:00,5085.780,5123.070,37.290,2026-03-06 15:31:00,5123.070,停損,-37.390,-1.003,37.290,1.000,211.000,22.780,0.611,3.533,151.340,0.176,True,0.013,0.256,0.100,0.010
2026-03-06,空,10:30,5113.660,5092.030,2026-03-06 12:04:00,5081.220,5113.660,32.440,2026-03-06 15:30:00,5113.660,停損,-32.540,-1.003,32.440,1.000,87.000,18.220,0.562,3.433,151.340,0.143,True,0.013,0.250,0.100,0.020
2026-03-10,多,03:00,5141.310,5125.030,2026-03-10 04:19:00,5150.740,5125.030,25.710,2026-03-10 23:57:00,5192.770,收盤,41.930,1.631,0.680,0.026,1.000,87.800,3.415,19.633,154.388,0.105,False,0.026,0.077,0.100,0.020
2026-03-10,多,02:30,5149.560,5129.270,2026-03-10 04:24:00,5158.930,5129.270,29.660,2026-03-10 23:57:00,5192.770,收盤,33.740,1.138,5.870,0.198,8.000,79.610,2.684,19.550,154.388,0.131,False,0.026,0.077,0.100,0.020
2026-03-10,多,02:00,5156.070,5135.730,2026-03-10 04:44:00,5166.230,5135.730,30.500,2026-03-10 23:57:00,5192.770,收盤,26.440,0.867,11.820,0.388,141.000,72.310,2.371,19.217,154.388,0.132,False,0.026,0.071,0.100,0.020
2026-03-10,多,03:30,5167.740,5124.710,2026-03-10 04:59:00,5184.290,5124.710,59.580,2026-03-10 23:57:00,5192.770,收盤,8.380,0.141,29.880,0.502,126.000,54.250,0.911,18.967,154.388,0.279,False,0.026,0.067,0.100,0.010
2026-03-10,空,05:00,5187.000,5163.960,2026-03-10 07:04:00,5155.620,5187.000,31.380,2026-03-10 11:30:00,5187.000,停損,-31.480,-1.003,31.380,1.000,236.000,1.210,0.039,4.433,154.388,0.149,True,0.006,0.667,0.100,0.020
2026-03-10,多,07:00,5166.580,5154.410,2026-03-10 08:54:00,5175.570,5154.410,21.160,2026-03-10 23:57:00,5192.770,收盤,17.100,0.808,18.990,0.897,285.000,62.970,2.976,15.050,154.388,0.079,False,0.026,0.032,0.100,0.020
2026-03-10,多,06:30,5167.980,5154.410,2026-03-10 08:59:00,5177.920,5154.410,23.510,2026-03-10 23:57:00,5192.770,收盤,14.750,0.627,21.340,0.908,280.000,60.620,2.578,14.967,154.388,0.088,False,0.026,0.032,0.100,0.020
2026-03-10,多,07:30,5174.190,5161.530,2026-03-10 11:09:00,5182.360,5161.530,20.830,2026-03-10 13:37:00,5161.530,停損,-20.930,-1.005,20.830,1.000,145.000,12.860,0.617,2.467,154.388,0.082,False,0.026,0.025,0.100,0.020
2026-03-10,多,08:00,5179.310,5163.890,2026-03-10 11:39:00,5190.640,5163.890,26.750,2026-03-10 13:37:00,5163.890,停損,-26.850,-1.004,26.750,1.000,115.000,4.580,0.171,1.967,154.388,0.100,False,0.026,0.024,0.100,0.020
2026-03-10,多,10:30,5185.350,5165.670,2026-03-10 11:49:00,5194.380,5165.670,28.710,2026-03-10 13:37:00,5165.670,停損,-28.810,-1.003,28.710,1.000,105.000,0.520,0.018,1.800,154.388,0.127,False,0.026,0.023,0.100,0.020
2026-03-11,空,03:30,5223.160,5205.980,2026-03-11 05:09:00,5197.610,5223.160,25.550,2026-03-11 23:57:00,5177.200,收盤,20.310,0.795,22.910,0.897,45.000,48.260,1.889,18.800,150.868,0.114,False,0.000,0.750,0.100,0.020
2026-03-11,空,07:00,5208.650,5199.570,2026-03-11 10:34:00,5191.790,5208.650,16.860,2026-03-11 23:57:00,5177.200,收盤,14.490,0.859,6.950,0.412,40.000,42.440,2.517,13.383,150.868,0.060,False,0.000,0.316,0.100,0.030
2026-03-11,空,09:00,5210.800,5191.610,2026-03-11 11:39:00,5183.560,5210.800,27.240,2026-03-11 23:57:00,5177.200,收盤,6.260,0.230,13.630,0.500,62.000,34.210,1.256,12.300,150.868,0.127,False,0.000,0.286,0.100,0.020
2026-03-11,空,08:00,5208.270,5191.100,2026-03-11 11:44:00,5181.660,5208.270,26.610,2026-03-11 23:57:00,5177.200,收盤,4.360,0.164,15.530,0.584,57.000,32.310,1.214,12.217,150.868,0.114,False,0.000,0.286,0.100,0.020
2026-03-12,多,02:00,5157.970,5133.100,2026-03-12 04:44:00,5169.880,5133.100,36.780,2026-03-12 18:03:00,5133.100,停損,-36.880,-1.003,36.780,1.000,798.000,21.870,0.595,13.317,148.648,0.167,False,0.027,0.571,0.100,0.010
2026-03-12,空,04:30,5175.200,5154.800,2026-03-12 07:39:00,5145.410,5175.200,29.790,2026-03-12 10:42:00,5175.200,停損,-29.890,-1.003,29.790,1.000,182.000,8.150,0.274,3.050,148.648,0.137,True,0.040,0.000,0.100,0.020
2026-03-12,空,04:00,5172.870,5151.580,2026-03-12 07:44:00,5144.050,5172.870,28.820,2026-03-12 10:31:00,5172.870,停損,-28.920,-1.003,28.820,1.000,151.000,6.790,0.236,2.783,148.648,0.143,True,0.040,0.000,0.100,0.020
2026-03-12,多,07:30,5152.700,5137.260,2026-03-12 09:34:00,5161.330,5137.260,24.070,2026-03-12 18:01:00,5137.260,停損,-24.170,-1.004,24.070,1.000,506.000,30.420,1.264,8.450,148.648,0.104,False,0.027,0.235,0.100,0.020
2026-03-12,多,06:00,5155.620,5147.390,2026-03-12 09:39:00,5164.680,5147.390,17.290,2026-03-12 16:56:00,5147.390,停損,-17.390,-1.006,17.290,1.000,436.000,27.070,1.566,7.283,148.648,0.055,False,0.027,0.235,0.100,0.030
2026-03-12,多,08:00,5157.730,5137.260,2026-03-12 09:44:00,5168.500,5137.260,31.240,2026-03-12 18:01:00,5137.260,停損,-31.340,-1.003,31.240,1.000,496.000,23.250,0.744,8.283,148.648,0.138,False,0.027,0.235,0.100,0.020
2026-03-12,多,09:00,5170.280,5147.320,2026-03-12 10:44:00,5178.760,5147.320,31.440,2026-03-12 16:56:00,5147.320,停損,-31.540,-1.003,31.440,1.000,371.000,12.990,0.413,6.200,148.648,0.154,False,0.027,0.211,0.100,0.020
2026-03-13,多,02:00,5101.320,5089.010,2026-03-13 03:34:00,5109.170,5089.010,20.160,2026-03-13 09:28:00,5089.010,停損,-20.260,-1.005,20.160,1.000,352.000,19.290,0.957,5.900,154.804,0.080,False,0.052,0.000,0.100,0.020
2026-03-13,多,02:30,5108.420,5092.110,2026-03-13 04:04:00,5118.760,5092.110,26.650,2026-03-13 09:26:00,5092.110,停損,-26.750,-1.004,26.650,1.000,321.000,9.700,0.364,5.367,154.804,0.105,False,0.052,0.000,0.100,0.020
2026-03-13,多,03:00,5115.340,5097.420,2026-03-13 04:59:00,5124.280,5097.420,26.860,2026-03-13 09:21:00,5097.420,停損,-26.960,-1.004,26.860,1.000,237.000,4.180,0.156,4.367,154.804,0.116,False,0.052,0.000,0.100,0.020
2026-03-13,空,08:30,5111.010,5088.950,2026-03-13 10:19:00,5078.070,5111.010,32.940,2026-03-13 15:00:00,5111.010,停損,-33.040,-1.003,32.940,1.000,280.000,16.460,0.500,4.683,154.804,0.143,True,0.026,0.432,0.100,0.020
2026-03-17,多,04:00,5027.910,4994.870,2026-03-17 07:44:00,5039.780,4994.870,44.910,2026-03-17 13:42:00,4994.870,停損,-45.010,-1.002,44.910,1.000,357.000,4.800,0.107,5.967,146.442,0.226,True,0.027,0.462,0.100,0.010
2026-03-17,空,10:00,5028.070,5009.000,2026-03-17 13:09:00,5001.620,5028.070,26.450,2026-03-17 16:40:00,5028.070,停損,-26.550,-1.004,26.450,1.000,204.000,9.480,0.358,3.517,146.442,0.130,False,0.020,0.604,0.100,0.020
2026-03-18,多,02:00,5003.840,4998.880,2026-03-18 03:09:00,5012.120,4998.880,13.240,2026-03-18 04:01:00,4998.880,停損,-13.340,-1.008,13.240,1.000,51.000,0.250,0.019,0.867,115.163,0.043,False,0.017,0.375,0.100,0.040
2026-03-18,空,03:30,5015.860,4998.050,2026-03-18 05:59:00,4992.040,5015.860,23.820,2026-03-18 09:36:00,5015.860,停損,-23.920,-1.004,23.820,1.000,216.000,10.130,0.425,3.617,115.163,0.155,True,0.000,0.632,0.100,0.020
2026-03-18,空,04:00,5015.860,4991.390,2026-03-18 07:39:00,4983.230,5015.860,32.630,2026-03-18 09:36:00,5015.860,停損,-32.750,-1.004,32.630,1.000,116.000,1.320,0.040,1.950,115.163,0.212,True,0.000,0.462,0.120,0.020
2026-03-18,空,10:00,5014.870,4990.420,2026-03-18 13:29:00,4982.540,5014.870,32.330,2026-03-18 23:57:00,4818.640,收盤,163.800,5.067,4.930,0.152,1.000,175.560,5.430,10.467,115.163,0.212,True,0.009,0.694,0.100,0.020
2026-03-18,空,10:30,5009.640,4983.570,2026-03-18 13:39:00,4977.090,5009.640,32.550,2026-03-18 23:57:00,4818.640,收盤,158.350,4.865,3.200,0.098,8.000,170.110,5.226,10.300,115.163,0.226,True,0.009,0.680,0.100,0.020
2026-03-19,多,02:00,4842.610,4828.310,2026-03-19 04:39:00,4862.250,4828.310,33.940,2026-03-19 08:56:00,4828.310,停損,-34.060,-1.004,33.940,1.000,246.000,4.990,0.147,4.283,123.965,0.115,False,0.032,0.071,0.120,0.010
2026-03-19,空,05:00,4862.030,4841.800,2026-03-19 08:39:00,4832.980,4862.030,29.050,2026-03-19 23:57:00,4657.690,收盤,175.190,6.031,9.270,0.319,22.000,330.360,11.372,15.300,123.965,0.163,True,0.008,0.467,0.100,0.020
2026-03-19,空,08:00,4853.850,4827.090,2026-03-19 09:24:00,4819.570,4853.850,34.280,2026-03-19 23:57:00,4657.690,收盤,161.780,4.719,4.160,0.121,3.000,316.950,9.246,14.550,123.965,0.216,True,0.008,0.424,0.100,0.010
2026-03-19,空,08:30,4846.720,4813.480,2026-03-19 09:39:00,4796.100,4846.720,50.620,2026-03-19 23:57:00,4657.690,收盤,138.310,2.732,0.410,0.008,1.000,293.480,5.798,14.300,123.965,0.268,True,0.008,0.412,0.100,0.010
2026-03-19,空,09:00,4842.250,4747.880,2026-03-19 10:44:00,4739.840,4842.250,102.410,2026-03-19 23:57:00,4657.690,收盤,82.050,0.801,15.220,0.149,10.000,237.220,2.316,13.217,123.965,0.761,True,0.008,0.368,0.100,0.010
2026-03-19,空,10:00,4784.340,4727.510,2026-03-19 11:09:00,4715.070,4784.340,69.270,2026-03-19 23:57:00,4657.690,收盤,57.280,0.827,21.520,0.311,11.000,212.450,3.067,12.800,123.965,0.458,True,0.008,0.350,0.100,0.010
2026-03-19,空,10:30,4771.670,4701.410,2026-03-19 11:44:00,4688.590,4771.670,83.080,2026-03-19 23:57:00,4657.690,收盤,30.800,0.371,37.290,0.449,49.000,185.970,2.238,12.217,123.965,0.567,True,0.008,0.333,0.100,0.010
2026-03-20,多,02:00,4647.900,4634.270,2026-03-20 03:09:00,4657.020,4634.270,22.750,2026-03-20 16:51:00,4634.270,停損,-22.870,-1.005,22.750,1.000,806.000,78.730,3.461,13.700,146.043,0.093,False,0.007,0.750,0.120,0.020
2026-03-20,多,02:30,4665.080,4634.270,2026-03-20 04:34:00,4676.710,4634.270,42.440,2026-03-20 16:51:00,4634.270,停損,-42.550,-1.003,42.440,1.000,721.000,59.040,1.391,12.283,146.043,0.211,False,0.007,0.429,0.110,0.010
2026-03-20,多,03:30,4680.360,4639.230,2026-03-20 05:19:00,4688.370,4639.230,49.140,2026-03-20 13:56:00,4639.230,停損,-49.240,-1.002,49.140,1.000,516.000,47.380,0.964,8.617,146.043,0.282,False,0.007,0.353,0.100,0.010
2026-03-20,多,04:00,4699.500,4639.230,2026-03-20 06:04:00,4707.260,4639.230,68.030,2026-03-20 13:56:00,4639.230,停損,-68.150,-1.002,68.030,1.000,471.000,28.490,0.419,7.867,146.043,0.413,False,0.007,0.300,0.120,0.010
2026-03-20,多,05:00,4703.680,4670.400,2026-03-20 06:09:00,4716.130,4670.400,45.730,2026-03-20 09:38:00,4670.400,停損,-45.830,-1.002,45.730,1.000,208.000,19.620,0.429,3.483,146.043,0.228,False,0.007,0.300,0.100,0.010
2026-03-20,空,06:30,4735.660,4716.750,2026-03-20 08:34:00,4702.660,4735.660,33.000,2026-03-20 23:56:00,4498.060,收盤,204.480,6.196,32.120,0.973,172.000,225.320,6.828,15.367,146.043,0.129,True,0.000,0.700,0.120,0.020
2026-03-20,空,06:00,4735.750,4693.290,2026-03-20 09:34:00,4685.360,4735.750,50.390,2026-03-20 23:56:00,4498.060,收盤,187.170,3.714,49.420,0.981,112.000,208.020,4.128,14.367,146.043,0.291,True,0.000,0.618,0.130,0.010
2026-03-20,空,08:00,4723.610,4685.780,2026-03-20 09:39:00,4668.010,4723.610,55.600,2026-03-20 11:19:00,4723.610,停損,-55.700,-1.002,55.600,1.000,99.000,6.640,0.119,1.667,146.043,0.259,True,0.000,0.618,0.100,0.010
2026-03-20,多,09:30,4689.610,4661.370,2026-03-20 10:49:00,4697.900,4661.370,36.530,2026-03-20 12:58:00,4661.370,停損,-36.630,-1.003,36.530,1.000,126.000,36.880,1.010,2.150,146.043,0.193,False,0.007,0.154,0.100,0.010
2026-03-20,多,09:00,4701.090,4661.370,2026-03-20 11:14:00,4716.240,4661.370,54.870,2026-03-20 12:58:00,4661.370,停損,-54.970,-1.002,54.870,1.000,101.000,18.540,0.338,1.733,146.043,0.272,False,0.007,0.150,0.100,0.010
2026-03-20,空,10:30,4734.780,4685.270,2026-03-20 12:44:00,4673.470,4734.780,61.310,2026-03-20 23:56:00,4498.060,收盤,175.310,2.859,22.150,0.361,147.000,196.130,3.199,11.200,146.043,0.339,True,0.000,0.457,0.100,0.010
2026-03-24,空,02:00,4448.380,4421.890,2026-03-24 03:19:00,4411.840,4448.380,36.540,2026-03-24 23:24:00,4448.380,停損,-36.660,-1.003,36.540,1.000,642.000,105.720,2.893,20.083,186.082,0.142,True,0.011,0.556,0.120,0.010
2026-03-24,空,02:30,4446.680,4368.690,2026-03-24 03:39:00,4349.210,4446.680,97.470,2026-03-24 23:24:00,4446.680,停損,-97.570,-1.001,97.470,1.000,622.000,43.090,0.442,19.750,186.082,0.419,True,0.011,0.500,0.100,0.010
2026-03-24,空,03:00,4446.680,4331.530,2026-03-24 04:44:00,4321.660,4446.680,125.020,2026-03-24 23:24:00,4446.680,停損,-125.120,-1.001,125.020,1.000,557.000,15.540,0.124,18.667,186.082,0.619,True,0.011,0.357,0.100,0.010
2026-03-24,空,03:30,4387.420,4328.570,2026-03-24 04:49:00,4314.540,4387.420,72.880,2026-03-24 09:22:00,4387.420,停損,-72.990,-1.002,72.880,1.000,57.000,8.420,0.116,4.550,186.082,0.316,True,0.011,0.333,0.110,0.010
2026-03-24,空,05:30,4379.330,4344.610,2026-03-24 07:19:00,4330.220,4379.330,49.110,2026-03-24 09:22:00,4379.330,停損,-49.230,-1.002,49.110,1.000,122.000,10.310,0.210,2.050,186.082,0.187,True,0.011,0.200,0.120,0.010
2026-03-24,多,07:30,4349.300,4319.910,2026-03-24 08:49:00,4363.270,4319.910,43.360,2026-03-24 23:57:00,4476.780,收盤,113.400,2.615,20.270,0.467,11.000,120.720,2.784,15.133,186.082,0.158,False,0.005,0.516,0.110,0.010
2026-03-24,多,07:00,4357.280,4326.550,2026-03-24 09:09:00,4369.290,4326.550,42.740,2026-03-24 23:57:00,4476.780,收盤,107.390,2.513,17.750,0.415,451.000,114.700,2.684,14.800,186.082,0.165,False,0.005,0.500,0.100,0.010
2026-03-24,多,06:00,4368.250,4335.110,2026-03-24 09:24:00,4385.650,4335.110,50.540,2026-03-24 23:57:00,4476.780,收盤,91.030,1.801,34.110,0.675,436.000,98.340,1.946,14.550,186.082,0.178,False,0.005,0.485,0.100,0.010
2026-03-24,多,08:30,4396.950,4321.250,2026-03-24 10:04:00,4408.460,4321.250,87.210,2026-03-24 23:57:00,4476.780,收盤,68.220,0.782,56.920,0.653,396.000,75.530,0.866,13.883,186.082,0.407,False,0.005,0.444,0.100,0.010
2026-03-24,多,09:00,4405.180,4343.000,2026-03-24 10:09:00,4415.420,4343.000,72.420,2026-03-24 23:57:00,4476.780,收盤,61.260,0.846,63.880,0.882,391.000,68.570,0.947,13.800,186.082,0.334,False,0.005,0.444,0.100,0.010
2026-03-25,多,02:00,4551.640,4472.630,2026-03-25 03:39:00,4566.320,4472.630,93.690,2026-03-25 23:57:00,4505.760,收盤,-60.660,-0.647,79.380,0.847,1112.000,36.270,0.387,20.300,191.797,0.412,True,0.052,0.200,0.100,0.010
2026-03-25,多,02:30,4557.000,4504.990,2026-03-25 03:44:00,4567.860,4504.990,62.870,2026-03-25 22:09:00,4504.990,停損,-62.970,-1.002,62.870,1.000,1104.000,34.730,0.552,18.417,191.797,0.271,True,0.052,0.200,0.100,0.010
2026-03-25,多,03:00,4572.070,4537.550,2026-03-25 04:34:00,4584.630,4537.550,47.080,2026-03-25 09:13:00,4537.550,停損,-47.200,-1.003,47.080,1.000,276.000,17.960,0.381,4.650,191.797,0.180,True,0.052,0.143,0.120,0.010
2026-03-25,多,03:30,4578.760,4546.890,2026-03-25 04:39:00,4588.540,4546.890,41.650,2026-03-25 09:02:00,4546.890,停損,-41.750,-1.002,41.650,1.000,233.000,14.050,0.337,4.383,191.797,0.166,True,0.052,0.143,0.100,0.010
2026-03-25,空,04:30,4601.060,4574.270,2026-03-25 08:19:00,4564.610,4601.060,36.450,2026-03-25 23:57:00,4505.760,收盤,58.740,1.612,20.820,0.571,378.000,77.670,2.131,15.633,191.797,0.140,False,0.005,0.655,0.110,0.010
2026-03-25,空,05:30,4602.590,4571.960,2026-03-25 08:29:00,4554.790,4602.590,47.800,2026-03-25 23:57:00,4505.760,收盤,48.930,1.024,30.640,0.641,368.000,67.850,1.419,15.467,191.797,0.160,False,0.005,0.655,0.100,0.010
2026-03-25,空,07:30,4574.440,4554.110,2026-03-25 09:09:00,4540.770,4574.440,33.670,2026-03-25 14:22:00,4574.440,停損,-33.770,-1.003,33.670,1.000,312.000,13.020,0.387,5.217,191.797,0.106,False,0.005,0.594,0.100,0.010
2026-03-25,空,08:00,4573.350,4549.490,2026-03-25 09:14:00,4534.510,4573.350,38.840,2026-03-25 14:22:00,4573.350,停損,-38.940,-1.003,38.840,1.000,307.000,6.760,0.174,5.133,191.797,0.124,False,0.005,0.594,0.100,0.010
2026-03-25,多,10:30,4567.800,4535.950,2026-03-25 14:24:00,4582.060,4535.950,46.110,2026-03-25 15:31:00,4535.950,停損,-46.210,-1.002,46.110,1.000,66.000,3.370,0.073,1.117,191.797,0.166,True,0.052,0.038,0.100,0.010
2026-03-26,多,02:00,4518.170,4489.040,2026-03-26 03:49:00,4535.110,4489.040,46.070,2026-03-26 08:30:00,4489.040,停損,-46.190,-1.003,46.070,1.000,279.000,9.140,0.198,4.683,199.067,0.146,True,0.010,0.545,0.120,0.010
2026-03-26,空,03:30,4544.250,4524.680,2026-03-26 05:39:00,4514.410,4544.250,29.840,2026-03-26 23:57:00,4380.840,收盤,133.470,4.473,9.910,0.332,130.000,163.250,5.471,18.300,199.067,0.098,False,0.025,0.667,0.100,0.020
2026-03-26,空,04:00,4544.250,4522.630,2026-03-26 05:59:00,4508.970,4544.250,35.280,2026-03-26 23:57:00,4380.840,收盤,128.010,3.628,15.350,0.435,110.000,157.810,4.473,17.967,199.067,0.109,False,0.025,0.632,0.120,0.010
2026-03-26,空,05:00,4535.840,4505.810,2026-03-26 08:29:00,4493.670,4535.840,42.170,2026-03-26 23:57:00,4380.840,收盤,112.730,2.673,2.100,0.050,8.000,142.510,3.379,15.467,199.067,0.151,False,0.025,0.414,0.100,0.010
2026-03-26,空,05:30,4530.670,4500.050,2026-03-26 08:44:00,4483.170,4530.670,47.500,2026-03-26 23:57:00,4380.840,收盤,102.230,2.152,1.070,0.023,1.000,132.010,2.779,15.217,199.067,0.154,False,0.025,0.400,0.100,0.010
2026-03-26,空,07:30,4524.320,4489.100,2026-03-26 08:49:00,4473.260,4524.320,51.060,2026-03-26 23:57:00,4380.840,收盤,92.320,1.808,6.110,0.120,531.000,122.100,2.391,15.133,199.067,0.177,False,0.025,0.387,0.100,0.010
2026-03-26,空,08:00,4522.300,4439.070,2026-03-26 09:14:00,4420.980,4522.300,101.320,2026-03-26 23:57:00,4380.840,收盤,40.040,0.395,58.390,0.576,506.000,69.820,0.689,14.717,199.067,0.418,False,0.025,0.375,0.100,0.010
2026-03-26,空,10:00,4463.940,4439.090,2026-03-26 11:29:00,4428.400,4463.940,35.540,2026-03-26 17:22:00,4463.940,停損,-35.640,-1.003,35.540,1.000,347.000,15.600,0.439,5.883,199.067,0.125,False,0.025,0.293,0.100,0.010
2026-03-26,空,09:30,4460.610,4430.670,2026-03-26 11:44:00,4420.170,4460.610,40.440,2026-03-26 17:16:00,4460.610,停損,-40.540,-1.002,40.440,1.000,301.000,5.520,0.136,5.533,199.067,0.150,False,0.025,0.286,0.100,0.010
2026-03-27,多,03:30,4406.610,4375.590,2026-03-27 04:39:00,4417.020,4375.590,41.430,2026-03-27 23:56:00,4495.580,收盤,78.440,1.893,12.610,0.304,568.000,138.360,3.340,19.283,204.713,0.152,False,0.010,0.786,0.120,0.010
2026-03-27,多,02:30,4411.150,4382.680,2026-03-27 05:04:00,4430.460,4382.680,47.780,2026-03-27 23:56:00,4495.580,收盤,65.020,1.361,26.050,0.545,543.000,124.920,2.614,18.867,204.713,0.139,False,0.010,0.688,0.100,0.010
2026-03-27,多,04:00,4420.560,4377.420,2026-03-27 05:09:00,4435.750,4377.420,58.330,2026-03-27 23:56:00,4495.580,收盤,59.730,1.024,31.340,0.537,538.000,119.630,2.051,18.783,204.713,0.211,False,0.010,0.688,0.100,0.010
2026-03-27,多,05:00,4440.620,4417.120,2026-03-27 08:34:00,4459.410,4417.120,42.290,2026-03-27 13:42:00,4417.120,停損,-42.400,-1.003,42.290,1.000,307.000,15.710,0.371,5.133,204.713,0.115,False,0.010,0.367,0.110,0.010
2026-03-27,多,07:00,4449.570,4431.470,2026-03-27 08:39:00,4473.870,4431.470,42.400,2026-03-27 11:27:00,4431.470,停損,-42.510,-1.003,42.400,1.000,167.000,1.250,0.029,2.800,204.713,0.088,False,0.010,0.367,0.110,0.010
2026-03-27,空,08:30,4475.120,4442.950,2026-03-27 11:34:00,4431.170,4475.120,43.950,2026-03-27 17:47:00,4475.120,停損,-44.050,-1.002,43.950,1.000,372.000,26.760,0.609,6.217,204.713,0.157,True,0.015,0.714,0.100,0.010
2026-03-27,空,08:00,4475.120,4440.520,2026-03-27 11:59:00,4424.160,4475.120,50.960,2026-03-27 17:47:00,4475.120,停損,-51.060,-1.002,50.960,1.000,347.000,19.750,0.388,5.800,204.713,0.169,True,0.015,0.698,0.100,0.010
2026-03-31,多,03:00,4548.110,4482.710,2026-03-31 04:19:00,4569.030,4482.710,86.320,2026-03-31 23:57:00,4668.230,收盤,99.100,1.148,39.380,0.456,561.000,118.200,1.369,19.633,219.868,0.297,True,0.045,0.692,0.100,0.010
2026-03-31,多,03:30,4585.810,4506.580,2026-03-31 04:44:00,4617.590,4506.580,111.010,2026-03-31 23:57:00,4668.230,收盤,50.540,0.455,87.940,0.792,536.000,69.640,0.627,19.217,219.868,0.360,True,0.045,0.643,0.100,0.010
2026-03-31,空,04:30,4619.410,4577.560,2026-03-31 06:19:00,4563.980,4619.410,55.430,2026-03-31 17:02:00,4619.410,停損,-55.530,-1.002,55.430,1.000,642.000,34.330,0.619,10.717,219.868,0.190,False,0.000,0.714,0.100,0.010
2026-03-31,空,05:00,4607.520,4565.720,2026-03-31 06:44:00,4552.400,4607.520,55.120,2026-03-31 16:54:00,4607.520,停損,-55.220,-1.002,55.120,1.000,609.000,22.750,0.413,10.167,219.868,0.190,False,0.000,0.682,0.100,0.010
2026-03-31,空,10:30,4573.480,4551.980,2026-03-31 13:39:00,4534.220,4573.480,39.260,2026-03-31 14:21:00,4573.480,停損,-39.360,-1.003,39.260,1.000,41.000,4.570,0.116,0.700,219.868,0.098,False,0.000,0.300,0.100,0.010
2026-04-01,空,03:00,4722.540,4693.560,2026-04-01 05:39:00,4680.450,4722.540,42.090,2026-04-01 09:48:00,4722.540,停損,-42.190,-1.002,42.090,1.000,248.000,13.340,0.317,4.150,233.224,0.124,False,0.009,0.667,0.100,0.010
2026-04-01,空,03:30,4724.220,4689.680,2026-04-01 07:04:00,4676.700,4724.220,47.520,2026-04-01 09:48:00,4724.220,停損,-47.620,-1.002,47.520,1.000,163.000,9.590,0.202,2.733,233.224,0.148,False,0.009,0.500,0.100,0.010
2026-04-01,空,04:00,4724.220,4681.510,2026-04-01 07:19:00,4668.910,4724.220,55.310,2026-04-01 09:48:00,4724.220,停損,-55.410,-1.002,55.310,1.000,148.000,0.250,0.005,2.483,233.224,0.183,False,0.009,0.480,0.100,0.010
2026-04-02,空,02:00,4800.380,4773.690,2026-04-02 04:04:00,4744.220,4800.380,56.160,2026-04-02 23:57:00,4675.720,收盤,68.400,1.218,20.530,0.366,7.000,190.090,3.385,19.883,225.405,0.118,False,0.009,0.500,0.100,0.010
2026-04-02,空,03:30,4796.120,4687.130,2026-04-02 05:34:00,4670.220,4796.120,125.900,2026-04-02 23:57:00,4675.720,收盤,-5.600,-0.044,29.460,0.234,729.000,116.090,0.922,18.383,225.405,0.484,False,0.009,0.333,0.100,0.010
2026-04-02,空,06:00,4699.380,4675.760,2026-04-02 07:44:00,4661.900,4699.380,37.480,2026-04-02 17:43:00,4699.380,停損,-37.580,-1.003,37.480,1.000,593.000,107.770,2.875,9.983,225.405,0.105,False,0.009,0.231,0.100,0.010
2026-04-02,空,06:30,4692.690,4662.370,2026-04-02 08:39:00,4646.600,4692.690,46.090,2026-04-02 17:36:00,4692.690,停損,-46.190,-1.002,46.090,1.000,536.000,92.470,2.006,8.950,225.405,0.135,False,0.009,0.200,0.100,0.010
2026-04-02,空,05:00,4704.220,4655.560,2026-04-02 08:44:00,4634.180,4704.220,70.040,2026-04-02 23:57:00,4675.720,收盤,-41.640,-0.595,65.500,0.935,539.000,80.050,1.143,15.217,225.405,0.216,False,0.009,0.200,0.100,0.010
2026-04-02,空,08:00,4680.590,4586.190,2026-04-02 09:09:00,4567.980,4680.590,112.610,2026-04-02 17:35:00,4680.590,停損,-112.710,-1.001,112.610,1.000,495.000,13.850,0.123,8.433,225.405,0.419,False,0.009,0.188,0.100,0.010
2026-04-16,多,04:30,4825.590,4811.310,2026-04-16 08:04:00,4836.540,4811.310,25.230,2026-04-16 11:05:00,4811.310,停損,-25.360,-1.005,25.230,1.000,180.000,1.790,0.071,3.017,205.591,0.069,False,0.010,0.000,0.130,0.020
2026-04-17,多,04:30,4794.350,4767.810,2026-04-17 07:59:00,4803.250,4767.810,35.440,2026-04-17 23:56:00,4832.520,收盤,29.140,0.822,24.420,0.689,171.000,86.110,2.430,15.950,168.373,0.158,False,0.000,0.519,0.130,0.010
2026-04-21,空,02:00,4831.800,4819.900,2026-04-21 04:54:00,4809.680,4831.800,22.120,2026-04-21 23:57:00,4718.810,收盤,90.740,4.102,0.940,0.042,5.000,141.180,6.382,19.050,157.631,0.075,False,0.006,0.067,0.130,0.020
2026-04-21,空,03:00,4830.820,4816.980,2026-04-21 05:04:00,4807.120,4830.820,23.700,2026-04-21 23:57:00,4718.810,收盤,88.180,3.721,3.310,0.140,3.000,138.620,5.849,18.883,157.631,0.088,False,0.006,0.062,0.130,0.020
2026-04-21,空,03:30,4826.250,4813.210,2026-04-21 05:34:00,4803.680,4826.250,22.570,2026-04-21 23:57:00,4718.810,收盤,84.740,3.755,4.440,0.197,24.000,135.180,5.989,18.383,157.631,0.083,False,0.006,0.056,0.130,0.020
2026-04-21,空,04:00,4824.640,4805.850,2026-04-21 06:19:00,4797.750,4824.640,26.890,2026-04-21 23:57:00,4718.810,收盤,78.810,2.931,2.240,0.083,12.000,129.250,4.807,17.633,157.631,0.119,False,0.006,0.048,0.130,0.020
2026-04-21,空,04:30,4818.970,4803.610,2026-04-21 06:24:00,4794.360,4818.970,24.610,2026-04-21 23:57:00,4718.810,收盤,75.420,3.065,5.630,0.229,7.000,125.860,5.114,17.550,157.631,0.097,False,0.006,0.048,0.130,0.020
2026-04-21,空,05:30,4808.120,4793.720,2026-04-21 08:59:00,4784.140,4808.120,23.980,2026-04-21 23:57:00,4718.810,收盤,65.200,2.719,13.860,0.578,349.000,115.640,4.822,14.967,157.631,0.091,False,0.006,0.032,0.130,0.020
2026-04-21,空,06:30,4799.990,4791.310,2026-04-21 09:04:00,4782.740,4799.990,17.250,2026-04-21 23:57:00,4718.810,收盤,63.800,3.699,15.260,0.885,344.000,114.240,6.623,14.883,157.631,0.055,False,0.006,0.031,0.130,0.030
2026-04-21,空,07:00,4797.910,4788.790,2026-04-21 09:19:00,4780.550,4797.910,17.360,2026-04-21 14:48:00,4797.910,停損,-17.490,-1.007,17.360,1.000,328.000,7.730,0.445,5.483,157.631,0.058,False,0.006,0.030,0.130,0.030
2026-04-21,空,07:30,4794.330,4785.880,2026-04-21 09:49:00,4777.820,4794.330,16.510,2026-04-21 14:42:00,4794.330,停損,-16.640,-1.008,16.510,1.000,292.000,5.000,0.303,4.883,157.631,0.054,False,0.006,0.029,0.130,0.030
2026-04-21,空,08:00,4796.980,4783.360,2026-04-21 10:04:00,4774.720,4796.980,22.260,2026-04-21 14:48:00,4796.980,停損,-22.390,-1.006,22.260,1.000,283.000,0.100,0.004,4.733,157.631,0.086,False,0.006,0.028,0.130,0.020
2026-04-22,多,02:00,4740.570,4718.120,2026-04-22 04:34:00,4748.330,4718.120,30.210,2026-04-22 23:57:00,4739.450,收盤,-9.010,-0.298,24.400,0.808,896.000,24.010,0.795,19.383,154.774,0.145,False,0.006,0.214,0.130,0.020
2026-04-22,多,02:30,4747.400,4728.950,2026-04-22 05:14:00,4755.690,4728.950,26.740,2026-04-22 18:35:00,4728.950,停損,-26.870,-1.005,26.740,1.000,783.000,16.650,0.623,13.350,154.774,0.119,False,0.006,0.188,0.130,0.020
2026-04-22,多,03:30,4749.040,4735.980,2026-04-22 05:19:00,4757.640,4735.980,21.660,2026-04-22 17:32:00,4735.980,停損,-21.790,-1.006,21.660,1.000,659.000,14.700,0.679,12.217,154.774,0.084,False,0.006,0.176,0.130,0.020
2026-04-22,多,04:00,4754.700,4735.980,2026-04-22 06:29:00,4763.180,4735.980,27.200,2026-04-22 17:32:00,4735.980,停損,-27.330,-1.005,27.200,1.000,589.000,9.160,0.337,11.050,154.774,0.121,False,0.006,0.143,0.130,0.020
2026-04-22,多,04:30,4758.150,4746.350,2026-04-22 08:19:00,4768.570,4746.350,22.220,2026-04-22 13:13:00,4746.350,停損,-22.350,-1.006,22.220,1.000,293.000,3.770,0.170,4.900,154.774,0.076,False,0.006,0.103,0.130,0.020
2026-04-23,空,02:00,4729.970,4723.570,2026-04-23 03:09:00,4715.400,4729.970,14.570,2026-04-23 03:20:00,4729.970,停損,-14.700,-1.009,14.570,1.000,10.000,21.080,1.447,0.183,142.464,0.045,False,0.056,0.000,0.130,0.030
2026-04-23,空,03:30,4753.580,4727.280,2026-04-23 05:09:00,4714.460,4753.580,39.120,2026-04-23 23:57:00,4692.940,收盤,21.390,0.547,28.690,0.733,649.000,50.210,1.283,18.800,142.464,0.185,False,0.014,0.688,0.130,0.010
2026-04-23,空,09:00,4721.280,4708.580,2026-04-23 12:04:00,4696.820,4721.280,24.460,2026-04-23 15:00:00,4721.280,停損,-24.590,-1.005,24.460,1.000,175.000,12.490,0.511,2.933,142.464,0.089,False,0.014,0.250,0.130,0.020
2026-04-23,空,09:30,4721.280,4703.080,2026-04-23 12:09:00,4695.480,4721.280,25.800,2026-04-23 15:00:00,4721.280,停損,-25.930,-1.005,25.800,1.000,170.000,11.150,0.432,2.850,142.464,0.128,False,0.014,0.250,0.130,0.020
2026-04-24,多,02:00,4700.820,4686.990,2026-04-24 04:14:00,4709.410,4686.990,22.420,2026-04-24 05:24:00,4686.990,停損,-22.550,-1.006,22.420,1.000,68.000,1.710,0.076,1.167,135.327,0.102,False,0.022,0.417,0.130,0.020
2026-04-24,空,03:00,4707.960,4691.050,2026-04-24 05:29:00,4683.730,4707.960,24.230,2026-04-24 14:23:00,4707.960,停損,-24.360,-1.005,24.230,1.000,533.000,25.910,1.069,8.900,135.327,0.125,True,0.007,0.765,0.130,0.020
2026-04-24,空,04:00,4711.120,4690.370,2026-04-24 05:39:00,4683.580,4711.120,27.540,2026-04-24 14:24:00,4711.120,停損,-27.670,-1.005,27.540,1.000,524.000,25.760,0.935,8.750,135.327,0.153,True,0.007,0.722,0.130,0.020
2026-04-24,空,04:30,4702.400,4682.160,2026-04-24 06:04:00,4672.720,4702.400,29.680,2026-04-24 14:07:00,4702.400,停損,-29.810,-1.004,29.680,1.000,317.000,14.900,0.502,8.050,135.327,0.150,True,0.007,0.650,0.130,0.020
2026-04-24,空,05:00,4700.690,4673.220,2026-04-24 07:24:00,4661.770,4700.690,38.920,2026-04-24 14:07:00,4700.690,停損,-39.050,-1.003,38.920,1.000,237.000,3.950,0.101,6.717,135.327,0.203,True,0.007,0.520,0.130,0.010
2026-04-24,多,08:00,4687.360,4669.660,2026-04-24 10:59:00,4694.470,4669.660,24.810,2026-04-24 23:56:00,4707.400,收盤,12.800,0.516,19.780,0.797,156.000,45.840,1.848,12.950,135.327,0.131,False,0.015,0.667,0.130,0.020
2026-04-24,多,08:30,4688.060,4670.100,2026-04-24 12:14:00,4695.360,4670.100,25.260,2026-04-24 23:56:00,4707.400,收盤,11.910,0.471,20.670,0.818,81.000,44.950,1.779,11.700,135.327,0.133,False,0.015,0.591,0.130,0.020
2026-04-28,空,04:30,4691.540,4666.660,2026-04-28 08:09:00,4653.910,4691.540,37.630,2026-04-28 23:57:00,4596.480,收盤,57.300,1.523,5.680,0.151,14.000,98.950,2.630,15.800,116.287,0.214,True,0.017,0.286,0.130,0.010
2026-04-28,空,07:30,4669.970,4649.040,2026-04-28 08:39:00,4638.130,4669.970,31.840,2026-04-28 23:57:00,4596.480,收盤,41.520,1.304,4.840,0.152,29.000,83.170,2.612,15.300,116.287,0.180,True,0.017,0.267,0.130,0.020
2026-04-28,空,08:30,4658.560,4623.470,2026-04-28 12:24:00,4616.150,4658.560,42.410,2026-04-28 23:57:00,4596.480,收盤,19.540,0.461,3.000,0.071,6.000,61.190,1.443,11.550,116.287,0.302,True,0.017,0.178,0.130,0.010
2026-04-28,空,10:00,4639.430,4620.650,2026-04-28 12:34:00,4611.850,4639.430,27.580,2026-04-28 23:57:00,4596.480,收盤,15.240,0.553,4.720,0.171,46.000,56.890,2.063,11.383,116.287,0.161,True,0.017,0.174,0.130,0.020
2026-04-28,空,10:30,4635.300,4614.670,2026-04-28 12:59:00,4604.780,4635.300,30.520,2026-04-28 23:57:00,4596.480,收盤,8.170,0.268,11.790,0.386,21.000,49.820,1.632,10.967,116.287,0.177,True,0.017,0.170,0.130,0.020
2026-04-29,多,02:00,4596.200,4587.990,2026-04-29 03:04:00,4606.590,4587.990,18.600,2026-04-29 04:02:00,4587.990,停損,-18.730,-1.007,18.600,1.000,57.000,3.750,0.202,0.967,106.308,0.077,False,0.009,0.750,0.130,0.030
2026-04-29,空,02:30,4610.340,4587.990,2026-04-29 04:04:00,4582.630,4610.340,27.710,2026-04-29 23:57:00,4543.510,收盤,38.990,1.407,25.100,0.906,239.000,72.380,2.612,19.883,106.308,0.210,True,0.028,0.667,0.130,0.020
2026-04-29,空,08:00,4607.730,4590.800,2026-04-29 09:24:00,4584.700,4607.730,23.030,2026-04-29 23:57:00,4543.510,收盤,41.060,1.783,4.200,0.182,40.000,74.450,3.233,14.550,106.308,0.159,True,0.028,0.242,0.130,0.020
2026-04-29,空,08:30,4603.250,4581.380,2026-04-29 10:24:00,4575.600,4603.250,27.650,2026-04-29 23:57:00,4543.510,收盤,31.960,1.156,5.190,0.188,116.000,65.350,2.363,13.550,106.308,0.206,True,0.028,0.216,0.130,0.020
2026-04-29,空,09:00,4598.690,4580.850,2026-04-29 10:29:00,4575.260,4598.690,23.430,2026-04-29 23:57:00,4543.510,收盤,31.620,1.350,5.530,0.236,111.000,65.010,2.775,13.467,106.308,0.168,True,0.028,0.216,0.130,0.020
2026-04-29,空,09:30,4588.900,4569.690,2026-04-29 11:34:00,4562.450,4588.900,26.450,2026-04-29 23:57:00,4543.510,收盤,18.810,0.711,18.340,0.693,46.000,52.200,1.974,12.383,106.308,0.181,True,0.028,0.190,0.130,0.020
2026-04-29,空,10:00,4588.900,4567.310,2026-04-29 12:44:00,4559.000,4588.900,29.900,2026-04-29 23:57:00,4543.510,收盤,15.360,0.514,17.630,0.590,48.000,48.750,1.630,11.217,106.308,0.203,True,0.028,0.174,0.130,0.020
2026-04-30,多,02:00,4562.000,4549.750,2026-04-30 03:44:00,4566.970,4549.750,17.220,2026-04-30 07:23:00,4549.750,停損,-17.350,-1.008,17.220,1.000,218.000,15.500,0.900,3.650,98.453,0.124,False,0.071,0.000,0.130,0.030
2026-04-30,多,02:30,4568.560,4551.500,2026-04-30 04:29:00,4579.880,4551.500,28.380,2026-04-30 07:03:00,4551.500,停損,-28.510,-1.005,28.380,1.000,152.000,2.590,0.091,2.567,98.453,0.173,False,0.071,0.000,0.130,0.020
2026-04-30,空,04:00,4582.470,4564.600,2026-04-30 06:39:00,4558.960,4582.470,23.510,2026-04-30 09:52:00,4582.470,停損,-23.640,-1.006,23.510,1.000,192.000,18.070,0.769,3.217,98.453,0.182,True,0.010,0.682,0.130,0.020
2026-04-30,空,03:30,4581.050,4562.300,2026-04-30 06:54:00,4557.370,4581.050,23.680,2026-04-30 09:52:00,4581.050,停損,-23.810,-1.005,23.680,1.000,177.000,16.480,0.696,2.967,98.453,0.190,True,0.010,0.652,0.130,0.020
2026-04-30,空,05:00,4581.940,4559.930,2026-04-30 07:04:00,4553.530,4581.940,28.410,2026-04-30 09:52:00,4581.940,停損,-28.540,-1.005,28.410,1.000,167.000,12.640,0.445,2.800,98.453,0.224,True,0.010,0.625,0.130,0.020
2026-04-30,空,06:00,4569.130,4555.750,2026-04-30 07:24:00,4550.140,4569.130,18.990,2026-04-30 08:51:00,4569.130,停損,-19.120,-1.007,18.990,1.000,85.000,9.250,0.487,1.450,98.453,0.136,True,0.010,0.600,0.130,0.030
2026-04-30,多,07:00,4557.010,4540.890,2026-04-30 08:34:00,4562.300,4540.890,21.410,2026-04-30 23:57:00,4620.620,收盤,58.190,2.718,2.100,0.098,29.000,84.590,3.951,15.383,98.453,0.164,False,0.010,0.000,0.130,0.020
2026-04-30,多,07:30,4559.040,4540.890,2026-04-30 08:39:00,4565.730,4540.890,24.840,2026-04-30 23:57:00,4620.620,收盤,54.760,2.205,5.530,0.223,24.000,81.160,3.267,15.300,98.453,0.184,False,0.010,0.000,0.130,0.020
2026-04-30,多,06:30,4563.970,4545.930,2026-04-30 09:24:00,4570.960,4545.930,25.030,2026-04-30 23:57:00,4620.620,收盤,49.530,1.979,3.850,0.154,2.000,75.930,3.034,14.550,98.453,0.183,False,0.010,0.000,0.130,0.020
2026-04-30,多,08:00,4569.640,4541.970,2026-04-30 09:34:00,4577.030,4541.970,35.060,2026-04-30 23:57:00,4620.620,收盤,43.460,1.240,4.900,0.140,7.000,69.860,1.993,14.383,98.453,0.281,False,0.010,0.000,0.130,0.010
2026-04-30,多,09:00,4591.590,4560.200,2026-04-30 10:44:00,4596.750,4560.200,36.550,2026-04-30 23:57:00,4620.620,收盤,23.740,0.650,3.250,0.089,2.000,50.140,1.372,13.217,98.453,0.319,False,0.010,0.000,0.130,0.010
2026-04-30,多,09:30,4595.410,4569.510,2026-04-30 10:49:00,4600.660,4569.510,31.150,2026-04-30 23:57:00,4620.620,收盤,19.830,0.637,4.040,0.130,10.000,46.230,1.484,13.133,98.453,0.263,False,0.010,0.000,0.130,0.020
2026-04-30,多,10:00,4605.500,4584.880,2026-04-30 11:04:00,4626.460,4584.880,41.580,2026-04-30 23:57:00,4620.620,收盤,-5.970,-0.144,21.040,0.506,533.000,20.430,0.491,12.883,98.453,0.209,False,0.010,0.000,0.130,0.010
2026-04-30,多,10:30,4629.670,4588.070,2026-04-30 13:29:00,4643.650,4588.070,55.580,2026-04-30 23:57:00,4620.620,收盤,-23.160,-0.417,38.230,0.688,388.000,3.240,0.058,10.467,98.453,0.423,False,0.010,0.000,0.130,0.010
2026-05-01,空,02:00,4634.040,4626.390,2026-05-01 03:39:00,4621.120,4634.040,12.920,2026-05-01 05:12:00,4634.040,停損,-13.050,-1.010,12.920,1.000,92.000,7.170,0.555,1.550,102.692,0.074,False,0.010,0.000,0.130,0.040
2026-05-01,空,02:30,4634.040,4620.810,2026-05-01 04:19:00,4614.690,4634.040,19.350,2026-05-01 05:12:00,4634.040,停損,-19.480,-1.007,19.350,1.000,52.000,0.740,0.038,0.883,102.692,0.129,False,0.010,0.000,0.130,0.030
2026-05-01,空,04:30,4636.020,4616.130,2026-05-01 07:49:00,4610.880,4636.020,25.140,2026-05-01 17:00:00,4636.020,停損,-25.270,-1.005,25.140,1.000,546.000,50.560,2.011,9.183,102.692,0.194,False,0.010,0.630,0.130,0.020
2026-05-01,空,07:00,4628.730,4609.220,2026-05-01 09:09:00,4603.020,4628.730,25.710,2026-05-01 16:55:00,4628.730,停損,-25.840,-1.005,25.710,1.000,465.000,42.700,1.661,7.767,102.692,0.190,False,0.010,0.531,0.130,0.020
2026-05-01,空,07:30,4618.180,4607.600,2026-05-01 09:14:00,4601.540,4618.180,16.640,2026-05-01 16:54:00,4618.180,停損,-16.770,-1.008,16.640,1.000,459.000,41.220,2.477,7.667,102.692,0.103,False,0.010,0.531,0.130,0.030
2026-05-01,空,08:00,4616.170,4602.980,2026-05-01 09:19:00,4596.860,4616.170,19.310,2026-05-01 16:54:00,4616.170,停損,-19.440,-1.007,19.310,1.000,454.000,36.540,1.892,7.583,102.692,0.128,False,0.010,0.515,0.130,0.030
2026-05-01,空,08:30,4615.410,4593.440,2026-05-01 10:34:00,4585.780,4615.410,29.630,2026-05-01 16:53:00,4615.410,停損,-29.760,-1.004,29.630,1.000,378.000,25.460,0.859,6.317,102.692,0.214,False,0.010,0.447,0.130,0.020
2026-05-01,空,09:00,4607.860,4590.870,2026-05-01 10:39:00,4584.960,4607.860,22.900,2026-05-01 16:41:00,4607.860,停損,-23.030,-1.006,22.900,1.000,290.000,24.640,1.076,6.033,102.692,0.165,False,0.010,0.447,0.130,0.020
2026-05-01,空,09:30,4598.100,4585.280,2026-05-01 10:54:00,4579.710,4598.100,18.390,2026-05-01 15:24:00,4598.100,停損,-18.520,-1.007,18.390,1.000,269.000,19.390,1.054,4.500,102.692,0.125,False,0.010,0.436,0.130,0.030
2026-05-01,空,10:00,4598.100,4575.920,2026-05-01 11:24:00,4568.770,4598.100,29.330,2026-05-01 15:24:00,4598.100,停損,-29.460,-1.004,29.330,1.000,239.000,8.450,0.288,4.000,102.692,0.216,False,0.010,0.415,0.130,0.020
2026-05-01,空,10:30,4592.590,4566.500,2026-05-01 12:54:00,4561.040,4592.590,31.550,2026-05-01 15:22:00,4592.590,停損,-31.680,-1.004,31.550,1.000,147.000,0.720,0.023,2.467,102.692,0.254,False,0.010,0.362,0.130,0.020
2026-05-05,多,02:00,4521.600,4516.220,2026-05-05 03:14:00,4527.970,4516.220,11.750,2026-05-05 03:27:00,4516.220,停損,-11.880,-1.011,11.750,1.000,12.000,0.000,0.000,0.217,104.692,0.051,False,0.010,0.375,0.130,0.040
2026-05-05,多,02:30,4528.580,4513.640,2026-05-05 04:04:00,4534.410,4513.640,20.770,2026-05-05 23:57:00,4556.260,收盤,21.720,1.046,6.350,0.306,206.000,52.190,2.513,19.883,104.692,0.143,False,0.019,0.750,0.130,0.020
2026-05-05,多,03:00,4530.410,4513.640,2026-05-05 04:14:00,4538.800,4513.640,25.160,2026-05-05 23:57:00,4556.260,收盤,17.330,0.689,10.740,0.427,196.000,47.800,1.900,19.717,104.692,0.160,False,0.019,0.750,0.130,0.020
2026-05-05,多,07:00,4536.650,4528.060,2026-05-05 08:09:00,4543.110,4528.060,15.050,2026-05-05 23:57:00,4556.260,收盤,13.020,0.865,9.280,0.617,75.000,43.490,2.890,15.800,104.692,0.082,False,0.019,0.321,0.130,0.030
2026-05-05,多,06:30,4539.270,4529.500,2026-05-05 08:34:00,4547.120,4529.500,17.620,2026-05-05 23:57:00,4556.260,收盤,9.010,0.511,13.290,0.754,50.000,39.480,2.241,15.383,104.692,0.093,False,0.019,0.300,0.130,0.030
2026-05-05,多,06:00,4542.710,4532.470,2026-05-05 08:39:00,4548.450,4532.470,15.980,2026-05-05 23:57:00,4556.260,收盤,7.680,0.481,14.620,0.915,45.000,38.150,2.387,15.300,104.692,0.098,False,0.019,0.300,0.130,0.030
2026-05-05,多,07:30,4545.500,4528.060,2026-05-05 10:04:00,4552.950,4528.060,24.890,2026-05-05 23:57:00,4556.260,收盤,3.180,0.128,13.040,0.524,237.000,33.650,1.352,13.883,104.692,0.167,False,0.019,0.250,0.130,0.020
2026-05-05,多,08:00,4551.700,4531.530,2026-05-05 11:54:00,4557.240,4531.530,25.710,2026-05-05 23:57:00,4556.260,收盤,-1.110,-0.043,17.330,0.674,127.000,29.360,1.142,12.050,104.692,0.193,False,0.019,0.209,0.130,0.020
2026-05-05,多,08:30,4552.080,4533.830,2026-05-05 11:59:00,4558.400,4533.830,24.570,2026-05-05 23:57:00,4556.260,收盤,-2.270,-0.092,18.490,0.753,122.000,28.200,1.148,11.967,104.692,0.174,False,0.019,0.209,0.130,0.020
2026-05-06,多,02:00,4595.740,4569.540,2026-05-06 03:24:00,4602.450,4569.540,32.910,2026-05-06 23:57:00,4690.660,收盤,88.080,2.676,2.410,0.073,3.000,120.500,3.662,20.550,95.536,0.274,True,0.000,0.222,0.130,0.020
2026-05-06,多,02:30,4604.240,4579.580,2026-05-06 03:44:00,4610.410,4579.580,30.830,2026-05-06 23:57:00,4690.660,收盤,80.120,2.599,0.830,0.027,29.000,112.540,3.650,20.217,95.536,0.258,True,0.000,0.200,0.130,0.020
2026-05-06,多,03:00,4619.820,4588.290,2026-05-06 04:29:00,4624.990,4588.290,36.700,2026-05-06 23:57:00,4690.660,收盤,65.540,1.786,4.560,0.124,7.000,97.960,2.669,19.467,95.536,0.330,True,0.000,0.154,0.130,0.010
2026-05-06,多,03:30,4625.640,4602.110,2026-05-06 05:09:00,4633.040,4602.110,30.930,2026-05-06 23:57:00,4690.660,收盤,57.490,1.859,6.200,0.200,21.000,89.910,2.907,18.800,95.536,0.246,True,0.000,0.125,0.130,0.020
2026-05-06,多,04:00,4628.640,4609.580,2026-05-06 05:14:00,4633.420,4609.580,23.840,2026-05-06 23:57:00,4690.660,收盤,57.110,2.396,6.580,0.276,16.000,89.530,3.755,18.717,95.536,0.200,True,0.000,0.125,0.130,0.020
2026-05-06,多,04:30,4636.380,4620.430,2026-05-06 06:09:00,4644.740,4620.430,24.310,2026-05-06 23:57:00,4690.660,收盤,45.790,1.884,2.080,0.086,24.000,78.210,3.217,17.800,95.536,0.167,True,0.000,0.100,0.130,0.020
2026-05-06,多,05:00,4641.900,4625.360,2026-05-06 06:14:00,4647.810,4625.360,22.450,2026-05-06 23:57:00,4690.660,收盤,42.720,1.903,5.150,0.229,19.000,75.140,3.347,17.717,95.536,0.173,True,0.000,0.100,0.130,0.020
2026-05-06,多,05:30,4651.190,4626.840,2026-05-06 08:59:00,4663.000,4626.840,36.160,2026-05-06 23:57:00,4690.660,收盤,27.530,0.761,5.860,0.162,7.000,59.950,1.658,14.967,95.536,0.255,True,0.000,0.065,0.130,0.010
2026-05-06,多,08:00,4663.850,4644.670,2026-05-06 09:59:00,4669.260,4644.670,24.590,2026-05-06 23:57:00,4690.660,收盤,21.270,0.865,11.780,0.479,16.000,53.690,2.183,13.967,95.536,0.201,True,0.000,0.057,0.130,0.020
2026-05-06,多,08:30,4666.670,4644.670,2026-05-06 10:49:00,4675.330,4644.670,30.660,2026-05-06 23:57:00,4690.660,收盤,15.200,0.496,14.810,0.483,270.000,47.620,1.553,13.133,95.536,0.230,True,0.000,0.051,0.130,0.020
2026-05-06,多,10:00,4681.840,4657.480,2026-05-06 11:54:00,4697.420,4657.480,39.940,2026-05-06 23:57:00,4690.660,收盤,-6.890,-0.173,36.900,0.924,205.000,25.530,0.639,12.050,95.536,0.255,True,0.000,0.047,0.130,0.010
2026-05-07,空,04:30,4721.350,4701.770,2026-05-07 07:19:00,4695.760,4721.350,25.590,2026-05-07 09:31:00,4721.350,停損,-25.720,-1.005,25.590,1.000,131.000,3.240,0.127,2.200,107.528,0.182,False,0.028,0.600,0.130,0.020
2026-05-07,空,05:00,4718.550,4699.950,2026-05-07 07:34:00,4693.790,4718.550,24.760,2026-05-07 09:31:00,4718.550,停損,-24.890,-1.005,24.760,1.000,116.000,1.270,0.051,1.950,107.528,0.173,False,0.028,0.577,0.130,0.020
2026-05-07,多,08:30,4717.910,4694.940,2026-05-07 09:34:00,4733.240,4694.940,38.300,2026-05-07 20:27:00,4694.940,停損,-38.430,-1.003,38.300,1.000,652.000,31.540,0.823,10.883,107.528,0.214,True,0.000,0.353,0.130,0.010
2026-05-08,多,02:00,4705.600,4684.610,2026-05-08 04:04:00,4712.970,4684.610,28.360,2026-05-08 23:56:00,4715.720,收盤,2.620,0.092,15.800,0.557,381.000,36.430,1.285,19.867,106.542,0.197,False,0.047,0.000,0.130,0.020
2026-05-08,多,02:30,4709.500,4694.000,2026-05-08 04:19:00,4717.510,4694.000,23.510,2026-05-08 23:56:00,4715.720,收盤,-1.920,-0.082,20.340,0.865,366.000,31.890,1.356,19.617,106.542,0.145,False,0.047,0.000,0.130,0.020
2026-05-08,多,03:30,4719.400,4696.220,2026-05-08 05:04:00,4731.840,4696.220,35.620,2026-05-08 23:56:00,4715.720,收盤,-16.250,-0.456,34.670,0.973,321.000,17.560,0.493,18.867,106.542,0.218,False,0.047,0.000,0.130,0.010
2026-05-08,多,05:30,4723.570,4707.030,2026-05-08 06:34:00,4730.650,4707.030,23.620,2026-05-08 10:22:00,4707.030,停損,-23.750,-1.006,23.620,1.000,69.000,3.960,0.168,3.800,106.542,0.155,False,0.047,0.000,0.130,0.020
2026-05-08,多,07:00,4723.320,4709.070,2026-05-08 08:49:00,4728.850,4709.070,19.780,2026-05-08 10:22:00,4709.070,停損,-19.910,-1.007,19.780,1.000,92.000,5.760,0.291,1.550,106.542,0.134,False,0.047,0.000,0.130,0.030
2026-05-12,空,02:30,4773.540,4751.690,2026-05-12 04:04:00,4743.710,4773.540,29.830,2026-05-12 23:57:00,4715.080,收盤,28.500,0.955,9.300,0.312,6.000,105.320,3.531,19.883,109.294,0.200,False,0.037,0.750,0.130,0.020
2026-05-12,空,02:00,4769.550,4746.160,2026-05-12 04:29:00,4735.200,4769.550,34.350,2026-05-12 23:57:00,4715.080,收盤,19.990,0.582,3.700,0.108,3.000,96.810,2.818,19.467,109.294,0.214,False,0.037,0.692,0.130,0.010
2026-05-12,空,03:30,4763.860,4733.870,2026-05-12 04:39:00,4724.730,4763.860,39.130,2026-05-12 23:57:00,4715.080,收盤,9.520,0.243,9.210,0.235,33.000,86.340,2.206,19.300,109.294,0.274,False,0.037,0.643,0.130,0.010
2026-05-12,空,04:00,4755.570,4720.380,2026-05-12 07:54:00,4713.560,4755.570,42.010,2026-05-12 23:57:00,4715.080,收盤,-1.650,-0.039,8.590,0.204,37.000,75.170,1.789,16.050,109.294,0.322,False,0.037,0.333,0.130,0.010
2026-05-12,空,06:00,4733.290,4718.180,2026-05-12 08:09:00,4711.150,4733.290,22.140,2026-05-12 23:57:00,4715.080,收盤,-4.060,-0.183,11.000,0.497,22.000,72.760,3.286,15.800,109.294,0.138,False,0.037,0.321,0.130,0.020
2026-05-12,空,07:00,4730.410,4711.160,2026-05-12 09:09:00,4704.680,4730.410,25.730,2026-05-12 23:57:00,4715.080,收盤,-10.530,-0.409,14.670,0.570,831.000,66.290,2.576,14.800,109.294,0.176,False,0.037,0.281,0.130,0.020
2026-05-12,空,07:30,4726.440,4708.770,2026-05-12 09:24:00,4698.560,4726.440,27.880,2026-05-12 23:57:00,4715.080,收盤,-16.650,-0.597,20.790,0.746,816.000,60.170,2.158,14.550,109.294,0.162,False,0.037,0.273,0.130,0.020
2026-05-12,空,10:30,4706.820,4695.620,2026-05-12 13:39:00,4686.550,4706.820,20.270,2026-05-12 14:46:00,4706.820,停損,-20.400,-1.006,20.270,1.000,66.000,1.310,0.065,1.117,109.294,0.102,False,0.037,0.180,0.130,0.020
2026-05-13,空,03:00,4726.850,4714.170,2026-05-13 04:19:00,4706.590,4726.850,20.260,2026-05-13 23:57:00,4688.680,收盤,17.780,0.878,8.850,0.437,299.000,37.110,1.832,19.633,108.163,0.117,True,0.000,0.615,0.130,0.020
2026-05-13,空,03:30,4725.250,4702.930,2026-05-13 05:34:00,4696.260,4725.250,28.990,2026-05-13 23:57:00,4688.680,收盤,7.450,0.257,19.180,0.662,224.000,26.780,0.924,18.383,108.163,0.206,True,0.000,0.444,0.130,0.020
2026-05-13,空,04:00,4717.080,4701.180,2026-05-13 05:39:00,4695.000,4717.080,22.080,2026-05-13 23:57:00,4688.680,收盤,6.190,0.280,20.440,0.926,219.000,25.520,1.156,18.300,108.163,0.147,True,0.000,0.444,0.130,0.020
2026-05-13,多,05:30,4700.760,4687.670,2026-05-13 08:04:00,4706.520,4687.670,18.850,2026-05-13 12:22:00,4687.670,停損,-18.980,-1.007,18.850,1.000,257.000,8.920,0.473,4.300,108.163,0.121,False,0.009,0.679,0.130,0.030
2026-05-13,多,07:00,4703.430,4695.520,2026-05-13 09:04:00,4709.720,4695.520,14.200,2026-05-13 11:26:00,4695.520,停損,-14.330,-1.009,14.200,1.000,65.000,5.720,0.403,2.367,108.163,0.073,False,0.009,0.594,0.130,0.040
2026-05-13,多,06:00,4705.930,4688.930,2026-05-13 09:19:00,4712.970,4688.930,24.040,2026-05-13 12:22:00,4688.930,停損,-24.170,-1.005,24.040,1.000,182.000,0.770,0.032,3.050,108.163,0.157,False,0.009,0.576,0.130,0.020
2026-05-13,空,09:00,4715.440,4699.190,2026-05-13 12:19:00,4690.700,4715.440,24.740,2026-05-13 23:57:00,4688.680,收盤,1.890,0.076,19.830,0.802,50.000,21.220,0.858,11.633,108.163,0.150,True,0.000,0.178,0.130,0.020
2026-05-13,空,08:30,4715.440,4693.750,2026-05-13 12:24:00,4686.810,4715.440,28.630,2026-05-13 23:57:00,4688.680,收盤,-2.000,-0.070,23.720,0.829,45.000,17.330,0.605,11.550,108.163,0.201,True,0.000,0.178,0.130,0.020
2026-05-14,空,02:30,4705.400,4689.570,2026-05-14 05:49:00,4682.730,4705.400,22.670,2026-05-14 07:27:00,4705.400,停損,-22.800,-1.006,22.670,1.000,97.000,13.980,0.617,1.633,103.891,0.152,True,0.010,0.632,0.130,0.020
2026-05-14,空,03:30,4707.020,4684.360,2026-05-14 06:44:00,4676.370,4707.020,30.650,2026-05-14 07:27:00,4707.020,停損,-30.780,-1.004,30.650,1.000,42.000,7.620,0.249,0.717,103.891,0.218,True,0.010,0.545,0.130,0.020
2026-05-14,空,05:00,4699.690,4680.030,2026-05-14 07:04:00,4672.790,4699.690,26.900,2026-05-14 07:25:00,4699.690,停損,-27.030,-1.005,26.900,1.000,20.000,0.470,0.017,0.350,103.891,0.189,True,0.010,0.500,0.130,0.020
2026-05-14,多,08:00,4704.300,4689.260,2026-05-14 10:34:00,4710.350,4689.260,21.090,2026-05-14 12:31:00,4689.260,停損,-21.220,-1.006,21.090,1.000,116.000,8.540,0.405,1.950,103.891,0.145,False,0.058,0.632,0.130,0.020
2026-05-14,多,09:30,4706.910,4690.660,2026-05-14 10:39:00,4712.270,4690.660,21.610,2026-05-14 12:01:00,4690.660,停損,-21.740,-1.006,21.610,1.000,20.000,2.420,0.112,1.367,103.891,0.156,False,0.058,0.632,0.130,0.020
2026-05-15,空,02:00,4665.360,4646.980,2026-05-15 03:29:00,4629.880,4665.360,35.480,2026-05-15 23:56:00,4538.630,收盤,91.120,2.568,1.680,0.047,34.000,118.080,3.328,20.450,100.584,0.183,True,0.010,0.667,0.130,0.010
2026-05-15,空,02:30,4665.360,4629.850,2026-05-15 03:34:00,4624.170,4665.360,41.190,2026-05-15 23:56:00,4538.630,收盤,85.410,2.074,7.390,0.179,29.000,112.370,2.728,20.367,100.584,0.353,True,0.010,0.600,0.130,0.010
2026-05-15,空,04:30,4624.460,4607.260,2026-05-15 08:04:00,4600.100,4624.460,24.360,2026-05-15 23:56:00,4538.630,收盤,61.340,2.518,1.280,0.053,1.000,88.300,3.625,15.867,100.584,0.171,True,0.010,0.214,0.130,0.020
2026-05-15,空,07:00,4621.610,4604.420,2026-05-15 08:09:00,4593.210,4621.610,28.400,2026-05-15 23:56:00,4538.630,收盤,54.450,1.917,2.200,0.077,7.000,81.410,2.867,15.783,100.584,0.171,True,0.010,0.214,0.130,0.020
2026-05-15,空,07:30,4614.970,4580.900,2026-05-15 08:34:00,4569.790,4614.970,45.180,2026-05-15 23:56:00,4538.630,收盤,31.030,0.687,18.930,0.419,106.000,57.990,1.284,15.367,100.584,0.339,True,0.010,0.200,0.130,0.010
2026-05-15,空,09:30,4588.720,4564.390,2026-05-15 11:19:00,4556.840,4588.720,31.880,2026-05-15 23:56:00,4538.630,收盤,18.080,0.567,15.710,0.493,154.000,45.040,1.413,12.617,100.584,0.242,True,0.010,0.146,0.130,0.020
2026-05-15,空,08:30,4589.920,4556.380,2026-05-15 12:14:00,4547.230,4589.920,42.690,2026-05-15 23:56:00,4538.630,收盤,8.470,0.198,25.320,0.593,99.000,35.430,0.830,11.700,100.584,0.333,True,0.010,0.136,0.130,0.010
2026-05-19,空,02:00,4588.960,4573.800,2026-05-19 03:54:00,4566.280,4588.960,22.680,2026-05-19 23:57:00,4481.950,收盤,84.200,3.713,6.070,0.268,50.000,101.350,4.469,20.050,102.634,0.148,False,0.010,0.727,0.130,0.020
2026-05-19,空,02:30,4589.270,4568.870,2026-05-19 03:59:00,4563.350,4589.270,25.920,2026-05-19 23:57:00,4481.950,收盤,81.270,3.135,9.000,0.347,45.000,98.420,3.797,19.967,102.634,0.199,False,0.010,0.727,0.130,0.020
2026-05-19,空,03:00,4589.270,4561.320,2026-05-19 04:24:00,4555.830,4589.270,33.440,2026-05-19 23:57:00,4481.950,收盤,73.750,2.205,16.520,0.494,20.000,90.900,2.718,19.550,102.634,0.272,False,0.010,0.615,0.130,0.010
2026-05-19,空,03:30,4576.110,4554.200,2026-05-19 05:59:00,4547.160,4576.110,28.950,2026-05-19 23:57:00,4481.950,收盤,65.080,2.248,12.210,0.422,297.000,82.230,2.840,17.967,102.634,0.213,False,0.010,0.421,0.130,0.020
2026-05-19,空,04:30,4572.350,4551.610,2026-05-19 06:59:00,4545.060,4572.350,27.290,2026-05-19 23:57:00,4481.950,收盤,62.980,2.308,14.310,0.524,237.000,80.130,2.936,16.967,102.634,0.202,False,0.010,0.348,0.130,0.020
2026-05-19,空,05:00,4563.900,4546.030,2026-05-19 07:14:00,4540.240,4563.900,23.660,2026-05-19 23:57:00,4481.950,收盤,58.160,2.458,19.130,0.809,222.000,75.310,3.183,16.717,102.634,0.174,False,0.010,0.333,0.130,0.020
2026-05-19,空,05:30,4559.920,4543.750,2026-05-19 08:24:00,4535.420,4559.920,24.500,2026-05-19 23:57:00,4481.950,收盤,53.340,2.177,23.950,0.978,152.000,70.490,2.877,15.550,102.634,0.158,False,0.010,0.276,0.130,0.020
2026-05-19,空,09:30,4555.330,4543.130,2026-05-19 13:04:00,4536.580,4555.330,18.750,2026-05-19 23:57:00,4481.950,收盤,54.500,2.907,11.380,0.607,59.000,71.650,3.821,10.883,102.634,0.119,False,0.010,0.167,0.130,0.030
2026-05-19,空,10:00,4559.370,4541.430,2026-05-19 13:44:00,4529.210,4559.370,30.160,2026-05-19 23:57:00,4481.950,收盤,47.130,1.563,18.750,0.622,19.000,64.280,2.131,10.217,102.634,0.175,False,0.010,0.160,0.130,0.020
2026-05-20,多,02:00,4496.430,4479.880,2026-05-20 03:29:00,4502.040,4479.880,22.160,2026-05-20 04:27:00,4479.880,停損,-22.290,-1.006,22.160,1.000,57.000,6.820,0.308,0.967,107.772,0.154,False,0.009,0.222,0.130,0.020
2026-05-20,空,03:30,4508.860,4472.850,2026-05-20 04:44:00,4466.760,4508.860,42.100,2026-05-20 17:22:00,4508.860,停損,-42.230,-1.003,42.100,1.000,757.000,13.120,0.312,12.633,107.772,0.334,True,0.009,0.786,0.130,0.010
2026-05-20,多,06:00,4467.180,4453.640,2026-05-20 08:34:00,4477.080,4453.640,23.440,2026-05-20 23:57:00,4543.830,收盤,66.620,2.842,15.600,0.666,62.000,75.670,3.228,15.383,107.772,0.126,False,0.028,0.667,0.130,0.020
2026-05-20,多,07:30,4475.350,4456.820,2026-05-20 10:09:00,4483.230,4456.820,26.410,2026-05-20 23:57:00,4543.830,收盤,60.470,2.290,16.110,0.610,424.000,69.520,2.632,13.800,107.772,0.172,False,0.028,0.556,0.130,0.020
2026-05-20,多,09:00,4478.470,4461.480,2026-05-20 11:24:00,4484.340,4461.480,22.860,2026-05-20 23:57:00,4543.830,收盤,59.360,2.597,17.220,0.753,349.000,68.410,2.993,12.550,107.772,0.158,False,0.028,0.488,0.130,0.020
2026-05-20,多,08:00,4478.990,4461.710,2026-05-20 11:29:00,4486.090,4461.710,24.380,2026-05-20 23:57:00,4543.830,收盤,57.610,2.363,18.970,0.778,344.000,66.660,2.734,12.467,107.772,0.160,False,0.028,0.488,0.130,0.020
2026-05-20,多,09:30,4485.280,4461.480,2026-05-20 13:24:00,4491.540,4461.480,30.060,2026-05-20 23:57:00,4543.830,收盤,52.160,1.735,24.420,0.812,229.000,61.210,2.036,10.550,107.772,0.221,False,0.028,0.408,0.130,0.020
2026-05-20,多,10:30,4486.520,4475.180,2026-05-20 13:34:00,4492.550,4475.180,17.370,2026-05-20 17:09:00,4475.180,停損,-17.500,-1.007,17.370,1.000,214.000,13.700,0.789,3.583,107.772,0.105,False,0.028,0.400,0.130,0.030
2026-05-21,多,02:00,4547.330,4534.660,2026-05-21 04:14:00,4559.920,4534.660,25.260,2026-05-21 05:33:00,4534.660,停損,-25.390,-1.005,25.260,1.000,76.000,10.810,0.428,1.317,100.022,0.127,True,0.010,0.417,0.130,0.020
2026-05-21,空,03:30,4567.820,4539.720,2026-05-21 05:49:00,4534.410,4567.820,33.410,2026-05-21 23:57:00,4542.620,收盤,-8.340,-0.250,24.950,0.747,906.000,45.770,1.370,18.133,100.022,0.281,False,0.020,0.737,0.130,0.010
2026-05-21,空,05:00,4564.940,4531.550,2026-05-21 08:24:00,4525.070,4564.940,39.870,2026-05-21 23:57:00,4542.620,收盤,-17.680,-0.443,34.290,0.860,751.000,36.430,0.914,15.550,100.022,0.334,False,0.020,0.483,0.130,0.010
2026-05-21,空,06:00,4540.300,4527.250,2026-05-21 09:59:00,4521.590,4540.300,18.710,2026-05-21 12:13:00,4540.300,停損,-18.840,-1.007,18.710,1.000,133.000,9.540,0.510,2.233,100.022,0.130,False,0.020,0.400,0.130,0.030
2026-05-21,空,07:30,4540.350,4521.600,2026-05-21 10:29:00,4512.930,4540.350,27.420,2026-05-21 12:13:00,4540.350,停損,-27.550,-1.005,27.420,1.000,103.000,0.800,0.029,1.733,100.022,0.187,False,0.020,0.378,0.130,0.020
2026-05-22,空,02:00,4545.140,4532.660,2026-05-22 03:59:00,4526.780,4545.140,18.360,2026-05-22 23:56:00,4508.010,收盤,18.640,1.015,10.100,0.550,554.000,34.900,1.901,19.950,100.284,0.124,True,0.010,0.000,0.130,0.030
2026-05-22,空,03:00,4541.100,4525.700,2026-05-22 05:34:00,4520.110,4541.100,20.990,2026-05-22 23:56:00,4508.010,收盤,11.970,0.570,16.770,0.799,459.000,28.230,1.345,18.367,100.284,0.154,True,0.010,0.000,0.130,0.020
2026-05-22,多,05:30,4527.130,4518.640,2026-05-22 07:29:00,4532.320,4518.640,13.680,2026-05-22 08:56:00,4518.640,停損,-13.810,-1.010,13.680,1.000,86.000,1.960,0.143,1.450,100.284,0.085,False,0.010,0.720,0.130,0.040
2026-05-22,多,10:00,4527.430,4516.180,2026-05-22 12:54:00,4533.160,4516.180,16.980,2026-05-22 13:37:00,4516.180,停損,-17.110,-1.008,16.980,1.000,42.000,3.720,0.219,0.717,100.284,0.112,False,0.030,0.660,0.130,0.030
2026-05-22,多,09:30,4528.950,4521.520,2026-05-22 13:09:00,4535.580,4521.520,14.060,2026-05-22 13:32:00,4521.520,停損,-14.190,-1.009,14.060,1.000,22.000,1.300,0.092,0.383,100.284,0.074,False,0.030,0.646,0.130,0.040
2026-05-26,空,02:00,4580.160,4555.200,2026-05-26 03:09:00,4549.710,4580.160,30.450,2026-05-26 23:57:00,4507.100,收盤,42.480,1.395,3.780,0.124,6.000,67.120,2.204,20.800,95.611,0.261,False,0.010,0.625,0.130,0.020
2026-05-26,空,02:30,4568.590,4541.440,2026-05-26 04:39:00,4529.720,4568.590,38.870,2026-05-26 23:57:00,4507.100,收盤,22.490,0.579,15.710,0.404,118.000,47.130,1.213,19.300,95.611,0.284,False,0.010,0.357,0.130,0.010
2026-05-26,空,06:00,4545.430,4532.120,2026-05-26 07:44:00,4526.250,4545.430,19.180,2026-05-26 23:57:00,4507.100,收盤,19.020,0.992,14.300,0.746,366.000,43.660,2.276,16.217,95.611,0.139,False,0.010,0.192,0.130,0.030
2026-05-26,空,09:00,4536.220,4527.120,2026-05-26 11:34:00,4521.390,4536.220,14.830,2026-05-26 13:34:00,4536.220,停損,-14.960,-1.009,14.830,1.000,116.000,9.260,0.624,2.000,95.611,0.095,False,0.010,0.119,0.130,0.030
2026-05-26,空,09:30,4534.060,4522.140,2026-05-26 12:39:00,4516.760,4534.060,17.300,2026-05-26 13:28:00,4534.060,停損,-17.430,-1.008,17.300,1.000,48.000,4.630,0.268,0.817,95.611,0.125,False,0.010,0.109,0.130,0.030
2026-05-26,空,10:30,4539.020,4520.650,2026-05-26 12:44:00,4513.300,4539.020,25.720,2026-05-26 13:50:00,4539.020,停損,-25.850,-1.005,25.720,1.000,50.000,0.120,0.005,1.100,95.611,0.192,False,0.010,0.109,0.130,0.020
2026-05-28,空,02:00,4457.880,4443.920,2026-05-28 04:14:00,4438.250,4457.880,19.630,2026-05-28 17:13:00,4457.880,停損,-19.760,-1.007,19.630,1.000,778.000,71.830,3.659,12.983,99.840,0.140,True,0.050,0.000,0.130,0.030
2026-05-28,空,03:30,4458.950,4417.220,2026-05-28 04:54:00,4409.250,4458.950,49.700,2026-05-28 17:13:00,4458.950,停損,-49.830,-1.003,49.700,1.000,738.000,42.830,0.862,12.317,99.840,0.418,True,0.050,0.000,0.130,0.010
2026-05-28,空,04:00,4458.950,4406.990,2026-05-28 05:49:00,4396.190,4458.950,62.760,2026-05-28 17:13:00,4458.950,停損,-62.890,-1.002,62.760,1.000,683.000,29.770,0.474,11.400,99.840,0.520,True,0.050,0.000,0.130,0.010
2026-05-28,空,04:30,4426.530,4396.500,2026-05-28 06:19:00,4384.540,4426.530,41.990,2026-05-28 15:55:00,4426.530,停損,-42.120,-1.003,41.990,1.000,575.000,18.120,0.432,9.600,99.840,0.301,True,0.050,0.000,0.130,0.010
2026-05-28,空,05:30,4410.430,4382.380,2026-05-28 06:39:00,4373.290,4410.430,37.140,2026-05-28 15:50:00,4410.430,停損,-37.270,-1.004,37.140,1.000,550.000,6.870,0.185,9.183,99.840,0.281,True,0.050,0.000,0.130,0.010
2026-05-28,多,09:00,4390.690,4374.350,2026-05-28 12:29:00,4396.480,4374.350,22.130,2026-05-28 23:57:00,4496.360,收盤,99.750,4.507,21.060,0.952,82.000,120.080,5.426,11.467,99.840,0.164,False,0.010,0.556,0.130,0.020
2026-05-28,多,09:30,4396.330,4376.970,2026-05-28 13:09:00,4401.450,4376.970,24.480,2026-05-28 13:51:00,4376.970,停損,-24.610,-1.005,24.480,1.000,41.000,2.720,0.111,0.700,99.840,0.194,False,0.010,0.521,0.130,0.020
2026-05-29,多,05:30,4508.220,4495.040,2026-05-29 07:59:00,4514.180,4495.040,19.140,2026-05-29 23:56:00,4541.220,收盤,26.910,1.406,11.440,0.598,40.000,81.150,4.240,15.950,107.404,0.123,True,0.000,0.259,0.130,0.030
2026-05-29,多,06:30,4511.760,4494.940,2026-05-29 09:04:00,4519.180,4494.940,24.240,2026-05-29 23:56:00,4541.220,收盤,21.910,0.904,9.140,0.377,167.000,76.150,3.142,14.867,107.404,0.157,True,0.000,0.219,0.130,0.020
2026-05-29,多,07:00,4514.860,4501.090,2026-05-29 09:54:00,4522.050,4501.090,20.960,2026-05-29 23:56:00,4541.220,收盤,19.040,0.908,12.010,0.573,117.000,73.280,3.496,14.033,107.404,0.128,True,0.000,0.200,0.130,0.020
2026-05-29,多,08:30,4522.460,4502.740,2026-05-29 12:14:00,4529.060,4502.740,26.320,2026-05-29 23:56:00,4541.220,收盤,12.030,0.457,16.270,0.618,212.000,66.270,2.518,11.700,107.404,0.184,True,0.000,0.159,0.130,0.020
2026-05-29,多,09:00,4524.080,4510.150,2026-05-29 12:44:00,4532.460,4510.150,22.310,2026-05-29 23:56:00,4541.220,收盤,8.630,0.387,19.670,0.882,182.000,62.870,2.818,11.200,107.404,0.130,True,0.000,0.152,0.130,0.020
2026-06-03,多,02:30,4483.290,4462.600,2026-06-03 03:39:00,4491.850,4462.600,29.250,2026-06-03 08:30:00,4462.600,停損,-29.380,-1.004,29.250,1.000,49.000,4.900,0.168,4.850,97.534,0.212,True,0.000,0.500,0.130,0.020
2026-06-03,多,02:00,4488.690,4462.270,2026-06-03 03:44:00,4495.880,4462.270,33.610,2026-06-03 08:30:00,4462.270,停損,-33.740,-1.004,33.610,1.000,44.000,0.120,0.004,4.767,97.534,0.271,True,0.000,0.500,0.130,0.010
2026-06-03,空,03:00,4496.750,4473.900,2026-06-03 04:24:00,4466.340,4496.750,30.410,2026-06-03 23:57:00,4433.990,收盤,32.220,1.060,21.840,0.718,171.000,39.940,1.313,19.550,97.534,0.234,False,0.000,0.769,0.130,0.020
2026-06-03,多,04:30,4481.440,4464.910,2026-06-03 07:14:00,4486.920,4464.910,22.010,2026-06-03 08:30:00,4464.910,停損,-22.140,-1.006,22.010,1.000,73.000,1.260,0.057,1.267,97.534,0.169,True,0.000,0.208,0.130,0.020
2026-06-03,空,06:00,4487.600,4481.910,2026-06-03 07:34:00,4474.800,4487.600,12.800,2026-06-03 23:57:00,4433.990,收盤,40.680,3.178,0.690,0.054,1.000,48.400,3.781,16.383,97.534,0.058,False,0.000,0.385,0.130,0.040
2026-06-03,空,06:30,4488.180,4477.140,2026-06-03 07:39:00,4471.580,4488.180,16.600,2026-06-03 23:57:00,4433.990,收盤,37.460,2.257,2.640,0.159,36.000,45.180,2.722,16.300,97.534,0.113,False,0.000,0.385,0.130,0.030
2026-06-03,空,05:00,4485.140,4472.860,2026-06-03 08:34:00,4465.060,4485.140,20.080,2026-06-03 23:57:00,4433.990,收盤,30.940,1.541,7.160,0.357,98.000,38.660,1.925,15.383,97.534,0.126,False,0.000,0.333,0.130,0.020
2026-06-03,空,07:00,4488.180,4468.360,2026-06-03 08:44:00,4462.010,4488.180,26.170,2026-06-03 23:57:00,4433.990,收盤,27.890,1.066,10.210,0.390,88.000,35.610,1.361,15.217,97.534,0.203,False,0.000,0.333,0.130,0.020
2026-06-03,空,07:30,4477.380,4466.210,2026-06-03 08:59:00,4457.050,4477.380,20.330,2026-06-03 23:57:00,4433.990,收盤,22.930,1.128,15.170,0.746,73.000,30.650,1.508,14.967,97.534,0.115,False,0.000,0.323,0.130,0.020
2026-06-03,空,08:00,4474.220,4456.700,2026-06-03 11:24:00,4451.480,4474.220,22.740,2026-06-03 23:57:00,4433.990,收盤,17.360,0.763,16.580,0.729,164.000,25.080,1.103,12.550,97.534,0.180,False,0.000,0.244,0.130,0.020
2026-06-03,空,09:00,4470.910,4455.330,2026-06-03 11:54:00,4444.880,4470.910,26.030,2026-06-03 23:57:00,4433.990,收盤,10.760,0.413,23.180,0.891,134.000,18.480,0.710,12.050,97.534,0.160,False,0.000,0.233,0.130,0.020
2026-06-04,空,07:30,4484.040,4471.010,2026-06-04 10:09:00,4465.690,4484.040,18.350,2026-06-04 14:26:00,4484.040,停損,-18.480,-1.007,18.350,1.000,256.000,7.130,0.389,4.283,94.658,0.138,True,0.011,0.722,0.130,0.030
2026-06-04,空,08:00,4482.420,4466.950,2026-06-04 10:44:00,4461.430,4482.420,20.990,2026-06-04 14:26:00,4482.420,停損,-21.120,-1.006,20.990,1.000,221.000,2.870,0.137,3.700,94.658,0.163,True,0.011,0.684,0.130,0.020
2026-06-05,空,02:00,4474.060,4460.630,2026-06-05 03:14:00,4455.330,4474.060,18.730,2026-06-05 14:51:00,4474.060,停損,-18.860,-1.007,18.730,1.000,51.000,26.480,1.414,11.617,95.594,0.140,False,0.010,0.250,0.130,0.030
2026-06-05,空,02:30,4469.620,4450.700,2026-06-05 05:34:00,4444.950,4469.620,24.670,2026-06-05 14:51:00,4469.620,停損,-24.800,-1.005,24.670,1.000,405.000,16.100,0.653,9.283,95.594,0.198,False,0.010,0.111,0.130,0.020
2026-06-05,空,03:30,4470.010,4449.360,2026-06-05 05:44:00,4442.940,4470.010,27.070,2026-06-05 14:51:00,4470.010,停損,-27.200,-1.005,27.070,1.000,395.000,14.090,0.521,9.117,95.594,0.216,False,0.010,0.111,0.130,0.020
2026-06-05,空,04:00,4470.010,4444.160,2026-06-05 06:04:00,4438.500,4470.010,31.510,2026-06-05 14:51:00,4470.010,停損,-31.640,-1.004,31.510,1.000,375.000,9.650,0.306,8.783,95.594,0.270,False,0.010,0.100,0.130,0.020
2026-06-05,空,04:30,4459.720,4442.480,2026-06-05 06:24:00,4437.370,4459.720,22.350,2026-06-05 10:12:00,4459.720,停損,-22.480,-1.006,22.350,1.000,227.000,8.520,0.381,3.800,95.594,0.180,False,0.010,0.095,0.130,0.020
2026-06-09,多,02:00,4328.900,4313.020,2026-06-09 04:29:00,4335.460,4313.020,22.440,2026-06-09 17:17:00,4313.020,停損,-22.570,-1.006,22.440,1.000,767.000,27.990,1.247,12.800,108.436,0.146,False,0.018,0.538,0.130,0.020
2026-06-09,多,07:30,4337.160,4324.270,2026-06-09 08:34:00,4342.800,4324.270,18.530,2026-06-09 10:15:00,4324.270,停損,-18.660,-1.007,18.530,1.000,100.000,8.660,0.467,1.683,108.436,0.119,False,0.018,0.233,0.130,0.030
2026-06-09,多,05:00,4340.990,4328.280,2026-06-09 08:44:00,4348.200,4328.280,19.920,2026-06-09 10:14:00,4328.280,停損,-20.050,-1.007,19.920,1.000,89.000,0.890,0.045,1.500,108.436,0.117,False,0.018,0.233,0.130,0.030
2026-06-09,空,08:30,4351.460,4332.070,2026-06-09 10:39:00,4325.670,4351.460,25.790,2026-06-09 16:48:00,4351.460,停損,-25.920,-1.005,25.790,1.000,321.000,4.430,0.172,6.150,108.436,0.179,True,0.018,0.789,0.130,0.020
2026-06-09,空,08:00,4351.460,4330.960,2026-06-09 11:04:00,4323.210,4351.460,28.250,2026-06-09 16:48:00,4351.460,停損,-28.380,-1.005,28.250,1.000,296.000,1.970,0.070,5.733,108.436,0.189,True,0.018,0.750,0.130,0.020
2026-06-10,空,02:00,4247.260,4210.510,2026-06-10 03:44:00,4204.350,4247.260,42.910,2026-06-10 23:57:00,4070.500,收盤,133.720,3.116,17.510,0.408,324.000,137.200,3.197,20.217,111.359,0.330,True,0.000,0.000,0.130,0.010
2026-06-10,空,03:00,4228.360,4199.200,2026-06-10 04:44:00,4187.240,4228.360,41.120,2026-06-10 23:57:00,4070.500,收盤,116.610,2.836,34.620,0.842,264.000,120.090,2.920,19.217,111.359,0.262,True,0.000,0.000,0.130,0.010
2026-06-10,空,03:30,4220.730,4187.280,2026-06-10 05:09:00,4181.250,4220.730,39.480,2026-06-10 09:08:00,4220.730,停損,-39.610,-1.003,39.480,1.000,238.000,8.660,0.219,3.983,111.359,0.300,True,0.000,0.000,0.130,0.010
2026-06-10,空,04:00,4218.880,4183.830,2026-06-10 05:54:00,4175.120,4218.880,43.760,2026-06-10 09:07:00,4218.880,停損,-43.890,-1.003,43.760,1.000,192.000,2.530,0.058,3.217,111.359,0.315,True,0.000,0.000,0.130,0.010
2026-06-10,空,09:00,4221.860,4201.840,2026-06-10 10:29:00,4194.920,4221.860,26.940,2026-06-10 23:57:00,4070.500,收盤,124.290,4.614,2.220,0.082,2.000,127.770,4.743,13.467,111.359,0.180,True,0.000,0.000,0.130,0.020
2026-06-10,空,09:30,4213.590,4193.590,2026-06-10 10:54:00,4182.150,4213.590,31.440,2026-06-10 23:57:00,4070.500,收盤,111.520,3.547,5.600,0.178,5.000,115.000,3.658,13.050,111.359,0.180,True,0.000,0.000,0.130,0.020
2026-06-10,空,08:00,4209.060,4173.550,2026-06-10 11:04:00,4164.220,4209.060,44.840,2026-06-10 23:57:00,4070.500,收盤,93.590,2.087,22.070,0.492,349.000,97.070,2.165,12.883,111.359,0.319,True,0.000,0.000,0.130,0.010
2026-06-11,多,02:00,4064.580,4023.810,2026-06-11 03:49:00,4071.400,4023.810,47.590,2026-06-11 23:57:00,4211.400,收盤,139.870,2.939,18.810,0.395,119.000,148.650,3.124,20.133,116.954,0.349,False,0.017,0.364,0.130,0.010
2026-06-11,多,02:30,4072.720,4036.100,2026-06-11 04:04:00,4079.270,4036.100,43.170,2026-06-11 23:57:00,4211.400,收盤,132.000,3.058,26.680,0.618,104.000,140.780,3.261,19.883,116.954,0.313,False,0.017,0.333,0.130,0.010
2026-06-11,多,03:00,4078.090,4036.100,2026-06-11 04:14:00,4086.840,4036.100,50.740,2026-06-11 23:57:00,4211.400,收盤,124.430,2.452,34.250,0.675,94.000,133.210,2.625,19.717,116.954,0.359,False,0.017,0.333,0.130,0.010
2026-06-11,多,03:30,4108.670,4059.270,2026-06-11 04:39:00,4114.740,4059.270,55.470,2026-06-11 05:41:00,4059.270,停損,-55.600,-1.002,55.470,1.000,61.000,3.350,0.060,1.033,116.954,0.422,False,0.017,0.286,0.130,0.010
2026-06-11,空,04:30,4118.090,4081.680,2026-06-11 05:34:00,4073.250,4118.090,44.840,2026-06-11 20:30:00,4118.090,停損,-44.970,-1.003,44.840,1.000,336.000,20.660,0.461,14.933,116.954,0.311,True,0.009,0.778,0.130,0.010
2026-06-11,空,04:00,4118.090,4066.360,2026-06-11 05:44:00,4059.610,4118.090,58.480,2026-06-11 20:30:00,4118.090,停損,-58.610,-1.002,58.480,1.000,326.000,7.020,0.120,14.767,116.954,0.442,True,0.009,0.778,0.130,0.010
2026-06-11,多,05:30,4085.090,4052.590,2026-06-11 08:34:00,4095.200,4052.590,42.610,2026-06-11 23:57:00,4211.400,收盤,116.070,2.724,42.260,0.992,519.000,124.850,2.930,15.383,116.954,0.278,False,0.017,0.133,0.130,0.010
2026-06-11,多,09:00,4097.530,4076.410,2026-06-11 10:19:00,4104.990,4076.410,28.580,2026-06-11 15:10:00,4076.410,停損,-28.710,-1.005,28.580,1.000,131.000,7.680,0.269,4.850,116.954,0.181,False,0.017,0.108,0.130,0.020
2026-06-11,空,10:30,4112.670,4097.240,2026-06-11 11:44:00,4090.660,4112.670,22.010,2026-06-11 20:30:00,4112.670,停損,-22.140,-1.006,22.010,1.000,451.000,37.720,1.714,8.767,116.954,0.132,True,0.009,0.333,0.130,0.020
2026-06-11,空,10:00,4110.590,4091.870,2026-06-11 11:59:00,4084.570,4110.590,26.020,2026-06-11 20:30:00,4110.590,停損,-26.150,-1.005,26.020,1.000,436.000,31.630,1.216,8.517,116.954,0.160,True,0.009,0.326,0.130,0.020
2026-06-12,空,02:00,4245.830,4214.270,2026-06-12 03:44:00,4203.940,4245.830,41.890,2026-06-12 23:56:00,4218.650,收盤,-14.840,-0.354,31.650,0.756,883.000,33.680,0.804,20.200,121.564,0.260,False,0.008,0.300,0.130,0.010
2026-06-12,空,02:30,4230.530,4207.500,2026-06-12 03:54:00,4200.960,4230.530,29.570,2026-06-12 18:25:00,4230.530,停損,-29.700,-1.004,29.570,1.000,870.000,30.700,1.038,14.517,121.564,0.189,False,0.008,0.273,0.130,0.020
2026-06-12,空,03:00,4230.530,4200.860,2026-06-12 04:04:00,4184.910,4230.530,45.620,2026-06-12 18:25:00,4230.530,停損,-45.750,-1.003,45.620,1.000,860.000,14.650,0.321,14.350,121.564,0.244,False,0.008,0.250,0.130,0.010
2026-06-12,空,06:00,4204.930,4189.650,2026-06-12 08:34:00,4180.250,4204.930,24.680,2026-06-12 11:13:00,4204.930,停損,-24.810,-1.005,24.680,1.000,158.000,9.990,0.405,2.650,121.564,0.126,False,0.008,0.100,0.130,0.020
2026-06-12,空,05:00,4200.100,4182.790,2026-06-12 08:39:00,4174.910,4200.100,25.190,2026-06-12 11:02:00,4200.100,停損,-25.320,-1.005,25.190,1.000,142.000,4.650,0.185,2.383,121.564,0.142,False,0.008,0.100,0.130,0.020
2026-06-16,空,07:00,4332.210,4321.280,2026-06-16 09:24:00,4314.860,4332.210,17.350,2026-06-16 10:31:00,4332.210,停損,-17.480,-1.007,17.350,1.000,66.000,0.720,0.041,1.117,123.770,0.088,False,0.008,0.697,0.130,0.030
2026-06-16,多,08:00,4330.850,4314.390,2026-06-16 11:09:00,4339.150,4314.390,24.760,2026-06-16 17:34:00,4314.390,停損,-24.890,-1.005,24.760,1.000,384.000,15.740,0.636,6.417,123.770,0.133,True,0.008,0.025,0.130,0.020
2026-06-17,空,04:30,4344.440,4336.970,2026-06-17 05:54:00,4330.080,4344.440,14.360,2026-06-17 16:52:00,4344.440,停損,-14.490,-1.009,14.360,1.000,655.000,12.360,0.861,10.967,120.810,0.062,False,0.017,0.632,0.130,0.030
2026-06-17,空,03:30,4349.690,4332.260,2026-06-17 07:29:00,4324.600,4349.690,25.090,2026-06-17 17:23:00,4349.690,停損,-25.220,-1.005,25.090,1.000,593.000,6.880,0.274,9.900,120.810,0.144,False,0.017,0.480,0.130,0.020
2026-06-17,空,05:00,4344.440,4329.810,2026-06-17 07:34:00,4318.090,4344.440,26.350,2026-06-17 16:52:00,4344.440,停損,-26.480,-1.005,26.350,1.000,555.000,0.360,0.014,9.300,120.810,0.121,False,0.017,0.462,0.130,0.020
2026-06-18,多,02:00,4283.940,4264.260,2026-06-18 03:04:00,4292.260,4264.260,28.000,2026-06-18 12:00:00,4264.260,停損,-28.130,-1.005,28.000,1.000,534.000,37.610,1.343,8.933,130.096,0.151,False,0.046,0.000,0.130,0.020
2026-06-18,多,02:30,4301.260,4268.070,2026-06-18 03:44:00,4311.010,4268.070,42.940,2026-06-18 11:57:00,4268.070,停損,-43.070,-1.003,42.940,1.000,492.000,18.860,0.439,8.217,130.096,0.255,False,0.046,0.000,0.130,0.010
2026-06-18,多,03:00,4315.320,4276.600,2026-06-18 04:14:00,4323.040,4276.600,46.440,2026-06-18 11:51:00,4276.600,停損,-46.570,-1.003,46.440,1.000,456.000,6.830,0.147,7.617,130.096,0.298,False,0.046,0.000,0.130,0.010
2026-06-18,空,05:00,4329.870,4310.480,2026-06-18 08:49:00,4303.030,4329.870,26.840,2026-06-18 23:57:00,4208.150,收盤,94.750,3.530,7.110,0.265,5.000,101.440,3.779,15.133,130.096,0.149,True,0.000,0.516,0.130,0.020
2026-06-18,空,05:30,4325.450,4309.150,2026-06-18 09:09:00,4301.240,4325.450,24.210,2026-06-18 23:57:00,4208.150,收盤,92.960,3.840,8.230,0.340,66.000,99.650,4.116,14.800,130.096,0.125,True,0.000,0.500,0.130,0.020
2026-06-18,空,08:00,4324.700,4301.280,2026-06-18 10:39:00,4294.430,4324.700,30.270,2026-06-18 23:57:00,4208.150,收盤,86.150,2.846,4.360,0.144,6.000,92.840,3.067,13.300,130.096,0.180,True,0.000,0.421,0.130,0.020
2026-06-18,空,08:30,4324.700,4296.280,2026-06-18 10:59:00,4288.680,4324.700,36.020,2026-06-18 23:57:00,4208.150,收盤,80.400,2.232,4.170,0.116,8.000,87.090,2.418,12.967,130.096,0.218,True,0.000,0.410,0.130,0.010
2026-06-18,空,10:00,4309.470,4287.480,2026-06-18 11:49:00,4279.260,4309.470,30.210,2026-06-18 23:57:00,4208.150,收盤,70.980,2.350,0.070,0.002,1.000,77.670,2.571,12.133,130.096,0.169,True,0.000,0.372,0.130,0.020
2026-06-18,空,10:30,4307.750,4284.050,2026-06-18 11:54:00,4277.400,4307.750,30.350,2026-06-18 23:57:00,4208.150,收盤,69.120,2.277,0.010,0.000,1.000,75.810,2.498,12.050,130.096,0.182,True,0.000,0.372,0.130,0.020
2026-06-19,空,02:00,4208.350,4186.890,2026-06-19 05:14:00,4179.960,4208.350,28.390,2026-06-19 19:59:00,4155.570,收盤,24.260,0.855,3.720,0.131,28.000,58.140,2.048,14.750,133.779,0.160,True,0.022,0.000,0.130,0.020
2026-06-19,空,05:30,4183.680,4165.220,2026-06-19 06:59:00,4153.560,4183.680,30.120,2026-06-19 19:59:00,4155.570,收盤,-2.140,-0.071,29.390,0.976,551.000,31.740,1.054,13.000,133.779,0.138,True,0.022,0.000,0.130,0.020
2026-06-19,空,06:00,4177.290,4146.290,2026-06-19 07:44:00,4135.410,4177.290,41.880,2026-06-19 11:25:00,4177.290,停損,-42.010,-1.003,41.880,1.000,220.000,13.590,0.324,3.683,133.779,0.232,True,0.022,0.000,0.130,0.010
2026-06-19,空,06:30,4167.780,4141.510,2026-06-19 07:54:00,4128.270,4167.780,39.510,2026-06-19 11:15:00,4167.780,停損,-39.640,-1.003,39.510,1.000,199.000,6.450,0.163,3.350,133.779,0.196,True,0.022,0.000,0.130,0.010
2026-06-19,多,07:30,4147.430,4121.820,2026-06-19 10:04:00,4156.140,4121.820,34.320,2026-06-19 19:59:00,4155.570,收盤,-0.700,-0.020,14.210,0.414,269.000,26.810,0.781,9.917,133.779,0.191,False,0.030,0.778,0.130,0.010
2026-06-19,多,09:00,4150.540,4132.870,2026-06-19 10:09:00,4159.140,4132.870,26.270,2026-06-19 19:59:00,4155.570,收盤,-3.700,-0.141,17.210,0.655,264.000,23.810,0.906,9.833,133.779,0.132,False,0.030,0.778,0.130,0.020
2026-06-19,多,09:30,4160.090,4132.870,2026-06-19 11:19:00,4170.290,4132.870,37.420,2026-06-19 19:59:00,4155.570,收盤,-14.850,-0.397,28.360,0.758,194.000,12.660,0.338,8.667,133.779,0.203,False,0.030,0.683,0.130,0.010
2026-06-19,空,10:30,4177.680,4151.130,2026-06-19 14:29:00,4144.230,4177.680,33.450,2026-06-19 15:56:00,4177.680,停損,-33.580,-1.004,33.450,1.000,85.000,2.300,0.069,1.450,133.779,0.198,True,0.022,0.000,0.130,0.010
2026-06-23,空,02:00,4195.380,4186.850,2026-06-23 03:14:00,4178.840,4195.380,16.540,2026-06-23 04:00:00,4195.380,停損,-16.670,-1.008,16.540,1.000,31.000,0.030,0.002,0.767,125.921,0.068,False,0.008,0.750,0.130,0.030
2026-06-23,空,04:00,4198.380,4150.170,2026-06-23 06:04:00,4142.330,4198.380,56.050,2026-06-23 23:57:00,4109.670,收盤,32.530,0.580,4.640,0.083,58.000,51.440,0.918,17.883,125.921,0.383,False,0.024,0.600,0.130,0.010
2026-06-23,空,05:00,4163.510,4146.650,2026-06-23 06:19:00,4133.260,4163.510,30.250,2026-06-23 23:57:00,4109.670,收盤,23.460,0.776,13.710,0.453,43.000,42.370,1.401,17.633,125.921,0.134,False,0.024,0.571,0.130,0.020
2026-06-23,空,05:30,4162.320,4130.900,2026-06-23 07:59:00,4118.190,4162.320,44.130,2026-06-23 23:57:00,4109.670,收盤,8.390,0.190,26.920,0.610,551.000,27.300,0.619,15.967,125.921,0.250,False,0.024,0.444,0.130,0.010
2026-06-23,空,07:00,4146.970,4114.890,2026-06-23 10:44:00,4104.970,4146.970,42.000,2026-06-23 23:57:00,4109.670,收盤,-4.830,-0.115,40.140,0.956,386.000,14.080,0.335,13.217,125.921,0.255,False,0.024,0.316,0.130,0.010
2026-06-23,空,08:30,4133.630,4111.260,2026-06-23 10:54:00,4100.680,4133.630,32.950,2026-06-23 16:48:00,4133.630,停損,-33.080,-1.004,32.950,1.000,130.000,9.790,0.297,5.900,125.921,0.178,False,0.024,0.308,0.130,0.020
2026-06-24,空,02:00,4104.430,4080.920,2026-06-24 04:04:00,4073.550,4104.430,30.880,2026-06-24 23:57:00,4001.020,收盤,72.400,2.345,28.740,0.931,26.000,114.300,3.701,19.883,123.990,0.190,True,0.000,0.083,0.130,0.020
2026-06-24,空,03:30,4100.810,4068.540,2026-06-24 05:39:00,4060.770,4100.810,40.040,2026-06-24 23:57:00,4001.020,收盤,59.620,1.489,36.820,0.920,216.000,101.520,2.535,18.300,123.990,0.260,True,0.000,0.056,0.130,0.010
2026-06-24,多,07:00,4067.230,4055.090,2026-06-24 08:29:00,4073.550,4055.090,18.460,2026-06-24 13:59:00,4055.090,停損,-18.590,-1.007,18.460,1.000,288.000,24.040,1.302,5.500,123.990,0.098,False,0.016,0.724,0.130,0.030
2026-06-24,多,06:00,4070.670,4050.450,2026-06-24 08:34:00,4082.170,4050.450,31.720,2026-06-24 14:06:00,4050.450,停損,-31.850,-1.004,31.720,1.000,330.000,15.420,0.486,5.533,123.990,0.163,False,0.016,0.700,0.130,0.020
2026-06-24,多,05:30,4076.540,4050.450,2026-06-24 09:09:00,4090.690,4050.450,40.240,2026-06-24 14:06:00,4050.450,停損,-40.370,-1.003,40.240,1.000,295.000,6.900,0.171,4.950,123.990,0.210,False,0.016,0.656,0.130,0.010
2026-06-24,多,08:00,4086.200,4060.810,2026-06-24 09:14:00,4096.010,4060.810,35.200,2026-06-24 13:02:00,4060.810,停損,-35.330,-1.004,35.200,1.000,227.000,1.580,0.045,3.800,123.990,0.205,False,0.016,0.656,0.130,0.010
2026-06-24,空,09:00,4097.590,4075.910,2026-06-24 12:29:00,4069.360,4097.590,28.230,2026-06-24 23:57:00,4001.020,收盤,68.210,2.416,2.840,0.101,1.000,110.110,3.900,11.467,123.990,0.175,True,0.000,0.022,0.130,0.020
2026-06-24,空,10:00,4090.830,4073.770,2026-06-24 12:59:00,4064.640,4090.830,26.190,2026-06-24 23:57:00,4001.020,收盤,63.490,2.424,2.270,0.087,44.000,105.390,4.024,10.967,123.990,0.138,True,0.000,0.021,0.130,0.020
2026-06-25,空,02:30,4018.670,3995.420,2026-06-25 03:34:00,3987.860,4018.670,30.810,2026-06-25 15:53:00,4018.670,停損,-30.940,-1.004,30.810,1.000,734.000,24.220,0.786,12.317,120.243,0.193,True,0.008,0.600,0.130,0.020
2026-06-25,空,02:00,4018.670,3990.920,2026-06-25 03:39:00,3982.590,4018.670,36.080,2026-06-25 15:53:00,4018.670,停損,-36.210,-1.004,36.080,1.000,729.000,18.950,0.525,12.233,120.243,0.231,True,0.008,0.600,0.130,0.010
2026-06-25,空,03:00,4016.440,3978.610,2026-06-25 05:09:00,3965.870,4016.440,50.570,2026-06-25 15:48:00,4016.440,停損,-50.700,-1.003,50.570,1.000,638.000,2.230,0.044,10.650,120.243,0.315,True,0.008,0.375,0.130,0.010
2026-06-25,多,05:00,3991.210,3963.640,2026-06-25 06:54:00,3997.410,3963.640,33.770,2026-06-25 23:57:00,4026.690,收盤,29.150,0.863,25.930,0.768,231.000,46.820,1.386,17.050,120.243,0.229,False,0.025,0.696,0.130,0.010
2026-06-25,空,07:30,4000.030,3983.660,2026-06-25 09:19:00,3974.770,4000.030,25.260,2026-06-25 11:22:00,4000.030,停損,-25.390,-1.005,25.260,1.000,122.000,3.290,0.130,2.050,120.243,0.136,True,0.008,0.182,0.130,0.020
2026-06-25,多,09:00,3989.190,3974.120,2026-06-25 11:24:00,3997.020,3974.120,22.900,2026-06-25 14:36:00,3974.120,停損,-23.030,-1.006,22.900,1.000,191.000,5.050,0.221,3.200,120.243,0.125,False,0.025,0.390,0.130,0.020
2026-06-26,空,02:00,4030.450,4012.610,2026-06-26 05:24:00,4006.060,4030.450,24.390,2026-06-26 09:57:00,4030.450,停損,-24.520,-1.005,24.390,1.000,272.000,22.960,0.941,4.550,108.678,0.164,False,0.046,0.118,0.130,0.020
2026-06-26,空,02:30,4030.450,4011.470,2026-06-26 05:34:00,4002.980,4030.450,27.470,2026-06-26 09:57:00,4030.450,停損,-27.600,-1.005,27.470,1.000,262.000,19.880,0.724,4.383,108.678,0.175,False,0.046,0.111,0.130,0.020
2026-06-26,空,04:30,4025.530,4003.970,2026-06-26 05:39:00,3997.670,4025.530,27.860,2026-06-26 09:32:00,4025.530,停損,-27.990,-1.005,27.860,1.000,231.000,14.570,0.523,3.883,108.678,0.198,False,0.046,0.111,0.130,0.020
2026-06-26,多,06:00,4006.570,3986.670,2026-06-26 07:54:00,4014.410,3986.670,27.740,2026-06-26 23:56:00,4087.980,收盤,73.440,2.647,8.690,0.313,53.000,81.610,2.942,16.033,108.678,0.183,True,0.028,0.704,0.130,0.020
2026-06-26,多,05:30,4009.350,3983.100,2026-06-26 08:14:00,4015.290,3983.100,32.190,2026-06-26 23:56:00,4087.980,收盤,72.560,2.254,9.570,0.297,33.000,80.730,2.508,15.700,108.678,0.242,True,0.028,0.679,0.130,0.020
2026-06-26,多,06:30,4012.070,3993.170,2026-06-26 09:24:00,4023.190,3993.170,30.020,2026-06-26 23:56:00,4087.980,收盤,64.660,2.154,2.580,0.086,1.000,72.830,2.426,14.533,108.678,0.174,True,0.028,0.576,0.130,0.020
2026-06-26,多,07:30,4019.210,4001.730,2026-06-26 09:44:00,4025.320,4001.730,23.590,2026-06-26 23:56:00,4087.980,收盤,62.530,2.651,3.250,0.138,6.000,70.700,2.997,14.200,108.678,0.161,True,0.028,0.559,0.130,0.020
2026-06-26,多,08:00,4021.590,4005.720,2026-06-26 09:59:00,4032.120,4005.720,26.400,2026-06-26 23:56:00,4087.980,收盤,55.730,2.111,6.290,0.238,66.000,63.900,2.420,13.950,108.678,0.146,True,0.028,0.543,0.130,0.020
2026-06-26,多,09:00,4033.180,4006.830,2026-06-26 12:09:00,4038.680,4006.830,31.850,2026-06-26 23:56:00,4087.980,收盤,49.170,1.544,4.130,0.130,10.000,57.340,1.800,11.783,108.678,0.242,True,0.028,0.432,0.130,0.020
2026-06-26,多,09:30,4039.760,4020.990,2026-06-26 12:19:00,4046.480,4020.990,25.490,2026-06-26 23:56:00,4087.980,收盤,41.370,1.623,10.600,0.416,204.000,49.540,1.944,11.617,108.678,0.173,True,0.028,0.422,0.130,0.020
2026-06-30,空,02:30,4021.800,4003.340,2026-06-30 03:39:00,3995.840,4021.800,25.960,2026-06-30 09:32:00,4021.800,停損,-26.090,-1.005,25.960,1.000,352.000,53.060,2.044,5.883,106.072,0.174,True,0.000,0.500,0.130,0.020
2026-06-30,空,03:00,4015.140,3980.110,2026-06-30 04:09:00,3963.600,4015.140,51.540,2026-06-30 09:31:00,4015.140,停損,-51.670,-1.003,51.540,1.000,321.000,13.370,0.259,5.367,106.072,0.330,True,0.000,0.417,0.130,0.010
2026-07-01,空,03:00,4009.830,3993.250,2026-07-01 04:09:00,3985.440,4009.830,24.390,2026-07-01 14:07:00,4009.830,停損,-24.520,-1.005,24.390,1.000,597.000,25.270,1.036,9.967,113.238,0.146,True,0.000,0.333,0.130,0.020
2026-07-01,多,09:00,3977.500,3963.200,2026-07-01 12:49:00,3985.420,3963.200,22.220,2026-07-01 23:57:00,4031.420,收盤,45.870,2.064,4.060,0.183,32.000,130.210,5.860,11.133,113.238,0.126,False,0.000,0.787,0.130,0.020
2026-07-01,多,10:30,3984.490,3960.770,2026-07-01 13:34:00,3991.290,3960.770,30.520,2026-07-01 23:57:00,4031.420,收盤,40.000,1.311,4.740,0.155,10.000,124.340,4.074,10.383,113.238,0.209,False,0.000,0.740,0.130,0.020
2026-07-02,多,02:30,4048.560,4030.770,2026-07-02 04:04:00,4065.000,4030.770,34.230,2026-07-02 23:57:00,4123.960,收盤,58.830,1.719,23.670,0.691,66.000,79.040,2.309,19.883,112.463,0.158,True,0.027,0.667,0.130,0.010
2026-07-02,多,04:30,4056.470,4041.330,2026-07-02 06:29:00,4065.380,4041.330,24.050,2026-07-02 23:57:00,4123.960,收盤,58.450,2.430,12.130,0.504,124.000,78.660,3.271,17.467,112.463,0.135,True,0.027,0.381,0.130,0.020
2026-07-02,多,05:00,4061.030,4041.330,2026-07-02 06:49:00,4068.810,4041.330,27.480,2026-07-02 23:57:00,4123.960,收盤,55.020,2.002,15.560,0.566,104.000,75.230,2.738,17.133,112.463,0.175,True,0.027,0.348,0.130,0.020
2026-07-02,多,05:30,4067.240,4047.780,2026-07-02 09:19:00,4074.620,4047.780,26.840,2026-07-02 23:57:00,4123.960,收盤,49.210,1.833,17.140,0.639,288.000,69.420,2.586,14.633,112.463,0.173,True,0.027,0.242,0.130,0.020
2026-07-03,多,02:30,4140.890,4121.200,2026-07-03 03:54:00,4147.510,4121.200,26.310,2026-07-03 19:59:00,4174.940,收盤,27.300,1.038,0.820,0.031,7.000,47.930,1.822,16.083,110.962,0.177,True,0.009,0.545,0.130,0.020
2026-07-03,多,03:00,4151.060,4122.980,2026-07-03 04:04:00,4161.030,4122.980,38.050,2026-07-03 19:59:00,4174.940,收盤,13.780,0.362,5.600,0.147,785.000,34.410,0.904,15.917,110.962,0.253,True,0.009,0.500,0.130,0.010
2026-07-03,空,05:30,4186.910,4178.170,2026-07-03 08:49:00,4171.360,4186.910,15.550,2026-07-03 19:59:00,4174.940,收盤,-3.710,-0.239,15.190,0.977,165.000,15.930,1.024,11.167,110.962,0.079,False,0.009,0.452,0.130,0.030
2026-07-03,空,06:00,4184.610,4175.280,2026-07-03 09:04:00,4164.840,4184.610,19.770,2026-07-03 11:02:00,4184.610,停損,-19.900,-1.007,19.770,1.000,117.000,4.350,0.220,1.967,110.962,0.084,False,0.009,0.438,0.130,0.030
2026-07-03,空,08:00,4181.900,4169.290,2026-07-03 09:14:00,4162.440,4181.900,19.460,2026-07-03 11:02:00,4181.900,停損,-19.590,-1.007,19.460,1.000,107.000,1.950,0.100,1.800,110.962,0.114,False,0.009,0.438,0.130,0.030
2026-07-07,空,03:00,4162.770,4145.310,2026-07-07 04:19:00,4136.210,4162.770,26.560,2026-07-07 15:07:00,4162.770,停損,-26.690,-1.005,26.560,1.000,647.000,19.530,0.735,10.800,108.229,0.161,True,0.009,0.154,0.130,0.020
2026-07-07,空,04:30,4146.310,4132.230,2026-07-07 06:49:00,4126.270,4146.310,20.040,2026-07-07 14:35:00,4146.310,停損,-20.170,-1.006,20.040,1.000,456.000,9.590,0.479,7.767,108.229,0.130,True,0.009,0.087,0.130,0.020
2026-07-07,空,05:00,4145.280,4131.380,2026-07-07 08:14:00,4122.430,4145.280,22.850,2026-07-07 14:25:00,4145.280,停損,-22.980,-1.006,22.850,1.000,370.000,5.750,0.252,6.183,108.229,0.128,True,0.009,0.071,0.130,0.020
2026-07-07,空,07:00,4141.320,4125.960,2026-07-07 08:39:00,4120.000,4141.320,21.320,2026-07-07 14:18:00,4141.320,停損,-21.450,-1.006,21.320,1.000,155.000,3.320,0.156,5.650,108.229,0.142,True,0.009,0.067,0.130,0.020
2026-07-07,多,08:00,4131.380,4116.680,2026-07-07 11:14:00,4137.060,4116.680,20.380,2026-07-07 22:07:00,4116.680,停損,-20.510,-1.006,20.380,1.000,652.000,43.390,2.129,10.883,108.229,0.136,False,0.037,0.750,0.130,0.020
2026-07-07,多,07:30,4132.390,4120.990,2026-07-07 11:29:00,4138.630,4120.990,17.640,2026-07-07 12:29:00,4120.990,停損,-17.770,-1.007,17.640,1.000,24.000,0.380,0.022,1.000,108.229,0.105,False,0.037,0.732,0.130,0.030
2026-07-08,多,02:00,4107.910,4095.880,2026-07-08 03:39:00,4122.950,4095.880,27.070,2026-07-08 11:17:00,4095.880,停損,-27.200,-1.005,27.070,1.000,58.000,11.050,0.408,7.633,106.296,0.113,False,0.009,0.000,0.130,0.020
2026-07-08,多,04:00,4117.900,4096.460,2026-07-08 06:04:00,4125.760,4096.460,29.300,2026-07-08 11:17:00,4096.460,停損,-29.430,-1.004,29.300,1.000,312.000,8.240,0.281,5.217,106.296,0.202,False,0.009,0.000,0.130,0.020
2026-07-08,空,09:30,4129.900,4114.820,2026-07-08 11:19:00,4088.740,4129.900,41.160,2026-07-08 23:57:00,4077.460,收盤,11.150,0.271,9.000,0.219,1.000,66.960,1.627,12.633,106.296,0.142,True,0.009,0.683,0.130,0.010
2026-07-08,空,10:30,4127.260,4081.000,2026-07-08 11:39:00,4067.290,4127.260,59.970,2026-07-08 23:57:00,4077.460,收盤,-10.300,-0.172,24.270,0.405,610.000,45.510,0.759,12.300,106.296,0.435,True,0.009,0.667,0.130,0.010
2026-07-09,空,02:30,4089.770,4072.000,2026-07-09 04:29:00,4066.710,4089.770,23.060,2026-07-09 09:00:00,4089.770,停損,-23.190,-1.006,23.060,1.000,269.000,12.430,0.539,4.517,101.946,0.174,True,0.020,0.692,0.130,0.020
2026-07-09,空,03:00,4089.770,4070.370,2026-07-09 05:59:00,4065.080,4089.770,24.690,2026-07-09 09:00:00,4089.770,停損,-24.820,-1.005,24.690,1.000,179.000,10.800,0.437,3.017,101.946,0.190,True,0.020,0.474,0.130,0.020
2026-07-09,空,03:30,4081.750,4065.220,2026-07-09 06:14:00,4058.970,4081.750,22.780,2026-07-09 08:51:00,4081.750,停損,-22.910,-1.006,22.780,1.000,156.000,4.690,0.206,2.617,101.946,0.162,True,0.020,0.450,0.130,0.020
2026-07-09,空,04:00,4078.820,4062.450,2026-07-09 06:19:00,4055.810,4078.820,23.010,2026-07-09 08:49:00,4078.820,停損,-23.140,-1.006,23.010,1.000,140.000,1.520,0.066,2.500,101.946,0.161,True,0.020,0.429,0.130,0.020
2026-07-09,多,06:00,4067.640,4054.280,2026-07-09 08:14:00,4073.550,4054.280,19.270,2026-07-09 23:57:00,4123.930,收盤,50.250,2.608,8.700,0.451,18.000,64.430,3.344,15.717,101.946,0.131,False,0.010,0.750,0.130,0.030
2026-07-09,多,07:30,4076.010,4056.510,2026-07-09 08:59:00,4082.040,4056.510,25.530,2026-07-09 23:57:00,4123.930,收盤,41.760,1.636,0.560,0.022,1.000,55.940,2.191,14.967,101.946,0.191,False,0.010,0.677,0.130,0.020
2026-07-09,多,05:30,4081.720,4054.280,2026-07-09 09:04:00,4092.960,4054.280,38.680,2026-07-09 23:57:00,4123.930,收盤,30.840,0.797,4.820,0.125,4.000,45.020,1.164,14.883,101.946,0.269,False,0.010,0.656,0.130,0.010
2026-07-09,多,08:30,4103.170,4064.850,2026-07-09 10:29:00,4108.970,4064.850,44.120,2026-07-09 23:57:00,4123.930,收盤,14.830,0.336,15.190,0.344,207.000,29.010,0.658,13.467,101.946,0.376,False,0.010,0.568,0.130,0.010
2026-07-09,多,09:00,4108.100,4081.480,2026-07-09 11:24:00,4115.800,4081.480,34.320,2026-07-09 23:57:00,4123.930,收盤,8.000,0.233,22.020,0.642,152.000,22.180,0.646,12.550,101.946,0.261,False,0.010,0.512,0.130,0.010
2026-07-10,空,02:00,4125.140,4121.070,2026-07-10 03:34:00,4115.790,4125.140,9.350,2026-07-10 03:45:00,4125.140,停損,-9.480,-1.014,9.350,1.000,10.000,0.000,0.000,0.183,102.257,0.040,False,0.020,0.000,0.130,0.050
2026-07-10,空,05:30,4134.820,4120.680,2026-07-10 07:24:00,4114.290,4134.820,20.530,2026-07-10 23:56:00,4119.850,收盤,-5.690,-0.277,6.630,0.323,991.000,40.680,1.981,16.533,102.257,0.138,False,0.029,0.800,0.130,0.020
2026-07-10,空,05:00,4129.120,4116.160,2026-07-10 08:39:00,4109.460,4129.120,19.660,2026-07-10 23:56:00,4119.850,收盤,-10.520,-0.535,11.460,0.583,916.000,35.850,1.823,15.283,102.257,0.127,False,0.029,0.667,0.130,0.030
2026-07-10,空,07:00,4121.100,4112.130,2026-07-10 10:44:00,4106.840,4121.100,14.260,2026-07-10 23:56:00,4119.850,收盤,-13.140,-0.921,14.080,0.987,791.000,33.230,2.330,13.200,102.257,0.088,False,0.029,0.526,0.130,0.040
2026-07-10,空,09:00,4120.140,4111.150,2026-07-10 10:49:00,4105.120,4120.140,15.020,2026-07-10 23:55:00,4120.140,停損,-15.150,-1.009,15.020,1.000,784.000,31.510,2.098,13.100,102.257,0.088,False,0.029,0.513,0.130,0.030
2026-07-10,空,08:00,4117.190,4108.270,2026-07-10 11:34:00,4102.340,4117.190,14.850,2026-07-10 15:13:00,4117.190,停損,-14.980,-1.009,14.850,1.000,110.000,7.910,0.533,3.650,102.257,0.087,False,0.029,0.476,0.130,0.030
2026-07-10,空,10:00,4115.380,4104.370,2026-07-10 11:49:00,4095.800,4115.380,19.580,2026-07-10 15:13:00,4115.380,停損,-19.710,-1.007,19.580,1.000,95.000,1.370,0.070,3.400,102.257,0.108,False,0.029,0.465,0.130,0.030
2026-07-14,多,02:00,4003.120,3992.740,2026-07-14 04:59:00,4010.430,3992.740,17.690,2026-07-14 23:57:00,4052.650,收盤,42.090,2.379,4.410,0.249,3.000,92.800,5.246,18.967,101.648,0.102,False,0.020,0.533,0.130,0.030
2026-07-14,多,03:00,4007.260,3983.560,2026-07-14 05:14:00,4016.770,3983.560,33.210,2026-07-14 23:57:00,4052.650,收盤,35.750,1.076,7.650,0.230,38.000,86.460,2.603,18.717,101.648,0.233,False,0.020,0.500,0.130,0.020
2026-07-14,多,04:00,4012.150,3992.290,2026-07-14 05:19:00,4018.060,3992.290,25.770,2026-07-14 23:57:00,4052.650,收盤,34.460,1.337,8.940,0.347,33.000,85.170,3.305,18.633,101.648,0.195,False,0.020,0.471,0.130,0.020
2026-07-14,多,05:00,4019.080,4006.020,2026-07-14 08:34:00,4028.850,4006.020,22.830,2026-07-14 23:57:00,4052.650,收盤,23.670,1.037,15.030,0.658,240.000,74.380,3.258,15.383,101.648,0.128,False,0.020,0.267,0.130,0.020
2026-07-14,多,07:30,4024.030,4015.710,2026-07-14 08:44:00,4032.140,4015.710,16.430,2026-07-14 11:09:00,4015.710,停損,-16.560,-1.008,16.430,1.000,139.000,1.060,0.065,2.417,101.648,0.082,False,0.020,0.267,0.130,0.030
2026-07-15,空,04:00,4062.140,4035.650,2026-07-15 05:19:00,4030.250,4062.140,31.890,2026-07-15 15:37:00,4062.140,停損,-32.020,-1.004,31.890,1.000,617.000,12.830,0.402,10.300,101.554,0.261,False,0.020,0.706,0.130,0.020
2026-07-15,空,05:30,4041.970,4030.190,2026-07-15 08:29:00,4025.110,4041.970,16.860,2026-07-15 15:04:00,4041.970,停損,-16.990,-1.008,16.860,1.000,394.000,7.690,0.456,6.583,101.554,0.116,False,0.020,0.414,0.130,0.030
2026-07-15,空,07:00,4035.160,4028.250,2026-07-15 10:39:00,4020.530,4035.160,14.630,2026-07-15 13:14:00,4035.160,停損,-14.760,-1.009,14.630,1.000,82.000,3.110,0.213,2.583,101.554,0.068,False,0.020,0.316,0.130,0.030
2026-07-15,空,07:30,4036.080,4024.800,2026-07-15 11:14:00,4017.990,4036.080,18.090,2026-07-15 14:41:00,4036.080,停損,-18.220,-1.007,18.090,1.000,120.000,0.070,0.004,3.450,101.554,0.111,False,0.020,0.300,0.130,0.030
2026-07-16,空,02:00,4062.090,4055.690,2026-07-16 03:59:00,4044.640,4062.090,17.450,2026-07-16 23:57:00,3976.450,收盤,68.060,3.900,5.920,0.339,1.000,75.360,4.319,19.967,92.386,0.069,False,0.022,0.000,0.130,0.030
2026-07-16,空,03:00,4061.280,4043.930,2026-07-16 04:24:00,4037.680,4061.280,23.600,2026-07-16 23:57:00,3976.450,收盤,61.100,2.589,8.340,0.353,17.000,68.400,2.898,19.550,92.386,0.188,False,0.022,0.000,0.130,0.020
2026-07-16,空,03:30,4061.280,4033.930,2026-07-16 05:39:00,4027.350,4061.280,33.930,2026-07-16 23:57:00,3976.450,收盤,50.770,1.496,16.010,0.472,565.000,58.070,1.711,18.300,92.386,0.296,False,0.022,0.000,0.130,0.010
2026-07-16,空,06:30,4037.950,4031.980,2026-07-16 08:24:00,4027.260,4037.950,10.690,2026-07-16 14:46:00,4037.950,停損,-10.820,-1.012,10.690,1.000,232.000,6.010,0.562,6.367,92.386,0.065,False,0.022,0.000,0.130,0.050
2026-07-17,多,02:00,3986.440,3975.230,2026-07-17 03:59:00,3991.940,3975.230,16.710,2026-07-17 05:36:00,3975.230,停損,-16.840,-1.008,16.710,1.000,95.000,4.230,0.253,1.617,90.805,0.123,False,0.000,0.273,0.130,0.030
2026-07-17,空,03:30,3996.170,3980.670,2026-07-17 05:39:00,3973.390,3996.170,22.780,2026-07-17 06:18:00,3996.170,停損,-22.910,-1.006,22.780,1.000,38.000,0.850,0.037,0.650,90.805,0.171,True,0.011,0.722,0.130,0.020
2026-07-17,多,07:00,3991.710,3980.240,2026-07-17 09:14:00,3999.760,3980.240,19.520,2026-07-17 15:37:00,3980.240,停損,-19.650,-1.007,19.520,1.000,381.000,7.420,0.380,6.383,90.805,0.126,False,0.033,0.562,0.130,0.030
2026-07-21,多,02:30,4018.500,4003.450,2026-07-21 03:49:00,4024.640,4003.450,21.190,2026-07-21 23:57:00,4077.820,收盤,53.050,2.504,6.280,0.296,11.000,62.390,2.944,20.133,88.154,0.171,True,0.011,0.273,0.130,0.020
2026-07-21,多,03:00,4027.170,4003.870,2026-07-21 04:19:00,4034.590,4003.870,30.720,2026-07-21 23:57:00,4077.820,收盤,43.100,1.403,13.110,0.427,39.000,52.440,1.707,19.633,88.154,0.264,True,0.011,0.231,0.130,0.020
2026-07-21,多,03:30,4035.870,4014.260,2026-07-21 06:04:00,4040.580,4014.260,26.320,2026-07-21 23:57:00,4077.820,收盤,37.110,1.410,3.700,0.141,11.000,46.450,1.765,17.883,88.154,0.245,True,0.011,0.150,0.130,0.020
2026-07-21,多,05:00,4044.960,4022.050,2026-07-21 07:59:00,4049.630,4022.050,27.580,2026-07-21 23:57:00,4077.820,收盤,28.060,1.017,5.120,0.186,526.000,37.400,1.356,15.967,88.154,0.260,True,0.011,0.111,0.130,0.020
2026-07-21,多,05:30,4051.250,4028.060,2026-07-21 08:34:00,4059.710,4028.060,31.650,2026-07-21 23:57:00,4077.820,收盤,17.980,0.568,15.200,0.480,491.000,27.320,0.863,15.383,88.154,0.263,True,0.011,0.100,0.130,0.020
2026-07-21,多,07:30,4056.470,4044.450,2026-07-21 08:39:00,4061.370,4044.450,16.920,2026-07-21 23:57:00,4077.820,收盤,16.320,0.965,16.860,0.996,486.000,25.660,1.517,15.300,88.154,0.136,True,0.011,0.100,0.130,0.030
2026-07-21,多,08:00,4067.960,4046.460,2026-07-21 09:24:00,4073.640,4046.460,27.180,2026-07-21 16:43:00,4046.460,停損,-27.310,-1.005,27.180,1.000,427.000,10.540,0.388,7.317,88.154,0.244,True,0.011,0.091,0.130,0.020
2026-07-21,多,08:30,4074.460,4054.570,2026-07-21 09:49:00,4083.030,4054.570,28.460,2026-07-21 14:45:00,4054.570,停損,-28.590,-1.005,28.460,1.000,260.000,0.330,0.012,4.933,88.154,0.226,True,0.011,0.086,0.130,0.020
2026-07-21,空,10:30,4075.410,4063.070,2026-07-21 14:04:00,4056.850,4075.410,18.560,2026-07-21 18:15:00,4075.410,停損,-18.690,-1.007,18.560,1.000,246.000,12.340,0.665,4.183,88.154,0.140,False,0.045,0.673,0.130,0.030
2026-07-22,多,02:30,4098.760,4076.820,2026-07-22 04:04:00,4110.740,4076.820,33.920,2026-07-22 23:57:00,4129.940,收盤,19.070,0.562,4.000,0.118,712.000,55.330,1.631,19.883,88.061,0.249,True,0.011,0.667,0.130,0.010
2026-07-22,多,03:30,4121.660,4089.650,2026-07-22 05:34:00,4130.170,4089.650,40.520,2026-07-22 23:57:00,4129.940,收盤,-0.360,-0.009,23.430,0.578,622.000,35.900,0.886,18.383,88.061,0.363,True,0.011,0.444,0.130,0.010
2026-07-22,多,04:30,4126.020,4112.980,2026-07-22 05:59:00,4130.480,4112.980,17.500,2026-07-22 10:04:00,4112.980,停損,-17.630,-1.007,17.500,1.000,238.000,11.220,0.641,4.083,88.061,0.148,True,0.011,0.421,0.130,0.030
2026-07-22,多,05:00,4130.860,4119.000,2026-07-22 06:09:00,4137.410,4119.000,18.410,2026-07-22 09:26:00,4119.000,停損,-18.540,-1.007,18.410,1.000,196.000,4.290,0.233,3.283,88.061,0.135,True,0.011,0.400,0.130,0.030
2026-07-22,空,06:00,4141.700,4129.320,2026-07-22 08:19:00,4124.120,4141.700,17.580,2026-07-22 16:31:00,4141.700,停損,-17.710,-1.007,17.580,1.000,491.000,17.380,0.989,8.200,88.061,0.141,False,0.011,0.724,0.130,0.030
2026-07-22,空,05:30,4141.700,4122.220,2026-07-22 09:29:00,4117.450,4141.700,24.250,2026-07-22 16:31:00,4141.700,停損,-24.380,-1.005,24.250,1.000,421.000,10.710,0.442,7.033,88.061,0.221,False,0.011,0.636,0.130,0.020
2026-07-23,空,06:00,4133.030,4124.120,2026-07-23 09:59:00,4118.570,4133.030,14.460,2026-07-23 23:57:00,4049.090,收盤,69.350,4.796,0.860,0.059,1.000,78.400,5.422,13.967,85.764,0.104,False,0.023,0.371,0.130,0.030
2026-07-23,空,06:30,4131.110,4122.550,2026-07-23 10:04:00,4115.250,4131.110,15.860,2026-07-23 23:57:00,4049.090,收盤,66.030,4.163,1.100,0.069,1.000,75.080,4.734,13.883,85.764,0.100,False,0.023,0.361,0.130,0.030
2026-07-23,空,07:30,4130.330,4119.510,2026-07-23 10:09:00,4110.470,4130.330,19.860,2026-07-23 23:57:00,4049.090,收盤,61.250,3.084,1.530,0.077,8.000,70.300,3.540,13.800,85.764,0.126,False,0.023,0.361,0.130,0.030
2026-07-23,空,09:30,4123.890,4102.050,2026-07-23 10:44:00,4095.560,4123.890,28.330,2026-07-23 23:57:00,4049.090,收盤,46.340,1.636,3.890,0.137,80.000,55.390,1.955,13.217,85.764,0.255,False,0.023,0.342,0.130,0.020
2026-07-23,空,10:30,4108.800,4088.690,2026-07-23 14:24:00,4084.100,4108.800,24.700,2026-07-23 23:57:00,4049.090,收盤,34.880,1.412,4.860,0.197,28.000,43.930,1.779,9.550,85.764,0.234,False,0.023,0.245,0.130,0.020
2026-07-24,多,09:30,4050.830,4031.740,2026-07-24 11:54:00,4056.330,4031.740,24.590,2026-07-24 23:56:00,4052.930,收盤,-3.530,-0.144,11.620,0.473,256.000,25.810,1.050,12.033,87.481,0.218,False,0.000,0.721,0.130,0.020
2026-07-24,多,10:00,4053.730,4035.090,2026-07-24 12:54:00,4058.260,4035.090,23.170,2026-07-24 23:56:00,4052.930,收盤,-5.460,-0.236,13.550,0.585,196.000,23.880,1.031,11.033,87.481,0.213,False,0.000,0.660,0.130,0.020
2026-07-29,空,02:30,4029.550,4017.460,2026-07-29 04:04:00,4011.970,4029.550,17.580,2026-07-29 04:39:00,4029.550,停損,-17.710,-1.007,17.580,1.000,34.000,1.330,0.076,0.583,75.483,0.160,True,0.013,0.000,0.130,0.030
2026-07-29,多,02:00,4026.290,4015.070,2026-07-29 05:24:00,4033.280,4015.070,18.210,2026-07-29 15:22:00,4015.070,停損,-18.340,-1.007,18.210,1.000,597.000,14.490,0.796,9.967,75.483,0.149,False,0.013,0.706,0.130,0.030
2026-07-29,多,04:00,4030.530,4010.360,2026-07-29 05:39:00,4035.250,4010.360,24.890,2026-07-29 15:30:00,4010.360,停損,-25.020,-1.005,24.890,1.000,590.000,12.520,0.503,9.850,75.483,0.267,False,0.013,0.667,0.130,0.020
2026-07-29,多,07:00,4027.690,4020.620,2026-07-29 08:34:00,4031.990,4020.620,11.370,2026-07-29 15:17:00,4020.620,停損,-11.500,-1.011,11.370,1.000,402.000,15.780,1.388,6.717,75.483,0.094,False,0.013,0.400,0.130,0.040
2026-07-29,多,06:00,4032.720,4023.200,2026-07-29 08:44:00,4039.150,4023.200,15.950,2026-07-29 15:16:00,4023.200,停損,-16.080,-1.008,15.950,1.000,323.000,8.620,0.540,6.533,75.483,0.126,False,0.013,0.400,0.130,0.030
2026-07-29,多,08:00,4040.090,4026.680,2026-07-29 10:09:00,4044.740,4026.680,18.060,2026-07-29 13:43:00,4026.680,停損,-18.190,-1.007,18.060,1.000,213.000,3.030,0.168,3.567,75.483,0.178,False,0.013,0.333,0.130,0.030
2026-07-29,空,10:30,4047.520,4035.720,2026-07-29 13:14:00,4031.940,4047.520,15.580,2026-07-29 20:13:00,4047.520,停損,-15.710,-1.008,15.580,1.000,418.000,35.940,2.307,6.983,75.483,0.156,True,0.000,0.771,0.130,0.030
2026-07-30,多,08:00,4051.320,4028.470,2026-07-30 11:19:00,4056.880,4028.470,28.410,2026-07-30 23:57:00,4102.900,收盤,45.890,1.615,1.080,0.038,1.000,63.320,2.229,12.633,81.146,0.282,True,0.012,0.732,0.130,0.020
2026-07-30,多,10:30,4068.470,4036.160,2026-07-30 13:19:00,4075.610,4036.160,39.450,2026-07-30 23:57:00,4102.900,收盤,27.160,0.688,10.440,0.265,161.000,44.590,1.130,10.633,81.146,0.398,True,0.012,0.612,0.130,0.010
2026-07-31,空,02:00,4111.740,4102.290,2026-07-31 03:29:00,4096.450,4111.740,15.290,2026-07-31 23:56:00,4043.810,收盤,52.510,3.434,5.180,0.339,39.000,75.330,4.927,20.450,80.573,0.117,False,0.000,0.444,0.130,0.030
2026-07-31,空,02:30,4110.080,4096.160,2026-07-31 04:14:00,4088.940,4110.080,21.140,2026-07-31 23:56:00,4043.810,收盤,45.000,2.129,6.140,0.290,7.000,67.820,3.208,19.700,80.573,0.173,False,0.000,0.333,0.130,0.020
2026-07-31,空,03:00,4107.100,4090.540,2026-07-31 04:39:00,4084.900,4107.100,22.200,2026-07-31 23:56:00,4043.810,收盤,40.960,1.845,5.550,0.250,32.000,63.780,2.873,19.283,80.573,0.206,False,0.000,0.286,0.130,0.020
2026-07-31,空,03:30,4101.630,4086.690,2026-07-31 05:19:00,4082.570,4101.630,19.060,2026-07-31 23:56:00,4043.810,收盤,38.630,2.027,4.950,0.260,240.000,61.450,3.224,18.617,80.573,0.185,False,0.000,0.235,0.130,0.030
2026-07-31,空,04:00,4101.630,4082.130,2026-07-31 05:44:00,4075.550,4101.630,26.080,2026-07-31 23:56:00,4043.810,收盤,31.610,1.212,11.970,0.459,215.000,54.430,2.087,18.200,80.573,0.242,False,0.000,0.222,0.130,0.020
2026-07-31,空,07:30,4083.240,4074.810,2026-07-31 10:34:00,4069.730,4083.240,13.510,2026-07-31 23:56:00,4043.810,收盤,25.790,1.909,4.650,0.344,15.000,48.610,3.598,13.367,80.573,0.105,False,0.000,0.105,0.130,0.040
2026-07-31,空,08:00,4083.240,4073.360,2026-07-31 10:59:00,4067.740,4083.240,15.500,2026-07-31 23:56:00,4043.810,收盤,23.800,1.535,0.000,0.000,1.000,46.620,3.008,12.950,80.573,0.123,False,0.000,0.103,0.130,0.030
2026-07-31,空,10:00,4079.230,4067.600,2026-07-31 11:04:00,4063.360,4079.230,15.870,2026-07-31 23:56:00,4043.810,收盤,19.420,1.224,3.830,0.241,16.000,42.240,2.662,12.867,80.573,0.144,False,0.000,0.100,0.130,0.030
2026-07-31,空,10:30,4074.380,4058.040,2026-07-31 12:24:00,4052.700,4074.380,21.680,2026-07-31 23:56:00,4043.810,收盤,8.760,0.404,8.350,0.385,120.000,31.580,1.457,11.533,80.573,0.203,False,0.000,0.089,0.130,0.020
2026-08-04,多,02:00,4055.060,4050.210,2026-08-04 03:04:00,4059.730,4050.210,9.520,2026-08-04 03:59:00,4050.210,停損,-9.650,-1.014,9.520,1.000,54.000,9.610,1.009,0.917,83.963,0.058,False,0.012,0.000,0.130,0.050
2026-08-05,多,02:00,4077.150,4065.500,2026-08-05 03:54:00,4083.360,4065.500,17.860,2026-08-05 23:57:00,4246.230,收盤,162.740,9.112,5.760,0.323,9.000,184.350,10.322,20.050,81.617,0.143,True,0.000,0.455,0.130,0.030
2026-08-05,多,03:00,4083.490,4070.430,2026-08-05 04:19:00,4087.920,4070.430,17.490,2026-08-05 23:57:00,4246.230,收盤,158.180,9.044,7.710,0.441,15.000,179.790,10.280,19.633,81.617,0.160,True,0.000,0.385,0.130,0.030
2026-08-05,多,03:30,4088.680,4077.600,2026-08-05 04:44:00,4093.120,4077.600,15.520,2026-08-05 23:57:00,4246.230,收盤,152.980,9.857,0.330,0.021,1.000,174.590,11.249,19.217,81.617,0.136,True,0.000,0.357,0.130,0.030
2026-08-05,多,04:00,4102.670,4077.600,2026-08-05 05:34:00,4107.800,4077.600,30.200,2026-08-05 23:57:00,4246.230,收盤,138.300,4.579,0.030,0.001,1.000,159.910,5.295,18.383,81.617,0.307,True,0.000,0.278,0.130,0.020
2026-08-05,多,04:30,4108.500,4080.210,2026-08-05 05:39:00,4120.360,4080.210,40.150,2026-08-05 23:57:00,4246.230,收盤,125.740,3.132,0.370,0.009,1.000,147.350,3.670,18.300,81.617,0.347,True,0.000,0.278,0.130,0.010
2026-08-05,多,05:00,4135.330,4095.530,2026-08-05 07:09:00,4139.480,4095.530,43.950,2026-08-05 23:57:00,4246.230,收盤,106.620,2.426,6.950,0.158,42.000,128.230,2.918,16.800,81.617,0.488,True,0.000,0.208,0.130,0.010
2026-08-05,多,05:30,4136.570,4101.530,2026-08-05 07:19:00,4140.750,4101.530,39.220,2026-08-05 23:57:00,4246.230,收盤,105.350,2.686,8.220,0.210,32.000,126.960,3.237,16.633,81.617,0.429,True,0.000,0.200,0.130,0.010
2026-08-05,多,06:30,4141.420,4127.550,2026-08-05 08:39:00,4152.220,4127.550,24.670,2026-08-05 23:57:00,4246.230,收盤,93.880,3.805,2.630,0.107,1.000,115.490,4.681,15.300,81.617,0.170,True,0.000,0.167,0.130,0.020
2026-08-05,多,08:00,4172.910,4134.740,2026-08-05 09:59:00,4177.570,4134.740,42.830,2026-08-05 23:57:00,4246.230,收盤,68.530,1.600,27.380,0.639,197.000,90.140,2.105,13.967,81.617,0.468,True,0.000,0.143,0.130,0.010
2026-08-05,空,09:30,4179.480,4163.170,2026-08-05 12:24:00,4157.370,4179.480,22.110,2026-08-05 14:28:00,4179.480,停損,-22.240,-1.006,22.110,1.000,123.000,7.180,0.325,2.067,81.617,0.200,False,0.012,0.800,0.130,0.020
2026-08-06,多,02:00,4281.910,4249.110,2026-08-06 03:49:00,4287.790,4249.110,38.680,2026-08-06 08:30:00,4249.110,停損,-38.810,-1.003,38.680,1.000,220.000,16.320,0.422,4.683,92.913,0.353,True,0.022,0.000,0.130,0.010
2026-08-06,多,02:30,4284.710,4261.050,2026-08-06 03:54:00,4296.630,4261.050,35.580,2026-08-06 06:27:00,4261.050,停損,-35.710,-1.004,35.580,1.000,152.000,7.480,0.210,2.550,92.913,0.255,True,0.022,0.000,0.130,0.010
2026-08-06,空,03:30,4302.730,4272.990,2026-08-06 06:19:00,4267.220,4302.730,35.510,2026-08-06 23:57:00,4240.270,收盤,26.820,0.755,17.550,0.494,364.000,43.790,1.233,17.633,92.913,0.320,False,0.022,0.762,0.130,0.010
2026-08-06,空,05:30,4292.400,4260.930,2026-08-06 07:29:00,4255.360,4292.400,37.040,2026-08-06 23:57:00,4240.270,收盤,14.960,0.404,29.410,0.794,294.000,31.930,0.862,16.467,92.913,0.339,False,0.022,0.640,0.130,0.010
2026-08-06,多,08:00,4268.490,4247.270,2026-08-06 11:34:00,4273.630,4247.270,26.360,2026-08-06 16:05:00,4247.270,停損,-26.490,-1.005,26.360,1.000,265.000,11.140,0.423,4.517,92.913,0.228,True,0.022,0.000,0.130,0.020
2026-08-06,多,10:30,4270.520,4252.620,2026-08-06 11:59:00,4278.270,4252.620,25.650,2026-08-06 15:52:00,4252.620,停損,-25.780,-1.005,25.650,1.000,232.000,6.500,0.253,3.883,92.913,0.193,True,0.022,0.000,0.130,0.020
2026-08-07,空,02:00,4253.250,4240.320,2026-08-07 03:39:00,4235.610,4253.250,17.640,2026-08-07 04:43:00,4253.250,停損,-17.770,-1.007,17.640,1.000,63.000,5.880,0.333,1.067,90.894,0.142,True,0.011,0.700,0.130,0.030
2026-08-07,空,02:30,4253.250,4239.200,2026-08-07 03:49:00,4231.350,4253.250,21.900,2026-08-07 04:43:00,4253.250,停損,-22.030,-1.006,21.900,1.000,53.000,1.620,0.074,0.900,90.894,0.155,True,0.011,0.636,0.130,0.020
2026-08-07,多,03:30,4250.280,4229.730,2026-08-07 04:44:00,4256.740,4229.730,27.010,2026-08-07 23:56:00,4341.320,收盤,84.450,3.127,9.580,0.355,62.000,115.090,4.261,19.200,90.894,0.226,False,0.011,0.786,0.130,0.020
2026-08-07,多,03:00,4252.980,4229.730,2026-08-07 05:04:00,4261.160,4229.730,31.430,2026-08-07 23:56:00,4341.320,收盤,80.030,2.546,14.000,0.445,42.000,110.670,3.521,18.867,90.894,0.256,False,0.011,0.688,0.130,0.020
2026-08-07,多,04:00,4259.350,4231.730,2026-08-07 06:59:00,4266.090,4231.730,34.360,2026-08-07 23:56:00,4341.320,收盤,75.100,2.186,5.330,0.155,43.000,105.740,3.077,16.950,90.894,0.304,False,0.011,0.478,0.130,0.010
2026-08-07,多,04:30,4261.680,4239.300,2026-08-07 07:09:00,4266.550,4239.300,27.250,2026-08-07 23:56:00,4341.320,收盤,74.640,2.739,5.790,0.212,33.000,105.280,3.863,16.783,90.894,0.246,False,0.011,0.458,0.130,0.020
2026-08-07,多,06:00,4266.330,4249.630,2026-08-07 08:34:00,4275.110,4249.630,25.480,2026-08-07 23:56:00,4341.320,收盤,66.080,2.593,4.490,0.176,8.000,96.720,3.796,15.367,90.894,0.184,False,0.011,0.367,0.130,0.020
2026-08-07,多,07:30,4271.270,4260.760,2026-08-07 08:49:00,4276.420,4260.760,15.660,2026-08-07 23:56:00,4341.320,收盤,64.770,4.136,2.750,0.176,5.000,95.410,6.093,15.117,90.894,0.116,False,0.011,0.355,0.130,0.030
2026-08-07,多,08:00,4280.540,4261.940,2026-08-07 09:14:00,4286.720,4261.940,24.780,2026-08-07 23:56:00,4341.320,收盤,54.470,2.198,6.630,0.268,16.000,85.110,3.435,14.700,90.894,0.205,False,0.011,0.344,0.130,0.020
2026-08-07,多,08:30,4291.320,4266.110,2026-08-07 09:59:00,4297.280,4266.110,31.170,2026-08-07 23:56:00,4341.320,收盤,43.910,1.409,14.340,0.460,50.000,74.550,2.392,13.950,90.894,0.277,False,0.011,0.314,0.130,0.020
2026-08-07,多,09:00,4298.770,4278.480,2026-08-07 11:34:00,4313.930,4278.480,35.450,2026-08-07 23:56:00,4341.320,收盤,27.260,0.769,12.750,0.360,3.000,57.900,1.633,12.367,90.894,0.223,False,0.011,0.262,0.130,0.010
2026-08-11,多,02:30,4416.110,4395.360,2026-08-11 04:49:00,4426.510,4395.360,31.150,2026-08-11 08:25:00,4395.360,停損,-31.270,-1.004,31.150,1.000,212.000,8.640,0.277,3.600,100.942,0.206,True,0.030,0.000,0.120,0.020
2026-08-11,空,04:30,4435.150,4414.620,2026-08-11 07:49:00,4407.450,4435.150,27.700,2026-08-11 23:57:00,4367.920,收盤,39.410,1.423,1.850,0.067,10.000,50.690,1.830,16.133,100.942,0.203,False,0.010,0.630,0.120,0.020
2026-08-11,空,05:00,4435.150,4408.050,2026-08-11 08:14:00,4402.190,4435.150,32.960,2026-08-11 23:57:00,4367.920,收盤,34.150,1.036,2.050,0.062,512.000,45.430,1.378,15.717,100.942,0.268,False,0.010,0.607,0.120,0.020
2026-08-11,空,07:00,4420.320,4403.440,2026-08-11 08:24:00,4397.930,4420.320,22.390,2026-08-11 23:57:00,4367.920,收盤,29.890,1.335,6.310,0.282,502.000,41.170,1.839,15.550,100.942,0.167,False,0.010,0.586,0.120,0.020
2026-08-11,空,07:30,4420.320,4390.980,2026-08-11 08:34:00,4384.420,4420.320,35.900,2026-08-11 23:57:00,4367.920,收盤,16.380,0.456,19.820,0.552,492.000,27.660,0.770,15.383,100.942,0.291,False,0.010,0.567,0.120,0.010
2026-08-11,空,08:00,4409.030,4367.540,2026-08-11 09:54:00,4361.510,4409.030,47.520,2026-08-11 23:57:00,4367.920,收盤,-6.530,-0.137,42.730,0.899,412.000,4.750,0.100,14.050,100.942,0.411,False,0.010,0.486,0.120,0.010
2026-08-12,多,02:00,4374.550,4362.430,2026-08-12 03:19:00,4379.890,4362.430,17.460,2026-08-12 23:57:00,4408.860,收盤,28.850,1.652,2.220,0.127,37.000,61.310,3.511,20.633,101.705,0.119,False,0.029,0.444,0.120,0.030
2026-08-12,多,02:30,4381.150,4366.540,2026-08-12 04:09:00,4387.220,4366.540,20.680,2026-08-12 23:57:00,4408.860,收盤,21.520,1.041,3.950,0.191,681.000,53.980,2.610,19.800,101.705,0.144,False,0.029,0.333,0.120,0.020
2026-08-12,多,03:00,4383.700,4366.540,2026-08-12 04:14:00,4390.370,4366.540,23.830,2026-08-12 23:57:00,4408.860,收盤,18.370,0.771,7.100,0.298,676.000,50.830,2.133,19.717,101.705,0.169,False,0.029,0.333,0.120,0.020
2026-08-12,多,03:30,4394.050,4377.670,2026-08-12 05:14:00,4401.840,4377.670,24.170,2026-08-12 23:57:00,4408.860,收盤,6.900,0.285,18.570,0.768,616.000,39.360,1.628,18.717,101.705,0.161,False,0.029,0.250,0.120,0.020
2026-08-12,多,04:00,4397.430,4378.420,2026-08-12 05:44:00,4405.610,4378.420,27.190,2026-08-12 23:57:00,4408.860,收盤,3.130,0.115,22.340,0.822,586.000,35.590,1.309,18.217,101.705,0.187,False,0.029,0.222,0.120,0.020
2026-08-12,多,04:30,4404.760,4385.270,2026-08-12 05:54:00,4413.730,4385.270,28.460,2026-08-12 08:49:00,4385.270,停損,-28.580,-1.004,28.460,1.000,174.000,2.380,0.084,2.917,101.705,0.192,False,0.029,0.211,0.120,0.020
2026-08-12,空,06:00,4416.110,4400.890,2026-08-12 08:24:00,4394.140,4416.110,21.970,2026-08-12 12:15:00,4416.110,停損,-22.090,-1.005,21.970,1.000,230.000,10.110,0.460,3.850,101.705,0.150,True,0.020,0.690,0.120,0.020
2026-08-12,空,05:30,4416.110,4397.890,2026-08-12 08:29:00,4392.690,4416.110,23.420,2026-08-12 12:15:00,4416.110,停損,-23.540,-1.005,23.420,1.000,225.000,8.660,0.370,3.767,101.705,0.179,True,0.020,0.690,0.120,0.020
2026-08-12,空,05:00,4414.460,4394.260,2026-08-12 08:44:00,4388.170,4414.460,26.290,2026-08-12 12:15:00,4414.460,停損,-26.410,-1.005,26.290,1.000,210.000,4.140,0.157,3.517,101.705,0.199,True,0.020,0.667,0.120,0.020
2026-08-12,多,08:30,4396.970,4384.030,2026-08-12 09:59:00,4403.400,4384.030,19.370,2026-08-12 15:30:00,4384.030,停損,-19.490,-1.006,19.370,1.000,21.000,22.180,1.145,5.517,101.705,0.127,False,0.029,0.114,0.120,0.030
2026-08-12,多,09:00,4406.340,4385.220,2026-08-12 12:14:00,4413.060,4385.220,27.840,2026-08-12 15:30:00,4385.220,停損,-27.960,-1.004,27.840,1.000,191.000,12.520,0.450,3.267,101.705,0.208,False,0.029,0.091,0.120,0.020
2026-08-12,多,10:00,4410.040,4398.210,2026-08-12 12:19:00,4415.510,4398.210,17.300,2026-08-12 15:30:00,4398.210,停損,-17.420,-1.007,17.300,1.000,186.000,10.070,0.582,3.183,101.705,0.116,False,0.029,0.089,0.120,0.030
2026-08-12,多,10:30,4410.500,4401.430,2026-08-12 12:24:00,4423.710,4401.430,22.280,2026-08-12 15:30:00,4401.430,停損,-22.400,-1.005,22.280,1.000,181.000,1.870,0.084,3.100,101.705,0.089,False,0.029,0.089,0.120,0.020
2026-08-13,多,02:00,4414.470,4401.550,2026-08-13 03:09:00,4421.130,4401.550,19.580,2026-08-13 05:33:00,4401.550,停損,-19.700,-1.006,19.580,1.000,143.000,28.640,1.463,2.400,97.541,0.132,True,0.000,0.125,0.120,0.030
2026-08-13,多,02:30,4437.550,4407.370,2026-08-13 03:34:00,4444.630,4407.370,37.260,2026-08-13 04:58:00,4407.370,停損,-37.380,-1.003,37.260,1.000,78.000,0.830,0.022,1.400,97.541,0.309,True,0.000,0.100,0.120,0.010
2026-08-14,空,02:00,4364.180,4349.230,2026-08-14 03:29:00,4339.530,4364.180,24.650,2026-08-14 14:50:00,4364.180,停損,-24.770,-1.005,24.650,1.000,670.000,28.470,1.155,11.350,98.968,0.151,True,0.010,0.778,0.120,0.020
2026-08-14,空,02:30,4364.180,4339.530,2026-08-14 03:49:00,4333.870,4364.180,30.310,2026-08-14 14:50:00,4364.180,停損,-30.430,-1.004,30.310,1.000,650.000,22.810,0.753,11.017,98.968,0.249,True,0.010,0.636,0.120,0.020
2026-08-14,空,03:00,4362.050,4329.430,2026-08-14 04:14:00,4324.210,4362.050,37.840,2026-08-14 14:35:00,4362.050,停損,-37.960,-1.003,37.840,1.000,620.000,13.150,0.348,10.350,98.968,0.330,True,0.010,0.583,0.120,0.010
2026-08-14,多,05:00,4322.800,4311.060,2026-08-14 08:54:00,4329.560,4311.060,18.500,2026-08-14 23:56:00,4375.680,收盤,46.000,2.486,1.540,0.083,46.000,67.450,3.646,15.033,98.968,0.119,False,0.000,0.516,0.120,0.030
2026-08-14,多,05:30,4326.130,4311.670,2026-08-14 08:59:00,4333.650,4311.670,21.980,2026-08-14 23:56:00,4375.680,收盤,41.910,1.907,5.630,0.256,41.000,63.360,2.883,14.950,98.968,0.146,False,0.000,0.516,0.120,0.020
2026-08-14,多,08:00,4333.650,4311.100,2026-08-14 10:44:00,4339.740,4311.100,28.640,2026-08-14 23:56:00,4375.680,收盤,35.820,1.251,0.250,0.009,3.000,57.270,2.000,13.200,98.968,0.228,False,0.000,0.421,0.120,0.020
2026-08-14,多,08:30,4336.650,4311.100,2026-08-14 10:49:00,4342.550,4311.100,31.450,2026-08-14 23:56:00,4375.680,收盤,33.010,1.050,0.960,0.031,3.000,54.460,1.732,13.117,98.968,0.258,False,0.000,0.410,0.120,0.020
2026-08-14,多,10:00,4345.260,4329.730,2026-08-14 12:14:00,4350.820,4329.730,21.090,2026-08-14 23:56:00,4375.680,收盤,24.740,1.173,2.510,0.119,79.000,46.190,2.190,11.700,98.968,0.157,False,0.000,0.364,0.120,0.020
2026-08-14,多,10:30,4349.160,4331.670,2026-08-14 12:54:00,4354.840,4331.670,23.170,2026-08-14 23:56:00,4375.680,收盤,20.720,0.894,6.530,0.282,39.000,42.170,1.820,11.033,98.968,0.177,False,0.000,0.340,0.120,0.020
2026-08-18,多,02:00,4426.040,4409.830,2026-08-18 03:29:00,4431.500,4409.830,21.670,2026-08-18 04:45:00,4409.830,停損,-21.790,-1.006,21.670,1.000,75.000,4.660,0.215,1.267,98.124,0.165,True,0.010,0.444,0.120,0.020
2026-08-18,空,04:00,4436.160,4404.350,2026-08-18 05:34:00,4396.370,4436.160,39.790,2026-08-18 23:57:00,4334.810,收盤,61.440,1.544,10.220,0.257,667.000,67.180,1.688,18.383,98.124,0.324,False,0.010,0.667,0.120,0.010
2026-08-18,空,04:30,4426.260,4398.590,2026-08-18 06:54:00,4392.160,4426.260,34.100,2026-08-18 23:57:00,4334.810,收盤,57.230,1.678,14.430,0.423,587.000,62.970,1.847,17.050,98.124,0.282,False,0.010,0.522,0.120,0.010
2026-08-18,空,05:00,4408.150,4394.330,2026-08-18 08:34:00,4386.960,4408.150,21.190,2026-08-18 23:57:00,4334.810,收盤,52.030,2.455,19.630,0.926,487.000,57.770,2.726,15.383,98.124,0.141,False,0.010,0.400,0.120,0.020
2026-08-18,空,09:30,4403.420,4395.190,2026-08-18 11:24:00,4388.650,4403.420,14.770,2026-08-18 16:41:00,4403.420,停損,-14.890,-1.008,14.770,1.000,315.000,11.110,0.752,5.283,98.124,0.084,False,0.010,0.293,0.120,0.030
2026-08-19,多,02:00,4338.380,4327.190,2026-08-19 03:19:00,4343.660,4327.190,16.470,2026-08-19 04:02:00,4327.190,停損,-16.590,-1.007,16.470,1.000,42.000,3.550,0.216,0.717,102.444,0.109,False,0.020,0.667,0.120,0.030
2026-08-19,多,08:30,4348.330,4335.160,2026-08-19 10:24:00,4354.310,4335.160,19.150,2026-08-19 23:57:00,4523.030,收盤,168.600,8.804,3.160,0.165,38.000,169.960,8.875,13.550,102.444,0.129,False,0.029,0.324,0.120,0.030
2026-08-19,多,08:00,4350.710,4335.160,2026-08-19 10:29:00,4356.720,4335.160,21.560,2026-08-19 23:57:00,4523.030,收盤,166.190,7.708,5.570,0.258,33.000,167.550,7.771,13.467,102.444,0.152,False,0.029,0.324,0.120,0.020
2026-08-19,多,07:30,4352.090,4336.740,2026-08-19 10:34:00,4359.510,4336.740,22.770,2026-08-19 23:57:00,4523.030,收盤,163.400,7.176,8.360,0.367,28.000,164.760,7.236,13.383,102.444,0.150,False,0.029,0.316,0.120,0.020
2026-08-19,多,09:30,4357.030,4337.160,2026-08-19 11:44:00,4362.600,4337.160,25.440,2026-08-19 23:57:00,4523.030,收盤,160.310,6.301,9.100,0.358,35.000,161.670,6.355,12.217,102.444,0.194,False,0.029,0.286,0.120,0.020
2026-08-19,多,10:00,4363.170,4347.480,2026-08-19 13:19:00,4368.530,4347.480,21.050,2026-08-19 23:57:00,4523.030,收盤,154.380,7.334,6.420,0.305,104.000,155.740,7.399,10.633,102.444,0.153,False,0.029,0.245,0.120,0.020
2026-08-20,空,02:00,4523.660,4511.420,2026-08-20 03:44:00,4506.310,4523.660,17.350,2026-08-20 18:01:00,4523.660,停損,-17.470,-1.007,17.350,1.000,856.000,55.660,3.208,14.283,102.181,0.120,False,0.039,0.000,0.120,0.030
2026-08-20,空,02:30,4521.210,4508.640,2026-08-20 04:04:00,4493.250,4521.210,27.960,2026-08-20 18:01:00,4521.210,停損,-28.080,-1.004,27.960,1.000,836.000,42.600,1.524,13.950,102.181,0.123,False,0.039,0.000,0.120,0.020
2026-08-20,空,03:30,4513.220,4491.730,2026-08-20 04:54:00,4485.140,4513.220,28.080,2026-08-20 17:57:00,4513.220,停損,-28.200,-1.004,28.080,1.000,782.000,34.490,1.228,13.050,102.181,0.210,False,0.039,0.000,0.120,0.020
2026-08-20,空,06:30,4501.020,4489.810,2026-08-20 08:19:00,4484.600,4501.020,16.420,2026-08-20 17:44:00,4501.020,停損,-16.540,-1.007,16.420,1.000,558.000,33.950,2.068,9.417,102.181,0.110,False,0.039,0.000,0.120,0.030
2026-08-20,空,05:00,4499.700,4488.570,2026-08-20 08:29:00,4483.260,4499.700,16.440,2026-08-20 17:36:00,4499.700,停損,-16.560,-1.007,16.440,1.000,170.000,32.610,1.984,9.117,102.181,0.109,False,0.039,0.000,0.120,0.030
2026-08-20,空,05:30,4497.020,4488.040,2026-08-20 08:34:00,4480.390,4497.020,16.630,2026-08-20 11:16:00,4497.020,停損,-16.750,-1.007,16.630,1.000,43.000,2.450,0.147,2.700,102.181,0.088,False,0.039,0.000,0.120,0.030
2026-08-21,多,06:00,4538.380,4526.790,2026-08-21 07:29:00,4546.840,4526.790,20.050,2026-08-21 23:56:00,4603.370,收盤,56.410,2.813,17.660,0.881,61.000,85.380,4.258,16.450,103.143,0.112,False,0.010,0.480,0.120,0.020
2026-08-21,多,05:00,4542.940,4518.350,2026-08-21 08:59:00,4553.650,4518.350,35.300,2026-08-21 23:56:00,4603.370,收盤,49.600,1.405,8.070,0.229,12.000,78.570,2.226,14.950,103.143,0.238,False,0.010,0.387,0.120,0.010
2026-08-21,多,08:00,4556.300,4529.180,2026-08-21 09:39:00,4564.940,4529.180,35.760,2026-08-21 23:56:00,4603.370,收盤,38.310,1.071,6.390,0.179,31.000,67.280,1.881,14.283,103.143,0.263,False,0.010,0.353,0.120,0.010
2026-08-21,多,09:00,4567.630,4545.580,2026-08-21 11:24:00,4577.680,4545.580,32.100,2026-08-21 23:56:00,4603.370,收盤,25.570,0.797,14.120,0.440,256.000,54.540,1.699,12.533,103.143,0.214,False,0.010,0.293,0.120,0.020
2026-08-21,多,10:30,4581.860,4559.190,2026-08-21 12:09:00,4595.630,4559.190,36.440,2026-08-21 23:56:00,4603.370,收盤,7.620,0.209,32.070,0.880,211.000,36.590,1.004,11.783,103.143,0.220,False,0.010,0.273,0.120,0.010
2026-08-25,多,02:00,4682.740,4666.910,2026-08-25 03:14:00,4690.590,4666.910,23.680,2026-08-25 04:24:00,4666.910,停損,-23.800,-1.005,23.680,1.000,69.000,6.160,0.260,1.167,101.707,0.156,True,0.039,0.000,0.120,0.020
2026-08-25,空,03:00,4696.750,4675.480,2026-08-25 04:24:00,4666.880,4696.750,29.870,2026-08-25 23:57:00,4658.600,收盤,8.160,0.273,8.800,0.295,25.000,61.590,2.062,19.550,101.707,0.209,False,0.020,0.769,0.120,0.020
2026-08-25,空,02:30,4691.680,4667.710,2026-08-25 04:59:00,4658.040,4691.680,33.640,2026-08-25 23:57:00,4658.600,收盤,-0.680,-0.020,11.000,0.327,1091.000,52.750,1.568,18.967,101.707,0.236,False,0.020,0.667,0.120,0.010
2026-08-25,空,04:00,4686.540,4656.610,2026-08-25 05:04:00,4651.330,4686.540,35.210,2026-08-25 23:57:00,4658.600,收盤,-7.390,-0.210,17.710,0.503,1086.000,46.040,1.308,18.883,101.707,0.294,False,0.020,0.625,0.120,0.010
2026-08-25,空,04:30,4675.680,4638.410,2026-08-25 05:44:00,4631.580,4675.680,44.100,2026-08-25 23:57:00,4658.600,收盤,-27.140,-0.615,37.460,0.849,1046.000,26.290,0.596,18.217,101.707,0.366,False,0.020,0.556,0.120,0.010
2026-08-25,多,07:00,4637.780,4623.860,2026-08-25 08:19:00,4644.210,4623.860,20.350,2026-08-25 11:08:00,4623.860,停損,-20.470,-1.006,20.350,1.000,165.000,9.290,0.457,2.817,101.707,0.137,True,0.039,0.655,0.120,0.020
2026-08-25,多,06:00,4641.360,4622.290,2026-08-25 08:29:00,4646.600,4622.290,24.310,2026-08-25 11:08:00,4622.290,停損,-24.430,-1.005,24.310,1.000,155.000,6.900,0.284,2.650,101.707,0.187,True,0.039,0.655,0.120,0.020
2026-08-25,空,09:00,4653.500,4637.150,2026-08-25 10:54:00,4631.570,4653.500,21.930,2026-08-25 18:35:00,4653.500,停損,-22.050,-1.005,21.930,1.000,460.000,26.280,1.198,7.683,101.707,0.161,False,0.020,0.256,0.120,0.020
2026-08-25,空,08:30,4653.450,4635.990,2026-08-25 10:59:00,4630.150,4653.450,23.300,2026-08-25 18:35:00,4653.450,停損,-23.420,-1.005,23.300,1.000,455.000,24.860,1.067,7.600,101.707,0.172,False,0.020,0.256,0.120,0.020
2026-08-25,空,09:30,4653.500,4634.270,2026-08-25 11:04:00,4625.930,4653.500,27.570,2026-08-25 18:35:00,4653.500,停損,-27.690,-1.004,27.570,1.000,450.000,20.640,0.749,7.517,101.707,0.189,False,0.020,0.250,0.120,0.020
2026-08-25,空,10:00,4643.800,4629.820,2026-08-25 11:09:00,4623.300,4643.800,20.500,2026-08-25 11:24:00,4643.800,停損,-20.620,-1.006,20.500,1.000,14.000,0.400,0.020,0.250,101.707,0.137,False,0.020,0.250,0.120,0.020
2026-08-26,空,02:00,4673.520,4653.280,2026-08-26 03:24:00,4645.330,4673.520,28.190,2026-08-26 23:57:00,4594.090,收盤,51.120,1.813,25.440,0.902,139.000,62.200,2.206,20.550,103.014,0.196,False,0.000,0.333,0.120,0.020
2026-08-26,空,02:30,4661.410,4643.060,2026-08-26 03:44:00,4637.030,4661.410,24.380,2026-08-26 05:08:00,4661.410,停損,-24.500,-1.005,24.380,1.000,74.000,7.260,0.298,1.400,103.014,0.178,False,0.000,0.300,0.120,0.020
2026-08-26,多,03:30,4650.420,4629.770,2026-08-26 04:59:00,4657.050,4629.770,27.280,2026-08-26 09:22:00,4629.770,停損,-27.400,-1.004,27.280,1.000,262.000,13.720,0.503,4.383,103.014,0.200,True,0.049,0.800,0.120,0.020
2026-08-26,多,03:00,4657.860,4634.490,2026-08-26 05:34:00,4663.780,4634.490,29.290,2026-08-26 09:16:00,4634.490,停損,-29.410,-1.004,29.290,1.000,221.000,6.990,0.239,3.700,103.014,0.227,True,0.049,0.667,0.120,0.020
2026-08-26,多,04:00,4660.920,4629.770,2026-08-26 05:44:00,4667.320,4629.770,37.550,2026-08-26 09:22:00,4629.770,停損,-37.670,-1.003,37.550,1.000,217.000,1.820,0.048,3.633,103.014,0.302,True,0.049,0.667,0.120,0.010
2026-08-26,空,05:00,4670.770,4654.920,2026-08-26 06:14:00,4648.280,4670.770,22.490,2026-08-26 23:57:00,4594.090,收盤,54.070,2.404,3.080,0.137,24.000,65.150,2.897,17.717,103.014,0.154,False,0.000,0.150,0.120,0.020
2026-08-26,空,05:30,4670.770,4645.950,2026-08-26 07:39:00,4640.430,4670.770,30.340,2026-08-26 23:57:00,4594.090,收盤,46.220,1.523,9.120,0.301,51.000,57.300,1.889,16.300,103.014,0.241,False,0.000,0.115,0.120,0.020
2026-08-26,空,06:00,4658.690,4642.630,2026-08-26 09:19:00,4634.200,4658.690,24.490,2026-08-26 23:57:00,4594.090,收盤,39.990,1.633,5.150,0.210,46.000,51.070,2.085,14.633,103.014,0.156,False,0.000,0.091,0.120,0.020
2026-08-26,空,07:00,4644.410,4638.880,2026-08-26 09:24:00,4627.210,4644.410,17.200,2026-08-26 23:57:00,4594.090,收盤,33.000,1.919,12.140,0.706,41.000,44.080,2.563,14.550,103.014,0.054,False,0.000,0.091,0.120,0.030
2026-08-26,空,10:00,4639.350,4626.510,2026-08-26 12:19:00,4621.260,4639.350,18.090,2026-08-26 23:57:00,4594.090,收盤,27.050,1.495,12.280,0.679,281.000,38.130,2.108,11.633,103.014,0.125,False,0.000,0.067,0.120,0.030
2026-08-26,空,08:30,4649.550,4624.800,2026-08-26 12:24:00,4619.080,4649.550,30.470,2026-08-26 23:57:00,4594.090,收盤,24.870,0.816,14.460,0.475,276.000,35.950,1.180,11.550,103.014,0.240,False,0.000,0.067,0.120,0.020
2026-08-26,空,10:30,4636.440,4622.230,2026-08-26 12:29:00,4616.850,4636.440,19.590,2026-08-26 23:57:00,4594.090,收盤,22.640,1.156,16.690,0.852,271.000,33.720,1.721,11.467,103.014,0.138,False,0.000,0.067,0.120,0.030
2026-08-27,空,02:30,4627.110,4613.420,2026-08-27 03:44:00,4606.170,4627.110,20.940,2026-08-27 04:37:00,4627.110,停損,-21.060,-1.006,20.940,1.000,41.000,5.550,0.265,0.883,104.196,0.131,True,0.029,0.800,0.120,0.020
2026-08-27,多,02:00,4624.900,4607.030,2026-08-27 04:54:00,4634.830,4607.030,27.800,2026-08-27 08:44:00,4607.030,停損,-27.920,-1.004,27.800,1.000,229.000,8.230,0.296,3.833,104.196,0.172,False,0.038,0.000,0.120,0.020
2026-08-27,空,06:00,4638.690,4624.410,2026-08-27 07:34:00,4618.700,4638.690,19.990,2026-08-27 23:57:00,4600.570,收盤,18.010,0.901,2.850,0.143,42.000,53.600,2.681,16.383,104.196,0.137,True,0.029,0.615,0.120,0.030
2026-08-27,空,05:00,4643.060,4623.640,2026-08-27 07:39:00,4618.170,4643.060,24.890,2026-08-27 23:57:00,4600.570,收盤,17.480,0.702,3.380,0.136,37.000,53.070,2.132,16.300,104.196,0.186,True,0.029,0.615,0.120,0.020
2026-08-27,空,06:30,4635.620,4620.660,2026-08-27 08:34:00,4611.170,4635.620,24.450,2026-08-27 23:57:00,4600.570,收盤,10.480,0.429,6.890,0.282,815.000,46.070,1.884,15.383,104.196,0.144,True,0.029,0.533,0.120,0.020
2026-08-27,空,09:00,4611.860,4597.990,2026-08-27 12:39:00,4584.500,4611.860,27.360,2026-08-27 19:01:00,4611.860,停損,-27.480,-1.004,27.360,1.000,381.000,19.400,0.709,6.367,104.196,0.133,True,0.029,0.348,0.120,0.020
2026-08-28,空,02:00,4611.480,4594.370,2026-08-28 03:49:00,4587.390,4611.480,24.090,2026-08-28 09:59:00,4611.480,停損,-24.210,-1.005,24.090,1.000,369.000,15.680,0.651,6.167,101.392,0.169,False,0.010,0.364,0.120,0.020
2026-08-28,空,02:30,4602.540,4590.610,2026-08-28 04:39:00,4580.880,4602.540,21.660,2026-08-28 09:51:00,4602.540,停損,-21.780,-1.006,21.660,1.000,311.000,9.170,0.423,5.200,101.392,0.118,False,0.010,0.286,0.120,0.020
2026-08-28,空,03:00,4602.540,4585.720,2026-08-28 04:54:00,4577.070,4602.540,25.470,2026-08-28 09:51:00,4602.540,停損,-25.590,-1.005,25.470,1.000,296.000,5.360,0.210,4.950,101.392,0.166,False,0.010,0.267,0.120,0.020
2026-08-28,空,05:30,4590.080,4582.370,2026-08-28 08:39:00,4574.870,4590.080,15.210,2026-08-28 09:45:00,4590.080,停損,-15.330,-1.008,15.210,1.000,65.000,3.160,0.208,1.100,101.392,0.076,False,0.010,0.133,0.120,0.030
2026-08-28,空,06:00,4590.080,4578.670,2026-08-28 08:44:00,4572.750,4590.080,17.330,2026-08-28 09:45:00,4590.080,停損,-17.450,-1.007,17.330,1.000,60.000,0.990,0.057,1.017,101.392,0.113,False,0.010,0.133,0.120,0.030
2026-09-01,空,03:00,4461.480,4446.480,2026-09-01 04:24:00,4440.390,4461.480,21.090,2026-09-01 23:57:00,4328.870,收盤,111.400,5.282,8.740,0.414,48.000,117.450,5.569,19.550,112.780,0.133,False,0.000,0.692,0.120,0.020
2026-09-01,空,02:30,4461.480,4443.220,2026-09-01 05:39:00,4433.600,4461.480,27.880,2026-09-01 23:57:00,4328.870,收盤,104.610,3.752,12.460,0.447,198.000,110.660,3.969,18.300,112.780,0.162,False,0.000,0.500,0.120,0.020
2026-09-01,空,03:30,4461.460,4437.980,2026-09-01 05:44:00,4431.940,4461.460,29.520,2026-09-01 23:57:00,4328.870,收盤,102.950,3.487,14.120,0.478,193.000,109.000,3.692,18.217,112.780,0.208,False,0.000,0.500,0.120,0.020
2026-09-01,空,04:00,4456.970,4436.440,2026-09-01 07:19:00,4430.340,4456.970,26.630,2026-09-01 23:57:00,4328.870,收盤,101.350,3.806,15.720,0.590,98.000,107.400,4.033,16.633,112.780,0.182,False,0.000,0.360,0.120,0.020
2026-09-01,空,06:00,4444.130,4431.830,2026-09-01 08:19:00,4425.890,4444.130,18.240,2026-09-01 08:45:00,4444.130,停損,-18.360,-1.007,18.240,1.000,25.000,1.780,0.098,0.433,112.780,0.109,False,0.000,0.310,0.120,0.030
2026-09-01,空,08:00,4446.060,4424.110,2026-09-01 10:39:00,4413.870,4446.060,32.190,2026-09-01 23:57:00,4328.870,收盤,84.880,2.637,9.430,0.293,11.000,90.930,2.825,13.300,112.780,0.195,False,0.000,0.237,0.120,0.020
2026-09-01,空,10:00,4434.980,4412.160,2026-09-01 11:09:00,4395.910,4434.980,39.070,2026-09-01 23:57:00,4328.870,收盤,66.920,1.713,10.680,0.273,4.000,72.970,1.868,12.800,112.780,0.202,False,0.000,0.225,0.120,0.010
2026-09-01,空,10:30,4428.270,4381.860,2026-09-01 11:34:00,4374.690,4428.270,53.580,2026-09-01 23:57:00,4328.870,收盤,45.700,0.853,12.560,0.234,194.000,51.750,0.966,12.383,112.780,0.412,False,0.000,0.214,0.120,0.010
2026-09-02,空,02:30,4335.790,4316.280,2026-09-02 04:09:00,4308.580,4335.790,27.210,2026-09-02 15:04:00,4335.790,停損,-27.330,-1.004,27.210,1.000,651.000,26.020,0.956,10.917,115.937,0.168,True,0.009,0.500,0.120,0.020
2026-09-02,空,03:30,4331.680,4304.940,2026-09-02 04:54:00,4297.560,4331.680,34.120,2026-09-02 11:10:00,4331.680,停損,-34.240,-1.004,34.120,1.000,344.000,15.000,0.440,6.267,115.937,0.231,True,0.009,0.400,0.120,0.010
2026-09-02,多,06:00,4304.250,4282.560,2026-09-02 08:19:00,4310.860,4282.560,28.300,2026-09-02 23:57:00,4387.480,收盤,76.500,2.703,9.040,0.319,290.000,86.820,3.068,15.633,115.937,0.187,False,0.043,0.759,0.120,0.020
2026-09-02,多,06:30,4306.770,4282.560,2026-09-02 08:29:00,4313.170,4282.560,30.610,2026-09-02 23:57:00,4387.480,收盤,74.190,2.424,11.350,0.371,280.000,84.510,2.761,15.467,115.937,0.209,False,0.043,0.759,0.120,0.020
2026-09-02,多,05:00,4314.800,4287.370,2026-09-02 08:34:00,4324.550,4287.370,37.180,2026-09-02 23:57:00,4387.480,收盤,62.810,1.689,22.730,0.611,275.000,73.130,1.967,15.383,115.937,0.237,False,0.043,0.733,0.120,0.010
2026-09-02,空,09:30,4331.060,4314.610,2026-09-02 12:54:00,4308.660,4331.060,22.400,2026-09-02 14:35:00,4331.060,停損,-22.520,-1.005,22.400,1.000,100.000,6.840,0.305,1.683,115.937,0.142,True,0.009,0.128,0.120,0.020
2026-09-03,多,03:00,4397.800,4382.550,2026-09-03 04:34:00,4409.160,4382.550,26.610,2026-09-03 23:57:00,4473.330,收盤,64.050,2.407,8.910,0.335,11.000,101.670,3.821,19.383,107.491,0.142,True,0.009,0.429,0.120,0.020
2026-09-03,多,03:30,4409.340,4382.550,2026-09-03 05:34:00,4415.520,4382.550,32.970,2026-09-03 23:57:00,4473.330,收盤,57.690,1.750,3.950,0.120,11.000,95.310,2.891,18.383,107.491,0.249,True,0.009,0.333,0.120,0.020
2026-09-03,多,04:00,4412.440,4387.360,2026-09-03 05:54:00,4419.770,4387.360,32.410,2026-09-03 23:57:00,4473.330,收盤,53.440,1.649,0.930,0.029,211.000,91.060,2.810,18.050,107.491,0.233,True,0.009,0.316,0.120,0.020
2026-09-03,多,04:30,4415.480,4400.250,2026-09-03 06:04:00,4424.380,4400.250,24.130,2026-09-03 23:57:00,4473.330,收盤,48.830,2.024,5.540,0.230,201.000,86.450,3.583,17.883,107.491,0.142,True,0.009,0.300,0.120,0.020
2026-09-03,多,05:00,4420.520,4406.790,2026-09-03 06:14:00,4428.830,4406.790,22.040,2026-09-03 23:57:00,4473.330,收盤,44.380,2.014,9.990,0.453,191.000,82.000,3.721,17.717,107.491,0.128,True,0.009,0.300,0.120,0.020
2026-09-03,多,05:30,4431.310,4409.500,2026-09-03 07:34:00,4437.120,4409.500,27.620,2026-09-03 23:57:00,4473.330,收盤,36.090,1.307,18.280,0.662,111.000,73.710,2.669,16.383,107.491,0.203,True,0.009,0.231,0.120,0.020
2026-09-04,空,03:00,4487.120,4472.830,2026-09-04 06:59:00,4467.060,4487.120,20.060,2026-09-04 10:45:00,4487.120,停損,-20.180,-1.006,20.060,1.000,225.000,6.840,0.341,3.767,111.426,0.128,False,0.000,0.478,0.120,0.020
2026-09-04,空,07:30,4475.290,4467.460,2026-09-04 09:49:00,4461.800,4475.290,13.490,2026-09-04 10:31:00,4475.290,停損,-13.610,-1.009,13.490,1.000,41.000,1.580,0.117,0.700,111.426,0.070,False,0.000,0.314,0.120,0.040
2026-09-08,多,02:00,4428.020,4407.250,2026-09-08 04:24:00,4433.620,4407.250,26.370,2026-09-08 09:18:00,4407.250,停損,-26.490,-1.005,26.370,1.000,293.000,9.370,0.355,4.900,108.398,0.192,False,0.009,0.000,0.120,0.020
2026-09-08,多,02:30,4430.170,4410.770,2026-09-08 04:49:00,4440.650,4410.770,29.880,2026-09-08 09:12:00,4410.770,停損,-30.000,-1.004,29.880,1.000,262.000,2.340,0.078,4.383,108.398,0.179,False,0.009,0.000,0.120,0.020
2026-09-08,多,03:30,4436.190,4415.230,2026-09-08 07:04:00,4441.650,4415.230,26.420,2026-09-08 09:01:00,4415.230,停損,-26.540,-1.005,26.420,1.000,112.000,1.340,0.051,1.950,108.398,0.193,False,0.009,0.000,0.120,0.020
2026-09-08,空,05:30,4440.100,4421.270,2026-09-08 09:04:00,4415.310,4440.100,24.790,2026-09-08 23:57:00,4355.530,收盤,59.660,2.407,0.370,0.015,2.000,69.390,2.799,14.883,108.398,0.174,True,0.018,0.750,0.120,0.020
2026-09-08,空,07:30,4439.920,4420.340,2026-09-08 09:09:00,4413.400,4439.920,26.520,2026-09-08 23:57:00,4355.530,收盤,57.750,2.178,0.160,0.006,1.000,67.480,2.544,14.800,108.398,0.181,True,0.018,0.750,0.120,0.020
2026-09-08,空,08:00,4437.740,4417.470,2026-09-08 09:14:00,4411.570,4437.740,26.170,2026-09-08 23:57:00,4355.530,收盤,55.920,2.137,1.320,0.050,406.000,65.650,2.509,14.717,108.398,0.187,True,0.018,0.750,0.120,0.020
2026-09-08,空,08:30,4428.840,4399.090,2026-09-08 10:49:00,4393.500,4428.840,35.340,2026-09-08 23:57:00,4355.530,收盤,37.850,1.071,19.390,0.549,311.000,47.580,1.346,13.133,108.398,0.274,True,0.018,0.615,0.120,0.010
2026-09-08,空,09:00,4420.160,4398.260,2026-09-08 10:54:00,4391.450,4420.160,28.710,2026-09-08 23:57:00,4355.530,收盤,35.800,1.247,21.440,0.747,306.000,45.530,1.586,13.050,108.398,0.202,True,0.018,0.615,0.120,0.020
2026-09-09,多,02:30,4359.980,4341.340,2026-09-09 04:09:00,4367.490,4341.340,26.150,2026-09-09 23:57:00,4400.730,收盤,33.120,1.267,4.670,0.179,8.000,66.620,2.548,19.800,108.959,0.171,False,0.018,0.750,0.120,0.020
2026-09-09,多,03:00,4365.620,4341.340,2026-09-09 04:29:00,4371.660,4341.340,30.320,2026-09-09 23:57:00,4400.730,收盤,28.950,0.955,4.360,0.144,67.000,62.450,2.060,19.467,108.959,0.223,False,0.018,0.692,0.120,0.020
2026-09-09,多,03:30,4373.070,4343.750,2026-09-09 05:54:00,4380.370,4343.750,36.620,2026-09-09 23:57:00,4400.730,收盤,20.240,0.553,9.740,0.266,77.000,53.740,1.468,18.050,108.959,0.269,False,0.018,0.474,0.120,0.010
2026-09-09,多,04:30,4378.180,4370.660,2026-09-09 08:09:00,4384.830,4370.660,14.170,2026-09-09 23:57:00,4400.730,收盤,15.780,1.114,9.680,0.683,614.000,49.280,3.478,15.800,108.959,0.069,False,0.018,0.321,0.120,0.040
2026-09-09,多,06:30,4380.620,4370.630,2026-09-09 08:14:00,4387.750,4370.630,17.120,2026-09-09 23:57:00,4400.730,收盤,12.860,0.751,12.600,0.736,609.000,46.360,2.708,15.717,108.959,0.092,False,0.018,0.321,0.120,0.030
2026-09-09,多,06:00,4382.710,4375.150,2026-09-09 08:19:00,4388.240,4375.150,13.090,2026-09-09 18:23:00,4375.150,停損,-13.210,-1.009,13.090,1.000,603.000,45.870,3.504,10.067,108.959,0.069,False,0.018,0.310,0.120,0.040
2026-09-09,多,05:00,4384.430,4367.300,2026-09-09 08:39:00,4392.500,4367.300,25.200,2026-09-09 23:57:00,4400.730,收盤,8.110,0.322,17.350,0.688,584.000,41.610,1.651,15.300,108.959,0.157,False,0.018,0.300,0.120,0.020
2026-09-09,多,07:30,4388.670,4376.380,2026-09-09 08:44:00,4395.520,4376.380,19.140,2026-09-09 18:22:00,4376.380,停損,-19.260,-1.006,19.140,1.000,562.000,38.590,2.016,9.633,108.959,0.113,False,0.018,0.300,0.120,0.030
2026-09-09,多,08:00,4400.940,4380.470,2026-09-09 10:14:00,4406.550,4380.470,26.080,2026-09-09 18:06:00,4380.470,停損,-26.200,-1.005,26.080,1.000,471.000,27.560,1.057,7.867,108.959,0.188,False,0.018,0.250,0.120,0.020
2026-09-09,多,08:30,4405.300,4384.330,2026-09-09 10:49:00,4411.860,4384.330,27.530,2026-09-09 18:05:00,4384.330,停損,-27.650,-1.004,27.530,1.000,133.000,22.250,0.808,7.267,108.959,0.192,False,0.018,0.231,0.120,0.020
2026-09-10,多,03:00,4404.890,4389.840,2026-09-10 04:09:00,4417.910,4389.840,28.070,2026-09-10 12:32:00,4389.840,停損,-28.190,-1.004,28.070,1.000,480.000,16.900,0.602,8.383,109.177,0.138,True,0.018,0.667,0.120,0.020
2026-09-10,多,06:00,4421.120,4406.960,2026-09-10 08:44:00,4428.310,4406.960,21.350,2026-09-10 10:30:00,4406.960,停損,-21.470,-1.006,21.350,1.000,105.000,6.500,0.304,1.767,109.177,0.130,True,0.018,0.267,0.120,0.020
2026-09-10,空,08:00,4431.280,4408.240,2026-09-10 11:34:00,4399.970,4431.280,31.310,2026-09-10 23:57:00,4316.620,收盤,83.230,2.658,1.640,0.052,2.000,86.200,2.753,12.383,109.177,0.211,False,0.027,0.762,0.120,0.020
2026-09-10,空,10:00,4425.460,4404.050,2026-09-10 11:44:00,4395.940,4425.460,29.520,2026-09-10 23:57:00,4316.620,收盤,79.200,2.683,4.280,0.145,92.000,82.170,2.784,12.217,109.177,0.196,False,0.027,0.762,0.120,0.020
2026-09-11,多,02:00,4320.550,4311.300,2026-09-11 03:44:00,4327.550,4311.300,16.250,2026-09-11 06:21:00,4311.300,停損,-16.370,-1.007,16.250,1.000,156.000,12.900,0.794,2.617,113.485,0.082,False,0.009,0.700,0.120,0.030
2026-09-11,多,02:30,4324.140,4311.300,2026-09-11 03:49:00,4332.920,4311.300,21.620,2026-09-11 06:21:00,4311.300,停損,-21.740,-1.006,21.620,1.000,151.000,7.530,0.348,2.533,113.485,0.113,False,0.009,0.636,0.120,0.020
2026-09-11,多,03:00,4333.850,4312.730,2026-09-11 04:04:00,4340.380,4312.730,27.650,2026-09-11 06:21:00,4312.730,停損,-27.770,-1.004,27.650,1.000,136.000,0.020,0.001,2.283,113.485,0.186,False,0.009,0.583,0.120,0.020
2026-09-11,空,04:00,4340.450,4320.930,2026-09-11 06:19:00,4314.920,4340.450,25.530,2026-09-11 08:34:00,4340.450,停損,-25.650,-1.005,25.530,1.000,132.000,14.060,0.551,2.250,113.485,0.172,True,0.026,0.571,0.120,0.020
2026-09-11,空,03:30,4340.450,4319.880,2026-09-11 06:24:00,4306.930,4340.450,33.520,2026-09-11 08:34:00,4340.450,停損,-33.640,-1.004,33.520,1.000,127.000,6.070,0.181,2.167,113.485,0.181,True,0.026,0.571,0.120,0.010
2026-09-11,多,07:00,4335.350,4302.050,2026-09-11 08:44:00,4342.920,4302.050,40.870,2026-09-11 15:30:00,4302.050,停損,-40.990,-1.003,40.870,1.000,390.000,18.050,0.442,6.767,113.485,0.293,False,0.018,0.767,0.120,0.010
2026-09-11,多,07:30,4339.400,4325.520,2026-09-11 08:54:00,4347.900,4325.520,22.380,2026-09-11 15:13:00,4325.520,停損,-22.500,-1.005,22.380,1.000,375.000,13.070,0.584,6.317,113.485,0.122,False,0.018,0.742,0.120,0.020
2026-09-11,多,08:00,4352.010,4328.300,2026-09-11 09:14:00,4359.070,4328.300,30.770,2026-09-11 15:06:00,4328.300,停損,-30.890,-1.004,30.770,1.000,351.000,1.480,0.048,5.867,113.485,0.209,False,0.018,0.719,0.120,0.020
2026-09-15,多,02:00,4297.470,4287.110,2026-09-15 04:19:00,4304.310,4287.110,17.200,2026-09-15 09:07:00,4287.110,停損,-17.320,-1.007,17.200,1.000,287.000,13.120,0.763,4.800,108.459,0.096,False,0.000,0.769,0.120,0.030
2026-09-15,多,03:30,4305.920,4283.250,2026-09-15 05:34:00,4311.870,4283.250,28.620,2026-09-15 10:41:00,4283.250,停損,-28.740,-1.004,28.620,1.000,306.000,5.560,0.194,5.117,108.459,0.209,False,0.000,0.556,0.120,0.020
2026-09-15,多,04:00,4306.610,4287.960,2026-09-15 05:39:00,4315.100,4287.960,27.140,2026-09-15 09:06:00,4287.960,停損,-27.260,-1.004,27.140,1.000,206.000,2.330,0.086,3.450,108.459,0.172,False,0.000,0.556,0.120,0.020
2026-09-15,空,08:00,4307.660,4289.240,2026-09-15 10:54:00,4277.750,4307.660,29.910,2026-09-15 21:41:00,4307.660,停損,-30.030,-1.004,29.910,1.000,623.000,16.410,0.549,10.783,108.459,0.170,True,0.000,0.487,0.120,0.020
2026-09-15,空,10:00,4295.520,4276.270,2026-09-15 11:04:00,4266.830,4295.520,28.690,2026-09-15 15:55:00,4295.520,停損,-28.810,-1.004,28.690,1.000,290.000,5.490,0.191,4.850,108.459,0.177,True,0.000,0.475,0.120,0.020
2026-09-16,多,03:00,4286.230,4275.510,2026-09-16 05:14:00,4292.430,4275.510,16.920,2026-09-16 21:35:00,4275.510,停損,-17.040,-1.007,16.920,1.000,980.000,75.090,4.438,16.350,100.214,0.107,False,0.010,0.688,0.120,0.030
2026-09-16,多,02:00,4289.530,4281.190,2026-09-16 05:24:00,4295.680,4281.190,14.490,2026-09-16 21:34:00,4281.190,停損,-14.610,-1.008,14.490,1.000,969.000,71.840,4.958,16.167,100.214,0.083,False,0.010,0.647,0.120,0.030
2026-09-16,多,03:30,4293.640,4275.510,2026-09-16 05:29:00,4299.000,4275.510,23.490,2026-09-16 21:35:00,4275.510,停損,-23.610,-1.005,23.490,1.000,965.000,68.520,2.917,16.100,100.214,0.181,False,0.010,0.647,0.120,0.020
2026-09-16,多,04:30,4300.730,4280.080,2026-09-16 05:34:00,4310.100,4280.080,30.020,2026-09-16 21:35:00,4280.080,停損,-30.140,-1.004,30.020,1.000,960.000,57.420,1.913,16.017,100.214,0.206,False,0.010,0.611,0.120,0.020
2026-09-16,多,05:00,4323.490,4281.950,2026-09-16 06:14:00,4337.010,4281.950,55.060,2026-09-16 21:34:00,4281.950,停損,-55.180,-1.002,55.060,1.000,919.000,30.510,0.554,15.333,100.214,0.415,False,0.010,0.550,0.120,0.010
2026-09-16,多,07:00,4328.500,4320.640,2026-09-16 10:04:00,4334.770,4320.640,14.130,2026-09-16 21:01:00,4320.640,停損,-14.250,-1.008,14.130,1.000,67.000,32.750,2.318,10.950,100.214,0.078,False,0.010,0.306,0.120,0.040
2026-09-16,多,09:00,4333.120,4321.550,2026-09-16 10:39:00,4338.220,4321.550,16.670,2026-09-16 21:01:00,4321.550,停損,-16.790,-1.007,16.670,1.000,32.000,29.300,1.758,10.367,100.214,0.115,False,0.010,0.289,0.120,0.030
2026-09-16,多,09:30,4337.580,4323.800,2026-09-16 13:09:00,4345.220,4323.800,21.420,2026-09-16 21:01:00,4323.800,停損,-21.540,-1.006,21.420,1.000,237.000,22.300,1.041,7.867,100.214,0.138,False,0.010,0.229,0.120,0.020
2026-09-17,多,02:00,4275.590,4258.870,2026-09-17 03:14:00,4284.980,4258.870,26.110,2026-09-17 23:57:00,4341.740,收盤,56.640,2.169,10.950,0.419,161.000,96.260,3.687,20.717,101.932,0.164,False,0.010,0.125,0.120,0.020
2026-09-17,多,02:30,4289.550,4266.390,2026-09-17 04:04:00,4297.510,4266.390,31.120,2026-09-17 23:57:00,4341.740,收盤,44.110,1.417,23.480,0.754,111.000,83.730,2.691,19.883,101.932,0.227,False,0.010,0.083,0.120,0.020
2026-09-17,多,05:30,4292.630,4274.030,2026-09-17 08:04:00,4297.990,4274.030,23.960,2026-09-17 23:57:00,4341.740,收盤,43.630,1.821,12.470,0.520,20.000,83.250,3.475,15.883,101.932,0.182,False,0.010,0.036,0.120,0.020
2026-09-17,多,06:00,4297.460,4277.140,2026-09-17 08:54:00,4303.390,4277.140,26.250,2026-09-17 23:57:00,4341.740,收盤,38.230,1.456,0.850,0.032,3.000,77.850,2.966,15.050,101.932,0.199,False,0.010,0.032,0.120,0.020
2026-09-17,多,07:00,4298.920,4290.390,2026-09-17 08:59:00,4304.560,4290.390,14.170,2026-09-17 23:57:00,4341.740,收盤,37.060,2.615,0.250,0.018,1.000,76.680,5.411,14.967,101.932,0.084,False,0.010,0.032,0.120,0.040
2026-09-17,多,08:00,4305.380,4285.520,2026-09-17 09:14:00,4312.080,4285.520,26.560,2026-09-17 23:57:00,4341.740,收盤,29.540,1.112,7.240,0.273,3.000,69.160,2.604,14.717,101.932,0.195,False,0.010,0.031,0.120,0.020
2026-09-17,多,08:30,4312.980,4286.340,2026-09-17 10:14:00,4322.910,4286.340,36.570,2026-09-17 23:57:00,4341.740,收盤,18.710,0.512,17.780,0.486,136.000,58.330,1.595,13.717,101.932,0.261,False,0.010,0.028,0.120,0.010
2026-09-18,空,04:00,4365.630,4344.010,2026-09-18 06:19:00,4337.440,4365.630,28.190,2026-09-18 07:45:00,4365.630,停損,-28.310,-1.004,28.190,1.000,85.000,3.050,0.108,1.433,101.342,0.213,False,0.010,0.571,0.120,0.020
2026-09-18,空,02:30,4357.420,4342.180,2026-09-18 06:24:00,4336.100,4357.420,21.320,2026-09-18 06:42:00,4357.420,停損,-21.440,-1.006,21.320,1.000,17.000,1.710,0.080,0.300,101.342,0.150,False,0.010,0.571,0.120,0.020
2026-09-18,多,05:30,4356.570,4334.390,2026-09-18 07:44:00,4364.600,4334.390,30.210,2026-09-18 23:56:00,4378.290,收盤,13.570,0.449,21.820,0.722,586.000,34.980,1.158,16.200,101.342,0.219,True,0.049,0.808,0.120,0.020
2026-09-18,多,06:00,4360.900,4334.390,2026-09-18 07:59:00,4366.920,4334.390,32.530,2026-09-18 23:56:00,4378.290,收盤,11.250,0.346,24.140,0.742,571.000,32.660,1.004,15.950,101.342,0.262,True,0.049,0.778,0.120,0.020
2026-09-18,多,07:00,4367.040,4352.860,2026-09-18 08:39:00,4372.370,4352.860,19.510,2026-09-18 16:42:00,4352.860,停損,-19.630,-1.006,19.510,1.000,478.000,27.210,1.395,8.050,101.342,0.140,True,0.049,0.700,0.120,0.030
2026-09-18,多,08:00,4378.270,4360.290,2026-09-18 09:09:00,4387.420,4360.290,27.130,2026-09-18 15:24:00,4360.290,停損,-27.250,-1.004,27.130,1.000,374.000,12.160,0.448,6.250,101.342,0.177,True,0.049,0.656,0.120,0.020
2026-09-23,空,02:00,4365.480,4358.390,2026-09-23 04:04:00,4351.230,4365.480,14.250,2026-09-23 23:57:00,4286.760,收盤,64.350,4.516,2.100,0.147,3.000,76.330,5.356,19.883,94.740,0.075,False,0.032,0.667,0.120,0.040
2026-09-23,空,03:00,4369.380,4355.220,2026-09-23 04:14:00,4349.620,4369.380,19.760,2026-09-23 23:57:00,4286.760,收盤,62.740,3.175,0.050,0.003,1.000,74.720,3.781,19.717,94.740,0.149,False,0.032,0.667,0.120,0.030
2026-09-23,空,03:30,4361.900,4342.640,2026-09-23 05:14:00,4337.260,4361.900,24.640,2026-09-23 23:57:00,4286.760,收盤,50.380,2.045,10.060,0.408,128.000,62.360,2.531,18.717,94.740,0.203,False,0.032,0.500,0.120,0.020
2026-09-23,空,04:00,4359.170,4339.050,2026-09-23 05:39:00,4333.970,4359.170,25.200,2026-09-23 23:57:00,4286.760,收盤,47.090,1.869,13.350,0.530,103.000,59.070,2.344,18.300,94.740,0.212,False,0.032,0.444,0.120,0.020
2026-09-23,空,07:00,4347.320,4342.560,2026-09-23 08:34:00,4337.690,4347.320,9.630,2026-09-23 23:57:00,4286.760,收盤,50.810,5.276,0.140,0.015,1.000,62.790,6.520,15.383,94.740,0.050,False,0.032,0.267,0.120,0.050
2026-09-23,空,07:30,4346.830,4340.260,2026-09-23 08:39:00,4334.650,4346.830,12.180,2026-09-23 23:57:00,4286.760,收盤,47.770,3.922,2.360,0.194,70.000,59.750,4.906,15.300,94.740,0.069,False,0.032,0.267,0.120,0.040
2026-09-23,空,06:30,4347.320,4337.260,2026-09-23 08:44:00,4329.320,4347.320,18.000,2026-09-23 23:57:00,4286.760,收盤,42.440,2.358,7.690,0.427,65.000,54.420,3.023,15.217,94.740,0.106,False,0.032,0.267,0.120,0.030
2026-09-23,空,08:00,4345.780,4328.100,2026-09-23 10:34:00,4320.620,4345.780,25.160,2026-09-23 23:57:00,4286.760,收盤,33.740,1.341,4.900,0.195,22.000,45.720,1.817,13.383,94.740,0.187,False,0.032,0.211,0.120,0.020
2026-09-23,空,09:30,4337.010,4322.220,2026-09-23 11:39:00,4317.130,4337.010,19.880,2026-09-23 23:57:00,4286.760,收盤,30.250,1.522,3.240,0.163,24.000,42.230,2.124,12.300,94.740,0.156,False,0.032,0.190,0.120,0.030
2026-09-23,空,10:00,4332.850,4319.010,2026-09-23 12:34:00,4313.940,4332.850,18.910,2026-09-23 23:57:00,4286.760,收盤,27.060,1.431,5.150,0.272,160.000,39.040,2.065,11.383,94.740,0.146,False,0.032,0.174,0.120,0.030
2026-09-23,空,10:30,4325.520,4317.160,2026-09-23 12:49:00,4308.910,4325.520,16.610,2026-09-23 23:57:00,4286.760,收盤,22.030,1.326,10.180,0.613,145.000,34.010,2.048,11.133,94.740,0.088,False,0.032,0.170,0.120,0.030
2026-09-24,多,06:30,4288.340,4280.560,2026-09-24 08:04:00,4295.100,4280.560,14.540,2026-09-24 08:44:00,4280.560,停損,-14.660,-1.008,14.540,1.000,39.000,1.250,0.086,0.667,94.911,0.082,False,0.053,0.571,0.120,0.030
2026-09-24,空,05:30,4297.020,4284.460,2026-09-24 08:59:00,4279.200,4297.020,17.820,2026-09-24 23:57:00,4274.590,收盤,4.490,0.252,9.280,0.521,619.000,34.830,1.955,14.967,94.911,0.132,True,0.011,0.419,0.120,0.030
2026-09-24,空,06:00,4293.910,4280.560,2026-09-24 09:49:00,4275.570,4293.910,18.340,2026-09-24 23:57:00,4274.590,收盤,0.860,0.047,12.910,0.704,569.000,31.200,1.701,14.133,94.911,0.141,True,0.011,0.371,0.120,0.030
2026-09-24,空,08:00,4296.350,4277.500,2026-09-24 11:19:00,4271.160,4296.350,25.190,2026-09-24 23:57:00,4274.590,收盤,-3.550,-0.141,17.320,0.688,479.000,26.790,1.064,12.633,94.911,0.199,True,0.011,0.317,0.120,0.020
2026-09-24,空,09:00,4286.660,4274.380,2026-09-24 11:24:00,4265.740,4286.660,20.920,2026-09-24 19:16:00,4286.660,停損,-21.040,-1.006,20.920,1.000,278.000,21.370,1.022,7.867,94.911,0.129,True,0.011,0.317,0.120,0.020
2026-09-24,空,10:30,4287.730,4262.520,2026-09-24 12:29:00,4255.660,4287.730,32.070,2026-09-24 19:18:00,4287.730,停損,-32.190,-1.004,32.070,1.000,408.000,11.290,0.352,6.817,94.911,0.266,True,0.011,0.289,0.120,0.020
2026-09-25,多,02:00,4275.890,4264.890,2026-09-25 04:04:00,4281.540,4264.890,16.650,2026-09-25 07:56:00,4264.890,停損,-16.770,-1.007,16.650,1.000,231.000,14.250,0.856,3.867,88.696,0.124,False,0.000,0.667,0.120,0.030
2026-09-25,多,03:00,4281.030,4264.380,2026-09-25 04:14:00,4289.970,4264.380,25.590,2026-09-25 07:56:00,4264.380,停損,-25.710,-1.005,25.590,1.000,221.000,5.820,0.227,3.700,88.696,0.188,False,0.000,0.667,0.120,0.020
2026-09-25,空,04:00,4295.790,4276.960,2026-09-25 06:49:00,4271.730,4295.790,24.060,2026-09-25 11:46:00,4295.790,停損,-24.180,-1.005,24.060,1.000,296.000,15.310,0.636,4.950,88.696,0.212,True,0.000,0.609,0.120,0.020
2026-09-25,空,06:00,4286.330,4269.580,2026-09-25 07:59:00,4263.000,4286.330,23.330,2026-09-25 11:31:00,4286.330,停損,-23.450,-1.005,23.330,1.000,210.000,6.580,0.282,3.533,88.696,0.189,True,0.000,0.519,0.120,0.020
2026-09-25,多,08:00,4275.860,4256.420,2026-09-25 11:14:00,4281.820,4256.420,25.400,2026-09-25 17:05:00,4256.420,停損,-25.520,-1.005,25.400,1.000,350.000,33.910,1.335,5.850,88.696,0.219,False,0.000,0.700,0.120,0.020
2026-09-25,多,08:30,4281.590,4263.270,2026-09-25 11:34:00,4287.760,4263.270,24.490,2026-09-25 17:04:00,4263.270,停損,-24.610,-1.005,24.490,1.000,329.000,27.970,1.142,5.500,88.696,0.207,False,0.000,0.667,0.120,0.020
2026-09-25,多,10:30,4284.780,4271.160,2026-09-25 11:44:00,4292.260,4271.160,21.100,2026-09-25 17:01:00,4271.160,停損,-21.220,-1.006,21.100,1.000,316.000,23.470,1.112,5.283,88.696,0.154,False,0.000,0.667,0.120,0.020
2026-09-29,多,03:30,4131.860,4113.450,2026-09-29 05:34:00,4137.120,4113.450,23.670,2026-09-29 23:57:00,4181.450,收盤,44.210,1.868,14.990,0.633,180.000,48.090,2.032,18.383,91.215,0.202,False,0.011,0.667,0.120,0.020
2026-09-29,多,07:30,4133.050,4124.750,2026-09-29 08:44:00,4138.470,4124.750,13.720,2026-09-29 23:57:00,4181.450,收盤,42.860,3.124,4.320,0.315,2.000,46.740,3.407,15.217,91.215,0.091,False,0.011,0.400,0.120,0.040
2026-09-29,多,07:00,4134.190,4124.750,2026-09-29 08:54:00,4142.430,4124.750,17.680,2026-09-29 23:57:00,4181.450,收盤,38.900,2.200,6.430,0.364,68.000,42.780,2.420,15.050,91.215,0.103,False,0.011,0.387,0.120,0.030
2026-09-29,多,06:30,4140.360,4128.570,2026-09-29 09:14:00,4146.900,4128.570,18.330,2026-09-29 23:57:00,4181.450,收盤,34.430,1.878,10.900,0.595,48.000,38.310,2.090,14.717,91.215,0.129,False,0.011,0.375,0.120,0.030
2026-09-29,多,10:00,4148.910,4136.000,2026-09-29 13:59:00,4153.570,4136.000,17.570,2026-09-29 23:57:00,4181.450,收盤,27.760,1.580,11.220,0.639,419.000,31.640,1.801,9.967,91.215,0.142,False,0.011,0.235,0.120,0.030
2026-09-30,空,02:00,4187.630,4178.760,2026-09-30 04:14:00,4172.680,4187.630,14.950,2026-09-30 09:51:00,4187.630,停損,-15.070,-1.008,14.950,1.000,206.000,6.970,0.466,5.617,92.782,0.096,False,0.000,0.583,0.120,0.030
2026-09-30,空,03:00,4187.400,4176.690,2026-09-30 04:19:00,4171.860,4187.400,15.540,2026-09-30 09:51:00,4187.400,停損,-15.660,-1.008,15.540,1.000,201.000,6.150,0.396,5.533,92.782,0.115,False,0.000,0.538,0.120,0.030
2026-09-30,多,09:00,4194.980,4176.200,2026-09-30 10:24:00,4201.050,4176.200,24.850,2026-09-30 17:01:00,4176.200,停損,-24.970,-1.005,24.850,1.000,396.000,18.240,0.734,6.617,92.782,0.202,True,0.022,0.784,0.120,0.020
2026-10-01,多,05:00,4161.830,4151.460,2026-10-01 06:14:00,4167.420,4151.460,15.960,2026-10-01 11:43:00,4151.460,停損,-16.080,-1.008,15.960,1.000,328.000,25.550,1.601,5.483,86.727,0.120,False,0.000,0.550,0.120,0.030
2026-10-01,多,03:30,4164.770,4139.280,2026-10-01 06:44:00,4169.810,4139.280,30.530,2026-10-01 23:57:00,4176.920,收盤,6.990,0.229,20.720,0.679,301.000,23.160,0.759,17.217,86.727,0.294,False,0.000,0.500,0.120,0.020
2026-10-01,多,05:30,4168.610,4152.890,2026-10-01 06:49:00,4173.590,4152.890,20.700,2026-10-01 11:42:00,4152.890,停損,-20.820,-1.006,20.700,1.000,292.000,19.380,0.936,4.883,86.727,0.181,False,0.000,0.478,0.120,0.020
2026-10-01,多,06:00,4177.020,4159.360,2026-10-01 08:04:00,4182.620,4159.360,23.260,2026-10-01 10:25:00,4159.360,停損,-23.380,-1.005,23.260,1.000,140.000,10.350,0.445,2.350,86.727,0.204,False,0.000,0.393,0.120,0.020
2026-10-01,多,06:30,4178.360,4163.260,2026-10-01 08:19:00,4183.680,4163.260,20.420,2026-10-01 10:23:00,4163.260,停損,-20.540,-1.006,20.420,1.000,123.000,9.290,0.455,2.067,86.727,0.174,False,0.000,0.379,0.120,0.020
2026-10-01,多,07:00,4180.590,4171.490,2026-10-01 08:29:00,4187.060,4171.490,15.570,2026-10-01 10:15:00,4171.490,停損,-15.690,-1.008,15.570,1.000,105.000,5.910,0.380,1.767,86.727,0.105,False,0.000,0.379,0.120,0.030
2026-10-01,空,07:30,4187.310,4171.860,2026-10-01 10:24:00,4160.930,4187.310,26.380,2026-10-01 15:46:00,4187.310,停損,-26.500,-1.005,26.380,1.000,316.000,11.840,0.449,5.367,86.727,0.178,True,0.000,0.811,0.120,0.020
2026-10-01,多,10:30,4167.780,4154.430,2026-10-01 13:49:00,4174.530,4154.430,20.100,2026-10-01 17:03:00,4154.430,停損,-20.220,-1.006,20.100,1.000,192.000,13.270,0.660,3.233,86.727,0.154,False,0.000,0.216,0.120,0.020
2026-10-02,空,02:30,4183.760,4164.230,2026-10-02 03:44:00,4159.440,4183.760,24.320,2026-10-02 07:02:00,4183.760,停損,-24.440,-1.005,24.320,1.000,197.000,25.620,1.053,3.300,79.721,0.245,False,0.000,0.700,0.120,0.020
2026-10-02,空,03:00,4182.550,4152.940,2026-10-02 04:04:00,4148.070,4182.550,34.480,2026-10-02 07:02:00,4182.550,停損,-34.600,-1.003,34.480,1.000,177.000,14.250,0.413,2.967,79.721,0.371,False,0.000,0.583,0.120,0.010
2026-10-02,空,09:30,4190.620,4177.480,2026-10-02 13:14:00,4171.820,4190.620,18.800,2026-10-02 15:30:00,4190.620,停損,-18.920,-1.006,18.800,1.000,55.000,5.690,0.303,2.267,79.721,0.165,False,0.000,0.667,0.120,0.030
2026-10-06,多,02:00,4141.900,4133.540,2026-10-06 03:54:00,4146.150,4133.540,12.610,2026-10-06 04:40:00,4133.540,停損,-12.730,-1.010,12.610,1.000,44.000,6.100,0.484,0.767,81.867,0.102,False,0.000,0.727,0.120,0.040
2026-10-06,空,03:30,4152.250,4135.510,2026-10-06 04:49:00,4131.410,4152.250,20.840,2026-10-06 11:43:00,4152.250,停損,-20.960,-1.006,20.840,1.000,413.000,27.090,1.300,6.900,81.867,0.204,True,0.012,0.800,0.120,0.020
2026-10-06,空,03:00,4151.310,4133.150,2026-10-06 05:04:00,4128.690,4151.310,22.620,2026-10-06 11:42:00,4151.310,停損,-22.740,-1.005,22.620,1.000,393.000,24.370,1.077,6.633,81.867,0.222,True,0.012,0.750,0.120,0.020
2026-10-06,空,04:00,4152.250,4128.960,2026-10-06 05:34:00,4122.420,4152.250,29.830,2026-10-06 11:43:00,4152.250,停損,-29.950,-1.004,29.830,1.000,368.000,18.100,0.607,6.150,81.867,0.284,True,0.012,0.667,0.120,0.020
2026-10-06,空,04:30,4138.410,4126.470,2026-10-06 05:39:00,4122.070,4138.410,16.340,2026-10-06 05:53:00,4138.410,停損,-16.460,-1.007,16.340,1.000,13.000,1.440,0.088,0.233,81.867,0.146,True,0.012,0.667,0.120,0.030
2026-10-07,空,02:00,4169.970,4162.490,2026-10-07 03:34:00,4156.700,4169.970,13.270,2026-10-07 23:57:00,4109.560,收盤,47.020,3.543,6.020,0.454,9.000,90.210,6.798,20.383,81.430,0.092,False,0.000,0.600,0.120,0.040
2026-10-07,空,02:30,4169.970,4160.120,2026-10-07 04:04:00,4153.780,4169.970,16.190,2026-10-07 23:57:00,4109.560,收盤,44.100,2.724,1.160,0.072,28.000,87.290,5.392,19.883,81.430,0.121,False,0.000,0.500,0.120,0.030
2026-10-07,空,03:00,4169.680,4155.590,2026-10-07 04:24:00,4150.550,4169.680,19.130,2026-10-07 23:57:00,4109.560,收盤,40.870,2.136,4.390,0.229,8.000,84.060,4.394,19.550,81.430,0.173,False,0.000,0.462,0.120,0.030
2026-10-07,空,03:30,4162.720,4149.750,2026-10-07 05:04:00,4144.900,4162.720,17.820,2026-10-07 23:57:00,4109.560,收盤,35.220,1.976,4.230,0.237,41.000,78.410,4.400,18.883,81.430,0.159,False,0.000,0.375,0.120,0.030
2026-10-07,空,04:00,4156.260,4146.370,2026-10-07 06:04:00,4141.580,4156.260,14.680,2026-10-07 23:57:00,4109.560,收盤,31.900,2.173,6.710,0.457,45.000,75.090,5.115,17.883,81.430,0.121,False,0.000,0.300,0.120,0.030
2026-10-07,空,04:30,4154.940,4140.240,2026-10-07 07:59:00,4135.220,4154.940,19.720,2026-10-07 23:57:00,4109.560,收盤,25.540,1.295,4.290,0.218,154.000,68.730,3.485,15.967,81.430,0.181,False,0.000,0.222,0.120,0.030
2026-10-07,空,05:30,4149.130,4138.240,2026-10-07 08:19:00,4132.750,4149.130,16.380,2026-10-07 23:57:00,4109.560,收盤,23.070,1.408,6.760,0.413,134.000,66.260,4.045,15.633,81.430,0.134,False,0.000,0.207,0.120,0.030
2026-10-07,空,07:00,4144.700,4134.910,2026-10-07 08:59:00,4128.710,4144.700,15.990,2026-10-07 23:57:00,4109.560,收盤,19.030,1.190,10.800,0.675,94.000,62.220,3.891,14.967,81.430,0.120,False,0.000,0.194,0.120,0.030
2026-10-07,空,07:30,4142.420,4131.380,2026-10-07 11:24:00,4126.890,4142.420,15.530,2026-10-07 23:57:00,4109.560,收盤,17.210,1.108,2.170,0.140,2.000,60.400,3.889,12.550,81.430,0.136,False,0.000,0.146,0.120,0.030
2026-10-07,空,08:00,4137.580,4128.700,2026-10-07 11:54:00,4124.580,4137.580,13.000,2026-10-07 23:57:00,4109.560,收盤,14.900,1.146,2.370,0.182,497.000,58.090,4.468,12.050,81.430,0.109,False,0.000,0.140,0.120,0.040
2026-10-07,空,09:30,4135.650,4128.300,2026-10-07 11:59:00,4123.860,4135.650,11.790,2026-10-07 23:57:00,4109.560,收盤,14.180,1.203,3.090,0.262,492.000,57.370,4.866,11.967,81.430,0.090,False,0.000,0.140,0.120,0.040
2026-10-07,空,08:30,4137.580,4126.950,2026-10-07 12:19:00,4121.540,4137.580,16.040,2026-10-07 23:57:00,4109.560,收盤,11.860,0.739,5.410,0.337,472.000,55.050,3.432,11.633,81.430,0.131,False,0.000,0.133,0.120,0.030
2026-10-07,空,10:30,4139.510,4124.870,2026-10-07 12:29:00,4120.640,4139.510,18.870,2026-10-07 23:57:00,4109.560,收盤,10.960,0.581,6.310,0.334,462.000,54.150,2.870,11.467,81.430,0.180,False,0.000,0.133,0.120,0.030
