day,h,i,side,lvl,ibh,ibl,rng,atr,ib_atr,aligned,t_in,spread,tail,ext_letter,exit_time,exit_px,exit_reason,risk,pnl,R,ym
2025-07-01,5.5,85,1,3324.52,3322.01,3315.29,6.720000000000255,47.360000000000085,0.14189189189189702,True,2025-07-01 08:05:00,0.07,0.04222972972972965,0.0,2025-07-02 00:00:00,3338.9,收盤,9.230000000000018,14.310000000000109,1.550379198266531,2025-07
2025-07-01,6.0,87,1,3328.41,3322.68,3315.91,6.769999999999982,47.360000000000085,0.1429476351351345,True,2025-07-01 08:15:00,0.07,0.04222972972972965,0.0,2025-07-02 00:00:00,3338.9,收盤,12.5,10.420000000000236,0.8336000000000189,2025-07
2025-07-01,7.5,106,1,3333.34,3330.11,3322.05,8.059999999999945,47.360000000000085,0.17018581081080936,True,2025-07-01 09:50:00,0.07,0.04222972972972965,0.0,2025-07-02 00:00:00,3338.9,收盤,11.289999999999964,5.489999999999945,0.48627103631532,2025-07
2025-07-01,8.0,111,1,3336.29,3332.35,3322.91,9.440000000000055,47.360000000000085,0.19932432432432512,True,2025-07-01 10:15:00,0.07,0.04222972972972965,0.0,2025-07-02 00:00:00,3338.9,收盤,13.38000000000011,2.5400000000001275,0.18983557548580768,2025-07
2025-07-01,9.0,112,1,3337.62,3334.55,3325.1,9.450000000000273,47.360000000000085,0.19953547297297838,True,2025-07-01 10:20:00,0.07,0.04222972972972965,0.0,2025-07-02 00:00:00,3338.9,收盤,12.519999999999982,1.2100000000002,0.0966453674121567,2025-07
2025-07-01,9.5,121,1,3341.67,3338.86,3327.4,11.460000000000036,47.360000000000085,0.24197635135135168,True,2025-07-01 11:05:00,0.07,0.04222972972972965,0.0,2025-07-02 00:00:00,3338.9,收盤,14.269999999999982,-2.8399999999999817,-0.19901892081289316,2025-07
2025-07-01,10.0,137,1,3342.86,3339.9,3330.83,9.070000000000164,47.360000000000085,0.19151182432432745,True,2025-07-01 12:25:00,0.07,0.04222972972972965,0.0,2025-07-02 00:00:00,3338.9,收盤,12.0300000000002,-4.030000000000037,-0.33499584372402075,2025-07
2025-07-01,10.5,140,1,3344.67,3342.17,3333.57,8.599999999999909,47.360000000000085,0.18158783783783558,True,2025-07-01 12:40:00,0.07,0.04222972972972965,0.0,2025-07-02 00:00:00,3338.9,收盤,11.099999999999909,-5.839999999999982,-0.5261261261261289,2025-07
2025-07-02,2.0,43,-1,3333.79,3341.89,3336.75,5.139999999999873,49.207000000000065,0.10445668299225447,False,2025-07-02 04:35:00,0.07,0.020322311866197873,0.5714285714285714,2025-07-02 06:55:00,3341.89,停損,8.099999999999909,-8.16999999999991,-1.0086419753086422,2025-07
2025-07-02,2.5,47,-1,3332.08,3345.02,3334.66,10.360000000000127,49.207000000000065,0.21053915093381254,False,2025-07-02 04:55:00,0.07,0.020322311866197873,0.5333333333333333,2025-07-02 13:40:00,3345.02,停損,12.940000000000055,-13.010000000000055,-1.0054095826893354,2025-07
2025-07-02,4.5,65,1,3339.84,3335.81,3328.64,7.170000000000073,49.207000000000065,0.1457109760806402,True,2025-07-02 06:25:00,0.07,0.020322311866197873,0.7619047619047619,2025-07-02 10:15:00,3328.64,停損,11.200000000000273,-11.270000000000273,-1.0062499999999999,2025-07
2025-07-02,5.0,70,1,3341.16,3338.22,3328.64,9.579999999999927,49.207000000000065,0.19468774767817412,True,2025-07-02 06:50:00,0.07,0.020322311866197873,0.6956521739130435,2025-07-02 10:15:00,3328.64,停損,12.519999999999982,-12.589999999999982,-1.005591054313099,2025-07
2025-07-02,7.0,97,-1,3337.09,3342.02,3339.56,2.4600000000000364,49.207000000000065,0.049992887190847504,False,2025-07-02 09:05:00,0.07,0.020322311866197873,0.25,2025-07-02 13:00:00,3342.02,停損,4.929999999999836,-4.999999999999837,-1.014198782961461,2025-07
2025-07-02,6.5,101,-1,3334.68,3342.13,3337.95,4.180000000000291,49.207000000000065,0.08494726360071302,False,2025-07-02 09:25:00,0.07,0.020322311866197873,0.24242424242424243,2025-07-02 13:00:00,3342.13,停損,7.450000000000273,-7.520000000000273,-1.009395973154362,2025-07
2025-07-02,8.0,104,-1,3333.96,3343.82,3336.6,7.220000000000255,49.207000000000065,0.1467270916739538,False,2025-07-02 09:40:00,0.07,0.020322311866197873,0.23529411764705882,2025-07-02 13:10:00,3343.82,停損,9.860000000000127,-9.930000000000128,-1.0070993914807302,2025-07
2025-07-02,6.0,106,-1,3331.81,3342.13,3334.94,7.190000000000055,49.207000000000065,0.14611742231796382,False,2025-07-02 09:50:00,0.07,0.020322311866197873,0.22857142857142856,2025-07-02 13:00:00,3342.13,停損,10.320000000000164,-10.390000000000164,-1.0067829457364341,2025-07
2025-07-02,8.5,109,-1,3330.49,3343.82,3333.12,10.700000000000273,49.207000000000065,0.2174487369683228,False,2025-07-02 10:05:00,0.07,0.020322311866197873,0.2222222222222222,2025-07-02 13:10:00,3343.82,停損,13.330000000000382,-13.400000000000382,-1.005251312828207,2025-07
2025-07-02,9.5,137,1,3338.97,3335.75,3327.62,8.13000000000011,49.207000000000065,0.16522039547219092,True,2025-07-02 12:25:00,0.07,0.0,0.8222222222222222,2025-07-03 00:00:00,3357.09,收盤,11.349999999999909,18.050000000000345,1.590308370044096,2025-07
2025-07-02,10.0,139,1,3341.02,3336.89,3327.62,9.269999999999982,49.207000000000065,0.1883878309996539,True,2025-07-02 12:35:00,0.07,0.0,0.8043478260869565,2025-07-03 00:00:00,3357.09,收盤,13.400000000000091,16.000000000000163,1.1940298507462728,2025-07
2025-07-03,2.0,25,-1,3346.1,3362.27,3348.82,13.449999999999818,48.70600000000009,0.2761466759742084,False,2025-07-03 03:05:00,0.07,0.0,0.125,2025-07-03 09:05:00,3362.27,停損,16.170000000000073,-16.240000000000073,-1.0043290043290043,2025-07
2025-07-03,8.0,97,1,3363.61,3360.44,3350.2,10.240000000000236,48.70600000000009,0.21024103806512992,True,2025-07-03 09:05:00,0.07,0.0,0.40625,2025-07-03 12:30:00,3350.2,停損,13.41000000000031,-13.48000000000031,-1.0052199850857568,2025-07
2025-07-03,9.0,120,-1,3353.12,3363.76,3356.65,7.110000000000127,48.70600000000009,0.1459779082659244,False,2025-07-03 11:00:00,0.07,0.0,0.02564102564102564,2025-07-04 00:00:00,3326.49,收盤,10.640000000000327,26.56000000000011,2.496240601503693,2025-07
2025-07-03,9.5,138,-1,3350.49,3363.09,3354.37,8.720000000000255,48.70600000000009,0.17903338397733828,False,2025-07-03 12:30:00,0.07,0.0,0.022222222222222223,2025-07-04 00:00:00,3326.49,收盤,12.600000000000364,23.93,1.8992063492062943,2025-07
2025-07-03,10.0,139,-1,3349.65,3363.09,3352.57,10.519999999999982,48.70600000000009,0.21598981644971796,False,2025-07-03 12:35:00,0.07,0.0,0.021739130434782608,2025-07-04 00:00:00,3326.49,收盤,13.440000000000055,23.09000000000031,1.7180059523809683,2025-07
2025-07-03,10.5,140,-1,3347.16,3359.41,3351.71,7.699999999999818,48.70600000000009,0.15809140557631102,False,2025-07-03 12:40:00,0.07,0.0,0.021739130434782608,2025-07-04 00:00:00,3326.49,收盤,12.25,20.600000000000072,1.6816326530612304,2025-07
2025-07-04,3.0,41,1,3334.12,3331.2,3325.9,5.299999999999727,50.0710000000001,0.1058496934353162,False,2025-07-04 04:25:00,0.07,0.019971640270815404,0.0,2025-07-04 19:45:00,3335.01,收盤,8.2199999999998,0.8200000000003274,0.09975669099760916,2025-07
2025-07-04,5.0,67,1,3334.95,3332.37,3327.17,5.199999999999818,50.0710000000001,0.10385252940823646,False,2025-07-04 06:35:00,0.07,0.019971640270815404,0.0,2025-07-04 19:45:00,3335.01,收盤,7.779999999999745,-0.009999999999599829,-0.0012853470436504056,2025-07
2025-07-04,3.5,68,1,3337.49,3334.4,3326.55,7.849999999999909,50.0710000000001,0.1567773761258991,False,2025-07-04 06:40:00,0.07,0.019971640270815404,0.0,2025-07-04 19:45:00,3335.01,收盤,10.9399999999996,-2.5499999999995633,-0.23308957952464868,2025-07
2025-07-04,6.0,80,1,3341.5,3338.99,3326.18,12.809999999999945,50.0710000000001,0.25583671186914425,False,2025-07-04 07:40:00,0.07,0.019971640270815404,0.0,2025-07-04 19:45:00,3335.01,收盤,15.320000000000164,-6.559999999999782,-0.42819843342034675,2025-07
2025-07-04,9.5,149,-1,3333.79,3344.15,3336.44,7.710000000000036,50.0710000000001,0.15398134648798747,True,2025-07-04 13:25:00,0.07,0.019971640270815404,0.673469387755102,2025-07-04 19:45:00,3335.01,收盤,10.360000000000127,-1.2900000000002547,-0.12451737451739757,2025-07
2025-07-08,4.5,65,-1,3329.73,3337.02,3332.36,4.6599999999998545,48.47400000000016,0.09613400998473076,False,2025-07-08 06:25:00,0.07,0.0,0.047619047619047616,2025-07-08 10:05:00,3337.02,停損,7.289999999999964,-7.359999999999964,-1.0096021947873801,2025-07
2025-07-08,9.5,122,-1,3328.82,3339.56,3332.61,6.949999999999818,48.47400000000016,0.1433758303420348,False,2025-07-08 11:10:00,0.07,0.0,0.025,2025-07-09 00:00:00,3301.45,收盤,10.739999999999782,27.300000000000345,2.541899441340866,2025-07
2025-07-08,8.5,123,-1,3327.95,3336.57,3330.8,5.769999999999982,48.47400000000016,0.11903288360770646,False,2025-07-08 11:15:00,0.07,0.0,0.025,2025-07-09 00:00:00,3301.45,收盤,8.620000000000346,26.43,3.066125290023079,2025-07
2025-07-08,8.0,124,-1,3326.26,3336.6,3329.55,7.049999999999727,48.47400000000016,0.14543879192968817,False,2025-07-08 11:20:00,0.07,0.0,0.024390243902439025,2025-07-09 00:00:00,3301.45,收盤,10.33999999999969,24.7400000000004,2.3926499032883113,2025-07
2025-07-08,10.5,149,-1,3321.68,3335.55,3324.53,11.019999999999982,48.47400000000016,0.22733836695960608,False,2025-07-08 13:25:00,0.07,0.0,0.02040816326530612,2025-07-09 00:00:00,3301.45,收盤,13.870000000000346,20.160000000000018,1.4534967555875642,2025-07
2025-07-09,2.0,25,1,3306.36,3303.95,3297.27,6.679999999999836,46.89200000000019,0.14245500298557984,False,2025-07-09 03:05:00,0.07,0.0,0.75,2025-07-09 05:45:00,3297.27,停損,9.090000000000146,-9.160000000000146,-1.0077007700770075,2025-07
2025-07-09,2.5,57,-1,3294.46,3308.06,3297.27,10.789999999999964,46.89200000000019,0.23010321590036512,True,2025-07-09 05:45:00,0.07,0.02132559924933882,0.4444444444444444,2025-07-09 17:20:00,3308.06,停損,13.599999999999909,-13.66999999999991,-1.0051470588235294,2025-07
2025-07-09,6.0,86,1,3297.49,3294.77,3285.02,9.75,46.89200000000019,0.2079245926810535,False,2025-07-09 08:10:00,0.07,0.02132559924933882,0.7142857142857143,2025-07-09 11:25:00,3285.02,停損,12.4699999999998,-12.5399999999998,-1.0056134723336008,2025-07
2025-07-09,9.0,119,1,3295.31,3292.84,3285.64,7.200000000000273,46.89200000000019,0.15354431459524534,False,2025-07-09 10:55:00,0.07,0.0,0.5128205128205128,2025-07-09 11:25:00,3285.64,停損,9.670000000000073,-9.740000000000073,-1.0072388831437435,2025-07
2025-07-09,8.0,125,-1,3286.49,3297.91,3289.03,8.879999999999654,46.89200000000019,0.18937132133412135,True,2025-07-09 11:25:00,0.07,0.02132559924933882,0.1951219512195122,2025-07-09 16:05:00,3297.91,停損,11.420000000000073,-11.490000000000073,-1.0061295971978985,2025-07
2025-07-09,10.0,126,-1,3285.97,3296.03,3288.34,7.690000000000055,46.89200000000019,0.1639938582274167,True,2025-07-09 11:30:00,0.07,0.02132559924933882,0.1951219512195122,2025-07-09 14:05:00,3296.03,停損,10.0600000000004,-10.1300000000004,-1.0069582504970176,2025-07
2025-07-10,4.5,63,-1,3318.44,3326.32,3321.07,5.25,47.7800000000002,0.10987861029719502,False,2025-07-10 06:15:00,0.07,0.04185851820845524,0.7,2025-07-10 09:20:00,3326.32,停損,7.880000000000109,-7.950000000000109,-1.0088832487309645,2025-07
2025-07-10,5.0,72,-1,3315.74,3323.62,3318.24,5.380000000000109,47.7800000000002,0.1125994139807469,False,2025-07-10 07:00:00,0.07,0.04185851820845524,0.6086956521739131,2025-07-10 08:10:00,3323.62,停損,7.880000000000109,-7.950000000000109,-1.0088832487309645,2025-07
2025-07-10,7.0,100,1,3326.47,3322.58,3314.88,7.699999999999818,47.7800000000002,0.1611552951025489,True,2025-07-10 09:20:00,0.07,0.04185851820845524,0.0,2025-07-10 17:00:00,3314.88,停損,11.58999999999969,-11.659999999999691,-1.006039689387403,2025-07
2025-07-10,7.5,110,1,3328.63,3325.07,3315.75,9.320000000000164,47.7800000000002,0.19506069485140487,True,2025-07-10 10:10:00,0.07,0.04185851820845524,0.0,2025-07-10 16:55:00,3315.75,停損,12.88000000000011,-12.95000000000011,-1.0054347826086956,2025-07
2025-07-11,5.0,89,1,3338.92,3335.13,3327.17,7.960000000000036,45.757000000000154,0.17396245383220074,True,2025-07-11 08:25:00,0.07,0.043709159254321596,0.10344827586206896,2025-07-12 00:00:00,3355.11,收盤,11.75,16.120000000000054,1.3719148936170258,2025-07
2025-07-11,9.5,150,1,3345.8,3343.49,3331.19,12.299999999999727,45.757000000000154,0.2688113294140719,True,2025-07-11 13:30:00,0.07,0.043709159254321596,0.061224489795918366,2025-07-12 00:00:00,3355.11,收盤,14.610000000000127,9.239999999999945,0.6324435318275061,2025-07
2025-07-11,10.5,153,1,3347.27,3343.81,3334.48,9.329999999999927,45.757000000000154,0.20390322792140866,True,2025-07-11 13:45:00,0.07,0.043709159254321596,0.06,2025-07-12 00:00:00,3355.11,收盤,12.789999999999964,7.770000000000145,0.6075058639562289,2025-07
2025-07-15,2.0,39,1,3348.75,3346.61,3344.01,2.599999999999909,40.42100000000014,0.06432300042057099,False,2025-07-15 04:15:00,0.07,0.024739615546374324,0.0,2025-07-15 16:20:00,3344.01,停損,4.739999999999782,-4.809999999999782,-1.0147679324894523,2025-07
2025-07-15,2.5,52,1,3350.57,3347.98,3344.07,3.9099999999998545,40.42100000000014,0.09673189678632,False,2025-07-15 05:20:00,0.07,0.024739615546374324,0.0,2025-07-15 16:20:00,3344.07,停損,6.5,-6.57,-1.0107692307692309,2025-07
2025-07-15,3.0,61,1,3352.85,3349.37,3344.82,4.549999999999727,40.42100000000014,0.11256525073599642,False,2025-07-15 06:05:00,0.07,0.024739615546374324,0.0,2025-07-15 16:20:00,3344.82,停損,8.029999999999745,-8.099999999999746,-1.0087173100871734,2025-07
2025-07-15,4.5,63,1,3354.26,3352.11,3345.89,6.220000000000255,40.42100000000014,0.1538804086984546,False,2025-07-15 06:15:00,0.07,0.024739615546374324,0.0,2025-07-15 16:15:00,3345.89,停損,8.370000000000346,-8.440000000000346,-1.0083632019115887,2025-07
2025-07-15,5.5,74,1,3358.51,3356.1,3347.65,8.449999999999818,40.42100000000014,0.20904975136685852,False,2025-07-15 07:10:00,0.07,0.024739615546374324,0.0,2025-07-15 15:45:00,3347.65,停損,10.860000000000127,-10.930000000000128,-1.0064456721915285,2025-07
2025-07-15,6.0,75,1,3360.92,3358.34,3350.8,7.539999999999964,40.42100000000014,0.18653670121966148,False,2025-07-15 07:15:00,0.07,0.024739615546374324,0.0,2025-07-15 15:20:00,3350.8,停損,10.11999999999989,-10.189999999999891,-1.006916996047431,2025-07
2025-07-15,6.5,89,1,3364.39,3361.18,3354.35,6.829999999999927,40.42100000000014,0.16897157418173483,False,2025-07-15 08:25:00,0.07,0.024739615546374324,0.0,2025-07-15 14:50:00,3354.35,停損,10.039999999999964,-10.109999999999964,-1.0069721115537849,2025-07
2025-07-15,9.5,148,1,3365.51,3363.25,3357.44,5.809999999999945,40.42100000000014,0.14373716632443345,False,2025-07-15 13:20:00,0.07,0.024739615546374324,0.0,2025-07-15 14:40:00,3357.44,停損,8.070000000000164,-8.140000000000164,-1.0086741016109044,2025-07
2025-07-16,2.0,44,1,3334.07,3331.78,3326.29,5.4900000000002365,39.479000000000134,0.13906127308189717,False,2025-07-16 04:40:00,0.07,0.050659844474277294,0.0,2025-07-16 05:55:00,3326.29,停損,7.7800000000002,-7.8500000000002,-1.0089974293059123,2025-07
2025-07-16,4.0,59,-1,3325.44,3335.11,3328.96,6.150000000000091,39.479000000000134,0.15577902175840497,True,2025-07-16 05:55:00,0.07,0.025329922237138647,0.7368421052631579,2025-07-16 06:50:00,3335.11,停損,9.670000000000073,-9.740000000000073,-1.0072388831437435,2025-07
2025-07-16,5.0,67,1,3333.6,3331.57,3325.12,6.450000000000273,39.479000000000134,0.16337799842955117,False,2025-07-16 06:35:00,0.07,0.050659844474277294,0.0,2025-07-16 16:50:00,3325.12,停損,8.480000000000018,-8.550000000000018,-1.008254716981132,2025-07
2025-07-16,5.5,78,1,3335.18,3333.06,3325.12,7.940000000000055,39.479000000000134,0.20111958256288223,False,2025-07-16 07:30:00,0.07,0.050659844474277294,0.0,2025-07-16 16:50:00,3325.12,停損,10.059999999999945,-10.129999999999946,-1.006958250497018,2025-07
2025-07-16,6.0,79,1,3337.17,3335.11,3325.94,9.170000000000073,39.479000000000134,0.23227538691456323,False,2025-07-16 07:35:00,0.07,0.050659844474277294,0.0,2025-07-16 16:50:00,3325.94,停損,11.230000000000018,-11.300000000000018,-1.006233303650935,2025-07
2025-07-16,7.0,98,1,3341.18,3338.72,3332.84,5.879999999999654,39.479000000000134,0.14893994275436648,False,2025-07-16 09:10:00,0.07,0.050659844474277294,0.0,2025-07-16 15:35:00,3332.84,停損,8.33999999999969,-8.409999999999691,-1.008393285371703,2025-07
2025-07-16,7.5,101,1,3341.65,3339.65,3335.0,4.650000000000091,39.479000000000134,0.11778413840269701,False,2025-07-16 09:25:00,0.07,0.050659844474277294,0.0,2025-07-16 14:00:00,3335.0,停損,6.650000000000091,-6.720000000000091,-1.0105263157894735,2025-07
2025-07-16,8.0,130,1,3341.94,3339.92,3335.66,4.260000000000218,39.479000000000134,0.10790546873021616,False,2025-07-16 11:50:00,0.07,0.050659844474277294,0.0,2025-07-16 14:00:00,3335.66,停損,6.2800000000002,-6.3500000000002,-1.0111464968152863,2025-07
2025-07-16,10.0,131,1,3342.3,3340.18,3336.01,4.169999999999618,39.479000000000134,0.10562577572885848,False,2025-07-16 11:55:00,0.07,0.050659844474277294,0.0,2025-07-16 14:00:00,3336.01,停損,6.289999999999964,-6.359999999999964,-1.0111287758346583,2025-07
2025-07-17,2.0,33,-1,3341.95,3350.29,3345.25,5.039999999999964,42.02000000000012,0.1199428843407889,False,2025-07-17 03:45:00,0.07,0.023798191337458287,0.1,2025-07-18 00:00:00,3338.6,收盤,8.340000000000146,3.279999999999909,0.3932853717026201,2025-07
2025-07-17,2.5,36,-1,3340.79,3348.75,3342.98,5.769999999999982,42.02000000000012,0.13731556401713388,False,2025-07-17 04:00:00,0.07,0.023798191337458287,0.09090909090909091,2025-07-18 00:00:00,3338.6,收盤,7.960000000000036,2.1200000000000547,0.26633165829146294,2025-07
2025-07-17,6.5,98,-1,3335.62,3342.37,3338.38,3.9899999999997817,42.02000000000012,0.09495478343645337,False,2025-07-17 09:10:00,0.07,0.023798191337458287,0.03125,2025-07-18 00:00:00,3338.6,收盤,6.75,-3.050000000000018,-0.4518518518518545,2025-07
2025-07-17,5.5,99,-1,3333.15,3342.2,3336.34,5.859999999999673,42.02000000000012,0.13945740123749778,False,2025-07-17 09:15:00,0.07,0.023798191337458287,0.03125,2025-07-18 00:00:00,3338.6,收盤,9.049999999999727,-5.519999999999818,-0.6099447513812138,2025-07
2025-07-17,8.5,118,-1,3326.08,3341.2,3329.72,11.480000000000018,42.02000000000012,0.27320323655402157,False,2025-07-17 10:50:00,0.07,0.023798191337458287,0.02564102564102564,2025-07-18 00:00:00,3338.6,收盤,15.11999999999989,-12.589999999999982,-0.8326719576719624,2025-07
2025-07-17,9.5,143,-1,3325.75,3336.53,3327.88,8.650000000000091,42.02000000000012,0.20585435506901634,False,2025-07-17 12:55:00,0.07,0.023798191337458287,0.02127659574468085,2025-07-17 18:30:00,3336.53,停損,10.7800000000002,-10.8500000000002,-1.0064935064935063,2025-07
2025-07-18,3.0,53,1,3343.8,3341.52,3338.07,3.449999999999818,40.84900000000007,0.08445739185781323,False,2025-07-18 05:25:00,0.07,0.024480403437048603,0.8235294117647058,2025-07-18 05:55:00,3338.07,停損,5.730000000000018,-5.8000000000000185,-1.012216404886562,2025-07
2025-07-18,5.0,67,-1,3334.53,3344.26,3336.87,7.390000000000327,40.84900000000007,0.18091018139979717,True,2025-07-18 06:35:00,0.07,0.024480403437048603,0.7727272727272727,2025-07-18 10:15:00,3344.26,停損,9.730000000000018,-9.800000000000018,-1.0071942446043165,2025-07
2025-07-18,5.5,97,-1,3332.5,3343.65,3334.64,9.010000000000218,40.84900000000007,0.22056843496781325,True,2025-07-18 09:05:00,0.07,0.024480403437048603,0.53125,2025-07-18 10:10:00,3343.65,停損,11.150000000000091,-11.220000000000091,-1.0062780269058296,2025-07
2025-07-18,9.0,112,1,3344.87,3342.76,3331.81,10.950000000000273,40.84900000000007,0.2680604176356889,False,2025-07-18 10:20:00,0.07,0.04896080687409721,0.8648648648648649,2025-07-19 00:00:00,3350.06,收盤,13.059999999999945,5.120000000000054,0.3920367534456413,2025-07
2025-07-18,9.5,119,1,3348.94,3346.66,3337.91,8.75,40.84900000000007,0.21420353007417528,False,2025-07-18 10:55:00,0.07,0.04896080687409721,0.8205128205128205,2025-07-19 00:00:00,3350.06,收盤,11.0300000000002,1.0499999999998908,0.0951949229374317,2025-07
2025-07-18,10.0,139,1,3353.47,3350.16,3340.76,9.399999999999636,40.84900000000007,0.23011579230824794,False,2025-07-18 12:35:00,0.07,0.04896080687409721,0.6956521739130435,2025-07-19 00:00:00,3350.06,收盤,12.709999999999582,-3.4799999999998543,-0.27380015735640983,2025-07
2025-07-22,2.0,41,-1,3391.15,3402.61,3393.37,9.240000000000236,42.64700000000003,0.2166623678101679,False,2025-07-22 04:25:00,0.07,0.023448308204563027,0.46153846153846156,2025-07-22 15:45:00,3402.61,停損,11.460000000000036,-11.530000000000037,-1.006108202443281,2025-07
2025-07-22,2.5,45,-1,3388.15,3402.61,3390.64,11.970000000000255,42.64700000000003,0.2806762492086254,False,2025-07-22 04:45:00,0.07,0.023448308204563027,0.42857142857142855,2025-07-22 15:45:00,3402.61,停損,14.460000000000036,-14.530000000000037,-1.0048409405255878,2025-07
2025-07-22,3.5,47,-1,3387.27,3397.63,3389.95,7.680000000000291,42.64700000000003,0.18008300701105087,False,2025-07-22 04:55:00,0.07,0.023448308204563027,0.4,2025-07-22 15:25:00,3397.63,停損,10.360000000000127,-10.430000000000128,-1.0067567567567568,2025-07
2025-07-22,6.0,93,-1,3386.42,3393.83,3388.88,4.949999999999818,42.64700000000003,0.11606912561258272,False,2025-07-22 08:45:00,0.07,0.023448308204563027,0.2,2025-07-22 15:10:00,3393.83,停損,7.4099999999998545,-7.479999999999855,-1.0094466936572202,2025-07
2025-07-22,7.0,95,-1,3385.47,3392.67,3388.1,4.570000000000164,42.64700000000003,0.10715876849485687,False,2025-07-22 08:55:00,0.07,0.023448308204563027,0.1935483870967742,2025-07-22 15:05:00,3392.67,停損,7.200000000000273,-7.270000000000273,-1.009722222222222,2025-07
2025-07-22,5.5,102,-1,3384.91,3392.02,3387.46,4.559999999999945,42.64700000000003,0.10692428541280612,False,2025-07-22 09:30:00,0.07,0.023448308204563027,0.18181818181818182,2025-07-22 15:05:00,3392.02,停損,7.110000000000127,-7.180000000000128,-1.009845288326301,2025-07
2025-07-22,7.5,105,-1,3384.59,3391.93,3387.0,4.929999999999836,42.64700000000003,0.11560015944849188,False,2025-07-22 09:45:00,0.07,0.023448308204563027,0.17647058823529413,2025-07-22 15:05:00,3391.93,停損,7.339999999999691,-7.409999999999691,-1.009536784741145,2025-07
2025-07-23,2.0,29,1,3437.54,3433.34,3426.39,6.950000000000273,41.78600000000006,0.1663236490690725,True,2025-07-23 03:25:00,0.07,0.023931460297707333,0.7777777777777778,2025-07-23 04:05:00,3426.39,停損,11.150000000000091,-11.220000000000091,-1.0062780269058296,2025-07
2025-07-23,8.0,109,1,3426.46,3423.87,3416.4,7.4699999999998,41.78600000000006,0.17876800842386897,True,2025-07-23 10:05:00,0.07,0.023931460297707333,0.8611111111111112,2025-07-23 16:05:00,3416.4,停損,10.059999999999945,-10.129999999999946,-1.006958250497018,2025-07
2025-07-23,8.5,110,1,3428.0,3424.61,3416.4,8.210000000000036,41.78600000000006,0.19647728904417808,True,2025-07-23 10:10:00,0.07,0.023931460297707333,0.8611111111111112,2025-07-23 16:05:00,3416.4,停損,11.599999999999909,-11.66999999999991,-1.0060344827586207,2025-07
2025-07-23,9.5,136,1,3432.61,3429.7,3419.57,10.129999999999654,41.78600000000006,0.242425692815767,True,2025-07-23 12:20:00,0.07,0.023931460297707333,0.6888888888888889,2025-07-23 16:05:00,3419.57,停損,13.039999999999964,-13.109999999999964,-1.0053680981595092,2025-07
2025-07-24,3.5,61,-1,3380.71,3393.42,3384.09,9.329999999999927,44.098,0.21157422105310733,True,2025-07-24 06:05:00,0.07,0.0,0.6,2025-07-25 00:00:00,3368.17,收盤,12.710000000000036,12.469999999999963,0.9811172305271383,2025-07
2025-07-24,4.5,62,-1,3377.95,3390.98,3380.68,10.300000000000182,44.098,0.23357068347771287,True,2025-07-24 06:10:00,0.07,0.0,0.6,2025-07-25 00:00:00,3368.17,收盤,13.0300000000002,9.709999999999745,0.7452033768226858,2025-07
2025-07-24,6.5,98,-1,3375.68,3386.04,3379.21,6.829999999999927,44.098,0.15488230758764404,True,2025-07-24 09:10:00,0.07,0.0,0.375,2025-07-25 00:00:00,3368.17,收盤,10.360000000000127,7.439999999999763,0.7181467181466865,2025-07
2025-07-24,5.5,102,-1,3371.98,3388.66,3374.63,14.029999999999745,44.098,0.31815501836817417,True,2025-07-24 09:30:00,0.07,0.0,0.36363636363636365,2025-07-25 00:00:00,3368.17,收盤,16.679999999999836,3.7399999999999456,0.22422062350119798,2025-07
2025-07-24,8.5,119,-1,3368.7,3381.89,3371.48,10.409999999999854,44.098,0.23606512767018584,True,2025-07-24 10:55:00,0.07,0.0,0.3076923076923077,2025-07-25 00:00:00,3368.17,收盤,13.190000000000055,0.45999999999974533,0.034874905231216335,2025-07
2025-07-24,9.0,120,-1,3367.68,3379.78,3370.05,9.730000000000018,44.098,0.22064492720758352,True,2025-07-24 11:00:00,0.07,0.0,0.3076923076923077,2025-07-25 00:00:00,3368.17,收盤,12.100000000000364,-0.5600000000002365,-0.046280991735555346,2025-07
2025-07-24,10.0,137,-1,3363.82,3377.56,3366.11,11.449999999999818,44.098,0.2596489636718177,True,2025-07-24 12:25:00,0.07,0.0,0.26666666666666666,2025-07-25 00:00:00,3368.17,收盤,13.739999999999782,-4.419999999999909,-0.32168850072780053,2025-07
2025-07-24,10.5,138,-1,3363.2,3377.35,3365.84,11.509999999999764,44.098,0.2610095695949876,True,2025-07-24 12:30:00,0.07,0.0,0.26666666666666666,2025-07-24 17:45:00,3377.35,停損,14.150000000000091,-14.220000000000091,-1.004946996466431,2025-07
2025-07-25,3.5,55,-1,3363.92,3373.55,3366.43,7.120000000000346,46.277000000000044,0.15385612723383837,True,2025-07-25 05:35:00,0.07,0.0,0.6111111111111112,2025-07-26 00:00:00,3336.59,收盤,9.63000000000011,27.259999999999927,2.8307372793353704,2025-07
2025-07-25,4.5,63,-1,3361.23,3371.62,3363.61,8.009999999999764,46.277000000000044,0.17308814313805468,True,2025-07-25 06:15:00,0.07,0.0,0.55,2025-07-26 00:00:00,3336.59,收盤,10.389999999999873,24.569999999999872,2.3647738209817297,2025-07
2025-07-25,5.0,72,-1,3359.14,3370.63,3362.38,8.25,46.277000000000044,0.17827430473021139,True,2025-07-25 07:00:00,0.07,0.0,0.4782608695652174,2025-07-26 00:00:00,3336.59,收盤,11.490000000000236,22.479999999999727,1.9564838990425817,2025-07
2025-07-25,8.0,124,-1,3350.35,3362.42,3355.37,7.050000000000182,46.277000000000044,0.1523434967694573,True,2025-07-25 11:20:00,0.07,0.0,0.2682926829268293,2025-07-26 00:00:00,3336.59,收盤,12.070000000000164,13.689999999999763,1.1342170671084986,2025-07
2025-07-25,10.5,151,-1,3343.22,3358.96,3345.59,13.36999999999989,46.277000000000044,0.2889124186961099,True,2025-07-25 13:35:00,0.07,0.0,0.22,2025-07-26 00:00:00,3336.59,收盤,15.740000000000236,6.559999999999654,0.41677255400251306,2025-07
2025-07-29,2.0,44,1,3317.9,3314.79,3310.53,4.2599999999997635,47.405000000000065,0.08986393840311692,False,2025-07-29 04:40:00,0.07,0.0,0.7142857142857143,2025-07-29 07:30:00,3310.53,停損,7.369999999999891,-7.439999999999891,-1.0094979647218456,2025-07
2025-07-29,2.5,45,1,3319.79,3315.84,3308.42,7.420000000000073,47.405000000000065,0.15652357346271623,False,2025-07-29 04:45:00,0.07,0.0,0.7142857142857143,2025-07-30 00:00:00,3326.3,收盤,11.36999999999989,6.440000000000218,0.5664028144239472,2025-07
2025-07-29,4.5,77,-1,3310.96,3320.99,3313.68,7.309999999999945,47.405000000000065,0.15420314312836061,True,2025-07-29 07:25:00,0.07,0.0,0.6,2025-07-29 09:30:00,3320.99,停損,10.029999999999745,-10.099999999999746,-1.0069790628115656,2025-07
2025-07-29,6.5,91,1,3318.28,3315.38,3309.01,6.369999999999891,47.405000000000065,0.13437401118025277,False,2025-07-29 08:35:00,0.07,0.0,0.3333333333333333,2025-07-30 00:00:00,3326.3,收盤,9.269999999999982,7.9499999999999815,0.8576051779935272,2025-07
2025-07-29,7.0,96,1,3319.99,3317.49,3309.01,8.479999999999563,47.405000000000065,0.178884083957379,False,2025-07-29 09:00:00,0.07,0.0,0.3225806451612903,2025-07-30 00:00:00,3326.3,收盤,10.979999999999563,6.2400000000004,0.5683060109290208,2025-07
2025-07-29,7.5,100,1,3320.55,3317.71,3310.55,7.1599999999998545,47.405000000000065,0.15103891994515017,False,2025-07-29 09:20:00,0.07,0.0,0.30303030303030304,2025-07-30 00:00:00,3326.3,收盤,10.0,5.68,0.568,2025-07
2025-07-29,6.0,107,1,3321.79,3318.98,3311.28,7.699999999999818,47.405000000000065,0.1624301234047001,False,2025-07-29 09:55:00,0.07,0.0,0.2857142857142857,2025-07-30 00:00:00,3326.3,收盤,10.509999999999764,4.440000000000218,0.42245480494769916,2025-07
2025-07-29,10.0,121,1,3322.03,3318.73,3311.29,7.440000000000055,47.405000000000065,0.15694546988714364,False,2025-07-29 11:05:00,0.07,0.0,0.25,2025-07-30 00:00:00,3326.3,收盤,10.740000000000236,4.1999999999999815,0.39106145251395613,2025-07
2025-07-29,8.0,122,1,3325.17,3320.24,3314.28,5.959999999999582,47.405000000000065,0.12572513447947628,False,2025-07-29 11:10:00,0.07,0.0,0.25,2025-07-29 16:40:00,3314.28,停損,10.889999999999873,-10.959999999999873,-1.0064279155188247,2025-07
2025-07-30,3.0,44,-1,3324.69,3333.63,3327.32,6.309999999999945,45.39400000000005,0.13900515486628054,False,2025-07-30 04:40:00,0.07,0.0,0.7857142857142857,2025-07-30 13:00:00,3333.63,停損,8.940000000000055,-9.010000000000055,-1.0078299776286352,2025-07
2025-07-30,6.0,99,-1,3323.95,3329.89,3326.29,3.599999999999909,45.39400000000005,0.07930563510595905,False,2025-07-30 09:15:00,0.07,0.0,0.34375,2025-07-30 10:10:00,3329.89,停損,5.940000000000055,-6.010000000000055,-1.0117845117845117,2025-07
2025-07-30,5.5,102,-1,3323.73,3332.08,3326.02,6.059999999999945,45.39400000000005,0.13349781909503325,False,2025-07-30 09:30:00,0.07,0.0,0.3333333333333333,2025-07-30 10:10:00,3332.08,停損,8.349999999999909,-8.41999999999991,-1.0083832335329344,2025-07
2025-07-31,2.0,38,1,3289.49,3285.81,3277.8,8.009999999999764,46.200000000000045,0.17337662337661808,False,2025-07-31 04:10:00,0.07,0.06493506493506487,0.0,2025-08-01 00:00:00,3290.12,收盤,11.6899999999996,0.5600000000001091,0.04790419161677744,2025-07
2025-07-31,2.5,47,1,3291.42,3288.2,3279.51,8.6899999999996,46.200000000000045,0.18809523809522924,False,2025-07-31 04:55:00,0.07,0.06493506493506487,0.0,2025-08-01 00:00:00,3290.12,收盤,11.909999999999854,-1.370000000000182,-0.11502938706970602,2025-07
2025-07-31,3.5,48,1,3293.8,3291.37,3283.8,7.569999999999709,46.200000000000045,0.1638528138528074,False,2025-07-31 05:00:00,0.07,0.06493506493506487,0.0,2025-08-01 00:00:00,3290.12,收盤,10.0,-3.750000000000291,-0.3750000000000291,2025-07
2025-07-31,4.0,60,1,3297.3,3294.0,3285.03,8.9699999999998,46.200000000000045,0.19415584415583964,False,2025-07-31 06:00:00,0.07,0.06493506493506487,0.0,2025-08-01 00:00:00,3290.12,收盤,12.269999999999982,-7.250000000000291,-0.5908720456397965,2025-07
2025-07-31,4.5,84,1,3298.13,3295.8,3285.5,10.300000000000182,46.200000000000045,0.22294372294372666,False,2025-07-31 08:00:00,0.07,0.06493506493506487,0.0,2025-08-01 00:00:00,3290.12,收盤,12.63000000000011,-8.080000000000219,-0.639746634996053,2025-07
2025-07-31,5.5,98,1,3303.41,3298.56,3290.56,8.0,46.200000000000045,0.173160173160173,False,2025-07-31 09:10:00,0.07,0.06493506493506487,0.0,2025-07-31 19:15:00,3290.56,停損,12.849999999999909,-12.91999999999991,-1.0054474708171206,2025-07
2025-07-31,8.0,103,1,3304.6,3301.6,3294.76,6.839999999999691,46.200000000000045,0.14805194805194122,False,2025-07-31 09:35:00,0.07,0.06493506493506487,0.0,2025-07-31 14:00:00,3294.76,停損,9.83999999999969,-9.909999999999691,-1.0071138211382116,2025-07
2025-07-31,8.5,118,1,3306.58,3303.99,3294.76,9.229999999999563,46.200000000000045,0.19978354978354013,False,2025-07-31 10:50:00,0.07,0.06493506493506487,0.0,2025-07-31 14:00:00,3294.76,停損,11.819999999999709,-11.88999999999971,-1.0059221658206432,2025-07
2025-07-31,9.0,122,1,3308.8,3304.81,3298.14,6.670000000000073,46.200000000000045,0.14437229437229582,False,2025-07-31 11:10:00,0.07,0.06493506493506487,0.0,2025-07-31 13:55:00,3298.14,停損,10.66000000000031,-10.73000000000031,-1.0065666041275796,2025-07
2025-07-31,10.0,124,1,3312.41,3309.78,3298.13,11.650000000000091,46.200000000000045,0.25216450216450387,False,2025-07-31 11:20:00,0.07,0.06493506493506487,0.0,2025-07-31 13:55:00,3298.13,停損,14.279999999999745,-14.349999999999746,-1.004901960784314,2025-07
2025-07-31,10.5,155,-1,3296.36,3314.87,3299.48,15.389999999999873,46.200000000000045,0.33311688311688004,True,2025-07-31 13:55:00,0.07,0.021645021645021623,0.803921568627451,2025-08-01 00:00:00,3290.12,收盤,18.509999999999764,6.170000000000236,0.33333333333335036,2025-07
2025-08-01,2.0,47,-1,3282.38,3295.14,3288.13,7.0099999999997635,46.05900000000006,0.15219609631124761,False,2025-08-01 04:55:00,0.07,0.0,0.26666666666666666,2025-08-01 06:15:00,3295.14,停損,12.759999999999764,-12.829999999999764,-1.005485893416928,2025-08
2025-08-01,4.5,62,1,3294.04,3291.72,3281.62,10.099999999999909,46.05900000000006,0.21928396187498417,True,2025-08-01 06:10:00,0.07,0.043422566707918046,0.75,2025-08-02 00:00:00,3362.28,收盤,12.420000000000073,68.17000000000024,5.488727858293063,2025-08
2025-08-01,4.0,63,1,3296.06,3293.62,3281.62,12.0,46.05900000000006,0.26053540024750826,True,2025-08-01 06:15:00,0.07,0.043422566707918046,0.75,2025-08-02 00:00:00,3362.28,收盤,14.440000000000055,66.15000000000026,4.581024930747923,2025-08
2025-08-01,8.0,115,-1,3288.14,3300.48,3291.79,8.690000000000055,46.05900000000006,0.1886710523459051,False,2025-08-01 10:35:00,0.07,0.06513385006187707,0.8157894736842105,2025-08-01 13:55:00,3300.48,停損,12.340000000000146,-12.410000000000146,-1.005672609400324,2025-08
2025-08-01,7.0,116,-1,3286.28,3295.55,3290.08,5.470000000000255,46.05900000000006,0.11876071994616139,False,2025-08-01 10:40:00,0.07,0.06513385006187707,0.8157894736842105,2025-08-01 12:15:00,3295.55,停損,9.269999999999982,-9.339999999999982,-1.0075512405609492,2025-08
2025-08-01,10.0,151,1,3296.34,3293.45,3285.27,8.179999999999836,46.05900000000006,0.17759829783538125,True,2025-08-01 13:35:00,0.07,0.043422566707918046,0.3,2025-08-02 00:00:00,3362.28,收盤,11.070000000000164,65.87000000000006,5.950316169828283,2025-08
2025-08-05,4.0,58,-1,3375.24,3382.49,3377.92,4.569999999999709,49.669000000000054,0.09200910024360676,False,2025-08-05 05:50:00,0.07,0.0,0.631578947368421,2025-08-05 17:40:00,3382.49,停損,7.25,-7.32,-1.0096551724137932,2025-08
2025-08-05,3.5,60,-1,3373.74,3382.49,3377.54,4.949999999999818,49.669000000000054,0.09965974752863582,False,2025-08-05 06:00:00,0.07,0.0,0.631578947368421,2025-08-05 17:40:00,3382.49,停損,8.75,-8.82,-1.008,2025-08
2025-08-05,2.5,63,-1,3373.38,3379.67,3375.98,3.6900000000000546,49.669000000000054,0.0742918117940778,False,2025-08-05 06:15:00,0.07,0.0,0.6,2025-08-05 17:05:00,3379.67,停損,6.289999999999964,-6.359999999999964,-1.0111287758346583,2025-08
2025-08-05,4.5,68,-1,3372.8,3382.29,3375.7,6.5900000000001455,49.669000000000054,0.13267833054823205,False,2025-08-05 06:40:00,0.07,0.0,0.5454545454545454,2025-08-05 17:25:00,3382.29,停損,9.489999999999782,-9.559999999999782,-1.0073761854583774,2025-08
2025-08-05,5.0,84,-1,3371.19,3381.42,3373.74,7.680000000000291,49.669000000000054,0.1546236082868647,False,2025-08-05 08:00:00,0.07,0.0,0.4444444444444444,2025-08-05 17:25:00,3381.42,停損,10.230000000000018,-10.300000000000018,-1.0068426197458455,2025-08
2025-08-05,5.5,86,-1,3370.1,3378.2,3372.87,5.329999999999927,49.669000000000054,0.10731039481366489,False,2025-08-05 08:10:00,0.07,0.0,0.42857142857142855,2025-08-05 16:40:00,3378.2,停損,8.099999999999909,-8.16999999999991,-1.0086419753086422,2025-08
2025-08-05,6.0,87,-1,3368.89,3375.44,3372.16,3.2800000000002,49.669000000000054,0.06603716603918332,False,2025-08-05 08:15:00,0.07,0.0,0.42857142857142855,2025-08-05 10:40:00,3375.44,停損,6.550000000000182,-6.620000000000182,-1.0106870229007632,2025-08
2025-08-05,6.5,88,-1,3368.71,3374.85,3371.29,3.5599999999999454,49.669000000000054,0.07167448509130325,False,2025-08-05 08:20:00,0.07,0.0,0.41379310344827586,2025-08-05 10:35:00,3374.85,停損,6.139999999999873,-6.209999999999873,-1.0114006514657983,2025-08
2025-08-05,7.0,104,-1,3368.46,3373.19,3371.02,2.1700000000000728,49.669000000000054,0.0436892226539707,False,2025-08-05 09:40:00,0.07,0.0,0.35294117647058826,2025-08-05 10:25:00,3373.19,停損,4.730000000000018,-4.8000000000000185,-1.014799154334038,2025-08
2025-08-05,10.5,130,-1,3368.17,3375.52,3370.74,4.7800000000002,49.669000000000054,0.09623708953271044,False,2025-08-05 11:50:00,0.07,0.0,0.27906976744186046,2025-08-05 16:35:00,3375.52,停損,7.349999999999909,-7.419999999999909,-1.0095238095238097,2025-08
2025-08-05,8.5,133,-1,3365.17,3374.21,3368.63,5.579999999999927,49.669000000000054,0.1123437153959194,False,2025-08-05 12:05:00,0.07,0.0,0.2727272727272727,2025-08-05 16:35:00,3374.21,停損,9.039999999999964,-9.109999999999964,-1.0077433628318584,2025-08
2025-08-05,10.0,139,-1,3363.54,3375.52,3366.16,9.360000000000127,49.669000000000054,0.18844752259961178,False,2025-08-05 12:35:00,0.07,0.0,0.2608695652173913,2025-08-05 16:35:00,3375.52,停損,11.980000000000018,-12.050000000000018,-1.0058430717863105,2025-08
2025-08-05,9.0,140,-1,3362.71,3374.21,3365.78,8.429999999999836,49.669000000000054,0.1697235700336191,False,2025-08-05 12:40:00,0.07,0.0,0.2608695652173913,2025-08-05 16:35:00,3374.21,停損,11.5,-11.57,-1.0060869565217392,2025-08
2025-08-06,2.5,39,-1,3378.01,3385.31,3381.65,3.6599999999998545,48.70500000000002,0.07514628888204195,False,2025-08-06 04:15:00,0.07,0.0,0.8333333333333334,2025-08-07 00:00:00,3368.88,收盤,7.299999999999727,9.060000000000109,1.2410958904110203,2025-08
2025-08-06,2.0,47,-1,3375.42,3384.04,3379.08,4.960000000000036,48.70500000000002,0.10183759367621464,False,2025-08-06 04:55:00,0.07,0.0,0.6666666666666666,2025-08-07 00:00:00,3368.88,收盤,8.61999999999989,6.469999999999963,0.7505800464037176,2025-08
2025-08-06,5.0,89,-1,3370.88,3377.88,3374.21,3.6700000000000728,48.70500000000002,0.07535160661123234,False,2025-08-06 08:25:00,0.07,0.0,0.3448275862068966,2025-08-06 09:25:00,3377.88,停損,7.0,-7.07,-1.01,2025-08
2025-08-06,7.0,113,-1,3369.83,3376.51,3372.29,4.220000000000255,48.70500000000002,0.08664408171646142,False,2025-08-06 10:25:00,0.07,0.0,0.2702702702702703,2025-08-06 10:50:00,3376.51,停損,6.680000000000291,-6.750000000000291,-1.0104790419161673,2025-08
2025-08-06,7.5,124,-1,3367.25,3376.16,3370.7,5.460000000000036,48.70500000000002,0.1121034801355104,False,2025-08-06 11:20:00,0.07,0.0,0.24390243902439024,2025-08-06 17:25:00,3376.16,停損,8.909999999999854,-8.979999999999855,-1.0078563411896746,2025-08
2025-08-06,9.5,127,-1,3365.04,3378.8,3369.08,9.720000000000255,48.70500000000002,0.19956883276871473,False,2025-08-06 11:35:00,0.07,0.0,0.23809523809523808,2025-08-06 18:00:00,3378.8,停損,13.760000000000218,-13.830000000000219,-1.0050872093023255,2025-08
2025-08-06,10.5,141,-1,3362.47,3377.2,3365.28,11.919999999999618,48.70500000000002,0.24473873318960299,False,2025-08-06 12:45:00,0.07,0.0,0.21739130434782608,2025-08-06 17:35:00,3377.2,停損,14.730000000000018,-14.800000000000018,-1.0047522063815344,2025-08
2025-08-07,2.0,39,1,3376.34,3372.06,3367.84,4.2199999999998,45.690000000000055,0.09236156708250809,False,2025-08-07 04:15:00,0.07,0.043773254541475105,0.6666666666666666,2025-08-08 00:00:00,3395.96,收盤,8.5,19.54999999999989,2.299999999999987,2025-08
2025-08-07,3.0,42,1,3377.96,3374.86,3365.42,9.440000000000055,45.690000000000055,0.2066097614357637,False,2025-08-07 04:30:00,0.07,0.043773254541475105,0.6153846153846154,2025-08-08 00:00:00,3395.96,收盤,12.539999999999964,17.93,1.429824561403513,2025-08
2025-08-07,3.5,45,1,3381.73,3378.26,3370.09,8.170000000000073,45.690000000000055,0.1788137448019274,False,2025-08-07 04:45:00,0.07,0.043773254541475105,0.5714285714285714,2025-08-08 00:00:00,3395.96,收盤,11.639999999999873,14.160000000000018,1.2164948453608395,2025-08
2025-08-07,8.0,105,1,3385.47,3380.97,3371.67,9.299999999999727,45.690000000000055,0.20354563361785327,False,2025-08-07 09:45:00,0.07,0.043773254541475105,0.23529411764705882,2025-08-08 00:00:00,3395.96,收盤,13.799999999999727,10.420000000000236,0.755072463768148,2025-08
2025-08-07,9.0,114,1,3392.32,3387.88,3375.15,12.730000000000018,45.690000000000055,0.2786167651564895,False,2025-08-07 10:30:00,0.07,0.043773254541475105,0.21621621621621623,2025-08-07 11:25:00,3375.15,停損,17.170000000000073,-17.240000000000073,-1.004076878276063,2025-08
2025-08-07,9.5,118,1,3396.45,3393.84,3380.11,13.730000000000018,45.690000000000055,0.300503392427227,False,2025-08-07 10:50:00,0.07,0.043773254541475105,0.20512820512820512,2025-08-07 11:20:00,3380.11,停損,16.33999999999969,-16.40999999999969,-1.0042839657282743,2025-08
2025-08-08,2.0,32,-1,3390.03,3407.51,3393.36,14.150000000000091,45.16000000000004,0.31333038086802656,False,2025-08-08 03:40:00,0.07,0.022143489813994666,0.0,2025-08-09 00:00:00,3396.62,收盤,17.480000000000018,-6.659999999999691,-0.3810068649885403,2025-08
2025-08-08,2.5,38,-1,3384.89,3402.52,3390.91,11.610000000000127,45.16000000000004,0.25708591674048087,False,2025-08-08 04:10:00,0.07,0.022143489813994666,0.0,2025-08-08 10:50:00,3402.52,停損,17.63000000000011,-17.70000000000011,-1.0039705048213272,2025-08
2025-08-08,3.0,41,-1,3382.53,3402.52,3387.05,15.4699999999998,45.16000000000004,0.34255978742249305,False,2025-08-08 04:25:00,0.07,0.022143489813994666,0.0,2025-08-08 10:50:00,3402.52,停損,19.98999999999978,-20.059999999999782,-1.0035017508754378,2025-08
2025-08-08,4.5,67,1,3392.6,3388.23,3381.14,7.0900000000001455,45.16000000000004,0.1569973427812254,True,2025-08-08 06:35:00,0.07,0.0,0.6363636363636364,2025-08-08 14:25:00,3381.14,停損,11.460000000000036,-11.530000000000037,-1.006108202443281,2025-08
2025-08-08,4.0,68,1,3395.91,3390.88,3381.14,9.740000000000236,45.16000000000004,0.21567759078831328,True,2025-08-08 06:40:00,0.07,0.0,0.6363636363636364,2025-08-08 14:25:00,3381.14,停損,14.769999999999982,-14.839999999999982,-1.004739336492891,2025-08
2025-08-08,3.5,77,1,3398.0,3395.57,3381.63,13.940000000000055,45.16000000000004,0.3086802480070869,True,2025-08-08 07:25:00,0.07,0.0,0.56,2025-08-08 14:25:00,3381.63,停損,16.36999999999989,-16.43999999999989,-1.0042761148442272,2025-08
2025-08-08,7.0,91,-1,3390.42,3399.38,3393.28,6.099999999999909,45.16000000000004,0.13507528786536546,False,2025-08-08 08:35:00,0.07,0.022143489813994666,0.0,2025-08-08 10:10:00,3399.38,停損,8.960000000000036,-9.030000000000037,-1.0078125,2025-08
2025-08-08,8.5,118,1,3401.13,3397.77,3389.96,7.809999999999945,45.16000000000004,0.17294065544729714,True,2025-08-08 10:50:00,0.07,0.0,0.358974358974359,2025-08-08 13:30:00,3389.96,停損,11.170000000000073,-11.240000000000073,-1.0062667860340198,2025-08
2025-08-08,7.5,119,1,3403.24,3399.38,3390.91,8.470000000000255,45.16000000000004,0.18755535872454046,True,2025-08-08 10:55:00,0.07,0.0,0.358974358974359,2025-08-08 13:25:00,3390.91,停損,12.329999999999927,-12.399999999999928,-1.0056772100567721,2025-08
2025-08-08,10.0,152,-1,3387.23,3404.22,3391.49,12.730000000000018,45.16000000000004,0.28188662533215253,False,2025-08-08 13:40:00,0.07,0.022143489813994666,0.0,2025-08-09 00:00:00,3396.62,收盤,16.98999999999978,-9.459999999999873,-0.5567981165391404,2025-08
2025-08-12,2.0,31,1,3353.26,3349.62,3346.33,3.2899999999999636,45.65700000000002,0.07205904899577201,False,2025-08-12 03:35:00,0.07,0.0,0.0,2025-08-12 04:40:00,3346.33,停損,6.930000000000291,-7.000000000000291,-1.0101010101010097,2025-08
2025-08-12,2.5,39,1,3356.54,3353.33,3346.55,6.779999999999745,45.65700000000002,0.1484985872921949,False,2025-08-12 04:15:00,0.07,0.0,0.0,2025-08-12 04:40:00,3346.55,停損,9.989999999999782,-10.059999999999782,-1.0070070070070072,2025-08
2025-08-12,4.5,83,1,3355.51,3353.12,3346.3,6.819999999999709,45.65700000000002,0.14937468515232508,False,2025-08-12 07:55:00,0.07,0.0,0.0,2025-08-12 09:20:00,3346.3,停損,9.210000000000036,-9.280000000000037,-1.007600434310532,2025-08
2025-08-12,6.0,100,-1,3345.66,3355.39,3348.16,7.230000000000018,45.65700000000002,0.15835468821867435,True,2025-08-12 09:20:00,0.07,0.0,0.3939393939393939,2025-08-12 10:40:00,3355.39,停損,9.730000000000018,-9.800000000000018,-1.0071942446043165,2025-08
2025-08-12,9.5,115,1,3353.22,3349.25,3342.33,6.920000000000073,45.65700000000002,0.15156492980266048,False,2025-08-12 10:35:00,0.07,0.0,0.0,2025-08-12 14:05:00,3342.33,停損,10.889999999999873,-10.959999999999873,-1.0064279155188247,2025-08
2025-08-12,10.5,144,-1,3345.55,3358.18,3348.44,9.739999999999782,45.65700000000002,0.21332982894188796,True,2025-08-12 13:00:00,0.07,0.021902446503274407,0.8085106382978723,2025-08-12 18:30:00,3358.18,停損,12.629999999999654,-12.699999999999655,-1.0055423594615995,2025-08
2025-08-13,2.0,26,-1,3347.19,3352.12,3349.75,2.369999999999891,45.88300000000004,0.0516531177124401,False,2025-08-13 03:10:00,0.07,0.021794564435629736,0.125,2025-08-13 04:50:00,3352.12,停損,4.929999999999836,-4.999999999999837,-1.014198782961461,2025-08
2025-08-13,3.5,54,1,3351.98,3349.31,3342.73,6.579999999999927,45.88300000000004,0.14340823398644206,True,2025-08-13 05:30:00,0.07,0.0,0.7647058823529411,2025-08-14 00:00:00,3355.72,收盤,9.25,3.669999999999782,0.39675675675673316,2025-08
2025-08-13,3.0,58,1,3353.43,3350.8,3342.75,8.050000000000182,45.88300000000004,0.17544624370682332,True,2025-08-13 05:50:00,0.07,0.0,0.6842105263157895,2025-08-14 00:00:00,3355.72,收盤,10.679999999999836,2.219999999999964,0.20786516853932563,2025-08
2025-08-13,5.5,93,-1,3346.09,3354.42,3348.55,5.869999999999891,45.88300000000004,0.12793409323714416,False,2025-08-13 08:45:00,0.07,0.021794564435629736,0.6333333333333333,2025-08-13 09:20:00,3354.42,停損,8.329999999999927,-8.399999999999928,-1.008403361344538,2025-08
2025-08-13,8.0,100,1,3354.95,3352.06,3345.67,6.389999999999873,45.88300000000004,0.13926726674367124,True,2025-08-13 09:20:00,0.07,0.0,0.3939393939393939,2025-08-14 00:00:00,3355.72,收盤,9.279999999999745,0.6999999999999817,0.07543103448275873,2025-08
2025-08-13,8.5,113,1,3360.28,3356.64,3345.67,10.9699999999998,45.88300000000004,0.23908637185885384,True,2025-08-13 10:25:00,0.07,0.0,0.35135135135135137,2025-08-14 00:00:00,3355.72,收盤,14.610000000000127,-4.6300000000004005,-0.3169062286105654,2025-08
2025-08-13,9.5,139,1,3363.23,3360.89,3353.71,7.179999999999836,45.88300000000004,0.15648497264781794,True,2025-08-13 12:35:00,0.07,0.0,0.2826086956521739,2025-08-13 20:45:00,3353.71,停損,9.519999999999982,-9.589999999999982,-1.0073529411764706,2025-08
2025-08-13,10.0,140,1,3363.52,3360.97,3354.02,6.949999999999818,45.88300000000004,0.1514722228276227,True,2025-08-13 12:40:00,0.07,0.0,0.2826086956521739,2025-08-13 20:45:00,3354.02,停損,9.5,-9.57,-1.0073684210526317,2025-08
2025-08-14,2.0,26,1,3367.28,3363.51,3357.53,5.980000000000018,42.09700000000002,0.14205287787728377,True,2025-08-14 03:10:00,0.07,0.0,0.0,2025-08-14 06:20:00,3357.53,停損,9.75,-9.82,-1.0071794871794872,2025-08
2025-08-14,3.5,60,-1,3362.91,3374.74,3365.4,9.33999999999969,42.09700000000002,0.2218685417013014,False,2025-08-14 06:00:00,0.07,0.023754661852388517,0.5263157894736842,2025-08-15 00:00:00,3335.15,收盤,11.829999999999927,27.689999999999763,2.340659340659335,2025-08
2025-08-14,3.0,62,-1,3359.39,3374.74,3362.8,11.9399999999996,42.09700000000002,0.2836306625175094,False,2025-08-14 06:10:00,0.07,0.023754661852388517,0.5,2025-08-15 00:00:00,3335.15,收盤,15.349999999999909,24.16999999999978,1.5745928338762165,2025-08
2025-08-14,2.5,64,-1,3357.79,3373.14,3360.83,12.309999999999945,42.09700000000002,0.29241988740290137,False,2025-08-14 06:20:00,0.07,0.023754661852388517,0.47619047619047616,2025-08-15 00:00:00,3335.15,收盤,15.349999999999909,22.569999999999872,1.4703583061889254,2025-08
2025-08-14,6.5,109,1,3365.67,3361.3,3355.53,5.769999999999982,42.09700000000002,0.1370643988882813,True,2025-08-14 10:05:00,0.07,0.023754661852388517,0.6111111111111112,2025-08-14 10:45:00,3355.53,停損,10.139999999999873,-10.209999999999873,-1.0069033530571994,2025-08
2025-08-14,9.5,117,-1,3352.47,3366.48,3357.36,9.11999999999989,42.09700000000002,0.21664251609378068,False,2025-08-14 10:45:00,0.07,0.023754661852388517,0.2631578947368421,2025-08-15 00:00:00,3335.15,收盤,14.010000000000218,17.24999999999971,1.2312633832976045,2025-08
2025-08-15,2.0,46,1,3338.99,3336.65,3332.26,4.389999999999873,42.484000000000016,0.1033330194896872,False,2025-08-15 04:50:00,0.07,0.0,0.26666666666666666,2025-08-16 00:00:00,3335.74,收盤,6.729999999999563,-3.32,-0.49331352154535146,2025-08
2025-08-15,3.0,63,1,3340.96,3338.8,3332.43,6.370000000000346,42.484000000000016,0.14993880048960417,False,2025-08-15 06:15:00,0.07,0.0,0.2,2025-08-16 00:00:00,3335.74,收盤,8.5300000000002,-5.290000000000255,-0.6201641266119732,2025-08
2025-08-15,4.0,67,1,3343.77,3340.29,3333.38,6.9099999999998545,42.484000000000016,0.16264946803502148,False,2025-08-15 06:35:00,0.07,0.0,0.18181818181818182,2025-08-15 16:55:00,3333.38,停損,10.389999999999873,-10.459999999999873,-1.0067372473532243,2025-08
2025-08-15,6.0,85,1,3348.16,3344.81,3340.07,4.739999999999782,42.484000000000016,0.11157141512098155,False,2025-08-15 08:05:00,0.07,0.0,0.14285714285714285,2025-08-15 11:20:00,3340.07,停損,8.08999999999969,-8.159999999999691,-1.008652657601978,2025-08
2025-08-15,9.0,120,1,3346.27,3344.14,3340.2,3.9400000000000546,42.484000000000016,0.09274079653516742,False,2025-08-15 11:00:00,0.07,0.0,0.10256410256410256,2025-08-15 11:20:00,3340.2,停損,6.070000000000164,-6.140000000000164,-1.0115321252059306,2025-08
2025-08-15,8.0,126,-1,3339.47,3348.79,3342.03,6.7599999999997635,42.484000000000016,0.15911872705017796,True,2025-08-15 11:30:00,0.07,0.0,0.6829268292682927,2025-08-16 00:00:00,3335.74,收盤,9.320000000000164,3.6600000000000183,0.39270386266093926,2025-08
2025-08-15,10.0,152,-1,3337.75,3346.65,3340.12,6.5300000000002,42.484000000000016,0.15370492420676485,True,2025-08-15 13:40:00,0.07,0.0,0.56,2025-08-16 00:00:00,3335.74,收盤,8.900000000000091,1.9400000000002182,0.21797752808990994,2025-08
2025-08-20,3.5,74,1,3318.86,3316.93,3311.55,5.379999999999654,34.403999999999996,0.15637716544586835,False,2025-08-20 07:10:00,0.07,0.0,0.5416666666666666,2025-08-21 00:00:00,3348.01,收盤,7.309999999999945,29.08000000000009,3.978112175102641,2025-08
2025-08-20,4.0,79,1,3319.77,3317.85,3311.55,6.299999999999727,34.403999999999996,0.18311824206486826,False,2025-08-20 07:35:00,0.07,0.0,0.5,2025-08-21 00:00:00,3348.01,收盤,8.2199999999998,28.170000000000236,3.427007299270185,2025-08
2025-08-20,5.5,80,1,3320.58,3318.22,3312.42,5.799999999999727,34.403999999999996,0.16858504825019555,False,2025-08-20 07:40:00,0.07,0.0,0.5,2025-08-21 00:00:00,3348.01,收盤,8.159999999999854,27.36000000000029,3.352941176470684,2025-08
2025-08-20,6.5,95,1,3321.98,3319.47,3316.66,2.8099999999999454,34.403999999999996,0.08167654923845907,False,2025-08-20 08:55:00,0.07,0.0,0.41935483870967744,2025-08-21 00:00:00,3348.01,收盤,5.320000000000164,25.9600000000002,4.879699248120188,2025-08
2025-08-20,7.0,96,1,3323.44,3321.08,3317.22,3.8600000000001273,34.403999999999996,0.11219625624927705,False,2025-08-20 09:00:00,0.07,0.0,0.41935483870967744,2025-08-21 00:00:00,3348.01,收盤,6.220000000000255,24.500000000000163,3.9389067524114405,2025-08
2025-08-20,8.0,100,1,3325.66,3323.89,3318.15,5.739999999999782,34.403999999999996,0.16684106499243642,False,2025-08-20 09:20:00,0.07,0.0,0.3939393939393939,2025-08-21 00:00:00,3348.01,收盤,7.5099999999997635,22.280000000000364,2.966711051930901,2025-08
2025-08-20,10.5,158,1,3328.43,3326.63,3321.58,5.050000000000182,34.403999999999996,0.1467852575281997,False,2025-08-20 14:10:00,0.07,0.0,0.25,2025-08-21 00:00:00,3348.01,收盤,6.849999999999909,19.51000000000038,2.8481751824818455,2025-08
2025-08-21,2.0,26,-1,3344.58,3349.72,3346.4,3.319999999999709,35.560999999999964,0.09336070414217014,False,2025-08-21 03:10:00,0.07,0.02812069401872841,0.0,2025-08-22 00:00:00,3338.78,收盤,5.139999999999873,5.729999999999727,1.1147859922178733,2025-08
2025-08-21,4.0,80,-1,3338.78,3346.36,3340.75,5.610000000000127,35.560999999999964,0.15775709344506997,False,2025-08-21 07:40:00,0.07,0.02812069401872841,0.0,2025-08-21 16:35:00,3346.36,停損,7.579999999999927,-7.6499999999999275,-1.0092348284960424,2025-08
2025-08-21,4.5,82,-1,3338.53,3346.36,3340.48,5.880000000000109,35.560999999999964,0.16534968083012613,False,2025-08-21 07:50:00,0.07,0.02812069401872841,0.0,2025-08-21 16:35:00,3346.36,停損,7.829999999999927,-7.8999999999999275,-1.008939974457216,2025-08
2025-08-21,6.0,86,-1,3337.67,3344.86,3339.69,5.170000000000073,35.560999999999964,0.14538398807682792,False,2025-08-21 08:10:00,0.07,0.02812069401872841,0.0,2025-08-21 15:40:00,3344.86,停損,7.190000000000055,-7.260000000000055,-1.0097357440890125,2025-08
2025-08-21,6.5,101,-1,3335.55,3343.25,3338.75,4.5,35.560999999999964,0.12654312308427784,False,2025-08-21 09:25:00,0.07,0.02812069401872841,0.0,2025-08-21 15:35:00,3343.25,停損,7.699999999999818,-7.769999999999818,-1.0090909090909093,2025-08
2025-08-21,7.5,102,-1,3334.58,3341.11,3337.09,4.019999999999982,35.560999999999964,0.1130451899552877,False,2025-08-21 09:30:00,0.07,0.02812069401872841,0.0,2025-08-21 10:55:00,3341.11,停損,6.5300000000002,-6.6000000000002,-1.0107197549770288,2025-08
2025-08-21,10.0,152,-1,3333.64,3341.61,3335.48,6.130000000000109,35.560999999999964,0.17237985433480824,False,2025-08-21 13:40:00,0.07,0.02812069401872841,0.0,2025-08-21 15:15:00,3341.61,停損,7.970000000000255,-8.040000000000255,-1.0087829360100373,2025-08
2025-08-22,3.0,61,-1,3332.36,3339.81,3335.08,4.730000000000018,34.59699999999998,0.13671705639217333,True,2025-08-22 06:05:00,0.07,0.0,0.1,2025-08-22 17:05:00,3339.81,停損,7.449999999999818,-7.519999999999818,-1.0093959731543627,2025-08
2025-08-22,4.0,72,-1,3331.97,3340.32,3333.7,6.620000000000346,34.59699999999998,0.19134607046854785,True,2025-08-22 07:00:00,0.07,0.0,0.08695652173913043,2025-08-22 17:05:00,3340.32,停損,8.350000000000364,-8.420000000000364,-1.008383233532934,2025-08
2025-08-22,4.5,76,-1,3330.98,3338.59,3333.38,5.210000000000036,34.59699999999998,0.15059109171315546,True,2025-08-22 07:20:00,0.07,0.0,0.08,2025-08-22 17:05:00,3338.59,停損,7.610000000000127,-7.680000000000128,-1.0091984231274638,2025-08
2025-08-22,6.5,101,-1,3327.48,3335.4,3329.23,6.170000000000073,34.59699999999998,0.1783391623551197,True,2025-08-22 09:25:00,0.07,0.0,0.06060606060606061,2025-08-22 16:45:00,3335.4,停損,7.920000000000073,-7.990000000000073,-1.0088383838383839,2025-08
2025-08-22,7.0,105,-1,3326.2,3332.73,3328.03,4.699999999999818,34.59699999999998,0.1358499291846062,True,2025-08-22 09:45:00,0.07,0.0,0.058823529411764705,2025-08-22 10:10:00,3332.73,停損,6.5300000000002,-6.6000000000002,-1.0107197549770288,2025-08
2025-08-26,2.5,33,1,3382.08,3380.32,3351.3,29.019999999999982,32.26899999999996,0.8993151321701948,False,2025-08-26 03:45:00,0.07,0.0,0.8,2025-08-27 00:00:00,3393.4,收盤,30.779999999999745,11.250000000000163,0.36549707602340015,2025-08
2025-08-26,3.5,63,-1,3370.9,3386.48,3372.54,13.940000000000055,32.26899999999996,0.4319935541851334,True,2025-08-26 06:15:00,0.07,0.03098949456134374,0.55,2025-08-26 19:00:00,3386.48,停損,15.579999999999927,-15.649999999999928,-1.0044929396662388,2025-08
2025-08-26,6.0,80,1,3377.48,3375.51,3369.89,5.620000000000346,32.26899999999996,0.17416095943476254,False,2025-08-26 07:40:00,0.07,0.0,0.3076923076923077,2025-08-26 10:20:00,3369.89,停損,7.5900000000001455,-7.660000000000146,-1.0092226613965742,2025-08
2025-08-26,6.5,82,1,3378.07,3376.15,3371.9,4.25,32.26899999999996,0.1317053518857109,False,2025-08-26 07:50:00,0.07,0.0,0.2962962962962963,2025-08-26 10:15:00,3371.9,停損,6.170000000000073,-6.240000000000073,-1.0113452188006482,2025-08
2025-08-26,7.0,112,-1,3368.84,3378.96,3372.14,6.820000000000164,32.26899999999996,0.21134835290836937,True,2025-08-26 10:20:00,0.07,0.03098949456134374,0.2972972972972973,2025-08-26 10:50:00,3378.96,停損,10.11999999999989,-10.189999999999891,-1.006916996047431,2025-08
2025-08-26,9.5,127,1,3379.69,3377.74,3367.23,10.509999999999764,32.26899999999996,0.32569958783971537,False,2025-08-26 11:35:00,0.07,0.0,0.19047619047619047,2025-08-27 00:00:00,3393.4,收盤,12.460000000000036,13.640000000000036,1.0947030497592292,2025-08
2025-08-26,10.5,151,-1,3368.59,3379.58,3370.68,8.900000000000091,32.26899999999996,0.2758065015959621,True,2025-08-26 13:35:00,0.07,0.03098949456134374,0.22,2025-08-26 14:35:00,3379.58,停損,10.989999999999782,-11.059999999999782,-1.0063694267515926,2025-08
2025-08-27,2.0,37,-1,3387.52,3393.03,3390.01,3.019999999999982,33.66199999999994,0.0897154060958941,False,2025-08-27 04:05:00,0.07,0.029707088111223388,0.0,2025-08-27 19:35:00,3393.03,停損,5.510000000000218,-5.580000000000219,-1.0127041742286746,2025-08
2025-08-27,3.0,38,-1,3387.18,3393.6,3389.04,4.559999999999945,33.66199999999994,0.13546432178717704,False,2025-08-27 04:10:00,0.07,0.029707088111223388,0.0,2025-08-27 19:35:00,3393.6,停損,6.420000000000073,-6.490000000000073,-1.010903426791277,2025-08
2025-08-27,3.5,65,-1,3382.57,3392.74,3384.4,8.33999999999969,33.66199999999994,0.24775711484759388,False,2025-08-27 06:25:00,0.07,0.029707088111223388,0.0,2025-08-27 19:35:00,3392.74,停損,10.169999999999618,-10.239999999999618,-1.0068829891838744,2025-08
2025-08-27,4.0,71,-1,3381.49,3390.12,3383.38,6.739999999999782,33.66199999999994,0.20022577386963916,False,2025-08-27 06:55:00,0.07,0.029707088111223388,0.0,2025-08-27 18:15:00,3390.12,停損,8.63000000000011,-8.70000000000011,-1.0081112398609502,2025-08
2025-08-27,5.0,73,-1,3379.86,3387.03,3382.23,4.800000000000182,33.66199999999994,0.14259402293387766,False,2025-08-27 07:05:00,0.07,0.029707088111223388,0.0,2025-08-27 18:05:00,3387.03,停損,7.170000000000073,-7.240000000000073,-1.00976290097629,2025-08
2025-08-27,6.0,77,-1,3378.13,3384.49,3380.6,3.8899999999998727,33.66199999999994,0.1155605727526552,False,2025-08-27 07:25:00,0.07,0.029707088111223388,0.0,2025-08-27 11:25:00,3384.49,停損,6.359999999999673,-6.429999999999673,-1.0110062893081768,2025-08
2025-08-27,6.5,81,-1,3374.98,3383.3,3377.19,6.110000000000127,33.66199999999994,0.18151030835957868,False,2025-08-27 07:45:00,0.07,0.029707088111223388,0.0,2025-08-27 11:10:00,3383.3,停損,8.320000000000164,-8.390000000000164,-1.0084134615384615,2025-08
2025-08-27,8.0,100,1,3381.55,3379.01,3374.16,4.850000000000364,33.66199999999994,0.14407937733944423,True,2025-08-27 09:20:00,0.07,0.029707088111223388,0.8181818181818182,2025-08-27 10:20:00,3374.16,停損,7.390000000000327,-7.460000000000328,-1.0094722598105543,2025-08
2025-08-27,9.0,111,-1,3374.59,3381.97,3376.32,5.649999999999636,33.66199999999994,0.16784504782840134,False,2025-08-27 10:15:00,0.07,0.029707088111223388,0.0,2025-08-27 11:05:00,3381.97,停損,7.379999999999654,-7.449999999999655,-1.009485094850949,2025-08
2025-08-28,2.0,35,-1,3393.3,3399.31,3395.18,4.130000000000109,33.36399999999994,0.12378611677257273,False,2025-08-28 03:55:00,0.07,0.0,0.6363636363636364,2025-08-28 11:40:00,3399.31,停損,6.0099999999997635,-6.079999999999764,-1.0116472545757076,2025-08
2025-08-28,2.5,36,-1,3392.06,3399.31,3394.64,4.670000000000073,33.36399999999994,0.13997122647164853,False,2025-08-28 04:00:00,0.07,0.0,0.6363636363636364,2025-08-28 11:40:00,3399.31,停損,7.25,-7.32,-1.0096551724137932,2025-08
2025-08-28,3.0,41,-1,3389.22,3398.09,3391.24,6.850000000000364,33.36399999999994,0.20531111377533798,False,2025-08-28 04:25:00,0.07,0.0,0.5384615384615384,2025-08-28 11:40:00,3398.09,停損,8.870000000000346,-8.940000000000346,-1.0078917700112737,2025-08
2025-08-28,3.5,46,-1,3385.94,3398.09,3387.62,10.470000000000255,33.36399999999994,0.31381129360988713,False,2025-08-28 04:50:00,0.07,0.0,0.4666666666666667,2025-08-28 11:40:00,3398.09,停損,12.150000000000091,-12.220000000000091,-1.005761316872428,2025-08
2025-08-28,8.5,105,1,3395.41,3392.68,3387.74,4.940000000000055,33.36399999999994,0.14806378132118642,True,2025-08-28 09:45:00,0.07,0.0,0.5294117647058824,2025-08-29 00:00:00,3416.93,收盤,7.670000000000073,21.44999999999998,2.7966101694914967,2025-08
2025-08-28,9.0,128,1,3399.73,3395.7,3388.82,6.879999999999654,33.36399999999994,0.20621028653637655,True,2025-08-28 11:40:00,0.07,0.0,0.42857142857142855,2025-08-29 00:00:00,3416.93,收盤,10.909999999999854,17.129999999999818,1.5701191567369428,2025-08
2025-08-29,2.0,37,-1,3412.23,3416.87,3414.77,2.099999999999909,32.73499999999994,0.06415151978004927,False,2025-08-29 04:05:00,0.07,0.030548342752405734,0.0,2025-08-29 16:00:00,3416.87,停損,4.639999999999873,-4.709999999999873,-1.0150862068965523,2025-08
2025-08-29,2.5,40,-1,3411.11,3417.93,3413.06,4.869999999999891,32.73499999999994,0.1487704292042126,False,2025-08-29 04:20:00,0.07,0.030548342752405734,0.0,2025-08-29 16:05:00,3417.93,停損,6.819999999999709,-6.889999999999709,-1.0102639296187688,2025-08
2025-08-29,3.5,44,-1,3408.1,3415.31,3409.87,5.440000000000055,32.73499999999994,0.16618298457308886,False,2025-08-29 04:40:00,0.07,0.030548342752405734,0.0,2025-08-29 15:50:00,3415.31,停損,7.210000000000036,-7.280000000000037,-1.0097087378640777,2025-08
2025-08-29,5.5,83,-1,3408.33,3414.07,3409.99,4.080000000000382,32.73499999999994,0.12463723842982707,False,2025-08-29 07:55:00,0.07,0.030548342752405734,0.0,2025-08-29 11:15:00,3414.07,停損,5.7400000000002365,-5.810000000000237,-1.012195121951219,2025-08
2025-08-29,5.0,87,-1,3407.8,3414.07,3409.9,4.170000000000073,32.73499999999994,0.12738658927753413,False,2025-08-29 08:15:00,0.07,0.030548342752405734,0.0,2025-08-29 11:15:00,3414.07,停損,6.269999999999982,-6.339999999999982,-1.0111642743221692,2025-08
2025-09-02,2.0,31,1,3484.07,3481.46,3474.55,6.9099999999998545,37.846000000000004,0.18258204301643116,True,2025-09-02 03:35:00,0.07,0.0,0.0,2025-09-02 10:55:00,3474.55,停損,9.519999999999982,-9.589999999999982,-1.0073529411764706,2025-09
2025-09-02,2.5,39,1,3488.91,3483.9,3477.68,6.220000000000255,37.846000000000004,0.16435026158643593,True,2025-09-02 04:15:00,0.07,0.0,0.0,2025-09-02 10:55:00,3477.68,停損,11.230000000000018,-11.300000000000018,-1.006233303650935,2025-09
2025-09-02,3.5,45,1,3502.48,3497.75,3477.04,20.710000000000036,37.846000000000004,0.5472176716165522,True,2025-09-02 04:45:00,0.07,0.0,0.0,2025-09-02 10:55:00,3477.04,停損,25.440000000000055,-25.510000000000055,-1.002751572327044,2025-09
2025-09-03,2.0,29,1,3544.36,3533.11,3526.29,6.820000000000164,41.80799999999995,0.1631266743207083,True,2025-09-03 03:25:00,0.07,0.0,0.6666666666666666,2025-09-04 00:00:00,3559.73,收盤,18.070000000000164,15.29999999999989,0.8467072495849337,2025-09
2025-09-03,4.5,60,-1,3531.86,3545.94,3535.01,10.929999999999836,41.80799999999995,0.2614332185227672,False,2025-09-03 06:00:00,0.07,0.02391886720244932,0.47368421052631576,2025-09-03 14:15:00,3545.94,停損,14.079999999999927,-14.149999999999928,-1.004971590909091,2025-09
2025-09-03,6.5,81,1,3537.44,3535.0,3529.39,5.610000000000127,41.80799999999995,0.13418484500574374,True,2025-09-03 07:45:00,0.07,0.0,0.23076923076923078,2025-09-03 09:00:00,3529.39,停損,8.050000000000182,-8.120000000000182,-1.008695652173913,2025-09
2025-09-03,7.5,95,-1,3530.3,3538.35,3533.01,5.339999999999691,41.80799999999995,0.12772675086107196,False,2025-09-03 08:55:00,0.07,0.02391886720244932,0.2903225806451613,2025-09-03 11:10:00,3538.35,停損,8.049999999999727,-8.119999999999727,-1.0086956521739134,2025-09
2025-09-03,8.5,121,1,3537.63,3534.95,3526.93,8.019999999999982,41.80799999999995,0.1918293149636431,True,2025-09-03 11:05:00,0.07,0.0,0.15,2025-09-04 00:00:00,3559.73,收盤,10.700000000000273,22.02999999999991,2.058878504672836,2025-09
2025-09-03,8.0,126,1,3541.06,3537.96,3526.93,11.0300000000002,41.80799999999995,0.2638251052430208,True,2025-09-03 11:30:00,0.07,0.0,0.14634146341463414,2025-09-04 00:00:00,3559.73,收盤,14.13000000000011,18.600000000000072,1.316348195329082,2025-09
2025-09-03,10.5,159,1,3546.31,3541.2,3531.7,9.5,41.80799999999995,0.22722923842326856,True,2025-09-03 14:15:00,0.07,0.0,0.11538461538461539,2025-09-04 00:00:00,3559.73,收盤,14.610000000000127,13.350000000000072,0.9137577002053358,2025-09
2025-09-04,2.0,43,-1,3549.7,3561.95,3554.44,7.5099999999997635,43.16199999999999,0.17399564431675466,False,2025-09-04 04:35:00,0.07,0.023168527871739033,0.14285714285714285,2025-09-05 00:00:00,3545.68,收盤,12.25,3.949999999999982,0.32244897959183527,2025-09
2025-09-04,4.0,56,-1,3540.63,3563.22,3543.75,19.4699999999998,43.16199999999999,0.45109123766275433,False,2025-09-04 05:40:00,0.07,0.023168527871739033,0.1111111111111111,2025-09-05 00:00:00,3545.68,收盤,22.58999999999969,-5.119999999999727,-0.22664895971667984,2025-09
2025-09-04,4.5,57,-1,3537.68,3553.26,3540.76,12.5,43.16199999999999,0.2896065983967379,False,2025-09-04 05:45:00,0.07,0.023168527871739033,0.1111111111111111,2025-09-04 16:30:00,3553.26,停損,15.580000000000382,-15.650000000000382,-1.0044929396662388,2025-09
2025-09-04,5.0,63,-1,3515.0,3550.72,3526.53,24.1899999999996,43.16199999999999,0.560446689217358,False,2025-09-04 06:15:00,0.07,0.023168527871739033,0.1,2025-09-04 15:20:00,3550.72,停損,35.7199999999998,-35.7899999999998,-1.001959686450168,2025-09
2025-09-05,4.0,55,-1,3547.47,3556.63,3550.1,6.5300000000002,45.712999999999965,0.14284776759346804,True,2025-09-05 05:35:00,0.07,0.0,0.6666666666666666,2025-09-05 06:35:00,3556.63,停損,9.16000000000031,-9.23000000000031,-1.0076419213973797,2025-09
2025-09-05,5.0,69,1,3557.91,3555.45,3546.05,9.399999999999636,45.712999999999965,0.20563078336577437,False,2025-09-05 06:45:00,0.07,0.0,0.13636363636363635,2025-09-05 11:20:00,3546.05,停損,11.859999999999673,-11.929999999999673,-1.0059021922428333,2025-09
2025-09-05,4.5,81,1,3558.48,3556.1,3549.75,6.349999999999909,45.712999999999965,0.13891015684815947,False,2025-09-05 07:45:00,0.07,0.0,0.11538461538461539,2025-09-05 09:25:00,3549.75,停損,8.730000000000018,-8.800000000000018,-1.0080183276059564,2025-09
2025-09-05,8.5,124,-1,3545.84,3560.19,3548.37,11.820000000000164,45.712999999999965,0.258569772274849,True,2025-09-05 11:20:00,0.07,0.02187561525167897,0.6829268292682927,2025-09-05 15:35:00,3560.19,停損,14.349999999999909,-14.41999999999991,-1.0048780487804878,2025-09
2025-09-05,10.5,157,1,3553.32,3550.81,3544.93,5.880000000000109,45.712999999999965,0.12862861767987474,False,2025-09-05 14:05:00,0.07,0.0,0.057692307692307696,2025-09-06 00:00:00,3586.58,收盤,8.390000000000327,33.18999999999976,3.955899880810306,2025-09
2025-09-09,2.0,28,1,3638.88,3636.12,3628.21,7.9099999999998545,51.201999999999906,0.1544861528846504,True,2025-09-09 03:20:00,0.07,0.0,0.5555555555555556,2025-09-09 18:20:00,3628.21,停損,10.670000000000073,-10.740000000000073,-1.006560449859419,2025-09
2025-09-09,2.5,42,1,3644.54,3640.93,3630.08,10.849999999999909,51.201999999999906,0.2119057849302748,True,2025-09-09 04:30:00,0.07,0.0,0.38461538461538464,2025-09-09 18:20:00,3630.08,停損,14.460000000000036,-14.530000000000037,-1.0048409405255878,2025-09
2025-09-09,3.5,50,1,3653.03,3646.31,3636.08,10.230000000000018,51.201999999999906,0.1997968829342611,True,2025-09-09 05:10:00,0.07,0.0,0.3125,2025-09-09 18:15:00,3636.08,停損,16.950000000000273,-17.020000000000273,-1.0041297935103244,2025-09
2025-09-09,6.0,81,1,3655.08,3652.01,3642.74,9.270000000000437,51.201999999999906,0.18104761532753513,True,2025-09-09 07:45:00,0.07,0.0,0.19230769230769232,2025-09-09 09:10:00,3642.74,停損,12.340000000000146,-12.410000000000146,-1.005672609400324,2025-09
2025-09-09,5.0,92,1,3657.87,3654.54,3644.82,9.7199999999998,51.201999999999906,0.18983633451817933,True,2025-09-09 08:40:00,0.07,0.0,0.16666666666666666,2025-09-09 09:10:00,3644.82,停損,13.049999999999727,-13.119999999999727,-1.0053639846743296,2025-09
2025-09-09,9.5,135,1,3655.48,3651.08,3637.7,13.38000000000011,51.201999999999906,0.2613179172688593,True,2025-09-09 12:15:00,0.07,0.0,0.11363636363636363,2025-09-09 17:40:00,3637.7,停損,17.7800000000002,-17.8500000000002,-1.0039370078740157,2025-09
2025-09-10,2.0,27,-1,3630.54,3640.86,3633.4,7.460000000000036,51.816999999999915,0.14396819576586928,True,2025-09-10 03:15:00,0.07,0.01929868575949981,0.625,2025-09-10 07:10:00,3640.86,停損,10.320000000000164,-10.390000000000164,-1.0067829457364341,2025-09
2025-09-10,2.5,34,-1,3623.27,3639.54,3626.49,13.050000000000182,51.816999999999915,0.251847849161476,True,2025-09-10 03:50:00,0.07,0.01929868575949981,0.45454545454545453,2025-09-10 07:10:00,3639.54,停損,16.269999999999982,-16.339999999999982,-1.0043023970497849,2025-09
2025-09-10,3.5,51,1,3634.32,3630.95,3620.34,10.609999999999673,51.816999999999915,0.20475905590828666,False,2025-09-10 05:15:00,0.07,0.01929868575949981,0.0,2025-09-11 00:00:00,3640.0,收盤,13.980000000000018,5.609999999999836,0.4012875536480564,2025-09
2025-09-10,4.0,57,1,3635.94,3632.82,3620.34,12.480000000000018,51.816999999999915,0.24084759827855798,False,2025-09-10 05:45:00,0.07,0.01929868575949981,0.0,2025-09-11 00:00:00,3640.0,收盤,15.599999999999909,3.9899999999999456,0.25576923076922875,2025-09
2025-09-10,4.5,73,1,3638.97,3635.45,3620.9,14.549999999999727,51.816999999999915,0.28079587780071696,False,2025-09-10 07:05:00,0.07,0.01929868575949981,0.0,2025-09-11 00:00:00,3640.0,收盤,18.06999999999971,0.9600000000002,0.053126729385734116,2025-09
2025-09-10,6.0,74,1,3640.67,3637.12,3633.17,3.949999999999818,51.816999999999915,0.07622980875002074,False,2025-09-10 07:10:00,0.07,0.01929868575949981,0.0,2025-09-11 00:00:00,3640.0,收盤,7.5,-0.7400000000000728,-0.09866666666667638,2025-09
2025-09-10,5.0,75,1,3641.24,3638.32,3630.16,8.16000000000031,51.816999999999915,0.1574772757975244,False,2025-09-10 07:15:00,0.07,0.01929868575949981,0.0,2025-09-11 00:00:00,3640.0,收盤,11.079999999999927,-1.3099999999997818,-0.11823104693138903,2025-09
2025-09-10,6.5,99,1,3646.23,3643.18,3633.79,9.389999999999873,51.816999999999915,0.18121465928170075,False,2025-09-10 09:15:00,0.07,0.01929868575949981,0.0,2025-09-11 00:00:00,3640.0,收盤,12.440000000000055,-6.3000000000000185,-0.5064308681672018,2025-09
2025-09-10,9.0,141,1,3651.04,3647.7,3640.84,6.859999999999673,51.816999999999915,0.13238898431016238,False,2025-09-10 12:45:00,0.07,0.01929868575949981,0.0,2025-09-10 15:55:00,3640.84,停損,10.199999999999818,-10.269999999999818,-1.0068627450980394,2025-09
2025-09-10,10.0,142,1,3654.35,3648.46,3641.23,7.230000000000018,51.816999999999915,0.13952949804118397,False,2025-09-10 12:50:00,0.07,0.01929868575949981,0.0,2025-09-10 15:55:00,3641.23,停損,13.11999999999989,-13.189999999999891,-1.0053353658536586,2025-09
2025-09-11,4.0,55,-1,3636.79,3649.06,3639.83,9.230000000000018,53.146999999999935,0.17366925696652735,False,2025-09-11 05:35:00,0.07,0.018815737482830663,0.7777777777777778,2025-09-12 00:00:00,3633.59,收盤,12.269999999999982,3.1299999999998183,0.2550937245313629,2025-09
2025-09-11,4.5,62,-1,3632.51,3649.06,3637.54,11.519999999999982,53.146999999999935,0.2167572958022089,False,2025-09-11 06:10:00,0.07,0.018815737482830663,0.7,2025-09-12 00:00:00,3633.59,收盤,16.549999999999727,-1.1499999999999273,-0.06948640483383361,2025-09
2025-09-11,5.0,69,-1,3631.1,3643.52,3634.4,9.11999999999989,53.146999999999935,0.1715995258434136,False,2025-09-11 06:45:00,0.07,0.018815737482830663,0.6363636363636364,2025-09-11 15:40:00,3643.52,停損,12.420000000000073,-12.490000000000073,-1.0056360708534622,2025-09
2025-09-11,5.5,94,-1,3628.59,3638.92,3632.17,6.75,53.146999999999935,0.12700622800910696,False,2025-09-11 08:50:00,0.07,0.018815737482830663,0.45161290322580644,2025-09-11 15:35:00,3638.92,停損,10.329999999999927,-10.399999999999928,-1.0067763794772508,2025-09
2025-09-11,6.0,95,-1,3625.94,3637.39,3629.82,7.569999999999709,53.146999999999935,0.14243513274502265,False,2025-09-11 08:55:00,0.07,0.018815737482830663,0.45161290322580644,2025-09-11 09:50:00,3637.39,停損,11.449999999999818,-11.519999999999818,-1.006113537117904,2025-09
2025-09-11,8.5,135,-1,3618.8,3634.33,3622.88,11.449999999999818,53.146999999999935,0.21544019417840768,False,2025-09-11 12:15:00,0.07,0.018815737482830663,0.3181818181818182,2025-09-11 15:35:00,3634.33,停損,15.529999999999745,-15.599999999999746,-1.004507405022537,2025-09
2025-09-12,3.5,50,1,3648.91,3644.01,3630.56,13.450000000000273,52.93999999999992,0.25406120136003574,False,2025-09-12 05:10:00,0.07,0.0,0.625,2025-09-13 00:00:00,3642.37,收盤,18.34999999999991,-6.609999999999964,-0.360217983651226,2025-09
2025-09-12,4.0,65,1,3651.47,3647.57,3636.54,11.0300000000002,52.93999999999992,0.20834907442388018,False,2025-09-12 06:25:00,0.07,0.0,0.47619047619047616,2025-09-13 00:00:00,3642.37,收盤,14.929999999999836,-9.16999999999991,-0.614199598124582,2025-09
2025-09-12,4.5,72,1,3652.96,3650.23,3642.52,7.710000000000036,52.93999999999992,0.14563656970154984,False,2025-09-12 07:00:00,0.07,0.0,0.43478260869565216,2025-09-12 11:50:00,3642.52,停損,10.440000000000055,-10.510000000000055,-1.0067049808429118,2025-09
2025-09-12,5.0,76,1,3653.73,3650.94,3644.93,6.010000000000218,52.93999999999992,0.1135247449943375,False,2025-09-12 07:20:00,0.07,0.0,0.4,2025-09-12 11:15:00,3644.93,停損,8.800000000000182,-8.870000000000182,-1.0079545454545453,2025-09
2025-09-12,5.5,82,1,3655.68,3652.44,3646.19,6.25,52.93999999999992,0.1180581790706462,False,2025-09-12 07:50:00,0.07,0.0,0.37037037037037035,2025-09-12 11:15:00,3646.19,停損,9.489999999999782,-9.559999999999782,-1.0073761854583774,2025-09
2025-09-12,6.0,87,1,3656.07,3653.26,3646.61,6.650000000000091,52.93999999999992,0.12561390253116927,False,2025-09-12 08:15:00,0.07,0.0,0.35714285714285715,2025-09-12 11:15:00,3646.61,停損,9.460000000000036,-9.530000000000037,-1.007399577167019,2025-09
2025-09-12,10.5,134,-1,3639.77,3652.63,3642.66,9.970000000000255,52.93999999999992,0.1883264072534996,True,2025-09-12 12:10:00,0.07,0.0,0.6590909090909091,2025-09-12 17:05:00,3652.63,停損,12.860000000000127,-12.930000000000128,-1.0054432348367028,2025-09
2025-09-16,2.5,36,1,3686.42,3683.76,3676.25,7.510000000000218,51.21299999999992,0.14664245406440218,True,2025-09-16 04:00:00,0.07,0.0,0.6363636363636364,2025-09-16 05:50:00,3676.25,停損,10.170000000000073,-10.240000000000073,-1.0068829891838742,2025-09
2025-09-16,5.5,83,1,3685.11,3682.07,3674.63,7.440000000000055,51.21299999999992,0.14527561361373217,True,2025-09-16 07:55:00,0.07,0.03905258430476643,0.7037037037037037,2025-09-17 00:00:00,3690.12,收盤,10.480000000000018,4.939999999999763,0.4713740458015033,2025-09
2025-09-16,8.5,105,1,3689.96,3687.06,3680.32,6.739999999999782,51.21299999999992,0.1316072091070586,True,2025-09-16 09:45:00,0.07,0.03905258430476643,0.5588235294117647,2025-09-16 18:10:00,3680.32,停損,9.639999999999873,-9.709999999999873,-1.007261410788382,2025-09
2025-09-16,9.0,137,1,3697.17,3694.21,3681.72,12.490000000000236,51.21299999999992,0.24388338898327094,True,2025-09-16 12:25:00,0.07,0.03905258430476643,0.4222222222222222,2025-09-16 18:10:00,3681.72,停損,15.450000000000273,-15.520000000000273,-1.0045307443365694,2025-09
2025-09-17,2.0,41,-1,3688.34,3695.21,3691.81,3.400000000000091,47.07199999999993,0.07222977566281645,False,2025-09-17 04:25:00,0.07,0.0,0.6153846153846154,2025-09-17 21:05:00,3695.21,停損,6.869999999999891,-6.939999999999891,-1.0101892285298402,2025-09
2025-09-17,3.5,43,-1,3681.74,3694.13,3685.95,8.180000000000291,47.07199999999993,0.17377634262407168,False,2025-09-17 04:35:00,0.07,0.0,0.5714285714285714,2025-09-17 21:05:00,3694.13,停損,12.390000000000327,-12.460000000000328,-1.0056497175141241,2025-09
2025-09-17,6.0,98,-1,3676.72,3683.56,3679.88,3.6799999999998363,47.07199999999993,0.07817811012916047,False,2025-09-17 09:10:00,0.07,0.0,0.25,2025-09-17 17:15:00,3683.56,停損,6.8400000000001455,-6.910000000000146,-1.0102339181286548,2025-09
2025-09-17,8.0,105,-1,3671.49,3685.89,3675.86,10.029999999999745,47.07199999999993,0.2130778382052974,False,2025-09-17 09:45:00,0.07,0.0,0.23529411764705882,2025-09-17 17:50:00,3685.89,停損,14.400000000000091,-14.470000000000091,-1.0048611111111112,2025-09
2025-09-17,9.0,114,-1,3667.61,3680.08,3670.47,9.610000000000127,47.07199999999993,0.20415533650578138,False,2025-09-17 10:30:00,0.07,0.0,0.21621621621621623,2025-09-17 16:35:00,3680.08,停損,12.4699999999998,-12.5399999999998,-1.0056134723336008,2025-09
2025-09-17,9.5,125,-1,3664.34,3677.32,3666.91,10.41000000000031,47.07199999999993,0.22115057783821218,False,2025-09-17 11:25:00,0.07,0.0,0.1951219512195122,2025-09-17 15:50:00,3677.32,停損,12.980000000000018,-13.050000000000018,-1.005392912172573,2025-09
2025-09-17,10.0,128,-1,3664.14,3677.32,3666.62,10.700000000000273,47.07199999999993,0.2273113528212162,False,2025-09-17 11:40:00,0.07,0.0,0.19047619047619047,2025-09-17 15:50:00,3677.32,停損,13.180000000000291,-13.250000000000291,-1.0053110773899847,2025-09
2025-09-18,2.0,32,-1,3659.56,3672.08,3662.2,9.88000000000011,47.993999999999915,0.20585906571655055,True,2025-09-18 03:40:00,0.07,0.020835937825561566,0.5,2025-09-18 12:30:00,3672.08,停損,12.519999999999982,-12.589999999999982,-1.005591054313099,2025-09
2025-09-18,2.5,40,-1,3653.41,3671.28,3661.29,9.990000000000236,47.993999999999915,0.20815101887736498,True,2025-09-18 04:20:00,0.07,0.020835937825561566,0.38461538461538464,2025-09-18 12:25:00,3671.28,停損,17.870000000000346,-17.940000000000346,-1.0039171796306658,2025-09
2025-09-18,5.5,73,-1,3657.05,3666.1,3659.78,6.319999999999709,47.993999999999915,0.13168312705754304,True,2025-09-18 07:05:00,0.07,0.020835937825561566,0.20833333333333334,2025-09-18 12:05:00,3666.1,停損,9.049999999999727,-9.119999999999727,-1.0077348066298346,2025-09
2025-09-18,6.0,83,-1,3655.22,3666.1,3657.77,8.329999999999927,47.993999999999915,0.17356336208692633,True,2025-09-18 07:55:00,0.07,0.020835937825561566,0.18518518518518517,2025-09-18 12:05:00,3666.1,停損,10.88000000000011,-10.95000000000011,-1.0064338235294117,2025-09
2025-09-18,5.0,86,-1,3652.74,3665.85,3655.49,10.360000000000127,47.993999999999915,0.21586031587282048,True,2025-09-18 08:10:00,0.07,0.020835937825561566,0.17857142857142858,2025-09-18 12:05:00,3665.85,停損,13.110000000000127,-13.180000000000128,-1.005339435545385,2025-09
2025-09-18,7.5,97,-1,3644.05,3658.49,3651.94,6.549999999999727,47.993999999999915,0.13647539275742257,True,2025-09-18 09:05:00,0.07,0.020835937825561566,0.15625,2025-09-18 10:45:00,3658.49,停損,14.4399999999996,-14.5099999999996,-1.0048476454293631,2025-09
2025-09-18,8.5,129,1,3662.39,3659.2,3633.88,25.31999999999971,47.993999999999915,0.5275659457432128,False,2025-09-18 11:45:00,0.07,0.020835937825561566,0.7619047619047619,2025-09-18 16:45:00,3633.88,停損,28.509999999999764,-28.579999999999764,-1.0024552788495265,2025-09
2025-09-23,2.0,38,1,3752.49,3749.2,3739.08,10.11999999999989,46.16399999999999,0.21921843861017012,True,2025-09-23 04:10:00,0.07,0.021661901048436016,0.25,2025-09-23 05:55:00,3739.08,停損,13.409999999999854,-13.479999999999855,-1.005219985085757,2025-09
2025-09-23,5.5,81,1,3747.04,3744.65,3736.78,7.869999999999891,46.16399999999999,0.1704791612511891,True,2025-09-23 07:45:00,0.07,0.04332380209687203,0.7307692307692307,2025-09-24 00:00:00,3763.96,收盤,10.259999999999764,16.850000000000072,1.6423001949318188,2025-09
2025-09-23,6.0,90,1,3750.1,3747.21,3739.13,8.079999999999927,46.16399999999999,0.17502816047136144,True,2025-09-23 08:30:00,0.07,0.04332380209687203,0.6551724137931034,2025-09-24 00:00:00,3763.96,收盤,10.9699999999998,13.790000000000127,1.257064721969041,2025-09
2025-09-23,7.5,91,1,3753.92,3750.23,3743.33,6.900000000000091,46.16399999999999,0.1494671172342105,True,2025-09-23 08:35:00,0.07,0.04332380209687203,0.6333333333333333,2025-09-24 00:00:00,3763.96,收盤,10.590000000000146,9.969999999999963,0.9414542020774151,2025-09
2025-09-23,9.5,126,1,3759.38,3756.92,3749.05,7.869999999999891,46.16399999999999,0.1704791612511891,True,2025-09-23 11:30:00,0.07,0.04332380209687203,0.4634146341463415,2025-09-24 00:00:00,3763.96,收盤,10.329999999999927,4.509999999999927,0.4365924491771499,2025-09
2025-09-23,8.0,127,1,3764.32,3758.79,3743.33,15.460000000000036,46.16399999999999,0.33489299020882163,True,2025-09-23 11:35:00,0.07,0.04332380209687203,0.4523809523809524,2025-09-24 00:00:00,3763.96,收盤,20.990000000000236,-0.43000000000012734,-0.020485945688428896,2025-09
2025-09-24,2.0,27,-1,3759.51,3770.18,3761.98,8.199999999999818,46.754999999999974,0.17538231205218313,False,2025-09-24 03:15:00,0.07,0.021388086835632564,0.5,2025-09-24 04:15:00,3770.18,停損,10.669999999999618,-10.739999999999618,-1.0065604498594192,2025-09
2025-09-24,2.5,46,-1,3756.45,3769.62,3758.94,10.679999999999836,46.754999999999974,0.22842476740455228,False,2025-09-24 04:50:00,0.07,0.021388086835632564,0.8,2025-09-24 08:05:00,3769.62,停損,13.170000000000073,-13.240000000000073,-1.0053151100987092,2025-09
2025-09-24,3.5,49,-1,3755.68,3771.78,3758.34,13.440000000000055,46.754999999999974,0.28745588707090286,False,2025-09-24 05:05:00,0.07,0.021388086835632564,0.75,2025-09-24 08:25:00,3771.78,停損,16.100000000000364,-16.170000000000364,-1.0043478260869565,2025-09
2025-09-24,4.0,55,-1,3751.19,3771.78,3755.1,16.68000000000029,46.754999999999974,0.3567532884183574,False,2025-09-24 05:35:00,0.07,0.021388086835632564,0.6666666666666666,2025-09-24 08:25:00,3771.78,停損,20.590000000000146,-20.660000000000146,-1.003399708596406,2025-09
2025-09-24,4.5,67,1,3763.46,3760.81,3752.33,8.480000000000018,46.754999999999974,0.18137097636616453,True,2025-09-24 06:35:00,0.07,0.04277617367126513,0.8181818181818182,2025-09-24 17:55:00,3752.33,停損,11.13000000000011,-11.20000000000011,-1.0062893081761006,2025-09
2025-09-24,5.5,69,1,3764.63,3761.71,3750.65,11.059999999999945,46.754999999999974,0.236552240402095,True,2025-09-24 06:45:00,0.07,0.04277617367126513,0.8181818181818182,2025-09-24 17:55:00,3750.65,停損,13.980000000000018,-14.050000000000018,-1.0050071530758227,2025-09
2025-09-24,6.0,86,1,3770.06,3766.54,3752.36,14.179999999999836,46.754999999999974,0.30328307132926624,True,2025-09-24 08:10:00,0.07,0.04277617367126513,0.6428571428571429,2025-09-24 17:55:00,3752.36,停損,17.699999999999818,-17.76999999999982,-1.003954802259887,2025-09
2025-09-24,7.5,92,1,3776.93,3773.46,3764.75,8.710000000000036,46.754999999999974,0.18629023633836042,True,2025-09-24 08:40:00,0.07,0.04277617367126513,0.6,2025-09-24 12:45:00,3764.75,停損,12.179999999999836,-12.249999999999837,-1.0057471264367817,2025-09
2025-09-25,3.0,45,-1,3738.37,3751.53,3741.48,10.050000000000182,49.084999999999994,0.2047468676785206,True,2025-09-25 04:45:00,0.07,0.0,0.7142857142857143,2025-09-25 10:40:00,3751.53,停損,13.16000000000031,-13.23000000000031,-1.0053191489361701,2025-09
2025-09-25,2.5,47,-1,3735.99,3751.39,3739.66,11.730000000000018,49.084999999999994,0.23897320973820962,True,2025-09-25 04:55:00,0.07,0.0,0.6666666666666666,2025-09-25 10:40:00,3751.39,停損,15.400000000000091,-15.470000000000091,-1.0045454545454546,2025-09
2025-09-25,5.5,76,-1,3732.08,3742.47,3734.56,7.9099999999998545,49.084999999999994,0.1611490271977153,True,2025-09-25 07:20:00,0.07,0.0,0.4,2025-09-25 09:15:00,3742.47,停損,10.389999999999873,-10.459999999999873,-1.0067372473532243,2025-09
2025-09-25,6.0,99,1,3745.94,3739.7,3734.48,5.2199999999998,49.084999999999994,0.10634613425689723,False,2025-09-25 09:15:00,0.07,0.04074564530915759,0.0,2025-09-25 15:55:00,3734.48,停損,11.460000000000036,-11.530000000000037,-1.006108202443281,2025-09
2025-09-25,8.5,116,1,3751.6,3748.24,3735.67,12.569999999999709,49.084999999999994,0.2560863807680495,False,2025-09-25 10:40:00,0.07,0.04074564530915759,0.0,2025-09-25 15:40:00,3735.67,停損,15.929999999999836,-15.999999999999837,-1.0043942247332078,2025-09
2025-09-25,10.0,123,1,3757.48,3755.02,3740.03,14.989999999999782,49.084999999999994,0.3053886115921317,False,2025-09-25 11:15:00,0.07,0.04074564530915759,0.0,2025-09-25 15:40:00,3740.03,停損,17.449999999999818,-17.51999999999982,-1.0040114613180515,2025-09
2025-09-26,3.0,61,-1,3737.75,3749.62,3740.25,9.36999999999989,49.373000000000005,0.18977983918335709,False,2025-09-26 06:05:00,0.07,0.0405079699430863,0.6,2025-09-26 08:45:00,3749.62,停損,11.86999999999989,-11.939999999999891,-1.0058972198820557,2025-09
2025-09-26,2.5,62,-1,3735.79,3749.1,3739.74,9.360000000000127,49.373000000000005,0.18957729933364645,False,2025-09-26 06:10:00,0.07,0.0405079699430863,0.6,2025-09-26 08:40:00,3749.1,停損,13.309999999999945,-13.379999999999946,-1.005259203606311,2025-09
2025-09-26,6.0,92,1,3749.59,3746.07,3734.58,11.490000000000236,49.373000000000005,0.23271828732303557,True,2025-09-26 08:40:00,0.07,0.02025398497154315,0.7,2025-09-27 00:00:00,3760.75,收盤,15.010000000000218,11.089999999999854,0.7388407728181008,2025-09
2025-09-26,7.0,96,-1,3742.02,3747.76,3744.73,3.0300000000002,49.373000000000005,0.061369574463779795,False,2025-09-26 09:00:00,0.07,0.0405079699430863,0.3870967741935484,2025-09-26 09:10:00,3747.76,停損,5.7400000000002365,-5.810000000000237,-1.012195121951219,2025-09
2025-09-26,8.0,100,1,3752.67,3749.64,3741.86,7.779999999999745,49.373000000000005,0.15757600307860054,True,2025-09-26 09:20:00,0.07,0.02025398497154315,0.6363636363636364,2025-09-26 10:05:00,3741.86,停損,10.809999999999945,-10.879999999999946,-1.0064754856614246,2025-09
2025-09-26,10.0,125,1,3752.12,3749.6,3739.25,10.349999999999909,49.373000000000005,0.20962874445546975,True,2025-09-26 11:25:00,0.07,0.02025398497154315,0.5121951219512195,2025-09-27 00:00:00,3760.75,收盤,12.86999999999989,8.560000000000109,0.6651126651126792,2025-09
2025-09-30,2.5,41,1,3847.47,3840.7,3828.13,12.569999999999709,53.49499999999998,0.23497523133002549,True,2025-09-30 04:25:00,0.07,0.03738667165155623,0.07692307692307693,2025-09-30 11:25:00,3828.13,停損,19.33999999999969,-19.40999999999969,-1.0036194415718718,2025-09
2025-09-30,3.5,63,1,3853.51,3847.52,3834.69,12.829999999999927,53.49499999999998,0.23983549864473186,True,2025-09-30 06:15:00,0.07,0.03738667165155623,0.05,2025-09-30 11:10:00,3834.69,停損,18.820000000000164,-18.890000000000164,-1.0037194473963869,2025-09
2025-09-30,4.0,64,1,3855.25,3850.87,3838.06,12.809999999999945,53.49499999999998,0.23946163192821665,True,2025-09-30 06:20:00,0.07,0.03738667165155623,0.047619047619047616,2025-09-30 11:10:00,3838.06,停損,17.190000000000055,-17.260000000000055,-1.0040721349621873,2025-09
2025-09-30,5.5,69,1,3863.87,3859.45,3843.69,15.759999999999764,53.49499999999998,0.29460697261425867,True,2025-09-30 06:45:00,0.07,0.03738667165155623,0.045454545454545456,2025-09-30 11:00:00,3843.69,停損,20.179999999999836,-20.249999999999837,-1.0034687809712588,2025-09
2025-09-30,6.0,103,1,3870.19,3867.25,3845.9,21.34999999999991,53.49499999999998,0.39910271988036106,True,2025-09-30 09:35:00,0.07,0.03738667165155623,0.029411764705882353,2025-09-30 10:50:00,3845.9,停損,24.289999999999964,-24.359999999999964,-1.0028818443804035,2025-09
2025-09-30,9.5,118,-1,3845.08,3871.49,3848.51,22.979999999999563,53.49499999999998,0.42957285727637295,False,2025-09-30 10:50:00,0.07,0.0,0.8205128205128205,2025-10-01 00:00:00,3858.96,收盤,26.409999999999854,-13.95000000000011,-0.5282090117379851,2025-09
2025-09-30,10.0,122,-1,3836.18,3859.41,3839.59,19.81999999999971,53.49499999999998,0.3705019160669168,False,2025-09-30 11:10:00,0.07,0.0,0.8,2025-09-30 22:55:00,3859.41,停損,23.230000000000018,-23.30000000000002,-1.003013344812742,2025-09
2025-09-30,10.5,127,-1,3816.59,3854.44,3820.3,34.13999999999987,53.49499999999998,0.6381904850920626,False,2025-09-30 11:35:00,0.07,0.0,0.7619047619047619,2025-09-30 18:00:00,3854.44,停損,37.84999999999991,-37.91999999999991,-1.0018494055482166,2025-09
2025-10-01,4.0,50,1,3873.25,3868.98,3859.2,9.7800000000002,58.487999999999964,0.1672137874435817,True,2025-10-01 05:10:00,0.07,0.0,0.125,2025-10-01 05:55:00,3859.2,停損,14.050000000000182,-14.120000000000182,-1.004982206405694,2025-10
2025-10-01,6.5,85,1,3869.33,3864.82,3855.66,9.16000000000031,58.487999999999964,0.15661332239092318,True,2025-10-01 08:05:00,0.07,0.0,0.07142857142857142,2025-10-01 09:25:00,3855.66,停損,13.670000000000073,-13.740000000000073,-1.0051207022677395,2025-10
2025-10-01,10.0,121,1,3884.86,3879.65,3859.01,20.639999999999873,58.487999999999964,0.3528929011079176,True,2025-10-01 11:05:00,0.07,0.017097524278484485,0.825,2025-10-01 17:50:00,3859.01,停損,25.84999999999991,-25.91999999999991,-1.0027079303675048,2025-10
2025-10-03,3.5,64,-1,3844.41,3862.66,3850.48,12.179999999999836,59.761999999999986,0.20380844014590943,True,2025-10-03 06:20:00,0.07,0.016733041062882772,0.3333333333333333,2025-10-03 10:25:00,3862.66,停損,18.25,-18.32,-1.0038356164383562,2025-10
2025-10-03,6.5,88,1,3853.96,3848.29,3838.06,10.230000000000018,59.761999999999986,0.17117901007329106,False,2025-10-03 08:20:00,0.07,0.016733041062882772,0.7586206896551724,2025-10-04 00:00:00,3886.75,收盤,15.900000000000091,32.71999999999996,2.0578616352201116,2025-10
2025-10-03,6.0,90,1,3854.03,3851.0,3838.06,12.940000000000055,59.761999999999986,0.216525551353704,False,2025-10-03 08:30:00,0.07,0.016733041062882772,0.7586206896551724,2025-10-04 00:00:00,3886.75,收盤,15.970000000000255,32.6499999999998,2.0444583594238748,2025-10
2025-10-03,5.5,99,1,3859.28,3855.43,3839.9,15.529999999999745,59.761999999999986,0.2598641277065652,False,2025-10-03 09:15:00,0.07,0.016733041062882772,0.6875,2025-10-04 00:00:00,3886.75,收盤,19.38000000000011,27.3999999999998,1.4138286893704668,2025-10
2025-10-03,8.0,113,1,3862.58,3859.2,3843.96,15.239999999999782,59.761999999999986,0.2550115457983298,False,2025-10-03 10:25:00,0.07,0.016733041062882772,0.5945945945945946,2025-10-04 00:00:00,3886.75,收盤,18.61999999999989,24.100000000000072,1.2943071965628472,2025-10
2025-10-03,8.5,117,1,3864.52,3860.72,3851.03,9.6899999999996,59.761999999999986,0.16214316789932737,False,2025-10-03 10:45:00,0.07,0.016733041062882772,0.5789473684210527,2025-10-04 00:00:00,3886.75,收盤,13.489999999999782,22.160000000000018,1.642698295033386,2025-10
2025-10-07,2.0,43,-1,3957.23,3972.7,3961.74,10.960000000000036,61.91599999999998,0.17701401899347566,False,2025-10-07 04:35:00,0.07,0.0,0.7142857142857143,2025-10-07 06:45:00,3972.7,停損,15.4699999999998,-15.5399999999998,-1.004524886877828,2025-10
2025-10-07,4.5,68,1,3970.44,3965.39,3956.0,9.389999999999873,61.91599999999998,0.15165708379094056,True,2025-10-07 06:40:00,0.07,0.016150914141740427,0.5454545454545454,2025-10-07 09:45:00,3956.0,停損,14.440000000000055,-14.510000000000055,-1.004847645429363,2025-10
2025-10-07,5.5,70,1,3973.59,3969.82,3960.96,8.860000000000127,61.91599999999998,0.14309709929582223,True,2025-10-07 06:50:00,0.07,0.016150914141740427,0.5217391304347826,2025-10-07 08:15:00,3960.96,停損,12.63000000000011,-12.70000000000011,-1.0055423594615993,2025-10
2025-10-07,7.0,87,-1,3965.52,3977.01,3971.54,5.470000000000255,61.91599999999998,0.08834550035532425,False,2025-10-07 08:15:00,0.07,0.0,0.35714285714285715,2025-10-07 15:55:00,3977.01,停損,11.490000000000236,-11.560000000000237,-1.0060922541340296,2025-10
2025-10-07,6.5,105,-1,3958.5,3975.67,3962.98,12.690000000000055,61.91599999999998,0.2049551004586869,False,2025-10-07 09:45:00,0.07,0.0,0.29411764705882354,2025-10-07 15:55:00,3975.67,停損,17.170000000000073,-17.240000000000073,-1.004076878276063,2025-10
2025-10-07,6.0,107,-1,3956.18,3974.71,3960.96,13.75,61.91599999999998,0.22207506944893088,False,2025-10-07 09:55:00,0.07,0.0,0.2857142857142857,2025-10-07 15:50:00,3974.71,停損,18.5300000000002,-18.6000000000002,-1.0037776578521316,2025-10
2025-10-07,9.0,111,-1,3950.35,3966.31,3953.94,12.36999999999989,61.91599999999998,0.19978680793332732,False,2025-10-07 10:15:00,0.07,0.0,0.2777777777777778,2025-10-07 14:45:00,3966.31,停損,15.960000000000036,-16.030000000000037,-1.0043859649122806,2025-10
2025-10-08,3.0,38,-1,3985.62,3999.33,3989.55,9.779999999999745,61.49300000000003,0.15904249264143464,False,2025-10-08 04:10:00,0.07,0.016262013562519304,0.75,2025-10-08 05:00:00,3999.33,停損,13.710000000000036,-13.780000000000037,-1.0051057622173596,2025-10
2025-10-08,2.5,51,1,4004.78,3999.33,3988.4,10.929999999999836,61.49300000000003,0.17774380823833333,True,2025-10-08 05:15:00,0.07,0.016262013562519304,0.0,2025-10-09 00:00:00,4041.62,收盤,16.38000000000011,36.76999999999969,2.244810744810711,2025-10
2025-10-08,4.5,59,1,4010.36,4006.09,3991.11,14.980000000000018,61.49300000000003,0.24360496316653946,True,2025-10-08 05:55:00,0.07,0.016262013562519304,0.0,2025-10-09 00:00:00,4041.62,收盤,19.25,31.189999999999763,1.6202597402597279,2025-10
2025-10-08,5.0,70,1,4016.01,4011.74,3995.69,16.049999999999727,61.49300000000003,0.2610053176784304,True,2025-10-08 06:50:00,0.07,0.016262013562519304,0.0,2025-10-09 00:00:00,4041.62,收盤,20.320000000000164,25.539999999999672,1.2568897637795013,2025-10
2025-10-08,5.5,74,1,4019.17,4014.66,4003.59,11.069999999999709,61.49300000000003,0.18002049013708396,True,2025-10-08 07:10:00,0.07,0.016262013562519304,0.0,2025-10-09 00:00:00,4041.62,收盤,15.579999999999927,22.379999999999818,1.4364569961489038,2025-10
2025-10-08,6.5,83,1,4026.15,4021.53,4010.49,11.040000000000418,61.49300000000003,0.1795326297302199,True,2025-10-08 07:55:00,0.07,0.016262013562519304,0.0,2025-10-09 00:00:00,4041.62,收盤,15.66000000000031,15.3999999999998,0.9833971902937098,2025-10
2025-10-08,7.0,88,1,4031.25,4027.23,4014.73,12.5,61.49300000000003,0.2032751695314913,True,2025-10-08 08:20:00,0.07,0.016262013562519304,0.0,2025-10-09 00:00:00,4041.62,收盤,16.519999999999982,10.29999999999989,0.6234866828087108,2025-10
2025-10-08,9.0,110,1,4036.23,4033.12,4021.44,11.679999999999836,61.49300000000003,0.1899403184102228,True,2025-10-08 10:10:00,0.07,0.016262013562519304,0.0,2025-10-09 00:00:00,4041.62,收盤,14.789999999999964,5.319999999999872,0.3597025016903236,2025-10
2025-10-08,7.5,122,1,4038.78,4034.66,4017.09,17.56999999999971,61.49300000000003,0.2857235782934594,True,2025-10-08 11:10:00,0.07,0.016262013562519304,0.0,2025-10-09 00:00:00,4041.62,收盤,21.690000000000055,2.769999999999691,0.1277086214845405,2025-10
2025-10-08,9.5,142,1,4043.58,4039.08,4025.52,13.559999999999945,61.49300000000003,0.22051290390776085,True,2025-10-08 12:50:00,0.07,0.016262013562519304,0.0,2025-10-09 00:00:00,4041.62,收盤,18.059999999999945,-2.030000000000036,-0.11240310077519615,2025-10
2025-10-09,5.0,67,1,4025.45,4021.34,4002.66,18.68000000000029,62.91999999999998,0.29688493324857435,True,2025-10-09 06:35:00,0.07,0.015893197711379533,0.3181818181818182,2025-10-09 19:35:00,4002.66,停損,22.789999999999964,-22.859999999999964,-1.0030715225976305,2025-10
2025-10-09,5.5,69,1,4028.32,4025.04,4006.09,18.949999999999818,62.91999999999998,0.30117609663063927,True,2025-10-09 06:45:00,0.07,0.015893197711379533,0.3181818181818182,2025-10-09 17:35:00,4006.09,停損,22.230000000000018,-22.30000000000002,-1.00314889788574,2025-10
2025-10-09,6.0,75,1,4032.92,4029.53,4017.28,12.25,62.91999999999998,0.1946916719643993,True,2025-10-09 07:15:00,0.07,0.015893197711379533,0.2916666666666667,2025-10-09 17:00:00,4017.28,停損,15.639999999999873,-15.709999999999873,-1.0044757033248082,2025-10
2025-10-09,3.5,77,1,4037.04,4032.61,4008.35,24.26000000000022,62.91999999999998,0.385568976478071,True,2025-10-09 07:25:00,0.07,0.015893197711379533,0.28,2025-10-09 17:25:00,4008.35,停損,28.690000000000055,-28.760000000000055,-1.002439874520739,2025-10
2025-10-09,4.0,82,1,4039.73,4036.41,4008.35,28.059999999999945,62.91999999999998,0.44596312778130887,True,2025-10-09 07:50:00,0.07,0.015893197711379533,0.25925925925925924,2025-10-09 17:25:00,4008.35,停損,31.38000000000011,-31.45000000000011,-1.0022307202039515,2025-10
2025-10-09,6.5,91,1,4042.05,4038.61,4023.92,14.690000000000055,62.91999999999998,0.23347107438016623,True,2025-10-09 08:35:00,0.07,0.015893197711379533,0.23333333333333334,2025-10-09 09:55:00,4023.92,停損,18.13000000000011,-18.20000000000011,-1.0038610038610039,2025-10
2025-10-09,7.5,104,-1,4030.84,4041.12,4034.42,6.699999999999818,62.91999999999998,0.10648442466623999,False,2025-10-09 09:40:00,0.07,0.015893197711379533,0.0,2025-10-09 12:05:00,4041.12,停損,10.279999999999745,-10.349999999999746,-1.006809338521401,2025-10
2025-10-09,8.5,106,-1,4027.75,4043.74,4031.4,12.33999999999969,62.91999999999998,0.19612205975841854,False,2025-10-09 09:50:00,0.07,0.015893197711379533,0.0,2025-10-09 14:00:00,4043.74,停損,15.989999999999782,-16.059999999999782,-1.0043777360850532,2025-10
2025-10-09,9.5,130,1,4039.57,4036.08,4022.79,13.289999999999964,62.91999999999998,0.21122059758423345,True,2025-10-09 11:50:00,0.07,0.015893197711379533,0.16279069767441862,2025-10-09 16:50:00,4022.79,停損,16.7800000000002,-16.8500000000002,-1.004171632896305,2025-10
2025-10-09,10.5,133,1,4041.67,4037.95,4026.72,11.230000000000018,62.91999999999998,0.17848061029879247,True,2025-10-09 12:05:00,0.07,0.015893197711379533,0.1590909090909091,2025-10-09 16:50:00,4026.72,停損,14.950000000000273,-15.020000000000273,-1.0046822742474917,2025-10
2025-10-10,2.5,44,-1,3972.27,3993.07,3979.27,13.800000000000182,70.28400000000002,0.19634625234762076,True,2025-10-10 04:40:00,0.07,0.014227989300552042,0.7857142857142857,2025-10-10 11:50:00,3993.07,停損,20.800000000000182,-20.870000000000182,-1.0033653846153845,2025-10
2025-10-10,3.5,63,-1,3971.44,3994.47,3975.47,19.0,70.28400000000002,0.2703317967104888,True,2025-10-10 06:15:00,0.07,0.014227989300552042,0.55,2025-10-10 11:50:00,3994.47,停損,23.029999999999745,-23.099999999999746,-1.0030395136778116,2025-10
2025-10-10,5.0,65,-1,3969.34,3986.79,3973.31,13.480000000000018,70.28400000000002,0.19179329577144177,True,2025-10-10 06:25:00,0.07,0.014227989300552042,0.5238095238095238,2025-10-10 11:15:00,3986.79,停損,17.449999999999818,-17.51999999999982,-1.0040114613180515,2025-10
2025-10-10,4.0,69,-1,3964.72,3992.48,3969.98,22.5,70.28400000000002,0.32012975926242093,True,2025-10-10 06:45:00,0.07,0.014227989300552042,0.5,2025-10-10 11:50:00,3992.48,停損,27.76000000000022,-27.83000000000022,-1.002521613832853,2025-10
2025-10-10,5.5,74,-1,3955.06,3986.79,3961.98,24.809999999999945,70.28400000000002,0.3529964145466954,True,2025-10-10 07:10:00,0.07,0.014227989300552042,0.4583333333333333,2025-10-10 11:15:00,3986.79,停損,31.730000000000018,-31.80000000000002,-1.0022061140876142,2025-10
2025-10-10,8.0,109,-1,3960.61,3977.79,3965.67,12.11999999999989,70.28400000000002,0.17244323032268918,True,2025-10-10 10:05:00,0.07,0.014227989300552042,0.3055555555555556,2025-10-10 11:05:00,3977.79,停損,17.179999999999836,-17.249999999999837,-1.0040745052386497,2025-10
2025-10-10,9.0,110,-1,3954.58,3976.14,3962.71,13.429999999999836,70.28400000000002,0.1910818963064116,True,2025-10-10 10:10:00,0.07,0.014227989300552042,0.3055555555555556,2025-10-10 11:00:00,3976.14,停損,21.559999999999945,-21.629999999999946,-1.0032467532467533,2025-10
2025-10-10,7.5,122,1,3985.61,3977.79,3957.8,19.98999999999978,70.28400000000002,0.28441750611803224,False,2025-10-10 11:10:00,0.07,0.014227989300552042,0.6,2025-10-11 00:00:00,4012.06,收盤,27.809999999999945,26.379999999999818,0.9485796476087691,2025-10
2025-10-10,10.5,130,1,3993.06,3988.84,3962.43,26.41000000000031,70.28400000000002,0.37576119742758385,False,2025-10-10 11:50:00,0.07,0.014227989300552042,0.5581395348837209,2025-10-11 00:00:00,4012.06,收盤,30.63000000000011,18.93,0.6180215475024464,2025-10
2025-10-14,2.0,39,1,4140.55,4132.01,4112.91,19.100000000000364,77.35700000000006,0.24690719650452253,True,2025-10-14 04:15:00,0.07,0.025854156702043753,0.16666666666666666,2025-10-14 09:00:00,4112.91,停損,27.640000000000327,-27.710000000000328,-1.002532561505065,2025-10
2025-10-14,4.5,62,1,4153.45,4149.29,4132.17,17.11999999999989,77.35700000000006,0.2213115813694931,True,2025-10-14 06:10:00,0.07,0.025854156702043753,0.1,2025-10-14 08:45:00,4132.17,停損,21.279999999999745,-21.349999999999746,-1.0032894736842106,2025-10
2025-10-14,3.5,63,1,4154.72,4149.85,4123.42,26.43000000000029,77.35700000000006,0.34166268081751194,True,2025-10-14 06:15:00,0.07,0.025854156702043753,0.1,2025-10-14 08:45:00,4123.42,停損,31.300000000000182,-31.370000000000182,-1.0022364217252395,2025-10
2025-10-14,5.5,70,1,4164.27,4159.57,4141.88,17.6899999999996,77.35700000000006,0.2286800160295718,True,2025-10-14 06:50:00,0.07,0.025854156702043753,0.08695652173913043,2025-10-14 08:40:00,4141.88,停損,22.390000000000327,-22.460000000000328,-1.0031263957123715,2025-10
2025-10-14,6.0,86,1,4175.99,4166.37,4145.26,21.109999999999673,77.35700000000006,0.2728906239900676,True,2025-10-14 08:10:00,0.07,0.025854156702043753,0.07142857142857142,2025-10-14 08:40:00,4145.26,停損,30.729999999999563,-30.799999999999564,-1.0022779043280183,2025-10
2025-10-15,4.5,55,-1,4168.56,4186.46,4176.05,10.409999999999854,78.42000000000007,0.13274674827849842,False,2025-10-15 05:35:00,0.07,0.0,0.7222222222222222,2025-10-15 06:50:00,4186.46,停損,17.899999999999636,-17.969999999999636,-1.0039106145251397,2025-10
2025-10-16,2.5,45,1,4230.85,4225.15,4205.01,20.139999999999418,81.98800000000001,0.24564570424939522,True,2025-10-16 04:45:00,0.08,0.04878762745767672,0.07142857142857142,2025-10-16 08:35:00,4205.01,停損,25.840000000000146,-25.920000000000144,-1.003095975232198,2025-10
2025-10-16,3.0,49,1,4231.89,4227.27,4205.01,22.26000000000022,81.98800000000001,0.2715031468019736,True,2025-10-16 05:05:00,0.08,0.04878762745767672,0.0625,2025-10-16 08:35:00,4205.01,停損,26.88000000000011,-26.960000000000107,-1.0029761904761905,2025-10
2025-10-16,3.5,50,1,4233.92,4227.83,4210.47,17.359999999999673,81.98800000000001,0.21173830316631298,True,2025-10-16 05:10:00,0.08,0.04878762745767672,0.0625,2025-10-16 08:35:00,4210.47,停損,23.449999999999818,-23.529999999999816,-1.003411513859275,2025-10
2025-10-16,4.0,60,1,4239.59,4233.02,4210.55,22.470000000000255,81.98800000000001,0.2740644972435021,True,2025-10-16 06:00:00,0.08,0.04878762745767672,0.05263157894736842,2025-10-16 08:35:00,4210.55,停損,29.039999999999964,-29.119999999999962,-1.002754820936639,2025-10
2025-10-16,6.0,89,-1,4224.28,4242.1,4229.18,12.920000000000073,81.98800000000001,0.1575840366882967,False,2025-10-16 08:25:00,0.08,0.01219690686441918,0.6896551724137931,2025-10-16 13:05:00,4242.1,停損,17.82000000000062,-17.900000000000617,-1.004489337822671,2025-10
2025-10-16,5.0,91,-1,4210.46,4239.64,4226.12,13.520000000000437,81.98800000000001,0.16490218080695265,False,2025-10-16 08:35:00,0.08,0.01219690686441918,0.6666666666666666,2025-10-16 13:00:00,4239.64,停損,29.18000000000029,-29.26000000000029,-1.0027416038382453,2025-10
2025-10-16,8.5,111,1,4231.66,4227.28,4203.62,23.659999999999854,81.98800000000001,0.28857881641215605,True,2025-10-16 10:15:00,0.08,0.04878762745767672,0.027777777777777776,2025-10-17 00:00:00,4329.17,收盤,28.039999999999964,97.43000000000022,3.4746790299572163,2025-10
2025-10-16,9.5,144,1,4239.61,4234.03,4215.66,18.36999999999989,81.98800000000001,0.22405717909937903,True,2025-10-16 13:00:00,0.08,0.04878762745767672,0.02127659574468085,2025-10-17 00:00:00,4329.17,收盤,23.949999999999818,89.4800000000004,3.7361169102296903,2025-10
2025-10-17,3.0,39,-1,4347.62,4371.72,4353.59,18.13000000000011,87.35699999999997,0.20753917831427493,False,2025-10-17 04:15:00,0.08,0.0,0.08333333333333333,2025-10-17 07:05:00,4371.72,停損,24.100000000000364,-24.180000000000362,-1.0033195020746888,2025-10
2025-10-17,2.0,40,-1,4336.74,4379.18,4341.7,37.48000000000047,87.35699999999997,0.4290440376844499,False,2025-10-17 04:20:00,0.08,0.0,0.07692307692307693,2025-10-18 00:00:00,4252.69,收盤,42.44000000000051,83.97000000000018,1.978557964184712,2025-10
2025-10-17,3.5,45,-1,4290.58,4371.72,4324.26,47.460000000000036,87.35699999999997,0.5432878876335044,False,2025-10-17 04:45:00,0.08,0.0,0.07142857142857142,2025-10-17 07:05:00,4371.72,停損,81.14000000000033,-81.22000000000033,-1.0009859502095144,2025-10
2025-10-17,4.5,58,1,4345.81,4337.67,4279.15,58.52000000000044,87.35699999999997,0.6698947995009038,True,2025-10-17 05:50:00,0.08,0.0,0.7368421052631579,2025-10-17 16:40:00,4279.15,停損,66.66000000000076,-66.74000000000076,-1.001200120012001,2025-10
2025-10-17,5.0,63,1,4359.48,4348.55,4312.52,36.029999999999745,87.35699999999997,0.4124454823311212,True,2025-10-17 06:15:00,0.08,0.0,0.7,2025-10-17 14:35:00,4312.52,停損,46.95999999999913,-47.039999999999125,-1.0017035775127767,2025-10
2025-10-17,4.0,72,1,4366.73,4362.31,4279.15,83.16000000000076,87.35699999999997,0.9519557677118123,True,2025-10-17 07:00:00,0.08,0.0,0.6086956521739131,2025-10-17 16:40:00,4279.15,停損,87.57999999999993,-87.65999999999993,-1.0009134505594885,2025-10
2025-10-17,6.0,73,1,4373.75,4366.76,4338.75,28.01000000000022,87.35699999999997,0.32063830030793444,True,2025-10-17 07:05:00,0.08,0.0,0.5833333333333334,2025-10-17 10:25:00,4338.75,停損,35.0,-35.08,-1.0022857142857142,2025-10
2025-10-17,7.0,103,-1,4350.9,4377.09,4355.33,21.76000000000022,87.35699999999997,0.24909280309534698,False,2025-10-17 09:35:00,0.08,0.0,0.029411764705882353,2025-10-18 00:00:00,4252.69,收盤,26.19000000000051,98.13000000000004,3.74684994272616,2025-10
2025-10-17,6.5,112,-1,4342.13,4376.58,4354.34,22.23999999999978,87.35699999999997,0.25458749728126867,False,2025-10-17 10:20:00,0.08,0.0,0.02702702702702703,2025-10-18 00:00:00,4252.69,收盤,34.44999999999982,89.36000000000051,2.5939042089985773,2025-10
2025-10-17,8.0,119,-1,4334.37,4378.65,4342.37,36.279999999999745,87.35699999999997,0.41530730221962475,False,2025-10-17 10:55:00,0.08,0.0,0.02564102564102564,2025-10-18 00:00:00,4252.69,收盤,44.279999999999745,81.60000000000029,1.842818428184299,2025-10
2025-10-21,2.0,42,-1,4350.19,4371.67,4356.87,14.800000000000182,108.94699999999993,0.1358458700101902,False,2025-10-21 04:30:00,0.09,0.02753632500206524,0.07692307692307693,2025-10-22 00:00:00,4125.47,收盤,21.480000000000473,224.62999999999934,10.457635009310726,2025-10
2025-10-21,3.5,44,-1,4340.49,4372.29,4349.46,22.829999999999927,108.94699999999993,0.20955143326571582,False,2025-10-21 04:40:00,0.09,0.02753632500206524,0.07142857142857142,2025-10-22 00:00:00,4125.47,收盤,31.800000000000182,214.92999999999952,6.758805031446487,2025-10
2025-10-21,6.5,86,-1,4334.33,4350.86,4342.15,8.710000000000036,108.94699999999993,0.07994713025599642,False,2025-10-21 08:10:00,0.09,0.02753632500206524,0.03571428571428571,2025-10-22 00:00:00,4125.47,收盤,16.529999999999745,208.76999999999967,12.629764065335928,2025-10
2025-10-21,6.0,88,-1,4331.6,4350.86,4337.94,12.920000000000073,108.94699999999993,0.11858977300889498,False,2025-10-21 08:20:00,0.09,0.02753632500206524,0.034482758620689655,2025-10-22 00:00:00,4125.47,收盤,19.25999999999931,206.0400000000001,10.697819314642134,2025-10
2025-10-21,5.0,91,-1,4321.76,4355.43,4335.26,20.170000000000073,108.94699999999993,0.18513589176388598,False,2025-10-21 08:35:00,0.09,0.02753632500206524,0.03333333333333333,2025-10-22 00:00:00,4125.47,收盤,33.67000000000007,196.19999999999996,5.827145827145813,2025-10
2025-10-21,8.0,115,-1,4302.12,4344.25,4317.34,26.909999999999854,108.94699999999993,0.24700083526852387,False,2025-10-21 10:35:00,0.09,0.02753632500206524,0.02631578947368421,2025-10-22 00:00:00,4125.47,收盤,42.13000000000011,176.55999999999963,4.190837882743868,2025-10
2025-10-21,10.0,121,-1,4272.5,4343.22,4293.39,49.82999999999993,108.94699999999993,0.457378358284303,False,2025-10-21 11:05:00,0.09,0.02753632500206524,0.025,2025-10-22 00:00:00,4125.47,收盤,70.72000000000025,146.93999999999974,2.0777714932126585,2025-10
2025-10-22,2.0,25,-1,4060.49,4128.01,4090.3,37.710000000000036,133.28799999999993,0.28292119320569037,True,2025-10-22 03:05:00,0.09,0.022507652601884653,0.0,2025-10-22 06:35:00,4128.01,停損,67.52000000000044,-67.61000000000044,-1.0013329383886256,2025-10
2025-10-22,10.5,155,-1,4034.71,4147.89,4059.18,88.71000000000049,133.28799999999993,0.6655512874377328,True,2025-10-22 13:55:00,0.07,0.015005101734589769,0.6862745098039216,2025-10-23 00:00:00,4098.16,收盤,113.18000000000029,-63.51999999999982,-0.5612298992754873,2025-10
2025-10-23,2.0,29,-1,4071.59,4105.12,4080.75,24.36999999999989,141.36899999999991,0.172385742277302,True,2025-10-23 03:25:00,0.07,0.042442119559450826,0.0,2025-10-23 08:55:00,4105.12,停損,33.529999999999745,-33.599999999999746,-1.0020876826722338,2025-10
2025-10-23,5.0,64,1,4096.11,4085.54,4072.14,13.400000000000091,141.36899999999991,0.09478740034944082,False,2025-10-23 06:20:00,0.07,0.03536843296620902,0.42857142857142855,2025-10-24 00:00:00,4125.69,收盤,23.9699999999998,29.509999999999927,1.2311222361285012,2025-10
2025-10-23,4.5,65,1,4099.65,4091.73,4072.14,19.590000000000146,141.36899999999991,0.13857352036160797,False,2025-10-23 06:25:00,0.07,0.03536843296620902,0.42857142857142855,2025-10-24 00:00:00,4125.69,收盤,27.509999999999764,25.969999999999963,0.9440203562341035,2025-10
2025-10-23,6.5,95,1,4106.07,4096.24,4079.83,16.409999999999854,141.36899999999991,0.11607919699509697,False,2025-10-23 08:55:00,0.07,0.03536843296620902,0.2903225806451613,2025-10-24 00:00:00,4125.69,收盤,26.23999999999978,19.54999999999989,0.7450457317073191,2025-10
2025-10-23,5.5,96,1,4110.25,4100.73,4076.57,24.1599999999994,141.36899999999991,0.17090026809271774,False,2025-10-23 09:00:00,0.07,0.03536843296620902,0.2903225806451613,2025-10-24 00:00:00,4125.69,收盤,33.679999999999836,15.3699999999996,0.4563539192398953,2025-10
2025-10-23,8.0,97,1,4122.85,4110.3,4083.97,26.330000000000382,141.36899999999991,0.1862501680000594,False,2025-10-23 09:05:00,0.07,0.03536843296620902,0.28125,2025-10-24 00:00:00,4125.69,收盤,38.880000000000564,2.769999999999236,0.07124485596705751,2025-10
2025-10-24,2.5,38,1,4140.58,4133.0,4105.96,27.039999999999964,138.92799999999994,0.19463319129333162,True,2025-10-24 04:10:00,0.07,0.043187838304733404,0.5,2025-10-24 07:25:00,4105.96,停損,34.61999999999989,-34.68999999999989,-1.0020219526285383,2025-10
2025-10-24,4.0,79,-1,4104.73,4144.52,4112.2,32.32000000000062,138.92799999999994,0.23263848900150172,False,2025-10-24 07:35:00,0.07,0.007197973050788901,0.5,2025-10-25 00:00:00,4112.65,收盤,39.79000000000087,-7.990000000000073,-0.2008042221663709,2025-10
2025-10-24,5.5,97,-1,4095.32,4119.84,4107.51,12.329999999999927,138.92799999999994,0.08875100771622663,False,2025-10-24 09:05:00,0.07,0.007197973050788901,0.40625,2025-10-24 16:20:00,4119.84,停損,24.519999999999982,-24.589999999999982,-1.0028548123980425,2025-10
2025-10-24,8.5,119,-1,4071.88,4113.58,4081.58,32.0,138.92799999999994,0.23033513762524482,False,2025-10-24 10:55:00,0.07,0.007197973050788901,0.3333333333333333,2025-10-24 16:15:00,4113.58,停損,41.69999999999982,-41.76999999999982,-1.0016786570743406,2025-10
2025-10-24,10.0,123,-1,4054.4,4095.82,4069.77,26.050000000000182,138.92799999999994,0.18750719797305218,False,2025-10-24 11:15:00,0.07,0.007197973050788901,0.325,2025-10-24 16:10:00,4095.82,停損,41.42000000000007,-41.49000000000007,-1.0016900048285853,2025-10
2025-10-28,2.0,37,1,4012.15,4004.62,3983.16,21.460000000000036,143.3379999999999,0.14971605575632457,False,2025-10-28 04:05:00,0.07,0.04883561930541799,0.75,2025-10-28 05:55:00,3983.16,停損,28.990000000000236,-29.060000000000237,-1.0024146257330113,2025-10
2025-10-28,3.0,38,1,4017.82,4009.57,3972.11,37.460000000000036,143.3379999999999,0.26134032845442284,False,2025-10-28 04:10:00,0.07,0.04883561930541799,0.75,2025-10-28 07:25:00,3972.11,停損,45.710000000000036,-45.78000000000004,-1.001531393568147,2025-10
2025-10-28,3.5,77,-1,3973.91,4019.71,3983.68,36.0300000000002,143.3379999999999,0.25136390908203143,True,2025-10-28 07:25:00,0.07,0.0,0.52,2025-10-29 00:00:00,3952.21,收盤,45.80000000000018,21.629999999999818,0.47227074235807276,2025-10
2025-10-28,5.0,78,-1,3971.56,4013.9,3980.79,33.11000000000013,143.3379999999999,0.230992479314628,True,2025-10-28 07:30:00,0.07,0.0,0.52,2025-10-29 00:00:00,3952.21,收盤,42.340000000000146,19.27999999999991,0.4553613604156789,2025-10
2025-10-28,6.5,99,-1,3955.65,3994.2,3964.07,30.129999999999654,143.3379999999999,0.2102024585246039,True,2025-10-28 09:15:00,0.07,0.0,0.40625,2025-10-29 00:00:00,3952.21,收盤,38.54999999999973,3.3700000000000547,0.08741893644617584,2025-10
2025-10-28,8.0,104,-1,3948.36,3980.22,3959.22,21.0,143.3379999999999,0.14650685791625398,True,2025-10-28 09:40:00,0.07,0.0,0.38235294117647056,2025-10-29 00:00:00,3952.21,收盤,31.859999999999673,-3.919999999999909,-0.12303829252981636,2025-10
2025-10-28,8.5,105,-1,3943.66,3975.99,3951.63,24.359999999999673,143.3379999999999,0.16994795518285233,True,2025-10-28 09:45:00,0.07,0.0,0.38235294117647056,2025-10-29 00:00:00,3952.21,收盤,32.32999999999993,-8.620000000000182,-0.26662542530158373,2025-10
2025-10-28,9.0,116,-1,3928.67,3968.64,3938.67,29.9699999999998,143.3379999999999,0.20908621579762393,True,2025-10-28 10:40:00,0.07,0.0,0.34210526315789475,2025-10-28 18:55:00,3968.64,停損,39.9699999999998,-40.0399999999998,-1.001751313485114,2025-10
2025-10-28,9.5,123,-1,3921.86,3957.25,3930.77,26.480000000000018,143.3379999999999,0.18473817131535278,True,2025-10-28 11:15:00,0.07,0.0,0.325,2025-10-28 18:15:00,3957.25,停損,35.38999999999987,-35.45999999999987,-1.001977959875671,2025-10
2025-10-28,10.0,125,-1,3913.89,3948.53,3922.16,26.370000000000346,143.3379999999999,0.18397075444055563,True,2025-10-28 11:25:00,0.07,0.0,0.3170731707317073,2025-10-28 17:30:00,3948.53,停損,34.64000000000033,-34.71000000000033,-1.0020207852193996,2025-10
2025-10-28,10.5,131,-1,3903.42,3936.22,3911.03,25.1899999999996,143.3379999999999,0.17573846432906567,True,2025-10-28 11:55:00,0.07,0.0,0.3023255813953488,2025-10-28 16:55:00,3936.22,停損,32.79999999999973,-32.86999999999973,-1.0021341463414635,2025-10
2025-10-30,2.5,50,-1,3932.53,3964.33,3941.12,23.210000000000036,151.22099999999995,0.1534839737867098,True,2025-10-30 05:10:00,0.07,0.013225676328023229,0.75,2025-10-30 07:35:00,3964.33,停損,31.799999999999727,-31.869999999999727,-1.0022012578616353,2025-10
2025-10-30,3.0,58,-1,3929.59,3964.33,3937.99,26.340000000000146,151.22099999999995,0.1741821572400669,True,2025-10-30 05:50:00,0.07,0.013225676328023229,0.631578947368421,2025-10-30 07:35:00,3964.33,停損,34.73999999999978,-34.80999999999978,-1.0020149683362118,2025-10
2025-10-30,6.0,76,1,3949.08,3938.09,3915.52,22.570000000000164,151.22099999999995,0.14925175736174323,False,2025-10-30 07:20:00,0.07,0.006612838164011614,0.0,2025-10-31 00:00:00,4024.84,收盤,33.559999999999945,75.69000000000023,2.2553635280095454,2025-10
2025-10-30,5.5,77,1,3952.68,3942.03,3915.52,26.51000000000022,151.22099999999995,0.17530633972794935,False,2025-10-30 07:25:00,0.07,0.006612838164011614,0.0,2025-10-31 00:00:00,4024.84,收盤,37.159999999999854,72.09000000000032,1.939989235737368,2025-10
2025-10-30,5.0,78,1,3959.38,3948.28,3922.11,26.170000000000073,151.22099999999995,0.17305797475218443,False,2025-10-30 07:30:00,0.07,0.006612838164011614,0.0,2025-10-31 00:00:00,4024.84,收盤,37.26999999999998,65.39000000000004,1.754494231285218,2025-10
2025-10-30,4.5,79,1,3969.32,3959.72,3926.46,33.25999999999976,151.22099999999995,0.21994299733502473,False,2025-10-30 07:35:00,0.07,0.006612838164011614,0.0,2025-10-31 00:00:00,4024.84,收盤,42.86000000000013,55.44999999999998,1.2937470835277605,2025-10
2025-10-30,8.5,133,1,3989.13,3973.9,3947.19,26.710000000000036,151.22099999999995,0.17662890736075046,False,2025-10-30 12:05:00,0.07,0.006612838164011614,0.0,2025-10-31 00:00:00,4024.84,收盤,41.940000000000055,35.640000000000036,0.8497854077253216,2025-10
2025-10-31,2.5,47,-1,4016.37,4043.07,4026.42,16.65000000000009,149.40299999999996,0.11144354531033578,False,2025-10-31 04:55:00,0.07,0.020079918073934264,0.2,2025-11-01 00:00:00,4001.61,收盤,26.700000000000273,14.689999999999763,0.5501872659175885,2025-10
2025-10-31,3.5,50,-1,4012.29,4039.26,4019.78,19.480000000000018,149.40299999999996,0.13038560136007993,False,2025-10-31 05:10:00,0.07,0.020079918073934264,0.1875,2025-11-01 00:00:00,4001.61,收盤,26.970000000000255,10.609999999999836,0.39340007415646033,2025-10
2025-10-31,2.0,51,-1,4009.68,4043.07,4018.97,24.100000000000364,149.40299999999996,0.16130867519394101,False,2025-10-31 05:15:00,0.07,0.020079918073934264,0.1875,2025-11-01 00:00:00,4001.61,收盤,33.39000000000033,7.999999999999709,0.23959269242287004,2025-10
2025-10-31,4.0,57,-1,4003.07,4039.26,4013.18,26.080000000000382,149.40299999999996,0.17456142112273776,False,2025-10-31 05:45:00,0.07,0.020079918073934264,0.16666666666666666,2025-11-01 00:00:00,4001.61,收盤,36.190000000000055,1.3900000000000363,0.03840840011052871,2025-10
2025-10-31,4.5,63,-1,3994.33,4030.88,4008.72,22.16000000000031,149.40299999999996,0.14832366150612983,False,2025-10-31 06:15:00,0.07,0.020079918073934264,0.15,2025-10-31 15:45:00,4030.88,停損,36.55000000000018,-36.62000000000018,-1.0019151846785226,2025-10
2025-10-31,5.0,74,-1,3991.21,4019.14,4001.56,17.579999999999927,149.40299999999996,0.1176683199132543,False,2025-10-31 07:10:00,0.07,0.020079918073934264,0.125,2025-10-31 10:20:00,4019.14,停損,27.929999999999836,-27.999999999999837,-1.0025062656641603,2025-10
2025-10-31,7.0,113,1,4020.66,4010.68,3989.14,21.539999999999964,149.40299999999996,0.14417381177084776,True,2025-10-31 10:25:00,0.07,0.013386612049289509,0.6486486486486487,2025-10-31 19:15:00,3989.14,停損,31.519999999999982,-31.589999999999982,-1.0022208121827412,2025-10
2025-10-31,10.5,136,-1,4003.37,4026.68,4012.06,14.61999999999989,149.40299999999996,0.09785613408030558,False,2025-10-31 12:20:00,0.07,0.020079918073934264,0.06666666666666667,2025-10-31 15:40:00,4026.68,停損,23.309999999999945,-23.379999999999946,-1.003003003003003,2025-10
2025-11-04,5.5,79,-1,3979.39,3999.26,3988.04,11.220000000000255,128.06499999999997,0.08761175965330306,False,2025-11-04 07:35:00,0.07,0.04685120837074924,0.0,2025-11-04 10:10:00,3999.26,停損,19.870000000000346,-19.940000000000346,-1.003522898842476,2025-11
2025-11-04,6.0,81,-1,3976.16,3995.24,3984.02,11.2199999999998,128.06499999999997,0.08761175965329952,False,2025-11-04 07:45:00,0.07,0.04685120837074924,0.0,2025-11-04 09:25:00,3995.24,停損,19.079999999999927,-19.149999999999928,-1.0036687631027255,2025-11
2025-11-04,5.0,84,-1,3973.16,3999.26,3981.81,17.450000000000273,128.06499999999997,0.13625893101159783,False,2025-11-04 08:00:00,0.07,0.04685120837074924,0.0,2025-11-04 10:10:00,3999.26,停損,26.100000000000364,-26.170000000000364,-1.0026819923371648,2025-11
2025-11-04,4.5,89,-1,3969.51,3993.9,3975.92,17.980000000000018,128.06499999999997,0.1403974544176787,False,2025-11-04 08:25:00,0.07,0.04685120837074924,0.0,2025-11-04 09:25:00,3993.9,停損,24.389999999999873,-24.459999999999873,-1.002870028700287,2025-11
2025-11-04,8.0,106,1,3995.57,3988.22,3966.81,21.409999999999854,128.06499999999997,0.16718072853628907,True,2025-11-04 09:50:00,0.07,0.015617069456916413,0.8,2025-11-04 16:10:00,3966.81,停損,28.76000000000022,-28.83000000000022,-1.0024339360222532,2025-11
2025-11-05,2.0,48,1,3948.55,3943.06,3929.76,13.299999999999727,106.41199999999995,0.12498590384542846,False,2025-11-05 05:00:00,0.07,0.0,0.4666666666666667,2025-11-06 00:00:00,3979.15,收盤,18.789999999999964,30.52999999999991,1.6248004257583804,2025-11
2025-11-05,2.5,52,1,3955.63,3948.57,3929.76,18.809999999999945,106.41199999999995,0.17676577829568052,False,2025-11-05 05:20:00,0.07,0.0,0.4117647058823529,2025-11-06 00:00:00,3979.15,收盤,25.86999999999989,23.44999999999998,0.9064553536915377,2025-11
2025-11-05,4.0,55,1,3957.07,3951.08,3935.65,15.429999999999836,106.41199999999995,0.14500244333345716,False,2025-11-05 05:35:00,0.07,0.0,0.3888888888888889,2025-11-06 00:00:00,3979.15,收盤,21.420000000000073,22.009999999999927,1.0275443510737559,2025-11
2025-11-05,4.5,58,1,3964.92,3956.25,3938.13,18.11999999999989,106.41199999999995,0.17028154719392455,False,2025-11-05 05:50:00,0.07,0.0,0.3684210526315789,2025-11-06 00:00:00,3979.15,收盤,26.789999999999964,14.160000000000018,0.5285554311310204,2025-11
2025-11-05,5.0,69,1,3971.31,3965.28,3947.46,17.820000000000164,106.41199999999995,0.1674623162801204,False,2025-11-05 06:45:00,0.07,0.0,0.3181818181818182,2025-11-06 00:00:00,3979.15,收盤,23.84999999999991,7.770000000000145,0.3257861635220199,2025-11
2025-11-05,6.5,110,1,3986.19,3978.69,3963.55,15.139999999999873,106.41199999999995,0.14227718678344434,False,2025-11-05 10:10:00,0.07,0.0,0.19444444444444445,2025-11-05 11:35:00,3963.55,停損,22.639999999999873,-22.709999999999873,-1.0030918727915195,2025-11
2025-11-05,9.5,149,-1,3958.77,3987.13,3964.92,22.210000000000036,106.41199999999995,0.2087170619854908,True,2025-11-05 13:25:00,0.07,0.009397436379355716,0.7346938775510204,2025-11-05 18:50:00,3987.13,停損,28.360000000000127,-28.430000000000128,-1.0024682651622003,2025-11
2025-11-05,10.5,150,-1,3958.26,3986.09,3963.77,22.320000000000164,106.41199999999995,0.20975077998722114,True,2025-11-05 13:30:00,0.07,0.009397436379355716,0.7346938775510204,2025-11-05 18:50:00,3986.09,停損,27.829999999999927,-27.899999999999928,-1.002515271289975,2025-11
2025-11-06,8.5,114,1,4015.86,4009.25,3982.34,26.909999999999854,96.80999999999995,0.27796715215370177,True,2025-11-06 10:30:00,0.07,0.020659022828220238,0.21621621621621623,2025-11-06 17:05:00,3982.34,停損,33.51999999999998,-33.58999999999998,-1.0020883054892602,2025-11
2025-11-07,3.5,50,-1,3989.31,4003.25,3994.22,9.0300000000002,93.44799999999991,0.09663128156836111,False,2025-11-07 05:10:00,0.07,0.010701138601147173,0.75,2025-11-07 08:50:00,4003.25,停損,13.940000000000055,-14.010000000000055,-1.0050215208034434,2025-11
2025-11-07,10.0,151,-1,3997.4,4010.54,4003.66,6.880000000000109,93.44799999999991,0.07362383357589372,False,2025-11-07 13:35:00,0.07,0.03210341580344152,0.82,2025-11-07 18:35:00,4010.54,停損,13.139999999999873,-13.209999999999873,-1.0053272450532724,2025-11
2025-11-11,2.0,31,1,4141.11,4133.76,4116.29,17.470000000000255,86.63099999999994,0.20165991388764146,True,2025-11-11 03:35:00,0.07,0.023086424028350143,0.0,2025-11-11 17:20:00,4116.29,停損,24.81999999999971,-24.88999999999971,-1.0028203062046737,2025-11
2025-11-11,2.5,51,1,4143.18,4138.08,4124.86,13.220000000000255,86.63099999999994,0.1526012628273974,True,2025-11-11 05:15:00,0.07,0.023086424028350143,0.0,2025-11-11 07:40:00,4124.86,停損,18.32000000000062,-18.39000000000062,-1.0038209606986899,2025-11
2025-11-11,3.0,55,1,4147.74,4141.2,4128.06,13.139999999999418,86.63099999999994,0.15167780586625373,True,2025-11-11 05:35:00,0.07,0.023086424028350143,0.0,2025-11-11 07:40:00,4128.06,停損,19.67999999999938,-19.749999999999382,-1.0035569105691058,2025-11
2025-11-11,5.5,77,-1,4136.19,4149.02,4142.44,6.580000000000837,86.63099999999994,0.07595433505328163,False,2025-11-11 07:25:00,0.07,0.011543212014175071,0.8,2025-11-12 00:00:00,4126.29,收盤,12.830000000000837,9.829999999999636,0.766173031956274,2025-11
2025-11-11,5.0,79,-1,4131.49,4148.05,4137.15,10.900000000000546,86.63099999999994,0.1258210109545146,False,2025-11-11 07:35:00,0.07,0.011543212014175071,0.7692307692307693,2025-11-12 00:00:00,4126.29,收盤,16.5600000000004,5.129999999999818,0.3097826086956337,2025-11
2025-11-11,6.5,80,-1,4127.23,4146.34,4135.08,11.260000000000218,86.63099999999994,0.12997656727961382,False,2025-11-11 07:40:00,0.07,0.011543212014175071,0.7692307692307693,2025-11-11 15:40:00,4146.34,停損,19.110000000000582,-19.180000000000582,-1.0036630036630036,2025-11
2025-11-11,7.5,122,1,4142.84,4137.85,4124.78,13.070000000000618,86.63099999999994,0.15086978102527532,True,2025-11-11 11:10:00,0.07,0.023086424028350143,0.0,2025-11-11 16:35:00,4124.78,停損,18.0600000000004,-18.1300000000004,-1.003875968992248,2025-11
2025-11-12,2.0,31,-1,4127.43,4145.52,4132.26,13.260000000000218,78.51299999999996,0.16888922853540464,False,2025-11-12 03:35:00,0.07,0.012736744233439054,0.4,2025-11-12 17:15:00,4145.52,停損,18.090000000000146,-18.160000000000146,-1.0038695411829741,2025-11
2025-11-12,2.5,46,-1,4123.48,4144.45,4127.71,16.73999999999978,78.51299999999996,0.21321309846776698,False,2025-11-12 04:50:00,0.07,0.012736744233439054,0.26666666666666666,2025-11-12 17:10:00,4144.45,停損,20.970000000000255,-21.040000000000255,-1.0033381020505483,2025-11
2025-11-12,3.0,47,-1,4120.5,4137.36,4126.44,10.920000000000073,78.51299999999996,0.1390852470291554,False,2025-11-12 04:55:00,0.07,0.012736744233439054,0.26666666666666666,2025-11-12 14:30:00,4137.36,停損,16.859999999999673,-16.929999999999673,-1.0041518386714117,2025-11
2025-11-12,4.0,59,-1,4113.48,4135.57,4118.95,16.61999999999989,78.51299999999996,0.2116846891597557,False,2025-11-12 05:55:00,0.07,0.012736744233439054,0.21052631578947367,2025-11-12 14:30:00,4135.57,停損,22.090000000000146,-22.160000000000146,-1.003168854685378,2025-11
2025-11-12,4.5,60,-1,4111.94,4131.82,4116.89,14.929999999999382,78.51299999999996,0.1901595914052372,False,2025-11-12 06:00:00,0.07,0.012736744233439054,0.21052631578947367,2025-11-12 10:40:00,4131.82,停損,19.88000000000011,-19.95000000000011,-1.0035211267605633,2025-11
2025-11-12,5.0,62,-1,4106.08,4125.35,4111.81,13.539999999999964,78.51299999999996,0.17245551692076433,False,2025-11-12 06:10:00,0.07,0.012736744233439054,0.2,2025-11-12 09:20:00,4125.35,停損,19.270000000000437,-19.340000000000437,-1.0036325895173845,2025-11
2025-11-12,7.5,98,1,4122.13,4116.01,4098.91,17.100000000000364,78.51299999999996,0.21779832639181246,True,2025-11-12 09:10:00,0.07,0.050946976933756216,0.8125,2025-11-13 00:00:00,4194.28,收盤,23.220000000000255,72.07999999999964,3.1042204995692875,2025-11
2025-11-12,8.0,99,1,4125.01,4119.06,4103.18,15.88000000000011,78.51299999999996,0.20225949842701357,True,2025-11-12 09:15:00,0.07,0.050946976933756216,0.8125,2025-11-13 00:00:00,4194.28,收盤,21.829999999999927,69.19999999999953,3.1699496106275658,2025-11
2025-11-12,8.5,113,1,4129.42,4125.36,4112.07,13.289999999999964,78.51299999999996,0.16927133086240456,True,2025-11-12 10:25:00,0.07,0.050946976933756216,0.7027027027027027,2025-11-13 00:00:00,4194.28,收盤,17.350000000000364,64.78999999999968,3.7342939481267043,2025-11
2025-11-12,10.5,138,-1,4120.83,4133.64,4124.91,8.730000000000473,78.51299999999996,0.11119177715792897,False,2025-11-12 12:30:00,0.07,0.012736744233439054,0.08888888888888889,2025-11-12 14:25:00,4133.64,停損,12.8100000000004,-12.8800000000004,-1.0054644808743167,2025-11
2025-11-13,3.5,52,1,4202.54,4196.03,4180.49,15.539999999999964,78.55499999999998,0.19782318121061634,True,2025-11-13 05:20:00,0.07,0.0,0.5294117647058824,2025-11-13 20:35:00,4180.49,停損,22.050000000000182,-22.120000000000182,-1.0031746031746032,2025-11
2025-11-13,2.0,60,1,4213.0,4208.81,4186.13,22.68000000000029,78.55499999999998,0.28871491311820124,True,2025-11-13 06:00:00,0.07,0.0,0.47368421052631576,2025-11-13 16:45:00,4186.13,停損,26.86999999999989,-26.93999999999989,-1.0026051358392258,2025-11
2025-11-13,2.5,62,1,4218.31,4209.2,4180.0,29.199999999999818,78.55499999999998,0.37171408567245656,True,2025-11-13 06:10:00,0.07,0.0,0.45,2025-11-13 20:35:00,4180.0,停損,38.3100000000004,-38.3800000000004,-1.001827199164709,2025-11
2025-11-13,6.5,109,1,4224.57,4217.66,4203.44,14.220000000000255,78.55499999999998,0.1810196677487144,True,2025-11-13 10:05:00,0.07,0.0,0.25,2025-11-13 16:45:00,4203.44,停損,21.13000000000011,-21.20000000000011,-1.0033128253667771,2025-11
2025-11-14,2.0,31,-1,4173.9,4189.85,4178.34,11.510000000000218,77.23100000000004,0.14903341922285368,True,2025-11-14 03:35:00,0.07,0.0,0.5,2025-11-14 03:55:00,4189.85,停損,15.950000000000728,-16.020000000000728,-1.0043887147335422,2025-11
2025-11-14,2.5,39,1,4194.07,4189.81,4174.26,15.550000000000182,77.23100000000004,0.20134401988838904,False,2025-11-14 04:15:00,0.07,0.03884450544470483,0.0,2025-11-14 08:30:00,4174.26,停損,19.80999999999949,-19.87999999999949,-1.0035335689045937,2025-11
2025-11-14,3.0,41,1,4197.85,4193.84,4173.71,20.13000000000011,77.23100000000004,0.26064663153397083,False,2025-11-14 04:25:00,0.07,0.03884450544470483,0.0,2025-11-14 08:30:00,4173.71,停損,24.140000000000327,-24.210000000000328,-1.0028997514498756,2025-11
2025-11-14,3.5,47,1,4207.68,4202.37,4173.71,28.659999999999854,77.23100000000004,0.37109450868174493,False,2025-11-14 04:55:00,0.07,0.03884450544470483,0.0,2025-11-14 08:30:00,4173.71,停損,33.970000000000255,-34.040000000000255,-1.0020606417427143,2025-11
2025-11-14,4.5,74,-1,4193.74,4210.93,4199.13,11.800000000000182,77.23100000000004,0.152788388082508,True,2025-11-14 07:10:00,0.07,0.012948168481568276,0.75,2025-11-15 00:00:00,4084.64,收盤,17.19000000000051,109.02999999999992,6.342641070389568,2025-11
2025-11-14,5.5,75,-1,4189.59,4211.27,4197.07,14.200000000000728,77.23100000000004,0.18386399243827894,True,2025-11-14 07:15:00,0.07,0.012948168481568276,0.75,2025-11-15 00:00:00,4084.64,收盤,21.68000000000029,104.88000000000028,4.837638376383712,2025-11
2025-11-14,6.5,90,-1,4178.15,4204.18,4184.07,20.110000000000582,77.23100000000004,0.26038766816434555,True,2025-11-14 08:30:00,0.07,0.012948168481568276,0.6206896551724138,2025-11-15 00:00:00,4084.64,收盤,26.030000000000655,93.43999999999977,3.58970418747589,2025-11
2025-11-14,7.5,101,-1,4162.93,4196.62,4173.66,22.960000000000036,77.23100000000004,0.2972899483368081,True,2025-11-14 09:25:00,0.07,0.012948168481568276,0.5454545454545454,2025-11-15 00:00:00,4084.64,收盤,33.6899999999996,78.22000000000043,2.321757197981637,2025-11
2025-11-14,10.0,135,-1,4165.42,4186.96,4170.14,16.81999999999971,77.23100000000004,0.21778819385997464,True,2025-11-14 12:15:00,0.07,0.012948168481568276,0.4090909090909091,2025-11-15 00:00:00,4084.64,收盤,21.539999999999964,80.7100000000002,3.7469823584029873,2025-11
2025-11-14,10.5,139,-1,4161.73,4186.96,4168.02,18.9399999999996,77.23100000000004,0.24523831104089797,True,2025-11-14 12:35:00,0.07,0.012948168481568276,0.391304347826087,2025-11-15 00:00:00,4084.64,收盤,25.230000000000473,77.0199999999997,3.0527150217993757,2025-11
2025-11-14,9.5,147,-1,4152.99,4184.28,4162.85,21.42999999999938,77.23100000000004,0.27747925056000017,True,2025-11-14 13:15:00,0.07,0.012948168481568276,0.375,2025-11-15 00:00:00,4084.64,收盤,31.289999999999964,68.27999999999992,2.182166826462128,2025-11
2025-11-18,2.5,37,-1,4023.06,4045.23,4028.97,16.26000000000022,90.90000000000018,0.17887788778878094,True,2025-11-18 04:05:00,0.07,0.03300330033003294,0.0,2025-11-18 12:00:00,4045.23,停損,22.170000000000073,-22.240000000000073,-1.0031574199368516,2025-11
2025-11-18,2.0,47,-1,4020.93,4041.37,4027.37,14.0,90.90000000000018,0.15401540154015372,True,2025-11-18 04:55:00,0.07,0.03300330033003294,0.0,2025-11-18 10:40:00,4041.37,停損,20.440000000000055,-20.510000000000055,-1.0034246575342465,2025-11
2025-11-18,3.0,48,-1,4017.61,4045.23,4022.66,22.570000000000164,90.90000000000018,0.24829482948294962,True,2025-11-18 05:00:00,0.07,0.03300330033003294,0.0,2025-11-18 12:00:00,4045.23,停損,27.61999999999989,-27.68999999999989,-1.0025343953656771,2025-11
2025-11-18,3.5,50,-1,4014.33,4041.42,4019.32,22.09999999999991,90.90000000000018,0.24312431243124166,True,2025-11-18 05:10:00,0.07,0.03300330033003294,0.0,2025-11-18 10:40:00,4041.42,停損,27.090000000000146,-27.160000000000146,-1.0025839793281655,2025-11
2025-11-18,4.0,52,-1,4009.98,4035.82,4015.29,20.5300000000002,90.90000000000018,0.2258525852585276,True,2025-11-18 05:20:00,0.07,0.03300330033003294,0.0,2025-11-18 10:35:00,4035.82,停損,25.840000000000146,-25.910000000000146,-1.0027089783281733,2025-11
2025-11-18,6.0,81,1,4023.86,4018.22,4004.95,13.269999999999982,90.90000000000018,0.1459845984598455,False,2025-11-18 07:45:00,0.07,0.03300330033003294,0.8076923076923077,2025-11-18 09:15:00,4004.95,停損,18.91000000000031,-18.98000000000031,-1.0037017451084083,2025-11
2025-11-18,7.0,101,-1,4003.75,4025.24,4008.3,16.9399999999996,90.90000000000018,0.1863586358635816,True,2025-11-18 09:25:00,0.07,0.03300330033003294,0.0,2025-11-18 10:15:00,4025.24,停損,21.48999999999978,-21.559999999999782,-1.003257328990228,2025-11
2025-11-18,6.5,102,-1,4002.37,4021.87,4007.84,14.029999999999745,90.90000000000018,0.15434543454345123,True,2025-11-18 09:30:00,0.07,0.03300330033003294,0.0,2025-11-18 10:10:00,4021.87,停損,19.5,-19.57,-1.0035897435897436,2025-11
2025-11-18,10.0,142,1,4048.58,4042.71,4010.72,31.990000000000236,90.90000000000018,0.35192519251925386,False,2025-11-18 12:50:00,0.07,0.04400440044004392,0.723404255319149,2025-11-19 00:00:00,4067.37,收盤,37.86000000000013,18.719999999999963,0.49445324881140784,2025-11
2025-11-19,2.0,26,-1,4062.02,4078.28,4067.64,10.640000000000327,91.6260000000002,0.116124244210162,False,2025-11-19 03:10:00,0.07,0.01091393272651865,0.625,2025-11-19 04:45:00,4078.28,停損,16.26000000000022,-16.33000000000022,-1.0043050430504306,2025-11
2025-11-19,4.0,76,1,4086.79,4080.67,4055.7,24.970000000000255,91.6260000000002,0.2725209001811735,True,2025-11-19 07:20:00,0.07,0.01091393272651865,0.48,2025-11-19 19:10:00,4055.7,停損,31.090000000000146,-31.160000000000146,-1.0022515278224509,2025-11
2025-11-19,6.5,87,1,4096.88,4092.29,4072.58,19.710000000000036,91.6260000000002,0.215113614039683,True,2025-11-19 08:15:00,0.07,0.01091393272651865,0.42857142857142855,2025-11-19 18:30:00,4072.58,停損,24.300000000000182,-24.370000000000182,-1.002880658436214,2025-11
2025-11-19,7.5,110,-1,4083.04,4098.59,4087.94,10.650000000000091,91.6260000000002,0.11623338353742461,False,2025-11-19 10:10:00,0.07,0.01091393272651865,0.7777777777777778,2025-11-19 11:45:00,4098.59,停損,15.550000000000182,-15.620000000000182,-1.0045016077170417,2025-11
2025-11-19,9.5,130,1,4103.78,4096.94,4078.33,18.609999999999673,91.6260000000002,0.20310828804050848,True,2025-11-19 11:50:00,0.07,0.01091393272651865,0.27906976744186046,2025-11-19 18:30:00,4078.33,停損,25.449999999999818,-25.51999999999982,-1.0027504911591356,2025-11
2025-11-20,2.0,30,-1,4094.63,4110.26,4100.47,9.789999999999964,93.26500000000019,0.10496970996622468,False,2025-11-20 03:30:00,0.07,0.010722135849461191,0.4444444444444444,2025-11-21 00:00:00,4077.08,收盤,15.63000000000011,17.48000000000018,1.1183621241202852,2025-11
2025-11-20,2.5,36,-1,4081.46,4109.13,4092.54,16.590000000000146,93.26500000000019,0.17788023374256273,False,2025-11-20 04:00:00,0.07,0.010722135849461191,0.36363636363636365,2025-11-21 00:00:00,4077.08,收盤,27.670000000000073,4.310000000000109,0.1557643657390711,2025-11
2025-11-20,3.0,37,-1,4070.94,4109.13,4081.17,27.960000000000036,93.26500000000019,0.2997909183509353,False,2025-11-20 04:05:00,0.07,0.010722135849461191,0.3333333333333333,2025-11-21 00:00:00,4077.08,收盤,38.190000000000055,-6.209999999999873,-0.16260801256873172,2025-11
2025-11-20,6.0,90,-1,4063.0,4080.45,4068.38,12.069999999999709,93.26500000000019,0.12941617970299346,False,2025-11-20 08:30:00,0.07,0.010722135849461191,0.13793103448275862,2025-11-20 14:55:00,4080.45,停損,17.449999999999818,-17.51999999999982,-1.0040114613180515,2025-11
2025-11-20,7.0,105,-1,4059.86,4076.03,4064.61,11.420000000000073,93.26500000000019,0.12244679140084759,False,2025-11-20 09:45:00,0.07,0.010722135849461191,0.11764705882352941,2025-11-20 14:20:00,4076.03,停損,16.170000000000073,-16.240000000000073,-1.0043290043290043,2025-11
2025-11-20,7.5,109,-1,4048.8,4077.71,4058.77,18.940000000000055,93.26500000000019,0.20307725298879556,False,2025-11-20 10:05:00,0.07,0.010722135849461191,0.1111111111111111,2025-11-20 14:25:00,4077.71,停損,28.909999999999854,-28.979999999999855,-1.0024213075060533,2025-11
2025-11-21,2.0,25,-1,4065.67,4081.25,4071.67,9.579999999999927,94.89100000000022,0.1009579412167635,False,2025-11-21 03:05:00,0.07,0.0,0.375,2025-11-21 16:05:00,4081.25,停損,15.579999999999927,-15.649999999999928,-1.0044929396662388,2025-11
2025-11-21,2.5,49,-1,4053.61,4080.05,4061.46,18.590000000000146,94.89100000000022,0.19590899031520484,False,2025-11-21 05:05:00,0.07,0.0,0.1875,2025-11-21 16:00:00,4080.05,停損,26.440000000000055,-26.510000000000055,-1.0026475037821483,2025-11
2025-11-21,4.0,52,-1,4051.01,4079.97,4056.8,23.169999999999618,94.89100000000022,0.24417489540630372,False,2025-11-21 05:20:00,0.07,0.0,0.17647058823529413,2025-11-21 16:00:00,4079.97,停損,28.95999999999958,-29.029999999999582,-1.0024171270718232,2025-11
2025-11-21,4.5,83,-1,4041.64,4079.97,4049.41,30.559999999999945,94.89100000000022,0.3220537248000324,False,2025-11-21 07:55:00,0.07,0.0,0.1111111111111111,2025-11-21 16:00:00,4079.97,停損,38.32999999999993,-38.39999999999993,-1.001826245760501,2025-11
2025-11-21,7.0,90,-1,4031.77,4059.73,4040.08,19.65000000000009,94.89100000000022,0.20707970197384415,False,2025-11-21 08:30:00,0.07,0.0,0.10344827586206896,2025-11-21 11:20:00,4059.73,停損,27.960000000000036,-28.030000000000037,-1.0025035765379113,2025-11
2025-11-21,10.5,138,-1,4032.82,4063.5,4038.77,24.730000000000018,94.89100000000022,0.2606148106775138,False,2025-11-21 12:30:00,0.07,0.0,0.06666666666666667,2025-11-21 14:50:00,4063.5,停損,30.679999999999836,-30.749999999999837,-1.0022816166883963,2025-11
2025-11-25,2.5,40,1,4145.42,4137.04,4122.74,14.300000000000182,95.42100000000013,0.14986218966475054,True,2025-11-25 04:20:00,0.07,0.02095974680625855,0.6923076923076923,2025-11-25 10:40:00,4122.74,停損,22.68000000000029,-22.75000000000029,-1.0030864197530864,2025-11
2025-11-25,2.0,45,1,4152.05,4144.32,4127.62,16.699999999999818,95.42100000000013,0.175013885832257,True,2025-11-25 04:45:00,0.07,0.02095974680625855,0.6428571428571429,2025-11-25 10:40:00,4127.62,停損,24.43000000000029,-24.50000000000029,-1.002865329512894,2025-11
2025-11-25,7.0,104,-1,4135.69,4151.98,4140.77,11.209999999999127,95.42100000000013,0.11747938084907003,False,2025-11-25 09:40:00,0.07,0.03143962020938783,0.4411764705882353,2025-11-25 19:15:00,4151.98,停損,16.289999999999964,-16.359999999999964,-1.0042971147943525,2025-11
2025-11-25,6.5,107,-1,4135.52,4148.39,4140.35,8.039999999999964,95.42100000000013,0.08425818216115899,False,2025-11-25 09:55:00,0.07,0.03143962020938783,0.42857142857142855,2025-11-25 15:35:00,4148.39,停損,12.86999999999989,-12.939999999999891,-1.0054390054390054,2025-11
2025-11-25,6.0,108,-1,4132.5,4148.39,4139.59,8.800000000000182,95.42100000000013,0.09222288594753952,False,2025-11-25 10:00:00,0.07,0.03143962020938783,0.42857142857142855,2025-11-25 15:35:00,4148.39,停損,15.890000000000327,-15.960000000000328,-1.0044052863436124,2025-11
2025-11-25,8.5,115,-1,4129.48,4146.11,4135.24,10.86999999999989,95.42100000000013,0.11391622389201408,False,2025-11-25 10:35:00,0.07,0.03143962020938783,0.39473684210526316,2025-11-25 15:25:00,4146.11,停損,16.63000000000011,-16.70000000000011,-1.00420926037282,2025-11
2025-11-25,9.0,118,-1,4123.76,4146.11,4130.01,16.099999999999454,95.42100000000013,0.1687259617903756,False,2025-11-25 10:50:00,0.07,0.03143962020938783,0.38461538461538464,2025-11-25 15:25:00,4146.11,停損,22.349999999999454,-22.419999999999455,-1.0031319910514542,2025-11
2025-11-26,2.0,32,1,4149.26,4144.33,4132.76,11.569999999999709,95.19400000000019,0.12154127360967798,False,2025-11-26 03:40:00,0.07,0.021009727503834234,0.2,2025-11-27 00:00:00,4163.93,收盤,16.5,14.600000000000072,0.8848484848484892,2025-11
2025-11-26,2.5,34,1,4152.25,4147.46,4134.8,12.659999999999854,95.19400000000019,0.13299157509926918,False,2025-11-26 03:50:00,0.07,0.021009727503834234,0.18181818181818182,2025-11-27 00:00:00,4163.93,收盤,17.449999999999818,11.61000000000029,0.6653295128940064,2025-11
2025-11-26,3.0,42,1,4162.36,4152.94,4138.61,14.329999999999927,95.19400000000019,0.1505346975649715,False,2025-11-26 04:30:00,0.07,0.021009727503834234,0.15384615384615385,2025-11-26 17:05:00,4138.61,停損,23.75,-23.82,-1.0029473684210526,2025-11
2025-11-26,8.5,110,1,4164.69,4158.51,4146.82,11.69000000000051,95.19400000000019,0.12280185725991645,False,2025-11-26 10:10:00,0.07,0.021009727503834234,0.05555555555555555,2025-11-26 16:10:00,4146.82,停損,17.86999999999989,-17.93999999999989,-1.003917179630666,2025-11
2025-11-26,9.0,112,1,4167.36,4161.56,4149.26,12.300000000000182,95.19400000000019,0.12920982414858245,False,2025-11-26 10:20:00,0.07,0.021009727503834234,0.05405405405405406,2025-11-26 14:50:00,4149.26,停損,18.099999999999454,-18.169999999999455,-1.0038674033149173,2025-11
2025-11-26,10.5,151,1,4172.3,4167.18,4154.92,12.260000000000218,95.19400000000019,0.12878962959850615,False,2025-11-26 13:35:00,0.07,0.021009727503834234,0.04,2025-11-26 14:50:00,4154.92,停損,17.38000000000011,-17.45000000000011,-1.0040276179516685,2025-11
2025-11-27,2.0,28,-1,4150.92,4167.15,4161.9,5.25,88.27300000000018,0.05947458452754511,False,2025-11-27 03:20:00,0.07,0.0,0.0,2025-11-27 10:50:00,4167.15,停損,16.229999999999563,-16.299999999999564,-1.0043130006161431,2025-11
2025-11-27,10.0,123,-1,4155.17,4167.17,4159.7,7.470000000000255,88.27300000000018,0.08462383741348135,False,2025-11-27 11:15:00,0.07,0.0,0.0,2025-11-27 21:30:00,4157.35,收盤,12.0,-2.250000000000291,-0.18750000000002423,2025-11
2025-11-27,9.0,124,-1,4150.56,4162.59,4155.58,7.010000000000218,88.27300000000018,0.0794127309596389,False,2025-11-27 11:20:00,0.07,0.0,0.0,2025-11-27 21:30:00,4157.35,收盤,12.029999999999745,-6.859999999999964,-0.5702410640066591,2025-11
2025-11-28,2.0,25,1,4190.23,4182.87,4163.12,19.75,80.91700000000014,0.24407726435730395,False,2025-11-28 03:05:00,0.07,0.06179171249551999,0.0,2025-11-28 10:15:00,4163.12,停損,27.109999999999673,-27.179999999999673,-1.0025820730357802,2025-11
2025-11-28,6.5,112,-1,4168.79,4188.82,4175.67,13.149999999999636,80.91700000000014,0.16251220386321308,True,2025-11-28 10:20:00,0.17,0.012358342499103999,0.2702702702702703,2025-11-28 16:15:00,4188.82,停損,20.029999999999745,-20.199999999999747,-1.0084872690963556,2025-11
2025-12-02,2.0,25,-1,4215.68,4229.72,4221.65,8.070000000000618,66.05300000000003,0.12217461735274121,False,2025-12-02 03:05:00,0.07,0.015139357788442609,0.125,2025-12-02 16:30:00,4229.72,停損,14.039999999999964,-14.109999999999964,-1.004985754985755,2025-12
2025-12-02,4.5,90,-1,4205.62,4226.37,4214.66,11.710000000000036,66.05300000000003,0.1772818797026635,False,2025-12-02 08:30:00,0.07,0.015139357788442609,0.034482758620689655,2025-12-02 16:30:00,4226.37,停損,20.75,-20.82,-1.0033734939759036,2025-12
2025-12-02,9.0,124,-1,4204.36,4219.35,4209.7,9.650000000000546,66.05300000000003,0.14609480265847943,False,2025-12-02 11:20:00,0.07,0.015139357788442609,0.024390243902439025,2025-12-02 16:10:00,4219.35,停損,14.990000000000691,-15.060000000000692,-1.0046697798532354,2025-12
2025-12-02,7.5,125,-1,4199.75,4226.29,4204.35,21.9399999999996,66.05300000000003,0.3321575098784248,False,2025-12-02 11:25:00,0.07,0.015139357788442609,0.024390243902439025,2025-12-02 16:30:00,4226.29,停損,26.539999999999964,-26.609999999999964,-1.0026375282592315,2025-12
2025-12-02,10.5,130,-1,4188.68,4216.6,4192.3,24.300000000000182,66.05300000000003,0.36788639425915814,False,2025-12-02 11:50:00,0.07,0.015139357788442609,0.023255813953488372,2025-12-02 16:05:00,4216.6,停損,27.920000000000073,-27.990000000000073,-1.0025071633237823,2025-12
2025-12-03,2.0,26,1,4218.6,4212.87,4204.55,8.319999999999709,64.85399999999996,0.12828815493261347,False,2025-12-03 03:10:00,0.07,0.030838498781879317,0.0,2025-12-03 07:50:00,4204.55,停損,14.050000000000182,-14.120000000000182,-1.004982206405694,2025-12
2025-12-03,2.5,43,1,4227.3,4221.17,4204.55,16.61999999999989,64.85399999999996,0.25626792487741545,False,2025-12-03 04:35:00,0.07,0.030838498781879317,0.0,2025-12-03 07:50:00,4204.55,停損,22.75,-22.82,-1.0030769230769232,2025-12
2025-12-03,3.5,44,1,4228.78,4224.47,4213.36,11.110000000000582,64.85399999999996,0.17130786073334858,False,2025-12-03 04:40:00,0.07,0.030838498781879317,0.0,2025-12-03 07:40:00,4213.36,停損,15.420000000000073,-15.490000000000073,-1.0045395590142672,2025-12
2025-12-03,4.0,80,-1,4210.73,4228.86,4214.28,14.579999999999927,64.85399999999996,0.22481265611989912,True,2025-12-03 07:40:00,0.07,0.0,0.5384615384615384,2025-12-03 15:55:00,4228.86,停損,18.13000000000011,-18.20000000000011,-1.0038610038610039,2025-12
2025-12-03,7.5,122,-1,4198.93,4220.86,4203.66,17.199999999999818,64.85399999999996,0.26521108952415934,True,2025-12-03 11:10:00,0.07,0.0,0.35,2025-12-03 15:20:00,4220.86,停損,21.92999999999938,-21.999999999999382,-1.0031919744642044,2025-12
2025-12-03,9.0,135,-1,4195.3,4210.38,4200.27,10.109999999999673,64.85399999999996,0.1558886113423949,True,2025-12-03 12:15:00,0.07,0.0,0.3181818181818182,2025-12-03 14:05:00,4210.38,停損,15.079999999999927,-15.149999999999928,-1.0046419098143236,2025-12
2025-12-04,2.5,37,-1,4202.35,4215.8,4205.86,9.94000000000051,61.84999999999995,0.16071139854487498,True,2025-12-04 04:05:00,0.07,0.06467259498787394,0.0,2025-12-04 18:20:00,4215.8,停損,13.449999999999818,-13.519999999999818,-1.005204460966543,2025-12
2025-12-04,2.0,48,-1,4200.63,4215.8,4204.54,11.260000000000218,61.84999999999995,0.18205335489086866,True,2025-12-04 05:00:00,0.07,0.06467259498787394,0.0,2025-12-04 18:20:00,4215.8,停損,15.170000000000073,-15.240000000000073,-1.004614370468029,2025-12
2025-12-04,3.5,49,-1,4194.22,4216.85,4199.03,17.82000000000062,61.84999999999995,0.2881164106709884,True,2025-12-04 05:05:00,0.07,0.06467259498787394,0.0,2025-12-04 18:20:00,4216.85,停損,22.63000000000011,-22.70000000000011,-1.0030932390631904,2025-12
2025-12-04,5.5,80,-1,4185.09,4199.18,4190.29,8.890000000000327,61.84999999999995,0.14373484236055512,True,2025-12-04 07:40:00,0.07,0.06467259498787394,0.0,2025-12-04 11:55:00,4199.18,停損,14.090000000000146,-14.160000000000146,-1.0049680624556423,2025-12
2025-12-04,4.5,81,-1,4184.13,4207.55,4187.6,19.949999999999818,61.84999999999995,0.32255456750201833,True,2025-12-04 07:45:00,0.07,0.06467259498787394,0.0,2025-12-04 16:25:00,4207.55,停損,23.420000000000073,-23.490000000000073,-1.002988898377455,2025-12
2025-12-04,8.0,100,1,4193.84,4190.32,4178.74,11.579999999999927,61.84999999999995,0.18722716248989388,False,2025-12-04 09:20:00,0.07,0.048504446240905455,0.8181818181818182,2025-12-05 00:00:00,4208.65,收盤,15.100000000000364,14.73999999999949,0.9761589403972937,2025-12
2025-12-04,10.5,130,1,4197.63,4194.48,4183.56,10.919999999999163,61.84999999999995,0.17655618431688233,False,2025-12-04 11:50:00,0.07,0.048504446240905455,0.627906976744186,2025-12-05 00:00:00,4208.65,收盤,14.069999999999709,10.949999999999527,0.778251599147104,2025-12
2025-12-04,8.5,131,1,4200.0,4195.06,4182.58,12.480000000000473,61.84999999999995,0.20177849636217435,False,2025-12-04 11:55:00,0.07,0.048504446240905455,0.627906976744186,2025-12-05 00:00:00,4208.65,收盤,17.420000000000073,8.579999999999636,0.4925373134328129,2025-12
2025-12-05,2.0,27,-1,4197.23,4210.45,4201.35,9.099999999999454,59.22899999999991,0.1536409529115715,True,2025-12-05 03:15:00,0.07,0.016883621199074803,0.625,2025-12-05 05:55:00,4210.45,停損,13.220000000000255,-13.290000000000255,-1.0052950075642964,2025-12
2025-12-05,2.5,57,1,4209.3,4205.94,4194.84,11.099999999999454,59.22899999999991,0.1874081953097211,False,2025-12-05 05:45:00,0.07,0.0,0.4444444444444444,2025-12-05 23:20:00,4194.84,停損,14.460000000000036,-14.530000000000037,-1.0048409405255878,2025-12
2025-12-05,4.0,62,1,4212.48,4208.52,4196.82,11.700000000000728,59.22899999999991,0.1975383680291875,False,2025-12-05 06:10:00,0.07,0.0,0.4,2025-12-05 23:20:00,4196.82,停損,15.659999999999854,-15.729999999999855,-1.004469987228608,2025-12
2025-12-05,5.0,67,1,4215.83,4211.01,4201.88,9.13000000000011,59.22899999999991,0.1541474615475548,False,2025-12-05 06:35:00,0.07,0.0,0.36363636363636365,2025-12-05 18:25:00,4201.88,停損,13.949999999999818,-14.019999999999818,-1.0050179211469534,2025-12
2025-12-05,5.5,78,1,4219.57,4214.45,4202.45,12.0,59.22899999999991,0.20260345438889765,False,2025-12-05 07:30:00,0.07,0.0,0.32,2025-12-05 18:20:00,4202.45,停損,17.11999999999989,-17.18999999999989,-1.004088785046729,2025-12
2025-12-05,6.0,84,1,4220.45,4217.47,4208.07,9.400000000000546,59.22899999999991,0.15870603927131238,False,2025-12-05 08:00:00,0.07,0.0,0.2962962962962963,2025-12-05 18:15:00,4208.07,停損,12.38000000000011,-12.45000000000011,-1.005654281098546,2025-12
2025-12-05,6.5,86,1,4226.8,4219.96,4212.48,7.480000000000473,59.22899999999991,0.12628948656908753,False,2025-12-05 08:10:00,0.07,0.0,0.2857142857142857,2025-12-05 18:15:00,4212.48,停損,14.320000000000618,-14.390000000000619,-1.0048882681564244,2025-12
2025-12-09,3.0,71,-1,4185.56,4197.34,4188.93,8.409999999999854,52.37499999999991,0.160572792362766,True,2025-12-09 06:55:00,0.07,0.0,0.782608695652174,2025-12-09 11:05:00,4197.34,停損,11.779999999999745,-11.849999999999746,-1.005942275042445,2025-12
2025-12-09,4.0,79,-1,4181.93,4197.26,4186.08,11.180000000000291,52.37499999999991,0.2134606205250656,True,2025-12-09 07:35:00,0.07,0.0,0.6923076923076923,2025-12-09 11:05:00,4197.26,停損,15.329999999999927,-15.399999999999928,-1.004566210045662,2025-12
2025-12-09,6.5,83,-1,4180.37,4195.72,4183.57,12.150000000000546,52.37499999999991,0.23198090692125187,True,2025-12-09 07:55:00,0.07,0.0,0.6666666666666666,2025-12-09 11:05:00,4195.72,停損,15.350000000000364,-15.420000000000364,-1.004560260586319,2025-12
2025-12-09,7.0,86,-1,4174.52,4187.33,4178.22,9.109999999999673,52.37499999999991,0.17393794749402747,True,2025-12-09 08:10:00,0.07,0.0,0.6428571428571429,2025-12-09 10:15:00,4187.33,停損,12.80999999999949,-12.879999999999491,-1.0054644808743172,2025-12
2025-12-09,8.0,111,1,4188.29,4184.12,4170.08,14.039999999999964,52.37499999999991,0.2680668257756561,False,2025-12-09 10:15:00,0.07,0.05727923627684974,0.7777777777777778,2025-12-10 00:00:00,4208.55,收盤,18.210000000000036,20.190000000000218,1.1087314662273573,2025-12
2025-12-09,7.5,117,1,4190.87,4185.76,4170.08,15.680000000000291,52.37499999999991,0.29937947494034023,False,2025-12-09 10:45:00,0.07,0.05727923627684974,0.7368421052631579,2025-12-10 00:00:00,4208.55,收盤,20.789999999999964,17.61000000000029,0.8470418470418625,2025-12
2025-12-09,9.5,121,1,4198.33,4189.29,4178.48,10.8100000000004,52.37499999999991,0.20639618138425622,False,2025-12-09 11:05:00,0.07,0.05727923627684974,0.7,2025-12-10 00:00:00,4208.55,收盤,19.850000000000364,10.150000000000254,0.5113350125944619,2025-12
2025-12-10,3.5,54,-1,4208.42,4218.0,4211.61,6.390000000000327,52.53599999999987,0.12163088168113946,False,2025-12-10 05:30:00,0.07,0.0,0.8235294117647058,2025-12-10 21:10:00,4218.0,停損,9.579999999999927,-9.649999999999928,-1.0073068893528185,2025-12
2025-12-10,4.5,59,-1,4204.64,4218.86,4207.96,10.899999999999636,52.53599999999987,0.2074767778285302,False,2025-12-10 05:55:00,0.07,0.0,0.7368421052631579,2025-12-10 21:10:00,4218.86,停損,14.219999999999345,-14.289999999999345,-1.0049226441631507,2025-12
2025-12-10,6.0,76,-1,4202.28,4209.72,4205.51,4.210000000000036,52.53599999999987,0.0801355261154265,False,2025-12-10 07:20:00,0.07,0.0,0.56,2025-12-10 07:40:00,4209.72,停損,7.440000000000509,-7.51000000000051,-1.009408602150537,2025-12
2025-12-10,7.5,116,-1,4201.76,4214.51,4204.5,10.010000000000218,52.53599999999987,0.19053601340033963,False,2025-12-10 10:40:00,0.07,0.0,0.3684210526315789,2025-12-10 21:10:00,4214.51,停損,12.75,-12.82,-1.0054901960784315,2025-12
2025-12-10,8.0,117,-1,4199.85,4211.77,4203.14,8.63000000000011,52.53599999999987,0.16426831125323835,False,2025-12-10 10:45:00,0.07,0.0,0.3684210526315789,2025-12-10 21:05:00,4211.77,停損,11.920000000000073,-11.990000000000073,-1.0058724832214765,2025-12
2025-12-10,7.0,119,-1,4198.98,4214.51,4201.83,12.680000000000291,52.53599999999987,0.24135830668494598,False,2025-12-10 10:55:00,0.07,0.0,0.358974358974359,2025-12-10 21:10:00,4214.51,停損,15.530000000000655,-15.600000000000655,-1.0045074050225369,2025-12
2025-12-10,9.5,121,-1,4197.65,4208.31,4200.32,7.990000000000691,52.53599999999987,0.15208618851836284,False,2025-12-10 11:05:00,0.07,0.0,0.35,2025-12-10 21:05:00,4208.31,停損,10.660000000000764,-10.730000000000764,-1.0065666041275794,2025-12
2025-12-10,10.0,131,-1,4194.26,4206.56,4197.14,9.420000000000073,52.53599999999987,0.1793056190041133,False,2025-12-10 11:55:00,0.07,0.0,0.32558139534883723,2025-12-10 16:15:00,4206.56,停損,12.300000000000182,-12.370000000000182,-1.005691056910569,2025-12
2025-12-10,10.5,143,-1,4191.45,4204.01,4194.54,9.470000000000255,52.53599999999987,0.18025734734277976,False,2025-12-10 12:55:00,0.07,0.0,0.2978723404255319,2025-12-10 15:50:00,4204.01,停損,12.5600000000004,-12.6300000000004,-1.0055732484076432,2025-12
2025-12-11,2.5,42,-1,4229.97,4247.76,4234.89,12.86999999999989,53.864999999999874,0.2389306599832901,False,2025-12-11 04:30:00,0.07,0.03712986169126529,0.6153846153846154,2025-12-11 17:45:00,4247.76,停損,17.789999999999964,-17.859999999999964,-1.0039347948285553,2025-12
2025-12-11,2.0,43,-1,4227.33,4245.18,4231.43,13.75,53.864999999999874,0.25526779912744885,False,2025-12-11 04:35:00,0.07,0.03712986169126529,0.5714285714285714,2025-12-11 17:35:00,4245.18,停損,17.850000000000364,-17.920000000000364,-1.003921568627451,2025-12
2025-12-11,3.5,44,-1,4223.28,4240.84,4229.59,11.25,53.864999999999874,0.20885547201336724,False,2025-12-11 04:40:00,0.07,0.03712986169126529,0.5714285714285714,2025-12-11 16:40:00,4240.84,停損,17.5600000000004,-17.6300000000004,-1.003986332574032,2025-12
2025-12-11,4.0,50,-1,4213.63,4240.84,4220.64,20.199999999999818,53.864999999999874,0.375011603081776,False,2025-12-11 05:10:00,0.07,0.03712986169126529,0.5,2025-12-11 16:40:00,4240.84,停損,27.210000000000036,-27.280000000000037,-1.0025725836089674,2025-12
2025-12-11,5.5,82,-1,4207.25,4218.57,4210.83,7.739999999999782,53.864999999999874,0.1436925647451926,False,2025-12-11 07:50:00,0.07,0.03712986169126529,0.2962962962962963,2025-12-11 10:45:00,4218.57,停損,11.319999999999709,-11.38999999999971,-1.0061837455830391,2025-12
2025-12-11,7.5,105,1,4217.81,4214.63,4204.26,10.36999999999989,53.864999999999874,0.1925183328692085,True,2025-12-11 09:45:00,0.07,0.03712986169126529,0.8235294117647058,2025-12-12 00:00:00,4280.08,收盤,13.550000000000182,62.19999999999953,4.590405904058944,2025-12
2025-12-11,8.0,116,1,4218.23,4215.46,4204.26,11.199999999999818,53.864999999999874,0.20792722547108222,True,2025-12-11 10:40:00,0.07,0.03712986169126529,0.7368421052631579,2025-12-12 00:00:00,4280.08,收盤,13.969999999999345,61.78000000000036,4.422333571940104,2025-12
2025-12-11,9.0,133,1,4222.48,4218.5,4210.67,7.829999999999927,53.864999999999874,0.14536340852130225,True,2025-12-11 12:05:00,0.07,0.03712986169126529,0.6363636363636364,2025-12-11 13:55:00,4210.67,停損,11.80999999999949,-11.879999999999491,-1.0059271803556311,2025-12
2025-12-12,6.5,84,1,4279.03,4275.73,4266.14,9.589999999999236,59.42499999999982,0.16137989061841423,True,2025-12-12 08:00:00,0.07,0.016827934371056005,0.3333333333333333,2025-12-12 18:40:00,4266.14,停損,12.889999999999418,-12.959999999999418,-1.005430566330489,2025-12
2025-12-12,7.0,98,1,4287.28,4280.55,4266.14,14.409999999999854,59.42499999999982,0.24249053428691456,True,2025-12-12 09:10:00,0.07,0.016827934371056005,0.28125,2025-12-12 18:40:00,4266.14,停損,21.139999999999418,-21.209999999999418,-1.0033112582781458,2025-12
2025-12-12,8.5,111,1,4293.52,4288.94,4279.37,9.569999999999709,59.42499999999982,0.16104333193100107,True,2025-12-12 10:15:00,0.07,0.016827934371056005,0.25,2025-12-12 18:05:00,4279.37,停損,14.150000000000546,-14.220000000000546,-1.0049469964664308,2025-12
2025-12-12,9.5,116,1,4299.2,4295.6,4284.25,11.350000000000364,59.42499999999982,0.19099705511149176,True,2025-12-12 10:40:00,0.07,0.016827934371056005,0.23684210526315788,2025-12-12 18:00:00,4284.25,停損,14.949999999999818,-15.019999999999818,-1.0046822742474917,2025-12
2025-12-12,10.0,121,1,4313.06,4309.48,4287.08,22.399999999999636,59.42499999999982,0.3769457299116484,True,2025-12-12 11:05:00,0.07,0.016827934371056005,0.225,2025-12-12 18:00:00,4287.08,停損,25.980000000000473,-26.050000000000473,-1.0026943802925328,2025-12
2025-12-12,10.5,137,1,4321.5,4317.82,4294.36,23.460000000000036,59.42499999999982,0.3947833403449745,True,2025-12-12 12:25:00,0.07,0.016827934371056005,0.2,2025-12-12 18:00:00,4294.36,停損,27.140000000000327,-27.210000000000328,-1.0025792188651437,2025-12
2025-12-16,2.0,47,-1,4293.3,4313.34,4302.85,10.489999999999782,62.49599999999991,0.16785074244751338,False,2025-12-16 04:55:00,0.07,0.016001024065540218,0.6666666666666666,2025-12-16 16:05:00,4313.34,停損,20.039999999999964,-20.109999999999964,-1.003493013972056,2025-12
2025-12-16,4.0,51,-1,4282.4,4312.26,4286.74,25.520000000000437,62.49599999999991,0.40834613415259335,False,2025-12-16 05:15:00,0.07,0.016001024065540218,0.625,2025-12-16 15:35:00,4312.26,停損,29.860000000000582,-29.930000000000582,-1.0023442732752845,2025-12
2025-12-16,6.0,78,-1,4280.83,4292.34,4286.72,5.619999999999891,62.49599999999991,0.08992575524833428,False,2025-12-16 07:30:00,0.07,0.016001024065540218,0.4,2025-12-16 14:20:00,4292.34,停損,11.510000000000218,-11.580000000000219,-1.0060816681146827,2025-12
2025-12-16,4.5,79,-1,4275.34,4312.07,4280.81,31.25999999999931,62.49599999999991,0.5001920122887762,False,2025-12-16 07:35:00,0.07,0.016001024065540218,0.38461538461538464,2025-12-16 15:35:00,4312.07,停損,36.72999999999956,-36.799999999999564,-1.001905799074326,2025-12
2025-12-16,8.0,112,-1,4277.81,4292.22,4282.71,9.510000000000218,62.49599999999991,0.15216973886329097,False,2025-12-16 10:20:00,0.07,0.016001024065540218,0.2702702702702703,2025-12-16 14:20:00,4292.22,停損,14.409999999999854,-14.479999999999855,-1.0048577376821652,2025-12
2025-12-16,9.0,139,-1,4276.07,4289.93,4279.74,10.19000000000051,62.49599999999991,0.16305043522786297,False,2025-12-16 12:35:00,0.07,0.016001024065540218,0.21739130434782608,2025-12-16 14:20:00,4289.93,停損,13.860000000000582,-13.930000000000582,-1.0050505050505047,2025-12
2025-12-16,10.5,160,1,4290.64,4286.89,4275.56,11.329999999999927,62.49599999999991,0.1812916026625695,True,2025-12-16 14:20:00,0.07,0.032002048131080436,0.49056603773584906,2025-12-17 00:00:00,4302.32,收盤,15.079999999999927,11.609999999999381,0.7698938992042067,2025-12
2025-12-17,2.0,31,1,4322.01,4315.09,4307.52,7.569999999999709,61.62200000000003,0.12284573691213699,False,2025-12-17 03:35:00,0.07,0.04868391159001653,0.0,2025-12-17 12:40:00,4307.52,停損,14.489999999999782,-14.559999999999782,-1.0048309178743962,2025-12
2025-12-17,2.5,34,1,4323.33,4320.24,4311.29,8.949999999999818,61.62200000000003,0.14524033624354638,False,2025-12-17 03:50:00,0.07,0.04868391159001653,0.0,2025-12-17 05:00:00,4311.29,停損,12.039999999999964,-12.109999999999964,-1.005813953488372,2025-12
2025-12-17,3.5,47,-1,4313.15,4327.84,4316.3,11.539999999999964,61.62200000000003,0.187270779916263,True,2025-12-17 04:55:00,0.07,0.01622797053000551,0.8,2025-12-17 06:40:00,4327.84,停損,14.69000000000051,-14.76000000000051,-1.0047651463580665,2025-12
2025-12-17,4.5,68,1,4326.89,4323.01,4311.2,11.8100000000004,61.62200000000003,0.19165233195937156,False,2025-12-17 06:40:00,0.07,0.04868391159001653,0.0,2025-12-17 10:10:00,4311.2,停損,15.69000000000051,-15.76000000000051,-1.004461440407903,2025-12
2025-12-17,5.0,69,1,4329.68,4325.21,4312.74,12.470000000000255,61.62200000000003,0.20236279250917286,False,2025-12-17 06:45:00,0.07,0.04868391159001653,0.0,2025-12-17 10:10:00,4312.74,停損,16.94000000000051,-17.01000000000051,-1.0041322314049586,2025-12
2025-12-17,3.0,71,1,4330.75,4326.84,4311.47,15.36999999999989,61.62200000000003,0.24942390704618292,False,2025-12-17 06:55:00,0.07,0.04868391159001653,0.0,2025-12-17 10:10:00,4311.47,停損,19.279999999999745,-19.349999999999746,-1.0036307053941909,2025-12
2025-12-17,4.0,74,1,4331.81,4327.84,4311.2,16.640000000000327,61.62200000000003,0.270033429619297,False,2025-12-17 07:10:00,0.07,0.04868391159001653,0.0,2025-12-17 10:10:00,4311.2,停損,20.610000000000582,-20.680000000000582,-1.0033964095099466,2025-12
2025-12-17,6.0,77,1,4336.31,4331.6,4320.63,10.970000000000255,61.62200000000003,0.17802083671416458,False,2025-12-17 07:25:00,0.07,0.04868391159001653,0.0,2025-12-17 09:25:00,4320.63,停損,15.680000000000291,-15.750000000000291,-1.0044642857142856,2025-12
2025-12-17,7.0,100,-1,4320.89,4342.4,4328.03,14.36999999999989,61.62200000000003,0.2331959365161774,True,2025-12-17 09:20:00,0.07,0.03245594106001102,0.8181818181818182,2025-12-17 16:00:00,4342.4,停損,21.50999999999931,-21.57999999999931,-1.0032543003254302,2025-12
2025-12-17,6.5,105,-1,4316.15,4338.03,4320.63,17.399999999999636,61.62200000000003,0.28236668722208996,True,2025-12-17 09:45:00,0.07,0.03245594106001102,0.7941176470588235,2025-12-17 15:45:00,4338.03,停損,21.88000000000011,-21.95000000000011,-1.003199268738574,2025-12
2025-12-17,9.0,110,-1,4311.56,4328.8,4315.65,13.150000000000546,61.62200000000003,0.2133978124695813,True,2025-12-17 10:10:00,0.07,0.03245594106001102,0.75,2025-12-17 15:20:00,4328.8,停損,17.23999999999978,-17.309999999999782,-1.004060324825986,2025-12
2025-12-18,2.0,28,-1,4327.87,4342.99,4333.09,9.899999999999636,61.655000000000015,0.16057091882247398,False,2025-12-18 03:20:00,0.07,0.016219284729543423,0.3333333333333333,2025-12-18 15:55:00,4342.99,停損,15.11999999999989,-15.189999999999891,-1.0046296296296298,2025-12
2025-12-18,7.0,109,-1,4327.3,4337.47,4331.19,6.280000000000655,61.655000000000015,0.10185710810154332,False,2025-12-18 10:05:00,0.07,0.016219284729543423,0.08333333333333333,2025-12-18 15:45:00,4337.47,停損,10.170000000000073,-10.240000000000073,-1.0068829891838742,2025-12
2025-12-18,8.5,115,-1,4326.59,4336.18,4330.11,6.0700000000006185,61.655000000000015,0.09845105830833861,False,2025-12-18 10:35:00,0.07,0.016219284729543423,0.07894736842105263,2025-12-18 15:35:00,4336.18,停損,9.590000000000146,-9.660000000000146,-1.0072992700729926,2025-12
2025-12-18,9.5,131,-1,4321.53,4337.78,4325.02,12.759999999999309,61.655000000000015,0.20695807314896286,False,2025-12-18 11:55:00,0.07,0.016219284729543423,0.06976744186046512,2025-12-18 15:45:00,4337.78,停損,16.25,-16.32,-1.0043076923076923,2025-12
2025-12-19,2.0,29,-1,4317.87,4335.75,4325.76,9.989999999999782,63.74100000000008,0.1567280086600425,True,2025-12-19 03:25:00,0.07,0.0,0.3333333333333333,2025-12-19 16:40:00,4335.75,停損,17.88000000000011,-17.95000000000011,-1.0039149888143177,2025-12
2025-12-19,5.0,82,1,4326.62,4322.48,4312.75,9.729999999999563,63.74100000000008,0.1526490014276455,False,2025-12-19 07:50:00,0.07,0.015688489355359953,0.37037037037037035,2025-12-20 00:00:00,4338.53,收盤,13.86999999999989,11.839999999999854,0.8536409516943004,2025-12
2025-12-19,6.5,87,1,4327.22,4323.97,4317.33,6.640000000000327,63.74100000000008,0.10417156931959523,False,2025-12-19 08:15:00,0.07,0.015688489355359953,0.35714285714285715,2025-12-20 00:00:00,4338.53,收盤,9.890000000000327,11.23999999999949,1.1365015166834296,2025-12
2025-12-23,4.0,76,-1,4477.83,4497.79,4481.27,16.519999999999527,68.58500000000004,0.24086899467812958,False,2025-12-23 07:20:00,0.08,0.014580447619741919,0.56,2025-12-23 23:00:00,4497.79,停損,19.960000000000036,-20.040000000000035,-1.0040080160320641,2025-12
2025-12-23,6.0,84,-1,4475.29,4488.42,4478.99,9.430000000000291,68.58500000000004,0.13749362105417054,False,2025-12-23 08:00:00,0.08,0.014580447619741919,0.5185185185185185,2025-12-23 09:55:00,4488.42,停損,13.13000000000011,-13.21000000000011,-1.006092916984006,2025-12
2025-12-23,6.5,87,-1,4471.53,4487.0,4476.68,10.319999999999709,68.58500000000004,0.15047021943573236,False,2025-12-23 08:15:00,0.08,0.014580447619741919,0.5,2025-12-23 09:50:00,4487.0,停損,15.470000000000255,-15.550000000000255,-1.0051712992889463,2025-12
2025-12-23,10.0,123,-1,4481.46,4493.34,4484.98,8.360000000000582,68.58500000000004,0.12189254210105092,False,2025-12-23 11:15:00,0.08,0.014580447619741919,0.35,2025-12-23 14:00:00,4493.34,停損,11.88000000000011,-11.96000000000011,-1.0067340067340067,2025-12
2025-12-24,2.5,48,-1,4477.62,4525.83,4507.12,18.710000000000036,70.39700000000002,0.2657783712374111,False,2025-12-24 05:00:00,0.08,0.028410301575351214,0.6,2025-12-24 20:45:00,4479.57,收盤,48.210000000000036,-2.029999999999818,-0.04210744658784104,2025-12
2025-12-24,6.0,85,-1,4487.21,4501.49,4491.35,10.139999999999418,70.39700000000002,0.1440402289870224,False,2025-12-24 08:05:00,0.08,0.028410301575351214,0.32142857142857145,2025-12-24 20:45:00,4479.57,收盤,14.279999999999745,7.560000000000327,0.5294117647059147,2025-12
2025-12-24,8.5,108,-1,4483.85,4498.14,4487.48,10.660000000000764,70.39700000000002,0.15142690739663284,False,2025-12-24 10:00:00,0.08,0.028410301575351214,0.2571428571428571,2025-12-24 12:05:00,4498.14,停損,14.289999999999964,-14.369999999999964,-1.0055983205038488,2025-12
2025-12-24,6.5,109,-1,4481.43,4501.49,4485.26,16.229999999999563,70.39700000000002,0.2305495972839689,False,2025-12-24 10:05:00,0.08,0.028410301575351214,0.25,2025-12-24 20:45:00,4479.57,收盤,20.05999999999949,1.780000000000582,0.0887337986042187,2025-12
2025-12-24,9.0,133,1,4499.64,4495.04,4483.58,11.460000000000036,70.39700000000002,0.16279102802676299,True,2025-12-24 12:05:00,0.08,0.05682060315070243,0.36363636363636365,2025-12-24 12:35:00,4483.58,停損,16.0600000000004,-16.1400000000004,-1.004981320049813,2025-12
2025-12-26,2.0,25,1,4526.19,4517.91,4492.41,25.5,72.44400000000005,0.3519960245154876,False,2025-12-26 03:05:00,0.08,0.05521506266909609,0.0,2025-12-26 04:35:00,4492.41,停損,33.779999999999745,-33.859999999999744,-1.0023682652457075,2025-12
2025-12-26,5.5,88,1,4514.54,4510.21,4497.7,12.510000000000218,72.44400000000005,0.17268510849760105,False,2025-12-26 08:20:00,0.08,0.05521506266909609,0.0,2025-12-27 00:00:00,4531.13,收盤,16.840000000000146,16.510000000000147,0.9804038004750597,2025-12
2025-12-26,6.0,89,1,4516.44,4511.76,4500.64,11.11999999999989,72.44400000000005,0.15349787422008565,False,2025-12-26 08:25:00,0.08,0.05521506266909609,0.0,2025-12-27 00:00:00,4531.13,收盤,15.799999999999272,14.61000000000051,0.9246835443038722,2025-12
2025-12-26,4.5,90,1,4518.51,4513.56,4492.36,21.200000000000728,72.44400000000005,0.29263983214621936,False,2025-12-26 08:30:00,0.08,0.05521506266909609,0.0,2025-12-27 00:00:00,4531.13,收盤,26.150000000000546,12.53999999999989,0.4795411089866015,2025-12
2025-12-26,7.0,93,1,4518.65,4514.91,4506.08,8.829999999999927,72.44400000000005,0.12188725084202863,False,2025-12-26 08:45:00,0.08,0.05521506266909609,0.0,2025-12-26 13:15:00,4506.08,停損,12.569999999999709,-12.649999999999709,-1.0063643595863168,2025-12
2025-12-26,9.0,136,1,4522.99,4515.66,4507.28,8.38000000000011,72.44400000000005,0.11567555629175783,False,2025-12-26 12:20:00,0.08,0.05521506266909609,0.0,2025-12-26 13:10:00,4507.28,停損,15.710000000000036,-15.790000000000036,-1.005092297899427,2025-12
2025-12-30,2.0,25,-1,4327.89,4350.92,4334.69,16.230000000000473,86.40300000000016,0.1878406999757004,True,2025-12-30 03:05:00,0.08,0.011573672210455634,0.625,2025-12-30 03:50:00,4350.92,停損,23.029999999999745,-23.109999999999744,-1.003473729917499,2025-12
2025-12-30,2.5,35,1,4357.26,4349.43,4324.64,24.789999999999964,86.40300000000016,0.2869113340971947,False,2025-12-30 03:55:00,0.08,0.011573672210455634,0.09090909090909091,2025-12-31 00:00:00,4338.76,收盤,32.61999999999989,-18.58,-0.5695892090741894,2025-12
2025-12-30,3.0,53,1,4365.6,4360.33,4324.64,35.6899999999996,86.40300000000016,0.4130643611911569,False,2025-12-30 05:25:00,0.08,0.011573672210455634,0.058823529411764705,2025-12-31 00:00:00,4338.76,收盤,40.960000000000036,-26.920000000000144,-0.6572265625000029,2025-12
2025-12-30,3.5,54,1,4368.06,4361.86,4332.03,29.829999999999927,86.40300000000016,0.34524264203789073,False,2025-12-30 05:30:00,0.08,0.011573672210455634,0.058823529411764705,2025-12-31 00:00:00,4338.76,收盤,36.030000000000655,-29.38000000000018,-0.8154315847904425,2025-12
2025-12-30,4.0,77,1,4373.58,4364.93,4349.06,15.86999999999989,86.40300000000016,0.18367417797992963,False,2025-12-30 07:25:00,0.08,0.011573672210455634,0.04,2025-12-30 21:50:00,4349.06,停損,24.519999999999527,-24.599999999999525,-1.00326264274062,2025-12
2025-12-30,4.5,79,1,4376.67,4369.31,4349.06,20.25,86.40300000000016,0.2343668622617266,False,2025-12-30 07:35:00,0.08,0.011573672210455634,0.038461538461538464,2025-12-30 21:50:00,4349.06,停損,27.609999999999673,-27.68999999999967,-1.002897500905469,2025-12
2025-12-30,8.5,105,1,4376.93,4372.49,4359.32,13.170000000000073,86.40300000000016,0.15242526301170153,False,2025-12-30 09:45:00,0.08,0.011573672210455634,0.029411764705882353,2025-12-30 10:30:00,4359.32,停損,17.610000000000582,-17.69000000000058,-1.0045428733674047,2025-12
2025-12-30,6.5,106,1,4381.69,4376.3,4358.87,17.43000000000029,86.40300000000016,0.20172910662824506,False,2025-12-30 09:50:00,0.08,0.011573672210455634,0.02857142857142857,2025-12-30 10:30:00,4358.87,停損,22.81999999999971,-22.899999999999707,-1.0035056967572304,2025-12
2025-12-30,10.0,136,1,4378.3,4373.75,4350.23,23.520000000000437,86.40300000000016,0.27221277038992153,False,2025-12-30 12:20:00,0.08,0.011573672210455634,0.022222222222222223,2025-12-30 21:50:00,4350.23,停損,28.07000000000062,-28.150000000000617,-1.0028500178126112,2025-12
2025-12-30,10.5,138,1,4382.28,4376.46,4350.23,26.230000000000473,86.40300000000016,0.30357742208025673,False,2025-12-30 12:30:00,0.08,0.011573672210455634,0.022222222222222223,2025-12-30 21:50:00,4350.23,停損,32.05000000000018,-32.13000000000018,-1.0024960998439938,2025-12
2025-12-30,9.5,146,1,4389.23,4383.41,4352.04,31.36999999999989,86.40300000000016,0.36306609724199196,False,2025-12-30 13:10:00,0.08,0.011573672210455634,0.020833333333333332,2025-12-30 21:50:00,4352.04,停損,37.1899999999996,-37.2699999999996,-1.0021511158913685,2025-12
2025-12-31,2.0,26,1,4353.26,4346.72,4332.81,13.909999999999854,87.99100000000017,0.15808434953574602,True,2025-12-31 03:10:00,0.08,0.045459194690365974,0.25,2025-12-31 07:00:00,4332.81,停損,20.449999999999818,-20.529999999999816,-1.0039119804400978,2025-12
2025-12-31,2.5,32,1,4368.16,4360.88,4333.03,27.850000000000364,87.99100000000017,0.3165096430316772,True,2025-12-31 03:40:00,0.08,0.045459194690365974,0.2,2025-12-31 07:00:00,4333.03,停損,35.13000000000011,-35.21000000000011,-1.0022772559066324,2025-12
2025-12-31,3.5,48,-1,4348.82,4373.34,4354.6,18.73999999999978,87.99100000000017,0.2129763271243621,False,2025-12-31 05:00:00,0.08,0.022729597345182987,0.7333333333333333,2026-01-01 00:00:00,4318.73,收盤,24.520000000000437,30.010000000000147,1.223898858075025,2025-12
2025-12-31,4.0,71,-1,4340.1,4371.24,4347.04,24.199999999999818,87.99100000000017,0.27502812787671205,False,2025-12-31 06:55:00,0.08,0.022729597345182987,0.4782608695652174,2026-01-01 00:00:00,4318.73,收盤,31.139999999999418,21.290000000000802,0.6836865767501991,2025-12
2025-12-31,4.5,72,-1,4332.96,4371.24,4340.88,30.359999999999673,87.99100000000017,0.345035287699874,False,2025-12-31 07:00:00,0.08,0.022729597345182987,0.4782608695652174,2026-01-01 00:00:00,4318.73,收盤,38.279999999999745,14.150000000000473,0.36964472309301377,2025-12
2025-12-31,6.0,81,-1,4324.9,4351.4,4330.91,20.48999999999978,87.99100000000017,0.23286472480139722,False,2025-12-31 07:45:00,0.08,0.022729597345182987,0.4230769230769231,2025-12-31 17:00:00,4351.4,停損,26.5,-26.58,-1.0030188679245282,2025-12
2025-12-31,9.0,117,-1,4317.36,4334.98,4323.8,11.179999999999382,87.99100000000017,0.12705844915956585,False,2025-12-31 10:45:00,0.08,0.022729597345182987,0.2894736842105263,2025-12-31 11:45:00,4334.98,停損,17.61999999999989,-17.69999999999989,-1.0045402951191826,2025-12
2025-12-31,9.5,118,-1,4314.75,4334.71,4320.24,14.470000000000255,87.99100000000017,0.1644486367924018,False,2025-12-31 10:50:00,0.08,0.022729597345182987,0.28205128205128205,2025-12-31 11:45:00,4334.71,停損,19.960000000000036,-20.040000000000035,-1.0040080160320641,2025-12
2025-12-31,10.5,129,1,4336.34,4327.5,4303.48,24.020000000000437,87.99100000000017,0.27298246411565263,True,2025-12-31 11:45:00,0.08,0.022729597345182987,0.6666666666666666,2025-12-31 14:30:00,4303.48,停損,32.86000000000058,-32.94000000000058,-1.0024345709068776,2025-12
2026-01-02,3.5,47,1,4359.26,4354.56,4345.11,9.450000000000728,91.52400000000016,0.10325160613610322,False,2026-01-02 04:55:00,0.08,0.043704383549669955,0.0,2026-01-02 17:05:00,4345.11,停損,14.150000000000546,-14.230000000000546,-1.0056537102473495,2026-01
2026-01-02,2.0,48,1,4363.04,4356.09,4341.49,14.600000000000364,91.52400000000016,0.15952099995629931,False,2026-01-02 05:00:00,0.08,0.043704383549669955,0.0,2026-01-02 17:10:00,4341.49,停損,21.550000000000182,-21.63000000000018,-1.0037122969837586,2026-01
2026-01-02,4.0,51,1,4369.09,4363.24,4345.11,18.13000000000011,91.52400000000016,0.19809011843888027,False,2026-01-02 05:15:00,0.08,0.043704383549669955,0.0,2026-01-02 17:05:00,4345.11,停損,23.980000000000473,-24.06000000000047,-1.0033361134278564,2026-01
2026-01-02,4.5,61,1,4377.61,4371.91,4345.94,25.970000000000255,91.52400000000016,0.283750710196235,False,2026-01-02 06:05:00,0.08,0.043704383549669955,0.0,2026-01-02 17:05:00,4345.94,停損,31.670000000000073,-31.75000000000007,-1.0025260498894852,2026-01
2026-01-02,5.0,83,1,4381.29,4375.7,4362.28,13.420000000000073,91.52400000000016,0.1466282068091435,False,2026-01-02 07:55:00,0.08,0.043704383549669955,0.0,2026-01-02 16:00:00,4362.28,停損,19.01000000000022,-19.090000000000217,-1.0042083114150446,2026-01
2026-01-02,6.5,110,1,4385.98,4380.15,4371.19,8.960000000000036,91.52400000000016,0.0978978191512611,False,2026-01-02 10:10:00,0.08,0.043704383549669955,0.0,2026-01-02 15:35:00,4371.19,停損,14.789999999999964,-14.869999999999964,-1.0054090601757946,2026-01
2026-01-02,7.0,115,1,4388.81,4381.78,4371.19,10.590000000000146,91.52400000000016,0.1157073554477528,False,2026-01-02 10:35:00,0.08,0.043704383549669955,0.0,2026-01-02 15:35:00,4371.19,停損,17.6200000000008,-17.7000000000008,-1.0045402951191824,2026-01
2026-01-02,9.5,118,1,4395.02,4386.68,4372.26,14.420000000000073,91.52400000000016,0.15755430269656098,False,2026-01-02 10:50:00,0.08,0.043704383549669955,0.0,2026-01-02 15:35:00,4372.26,停損,22.76000000000022,-22.840000000000217,-1.0035149384885764,2026-01
2026-01-06,2.5,36,1,4450.68,4444.78,4428.11,16.670000000000073,101.69900000000025,0.16391508274417674,True,2026-01-06 04:00:00,0.08,0.019665876753950335,0.7272727272727273,2026-01-07 00:00:00,4494.62,收盤,22.57000000000062,43.8599999999996,1.943287549844856,2026-01
2026-01-06,3.0,38,1,4457.44,4452.34,4428.11,24.230000000000473,101.69900000000025,0.23825209687411295,True,2026-01-06 04:10:00,0.08,0.019665876753950335,0.6666666666666666,2026-01-07 00:00:00,4494.62,收盤,29.329999999999927,37.10000000000029,1.2649164677804428,2026-01
2026-01-06,3.5,53,1,4467.7,4460.72,4432.79,27.93000000000029,101.69900000000025,0.2746339688689193,True,2026-01-06 05:25:00,0.08,0.019665876753950335,0.47058823529411764,2026-01-07 00:00:00,4494.62,收盤,34.909999999999854,26.840000000000074,0.7688341449441474,2026-01
2026-01-07,2.0,26,-1,4475.95,4494.72,4482.64,12.079999999999927,103.90600000000032,0.11625892633726533,False,2026-01-07 03:10:00,0.08,0.009624083306065068,0.125,2026-01-08 00:00:00,4455.76,收盤,18.770000000000437,20.1099999999996,1.071390516782053,2026-01
2026-01-07,4.5,66,-1,4466.25,4480.36,4472.03,8.329999999999927,103.90600000000032,0.08016861393952131,False,2026-01-07 06:30:00,0.08,0.009624083306065068,0.047619047619047616,2026-01-08 00:00:00,4455.76,收盤,14.109999999999673,10.409999999999782,0.7377746279234602,2026-01
2026-01-07,4.0,79,-1,4453.85,4478.78,4459.78,19.0,103.90600000000032,0.18285758281523629,False,2026-01-07 07:35:00,0.08,0.009624083306065068,0.038461538461538464,2026-01-08 00:00:00,4455.76,收盤,24.92999999999938,-1.9899999999998546,-0.07982350581628174,2026-01
2026-01-07,9.0,116,1,4471.46,4465.0,4441.78,23.220000000000255,103.90600000000032,0.22347121436683332,True,2026-01-07 10:40:00,0.08,0.0,0.8157894736842105,2026-01-07 14:20:00,4441.78,停損,29.68000000000029,-29.76000000000029,-1.0026954177897573,2026-01
2026-01-07,10.0,152,-1,4451.73,4474.83,4459.41,15.420000000000073,103.90600000000032,0.14840336457952405,False,2026-01-07 13:40:00,0.08,0.009624083306065068,0.02,2026-01-08 00:00:00,4455.76,收盤,23.100000000000364,-4.110000000000655,-0.17792207792210346,2026-01
2026-01-08,2.0,42,-1,4441.27,4466.45,4446.82,19.63000000000011,100.48800000000037,0.1953467080646449,True,2026-01-08 04:30:00,0.08,0.009951436987500959,0.38461538461538464,2026-01-08 22:30:00,4466.45,停損,25.17999999999938,-25.25999999999938,-1.0031771247021446,2026-01
2026-01-08,2.5,43,-1,4437.13,4460.38,4444.67,15.710000000000036,100.48800000000037,0.15633707507364042,True,2026-01-08 04:35:00,0.08,0.009951436987500959,0.35714285714285715,2026-01-08 18:35:00,4460.38,停損,23.25,-23.33,-1.0034408602150537,2026-01
2026-01-08,3.0,66,-1,4436.73,4460.38,4441.96,18.420000000000073,100.48800000000037,0.18330546930976838,True,2026-01-08 06:30:00,0.08,0.009951436987500959,0.23809523809523808,2026-01-08 18:35:00,4460.38,停損,23.650000000000546,-23.730000000000544,-1.00338266384778,2026-01
2026-01-08,3.5,68,-1,4434.75,4457.57,4440.43,17.139999999999418,100.48800000000037,0.17056762996576064,True,2026-01-08 06:40:00,0.08,0.009951436987500959,0.22727272727272727,2026-01-08 18:05:00,4457.57,停損,22.81999999999971,-22.899999999999707,-1.0035056967572304,2026-01
2026-01-08,4.0,74,-1,4427.89,4449.69,4433.53,16.159999999999854,100.48800000000037,0.16081522171801405,True,2026-01-08 07:10:00,0.08,0.009951436987500959,0.20833333333333334,2026-01-08 17:20:00,4449.69,停損,21.799999999999272,-21.87999999999927,-1.0036697247706423,2026-01
2026-01-08,7.0,98,1,4437.77,4432.44,4415.79,16.649999999999636,100.48800000000037,0.16569142584188734,False,2026-01-08 09:10:00,0.08,0.0,0.8125,2026-01-08 14:05:00,4415.79,停損,21.980000000000473,-22.06000000000047,-1.0036396724294812,2026-01
2026-01-08,10.5,159,-1,4412.4,4435.5,4419.99,15.510000000000218,100.48800000000037,0.15434678767614204,True,2026-01-08 14:15:00,0.08,0.009951436987500959,0.09615384615384616,2026-01-08 15:30:00,4435.5,停損,23.100000000000364,-23.180000000000362,-1.0034632034632034,2026-01
2026-01-09,2.0,28,-1,4453.49,4476.65,4460.06,16.589999999999236,100.73000000000039,0.164697706740784,False,2026-01-09 03:20:00,0.08,0.059565174228134385,0.0,2026-01-09 08:50:00,4476.65,停損,23.159999999999854,-23.239999999999853,-1.003454231433506,2026-01
2026-01-09,2.5,37,1,4475.52,4468.74,4452.95,15.789999999999964,100.73000000000039,0.1567556835103733,True,2026-01-09 04:05:00,0.08,0.009927529038022399,0.6666666666666666,2026-01-10 00:00:00,4509.52,收盤,22.57000000000062,33.92,1.5028799291093962,2026-01
2026-01-09,4.0,77,-1,4458.78,4476.56,4465.75,10.8100000000004,100.73000000000039,0.10731658890102609,False,2026-01-09 07:25:00,0.08,0.059565174228134385,0.0,2026-01-09 08:50:00,4476.56,停損,17.780000000000655,-17.860000000000653,-1.0044994375703034,2026-01
2026-01-13,3.5,51,1,4597.96,4590.6,4575.71,14.890000000000327,104.45600000000022,0.14254805851267804,True,2026-01-13 05:15:00,0.08,0.009573408899440894,0.625,2026-01-13 08:45:00,4575.71,停損,22.25,-22.33,-1.0035955056179775,2026-01
2026-01-13,4.0,78,1,4601.41,4595.16,4576.79,18.36999999999989,104.45600000000022,0.17586352148272816,True,2026-01-13 07:30:00,0.08,0.009573408899440894,0.4,2026-01-13 08:45:00,4576.79,停損,24.61999999999989,-24.69999999999989,-1.0032493907392364,2026-01
2026-01-13,6.0,88,-1,4588.75,4599.91,4594.04,5.869999999999891,104.45600000000022,0.056195910239717,False,2026-01-13 08:20:00,0.08,0.05744045339664536,0.0,2026-01-13 15:15:00,4599.91,停損,11.159999999999854,-11.239999999999855,-1.007168458781362,2026-01
2026-01-13,5.0,89,-1,4586.84,4599.69,4592.58,7.109999999999673,104.45600000000022,0.06806693727502161,False,2026-01-13 08:25:00,0.08,0.05744045339664536,0.0,2026-01-13 15:15:00,4599.69,停損,12.849999999999454,-12.929999999999454,-1.0062256809338523,2026-01
2026-01-13,6.5,90,-1,4584.89,4601.62,4591.96,9.659999999999854,104.45600000000022,0.09247912996859764,False,2026-01-13 08:30:00,0.08,0.05744045339664536,0.0,2026-01-13 15:15:00,4601.62,停損,16.729999999999563,-16.80999999999956,-1.0047818290496116,2026-01
2026-01-13,7.0,92,-1,4577.95,4602.24,4585.75,16.48999999999978,104.45600000000022,0.15786551275177824,False,2026-01-13 08:40:00,0.08,0.05744045339664536,0.0,2026-01-13 15:15:00,4602.24,停損,24.289999999999964,-24.369999999999962,-1.0032935364347468,2026-01
2026-01-13,7.5,93,-1,4575.98,4602.24,4582.55,19.6899999999996,104.45600000000022,0.18850042122998736,False,2026-01-13 08:45:00,0.08,0.05744045339664536,0.0,2026-01-13 15:15:00,4602.24,停損,26.26000000000022,-26.340000000000217,-1.003046458492003,2026-01
2026-01-13,10.5,161,-1,4579.82,4597.09,4588.11,8.980000000000473,104.45600000000022,0.08596921191698374,False,2026-01-13 14:25:00,0.08,0.05744045339664536,0.0,2026-01-13 15:10:00,4597.09,停損,17.270000000000437,-17.350000000000435,-1.0046323103647943,2026-01
2026-01-15,9.0,140,1,4618.0,4613.61,4599.29,14.319999999999709,83.82700000000014,0.17082801484008356,True,2026-01-15 12:40:00,0.09,0.0,0.5434782608695652,2026-01-15 15:35:00,4599.29,停損,18.710000000000036,-18.800000000000036,-1.0048102618920363,2026-01
2026-01-16,2.0,47,-1,4592.59,4611.39,4598.6,12.789999999999964,79.08200000000006,0.16173086163728728,True,2026-01-16 04:55:00,0.09,0.06322551275890842,0.0,2026-01-16 07:50:00,4611.39,停損,18.800000000000182,-18.89000000000018,-1.0047872340425532,2026-01
2026-01-16,4.5,81,1,4607.0,4601.09,4591.44,9.650000000000546,79.08200000000006,0.12202523962470016,False,2026-01-16 07:45:00,0.09,0.0,0.5384615384615384,2026-01-16 15:20:00,4591.44,停損,15.5600000000004,-15.6500000000004,-1.005784061696658,2026-01
2026-01-16,4.0,82,1,4611.64,4604.28,4591.44,12.840000000000146,79.08200000000006,0.16236311676487866,False,2026-01-16 07:50:00,0.09,0.0,0.5185185185185185,2026-01-16 15:20:00,4591.44,停損,20.200000000000728,-20.290000000000727,-1.0044554455445542,2026-01
2026-01-16,10.5,151,1,4613.15,4609.07,4599.76,9.30999999999949,79.08200000000006,0.11772590475708104,False,2026-01-16 13:35:00,0.09,0.0,0.28,2026-01-16 14:55:00,4599.76,停損,13.389999999999418,-13.479999999999418,-1.0067214339059003,2026-01
2026-01-16,10.0,153,1,4615.57,4610.63,4601.36,9.270000000000437,79.08200000000006,0.11722010065502174,False,2026-01-16 13:45:00,0.09,0.0,0.28,2026-01-16 14:55:00,4601.36,停損,14.210000000000036,-14.300000000000036,-1.0063335679099226,2026-01
2026-01-20,2.5,58,1,4677.9,4673.44,4659.62,13.819999999999709,75.47699999999995,0.18310213707486675,True,2026-01-20 05:50:00,0.08,0.0,0.2631578947368421,2026-01-21 00:00:00,4763.17,收盤,18.279999999999745,85.19000000000044,4.6602844638950565,2026-01
2026-01-20,3.0,59,1,4680.24,4676.08,4660.11,15.970000000000255,75.47699999999995,0.21158763596857674,True,2026-01-20 05:55:00,0.08,0.0,0.2631578947368421,2026-01-21 00:00:00,4763.17,收盤,20.13000000000011,82.85000000000029,4.115747640337797,2026-01
2026-01-20,5.0,66,1,4685.95,4681.47,4666.15,15.320000000000618,75.47699999999995,0.2029757409542063,True,2026-01-20 06:30:00,0.13,0.0,0.23809523809523808,2026-01-21 00:00:00,4763.17,收盤,19.800000000000182,77.09000000000026,3.8934343434343206,2026-01
2026-01-20,5.5,70,1,4693.2,4687.21,4672.78,14.430000000000291,75.47699999999995,0.19118406931913431,True,2026-01-20 06:50:00,0.08,0.0,0.21739130434782608,2026-01-21 00:00:00,4763.17,收盤,20.420000000000073,69.89000000000026,3.422624877571009,2026-01
2026-01-20,6.0,79,1,4704.8,4697.07,4679.69,17.38000000000011,75.47699999999995,0.23026882361514264,True,2026-01-20 07:35:00,0.11,0.0,0.19230769230769232,2026-01-21 00:00:00,4763.17,收盤,25.110000000000582,58.25999999999989,2.320191158900778,2026-01
2026-01-20,6.5,82,1,4707.64,4701.53,4684.42,17.109999999999673,75.47699999999995,0.2266915749168579,True,2026-01-20 07:50:00,0.08,0.0,0.18518518518518517,2026-01-21 00:00:00,4763.17,收盤,23.220000000000255,55.44999999999975,2.38802756244613,2026-01
2026-01-20,7.0,106,1,4720.72,4716.67,4694.19,22.480000000000473,75.47699999999995,0.29783907680486094,True,2026-01-20 09:50:00,0.08,0.0,0.14285714285714285,2026-01-21 00:00:00,4763.17,收盤,26.530000000000655,42.36999999999982,1.5970599321522343,2026-01
2026-01-20,7.5,110,1,4724.59,4717.04,4694.19,22.850000000000364,75.47699999999995,0.30274123242842693,True,2026-01-20 10:10:00,0.08,0.0,0.1388888888888889,2026-01-21 00:00:00,4763.17,收盤,30.400000000000546,38.49999999999993,1.2664473684210276,2026-01
2026-01-20,8.5,119,1,4728.39,4722.07,4705.73,16.340000000000146,75.47699999999995,0.21648979159214274,True,2026-01-20 10:55:00,0.09,0.0,0.1282051282051282,2026-01-21 00:00:00,4763.17,收盤,22.660000000000764,34.68999999999974,1.5308914386583659,2026-01
2026-01-20,9.5,126,1,4733.61,4725.7,4714.92,10.779999999999745,75.47699999999995,0.14282496654609686,True,2026-01-20 11:30:00,0.09,0.0,0.12195121951219512,2026-01-21 00:00:00,4763.17,收盤,18.6899999999996,29.4700000000004,1.5767790262172836,2026-01
2026-01-20,10.0,130,1,4736.29,4731.66,4715.03,16.63000000000011,75.47699999999995,0.2203320216754789,True,2026-01-20 11:50:00,0.09,0.0,0.11627906976744186,2026-01-20 15:35:00,4715.03,停損,21.26000000000022,-21.350000000000218,-1.004233301975541,2026-01
2026-01-21,2.0,25,1,4792.6,4787.82,4770.77,17.049999999999272,79.22799999999998,0.2152016963699611,True,2026-01-21 03:05:00,0.12,0.0,0.0,2026-01-21 21:45:00,4770.77,停損,21.829999999999927,-21.94999999999993,-1.005497022446175,2026-01
2026-01-21,2.5,35,1,4843.91,4827.63,4776.67,50.960000000000036,79.22799999999998,0.6432069470389262,True,2026-01-21 03:55:00,0.09,0.0,0.0,2026-01-21 21:40:00,4776.67,停損,67.23999999999978,-67.32999999999979,-1.0013384889946462,2026-01
2026-01-21,3.0,64,1,4850.24,4844.15,4783.49,60.659999999999854,79.22799999999998,0.7656384106628953,True,2026-01-21 06:20:00,0.09,0.0,0.0,2026-01-21 21:40:00,4783.49,停損,66.75,-66.84,-1.0013483146067417,2026-01
2026-01-21,4.5,67,1,4854.15,4849.74,4822.13,27.609999999999673,79.22799999999998,0.348487908315238,True,2026-01-21 06:35:00,0.09,0.0,0.0,2026-01-21 17:25:00,4822.13,停損,32.01999999999953,-32.10999999999953,-1.0028107432854467,2026-01
2026-01-21,5.5,68,1,4859.6,4854.17,4831.75,22.420000000000073,79.22799999999998,0.2829807643762316,True,2026-01-21 06:40:00,0.1,0.0,0.0,2026-01-21 17:20:00,4831.75,停損,27.850000000000364,-27.950000000000365,-1.0035906642728905,2026-01
2026-01-21,6.0,79,1,4876.25,4870.86,4837.92,32.9399999999996,79.22799999999998,0.41576210430655336,True,2026-01-21 07:35:00,0.11,0.0,0.0,2026-01-21 09:05:00,4837.92,停損,38.32999999999993,-38.43999999999993,-1.0028698147665014,2026-01
2026-01-21,6.5,89,1,4879.5,4874.13,4849.88,24.25,79.22799999999998,0.30607865905992837,True,2026-01-21 08:25:00,0.09,0.0,0.0,2026-01-21 09:00:00,4849.88,停損,29.61999999999989,-29.70999999999989,-1.0030384875084402,2026-01
2026-01-21,7.0,90,1,4884.0,4878.23,4858.97,19.25999999999931,79.22799999999998,0.24309587519562925,True,2026-01-21 08:30:00,0.09,0.0,0.0,2026-01-21 08:50:00,4858.97,停損,25.029999999999745,-25.119999999999745,-1.0035956851777867,2026-01
2026-01-21,9.0,112,1,4865.33,4857.18,4832.62,24.5600000000004,79.22799999999998,0.30999141717575107,True,2026-01-21 10:20:00,0.09,0.0,0.0,2026-01-21 17:20:00,4832.62,停損,32.710000000000036,-32.80000000000004,-1.0027514521553043,2026-01
2026-01-21,9.5,126,1,4875.71,4869.57,4838.91,30.659999999999854,79.22799999999998,0.3869843994547365,True,2026-01-21 11:30:00,0.09,0.0,0.0,2026-01-21 17:20:00,4838.91,停損,36.80000000000018,-36.890000000000185,-1.0024456521739131,2026-01
2026-01-22,4.5,73,1,4800.33,4795.97,4774.57,21.400000000000546,84.79199999999992,0.2523823002170083,True,2026-01-22 07:05:00,0.1,0.02358713086140204,0.3333333333333333,2026-01-23 00:00:00,4936.2,收盤,25.76000000000022,135.7699999999999,5.270574534161442,2026-01
2026-01-22,4.0,82,1,4807.85,4798.38,4774.57,23.8100000000004,84.79199999999992,0.28080479290499605,True,2026-01-22 07:50:00,0.1,0.02358713086140204,0.2962962962962963,2026-01-23 00:00:00,4936.2,收盤,33.280000000000655,128.24999999999946,3.8536658653845235,2026-01
2026-01-22,7.0,89,1,4827.52,4821.72,4793.72,28.0,84.79199999999992,0.33021983205962857,True,2026-01-22 08:25:00,0.1,0.02358713086140204,0.27586206896551724,2026-01-23 00:00:00,4936.2,收盤,33.80000000000018,108.57999999999939,3.212426035502923,2026-01
2026-01-22,7.5,98,1,4834.38,4829.24,4795.25,33.98999999999978,84.79199999999992,0.4008632889895251,True,2026-01-22 09:10:00,0.1,0.02358713086140204,0.25,2026-01-23 00:00:00,4936.2,收盤,39.13000000000011,101.71999999999971,2.5995399948888176,2026-01
2026-01-22,9.0,128,-1,4820.64,4838.55,4825.78,12.770000000000437,84.79199999999992,0.1506038305500572,False,2026-01-22 11:40:00,0.1,0.0,0.8095238095238095,2026-01-22 16:35:00,4838.55,停損,17.909999999999854,-18.009999999999856,-1.0055834729201565,2026-01
2026-01-22,8.5,129,-1,4816.33,4838.12,4821.45,16.670000000000073,84.79199999999992,0.1965987357297869,False,2026-01-22 11:45:00,0.1,0.0,0.8095238095238095,2026-01-22 16:35:00,4838.12,停損,21.789999999999964,-21.889999999999965,-1.0045892611289584,2026-01
2026-01-23,2.0,52,-1,4939.35,4965.73,4947.49,18.23999999999978,94.45499999999993,0.19310782912497798,False,2026-01-23 05:20:00,0.1,0.021174104070721525,0.47058823529411764,2026-01-23 07:50:00,4965.73,停損,26.3799999999992,-26.4799999999992,-1.0037907505686128,2026-01
2026-01-23,5.0,82,1,4966.59,4959.0,4938.16,20.840000000000146,94.45499999999993,0.22063416441691983,True,2026-01-23 07:50:00,0.1,0.06352231221216458,0.07407407407407407,2026-01-23 10:20:00,4938.16,停損,28.43000000000029,-28.530000000000292,-1.0035174111853675,2026-01
2026-01-23,7.0,105,-1,4946.3,4967.22,4954.54,12.680000000000291,94.45499999999993,0.13424381980837755,False,2026-01-23 09:45:00,0.1,0.0,0.23529411764705882,2026-01-23 18:10:00,4967.22,停損,20.920000000000073,-21.020000000000074,-1.0047801147227533,2026-01
2026-01-23,8.5,106,-1,4944.13,4959.61,4950.28,9.329999999999927,94.45499999999993,0.09877719548991513,False,2026-01-23 09:50:00,0.1,0.0,0.22857142857142856,2026-01-23 17:45:00,4959.61,停損,15.479999999999563,-15.579999999999563,-1.0064599483204135,2026-01
2026-01-23,7.5,112,-1,4939.13,4967.22,4945.54,21.68000000000029,94.45499999999993,0.2295272881266244,False,2026-01-23 10:20:00,0.1,0.0,0.21621621621621623,2026-01-23 18:10:00,4967.22,停損,28.090000000000146,-28.190000000000147,-1.003559985760057,2026-01
2026-01-23,9.0,113,-1,4920.92,4959.61,4943.34,16.269999999999527,94.45499999999993,0.17225133661531458,False,2026-01-23 10:25:00,0.1,0.0,0.21621621621621623,2026-01-23 17:45:00,4959.61,停損,38.6899999999996,-38.7899999999996,-1.0025846471956579,2026-01
2026-01-23,10.5,158,1,4933.79,4926.31,4899.67,26.640000000000327,94.45499999999993,0.2820390662220142,True,2026-01-23 14:10:00,0.1,0.021174104070721525,0.7884615384615384,2026-01-24 00:00:00,4987.1,收盤,34.11999999999989,53.2100000000004,1.5594958968347177,2026-01
2026-01-27,2.0,27,1,5071.48,5054.07,5013.82,40.25,97.36799999999994,0.41338016596828553,True,2026-01-27 03:15:00,0.1,0.010270314682441876,0.0,2026-01-28 00:00:00,5180.95,收盤,57.659999999999854,109.37000000000026,1.896808879639274,2026-01
2026-01-27,3.5,45,1,5079.15,5070.44,5049.63,20.80999999999949,97.36799999999994,0.2137252485416102,True,2026-01-27 04:45:00,0.1,0.010270314682441876,0.0,2026-01-27 16:20:00,5049.63,停損,29.519999999999527,-29.61999999999953,-1.0033875338753389,2026-01
2026-01-27,6.5,84,1,5083.06,5075.33,5057.38,17.949999999999818,97.36799999999994,0.18435214854982981,True,2026-01-27 08:00:00,0.1,0.010270314682441876,0.0,2026-01-27 16:15:00,5057.38,停損,25.68000000000029,-25.780000000000292,-1.0038940809968848,2026-01
2026-01-27,6.0,85,1,5083.8,5078.74,5061.62,17.11999999999989,97.36799999999994,0.1758277873634038,True,2026-01-27 08:05:00,0.1,0.010270314682441876,0.0,2026-01-27 16:10:00,5061.62,停損,22.18000000000029,-22.280000000000292,-1.0045085662759243,2026-01
2026-01-27,4.5,89,1,5087.42,5079.82,5060.44,19.38000000000011,97.36799999999994,0.1990386985457247,True,2026-01-27 08:25:00,0.1,0.010270314682441876,0.0,2026-01-27 16:10:00,5060.44,停損,26.980000000000473,-27.080000000000474,-1.0037064492216456,2026-01
2026-01-27,7.0,98,1,5093.51,5085.29,5057.38,27.909999999999854,97.36799999999994,0.28664448278695126,True,2026-01-27 09:10:00,0.1,0.010270314682441876,0.0,2026-01-27 16:15:00,5057.38,停損,36.13000000000011,-36.23000000000011,-1.0027677830058124,2026-01
2026-01-27,10.0,131,1,5095.46,5088.32,5073.37,14.949999999999818,97.36799999999994,0.1535412045025042,True,2026-01-27 11:55:00,0.1,0.010270314682441876,0.0,2026-01-27 13:55:00,5073.37,停損,22.090000000000146,-22.190000000000147,-1.0045269352648258,2026-01
2026-01-28,2.0,25,1,5186.33,5180.13,5157.41,22.720000000000255,109.05,0.20834479596515593,True,2026-01-28 03:05:00,0.1,0.018340210912425492,0.5,2026-01-29 00:00:00,5417.42,收盤,28.920000000000073,230.99000000000015,7.9872060857537885,2026-01
2026-01-28,2.5,33,1,5215.5,5202.46,5163.05,39.409999999999854,109.05,0.361393856029343,True,2026-01-28 03:45:00,0.1,0.018340210912425492,0.4,2026-01-29 00:00:00,5417.42,收盤,52.44999999999982,201.82000000000008,3.8478551000953436,2026-01
2026-01-28,3.0,47,1,5234.58,5225.21,5168.71,56.5,109.05,0.5181109582760202,True,2026-01-28 04:55:00,0.1,0.018340210912425492,0.26666666666666666,2026-01-29 00:00:00,5417.42,收盤,65.86999999999989,182.74000000000015,2.7742523151662435,2026-01
2026-01-28,4.0,50,1,5245.03,5234.62,5201.65,32.970000000000255,109.05,0.3023383768913366,True,2026-01-28 05:10:00,0.1,0.018340210912425492,0.25,2026-01-29 00:00:00,5417.42,收盤,43.38000000000011,172.29000000000033,3.9716459197786977,2026-01
2026-01-28,4.5,74,1,5253.87,5247.58,5216.67,30.909999999999854,109.05,0.2834479596515347,True,2026-01-28 07:10:00,0.1,0.018340210912425492,0.16666666666666666,2026-01-29 00:00:00,5417.42,收盤,37.19999999999982,163.4500000000002,4.393817204301102,2026-01
2026-01-28,6.0,76,1,5257.7,5248.92,5232.31,16.609999999999673,109.05,0.15231545162769072,True,2026-01-28 07:20:00,0.1,0.018340210912425492,0.16,2026-01-29 00:00:00,5417.42,收盤,25.389999999999418,159.62000000000026,6.2867270578969645,2026-01
2026-01-28,6.5,96,1,5269.92,5261.94,5233.76,28.17999999999938,109.05,0.25841357175606955,True,2026-01-28 09:00:00,0.1,0.018340210912425492,0.12903225806451613,2026-01-29 00:00:00,5417.42,收盤,36.159999999999854,147.4,4.076327433628335,2026-01
2026-01-28,7.0,98,1,5272.53,5266.4,5241.66,24.73999999999978,109.05,0.22686840898670135,True,2026-01-28 09:10:00,0.1,0.018340210912425492,0.125,2026-01-28 13:10:00,5241.66,停損,30.86999999999989,-30.969999999999892,-1.003239390994493,2026-01
2026-01-28,8.0,100,1,5280.17,5271.48,5252.06,19.419999999999163,109.05,0.17808344795964387,True,2026-01-28 09:20:00,0.1,0.018340210912425492,0.12121212121212122,2026-01-28 13:05:00,5252.06,停損,28.109999999999673,-28.209999999999674,-1.0035574528637496,2026-01
2026-01-28,8.5,107,1,5290.28,5284.15,5255.15,29.0,109.05,0.26593305823016966,True,2026-01-28 09:55:00,0.1,0.018340210912425492,0.11428571428571428,2026-01-28 13:05:00,5255.15,停損,35.13000000000011,-35.23000000000011,-1.0028465698832907,2026-01
2026-01-28,9.0,114,1,5299.32,5292.86,5263.0,29.859999999999673,109.05,0.2738193489225096,True,2026-01-28 10:30:00,0.1,0.018340210912425492,0.10810810810810811,2026-01-28 13:05:00,5263.0,停損,36.31999999999971,-36.41999999999971,-1.0027533039647578,2026-01
2026-01-29,8.0,102,-1,5541.59,5595.46,5554.71,40.75,129.433,0.31483470212387876,False,2026-01-29 09:30:00,0.1,0.023178014880285553,0.06060606060606061,2026-01-30 00:00:00,5377.9,收盤,53.86999999999989,163.59000000000052,3.0367551512901585,2026-01
2026-01-29,7.5,109,-1,5533.58,5595.46,5541.26,54.19999999999982,129.433,0.41874946883715763,False,2026-01-29 10:05:00,0.1,0.023178014880285553,0.05555555555555555,2026-01-30 00:00:00,5377.9,收盤,61.88000000000011,155.5800000000003,2.514221073044603,2026-01
2026-01-29,8.5,110,-1,5529.44,5587.89,5536.97,50.92000000000007,129.433,0.3934081725680474,False,2026-01-29 10:10:00,0.1,0.023178014880285553,0.05555555555555555,2026-01-30 00:00:00,5377.9,收盤,58.45000000000073,151.43999999999997,2.590932420872508,2026-01
2026-01-29,9.5,116,-1,5511.79,5557.84,5523.1,34.73999999999978,129.433,0.268401412313705,False,2026-01-29 10:40:00,0.1,0.023178014880285553,0.05263157894736842,2026-01-30 00:00:00,5377.9,收盤,46.05000000000018,133.79000000000033,2.9053203040173683,2026-01
2026-01-30,2.0,26,-1,5366.73,5450.95,5390.08,60.86999999999989,173.88199999999998,0.35006498660010754,True,2026-01-30 03:10:00,0.1,0.0,0.5,2026-01-31 00:00:00,4885.55,收盤,84.22000000000025,481.07999999999936,5.712182379482283,2026-01
2026-01-30,2.5,38,-1,5273.21,5436.44,5302.02,134.41999999999916,173.88199999999998,0.773052989958703,True,2026-01-30 04:10:00,0.1,0.0,0.3333333333333333,2026-01-31 00:00:00,4885.55,收盤,163.22999999999956,387.55999999999983,2.3743184463640317,2026-01
2026-01-30,6.0,84,-1,5184.89,5230.46,5193.67,36.789999999999964,173.88199999999998,0.2115802670776732,True,2026-01-30 08:00:00,0.1,0.0,0.14814814814814814,2026-01-31 00:00:00,4885.55,收盤,45.56999999999971,299.2400000000001,6.566600833881984,2026-01
2026-01-30,7.0,90,-1,5157.18,5241.09,5180.04,61.05000000000018,173.88199999999998,0.3511001713805925,True,2026-01-30 08:30:00,0.1,0.0,0.13793103448275862,2026-01-31 00:00:00,4885.55,收盤,83.90999999999985,271.5300000000001,3.2359671076153087,2026-01
2026-01-30,7.5,97,-1,5146.11,5239.84,5156.91,82.93000000000029,173.88199999999998,0.47693263247489853,True,2026-01-30 09:05:00,0.1,0.0,0.125,2026-01-31 00:00:00,4885.55,收盤,93.73000000000047,260.45999999999947,2.7788328176677495,2026-01
2026-01-30,8.0,115,-1,5077.81,5205.37,5145.55,59.81999999999971,173.88199999999998,0.3440264087139538,True,2026-01-30 10:35:00,0.1,0.0,0.10526315789473684,2026-01-31 00:00:00,4885.55,收盤,127.55999999999949,192.16000000000022,1.5064283474443476,2026-01
2026-01-30,10.0,123,-1,5028.91,5181.33,5057.6,123.72999999999956,173.88199999999998,0.7115745160511127,True,2026-01-30 11:15:00,0.1,0.0,0.1,2026-01-31 00:00:00,4885.55,收盤,152.42000000000007,143.25999999999968,0.9399028998819027,2026-01
2026-01-30,10.5,129,-1,4976.72,5155.01,5014.47,140.53999999999996,173.88199999999998,0.8082492724951403,True,2026-01-30 11:45:00,0.1,0.0,0.09523809523809523,2026-01-31 00:00:00,4885.55,收盤,178.28999999999996,91.07000000000008,0.51079701609737,2026-01
2026-02-04,2.0,26,1,5031.5,5016.14,4946.41,69.73000000000047,303.059,0.23008721074114435,True,2026-02-04 03:10:00,0.1,0.03299687519591894,0.0,2026-02-04 17:35:00,4946.41,停損,85.09000000000015,-85.19000000000014,-1.0011752262310494,2026-02
2026-02-04,2.5,56,1,5070.44,5053.43,4968.75,84.68000000000029,303.059,0.27941753915904255,True,2026-02-04 05:40:00,0.1,0.03299687519591894,0.0,2026-02-04 16:45:00,4968.75,停損,101.6899999999996,-101.7899999999996,-1.0009833808634083,2026-02
2026-02-04,3.5,74,1,5083.0,5065.45,5010.73,54.720000000000255,303.059,0.1805589010720693,True,2026-02-04 07:10:00,0.1,0.03299687519591894,0.0,2026-02-04 16:35:00,5010.73,停損,72.27000000000044,-72.37000000000043,-1.0013837000138368,2026-02
2026-02-04,9.0,137,-1,5042.78,5091.44,5062.28,29.159999999999854,303.059,0.09621888807129916,False,2026-02-04 12:25:00,0.1,0.0,0.8,2026-02-05 00:00:00,4965.2,收盤,48.659999999999854,77.47999999999993,1.592272914097825,2026-02
2026-02-04,10.5,148,-1,5029.93,5086.88,5053.7,33.18000000000029,303.059,0.10948363190006001,False,2026-02-04 13:20:00,0.1,0.0,0.7346938775510204,2026-02-05 00:00:00,4965.2,收盤,56.94999999999982,64.63000000000048,1.1348551360842964,2026-02
2026-02-05,2.0,27,-1,4967.39,5020.54,4997.24,23.300000000000182,313.55300000000005,0.07430960635044212,False,2026-02-05 03:15:00,0.1,0.0,0.375,2026-02-06 00:00:00,4776.55,收盤,53.149999999999636,190.74000000000015,3.588711194731918,2026-02
2026-02-05,2.5,39,-1,4915.12,5020.54,4936.1,84.4399999999996,313.55300000000005,0.269300564816792,False,2026-02-05 04:15:00,0.1,0.0,0.25,2026-02-06 00:00:00,4776.55,收盤,105.42000000000007,138.46999999999971,1.313507873268826,2026-02
2026-02-05,3.5,46,-1,4852.39,4986.55,4895.35,91.19999999999982,313.55300000000005,0.2908599184188951,False,2026-02-05 04:50:00,0.1,0.0,0.2,2026-02-06 00:00:00,4776.55,收盤,134.15999999999985,75.74000000000015,0.5645497912939791,2026-02
2026-02-05,6.0,79,-1,4841.5,4891.21,4863.54,27.670000000000073,313.55300000000005,0.08824664410801386,False,2026-02-05 07:35:00,0.1,0.0,0.11538461538461539,2026-02-05 07:50:00,4891.21,停損,49.710000000000036,-49.81000000000004,-1.0020116676725006,2026-02
2026-02-05,5.0,83,1,4905.44,4887.89,4789.89,98.0,313.55300000000005,0.3125468421606554,True,2026-02-05 07:55:00,0.1,0.05102805586296415,0.5925925925925926,2026-02-05 23:35:00,4789.89,停損,115.54999999999927,-115.64999999999927,-1.0008654262224146,2026-02
2026-02-05,5.5,86,1,4913.45,4891.21,4839.6,51.60999999999967,313.55300000000005,0.16459737269297267,True,2026-02-05 08:10:00,0.1,0.05102805586296415,0.5714285714285714,2026-02-05 14:15:00,4839.6,停損,73.84999999999945,-73.94999999999945,-1.0013540961408258,2026-02
2026-02-05,7.0,90,1,4929.62,4906.53,4826.84,79.6899999999996,313.55300000000005,0.25415161073247455,True,2026-02-05 08:30:00,0.1,0.05102805586296415,0.5517241379310345,2026-02-05 14:20:00,4826.84,停損,102.77999999999975,-102.87999999999974,-1.0009729519361743,2026-02
2026-02-05,10.0,121,-1,4883.98,4943.52,4901.29,42.23000000000047,313.55300000000005,0.1346821749433125,False,2026-02-05 11:05:00,0.1,0.0,0.075,2026-02-06 00:00:00,4776.55,收盤,59.54000000000087,107.32999999999939,1.802653678199493,2026-02
2026-02-05,8.5,122,-1,4879.52,4940.74,4898.77,41.969999999999345,313.55300000000005,0.13385296903553573,False,2026-02-05 11:10:00,0.1,0.0,0.075,2026-02-06 00:00:00,4776.55,收盤,61.219999999999345,102.87000000000026,1.6803332244364808,2026-02
2026-02-05,8.0,132,-1,4855.08,4934.01,4878.34,55.67000000000007,313.55300000000005,0.1775457418682011,False,2026-02-05 12:00:00,0.1,0.0,0.06976744186046512,2026-02-06 00:00:00,4776.55,收盤,78.93000000000029,78.42999999999975,0.9936652730267257,2026-02
2026-02-05,10.5,160,-1,4820.36,4929.8,4853.94,75.86000000000058,313.55300000000005,0.24193676986028062,False,2026-02-05 14:20:00,0.1,0.0,0.05660377358490566,2026-02-06 00:00:00,4776.55,收盤,109.44000000000051,43.70999999999949,0.3993969298245549,2026-02
2026-02-11,10.5,137,1,5075.03,5055.92,5045.96,9.960000000000036,336.383,0.029609106286584152,False,2026-02-11 12:25:00,0.1,0.008918405508007243,0.0,2026-02-11 15:35:00,5045.96,停損,29.06999999999971,-29.16999999999971,-1.0034399724802203,2026-02
2026-02-11,9.0,141,1,5100.02,5069.34,5049.09,20.25,336.383,0.06019923717904888,False,2026-02-11 12:45:00,0.1,0.008918405508007243,0.0,2026-02-11 15:35:00,5049.09,停損,50.93000000000029,-51.03000000000029,-1.0019634792852936,2026-02
2026-02-13,2.0,26,1,4963.34,4948.56,4913.69,34.8700000000008,292.91700000000003,0.11904396125865278,False,2026-02-13 03:10:00,0.1,0.06145085467897049,0.0,2026-02-14 00:00:00,5043.31,收盤,49.650000000000546,79.87000000000026,1.6086606243705817,2026-02
2026-02-13,8.0,110,1,4986.22,4968.78,4946.22,22.55999999999949,292.91700000000003,0.07701840453097461,False,2026-02-13 10:10:00,0.1,0.06145085467897049,0.0,2026-02-13 13:05:00,4946.22,停損,40.0,-40.1,-1.0025,2026-02
2026-02-18,2.0,37,1,4895.8,4882.65,4858.44,24.210000000000036,175.39800000000005,0.13802893989669227,False,2026-02-18 04:05:00,0.1,0.02280527714113045,0.25,2026-02-19 00:00:00,4976.36,收盤,37.36000000000058,80.4599999999995,2.153640256959268,2026-02
2026-02-18,2.5,41,1,4900.53,4891.54,4868.07,23.470000000000255,175.39800000000005,0.13380996362558437,False,2026-02-18 04:25:00,0.1,0.02280527714113045,0.23076923076923078,2026-02-19 00:00:00,4976.36,收盤,32.460000000000036,75.72999999999993,2.333025261860747,2026-02
2026-02-18,3.0,43,1,4905.15,4892.74,4874.57,18.170000000000073,175.39800000000005,0.10359297141358549,False,2026-02-18 04:35:00,0.1,0.02280527714113045,0.21428571428571427,2026-02-19 00:00:00,4976.36,收盤,30.579999999999927,71.11000000000004,2.3253760627861415,2026-02
2026-02-18,3.5,49,1,4913.46,4904.45,4883.19,21.26000000000022,175.39800000000005,0.1212100480051096,False,2026-02-18 05:05:00,0.1,0.02280527714113045,0.1875,2026-02-19 00:00:00,4976.36,收盤,30.270000000000437,62.799999999999635,2.0746613809051446,2026-02
2026-02-18,4.0,53,1,4919.05,4907.41,4886.64,20.769999999999527,175.39800000000005,0.11841640155531717,False,2026-02-18 05:25:00,0.1,0.02280527714113045,0.17647058823529413,2026-02-19 00:00:00,4976.36,收盤,32.409999999999854,57.20999999999949,1.7651959271829605,2026-02
2026-02-18,4.5,65,1,4928.85,4920.0,4900.84,19.159999999999854,175.39800000000005,0.10923727750601403,False,2026-02-18 06:25:00,0.1,0.02280527714113045,0.14285714285714285,2026-02-19 00:00:00,4976.36,收盤,28.01000000000022,47.40999999999931,1.6926097822205977,2026-02
2026-02-18,5.0,66,1,4933.17,4922.16,4904.33,17.829999999999927,175.39800000000005,0.10165452285658858,False,2026-02-18 06:30:00,0.1,0.02280527714113045,0.14285714285714285,2026-02-19 00:00:00,4976.36,收盤,28.840000000000146,43.0899999999996,1.4941054091539314,2026-02
2026-02-20,3.0,57,-1,4987.38,5014.81,4995.43,19.38000000000011,147.06000000000003,0.13178294573643481,False,2026-02-20 05:45:00,0.1,0.0067999456004351954,0.4444444444444444,2026-02-20 08:05:00,5014.81,停損,27.43000000000029,-27.530000000000292,-1.00364564345607,2026-02
2026-02-20,7.5,122,1,5039.16,5029.47,4998.16,31.3100000000004,147.06000000000003,0.2129062967496287,True,2026-02-20 11:10:00,0.1,0.027199782401740782,0.45,2026-02-20 17:10:00,4998.16,停損,41.0,-41.1,-1.002439024390244,2026-02
2026-02-24,2.0,26,-1,5207.9,5238.21,5218.03,20.18000000000029,129.77000000000007,0.15550589504508192,False,2026-02-24 03:10:00,0.1,0.0,0.125,2026-02-25 00:00:00,5144.86,收盤,30.3100000000004,62.93999999999996,2.076542395249064,2026-02
2026-02-24,4.5,61,-1,5164.13,5191.86,5172.77,19.089999999999236,129.77000000000007,0.1471064190490809,False,2026-02-24 06:05:00,0.1,0.0,0.05,2026-02-25 00:00:00,5144.86,收盤,27.729999999999563,19.170000000000435,0.6913090515687247,2026-02
2026-02-24,10.5,160,-1,5151.36,5182.04,5167.9,14.140000000000327,129.77000000000007,0.10896200970948848,False,2026-02-24 14:20:00,0.1,0.0,0.018867924528301886,2026-02-25 00:00:00,5144.86,收盤,30.68000000000029,6.4,0.20860495436766427,2026-02
2026-02-25,2.0,26,1,5168.86,5156.37,5137.17,19.199999999999818,136.28600000000006,0.1408802077983051,False,2026-02-25 03:10:00,0.1,0.051362575759799224,0.0,2026-02-26 00:00:00,5169.17,收盤,31.6899999999996,0.21000000000040017,0.0066266961186621275,2026-02
2026-02-25,6.0,76,1,5192.56,5185.23,5172.93,12.299999999999272,136.28600000000006,0.09025138312078472,False,2026-02-25 07:20:00,0.1,0.051362575759799224,0.0,2026-02-25 12:30:00,5172.93,停損,19.63000000000011,-19.73000000000011,-1.0050942435048396,2026-02
2026-02-25,5.5,78,1,5195.47,5188.61,5172.93,15.679999999999382,136.28600000000006,0.11505216970194572,False,2026-02-25 07:30:00,0.1,0.051362575759799224,0.0,2026-02-25 12:30:00,5172.93,停損,22.539999999999964,-22.639999999999965,-1.0044365572315883,2026-02
2026-02-25,4.5,79,1,5197.52,5190.5,5166.64,23.859999999999673,136.28600000000006,0.17507300823268468,False,2026-02-25 07:35:00,0.1,0.051362575759799224,0.0,2026-02-25 13:15:00,5166.64,停損,30.88000000000011,-30.98000000000011,-1.003238341968912,2026-02
2026-02-25,4.0,81,1,5203.08,5193.91,5166.64,27.269999999999527,136.28600000000006,0.20009392013852864,False,2026-02-25 07:45:00,0.1,0.051362575759799224,0.0,2026-02-25 13:15:00,5166.64,停損,36.4399999999996,-36.5399999999996,-1.0027442371020856,2026-02
2026-02-25,10.5,146,-1,5169.76,5197.23,5176.75,20.479999999999563,136.28600000000006,0.15027222165152368,True,2026-02-25 13:10:00,0.1,0.04402506493697076,0.5625,2026-02-25 17:05:00,5197.23,停損,27.469999999999345,-27.569999999999347,-1.0036403349108118,2026-02
2026-02-26,4.0,77,1,5202.86,5195.65,5174.3,21.349999999999454,135.8800000000001,0.15712393288195053,True,2026-02-26 07:25:00,0.1,0.029437739181630826,0.16,2026-02-26 10:35:00,5174.3,停損,28.55999999999949,-28.659999999999492,-1.0035014005602243,2026-02
2026-02-26,6.0,106,-1,5181.92,5199.27,5190.47,8.800000000000182,135.8800000000001,0.06476302619958915,False,2026-02-26 09:50:00,0.1,0.014718869590815413,0.7142857142857143,2026-02-26 22:40:00,5199.27,停損,17.350000000000364,-17.450000000000365,-1.0057636887608068,2026-02
2026-02-26,8.5,115,-1,5175.03,5198.47,5182.3,16.170000000000073,135.8800000000001,0.11900206064174315,False,2026-02-26 10:35:00,0.1,0.014718869590815413,0.6578947368421053,2026-02-26 22:40:00,5198.47,停損,23.44000000000051,-23.54000000000051,-1.0042662116040955,2026-02
2026-02-26,9.0,141,-1,5172.14,5194.81,5179.73,15.080000000000837,135.8800000000001,0.11098027671475437,False,2026-02-26 12:45:00,0.1,0.014718869590815413,0.5434782608695652,2026-02-26 22:10:00,5194.81,停損,22.670000000000073,-22.770000000000074,-1.0044111160123512,2026-02
2026-02-27,8.0,100,-1,5177.81,5199.25,5185.2,14.050000000000182,121.25300000000007,0.11587342168853697,False,2026-02-27 09:20:00,0.1,0.008247218625518539,0.8181818181818182,2026-02-27 15:10:00,5199.25,停損,21.4399999999996,-21.5399999999996,-1.0046641791044777,2026-02
2026-02-27,7.0,113,-1,5174.98,5200.49,5181.5,18.98999999999978,121.25300000000007,0.15661468169859524,False,2026-02-27 10:25:00,0.1,0.008247218625518539,0.7297297297297297,2026-02-27 15:10:00,5200.49,停損,25.51000000000022,-25.61000000000022,-1.003920031360251,2026-02
2026-03-03,2.5,36,-1,5339.34,5379.89,5346.56,33.32999999999993,124.13199999999998,0.2685044952147708,False,2026-03-03 04:00:00,0.1,0.008055940450488191,0.8181818181818182,2026-03-04 00:00:00,5090.31,收盤,40.55000000000018,248.92999999999975,6.138840937114639,2026-03
2026-03-03,4.5,79,-1,5348.6,5373.54,5355.64,17.899999999999636,124.13199999999998,0.1442013340637357,False,2026-03-03 07:35:00,0.1,0.008055940450488191,0.34615384615384615,2026-03-04 00:00:00,5090.31,收盤,24.9399999999996,258.18999999999994,10.352445870088376,2026-03
2026-03-03,6.5,80,-1,5338.24,5375.53,5353.12,22.409999999999854,124.13199999999998,0.1805336254954392,False,2026-03-03 07:40:00,0.1,0.008055940450488191,0.34615384615384615,2026-03-04 00:00:00,5090.31,收盤,37.289999999999964,247.8299999999994,6.646017699115034,2026-03
2026-03-03,4.0,82,-1,5326.4,5368.11,5333.06,35.04999999999927,124.13199999999998,0.28236071278960523,False,2026-03-03 07:50:00,0.1,0.008055940450488191,0.3333333333333333,2026-03-04 00:00:00,5090.31,收盤,41.710000000000036,235.98999999999924,5.657875809158452,2026-03
2026-03-03,7.0,87,-1,5289.91,5367.23,5305.16,62.06999999999971,124.13199999999998,0.5000322237617997,False,2026-03-03 08:15:00,0.1,0.008055940450488191,0.32142857142857145,2026-03-04 00:00:00,5090.31,收盤,77.31999999999971,199.49999999999946,2.580186239006728,2026-03
2026-03-03,9.5,115,-1,5303.65,5335.98,5311.0,24.979999999999563,124.13199999999998,0.2012373924531915,False,2026-03-03 10:35:00,0.1,0.008055940450488191,0.23684210526315788,2026-03-04 00:00:00,5090.31,收盤,32.32999999999993,213.23999999999924,6.595731518713261,2026-03
2026-03-03,9.0,120,-1,5295.78,5331.18,5306.08,25.100000000000364,124.13199999999998,0.20220410530725655,False,2026-03-03 11:00:00,0.1,0.008055940450488191,0.23076923076923078,2026-03-04 00:00:00,5090.31,收盤,35.400000000000546,205.36999999999935,5.8014124293784235,2026-03
2026-03-03,7.5,126,-1,5241.82,5359.41,5279.61,79.80000000000018,124.13199999999998,0.6428640479489591,False,2026-03-03 11:30:00,0.1,0.008055940450488191,0.21951219512195122,2026-03-04 00:00:00,5090.31,收盤,117.59000000000015,151.40999999999931,1.287609490602935,2026-03
2026-03-03,10.5,146,-1,5171.08,5313.43,5226.49,86.94000000000051,124.13199999999998,0.7003834627654475,False,2026-03-03 13:10:00,0.1,0.008055940450488191,0.1875,2026-03-04 00:00:00,5090.31,收盤,142.35000000000036,80.66999999999953,0.5667017913593209,2026-03
2026-03-04,4.0,49,-1,5143.08,5190.74,5154.14,36.599999999999454,146.6419999999999,0.24958743061332686,True,2026-03-04 05:05:00,0.1,0.006819328705282257,0.75,2026-03-04 12:10:00,5190.74,停損,47.659999999999854,-47.759999999999856,-1.0020981955518256,2026-03
2026-03-04,5.5,85,-1,5141.79,5180.89,5154.03,26.860000000000582,146.6419999999999,0.18316716902388536,True,2026-03-04 08:05:00,0.1,0.006819328705282257,0.42857142857142855,2026-03-04 10:50:00,5180.89,停損,39.100000000000364,-39.200000000000365,-1.0025575447570332,2026-03
2026-03-05,2.0,47,1,5187.75,5179.86,5159.5,20.359999999999673,143.11499999999995,0.14226321489710847,True,2026-03-05 04:55:00,0.1,0.013974775530168052,0.0,2026-03-05 07:55:00,5159.5,停損,28.25,-28.35,-1.0035398230088497,2026-03
2026-03-05,5.0,70,-1,5170.04,5194.94,5178.46,16.479999999999563,143.11499999999995,0.11515215036858169,False,2026-03-05 06:50:00,0.1,0.013974775530168052,0.6956521739130435,2026-03-06 00:00:00,5083.3,收盤,24.899999999999636,86.63999999999979,3.4795180722891987,2026-03
2026-03-05,5.5,79,-1,5167.68,5191.14,5174.84,16.300000000000182,143.11499999999995,0.11389442057087089,False,2026-03-05 07:35:00,0.1,0.013974775530168052,0.6153846153846154,2026-03-06 00:00:00,5083.3,收盤,23.460000000000036,84.28000000000011,3.5924978687127016,2026-03
2026-03-05,4.5,80,-1,5164.61,5194.94,5174.42,20.519999999999527,143.11499999999995,0.1433811969395209,False,2026-03-05 07:40:00,0.1,0.013974775530168052,0.6153846153846154,2026-03-06 00:00:00,5083.3,收盤,30.329999999999927,81.2099999999995,2.677546983184955,2026-03
2026-03-05,4.0,83,-1,5158.06,5192.49,5171.68,20.80999999999949,143.11499999999995,0.145407539391395,False,2026-03-05 07:55:00,0.1,0.013974775530168052,0.5925925925925926,2026-03-06 00:00:00,5083.3,收盤,34.42999999999938,74.66000000000022,2.16845774034277,2026-03
2026-03-05,7.0,86,-1,5139.71,5176.88,5148.37,28.51000000000022,143.11499999999995,0.19921042518254709,False,2026-03-05 08:10:00,0.1,0.013974775530168052,0.5714285714285714,2026-03-05 11:10:00,5176.88,停損,37.17000000000007,-37.270000000000074,-1.0026903416733925,2026-03
2026-03-05,9.0,110,-1,5148.8,5172.69,5159.02,13.669999999999163,143.11499999999995,0.09551759074869279,False,2026-03-05 10:10:00,0.1,0.013974775530168052,0.4444444444444444,2026-03-05 11:10:00,5172.69,停損,23.889999999999418,-23.98999999999942,-1.0041858518208457,2026-03
2026-03-05,8.0,122,1,5176.58,5168.85,5120.84,48.01000000000022,143.11499999999995,0.3354644866016856,True,2026-03-05 11:10:00,0.1,0.027949551060336104,0.7,2026-03-05 15:25:00,5120.84,停損,55.73999999999978,-55.83999999999978,-1.0017940437746682,2026-03
2026-03-05,10.0,123,1,5179.55,5170.19,5137.63,32.55999999999949,143.11499999999995,0.22750934563113231,True,2026-03-05 11:15:00,0.1,0.027949551060336104,0.7,2026-03-05 15:20:00,5137.63,停損,41.92000000000007,-42.020000000000074,-1.0023854961832062,2026-03
2026-03-06,2.0,32,1,5108.7,5092.32,5074.3,18.019999999999527,151.33999999999986,0.11906964450904944,False,2026-03-06 03:40:00,0.1,0.05286110744020092,0.8,2026-03-06 14:00:00,5074.3,停損,34.399999999999636,-34.49999999999964,-1.002906976744186,2026-03
2026-03-06,9.5,128,-1,5091.41,5123.07,5099.47,23.599999999999454,151.33999999999986,0.15594026694858912,True,2026-03-06 11:40:00,0.1,0.01321527686005023,0.2619047619047619,2026-03-06 15:35:00,5123.07,停損,31.659999999999854,-31.759999999999856,-1.0031585596967783,2026-03
2026-03-06,10.0,132,-1,5085.78,5123.07,5096.39,26.67999999999938,151.33999999999986,0.176291793313066,True,2026-03-06 12:00:00,0.1,0.01321527686005023,0.2558139534883721,2026-03-06 15:35:00,5123.07,停損,37.289999999999964,-37.389999999999965,-1.0026816840976134,2026-03
2026-03-06,10.5,133,-1,5081.22,5113.66,5092.03,21.63000000000011,151.33999999999986,0.14292321924144397,True,2026-03-06 12:05:00,0.1,0.01321527686005023,0.25,2026-03-06 15:35:00,5113.66,停損,32.4399999999996,-32.5399999999996,-1.0030826140567202,2026-03
2026-03-10,3.0,40,1,5150.74,5141.31,5125.03,16.280000000000655,154.38799999999983,0.10544860999559987,False,2026-03-10 04:20:00,0.1,0.02590874938466723,0.07692307692307693,2026-03-11 00:00:00,5192.77,收盤,25.710000000000036,41.93000000000065,1.6308829249319563,2026-03
2026-03-10,2.5,41,1,5158.93,5149.56,5129.27,20.289999999999964,154.38799999999983,0.1314221312537243,False,2026-03-10 04:25:00,0.1,0.02590874938466723,0.07692307692307693,2026-03-11 00:00:00,5192.77,收盤,29.659999999999854,33.740000000000144,1.137559002022937,2026-03
2026-03-10,2.0,45,1,5166.23,5156.07,5135.73,20.340000000000146,154.38799999999983,0.13174599062103381,False,2026-03-10 04:45:00,0.1,0.02590874938466723,0.07142857142857142,2026-03-11 00:00:00,5192.77,收盤,30.5,26.44000000000087,0.8668852459016679,2026-03
2026-03-10,3.5,48,1,5184.29,5167.74,5124.71,43.029999999999745,154.38799999999983,0.2787133715055561,False,2026-03-10 05:00:00,0.1,0.02590874938466723,0.06666666666666667,2026-03-11 00:00:00,5192.77,收盤,59.57999999999993,8.380000000000473,0.14065122524337836,2026-03
2026-03-10,5.0,73,-1,5155.62,5187.0,5163.96,23.039999999999964,154.38799999999983,0.149234396455683,True,2026-03-10 07:05:00,0.1,0.006477187346166808,0.6666666666666666,2026-03-10 11:35:00,5187.0,停損,31.38000000000011,-31.48000000000011,-1.0031867431485022,2026-03
2026-03-10,7.0,95,1,5175.57,5166.58,5154.41,12.170000000000073,154.38799999999983,0.07882737000285052,False,2026-03-10 08:55:00,0.1,0.02590874938466723,0.03225806451612903,2026-03-11 00:00:00,5192.77,收盤,21.159999999999854,17.100000000000726,0.8081285444234804,2026-03
2026-03-10,6.5,96,1,5177.92,5167.98,5154.41,13.569999999999709,154.38799999999983,0.08789543228748169,False,2026-03-10 09:00:00,0.1,0.02590874938466723,0.03225806451612903,2026-03-11 00:00:00,5192.77,收盤,23.51000000000022,14.750000000000364,0.6273925988940973,2026-03
2026-03-10,7.5,122,1,5182.36,5174.19,5161.53,12.659999999999854,154.38799999999983,0.08200119180247084,False,2026-03-10 11:10:00,0.1,0.02590874938466723,0.025,2026-03-10 13:40:00,5161.53,停損,20.829999999999927,-20.92999999999993,-1.0048007681228996,2026-03
2026-03-10,8.0,128,1,5190.64,5179.31,5163.89,15.420000000000073,154.38799999999983,0.09987822887789265,False,2026-03-10 11:40:00,0.1,0.02590874938466723,0.023809523809523808,2026-03-10 13:40:00,5163.89,停損,26.75,-26.85,-1.0037383177570094,2026-03
2026-03-10,10.5,130,1,5194.38,5185.35,5165.67,19.68000000000029,154.38799999999983,0.12747104697256464,False,2026-03-10 11:50:00,0.1,0.02590874938466723,0.023255813953488372,2026-03-10 13:40:00,5165.67,停損,28.710000000000036,-28.810000000000038,-1.0034831069313828,2026-03
2026-03-11,3.5,50,-1,5197.61,5223.16,5205.98,17.18000000000029,150.86799999999985,0.11387438025293838,False,2026-03-11 05:10:00,0.1,0.0,0.75,2026-03-12 00:00:00,5177.2,收盤,25.550000000000182,20.309999999999853,0.7949119373776794,2026-03
2026-03-11,7.0,115,-1,5191.79,5208.65,5199.57,9.079999999999927,150.86799999999985,0.0601850624386877,False,2026-03-11 10:35:00,0.1,0.0,0.3157894736842105,2026-03-12 00:00:00,5177.2,收盤,16.859999999999673,14.490000000000146,0.8594306049822318,2026-03
2026-03-11,9.0,128,-1,5183.56,5210.8,5191.61,19.19000000000051,150.86799999999985,0.12719728504388292,False,2026-03-11 11:40:00,0.1,0.0,0.2857142857142857,2026-03-12 00:00:00,5177.2,收盤,27.23999999999978,6.260000000000582,0.22980910425846668,2026-03
2026-03-11,8.0,129,-1,5181.66,5208.27,5191.1,17.170000000000073,150.86799999999985,0.11380809714452428,False,2026-03-11 11:45:00,0.1,0.0,0.2857142857142857,2026-03-12 00:00:00,5177.2,收盤,26.610000000000582,4.360000000000037,0.16384817737692375,2026-03
2026-03-12,2.0,45,1,5169.88,5157.97,5133.1,24.86999999999989,148.64799999999977,0.1673080027985572,False,2026-03-12 04:45:00,0.1,0.02690920833109094,0.5714285714285714,2026-03-12 18:05:00,5133.1,停損,36.779999999999745,-36.87999999999975,-1.0027188689505167,2026-03
2026-03-12,4.0,81,-1,5144.05,5172.87,5151.58,21.289999999999964,148.64799999999977,0.1432242613422313,True,2026-03-12 07:45:00,0.1,0.04036381249663641,0.0,2026-03-12 10:35:00,5172.87,停損,28.81999999999971,-28.91999999999971,-1.003469812630118,2026-03
2026-03-12,7.5,103,1,5161.33,5152.7,5137.26,15.4399999999996,148.64799999999977,0.10386954415800834,False,2026-03-12 09:35:00,0.1,0.02690920833109094,0.23529411764705882,2026-03-12 18:05:00,5137.26,停損,24.06999999999971,-24.16999999999971,-1.0041545492314086,2026-03
2026-03-12,6.0,104,1,5164.68,5155.62,5147.39,8.229999999999563,148.64799999999977,0.055365696141216676,False,2026-03-12 09:40:00,0.1,0.02690920833109094,0.23529411764705882,2026-03-12 17:00:00,5147.39,停損,17.289999999999964,-17.389999999999965,-1.0057836899942163,2026-03
2026-03-12,8.0,105,1,5168.5,5157.73,5137.26,20.469999999999345,148.64799999999977,0.1377078736343535,False,2026-03-12 09:45:00,0.1,0.02690920833109094,0.23529411764705882,2026-03-12 18:05:00,5137.26,停損,31.23999999999978,-31.339999999999783,-1.003201024327785,2026-03
2026-03-12,9.0,117,1,5178.76,5170.28,5147.32,22.960000000000036,148.64799999999977,0.15445885582046226,False,2026-03-12 10:45:00,0.1,0.02690920833109094,0.21052631578947367,2026-03-12 17:00:00,5147.32,停損,31.44000000000051,-31.54000000000051,-1.0031806615776082,2026-03
2026-03-13,2.0,31,1,5109.17,5101.32,5089.01,12.30999999999949,154.8039999999998,0.07951990904627468,False,2026-03-13 03:35:00,0.1,0.05167825120797919,0.0,2026-03-13 09:30:00,5089.01,停損,20.159999999999854,-20.259999999999856,-1.0049603174603177,2026-03
2026-03-13,2.5,37,1,5118.76,5108.42,5092.11,16.3100000000004,154.8039999999998,0.10535903465027015,False,2026-03-13 04:05:00,0.1,0.05167825120797919,0.0,2026-03-13 09:30:00,5092.11,停損,26.650000000000546,-26.750000000000547,-1.0037523452157597,2026-03
2026-03-13,3.0,48,1,5124.28,5115.34,5097.42,17.920000000000073,154.8039999999998,0.11575928270587385,False,2026-03-13 05:00:00,0.1,0.05167825120797919,0.0,2026-03-13 09:25:00,5097.42,停損,26.859999999999673,-26.959999999999674,-1.003723008190618,2026-03
2026-03-13,8.5,112,-1,5078.07,5111.01,5088.95,22.0600000000004,154.8039999999998,0.1425027777060052,True,2026-03-13 10:20:00,0.1,0.025839125603989595,0.43243243243243246,2026-03-13 15:05:00,5111.01,停損,32.94000000000051,-33.04000000000051,-1.0030358227079539,2026-03
2026-03-17,4.0,81,1,5039.78,5027.91,4994.87,33.039999999999964,146.44199999999992,0.22561833353819247,True,2026-03-17 07:45:00,0.1,0.0273145682249628,0.46153846153846156,2026-03-17 13:45:00,4994.87,停損,44.909999999999854,-45.009999999999856,-1.002226675573369,2026-03
2026-03-17,10.0,146,-1,5001.62,5028.07,5009.0,19.06999999999971,146.44199999999992,0.13022220401250814,False,2026-03-17 13:10:00,0.1,0.0204859261687221,0.6041666666666666,2026-03-17 16:45:00,5028.07,停損,26.449999999999818,-26.54999999999982,-1.003780718336484,2026-03
2026-03-18,2.0,26,1,5012.12,5003.84,4998.88,4.960000000000036,115.16299999999993,0.04306938860571572,False,2026-03-18 03:10:00,0.1,0.017366688953917502,0.375,2026-03-18 04:05:00,4998.88,停損,13.239999999999782,-13.339999999999781,-1.0075528700906344,2026-03
2026-03-18,3.5,60,-1,4992.04,5015.86,4998.05,17.80999999999949,115.16299999999993,0.15465036513463093,True,2026-03-18 06:00:00,0.1,0.0,0.631578947368421,2026-03-18 09:40:00,5015.86,停損,23.81999999999971,-23.91999999999971,-1.0041981528127626,2026-03
2026-03-18,4.0,80,-1,4983.23,5015.86,4991.39,24.469999999999345,115.16299999999993,0.21248143935117494,True,2026-03-18 07:40:00,0.1,0.0,0.46153846153846156,2026-03-18 09:40:00,5015.86,停損,32.63000000000011,-32.73000000000011,-1.003064664419246,2026-03
2026-03-18,6.0,99,1,5009.27,4997.68,4986.23,11.450000000000728,115.16299999999993,0.09942429426118402,False,2026-03-18 09:15:00,0.1,0.008683344476958751,0.8125,2026-03-18 11:25:00,4986.23,停損,23.040000000000873,-23.140000000000875,-1.0043402777777777,2026-03
2026-03-18,10.0,150,-1,4982.54,5014.87,4990.42,24.449999999999818,115.16299999999993,0.21230777246163987,True,2026-03-18 13:30:00,0.1,0.008683344476958751,0.6938775510204082,2026-03-19 00:00:00,4818.64,收盤,32.32999999999993,163.79999999999964,5.0665017012063105,2026-03
2026-03-18,10.5,152,-1,4977.09,5009.64,4983.57,26.07000000000062,115.16299999999993,0.22637479051432002,True,2026-03-18 13:40:00,0.1,0.008683344476958751,0.68,2026-03-19 00:00:00,4818.64,收盤,32.55000000000018,158.34999999999982,4.864823348694284,2026-03
2026-03-19,2.0,44,1,4862.25,4842.61,4828.31,14.299999999999272,123.96499999999996,0.115355140563863,False,2026-03-19 04:40:00,0.1,0.032267172185697586,0.07142857142857142,2026-03-19 09:00:00,4828.31,停損,33.9399999999996,-34.0399999999996,-1.0029463759575723,2026-03
2026-03-19,5.0,92,-1,4832.98,4862.03,4841.8,20.229999999999563,123.96499999999996,0.16319122332916203,True,2026-03-19 08:40:00,0.1,0.008066793046424396,0.4666666666666667,2026-03-20 00:00:00,4657.69,收盤,29.050000000000182,175.18999999999997,6.030636833046433,2026-03
2026-03-19,8.0,101,-1,4819.57,4853.85,4827.09,26.76000000000022,123.96499999999996,0.2158673819223186,True,2026-03-19 09:25:00,0.1,0.008066793046424396,0.42424242424242425,2026-03-20 00:00:00,4657.69,收盤,34.280000000000655,161.78000000000011,4.71936989498241,2026-03
2026-03-19,8.5,104,-1,4796.1,4846.72,4813.48,33.24000000000069,123.96499999999996,0.2681402008631525,True,2026-03-19 09:40:00,0.1,0.008066793046424396,0.4117647058823529,2026-03-20 00:00:00,4657.69,收盤,50.61999999999989,138.31000000000077,2.7323192414065796,2026-03
2026-03-19,9.0,117,-1,4739.84,4842.25,4747.88,94.36999999999989,123.96499999999996,0.7612632597910695,True,2026-03-19 10:45:00,0.1,0.008066793046424396,0.3684210526315789,2026-03-20 00:00:00,4657.69,收盤,102.40999999999985,82.05000000000055,0.801191289913101,2026-03
2026-03-19,10.0,122,-1,4715.07,4784.34,4727.51,56.82999999999993,123.96499999999996,0.45843584882829785,True,2026-03-19 11:10:00,0.1,0.008066793046424396,0.35,2026-03-20 00:00:00,4657.69,收盤,69.27000000000044,57.28000000000011,0.8269091959000974,2026-03
2026-03-19,10.5,129,-1,4688.59,4771.67,4701.41,70.26000000000022,123.96499999999996,0.5667728794417799,True,2026-03-19 11:45:00,0.1,0.008066793046424396,0.3333333333333333,2026-03-20 00:00:00,4657.69,收盤,83.07999999999993,30.800000000000544,0.3707270101107435,2026-03
2026-03-20,2.0,26,1,4657.02,4647.9,4634.27,13.6299999999992,146.04300000000003,0.0933286771704169,False,2026-03-20 03:10:00,0.1,0.006847298398416903,0.75,2026-03-20 16:55:00,4634.27,停損,22.75,-22.85,-1.0043956043956044,2026-03
2026-03-20,2.5,43,1,4676.71,4665.08,4634.27,30.80999999999949,146.04300000000003,0.21096526365522128,False,2026-03-20 04:35:00,0.1,0.006847298398416903,0.42857142857142855,2026-03-20 16:55:00,4634.27,停損,42.4399999999996,-42.5399999999996,-1.0023562676720077,2026-03
2026-03-20,3.5,52,1,4688.37,4680.36,4639.23,41.13000000000011,146.04300000000003,0.28162938312688796,False,2026-03-20 05:20:00,0.1,0.006847298398416903,0.35294117647058826,2026-03-20 14:00:00,4639.23,停損,49.14000000000033,-49.24000000000033,-1.002035002035002,2026-03
2026-03-20,4.0,61,1,4707.26,4699.5,4639.23,60.27000000000044,146.04300000000003,0.4126866744725897,False,2026-03-20 06:05:00,0.1,0.006847298398416903,0.3,2026-03-20 14:00:00,4639.23,停損,68.03000000000065,-68.13000000000065,-1.001469939732471,2026-03
2026-03-20,5.0,62,1,4716.13,4703.68,4670.4,33.280000000000655,146.04300000000003,0.22787809069931902,False,2026-03-20 06:10:00,0.1,0.006847298398416903,0.3,2026-03-20 09:40:00,4670.4,停損,45.73000000000047,-45.830000000000474,-1.00218674830527,2026-03
2026-03-20,6.0,103,-1,4685.36,4735.75,4693.29,42.460000000000036,146.04300000000003,0.29073628999678197,True,2026-03-20 09:35:00,0.1,0.0,0.6176470588235294,2026-03-21 00:00:00,4498.06,收盤,50.39000000000033,187.19999999999928,3.7150228219884514,2026-03
2026-03-20,8.0,104,-1,4668.01,4723.61,4685.78,37.82999999999993,146.04300000000003,0.2590332984121109,True,2026-03-20 09:40:00,0.1,0.0,0.6176470588235294,2026-03-20 11:20:00,4723.61,停損,55.599999999999454,-55.699999999999456,-1.0017985611510791,2026-03
2026-03-20,9.5,118,1,4697.9,4689.61,4661.37,28.23999999999978,146.04300000000003,0.19336770677129184,False,2026-03-20 10:50:00,0.1,0.006847298398416903,0.15384615384615385,2026-03-20 13:00:00,4661.37,停損,36.529999999999745,-36.62999999999975,-1.0027374760470846,2026-03
2026-03-20,9.0,123,1,4716.24,4701.09,4661.37,39.720000000000255,146.04300000000003,0.2719746923851211,False,2026-03-20 11:15:00,0.1,0.006847298398416903,0.15,2026-03-20 13:00:00,4661.37,停損,54.86999999999989,-54.96999999999989,-1.0018224895206853,2026-03
2026-03-20,10.5,141,-1,4673.47,4734.78,4685.27,49.50999999999931,146.04300000000003,0.33900974370561615,True,2026-03-20 12:45:00,0.1,0.0,0.45652173913043476,2026-03-21 00:00:00,4498.06,收盤,61.30999999999949,175.30999999999986,2.859403033762866,2026-03
2026-03-24,2.0,28,-1,4411.84,4448.38,4421.89,26.48999999999978,186.08200000000016,0.142356595479411,True,2026-03-24 03:20:00,0.1,0.010747949828570191,0.5555555555555556,2026-03-24 23:25:00,4448.38,停損,36.539999999999964,-36.639999999999965,-1.0027367268746579,2026-03
2026-03-24,2.5,32,-1,4349.21,4446.68,4368.69,77.99000000000069,186.08200000000016,0.4191163035650983,True,2026-03-24 03:40:00,0.1,0.010747949828570191,0.5,2026-03-24 23:25:00,4446.68,停損,97.47000000000025,-97.57000000000025,-1.001025956704627,2026-03
2026-03-24,3.0,45,-1,4321.66,4446.68,4331.53,115.15000000000055,186.08200000000016,0.6188132113799316,True,2026-03-24 04:45:00,0.1,0.010747949828570191,0.35714285714285715,2026-03-24 23:25:00,4446.68,停損,125.02000000000044,-125.12000000000043,-1.0007998720204767,2026-03
2026-03-24,3.5,46,-1,4314.54,4387.42,4328.57,58.850000000000364,186.08200000000016,0.3162584237056798,True,2026-03-24 04:50:00,0.1,0.010747949828570191,0.3333333333333333,2026-03-24 09:25:00,4387.42,停損,72.88000000000011,-72.9800000000001,-1.0013721185510427,2026-03
2026-03-24,5.5,76,-1,4330.22,4379.33,4344.61,34.720000000000255,186.08200000000016,0.18658440902397988,True,2026-03-24 07:20:00,0.1,0.010747949828570191,0.2,2026-03-24 09:25:00,4379.33,停損,49.10999999999967,-49.209999999999674,-1.0020362451639178,2026-03
2026-03-24,7.5,94,1,4363.27,4349.3,4319.91,29.390000000000327,186.08200000000016,0.1579411227308407,False,2026-03-24 08:50:00,0.11,0.005373974914285096,0.5161290322580645,2026-03-25 00:00:00,4476.78,收盤,43.36000000000058,113.39999999999931,2.6153136531364805,2026-03
2026-03-24,7.0,98,1,4369.29,4357.28,4326.55,30.729999999999563,186.08200000000016,0.16514224911597863,False,2026-03-24 09:10:00,0.1,0.005373974914285096,0.5,2026-03-25 00:00:00,4476.78,收盤,42.73999999999978,107.38999999999979,2.512634534394018,2026-03
2026-03-24,6.0,101,1,4385.65,4368.25,4335.11,33.14000000000033,186.08200000000016,0.17809352865940983,False,2026-03-24 09:25:00,0.1,0.005373974914285096,0.48484848484848486,2026-03-25 00:00:00,4476.78,收盤,50.539999999999964,91.03000000000011,1.8011476058567506,2026-03
2026-03-24,8.5,109,1,4408.46,4396.95,4321.25,75.69999999999982,186.08200000000016,0.40680990101138076,False,2026-03-24 10:05:00,0.1,0.005373974914285096,0.4444444444444444,2026-03-25 00:00:00,4476.78,收盤,87.21000000000004,68.21999999999971,0.7822497420020604,2026-03
2026-03-24,9.0,110,1,4415.42,4405.18,4343.0,62.18000000000029,186.08200000000016,0.3341537601702488,False,2026-03-24 10:10:00,0.1,0.005373974914285096,0.4444444444444444,2026-03-25 00:00:00,4476.78,收盤,72.42000000000007,61.25999999999967,0.8458989229494561,2026-03
2026-03-25,2.0,32,1,4566.32,4551.64,4472.63,79.01000000000022,191.7970000000001,0.41194596370120584,True,2026-03-25 03:40:00,0.1,0.05213845889143206,0.2,2026-03-26 00:00:00,4505.76,收盤,93.6899999999996,-60.65999999999949,-0.6474543707973076,2026-03
2026-03-25,2.5,33,1,4567.86,4557.0,4504.99,52.01000000000022,191.7970000000001,0.27117212469433927,True,2026-03-25 03:45:00,0.1,0.05213845889143206,0.2,2026-03-25 22:10:00,4504.99,停損,62.86999999999989,-62.96999999999989,-1.0015905837442343,2026-03
2026-03-25,3.0,43,1,4584.63,4572.07,4537.55,34.51999999999953,191.7970000000001,0.17998196009322098,True,2026-03-25 04:35:00,0.1,0.05213845889143206,0.14285714285714285,2026-03-25 09:15:00,4537.55,停損,47.07999999999993,-47.17999999999993,-1.002124044180119,2026-03
2026-03-25,3.5,44,1,4588.54,4578.76,4546.89,31.86999999999989,191.7970000000001,0.1661652684869934,True,2026-03-25 04:40:00,0.1,0.05213845889143206,0.14285714285714285,2026-03-25 09:05:00,4546.89,停損,41.649999999999636,-41.74999999999964,-1.0024009603841537,2026-03
2026-03-25,4.5,88,-1,4564.61,4601.06,4574.27,26.789999999999964,191.7970000000001,0.13967893137014628,False,2026-03-25 08:20:00,0.1,0.005213845889143206,0.6551724137931034,2026-03-26 00:00:00,4505.76,收盤,36.45000000000073,58.74999999999945,1.6117969821673053,2026-03
2026-03-25,5.5,90,-1,4554.79,4602.59,4571.96,30.63000000000011,191.7970000000001,0.15970009958445697,False,2026-03-25 08:30:00,0.1,0.005213845889143206,0.6551724137931034,2026-03-26 00:00:00,4505.76,收盤,47.80000000000018,48.929999999999744,1.0236401673640074,2026-03
2026-03-25,7.5,98,-1,4540.77,4574.44,4554.11,20.329999999999927,191.7970000000001,0.105997486926281,False,2026-03-25 09:10:00,0.1,0.005213845889143206,0.59375,2026-03-25 14:25:00,4574.44,停損,33.66999999999916,-33.769999999999165,-1.002970002970003,2026-03
2026-03-25,8.0,99,-1,4534.51,4573.35,4549.49,23.860000000000582,191.7970000000001,0.12440236291495992,False,2026-03-25 09:15:00,0.1,0.005213845889143206,0.59375,2026-03-25 14:25:00,4573.35,停損,38.840000000000146,-38.94000000000015,-1.002574665293512,2026-03
2026-03-25,10.5,161,1,4582.06,4567.8,4535.95,31.850000000000364,191.7970000000001,0.166060991569213,True,2026-03-25 14:25:00,0.1,0.05213845889143206,0.03773584905660377,2026-03-25 15:35:00,4535.95,停損,46.11000000000058,-46.21000000000058,-1.002168726957276,2026-03
2026-03-26,2.0,34,1,4535.11,4518.17,4489.04,29.13000000000011,199.06700000000018,0.14633264177387553,True,2026-03-26 03:50:00,0.1,0.010046868642215928,0.5454545454545454,2026-03-26 08:35:00,4489.04,停損,46.06999999999971,-46.16999999999971,-1.0021706099413936,2026-03
2026-03-26,3.5,56,-1,4514.41,4544.25,4524.68,19.56999999999971,199.06700000000018,0.09830860966408139,False,2026-03-26 05:40:00,0.1,0.02511717160553982,0.6666666666666666,2026-03-27 00:00:00,4380.84,收盤,29.840000000000146,133.46999999999971,4.472855227882006,2026-03
2026-03-26,4.0,60,-1,4508.97,4544.25,4522.63,21.61999999999989,199.06700000000018,0.10860665002235363,False,2026-03-26 06:00:00,0.1,0.02511717160553982,0.631578947368421,2026-03-27 00:00:00,4380.84,收盤,35.279999999999745,128.03000000000011,3.6289682539682833,2026-03
2026-03-26,5.0,90,-1,4493.67,4535.84,4505.81,30.029999999999745,199.06700000000018,0.1508537326628709,False,2026-03-26 08:30:00,0.1,0.02511717160553982,0.41379310344827586,2026-03-27 00:00:00,4380.84,收盤,42.17000000000007,112.72999999999993,2.6732274128527327,2026-03
2026-03-26,5.5,93,-1,4483.17,4530.67,4500.05,30.61999999999989,199.06700000000018,0.15381755891232532,False,2026-03-26 08:45:00,0.1,0.02511717160553982,0.4,2026-03-27 00:00:00,4380.84,收盤,47.5,102.22999999999993,2.152210526315788,2026-03
2026-03-26,7.5,94,-1,4473.26,4524.32,4489.1,35.219999999999345,199.06700000000018,0.1769253567894192,False,2026-03-26 08:50:00,0.1,0.02511717160553982,0.3870967741935484,2026-03-27 00:00:00,4380.84,收盤,51.05999999999949,92.32000000000008,1.8080689385037407,2026-03
2026-03-26,8.0,99,-1,4420.98,4522.3,4439.07,83.23000000000047,199.06700000000018,0.41810043854581824,False,2026-03-26 09:15:00,0.1,0.02511717160553982,0.375,2026-03-27 00:00:00,4380.84,收盤,101.32000000000062,40.03999999999942,0.3951835767864111,2026-03
2026-03-26,10.0,126,-1,4428.4,4463.94,4439.09,24.849999999999454,199.06700000000018,0.12483234287953017,False,2026-03-26 11:30:00,0.1,0.02511717160553982,0.2926829268292683,2026-03-26 17:25:00,4463.94,停損,35.539999999999964,-35.639999999999965,-1.0028137310073157,2026-03
2026-03-26,9.5,129,-1,4420.17,4460.61,4430.67,29.9399999999996,199.06700000000018,0.15040162357397044,False,2026-03-26 11:45:00,0.1,0.02511717160553982,0.2857142857142857,2026-03-26 17:20:00,4460.61,停損,40.4399999999996,-40.5399999999996,-1.0024727992087044,2026-03
2026-03-27,3.5,44,1,4417.02,4406.61,4375.59,31.019999999999527,204.7130000000002,0.15152921407042785,False,2026-03-27 04:40:00,0.12,0.00976977524632045,0.7857142857142857,2026-03-28 00:00:00,4495.58,收盤,41.43000000000029,78.43999999999949,1.893314023654331,2026-03
2026-03-27,2.5,49,1,4430.46,4411.15,4382.68,28.469999999999345,204.7130000000002,0.1390727506313684,False,2026-03-27 05:05:00,0.1,0.00976977524632045,0.6875,2026-03-28 00:00:00,4495.58,收盤,47.779999999999745,65.0199999999999,1.3608204269568909,2026-03
2026-03-27,4.0,50,1,4435.75,4420.56,4377.42,43.14000000000033,204.7130000000002,0.2107340520631337,False,2026-03-27 05:10:00,0.1,0.00976977524632045,0.6875,2026-03-28 00:00:00,4495.58,收盤,58.32999999999993,59.729999999999926,1.0240013715069434,2026-03
2026-03-27,5.0,91,1,4459.41,4440.62,4417.12,23.5,204.7130000000002,0.11479485914426528,False,2026-03-27 08:35:00,0.1,0.00976977524632045,0.36666666666666664,2026-03-27 13:45:00,4417.12,停損,42.289999999999964,-42.389999999999965,-1.0023646252069047,2026-03
2026-03-27,7.0,92,1,4473.87,4449.57,4431.47,18.099999999999454,204.7130000000002,0.0884164659791974,False,2026-03-27 08:40:00,0.1,0.00976977524632045,0.36666666666666664,2026-03-27 11:30:00,4431.47,停損,42.399999999999636,-42.49999999999964,-1.0023584905660379,2026-03
2026-03-27,8.5,127,-1,4431.17,4475.12,4442.95,32.17000000000007,204.7130000000002,0.1571468348370648,True,2026-03-27 11:35:00,0.1,0.014654662869480674,0.7142857142857143,2026-03-27 17:50:00,4475.12,停損,43.94999999999982,-44.04999999999982,-1.0022753128555177,2026-03
2026-03-27,8.0,132,-1,4424.16,4475.12,4440.52,34.599999999999454,204.7130000000002,0.1690171117613411,True,2026-03-27 12:00:00,0.1,0.014654662869480674,0.6976744186046512,2026-03-27 17:50:00,4475.12,停損,50.960000000000036,-51.06000000000004,-1.0019623233908947,2026-03
2026-03-31,2.5,35,1,4542.24,4528.46,4482.71,45.75,219.8680000000001,0.20807939309039958,True,2026-03-31 03:55:00,0.1,0.0454818345552786,0.8181818181818182,2026-04-01 00:00:00,4668.23,收盤,59.529999999999745,125.88999999999979,2.1147320678649475,2026-03
2026-03-31,3.0,40,1,4569.03,4548.11,4482.71,65.39999999999964,219.8680000000001,0.29745119799152037,True,2026-03-31 04:20:00,0.1,0.0454818345552786,0.6923076923076923,2026-04-01 00:00:00,4668.23,收盤,86.31999999999971,99.09999999999982,1.148053753475442,2026-03
2026-03-31,3.5,45,1,4617.59,4585.81,4506.58,79.23000000000047,219.8680000000001,0.3603525751814745,True,2026-03-31 04:45:00,0.1,0.0454818345552786,0.6428571428571429,2026-04-01 00:00:00,4668.23,收盤,111.01000000000022,50.53999999999942,0.4552742996126414,2026-03
2026-03-31,4.5,64,-1,4563.98,4619.41,4577.56,41.849999999999454,219.8680000000001,0.19034147761383846,False,2026-03-31 06:20:00,0.1,0.0,0.7142857142857143,2026-03-31 17:05:00,4619.41,停損,55.43000000000029,-55.53000000000029,-1.0018040772145047,2026-03
2026-03-31,5.0,69,-1,4552.4,4607.52,4565.72,41.80000000000018,219.8680000000001,0.19011406844106538,False,2026-03-31 06:45:00,0.1,0.0,0.6818181818181818,2026-03-31 16:55:00,4607.52,停損,55.1200000000008,-55.2200000000008,-1.0018142235123366,2026-03
2026-03-31,10.5,152,-1,4534.22,4573.48,4551.98,21.5,219.8680000000001,0.09778594429384899,False,2026-03-31 13:40:00,0.1,0.0,0.3,2026-03-31 14:25:00,4573.48,停損,39.25999999999931,-39.35999999999931,-1.0025471217524198,2026-03
2026-04-01,3.0,56,-1,4680.45,4722.54,4693.56,28.979999999999563,233.22400000000007,0.12425822385346086,False,2026-04-01 05:40:00,0.1,0.008575446780777275,0.6666666666666666,2026-04-01 09:50:00,4722.54,停損,42.090000000000146,-42.19000000000015,-1.0023758612497031,2026-04
2026-04-01,3.5,73,-1,4676.7,4724.22,4689.68,34.539999999999964,233.22400000000007,0.1480979659040234,False,2026-04-01 07:05:00,0.1,0.008575446780777275,0.5,2026-04-01 09:50:00,4724.22,停損,47.52000000000044,-47.62000000000044,-1.0021043771043772,2026-04
2026-04-01,4.0,76,-1,4668.91,4724.22,4681.51,42.710000000000036,233.22400000000007,0.1831286660034989,False,2026-04-01 07:20:00,0.1,0.008575446780777275,0.48,2026-04-01 09:50:00,4724.22,停損,55.3100000000004,-55.4100000000004,-1.0018079913216418,2026-04
2026-04-02,2.0,37,-1,4744.22,4800.38,4773.69,26.69000000000051,225.40500000000003,0.11840908586766268,False,2026-04-02 04:05:00,0.1,0.008872917637142033,0.5,2026-04-03 00:00:00,4675.72,收盤,56.159999999999854,68.4,1.2179487179487212,2026-04
2026-04-02,3.5,55,-1,4670.22,4796.12,4687.13,108.98999999999978,225.40500000000003,0.4835296466360541,False,2026-04-02 05:35:00,0.1,0.008872917637142033,0.3333333333333333,2026-04-03 00:00:00,4675.72,收盤,125.89999999999964,-5.6,-0.04447974583002395,2026-04
2026-04-02,6.0,81,-1,4661.9,4699.38,4675.76,23.61999999999989,225.40500000000003,0.10478915729464691,False,2026-04-02 07:45:00,0.1,0.008872917637142033,0.23076923076923078,2026-04-02 17:45:00,4699.38,停損,37.48000000000047,-37.580000000000474,-1.0026680896478122,2026-04
2026-04-02,6.5,92,-1,4646.6,4692.69,4662.37,30.31999999999971,225.40500000000003,0.1345134313790719,False,2026-04-02 08:40:00,0.1,0.008872917637142033,0.2,2026-04-02 17:40:00,4692.69,停損,46.089999999999236,-46.18999999999924,-1.0021696680407899,2026-04
2026-04-02,5.0,93,-1,4634.18,4704.22,4655.56,48.659999999999854,225.40500000000003,0.215878086111665,False,2026-04-02 08:45:00,0.1,0.008872917637142033,0.2,2026-04-03 00:00:00,4675.72,收盤,70.03999999999996,-41.639999999999965,-0.5945174186179324,2026-04
2026-04-02,8.0,98,-1,4567.98,4680.59,4586.19,94.40000000000055,225.40500000000003,0.4188017124731063,False,2026-04-02 09:10:00,0.1,0.008872917637142033,0.1875,2026-04-02 17:40:00,4680.59,停損,112.61000000000058,-112.71000000000058,-1.0008880206020778,2026-04
2026-04-07,6.5,81,1,4662.33,4651.33,4642.07,9.260000000000218,198.30600000000004,0.04669551097798461,False,2026-04-07 07:45:00,0.1,0.015128135306042173,0.5769230769230769,2026-04-07 08:30:00,4642.07,停損,20.26000000000022,-20.36000000000022,-1.0049358341559724,2026-04
2026-04-07,8.5,123,1,4663.46,4649.2,4623.36,25.840000000000146,198.30600000000004,0.13030367210271065,False,2026-04-07 11:15:00,0.1,0.015128135306042173,0.375,2026-04-07 17:05:00,4623.36,停損,40.100000000000364,-40.200000000000365,-1.0024937655860349,2026-04
2026-04-07,7.5,125,1,4684.37,4663.85,4630.62,33.23000000000047,198.30600000000004,0.16756931207326287,False,2026-04-07 11:25:00,0.1,0.015128135306042173,0.36585365853658536,2026-04-07 14:15:00,4630.62,停損,53.75,-53.85,-1.001860465116279,2026-04
2026-04-08,2.0,25,1,4846.15,4836.25,4801.66,34.590000000000146,165.68499999999995,0.20876965325768873,True,2026-04-08 03:05:00,0.1,0.036213296315297114,0.25,2026-04-08 04:20:00,4801.66,停損,44.48999999999978,-44.58999999999978,-1.0022476961114857,2026-04
2026-04-08,5.5,94,1,4831.6,4820.67,4796.53,24.140000000000327,165.68499999999995,0.14569816217521403,True,2026-04-08 08:50:00,0.1,0.036213296315297114,0.06451612903225806,2026-04-08 11:45:00,4796.53,停損,35.07000000000062,-35.17000000000062,-1.0028514399771884,2026-04
2026-04-08,5.0,95,1,4836.67,4825.23,4798.71,26.519999999999527,165.68499999999995,0.1600627697136104,True,2026-04-08 08:55:00,0.1,0.036213296315297114,0.06451612903225806,2026-04-08 11:30:00,4798.71,停損,37.960000000000036,-38.06000000000004,-1.0026343519494205,2026-04
2026-04-09,3.0,48,1,4727.37,4719.14,4698.61,20.530000000000655,163.70699999999997,0.12540697709933393,False,2026-04-09 05:00:00,0.13,0.006108474286377493,0.5333333333333333,2026-04-10 00:00:00,4765.0,收盤,28.76000000000022,37.50000000000011,1.3038942976355987,2026-04
2026-04-09,2.0,56,1,4730.95,4720.05,4705.49,14.5600000000004,163.70699999999997,0.08893938560965874,False,2026-04-09 05:40:00,0.13,0.006108474286377493,0.4444444444444444,2026-04-09 06:25:00,4705.49,停損,25.460000000000036,-25.590000000000035,-1.0051060487038492,2026-04
2026-04-09,3.5,57,1,4732.44,4723.54,4699.69,23.850000000000364,163.70699999999997,0.14568711173010543,False,2026-04-09 05:45:00,0.13,0.006108474286377493,0.4444444444444444,2026-04-10 00:00:00,4765.0,收盤,32.75,32.4300000000004,0.9902290076335999,2026-04
2026-04-09,10.0,152,1,4739.98,4731.45,4705.83,25.61999999999989,163.70699999999997,0.1564991112169907,False,2026-04-09 13:40:00,0.13,0.006108474286377493,0.16,2026-04-10 00:00:00,4765.0,收盤,34.149999999999636,24.890000000000438,0.7288433382137834,2026-04
2026-04-10,4.0,52,-1,4748.04,4777.11,4757.98,19.13000000000011,159.31499999999997,0.12007657784891637,False,2026-04-10 05:20:00,0.13,0.01883061858582055,0.0,2026-04-10 15:35:00,4777.11,停損,29.06999999999971,-29.199999999999708,-1.0044719642242863,2026-04
2026-04-10,3.5,53,-1,4745.29,4767.16,4753.71,13.449999999999818,159.31499999999997,0.08442393999309432,False,2026-04-10 05:25:00,0.13,0.01883061858582055,0.0,2026-04-10 06:40:00,4767.16,停損,21.86999999999989,-21.99999999999989,-1.005944215820759,2026-04
2026-04-10,5.5,76,1,4770.72,4762.11,4738.13,23.979999999999563,159.31499999999997,0.15051941122932283,True,2026-04-10 07:20:00,0.13,0.02510749144776073,0.72,2026-04-10 11:50:00,4738.13,停損,32.590000000000146,-32.72000000000015,-1.003988953666769,2026-04
2026-04-10,6.0,106,-1,4743.98,4769.61,4752.89,16.719999999999345,159.31499999999997,0.10494931425163574,False,2026-04-10 09:50:00,0.13,0.01883061858582055,0.0,2026-04-10 15:05:00,4769.61,停損,25.63000000000011,-25.760000000000108,-1.0050721810378462,2026-04
2026-04-10,8.5,129,-1,4741.96,4769.2,4751.72,17.479999999999563,159.31499999999997,0.10971973762671165,False,2026-04-10 11:45:00,0.13,0.01883061858582055,0.0,2026-04-10 15:05:00,4769.2,停損,27.23999999999978,-27.36999999999978,-1.0047723935389135,2026-04
2026-04-14,7.0,92,-1,4759.2,4776.89,4767.05,9.840000000000146,140.1,0.07023554603854494,False,2026-04-14 08:40:00,0.13,0.007137758743754462,0.6333333333333333,2026-04-14 09:55:00,4776.89,停損,17.69000000000051,-17.82000000000051,-1.0073487846240812,2026-04
2026-04-14,9.0,110,1,4793.69,4783.01,4760.04,22.970000000000255,140.1,0.16395431834404178,True,2026-04-14 10:10:00,0.13,0.007137758743754462,0.0,2026-04-14 13:40:00,4760.04,停損,33.649999999999636,-33.77999999999964,-1.0038632986627045,2026-04
2026-04-14,10.5,152,-1,4763.18,4786.62,4771.91,14.710000000000036,140.1,0.10499643112062838,False,2026-04-14 13:40:00,0.13,0.03568879371877231,0.72,2026-04-14 16:20:00,4786.62,停損,23.4399999999996,-23.5699999999996,-1.0055460750853242,2026-04
2026-04-16,2.0,34,1,4835.91,4826.71,4807.51,19.199999999999818,122.6000000000001,0.1566068515497537,False,2026-04-16 03:50:00,0.13,0.0163132137030995,0.0,2026-04-16 11:10:00,4807.51,停損,28.399999999999636,-28.529999999999635,-1.0045774647887324,2026-04
2026-04-16,4.5,84,1,4833.14,4825.59,4811.31,14.279999999999745,122.6000000000001,0.11647634584012834,False,2026-04-16 08:00:00,0.13,0.0163132137030995,0.0,2026-04-16 11:10:00,4811.31,停損,21.829999999999927,-21.959999999999926,-1.0059551076500228,2026-04
2026-04-16,5.5,85,1,4836.54,4827.14,4812.49,14.650000000000546,122.6000000000001,0.11949429037520827,False,2026-04-16 08:05:00,0.13,0.0163132137030995,0.0,2026-04-16 11:10:00,4812.49,停損,24.050000000000182,-24.18000000000018,-1.0054054054054054,2026-04
2026-04-16,8.0,121,-1,4814.26,4838.33,4821.12,17.210000000000036,122.6000000000001,0.14037520391517147,True,2026-04-16 11:05:00,0.13,0.00815660685154975,0.7,2026-04-17 00:00:00,4790.08,收盤,24.06999999999971,24.050000000000292,0.9991690901537426,2026-04
2026-04-16,8.5,127,-1,4808.14,4833.86,4814.58,19.279999999999745,122.6000000000001,0.15725938009787707,True,2026-04-16 11:35:00,0.13,0.00815660685154975,0.6666666666666666,2026-04-17 00:00:00,4790.08,收盤,25.719999999999345,17.9300000000004,0.6971228615863475,2026-04
2026-04-17,4.5,81,1,4801.04,4794.35,4767.81,26.539999999999964,116.00000000000009,0.2287931034482754,False,2026-04-17 07:45:00,0.13,0.0,0.5384615384615384,2026-04-18 00:00:00,4832.52,收盤,33.22999999999956,31.350000000000474,0.9434246163105894,2026-04
2026-04-17,4.0,84,1,4803.25,4795.47,4767.81,27.659999999999854,116.00000000000009,0.23844827586206754,False,2026-04-17 08:00:00,0.13,0.0,0.5185185185185185,2026-04-18 00:00:00,4832.52,收盤,35.4399999999996,29.140000000000438,0.8222347629797057,2026-04
2026-04-17,5.5,86,1,4804.6,4798.03,4784.55,13.479999999999563,116.00000000000009,0.11620689655172028,False,2026-04-17 08:10:00,0.13,0.0,0.5,2026-04-17 09:25:00,4784.55,停損,20.050000000000182,-20.18000000000018,-1.0064837905236907,2026-04
2026-04-17,9.5,133,1,4799.24,4793.03,4779.35,13.679999999999382,116.00000000000009,0.1179310344827532,False,2026-04-17 12:05:00,0.13,0.0,0.3181818181818182,2026-04-18 00:00:00,4832.52,收盤,19.889999999999418,33.15000000000065,1.6666666666667482,2026-04
2026-04-21,2.0,44,-1,4813.42,4831.8,4819.9,11.900000000000546,102.4920000000001,0.11610662295594323,False,2026-04-21 04:40:00,0.13,0.009756859071927556,0.07142857142857142,2026-04-22 00:00:00,4718.81,收盤,18.38000000000011,94.47999999999968,5.140369967355774,2026-04
2026-04-21,3.0,47,-1,4809.68,4830.82,4816.98,13.840000000000146,102.4920000000001,0.13503492955547877,False,2026-04-21 04:55:00,0.13,0.009756859071927556,0.06666666666666667,2026-04-22 00:00:00,4718.81,收盤,21.139999999999418,90.7399999999999,4.2923368022706905,2026-04
2026-04-21,3.5,49,-1,4807.12,4826.25,4813.21,13.039999999999964,102.4920000000001,0.12722944229793495,False,2026-04-21 05:05:00,0.13,0.009756859071927556,0.0625,2026-04-22 00:00:00,4718.81,收盤,19.13000000000011,88.1799999999995,4.609513852587506,2026-04
2026-04-21,4.0,63,-1,4800.58,4824.64,4805.85,18.789999999999964,102.4920000000001,0.1833313819615184,False,2026-04-21 06:15:00,0.13,0.009756859071927556,0.05,2026-04-22 00:00:00,4718.81,收盤,24.0600000000004,81.63999999999953,3.3931837073980953,2026-04
2026-04-21,4.5,64,-1,4797.75,4818.97,4803.61,15.360000000000582,102.4920000000001,0.14986535534481293,False,2026-04-21 06:20:00,0.13,0.009756859071927556,0.047619047619047616,2026-04-22 00:00:00,4718.81,收盤,21.220000000000255,78.8099999999996,3.7139491046182216,2026-04
2026-04-21,5.0,65,-1,4794.36,4810.44,4802.62,7.819999999999709,102.4920000000001,0.07629863794247065,False,2026-04-21 06:25:00,0.13,0.009756859071927556,0.047619047619047616,2026-04-22 00:00:00,4718.81,收盤,16.079999999999927,75.41999999999928,4.690298507462662,2026-04
2026-04-21,5.5,90,-1,4787.59,4808.12,4793.72,14.399999999999636,102.4920000000001,0.14049877063575325,False,2026-04-21 08:30:00,0.13,0.009756859071927556,0.034482758620689655,2026-04-22 00:00:00,4718.81,收盤,20.529999999999745,68.64999999999975,3.3438869946420167,2026-04
2026-04-21,6.0,96,-1,4784.14,4807.65,4792.69,14.960000000000036,102.4920000000001,0.14596261171603658,False,2026-04-21 09:00:00,0.13,0.009756859071927556,0.03225806451612903,2026-04-22 00:00:00,4718.81,收盤,23.50999999999931,65.19999999999993,2.773287962569198,2026-04
2026-04-21,7.0,97,-1,4782.74,4797.91,4788.79,9.11999999999989,102.4920000000001,0.08898255473597824,False,2026-04-21 09:05:00,0.13,0.009756859071927556,0.03125,2026-04-21 14:50:00,4797.91,停損,15.170000000000073,-15.300000000000074,-1.008569545154911,2026-04
2026-04-21,7.5,100,-1,4780.55,4794.33,4785.88,8.449999999999818,102.4920000000001,0.08244545915778606,False,2026-04-21 09:20:00,0.13,0.009756859071927556,0.030303030303030304,2026-04-21 14:45:00,4794.33,停損,13.779999999999745,-13.909999999999746,-1.0094339622641513,2026-04
2026-04-21,8.0,106,-1,4777.82,4796.98,4783.36,13.61999999999989,102.4920000000001,0.13288842055965225,False,2026-04-21 09:50:00,0.13,0.009756859071927556,0.02857142857142857,2026-04-21 14:50:00,4796.98,停損,19.159999999999854,-19.289999999999853,-1.0067849686847599,2026-04
2026-04-22,2.0,41,1,4746.09,4740.57,4718.12,22.449999999999818,107.82900000000018,0.20820002040267258,False,2026-04-22 04:25:00,0.13,0.009273943002346293,0.23076923076923078,2026-04-23 00:00:00,4739.45,收盤,27.970000000000255,-6.770000000000327,-0.24204504826600878,2026-04
2026-04-22,2.5,46,1,4752.84,4747.4,4728.95,18.449999999999818,107.82900000000018,0.17110424839328742,False,2026-04-22 04:50:00,0.13,0.009273943002346293,0.2,2026-04-22 18:40:00,4728.95,停損,23.890000000000327,-24.020000000000326,-1.005441607367099,2026-04
2026-04-22,3.5,51,1,4755.69,4749.04,4735.98,13.0600000000004,107.82900000000018,0.1211176956106463,False,2026-04-22 05:15:00,0.13,0.009273943002346293,0.1875,2026-04-22 17:35:00,4735.98,停損,19.710000000000036,-19.840000000000035,-1.006595636732623,2026-04
2026-04-22,4.0,66,1,4763.18,4754.7,4735.98,18.720000000000255,107.82900000000018,0.17360821300392495,False,2026-04-22 06:30:00,0.13,0.009273943002346293,0.14285714285714285,2026-04-22 17:35:00,4735.98,停損,27.200000000000728,-27.330000000000727,-1.0047794117647058,2026-04
2026-04-22,4.5,88,1,4768.57,4758.15,4746.35,11.799999999999272,107.82900000000018,0.1094325274276795,False,2026-04-22 08:20:00,0.13,0.009273943002346293,0.10344827586206896,2026-04-22 13:15:00,4746.35,停損,22.219999999999345,-22.349999999999344,-1.005850585058506,2026-04
2026-04-22,5.5,94,1,4769.22,4763.43,4751.03,12.400000000000546,107.82900000000018,0.11499689322909909,False,2026-04-22 08:50:00,0.13,0.009273943002346293,0.0967741935483871,2026-04-22 13:05:00,4751.03,停損,18.19000000000051,-18.32000000000051,-1.0071467839472235,2026-04
2026-04-23,3.5,49,-1,4720.67,4753.58,4727.28,26.300000000000182,97.68900000000022,0.26922171380605925,False,2026-04-23 05:05:00,0.13,0.020473134129738203,0.6875,2026-04-24 00:00:00,4692.94,收盤,32.909999999999854,27.600000000000474,0.8386508659981949,2026-04
2026-04-23,4.0,50,-1,4714.46,4749.85,4722.58,27.270000000000437,97.68900000000022,0.2791511838589849,False,2026-04-23 05:10:00,0.13,0.020473134129738203,0.6875,2026-04-24 00:00:00,4692.94,收盤,35.39000000000033,21.390000000000438,0.604408024865788,2026-04
2026-04-23,4.5,60,-1,4698.92,4736.91,4704.82,32.090000000000146,97.68900000000022,0.32849143711165096,False,2026-04-23 06:00:00,0.13,0.020473134129738203,0.5789473684210527,2026-04-23 15:10:00,4736.91,停損,37.98999999999978,-38.119999999999784,-1.0034219531455648,2026-04
2026-04-23,8.0,118,1,4720.35,4715.22,4692.47,22.75,97.68900000000022,0.23288190072577208,True,2026-04-23 10:50:00,0.13,0.020473134129738203,0.7692307692307693,2026-04-23 13:10:00,4692.47,停損,27.88000000000011,-28.010000000000108,-1.0046628407460545,2026-04
2026-04-23,9.0,132,-1,4703.34,4721.28,4708.58,12.699999999999818,97.68900000000022,0.13000440172383573,False,2026-04-23 12:00:00,0.13,0.020473134129738203,0.2558139534883721,2026-04-23 15:05:00,4721.28,停損,17.9399999999996,-18.0699999999996,-1.0072463768115942,2026-04
2026-04-23,9.5,133,-1,4696.82,4721.28,4703.08,18.199999999999818,97.68900000000022,0.1863055205806158,False,2026-04-23 12:05:00,0.13,0.020473134129738203,0.25,2026-04-23 15:05:00,4721.28,停損,24.460000000000036,-24.590000000000035,-1.0053147996729355,2026-04
2026-04-24,2.0,39,1,4709.41,4700.82,4686.99,13.829999999999927,96.3630000000002,0.14351981569689506,False,2026-04-24 04:15:00,0.13,0.031132281062233366,0.4166666666666667,2026-04-24 05:25:00,4686.99,停損,22.420000000000073,-22.55000000000007,-1.0057983942908117,2026-04
2026-04-24,2.5,53,-1,4684.97,4705.71,4691.05,14.659999999999854,96.3630000000002,0.1521330801241122,True,2026-04-24 05:25:00,0.13,0.010377427020744455,0.7647058823529411,2026-04-24 14:25:00,4705.71,停損,20.73999999999978,-20.86999999999978,-1.006268081002893,2026-04
2026-04-24,4.5,58,-1,4675.98,4702.4,4682.16,20.23999999999978,96.3630000000002,0.2100391228998655,True,2026-04-24 05:50:00,0.13,0.010377427020744455,0.6842105263157895,2026-04-24 14:10:00,4702.4,停損,26.420000000000073,-26.55000000000007,-1.0049205147615443,2026-04
2026-04-24,5.0,77,-1,4661.77,4700.69,4673.22,27.469999999999345,96.3630000000002,0.2850679202598434,True,2026-04-24 07:25:00,0.13,0.010377427020744455,0.52,2026-04-24 14:10:00,4700.69,停損,38.91999999999916,-39.049999999999166,-1.0033401849948613,2026-04
2026-04-24,9.5,118,1,4691.04,4684.81,4666.85,17.960000000000036,96.3630000000002,0.18637858929257078,False,2026-04-24 10:50:00,0.13,0.02075485404148891,0.6666666666666666,2026-04-25 00:00:00,4707.4,收盤,24.1899999999996,16.229999999999674,0.6709384042992949,2026-04
2026-04-24,8.0,120,1,4694.47,4687.36,4669.66,17.699999999999818,96.3630000000002,0.18368045826717497,False,2026-04-24 11:00:00,0.13,0.02075485404148891,0.6666666666666666,2026-04-25 00:00:00,4707.4,收盤,24.8100000000004,12.79999999999938,0.5159209995969034,2026-04
2026-04-24,10.5,151,-1,4675.27,4697.46,4682.29,15.170000000000073,96.3630000000002,0.15742556790469414,True,2026-04-24 13:35:00,0.13,0.010377427020744455,0.26,2026-04-24 14:10:00,4697.46,停損,22.1899999999996,-22.3199999999996,-1.0058584948174853,2026-04
2026-04-28,2.0,26,1,4700.28,4695.08,4687.32,7.760000000000218,92.82000000000025,0.08360267183796809,False,2026-04-28 03:10:00,0.13,0.043094160741219446,0.0,2026-04-28 04:05:00,4687.32,停損,12.960000000000036,-13.090000000000037,-1.0100308641975309,2026-04
2026-04-28,4.5,86,-1,4653.91,4691.54,4666.66,24.88000000000011,92.82000000000025,0.26804567981038613,True,2026-04-28 08:10:00,0.13,0.021547080370609723,0.2857142857142857,2026-04-29 00:00:00,4596.48,收盤,37.63000000000011,57.30000000000029,1.522721233058733,2026-04
2026-04-28,7.5,92,-1,4638.13,4669.97,4649.04,20.93000000000029,92.82000000000025,0.2254901960784339,True,2026-04-28 08:40:00,0.13,0.021547080370609723,0.26666666666666666,2026-04-29 00:00:00,4596.48,收盤,31.840000000000146,41.52000000000054,1.3040201005025236,2026-04
2026-04-28,8.5,137,-1,4616.15,4658.56,4623.47,35.090000000000146,92.82000000000025,0.3780435251023492,True,2026-04-28 12:25:00,0.13,0.021547080370609723,0.17777777777777778,2026-04-29 00:00:00,4596.48,收盤,42.410000000000764,19.540000000000074,0.46074039141711204,2026-04
2026-04-28,10.0,139,-1,4611.85,4639.43,4620.65,18.780000000000655,92.82000000000025,0.20232708468003238,True,2026-04-28 12:35:00,0.13,0.021547080370609723,0.17391304347826086,2026-04-29 00:00:00,4596.48,收盤,27.579999999999927,15.2400000000008,0.5525743292241059,2026-04
2026-04-28,10.5,144,-1,4604.78,4635.3,4614.67,20.63000000000011,92.82000000000025,0.22225813402284048,True,2026-04-28 13:00:00,0.13,0.021547080370609723,0.1702127659574468,2026-04-29 00:00:00,4596.48,收盤,30.520000000000437,8.170000000000181,0.26769331585845557,2026-04
2026-04-29,2.0,25,1,4606.59,4596.2,4587.99,8.210000000000036,96.94600000000028,0.08468632021950377,False,2026-04-29 03:05:00,0.1,0.010315020733191644,0.75,2026-04-29 04:05:00,4587.99,停損,18.600000000000364,-18.700000000000365,-1.0053763440860215,2026-04
2026-04-29,2.5,37,-1,4582.63,4610.34,4587.99,22.350000000000364,96.94600000000028,0.230540713386837,True,2026-04-29 04:05:00,0.13,0.030945062199574932,0.6666666666666666,2026-04-30 00:00:00,4543.51,收盤,27.710000000000036,38.98999999999989,1.4070732587513475,2026-04
2026-04-29,8.0,100,-1,4585.87,4607.73,4590.8,16.92999999999938,96.94600000000028,0.17463330101292815,True,2026-04-29 09:20:00,0.13,0.030945062199574932,0.24242424242424243,2026-04-30 00:00:00,4543.51,收盤,21.859999999999673,42.22999999999967,1.9318389752973606,2026-04
2026-04-29,8.5,113,-1,4575.6,4603.25,4581.38,21.86999999999989,96.94600000000028,0.2255895034349001,True,2026-04-29 10:25:00,0.13,0.030945062199574932,0.21621621621621623,2026-04-30 00:00:00,4543.51,收盤,27.649999999999636,31.960000000000147,1.1558770343580675,2026-04
2026-04-29,9.5,127,-1,4562.45,4588.9,4569.69,19.210000000000036,96.94600000000028,0.19815154828461184,True,2026-04-29 11:35:00,0.13,0.030945062199574932,0.19047619047619047,2026-04-30 00:00:00,4543.51,收盤,26.449999999999818,18.8099999999996,0.7111531190926174,2026-04
2026-04-29,10.5,141,-1,4559.0,4578.8,4564.47,14.329999999999927,96.94600000000028,0.14781424710663552,True,2026-04-29 12:45:00,0.13,0.030945062199574932,0.17391304347826086,2026-04-30 00:00:00,4543.51,收盤,19.800000000000182,15.359999999999781,0.7757575757575575,2026-04
2026-04-30,4.0,68,-1,4558.96,4582.47,4564.6,17.86999999999989,98.45300000000024,0.18150792764059853,True,2026-04-30 06:40:00,0.13,0.010157130813687723,0.6818181818181818,2026-04-30 09:55:00,4582.47,停損,23.51000000000022,-23.640000000000217,-1.005529561888558,2026-04
2026-04-30,3.5,71,-1,4557.37,4581.05,4562.3,18.75,98.45300000000024,0.19044620275664484,True,2026-04-30 06:55:00,0.13,0.010157130813687723,0.6521739130434783,2026-04-30 09:55:00,4581.05,停損,23.68000000000029,-23.81000000000029,-1.0054898648648647,2026-04
2026-04-30,5.0,73,-1,4553.53,4581.94,4559.93,22.00999999999931,98.45300000000024,0.2235584492092598,True,2026-04-30 07:05:00,0.13,0.010157130813687723,0.625,2026-04-30 09:55:00,4581.94,停損,28.409999999999854,-28.539999999999853,-1.0045758535726856,2026-04
2026-04-30,7.0,91,1,4562.3,4557.01,4540.89,16.11999999999989,98.45300000000024,0.163732948716645,False,2026-04-30 08:35:00,0.13,0.010157130813687723,0.0,2026-05-01 00:00:00,4620.62,收盤,21.409999999999854,58.189999999999706,2.7178888369920644,2026-04
2026-04-30,7.5,92,1,4565.73,4559.04,4540.89,18.149999999999636,98.45300000000024,0.1843519242684285,False,2026-04-30 08:40:00,0.13,0.010157130813687723,0.0,2026-05-01 00:00:00,4620.62,收盤,24.839999999999236,54.760000000000325,2.2045088566828506,2026-04
2026-04-30,6.5,101,1,4570.96,4563.97,4545.93,18.039999999999964,98.45300000000024,0.1832346398789262,False,2026-04-30 09:25:00,0.13,0.010157130813687723,0.0,2026-05-01 00:00:00,4620.62,收盤,25.029999999999745,49.52999999999985,1.978825409508604,2026-04
2026-04-30,8.0,103,1,4577.03,4569.64,4541.97,27.670000000000073,98.45300000000024,0.2810478096147401,False,2026-04-30 09:35:00,0.13,0.010157130813687723,0.0,2026-05-01 00:00:00,4620.62,收盤,35.05999999999949,43.46000000000014,1.239589275527689,2026-04
2026-04-30,9.0,117,1,4596.75,4591.59,4560.2,31.390000000000327,98.45300000000024,0.31883233624166096,False,2026-04-30 10:45:00,0.13,0.010157130813687723,0.0,2026-05-01 00:00:00,4620.62,收盤,36.55000000000018,23.739999999999892,0.6495212038303632,2026-04
2026-04-30,9.5,118,1,4600.66,4595.41,4569.51,25.899999999999636,98.45300000000024,0.26306968807450837,False,2026-04-30 10:50:00,0.13,0.010157130813687723,0.0,2026-05-01 00:00:00,4620.62,收盤,31.149999999999636,19.830000000000037,0.6365971107544227,2026-04
2026-04-30,10.0,121,1,4626.46,4605.5,4584.88,20.61999999999989,98.45300000000024,0.20944003737823977,False,2026-04-30 11:05:00,0.13,0.010157130813687723,0.0,2026-05-01 00:00:00,4620.62,收盤,41.57999999999993,-5.970000000000145,-0.14357864357864733,2026-04
2026-04-30,10.5,150,1,4643.65,4629.67,4588.07,41.600000000000364,98.45300000000024,0.42253664184941303,False,2026-04-30 13:30:00,0.13,0.010157130813687723,0.0,2026-05-01 00:00:00,4620.62,收盤,55.57999999999993,-23.159999999999744,-0.41669665347246804,2026-04
2026-05-01,2.0,32,-1,4621.12,4634.04,4626.39,7.649999999999636,102.69200000000028,0.07449460522727784,False,2026-05-01 03:40:00,0.13,0.009737856892455082,0.0,2026-05-01 05:15:00,4634.04,停損,12.920000000000073,-13.050000000000074,-1.0100619195046439,2026-05
2026-05-01,2.5,40,-1,4614.69,4634.04,4620.81,13.229999999999563,102.69200000000028,0.12883184668717648,False,2026-05-01 04:20:00,0.13,0.009737856892455082,0.0,2026-05-01 05:15:00,4634.04,停損,19.350000000000364,-19.480000000000363,-1.0067183462532299,2026-05
2026-05-01,4.5,82,-1,4610.88,4636.02,4616.13,19.890000000000327,102.69200000000028,0.19368597359093478,False,2026-05-01 07:50:00,0.13,0.009737856892455082,0.6296296296296297,2026-05-01 17:05:00,4636.02,停損,25.140000000000327,-25.270000000000326,-1.0051710421638822,2026-05
2026-05-01,7.0,98,-1,4603.02,4628.73,4609.22,19.50999999999931,102.69200000000028,0.18998558797179194,False,2026-05-01 09:10:00,0.13,0.009737856892455082,0.53125,2026-05-01 17:00:00,4628.73,停損,25.709999999999127,-25.839999999999126,-1.0050563982886038,2026-05
2026-05-01,7.5,99,-1,4601.54,4618.18,4607.6,10.579999999999927,102.69200000000028,0.10302652592217407,False,2026-05-01 09:15:00,0.13,0.009737856892455082,0.53125,2026-05-01 16:55:00,4618.18,停損,16.640000000000327,-16.770000000000326,-1.0078124999999998,2026-05
2026-05-01,8.0,100,-1,4596.86,4616.17,4602.98,13.19000000000051,102.69200000000028,0.1284423324114875,False,2026-05-01 09:20:00,0.13,0.009737856892455082,0.5151515151515151,2026-05-01 16:55:00,4616.17,停損,19.3100000000004,-19.4400000000004,-1.0067322630761262,2026-05
2026-05-01,8.5,115,-1,4585.78,4615.41,4593.44,21.970000000000255,102.69200000000028,0.21394071592724065,False,2026-05-01 10:35:00,0.13,0.009737856892455082,0.4473684210526316,2026-05-01 16:55:00,4615.41,停損,29.63000000000011,-29.760000000000108,-1.0043874451569355,2026-05
2026-05-01,9.0,116,-1,4584.96,4607.86,4590.87,16.98999999999978,102.69200000000028,0.1654461886028097,False,2026-05-01 10:40:00,0.13,0.009737856892455082,0.4473684210526316,2026-05-01 16:45:00,4607.86,停損,22.899999999999636,-23.029999999999635,-1.0056768558951965,2026-05
2026-05-01,9.5,119,-1,4579.71,4598.1,4585.28,12.820000000000618,102.69200000000028,0.12483932536128017,False,2026-05-01 10:55:00,0.13,0.009737856892455082,0.4358974358974359,2026-05-01 15:25:00,4598.1,停損,18.390000000000327,-18.520000000000326,-1.007069059271343,2026-05
2026-05-01,10.0,125,-1,4568.77,4598.1,4575.92,22.18000000000029,102.69200000000028,0.21598566587465656,False,2026-05-01 11:25:00,0.13,0.009737856892455082,0.4146341463414634,2026-05-01 15:25:00,4598.1,停損,29.329999999999927,-29.459999999999926,-1.0044323218547562,2026-05
2026-05-01,10.5,143,-1,4561.04,4592.59,4566.5,26.090000000000146,102.69200000000028,0.2540606863241545,False,2026-05-01 12:55:00,0.13,0.009737856892455082,0.3617021276595745,2026-05-01 15:25:00,4592.59,停損,31.550000000000182,-31.68000000000018,-1.004120443740095,2026-05
2026-05-05,2.0,27,1,4527.97,4521.6,4516.22,5.380000000000109,104.69200000000028,0.051388835823177464,False,2026-05-05 03:15:00,0.13,0.009551828219921267,0.375,2026-05-05 03:30:00,4516.22,停損,11.75,-11.88,-1.011063829787234,2026-05
2026-05-05,2.5,37,1,4534.41,4528.58,4513.64,14.9399999999996,104.69200000000028,0.14270431360561991,False,2026-05-05 04:05:00,0.13,0.019103656439842534,0.75,2026-05-06 00:00:00,4556.26,收盤,20.769999999999527,21.720000000000365,1.0457390467020153,2026-05
2026-05-05,3.0,39,1,4538.8,4530.41,4513.64,16.769999999999527,104.69200000000028,0.16018415924807514,False,2026-05-05 04:15:00,0.13,0.019103656439842534,0.75,2026-05-06 00:00:00,4556.26,收盤,25.159999999999854,17.330000000000037,0.6887917329093854,2026-05
2026-05-05,7.0,86,1,4543.11,4536.65,4528.06,8.589999999999236,104.69200000000028,0.0820502044091164,False,2026-05-05 08:10:00,0.13,0.019103656439842534,0.32142857142857145,2026-05-06 00:00:00,4556.26,收盤,15.049999999999272,13.020000000000545,0.8651162790698455,2026-05
2026-05-05,6.5,91,1,4547.12,4539.27,4529.5,9.770000000000437,104.69200000000028,0.09332136170863495,False,2026-05-05 08:35:00,0.13,0.019103656439842534,0.3,2026-05-06 00:00:00,4556.26,收盤,17.61999999999989,9.010000000000327,0.5113507377979786,2026-05
2026-05-05,6.0,92,1,4548.45,4542.71,4532.47,10.239999999999782,104.69200000000028,0.0978107209719917,False,2026-05-05 08:40:00,0.13,0.019103656439842534,0.3,2026-05-06 00:00:00,4556.26,收盤,15.979999999999563,7.6800000000004,0.4806007509387115,2026-05
2026-05-05,7.5,109,1,4552.95,4545.5,4528.06,17.4399999999996,104.69200000000028,0.16658388415542308,False,2026-05-05 10:05:00,0.13,0.019103656439842534,0.25,2026-05-06 00:00:00,4556.26,收盤,24.889999999999418,3.1800000000004003,0.12776215347531036,2026-05
2026-05-05,8.0,131,1,4557.24,4551.7,4531.53,20.170000000000073,104.69200000000028,0.19266037519581267,False,2026-05-05 11:55:00,0.13,0.019103656439842534,0.20930232558139536,2026-05-06 00:00:00,4556.26,收盤,25.710000000000036,-1.1099999999995633,-0.043173862310368016,2026-05
2026-05-05,8.5,132,1,4558.4,4552.08,4533.83,18.25,104.69200000000028,0.17432086501356314,False,2026-05-05 12:00:00,0.13,0.019103656439842534,0.20930232558139536,2026-05-06 00:00:00,4556.26,收盤,24.56999999999971,-2.269999999999418,-0.09238909238906978,2026-05
2026-05-06,2.0,29,1,4602.45,4595.74,4569.54,26.199999999999818,95.53600000000024,0.2742421704907025,True,2026-05-06 03:25:00,0.13,0.0,0.2222222222222222,2026-05-07 00:00:00,4690.66,收盤,32.909999999999854,88.08000000000004,2.6763901549681077,2026-05
2026-05-06,2.5,33,1,4610.41,4604.24,4579.58,24.659999999999854,95.53600000000024,0.2581225925305622,True,2026-05-06 03:45:00,0.13,0.0,0.2,2026-05-07 00:00:00,4690.66,收盤,30.829999999999927,80.12,2.59876743431723,2026-05
2026-05-06,3.0,42,1,4624.99,4619.82,4588.29,31.529999999999745,95.53600000000024,0.3300326578462534,True,2026-05-06 04:30:00,0.13,0.0,0.15384615384615385,2026-05-07 00:00:00,4690.66,收盤,36.69999999999982,65.54000000000008,1.7858310626703107,2026-05
2026-05-06,3.5,50,1,4633.04,4625.64,4602.11,23.530000000000655,95.53600000000024,0.246294590520857,True,2026-05-06 05:10:00,0.13,0.0,0.125,2026-05-07 00:00:00,4690.66,收盤,30.93000000000029,57.48999999999989,1.8587132234076738,2026-05
2026-05-06,4.0,51,1,4633.42,4628.64,4609.58,19.0600000000004,95.53600000000024,0.1995059454027838,True,2026-05-06 05:15:00,0.13,0.0,0.125,2026-05-07 00:00:00,4690.66,收盤,23.840000000000146,57.10999999999978,2.395553691275144,2026-05
2026-05-06,4.5,62,1,4644.74,4636.38,4620.43,15.949999999999818,95.53600000000024,0.16695277173002615,True,2026-05-06 06:10:00,0.13,0.0,0.1,2026-05-07 00:00:00,4690.66,收盤,24.30999999999949,45.79000000000007,1.8835870012341025,2026-05
2026-05-06,5.0,63,1,4647.81,4641.9,4625.36,16.539999999999964,95.53600000000024,0.17312845419527637,True,2026-05-06 06:15:00,0.13,0.0,0.1,2026-05-07 00:00:00,4690.66,收盤,22.450000000000728,42.71999999999945,1.9028953229397803,2026-05
2026-05-06,5.5,96,1,4663.0,4651.19,4626.84,24.349999999999454,95.53600000000024,0.2548777424216985,True,2026-05-06 09:00:00,0.13,0.0,0.06451612903225806,2026-05-07 00:00:00,4690.66,收盤,36.159999999999854,27.529999999999855,0.7613384955752203,2026-05
2026-05-06,8.0,108,1,4669.26,4663.85,4644.67,19.18000000000029,95.53600000000024,0.20076201641266372,True,2026-05-06 10:00:00,0.13,0.0,0.05714285714285714,2026-05-07 00:00:00,4690.66,收盤,24.590000000000146,21.269999999999637,0.8649857665717573,2026-05
2026-05-06,8.5,118,1,4675.33,4666.67,4644.67,22.0,95.53600000000024,0.23027968514486627,True,2026-05-06 10:50:00,0.13,0.0,0.05128205128205128,2026-05-07 00:00:00,4690.66,收盤,30.659999999999854,15.199999999999926,0.4957599478147423,2026-05
2026-05-06,10.0,131,1,4697.42,4681.84,4657.48,24.360000000000582,95.53600000000024,0.2549824150058671,True,2026-05-06 11:55:00,0.13,0.0,0.046511627906976744,2026-05-07 00:00:00,4690.66,收盤,39.94000000000051,-6.890000000000218,-0.17250876314472033,2026-05
2026-05-07,4.5,76,-1,4695.76,4721.35,4701.77,19.579999999999927,107.52800000000016,0.18209210624209413,False,2026-05-07 07:20:00,0.13,0.02789970984301759,0.6,2026-05-07 09:35:00,4721.35,停損,25.590000000000146,-25.720000000000145,-1.0050801094177413,2026-05
2026-05-07,5.0,79,-1,4693.79,4718.55,4699.95,18.600000000000364,107.52800000000016,0.17297820102671244,False,2026-05-07 07:35:00,0.13,0.02789970984301759,0.5769230769230769,2026-05-07 09:35:00,4718.55,停損,24.76000000000022,-24.890000000000217,-1.0052504038772212,2026-05
2026-05-07,8.5,103,1,4733.24,4717.91,4694.94,22.970000000000255,107.52800000000016,0.21361877836470705,True,2026-05-07 09:35:00,0.13,0.0,0.35294117647058826,2026-05-07 20:30:00,4694.94,停損,38.30000000000018,-38.430000000000184,-1.0033942558746738,2026-05
2026-05-08,2.0,37,1,4712.97,4705.6,4684.61,20.99000000000069,106.5420000000001,0.19701150719904517,False,2026-05-08 04:05:00,0.13,0.046929849261324125,0.0,2026-05-09 00:00:00,4715.72,收盤,28.360000000000582,2.62,0.09238363892806581,2026-05
2026-05-08,2.5,40,1,4717.51,4709.5,4694.0,15.5,106.5420000000001,0.1454825327101048,False,2026-05-08 04:20:00,0.13,0.046929849261324125,0.0,2026-05-09 00:00:00,4715.72,收盤,23.51000000000022,-1.9199999999999635,-0.08166737558485519,2026-05
2026-05-08,3.5,49,1,4731.84,4719.4,4696.22,23.17999999999938,106.5420000000001,0.21756678117549286,False,2026-05-08 05:05:00,0.13,0.046929849261324125,0.0,2026-05-09 00:00:00,4715.72,收盤,35.61999999999989,-16.24999999999989,-0.45620437956204213,2026-05
2026-05-08,5.5,67,1,4730.65,4723.57,4707.03,16.539999999999964,106.5420000000001,0.15524394135645989,False,2026-05-08 06:35:00,0.13,0.046929849261324125,0.0,2026-05-08 10:25:00,4707.03,停損,23.61999999999989,-23.74999999999989,-1.0055038103302285,2026-05
2026-05-08,7.0,94,1,4728.85,4723.32,4709.07,14.25,106.5420000000001,0.13375007039477377,False,2026-05-08 08:50:00,0.13,0.046929849261324125,0.0,2026-05-08 10:25:00,4709.07,停損,19.780000000000655,-19.910000000000654,-1.0065722952477247,2026-05
2026-05-12,2.5,37,-1,4743.71,4773.54,4751.69,21.850000000000364,109.29399999999995,0.19991948322872594,False,2026-05-12 04:05:00,0.13,0.036598532398850823,0.75,2026-05-13 00:00:00,4715.08,收盤,29.829999999999927,28.50000000000011,0.9554140127388595,2026-05
2026-05-12,2.0,42,-1,4735.2,4769.55,4746.16,23.390000000000327,109.29399999999995,0.21400991820228318,False,2026-05-12 04:30:00,0.13,0.036598532398850823,0.6923076923076923,2026-05-13 00:00:00,4715.08,收盤,34.350000000000364,19.989999999999892,0.5819505094614171,2026-05
2026-05-12,3.5,44,-1,4724.73,4763.86,4733.87,29.98999999999978,109.29399999999995,0.27439749666038205,False,2026-05-12 04:40:00,0.13,0.036598532398850823,0.6428571428571429,2026-05-13 00:00:00,4715.08,收盤,39.13000000000011,9.519999999999635,0.24329159212879142,2026-05
2026-05-12,4.0,83,-1,4713.56,4755.57,4720.38,35.1899999999996,109.29399999999995,0.32197558877888643,False,2026-05-12 07:55:00,0.13,0.036598532398850823,0.3333333333333333,2026-05-13 00:00:00,4715.08,收盤,42.00999999999931,-1.649999999999527,-0.03927636277075825,2026-05
2026-05-12,6.0,86,-1,4711.15,4733.29,4718.18,15.109999999999673,109.29399999999995,0.13825095613665597,False,2026-05-12 08:10:00,0.13,0.036598532398850823,0.32142857142857145,2026-05-13 00:00:00,4715.08,收盤,22.140000000000327,-4.060000000000291,-0.1833785004516816,2026-05
2026-05-12,7.0,98,-1,4704.68,4730.41,4711.16,19.25,109.29399999999995,0.17613043716946958,False,2026-05-12 09:10:00,0.13,0.036598532398850823,0.28125,2026-05-13 00:00:00,4715.08,收盤,25.729999999999563,-10.529999999999637,-0.4092499028371479,2026-05
2026-05-12,7.5,101,-1,4698.56,4726.44,4708.77,17.669999999999163,109.29399999999995,0.16167401687191585,False,2026-05-12 09:25:00,0.13,0.036598532398850823,0.2727272727272727,2026-05-13 00:00:00,4715.08,收盤,27.8799999999992,-16.649999999999526,-0.5972022955523675,2026-05
2026-05-12,10.5,152,-1,4686.55,4706.82,4695.62,11.199999999999818,109.29399999999995,0.10247589071678063,False,2026-05-12 13:40:00,0.13,0.036598532398850823,0.18,2026-05-12 14:50:00,4706.82,停損,20.269999999999527,-20.399999999999526,-1.0064134188455847,2026-05
2026-05-13,3.5,55,-1,4696.26,4725.25,4702.93,22.31999999999971,108.16299999999993,0.20635522313545043,True,2026-05-13 05:35:00,0.13,0.0,0.4444444444444444,2026-05-14 00:00:00,4688.68,收盤,28.98999999999978,7.449999999999927,0.25698516729906806,2026-05
2026-05-13,4.0,56,-1,4695.0,4717.08,4701.18,15.899999999999636,108.16299999999993,0.14700036056691887,True,2026-05-13 05:40:00,0.13,0.0,0.4444444444444444,2026-05-14 00:00:00,4688.68,收盤,22.079999999999927,6.189999999999709,0.28034420289853845,2026-05
2026-05-13,5.5,85,1,4706.52,4700.76,4687.67,13.090000000000146,108.16299999999993,0.12102105156107129,False,2026-05-13 08:05:00,0.13,0.009245305696032846,0.6785714285714286,2026-05-13 12:25:00,4687.67,停損,18.850000000000364,-18.980000000000363,-1.0068965517241377,2026-05
2026-05-13,7.0,97,1,4709.72,4703.43,4695.52,7.9099999999998545,108.16299999999993,0.07313036805561847,False,2026-05-13 09:05:00,0.13,0.009245305696032846,0.59375,2026-05-13 11:30:00,4695.52,停損,14.199999999999818,-14.329999999999819,-1.0091549295774649,2026-05
2026-05-13,6.0,100,1,4712.97,4705.93,4688.93,17.0,108.16299999999993,0.15717019683255837,False,2026-05-13 09:20:00,0.13,0.009245305696032846,0.5757575757575758,2026-05-13 12:25:00,4688.93,停損,24.039999999999964,-24.169999999999963,-1.0054076539101497,2026-05
2026-05-13,9.0,136,-1,4690.7,4715.44,4699.19,16.25,108.16299999999993,0.15023621756053374,True,2026-05-13 12:20:00,0.13,0.0,0.17777777777777778,2026-05-14 00:00:00,4688.68,收盤,24.73999999999978,1.8899999999995272,0.07639450282940759,2026-05
2026-05-13,8.5,137,-1,4686.81,4715.44,4693.75,21.6899999999996,108.16299999999993,0.20053068054694873,True,2026-05-13 12:25:00,0.13,0.0,0.17777777777777778,2026-05-14 00:00:00,4688.68,收盤,28.6299999999992,-1.9999999999998908,-0.06985679357317313,2026-05
2026-05-14,2.5,58,-1,4682.73,4705.4,4689.57,15.829999999999927,103.89099999999999,0.15237123523693033,True,2026-05-14 05:50:00,0.13,0.009625472851353824,0.631578947368421,2026-05-14 07:30:00,4705.4,停損,22.670000000000073,-22.80000000000007,-1.0057344508160564,2026-05
2026-05-14,3.5,69,-1,4676.37,4707.02,4684.36,22.660000000000764,103.89099999999999,0.218113214811685,True,2026-05-14 06:45:00,0.13,0.009625472851353824,0.5454545454545454,2026-05-14 07:30:00,4707.02,停損,30.650000000000546,-30.780000000000545,-1.0042414355628058,2026-05
2026-05-14,5.0,73,-1,4672.79,4699.69,4680.03,19.659999999999854,103.89099999999999,0.18923679625761478,True,2026-05-14 07:05:00,0.13,0.009625472851353824,0.5,2026-05-14 07:30:00,4699.69,停損,26.899999999999636,-27.029999999999635,-1.004832713754647,2026-05
2026-05-14,7.5,99,-1,4687.87,4712.71,4693.4,19.3100000000004,103.89099999999999,0.1858678807596462,True,2026-05-14 09:15:00,0.13,0.04812736425676912,0.8125,2026-05-14 10:40:00,4712.71,停損,24.840000000000146,-24.970000000000145,-1.0052334943639292,2026-05
2026-05-14,8.0,115,1,4710.35,4704.3,4689.26,15.039999999999964,103.89099999999999,0.14476711168436115,False,2026-05-14 10:35:00,0.13,0.05775283710812294,0.631578947368421,2026-05-14 12:35:00,4689.26,停損,21.090000000000146,-21.220000000000145,-1.0061640587956378,2026-05
2026-05-14,9.5,116,1,4712.27,4706.91,4690.66,16.25,103.89099999999999,0.15641393383449964,False,2026-05-14 10:40:00,0.13,0.05775283710812294,0.631578947368421,2026-05-14 12:05:00,4690.66,停損,21.610000000000582,-21.74000000000058,-1.0060157334567328,2026-05
2026-05-15,2.0,30,-1,4629.88,4665.36,4646.98,18.38000000000011,100.58399999999992,0.18273284021315642,True,2026-05-15 03:30:00,0.13,0.009941939075797351,0.6666666666666666,2026-05-16 00:00:00,4538.63,收盤,35.47999999999956,91.12,2.5682074408117566,2026-05
2026-05-15,2.5,31,-1,4624.17,4665.36,4629.85,35.50999999999931,100.58399999999992,0.3530382565815571,True,2026-05-15 03:35:00,0.13,0.009941939075797351,0.6,2026-05-16 00:00:00,4538.63,收盤,41.1899999999996,85.40999999999997,2.0735615440641126,2026-05
2026-05-15,4.5,85,-1,4600.1,4624.46,4607.26,17.199999999999818,100.58399999999992,0.17100135210371264,True,2026-05-15 08:05:00,0.13,0.009941939075797351,0.21428571428571427,2026-05-16 00:00:00,4538.63,收盤,24.359999999999673,61.34000000000025,2.5180623973727863,2026-05
2026-05-15,7.0,86,-1,4593.21,4621.61,4604.42,17.1899999999996,100.58399999999992,0.1709019327129525,True,2026-05-15 08:10:00,0.13,0.009941939075797351,0.21428571428571427,2026-05-16 00:00:00,4538.63,收盤,28.399999999999636,54.449999999999925,1.9172535211267825,2026-05
2026-05-15,7.5,91,-1,4569.79,4614.97,4580.9,34.07000000000062,100.58399999999992,0.3387218643124219,True,2026-05-15 08:35:00,0.13,0.009941939075797351,0.2,2026-05-16 00:00:00,4538.63,收盤,45.18000000000029,31.029999999999855,0.6868083222664819,2026-05
2026-05-15,9.5,124,-1,4556.84,4588.72,4564.39,24.329999999999927,100.58399999999992,0.24188737771414884,True,2026-05-15 11:20:00,0.13,0.009941939075797351,0.14634146341463414,2026-05-16 00:00:00,4538.63,收盤,31.88000000000011,18.080000000000037,0.5671267252195726,2026-05
2026-05-15,8.5,135,-1,4547.23,4589.92,4556.38,33.539999999999964,100.58399999999992,0.33345263660224284,True,2026-05-15 12:15:00,0.13,0.009941939075797351,0.13636363636363635,2026-05-16 00:00:00,4538.63,收盤,42.69000000000051,8.469999999999454,0.1984071211056302,2026-05
2026-05-19,2.0,35,-1,4566.28,4588.96,4573.8,15.159999999999854,102.63399999999983,0.14770933608745523,False,2026-05-19 03:55:00,0.13,0.00974335990022801,0.7272727272727273,2026-05-20 00:00:00,4481.95,收盤,22.68000000000029,84.19999999999993,3.7125220458553287,2026-05
2026-05-19,2.5,36,-1,4563.35,4589.27,4568.87,20.400000000000546,102.63399999999983,0.19876454196465673,False,2026-05-19 04:00:00,0.13,0.00974335990022801,0.7272727272727273,2026-05-20 00:00:00,4481.95,收盤,25.920000000000073,81.27000000000055,3.135416666666679,2026-05
2026-05-19,3.0,41,-1,4555.83,4589.27,4561.32,27.950000000000728,102.63399999999983,0.27232690921138,False,2026-05-19 04:25:00,0.13,0.00974335990022801,0.6153846153846154,2026-05-20 00:00:00,4481.95,收盤,33.44000000000051,73.75000000000011,2.2054425837320273,2026-05
2026-05-19,3.5,60,-1,4547.16,4576.11,4554.2,21.909999999999854,102.63399999999983,0.2134770154139943,False,2026-05-19 06:00:00,0.13,0.00974335990022801,0.42105263157894735,2026-05-20 00:00:00,4481.95,收盤,28.949999999999818,65.08000000000004,2.2480138169257495,2026-05
2026-05-19,4.5,72,-1,4545.06,4572.35,4551.61,20.74000000000069,102.63399999999983,0.20207728433073568,False,2026-05-19 07:00:00,0.13,0.00974335990022801,0.34782608695652173,2026-05-20 00:00:00,4481.95,收盤,27.289999999999964,62.98000000000058,2.307805056797386,2026-05
2026-05-19,5.0,75,-1,4540.24,4563.9,4546.03,17.86999999999989,102.63399999999983,0.17411384141707348,False,2026-05-19 07:15:00,0.13,0.00974335990022801,0.3333333333333333,2026-05-20 00:00:00,4481.95,收盤,23.659999999999854,58.15999999999996,2.45815722738801,2026-05
2026-05-19,5.5,89,-1,4535.42,4559.92,4543.75,16.170000000000073,102.63399999999983,0.15755012958668765,False,2026-05-19 08:25:00,0.13,0.00974335990022801,0.27586206896551724,2026-05-20 00:00:00,4481.95,收盤,24.5,53.34000000000025,2.1771428571428673,2026-05
2026-05-19,9.5,145,-1,4536.58,4555.33,4543.13,12.199999999999818,102.63399999999983,0.11886899078277996,False,2026-05-19 13:05:00,0.13,0.00974335990022801,0.16666666666666666,2026-05-20 00:00:00,4481.95,收盤,18.75,54.50000000000011,2.9066666666666725,2026-05
2026-05-19,10.0,153,-1,4529.21,4559.37,4541.43,17.9399999999996,102.63399999999983,0.1747958766100866,False,2026-05-19 13:45:00,0.13,0.00974335990022801,0.16,2026-05-20 00:00:00,4481.95,收盤,30.159999999999854,47.130000000000216,1.5626657824933834,2026-05
2026-05-20,2.0,30,1,4502.04,4496.43,4479.88,16.550000000000182,107.77199999999985,0.15356493337787372,False,2026-05-20 03:30:00,0.13,0.009278847938240001,0.2222222222222222,2026-05-20 04:30:00,4479.88,停損,22.159999999999854,-22.289999999999853,-1.0058664259927799,2026-05
2026-05-20,3.5,45,-1,4466.76,4508.86,4472.85,36.00999999999931,107.77199999999985,0.334131314256016,True,2026-05-20 04:45:00,0.13,0.009278847938240001,0.7857142857142857,2026-05-20 17:25:00,4508.86,停損,42.099999999999454,-42.22999999999946,-1.0030878859857484,2026-05
2026-05-20,6.0,91,1,4477.08,4467.18,4453.64,13.539999999999964,107.77199999999985,0.12563560108376928,False,2026-05-20 08:35:00,0.13,0.02783654381472,0.6666666666666666,2026-05-21 00:00:00,4543.83,收盤,23.4399999999996,66.62,2.842150170648513,2026-05
2026-05-20,7.5,110,1,4483.23,4475.35,4456.82,18.530000000000655,107.77199999999985,0.1719370522955933,False,2026-05-20 10:10:00,0.13,0.02783654381472,0.5555555555555556,2026-05-21 00:00:00,4543.83,收盤,26.409999999999854,60.47000000000036,2.289663006436982,2026-05
2026-05-20,9.0,125,1,4484.34,4478.47,4461.48,16.99000000000069,107.77199999999985,0.15764762647070404,False,2026-05-20 11:25:00,0.13,0.02783654381472,0.4878048780487805,2026-05-21 00:00:00,4543.83,收盤,22.860000000000582,59.35999999999978,2.5966754155729777,2026-05
2026-05-20,8.0,126,1,4486.09,4478.99,4461.71,17.279999999999745,107.77199999999985,0.16033849237278486,False,2026-05-20 11:30:00,0.13,0.02783654381472,0.4878048780487805,2026-05-21 00:00:00,4543.83,收盤,24.38000000000011,57.60999999999978,2.3630024610336147,2026-05
2026-05-20,9.5,149,1,4491.54,4485.28,4461.48,23.800000000000182,107.77199999999985,0.2208365809301137,False,2026-05-20 13:25:00,0.13,0.02783654381472,0.40816326530612246,2026-05-21 00:00:00,4543.83,收盤,30.0600000000004,52.15999999999996,1.7351962741184055,2026-05
2026-05-20,10.5,151,1,4492.55,4486.52,4475.18,11.340000000000146,107.77199999999985,0.10522213561964296,False,2026-05-20 13:35:00,0.13,0.02783654381472,0.4,2026-05-20 17:10:00,4475.18,停損,17.36999999999989,-17.49999999999989,-1.0074841681059297,2026-05
2026-05-21,2.5,39,1,4559.92,4553.25,4537.39,15.859999999999673,100.02199999999985,0.15856511567454856,True,2026-05-21 04:15:00,0.13,0.009997800483893558,0.4166666666666667,2026-05-21 05:35:00,4537.39,停損,22.529999999999745,-22.659999999999744,-1.0057700843320019,2026-05
2026-05-21,3.5,58,-1,4534.41,4567.82,4539.72,28.099999999999454,100.02199999999985,0.2809381935974035,False,2026-05-21 05:50:00,0.13,0.019995600967787117,0.7368421052631579,2026-05-22 00:00:00,4542.62,收盤,33.409999999999854,-8.340000000000037,-0.24962586052080435,2026-05
2026-05-21,5.0,89,-1,4525.07,4564.94,4531.55,33.38999999999942,100.02199999999985,0.3338265581572001,False,2026-05-21 08:25:00,0.13,0.019995600967787117,0.4827586206896552,2026-05-22 00:00:00,4542.62,收盤,39.86999999999989,-17.68000000000018,-0.44344118384751013,2026-05
2026-05-21,6.0,108,-1,4521.59,4540.3,4527.25,13.050000000000182,100.02199999999985,0.13047129631481275,False,2026-05-21 10:00:00,0.13,0.019995600967787117,0.4,2026-05-21 12:15:00,4540.3,停損,18.710000000000036,-18.840000000000035,-1.0069481560662747,2026-05
2026-05-21,7.5,114,-1,4512.93,4540.35,4521.6,18.75,100.02199999999985,0.18745875907300422,False,2026-05-21 10:30:00,0.13,0.019995600967787117,0.3783783783783784,2026-05-21 12:15:00,4540.35,停損,27.420000000000073,-27.55000000000007,-1.0047410649161195,2026-05
2026-05-22,3.0,55,-1,4520.11,4541.1,4525.7,15.400000000000546,100.28399999999984,0.15356387858482481,True,2026-05-22 05:35:00,0.13,0.009971680427585674,0.0,2026-05-23 00:00:00,4508.01,收盤,20.99000000000069,11.969999999999454,0.5702715578846622,2026-05
2026-05-22,5.5,78,1,4532.32,4527.13,4518.64,8.489999999999782,100.28399999999984,0.08465956683020019,False,2026-05-22 07:30:00,0.13,0.009971680427585674,0.72,2026-05-22 09:00:00,4518.64,停損,13.679999999999382,-13.809999999999382,-1.0095029239766087,2026-05
2026-05-22,10.0,143,1,4533.16,4527.43,4516.18,11.25,100.28399999999984,0.11218140481033882,False,2026-05-22 12:55:00,0.13,0.02991504128275702,0.6595744680851063,2026-05-22 13:40:00,4516.18,停損,16.979999999999563,-17.109999999999562,-1.007656065959953,2026-05
2026-05-22,9.5,146,1,4535.58,4528.95,4521.52,7.4299999999993815,100.28399999999984,0.07408958557695539,False,2026-05-22 13:10:00,0.13,0.02991504128275702,0.6458333333333334,2026-05-22 13:35:00,4521.52,停損,14.05999999999949,-14.189999999999491,-1.009246088193457,2026-05
2026-05-26,2.0,26,-1,4549.71,4580.16,4555.2,24.960000000000036,95.61099999999979,0.2610578280741765,False,2026-05-26 03:10:00,0.13,0.010459047599125646,0.625,2026-05-27 00:00:00,4507.1,收盤,30.449999999999818,42.47999999999967,1.3950738916256133,2026-05
2026-05-26,2.5,44,-1,4529.72,4568.59,4541.44,27.150000000000546,95.61099999999979,0.283963142316267,False,2026-05-26 04:40:00,0.13,0.010459047599125646,0.35714285714285715,2026-05-27 00:00:00,4507.1,收盤,38.86999999999989,22.489999999999892,0.5785953177257513,2026-05
2026-05-26,6.0,81,-1,4526.25,4545.43,4532.12,13.3100000000004,95.61099999999979,0.13920992354436654,False,2026-05-26 07:45:00,0.13,0.010459047599125646,0.19230769230769232,2026-05-27 00:00:00,4507.1,收盤,19.18000000000029,19.019999999999637,0.991657977059403,2026-05
2026-05-26,9.0,127,-1,4521.39,4536.22,4527.12,9.100000000000364,95.61099999999979,0.09517733315204718,False,2026-05-26 11:35:00,0.13,0.010459047599125646,0.11904761904761904,2026-05-26 13:35:00,4536.22,停損,14.829999999999927,-14.959999999999928,-1.0087660148347943,2026-05
2026-05-26,9.5,140,-1,4516.76,4534.06,4522.14,11.920000000000073,95.61099999999979,0.12467184738157847,False,2026-05-26 12:40:00,0.13,0.010459047599125646,0.10869565217391304,2026-05-26 13:30:00,4534.06,停損,17.300000000000182,-17.43000000000018,-1.007514450867052,2026-05
2026-05-26,10.5,141,-1,4513.3,4539.02,4520.65,18.3700000000008,95.61099999999979,0.19213270439594649,False,2026-05-26 12:45:00,0.13,0.010459047599125646,0.10869565217391304,2026-05-26 13:55:00,4539.02,停損,25.720000000000255,-25.850000000000254,-1.005054432348367,2026-05
2026-05-28,2.0,39,-1,4438.25,4457.88,4443.92,13.960000000000036,99.83999999999969,0.13982371794871876,True,2026-05-28 04:15:00,0.13,0.05008012820512836,0.0,2026-05-28 17:15:00,4457.88,停損,19.63000000000011,-19.760000000000108,-1.0066225165562912,2026-05
2026-05-28,3.5,47,-1,4409.25,4458.95,4417.22,41.72999999999956,99.83999999999969,0.41796874999999695,True,2026-05-28 04:55:00,0.13,0.05008012820512836,0.0,2026-05-28 17:15:00,4458.95,停損,49.69999999999982,-49.82999999999982,-1.00261569416499,2026-05
2026-05-28,4.0,58,-1,4396.19,4458.95,4406.99,51.960000000000036,99.83999999999969,0.5204326923076943,True,2026-05-28 05:50:00,0.13,0.05008012820512836,0.0,2026-05-28 17:15:00,4458.95,停損,62.76000000000022,-62.89000000000022,-1.0020713830465264,2026-05
2026-05-28,4.5,64,-1,4384.54,4426.53,4396.5,30.029999999999745,99.83999999999969,0.3007812499999984,True,2026-05-28 06:20:00,0.13,0.05008012820512836,0.0,2026-05-28 16:00:00,4426.53,停損,41.98999999999978,-42.119999999999784,-1.0030959752321982,2026-05
2026-05-28,5.5,68,-1,4373.29,4410.43,4382.38,28.050000000000182,99.83999999999969,0.28094951923077194,True,2026-05-28 06:40:00,0.13,0.05008012820512836,0.0,2026-05-28 15:55:00,4410.43,停損,37.14000000000033,-37.27000000000033,-1.003500269251481,2026-05
2026-05-28,6.5,95,1,4393.49,4387.94,4366.42,21.519999999999527,99.83999999999969,0.21554487179486773,False,2026-05-28 08:55:00,0.13,0.010016025641025671,0.8064516129032258,2026-05-29 00:00:00,4496.36,收盤,27.06999999999971,102.7399999999999,3.7953454008127445,2026-05
2026-05-28,9.0,138,1,4396.48,4390.69,4374.35,16.339999999999236,99.83999999999969,0.16366185897435184,False,2026-05-28 12:30:00,0.13,0.010016025641025671,0.5555555555555556,2026-05-29 00:00:00,4496.36,收盤,22.1299999999992,99.75000000000011,4.507455942160132,2026-05
2026-05-28,9.5,146,1,4401.45,4396.33,4376.97,19.359999999999673,99.83999999999969,0.19391025641025372,False,2026-05-28 13:10:00,0.13,0.010016025641025671,0.5208333333333334,2026-05-28 13:55:00,4376.97,停損,24.479999999999563,-24.609999999999562,-1.0053104575163399,2026-05
2026-05-29,6.5,97,1,4519.18,4511.76,4494.94,16.82000000000062,107.40399999999973,0.15660496815761668,True,2026-05-29 09:05:00,0.13,0.0,0.21875,2026-05-30 00:00:00,4541.22,收盤,24.24000000000069,21.909999999999965,0.9038778877887517,2026-05
2026-05-29,8.5,135,1,4529.06,4522.46,4502.74,19.720000000000255,107.40399999999973,0.1836058247365117,True,2026-05-29 12:15:00,0.13,0.0,0.1590909090909091,2026-05-30 00:00:00,4541.22,收盤,26.32000000000062,12.029999999999854,0.4570668693008956,2026-05
2026-05-29,10.0,141,1,4532.46,4526.17,4510.77,15.399999999999636,107.40399999999973,0.1433838590741469,True,2026-05-29 12:45:00,0.13,0.0,0.15217391304347827,2026-05-30 00:00:00,4541.22,收盤,21.6899999999996,8.630000000000217,0.39787920700785506,2026-05
2026-06-03,2.5,32,1,4491.85,4483.29,4462.6,20.6899999999996,97.53399999999984,0.2121311542641503,True,2026-06-03 03:40:00,0.13,0.0,0.5,2026-06-03 08:35:00,4462.6,停損,29.25,-29.38,-1.0044444444444445,2026-06
2026-06-03,2.0,33,1,4495.88,4488.69,4462.27,26.419999999999163,97.53399999999984,0.2708798982918696,True,2026-06-03 03:45:00,0.13,0.0,0.5,2026-06-03 08:35:00,4462.27,停損,33.60999999999967,-33.739999999999675,-1.0038678964593872,2026-06
2026-06-03,3.0,41,-1,4466.34,4496.75,4473.9,22.850000000000364,97.53399999999984,0.23427727766727913,False,2026-06-03 04:25:00,0.13,0.0,0.7692307692307693,2026-06-04 00:00:00,4433.99,收盤,30.409999999999854,32.22000000000036,1.0595198947714737,2026-06
2026-06-03,4.5,75,1,4486.92,4481.44,4464.91,16.529999999999745,97.53399999999984,0.16947936104332614,True,2026-06-03 07:15:00,0.13,0.0,0.20833333333333334,2026-06-03 08:35:00,4464.91,停損,22.01000000000022,-22.140000000000217,-1.0059064061790095,2026-06
2026-06-03,6.0,79,-1,4474.8,4487.6,4481.91,5.690000000000509,97.53399999999984,0.05833863063137489,False,2026-06-03 07:35:00,0.13,0.0,0.38461538461538464,2026-06-04 00:00:00,4433.99,收盤,12.800000000000182,40.6800000000004,3.178124999999986,2026-06
2026-06-03,6.5,80,-1,4471.58,4488.18,4477.14,11.039999999999964,97.53399999999984,0.11319129739372918,False,2026-06-03 07:40:00,0.13,0.0,0.38461538461538464,2026-06-04 00:00:00,4433.99,收盤,16.600000000000364,37.46000000000014,2.2566265060240553,2026-06
2026-06-03,5.0,91,-1,4465.06,4485.14,4472.86,12.280000000000655,97.53399999999984,0.12590481268071313,False,2026-06-03 08:35:00,0.13,0.0,0.3333333333333333,2026-06-04 00:00:00,4433.99,收盤,20.079999999999927,30.94000000000062,1.5408366533864906,2026-06
2026-06-03,7.0,93,-1,4462.01,4488.18,4468.36,19.82000000000062,97.53399999999984,0.2032111878934592,False,2026-06-03 08:45:00,0.13,0.0,0.3333333333333333,2026-06-04 00:00:00,4433.99,收盤,26.170000000000073,27.890000000000438,1.0657241115781566,2026-06
2026-06-03,7.5,96,-1,4457.05,4477.38,4466.21,11.170000000000073,97.53399999999984,0.1145241659318811,False,2026-06-03 09:00:00,0.13,0.0,0.3225806451612903,2026-06-04 00:00:00,4433.99,收盤,20.329999999999927,22.9300000000004,1.127889818002975,2026-06
2026-06-03,8.0,125,-1,4451.48,4474.22,4456.7,17.520000000000437,97.53399999999984,0.17962966760309704,False,2026-06-03 11:25:00,0.13,0.0,0.24390243902439024,2026-06-04 00:00:00,4433.99,收盤,22.74000000000069,17.359999999999783,0.7634124890061238,2026-06
2026-06-03,9.0,131,-1,4444.88,4470.91,4455.33,15.579999999999927,97.53399999999984,0.15973916787991832,False,2026-06-03 11:55:00,0.13,0.0,0.23255813953488372,2026-06-04 00:00:00,4433.99,收盤,26.029999999999745,10.760000000000327,0.4133691893968664,2026-06
2026-06-04,2.0,41,1,4469.85,4464.72,4445.43,19.289999999999964,94.6579999999999,0.20378626212258852,False,2026-06-04 04:25:00,0.13,0.05282173720129313,0.07692307692307693,2026-06-05 00:00:00,4475.62,收盤,24.420000000000073,5.639999999999527,0.2309582309582109,2026-06
2026-06-04,2.5,58,1,4470.41,4465.28,4446.35,18.92999999999938,94.6579999999999,0.19998309704408926,False,2026-06-04 05:50:00,0.13,0.05282173720129313,0.05263157894736842,2026-06-05 00:00:00,4475.62,收盤,24.05999999999949,5.0800000000000365,0.2111388196176286,2026-06
2026-06-04,4.5,60,1,4475.07,4470.2,4455.63,14.569999999999709,94.6579999999999,0.1539225422045651,False,2026-06-04 06:00:00,0.13,0.05282173720129313,0.05263157894736842,2026-06-05 00:00:00,4475.62,收盤,19.4399999999996,0.4200000000001819,0.021604938271614738,2026-06
2026-06-04,4.0,79,1,4480.18,4473.7,4443.45,30.25,94.6579999999999,0.3195715100678234,False,2026-06-04 07:35:00,0.13,0.05282173720129313,0.038461538461538464,2026-06-05 00:00:00,4475.62,收盤,36.73000000000047,-4.6900000000004,-0.12768853797986224,2026-06
2026-06-04,6.5,80,1,4481.11,4476.32,4458.44,17.88000000000011,94.6579999999999,0.1888905322318254,False,2026-06-04 07:40:00,0.13,0.05282173720129313,0.038461538461538464,2026-06-04 17:55:00,4458.44,停損,22.670000000000073,-22.80000000000007,-1.0057344508160564,2026-06
2026-06-04,5.0,81,1,4482.83,4476.48,4455.63,20.849999999999454,94.6579999999999,0.2202666441293866,False,2026-06-04 07:45:00,0.13,0.05282173720129313,0.038461538461538464,2026-06-05 00:00:00,4475.62,收盤,27.199999999999818,-7.340000000000036,-0.26985294117647374,2026-06
2026-06-04,7.5,110,-1,4465.69,4484.04,4471.01,13.029999999999745,94.6579999999999,0.13765344714656721,True,2026-06-04 10:10:00,0.13,0.010564347440258626,0.7222222222222222,2026-06-04 14:30:00,4484.04,停損,18.350000000000364,-18.480000000000363,-1.00708446866485,2026-06
2026-06-04,8.0,117,-1,4461.43,4482.42,4466.95,15.470000000000255,94.6579999999999,0.16343045490080363,True,2026-06-04 10:45:00,0.13,0.010564347440258626,0.6842105263157895,2026-06-04 14:30:00,4482.42,停損,20.98999999999978,-21.11999999999978,-1.0061934254406861,2026-06
2026-06-04,10.5,143,1,4474.99,4467.96,4458.56,9.399999999999636,94.6579999999999,0.09930486593842724,False,2026-06-04 12:55:00,0.13,0.05282173720129313,0.02127659574468085,2026-06-04 17:55:00,4458.56,停損,16.42999999999938,-16.55999999999938,-1.0079123554473526,2026-06
2026-06-05,2.0,27,-1,4455.33,4474.06,4460.63,13.430000000000291,95.59399999999997,0.14048998891144104,False,2026-06-05 03:15:00,0.13,0.010460907588342368,0.25,2026-06-05 14:55:00,4474.06,停損,18.730000000000473,-18.860000000000472,-1.0069407367859047,2026-06
2026-06-05,2.5,55,-1,4444.95,4469.62,4450.7,18.920000000000073,95.59399999999997,0.19792037157143838,False,2026-06-05 05:35:00,0.13,0.010460907588342368,0.1111111111111111,2026-06-05 14:55:00,4469.62,停損,24.670000000000073,-24.80000000000007,-1.005269558167815,2026-06
2026-06-05,3.5,57,-1,4442.94,4470.01,4449.36,20.650000000000546,95.59399999999997,0.21601774169927562,False,2026-06-05 05:45:00,0.13,0.010460907588342368,0.1111111111111111,2026-06-05 14:55:00,4470.01,停損,27.07000000000062,-27.200000000000617,-1.0048023642408568,2026-06
2026-06-05,4.0,61,-1,4438.5,4470.01,4444.16,25.850000000000364,95.59399999999997,0.27041446115865403,False,2026-06-05 06:05:00,0.13,0.010460907588342368,0.1,2026-06-05 14:55:00,4470.01,停損,31.51000000000022,-31.640000000000217,-1.0041256743890827,2026-06
2026-06-05,4.5,65,-1,4437.37,4459.72,4442.48,17.24000000000069,95.59399999999997,0.18034604682302965,False,2026-06-05 06:25:00,0.13,0.010460907588342368,0.09523809523809523,2026-06-05 10:15:00,4459.72,停損,22.350000000000364,-22.480000000000363,-1.0058165548098432,2026-06
2026-06-09,2.0,42,1,4335.46,4328.9,4313.02,15.8799999999992,108.43600000000006,0.14644582979821452,False,2026-06-09 04:30:00,0.13,0.0184440591685418,0.5384615384615384,2026-06-09 17:20:00,4313.02,停損,22.4399999999996,-22.5699999999996,-1.0057932263814617,2026-06
2026-06-09,7.5,91,1,4342.8,4337.16,4324.27,12.889999999999418,108.43600000000006,0.11887196134124654,False,2026-06-09 08:35:00,0.13,0.0184440591685418,0.23333333333333334,2026-06-09 10:20:00,4324.27,停損,18.529999999999745,-18.659999999999744,-1.007015650296816,2026-06
2026-06-09,5.0,93,1,4348.2,4340.99,4328.28,12.710000000000036,108.43600000000006,0.11721199601608348,False,2026-06-09 08:45:00,0.13,0.0184440591685418,0.23333333333333334,2026-06-09 10:15:00,4328.28,停損,19.920000000000073,-20.05000000000007,-1.0065261044176705,2026-06
2026-06-09,8.5,116,-1,4325.67,4351.46,4332.07,19.390000000000327,108.43600000000006,0.1788151536390158,True,2026-06-09 10:40:00,0.13,0.0184440591685418,0.7894736842105263,2026-06-09 16:50:00,4351.46,停損,25.789999999999964,-25.919999999999963,-1.0050407134548274,2026-06
2026-06-09,8.0,121,-1,4323.21,4351.46,4330.96,20.5,108.43600000000006,0.18905160647755348,True,2026-06-09 11:05:00,0.13,0.0184440591685418,0.75,2026-06-09 16:50:00,4351.46,停損,28.25,-28.38,-1.0046017699115044,2026-06
2026-06-10,2.0,33,-1,4204.35,4247.26,4210.51,36.75,111.35900000000011,0.3300137393475154,True,2026-06-10 03:45:00,0.13,0.0,0.0,2026-06-11 00:00:00,4070.5,收盤,42.909999999999854,133.72000000000037,3.116289909112114,2026-06
2026-06-10,3.0,45,-1,4187.24,4228.36,4199.2,29.159999999999854,111.35900000000011,0.26185579971084355,True,2026-06-10 04:45:00,0.13,0.0,0.0,2026-06-11 00:00:00,4070.5,收盤,41.11999999999989,116.60999999999979,2.8358463035019477,2026-06
2026-06-10,3.5,50,-1,4181.25,4220.73,4187.28,33.44999999999982,111.35900000000011,0.3003798525489613,True,2026-06-10 05:10:00,0.13,0.0,0.0,2026-06-10 09:10:00,4220.73,停損,39.47999999999956,-39.609999999999566,-1.0032928064842959,2026-06
2026-06-10,4.0,59,-1,4175.12,4218.88,4183.83,35.05000000000018,111.35900000000011,0.31474779766341426,True,2026-06-10 05:55:00,0.13,0.0,0.0,2026-06-10 09:10:00,4218.88,停損,43.76000000000022,-43.89000000000022,-1.0029707495429616,2026-06
2026-06-10,9.0,114,-1,4194.92,4221.86,4201.84,20.019999999999527,111.35900000000011,0.17977891324454698,True,2026-06-10 10:30:00,0.13,0.0,0.0,2026-06-11 00:00:00,4070.5,收盤,26.9399999999996,124.29000000000008,4.613585746102522,2026-06
2026-06-10,9.5,119,-1,4182.15,4213.59,4193.59,20.0,111.35900000000011,0.17959931393062062,True,2026-06-10 10:55:00,0.13,0.0,0.0,2026-06-11 00:00:00,4070.5,收盤,31.44000000000051,111.51999999999964,3.5470737913485317,2026-06
2026-06-10,8.0,121,-1,4164.22,4209.06,4173.55,35.51000000000022,111.35900000000011,0.31887858188381885,True,2026-06-10 11:05:00,0.13,0.0,0.0,2026-06-11 00:00:00,4070.5,收盤,44.840000000000146,93.59000000000026,2.0871989295272066,2026-06
2026-06-11,2.0,34,1,4071.4,4064.58,4023.81,40.76999999999998,116.95400000000014,0.3485985943191335,False,2026-06-11 03:50:00,0.13,0.01710074046206199,0.36363636363636365,2026-06-12 00:00:00,4211.4,收盤,47.590000000000146,139.86999999999955,2.93906282832526,2026-06
2026-06-11,2.5,37,1,4079.27,4072.72,4036.1,36.61999999999989,116.95400000000014,0.3131145578603541,False,2026-06-11 04:05:00,0.13,0.01710074046206199,0.3333333333333333,2026-06-12 00:00:00,4211.4,收盤,43.17000000000007,131.99999999999966,3.057678943710897,2026-06
2026-06-11,3.0,39,1,4086.84,4078.09,4036.1,41.99000000000024,116.95400000000014,0.3590300460009935,False,2026-06-11 04:15:00,0.13,0.01710074046206199,0.3333333333333333,2026-06-12 00:00:00,4211.4,收盤,50.74000000000024,124.4299999999995,2.4523058730784175,2026-06
2026-06-11,3.5,44,1,4114.74,4108.67,4059.27,49.40000000000009,116.95400000000014,0.4223882894129319,False,2026-06-11 04:40:00,0.13,0.01710074046206199,0.2857142857142857,2026-06-11 05:45:00,4059.27,停損,55.4699999999998,-55.5999999999998,-1.0023436091581035,2026-06
2026-06-11,4.5,55,-1,4073.25,4118.09,4081.68,36.41000000000031,116.95400000000014,0.3113189801118411,True,2026-06-11 05:35:00,0.13,0.008550370231030995,0.7777777777777778,2026-06-11 20:35:00,4118.09,停損,44.840000000000146,-44.97000000000015,-1.002899197145406,2026-06
2026-06-11,4.0,57,-1,4059.61,4118.09,4066.36,51.73000000000002,116.95400000000014,0.4423106520512335,True,2026-06-11 05:45:00,0.13,0.008550370231030995,0.7777777777777778,2026-06-11 20:35:00,4118.09,停損,58.48000000000002,-58.61000000000002,-1.0022229822161424,2026-06
2026-06-11,5.5,91,1,4095.2,4085.09,4052.59,32.5,116.95400000000014,0.27788703250850727,False,2026-06-11 08:35:00,0.13,0.01710074046206199,0.13333333333333333,2026-06-12 00:00:00,4211.4,收盤,42.60999999999967,116.06999999999982,2.724008448720974,2026-06
2026-06-11,9.0,112,1,4104.99,4097.53,4076.41,21.11999999999989,116.95400000000014,0.18058381927937364,False,2026-06-11 10:20:00,0.13,0.01710074046206199,0.10810810810810811,2026-06-11 15:15:00,4076.41,停損,28.579999999999927,-28.709999999999926,-1.004548635409377,2026-06
2026-06-11,10.0,132,-1,4084.57,4110.59,4091.87,18.720000000000255,116.95400000000014,0.16006293072490238,True,2026-06-11 12:00:00,0.13,0.008550370231030995,0.32558139534883723,2026-06-11 20:35:00,4110.59,停損,26.019999999999982,-26.14999999999998,-1.0049961568024597,2026-06
2026-06-12,2.0,33,-1,4203.94,4245.83,4214.27,31.55999999999949,121.56400000000012,0.2596163337830234,False,2026-06-12 03:45:00,0.13,0.008226119574874131,0.3,2026-06-13 00:00:00,4218.65,收盤,41.89000000000033,-14.840000000000037,-0.35426116018142567,2026-06
2026-06-12,2.5,35,-1,4200.96,4230.53,4207.5,23.029999999999745,121.56400000000012,0.18944753380934917,False,2026-06-12 03:55:00,0.13,0.008226119574874131,0.2727272727272727,2026-06-12 18:30:00,4230.53,停損,29.56999999999971,-29.699999999999708,-1.004396347649645,2026-06
2026-06-12,3.0,37,-1,4184.91,4230.53,4200.86,29.670000000000073,121.56400000000012,0.2440689677865161,False,2026-06-12 04:05:00,0.13,0.008226119574874131,0.25,2026-06-12 18:30:00,4230.53,停損,45.61999999999989,-45.74999999999989,-1.0028496273564227,2026-06
2026-06-12,6.0,91,-1,4180.25,4204.93,4189.65,15.280000000000655,121.56400000000012,0.12569510710408213,False,2026-06-12 08:35:00,0.13,0.008226119574874131,0.1,2026-06-12 11:15:00,4204.93,停損,24.68000000000029,-24.81000000000029,-1.0052674230145866,2026-06
2026-06-12,5.0,92,-1,4174.91,4200.1,4182.79,17.3100000000004,121.56400000000012,0.14239412984107452,False,2026-06-12 08:40:00,0.13,0.008226119574874131,0.1,2026-06-12 11:05:00,4200.1,停損,25.19000000000051,-25.32000000000051,-1.0051607780865421,2026-06
2026-06-16,7.0,101,-1,4314.86,4332.21,4321.28,10.930000000000291,123.77000000000007,0.08830896016805595,False,2026-06-16 09:25:00,0.13,0.008079502302658153,0.696969696969697,2026-06-16 10:35:00,4332.21,停損,17.350000000000364,-17.480000000000363,-1.0074927953890487,2026-06
2026-06-16,8.5,122,1,4339.15,4330.85,4313.55,17.300000000000182,123.77000000000007,0.1397753898359875,True,2026-06-16 11:10:00,0.13,0.008079502302658153,0.025,2026-06-16 17:35:00,4313.55,停損,25.599999999999454,-25.729999999999453,-1.005078125,2026-06
2026-06-17,4.5,59,-1,4330.08,4344.44,4336.97,7.469999999999345,120.81000000000013,0.06183262974918746,False,2026-06-17 05:55:00,0.13,0.016554920950252443,0.631578947368421,2026-06-17 16:55:00,4344.44,停損,14.359999999999673,-14.489999999999673,-1.0090529247910867,2026-06
2026-06-17,3.5,78,-1,4324.6,4349.69,4332.26,17.42999999999938,120.81000000000013,0.14427613608144493,False,2026-06-17 07:30:00,0.13,0.016554920950252443,0.48,2026-06-17 17:25:00,4349.69,停損,25.089999999999236,-25.219999999999235,-1.005181347150259,2026-06
2026-06-17,5.0,79,-1,4318.09,4344.44,4329.81,14.6299999999992,120.81000000000013,0.12109924675109,False,2026-06-17 07:35:00,0.13,0.016554920950252443,0.46153846153846156,2026-06-17 16:55:00,4344.44,停損,26.349999999999454,-26.479999999999453,-1.0049335863377609,2026-06
2026-06-18,2.0,25,1,4292.26,4283.94,4264.26,19.67999999999938,130.0960000000001,0.15127290616159889,False,2026-06-18 03:05:00,0.13,0.04611978846390355,0.0,2026-06-18 12:05:00,4264.26,停損,28.0,-28.13,-1.0046428571428572,2026-06
2026-06-18,2.5,33,1,4311.01,4301.26,4268.07,33.19000000000051,130.0960000000001,0.25511929651949705,False,2026-06-18 03:45:00,0.13,0.04611978846390355,0.0,2026-06-18 12:00:00,4268.07,停損,42.94000000000051,-43.07000000000051,-1.003027480204937,2026-06
2026-06-18,3.0,39,1,4323.04,4315.32,4276.6,38.719999999999345,130.0960000000001,0.29762636822038585,False,2026-06-18 04:15:00,0.13,0.04611978846390355,0.0,2026-06-18 11:55:00,4276.6,停損,46.4399999999996,-46.5699999999996,-1.002799310938846,2026-06
2026-06-18,5.0,94,-1,4303.03,4329.87,4310.48,19.390000000000327,130.0960000000001,0.14904378305251748,True,2026-06-18 08:50:00,0.13,0.0,0.5161290322580645,2026-06-19 00:00:00,4208.15,收盤,26.840000000000146,94.75000000000011,3.530178837555872,2026-06
2026-06-18,8.0,116,-1,4294.43,4324.7,4301.28,23.420000000000073,130.0960000000001,0.18002090763743742,True,2026-06-18 10:40:00,0.13,0.0,0.42105263157894735,2026-06-19 00:00:00,4208.15,收盤,30.269999999999527,86.15000000000066,2.8460521968946813,2026-06
2026-06-18,8.5,120,-1,4288.68,4324.7,4296.28,28.420000000000073,130.0960000000001,0.21845406469069037,True,2026-06-18 11:00:00,0.13,0.0,0.41025641025641024,2026-06-19 00:00:00,4208.15,收盤,36.01999999999953,80.40000000000066,2.23209328151032,2026-06
2026-06-18,10.0,130,-1,4279.26,4309.47,4287.48,21.99000000000069,130.0960000000001,0.1690290247202118,True,2026-06-18 11:50:00,0.13,0.0,0.37209302325581395,2026-06-19 00:00:00,4208.15,收盤,30.210000000000036,70.98000000000059,2.3495531281032935,2026-06
2026-06-18,10.5,131,-1,4277.4,4307.75,4284.05,23.699999999999818,130.0960000000001,0.1821731644324176,True,2026-06-18 11:55:00,0.13,0.0,0.37209302325581395,2026-06-19 00:00:00,4208.15,收盤,30.350000000000364,69.12,2.2774299835255083,2026-06
2026-06-19,2.0,51,-1,4179.96,4208.35,4186.89,21.460000000000036,133.77900000000008,0.1604138168172884,True,2026-06-19 05:15:00,0.13,0.02242504428946246,0.0,2026-06-19 20:00:00,4155.57,收盤,28.390000000000327,24.26000000000033,0.8545262416343801,2026-06
2026-06-19,5.5,72,-1,4153.56,4183.68,4165.22,18.460000000000036,133.77900000000008,0.13798877252782593,True,2026-06-19 07:00:00,0.13,0.02242504428946246,0.0,2026-06-19 20:00:00,4155.57,收盤,30.11999999999989,-2.1399999999993087,-0.07104913678616588,2026-06
2026-06-19,6.0,81,-1,4135.41,4177.29,4146.29,31.0,133.77900000000008,0.23172545765777874,True,2026-06-19 07:45:00,0.13,0.02242504428946246,0.0,2026-06-19 11:30:00,4177.29,停損,41.88000000000011,-42.01000000000011,-1.003104106972302,2026-06
2026-06-19,6.5,83,-1,4128.27,4167.78,4141.51,26.269999999999527,133.77900000000008,0.19636863782805605,True,2026-06-19 07:55:00,0.13,0.02242504428946246,0.0,2026-06-19 11:20:00,4167.78,停損,39.50999999999931,-39.63999999999931,-1.003290306251582,2026-06
2026-06-19,7.5,109,1,4156.14,4147.43,4121.82,25.610000000000582,133.77900000000008,0.1914351280843822,False,2026-06-19 10:05:00,0.13,0.029900059052616612,0.7777777777777778,2026-06-19 20:00:00,4155.57,收盤,34.32000000000062,-0.7000000000006185,-0.02039627039628805,2026-06
2026-06-19,9.0,110,1,4159.14,4150.54,4132.87,17.670000000000073,133.77900000000008,0.13208351086493442,False,2026-06-19 10:10:00,0.13,0.029900059052616612,0.7777777777777778,2026-06-19 20:00:00,4155.57,收盤,26.270000000000437,-3.7000000000006183,-0.1408450704225564,2026-06
2026-06-19,9.5,124,1,4170.29,4160.09,4132.87,27.220000000000255,133.77900000000008,0.20346990185305794,False,2026-06-19 11:20:00,0.13,0.029900059052616612,0.6829268292682927,2026-06-19 20:00:00,4155.57,收盤,37.42000000000007,-14.850000000000255,-0.39684660609300443,2026-06
2026-06-19,10.5,162,-1,4144.23,4177.68,4151.13,26.550000000000182,133.77900000000008,0.19846164196174412,True,2026-06-19 14:30:00,0.13,0.02242504428946246,0.0,2026-06-19 16:00:00,4177.68,停損,33.45000000000073,-33.58000000000073,-1.0038863976083707,2026-06
2026-06-23,2.0,27,-1,4178.84,4195.38,4186.85,8.529999999999745,125.92100000000019,0.06774088515815259,False,2026-06-23 03:15:00,0.13,0.007941487122878618,0.75,2026-06-23 04:05:00,4195.38,停損,16.539999999999964,-16.669999999999963,-1.0078597339782345,2026-06
2026-06-23,4.0,61,-1,4142.33,4198.38,4150.17,48.210000000000036,125.92100000000019,0.38285909419397846,False,2026-06-23 06:05:00,0.13,0.023824461368635856,0.6,2026-06-24 00:00:00,4109.67,收盤,56.05000000000018,32.52999999999985,0.5803746654772479,2026-06
2026-06-23,5.0,64,-1,4133.26,4163.51,4146.65,16.860000000000582,125.92100000000019,0.1338934728917381,False,2026-06-23 06:20:00,0.13,0.023824461368635856,0.5714285714285714,2026-06-24 00:00:00,4109.67,收盤,30.25,23.460000000000147,0.7755371900826494,2026-06
2026-06-23,5.5,84,-1,4118.19,4162.32,4130.9,31.420000000000073,125.92100000000019,0.24952152540084677,False,2026-06-23 08:00:00,0.13,0.023824461368635856,0.4444444444444444,2026-06-24 00:00:00,4109.67,收盤,44.13000000000011,8.389999999999526,0.1901200997054046,2026-06
2026-06-23,7.0,117,-1,4104.97,4146.97,4114.89,32.07999999999993,125.92100000000019,0.2547629069019455,False,2026-06-23 10:45:00,0.13,0.023824461368635856,0.3157894736842105,2026-06-24 00:00:00,4109.67,收盤,42.0,-4.829999999999818,-0.11499999999999566,2026-06
2026-06-23,8.5,119,-1,4100.68,4133.63,4111.26,22.36999999999989,125.92100000000019,0.17765106693879382,False,2026-06-23 10:55:00,0.13,0.023824461368635856,0.3076923076923077,2026-06-23 16:50:00,4133.63,停損,32.94999999999982,-33.07999999999982,-1.0039453717754174,2026-06
2026-06-24,2.0,37,-1,4073.55,4104.43,4080.92,23.51000000000022,123.9900000000002,0.18961206548915382,True,2026-06-24 04:05:00,0.13,0.0,0.08333333333333333,2026-06-25 00:00:00,4001.02,收盤,30.88000000000011,72.4000000000002,2.3445595854922265,2026-06
2026-06-24,3.5,56,-1,4060.77,4100.81,4068.54,32.27000000000044,123.9900000000002,0.2602629244293926,True,2026-06-24 05:40:00,0.13,0.0,0.05555555555555555,2026-06-25 00:00:00,4001.02,收盤,40.04000000000042,59.62,1.4890109890109733,2026-06
2026-06-24,7.0,90,1,4073.55,4067.23,4055.09,12.139999999999873,123.9900000000002,0.09791112186466533,False,2026-06-24 08:30:00,0.13,0.01613033309137831,0.7241379310344828,2026-06-24 14:00:00,4055.09,停損,18.460000000000036,-18.590000000000035,-1.0070422535211268,2026-06
2026-06-24,6.0,91,1,4082.17,4070.67,4050.45,20.220000000000255,123.9900000000002,0.1630776675538368,False,2026-06-24 08:35:00,0.13,0.01613033309137831,0.7,2026-06-24 14:10:00,4050.45,停損,31.720000000000255,-31.850000000000254,-1.0040983606557377,2026-06
2026-06-24,5.5,98,1,4090.69,4076.54,4050.45,26.090000000000146,123.9900000000002,0.21042019517703126,False,2026-06-24 09:10:00,0.13,0.01613033309137831,0.65625,2026-06-24 14:10:00,4050.45,停損,40.24000000000024,-40.37000000000024,-1.003230616302187,2026-06
2026-06-24,8.0,99,1,4096.01,4086.2,4060.81,25.389999999999873,123.9900000000002,0.20477457859504664,False,2026-06-24 09:15:00,0.13,0.01613033309137831,0.65625,2026-06-24 13:05:00,4060.81,停損,35.20000000000027,-35.330000000000275,-1.0036931818181818,2026-06
2026-06-24,9.0,138,-1,4069.36,4097.59,4075.91,21.68000000000029,123.9900000000002,0.17485281071054323,True,2026-06-24 12:30:00,0.13,0.0,0.022222222222222223,2026-06-25 00:00:00,4001.02,收盤,28.230000000000018,68.21000000000015,2.416223875309958,2026-06
2026-06-24,10.0,144,-1,4064.64,4090.83,4073.77,17.059999999999945,123.9900000000002,0.13759174126945656,True,2026-06-24 13:00:00,0.13,0.0,0.02127659574468085,2026-06-25 00:00:00,4001.02,收盤,26.190000000000055,63.48999999999989,2.4242077128674975,2026-06
2026-06-25,2.5,31,-1,3987.86,4018.67,3995.42,23.25,120.24300000000021,0.19335844914049016,True,2026-06-25 03:35:00,0.13,0.008316492436150114,0.6,2026-06-25 15:55:00,4018.67,停損,30.809999999999945,-30.939999999999944,-1.0042194092827004,2026-06
2026-06-25,2.0,32,-1,3982.59,4018.67,3990.92,27.75,120.24300000000021,0.2307826651031657,True,2026-06-25 03:40:00,0.13,0.008316492436150114,0.6,2026-06-25 15:55:00,4018.67,停損,36.07999999999993,-36.20999999999993,-1.0036031042128604,2026-06
2026-06-25,3.0,50,-1,3965.87,4016.44,3978.61,37.82999999999993,120.24300000000021,0.3146129088595582,True,2026-06-25 05:10:00,0.13,0.008316492436150114,0.375,2026-06-25 15:50:00,4016.44,停損,50.570000000000164,-50.700000000000166,-1.0025706940874037,2026-06
2026-06-25,5.0,71,1,3997.41,3991.21,3963.64,27.570000000000164,120.24300000000021,0.22928569646466004,False,2026-06-25 06:55:00,0.13,0.024949477308450346,0.6956521739130435,2026-06-26 00:00:00,4026.69,收盤,33.76999999999998,29.1500000000002,0.8631921824104298,2026-06
2026-06-25,7.5,100,-1,3974.77,4000.03,3983.66,16.370000000000346,120.24300000000021,0.13614098117978027,True,2026-06-25 09:20:00,0.13,0.008316492436150114,0.18181818181818182,2026-06-25 11:25:00,4000.03,停損,25.26000000000022,-25.390000000000217,-1.0051464766429137,2026-06
2026-06-25,9.0,125,1,3997.02,3989.19,3974.12,15.070000000000164,120.24300000000021,0.1253295410127836,False,2026-06-25 11:25:00,0.13,0.024949477308450346,0.3902439024390244,2026-06-25 14:40:00,3974.12,停損,22.90000000000009,-23.03000000000009,-1.0056768558951965,2026-06
2026-06-26,2.0,53,-1,4006.06,4030.45,4012.61,17.83999999999969,108.6780000000002,0.16415465871657242,False,2026-06-26 05:25:00,0.13,0.04600747161338993,0.11764705882352941,2026-06-26 10:00:00,4030.45,停損,24.389999999999873,-24.51999999999987,-1.005330053300533,2026-06
2026-06-26,2.5,55,-1,4002.98,4030.45,4011.47,18.980000000000018,108.6780000000002,0.17464436224442834,False,2026-06-26 05:35:00,0.13,0.04600747161338993,0.1111111111111111,2026-06-26 10:00:00,4030.45,停損,27.4699999999998,-27.5999999999998,-1.0047324353840554,2026-06
2026-06-26,4.5,56,-1,3997.67,4025.53,4003.97,21.5600000000004,108.6780000000002,0.19838421759694105,False,2026-06-26 05:40:00,0.13,0.04600747161338993,0.1111111111111111,2026-06-26 09:35:00,4025.53,停損,27.860000000000127,-27.990000000000126,-1.0046661880832735,2026-06
2026-06-26,6.0,83,1,4014.41,4006.57,3986.67,19.90000000000009,108.6780000000002,0.18310973702129277,True,2026-06-26 07:55:00,0.13,0.027604482968033958,0.7037037037037037,2026-06-27 00:00:00,4087.98,收盤,27.73999999999978,73.44000000000017,2.647440519106011,2026-06
2026-06-26,5.5,87,1,4015.29,4009.35,3983.1,26.25,108.6780000000002,0.24153922597029714,True,2026-06-26 08:15:00,0.13,0.027604482968033958,0.6785714285714286,2026-06-27 00:00:00,4087.98,收盤,32.190000000000055,72.56000000000006,2.254116185150666,2026-06
2026-06-26,6.5,101,1,4023.19,4012.07,3993.17,18.90000000000009,108.6780000000002,0.17390824269861477,True,2026-06-26 09:25:00,0.13,0.027604482968033958,0.5757575757575758,2026-06-27 00:00:00,4087.98,收盤,30.019999999999982,64.65999999999997,2.153897401732179,2026-06
2026-06-26,7.5,105,1,4025.32,4019.21,4001.73,17.480000000000018,108.6780000000002,0.16084212076041138,True,2026-06-26 09:45:00,0.13,0.027604482968033958,0.5588235294117647,2026-06-27 00:00:00,4087.98,收盤,23.590000000000146,62.52999999999985,2.6506994489190108,2026-06
2026-06-26,8.0,108,1,4032.12,4021.59,4005.72,15.870000000000346,108.6780000000002,0.14602771490090283,True,2026-06-26 10:00:00,0.13,0.027604482968033958,0.5428571428571428,2026-06-27 00:00:00,4087.98,收盤,26.40000000000009,55.730000000000125,2.110984848484846,2026-06
2026-06-26,9.0,134,1,4038.68,4033.18,4006.83,26.34999999999991,108.6780000000002,0.2424593754025641,True,2026-06-26 12:10:00,0.13,0.027604482968033958,0.4318181818181818,2026-06-27 00:00:00,4087.98,收盤,31.84999999999991,49.17000000000018,1.5437990580847825,2026-06
2026-06-26,9.5,136,1,4046.48,4039.76,4020.99,18.770000000000437,108.6780000000002,0.17271204843666982,True,2026-06-26 12:20:00,0.13,0.027604482968033958,0.4222222222222222,2026-06-27 00:00:00,4087.98,收盤,25.490000000000236,41.37,1.6229894076108127,2026-06
2026-06-30,2.5,32,-1,3995.84,4021.8,4003.34,18.460000000000036,106.0720000000003,0.1740327324835959,True,2026-06-30 03:40:00,0.13,0.0,0.5,2026-06-30 09:35:00,4021.8,停損,25.960000000000036,-26.090000000000035,-1.0050077041602465,2026-06
2026-06-30,3.0,38,-1,3963.6,4015.14,3980.11,35.029999999999745,106.0720000000003,0.3302473791386949,True,2026-06-30 04:10:00,0.13,0.0,0.4166666666666667,2026-06-30 09:35:00,4015.14,停損,51.539999999999964,-51.669999999999966,-1.002522312766783,2026-06
2026-07-01,3.0,38,-1,3985.44,4009.83,3993.25,16.579999999999927,113.2380000000002,0.14641728041823326,True,2026-07-01 04:10:00,0.13,0.0,0.3333333333333333,2026-07-01 14:10:00,4009.83,停損,24.389999999999873,-24.51999999999987,-1.005330053300533,2026-07
2026-07-01,9.0,142,1,3985.42,3977.5,3963.2,14.300000000000182,113.2380000000002,0.12628269662127692,False,2026-07-01 12:50:00,0.13,0.0,0.7872340425531915,2026-07-02 00:00:00,4031.42,收盤,22.220000000000255,45.87,2.0643564356435404,2026-07
2026-07-01,10.5,151,1,3991.29,3984.49,3960.77,23.7199999999998,113.2380000000002,0.20947031915081296,False,2026-07-01 13:35:00,0.13,0.0,0.74,2026-07-02 00:00:00,4031.42,收盤,30.519999999999982,40.00000000000011,1.3106159895150764,2026-07
2026-07-02,2.5,37,1,4065.0,4048.56,4030.77,17.789999999999964,112.46300000000019,0.15818535874020728,True,2026-07-02 04:05:00,0.13,0.02667543992246334,0.6666666666666666,2026-07-03 00:00:00,4123.96,收盤,34.23000000000002,58.830000000000034,1.7186678352322524,2026-07
2026-07-02,5.0,70,1,4068.81,4061.03,4041.33,19.700000000000273,112.46300000000019,0.1751687221575117,True,2026-07-02 06:50:00,0.13,0.02667543992246334,0.34782608695652173,2026-07-03 00:00:00,4123.96,收盤,27.480000000000018,55.02000000000009,2.002183406113539,2026-07
2026-07-02,5.5,100,1,4074.62,4067.24,4047.78,19.45999999999958,112.46300000000019,0.1730346869637085,True,2026-07-02 09:20:00,0.13,0.02667543992246334,0.24242424242424243,2026-07-03 00:00:00,4123.96,收盤,26.83999999999969,49.21000000000014,1.8334575260805033,2026-07
2026-07-03,2.5,35,1,4147.51,4140.89,4121.2,19.69000000000051,110.96200000000022,0.17744813539770796,True,2026-07-03 03:55:00,0.13,0.009012094230457256,0.5454545454545454,2026-07-03 20:00:00,4174.94,收盤,26.3100000000004,27.299999999999383,1.0376282782211694,2026-07
2026-07-03,3.0,37,1,4161.03,4151.06,4122.98,28.080000000000837,110.96200000000022,0.25305960599124727,True,2026-07-03 04:05:00,0.13,0.009012094230457256,0.5,2026-07-03 20:00:00,4174.94,收盤,38.05000000000018,13.779999999999854,0.3621550591327145,2026-07
2026-07-03,5.5,94,-1,4171.36,4186.91,4178.17,8.739999999999782,110.96200000000022,0.07876570357419445,False,2026-07-03 08:50:00,0.13,0.009012094230457256,0.45161290322580644,2026-07-03 20:00:00,4174.94,收盤,15.550000000000182,-3.709999999999927,-0.23858520900320795,2026-07
2026-07-03,6.0,97,-1,4164.84,4184.61,4175.28,9.329999999999927,110.96200000000022,0.08408283917016554,False,2026-07-03 09:05:00,0.13,0.009012094230457256,0.4375,2026-07-03 11:05:00,4184.61,停損,19.769999999999527,-19.899999999999526,-1.0065756196256956,2026-07
2026-07-03,8.0,99,-1,4162.44,4181.9,4169.29,12.609999999999673,110.96200000000022,0.11364250824606305,False,2026-07-03 09:15:00,0.13,0.009012094230457256,0.4375,2026-07-03 11:05:00,4181.9,停損,19.460000000000036,-19.590000000000035,-1.0066803699897224,2026-07
2026-07-07,3.0,40,-1,4136.21,4162.77,4145.31,17.460000000000036,108.22900000000004,0.1613245987674286,True,2026-07-07 04:20:00,0.13,0.00923966774154801,0.15384615384615385,2026-07-07 15:10:00,4162.77,停損,26.5600000000004,-26.6900000000004,-1.0048945783132528,2026-07
2026-07-07,5.5,87,-1,4122.43,4144.27,4129.21,15.0600000000004,108.22900000000004,0.13914939618771674,True,2026-07-07 08:15:00,0.13,0.00923966774154801,0.07142857142857142,2026-07-07 14:25:00,4144.27,停損,21.840000000000146,-21.970000000000145,-1.005952380952381,2026-07
2026-07-07,7.0,92,-1,4120.0,4141.32,4125.96,15.359999999999673,108.22900000000004,0.1419212965101744,True,2026-07-07 08:40:00,0.13,0.00923966774154801,0.06666666666666667,2026-07-07 14:20:00,4141.32,停損,21.31999999999971,-21.449999999999708,-1.0060975609756098,2026-07
2026-07-07,8.0,123,1,4137.06,4131.38,4116.68,14.699999999999818,108.22900000000004,0.13582311580075407,False,2026-07-07 11:15:00,0.13,0.03695867096619204,0.75,2026-07-07 22:10:00,4116.68,停損,20.38000000000011,-20.510000000000108,-1.0063788027477918,2026-07
2026-07-07,7.5,126,1,4138.63,4132.39,4120.99,11.400000000000546,108.22900000000004,0.10533221225365236,False,2026-07-07 11:30:00,0.13,0.03695867096619204,0.7317073170731707,2026-07-07 12:30:00,4120.99,停損,17.640000000000327,-17.770000000000326,-1.0073696145124715,2026-07
2026-07-08,2.0,32,1,4122.95,4107.91,4095.88,12.029999999999745,106.296,0.1131745314969495,False,2026-07-08 03:40:00,0.13,0.009407691728757432,0.0,2026-07-08 11:20:00,4095.88,停損,27.06999999999971,-27.199999999999708,-1.004802364240857,2026-07
2026-07-08,4.0,61,1,4125.76,4117.9,4096.46,21.4399999999996,106.296,0.20170091066455556,False,2026-07-08 06:05:00,0.13,0.009407691728757432,0.0,2026-07-08 11:20:00,4096.46,停損,29.300000000000182,-29.43000000000018,-1.0044368600682594,2026-07
2026-07-08,9.5,124,-1,4088.74,4129.9,4114.82,15.079999999999927,106.296,0.14186799126966138,True,2026-07-08 11:20:00,0.13,0.009407691728757432,0.6829268292682927,2026-07-09 00:00:00,4077.46,收盤,41.159999999999854,11.149999999999745,0.27089407191447484,2026-07
2026-07-08,10.5,128,-1,4067.29,4127.26,4081.0,46.26000000000022,106.296,0.43519981937232083,True,2026-07-08 11:40:00,0.13,0.009407691728757432,0.6666666666666666,2026-07-09 00:00:00,4077.46,收盤,59.970000000000255,-10.300000000000074,-0.17175254293813624,2026-07
2026-07-09,2.5,42,-1,4066.71,4089.77,4072.0,17.769999999999982,101.94599999999996,0.17430796696290182,True,2026-07-09 04:30:00,0.13,0.019618229258627124,0.6923076923076923,2026-07-09 09:05:00,4089.77,停損,23.059999999999945,-23.189999999999944,-1.0056374674761492,2026-07
2026-07-09,3.0,60,-1,4065.08,4089.77,4070.37,19.40000000000009,101.94599999999996,0.190296823808684,True,2026-07-09 06:00:00,0.13,0.019618229258627124,0.47368421052631576,2026-07-09 09:05:00,4089.77,停損,24.690000000000055,-24.820000000000054,-1.0052652895909275,2026-07
2026-07-09,3.5,63,-1,4058.97,4081.75,4065.22,16.5300000000002,101.94599999999996,0.16214466482255516,True,2026-07-09 06:15:00,0.13,0.019618229258627124,0.45,2026-07-09 08:55:00,4081.75,停損,22.7800000000002,-22.9100000000002,-1.0057067603160665,2026-07
2026-07-09,4.0,64,-1,4055.81,4078.82,4062.45,16.370000000000346,101.94599999999996,0.1605752064818664,True,2026-07-09 06:20:00,0.13,0.019618229258627124,0.42857142857142855,2026-07-09 08:50:00,4078.82,停損,23.01000000000022,-23.140000000000217,-1.0056497175141241,2026-07
2026-07-09,6.0,87,1,4073.55,4067.64,4054.28,13.359999999999673,101.94599999999996,0.13104977144762597,False,2026-07-09 08:15:00,0.13,0.009809114629313562,0.75,2026-07-10 00:00:00,4123.93,收盤,19.269999999999982,50.25000000000011,2.607680332122478,2026-07
2026-07-09,7.5,96,1,4082.04,4076.01,4056.51,19.5,101.94599999999996,0.19127773527161446,False,2026-07-09 09:00:00,0.13,0.009809114629313562,0.6774193548387096,2026-07-10 00:00:00,4123.93,收盤,25.529999999999745,41.760000000000325,1.6357226792009691,2026-07
2026-07-09,5.5,97,1,4092.96,4081.72,4054.28,27.4399999999996,101.94599999999996,0.2691621054283602,False,2026-07-09 09:05:00,0.13,0.009809114629313562,0.65625,2026-07-10 00:00:00,4123.93,收盤,38.679999999999836,30.840000000000256,0.7973112719751909,2026-07
2026-07-09,8.5,114,1,4108.97,4103.17,4064.85,38.320000000000164,101.94599999999996,0.3758852725952973,False,2026-07-09 10:30:00,0.13,0.009809114629313562,0.5675675675675675,2026-07-10 00:00:00,4123.93,收盤,44.120000000000346,14.830000000000036,0.33612873980054214,2026-07
2026-07-09,9.0,125,1,4115.8,4108.1,4081.48,26.620000000000346,101.94599999999996,0.26111863143233044,False,2026-07-09 11:25:00,0.13,0.009809114629313562,0.5121951219512195,2026-07-10 00:00:00,4123.93,收盤,34.320000000000164,8.000000000000108,0.23310023310023514,2026-07
2026-07-09,10.5,155,-1,4097.28,4117.76,4103.78,13.980000000000473,101.94599999999996,0.13713142251780824,True,2026-07-09 13:55:00,0.13,0.009809114629313562,0.803921568627451,2026-07-09 15:10:00,4117.76,停損,20.480000000000473,-20.610000000000472,-1.0063476562499998,2026-07
2026-07-10,2.0,31,-1,4115.79,4125.14,4121.07,4.0700000000006185,102.25699999999988,0.03980167616887473,False,2026-07-10 03:35:00,0.13,0.0195585632279453,0.0,2026-07-10 03:50:00,4125.14,停損,9.350000000000364,-9.480000000000365,-1.0139037433155076,2026-07
2026-07-10,5.5,77,-1,4114.29,4134.82,4120.68,14.139999999999418,102.25699999999988,0.13827904202156757,False,2026-07-10 07:25:00,0.13,0.029337844841917947,0.8,2026-07-11 00:00:00,4119.85,收盤,20.529999999999745,-5.6900000000004,-0.2771553823672903,2026-07
2026-07-10,5.0,92,-1,4109.46,4129.12,4116.16,12.960000000000036,102.25699999999988,0.1267394897170859,False,2026-07-10 08:40:00,0.13,0.029337844841917947,0.6666666666666666,2026-07-11 00:00:00,4119.85,收盤,19.659999999999854,-10.520000000000328,-0.5350966429298274,2026-07
2026-07-10,7.0,117,-1,4106.84,4121.1,4112.13,8.970000000000255,102.25699999999988,0.08772015607733716,False,2026-07-10 10:45:00,0.13,0.029337844841917947,0.5263157894736842,2026-07-11 00:00:00,4119.85,收盤,14.260000000000218,-13.140000000000219,-0.9214586255259479,2026-07
2026-07-10,9.0,118,-1,4105.12,4120.14,4111.15,8.990000000000691,102.25699999999988,0.08791574170962088,False,2026-07-10 10:50:00,0.13,0.029337844841917947,0.5128205128205128,2026-07-11 00:00:00,4120.14,停損,15.020000000000437,-15.150000000000437,-1.0086551264980024,2026-07
2026-07-10,8.0,127,-1,4102.34,4117.19,4108.27,8.919999999999163,102.25699999999988,0.08723119199662785,False,2026-07-10 11:35:00,0.13,0.029337844841917947,0.47619047619047616,2026-07-10 15:15:00,4117.19,停損,14.849999999999454,-14.979999999999455,-1.0087542087542092,2026-07
2026-07-10,10.0,130,-1,4095.8,4115.38,4104.37,11.010000000000218,102.25699999999988,0.107669890569841,False,2026-07-10 11:50:00,0.13,0.029337844841917947,0.46511627906976744,2026-07-10 15:15:00,4115.38,停損,19.579999999999927,-19.709999999999926,-1.0066394279877426,2026-07
2026-07-14,2.0,48,1,4010.43,4003.12,3992.74,10.38000000000011,101.64799999999983,0.10211711002676026,False,2026-07-14 05:00:00,0.13,0.019675743743113525,0.5333333333333333,2026-07-15 00:00:00,4052.65,收盤,17.690000000000055,42.09000000000025,2.379310344827593,2026-07
2026-07-14,3.0,51,1,4016.77,4007.26,3983.56,23.700000000000273,101.64799999999983,0.23315756335589793,False,2026-07-14 05:15:00,0.13,0.019675743743113525,0.5,2026-07-15 00:00:00,4052.65,收盤,33.210000000000036,35.75000000000011,1.0764829870520947,2026-07
2026-07-14,4.0,52,1,4018.06,4012.15,3992.29,19.860000000000127,101.64799999999983,0.19538013536911855,False,2026-07-14 05:20:00,0.13,0.019675743743113525,0.47058823529411764,2026-07-15 00:00:00,4052.65,收盤,25.769999999999982,34.46000000000014,1.3372138145130061,2026-07
2026-07-14,5.0,91,1,4028.85,4019.08,4006.02,13.059999999999945,101.64799999999983,0.12848260664253078,False,2026-07-14 08:35:00,0.13,0.019675743743113525,0.26666666666666666,2026-07-15 00:00:00,4052.65,收盤,22.829999999999927,23.670000000000183,1.0367936925098669,2026-07
2026-07-14,7.5,93,1,4032.14,4024.03,4015.71,8.320000000000164,101.64799999999983,0.08185109397135387,False,2026-07-14 08:45:00,0.13,0.019675743743113525,0.26666666666666666,2026-07-14 11:10:00,4015.71,停損,16.429999999999836,-16.559999999999835,-1.0079123554473524,2026-07
2026-07-15,4.0,52,-1,4030.25,4062.14,4035.65,26.48999999999978,101.55399999999982,0.2608464462256517,False,2026-07-15 05:20:00,0.13,0.019693955924926676,0.7058823529411765,2026-07-15 15:40:00,4062.14,停損,31.889999999999873,-32.019999999999875,-1.0040765130134839,2026-07
2026-07-15,5.5,90,-1,4025.11,4041.97,4030.19,11.779999999999745,101.55399999999982,0.11599740039781561,False,2026-07-15 08:30:00,0.13,0.019693955924926676,0.41379310344827586,2026-07-15 15:05:00,4041.97,停損,16.859999999999673,-16.98999999999967,-1.0077105575326217,2026-07
2026-07-15,7.0,116,-1,4020.53,4035.16,4028.25,6.9099999999998545,101.55399999999982,0.06804261772062023,False,2026-07-15 10:40:00,0.13,0.019693955924926676,0.3157894736842105,2026-07-15 13:15:00,4035.16,停損,14.629999999999654,-14.759999999999655,-1.0088858509911145,2026-07
2026-07-15,7.5,123,-1,4017.99,4036.08,4024.8,11.279999999999745,101.55399999999982,0.11107391141658395,False,2026-07-15 11:15:00,0.13,0.019693955924926676,0.3,2026-07-15 14:45:00,4036.08,停損,18.090000000000146,-18.220000000000145,-1.0071862907683802,2026-07
2026-07-16,2.0,36,-1,4044.64,4062.09,4055.69,6.400000000000091,92.38599999999978,0.06927456541034471,False,2026-07-16 04:00:00,0.13,0.021648301690732414,0.0,2026-07-17 00:00:00,3976.45,收盤,17.450000000000273,68.06000000000006,3.900286532951232,2026-07
2026-07-16,3.0,41,-1,4037.68,4061.28,4043.93,17.350000000000364,92.38599999999978,0.18779901716710762,False,2026-07-16 04:25:00,0.13,0.021648301690732414,0.0,2026-07-17 00:00:00,3976.45,收盤,23.600000000000364,61.100000000000016,2.5889830508474185,2026-07
2026-07-16,3.5,56,-1,4027.35,4061.28,4033.93,27.350000000000364,92.38599999999978,0.2960405256207697,False,2026-07-16 05:40:00,0.13,0.021648301690732414,0.0,2026-07-17 00:00:00,3976.45,收盤,33.93000000000029,50.77000000000009,1.4963159445917964,2026-07
2026-07-16,6.5,89,-1,4027.26,4037.95,4031.98,5.9699999999998,92.38599999999978,0.06462018054683409,False,2026-07-16 08:25:00,0.13,0.021648301690732414,0.0,2026-07-16 14:50:00,4037.95,停損,10.6899999999996,-10.8199999999996,-1.0121608980355479,2026-07
2026-07-17,2.0,36,1,3991.94,3986.44,3975.23,11.210000000000036,90.80499999999975,0.12345135179780924,False,2026-07-17 04:00:00,0.13,0.0,0.2727272727272727,2026-07-17 05:40:00,3975.23,停損,16.710000000000036,-16.840000000000035,-1.0077797725912627,2026-07
2026-07-17,3.5,56,-1,3973.39,3996.17,3980.67,15.5,90.80499999999975,0.17069544628599795,True,2026-07-17 05:40:00,0.13,0.011012609437806319,0.7222222222222222,2026-07-17 06:20:00,3996.17,停損,22.7800000000002,-22.9100000000002,-1.0057067603160665,2026-07
2026-07-17,7.0,99,1,3999.76,3991.71,3980.24,11.470000000000255,90.80499999999975,0.12631463025164127,False,2026-07-17 09:15:00,0.13,0.033037828313418956,0.5625,2026-07-17 15:40:00,3980.24,停損,19.520000000000437,-19.650000000000436,-1.0066598360655736,2026-07
2026-07-21,2.5,34,1,4024.64,4018.5,4003.45,15.050000000000182,88.15399999999981,0.17072396034213097,True,2026-07-21 03:50:00,0.13,0.011343784740340791,0.2727272727272727,2026-07-22 00:00:00,4077.82,收盤,21.190000000000055,53.05000000000029,2.5035394053799034,2026-07
2026-07-21,3.0,40,1,4034.59,4027.17,4003.87,23.300000000000182,88.15399999999981,0.26431018444994253,True,2026-07-21 04:20:00,0.13,0.011343784740340791,0.23076923076923078,2026-07-22 00:00:00,4077.82,收盤,30.720000000000255,43.100000000000016,1.4029947916666556,2026-07
2026-07-21,3.5,61,1,4040.58,4035.87,4014.26,21.609999999999673,88.15399999999981,0.2451391882387608,True,2026-07-21 06:05:00,0.13,0.011343784740340791,0.15,2026-07-22 00:00:00,4077.82,收盤,26.31999999999971,37.110000000000234,1.4099544072948573,2026-07
2026-07-21,5.0,84,1,4049.63,4044.96,4022.05,22.909999999999854,88.15399999999981,0.2598861084012059,True,2026-07-21 08:00:00,0.13,0.011343784740340791,0.1111111111111111,2026-07-22 00:00:00,4077.82,收盤,27.579999999999927,28.060000000000056,1.017403915881078,2026-07
2026-07-21,5.5,91,1,4059.71,4051.25,4028.06,23.190000000000055,88.15399999999981,0.2630623681285036,True,2026-07-21 08:35:00,0.13,0.011343784740340791,0.1,2026-07-22 00:00:00,4077.82,收盤,31.65000000000009,17.98000000000013,0.5680884676145364,2026-07
2026-07-21,7.5,92,1,4061.37,4056.47,4044.45,12.019999999999982,88.15399999999981,0.1363522925788961,True,2026-07-21 08:40:00,0.13,0.011343784740340791,0.1,2026-07-22 00:00:00,4077.82,收盤,16.920000000000073,16.320000000000274,0.9645390070922106,2026-07
2026-07-21,8.0,101,1,4073.64,4067.96,4046.46,21.5,88.15399999999981,0.24389137191732702,True,2026-07-21 09:25:00,0.13,0.011343784740340791,0.09090909090909091,2026-07-21 16:45:00,4046.46,停損,27.179999999999836,-27.309999999999835,-1.0047829286239882,2026-07
2026-07-21,8.5,106,1,4083.03,4074.46,4054.57,19.889999999999873,88.15399999999981,0.2256278784853769,True,2026-07-21 09:50:00,0.13,0.011343784740340791,0.08571428571428572,2026-07-21 14:50:00,4054.57,停損,28.460000000000036,-28.590000000000035,-1.004567814476458,2026-07
2026-07-21,10.5,157,-1,4056.85,4075.41,4063.07,12.33999999999969,88.15399999999981,0.13998230369580186,False,2026-07-21 14:05:00,0.13,0.045375138961363165,0.6730769230769231,2026-07-21 18:20:00,4075.41,停損,18.559999999999945,-18.689999999999944,-1.0070043103448276,2026-07
2026-07-22,2.5,37,1,4110.74,4098.76,4076.82,21.940000000000055,88.06099999999984,0.24914547870226428,True,2026-07-22 04:05:00,0.13,0.011355764753977378,0.6666666666666666,2026-07-23 00:00:00,4129.94,收盤,33.91999999999962,19.06999999999982,0.5622051886792463,2026-07
2026-07-22,3.5,55,1,4130.17,4121.66,4089.65,32.00999999999976,88.06099999999984,0.36349802977481316,True,2026-07-22 05:35:00,0.13,0.011355764753977378,0.4444444444444444,2026-07-23 00:00:00,4129.94,收盤,40.51999999999998,-0.36000000000047294,-0.008884501480761923,2026-07
2026-07-22,4.5,60,1,4130.48,4126.02,4112.98,13.040000000000873,88.06099999999984,0.14807917239187493,True,2026-07-22 06:00:00,0.13,0.011355764753977378,0.42105263157894735,2026-07-22 10:05:00,4112.98,停損,17.5,-17.63,-1.0074285714285713,2026-07
2026-07-22,6.0,88,-1,4124.12,4141.7,4129.32,12.38000000000011,88.06099999999984,0.14058436765424118,False,2026-07-22 08:20:00,0.13,0.011355764753977378,0.7241379310344828,2026-07-22 16:35:00,4141.7,停損,17.579999999999927,-17.709999999999926,-1.0073947667804324,2026-07
2026-07-22,5.5,102,-1,4117.45,4141.7,4122.22,19.479999999999563,88.06099999999984,0.22121029740747436,False,2026-07-22 09:30:00,0.13,0.011355764753977378,0.6363636363636364,2026-07-22 16:35:00,4141.7,停損,24.25,-24.38,-1.005360824742268,2026-07
2026-07-23,2.5,49,-1,4113.86,4134.74,4119.14,15.599999999999454,85.76399999999981,0.18189450118930423,False,2026-07-23 05:05:00,0.13,0.02331980784478341,0.8125,2026-07-24 00:00:00,4049.09,收盤,20.88000000000011,64.63999999999953,3.095785440612988,2026-07
2026-07-23,6.0,108,-1,4118.57,4133.03,4124.12,8.909999999999854,85.76399999999981,0.10388974394850839,False,2026-07-23 10:00:00,0.13,0.02331980784478341,0.37142857142857144,2026-07-24 00:00:00,4049.09,收盤,14.460000000000036,69.34999999999957,4.7959889349930425,2026-07
2026-07-23,6.5,109,-1,4115.25,4131.11,4122.55,8.55999999999949,85.76399999999981,0.09980877757566706,False,2026-07-23 10:05:00,0.13,0.02331980784478341,0.3611111111111111,2026-07-24 00:00:00,4049.09,收盤,15.859999999999673,66.02999999999986,4.163303909205625,2026-07
2026-07-23,7.5,110,-1,4110.47,4130.33,4119.51,10.819999999999709,85.76399999999981,0.12616016044027487,False,2026-07-23 10:10:00,0.13,0.02331980784478341,0.3611111111111111,2026-07-24 00:00:00,4049.09,收盤,19.859999999999673,61.25000000000011,3.084088620342453,2026-07
2026-07-23,9.5,117,-1,4095.56,4123.89,4102.05,21.840000000000146,85.76399999999981,0.25465230166503655,False,2026-07-23 10:45:00,0.13,0.02331980784478341,0.34210526315789475,2026-07-24 00:00:00,4049.09,收盤,28.330000000000382,46.3399999999998,1.6357218496293389,2026-07
2026-07-23,10.5,161,-1,4084.1,4108.8,4088.69,20.110000000000127,85.76399999999981,0.23448066787929867,False,2026-07-23 14:25:00,0.13,0.02331980784478341,0.24528301886792453,2026-07-24 00:00:00,4049.09,收盤,24.700000000000273,34.87999999999976,1.412145748987829,2026-07
2026-07-24,9.5,131,1,4056.33,4050.83,4031.74,19.090000000000146,87.48099999999985,0.21821881322801726,False,2026-07-24 11:55:00,0.13,0.0,0.7209302325581395,2026-07-25 00:00:00,4052.93,收盤,24.590000000000146,-3.530000000000091,-0.1435542903619386,2026-07
2026-07-24,10.0,143,1,4058.26,4053.73,4035.09,18.639999999999873,87.48099999999985,0.2130748391079195,False,2026-07-24 12:55:00,0.13,0.0,0.6595744680851063,2026-07-25 00:00:00,4052.93,收盤,23.170000000000073,-5.460000000000382,-0.2356495468278103,2026-07
2026-07-28,2.5,40,-1,4053.44,4074.19,4059.2,14.990000000000236,80.37399999999984,0.18650309801677492,True,2026-07-28 04:20:00,0.13,0.062209172120337546,0.0,2026-07-29 00:00:00,4028.7,收盤,20.75,24.610000000000237,1.1860240963855535,2026-07
2026-07-28,3.5,60,-1,4042.07,4066.2,4046.47,19.730000000000018,80.37399999999984,0.2454773931868522,True,2026-07-28 06:00:00,0.13,0.062209172120337546,0.0,2026-07-29 00:00:00,4028.7,收盤,24.129999999999654,13.240000000000345,0.5486945710733748,2026-07
2026-07-28,10.5,139,-1,4037.87,4055.25,4043.1,12.150000000000091,80.37399999999984,0.15116828825242137,True,2026-07-28 12:35:00,0.13,0.062209172120337546,0.0,2026-07-29 00:00:00,4028.7,收盤,17.38000000000011,9.040000000000072,0.5201380897583437,2026-07
2026-07-29,2.5,37,-1,4011.97,4029.55,4017.46,12.090000000000146,75.4829999999999,0.1601685147649161,True,2026-07-29 04:05:00,0.13,0.013248016109587606,0.0,2026-07-29 04:40:00,4029.55,停損,17.580000000000382,-17.71000000000038,-1.0073947667804322,2026-07
2026-07-29,2.0,53,1,4033.28,4026.29,4015.07,11.2199999999998,75.4829999999999,0.1486427407495703,False,2026-07-29 05:25:00,0.13,0.013248016109587606,0.7058823529411765,2026-07-29 15:25:00,4015.07,停損,18.210000000000036,-18.340000000000035,-1.0071389346512905,2026-07
2026-07-29,4.0,56,1,4035.25,4030.53,4010.36,20.170000000000073,75.4829999999999,0.26721248493038297,False,2026-07-29 05:40:00,0.13,0.013248016109587606,0.6666666666666666,2026-07-29 15:35:00,4010.36,停損,24.889999999999873,-25.01999999999987,-1.0052229811169144,2026-07
2026-07-29,7.0,91,1,4031.99,4027.69,4020.62,7.070000000000164,75.4829999999999,0.09366347389478655,False,2026-07-29 08:35:00,0.13,0.013248016109587606,0.4,2026-07-29 15:20:00,4020.62,停損,11.36999999999989,-11.499999999999892,-1.0114335971855763,2026-07
2026-07-29,6.0,93,1,4039.15,4032.72,4023.2,9.519999999999982,75.4829999999999,0.12612111336327378,False,2026-07-29 08:45:00,0.13,0.013248016109587606,0.4,2026-07-29 15:20:00,4023.2,停損,15.950000000000273,-16.080000000000272,-1.0081504702194355,2026-07
2026-07-29,8.0,110,1,4044.74,4040.09,4026.68,13.41000000000031,75.4829999999999,0.1776558960295739,False,2026-07-29 10:10:00,0.13,0.013248016109587606,0.3333333333333333,2026-07-29 13:45:00,4026.68,停損,18.059999999999945,-18.189999999999944,-1.0071982281284606,2026-07
2026-07-29,10.5,147,-1,4031.94,4047.52,4035.72,11.800000000000182,75.4829999999999,0.15632659009313615,True,2026-07-29 13:15:00,0.13,0.0,0.7708333333333334,2026-07-29 20:15:00,4047.52,停損,15.579999999999927,-15.709999999999928,-1.0083440308087293,2026-07
2026-07-30,2.0,28,-1,4077.45,4100.36,4084.49,15.86999999999989,81.14599999999992,0.19557341088901373,False,2026-07-30 03:20:00,0.13,0.06161733172306713,0.4444444444444444,2026-07-30 16:50:00,4100.36,停損,22.909999999999854,-23.039999999999853,-1.005674378000873,2026-07
2026-07-30,2.5,33,-1,4066.16,4094.59,4072.83,21.76000000000022,81.14599999999992,0.26815862765879084,False,2026-07-30 03:45:00,0.13,0.06161733172306713,0.4,2026-07-30 16:40:00,4094.59,停損,28.43000000000029,-28.56000000000029,-1.0045726345409778,2026-07
2026-07-30,4.5,58,-1,4074.58,4090.97,4079.97,11.0,81.14599999999992,0.1355581297907477,False,2026-07-30 05:50:00,0.13,0.06161733172306713,0.21052631578947367,2026-07-30 16:40:00,4090.97,停損,16.389999999999873,-16.51999999999987,-1.0079316656497865,2026-07
2026-07-30,4.0,60,-1,4063.72,4092.95,4070.45,22.5,81.14599999999992,0.2772779927538021,False,2026-07-30 06:00:00,0.13,0.06161733172306713,0.21052631578947367,2026-07-30 16:40:00,4092.95,停損,29.230000000000018,-29.360000000000017,-1.0044474854601437,2026-07
2026-07-30,3.0,64,-1,4057.83,4086.66,4064.98,21.679999999999836,81.14599999999992,0.26717275035121707,False,2026-07-30 06:20:00,0.13,0.06161733172306713,0.19047619047619047,2026-07-30 15:35:00,4086.66,停損,28.829999999999927,-28.959999999999926,-1.0045091918140825,2026-07
2026-07-30,5.5,82,-1,4046.86,4082.8,4052.56,30.240000000000236,81.14599999999992,0.3726616222611129,False,2026-07-30 07:50:00,0.13,0.06161733172306713,0.14814814814814814,2026-07-30 13:50:00,4082.8,停損,35.940000000000055,-36.07000000000006,-1.00361713967724,2026-07
2026-07-30,6.0,84,-1,4046.05,4070.1,4050.76,19.33999999999969,81.14599999999992,0.23833583910481984,False,2026-07-30 08:00:00,0.13,0.06161733172306713,0.14814814814814814,2026-07-30 11:35:00,4070.1,停損,24.049999999999727,-24.179999999999726,-1.0054054054054054,2026-07
2026-07-30,7.0,92,-1,4031.6,4060.17,4044.44,15.730000000000018,81.14599999999992,0.19384812560076942,False,2026-07-30 08:40:00,0.13,0.06161733172306713,0.13333333333333333,2026-07-30 11:25:00,4060.17,停損,28.570000000000164,-28.700000000000163,-1.0045502275113756,2026-07
2026-07-30,8.0,124,1,4056.88,4051.32,4028.47,22.850000000000364,81.14599999999992,0.2815912059744213,True,2026-07-30 11:20:00,0.13,0.012323466344613426,0.7317073170731707,2026-07-31 00:00:00,4102.9,收盤,28.41000000000031,45.889999999999525,1.6152763111580086,2026-07
2026-07-30,10.5,148,1,4075.61,4068.47,4036.16,32.309999999999945,81.14599999999992,0.3981711975944591,True,2026-07-30 13:20:00,0.13,0.012323466344613426,0.6122448979591837,2026-07-31 00:00:00,4102.9,收盤,39.45000000000027,27.15999999999951,0.6884664131812249,2026-07
2026-07-31,2.0,30,-1,4096.45,4111.74,4102.29,9.449999999999818,80.57299999999995,0.11728494657018883,False,2026-07-31 03:30:00,0.13,0.0,0.4444444444444444,2026-08-01 00:00:00,4043.81,收盤,15.289999999999964,52.50999999999987,3.4342707652060165,2026-07
2026-07-31,2.5,39,-1,4088.94,4110.08,4096.16,13.920000000000073,80.57299999999995,0.17276258796371094,False,2026-07-31 04:15:00,0.13,0.0,0.3333333333333333,2026-08-01 00:00:00,4043.81,收盤,21.139999999999873,45.00000000000011,2.128666035950822,2026-07
2026-07-31,3.0,44,-1,4084.9,4107.1,4090.54,16.5600000000004,80.57299999999995,0.2055279063706255,False,2026-07-31 04:40:00,0.13,0.0,0.2857142857142857,2026-08-01 00:00:00,4043.81,收盤,22.200000000000273,40.96000000000014,1.8450450450450289,2026-07
2026-07-31,3.5,52,-1,4082.57,4101.63,4086.69,14.940000000000055,80.57299999999995,0.18542191553001705,False,2026-07-31 05:20:00,0.13,0.0,0.23529411764705882,2026-08-01 00:00:00,4043.81,收盤,19.059999999999945,38.630000000000216,2.026757607555106,2026-07
2026-07-31,4.0,57,-1,4075.55,4101.63,4082.13,19.5,80.57299999999995,0.24201655641468,False,2026-07-31 05:45:00,0.13,0.0,0.2222222222222222,2026-08-01 00:00:00,4043.81,收盤,26.079999999999927,31.610000000000237,1.212039877300626,2026-07
2026-07-31,7.5,115,-1,4069.73,4083.24,4074.81,8.429999999999836,80.57299999999995,0.1046256190038827,False,2026-07-31 10:35:00,0.13,0.0,0.10526315789473684,2026-08-01 00:00:00,4043.81,收盤,13.509999999999764,25.790000000000074,1.9089563286454867,2026-07
2026-07-31,8.0,120,-1,4067.74,4083.24,4073.36,9.879999999999654,80.57299999999995,0.12262172191676692,False,2026-07-31 11:00:00,0.13,0.0,0.10256410256410256,2026-08-01 00:00:00,4043.81,收盤,15.5,23.799999999999837,1.5354838709677314,2026-07
2026-07-31,10.0,121,-1,4063.36,4079.23,4067.6,11.63000000000011,80.57299999999995,0.14434115646680795,False,2026-07-31 11:05:00,0.13,0.0,0.1,2026-08-01 00:00:00,4043.81,收盤,15.86999999999989,19.420000000000183,1.2236925015753193,2026-07
2026-07-31,10.5,137,-1,4052.7,4074.38,4058.04,16.340000000000146,80.57299999999995,0.2027974631700465,False,2026-07-31 12:25:00,0.13,0.0,0.08888888888888889,2026-08-01 00:00:00,4043.81,收盤,21.68000000000029,8.759999999999872,0.40405904059039455,2026-07
2026-08-04,2.0,25,1,4059.73,4055.06,4050.21,4.849999999999909,83.96299999999997,0.05776353870156987,False,2026-08-04 03:05:00,0.13,0.011910007979705352,0.0,2026-08-04 04:00:00,4050.21,停損,9.519999999999982,-9.649999999999983,-1.0136554621848741,2026-08
2026-08-04,2.5,37,-1,4046.71,4069.34,4051.11,18.230000000000018,83.96299999999997,0.21711944547002876,True,2026-08-04 04:05:00,0.13,0.05955003989852676,0.6666666666666666,2026-08-04 11:05:00,4069.34,停損,22.63000000000011,-22.760000000000108,-1.0057445868316393,2026-08
2026-08-05,2.0,35,1,4083.36,4077.15,4065.5,11.650000000000091,81.61699999999996,0.14273987037014466,True,2026-08-05 03:55:00,0.13,0.0,0.45454545454545453,2026-08-06 00:00:00,4246.23,收盤,17.860000000000127,162.73999999999944,9.111982082866644,2026-08
2026-08-05,3.0,40,1,4087.92,4083.49,4070.43,13.059999999999945,81.61699999999996,0.16001568300721605,True,2026-08-05 04:20:00,0.13,0.0,0.38461538461538464,2026-08-06 00:00:00,4246.23,收盤,17.490000000000236,158.1799999999995,9.044025157232554,2026-08
2026-08-05,3.5,45,1,4093.12,4088.68,4077.6,11.079999999999927,81.61699999999996,0.1357560312189854,True,2026-08-05 04:45:00,0.13,0.0,0.35714285714285715,2026-08-06 00:00:00,4246.23,收盤,15.519999999999982,152.97999999999968,9.856958762886588,2026-08
2026-08-05,4.0,55,1,4107.8,4102.67,4077.6,25.070000000000164,81.61699999999996,0.3071663991570405,True,2026-08-05 05:35:00,0.13,0.0,0.2777777777777778,2026-08-06 00:00:00,4246.23,收盤,30.200000000000273,138.2999999999994,4.579470198675435,2026-08
2026-08-05,4.5,56,1,4120.36,4108.5,4080.21,28.289999999999964,81.61699999999996,0.34661896418638244,True,2026-08-05 05:40:00,0.13,0.0,0.2777777777777778,2026-08-06 00:00:00,4246.23,收盤,40.149999999999636,125.7399999999999,3.131755915317585,2026-08
2026-08-05,5.0,74,1,4139.48,4135.33,4095.53,39.79999999999973,81.61699999999996,0.48764350564220377,True,2026-08-05 07:10:00,0.13,0.0,0.20833333333333334,2026-08-06 00:00:00,4246.23,收盤,43.94999999999936,106.62,2.425938566552936,2026-08
2026-08-05,5.5,76,1,4140.75,4136.57,4101.53,35.039999999999964,81.61699999999996,0.42932232255534974,True,2026-08-05 07:20:00,0.13,0.0,0.2,2026-08-06 00:00:00,4246.23,收盤,39.220000000000255,105.34999999999957,2.686129525752139,2026-08
2026-08-05,6.5,92,1,4152.22,4141.42,4127.55,13.86999999999989,81.61699999999996,0.16994008601149144,True,2026-08-05 08:40:00,0.13,0.0,0.16666666666666666,2026-08-06 00:00:00,4246.23,收盤,24.670000000000073,93.87999999999931,3.8054316984190937,2026-08
2026-08-05,8.0,108,1,4177.57,4172.91,4134.74,38.17000000000007,81.61699999999996,0.4676721761397759,True,2026-08-05 10:00:00,0.13,0.0,0.14285714285714285,2026-08-06 00:00:00,4246.23,收盤,42.82999999999993,68.52999999999986,1.600046696240952,2026-08
2026-08-05,9.5,137,-1,4157.37,4179.48,4163.17,16.30999999999949,81.61699999999996,0.1998358185181947,False,2026-08-05 12:25:00,0.13,0.012252349387995154,0.8,2026-08-05 14:30:00,4179.48,停損,22.109999999999673,-22.23999999999967,-1.0058796924468567,2026-08
2026-08-06,2.0,34,1,4287.79,4281.91,4249.11,32.80000000000018,92.91300000000001,0.3530184150764713,True,2026-08-06 03:50:00,0.13,0.021525513114418863,0.0,2026-08-06 08:35:00,4249.11,停損,38.68000000000029,-38.810000000000294,-1.003360910031024,2026-08
2026-08-06,2.5,35,1,4296.63,4284.71,4261.05,23.659999999999854,92.91300000000001,0.2546468201435736,True,2026-08-06 03:55:00,0.13,0.021525513114418863,0.0,2026-08-06 06:30:00,4261.05,停損,35.57999999999993,-35.70999999999993,-1.0036537380550872,2026-08
2026-08-06,3.5,64,-1,4267.22,4302.73,4272.99,29.73999999999978,92.91300000000001,0.32008438001140616,False,2026-08-06 06:20:00,0.13,0.021525513114418863,0.7619047619047619,2026-08-07 00:00:00,4240.27,收盤,35.50999999999931,26.81999999999982,0.7552802027597956,2026-08
2026-08-06,5.5,78,-1,4255.36,4292.4,4260.93,31.469999999999345,92.91300000000001,0.33870394885537375,False,2026-08-06 07:30:00,0.13,0.021525513114418863,0.64,2026-08-07 00:00:00,4240.27,收盤,37.039999999999964,14.959999999999235,0.40388768898486094,2026-08
2026-08-06,8.0,127,1,4273.63,4268.49,4247.27,21.219999999999345,92.91300000000001,0.22838569414397708,True,2026-08-06 11:35:00,0.13,0.021525513114418863,0.0,2026-08-06 16:10:00,4247.27,停損,26.359999999999673,-26.48999999999967,-1.0049317147192716,2026-08
2026-08-06,10.5,132,1,4278.27,4270.52,4252.62,17.900000000000546,92.91300000000001,0.19265334237405468,True,2026-08-06 12:00:00,0.13,0.021525513114418863,0.0,2026-08-06 15:55:00,4252.62,停損,25.650000000000546,-25.780000000000545,-1.0050682261208574,2026-08
2026-08-07,2.0,32,-1,4235.61,4253.25,4240.32,12.930000000000291,90.89399999999996,0.14225361409994386,True,2026-08-07 03:40:00,0.13,0.01100182630316633,0.7,2026-08-07 04:45:00,4253.25,停損,17.640000000000327,-17.770000000000326,-1.0073696145124715,2026-08
2026-08-07,2.5,34,-1,4231.35,4253.25,4239.2,14.050000000000182,90.89399999999996,0.15457565955948893,True,2026-08-07 03:50:00,0.13,0.01100182630316633,0.6363636363636364,2026-08-07 04:45:00,4253.25,停損,21.899999999999636,-22.029999999999635,-1.0059360730593607,2026-08
2026-08-07,3.5,45,1,4256.74,4250.28,4229.73,20.550000000000182,90.89399999999996,0.22608753053007008,False,2026-08-07 04:45:00,0.13,0.01100182630316633,0.7857142857142857,2026-08-08 00:00:00,4341.32,收盤,27.01000000000022,84.44999999999993,3.126619770455359,2026-08
2026-08-07,3.0,49,1,4261.16,4252.98,4229.73,23.25,90.89399999999996,0.2557924615486172,False,2026-08-07 05:05:00,0.13,0.01100182630316633,0.6875,2026-08-08 00:00:00,4341.32,收盤,31.43000000000029,80.02999999999986,2.546293350302231,2026-08
2026-08-07,4.0,72,1,4266.09,4259.35,4231.73,27.6200000000008,90.89399999999996,0.30387044249346284,False,2026-08-07 07:00:00,0.13,0.01100182630316633,0.4782608695652174,2026-08-08 00:00:00,4341.32,收盤,34.36000000000058,75.09999999999957,2.185681024446982,2026-08
2026-08-07,4.5,74,1,4266.55,4261.68,4239.3,22.38000000000011,90.89399999999996,0.24622087266486367,False,2026-08-07 07:10:00,0.13,0.01100182630316633,0.4583333333333333,2026-08-08 00:00:00,4341.32,收盤,27.25,74.63999999999953,2.7390825688073224,2026-08
2026-08-07,6.0,91,1,4275.11,4266.33,4249.63,16.699999999999818,90.89399999999996,0.1837304992628757,False,2026-08-07 08:35:00,0.13,0.01100182630316633,0.36666666666666664,2026-08-08 00:00:00,4341.32,收盤,25.479999999999563,66.08000000000004,2.5934065934066393,2026-08
2026-08-07,7.5,94,1,4276.42,4271.27,4260.76,10.510000000000218,90.89399999999996,0.11562919444628053,False,2026-08-07 08:50:00,0.13,0.01100182630316633,0.3548387096774194,2026-08-08 00:00:00,4341.32,收盤,15.659999999999854,64.76999999999964,4.136015325670513,2026-08
2026-08-07,8.0,99,1,4286.72,4280.54,4261.94,18.600000000000364,90.89399999999996,0.20463396923889773,False,2026-08-07 09:15:00,0.13,0.01100182630316633,0.34375,2026-08-08 00:00:00,4341.32,收盤,24.780000000000655,54.46999999999945,2.1981436642452787,2026-08
2026-08-07,8.5,108,1,4297.28,4291.32,4266.11,25.210000000000036,90.89399999999996,0.2773560411028236,False,2026-08-07 10:00:00,0.13,0.01100182630316633,0.3142857142857143,2026-08-08 00:00:00,4341.32,收盤,31.170000000000073,43.90999999999996,1.4087263394289335,2026-08
2026-08-07,9.0,127,1,4313.93,4298.77,4278.48,20.290000000000873,90.89399999999996,0.22322705569125445,False,2026-08-07 11:35:00,0.13,0.01100182630316633,0.2619047619047619,2026-08-08 00:00:00,4341.32,收盤,35.45000000000073,27.25999999999942,0.7689703808180214,2026-08
2026-08-11,2.5,46,1,4426.51,4416.11,4395.36,20.75,100.94200000000005,0.20556359097303392,True,2026-08-11 04:50:00,0.12,0.02972003724911334,0.0,2026-08-11 08:30:00,4395.36,停損,31.150000000000546,-31.270000000000547,-1.003852327447833,2026-08
2026-08-11,4.5,82,-1,4407.45,4435.15,4414.62,20.529999999999745,100.94200000000005,0.20338412157476307,False,2026-08-11 07:50:00,0.12,0.00990667908303778,0.6296296296296297,2026-08-12 00:00:00,4367.92,收盤,27.699999999999818,39.40999999999975,1.4227436823104695,2026-08
2026-08-11,5.0,87,-1,4402.19,4435.15,4408.05,27.099999999999454,100.94200000000005,0.2684710031503184,False,2026-08-11 08:15:00,0.12,0.00990667908303778,0.6071428571428571,2026-08-12 00:00:00,4367.92,收盤,32.960000000000036,34.14999999999953,1.0361043689320235,2026-08
2026-08-11,7.0,89,-1,4397.93,4420.32,4403.44,16.88000000000011,100.94200000000005,0.1672247429216788,False,2026-08-11 08:25:00,0.12,0.00990667908303778,0.5862068965517241,2026-08-12 00:00:00,4367.92,收盤,22.389999999999418,29.890000000000217,1.3349709691827152,2026-08
2026-08-11,7.5,91,-1,4384.42,4420.32,4390.98,29.340000000000146,100.94200000000005,0.2906619642963299,False,2026-08-11 08:35:00,0.12,0.00990667908303778,0.5666666666666667,2026-08-12 00:00:00,4367.92,收盤,35.899999999999636,16.38,0.45626740947075667,2026-08
2026-08-11,8.0,107,-1,4361.51,4409.03,4367.54,41.48999999999978,100.94200000000005,0.4110281151552353,False,2026-08-11 09:55:00,0.12,0.00990667908303778,0.4857142857142857,2026-08-12 00:00:00,4367.92,收盤,47.51999999999953,-6.529999999999855,-0.13741582491582321,2026-08
2026-08-12,2.0,28,1,4379.89,4374.55,4362.43,12.11999999999989,101.70499999999997,0.11916818248856885,False,2026-08-12 03:20:00,0.12,0.029497074873408396,0.4444444444444444,2026-08-13 00:00:00,4408.86,收盤,17.460000000000036,28.849999999999344,1.652348224513132,2026-08
2026-08-12,2.5,38,1,4387.22,4381.15,4366.54,14.609999999999673,101.70499999999997,0.14365075463349566,False,2026-08-12 04:10:00,0.12,0.029497074873408396,0.3333333333333333,2026-08-13 00:00:00,4408.86,收盤,20.68000000000029,21.519999999999417,1.0406189555125296,2026-08
2026-08-12,3.0,39,1,4390.37,4383.7,4366.54,17.159999999999854,101.70499999999997,0.1687232682758946,False,2026-08-12 04:15:00,0.12,0.029497074873408396,0.3333333333333333,2026-08-13 00:00:00,4408.86,收盤,23.829999999999927,18.36999999999978,0.7708770457406562,2026-08
2026-08-12,3.5,51,1,4401.84,4394.05,4377.67,16.38000000000011,101.70499999999997,0.16105402880881092,False,2026-08-12 05:15:00,0.12,0.029497074873408396,0.25,2026-08-13 00:00:00,4408.86,收盤,24.170000000000073,6.899999999999527,0.2854778651220317,2026-08
2026-08-12,4.0,57,1,4405.61,4397.43,4378.42,19.01000000000022,101.70499999999997,0.1869131311145,False,2026-08-12 05:45:00,0.12,0.029497074873408396,0.2222222222222222,2026-08-13 00:00:00,4408.86,收盤,27.1899999999996,3.13,0.11511585141596344,2026-08
2026-08-12,4.5,59,1,4413.73,4404.76,4385.27,19.48999999999978,101.70499999999997,0.19163266309424107,False,2026-08-12 05:55:00,0.12,0.029497074873408396,0.21052631578947367,2026-08-12 08:50:00,4385.27,停損,28.459999999999127,-28.579999999999128,-1.0042164441321153,2026-08
2026-08-12,6.0,89,-1,4394.14,4416.11,4400.89,15.219999999999345,101.70499999999997,0.1496484931910855,True,2026-08-12 08:25:00,0.12,0.019664716582272264,0.6896551724137931,2026-08-12 12:20:00,4416.11,停損,21.969999999999345,-22.089999999999346,-1.0054619936276743,2026-08
2026-08-12,5.5,90,-1,4392.69,4416.11,4397.89,18.219999999999345,101.70499999999997,0.1791455680644939,True,2026-08-12 08:30:00,0.12,0.019664716582272264,0.6896551724137931,2026-08-12 12:20:00,4416.11,停損,23.420000000000073,-23.540000000000074,-1.005123825789923,2026-08
2026-08-12,5.0,93,-1,4388.17,4414.46,4394.26,20.199999999999818,101.70499999999997,0.19861363748094807,True,2026-08-12 08:45:00,0.12,0.019664716582272264,0.6666666666666666,2026-08-12 12:20:00,4414.46,停損,26.289999999999964,-26.409999999999965,-1.00456447318372,2026-08
2026-08-12,8.5,108,1,4403.4,4396.97,4384.03,12.94000000000051,101.70499999999997,0.12723071628730656,False,2026-08-12 10:00:00,0.12,0.029497074873408396,0.11428571428571428,2026-08-12 15:35:00,4384.03,停損,19.36999999999989,-19.489999999999892,-1.0061951471347446,2026-08
2026-08-12,9.0,135,1,4413.06,4406.34,4385.22,21.11999999999989,101.70499999999997,0.20765940710879402,False,2026-08-12 12:15:00,0.12,0.029497074873408396,0.09090909090909091,2026-08-12 15:35:00,4385.22,停損,27.840000000000146,-27.960000000000147,-1.0043103448275863,2026-08
2026-08-12,10.0,136,1,4415.51,4410.04,4398.21,11.829999999999927,101.70499999999997,0.11631679858413972,False,2026-08-12 12:20:00,0.12,0.029497074873408396,0.08888888888888889,2026-08-12 15:35:00,4398.21,停損,17.300000000000182,-17.420000000000183,-1.006936416184971,2026-08
2026-08-12,10.5,137,1,4423.71,4410.5,4401.43,9.069999999999709,101.70499999999997,0.08917948970060185,False,2026-08-12 12:25:00,0.12,0.029497074873408396,0.08888888888888889,2026-08-12 15:35:00,4401.43,停損,22.279999999999745,-22.399999999999746,-1.005385996409336,2026-08
2026-08-13,2.5,31,1,4444.63,4437.55,4407.37,30.18000000000029,97.54099999999994,0.3094083513599441,True,2026-08-13 03:35:00,0.12,0.0,0.1,2026-08-13 05:00:00,4407.37,停損,37.26000000000022,-37.380000000000216,-1.003220611916264,2026-08
2026-08-14,2.0,30,-1,4339.53,4364.18,4349.23,14.950000000000728,98.96799999999993,0.1510589281383956,True,2026-08-14 03:30:00,0.12,0.010104276129658078,0.7777777777777778,2026-08-14 14:55:00,4364.18,停損,24.650000000000546,-24.770000000000547,-1.004868154158215,2026-08
2026-08-14,2.5,34,-1,4333.87,4364.18,4339.53,24.650000000000546,98.96799999999993,0.24907040659607715,True,2026-08-14 03:50:00,0.12,0.010104276129658078,0.6363636363636364,2026-08-14 14:55:00,4364.18,停損,30.3100000000004,-30.4300000000004,-1.003959089409436,2026-08
2026-08-14,3.0,39,-1,4324.21,4362.05,4329.43,32.61999999999989,98.96799999999993,0.3296014873494454,True,2026-08-14 04:15:00,0.12,0.010104276129658078,0.5833333333333334,2026-08-14 14:40:00,4362.05,停損,37.840000000000146,-37.96000000000014,-1.0031712473572938,2026-08
2026-08-14,5.0,95,1,4329.56,4322.8,4311.06,11.739999999999782,98.96799999999993,0.11862420176218363,False,2026-08-14 08:55:00,0.12,0.0,0.5161290322580645,2026-08-15 00:00:00,4375.68,收盤,18.5,45.99999999999989,2.4864864864864806,2026-08
2026-08-14,5.5,96,1,4333.65,4326.13,4311.67,14.460000000000036,98.96799999999993,0.14610783283485618,False,2026-08-14 09:00:00,0.12,0.0,0.5161290322580645,2026-08-15 00:00:00,4375.68,收盤,21.979999999999563,41.91000000000066,1.9067333939946083,2026-08
2026-08-14,8.0,117,1,4339.74,4333.65,4311.1,22.549999999999272,98.96799999999993,0.2278514267237823,False,2026-08-14 10:45:00,0.12,0.0,0.42105263157894735,2026-08-15 00:00:00,4375.68,收盤,28.639999999999418,35.82000000000051,1.2506983240223897,2026-08
2026-08-14,8.5,118,1,4342.55,4336.65,4311.1,25.549999999999272,98.96799999999993,0.25816425511275654,False,2026-08-14 10:50:00,0.12,0.0,0.41025641025641024,2026-08-15 00:00:00,4375.68,收盤,31.449999999999818,33.01000000000011,1.0496025437202003,2026-08
2026-08-14,10.0,135,1,4350.82,4345.26,4329.73,15.530000000000655,98.96799999999993,0.15691940829359657,False,2026-08-14 12:15:00,0.12,0.0,0.36363636363636365,2026-08-15 00:00:00,4375.68,收盤,21.090000000000146,24.74000000000058,1.1730678046467715,2026-08
2026-08-14,10.5,143,1,4354.84,4349.16,4331.67,17.48999999999978,98.96799999999993,0.17672378950771758,False,2026-08-14 12:55:00,0.12,0.0,0.3404255319148936,2026-08-15 00:00:00,4375.68,收盤,23.170000000000073,20.720000000000145,0.8942598187311213,2026-08
2026-08-18,2.0,30,1,4431.5,4426.04,4409.83,16.210000000000036,98.12399999999984,0.16519913578737172,True,2026-08-18 03:30:00,0.12,0.010191186661774914,0.4444444444444444,2026-08-18 04:50:00,4409.83,停損,21.670000000000073,-21.790000000000074,-1.0055376095985233,2026-08
2026-08-18,4.0,55,-1,4396.37,4436.16,4404.35,31.80999999999949,98.12399999999984,0.32418164771105484,False,2026-08-18 05:35:00,0.12,0.010191186661774914,0.6666666666666666,2026-08-19 00:00:00,4334.81,收盤,39.789999999999964,61.43999999999949,1.5441065594370331,2026-08
2026-08-18,4.5,71,-1,4392.16,4426.26,4398.59,27.670000000000073,98.12399999999984,0.2819901349313126,False,2026-08-18 06:55:00,0.12,0.010191186661774914,0.5217391304347826,2026-08-19 00:00:00,4334.81,收盤,34.100000000000364,57.22999999999946,1.6782991202345703,2026-08
2026-08-18,5.0,91,-1,4386.96,4408.15,4394.33,13.819999999999709,98.12399999999984,0.14084219966572634,False,2026-08-18 08:35:00,0.12,0.010191186661774914,0.4,2026-08-19 00:00:00,4334.81,收盤,21.1899999999996,52.02999999999964,2.4554034922133376,2026-08
2026-08-18,9.5,125,-1,4388.65,4403.42,4395.19,8.230000000000473,98.12399999999984,0.08387346622641235,False,2026-08-18 11:25:00,0.12,0.010191186661774914,0.2926829268292683,2026-08-18 16:45:00,4403.42,停損,14.770000000000437,-14.890000000000436,-1.0081245768449556,2026-08
2026-08-19,2.0,28,1,4343.66,4338.38,4327.19,11.19000000000051,102.44399999999987,0.1092304088087201,False,2026-08-19 03:20:00,0.12,0.019522861270547837,0.6666666666666666,2026-08-19 04:05:00,4327.19,停損,16.470000000000255,-16.590000000000256,-1.0072859744990892,2026-08
2026-08-19,8.5,113,1,4354.31,4348.33,4335.16,13.170000000000073,102.44399999999987,0.1285580414665582,False,2026-08-19 10:25:00,0.12,0.02928429190582175,0.32432432432432434,2026-08-20 00:00:00,4523.03,收盤,19.150000000000546,168.59999999999934,8.804177545691621,2026-08
2026-08-19,8.0,114,1,4356.72,4350.71,4335.16,15.550000000000182,102.44399999999987,0.15179024637851118,False,2026-08-19 10:30:00,0.12,0.02928429190582175,0.32432432432432434,2026-08-20 00:00:00,4523.03,收盤,21.5600000000004,166.1899999999995,7.708256029684434,2026-08
2026-08-19,7.5,115,1,4359.51,4352.09,4336.74,15.350000000000364,102.44399999999987,0.14983796025145818,False,2026-08-19 10:35:00,0.12,0.02928429190582175,0.3157894736842105,2026-08-20 00:00:00,4523.03,收盤,22.770000000000437,163.39999999999952,7.176108915239191,2026-08
2026-08-19,9.5,129,1,4362.6,4357.03,4337.16,19.86999999999989,102.44399999999987,0.1939596267228917,False,2026-08-19 11:45:00,0.12,0.02928429190582175,0.2857142857142857,2026-08-20 00:00:00,4523.03,收盤,25.44000000000051,160.30999999999938,6.301493710691673,2026-08
2026-08-19,10.0,148,1,4368.53,4363.17,4347.48,15.69000000000051,102.44399999999987,0.15315684666745275,False,2026-08-19 13:20:00,0.12,0.02928429190582175,0.24489795918367346,2026-08-20 00:00:00,4523.03,收盤,21.050000000000182,154.38,7.333966745843167,2026-08
2026-08-20,2.0,33,-1,4506.31,4523.66,4511.42,12.239999999999782,102.18099999999995,0.1197874360203931,False,2026-08-20 03:45:00,0.12,0.03914622092169779,0.0,2026-08-20 18:05:00,4523.66,停損,17.349999999999454,-17.469999999999455,-1.0069164265129686,2026-08
2026-08-20,2.5,37,-1,4493.25,4521.21,4508.64,12.569999999999709,102.18099999999995,0.12301699924643246,False,2026-08-20 04:05:00,0.12,0.03914622092169779,0.0,2026-08-20 18:05:00,4521.21,停損,27.960000000000036,-28.080000000000037,-1.0042918454935623,2026-08
2026-08-20,3.5,47,-1,4485.14,4513.22,4491.73,21.49000000000069,102.18099999999995,0.21031307190182813,False,2026-08-20 04:55:00,0.12,0.03914622092169779,0.0,2026-08-20 18:00:00,4513.22,停損,28.079999999999927,-28.19999999999993,-1.0042735042735043,2026-08
2026-08-20,6.5,88,-1,4484.6,4501.02,4489.81,11.210000000000036,102.18099999999995,0.10970728413305841,False,2026-08-20 08:20:00,0.12,0.03914622092169779,0.0,2026-08-20 17:45:00,4501.02,停損,16.420000000000073,-16.540000000000074,-1.007308160779537,2026-08
2026-08-20,5.0,90,-1,4483.26,4499.7,4488.57,11.13000000000011,102.18099999999995,0.10892435971462516,False,2026-08-20 08:30:00,0.12,0.03914622092169779,0.0,2026-08-20 17:40:00,4499.7,停損,16.4399999999996,-16.5599999999996,-1.007299270072993,2026-08
2026-08-20,5.5,91,-1,4480.39,4497.02,4488.04,8.980000000000473,102.18099999999995,0.08788326596921617,False,2026-08-20 08:35:00,0.12,0.03914622092169779,0.0,2026-08-20 11:20:00,4497.02,停損,16.63000000000011,-16.75000000000011,-1.0072158749248346,2026-08
2026-08-21,6.0,78,1,4546.84,4538.38,4526.79,11.590000000000146,103.14300000000003,0.11236826541791631,False,2026-08-21 07:30:00,0.12,0.009695277430363667,0.48,2026-08-22 00:00:00,4603.37,收盤,20.050000000000182,56.40999999999975,2.8134663341645503,2026-08
2026-08-21,5.0,96,1,4553.65,4542.94,4518.35,24.589999999999236,103.14300000000003,0.23840687201263516,False,2026-08-21 09:00:00,0.12,0.009695277430363667,0.3870967741935484,2026-08-22 00:00:00,4603.37,收盤,35.29999999999927,49.60000000000026,1.4050991501416794,2026-08
2026-08-21,8.0,104,1,4564.94,4556.3,4529.18,27.11999999999989,103.14300000000003,0.2629359239114616,False,2026-08-21 09:40:00,0.12,0.009695277430363667,0.35294117647058826,2026-08-22 00:00:00,4603.37,收盤,35.75999999999931,38.310000000000294,1.0713087248322437,2026-08
2026-08-21,9.0,125,1,4577.68,4567.63,4545.58,22.050000000000182,103.14300000000003,0.21378086733952062,False,2026-08-21 11:25:00,0.12,0.009695277430363667,0.2926829268292683,2026-08-22 00:00:00,4603.37,收盤,32.100000000000364,25.5699999999996,0.7965732087227199,2026-08
2026-08-21,10.5,134,1,4595.63,4581.86,4559.19,22.670000000000073,103.14300000000003,0.21979193934634503,False,2026-08-21 12:10:00,0.12,0.009695277430363667,0.2727272727272727,2026-08-22 00:00:00,4603.37,收盤,36.44000000000051,7.619999999999782,0.20911086717891533,2026-08
2026-08-25,2.0,27,1,4690.59,4682.74,4666.91,15.829999999999927,101.70699999999997,0.15564317106983722,True,2026-08-25 03:15:00,0.12,0.03932865977759644,0.0,2026-08-25 04:25:00,4666.91,停損,23.68000000000029,-23.800000000000292,-1.0050675675675675,2026-08
2026-08-25,3.0,41,-1,4666.88,4696.75,4675.48,21.270000000000437,101.70699999999997,0.20913014836737337,False,2026-08-25 04:25:00,0.12,0.01966432988879822,0.7692307692307693,2026-08-26 00:00:00,4658.6,收盤,29.86999999999989,8.159999999999746,0.27318379645128144,2026-08
2026-08-25,2.5,48,-1,4658.04,4691.68,4667.71,23.970000000000255,101.70699999999997,0.23567699371724918,False,2026-08-25 05:00:00,0.12,0.01966432988879822,0.6666666666666666,2026-08-26 00:00:00,4658.6,收盤,33.64000000000033,-0.6800000000004002,-0.020214030915588394,2026-08
2026-08-25,4.0,49,-1,4651.33,4686.54,4656.61,29.93000000000029,101.70699999999997,0.29427669678586826,False,2026-08-25 05:05:00,0.12,0.01966432988879822,0.625,2026-08-26 00:00:00,4658.6,收盤,35.210000000000036,-7.390000000000437,-0.20988355580802126,2026-08
2026-08-25,4.5,57,-1,4631.58,4675.68,4638.41,37.27000000000044,101.70699999999997,0.36644478747775916,False,2026-08-25 05:45:00,0.12,0.01966432988879822,0.5555555555555556,2026-08-26 00:00:00,4658.6,收盤,44.100000000000364,-27.140000000000438,-0.6154195011337917,2026-08
2026-08-25,7.0,88,1,4644.21,4637.78,4623.86,13.920000000000073,101.70699999999997,0.13686373602603633,True,2026-08-25 08:20:00,0.12,0.03932865977759644,0.6551724137931034,2026-08-25 11:10:00,4623.86,停損,20.350000000000364,-20.470000000000365,-1.0058968058968059,2026-08
2026-08-25,6.0,90,1,4646.6,4641.36,4622.29,19.06999999999971,101.70699999999997,0.18749938548968817,True,2026-08-25 08:30:00,0.12,0.03932865977759644,0.6551724137931034,2026-08-25 11:10:00,4622.29,停損,24.3100000000004,-24.4300000000004,-1.0049362402303579,2026-08
2026-08-25,9.0,119,-1,4631.57,4653.5,4637.15,16.350000000000364,101.70699999999997,0.16075589684092903,False,2026-08-25 10:55:00,0.12,0.01966432988879822,0.2564102564102564,2026-08-25 18:40:00,4653.5,停損,21.93000000000029,-22.050000000000292,-1.0054719562243501,2026-08
2026-08-25,8.5,120,-1,4630.15,4653.45,4635.99,17.460000000000036,101.70699999999997,0.17166959992920883,False,2026-08-25 11:00:00,0.12,0.01966432988879822,0.2564102564102564,2026-08-25 18:40:00,4653.45,停損,23.300000000000182,-23.420000000000183,-1.0051502145922746,2026-08
2026-08-25,9.5,121,-1,4625.93,4653.5,4634.27,19.229999999999563,101.70699999999997,0.1890725318807906,False,2026-08-25 11:05:00,0.12,0.01966432988879822,0.25,2026-08-25 18:40:00,4653.5,停損,27.56999999999971,-27.68999999999971,-1.0043525571273124,2026-08
2026-08-25,10.0,122,-1,4623.3,4643.8,4629.82,13.980000000000473,101.70699999999997,0.13745366592270422,False,2026-08-25 11:10:00,0.12,0.01966432988879822,0.25,2026-08-25 11:25:00,4643.8,停損,20.5,-20.62,-1.0058536585365854,2026-08
2026-08-26,2.0,29,-1,4645.33,4673.52,4653.28,20.24000000000069,103.01400000000004,0.19647814860116763,False,2026-08-26 03:25:00,0.12,0.0,0.3333333333333333,2026-08-27 00:00:00,4594.09,收盤,28.19000000000051,51.119999999999784,1.8134090102872955,2026-08
2026-08-26,2.5,33,-1,4637.03,4661.41,4643.06,18.349999999999454,103.01400000000004,0.1781311278078654,False,2026-08-26 03:45:00,0.12,0.0,0.3,2026-08-26 05:10:00,4661.41,停損,24.38000000000011,-24.50000000000011,-1.0049220672682526,2026-08
2026-08-26,3.5,48,1,4657.05,4650.42,4629.77,20.649999999999636,103.01400000000004,0.2004581901489082,True,2026-08-26 05:00:00,0.12,0.04853709204574134,0.8,2026-08-26 09:25:00,4629.77,停損,27.279999999999745,-27.399999999999746,-1.0043988269794721,2026-08
2026-08-26,3.0,55,1,4663.78,4657.86,4634.49,23.36999999999989,103.01400000000004,0.22686236822179395,True,2026-08-26 05:35:00,0.12,0.04853709204574134,0.6666666666666666,2026-08-26 09:20:00,4634.49,停損,29.289999999999964,-29.409999999999965,-1.00409696142028,2026-08
2026-08-26,4.0,57,1,4667.32,4660.92,4629.77,31.149999999999636,103.01400000000004,0.302386083444965,True,2026-08-26 05:45:00,0.12,0.04853709204574134,0.6666666666666666,2026-08-26 09:25:00,4629.77,停損,37.54999999999927,-37.66999999999927,-1.003195739014647,2026-08
2026-08-26,5.0,63,-1,4648.28,4670.77,4654.92,15.850000000000364,103.01400000000004,0.15386258178500356,False,2026-08-26 06:15:00,0.12,0.0,0.15,2026-08-27 00:00:00,4594.09,收盤,22.49000000000069,54.0699999999996,2.4041796353934166,2026-08
2026-08-26,5.5,80,-1,4640.43,4670.77,4645.95,24.82000000000062,103.01400000000004,0.240938124915066,False,2026-08-26 07:40:00,0.12,0.0,0.11538461538461539,2026-08-27 00:00:00,4594.09,收盤,30.340000000000146,46.22000000000015,1.523401450230716,2026-08
2026-08-26,6.0,100,-1,4634.2,4658.69,4642.63,16.05999999999949,103.01400000000004,0.15590113965091623,False,2026-08-26 09:20:00,0.12,0.0,0.09090909090909091,2026-08-27 00:00:00,4594.09,收盤,24.48999999999978,39.989999999999675,1.6329113924050647,2026-08
2026-08-26,7.0,101,-1,4627.21,4644.41,4638.88,5.529999999999745,103.01400000000004,0.05368202380258745,False,2026-08-26 09:25:00,0.12,0.0,0.09090909090909091,2026-08-27 00:00:00,4594.09,收盤,17.199999999999818,32.99999999999989,1.9186046511628048,2026-08
2026-08-26,10.0,136,-1,4621.26,4639.35,4626.51,12.840000000000146,103.01400000000004,0.12464325237346517,False,2026-08-26 12:20:00,0.12,0.0,0.06666666666666667,2026-08-27 00:00:00,4594.09,收盤,18.090000000000146,27.05000000000007,1.4953012714206664,2026-08
2026-08-26,8.5,137,-1,4619.08,4649.55,4624.8,24.75,103.01400000000004,0.24025860562641962,False,2026-08-26 12:25:00,0.12,0.0,0.06666666666666667,2026-08-27 00:00:00,4594.09,收盤,30.470000000000255,24.86999999999978,0.8162126681982137,2026-08
2026-08-26,10.5,138,-1,4616.85,4636.44,4622.23,14.210000000000036,103.01400000000004,0.13794241559399723,False,2026-08-26 12:30:00,0.12,0.0,0.06666666666666667,2026-08-27 00:00:00,4594.09,收盤,19.589999999999236,22.640000000000217,1.1556916794283358,2026-08
2026-08-27,2.0,47,1,4634.83,4624.9,4607.03,17.86999999999989,104.1960000000001,0.1715037045567956,False,2026-08-27 04:55:00,0.12,0.03838918960420742,0.0,2026-08-27 08:45:00,4607.03,停損,27.800000000000182,-27.920000000000183,-1.0043165467625899,2026-08
2026-08-27,6.0,79,-1,4618.7,4638.69,4624.41,14.279999999999745,104.1960000000001,0.13704940688701805,True,2026-08-27 07:35:00,0.12,0.028791892203155565,0.6153846153846154,2026-08-28 00:00:00,4600.57,收盤,19.98999999999978,18.010000000000108,0.900950475237634,2026-08
2026-08-27,5.0,80,-1,4618.17,4643.06,4623.64,19.420000000000073,104.1960000000001,0.1863795155284277,True,2026-08-27 07:40:00,0.12,0.028791892203155565,0.6153846153846154,2026-08-28 00:00:00,4600.57,收盤,24.890000000000327,17.480000000000363,0.7022900763358833,2026-08
2026-08-27,6.5,91,-1,4611.17,4635.62,4620.66,14.960000000000036,104.1960000000001,0.1435755691197361,True,2026-08-27 08:35:00,0.12,0.028791892203155565,0.5333333333333333,2026-08-28 00:00:00,4600.57,收盤,24.449999999999818,10.480000000000365,0.42862985685073385,2026-08
2026-08-27,9.5,140,-1,4584.5,4611.86,4593.54,18.31999999999971,104.1960000000001,0.1758224883872672,True,2026-08-27 12:40:00,0.12,0.028791892203155565,0.34782608695652173,2026-08-27 19:05:00,4611.86,停損,27.359999999999673,-27.479999999999674,-1.0043859649122808,2026-08
2026-08-28,2.0,34,-1,4587.39,4611.48,4594.37,17.109999999999673,101.3920000000001,0.16875098627110283,False,2026-08-28 03:50:00,0.12,0.009862711062016718,0.36363636363636365,2026-08-28 10:00:00,4611.48,停損,24.089999999999236,-24.209999999999237,-1.0049813200498134,2026-08
2026-08-28,2.5,44,-1,4580.88,4602.54,4590.61,11.930000000000291,101.3920000000001,0.11766214296986231,False,2026-08-28 04:40:00,0.12,0.009862711062016718,0.2857142857142857,2026-08-28 09:55:00,4602.54,停損,21.659999999999854,-21.779999999999855,-1.0055401662049863,2026-08
2026-08-28,3.0,47,-1,4577.07,4602.54,4585.72,16.81999999999971,101.3920000000001,0.16589080006311832,False,2026-08-28 04:55:00,0.12,0.009862711062016718,0.26666666666666666,2026-08-28 09:55:00,4602.54,停損,25.470000000000255,-25.590000000000256,-1.0047114252061249,2026-08
2026-08-28,5.5,92,-1,4574.87,4590.08,4582.37,7.710000000000036,101.3920000000001,0.07604150228814925,False,2026-08-28 08:40:00,0.12,0.009862711062016718,0.13333333333333333,2026-08-28 09:50:00,4590.08,停損,15.210000000000036,-15.330000000000036,-1.0078895463510849,2026-08
2026-08-28,6.0,93,-1,4572.75,4590.08,4578.67,11.409999999999854,101.3920000000001,0.11253353321760931,False,2026-08-28 08:45:00,0.12,0.009862711062016718,0.13333333333333333,2026-08-28 09:50:00,4590.08,停損,17.329999999999927,-17.44999999999993,-1.006924408540104,2026-08
2026-09-01,3.0,41,-1,4440.39,4461.48,4446.48,15.0,112.78000000000011,0.133002305373293,False,2026-09-01 04:25:00,0.12,0.0,0.6923076923076923,2026-09-02 00:00:00,4328.87,收盤,21.089999999999236,111.40000000000043,5.2821242294928625,2026-09
2026-09-01,2.5,56,-1,4433.6,4461.48,4443.22,18.25999999999931,112.78000000000011,0.16190813974108256,False,2026-09-01 05:40:00,0.12,0.0,0.5,2026-09-02 00:00:00,4328.87,收盤,27.8799999999992,104.61000000000047,3.7521520803444575,2026-09
2026-09-01,3.5,57,-1,4431.94,4461.46,4437.98,23.480000000000473,112.78000000000011,0.20819294201099883,False,2026-09-01 05:45:00,0.12,0.0,0.5,2026-09-02 00:00:00,4328.87,收盤,29.520000000000437,102.9499999999997,3.487466124661185,2026-09
2026-09-01,4.0,76,-1,4430.34,4456.97,4436.44,20.530000000000655,112.78000000000011,0.18203582195425283,False,2026-09-01 07:20:00,0.12,0.0,0.36,2026-09-02 00:00:00,4328.87,收盤,26.63000000000011,101.35000000000025,3.8058580548253786,2026-09
2026-09-01,6.0,88,-1,4425.89,4444.13,4431.83,12.300000000000182,112.78000000000011,0.10906189040610187,False,2026-09-01 08:20:00,0.12,0.0,0.3103448275862069,2026-09-01 08:50:00,4444.13,停損,18.23999999999978,-18.359999999999783,-1.0065789473684212,2026-09
2026-09-01,8.0,116,-1,4413.87,4446.06,4424.11,21.950000000000728,112.78000000000011,0.19462670686292521,False,2026-09-01 10:40:00,0.12,0.0,0.23684210526315788,2026-09-02 00:00:00,4328.87,收盤,32.19000000000051,84.88,2.636843740291974,2026-09
2026-09-01,10.0,122,-1,4395.91,4434.98,4412.16,22.81999999999971,112.78000000000011,0.20234084057456717,False,2026-09-01 11:10:00,0.12,0.0,0.225,2026-09-02 00:00:00,4328.87,收盤,39.06999999999971,66.91999999999996,1.7128231379575238,2026-09
2026-09-01,10.5,127,-1,4374.69,4428.27,4381.86,46.410000000000764,112.78000000000011,0.4115091328249753,False,2026-09-01 11:35:00,0.12,0.0,0.21428571428571427,2026-09-02 00:00:00,4328.87,收盤,53.58000000000084,45.69999999999971,0.8529301978349944,2026-09
2026-09-02,2.5,38,-1,4308.58,4335.79,4316.28,19.51000000000022,115.93700000000008,0.1682810491905104,True,2026-09-02 04:10:00,0.12,0.008625374125602691,0.5,2026-09-02 15:05:00,4335.79,停損,27.210000000000036,-27.330000000000037,-1.0044101433296582,2026-09
2026-09-02,3.5,47,-1,4297.56,4331.68,4304.94,26.74000000000069,115.93700000000008,0.23064250411862194,True,2026-09-02 04:55:00,0.12,0.008625374125602691,0.4,2026-09-02 11:15:00,4331.68,停損,34.11999999999989,-34.23999999999989,-1.003516998827667,2026-09
2026-09-02,6.0,88,1,4310.86,4304.25,4282.56,21.6899999999996,115.93700000000008,0.18708436478431895,False,2026-09-02 08:20:00,0.12,0.04312687062801346,0.7586206896551724,2026-09-03 00:00:00,4387.48,收盤,28.299999999999272,76.49999999999989,2.7031802120141997,2026-09
2026-09-02,6.5,90,1,4313.17,4306.77,4282.56,24.210000000000036,115.93700000000008,0.2088203075808415,False,2026-09-02 08:30:00,0.12,0.04312687062801346,0.7586206896551724,2026-09-03 00:00:00,4387.48,收盤,30.609999999999673,74.18999999999949,2.423717739300891,2026-09
2026-09-02,5.0,91,1,4324.55,4314.8,4287.37,27.43000000000029,115.93700000000008,0.23659401226528434,False,2026-09-02 08:35:00,0.12,0.04312687062801346,0.7333333333333333,2026-09-03 00:00:00,4387.48,收盤,37.18000000000029,62.809999999999384,1.6893491124260056,2026-09
2026-09-02,9.5,143,-1,4308.66,4331.06,4314.61,16.450000000000728,115.93700000000008,0.14188740436617056,True,2026-09-02 12:55:00,0.12,0.008625374125602691,0.1276595744680851,2026-09-02 14:40:00,4331.06,停損,22.400000000000546,-22.520000000000547,-1.0053571428571428,2026-09
2026-09-03,3.0,43,1,4409.16,4397.8,4382.55,15.25,107.49099999999999,0.14187234280079264,True,2026-09-03 04:35:00,0.12,0.009303104445953616,0.42857142857142855,2026-09-04 00:00:00,4473.33,收盤,26.609999999999673,64.05000000000007,2.406989853438589,2026-09
2026-09-03,3.5,55,1,4415.52,4409.34,4382.55,26.789999999999964,107.49099999999999,0.24923016810709703,True,2026-09-03 05:35:00,0.12,0.009303104445953616,0.3333333333333333,2026-09-04 00:00:00,4473.33,收盤,32.970000000000255,57.68999999999949,1.7497725204731285,2026-09
2026-09-03,4.0,59,1,4419.77,4412.44,4387.36,25.079999999999927,107.49099999999999,0.233321859504516,True,2026-09-03 05:55:00,0.12,0.009303104445953616,0.3157894736842105,2026-09-04 00:00:00,4473.33,收盤,32.410000000000764,53.43999999999949,1.6488738043813094,2026-09
2026-09-03,4.5,61,1,4424.38,4415.48,4400.25,15.229999999999563,107.49099999999999,0.1416862807118695,True,2026-09-03 06:05:00,0.12,0.009303104445953616,0.3,2026-09-04 00:00:00,4473.33,收盤,24.13000000000011,48.82999999999982,2.023622047244078,2026-09
2026-09-03,5.5,79,1,4437.12,4431.31,4409.5,21.8100000000004,107.49099999999999,0.2029007079662521,True,2026-09-03 07:35:00,0.12,0.009303104445953616,0.23076923076923078,2026-09-04 00:00:00,4473.33,收盤,27.61999999999989,36.09000000000004,1.3066618392469291,2026-09
2026-09-04,3.0,72,-1,4467.06,4487.12,4472.83,14.289999999999964,111.42599999999993,0.1282465492793421,False,2026-09-04 07:00:00,0.12,0.0,0.4782608695652174,2026-09-04 10:50:00,4487.12,停損,20.05999999999949,-20.17999999999949,-1.0059820538384847,2026-09
2026-09-04,7.5,106,-1,4461.8,4475.29,4467.46,7.829999999999927,111.42599999999993,0.07027085240428564,False,2026-09-04 09:50:00,0.12,0.0,0.3142857142857143,2026-09-04 10:35:00,4475.29,停損,13.489999999999782,-13.609999999999781,-1.0088954781319497,2026-09
2026-09-08,2.0,41,1,4433.62,4428.02,4407.25,20.770000000000437,108.39799999999995,0.19160870126755516,False,2026-09-08 04:25:00,0.12,0.009225262458716955,0.0,2026-09-08 09:20:00,4407.25,停損,26.36999999999989,-26.489999999999892,-1.0045506257110353,2026-09
2026-09-08,2.5,46,1,4440.65,4430.17,4410.77,19.399999999999636,108.39799999999995,0.17897009169910555,False,2026-09-08 04:50:00,0.12,0.009225262458716955,0.0,2026-09-08 09:15:00,4410.77,停損,29.8799999999992,-29.9999999999992,-1.0040160642570282,2026-09
2026-09-08,3.5,73,1,4441.65,4436.19,4415.23,20.960000000000036,108.39799999999995,0.1933615011347077,False,2026-09-08 07:05:00,0.12,0.009225262458716955,0.0,2026-09-08 09:05:00,4415.23,停損,26.420000000000073,-26.540000000000074,-1.004542013626041,2026-09
2026-09-08,5.5,97,-1,4415.31,4440.1,4421.27,18.829999999999927,108.39799999999995,0.1737116920976396,True,2026-09-08 09:05:00,0.12,0.01845052491743391,0.75,2026-09-09 00:00:00,4355.53,收盤,24.789999999999964,59.66000000000066,2.4066155707947052,2026-09
2026-09-08,7.5,98,-1,4413.4,4439.92,4420.34,19.579999999999927,108.39799999999995,0.1806306389416773,True,2026-09-08 09:10:00,0.12,0.01845052491743391,0.75,2026-09-09 00:00:00,4355.53,收盤,26.520000000000437,57.74999999999989,2.1776018099547114,2026-09
2026-09-08,8.0,99,-1,4411.57,4437.74,4417.47,20.269999999999527,108.39799999999995,0.1869960700381883,True,2026-09-08 09:15:00,0.12,0.01845052491743391,0.75,2026-09-09 00:00:00,4355.53,收盤,26.170000000000073,55.919999999999966,2.1367978601451973,2026-09
2026-09-08,8.5,118,-1,4393.5,4428.84,4399.09,29.75,108.39799999999995,0.2744515581468294,True,2026-09-08 10:50:00,0.12,0.01845052491743391,0.6153846153846154,2026-09-09 00:00:00,4355.53,收盤,35.340000000000146,37.85000000000026,1.071024335031129,2026-09
2026-09-08,9.0,119,-1,4391.45,4420.16,4398.26,21.899999999999636,108.39799999999995,0.20203324784589793,True,2026-09-08 10:55:00,0.12,0.01845052491743391,0.6153846153846154,2026-09-09 00:00:00,4355.53,收盤,28.710000000000036,35.800000000000075,1.246952281435041,2026-09
2026-09-09,2.5,38,1,4367.49,4359.98,4341.34,18.639999999999418,108.95899999999992,0.1710735230683049,False,2026-09-09 04:10:00,0.12,0.018355528226213544,0.75,2026-09-10 00:00:00,4400.73,收盤,26.149999999999636,33.119999999999784,1.266539196940736,2026-09
2026-09-09,3.0,42,1,4371.66,4365.62,4341.34,24.279999999999745,108.95899999999992,0.22283611266623007,False,2026-09-09 04:30:00,0.12,0.018355528226213544,0.6923076923076923,2026-09-10 00:00:00,4400.73,收盤,30.31999999999971,28.949999999999708,0.9548153034300787,2026-09
2026-09-09,3.5,59,1,4380.37,4373.07,4343.75,29.31999999999971,108.95899999999992,0.26909204379628787,False,2026-09-09 05:55:00,0.12,0.018355528226213544,0.47368421052631576,2026-09-10 00:00:00,4400.73,收盤,36.61999999999989,20.23999999999967,0.5527034407427562,2026-09
2026-09-09,4.5,86,1,4384.83,4378.18,4370.66,7.520000000000437,108.95899999999992,0.06901678613056693,False,2026-09-09 08:10:00,0.12,0.018355528226213544,0.32142857142857145,2026-09-10 00:00:00,4400.73,收盤,14.170000000000073,15.779999999999637,1.1136203246294676,2026-09
2026-09-09,6.5,87,1,4387.75,4380.62,4370.63,9.989999999999782,108.95899999999992,0.09168586348993464,False,2026-09-09 08:15:00,0.12,0.018355528226213544,0.32142857142857145,2026-09-10 00:00:00,4400.73,收盤,17.11999999999989,12.859999999999564,0.7511682242990447,2026-09
2026-09-09,6.0,88,1,4388.24,4382.71,4375.15,7.5600000000004,108.95899999999992,0.06938389669509087,False,2026-09-09 08:20:00,0.12,0.018355528226213544,0.3103448275862069,2026-09-09 18:25:00,4375.15,停損,13.090000000000146,-13.210000000000145,-1.0091673032849502,2026-09
2026-09-09,5.0,92,1,4392.5,4384.43,4367.3,17.13000000000011,108.95899999999992,0.15721509925752,False,2026-09-09 08:40:00,0.12,0.018355528226213544,0.3,2026-09-10 00:00:00,4400.73,收盤,25.199999999999818,8.109999999999564,0.32182539682538186,2026-09
2026-09-09,7.5,93,1,4395.52,4388.67,4376.38,12.289999999999964,108.95899999999992,0.11279472095008189,False,2026-09-09 08:45:00,0.12,0.018355528226213544,0.3,2026-09-09 18:25:00,4376.38,停損,19.140000000000327,-19.26000000000033,-1.006269592476489,2026-09
2026-09-09,8.0,111,1,4406.55,4400.94,4380.47,20.469999999999345,108.95899999999992,0.18786883139528962,False,2026-09-09 10:15:00,0.12,0.018355528226213544,0.25,2026-09-09 18:10:00,4380.47,停損,26.079999999999927,-26.19999999999993,-1.0046012269938651,2026-09
2026-09-09,8.5,118,1,4411.86,4405.3,4384.33,20.970000000000255,108.95899999999992,0.19245771345185134,False,2026-09-09 10:50:00,0.12,0.018355528226213544,0.23076923076923078,2026-09-09 18:10:00,4384.33,停損,27.529999999999745,-27.649999999999746,-1.0043588812204869,2026-09
2026-09-10,3.0,38,1,4417.91,4404.89,4389.84,15.050000000000182,109.17699999999986,0.13784954706577576,True,2026-09-10 04:10:00,0.12,0.01831887668648161,0.6666666666666666,2026-09-10 12:35:00,4389.84,停損,28.06999999999971,-28.18999999999971,-1.004275026718917,2026-09
2026-09-10,7.5,93,1,4428.31,4420.75,4405.64,15.109999999999673,109.17699999999986,0.13839911336636554,True,2026-09-10 08:45:00,0.12,0.01831887668648161,0.26666666666666666,2026-09-10 10:35:00,4405.64,停損,22.670000000000073,-22.790000000000074,-1.0052933392148213,2026-09
2026-09-10,8.0,127,-1,4399.97,4431.28,4408.24,23.039999999999964,109.17699999999986,0.2110334594282678,False,2026-09-10 11:35:00,0.12,0.02747831502972241,0.7619047619047619,2026-09-11 00:00:00,4316.62,收盤,31.30999999999949,83.23000000000036,2.6582561481955196,2026-09
2026-09-10,10.0,129,-1,4395.94,4425.46,4404.05,21.409999999999854,109.17699999999986,0.19610357492878427,False,2026-09-10 11:45:00,0.12,0.02747831502972241,0.7619047619047619,2026-09-11 00:00:00,4316.62,收盤,29.520000000000437,79.1999999999997,2.682926829268243,2026-09
2026-09-11,2.0,33,1,4327.55,4320.55,4311.3,9.25,113.48499999999986,0.08150856941446016,False,2026-09-11 03:45:00,0.12,0.008811737233995693,0.7,2026-09-11 06:25:00,4311.3,停損,16.25,-16.37,-1.0073846153846155,2026-09
2026-09-11,2.5,34,1,4332.92,4324.14,4311.3,12.840000000000146,113.48499999999986,0.11314270608450598,False,2026-09-11 03:50:00,0.12,0.008811737233995693,0.6363636363636364,2026-09-11 06:25:00,4311.3,停損,21.61999999999989,-21.739999999999892,-1.0055504162812212,2026-09
2026-09-11,3.0,37,1,4340.38,4333.85,4312.73,21.1200000000008,113.48499999999986,0.1861038903819961,False,2026-09-11 04:05:00,0.12,0.008811737233995693,0.5833333333333334,2026-09-11 06:25:00,4312.73,停損,27.650000000000546,-27.770000000000547,-1.0043399638336348,2026-09
2026-09-11,4.0,64,-1,4314.92,4340.45,4320.93,19.519999999999527,113.48499999999986,0.17200511080759176,True,2026-09-11 06:20:00,0.12,0.02643521170198708,0.5714285714285714,2026-09-11 08:35:00,4340.45,停損,25.529999999999745,-25.649999999999746,-1.0047003525264395,2026-09
2026-09-11,3.5,65,-1,4306.93,4340.45,4319.88,20.56999999999971,113.48499999999986,0.18125743490328886,True,2026-09-11 06:25:00,0.12,0.02643521170198708,0.5714285714285714,2026-09-11 08:35:00,4340.45,停損,33.51999999999953,-33.639999999999525,-1.003579952267303,2026-09
2026-09-11,7.0,93,1,4342.92,4335.35,4302.05,33.30000000000018,113.48499999999986,0.2934308498920582,False,2026-09-11 08:45:00,0.12,0.017623474467991385,0.7666666666666667,2026-09-11 15:35:00,4302.05,停損,40.86999999999989,-40.98999999999989,-1.0029361389772449,2026-09
2026-09-11,7.5,95,1,4347.9,4339.4,4325.52,13.8799999999992,113.48499999999986,0.12230691280785318,False,2026-09-11 08:55:00,0.12,0.017623474467991385,0.7419354838709677,2026-09-11 15:15:00,4325.52,停損,22.3799999999992,-22.4999999999992,-1.0053619302949064,2026-09
2026-09-11,8.0,99,1,4359.07,4352.01,4328.3,23.710000000000036,113.48499999999986,0.2089262898180382,False,2026-09-11 09:15:00,0.12,0.017623474467991385,0.71875,2026-09-11 15:10:00,4328.3,停損,30.769999999999527,-30.889999999999528,-1.0038999025024375,2026-09
2026-09-15,2.0,40,1,4304.31,4297.47,4287.11,10.360000000000582,108.45899999999992,0.09551996607013333,False,2026-09-15 04:20:00,0.12,0.0,0.7692307692307693,2026-09-15 09:10:00,4287.11,停損,17.200000000000728,-17.32000000000073,-1.0069767441860462,2026-09
2026-09-15,3.5,55,1,4311.87,4305.92,4283.25,22.670000000000073,108.45899999999992,0.20901907633299302,False,2026-09-15 05:35:00,0.12,0.0,0.5555555555555556,2026-09-15 10:45:00,4283.25,停損,28.61999999999989,-28.739999999999892,-1.0041928721174005,2026-09
2026-09-15,4.0,56,1,4315.1,4306.61,4287.96,18.649999999999636,108.45899999999992,0.17195437907411695,False,2026-09-15 05:40:00,0.12,0.0,0.5555555555555556,2026-09-15 09:10:00,4287.96,停損,27.140000000000327,-27.26000000000033,-1.004421518054532,2026-09
2026-09-15,8.0,119,-1,4277.75,4307.66,4289.24,18.420000000000073,108.45899999999992,0.1698337620667726,True,2026-09-15 10:55:00,0.12,0.0,0.48717948717948717,2026-09-15 21:45:00,4307.66,停損,29.909999999999854,-30.029999999999855,-1.0040120361083251,2026-09
2026-09-15,10.0,121,-1,4266.83,4295.52,4276.27,19.25,108.45899999999992,0.17748642344111612,True,2026-09-15 11:05:00,0.12,0.0,0.475,2026-09-15 16:00:00,4295.52,停損,28.69000000000051,-28.81000000000051,-1.0041826420355524,2026-09
2026-09-16,3.0,51,1,4292.43,4286.23,4275.51,10.719999999999345,100.21399999999994,0.10697108188476012,False,2026-09-16 05:15:00,0.12,0.009978645698205845,0.6875,2026-09-16 21:40:00,4275.51,停損,16.920000000000073,-17.040000000000074,-1.0070921985815604,2026-09
2026-09-16,2.0,53,1,4295.68,4289.53,4281.19,8.340000000000146,100.21399999999994,0.0832219051230382,False,2026-09-16 05:25:00,0.12,0.009978645698205845,0.6470588235294118,2026-09-16 21:35:00,4281.19,停損,14.490000000000691,-14.61000000000069,-1.0082815734989643,2026-09
2026-09-16,3.5,54,1,4299.0,4293.64,4275.51,18.13000000000011,100.21399999999994,0.18091284650847306,False,2026-09-16 05:30:00,0.12,0.009978645698205845,0.6470588235294118,2026-09-16 21:40:00,4275.51,停損,23.48999999999978,-23.609999999999783,-1.005108556832695,2026-09
2026-09-16,4.5,55,1,4310.1,4300.73,4280.08,20.649999999999636,100.21399999999994,0.2060590336679471,False,2026-09-16 05:35:00,0.12,0.009978645698205845,0.6111111111111112,2026-09-16 21:40:00,4280.08,停損,30.020000000000437,-30.140000000000438,-1.0039973351099267,2026-09
2026-09-16,5.0,63,1,4337.01,4323.49,4281.95,41.539999999999964,100.21399999999994,0.41451294230347047,False,2026-09-16 06:15:00,0.12,0.009978645698205845,0.55,2026-09-16 21:35:00,4281.95,停損,55.0600000000004,-55.1800000000004,-1.0021794406102433,2026-09
2026-09-16,7.0,109,1,4334.77,4328.5,4320.64,7.859999999999673,100.21399999999994,0.07843215518789468,False,2026-09-16 10:05:00,0.12,0.009978645698205845,0.3055555555555556,2026-09-16 21:05:00,4320.64,停損,14.13000000000011,-14.250000000000108,-1.008492569002123,2026-09
2026-09-16,9.0,116,1,4338.22,4333.12,4321.55,11.569999999999709,100.21399999999994,0.11545293072823873,False,2026-09-16 10:40:00,0.12,0.009978645698205845,0.2894736842105263,2026-09-16 21:05:00,4321.55,停損,16.670000000000073,-16.790000000000074,-1.0071985602879425,2026-09
2026-09-16,9.5,146,1,4345.22,4337.58,4323.8,13.779999999999745,100.21399999999994,0.137505737721274,False,2026-09-16 13:10:00,0.12,0.009978645698205845,0.22916666666666666,2026-09-16 21:05:00,4323.8,停損,21.420000000000073,-21.540000000000074,-1.0056022408963585,2026-09
2026-09-17,2.0,27,1,4284.98,4275.59,4258.87,16.720000000000255,101.93199999999997,0.1640309225758374,False,2026-09-17 03:15:00,0.12,0.00981046187654515,0.125,2026-09-18 00:00:00,4341.74,收盤,26.109999999999673,56.64000000000022,2.1692837993106444,2026-09
2026-09-17,2.5,37,1,4297.51,4289.55,4266.39,23.159999999999854,101.93199999999997,0.22721029706078424,False,2026-09-17 04:05:00,0.12,0.00981046187654515,0.08333333333333333,2026-09-18 00:00:00,4341.74,收盤,31.11999999999989,44.109999999999566,1.4174164524421504,2026-09
2026-09-17,5.5,85,1,4297.99,4292.63,4274.03,18.600000000000364,101.93199999999997,0.18247459090374338,False,2026-09-17 08:05:00,0.12,0.00981046187654515,0.03571428571428571,2026-09-18 00:00:00,4341.74,收盤,23.960000000000036,43.63,1.820951585976625,2026-09
2026-09-17,6.0,95,1,4303.39,4297.46,4277.14,20.31999999999971,101.93199999999997,0.1993485853313946,False,2026-09-17 08:55:00,0.12,0.00981046187654515,0.03225806451612903,2026-09-18 00:00:00,4341.74,收盤,26.25,38.22999999999946,1.4563809523809317,2026-09
2026-09-17,7.0,96,1,4304.56,4298.92,4290.39,8.529999999999745,101.93199999999997,0.08368323980692763,False,2026-09-17 09:00:00,0.12,0.00981046187654515,0.03225806451612903,2026-09-18 00:00:00,4341.74,收盤,14.170000000000073,37.059999999999384,2.6153846153845586,2026-09
2026-09-17,8.0,99,1,4312.08,4305.38,4285.52,19.859999999999673,101.93199999999997,0.19483577286818346,False,2026-09-17 09:15:00,0.12,0.00981046187654515,0.03125,2026-09-18 00:00:00,4341.74,收盤,26.55999999999949,29.539999999999853,1.1121987951807386,2026-09
2026-09-17,8.5,111,1,4322.91,4312.98,4286.34,26.639999999999418,101.93199999999997,0.2613507043911571,False,2026-09-17 10:15:00,0.12,0.00981046187654515,0.027777777777777776,2026-09-18 00:00:00,4341.74,收盤,36.56999999999971,18.709999999999926,0.5116215477167098,2026-09
2026-09-18,4.0,64,-1,4337.44,4365.63,4344.01,21.61999999999989,101.34200000000001,0.21333701722878853,False,2026-09-18 06:20:00,0.12,0.009867577115115154,0.5714285714285714,2026-09-18 07:50:00,4365.63,停損,28.19000000000051,-28.31000000000051,-1.0042568286626463,2026-09
2026-09-18,2.5,65,-1,4336.1,4357.42,4342.18,15.239999999999782,101.34200000000001,0.15038187523435279,False,2026-09-18 06:25:00,0.12,0.009867577115115154,0.5714285714285714,2026-09-18 06:45:00,4357.42,停損,21.31999999999971,-21.43999999999971,-1.00562851782364,2026-09
2026-09-18,5.5,81,1,4364.6,4356.57,4334.39,22.17999999999938,101.34200000000001,0.218862860413248,True,2026-09-18 07:45:00,0.12,0.049337885575575766,0.8076923076923077,2026-09-19 00:00:00,4378.29,收盤,30.210000000000036,13.5699999999996,0.44918901026148905,2026-09
2026-09-18,6.0,84,1,4366.92,4360.9,4334.39,26.50999999999931,101.34200000000001,0.2615894693216959,True,2026-09-18 08:00:00,0.12,0.049337885575575766,0.7777777777777778,2026-09-19 00:00:00,4378.29,收盤,32.529999999999745,11.249999999999892,0.3458346142022742,2026-09
2026-09-18,7.0,92,1,4372.37,4367.04,4352.86,14.180000000000291,101.34200000000001,0.13992224349233576,True,2026-09-18 08:40:00,0.12,0.049337885575575766,0.7,2026-09-18 16:45:00,4352.86,停損,19.51000000000022,-19.63000000000022,-1.0061506919528447,2026-09
2026-09-18,8.0,98,1,4387.42,4378.27,4360.29,17.980000000000473,101.34200000000001,0.17741903652977511,True,2026-09-18 09:10:00,0.12,0.049337885575575766,0.65625,2026-09-18 15:25:00,4360.29,停損,27.13000000000011,-27.25000000000011,-1.004423147806856,2026-09
2026-09-22,2.5,32,-1,4349.47,4376.02,4357.9,18.1200000000008,96.00199999999995,0.1887460677902628,True,2026-09-22 03:40:00,0.12,0.06249869794379287,0.8,2026-09-23 00:00:00,4358.39,收盤,26.550000000000182,-9.040000000000072,-0.3404896421845578,2026-09
2026-09-22,3.0,50,-1,4343.28,4376.02,4348.45,27.57000000000062,96.00199999999995,0.28718151705173467,True,2026-09-22 05:10:00,0.12,0.06249869794379287,0.5,2026-09-23 00:00:00,4358.39,收盤,32.74000000000069,-15.230000000000581,-0.4651802076970147,2026-09
2026-09-22,4.0,73,-1,4336.86,4365.16,4343.54,21.61999999999989,96.00199999999995,0.22520364159079917,True,2026-09-22 07:05:00,0.12,0.06249869794379287,0.3333333333333333,2026-09-22 22:35:00,4365.16,停損,28.300000000000182,-28.420000000000183,-1.0042402826855124,2026-09
2026-09-22,4.5,89,-1,4330.04,4357.17,4339.77,17.399999999999636,96.00199999999995,0.18124622403699553,True,2026-09-22 08:25:00,0.12,0.06249869794379287,0.27586206896551724,2026-09-22 21:10:00,4357.17,停損,27.13000000000011,-27.25000000000011,-1.004423147806856,2026-09
2026-09-22,7.5,100,-1,4317.28,4347.37,4322.95,24.420000000000073,96.00199999999995,0.2543697006312377,True,2026-09-22 09:20:00,0.12,0.06249869794379287,0.24242424242424243,2026-09-22 20:55:00,4347.37,停損,30.090000000000146,-30.210000000000147,-1.003988035892323,2026-09
2026-09-22,8.0,117,-1,4310.85,4347.37,4316.31,31.05999999999949,96.00199999999995,0.32353492635569575,True,2026-09-22 10:45:00,0.12,0.06249869794379287,0.21052631578947367,2026-09-22 20:55:00,4347.37,停損,36.51999999999953,-36.639999999999525,-1.0032858707557502,2026-09
2026-09-22,8.5,118,-1,4309.38,4333.22,4315.16,18.0600000000004,96.00199999999995,0.1881210808108207,True,2026-09-22 10:50:00,0.12,0.06249869794379287,0.20512820512820512,2026-09-22 11:55:00,4333.22,停損,23.840000000000146,-23.960000000000147,-1.00503355704698,2026-09
2026-09-23,2.0,37,-1,4351.23,4365.48,4358.39,7.089999999999236,94.74000000000005,0.0748363943424027,False,2026-09-23 04:05:00,0.12,0.031665611146295104,0.6666666666666666,2026-09-24 00:00:00,4286.76,收盤,14.25,64.34999999999934,4.515789473684165,2026-09
2026-09-23,3.0,39,-1,4349.62,4369.38,4355.22,14.159999999999854,94.74000000000005,0.14946168461051137,False,2026-09-23 04:15:00,0.12,0.031665611146295104,0.6666666666666666,2026-09-24 00:00:00,4286.76,收盤,19.76000000000022,62.739999999999675,3.1751012145748474,2026-09
2026-09-23,3.5,51,-1,4337.26,4361.9,4342.64,19.25999999999931,94.74000000000005,0.2032932235592073,False,2026-09-23 05:15:00,0.12,0.031665611146295104,0.5,2026-09-24 00:00:00,4286.76,收盤,24.639999999999418,50.38,2.0446428571429056,2026-09
2026-09-23,4.0,56,-1,4333.97,4359.17,4339.05,20.11999999999989,94.74000000000005,0.2123706987544847,False,2026-09-23 05:40:00,0.12,0.031665611146295104,0.4444444444444444,2026-09-24 00:00:00,4286.76,收盤,25.199999999999818,47.09000000000004,1.8686507936508088,2026-09
2026-09-23,7.0,91,-1,4337.69,4347.32,4342.56,4.759999999999309,94.74000000000005,0.05024276968544761,False,2026-09-23 08:35:00,0.12,0.031665611146295104,0.26666666666666666,2026-09-24 00:00:00,4286.76,收盤,9.63000000000011,50.809999999999384,5.2762201453789,2026-09
2026-09-23,7.5,92,-1,4334.65,4346.83,4340.26,6.569999999999709,94.74000000000005,0.0693476884103832,False,2026-09-23 08:40:00,0.12,0.031665611146295104,0.26666666666666666,2026-09-24 00:00:00,4286.76,收盤,12.180000000000291,47.76999999999942,3.922003284072108,2026-09
2026-09-23,6.5,93,-1,4329.32,4347.32,4337.26,10.05999999999949,94.74000000000005,0.10618534937723755,False,2026-09-23 08:45:00,0.12,0.031665611146295104,0.26666666666666666,2026-09-24 00:00:00,4286.76,收盤,18.0,42.43999999999949,2.3577777777777498,2026-09
2026-09-23,8.0,115,-1,4320.62,4345.78,4328.1,17.67999999999938,94.74000000000005,0.18661600168882597,False,2026-09-23 10:35:00,0.12,0.031665611146295104,0.21052631578947367,2026-09-24 00:00:00,4286.76,收盤,25.159999999999854,33.739999999999675,1.3410174880763064,2026-09
2026-09-23,9.5,128,-1,4317.13,4337.01,4322.22,14.789999999999964,94.74000000000005,0.1561114629512345,False,2026-09-23 11:40:00,0.12,0.031665611146295104,0.19047619047619047,2026-09-24 00:00:00,4286.76,收盤,19.88000000000011,30.24999999999989,1.5216297786720183,2026-09
2026-09-23,10.0,139,-1,4313.94,4332.85,4319.01,13.840000000000146,94.74000000000005,0.14608401942157628,False,2026-09-23 12:35:00,0.12,0.031665611146295104,0.17391304347826086,2026-09-24 00:00:00,4286.76,收盤,18.910000000000764,27.05999999999938,1.4309888947645841,2026-09
2026-09-23,10.5,142,-1,4308.91,4325.52,4317.16,8.360000000000582,94.74000000000005,0.08824150306101518,False,2026-09-23 12:50:00,0.12,0.031665611146295104,0.1702127659574468,2026-09-24 00:00:00,4286.76,收盤,16.610000000000582,22.029999999999635,1.3263094521371983,2026-09
2026-09-24,2.0,36,1,4298.51,4293.29,4285.07,8.220000000000255,94.91100000000014,0.08660745329835574,False,2026-09-24 04:00:00,0.12,0.010536186532646359,0.8181818181818182,2026-09-24 04:50:00,4285.07,停損,13.44000000000051,-13.560000000000509,-1.008928571428571,2026-09
2026-09-24,6.5,85,1,4295.1,4288.34,4280.56,7.779999999999745,94.91100000000014,0.08197153122398598,False,2026-09-24 08:05:00,0.12,0.05268093266323179,0.5714285714285714,2026-09-24 08:45:00,4280.56,停損,14.539999999999964,-14.659999999999963,-1.0082530949105915,2026-09
2026-09-24,6.0,106,-1,4275.57,4293.91,4280.56,13.349999999999454,94.91100000000014,0.14065809021082312,True,2026-09-24 09:50:00,0.12,0.010536186532646359,0.37142857142857144,2026-09-25 00:00:00,4274.59,收盤,18.340000000000146,0.8599999999995634,0.0468920392584273,2026-09
2026-09-24,8.0,124,-1,4271.16,4296.35,4277.5,18.850000000000364,94.91100000000014,0.19860711614038767,True,2026-09-24 11:20:00,0.12,0.010536186532646359,0.3170731707317073,2026-09-25 00:00:00,4274.59,收盤,25.19000000000051,-3.550000000000291,-0.14092894005558632,2026-09
2026-09-24,9.5,125,-1,4265.74,4288.0,4274.38,13.61999999999989,94.91100000000014,0.14350286057464226,True,2026-09-24 11:25:00,0.12,0.010536186532646359,0.3170731707317073,2026-09-24 19:20:00,4288.0,停損,22.26000000000022,-22.38000000000022,-1.005390835579515,2026-09
2026-09-24,10.5,138,-1,4255.66,4287.73,4262.52,25.209999999999127,94.91100000000014,0.2656172624880055,True,2026-09-24 12:30:00,0.12,0.010536186532646359,0.28888888888888886,2026-09-24 19:20:00,4287.73,停損,32.06999999999971,-32.189999999999706,-1.0037418147801684,2026-09
2026-09-25,2.0,37,1,4281.54,4275.89,4264.89,11.0,88.69600000000018,0.12401912149364094,False,2026-09-25 04:05:00,0.12,0.0,0.6666666666666666,2026-09-25 08:00:00,4264.89,停損,16.649999999999636,-16.769999999999637,-1.0072072072072074,2026-09
2026-09-25,3.0,39,1,4289.97,4281.03,4264.38,16.649999999999636,88.69600000000018,0.18771985207900696,False,2026-09-25 04:15:00,0.12,0.0,0.6666666666666666,2026-09-25 08:00:00,4264.38,停損,25.590000000000146,-25.710000000000147,-1.0046893317702228,2026-09
2026-09-25,4.0,70,-1,4271.73,4295.79,4276.96,18.829999999999927,88.69600000000018,0.21229818706593181,True,2026-09-25 06:50:00,0.12,0.0,0.6086956521739131,2026-09-25 11:50:00,4295.79,停損,24.0600000000004,-24.1800000000004,-1.0049875311720697,2026-09
2026-09-25,6.0,84,-1,4263.0,4286.33,4269.58,16.75,88.69600000000018,0.18884729863804417,True,2026-09-25 08:00:00,0.12,0.0,0.5185185185185185,2026-09-25 11:35:00,4286.33,停損,23.329999999999927,-23.44999999999993,-1.005143591941706,2026-09
2026-09-25,8.0,123,1,4281.82,4275.86,4256.42,19.4399999999996,88.69600000000018,0.21917561107603004,False,2026-09-25 11:15:00,0.12,0.0,0.7,2026-09-25 17:10:00,4256.42,停損,25.399999999999636,-25.519999999999637,-1.004724409448819,2026-09
2026-09-25,8.5,127,1,4287.76,4281.59,4263.27,18.31999999999971,88.69600000000018,0.20654820961486056,False,2026-09-25 11:35:00,0.12,0.0,0.6666666666666666,2026-09-25 17:05:00,4263.27,停損,24.48999999999978,-24.609999999999783,-1.004899959167007,2026-09
2026-09-25,10.5,129,1,4292.26,4284.78,4271.16,13.61999999999989,88.69600000000018,0.15355822134030692,False,2026-09-25 11:45:00,0.12,0.0,0.6666666666666666,2026-09-25 17:05:00,4271.16,停損,21.100000000000364,-21.220000000000365,-1.0056872037914693,2026-09
2026-09-29,3.5,55,1,4137.12,4131.86,4113.45,18.409999999999854,91.21500000000015,0.2018308392260026,False,2026-09-29 05:35:00,0.12,0.01096310913775145,0.6666666666666666,2026-09-30 00:00:00,4181.45,收盤,23.670000000000073,44.20999999999993,1.8677651035065397,2026-09
2026-09-29,7.5,93,1,4138.47,4133.05,4124.75,8.300000000000182,91.21500000000015,0.09099380584333902,False,2026-09-29 08:45:00,0.12,0.01096310913775145,0.4,2026-09-30 00:00:00,4181.45,收盤,13.720000000000255,42.859999999999566,3.123906705539269,2026-09
2026-09-29,7.0,95,1,4142.43,4134.19,4124.75,9.4399999999996,91.21500000000015,0.10349175026036929,False,2026-09-29 08:55:00,0.12,0.01096310913775145,0.3870967741935484,2026-09-30 00:00:00,4181.45,收盤,17.68000000000029,38.89999999999953,2.2002262443438285,2026-09
2026-09-29,6.5,99,1,4146.9,4140.36,4128.57,11.789999999999964,91.21500000000015,0.12925505673408919,False,2026-09-29 09:15:00,0.12,0.01096310913775145,0.375,2026-09-30 00:00:00,4181.45,收盤,18.329999999999927,34.430000000000184,1.8783415166394064,2026-09
2026-09-29,10.0,156,1,4153.57,4148.91,4136.0,12.909999999999854,91.21500000000015,0.1415337389683696,False,2026-09-29 14:00:00,0.12,0.01096310913775145,0.23529411764705882,2026-09-30 00:00:00,4181.45,收盤,17.56999999999971,27.760000000000108,1.5799658508822179,2026-09
2026-09-30,2.0,39,-1,4172.68,4187.63,4178.76,8.86999999999989,92.78200000000015,0.09560043974046557,False,2026-09-30 04:15:00,0.12,0.0,0.5833333333333334,2026-09-30 09:55:00,4187.63,停損,14.949999999999818,-15.069999999999817,-1.0080267558528428,2026-09
2026-09-30,3.0,40,-1,4171.86,4187.4,4176.69,10.710000000000036,92.78200000000015,0.11543187256148842,False,2026-09-30 04:20:00,0.12,0.0,0.5384615384615384,2026-09-30 09:55:00,4187.4,停損,15.539999999999964,-15.659999999999963,-1.0077220077220077,2026-09
2026-09-30,9.0,113,1,4201.05,4194.98,4176.2,18.779999999999745,92.78200000000015,0.2024099502058558,True,2026-09-30 10:25:00,0.12,0.02155590524024053,0.7837837837837838,2026-09-30 17:05:00,4176.2,停損,24.850000000000364,-24.970000000000365,-1.0048289738430582,2026-09
2026-10-01,5.0,63,1,4167.42,4161.83,4151.46,10.36999999999989,86.72700000000013,0.11957060661616192,False,2026-10-01 06:15:00,0.12,0.0,0.55,2026-10-01 11:45:00,4151.46,停損,15.960000000000036,-16.080000000000037,-1.0075187969924813,2026-10
2026-10-01,3.5,69,1,4169.81,4164.77,4139.28,25.49000000000069,86.72700000000013,0.2939107774972114,False,2026-10-01 06:45:00,0.12,0.0,0.5,2026-10-02 00:00:00,4176.92,收盤,30.530000000000655,6.9899999999996725,0.2289551261054544,2026-10
2026-10-01,5.5,70,1,4173.59,4168.61,4152.89,15.719999999999345,86.72700000000013,0.18125843163028033,False,2026-10-01 06:50:00,0.12,0.0,0.4782608695652174,2026-10-01 11:45:00,4152.89,停損,20.699999999999818,-20.81999999999982,-1.0057971014492755,2026-10
2026-10-01,6.0,85,1,4182.62,4177.02,4159.36,17.660000000000764,86.72700000000013,0.2036274747195307,False,2026-10-01 08:05:00,0.12,0.0,0.39285714285714285,2026-10-01 10:30:00,4159.36,停損,23.26000000000022,-23.38000000000022,-1.0051590713671539,2026-10
2026-10-01,6.5,88,1,4183.68,4178.36,4163.26,15.099999999999454,86.72700000000013,0.17410956218939236,False,2026-10-01 08:20:00,0.12,0.0,0.3793103448275862,2026-10-01 10:25:00,4163.26,停損,20.420000000000073,-20.540000000000074,-1.0058765915768855,2026-10
2026-10-01,7.0,90,1,4187.06,4180.59,4171.49,9.100000000000364,86.72700000000013,0.10492695469692656,False,2026-10-01 08:30:00,0.12,0.0,0.3793103448275862,2026-10-01 10:20:00,4171.49,停損,15.570000000000618,-15.690000000000618,-1.007707129094412,2026-10
2026-10-01,7.5,113,-1,4160.93,4187.31,4171.86,15.450000000000728,86.72700000000013,0.17814521429313482,True,2026-10-01 10:25:00,0.12,0.0,0.8108108108108109,2026-10-01 15:50:00,4187.31,停損,26.38000000000011,-26.50000000000011,-1.0045489006823352,2026-10
2026-10-01,10.5,154,1,4174.53,4167.78,4154.43,13.349999999999454,86.72700000000013,0.15393130167075345,False,2026-10-01 13:50:00,0.12,0.0,0.21568627450980393,2026-10-01 17:05:00,4154.43,停損,20.099999999999454,-20.219999999999455,-1.0059701492537316,2026-10
2026-10-02,2.5,33,-1,4159.44,4183.76,4164.23,19.530000000000655,79.72100000000019,0.244979365537319,False,2026-10-02 03:45:00,0.12,0.0,0.7,2026-10-02 07:05:00,4183.76,停損,24.32000000000062,-24.44000000000062,-1.0049342105263157,2026-10
2026-10-02,3.0,37,-1,4148.07,4182.55,4152.94,29.610000000000582,79.72100000000019,0.37142032839528494,False,2026-10-02 04:05:00,0.12,0.0,0.5833333333333334,2026-10-02 07:05:00,4182.55,停損,34.48000000000047,-34.60000000000047,-1.0034802784222736,2026-10
2026-10-02,9.5,147,-1,4171.82,4190.62,4177.48,13.140000000000327,79.72100000000019,0.16482482658271091,False,2026-10-02 13:15:00,0.12,0.0,0.6666666666666666,2026-10-02 15:35:00,4190.62,停損,18.800000000000182,-18.920000000000183,-1.0063829787234042,2026-10
2026-10-06,2.0,35,1,4146.15,4141.9,4133.54,8.359999999999673,81.86700000000027,0.10211684805843191,False,2026-10-06 03:55:00,0.12,0.0,0.7272727272727273,2026-10-06 04:45:00,4133.54,停損,12.609999999999673,-12.729999999999672,-1.0095162569389375,2026-10
2026-10-06,3.5,46,-1,4131.41,4152.25,4135.51,16.73999999999978,81.86700000000027,0.20447799479643478,True,2026-10-06 04:50:00,0.12,0.012214933978281807,0.8,2026-10-06 11:45:00,4152.25,停損,20.840000000000146,-20.960000000000147,-1.0057581573896353,2026-10
2026-10-06,3.0,49,-1,4128.69,4151.31,4133.15,18.160000000000764,81.86700000000027,0.22182320104560693,True,2026-10-06 05:05:00,0.12,0.012214933978281807,0.75,2026-10-06 11:45:00,4151.31,停損,22.6200000000008,-22.7400000000008,-1.0053050397877983,2026-10
2026-10-06,4.0,55,-1,4122.42,4152.25,4128.96,23.289999999999964,81.86700000000027,0.28448581235418285,True,2026-10-06 05:35:00,0.12,0.012214933978281807,0.6666666666666666,2026-10-06 11:45:00,4152.25,停損,29.829999999999927,-29.94999999999993,-1.004022795843111,2026-10
2026-10-06,4.5,56,-1,4122.07,4138.41,4126.47,11.9399999999996,81.86700000000027,0.14584631170067988,True,2026-10-06 05:40:00,0.12,0.012214933978281807,0.6666666666666666,2026-10-06 05:55:00,4138.41,停損,16.340000000000146,-16.460000000000147,-1.00734394124847,2026-10
2026-10-07,2.0,31,-1,4156.7,4169.97,4162.49,7.480000000000473,81.4300000000002,0.09185803757829368,False,2026-10-07 03:35:00,0.12,0.0,0.6,2026-10-08 00:00:00,4109.56,收盤,13.270000000000437,47.01999999999942,3.5433308214014976,2026-10
2026-10-07,2.5,37,-1,4153.78,4169.97,4160.12,9.850000000000364,81.4300000000002,0.12096279012649318,False,2026-10-07 04:05:00,0.12,0.0,0.5,2026-10-08 00:00:00,4109.56,收盤,16.19000000000051,44.09999999999935,2.723903644224704,2026-10
2026-10-07,3.0,41,-1,4150.55,4169.68,4155.59,14.090000000000146,81.4300000000002,0.17303205206926328,False,2026-10-07 04:25:00,0.12,0.0,0.46153846153846156,2026-10-08 00:00:00,4109.56,收盤,19.13000000000011,40.869999999999784,2.1364349189754077,2026-10
2026-10-07,3.5,49,-1,4144.9,4162.72,4149.75,12.970000000000255,81.4300000000002,0.15927790740513598,False,2026-10-07 05:05:00,0.12,0.0,0.375,2026-10-08 00:00:00,4109.56,收盤,17.82000000000062,35.21999999999924,1.9764309764308652,2026-10
2026-10-07,4.0,61,-1,4141.58,4156.26,4146.37,9.890000000000327,81.4300000000002,0.12145400957878304,False,2026-10-07 06:05:00,0.12,0.0,0.3,2026-10-08 00:00:00,4109.56,收盤,14.680000000000291,31.899999999999526,2.1730245231606875,2026-10
2026-10-07,4.5,84,-1,4135.22,4154.94,4140.24,14.699999999999818,81.4300000000002,0.18052314871668648,False,2026-10-07 08:00:00,0.12,0.0,0.2222222222222222,2026-10-08 00:00:00,4109.56,收盤,19.719999999999345,25.539999999999853,1.2951318458418206,2026-10
2026-10-07,5.5,88,-1,4132.75,4149.13,4138.24,10.890000000000327,81.4300000000002,0.13373449588604078,False,2026-10-07 08:20:00,0.12,0.0,0.20689655172413793,2026-10-08 00:00:00,4109.56,收盤,16.38000000000011,23.0699999999996,1.4084249084248746,2026-10
2026-10-07,7.0,96,-1,4128.71,4144.7,4134.91,9.789999999999964,81.4300000000002,0.1202259609480528,False,2026-10-07 09:00:00,0.12,0.0,0.1935483870967742,2026-10-08 00:00:00,4109.56,收盤,15.989999999999782,19.029999999999635,1.1901188242651592,2026-10
2026-10-07,7.5,125,-1,4126.89,4142.42,4131.38,11.039999999999964,81.4300000000002,0.13557656883212496,False,2026-10-07 11:25:00,0.12,0.0,0.14634146341463414,2026-10-08 00:00:00,4109.56,收盤,15.529999999999745,17.209999999999926,1.108177720540902,2026-10
2026-10-07,8.0,131,-1,4124.58,4137.58,4128.7,8.88000000000011,81.4300000000002,0.10905071840845004,False,2026-10-07 11:55:00,0.12,0.0,0.13953488372093023,2026-10-08 00:00:00,4109.56,收盤,13.0,14.899999999999528,1.1461538461538099,2026-10
2026-10-07,9.5,132,-1,4123.86,4135.65,4128.3,7.349999999999454,81.4300000000002,0.09026157435833766,False,2026-10-07 12:00:00,0.12,0.0,0.13953488372093023,2026-10-08 00:00:00,4109.56,收盤,11.789999999999964,14.179999999999273,1.2027141645461676,2026-10
2026-10-07,8.5,136,-1,4121.54,4137.58,4126.95,10.63000000000011,81.4300000000002,0.13054156944615108,False,2026-10-07 12:20:00,0.12,0.0,0.13333333333333333,2026-10-08 00:00:00,4109.56,收盤,16.039999999999964,11.859999999999564,0.7394014962593262,2026-10
2026-10-07,10.5,138,-1,4120.64,4139.51,4124.87,14.640000000000327,81.4300000000002,0.17978631953825727,False,2026-10-07 12:30:00,0.12,0.0,0.13333333333333333,2026-10-08 00:00:00,4109.56,收盤,18.86999999999989,10.959999999999928,0.5808161102278745,2026-10
2026-10-08,2.0,37,1,4129.85,4114.28,4106.16,8.11999999999989,82.3300000000002,0.0986274747965489,False,2026-10-08 04:05:00,0.12,0.0,0.08333333333333333,2026-10-08 19:10:00,4106.16,停損,23.69000000000051,-23.81000000000051,-1.0050654284508231,2026-10
2026-10-08,3.5,55,1,4142.52,4135.14,4105.52,29.61999999999989,82.3300000000002,0.35977165067411415,False,2026-10-08 05:35:00,0.12,0.0,0.05555555555555555,2026-10-08 19:10:00,4105.52,停損,37.0,-37.12,-1.0032432432432432,2026-10
2026-10-08,5.0,93,-1,4126.24,4143.31,4131.92,11.390000000000327,82.3300000000002,0.1383456820114211,True,2026-10-08 08:45:00,0.12,0.0,0.6,2026-10-08 20:20:00,4143.31,停損,17.07000000000062,-17.19000000000062,-1.0070298769771526,2026-10
2026-10-08,5.5,95,-1,4117.87,4143.31,4128.47,14.840000000000146,82.3300000000002,0.18025021255921425,True,2026-10-08 08:55:00,0.12,0.0,0.5806451612903226,2026-10-08 20:20:00,4143.31,停損,25.44000000000051,-25.56000000000051,-1.0047169811320755,2026-10
2026-10-08,10.0,151,-1,4113.69,4130.17,4118.05,12.11999999999989,82.3300000000002,0.14721243775051454,True,2026-10-08 13:35:00,0.12,0.0,0.36,2026-10-08 14:45:00,4130.17,停損,16.480000000000473,-16.600000000000474,-1.0072815533980581,2026-10
2026-10-09,2.5,39,1,4155.65,4150.54,4139.63,10.909999999999854,80.7090000000002,0.13517699389163323,True,2026-10-09 04:15:00,0.12,0.03717057577221862,0.0,2026-10-10 00:00:00,4195.1,收盤,16.019999999999527,39.33000000000073,2.455056179775399,2026-10
2026-10-09,3.5,44,1,4169.46,4163.78,4142.45,21.329999999999927,80.7090000000002,0.2642827937404735,True,2026-10-09 04:40:00,0.12,0.03717057577221862,0.0,2026-10-10 00:00:00,4195.1,收盤,27.01000000000022,25.520000000000326,0.9448352462051137,2026-10
2026-10-09,4.0,75,1,4179.46,4175.2,4143.12,32.07999999999993,80.7090000000002,0.39747735692425684,True,2026-10-09 07:15:00,0.12,0.03717057577221862,0.0,2026-10-10 00:00:00,4195.1,收盤,36.340000000000146,15.520000000000328,0.4270776004402935,2026-10
2026-10-09,4.5,77,1,4182.51,4176.95,4161.45,15.5,80.7090000000002,0.19204797482312952,True,2026-10-09 07:25:00,0.12,0.03717057577221862,0.0,2026-10-10 00:00:00,4195.1,收盤,21.0600000000004,12.470000000000146,0.5921177587844212,2026-10
2026-10-09,7.5,91,1,4200.32,4192.47,4177.05,15.420000000000073,80.7090000000002,0.1910567594692046,True,2026-10-09 08:35:00,0.12,0.03717057577221862,0.0,2026-10-09 14:10:00,4177.05,停損,23.269999999999527,-23.389999999999528,-1.0051568543188656,2026-10
2026-10-09,10.0,134,-1,4185.55,4198.46,4189.82,8.640000000000327,80.7090000000002,0.10705125822399368,False,2026-10-09 12:10:00,0.12,0.061950959620364364,0.6818181818181818,2026-10-09 21:10:00,4198.46,停損,12.909999999999854,-13.029999999999854,-1.0092951200619675,2026-10
2026-10-09,9.0,139,-1,4184.5,4198.83,4189.37,9.460000000000036,80.7090000000002,0.11721121560172983,False,2026-10-09 12:35:00,0.12,0.061950959620364364,0.6521739130434783,2026-10-09 21:10:00,4198.83,停損,14.329999999999927,-14.449999999999926,-1.008374040474529,2026-10
