day,h,side,t_in,exit_time,risk,pnl,R,why
2023-03-01,5.0,-1,2023-03-01 07:30:00,2023-03-01 08:15:00,1.9380400000002282,-2.148040000000228,-1.108356896658467,停損
2023-03-01,7.5,-1,2023-03-01 10:15:00,2023-03-01 11:00:00,2.698039999999992,-2.9080399999999917,-1.0778342796993374,停損
2023-03-01,9.5,-1,2023-03-01 13:45:00,2023-03-01 14:30:00,3.6180400000000645,-3.8280400000000645,-1.0580424760367482,停損
2023-03-02,6.0,1,2023-03-02 08:30:00,2023-03-02 09:00:00,1.8613600000001043,-2.0713600000001042,-1.1128207332273112,停損
2023-03-02,7.0,1,2023-03-02 10:30:00,2023-03-02 10:45:00,3.871360000000095,-0.15000000000005456,-0.03874607373120838,目標
2023-03-03,8.0,-1,2023-03-03 10:45:00,2023-03-03 11:00:00,1.8741399999998976,-2.0841399999998975,-1.1120513942394974,停損
2023-03-06,5.5,1,2023-03-06 09:00:00,2023-03-06 09:15:00,2.8261999999999716,0.06499999999986358,0.02299908003675049,目標
2023-03-06,10.0,1,2023-03-06 12:15:00,2023-03-06 12:45:00,2.4962000000000444,-2.7062000000000443,-1.0841278743690395,停損
2023-03-07,5.5,-1,2023-03-07 09:45:00,2023-03-07 10:00:00,3.5119399999998677,0.47500000000017284,0.13525288017454476,目標
2023-03-08,6.0,-1,2023-03-08 08:15:00,2023-03-08 08:45:00,1.9425799999999072,-2.152579999999907,-1.108103655962694,停損
2023-03-08,8.0,-1,2023-03-08 11:45:00,2023-03-08 12:30:00,1.86257999999998,0.815000000000091,0.43756509787504416,目標
2023-03-08,10.0,-1,2023-03-08 13:45:00,2023-03-08 14:15:00,2.00258000000008,0.6399999999999091,0.31958773182588635,目標
2023-03-09,10.0,-1,2023-03-09 13:45:00,2023-03-09 15:15:00,2.018579999999929,2.1450000000000182,1.0626281841691159,目標
2023-03-10,8.5,-1,2023-03-10 10:15:00,2023-03-10 11:45:00,4.333399999999756,0.8199999999999728,0.18922785803295772,目標
2023-03-10,10.5,1,2023-03-10 12:00:00,2023-03-10 12:15:00,2.7933999999997923,1.2200000000000637,0.43674375313243874,目標
2023-03-13,2.5,1,2023-03-13 05:00:00,2023-03-13 05:15:00,4.050440000000208,3.4849999999999364,0.8604003515666835,目標
2023-03-13,2.0,1,2023-03-13 05:15:00,2023-03-13 05:30:00,9.640440000000126,1.0550000000001,0.10943483907374417,目標
2023-03-14,5.0,1,2023-03-14 07:45:00,2023-03-14 09:00:00,3.0778800000002775,1.5899999999999546,0.5165893407149763,目標
2023-03-16,9.5,-1,2023-03-16 11:30:00,2023-03-16 14:00:00,4.8322800000000825,-5.0422800000000825,-1.0434577466537527,停損
2023-03-16,10.0,-1,2023-03-16 13:15:00,2023-03-16 14:00:00,2.5922800000000734,-2.8022800000000734,-1.081009767463389,停損
2023-03-21,8.5,1,2023-03-21 10:00:00,2023-03-21 10:45:00,6.826180000000022,-7.036180000000022,-1.0307639118804366,停損
2023-03-22,7.5,1,2023-03-22 10:30:00,2023-03-22 10:45:00,5.137699999999995,0.8950000000002729,0.17420246413770243,目標
2023-03-22,9.0,1,2023-03-22 10:45:00,2023-03-22 11:00:00,6.207700000000159,1.4549999999997636,0.23438632665878287,目標
2023-03-22,10.0,-1,2023-03-22 11:30:00,2023-03-22 15:30:00,4.767700000000104,2.5799999999999907,0.5411414308786069,目標
2023-03-23,2.0,-1,2023-03-23 04:00:00,2023-03-23 04:30:00,5.166119999999864,1.4100000000001456,0.2729321037839196,目標
2023-03-23,3.0,1,2023-03-23 05:00:00,2023-03-23 05:15:00,5.776119999999992,0.22499999999997272,0.038953484345888426,目標
2023-03-23,7.5,-1,2023-03-23 09:45:00,2023-03-23 10:45:00,6.166119999999864,1.4050000000000364,0.2278580371449254,目標
2023-03-24,9.5,-1,2023-03-24 11:15:00,2023-03-24 11:30:00,6.70623999999998,-0.01999999999991814,-0.0029822970844941726,目標
2023-03-24,8.5,1,2023-03-24 12:00:00,2023-03-24 12:15:00,6.636240000000043,2.470000000000091,0.3721987149349744,目標
2023-03-29,8.0,1,2023-03-29 10:30:00,2023-03-29 12:00:00,6.197599999999966,1.105000000000082,0.17829482380277656,目標
2023-04-04,7.5,-1,2023-04-04 11:30:00,2023-04-04 14:15:00,4.01702000000023,1.2900000000000273,0.3211335766314217,目標
2023-04-06,8.0,-1,2023-04-06 11:00:00,2023-04-06 11:45:00,2.928359999999884,-3.1083599999998843,-1.0614678523132426,停損
2023-04-10,6.0,-1,2023-04-10 09:00:00,2023-04-10 09:30:00,3.2417800000000625,-3.4417800000000627,-1.0616945011691097,停損
2023-04-12,6.0,-1,2023-04-12 08:00:00,2023-04-12 09:15:00,3.44495999999981,1.750000000000273,0.507988481724133,目標
2023-04-13,7.0,1,2023-04-13 09:00:00,2023-04-13 09:15:00,3.526579999999967,-0.024999999999818112,-0.00708902109120404,目標
2023-04-14,5.0,1,2023-04-14 06:30:00,2023-04-14 07:00:00,2.6253600000000006,0.8800000000001547,0.3351921260322982,目標
2023-04-14,7.0,1,2023-04-14 08:45:00,2023-04-14 10:15:00,3.6653600000001916,-3.8653600000001918,-1.0545648994914523,停損
2023-04-14,10.5,-1,2023-04-14 13:30:00,2023-04-14 14:00:00,3.7953600000000733,3.1849999999999907,0.8391825808355279,目標
2023-04-17,9.0,1,2023-04-17 12:00:00,2023-04-17 13:00:00,3.7173800000000483,-3.9173800000000485,-1.053801333197036,停損
2023-04-18,6.5,1,2023-04-18 08:15:00,2023-04-18 08:30:00,3.433759999999893,1.05,0.3057872419738225,目標
2023-04-20,8.5,-1,2023-04-20 10:00:00,2023-04-20 11:00:00,3.6351800000002186,2.739999999999827,0.7537453441094147,目標
2023-04-20,9.5,1,2023-04-20 12:30:00,2023-04-20 12:45:00,6.415180000000191,0.33500000000008184,0.05221989094617327,目標
2023-04-24,3.0,1,2023-04-24 05:15:00,2023-04-24 05:30:00,3.701519999999846,1.304999999999891,0.35255786811902823,目標
2023-04-25,6.0,1,2023-04-25 08:00:00,2023-04-25 08:45:00,3.492960000000039,0.7249999999999637,0.20756034996105183,目標
2023-05-01,8.0,1,2023-05-01 12:00:00,2023-05-01 12:15:00,3.674900000000207,1.659999999999909,0.4517129717814949,目標
2023-05-03,3.0,-1,2023-05-03 07:15:00,2023-05-03 08:00:00,3.145759999999882,1.1450000000000364,0.3639819948120897,目標
2023-05-04,4.5,1,2023-05-04 05:45:00,2023-05-04 09:15:00,5.674819999999954,-5.864819999999955,-1.0334812381714313,停損
2023-05-09,6.5,-1,2023-05-09 08:45:00,2023-05-09 09:30:00,3.346559999999954,1.3999999999999182,0.41834002677374305,目標
2023-05-10,8.5,-1,2023-05-10 10:00:00,2023-05-10 10:15:00,4.7874400000000605,-0.1700000000000182,-0.03550958340992598,目標
2023-05-18,8.0,-1,2023-05-18 09:30:00,2023-05-18 09:45:00,2.231700000000046,0.9949999999999455,0.44584845633370296,目標
2023-05-22,3.0,1,2023-05-22 05:15:00,2023-05-22 08:00:00,2.7338600000000497,-2.9238600000000496,-1.0694988038890054,停損
2023-05-24,2.0,1,2023-05-24 06:00:00,2023-05-24 06:45:00,3.251459999999952,0.2600000000000455,0.07996407767589,目標
2023-05-26,5.0,-1,2023-05-26 08:45:00,2023-05-26 09:15:00,3.626839999999902,1.1200000000001729,0.30880877016912883,目標
2023-05-29,3.0,-1,2023-05-29 04:30:00,2023-05-29 08:45:00,3.9147199999999884,-4.104719999999989,-1.0485347611067972,停損
2023-05-30,7.5,1,2023-05-30 09:15:00,2023-05-30 09:45:00,3.513640000000123,1.9799999999998454,0.5635181748841019,目標
2023-05-30,8.5,-1,2023-05-30 10:15:00,2023-05-30 10:45:00,4.0736400000000685,-4.263640000000069,-1.0466413330583944,停損
2023-05-30,10.5,-1,2023-05-30 12:00:00,2023-05-30 12:15:00,4.713639999999941,-4.903639999999942,-1.040308551353095,停損
2023-05-31,9.5,1,2023-05-31 12:15:00,2023-05-31 14:45:00,3.8111999999998716,1.9749999999999637,0.5182094878253648,目標
2023-06-01,2.5,1,2023-06-01 04:45:00,2023-06-01 09:15:00,4.027059999999892,-4.217059999999893,-1.047180821740924,停損
2023-06-01,9.5,1,2023-06-01 12:00:00,2023-06-01 12:45:00,3.9870599999999286,2.4550000000002092,0.6157419251278519,目標
2023-06-02,6.0,1,2023-06-02 08:30:00,2023-06-02 09:15:00,3.0585199999998167,-3.2485199999998167,-1.0621215489844797,停損
2023-06-02,9.0,1,2023-06-02 11:30:00,2023-06-02 11:45:00,4.09851999999978,0.185,0.04513824502503584,目標
2023-06-05,3.0,1,2023-06-05 06:30:00,2023-06-05 08:00:00,3.3299000000001797,-3.5199000000001797,-1.0570587705336465,停損
2023-06-05,8.5,1,2023-06-05 11:00:00,2023-06-05 12:30:00,4.79989999999998,1.2049999999999819,0.2510468968103475,目標
2023-06-06,3.5,-1,2023-06-06 05:30:00,2023-06-06 05:45:00,4.48442,-0.10000000000008186,-0.02229942779670099,目標
2023-06-06,6.5,-1,2023-06-06 08:15:00,2023-06-06 08:30:00,3.0644199999999273,0.2950000000001273,0.09626617761277316,目標
2023-06-06,5.0,1,2023-06-06 09:15:00,2023-06-06 10:15:00,3.2944199999999455,-3.4844199999999454,-1.0576732778455702,停損
2023-06-08,6.0,1,2023-06-08 09:30:00,2023-06-08 09:45:00,3.5953799999999774,0.3850000000000455,0.10708186617271273,目標
2023-06-13,6.5,1,2023-06-13 09:15:00,2023-06-13 09:30:00,3.383679999999913,-0.14499999999992724,-0.0428527520332688,目標
2023-06-15,5.0,-1,2023-06-15 09:15:00,2023-06-15 09:30:00,5.401339999999891,0.46000000000009095,0.08516405188344008,目標
2023-06-15,9.0,1,2023-06-15 10:15:00,2023-06-15 12:15:00,5.001340000000027,1.185,0.23693650101772595,目標
2023-06-15,10.0,-1,2023-06-15 13:15:00,2023-06-15 14:15:00,3.6113400000001548,1.7449999999999455,0.4832001417755932,目標
2023-06-16,2.5,-1,2023-06-16 04:45:00,2023-06-16 05:00:00,3.193899999999985,0.5899999999999728,0.18472713610318905,目標
2023-06-16,3.5,-1,2023-06-16 05:00:00,2023-06-16 05:30:00,4.473899999999958,0.5099999999998182,0.1139945014416556,目標
2023-06-16,4.5,1,2023-06-16 06:15:00,2023-06-16 08:15:00,2.5838999999998578,-2.7738999999998577,-1.0735322574403074,停損
2023-06-19,4.0,1,2023-06-19 06:45:00,2023-06-19 07:45:00,2.3013999999998305,1.0149999999999273,0.4410358911966638,目標
2023-06-19,7.0,1,2023-06-19 10:45:00,2023-06-19 11:00:00,2.8213999999998123,0.5750000000001001,0.20379953214721003,目標
2023-06-20,3.5,1,2023-06-20 05:15:00,2023-06-20 05:30:00,5.161340000000109,-0.025000000000036382,-0.00484370337936192,目標
2023-06-20,4.5,-1,2023-06-20 07:45:00,2023-06-20 08:00:00,1.8113399999999729,2.1650000000000182,1.1952477171596998,目標
2023-06-20,7.5,-1,2023-06-20 09:45:00,2023-06-20 10:30:00,3.03134,-3.22134,-1.062678551399711,停損
2023-06-22,9.5,1,2023-06-22 11:45:00,2023-06-22 12:30:00,2.981399999999894,1.6450000000000364,0.5517542094318424,目標
2023-06-23,8.5,1,2023-06-23 10:15:00,2023-06-23 10:30:00,2.3945199999998295,0.7700000000002638,0.3215675793062153,目標
2023-06-26,2.0,-1,2023-06-26 04:45:00,2023-06-26 05:00:00,3.5959399999999277,0.585000000000091,0.16268347080321216,目標
2023-06-29,2.5,-1,2023-06-29 04:45:00,2023-06-29 05:00:00,3.3606600000000526,0.5400000000000182,0.16068272303654932,目標
2023-06-29,5.0,1,2023-06-29 06:15:00,2023-06-29 10:30:00,2.1506600000000162,2.440000000000109,1.1345354449332254,目標
2023-06-29,7.0,1,2023-06-29 09:45:00,2023-06-29 10:15:00,2.5306600000001254,0.3299999999999818,0.13040076501780778,目標
2023-06-29,8.0,-1,2023-06-29 12:00:00,2023-06-29 12:15:00,3.170659999999998,0.4000000000001455,0.12615669923616715,目標
2023-06-30,7.0,1,2023-06-30 09:30:00,2023-06-30 11:15:00,3.5888400000001184,-3.7788400000001183,-1.0529418976605236,停損
2023-07-03,2.0,1,2023-07-03 04:30:00,2023-07-03 05:30:00,1.9739399999998568,-2.1639399999998568,-1.0962541921233744,停損
2023-07-03,3.5,1,2023-07-03 06:15:00,2023-07-03 06:30:00,2.343939999999975,0.4250000000000091,0.18131863443604085,目標
2023-07-03,10.0,1,2023-07-03 11:15:00,2023-07-03 12:00:00,2.9139399999999114,1.3399999999999728,0.45985847340714414,目標
2023-07-04,8.5,-1,2023-07-04 11:15:00,2023-07-04 12:00:00,2.5839200000000346,-2.7739200000000346,-1.073531688287562,停損
2023-07-05,8.5,-1,2023-07-05 11:15:00,2023-07-05 12:00:00,2.261539999999968,-2.451539999999968,-1.0840135482901043,停損
2023-07-06,7.5,-1,2023-07-06 09:00:00,2023-07-06 11:00:00,1.951319999999896,1.010000000000273,0.5175983436854676,目標
2023-07-07,2.0,1,2023-07-07 04:00:00,2023-07-07 04:15:00,2.106220000000121,0.06500000000010914,0.03086097368750909,目標
2023-07-07,7.5,-1,2023-07-07 09:45:00,2023-07-07 10:00:00,2.4962200000002213,0.5750000000001001,0.23034828660937304,目標
2023-07-10,7.0,-1,2023-07-10 11:15:00,2023-07-10 12:15:00,2.372659999999996,-2.562659999999996,-1.0800788987887013,停損
2023-07-11,6.5,-1,2023-07-11 08:30:00,2023-07-11 09:00:00,1.988819999999805,-2.1888199999998053,-1.1005621423758911,停損
2023-07-11,8.5,-1,2023-07-11 10:00:00,2023-07-11 10:15:00,7.388819999999896,1.1300000000001547,0.15293375667564924,目標
2023-07-13,7.0,1,2023-07-13 09:00:00,2023-07-13 09:15:00,3.2036799999998493,1.4549999999999728,0.4541652100085031,目標
2023-07-13,9.5,1,2023-07-13 13:30:00,2023-07-13 15:15:00,2.643679999999904,0.9449999999997545,0.3574562730738171,目標
2023-07-14,9.0,1,2023-07-14 10:45:00,2023-07-14 11:00:00,2.9159799999999905,0.9750000000001819,0.33436443322662884,目標
2023-07-18,2.5,-1,2023-07-18 04:30:00,2023-07-18 04:45:00,4.313560000000052,-0.08000000000011823,-0.018546166043851772,目標
2023-07-18,7.5,-1,2023-07-18 10:30:00,2023-07-18 14:15:00,3.1235599999999977,-3.3335599999999976,-1.0672309800356004,停損
2023-07-19,3.5,1,2023-07-19 05:45:00,2023-07-19 08:45:00,2.4316600000001927,0.8049999999998727,0.33104957107482497,目標
2023-07-19,7.0,-1,2023-07-19 09:15:00,2023-07-19 09:30:00,4.721659999999929,0.24000000000004548,0.05082958112190397,目標
2023-07-19,8.5,1,2023-07-19 09:45:00,2023-07-19 10:00:00,4.0116599999998925,0.5849999999998454,0.14582492035712424,目標
2023-07-20,8.0,1,2023-07-20 11:00:00,2023-07-20 11:15:00,3.723380000000134,0.9749999999999455,0.26185884868047593,目標
2023-07-21,5.0,1,2023-07-21 09:00:00,2023-07-21 09:15:00,3.3276599999999235,0.3450000000000637,0.10367645733039783,目標
2023-07-24,10.0,1,2023-07-24 12:00:00,2023-07-24 12:15:00,3.8815199999999095,0.48500000000016374,0.12495105010412803,目標
2023-07-27,9.5,-1,2023-07-27 10:45:00,2023-07-27 11:30:00,2.61104000000023,2.6049999999998272,0.9976867455112131,目標
2023-07-28,5.5,-1,2023-07-28 07:15:00,2023-07-28 07:30:00,4.477739999999812,0.2250000000001728,0.05024856289114201,目標
2023-07-31,8.0,-1,2023-07-31 09:45:00,2023-07-31 10:00:00,2.739119999999957,0.3850000000000273,0.14055609100734298,目標
2023-08-01,4.0,1,2023-08-01 06:00:00,2023-08-01 06:45:00,2.3947800000000825,1.1499999999999,0.4802111258653657,目標
2023-08-02,3.5,1,2023-08-02 06:15:00,2023-08-02 06:30:00,1.8245200000001205,0.6550000000000091,0.3589985311204952,目標
2023-08-02,2.5,1,2023-08-02 06:30:00,2023-08-02 07:45:00,2.7145200000002205,-2.9245200000002205,-1.077361743512659,停損
2023-08-02,4.0,1,2023-08-02 08:00:00,2023-08-02 08:15:00,3.7845199999999295,-0.05999999999990904,-0.01585405811038392,目標
2023-08-02,8.0,-1,2023-08-02 11:45:00,2023-08-02 13:45:00,2.644520000000057,-2.854520000000057,-1.0794094958631417,停損
2023-08-03,7.0,1,2023-08-03 10:15:00,2023-08-03 10:30:00,3.826040000000148,1.4749999999999455,0.38551609497022726,目標
2023-08-07,8.0,1,2023-08-07 11:30:00,2023-08-07 13:15:00,2.22219999999993,-2.4321999999999298,-1.0945009450094532,停損
2023-08-08,3.5,1,2023-08-08 05:15:00,2023-08-08 05:30:00,2.903720000000021,0.7700000000000182,0.26517708318984357,目標
2023-08-08,7.0,1,2023-08-08 11:15:00,2023-08-08 11:30:00,2.8337199999998575,0.8199999999999728,0.289372273901449,目標
2023-08-10,3.0,-1,2023-08-10 05:45:00,2023-08-10 07:45:00,2.6762800000001334,0.27499999999992725,0.10275456977592537,目標
2023-08-10,7.0,-1,2023-08-10 10:30:00,2023-08-10 11:15:00,2.2962800000000243,-2.4762800000000245,-1.0783876530736662,停損
2023-08-16,8.0,-1,2023-08-16 10:00:00,2023-08-16 10:15:00,1.9204999999999472,0.3499999999999727,0.18224420723768933,目標
2023-08-17,2.0,1,2023-08-17 04:30:00,2023-08-17 05:00:00,3.567540000000008,0.37999999999994544,0.10651597459312147,目標
2023-08-21,9.5,1,2023-08-21 13:30:00,2023-08-21 13:45:00,1.669740000000047,0.7100000000001001,0.4252159018769869,目標
2023-08-22,6.5,1,2023-08-22 08:00:00,2023-08-22 08:15:00,2.3372199999998884,0.1750000000000182,0.07487527917783801,目標
2023-08-22,10.5,-1,2023-08-22 13:15:00,2023-08-22 15:15:00,2.507219999999961,1.6000000000002002,0.6381570025766486,目標
2023-08-23,5.0,-1,2023-08-23 08:45:00,2023-08-23 09:15:00,1.627140000000054,-1.807140000000054,-1.110623548065928,停損
2023-08-23,7.0,-1,2023-08-23 09:45:00,2023-08-23 10:30:00,2.127140000000054,0.6550000000000364,0.30792519533270957,目標
2023-08-23,8.0,-1,2023-08-23 11:45:00,2023-08-23 12:15:00,1.9471399999999903,0.4150000000000273,0.21313310804566152,目標
2023-08-25,7.0,-1,2023-08-25 10:45:00,2023-08-25 11:00:00,2.2340399999998226,-0.03999999999989995,-0.01790478236732696,目標
2023-08-25,10.0,-1,2023-08-25 12:45:00,2023-08-25 14:45:00,2.1840400000000955,-2.3640400000000956,-1.082416072965693,停損
2023-08-28,2.0,-1,2023-08-28 04:30:00,2023-08-28 05:00:00,1.821040000000039,0.5650000000001183,0.3102622677152101,目標
2023-08-29,7.5,1,2023-08-29 10:15:00,2023-08-29 10:30:00,2.0105200000000423,0.6300000000001729,0.3133517696915025,目標
2023-08-29,8.5,1,2023-08-29 10:30:00,2023-08-29 10:45:00,3.050520000000006,0.07,0.022946907412506677,目標
2023-08-30,6.5,1,2023-08-30 10:45:00,2023-08-30 11:00:00,1.8772400000000289,-0.05000000000011823,-0.026634846902962573,目標
2023-08-31,6.0,1,2023-08-31 10:00:00,2023-08-31 10:15:00,2.474659999999858,-0.11499999999971805,-0.04647103036365587,目標
2023-09-01,4.0,1,2023-09-01 07:30:00,2023-09-01 10:00:00,1.7953800000000228,1.7800000000000364,0.9914335683810747,目標
2023-09-04,7.0,-1,2023-09-04 09:30:00,2023-09-04 09:45:00,1.5823800000000574,0.17499999999979082,0.1105929043591201,目標
2023-09-06,7.0,-1,2023-09-06 09:00:00,2023-09-06 09:15:00,1.8704000000000178,-0.14000000000003637,-0.07485029940121633,目標
2023-09-07,3.5,-1,2023-09-07 05:00:00,2023-09-07 06:00:00,1.3917399999997997,-1.5717399999997996,-1.129334502134038,停損
2023-09-07,5.5,1,2023-09-07 09:00:00,2023-09-07 09:15:00,1.7917399999998906,0.4150000000000273,0.23161842678070066,目標
2023-09-08,4.0,-1,2023-09-08 05:45:00,2023-09-08 06:30:00,1.5033200000000306,1.355000000000082,0.9013383710720634,目標
2023-09-08,8.0,-1,2023-09-08 09:15:00,2023-09-08 09:30:00,1.713320000000067,0.5749999999998818,0.3356057245580857,目標
2023-09-08,8.5,1,2023-09-08 11:45:00,2023-09-08 14:15:00,1.5933200000001762,-1.773320000000176,-1.1129716566665704,停損
2023-09-11,9.0,-1,2023-09-11 10:15:00,2023-09-11 10:45:00,2.710839999999962,0.6399999999999364,0.23608918268874052,目標
2023-09-11,7.5,-1,2023-09-11 10:30:00,2023-09-11 11:00:00,3.290839999999889,1.7849999999999182,0.5424147026291094,目標
2023-09-11,9.5,1,2023-09-11 11:15:00,2023-09-11 13:15:00,1.9208399999999983,-2.1008399999999985,-1.0937090023114888,停損
2023-09-12,4.5,-1,2023-09-12 07:00:00,2023-09-12 08:00:00,1.8027799999999843,1.0800000000002183,0.5990747623116675,目標
2023-09-12,8.0,1,2023-09-12 11:00:00,2023-09-12 11:15:00,1.9927800000000389,0.6199999999999546,0.3111231545880341,目標
2023-09-12,10.0,-1,2023-09-12 11:45:00,2023-09-12 12:00:00,1.8727799999999206,0.08500000000010005,0.04538707162619403,目標
2023-09-14,10.5,-1,2023-09-14 12:15:00,2023-09-14 13:15:00,1.181340000000091,-1.361340000000091,-1.1523693432881186,停損
2023-09-15,4.0,-1,2023-09-15 08:00:00,2023-09-15 09:00:00,1.9374199999999746,-2.1174199999999748,-1.0929070619690116,停損
2023-09-18,3.0,-1,2023-09-18 04:30:00,2023-09-18 04:45:00,2.591519999999946,0.12999999999994544,0.05016361054514268,目標
2023-09-18,5.0,-1,2023-09-18 09:00:00,2023-09-18 10:30:00,2.181519999999864,1.6000000000002002,0.7334335692546022,目標
2023-09-20,7.0,-1,2023-09-20 09:45:00,2023-09-20 10:00:00,2.163379999999961,-0.04500000000000909,-0.020800783958439987,目標
2023-09-21,6.0,-1,2023-09-21 09:30:00,2023-09-21 10:00:00,2.1946600000001126,0.7099999999998727,0.3235125258581449,目標
2023-09-21,5.5,-1,2023-09-21 09:45:00,2023-09-21 10:30:00,2.5546600000000126,0.9150000000000273,0.35816899313412465,目標
2023-09-22,5.0,1,2023-09-22 06:30:00,2023-09-22 07:30:00,1.485260000000153,0.5600000000000092,0.37703836365346904,目標
2023-09-22,7.0,-1,2023-09-22 09:30:00,2023-09-22 10:15:00,1.5252600000001166,-1.7052600000001166,-1.1180126666928827,停損
2023-09-25,9.0,-1,2023-09-25 10:15:00,2023-09-25 10:45:00,2.789680000000317,1.6399999999999364,0.5878810472884883,目標
2023-09-25,10.0,1,2023-09-25 11:30:00,2023-09-25 13:30:00,2.8596800000000258,1.095000000000091,0.3829099759413924,目標
2023-09-26,6.0,-1,2023-09-26 08:15:00,2023-09-26 09:00:00,1.455339999999751,0.2600000000000546,0.17865241112049354,目標
2023-09-26,6.5,-1,2023-09-26 08:30:00,2023-09-26 09:00:00,1.4653399999997418,0.3249999999998818,0.22179152961083368,目標
2023-09-26,9.0,-1,2023-09-26 11:30:00,2023-09-26 13:00:00,2.485339999999951,1.2149999999999819,0.488866714413322,目標
2023-09-27,2.5,1,2023-09-27 04:15:00,2023-09-27 04:30:00,1.8967400000001362,0.1550000000000364,0.08171916024337825,目標
2023-09-27,3.5,-1,2023-09-27 05:15:00,2023-09-27 05:30:00,2.036740000000009,0.09500000000009096,0.04664316505793108,目標
2023-09-27,6.5,1,2023-09-27 08:30:00,2023-09-27 11:15:00,3.116739999999936,-3.2967399999999363,-1.0577526518092635,停損
2023-09-28,10.5,1,2023-09-28 12:30:00,2023-09-28 12:45:00,2.7191999999997734,0.04499999999990906,0.01654898499555487,目標
2023-10-04,2.5,1,2023-10-04 06:00:00,2023-10-04 07:45:00,2.3164200000001074,1.2249999999999728,0.5288332858462265,目標
2023-10-04,5.5,-1,2023-10-04 08:00:00,2023-10-04 08:45:00,2.4364199999999983,0.46000000000010005,0.18880160235103158,目標
2023-10-05,9.0,1,2023-10-05 11:00:00,2023-10-05 15:15:00,2.6652599999999893,-2.8452599999999895,-1.0675356250422101,停損
2023-10-09,2.5,-1,2023-10-09 04:00:00,2023-10-09 04:15:00,5.331980000000158,-0.010000000000154607,-0.0018754759020390757,目標
2023-10-09,6.0,-1,2023-10-09 09:15:00,2023-10-09 09:45:00,3.7219800000000305,0.7549999999999455,0.20284902121987203,目標
2023-10-10,9.5,-1,2023-10-10 12:30:00,2023-10-10 13:30:00,1.8811399999999594,1.2749999999999273,0.6777804948063169,目標
2023-10-11,5.5,1,2023-10-11 09:00:00,2023-10-11 09:30:00,2.1805799999999635,0.6000000000002002,0.27515615111585456,目標
2023-10-12,3.0,-1,2023-10-12 05:00:00,2023-10-12 05:15:00,2.5849600000001374,0.704999999999991,0.27273149294377996,目標
2023-10-17,3.0,1,2023-10-17 05:30:00,2023-10-17 09:00:00,2.600680000000011,2.4949999999999544,0.9593644739068027,目標
2023-10-17,5.0,-1,2023-10-17 07:15:00,2023-10-17 09:00:00,2.4006799999999657,-2.580679999999966,-1.074978756019129,停損
2023-10-18,4.0,-1,2023-10-18 05:30:00,2023-10-18 12:30:00,4.472739999999931,-4.65273999999993,-1.0402437879241813,停損
2023-10-18,7.5,1,2023-10-18 10:00:00,2023-10-18 10:15:00,3.932739999999967,-0.1499999999997999,-0.03814134674547546,目標
2023-10-19,9.5,-1,2023-10-19 11:15:00,2023-10-19 11:30:00,4.963799999999992,1.2199999999998636,0.24577944316851316,目標
2023-10-25,4.0,1,2023-10-25 06:45:00,2023-10-25 09:15:00,2.9540400000000773,1.4050000000000364,0.47561982911538087,目標
2023-10-25,6.5,1,2023-10-25 10:45:00,2023-10-25 11:15:00,3.384040000000141,1.2549999999999455,0.3708585004905064,目標
2023-10-26,2.5,-1,2023-10-26 05:30:00,2023-10-26 07:00:00,2.79549999999972,-2.97549999999972,-1.0643891969236339,停損
2023-10-27,7.0,1,2023-10-27 10:15:00,2023-10-27 13:00:00,3.13445999999999,-3.31445999999999,-1.0574261595298715,停損
2023-10-30,2.5,-1,2023-10-30 03:45:00,2023-10-30 04:15:00,2.612139999999954,1.860000000000191,0.7120598436531824,目標
2023-10-30,9.5,1,2023-10-30 12:15:00,2023-10-30 12:45:00,4.032140000000027,1.1599999999999182,0.2876884235170184,目標
2023-10-31,5.5,1,2023-10-31 08:00:00,2023-10-31 08:15:00,4.145320000000083,0.3449999999998636,0.08322638541773775,目標
2023-10-31,7.0,-1,2023-10-31 08:45:00,2023-10-31 10:00:00,2.555319999999938,-2.735319999999938,-1.070441275456696,停損
2023-11-01,5.5,1,2023-11-01 07:30:00,2023-11-01 08:30:00,3.064959999999928,0.6849999999997818,0.22349394445597914,目標
2023-11-07,6.5,-1,2023-11-07 08:15:00,2023-11-07 08:30:00,2.773540000000139,0.09999999999997272,0.0360550055164042,目標
2023-11-07,8.5,1,2023-11-07 11:15:00,2023-11-07 13:30:00,4.0435399999998936,-4.223539999999893,-1.0445154493340005,停損
2023-11-09,7.5,1,2023-11-09 10:30:00,2023-11-09 10:45:00,5.270879999999806,-0.17500000000011823,-0.03320128707163219,目標
2023-11-10,10.5,1,2023-11-10 12:45:00,2023-11-10 13:00:00,2.0199199999999564,-2.1999199999999566,-1.0891124400966394,停損
2023-11-13,10.5,-1,2023-11-13 13:15:00,2023-11-13 14:00:00,2.0203200000000834,0.9799999999999455,0.48507167181431904,目標
2023-11-16,2.0,1,2023-11-16 04:30:00,2023-11-16 04:45:00,3.015079999999898,0.9250000000001092,0.3067911962535457,目標
2023-11-16,2.5,-1,2023-11-16 05:15:00,2023-11-16 06:45:00,1.775079999999889,-1.855079999999889,-1.045068391283776,停損
2023-11-16,10.5,1,2023-11-16 13:15:00,2023-11-16 14:00:00,2.025079999999889,-2.105079999999889,-1.0395046121634723,停損
2023-11-17,7.5,-1,2023-11-17 10:00:00,2023-11-17 10:30:00,2.9536399999999503,-3.0336399999999504,-1.027085223656235,停損
2023-11-20,6.0,1,2023-11-20 08:30:00,2023-11-20 09:30:00,2.761600000000044,-2.841600000000044,-1.0289687137891073,停損
2023-11-20,9.0,1,2023-11-20 11:15:00,2023-11-20 11:30:00,3.431600000000117,0.5949999999999546,0.17338850681895743,目標
2023-11-21,6.0,1,2023-11-21 08:15:00,2023-11-21 09:30:00,2.339379999999892,1.0050000000000363,0.4296010053946271,目標
2023-11-21,10.0,1,2023-11-21 12:00:00,2023-11-21 15:00:00,1.9893799999999828,3.749999999999927,1.8850093999135205,目標
2023-11-22,8.5,-1,2023-11-22 10:15:00,2023-11-22 10:30:00,4.555740000000242,1.1249999999999272,0.24694122140417749,目標
2023-11-23,8.5,1,2023-11-23 11:30:00,2023-11-23 18:00:00,2.7474999999999454,-2.8274999999999455,-1.0291173794358515,停損
2023-11-27,4.0,-1,2023-11-27 07:15:00,2023-11-27 08:15:00,3.0928200000000743,1.2250000000000636,0.39607865960516103,目標
2023-11-28,7.5,1,2023-11-28 10:45:00,2023-11-28 11:00:00,3.2628400000000966,0.10499999999994543,0.032180554363665494,目標
2023-11-30,4.5,1,2023-11-30 08:15:00,2023-11-30 08:45:00,2.7847999999999047,1.3449999999999545,0.4829790290146511,目標
2023-11-30,7.0,-1,2023-11-30 09:00:00,2023-11-30 09:30:00,2.8448000000000775,1.3249999999999726,0.4657620922384479,目標
2023-11-30,8.5,1,2023-11-30 09:45:00,2023-11-30 10:00:00,2.634800000000041,0.6200000000002729,0.23531197813885807,目標
2023-11-30,8.0,1,2023-11-30 11:15:00,2023-11-30 11:45:00,2.5648000000001048,-2.644800000000105,-1.0311915159076719,停損
2023-11-30,10.5,1,2023-11-30 12:30:00,2023-11-30 13:45:00,3.554800000000114,-3.634800000000114,-1.022504782266231,停損
2023-12-01,3.0,1,2023-12-01 05:00:00,2023-12-01 05:15:00,2.034679999999753,0.6850000000001001,0.33666227613196337,目標
2023-12-01,4.0,1,2023-12-01 06:30:00,2023-12-01 07:45:00,2.074679999999944,0.8099999999998727,0.3904216553877681,目標
2023-12-01,6.0,-1,2023-12-01 08:30:00,2023-12-01 09:45:00,3.224680000000035,0.2600000000001455,0.08062815535189312,目標
2023-12-05,7.5,-1,2023-12-05 10:45:00,2023-12-05 11:00:00,5.780439999999771,1.5900000000000727,0.27506556594310044,目標
2023-12-05,9.5,1,2023-12-05 11:15:00,2023-12-05 12:00:00,4.100439999999935,-4.180439999999935,-1.0195101013549768,停損
2023-12-11,6.5,1,2023-12-11 10:15:00,2023-12-11 10:30:00,6.316640000000234,0.13499999999991813,0.02137212188757205,目標
2023-12-12,9.0,1,2023-12-12 11:45:00,2023-12-12 12:30:00,3.9454800000000887,1.259999999999918,0.3193527783691439,目標
2023-12-14,8.0,1,2023-12-14 10:00:00,2023-12-14 10:15:00,7.148279999999886,-0.009999999999836293,-0.0013989379263034537,目標
2023-12-14,7.5,-1,2023-12-14 10:30:00,2023-12-14 12:00:00,4.4582799999998315,2.749999999999927,0.6168298088051964,目標
2023-12-14,8.5,-1,2023-12-14 10:45:00,2023-12-14 12:00:00,4.698279999999841,2.4350000000001,0.5182747728956517,目標
2023-12-15,10.0,-1,2023-12-15 11:30:00,2023-12-15 15:30:00,4.782560000000103,1.499999999999991,0.31363955705729957,目標
2023-12-29,2.5,-1,2023-12-29 04:00:00,2023-12-29 05:15:00,3.167739999999867,0.7150000000000728,0.22571296886742687,目標
2024-01-02,7.0,-1,2024-01-02 08:45:00,2024-01-02 10:30:00,2.9637400000001435,1.8899999999997998,0.6377077611395428,目標
2024-01-02,8.0,-1,2024-01-02 12:00:00,2024-01-02 12:15:00,4.253740000000107,0.1250000000001819,0.02938590510942812,目標
2024-01-04,2.0,-1,2024-01-04 04:30:00,2024-01-04 05:00:00,1.9661399999999958,-2.026139999999996,-1.0305166468308464,停損
2024-01-04,3.5,-1,2024-01-04 05:45:00,2024-01-04 07:30:00,2.6661400000000413,2.150000000000018,0.8064092658299957,目標
2024-01-04,8.0,-1,2024-01-04 11:45:00,2024-01-04 13:45:00,3.4561399999997775,1.7150000000000727,0.496218324489223,目標
2024-01-09,10.5,-1,2024-01-09 12:45:00,2024-01-09 15:00:00,3.5922599999998965,1.6849999999998726,0.46906404324851797,目標
2024-01-12,8.5,-1,2024-01-12 11:45:00,2024-01-12 12:30:00,2.3778399999998783,-2.4578399999998783,-1.0336439794098864,停損
2024-01-15,4.0,-1,2024-01-15 06:00:00,2024-01-15 07:00:00,3.3575599999999213,2.025000000000018,0.6031165489224513,目標
2024-01-16,10.5,1,2024-01-16 14:15:00,2024-01-16 15:00:00,3.7601600000000417,-3.8401600000000418,-1.021275690396153,停損
2024-01-17,2.5,-1,2024-01-17 04:30:00,2024-01-17 05:00:00,5.087179999999989,0.38000000000003636,0.0746975731151713,目標
2024-01-17,10.0,1,2024-01-17 11:30:00,2024-01-17 11:45:00,3.6171800000001895,1.719999999999727,0.4755085453307928,目標
2024-01-18,2.0,1,2024-01-18 05:30:00,2024-01-18 07:15:00,2.6287799999997787,-2.708779999999779,-1.0304323678664653,停損
2024-01-18,4.0,1,2024-01-18 07:30:00,2024-01-18 08:00:00,3.268779999999879,1.1200000000000454,0.34263547868014577,目標
2024-01-18,8.5,1,2024-01-18 11:15:00,2024-01-18 11:30:00,4.178779999999733,0.6999999999999728,0.16751300618841322,目標
2024-01-23,6.5,-1,2024-01-23 09:15:00,2024-01-23 10:30:00,8.775760000000218,0.9399999999997545,0.10711323007918756,目標
2024-01-24,7.5,-1,2024-01-24 08:45:00,2024-01-24 09:15:00,2.3506200000001627,-2.4306200000001628,-1.034033574120868,停損
2024-01-26,8.5,1,2024-01-26 11:15:00,2024-01-26 11:45:00,2.040719999999965,1.3100000000001,0.6419302991101781,目標
2024-01-26,9.5,1,2024-01-26 11:30:00,2024-01-26 11:45:00,2.910720000000083,0.7299999999999455,0.25079705364993016,目標
2024-01-29,8.5,-1,2024-01-29 09:45:00,2024-01-29 11:30:00,2.88521999999989,2.0350000000002364,0.7053188318396219,目標
2024-01-31,9.0,-1,2024-01-31 11:00:00,2024-01-31 15:00:00,2.4940800000001673,1.9849999999998271,0.7958846548625922,目標
2024-01-31,10.5,1,2024-01-31 13:00:00,2024-01-31 14:45:00,2.004080000000158,0.9899999999999364,0.49399225579810097,目標
2024-02-01,8.5,1,2024-02-01 10:30:00,2024-02-01 12:00:00,3.62184000000002,-3.7018400000000202,-1.022088220352086,停損
2024-02-02,9.0,1,2024-02-02 11:15:00,2024-02-02 11:45:00,2.1073600000004262,-2.1873600000004263,-1.0379621896590918,停損
2024-02-05,2.5,-1,2024-02-05 04:15:00,2024-02-05 04:30:00,3.1388200000001234,0.6949999999998636,0.22142078870398313,目標
2024-02-06,9.5,1,2024-02-06 12:00:00,2024-02-06 13:00:00,2.482140000000072,-2.5621400000000722,-1.032230252926909,停損
2024-02-08,7.0,1,2024-02-08 11:00:00,2024-02-08 11:30:00,2.6746599999999034,1.2150000000000727,0.45426334562154314,目標
2024-02-09,6.5,1,2024-02-09 10:15:00,2024-02-09 10:30:00,2.7305599999999686,0.18000000000021826,0.06592054377132175,目標
2024-02-15,9.5,-1,2024-02-15 12:45:00,2024-02-15 14:30:00,2.404760000000124,-2.484760000000124,-1.0332673530830503,停損
2024-02-16,7.0,-1,2024-02-16 10:00:00,2024-02-16 10:45:00,2.3617799999999534,0.4050000000001273,0.1714808322536965,目標
2024-02-21,9.5,1,2024-02-21 11:15:00,2024-02-21 11:30:00,2.2716999999997824,0.6000000000000637,0.26411938196069956,目標
2024-02-21,10.5,-1,2024-02-21 13:00:00,2024-02-21 15:00:00,2.591699999999946,-2.6716999999999462,-1.0308677701894515,停損
2024-02-22,6.0,-1,2024-02-22 08:30:00,2024-02-22 09:30:00,2.148140000000012,-2.228140000000012,-1.0372415205712848,停損
2024-02-22,9.0,-1,2024-02-22 10:30:00,2024-02-22 11:15:00,3.7581400000001395,1.0250000000000181,0.2727413028785463,目標
2024-02-23,8.0,1,2024-02-23 12:00:00,2024-02-23 12:30:00,2.921519999999873,1.725000000000291,0.5904460691695986,目標
2024-02-26,8.0,-1,2024-02-26 09:30:00,2024-02-26 10:15:00,1.86812000000009,-1.90812000000009,-1.0214119007344271,停損
2024-02-26,8.5,-1,2024-02-26 10:30:00,2024-02-26 10:45:00,2.7681199999999535,0.8500000000000727,0.3070676126757825,目標
2024-02-26,7.0,-1,2024-02-26 10:45:00,2024-02-26 11:15:00,3.3181200000001354,0.8299999999998635,0.2501416464744583,目標
2024-02-27,2.5,-1,2024-02-27 04:45:00,2024-02-27 08:30:00,2.210640000000012,-2.290640000000012,-1.0361886150617015,停損
2024-02-27,9.5,-1,2024-02-27 11:00:00,2024-02-27 11:30:00,2.5806400000001304,1.1149999999999363,0.4320633641266817,目標
2024-02-29,7.5,-1,2024-02-29 10:00:00,2024-02-29 11:15:00,2.3608999999999014,0.23999999999993632,0.10165614807909965,目標
2024-03-01,9.5,1,2024-03-01 11:00:00,2024-03-01 11:15:00,4.868540000000166,0.9999999999999273,0.2054003869743071,目標
2024-03-04,3.5,-1,2024-03-04 04:45:00,2024-03-04 05:00:00,2.306919999999991,0.8550000000004002,0.3706240355107258,目標
2024-03-05,6.5,-1,2024-03-05 08:15:00,2024-03-05 08:45:00,3.753740000000107,0.9449999999996362,0.2517489224079476,目標
2024-03-05,10.5,-1,2024-03-05 12:30:00,2024-03-05 14:15:00,3.353740000000016,2.2799999999997453,0.6798380315706448,目標
2024-03-06,2.0,1,2024-03-06 04:45:00,2024-03-06 07:15:00,3.024620000000141,0.6100000000000546,0.2016782273475763,目標
2024-03-06,8.5,-1,2024-03-06 09:45:00,2024-03-06 10:00:00,3.534620000000359,0.5149999999998,0.14570165958426864,目標
2024-03-06,10.5,-1,2024-03-06 12:00:00,2024-03-06 12:30:00,4.104620000000068,0.2800000000001273,0.06821581534956285,目標
2024-03-08,10.0,-1,2024-03-08 12:15:00,2024-03-08 15:00:00,2.577980000000025,3.425000000000109,1.3285595698958392,目標
2024-03-11,2.0,-1,2024-03-11 04:00:00,2024-03-11 04:15:00,5.729839999999967,3.1450000000001093,0.5488809460648337,目標
2024-03-11,9.5,-1,2024-03-11 11:15:00,2024-03-11 11:30:00,3.2598400000001675,1.0750000000002182,0.32977078629630996,目標
2024-03-14,10.5,-1,2024-03-14 13:00:00,2024-03-14 14:15:00,2.7225400000002082,1.0549999999997635,0.38750578503885447,目標
2024-03-15,3.0,-1,2024-03-15 04:30:00,2024-03-15 05:00:00,3.6654600000001665,0.9599999999999637,0.261904372166091,目標
2024-03-20,2.0,1,2024-03-20 03:45:00,2024-03-20 04:00:00,2.4250200000001314,0.6049999999999455,0.24948247849498673,目標
2024-03-20,10.5,1,2024-03-20 14:30:00,2024-03-20 15:30:00,2.9250199999996767,-3.0050199999996767,-1.0273502403402401,停損
2024-03-21,2.0,1,2024-03-21 03:45:00,2024-03-21 04:00:00,7.056439999999839,2.320000000000091,0.32877768393129453,目標
2024-03-21,3.0,-1,2024-03-21 04:15:00,2024-03-21 11:30:00,9.686439999999948,4.954999999999837,0.511539843327359,目標
2024-03-21,8.5,1,2024-03-21 12:00:00,2024-03-21 12:45:00,6.056439999999839,3.4299999999997635,0.5663393016359206,目標
2024-03-27,7.5,-1,2024-03-27 11:15:00,2024-03-27 11:30:00,3.698120000000017,1.619999999999818,0.43806041988897343,目標
2024-03-28,5.0,-1,2024-03-28 09:00:00,2024-03-28 11:00:00,5.478339999999662,3.0349999999997817,0.5539999342866578,目標
2024-03-28,6.5,-1,2024-03-28 10:00:00,2024-03-28 10:15:00,3.358339999999771,0.5549999999997636,0.16526021784566228,目標
2024-03-28,8.0,1,2024-03-28 11:30:00,2024-03-28 12:45:00,5.918340000000171,1.2249999999993815,0.20698371502809,目標
2024-04-01,2.5,-1,2024-04-01 03:45:00,2024-04-01 04:00:00,6.937739999999849,-7.017739999999849,-1.0115311326166736,停損
2024-04-09,2.5,-1,2024-04-09 04:45:00,2024-04-09 05:00:00,9.160579999999754,0.25500000000003636,0.027836665363988218,目標
2024-04-11,10.5,1,2024-04-11 12:00:00,2024-04-11 12:30:00,7.468200000000252,2.674999999999891,0.35818537264666195,目標
2024-04-12,3.5,-1,2024-04-12 05:15:00,2024-04-12 10:00:00,7.563880000000154,-7.633880000000154,-1.009254509590316,停損
2024-04-12,7.0,-1,2024-04-12 09:00:00,2024-04-12 09:15:00,5.483880000000227,0.42000000000023646,0.07658810914903665,目標
2024-04-12,9.0,-1,2024-04-12 10:15:00,2024-04-12 10:45:00,4.533879999999954,-4.603879999999954,-1.0154393146708782,停損
2024-04-15,2.0,1,2024-04-15 04:15:00,2024-04-15 05:00:00,8.631559999999808,4.2100000000002,0.4877449730987554,目標
2024-04-15,7.0,-1,2024-04-15 09:15:00,2024-04-15 09:30:00,5.2115600000001905,0.9600000000002,0.18420588077277533,目標
2024-04-15,9.5,1,2024-04-15 11:45:00,2024-04-15 13:45:00,7.821559999999863,3.0599999999996546,0.39122630268126923,目標
2024-04-16,9.0,1,2024-04-16 11:15:00,2024-04-16 16:15:00,7.923880000000281,8.359999999999836,1.0550386931654112,目標
2024-04-18,2.0,-1,2024-04-18 04:15:00,2024-04-18 04:30:00,6.236160000000382,0.779999999999909,0.1250769704433275,目標
2024-04-18,10.5,-1,2024-04-18 14:00:00,2024-04-18 14:30:00,4.916160000000218,-4.986160000000218,-1.0142387554514087,停損
2024-04-19,7.5,-1,2024-04-19 10:15:00,2024-04-19 11:00:00,8.551879999999983,2.3299999999996364,0.2724547117124704,目標
2024-04-19,10.5,1,2024-04-19 14:30:00,2024-04-19 15:30:00,7.3418799999999464,4.640000000000036,0.6319907162743152,目標
2024-04-22,6.5,1,2024-04-22 08:45:00,2024-04-22 09:30:00,5.586740000000191,-5.656740000000191,-1.012529668464972,停損
2024-04-23,7.5,1,2024-04-23 10:00:00,2024-04-23 10:15:00,6.87635999999975,4.789999999999672,0.6965894746638988,目標
2024-04-23,9.0,1,2024-04-23 12:30:00,2024-04-23 13:45:00,8.486359999999877,5.500000000000163,0.6480988315367535,目標
2024-04-29,4.5,-1,2024-04-29 08:30:00,2024-04-29 10:30:00,6.898079999999936,-6.9680799999999365,-1.0101477512583212,停損
2024-05-07,2.0,-1,2024-05-07 04:15:00,2024-05-07 04:30:00,5.108039999999619,0.8849999999999272,0.1732562783376781,目標
2024-05-07,4.0,1,2024-05-07 05:15:00,2024-05-07 09:00:00,4.308039999999892,-4.378039999999892,-1.0162486884987145,停損
2024-05-07,7.0,1,2024-05-07 10:30:00,2024-05-07 11:00:00,4.668040000000019,-4.738040000000019,-1.0149955870129648,停損
2024-05-09,2.0,-1,2024-05-09 04:45:00,2024-05-09 05:00:00,3.116359999999986,0.8100000000001091,0.25991862300893115,目標
2024-05-09,2.5,-1,2024-05-09 05:00:00,2024-05-09 07:00:00,3.896360000000186,-3.966360000000186,-1.0179654857354035,停損
2024-05-13,7.5,1,2024-05-13 09:15:00,2024-05-13 09:45:00,3.7816800000000512,-3.851680000000051,-1.0185102917221973,停損
2024-05-14,6.0,-1,2024-05-14 09:00:00,2024-05-14 09:15:00,4.012540000000172,0.735000000000291,0.18317574404249165,目標
2024-05-16,6.0,-1,2024-05-16 08:45:00,2024-05-16 09:00:00,4.963280000000395,1.4299999999995452,0.28811592334090186,目標
2024-05-16,10.0,1,2024-05-16 13:45:00,2024-05-16 15:30:00,4.643280000000232,-4.713280000000232,-1.0150755500422108,停損
2024-05-17,3.5,-1,2024-05-17 05:30:00,2024-05-17 05:45:00,4.174160000000029,0.12000000000005456,0.028748299058985217,目標
2024-05-20,4.5,-1,2024-05-20 07:15:00,2024-05-20 08:15:00,3.354820000000018,-3.4248200000000177,-1.0208655009806784,停損
2024-05-20,5.5,-1,2024-05-20 07:30:00,2024-05-20 08:15:00,4.704819999999927,-4.774819999999927,-1.014878358789497,停損
2024-05-20,8.5,1,2024-05-20 09:45:00,2024-05-20 12:00:00,7.484820000000127,5.364999999999945,0.7167841043605396,目標
2024-05-20,9.5,-1,2024-05-20 12:30:00,2024-05-20 13:30:00,5.484819999999672,4.435000000000109,0.8085953595560791,目標
2024-05-21,2.0,-1,2024-05-21 04:30:00,2024-05-21 04:45:00,5.239880000000085,1.4950000000000545,0.2853118773712433,目標
2024-05-21,8.5,1,2024-05-21 10:00:00,2024-05-21 10:15:00,6.059879999999794,1.6600000000000181,0.2739328171515071,目標
2024-05-21,7.5,-1,2024-05-21 11:00:00,2024-05-21 12:30:00,5.539879999999812,3.155000000000364,0.5695069207276098,目標
2024-05-22,2.0,-1,2024-05-22 05:30:00,2024-05-22 05:45:00,5.235239999999976,0.06999999999941792,0.01337092473304342,目標
2024-05-22,9.0,1,2024-05-22 11:30:00,2024-05-22 11:45:00,5.905240000000049,-0.024999999999927247,-0.004233528188511735,目標
2024-05-24,2.0,1,2024-05-24 05:45:00,2024-05-24 07:00:00,6.155280000000403,1.2500000000001636,0.20307768289989764,目標
2024-05-24,8.5,-1,2024-05-24 12:30:00,2024-05-24 15:30:00,5.855280000000221,1.2699999999996907,0.21689825251732503,目標
2024-05-24,9.5,-1,2024-05-24 13:45:00,2024-05-24 14:45:00,4.355279999999766,2.2950000000002366,0.5269466027443379,目標
2024-05-27,7.0,1,2024-05-27 11:00:00,2024-05-27 11:30:00,4.032940000000053,2.0650000000002184,0.5120334049106089,目標
2024-05-29,2.0,1,2024-05-29 05:00:00,2024-05-29 05:15:00,3.588480000000345,0.9449999999998726,0.26334269662915266,目標
2024-05-30,2.5,1,2024-05-30 05:00:00,2024-05-30 05:30:00,3.9581199999997807,-4.028119999999781,-1.0176851636635584,停損
2024-05-30,5.0,1,2024-05-30 09:15:00,2024-05-30 09:45:00,6.388119999999617,4.029999999999909,0.6308585311484678,目標
2024-05-30,10.0,-1,2024-05-30 14:15:00,2024-05-30 15:00:00,4.078119999999672,2.4200000000002366,0.593410689239265,目標
2024-05-31,6.0,-1,2024-05-31 10:15:00,2024-05-31 10:45:00,4.203899999999976,3.1950000000003276,0.7600085634768539,目標
2024-06-03,7.0,1,2024-06-03 08:45:00,2024-06-03 09:45:00,5.514619999999923,1.0450000000002364,0.1894962844221816,目標
2024-06-04,3.5,1,2024-06-04 04:45:00,2024-06-04 09:00:00,4.559180000000197,2.7899999999996727,0.6119521492899057,目標
2024-06-04,6.5,-1,2024-06-04 09:30:00,2024-06-04 09:45:00,4.78917999999976,1.2599999999999272,0.2630930555961543,目標
2024-06-06,8.0,1,2024-06-06 09:30:00,2024-06-06 10:45:00,4.008240000000114,-4.078240000000115,-1.0174640241103323,停損
2024-06-06,6.5,1,2024-06-06 09:45:00,2024-06-06 10:45:00,4.618239999999787,-4.688239999999787,-1.0151572893569853,停損
2024-06-07,6.5,-1,2024-06-07 08:00:00,2024-06-07 08:15:00,5.754680000000008,1.6200000000000545,0.2815100057692265,目標
2024-06-10,5.0,1,2024-06-10 08:15:00,2024-06-10 09:15:00,4.142440000000079,-4.212440000000079,-1.0168982532034256,停損
2024-06-11,2.0,1,2024-06-11 04:15:00,2024-06-11 04:45:00,6.252180000000408,-6.322180000000408,-1.0111960948021324,停損
2024-06-11,4.0,1,2024-06-11 05:15:00,2024-06-11 08:30:00,4.672180000000026,-4.742180000000026,-1.0149822994833246,停損
2024-06-12,2.0,1,2024-06-12 04:45:00,2024-06-12 06:15:00,4.269180000000233,1.2049999999996361,0.2822556088053374,目標
2024-06-12,9.0,1,2024-06-12 12:00:00,2024-06-12 15:15:00,4.359179999999924,1.254999999999818,0.2878981826856978,目標
2024-06-13,9.5,-1,2024-06-13 13:45:00,2024-06-13 14:00:00,4.394600000000082,1.349999999999618,0.3071951941017596,目標
2024-06-14,2.0,-1,2024-06-14 04:15:00,2024-06-14 06:00:00,4.738360000000284,-4.808360000000285,-1.0147730438379516,停損
2024-06-14,3.0,-1,2024-06-14 06:30:00,2024-06-14 07:00:00,4.278360000000248,1.4249999999998908,0.3330715507810956,目標
2024-06-18,2.5,-1,2024-06-18 04:00:00,2024-06-18 04:15:00,4.465660000000298,0.27999999999990904,0.0627006982170363,目標
2024-06-20,7.0,-1,2024-06-20 08:45:00,2024-06-20 09:45:00,5.183700000000044,-5.253700000000045,-1.0135038678935895,停損
2024-06-25,4.5,-1,2024-06-25 08:30:00,2024-06-25 08:45:00,4.723359999999957,0.5400000000001273,0.11432539548121087,目標
2024-07-01,4.0,1,2024-07-01 07:45:00,2024-07-01 08:30:00,2.818659999999909,-2.8886599999999087,-1.0248344958242577,停損
2024-07-01,7.0,1,2024-07-01 08:45:00,2024-07-01 09:00:00,3.9086600000000544,1.8300000000000909,0.4681911447913263,目標
2024-07-01,10.5,-1,2024-07-01 12:30:00,2024-07-01 13:15:00,3.548659999999927,-3.618659999999927,-1.0197257556373396,停損
2024-07-02,2.0,-1,2024-07-02 05:15:00,2024-07-02 05:30:00,2.493279999999686,0.18500000000010913,0.07419944811659036,目標
2024-07-02,8.0,1,2024-07-02 10:30:00,2024-07-02 10:45:00,4.453279999999722,1.2749999999997998,0.2863058240218175,目標
2024-07-03,9.0,-1,2024-07-03 10:30:00,2024-07-03 10:45:00,4.155619999999999,-4.225619999999999,-1.0168446585587712,停損
2024-07-04,7.5,1,2024-07-04 09:45:00,2024-07-04 10:45:00,6.409339999999702,1.1999999999999817,0.18722676593846443,目標
2024-07-04,9.0,-1,2024-07-04 12:00:00,2024-07-04 15:00:00,3.2793400000000474,-3.3493400000000473,-1.0213457585977663,停損
2024-07-08,2.0,-1,2024-07-08 04:30:00,2024-07-08 04:45:00,5.602999999999611,0.06999999999987266,0.012493307156858384,目標
2024-07-08,6.0,-1,2024-07-08 08:30:00,2024-07-08 08:45:00,3.9329999999999927,0.7949999999997817,0.20213577421809895,目標
2024-07-10,9.0,-1,2024-07-10 10:45:00,2024-07-10 14:30:00,2.859940000000279,-2.9299400000002787,-1.0244760379588358,停損
2024-07-11,7.5,1,2024-07-11 09:45:00,2024-07-11 10:30:00,3.876299999999901,0.08999999999985447,0.023218017181295764,目標
2024-07-12,9.5,-1,2024-07-12 12:15:00,2024-07-12 13:00:00,3.665400000000318,2.1999999999995272,0.6002073443551417,目標
2024-07-15,4.5,-1,2024-07-15 07:30:00,2024-07-15 08:30:00,3.1676400000001195,-3.2376400000001193,-1.0220984707858207,停損
2024-07-15,6.0,-1,2024-07-15 08:30:00,2024-07-15 08:45:00,3.9976400000000467,0.16999999999999998,0.04252508980298326,目標
2024-07-15,10.5,-1,2024-07-15 12:15:00,2024-07-15 13:15:00,4.027640000000247,-4.097640000000247,-1.0173799048574341,停損
2024-07-16,4.0,-1,2024-07-16 06:15:00,2024-07-16 08:30:00,5.074399999999969,-5.144399999999969,-1.01379473435283,停損
2024-07-16,5.0,-1,2024-07-16 09:00:00,2024-07-16 09:30:00,2.9144000000001142,-2.984400000000114,-1.0240186659346682,停損
2024-07-17,2.0,-1,2024-07-17 03:45:00,2024-07-17 04:00:00,5.21828000000005,-5.28828000000005,-1.0134143817503085,停損
2024-07-17,4.0,1,2024-07-17 06:30:00,2024-07-17 09:15:00,8.288280000000213,-8.358280000000214,-1.0084456606195735,停損
2024-07-17,7.5,1,2024-07-17 09:30:00,2024-07-17 10:30:00,5.868280000000141,2.0899999999998546,0.3561520581839661,目標
2024-07-17,10.0,-1,2024-07-17 11:30:00,2024-07-17 13:30:00,5.878280000000359,4.375000000000163,0.7442653293139994,目標
2024-07-22,7.0,1,2024-07-22 09:30:00,2024-07-22 09:45:00,5.7763199999999415,1.0699999999998726,0.18523904492823864,目標
2024-07-22,10.0,-1,2024-07-22 14:00:00,2024-07-22 14:15:00,5.066319999999905,1.8350000000002,0.3621958344518772,目標
2024-07-23,8.0,1,2024-07-23 09:30:00,2024-07-23 10:15:00,5.333039999999528,0.8500000000000727,0.15938376610716362,目標
2024-07-24,4.5,-1,2024-07-24 08:00:00,2024-07-24 09:00:00,3.5562599999998383,-3.626259999999838,-1.0196836001867138,停損
2024-07-25,6.0,-1,2024-07-25 08:00:00,2024-07-25 08:30:00,3.848920000000362,3.68,0.95611236398773,目標
2024-07-25,7.0,1,2024-07-25 10:15:00,2024-07-25 10:30:00,8.568920000000162,1.8750000000001636,0.21881403957559742,目標
2024-07-25,10.0,-1,2024-07-25 14:00:00,2024-07-25 14:30:00,6.458920000000035,5.109999999999836,0.7911539390486039,目標
2024-07-26,4.0,-1,2024-07-26 06:00:00,2024-07-26 16:30:00,6.437219999999797,-6.507219999999798,-1.0108742593852629,停損
2024-07-26,6.0,1,2024-07-26 08:15:00,2024-07-26 08:30:00,4.657220000000052,2.730000000000182,0.5861866091788989,目標
2024-07-29,6.5,1,2024-07-29 10:15:00,2024-07-29 10:30:00,3.4335000000000946,1.8149999999997635,0.5286151157709956,目標
2024-07-29,8.0,1,2024-07-29 11:45:00,2024-07-29 12:30:00,4.133499999999913,2.8999999999998,0.7015846135236147,目標
2024-07-31,7.5,-1,2024-07-31 09:45:00,2024-07-31 10:00:00,4.8672599999999875,2.43,0.49925420051528097,目標
2024-07-31,10.5,-1,2024-07-31 12:15:00,2024-07-31 13:30:00,3.6672600000001694,1.4849999999998362,0.4049344742395597,目標
2024-08-02,2.5,1,2024-08-02 04:30:00,2024-08-02 04:45:00,10.532000000000153,1.7750000000002546,0.1685339916445337,目標
2024-08-02,4.5,-1,2024-08-02 06:15:00,2024-08-02 07:45:00,5.311999999999898,-5.381999999999898,-1.0131777108433737,停損
2024-08-05,9.0,-1,2024-08-05 10:30:00,2024-08-05 11:00:00,9.531980000000203,6.265000000000036,0.657261135671697,目標
2024-08-05,9.5,1,2024-08-05 12:30:00,2024-08-05 13:30:00,8.321980000000167,-8.391980000000167,-1.0084114597727942,停損
2024-08-06,5.0,1,2024-08-06 09:15:00,2024-08-06 10:45:00,12.484399999999823,3.105000000000182,0.24871039056744626,目標
2024-08-06,10.0,-1,2024-08-06 11:15:00,2024-08-06 15:15:00,7.164400000000114,3.0399999999996727,0.4243202501255687,目標
2024-08-06,8.5,-1,2024-08-06 11:45:00,2024-08-06 12:30:00,3.734399999999823,-3.804399999999823,-1.0187446443873187,停損
2024-08-07,9.5,1,2024-08-07 11:15:00,2024-08-07 12:00:00,5.030439999999999,2.2900000000001275,0.4552285684751489,目標
2024-08-08,2.0,-1,2024-08-08 04:30:00,2024-08-08 06:45:00,6.45661999999993,-6.52661999999993,-1.0108415858452258,停損
2024-08-09,2.0,1,2024-08-09 04:15:00,2024-08-09 04:30:00,4.783739999999852,0.629999999999818,0.13169612060852753,目標
2024-08-14,2.5,-1,2024-08-14 04:45:00,2024-08-14 05:00:00,7.919800000000123,0.6799999999995452,0.08586075405938719,目標
2024-08-15,2.5,-1,2024-08-15 03:45:00,2024-08-15 04:45:00,4.959640000000036,0.9549999999996361,0.1925542982957693,目標
2024-08-19,7.5,-1,2024-08-19 11:45:00,2024-08-19 12:30:00,4.905319999999847,2.094999999999964,0.4270873255975205,目標
2024-08-20,6.5,-1,2024-08-20 09:45:00,2024-08-20 10:15:00,4.07665999999972,-4.14665999999972,-1.0171709193310223,停損
2024-08-21,5.0,1,2024-08-21 06:30:00,2024-08-21 06:45:00,4.081779999999981,1.4149999999996725,0.3466624854841954,目標
2024-08-21,10.5,1,2024-08-21 13:15:00,2024-08-21 14:30:00,3.891779999999926,3.110000000000291,0.7991201969279739,目標
2024-08-22,8.0,-1,2024-08-22 09:30:00,2024-08-22 11:15:00,5.657860000000255,2.080000000000091,0.36763016405496024,目標
2024-08-22,9.0,1,2024-08-22 12:15:00,2024-08-22 12:30:00,4.637860000000273,1.9699999999999636,0.42476487000466756,目標
2024-08-26,2.5,1,2024-08-26 05:00:00,2024-08-26 05:15:00,4.889660000000276,0.32499999999952706,0.06646678910180026,目標
2024-08-27,8.0,-1,2024-08-27 09:30:00,2024-08-27 10:30:00,4.667379999999866,3.2000000000004367,0.6856094854073438,目標
2024-08-27,8.5,1,2024-08-27 11:15:00,2024-08-27 15:00:00,8.387380000000121,2.499999999999709,0.2980668575883855,目標
2024-08-28,4.5,1,2024-08-28 06:30:00,2024-08-28 07:30:00,3.9753200000000106,-4.045320000000011,-1.0176086453417588,停損
2024-08-28,7.5,1,2024-08-28 09:15:00,2024-08-28 10:30:00,6.275319999999738,2.249999999999709,0.3585474525601568,目標
2024-08-29,6.5,-1,2024-08-29 09:30:00,2024-08-29 10:00:00,4.452220000000125,1.0249999999997998,0.23022222621518504,目標
2024-08-30,2.5,1,2024-08-30 04:15:00,2024-08-30 04:30:00,4.126580000000104,0.3350000000002001,0.08118102641901809,目標
2024-08-30,3.0,1,2024-08-30 05:30:00,2024-08-30 06:30:00,3.1765799999998308,-3.2465799999998306,-1.0220362780096846,停損
2024-08-30,10.5,1,2024-08-30 14:00:00,2024-08-30 15:15:00,5.386579999999867,2.505000000000273,0.4650446108663261,目標
2024-09-02,7.5,-1,2024-09-02 09:45:00,2024-09-02 10:00:00,4.414099999999507,0.36000000000029103,0.08155682925179113,目標
2024-09-05,3.0,-1,2024-09-05 04:45:00,2024-09-05 06:45:00,3.4897399999999834,0.7850000000000181,0.22494512485171442,目標
2024-09-06,3.0,1,2024-09-06 05:15:00,2024-09-06 05:30:00,3.2013200000001234,0.904999999999909,0.28269588794618283,目標
2024-09-09,9.5,-1,2024-09-09 13:30:00,2024-09-09 15:15:00,5.211659999999938,-5.281659999999938,-1.0134314210827262,停損
2024-09-10,9.5,1,2024-09-10 12:30:00,2024-09-10 12:45:00,3.7385199999998804,1.0899999999998544,0.29155922664580886,目標
2024-09-11,8.5,-1,2024-09-11 10:30:00,2024-09-11 10:45:00,4.8103399999999965,0.44000000000021827,0.09146962584769862,目標
2024-09-12,7.5,-1,2024-09-12 09:30:00,2024-09-12 09:45:00,4.155700000000252,1.004999999999818,0.24183651370401069,目標
2024-09-12,10.0,-1,2024-09-12 13:30:00,2024-09-12 13:45:00,5.085699999999633,0.3000000000003456,0.05898892974425688,目標
2024-09-12,10.5,1,2024-09-12 14:00:00,2024-09-12 14:15:00,3.1956999999997606,1.5150000000000363,0.4740745376600275,目標
2024-09-13,5.5,-1,2024-09-13 08:45:00,2024-09-13 09:00:00,4.3137400000000525,1.4200000000002364,0.32918071093765944,目標
2024-09-13,6.5,1,2024-09-13 09:15:00,2024-09-13 09:30:00,5.163739999999962,0.39499999999969077,0.07649494358734052,目標
2024-09-13,9.0,-1,2024-09-13 12:45:00,2024-09-13 13:15:00,4.953739999999925,2.5450000000002366,0.5137532450230079,目標
2024-09-16,6.5,-1,2024-09-16 09:00:00,2024-09-16 09:45:00,3.2469200000000455,0.654999999999909,0.20172963916570158,目標
2024-09-16,10.0,-1,2024-09-16 12:45:00,2024-09-16 13:15:00,3.326919999999973,2.875000000000164,0.8641626489366102,目標
2024-09-17,3.0,-1,2024-09-17 05:30:00,2024-09-17 05:45:00,3.201219999999921,1.2999999999998908,0.4060951762140443,目標
2024-09-17,5.5,1,2024-09-17 08:30:00,2024-09-17 09:00:00,3.9612199999996847,3.910000000000473,0.9870696401615624,目標
2024-09-18,4.5,-1,2024-09-18 07:00:00,2024-09-18 07:30:00,2.5980399999998554,2.1149999999999456,0.8140752259395788,目標
2024-09-18,9.0,-1,2024-09-18 11:00:00,2024-09-18 11:30:00,2.9180399999995643,1.185000000000109,0.40609450178897,目標
2024-09-20,9.5,-1,2024-09-20 12:00:00,2024-09-20 12:45:00,4.336340000000291,5.374999999999709,1.2395245760247924,目標
2024-09-25,2.5,-1,2024-09-25 04:15:00,2024-09-25 04:30:00,5.275560000000041,0.3699999999995998,0.07013473451152047,目標
2024-09-25,3.5,-1,2024-09-25 05:30:00,2024-09-25 05:45:00,3.565560000000005,-3.635560000000005,-1.019632259729187,停損
2024-09-25,4.5,-1,2024-09-25 06:00:00,2024-09-25 06:15:00,7.015560000000278,3.8150000000002184,0.5437912297806686,目標
2024-09-25,6.5,1,2024-09-25 09:15:00,2024-09-25 10:00:00,4.87555999999995,-4.945559999999951,-1.01435732510727,停損
2024-09-26,2.0,-1,2024-09-26 05:30:00,2024-09-26 05:45:00,2.9210400000001755,1.4899999999994906,0.5100922958944079,目標
2024-09-26,2.5,-1,2024-09-26 05:45:00,2024-09-26 06:45:00,4.151040000000194,-4.221040000000194,-1.0168632439099592,停損
2024-09-26,4.5,-1,2024-09-26 08:45:00,2024-09-26 09:00:00,2.651039999999739,1.735000000000291,0.6544601363994741,目標
2024-09-27,4.5,-1,2024-09-27 07:00:00,2024-09-27 08:15:00,3.524380000000292,1.9249999999998908,0.5461953591836667,目標
2024-09-27,7.5,1,2024-09-27 09:00:00,2024-09-27 09:15:00,5.104380000000219,2.100000000000073,0.4114113761122766,目標
2024-09-27,9.0,1,2024-09-27 10:30:00,2024-09-27 10:45:00,5.144380000000183,1.3300000000000909,0.2585345561564355,目標
2024-09-27,8.5,1,2024-09-27 12:30:00,2024-09-27 14:00:00,5.514380000000074,2.6899999999997637,0.48781549331016866,目標
2024-09-30,7.5,-1,2024-09-30 09:30:00,2024-09-30 10:45:00,4.2180600000001505,1.1400000000000363,0.27026642579764054,目標
2024-09-30,8.0,1,2024-09-30 11:15:00,2024-09-30 12:00:00,5.378060000000005,-5.448060000000005,-1.0130158458626346,停損
2024-10-01,3.5,-1,2024-10-01 05:15:00,2024-10-01 05:30:00,3.2718800000002375,1.3550000000001818,0.4141349927259201,目標
2024-10-01,7.5,-1,2024-10-01 10:00:00,2024-10-01 10:45:00,3.5218800000002375,-3.5918800000002373,-1.0198757481799479,停損
2024-10-03,2.5,1,2024-10-03 04:45:00,2024-10-03 06:15:00,3.889879999999721,-3.9598799999997207,-1.017995413740271,停損
2024-10-03,3.5,1,2024-10-03 06:30:00,2024-10-03 06:45:00,4.289879999999812,0.8849999999999272,0.20629947690843706,目標
2024-10-07,3.0,1,2024-10-07 05:00:00,2024-10-07 08:15:00,4.699099999999817,-4.769099999999817,-1.0148964695367204,停損
2024-10-07,10.5,-1,2024-10-07 13:30:00,2024-10-07 14:00:00,3.009100000000217,-3.0791000000002167,-1.0232627695988816,停損
2024-10-08,4.0,1,2024-10-08 06:00:00,2024-10-08 06:15:00,7.160860000000412,2.5349999999995636,0.35400775884452673,目標
2024-10-09,8.5,1,2024-10-09 10:15:00,2024-10-09 13:30:00,6.523979999999938,3.8349999999997455,0.5878313544799006,目標
2024-10-10,2.0,-1,2024-10-10 04:45:00,2024-10-10 05:00:00,4.020579999999882,0.4150000000001273,0.10321893856113783,目標
2024-10-10,8.5,1,2024-10-10 10:15:00,2024-10-10 10:30:00,4.310579999999391,0.6000000000000727,0.1391924056623836,目標
2024-10-11,9.5,-1,2024-10-11 11:00:00,2024-10-11 11:30:00,4.244120000000294,1.9449999999998726,0.4582811042099983,目標
2024-10-14,5.0,-1,2024-10-14 07:00:00,2024-10-14 07:30:00,2.5883600000001934,-2.6583600000001932,-1.0270441515090616,停損
2024-10-15,3.0,-1,2024-10-15 05:30:00,2024-10-15 05:45:00,3.4230200000001787,0.7850000000000181,0.22932965626843463,目標
2024-10-15,10.0,-1,2024-10-15 13:30:00,2024-10-15 14:15:00,3.6930200000001605,2.7099999999997455,0.7338167678484351,目標
2024-10-17,6.0,-1,2024-10-17 09:45:00,2024-10-17 12:15:00,5.140939999999773,2.654999999999909,0.5164425182943249,目標
2024-10-17,8.5,1,2024-10-17 12:30:00,2024-10-17 13:00:00,4.490940000000137,1.3349999999997453,0.2972651605231209,目標
2024-10-18,5.5,1,2024-10-18 09:30:00,2024-10-18 11:30:00,4.565599999999449,-4.6355999999994495,-1.015332048361663,停損
2024-10-18,6.5,1,2024-10-18 09:45:00,2024-10-18 11:30:00,5.24559999999974,-5.3155999999997405,-1.013344517309746,停損
2024-10-21,5.5,1,2024-10-21 09:15:00,2024-10-21 09:45:00,4.3497199999997065,1.8350000000002,0.42186623506807885,目標
2024-10-21,8.5,-1,2024-10-21 10:15:00,2024-10-21 10:30:00,5.659720000000107,1.4449999999998726,0.2553129836811442,目標
2024-10-22,3.5,-1,2024-10-22 04:45:00,2024-10-22 06:00:00,2.728700000000117,-2.798700000000117,-1.0256532414702961,停損
2024-10-22,8.0,-1,2024-10-22 11:45:00,2024-10-22 12:30:00,3.998700000000099,2.7599999999999274,0.6902243229049089,目標
2024-10-22,9.5,1,2024-10-22 13:00:00,2024-10-22 13:15:00,5.168700000000172,0.20999999999974533,0.04062917174526252,目標
2024-10-24,10.0,-1,2024-10-24 13:45:00,2024-10-24 15:30:00,2.9432199999996556,-3.0132199999996554,-1.023783475241405,停損
2024-10-25,5.0,1,2024-10-25 06:15:00,2024-10-25 08:00:00,3.1644200000000637,1.154999999999909,0.36499579701805884,目標
2024-10-25,7.5,-1,2024-10-25 10:00:00,2024-10-25 10:45:00,4.384420000000318,2.3399999999998546,0.5337079933034893,目標
2024-10-25,10.5,1,2024-10-25 12:45:00,2024-10-25 14:15:00,4.784419999999955,3.7900000000001275,0.7921545349279878,目標
2024-10-28,4.0,-1,2024-10-28 06:00:00,2024-10-28 08:15:00,3.889180000000124,-3.959180000000124,-1.017998652672285,停損
2024-10-29,5.0,1,2024-10-29 06:30:00,2024-10-29 07:00:00,4.636439999999766,1.3450000000004183,0.2900932612091359,目標
2024-10-29,6.0,-1,2024-10-29 08:15:00,2024-10-29 08:45:00,4.6064400000000205,1.7099999999997453,0.37121942324218654,目標
2024-10-29,9.5,1,2024-10-29 11:30:00,2024-10-29 11:45:00,6.20643999999993,2.1199999999996,0.3415806807122318,目標
2024-10-30,3.5,-1,2024-10-30 05:00:00,2024-10-30 05:15:00,3.4145800000001145,0.9199999999997817,0.269432843863594,目標
2024-10-30,3.0,-1,2024-10-30 05:15:00,2024-10-30 05:30:00,4.764580000000024,0.8749999999997089,0.18364682721241002,目標
2024-10-31,5.0,1,2024-10-31 07:45:00,2024-10-31 09:45:00,2.969340000000102,-3.039340000000102,-1.023574262293977,停損
2024-10-31,6.5,1,2024-10-31 10:15:00,2024-10-31 11:30:00,4.789339999999811,-4.859339999999811,-1.0146157925726724,停損
2024-10-31,9.5,1,2024-10-31 13:30:00,2024-10-31 14:00:00,7.349339999999756,1.7050000000000909,0.23199362119593697,目標
2024-11-01,2.0,-1,2024-11-01 05:00:00,2024-11-01 05:15:00,4.6294599999996535,0.20500000000009094,0.044281622478670575,目標
2024-11-01,7.0,-1,2024-11-01 09:15:00,2024-11-01 09:30:00,5.469459999999799,0.9400000000002182,0.17186340150586213,目標
2024-11-01,8.0,1,2024-11-01 11:00:00,2024-11-01 11:15:00,5.929459999999835,0.8750000000001636,0.14756824398852306,目標
2024-11-01,10.0,-1,2024-11-01 12:30:00,2024-11-01 12:45:00,4.989459999999781,0.8900000000000363,0.17837601664309874,目標
2024-11-04,4.0,-1,2024-11-04 07:30:00,2024-11-04 07:45:00,5.086940000000141,0.2900000000001273,0.057008732165136466,目標
2024-11-04,10.5,-1,2024-11-04 12:30:00,2024-11-04 13:15:00,4.946939999999813,4.140000000000036,0.8368809809700931,目標
2024-11-05,6.5,-1,2024-11-05 09:30:00,2024-11-05 10:00:00,5.529979999999796,1.5150000000000363,0.27396120781631983,目標
2024-11-05,9.0,1,2024-11-05 10:15:00,2024-11-05 10:30:00,4.539980000000014,2.169999999999782,0.4779756739015976,目標
2024-11-06,2.0,-1,2024-11-06 04:00:00,2024-11-06 04:30:00,6.580500000000029,3.1950000000003276,0.4855254160018712,目標
2024-11-06,5.5,-1,2024-11-06 07:00:00,2024-11-06 08:00:00,5.150500000000193,4.065000000000218,0.7892437627414942,目標
2024-11-06,7.5,1,2024-11-06 09:00:00,2024-11-06 09:15:00,21.250500000000102,6.339999999999854,0.29834592127243237,目標
2024-11-06,9.5,1,2024-11-06 11:45:00,2024-11-06 12:00:00,8.86050000000023,1.9649999999998544,0.22177078042997614,目標
2024-11-07,5.5,1,2024-11-07 07:00:00,2024-11-07 07:15:00,5.385660000000371,-0.010000000000054576,-0.0018567826413204488,目標
2024-11-08,2.5,1,2024-11-08 05:00:00,2024-11-08 05:30:00,4.903179999999793,-4.973179999999793,-1.0142764491615652,停損
2024-11-08,8.0,1,2024-11-08 09:30:00,2024-11-08 10:30:00,6.903179999999793,4.415000000000127,0.6395603185778524,目標
2024-11-11,3.0,1,2024-11-11 04:45:00,2024-11-11 11:15:00,6.242059999999583,-6.312059999999583,-1.0112142465788545,停損
2024-11-11,10.5,1,2024-11-11 13:15:00,2024-11-11 14:30:00,7.832060000000183,-7.9020600000001835,-1.0089376230519171,停損
2024-11-12,7.5,1,2024-11-12 10:00:00,2024-11-12 11:00:00,9.998859999999695,-10.068859999999695,-1.0070007980909825,停損
2024-11-12,9.0,1,2024-11-12 12:45:00,2024-11-12 14:00:00,7.96885999999995,5.370000000000054,0.6738730508504464,目標
2024-11-13,2.5,-1,2024-11-13 05:15:00,2024-11-13 07:30:00,5.774040000000241,4.645000000000145,0.8044627331989302,目標
2024-11-13,8.0,1,2024-11-13 10:15:00,2024-11-13 10:30:00,4.62404000000015,0.9700000000004183,0.20977327185759354,目標
2024-11-13,6.5,1,2024-11-13 10:30:00,2024-11-13 10:45:00,8.694040000000314,0.0799999999996362,0.009201705996249535,目標
2024-11-14,7.0,1,2024-11-14 09:30:00,2024-11-14 11:30:00,6.63819999999987,-6.70819999999987,-1.0105450272664278,停損
2024-11-15,10.0,-1,2024-11-15 14:00:00,2024-11-15 15:00:00,7.380279999999857,-7.450279999999857,-1.0094847349965044,停損
2024-11-18,10.5,-1,2024-11-18 12:00:00,2024-11-18 15:00:00,6.665580000000318,-6.7355800000003185,-1.0105017117790196,停損
2024-11-19,2.0,-1,2024-11-19 03:15:00,2024-11-19 03:30:00,5.726880000000165,0.6650000000001273,0.11611907356188853,目標
2024-11-25,2.5,1,2024-11-25 03:45:00,2024-11-25 04:45:00,7.123659999999745,-7.1936599999997455,-1.0098264094580598,停損
2024-11-26,8.5,1,2024-11-26 10:00:00,2024-11-26 11:00:00,7.643840000000182,2.2200000000004185,0.2904299409721247,目標
2024-11-29,7.0,1,2024-11-29 10:15:00,2024-11-29 10:30:00,4.230739999999969,-4.300739999999969,-1.0165455688602942,停損
2024-12-02,2.0,1,2024-12-02 03:30:00,2024-12-02 03:45:00,14.381940000000213,2.3349999999997455,0.16235639976245977,目標
2024-12-02,6.5,-1,2024-12-02 09:45:00,2024-12-02 11:15:00,4.551940000000286,-4.621940000000286,-1.0153780585860086,停損
2024-12-03,2.0,1,2024-12-03 03:30:00,2024-12-03 03:45:00,4.958079999999882,-5.028079999999882,-1.0141183684006716,停損
2024-12-04,2.0,-1,2024-12-04 05:15:00,2024-12-04 07:00:00,5.303200000000288,-5.373200000000288,-1.0131995776135156,停損
2024-12-06,8.0,-1,2024-12-06 11:15:00,2024-12-06 12:00:00,4.223739999999907,2.844999999999964,0.6735736574694527,目標
2024-12-10,3.0,-1,2024-12-10 05:00:00,2024-12-10 06:00:00,4.409639999999854,-4.479639999999854,-1.015874311735199,停損
2024-12-10,6.0,1,2024-12-10 08:15:00,2024-12-10 09:45:00,4.639639999999872,-4.709639999999872,-1.015087377468942,停損
2024-12-11,6.0,1,2024-12-11 07:30:00,2024-12-11 07:45:00,12.961339999999836,1.6900000000004365,0.1303877531181543,目標
2024-12-11,6.5,-1,2024-12-11 09:00:00,2024-12-11 12:00:00,5.5013399999998,-5.5713399999998,-1.012724172656117,停損
2024-12-11,9.0,-1,2024-12-11 12:30:00,2024-12-11 12:45:00,7.971340000000055,-0.034999999999963616,-0.004390729789466185,目標
2024-12-17,3.5,1,2024-12-17 05:15:00,2024-12-17 07:00:00,4.48223999999982,-4.55223999999982,-1.0156171914042986,停損
2024-12-18,4.5,1,2024-12-18 06:30:00,2024-12-18 07:15:00,3.7501400000001013,1.3700000000000545,0.36531969473140136,目標
2024-12-19,5.0,1,2024-12-19 08:15:00,2024-12-19 08:30:00,6.536439999999857,1.2500000000003637,0.19123559613495894,目標
2024-12-20,2.5,-1,2024-12-20 04:00:00,2024-12-20 08:30:00,5.929219999999532,-6.009219999999532,-1.0134924998566432,停損
2024-12-20,10.5,1,2024-12-20 13:45:00,2024-12-20 14:15:00,4.339219999999841,1.8500000000005274,0.42634390512594317,目標
2024-12-24,3.5,-1,2024-12-24 07:15:00,2024-12-24 08:00:00,3.3922600000000784,1.6600000000000181,0.4893492833686037,目標
2024-12-24,8.0,1,2024-12-24 12:15:00,2024-12-24 15:30:00,4.742260000000442,-4.8122600000004425,-1.014760894594559,停損
2024-12-26,2.5,-1,2024-12-26 05:15:00,2024-12-26 13:00:00,3.739799999999832,-3.8097999999998318,-1.0187175784801334,停損
2024-12-27,10.0,1,2024-12-27 12:15:00,2024-12-27 14:00:00,4.236720000000332,2.4949999999996,0.5888989595723589,目標
2024-12-30,9.5,1,2024-12-30 11:15:00,2024-12-30 11:30:00,7.557699999999841,0.6149999999999454,0.08137396297814922,目標
2024-12-30,10.5,-1,2024-12-30 13:45:00,2024-12-30 14:30:00,3.0576999999998407,-3.1276999999998405,-1.0228930241684937,停損
2024-12-31,9.0,-1,2024-12-31 11:00:00,2024-12-31 13:15:00,4.498360000000048,3.094999999999964,0.6880285259516647,目標
2025-01-02,6.0,-1,2025-01-02 10:15:00,2025-01-02 10:30:00,4.346180000000459,0.6400000000000363,0.14725575102733177,目標
2025-01-03,4.5,1,2025-01-03 08:30:00,2025-01-03 09:00:00,3.192439999999806,-3.2624399999998057,-1.0219268020698915,停損
2025-01-06,2.0,-1,2025-01-06 03:45:00,2025-01-06 04:00:00,6.603899999999612,0.3300000000003092,0.04997047199387159,目標
2025-01-08,10.5,1,2025-01-08 14:30:00,2025-01-08 15:00:00,5.064560000000256,2.069999999999873,0.40872257412287905,目標
2025-01-09,5.0,1,2025-01-09 06:45:00,2025-01-09 07:00:00,4.083219999999983,1.2050000000000909,0.29511023163094224,目標
2025-01-13,8.0,1,2025-01-13 10:00:00,2025-01-13 10:30:00,4.274979999999687,0.8550000000001818,0.20000093567694924,目標
2025-01-14,3.5,-1,2025-01-14 07:15:00,2025-01-14 07:30:00,4.815299999999752,1.2900000000001273,0.2678960812410844,目標
2025-01-14,7.5,-1,2025-01-14 10:45:00,2025-01-14 11:15:00,4.155299999999897,1.5450000000002364,0.37181430943620786,目標
2025-01-15,2.0,1,2025-01-15 04:00:00,2025-01-15 04:45:00,4.597999999999956,0.9150000000001273,0.19899956502830274,目標
2025-01-15,10.5,-1,2025-01-15 11:45:00,2025-01-15 15:00:00,3.2080000000000837,1.7749999999997998,0.5533042394014195,目標
2025-01-16,2.0,-1,2025-01-16 03:45:00,2025-01-16 04:15:00,6.6544599999997445,0.42499999999989085,0.06386694036779951,目標
2025-01-16,8.5,-1,2025-01-16 10:45:00,2025-01-16 11:15:00,5.034459999999854,-5.104459999999854,-1.0139041724435198,停損
2025-01-20,2.0,1,2025-01-20 03:15:00,2025-01-20 03:30:00,4.35570000000007,1.324999999999527,0.304199095438048,目標
2025-01-20,7.0,-1,2025-01-20 09:00:00,2025-01-20 09:30:00,7.295700000000124,1.2900000000001273,0.1768164809408426,目標
2025-01-20,10.5,-1,2025-01-20 13:15:00,2025-01-20 13:30:00,4.725699999999961,2.3900000000000365,0.5057451806081759,目標
2025-01-20,10.0,-1,2025-01-20 13:30:00,2025-01-20 15:30:00,5.235699999999724,2.0850000000002002,0.3982275531448154,目標
2025-01-21,6.0,-1,2025-01-21 10:00:00,2025-01-21 10:15:00,6.674979999999778,1.2500000000001636,0.18726647870109053,目標
2025-01-21,10.0,1,2025-01-21 11:15:00,2025-01-21 13:15:00,4.894980000000032,-4.964980000000033,-1.0143003648635949,停損
2025-01-21,9.0,1,2025-01-21 11:30:00,2025-01-21 13:15:00,5.3749800000000505,-5.444980000000051,-1.01302330427276,停損
2025-01-22,6.0,-1,2025-01-22 08:00:00,2025-01-22 08:15:00,7.088519999999789,0.9750000000000727,0.1375463425369614,目標
2025-01-22,7.5,-1,2025-01-22 11:45:00,2025-01-22 12:30:00,4.498520000000099,-4.568520000000099,-1.0155606732881033,停損
2025-01-23,4.0,1,2025-01-23 06:00:00,2025-01-23 06:30:00,3.4148199999999633,0.9950000000000545,0.2913769979091329,目標
2025-01-23,5.0,-1,2025-01-23 08:45:00,2025-01-23 11:15:00,2.9648200000001452,1.7300000000001818,0.583509285555311,目標
2025-01-27,7.5,1,2025-01-27 09:30:00,2025-01-27 10:00:00,4.6426799999999275,2.1099999999998365,0.4544788785787238,目標
2025-01-28,2.5,1,2025-01-28 06:00:00,2025-01-28 07:00:00,3.503480000000309,2.0249999999998,0.5779967346751291,目標
2025-01-28,9.0,1,2025-01-28 10:30:00,2025-01-28 10:45:00,4.323480000000018,2.155000000000364,0.4984410706191205,目標
2025-01-29,2.5,1,2025-01-29 06:15:00,2025-01-29 07:30:00,2.727480000000014,-2.797480000000014,-1.0256647161482393,停損
2025-01-29,3.0,1,2025-01-29 06:30:00,2025-01-29 07:30:00,2.8374799999996867,-2.9074799999996865,-1.0246697774081253,停損
2025-01-30,4.5,-1,2025-01-30 06:30:00,2025-01-30 06:45:00,3.0342000000000553,0.504999999999818,0.16643596335106745,目標
2025-01-31,5.0,1,2025-01-31 09:00:00,2025-01-31 09:15:00,4.524979999999687,0.8100000000001091,0.17900631605005218,目標
2025-02-03,4.5,-1,2025-02-03 06:15:00,2025-02-03 07:15:00,4.2809400000001006,-4.350940000000101,-1.0163515489588733,停損
2025-02-03,7.0,-1,2025-02-03 08:30:00,2025-02-03 09:00:00,3.590940000000046,-3.660940000000046,-1.0194935030938972,停損
2025-02-04,7.5,1,2025-02-04 09:30:00,2025-02-04 10:15:00,4.579420000000027,3.1499999999998,0.6878600346768328,目標
2025-02-04,8.5,-1,2025-02-04 10:30:00,2025-02-04 11:45:00,7.129420000000209,-7.1994200000002095,-1.009818470506717,停損
2025-02-04,10.5,-1,2025-02-04 12:00:00,2025-02-04 12:30:00,5.829420000000027,1.7099999999997453,0.2933396461397081,目標
2025-02-05,2.5,1,2025-02-05 03:45:00,2025-02-05 04:00:00,5.499319999999898,1.3449999999999636,0.24457569299476817,目標
2025-02-05,9.5,-1,2025-02-05 11:00:00,2025-02-05 11:15:00,4.819319999999607,-4.889319999999607,-1.0145248707286518,停損
2025-02-05,10.0,-1,2025-02-05 12:45:00,2025-02-05 13:00:00,9.879320000000007,1.0750000000004365,0.1088131571809027,目標
2025-02-06,4.0,1,2025-02-06 05:45:00,2025-02-06 06:00:00,5.698860000000423,1.4249999999998908,0.2500500100019627,目標
2025-02-06,9.0,1,2025-02-06 10:30:00,2025-02-06 11:00:00,8.178859999999986,2.100000000000073,0.25675949949015836,目標
2025-02-11,7.0,-1,2025-02-11 08:15:00,2025-02-11 08:30:00,8.15560000000005,2.4600000000002002,0.3016332336063791,目標
2025-02-11,8.5,1,2025-02-11 11:00:00,2025-02-11 11:30:00,6.665600000000268,-6.735600000000268,-1.0105016802688427,停損
2025-02-11,10.5,1,2025-02-11 13:00:00,2025-02-11 14:00:00,4.52559999999994,-4.595599999999941,-1.0154675623121798,停損
2025-02-12,4.5,1,2025-02-12 07:30:00,2025-02-12 08:15:00,4.3673399999997855,5.145000000000145,1.1780626193519164,目標
2025-02-12,10.5,1,2025-02-12 12:15:00,2025-02-12 12:30:00,4.127340000000004,-4.197340000000004,-1.0169600759811404,停損
2025-02-13,5.5,-1,2025-02-13 07:45:00,2025-02-13 08:00:00,5.564320000000407,1.6600000000000181,0.2983293556085733,目標
2025-02-13,7.0,1,2025-02-13 09:00:00,2025-02-13 09:30:00,4.854320000000371,3.000000000000164,0.61800622950278,目標
2025-02-14,7.5,-1,2025-02-14 09:00:00,2025-02-14 10:15:00,4.541679999999815,-4.611679999999815,-1.0154127987881143,停損
2025-02-14,9.0,-1,2025-02-14 11:30:00,2025-02-14 12:30:00,5.1916800000003605,-5.261680000000361,-1.0134831114398413,停損
2025-02-17,4.5,-1,2025-02-17 06:45:00,2025-02-17 07:45:00,6.5856400000002395,1.5800000000000909,0.23991593831427674,目標
2025-02-17,7.0,1,2025-02-17 08:30:00,2025-02-17 09:00:00,8.995640000000094,4.275000000000254,0.47523022264121395,目標
2025-02-21,2.5,1,2025-02-21 04:00:00,2025-02-21 07:00:00,12.872260000000097,-12.942260000000097,-1.0054380505055056,停損
2025-02-21,9.5,-1,2025-02-21 13:30:00,2025-02-21 16:45:00,5.082259999999678,-5.1522599999996785,-1.0137734000228253,停損
2025-02-24,5.0,1,2025-02-24 08:15:00,2025-02-24 09:30:00,5.539679999999862,2.225000000000073,0.40164774860644087,目標
2025-02-25,5.0,1,2025-02-25 09:00:00,2025-02-25 09:45:00,6.3146999999999025,-6.384699999999903,-1.011085245538189,停損
2025-02-26,4.5,1,2025-02-26 07:00:00,2025-02-26 07:15:00,4.71369999999979,2.919999999999782,0.6194709039607765,目標
2025-02-26,7.5,1,2025-02-26 09:00:00,2025-02-26 09:30:00,6.593699999999899,2.9399999999997637,0.44588015833292516,目標
2025-02-26,8.5,-1,2025-02-26 10:15:00,2025-02-26 11:00:00,6.693699999999808,-6.763699999999808,-1.0104575944544874,停損
2025-02-27,2.0,1,2025-02-27 03:30:00,2025-02-27 03:45:00,3.7226999999998043,-3.792699999999804,-1.0188035565584128,停損
2025-02-28,8.5,1,2025-02-28 11:00:00,2025-02-28 11:15:00,10.031060000000252,1.2999999999998908,0.12959747025736643,目標
2025-03-03,2.5,1,2025-03-03 05:30:00,2025-03-03 06:30:00,6.339879999999994,2.6850000000001093,0.4235095932415301,目標
2025-03-04,3.5,-1,2025-03-04 05:45:00,2025-03-04 07:15:00,5.304000000000087,-5.374000000000088,-1.0131975867269982,停損
2025-03-04,6.5,1,2025-03-04 09:00:00,2025-03-04 09:15:00,7.874000000000251,0.08500000000020008,0.010795021590068246,目標
2025-03-06,10.5,1,2025-03-06 12:15:00,2025-03-06 12:30:00,9.110479999999825,4.1499999999998,0.4555193579262431,目標
2025-03-10,10.0,1,2025-03-10 12:00:00,2025-03-10 12:15:00,12.780859999999848,1.2099999999997453,0.09467281544432532,目標
2025-03-12,2.0,1,2025-03-12 04:30:00,2025-03-12 05:30:00,5.889560000000074,1.610000000000291,0.2733650731124686,目標
2025-03-12,5.5,1,2025-03-12 08:45:00,2025-03-12 09:00:00,4.739559999999983,1.5200000000001455,0.3207048755581005,目標
2025-03-12,7.0,-1,2025-03-12 09:15:00,2025-03-12 09:30:00,6.009559999999965,1.5699999999998726,0.26125040768373753,目標
2025-03-14,7.0,1,2025-03-14 09:30:00,2025-03-14 11:00:00,4.30580000000009,4.330000000000091,1.0056203260718102,目標
2025-03-17,9.5,1,2025-03-17 11:30:00,2025-03-17 12:00:00,5.243800000000192,1.3700000000000545,0.2612609176551364,目標
2025-03-18,5.0,-1,2025-03-18 08:00:00,2025-03-18 08:15:00,6.04395999999997,4.255000000000273,0.7040086301034907,目標
2025-03-18,7.0,1,2025-03-18 08:30:00,2025-03-18 09:00:00,8.093960000000152,0.6600000000000181,0.08154228585266121,目標
2025-03-19,2.5,1,2025-03-19 05:00:00,2025-03-19 05:30:00,4.629880000000412,0.8299999999996361,0.17927030506180772,目標
2025-03-19,6.0,-1,2025-03-19 09:00:00,2025-03-19 09:15:00,7.379880000000412,2.974999999999618,0.40312308601216446,目標
2025-03-20,4.5,1,2025-03-20 06:00:00,2025-03-20 07:15:00,4.357060000000274,3.219999999999964,0.7390304471363169,目標
2025-03-20,6.5,-1,2025-03-20 07:45:00,2025-03-20 08:00:00,5.777060000000347,1.5499999999998908,0.2683025622028848,目標
2025-03-20,5.0,-1,2025-03-20 08:00:00,2025-03-20 08:15:00,6.207060000000183,3.3350000000002002,0.5372914068818574,目標
2025-03-21,7.0,1,2025-03-21 08:45:00,2025-03-21 09:00:00,7.119959999999992,1.8399999999998544,0.2584284181371604,目標
2025-03-21,8.0,-1,2025-03-21 09:45:00,2025-03-21 11:00:00,4.889959999999974,-4.959959999999974,-1.0143150455218448,停損
2025-03-24,2.5,1,2025-03-24 04:00:00,2025-03-24 04:30:00,6.798660000000382,1.0800000000000909,0.1588548331583033,目標
2025-03-24,7.5,-1,2025-03-24 10:30:00,2025-03-24 12:00:00,6.928660000000036,-6.9986600000000365,-1.0101029636322174,停損
2025-03-24,9.5,-1,2025-03-24 13:45:00,2025-03-24 14:30:00,6.028659999999945,2.719999999999964,0.451178205438686,目標
2025-03-25,2.0,-1,2025-03-25 04:45:00,2025-03-25 05:00:00,3.6743999999998778,0.5800000000000909,0.157848900500792,目標
2025-03-25,9.5,1,2025-03-25 11:00:00,2025-03-25 11:15:00,3.7143999999998414,2.2450000000000547,0.6044044798621986,目標
2025-03-27,2.5,-1,2025-03-27 04:30:00,2025-03-27 05:30:00,4.318060000000514,-4.3880600000005145,-1.0162109836361681,停損
2025-03-27,6.0,-1,2025-03-27 07:45:00,2025-03-27 08:00:00,5.158060000000205,2.044999999999782,0.39646688871391583,目標
2025-03-27,8.5,-1,2025-03-27 11:30:00,2025-03-27 12:45:00,4.6380599999997685,-4.708059999999769,-1.0150925171300078,停損
2025-03-31,6.5,-1,2025-03-31 08:00:00,2025-03-31 08:45:00,6.9421000000002095,-7.01210000000021,-1.0100834041572433,停損
2025-03-31,8.0,-1,2025-03-31 09:15:00,2025-03-31 09:45:00,8.982100000000173,5.790000000000127,0.6446154017434693,目標
2025-03-31,7.0,-1,2025-03-31 09:30:00,2025-03-31 16:30:00,13.252100000000155,4.395000000000145,0.331645550516529,目標
2025-04-01,8.0,1,2025-04-01 11:00:00,2025-04-01 18:30:00,11.755100000000311,-11.825100000000312,-1.0059548621449412,停損
2025-04-02,7.0,1,2025-04-02 08:30:00,2025-04-02 10:45:00,7.133700000000317,4.739999999999945,0.6644518272424876,目標
2025-04-02,10.5,-1,2025-04-02 12:00:00,2025-04-02 13:30:00,5.783699999999953,5.665000000000127,0.9794768055051564,目標
2025-04-03,3.5,-1,2025-04-03 04:45:00,2025-04-03 05:00:00,10.281619999999748,2.9500000000004367,0.2869197655622858,目標
2025-04-03,4.0,1,2025-04-03 06:00:00,2025-04-03 07:45:00,7.721619999999348,-7.791619999999348,-1.0090654551765053,停損
2025-04-03,7.5,1,2025-04-03 09:45:00,2025-04-03 13:00:00,11.831619999999475,-11.901619999999475,-1.0059163495785026,停損
2025-04-03,8.0,1,2025-04-03 10:15:00,2025-04-03 13:00:00,5.861619999999675,-5.9316199999996755,-1.0119420910942716,停損
2025-04-04,6.5,-1,2025-04-04 07:45:00,2025-04-04 08:15:00,5.764959999999519,-5.834959999999519,-1.0121423218894852,停損
2025-04-04,5.5,-1,2025-04-04 09:15:00,2025-04-04 10:00:00,7.9549599999995735,6.270000000000145,0.7881874956002898,目標
2025-04-07,5.0,1,2025-04-07 07:00:00,2025-04-07 08:15:00,10.860659999999825,12.714999999999854,1.1707391631816169,目標
2025-04-07,6.0,-1,2025-04-07 08:45:00,2025-04-07 09:00:00,13.840659999999843,6.090000000000309,0.4400079186975461,目標
2025-04-07,7.5,1,2025-04-07 09:30:00,2025-04-07 10:00:00,12.17065999999977,-12.240659999999771,-1.0057515368928227,停損
2025-04-08,2.0,-1,2025-04-08 03:45:00,2025-04-08 04:00:00,8.466780000000199,-8.5367800000002,-1.008267605866693,停損
2025-04-08,6.0,-1,2025-04-08 08:15:00,2025-04-08 08:45:00,6.456779999999981,-6.526779999999981,-1.0108413171890633,停損
2025-04-08,8.5,1,2025-04-08 12:30:00,2025-04-08 12:45:00,12.786779999999908,-0.00499999999949069,-0.00039102885945411787,目標
2025-04-10,6.5,1,2025-04-10 08:45:00,2025-04-10 09:00:00,11.27543999999989,2.8100000000001093,0.24921422135190616,目標
2025-04-10,8.0,1,2025-04-10 11:15:00,2025-04-10 11:30:00,7.30544000000009,-7.37544000000009,-1.0095819006110514,停損
2025-04-11,6.0,1,2025-04-11 08:15:00,2025-04-11 08:30:00,14.451100000000224,-14.521100000000224,-1.0048439219159786,停損
2025-04-11,10.5,-1,2025-04-11 13:30:00,2025-04-11 13:45:00,23.341100000000097,0.049999999999890854,0.002142144114882788,目標
2025-04-14,5.0,1,2025-04-14 08:45:00,2025-04-14 09:15:00,14.79527999999982,3.1200000000005095,0.2108780638149834,目標
2025-04-15,4.0,-1,2025-04-15 08:15:00,2025-04-15 10:30:00,10.316980000000058,5.845000000000418,0.5665417593133247,目標
2025-04-16,3.5,-1,2025-04-16 07:15:00,2025-04-16 07:45:00,13.787780000000112,-13.857780000000112,-1.0050769594525006,停損
2025-04-16,10.0,-1,2025-04-16 11:15:00,2025-04-16 11:30:00,19.56778000000031,3.6849999999996546,0.18831977873829303,目標
2025-04-17,10.5,-1,2025-04-17 14:30:00,2025-04-17 15:00:00,11.026760000000195,-11.096760000000195,-1.0063481929415348,停損
2025-04-22,5.5,-1,2025-04-22 09:15:00,2025-04-22 10:00:00,13.233020000000124,17.10500000000018,1.2925998751607737,目標
2025-04-22,8.0,1,2025-04-22 10:30:00,2025-04-22 11:30:00,14.423020000000179,-14.493020000000179,-1.0048533524878978,停損
2025-04-23,3.5,-1,2025-04-23 04:45:00,2025-04-23 05:30:00,9.17166000000043,13.410000000000018,1.4621126382791545,目標
2025-04-23,8.5,1,2025-04-23 10:15:00,2025-04-23 12:00:00,19.07166000000052,16.295000000000236,0.8544091075449013,目標
2025-04-24,6.5,-1,2025-04-24 10:15:00,2025-04-24 10:30:00,11.378619999999955,4.040000000000127,0.35505184284211466,目標
2025-04-28,4.0,1,2025-04-28 05:30:00,2025-04-28 07:45:00,14.010040000000117,16.825000000000436,1.2009244798730265,目標
2025-04-28,9.0,1,2025-04-28 13:15:00,2025-04-28 13:30:00,12.630040000000008,5.175000000000345,0.4097374196756576,目標
2025-04-29,6.5,-1,2025-04-29 10:00:00,2025-04-29 11:45:00,9.76086000000032,3.194999999999873,0.32732771497591073,目標
2025-04-29,9.5,1,2025-04-29 13:30:00,2025-04-29 15:15:00,9.260859999999866,-9.330859999999866,-1.0075586932531106,停損
2025-04-30,2.0,-1,2025-04-30 03:15:00,2025-04-30 03:30:00,10.544779999999719,4.015000000000036,0.38075711394644013,目標
2025-04-30,4.0,1,2025-04-30 07:45:00,2025-04-30 11:00:00,8.464779999999791,-8.534779999999792,-1.0082695592797453,停損
2025-04-30,6.5,-1,2025-04-30 08:30:00,2025-04-30 09:30:00,7.554780000000392,3.719999999999964,0.4924034849459244,目標
2025-05-01,2.5,1,2025-05-01 05:15:00,2025-05-01 06:00:00,13.970040000000154,-14.040040000000154,-1.0050107229471068,停損
2025-05-02,9.5,-1,2025-05-02 13:00:00,2025-05-02 14:45:00,9.08120000000008,-9.151200000000081,-1.0077082323921949,停損
2025-05-07,2.0,1,2025-05-07 03:45:00,2025-05-07 05:15:00,20.625620000000254,11.029999999999909,0.5347718032233588,目標
2025-05-07,4.0,-1,2025-05-07 06:15:00,2025-05-07 06:30:00,19.645620000000235,1.849999999999618,0.09416857294397407,目標
2025-05-07,8.0,-1,2025-05-07 10:30:00,2025-05-07 10:45:00,12.645620000000235,2.419999999999782,0.19137060895390948,目標
2025-05-08,8.5,1,2025-05-08 10:00:00,2025-05-08 15:30:00,19.78829999999971,18.56000000000011,0.9379279675363918,目標
2025-05-08,9.5,-1,2025-05-08 11:00:00,2025-05-08 13:00:00,11.7183,8.109999999999836,0.6920799092018327,目標
2025-05-08,10.5,1,2025-05-08 13:00:00,2025-05-08 13:15:00,10.058300000000145,3.799999999999891,0.3777974409194234,目標
2025-05-09,4.0,1,2025-05-09 05:30:00,2025-05-09 05:45:00,23.71158000000014,7.7699999999996905,0.32768799042491664,目標
2025-05-09,8.5,-1,2025-05-09 11:00:00,2025-05-09 14:15:00,8.981580000000122,-9.051580000000122,-1.0077937289430143,停損
2025-05-12,2.0,1,2025-05-12 04:30:00,2025-05-12 05:00:00,16.495740000000296,3.650000000000255,0.22126924890912378,目標
2025-05-12,7.0,1,2025-05-12 08:45:00,2025-05-12 09:00:00,9.15574000000015,3.489999999999491,0.38118164124357323,目標
2025-05-12,6.5,1,2025-05-12 09:00:00,2025-05-12 09:15:00,12.745739999999842,1.7250000000000727,0.13533933690786837,目標
2025-05-12,10.0,1,2025-05-12 14:00:00,2025-05-12 16:00:00,16.215740000000096,24.599999999999618,1.5170445505416017,目標
2025-05-13,4.5,-1,2025-05-13 05:45:00,2025-05-13 07:30:00,14.022680000000037,-14.092680000000037,-1.0049919131007767,停損
2025-05-13,7.0,-1,2025-05-13 08:30:00,2025-05-13 09:45:00,9.2526799999996,-9.3226799999996,-1.0075653756533245,停損
2025-05-15,7.0,1,2025-05-15 09:15:00,2025-05-15 09:30:00,21.559919999999693,3.475000000000073,0.16117870567238293,目標
2025-05-15,9.5,1,2025-05-15 10:45:00,2025-05-15 11:00:00,13.339920000000347,3.4899999999999456,0.2616207593448727,目標
2025-05-16,7.0,-1,2025-05-16 09:15:00,2025-05-16 09:30:00,13.112720000000081,2.8149999999997637,0.21467704640987884,目標
2025-05-16,6.0,-1,2025-05-16 09:30:00,2025-05-16 10:00:00,17.69272000000001,3.404999999999909,0.19245203676992048,目標
2025-05-16,9.5,1,2025-05-16 11:15:00,2025-05-16 13:45:00,11.96271999999999,-12.03271999999999,-1.0058515120307088,停損
2025-05-19,3.5,1,2025-05-19 05:00:00,2025-05-19 06:45:00,12.165840000000117,-12.235840000000117,-1.0057538156017176,停損
2025-05-27,3.5,1,2025-05-27 05:00:00,2025-05-27 05:45:00,9.270440000000235,2.794999999999782,0.3014959376253674,目標
2025-05-27,4.5,-1,2025-05-27 06:45:00,2025-05-27 07:30:00,7.43044000000009,4.285000000000018,0.5766818654076967,目標
2025-05-27,9.0,1,2025-05-27 11:00:00,2025-05-27 13:15:00,14.550440000000435,-14.620440000000436,-1.004810851080792,停損
2025-05-29,6.5,1,2025-05-29 08:45:00,2025-05-29 09:00:00,7.851059999999961,3.674999999999891,0.4680896592307165,目標
2025-05-30,7.0,-1,2025-05-30 09:00:00,2025-05-30 09:15:00,12.143300000000181,0.18,0.014822988808643228,目標
2025-05-30,5.5,1,2025-05-30 09:30:00,2025-05-30 09:45:00,6.723299999999654,3.4549999999996364,0.5138845507414238,目標
2025-06-03,5.0,1,2025-06-03 08:45:00,2025-06-03 09:30:00,10.069900000000416,-10.139900000000416,-1.0069514096465702,停損
2025-06-04,2.0,1,2025-06-04 04:00:00,2025-06-04 04:15:00,12.886360000000423,0.35499999999972714,0.02754850865564174,目標
2025-06-05,5.0,1,2025-06-05 09:15:00,2025-06-05 10:00:00,8.779560000000401,2.8649999999999456,0.3263261484629998,目標
2025-06-06,2.0,-1,2025-06-06 04:30:00,2025-06-06 06:00:00,8.104780000000119,1.7450000000000545,0.21530504220966257,目標
2025-06-06,10.0,-1,2025-06-06 12:00:00,2025-06-06 12:15:00,8.334780000000137,3.025000000000255,0.3629369941378423,目標
2025-06-10,3.5,1,2025-06-10 05:45:00,2025-06-10 08:30:00,8.93596000000025,6.390000000000036,0.7150882501712024,目標
2025-06-11,6.0,1,2025-06-11 09:30:00,2025-06-11 09:45:00,6.1515199999994365,1.5350000000000181,0.2495318230291308,目標
2025-06-11,8.0,-1,2025-06-11 12:00:00,2025-06-11 12:15:00,6.03152,2.500000000000164,0.4144892166485668,目標
2025-06-12,2.5,-1,2025-06-12 04:30:00,2025-06-12 10:30:00,9.323139999999967,4.790000000000127,0.5137754018496069,目標
2025-06-12,5.5,1,2025-06-12 09:45:00,2025-06-12 10:30:00,10.943140000000312,-11.013140000000313,-1.0063967014951831,停損
2025-06-13,4.0,-1,2025-06-13 06:00:00,2025-06-13 07:00:00,14.032400000000052,7.9949999999995995,0.5697528576722136,目標
2025-06-13,6.5,1,2025-06-13 08:30:00,2025-06-13 09:00:00,6.672399999999925,3.6400000000000365,0.5455308434746234,目標
2025-06-13,5.0,1,2025-06-13 08:45:00,2025-06-13 09:45:00,9.302400000000034,-9.372400000000034,-1.0075249398004815,停損
2025-06-16,2.0,1,2025-06-16 04:00:00,2025-06-16 05:00:00,8.504119999999602,4.185000000000109,0.4921144104269818,目標
2025-06-18,8.5,1,2025-06-18 10:30:00,2025-06-18 11:00:00,7.8991399999999885,3.310000000000564,0.41903295801828666,目標
2025-06-19,4.5,1,2025-06-19 06:30:00,2025-06-19 08:30:00,5.702299999999923,-5.772299999999923,-1.012275748382232,停損
2025-06-20,5.0,1,2025-06-20 06:15:00,2025-06-20 06:45:00,8.774959999999737,3.5950000000004185,0.4096884772124917,目標
2025-06-20,6.0,1,2025-06-20 09:45:00,2025-06-20 10:00:00,5.954960000000028,5.160000000000018,0.8665045609038505,目標
2025-06-20,9.0,-1,2025-06-20 10:30:00,2025-06-20 12:15:00,8.294959999999719,-8.36495999999972,-1.0084388592591167,停損
2025-06-20,9.5,-1,2025-06-20 12:45:00,2025-06-20 14:45:00,4.954960000000028,7.344999999999963,1.48235303614962,目標
2025-06-24,8.5,1,2025-06-24 09:45:00,2025-06-24 10:45:00,7.676020000000335,7.980000000000182,1.0396012516903075,目標
2025-06-24,10.5,1,2025-06-24 13:00:00,2025-06-24 13:30:00,6.346020000000408,3.7399999999999456,0.589345763171201,目標
2025-06-25,7.5,-1,2025-06-25 09:00:00,2025-06-25 10:00:00,4.830120000000079,1.9699999999999636,0.4078573617218478,目標
2025-06-25,6.5,-1,2025-06-25 10:45:00,2025-06-25 11:00:00,7.550119999999879,1.735000000000291,0.22979767209002225,目標
2025-06-26,2.0,1,2025-06-26 05:15:00,2025-06-26 05:30:00,7.420320000000174,0.6949999999994179,0.0936617288741458,目標
2025-06-26,5.5,1,2025-06-26 09:15:00,2025-06-26 09:45:00,6.9703199999999015,2.225000000000073,0.31921059578327887,目標
2025-06-27,7.0,-1,2025-06-27 08:45:00,2025-06-27 09:00:00,4.590500000000247,2.9349999999996546,0.6393639037140827,目標
2025-06-27,6.0,1,2025-06-27 09:45:00,2025-06-27 10:15:00,8.990499999999884,-9.060499999999884,-1.007785996329459,停損
2025-07-02,5.0,-1,2025-07-02 08:30:00,2025-07-02 09:15:00,7.3541400000003705,3.949999999999982,0.5371124291895154,目標
2025-07-02,8.5,1,2025-07-02 10:45:00,2025-07-02 12:15:00,8.164140000000316,3.600000000000073,0.44095275191262445,目標
2025-07-03,3.5,-1,2025-07-03 06:15:00,2025-07-03 08:00:00,5.314119999999548,-5.384119999999548,-1.0131724537646885,停損
2025-07-07,4.5,1,2025-07-07 06:00:00,2025-07-07 10:45:00,7.096119999999701,-7.166119999999701,-1.0098645456953945,停損
2025-07-07,7.0,1,2025-07-07 11:00:00,2025-07-07 11:15:00,7.206119999999828,1.8249999999999817,0.253256953811486,目標
2025-07-07,8.0,1,2025-07-07 11:15:00,2025-07-07 11:30:00,10.736119999999573,0.654999999999909,0.06100900511543603,目標
2025-07-09,2.0,-1,2025-07-09 04:00:00,2025-07-09 04:45:00,5.017839999999978,2.3200000000003276,0.4623503340083258,目標
2025-07-09,6.5,1,2025-07-09 09:45:00,2025-07-09 10:00:00,7.6778400000002875,0.6000000000000727,0.07814697883780468,目標
2025-07-11,2.0,-1,2025-07-11 04:00:00,2025-07-11 08:15:00,10.735139999999774,-10.805139999999774,-1.0065206415566077,停損
2025-07-11,5.0,-1,2025-07-11 08:30:00,2025-07-11 09:15:00,7.525140000000192,-7.5951400000001925,-1.0093021525180925,停損
2025-07-15,8.0,1,2025-07-15 11:30:00,2025-07-15 11:45:00,6.578419999999824,0.19499999999987266,0.029642376132852248,目標
2025-07-16,8.0,-1,2025-07-16 12:15:00,2025-07-16 13:15:00,4.459580000000187,1.5099999999999272,0.3385969082289955,目標
2025-07-17,9.0,1,2025-07-17 11:00:00,2025-07-17 14:00:00,4.940400000000409,-5.010400000000409,-1.0141688932070267,停損
2025-07-17,8.5,1,2025-07-17 11:15:00,2025-07-17 14:00:00,6.760400000000118,-6.830400000000118,-1.0103544168984082,停損
2025-07-17,9.5,1,2025-07-17 13:15:00,2025-07-17 14:00:00,4.880400000000009,-4.950400000000009,-1.0143430866322434,停損
2025-07-21,4.5,1,2025-07-21 07:15:00,2025-07-21 07:30:00,4.982800000000225,1.43,0.28698723609214405,目標
2025-07-23,5.0,-1,2025-07-23 06:45:00,2025-07-23 07:00:00,6.505719999999656,0.8300000000005456,0.12758003725960995,目標
2025-07-23,6.0,1,2025-07-23 09:00:00,2025-07-23 10:00:00,7.75572000000011,2.4299999999995454,0.31331713883424245,目標
2025-07-23,8.0,-1,2025-07-23 10:30:00,2025-07-23 10:45:00,7.355720000000019,2.974999999999618,0.4044471513325154,目標
2025-07-24,2.0,1,2025-07-24 05:15:00,2025-07-24 06:00:00,7.841960000000199,-7.9119600000001995,-1.0089263398436104,停損
2025-07-24,3.5,1,2025-07-24 06:30:00,2025-07-24 09:15:00,11.041960000000017,-11.111960000000018,-1.0063394542273292,停損
2025-07-24,5.5,1,2025-07-24 09:30:00,2025-07-24 10:45:00,5.96196000000009,-6.03196000000009,-1.0117411052741043,停損
2025-07-24,8.5,1,2025-07-24 11:15:00,2025-07-24 12:15:00,7.451959999999872,-7.521959999999872,-1.0093935018438105,停損
2025-07-25,5.0,1,2025-07-25 07:00:00,2025-07-25 08:30:00,4.905540000000201,-4.975540000000201,-1.0142695809227928,停損
2025-07-25,6.0,1,2025-07-25 09:30:00,2025-07-25 10:30:00,4.97553999999991,-5.04553999999991,-1.0140688246903857,停損
2025-07-29,4.5,1,2025-07-29 07:30:00,2025-07-29 07:45:00,5.6380999999996675,3.5650000000002184,0.6323052092017575,目標
2025-07-29,5.5,1,2025-07-29 07:45:00,2025-07-29 08:15:00,8.488100000000031,0.8599999999998362,0.10131831623093897,目標
2025-07-29,7.5,-1,2025-07-29 09:45:00,2025-07-29 10:00:00,6.248099999999795,2.9100000000000183,0.46574158544199257,目標
2025-07-29,9.0,1,2025-07-29 10:30:00,2025-07-29 11:00:00,6.508100000000013,2.4600000000002002,0.37799050414102353,目標
2025-07-30,3.0,1,2025-07-30 05:00:00,2025-07-30 05:15:00,8.277880000000096,1.1850000000005638,0.14315259462574356,目標
2025-07-30,5.5,1,2025-07-30 09:45:00,2025-07-30 10:00:00,5.017880000000332,1.7199999999999636,0.34277423932016104,目標
2025-07-30,9.0,-1,2025-07-30 10:15:00,2025-07-30 11:45:00,6.21788000000015,-6.2878800000001505,-1.0112578563754846,停損
2025-07-31,10.0,-1,2025-07-31 12:15:00,2025-07-31 13:15:00,6.584000000000287,3.4649999999998546,0.5262758201700644,目標
2025-07-31,10.5,1,2025-07-31 14:00:00,2025-07-31 14:30:00,8.273999999999887,5.855000000000182,0.7076383853033915,目標
2025-08-01,2.0,1,2025-08-01 05:00:00,2025-08-01 05:45:00,10.341179999999895,0.5250000000002546,0.05076790076183375,目標
2025-08-01,4.0,-1,2025-08-01 06:15:00,2025-08-01 08:45:00,5.431179999999586,-5.501179999999586,-1.0128885435577546,停損
2025-08-01,5.0,-1,2025-08-01 06:30:00,2025-08-01 08:45:00,6.171179999999822,-6.241179999999822,-1.0113430494654188,停損
2025-08-04,3.0,1,2025-08-04 04:45:00,2025-08-04 06:00:00,8.205720000000383,3.949999999999982,0.4813715310782963,目標
2025-08-04,7.0,1,2025-08-04 09:30:00,2025-08-04 09:45:00,7.675720000000183,0.18500000000010913,0.024101973495659654,目標
2025-08-06,5.0,1,2025-08-06 08:45:00,2025-08-06 09:00:00,4.584100000000035,1.6650000000001273,0.36321197181564857,目標
2025-08-06,9.0,1,2025-08-06 10:30:00,2025-08-06 10:45:00,6.504100000000108,1.3350000000002,0.20525514675361356,目標
2025-08-07,5.0,1,2025-08-07 09:00:00,2025-08-07 09:30:00,7.813799999999901,2.4899999999999456,0.31866697381555414,目標
2025-08-08,3.5,-1,2025-08-08 07:45:00,2025-08-08 10:00:00,5.843200000000252,-5.913200000000252,-1.0119797371303392,停損
2025-08-08,7.0,1,2025-08-08 09:45:00,2025-08-08 10:00:00,5.613200000000234,2.749999999999709,0.4899166250979111,目標
2025-08-08,7.5,-1,2025-08-08 11:15:00,2025-08-08 11:45:00,5.823199999999815,4.0850000000002,0.7015043275175727,目標
2025-08-11,9.0,1,2025-08-11 11:15:00,2025-08-11 12:00:00,8.662339999999858,-8.732339999999859,-1.008080957339472,停損
2025-08-11,9.5,1,2025-08-11 12:15:00,2025-08-11 12:45:00,9.96234000000004,-10.03234000000004,-1.0070264616545912,停損
2025-08-11,10.0,1,2025-08-11 13:00:00,2025-08-11 13:15:00,7.662339999999858,1.9450000000003274,0.2538389056085169,目標
2025-08-12,2.5,-1,2025-08-12 04:15:00,2025-08-12 04:30:00,7.193140000000312,1.1499999999997998,0.1598745471379328,目標
2025-08-12,6.0,1,2025-08-12 09:30:00,2025-08-12 10:30:00,7.463139999999839,2.8349999999997455,0.3798669192859583,目標
2025-08-12,10.5,1,2025-08-12 13:00:00,2025-08-12 14:00:00,5.293140000000221,-5.363140000000222,-1.01322466437691,停損
2025-08-13,5.5,1,2025-08-13 08:45:00,2025-08-13 09:00:00,4.527660000000196,2.1349999999999274,0.4715460083133086,目標
2025-08-13,8.5,-1,2025-08-13 10:45:00,2025-08-13 11:45:00,7.117659999999887,-7.187659999999887,-1.0098346928625421,停損
2025-08-15,7.0,1,2025-08-15 10:15:00,2025-08-15 10:30:00,5.489680000000135,0.2199999999999636,0.0400751956398111,目標
2025-08-18,3.0,-1,2025-08-18 05:15:00,2025-08-18 06:30:00,5.559360000000197,-5.629360000000197,-1.012591377424739,停損
2025-08-18,8.5,-1,2025-08-18 10:30:00,2025-08-18 10:45:00,5.7193600000000515,1.7450000000000545,0.30510406758798864,目標
2025-08-18,9.5,1,2025-08-18 11:15:00,2025-08-18 15:45:00,3.899359999999888,-3.9693599999998876,-1.0179516638627881,停損
2025-08-19,2.5,-1,2025-08-19 06:30:00,2025-08-19 13:00:00,3.9983799999999974,-4.068379999999998,-1.0175070903716006,停損
2025-08-19,6.0,1,2025-08-19 07:45:00,2025-08-19 08:15:00,3.9083800000003066,1.6200000000000545,0.4144939847199933,目標
2025-08-19,7.0,-1,2025-08-19 11:00:00,2025-08-19 13:00:00,4.728380000000016,-4.798380000000016,-1.0148042247027522,停損
2025-08-21,7.5,1,2025-08-21 09:30:00,2025-08-21 10:15:00,3.8612199999997756,1.5600000000005638,0.4040173831070632,目標
2025-08-22,6.5,1,2025-08-22 09:45:00,2025-08-22 10:00:00,4.471940000000359,2.7349999999998365,0.6115913898665047,目標
2025-08-22,9.0,-1,2025-08-22 10:30:00,2025-08-22 10:45:00,7.481940000000122,0.17499999999989085,0.02338965562406114,目標
2025-08-25,3.0,1,2025-08-25 05:30:00,2025-08-25 06:00:00,4.860339999999724,2.5899999999998546,0.5328845307118436,目標
2025-08-25,9.0,1,2025-08-25 12:30:00,2025-08-25 12:45:00,5.000340000000051,0.7400000000004001,0.14798993668438398,目標
2025-08-26,2.5,-1,2025-08-26 04:00:00,2025-08-26 18:45:00,11.245379999999841,-11.315379999999841,-1.0062247785312726,停損
2025-08-26,3.5,1,2025-08-26 06:30:00,2025-08-26 10:15:00,3.5053800000000592,-3.575380000000059,-1.0199693043264921,停損
2025-08-26,6.0,-1,2025-08-26 08:00:00,2025-08-26 08:30:00,4.535379999999805,2.4400000000002184,0.5379924063695487,目標
2025-08-27,7.5,-1,2025-08-27 09:45:00,2025-08-27 10:00:00,5.143239999999878,1.5150000000000363,0.2945614048732068,目標
2025-08-27,9.0,1,2025-08-27 10:30:00,2025-08-27 10:45:00,5.123239999999896,0.8449999999999636,0.16493468976662828,目標
2025-08-29,7.5,-1,2025-08-29 09:30:00,2025-08-29 10:15:00,4.004699999999957,1.0150000000000363,0.2534521936724467,目標
2025-09-01,2.0,1,2025-09-01 04:30:00,2025-09-01 04:45:00,10.751140000000305,0.6699999999997817,0.062318972685665205,目標
2025-09-01,8.0,-1,2025-09-01 09:45:00,2025-09-01 10:00:00,11.361139999999978,0.5450000000002364,0.04797053816784561,目標
2025-09-01,8.5,1,2025-09-01 10:45:00,2025-09-01 13:00:00,10.81114000000025,-10.88114000000025,-1.0064748028422534,停損
2025-09-02,3.5,-1,2025-09-02 05:00:00,2025-09-02 09:15:00,15.306919999999991,6.785000000000018,0.44326356967959735,目標
2025-09-03,7.5,1,2025-09-03 09:00:00,2025-09-03 09:30:00,7.016160000000127,2.500000000000164,0.3563202663565424,目標
2025-09-04,5.0,1,2025-09-04 06:15:00,2025-09-04 09:15:00,19.143240000000333,8.714999999999854,0.45525208898805547,目標
2025-09-05,8.5,1,2025-09-05 12:00:00,2025-09-05 14:00:00,5.144260000000031,5.1199999999995995,0.995284064180187,目標
2025-09-08,9.5,-1,2025-09-08 10:45:00,2025-09-08 11:15:00,4.929699999999684,-4.9996999999996845,-1.014199647037346,停損
2025-09-09,7.0,1,2025-09-09 09:30:00,2025-09-09 12:00:00,14.264040000000023,1.6349999999999272,0.11462390739229031,目標
2025-09-10,2.5,1,2025-09-10 04:30:00,2025-09-10 05:00:00,8.486339999999927,5.154999999999909,0.6074467909605263,目標
2025-09-11,2.0,-1,2025-09-11 04:30:00,2025-09-11 04:45:00,6.9629399999998896,1.0200000000001455,0.1464898448069582,目標
2025-09-11,5.5,1,2025-09-11 09:00:00,2025-09-11 09:30:00,10.772939999999835,2.8849999999999274,0.26780061895823903,目標
2025-09-11,8.0,-1,2025-09-11 09:45:00,2025-09-11 10:00:00,5.842939999999544,4.7800000000003635,0.81808130838255,目標
2025-09-12,6.0,-1,2025-09-12 08:15:00,2025-09-12 09:15:00,4.758800000000065,2.9849999999993817,0.62725897285016,目標
2025-09-12,10.5,1,2025-09-12 12:15:00,2025-09-12 13:00:00,9.648799999999937,1.2850000000000181,0.13317718265484066,目標
2025-09-16,2.5,-1,2025-09-16 04:00:00,2025-09-16 04:15:00,10.444260000000213,0.11499999999994542,0.011010832744487697,目標
2025-09-17,8.5,1,2025-09-17 09:45:00,2025-09-17 10:15:00,5.551440000000184,-5.6214400000001845,-1.0126093409998123,停損
2025-09-17,9.0,1,2025-09-17 10:30:00,2025-09-17 11:00:00,4.841440000000148,-4.911440000000148,-1.0144585082124322,停損
2025-09-17,9.5,1,2025-09-17 12:00:00,2025-09-17 13:00:00,6.641439999999875,-6.711439999999875,-1.010539882916958,停損
2025-09-18,6.0,1,2025-09-18 08:15:00,2025-09-18 08:45:00,6.999879999999848,-7.0698799999998485,-1.0100001714315106,停損
2025-09-22,2.0,-1,2025-09-22 04:15:00,2025-09-22 04:30:00,7.660620000000108,1.8950000000001455,0.24736901190766789,目標
2025-09-23,3.0,-1,2025-09-23 04:15:00,2025-09-23 04:45:00,9.103279999999813,-9.173279999999814,-1.0076895360793034,停損
2025-09-24,2.0,1,2025-09-24 03:15:00,2025-09-24 04:00:00,5.755100000000311,2.249999999999709,0.3909575854458806,目標
2025-09-24,7.5,-1,2025-09-24 11:00:00,2025-09-24 11:30:00,7.715100000000348,3.324999999999982,0.43097302692121064,目標
2025-09-25,5.5,-1,2025-09-25 09:30:00,2025-09-25 10:30:00,7.041699999999764,-7.1116999999997645,-1.0099407813454142,停損
2025-09-25,10.0,-1,2025-09-25 11:30:00,2025-09-25 14:00:00,8.551699999999983,6.3949999999996905,0.7478045300933971,目標
2025-09-26,2.5,1,2025-09-26 06:15:00,2025-09-26 06:30:00,8.987459999999828,1.7700000000001455,0.19694107122592805,目標
2025-09-26,6.0,-1,2025-09-26 09:30:00,2025-09-26 10:00:00,10.177459999999883,4.505000000000273,0.44264482493670565,目標
2025-09-29,2.5,-1,2025-09-29 04:00:00,2025-09-29 04:15:00,13.553620000000137,5.400000000000254,0.39841754453793155,目標
2025-10-01,8.0,1,2025-10-01 09:30:00,2025-10-01 10:00:00,11.519760000000588,2.169999999999782,0.18837197997177643,目標
2025-10-02,2.0,-1,2025-10-02 05:15:00,2025-10-02 07:45:00,7.1205000000004475,1.8300000000000909,0.2570044238466366,目標
2025-10-03,2.0,1,2025-10-03 04:45:00,2025-10-03 06:00:00,12.33524000000034,-12.40524000000034,-1.0056747983825203,停損
2025-10-06,10.0,-1,2025-10-06 11:15:00,2025-10-06 11:30:00,6.976539999999659,7.065000000000218,1.0126796377574792,目標
2025-10-07,2.0,1,2025-10-07 05:15:00,2025-10-07 06:00:00,8.638320000000022,2.2899999999996727,0.2650978430990826,目標
2025-10-07,4.0,-1,2025-10-07 06:15:00,2025-10-07 06:30:00,7.528319999999894,-7.5983199999998945,-1.0092982232423704,停損
2025-10-07,10.0,-1,2025-10-07 12:45:00,2025-10-07 14:30:00,8.86832000000004,-8.93832000000004,-1.0078932650152452,停損
2025-10-09,2.5,-1,2025-10-09 04:45:00,2025-10-09 05:00:00,17.848399999999856,5.135000000000382,0.2877008583402671,目標
2025-10-09,10.5,-1,2025-10-09 14:15:00,2025-10-09 15:45:00,11.898400000000038,-11.968400000000038,-1.005883143952128,停損
2025-10-10,2.5,1,2025-10-10 05:00:00,2025-10-10 05:30:00,13.445679999999811,4.080000000000091,0.30344318770044715,目標
2025-10-10,5.5,1,2025-10-10 07:30:00,2025-10-10 08:15:00,17.845679999999902,10.755000000000273,0.6026668639133018,目標
2025-10-10,9.0,1,2025-10-10 10:15:00,2025-10-10 10:45:00,13.805679999999484,4.4050000000003635,0.31907157054201807,目標
2025-10-13,2.5,-1,2025-10-13 03:45:00,2025-10-13 04:00:00,17.078700000000026,6.705000000000091,0.3925942841082799,目標
2025-10-13,9.0,-1,2025-10-13 12:15:00,2025-10-13 13:45:00,9.538700000000063,-9.608700000000063,-1.007338526214264,停損
2025-10-13,10.5,-1,2025-10-13 14:30:00,2025-10-13 16:00:00,8.788700000000063,-8.858700000000063,-1.0079647729470798,停損
2025-10-14,8.0,1,2025-10-14 09:45:00,2025-10-14 19:45:00,23.377140000000054,32.97500000000007,1.4105660487125455,目標
2025-10-14,9.0,-1,2025-10-14 11:30:00,2025-10-14 15:30:00,14.137139999999818,20.12499999999971,1.4235552594089023,目標
2025-10-15,4.5,1,2025-10-15 05:45:00,2025-10-15 06:00:00,11.018399999999929,4.645000000000145,0.42156755971830534,目標
2025-10-15,7.0,-1,2025-10-15 08:45:00,2025-10-15 09:45:00,9.248400000000402,-9.318400000000402,-1.0075688767786857,停損
2025-10-15,10.0,-1,2025-10-15 11:45:00,2025-10-15 12:15:00,10.278400000000147,5.954999999999854,0.5793703300124309,目標
2025-10-16,7.5,1,2025-10-16 09:00:00,2025-10-16 10:00:00,20.009759999999915,8.454999999999854,0.4225437986262649,目標
2025-10-17,3.5,1,2025-10-17 05:00:00,2025-10-17 05:45:00,50.59714000000076,19.909999999999783,0.39350050220228816,目標
2025-10-17,4.0,-1,2025-10-17 07:15:00,2025-10-17 08:00:00,19.73714000000018,-19.81714000000018,-1.0040532721559454,停損
2025-10-17,6.0,-1,2025-10-17 08:15:00,2025-10-17 08:30:00,21.107140000000072,6.454999999999854,0.3058206843750424,目標
2025-10-17,8.0,1,2025-10-17 11:30:00,2025-10-17 14:00:00,26.947140000001127,-27.027140000001125,-1.002968775165008,停損
2025-10-20,2.0,1,2025-10-20 03:30:00,2025-10-20 03:45:00,24.096039999999448,3.91,0.16226732691347168,目標
2025-10-21,8.5,-1,2025-10-21 10:00:00,2025-10-21 10:15:00,15.07893999999942,6.045000000000218,0.40089024825355435,目標
2025-10-22,6.0,-1,2025-10-22 10:00:00,2025-10-22 11:00:00,26.265760000000228,12.334999999999273,0.4696228093152136,目標
2025-10-23,2.0,1,2025-10-23 05:15:00,2025-10-23 06:15:00,11.807380000000194,11.745000000000054,0.9947168635209387,目標
2025-10-23,9.0,1,2025-10-23 11:00:00,2025-10-23 12:30:00,22.10737999999992,12.73500000000029,0.576051979022405,目標
2025-10-24,2.5,-1,2025-10-24 04:30:00,2025-10-24 04:45:00,21.588560000000143,6.160000000000473,0.28533630774819774,目標
2025-10-27,3.0,-1,2025-10-27 04:45:00,2025-10-27 05:45:00,18.5277200000005,10.665000000000127,0.5756239839548438,目標
2025-10-31,8.5,-1,2025-10-31 10:30:00,2025-10-31 12:00:00,15.918059999999969,5.830000000000091,0.36625066119867006,目標
2025-11-05,9.5,1,2025-11-05 13:45:00,2025-11-05 15:15:00,11.348239999999805,9.005000000000273,0.793515117762792,目標
2025-11-07,10.0,1,2025-11-07 14:00:00,2025-11-07 14:45:00,13.828959999999825,-13.898959999999825,-1.005061841237519,停損
2025-11-12,7.5,-1,2025-11-12 09:30:00,2025-11-12 10:15:00,12.62025999999969,-12.69025999999969,-1.005546636915563,停損
2025-11-12,10.5,1,2025-11-12 12:30:00,2025-11-12 12:45:00,9.190260000000308,3.4949999999996,0.38029391986728156,目標
2025-11-13,5.0,-1,2025-11-13 06:15:00,2025-11-13 10:00:00,11.361100000000079,-11.431100000000079,-1.0061613752189489,停損
2025-11-13,2.5,-1,2025-11-13 06:30:00,2025-11-13 10:00:00,13.22110000000066,-13.291100000000661,-1.0052945670178728,停損
2025-11-14,7.5,1,2025-11-14 09:30:00,2025-11-14 10:30:00,16.52461999999923,11.029999999999454,0.6674888741768323,目標
2025-11-17,6.5,-1,2025-11-17 10:15:00,2025-11-17 12:45:00,16.644599999999627,8.9900000000004,0.5401151124088654,目標
2025-11-17,10.0,1,2025-11-17 13:30:00,2025-11-17 13:45:00,17.564600000000155,3.6099999999998365,0.20552702594991087,目標
2025-11-18,3.5,1,2025-11-18 05:30:00,2025-11-18 06:15:00,15.438000000000102,-15.508000000000102,-1.0045342660966445,停損
2025-11-18,6.0,-1,2025-11-18 08:00:00,2025-11-18 08:15:00,14.378000000000156,1.0249999999997998,0.07128947002363255,目標
2025-11-18,6.5,1,2025-11-18 09:30:00,2025-11-18 09:45:00,15.468000000000302,3.074999999999982,0.19879751745538674,目標
2025-11-18,10.0,-1,2025-11-18 13:45:00,2025-11-18 15:15:00,12.688000000000102,-12.758000000000102,-1.005517023959647,停損
2025-11-19,7.5,1,2025-11-19 10:15:00,2025-11-19 11:30:00,11.502520000000004,5.195000000000327,0.4516401623296743,目標
2025-11-20,6.0,1,2025-11-20 08:45:00,2025-11-20 09:00:00,11.525299999999788,5.915000000000127,0.5132187448483108,目標
2025-11-20,9.0,1,2025-11-20 10:30:00,2025-11-20 10:45:00,17.255299999999806,11.025000000000254,0.6389341245878297,目標
2025-11-24,4.0,-1,2025-11-24 06:15:00,2025-11-24 06:30:00,12.008460000000014,4.884999999999927,0.406796541771378,目標
2025-11-26,8.5,-1,2025-11-26 10:30:00,2025-11-26 13:30:00,12.393879999999626,-12.463879999999627,-1.0056479488263563,停損
2025-11-28,4.0,1,2025-11-28 06:30:00,2025-11-28 08:45:00,11.978339999999662,2.9500000000004367,0.24627786487948414,目標
2025-11-28,3.5,1,2025-11-28 06:45:00,2025-11-28 09:45:00,14.61833999999999,-14.68833999999999,-1.0047885053980137,停損
2025-11-28,6.5,1,2025-11-28 14:00:00,2025-11-28 16:00:00,19.328340000000026,4.444999999999709,0.22997318962723665,目標
2025-12-01,6.5,-1,2025-12-01 10:30:00,2025-12-01 12:00:00,12.592540000000554,-12.662540000000554,-1.0055588467457715,停損
2025-12-03,8.5,1,2025-12-03 12:15:00,2025-12-03 13:30:00,9.717079999999441,3.3250000000004367,0.34218098441101935,目標
2025-12-05,9.0,1,2025-12-05 11:30:00,2025-12-05 12:15:00,9.244580000000497,2.5700000000003276,0.278000731239298,目標
2025-12-09,7.0,1,2025-12-09 08:15:00,2025-12-09 08:30:00,9.617499999999382,4.055,0.4216272420067856,目標
2025-12-10,2.0,-1,2025-12-10 03:30:00,2025-12-10 05:15:00,6.640720000000329,2.5400000000005822,0.38248864580955927,目標
2025-12-10,4.5,1,2025-12-10 07:30:00,2025-12-10 07:45:00,11.330719999999928,1.2300000000001818,0.10855444314220011,目標
2025-12-11,5.5,1,2025-12-11 08:00:00,2025-12-11 08:30:00,7.987299999999777,3.4599999999997455,0.43318768545063313,目標
2025-12-15,3.0,-1,2025-12-15 05:00:00,2025-12-15 07:15:00,7.698220000000219,-7.76822000000022,-1.0090930111116594,停損
2025-12-15,7.5,-1,2025-12-15 11:30:00,2025-12-15 13:00:00,6.418220000000474,7.399999999999345,1.1529676452347843,目標
2025-12-16,4.0,1,2025-12-16 05:15:00,2025-12-16 07:30:00,8.169919999999365,-8.239919999999366,-1.0085680153538843,停損
2025-12-16,5.5,1,2025-12-16 07:45:00,2025-12-16 08:00:00,13.809920000000602,3.4949999999996,0.2530789461488153,目標
2025-12-16,8.0,1,2025-12-16 10:30:00,2025-12-16 13:00:00,8.929919999999584,-8.999919999999584,-1.0078388160252278,停損
2025-12-22,6.0,-1,2025-12-22 07:45:00,2025-12-22 08:45:00,10.674599999999373,-10.744599999999373,-1.0065576227680666,停損
2025-12-23,2.5,-1,2025-12-23 05:00:00,2025-12-23 07:45:00,12.811699999999291,9.685000000000327,0.7559496397824538,目標
2025-12-23,7.0,1,2025-12-23 08:15:00,2025-12-23 08:45:00,8.031699999999546,4.045,0.5036293686268447,目標
2025-12-23,7.5,-1,2025-12-23 11:00:00,2025-12-23 15:15:00,13.2516999999998,-13.3316999999998,-1.006036961295532,停損
2025-12-24,6.0,1,2025-12-24 08:30:00,2025-12-24 08:45:00,10.557940000000599,1.6999999999997453,0.16101625885349308,目標
2025-12-26,2.5,1,2025-12-26 04:45:00,2025-12-26 08:15:00,17.87888000000021,8.999999999999927,0.5033872367843971,目標
2025-12-26,4.5,-1,2025-12-26 08:45:00,2025-12-26 12:15:00,9.098880000000463,-9.178880000000463,-1.0087922909193214,停損
2025-12-26,9.0,-1,2025-12-26 12:30:00,2025-12-26 12:45:00,9.878879999999299,3.7200000000010913,0.376560905689851,目標
2025-12-26,10.0,1,2025-12-26 13:45:00,2025-12-26 14:30:00,8.188879999999699,4.660000000000691,0.5690643897579233,目標
2025-12-29,9.5,1,2025-12-29 11:00:00,2025-12-29 13:30:00,16.376239999999598,-16.456239999999596,-1.004885126256088,停損
2025-12-29,10.0,1,2025-12-29 14:00:00,2025-12-29 15:30:00,12.48624000000018,-12.56624000000018,-1.0064070528838145,停損
2025-12-30,3.0,-1,2025-12-30 05:45:00,2025-12-30 07:15:00,11.65806000000066,-11.73806000000066,-1.0068622052039529,停損
2025-12-30,8.5,-1,2025-12-30 10:00:00,2025-12-30 10:15:00,14.728060000000369,4.425000000000109,0.30044690203597746,目標
2025-12-30,6.5,1,2025-12-30 10:30:00,2025-12-30 11:00:00,10.748060000000805,8.255000000000036,0.7680455821794275,目標
2025-12-30,7.5,1,2025-12-30 10:45:00,2025-12-30 11:00:00,16.59806000000117,7.024999999999563,0.42324223433335395,目標
2025-12-31,3.5,1,2025-12-31 05:00:00,2025-12-31 05:15:00,17.479820000000473,-17.55982000000047,-1.0045767061674546,停損
2025-12-31,4.5,1,2025-12-31 07:15:00,2025-12-31 07:30:00,14.939820000000509,-15.019820000000509,-1.0053548168585698,停損
2025-12-31,9.5,1,2025-12-31 11:15:00,2025-12-31 11:30:00,22.069820000000618,3.6050000000004,0.16334523797658065,目標
2025-12-31,10.5,-1,2025-12-31 11:45:00,2025-12-31 12:30:00,13.299820000000182,10.310000000000327,0.7751984613325734,目標
2026-01-02,5.0,-1,2026-01-02 08:00:00,2026-01-02 10:00:00,8.450479999999516,-8.530479999999516,-1.0094669178555544,停損
2026-01-05,2.0,-1,2026-01-05 03:15:00,2026-01-05 08:15:00,26.610099999999875,-26.690099999999873,-1.0030063772778004,停損
2026-01-05,3.5,-1,2026-01-05 07:30:00,2026-01-05 08:00:00,14.580100000001039,-14.660100000001039,-1.0054869308166607,停損
2026-01-05,10.5,1,2026-01-05 13:30:00,2026-01-05 14:30:00,15.08010000000013,-15.16010000000013,-1.0053050046087226,停損
2026-01-08,8.5,1,2026-01-08 10:45:00,2026-01-08 11:00:00,13.66975999999977,1.2600000000001454,0.0921742590945391,目標
2026-01-08,10.5,1,2026-01-08 14:15:00,2026-01-08 14:30:00,14.779759999999442,7.1350000000001454,0.48275479439452434,目標
2026-01-12,6.5,-1,2026-01-12 08:00:00,2026-01-12 09:15:00,14.258340000000317,-14.338340000000317,-1.0056107513216825,停損
2026-01-13,2.0,1,2026-01-13 04:00:00,2026-01-13 04:45:00,11.929119999999784,5.304999999999309,0.4447100875839462,目標
2026-01-13,4.0,-1,2026-01-13 07:30:00,2026-01-13 08:15:00,9.839119999999639,8.434999999999418,0.8572921155550219,目標
2026-01-13,7.5,1,2026-01-13 09:00:00,2026-01-13 10:15:00,13.089119999999639,7.525000000000473,0.5749049592333695,目標
2026-01-14,9.0,1,2026-01-14 10:30:00,2026-01-14 10:45:00,12.175379999999677,3.1100000000005092,0.2554335059768641,目標
2026-01-15,4.0,1,2026-01-15 05:30:00,2026-01-15 08:00:00,17.056540000000496,8.404999999999891,0.4927728601462927,目標
2026-01-19,4.0,-1,2026-01-19 07:30:00,2026-01-19 08:30:00,11.535440000000563,-11.625440000000562,-1.007802043095018,停損
2026-01-19,5.0,-1,2026-01-19 09:00:00,2026-01-19 09:15:00,10.915439999999762,5.560000000000546,0.5093702132026439,目標
2026-01-20,2.0,-1,2026-01-20 04:00:00,2026-01-20 05:30:00,11.459539999999834,-11.539539999999834,-1.006981083010313,停損
2026-01-21,2.5,-1,2026-01-21 04:15:00,2026-01-21 05:00:00,20.794560000000274,-20.884560000000274,-1.0043280550297768,停損
2026-01-21,6.0,-1,2026-01-21 08:30:00,2026-01-21 08:45:00,28.14455999999973,7.290000000001019,0.2590198603211807,目標
2026-01-21,8.0,1,2026-01-21 09:15:00,2026-01-21 10:15:00,18.084560000000238,17.755000000000255,0.9817767200307899,目標
2026-01-21,9.0,-1,2026-01-21 10:45:00,2026-01-21 11:15:00,16.554559999999583,-16.644559999999583,-1.0054365685345912,停損
2026-01-21,9.5,-1,2026-01-21 11:30:00,2026-01-21 15:30:00,12.434559999999692,-12.524559999999692,-1.0072378918112102,停損
2026-01-22,2.0,-1,2026-01-22 03:45:00,2026-01-22 04:00:00,8.385839999999916,9.4600000000004,1.1280921171880807,目標
2026-01-22,3.5,1,2026-01-22 04:45:00,2026-01-22 05:15:00,16.2458400000005,6.454999999999382,0.3973324863472239,目標
2026-01-22,4.5,-1,2026-01-22 07:15:00,2026-01-22 07:45:00,7.755839999999807,-7.855839999999807,-1.0128935099228455,停損
2026-01-22,8.5,1,2026-01-22 11:45:00,2026-01-22 12:45:00,10.745840000000499,6.554999999999746,0.6100034990284093,目標
2026-01-23,5.5,-1,2026-01-23 08:00:00,2026-01-23 09:30:00,16.48910000000069,3.9950000000002546,0.24228126459297886,目標
2026-01-26,2.5,-1,2026-01-26 03:45:00,2026-01-26 04:15:00,16.720720000000256,-16.820720000000257,-1.0059806037060606,停損
2026-01-26,7.5,-1,2026-01-26 08:45:00,2026-01-26 15:00:00,34.980719999999565,10.309999999999855,0.29473378478201656,目標
2026-01-27,3.5,-1,2026-01-27 05:00:00,2026-01-27 07:00:00,15.657360000000153,5.9749999999998185,0.3816096711067357,目標
2026-01-27,7.5,-1,2026-01-27 09:45:00,2026-01-27 10:30:00,16.727359999999862,12.054999999999746,0.7206755877795328,目標
2026-01-27,10.0,-1,2026-01-27 12:15:00,2026-01-27 13:45:00,13.217359999999644,7.355000000000837,0.5564651337332898,目標
2026-01-28,4.0,-1,2026-01-28 05:30:00,2026-01-28 07:00:00,16.200999999999112,-16.300999999999114,-1.006172458490217,停損
2026-01-28,9.0,-1,2026-01-28 10:30:00,2026-01-28 11:15:00,23.501000000000204,12.199999999999273,0.5191268456661065,目標
2026-01-28,10.0,1,2026-01-28 12:00:00,2026-01-28 13:00:00,21.320999999999003,-21.420999999999005,-1.0046902115285403,停損
2026-01-29,2.0,-1,2026-01-29 04:00:00,2026-01-29 06:30:00,32.51866000000064,-32.61866000000064,-1.003075157463438,停損
2026-01-29,3.0,-1,2026-01-29 07:15:00,2026-01-29 07:45:00,23.06865999999991,-23.16865999999991,-1.0043348855113388,停損
2026-01-29,10.5,-1,2026-01-29 14:30:00,2026-01-29 15:30:00,15.7486600000002,27.410000000001126,1.740465538020427,目標
2026-01-30,7.5,1,2026-01-30 09:45:00,2026-01-30 10:30:00,66.73764000000028,-66.83764000000028,-1.0014984047982516,停損
2026-01-30,10.5,1,2026-01-30 12:00:00,2026-01-30 12:30:00,99.6876400000001,45.62999999999956,0.4577297646929902,目標
2026-02-02,3.5,-1,2026-02-02 04:45:00,2026-02-02 05:00:00,66.28849999999966,2.3949999999998908,0.03612994712506548,目標
2026-02-02,4.5,1,2026-02-02 06:15:00,2026-02-02 07:30:00,72.32849999999962,-72.42849999999962,-1.0013825808636982,停損
2026-02-02,7.0,1,2026-02-02 08:45:00,2026-02-02 09:45:00,105.71849999999995,93.37000000000026,0.8831945212994916,目標
2026-02-02,10.5,-1,2026-02-02 12:15:00,2026-02-02 13:00:00,55.988499999999476,-56.08849999999948,-1.0017860810702197,停損
2026-02-03,5.5,-1,2026-02-03 07:30:00,2026-02-03 08:00:00,26.62379999999939,-26.723799999999393,-1.0037560378308132,停損
2026-02-05,2.5,1,2026-02-05 04:15:00,2026-02-05 04:45:00,47.87105999999949,-47.97105999999949,-1.0020889447611983,停損
2026-02-17,9.0,-1,2026-02-17 12:30:00,2026-02-17 12:45:00,21.39157999999952,8.684999999999855,0.40600086576120364,目標
2026-02-23,2.0,-1,2026-02-23 05:00:00,2026-02-23 08:30:00,20.78132000000005,10.064999999999054,0.4843291956429635,目標
2026-02-23,9.0,-1,2026-02-23 13:00:00,2026-02-23 16:30:00,12.591319999999541,-12.691319999999541,-1.0079419790776505,停損
2026-02-24,5.0,1,2026-02-24 07:00:00,2026-02-24 07:45:00,11.265400000000227,9.314999999999964,0.8268681094324015,目標
2026-02-24,6.0,-1,2026-02-24 08:15:00,2026-02-24 08:30:00,19.36540000000059,0.7299999999999273,0.03769609716297649,目標
2026-02-25,4.0,-1,2026-02-25 08:00:00,2026-02-25 11:00:00,21.425720000000183,11.545000000000437,0.5388383680921965,目標
2026-03-02,4.5,-1,2026-03-02 06:00:00,2026-03-02 07:15:00,13.347400000000562,11.96999999999971,0.89680387191507,目標
2026-03-02,10.0,1,2026-03-02 14:00:00,2026-03-02 15:00:00,18.557400000000598,12.414999999999418,0.6690053563537467,目標
2026-03-03,2.5,1,2026-03-03 04:00:00,2026-03-03 04:30:00,19.412639999999556,13.135000000000582,0.6766210056953038,目標
2026-03-03,7.0,1,2026-03-03 08:15:00,2026-03-03 11:15:00,39.69264000000021,-39.79264000000021,-1.0025193587526555,停損
2026-03-03,8.5,-1,2026-03-03 10:00:00,2026-03-03 10:30:00,18.472639999999956,14.434999999999855,0.7814259358705572,目標
2026-03-04,3.0,-1,2026-03-04 04:15:00,2026-03-04 04:45:00,15.842840000000251,19.059999999999853,1.2030671268534903,目標
2026-03-04,8.0,-1,2026-03-04 10:00:00,2026-03-04 10:45:00,21.582840000000033,-21.682840000000034,-1.0046333105374456,停損
2026-03-04,7.5,-1,2026-03-04 10:45:00,2026-03-04 11:30:00,17.42284000000018,-17.52284000000018,-1.0057395923971064,停損
2026-03-05,7.0,1,2026-03-05 08:30:00,2026-03-05 08:45:00,32.882299999999304,11.665000000000328,0.3547501239268717,目標
2026-03-05,9.0,1,2026-03-05 10:30:00,2026-03-05 10:45:00,26.482299999999668,4.504999999999564,0.1701136230614267,目標
2026-03-05,10.0,-1,2026-03-05 11:15:00,2026-03-05 11:30:00,13.792300000000068,15.65,1.134691095756322,目標
2026-03-05,8.0,-1,2026-03-05 11:30:00,2026-03-05 15:15:00,20.872299999999996,17.63499999999967,0.8448996996018491,目標
2026-03-09,2.0,1,2026-03-09 03:15:00,2026-03-09 04:00:00,20.448139999999512,-20.548139999999513,-1.004890420351191,停損
2026-03-09,3.0,-1,2026-03-09 05:15:00,2026-03-09 05:45:00,20.438140000000203,-20.538140000000205,-1.0048928131424875,停損
2026-03-09,10.0,-1,2026-03-09 12:30:00,2026-03-09 12:45:00,32.70813999999973,4.525,0.1383447667767118,目標
2026-03-13,9.0,1,2026-03-13 11:45:00,2026-03-13 12:00:00,29.036080000000766,9.174999999999637,0.31598617995264494,目標
2026-03-16,3.0,1,2026-03-16 04:30:00,2026-03-16 04:45:00,24.345179999999345,9.820000000000073,0.4033652657322861,目標
2026-03-17,5.5,-1,2026-03-17 08:30:00,2026-03-17 08:45:00,15.158839999999145,5.500000000000364,0.3628245960773169,目標
2026-03-18,2.0,-1,2026-03-18 03:15:00,2026-03-18 03:30:00,11.803259999999682,1.4099999999993087,0.11945852247593858,目標
2026-03-19,3.5,-1,2026-03-19 04:45:00,2026-03-19 05:00:00,19.739300000000185,6.634999999999673,0.336131473760448,目標
2026-03-19,10.5,1,2026-03-19 11:45:00,2026-03-19 13:15:00,24.659300000000258,-24.75930000000026,-1.0040552651535122,停損
2026-03-20,10.0,-1,2026-03-20 11:30:00,2026-03-20 11:45:00,30.340860000000248,19.25999999999967,0.6347875439258978,目標
2026-03-23,2.5,1,2026-03-23 04:00:00,2026-03-23 04:30:00,91.24369999999999,41.01000000000058,0.4494556884475376,目標
2026-03-23,5.0,1,2026-03-23 07:00:00,2026-03-23 08:30:00,32.013700000000426,-32.11370000000043,-1.0031236626819142,停損
2026-03-23,9.0,1,2026-03-23 10:30:00,2026-03-23 11:00:00,119.45370000000048,21.64999999999909,0.18124176982378112,目標
2026-03-23,10.0,-1,2026-03-23 11:15:00,2026-03-23 11:30:00,32.513700000000426,-32.61370000000043,-1.0030756265820255,停損
2026-03-23,9.5,-1,2026-03-23 12:30:00,2026-03-23 14:00:00,85.83370000000104,-85.93370000000104,-1.001165043566804,停損
2026-03-24,3.5,1,2026-03-24 05:15:00,2026-03-24 05:30:00,49.641639999999825,5.854999999999928,0.11794533782526016,目標
2026-03-25,6.5,1,2026-03-25 08:30:00,2026-03-25 09:00:00,21.145940000000337,-21.24594000000034,-1.0047290401845461,停損
2026-03-25,8.0,1,2026-03-25 09:15:00,2026-03-25 10:15:00,20.925940000000082,10.979999999999928,0.5247076117010698,目標
2026-03-26,8.0,1,2026-03-26 09:15:00,2026-03-26 19:15:00,28.471340000000964,-28.571340000000966,-1.003512303951974,停損
2026-03-26,9.5,1,2026-03-26 12:00:00,2026-03-26 13:15:00,22.12133999999969,14.599999999999818,0.659996184679591,目標
2026-03-27,2.0,1,2026-03-27 04:00:00,2026-03-27 04:15:00,22.424259999999776,8.260000000000582,0.36835106264379136,目標
2026-03-30,2.0,1,2026-03-30 03:15:00,2026-03-30 04:30:00,33.40639999999985,18.83000000000029,0.5636644475310233,目標
2026-04-01,6.5,-1,2026-04-01 08:45:00,2026-04-01 09:15:00,23.90448000000015,-24.00448000000015,-1.004183316265403,停損
2026-04-06,2.5,-1,2026-04-06 04:30:00,2026-04-06 05:15:00,19.66136000000006,-19.76136000000006,-1.0050861181525592,停損
2026-04-07,2.0,1,2026-04-07 04:15:00,2026-04-07 04:30:00,30.916119999999864,1.4450000000000727,0.046739370917181035,目標
2026-04-08,2.5,1,2026-04-08 04:45:00,2026-04-08 08:45:00,25.343699999999444,20.540000000000326,0.8104578258107844,目標
2026-04-08,5.5,-1,2026-04-08 09:45:00,2026-04-08 10:30:00,22.573699999999917,11.739999999999236,0.5200742456929648,目標
2026-04-09,2.0,-1,2026-04-09 05:45:00,2026-04-09 06:00:00,17.03414000000066,6.299999999999382,0.3698454985105874,目標
2026-04-13,9.5,1,2026-04-13 13:45:00,2026-04-13 14:30:00,16.44836000000032,-16.57836000000032,-1.0079035235123743,停損
2026-04-14,7.0,1,2026-04-14 09:15:00,2026-04-14 09:45:00,11.24199999999928,4.050000000000291,0.3602561821740394,目標
2026-04-14,6.5,-1,2026-04-14 10:15:00,2026-04-14 13:30:00,26.561999999999898,1.1699999999992725,0.04404788796021674,目標
2026-04-15,2.0,-1,2026-04-15 04:30:00,2026-04-15 05:15:00,30.46100000000024,4.549999999999382,0.14937132727091512,目標
2026-04-15,4.0,1,2026-04-15 06:30:00,2026-04-15 08:30:00,14.221000000000458,-14.35100000000046,-1.0091414105899723,停損
2026-04-16,2.0,-1,2026-04-16 04:15:00,2026-04-16 04:30:00,16.252000000000407,6.429999999999491,0.3956436130937318,目標
2026-04-16,5.5,-1,2026-04-16 08:30:00,2026-04-16 09:15:00,15.502000000000407,5.334999999999236,0.3441491420461293,目標
2026-04-16,7.0,1,2026-04-16 09:30:00,2026-04-16 09:45:00,12.061999999999898,3.825000000000837,0.31711159011779716,目標
2026-04-16,7.5,1,2026-04-16 09:45:00,2026-04-16 11:00:00,13.972000000000662,-14.102000000000663,-1.009304322931577,停損
2026-04-17,5.5,-1,2026-04-17 08:30:00,2026-04-17 09:00:00,12.140000000000327,5.019999999999636,0.41350906095547785,目標
2026-04-20,5.5,1,2026-04-20 08:45:00,2026-04-20 09:45:00,13.34060000000045,4.409999999999964,0.3305698394374927,目標
2026-04-21,5.5,1,2026-04-21 08:30:00,2026-04-21 08:45:00,12.489840000000186,-12.619840000000186,-1.0104084599962848,停損
2026-04-21,8.0,1,2026-04-21 11:15:00,2026-04-21 11:30:00,14.479839999999967,2.7799999999998546,0.19199107172453983,目標
2026-04-22,10.5,1,2026-04-22 13:15:00,2026-04-22 14:00:00,11.006579999999303,5.600000000000473,0.508786562220129,目標
2026-04-23,2.5,-1,2026-04-23 04:00:00,2026-04-23 05:00:00,18.61377999999968,18.415000000000074,0.9893208150091165,目標
2026-04-24,2.0,-1,2026-04-24 04:15:00,2026-04-24 04:30:00,14.587260000000242,4.425000000000291,0.3033468931108527,目標
2026-04-24,3.5,1,2026-04-24 04:45:00,2026-04-24 05:15:00,11.177260000000388,-11.307260000000388,-1.0116307574486052,停損
2026-04-24,5.0,1,2026-04-24 07:45:00,2026-04-24 08:30:00,18.587260000000242,12.345000000000363,0.664164594458796,目標
2026-04-24,6.5,-1,2026-04-24 09:15:00,2026-04-24 09:45:00,18.47726000000057,2.595000000000364,0.14044290116609734,目標
2026-04-24,8.5,-1,2026-04-24 11:00:00,2026-04-24 11:15:00,9.707260000001042,-9.837260000001043,-1.0133920385361046,停損
2026-04-29,2.5,1,2026-04-29 04:30:00,2026-04-29 05:00:00,16.17891999999938,8.654999999999854,0.5349553616681574,目標
2026-04-29,10.0,1,2026-04-29 13:00:00,2026-04-29 15:45:00,18.338920000000144,-18.468920000000143,-1.0070887489557727,停損
2026-05-01,3.5,-1,2026-05-01 05:30:00,2026-05-01 05:45:00,13.713840000000346,4.709999999999236,0.3434486620814533,目標
2026-05-04,2.0,1,2026-05-04 03:45:00,2026-05-04 04:00:00,13.060480000000098,-13.190480000000099,-1.0099536923604646,停損
2026-05-06,8.0,-1,2026-05-06 10:00:00,2026-05-06 10:45:00,13.45071999999982,-13.58071999999982,-1.009664910131205,停損
2026-05-07,4.5,1,2026-05-07 08:30:00,2026-05-07 09:15:00,10.960559999999532,7.850000000000473,0.7162042815331341,目標
2026-05-08,3.5,-1,2026-05-08 07:00:00,2026-05-08 09:15:00,18.200839999999516,-18.330839999999515,-1.0071425274877424,停損
2026-05-11,2.0,1,2026-05-11 03:30:00,2026-05-11 03:45:00,15.200800000000527,-15.330800000000528,-1.0085521814641332,停損
2026-05-11,3.0,-1,2026-05-11 04:45:00,2026-05-11 05:00:00,21.890800000000127,3.7350000000006913,0.17061962102804237,目標
2026-05-13,4.5,1,2026-05-13 06:15:00,2026-05-13 06:30:00,15.173260000000482,3.7299999999996727,0.24582719863757388,目標
2026-05-13,6.0,-1,2026-05-13 09:45:00,2026-05-13 10:00:00,14.423260000000482,3.9199999999992725,0.27178321683164147,目標
2026-05-13,9.0,1,2026-05-13 12:45:00,2026-05-13 13:00:00,17.07326000000012,6.245,0.3657766589391807,目標
2026-05-14,2.5,1,2026-05-14 06:15:00,2026-05-14 06:30:00,12.017820000000938,-12.147820000000939,-1.0108172696878461,停損
2026-05-14,7.5,1,2026-05-14 09:30:00,2026-05-14 10:15:00,14.94782000000123,3.8249999999999273,0.25589015655792036,目標
2026-05-15,2.5,1,2026-05-15 03:45:00,2026-05-15 04:00:00,18.591679999999542,-18.72167999999954,-1.0069923750839087,停損
2026-05-15,9.0,-1,2026-05-15 10:30:00,2026-05-15 10:45:00,12.991680000000088,9.17500000000029,0.7062212123451492,目標
2026-05-15,10.5,1,2026-05-15 12:15:00,2026-05-15 12:45:00,16.03167999999914,-16.16167999999914,-1.0081089442903055,停損
2026-05-18,2.5,1,2026-05-18 03:45:00,2026-05-18 04:45:00,37.85905999999977,13.210000000000145,0.34892572610097095,目標
2026-05-18,4.5,-1,2026-05-18 08:30:00,2026-05-18 10:30:00,14.299060000000281,-14.429060000000282,-1.0090915067144273,停損
2026-05-19,10.0,1,2026-05-19 13:45:00,2026-05-19 16:00:00,21.2526799999996,-21.3826799999996,-1.006116875612864,停損
2026-05-20,2.5,1,2026-05-20 04:45:00,2026-05-20 06:00:00,27.395440000000235,-27.525440000000234,-1.004745315278747,停損
2026-05-21,8.0,1,2026-05-21 10:45:00,2026-05-21 11:00:00,9.650439999999435,9.61499999999989,0.9963276285848576,目標
2026-05-22,5.0,1,2026-05-22 09:00:00,2026-05-22 09:15:00,16.175680000000284,2.2699999999996363,0.14033413123897087,目標
2026-05-22,6.5,1,2026-05-22 09:15:00,2026-05-22 09:30:00,19.805680000000393,2.009999999999418,0.10148603834856355,目標
2026-05-22,10.0,-1,2026-05-22 13:15:00,2026-05-22 13:30:00,14.025680000000648,2.9249999999993817,0.2085460384094922,目標
2026-05-26,9.5,1,2026-05-26 12:45:00,2026-05-26 13:00:00,12.512219999999616,5.2400000000008005,0.4187905903189811,目標
2026-05-27,4.0,1,2026-05-27 06:00:00,2026-05-27 07:00:00,12.957060000000638,-13.087060000000639,-1.0100331402339724,停損
2026-05-27,10.5,-1,2026-05-27 12:00:00,2026-05-27 13:00:00,8.75705999999991,7.269999999999636,0.8301873003039503,目標
2026-05-28,7.0,-1,2026-05-28 09:00:00,2026-05-28 12:15:00,21.76680000000033,-21.89680000000033,-1.0059723983314037,停損
2026-05-28,10.5,-1,2026-05-28 13:30:00,2026-05-28 13:45:00,15.326799999999821,0.06499999999970896,0.004240937442891518,目標
2026-05-29,7.0,-1,2026-05-29 10:15:00,2026-05-29 12:00:00,12.118080000000191,-12.248080000000192,-1.0107277720562993,停損
2026-06-02,2.0,-1,2026-06-02 03:30:00,2026-06-02 03:45:00,12.022259999999733,3.165000000000073,0.2632616496399299,目標
2026-06-02,7.0,-1,2026-06-02 08:45:00,2026-06-02 09:15:00,13.202260000000024,-13.332260000000025,-1.0098467989571482,停損
2026-06-02,8.5,-1,2026-06-02 10:30:00,2026-06-02 12:30:00,11.622260000000097,6.699999999999927,0.5764799617286028,目標
2026-06-03,2.0,-1,2026-06-03 03:45:00,2026-06-03 04:00:00,12.470680000000357,10.62,0.8515975071126591,目標
2026-06-03,3.0,1,2026-06-03 04:45:00,2026-06-03 06:00:00,14.360679999999775,9.394999999999635,0.6542169312316536,目標
2026-06-03,4.5,-1,2026-06-03 07:15:00,2026-06-03 07:30:00,12.990679999999884,3.835000000001055,0.29521164404027267,目標
2026-06-03,10.5,1,2026-06-03 12:00:00,2026-06-03 13:00:00,13.150679999999738,5.830000000000946,0.4433230829129035,目標
2026-06-04,4.5,-1,2026-06-04 06:15:00,2026-06-04 06:30:00,9.80315999999948,6.345000000000364,0.6472402776248374,目標
2026-06-04,5.5,-1,2026-06-04 08:00:00,2026-06-04 08:45:00,8.743159999999989,9.394999999999635,1.0745542801458108,目標
2026-06-05,2.0,1,2026-06-05 03:30:00,2026-06-05 04:00:00,14.391880000000128,4.034999999999964,0.2803664288473728,目標
2026-06-05,6.0,-1,2026-06-05 08:30:00,2026-06-05 08:45:00,8.171879999999874,4.050000000000291,0.49560199121871024,目標
2026-06-08,9.0,1,2026-06-08 12:30:00,2026-06-08 12:45:00,23.023040000000037,7.689999999999709,0.3340132319624036,目標
2026-06-09,5.5,-1,2026-06-09 09:00:00,2026-06-09 09:30:00,12.258719999999812,4.5800000000000365,0.37361160055863146,目標
2026-06-09,8.5,1,2026-06-09 11:15:00,2026-06-09 14:45:00,15.33871999999974,7.2249999999995635,0.47103017722467627,目標
2026-06-10,2.0,1,2026-06-10 03:45:00,2026-06-10 04:00:00,21.17717999999968,-21.30717999999968,-1.0061386832430004,停損
2026-06-11,4.0,1,2026-06-11 05:45:00,2026-06-11 08:30:00,17.729080000000067,24.115000000000347,1.3601946632312707,目標
2026-06-11,5.5,-1,2026-06-11 09:00:00,2026-06-11 10:15:00,24.29907999999932,-24.42907999999932,-1.0053499967900021,停損
2026-06-12,5.0,1,2026-06-12 09:00:00,2026-06-12 10:45:00,14.691279999999097,8.284999999999963,0.563939969832477,目標
2026-06-17,5.5,1,2026-06-17 08:30:00,2026-06-17 11:45:00,11.026200000000244,-11.156200000000245,-1.0117900999437701,停損
2026-06-19,10.5,1,2026-06-19 14:45:00,2026-06-19 15:45:00,13.335579999999936,11.685000000000509,0.8762273556906085,目標
2026-06-22,3.0,-1,2026-06-22 04:30:00,2026-06-22 18:45:00,22.699059999999918,30.144999999999637,1.3280285615351362,目標
2026-06-25,3.0,1,2026-06-25 05:15:00,2026-06-25 06:45:00,25.214860000000044,10.945000000000272,0.43406943365936806,目標
2026-06-25,5.0,-1,2026-06-25 08:30:00,2026-06-25 09:15:00,19.244860000000244,5.634999999999873,0.2928054555865723,目標
2026-06-25,7.0,1,2026-06-25 10:15:00,2026-06-25 11:00:00,14.004860000000008,5.344999999999909,0.3816532260943634,目標
2026-06-25,9.5,-1,2026-06-25 11:45:00,2026-06-25 13:45:00,15.264860000000226,7.389999999999982,0.4841184262416997,目標
2026-07-01,7.5,1,2026-07-01 10:30:00,2026-07-01 10:45:00,13.154759999999897,5.174999999999836,0.3933937221203486,目標
2026-07-02,2.5,-1,2026-07-02 04:30:00,2026-07-02 06:45:00,23.029259999999795,-23.159259999999794,-1.0056449925008446,停損
2026-07-03,8.0,1,2026-07-03 09:30:00,2026-07-03 10:00:00,12.879240000000209,4.314999999999709,0.33503529711377683,目標
2026-07-06,3.0,-1,2026-07-06 04:45:00,2026-07-06 05:00:00,18.98476000000028,6.220000000000364,0.32763121577519405,目標
2026-07-06,9.0,1,2026-07-06 13:00:00,2026-07-06 13:30:00,14.024760000000242,4.095000000000364,0.2919836061365965,目標
2026-07-07,7.5,-1,2026-07-07 11:30:00,2026-07-07 11:45:00,10.004579999999805,4.3499999999995635,0.4348008612055327,目標
2026-07-09,2.0,-1,2026-07-09 03:30:00,2026-07-09 03:45:00,14.73891999999978,2.0350000000004185,0.1380698178699965,目標
2026-07-09,2.5,1,2026-07-09 04:30:00,2026-07-09 05:15:00,12.998919999999998,7.345000000000364,0.5650469423613935,目標
2026-07-13,6.5,-1,2026-07-13 08:15:00,2026-07-13 08:30:00,16.871720000000096,1.6449999999996363,0.09750043267667001,目標
2026-07-14,4.0,-1,2026-07-14 05:30:00,2026-07-14 07:30:00,10.23295999999982,-10.362959999999822,-1.012704046531991,停損
2026-07-15,5.5,1,2026-07-15 08:45:00,2026-07-15 10:15:00,14.651080000000093,-14.781080000000093,-1.0088730660128808,停損
2026-07-15,7.5,1,2026-07-15 11:15:00,2026-07-15 11:45:00,11.061079999999947,3.8600000000002366,0.3489713481866377,目標
2026-07-17,4.0,-1,2026-07-17 06:45:00,2026-07-17 07:00:00,19.046100000000024,3.569999999999818,0.18743994833587,目標
2026-07-17,6.5,1,2026-07-17 08:30:00,2026-07-17 09:00:00,13.13610000000017,6.489999999999891,0.49405835826461486,目標
2026-07-20,2.5,-1,2026-07-20 04:15:00,2026-07-20 05:45:00,19.425740000000133,-19.55574000000013,-1.006692151753292,停損
2026-07-22,6.0,1,2026-07-22 08:30:00,2026-07-22 09:15:00,11.201219999999921,-11.331219999999922,-1.0116058786453619,停損
2026-07-27,2.0,-1,2026-07-27 03:15:00,2026-07-27 06:00:00,23.417439999999715,4.365000000000346,0.18639953812203208,目標
2026-07-27,3.0,1,2026-07-27 06:45:00,2026-07-27 10:15:00,7.587440000000242,12.30499999999949,1.6217591176996584,目標
2026-07-28,3.5,1,2026-07-28 06:15:00,2026-07-28 08:30:00,9.017480000000432,-9.147480000000433,-1.0144164445055597,停損
2026-07-29,2.5,1,2026-07-29 04:15:00,2026-07-29 04:30:00,9.51965999999993,5.005000000000218,0.5257540710487827,目標
2026-07-29,4.0,-1,2026-07-29 05:45:00,2026-07-29 08:30:00,9.789659999999913,-9.919659999999913,-1.0132793171570822,停損
2026-07-30,2.5,1,2026-07-30 04:00:00,2026-07-30 04:15:00,12.372919999999795,7.850000000000018,0.6344500732244408,目標
2026-07-31,6.0,-1,2026-07-31 09:30:00,2026-07-31 10:00:00,11.031460000000152,2.2300000000001274,0.20214912622627437,目標
2026-08-03,3.0,1,2026-08-03 04:45:00,2026-08-03 06:15:00,10.794580000000224,10.58499999999969,0.980584700840558,目標
2026-08-05,8.0,-1,2026-08-05 10:00:00,2026-08-05 12:45:00,14.832339999999931,12.324999999999926,0.8309545223477875,目標
2026-08-06,2.0,-1,2026-08-06 04:15:00,2026-08-06 06:15:00,28.55825999999979,10.389999999999526,0.36381768357034366,目標
2026-08-06,5.5,1,2026-08-06 07:45:00,2026-08-06 08:30:00,11.0682599999991,-11.1982599999991,-1.0117452969120722,停損
2026-08-07,2.0,1,2026-08-07 04:00:00,2026-08-07 04:15:00,16.267880000000332,2.4749999999995635,0.15214029117497258,目標
2026-08-07,3.0,-1,2026-08-07 05:30:00,2026-08-07 06:45:00,13.667879999999968,-13.797879999999969,-1.0095113506995965,停損
2026-08-07,8.5,-1,2026-08-07 10:00:00,2026-08-07 11:15:00,9.327879999999823,-9.457879999999824,-1.01393671445173,停損
2026-08-10,8.0,-1,2026-08-10 10:00:00,2026-08-10 10:45:00,10.661840000000666,-10.791840000000667,-1.0121930173403457,停損
2026-08-11,9.5,-1,2026-08-11 11:45:00,2026-08-11 13:15:00,9.548839999999473,-9.668839999999472,-1.0125669714855423,停損
2026-08-12,7.5,1,2026-08-12 09:30:00,2026-08-12 09:45:00,11.314099999999598,4.0650000000004,0.35928620040485276,目標
2026-08-13,8.0,1,2026-08-13 09:45:00,2026-08-13 11:00:00,13.96082000000024,-14.080820000000239,-1.008595483646376,停損
2026-08-17,6.0,-1,2026-08-17 10:00:00,2026-08-17 10:30:00,10.010020000000623,-10.130020000000622,-1.0119879880359872,停損
2026-08-18,6.5,-1,2026-08-18 10:45:00,2026-08-18 11:00:00,9.922480000000178,1.9850000000004728,0.2000507937532187,目標
2026-08-18,9.5,1,2026-08-18 11:30:00,2026-08-18 13:45:00,11.762480000000323,2.4750000000002546,0.21041481048215907,目標
2026-08-19,2.0,-1,2026-08-19 03:45:00,2026-08-19 04:00:00,11.068880000000718,5.284999999999745,0.4774647480141986,目標
2026-08-19,9.5,-1,2026-08-19 11:45:00,2026-08-19 13:15:00,9.478880000000572,-9.598880000000571,-1.0126597235116377,停損
2026-08-20,6.0,1,2026-08-20 09:00:00,2026-08-20 09:15:00,16.903620000000956,1.6100000000004728,0.09524587041121262,目標
2026-08-24,2.5,-1,2026-08-24 05:30:00,2026-08-24 09:15:00,20.97537999999986,-21.09537999999986,-1.0057209928973874,停損
2026-08-24,7.0,-1,2026-08-24 09:15:00,2026-08-24 10:30:00,19.41537999999946,4.785000000000655,0.24645409979103103,目標
2026-08-24,9.0,1,2026-08-24 11:30:00,2026-08-24 13:00:00,18.615380000000187,4.089999999999127,0.21971079827535542,目標
2026-08-25,2.0,-1,2026-08-25 03:15:00,2026-08-25 03:30:00,11.284139999999752,-11.404139999999751,-1.0106343948231769,停損
2026-08-25,6.0,-1,2026-08-25 08:30:00,2026-08-25 09:00:00,10.894139999999425,-11.014139999999424,-1.011015096189328,停損
2026-08-26,2.5,1,2026-08-26 04:00:00,2026-08-26 04:45:00,16.46027999999933,7.945000000000509,0.48267708690258204,目標
2026-08-26,4.0,-1,2026-08-26 05:45:00,2026-08-26 06:30:00,14.380280000000312,12.984999999999564,0.9029726820339578,目標
2026-08-26,3.0,-1,2026-08-26 06:00:00,2026-08-26 06:15:00,24.550280000000384,1.9850000000004728,0.08085447497952943,目標
2026-08-26,10.5,1,2026-08-26 12:45:00,2026-08-26 13:15:00,9.070279999999002,-9.190279999999001,-1.0132300215649366,停損
2026-08-28,6.0,1,2026-08-28 09:00:00,2026-08-28 09:15:00,12.22783999999956,2.3450000000001454,0.1917754893750842,目標
2026-08-31,4.5,1,2026-08-31 05:45:00,2026-08-31 08:15:00,28.637659999999414,13.189999999999491,0.4605823241144619,目標
2026-08-31,7.5,-1,2026-08-31 11:00:00,2026-08-31 13:00:00,12.937659999999596,-13.057659999999595,-1.0092752476104645,停損
2026-09-01,3.5,1,2026-09-01 05:45:00,2026-09-01 07:45:00,17.555600000000595,-17.675600000000596,-1.0068354257330991,停損
2026-09-03,5.5,-1,2026-09-03 08:00:00,2026-09-03 09:15:00,12.759819999999308,9.144999999999419,0.7167029001976449,目標
2026-09-07,3.0,1,2026-09-07 04:30:00,2026-09-07 09:00:00,22.852179999999862,-22.972179999999863,-1.005251140153806,停損
2026-09-07,7.5,-1,2026-09-07 11:45:00,2026-09-07 13:00:00,15.122180000000299,7.784999999999745,0.5148067276014167,目標
2026-09-08,2.5,-1,2026-09-08 05:00:00,2026-09-08 07:00:00,14.667959999999766,-14.787959999999766,-1.0081810967578315,停損
2026-09-10,5.0,-1,2026-09-10 09:00:00,2026-09-10 09:15:00,20.683539999999994,1.6800000000001818,0.08122400710904334,目標
2026-09-11,3.0,1,2026-09-11 07:00:00,2026-09-11 07:15:00,22.979699999999866,1.6000000000002546,0.06962667049614503,目標
2026-09-11,8.0,-1,2026-09-11 09:15:00,2026-09-11 13:45:00,11.609699999999975,11.354999999999455,0.9780614486161985,目標
2026-09-14,5.0,1,2026-09-14 08:00:00,2026-09-14 10:00:00,10.726779999999962,-10.846779999999962,-1.0111869545194363,停損
2026-09-14,7.0,-1,2026-09-14 09:00:00,2026-09-14 09:15:00,10.956780000000435,2.899999999999527,0.26467630088396515,目標
2026-09-21,4.0,1,2026-09-21 06:30:00,2026-09-21 07:00:00,10.006839999999102,-10.1268399999991,-1.0119917976104356,停損
2026-09-21,7.5,1,2026-09-21 09:45:00,2026-09-21 10:30:00,8.856839999999465,-8.976839999999465,-1.013548850380046,停損
2026-09-21,8.0,1,2026-09-21 11:00:00,2026-09-21 11:30:00,9.026839999999538,4.895000000000327,0.5422717141325843,目標
2026-09-22,3.0,1,2026-09-22 05:15:00,2026-09-22 07:00:00,13.630039999999099,-13.750039999999098,-1.0088040827466396,停損
2026-09-22,10.0,-1,2026-09-22 12:00:00,2026-09-22 12:45:00,19.020039999999426,-19.140039999999427,-1.0063091349965618,停損
2026-09-22,10.5,-1,2026-09-22 12:15:00,2026-09-22 12:45:00,22.830039999999826,-22.950039999999827,-1.0052562325777792,停損
2026-09-24,3.0,1,2026-09-24 05:15:00,2026-09-24 05:30:00,14.228219999999965,5.409999999999745,0.3802302747637975,目標
2026-09-24,7.0,1,2026-09-24 10:00:00,2026-09-24 10:15:00,11.628219999999601,1.7750000000004365,0.15264589077266316,目標
2026-09-25,7.0,1,2026-09-25 08:15:00,2026-09-25 08:30:00,9.543919999999162,3.8550000000003637,0.4039220781398736,目標
2026-09-28,3.5,1,2026-09-28 04:45:00,2026-09-28 05:45:00,11.807279999999992,-11.92727999999999,-1.010163221334634,停損
2026-10-01,2.5,-1,2026-10-01 05:00:00,2026-10-01 06:00:00,12.074540000000525,-12.194540000000524,-1.0099382667993972,停損
2026-10-02,9.5,1,2026-10-02 13:30:00,2026-10-02 14:00:00,17.174420000000282,2.219999999999236,0.12926200710121213,目標
2026-10-05,3.0,1,2026-10-05 06:15:00,2026-10-05 07:15:00,8.624259999999595,-8.744259999999594,-1.013914237279489,停損
2026-10-06,4.0,1,2026-10-06 05:45:00,2026-10-06 10:15:00,27.627340000000913,10.174999999999164,0.3682945951365143,目標
2026-10-08,3.5,-1,2026-10-08 05:45:00,2026-10-08 08:45:00,11.586600000000544,12.919999999999964,1.115081214506357,目標
2026-10-09,7.5,-1,2026-10-09 09:00:00,2026-10-09 12:15:00,17.064179999999396,7.220000000000145,0.42310852323407283,目標
