day,h,i,side,lvl,ibh,ibl,rng,atr,ib_atr,aligned,t_in,spread,tail,ext_letter,exit_time,exit_px,exit_reason,risk,pnl,R,ow,mfe_R,mae_R,R_old,hold_h
2025-05-29,3.0,40,-1,3247.77,3269.14,3253.97,15.170000000000073,69.05299999999988,0.219686327893069,True,2025-05-29 04:20:00,0.07,0.0434448901568361,0.0,2025-05-29 05:45:00,3269.14,停損,21.36999999999989,-21.43999999999989,-1.0032756200280768,True,-0.0,1.0,-1.0032756200280768,1.4166666666666667
2025-05-29,6.5,86,-1,3268.66,3280.2,3272.45,7.75,69.05299999999988,0.1122326329051599,True,2025-05-29 08:10:00,0.07,0.0434448901568361,0.0,2025-05-29 10:20:00,3280.2,停損,11.539999999999964,-11.609999999999964,-1.0060658578856152,True,0.22097053726167548,1.0,-1.0060658578856152,2.1666666666666665
2025-06-02,7.0,93,1,3322.58,3318.2,3308.66,9.539999999999964,61.00199999999991,0.1563883151372082,False,2025-06-02 08:45:00,0.07,0.0655716206026032,0.0,2025-06-03 00:00:00,3381.58,收盤,13.920000000000073,58.93,4.233477011494231,True,4.327586206896546,0.002873563218388176,4.233477011494231,15.25
2025-06-02,7.5,95,1,3323.43,3319.9,3312.91,6.9900000000002365,61.00199999999991,0.1145864070030531,False,2025-06-02 08:55:00,0.07,0.0655716206026032,0.0,2025-06-03 00:00:00,3381.58,收盤,10.519999999999982,58.08000000000009,5.520912547528535,True,5.645437262357455,0.04657794676804017,5.520912547528535,15.083333333333334
2025-06-02,8.0,100,1,3333.87,3325.74,3313.88,11.859999999999673,61.00199999999991,0.1944198550867134,False,2025-06-02 09:20:00,0.07,0.0655716206026032,0.0,2025-06-03 00:00:00,3381.58,收盤,19.98999999999978,47.640000000000036,2.3831915957979266,True,2.4487243621811308,0.12156078039018824,2.3831915957979266,14.666666666666666
2025-06-02,8.5,105,1,3345.12,3338.02,3316.57,21.449999999999815,61.00199999999991,0.3516278154814571,False,2025-06-02 09:45:00,0.07,0.0655716206026032,0.0,2025-06-03 00:00:00,3381.58,收盤,28.549999999999727,36.390000000000036,1.2746059544658628,True,1.3204903677758542,0.18073555166374444,1.2746059544658628,14.25
2025-06-02,9.0,110,1,3348.63,3345.46,3323.78,21.67999999999984,61.00199999999991,0.3553981836661071,False,2025-06-02 10:10:00,0.07,0.0655716206026032,0.0,2025-06-03 00:00:00,3381.58,收盤,24.84999999999991,32.87999999999982,1.3231388329979854,True,1.3758551307847156,0.1649899396378239,1.3231388329979854,13.833333333333334
2025-06-05,2.0,37,1,3383.09,3379.14,3372.52,6.619999999999891,62.47799999999997,0.1059572969685312,True,2025-06-05 04:05:00,0.07,0.0,0.0,2025-06-05 04:40:00,3372.52,停損,10.570000000000164,-10.640000000000164,-1.0066225165562914,True,0.10217596972563013,1.0,-1.0066225165562914,0.5833333333333334
2025-06-09,2.0,28,-1,3307.05,3318.54,3313.44,5.099999999999909,61.20399999999999,0.0833278870662033,True,2025-06-09 03:20:00,0.07,0.049016404156591,0.0,2025-06-09 09:25:00,3318.54,停損,11.489999999999782,-11.559999999999782,-1.0060922541340298,True,1.1975630983464298,1.0,-1.0060922541340298,6.083333333333333
2025-06-09,2.5,48,-1,3295.98,3318.68,3304.64,14.039999999999964,61.20399999999999,0.2293967714528456,True,2025-06-09 05:00:00,0.07,0.049016404156591,0.0,2025-06-09 09:25:00,3318.68,停損,22.699999999999815,-22.76999999999982,-1.0030837004405289,True,0.11850220264317515,1.0,-1.0030837004405286,4.416666666666667
2025-06-09,10.0,137,-1,3316.93,3328.61,3321.56,7.050000000000182,61.20399999999999,0.115188549767992,True,2025-06-09 12:25:00,0.07,0.0163388013855303,0.8222222222222222,2025-06-09 18:25:00,3328.61,停損,11.680000000000293,-11.750000000000291,-1.0059931506849313,True,0.5291095890410686,1.0,-1.0059931506849311,6.0
2025-06-12,2.5,42,1,3375.47,3370.2,3357.5,12.699999999999818,60.15700000000002,0.2111142510431008,True,2025-06-12 04:30:00,0.07,0.0166231693734727,0.0,2025-06-12 10:40:00,3357.5,停損,17.9699999999998,-18.0399999999998,-1.0038953811908737,True,0.1324429604897126,1.0,-1.0038953811908735,6.166666666666667
2025-06-12,2.0,57,1,3377.19,3373.61,3357.5,16.110000000000127,60.15700000000002,0.267799258606648,True,2025-06-12 05:45:00,0.07,0.0166231693734727,0.0,2025-06-12 10:40:00,3357.5,停損,19.69000000000005,-19.760000000000055,-1.0035551041137636,True,0.03351955307261822,1.0,-1.0035551041137634,4.916666666666667
2025-06-13,3.0,39,1,3425.5,3419.91,3391.82,28.08999999999969,57.61999999999998,0.4875043387712547,True,2025-06-13 04:15:00,0.07,0.0347101700798334,0.1666666666666666,2025-06-14 00:00:00,3434.0,收盤,33.67999999999984,8.43,0.2502969121140154,True,0.630938242280288,0.5210807600950198,0.2502969121140154,19.75
2025-06-13,3.5,53,1,3434.29,3430.4,3403.54,26.860000000000127,57.61999999999998,0.4661575841721648,True,2025-06-13 05:25:00,0.07,0.0347101700798334,0.1176470588235294,2025-06-14 00:00:00,3434.0,收盤,30.75,-0.3599999999999636,-0.011707317073169549,True,0.4052032520325215,0.8565853658536633,-0.0117073170731695,18.583333333333332
2025-06-13,4.0,55,1,3437.07,3433.37,3413.9,19.4699999999998,57.61999999999998,0.3379035057271747,True,2025-06-13 05:35:00,0.07,0.0347101700798334,0.1111111111111111,2025-06-13 09:50:00,3413.9,停損,23.170000000000076,-23.240000000000073,-1.0030211480362536,True,0.3241260250323582,1.0,-1.003021148036254,4.25
2025-06-13,4.5,59,1,3442.87,3436.09,3422.82,13.269999999999982,57.61999999999998,0.2303019784796943,True,2025-06-13 05:55:00,0.07,0.0347101700798334,0.1052631578947368,2025-06-13 07:05:00,3422.82,停損,20.049999999999727,-20.119999999999727,-1.003491271820449,True,0.085286783042397,1.0,-1.003491271820449,1.1666666666666667
2025-06-13,10.0,123,1,3422.61,3419.03,3407.95,11.080000000000382,57.61999999999998,0.1922943422422836,True,2025-06-13 11:15:00,0.07,0.0347101700798334,0.05,2025-06-14 00:00:00,3434.0,收盤,14.66000000000031,11.319999999999872,0.7721691678035221,True,1.6466575716234217,0.7510231923601628,0.7721691678035221,12.75
2025-06-17,2.0,60,-1,3390.06,3402.88,3393.1,9.7800000000002,56.64999999999996,0.1726390114739666,True,2025-06-17 06:00:00,0.07,0.0176522506619594,0.5263157894736842,2025-06-18 00:00:00,3388.49,收盤,12.820000000000164,1.5000000000001636,0.11700468018721875,True,1.8642745709828226,0.7886115444617783,0.1170046801872187,18.0
2025-06-17,3.0,61,-1,3388.48,3403.32,3391.61,11.710000000000036,56.64999999999996,0.2067078552515453,True,2025-06-17 06:05:00,0.07,0.0176522506619594,0.5,2025-06-18 00:00:00,3388.49,收盤,14.840000000000146,-0.07999999999976354,-0.005390835579498838,True,1.5040431266846324,0.7877358490565998,-0.0053908355794988,17.916666666666668
2025-06-17,4.5,62,-1,3385.46,3401.42,3390.08,11.340000000000146,56.64999999999996,0.2001765225066223,True,2025-06-17 06:10:00,0.07,0.0176522506619594,0.5,2025-06-18 00:00:00,3388.49,收盤,15.960000000000036,-3.099999999999745,-0.19423558897241466,True,1.2092731829574022,0.9216791979949877,-0.1942355889724146,17.833333333333332
2025-06-17,8.0,103,-1,3386.93,3395.5,3390.74,4.760000000000218,56.64999999999996,0.0840247131509306,True,2025-06-17 09:35:00,0.07,0.0176522506619594,0.2941176470588235,2025-06-17 13:25:00,3395.5,停損,8.570000000000164,-8.640000000000164,-1.0081680280046674,True,1.3197199533255226,1.0,-1.0081680280046674,3.8333333333333335
2025-06-17,7.0,105,-1,3381.95,3396.33,3387.13,9.199999999999818,56.64999999999996,0.1624007060900233,True,2025-06-17 09:45:00,0.07,0.0176522506619594,0.2941176470588235,2025-06-17 13:25:00,3396.33,停損,14.38000000000011,-14.45000000000011,-1.0048678720445063,True,0.44019471488177186,1.0,-1.0048678720445063,3.6666666666666665
2025-06-17,10.5,131,-1,3381.36,3391.89,3384.39,7.5,56.64999999999996,0.1323918799646956,True,2025-06-17 11:55:00,0.07,0.0176522506619594,0.2325581395348837,2025-06-17 13:15:00,3391.89,停損,10.529999999999744,-10.599999999999746,-1.0066476733143404,True,0.5451092117759141,1.0,-1.00664767331434,1.3333333333333333
2025-06-17,10.0,132,-1,3378.91,3391.89,3383.17,8.7199999999998,56.64999999999996,0.1539276257722825,True,2025-06-17 12:00:00,0.07,0.0176522506619594,0.2325581395348837,2025-06-17 13:15:00,3391.89,停損,12.980000000000018,-13.050000000000018,-1.005392912172573,True,0.25346687211093677,1.0,-1.005392912172573,1.25
2025-06-17,9.0,134,-1,3378.17,3392.65,3381.07,11.579999999999927,56.64999999999996,0.2044130626654887,True,2025-06-17 12:10:00,0.07,0.0176522506619594,0.2272727272727272,2025-06-17 13:20:00,3392.65,停損,14.480000000000018,-14.550000000000018,-1.0048342541436464,True,0.04834254143648287,1.0,-1.0048342541436464,1.1666666666666667
2025-06-19,8.0,98,-1,3355.01,3375.34,3360.24,15.100000000000364,54.11499999999997,0.2790353876004873,True,2025-06-19 09:10:00,0.07,0.0923958237087684,0.375,2025-06-19 13:25:00,3375.34,停損,20.329999999999927,-20.399999999999928,-1.0034431874077718,True,0.36743728480080085,1.0,-1.0034431874077718,4.25
2025-06-20,5.0,62,-1,3348.87,3360.58,3351.69,8.889999999999873,51.748000000000005,0.1717940789982197,False,2025-06-20 06:10:00,0.07,0.0,0.0,2025-06-20 16:35:00,3360.58,停損,11.710000000000036,-11.780000000000037,-1.0059777967549104,True,0.7267292912040766,1.0,-1.0059777967549104,10.416666666666666
2025-06-20,7.0,90,-1,3349.26,3357.88,3352.57,5.309999999999945,51.748000000000005,0.102612661358892,False,2025-06-20 08:30:00,0.07,0.0,0.0,2025-06-20 12:45:00,3357.88,停損,8.61999999999989,-8.689999999999891,-1.0081206496519723,True,1.0324825986079122,1.0,-1.0081206496519723,4.25
2025-06-20,6.5,94,-1,3347.37,3357.3,3350.88,6.420000000000073,51.748000000000005,0.1240627657107535,False,2025-06-20 08:50:00,0.07,0.0,0.0,2025-06-20 12:35:00,3357.3,停損,9.930000000000293,-10.000000000000291,-1.007049345417925,True,0.7059415911379212,1.0,-1.0070493454179252,3.75
2025-06-20,7.5,95,-1,3346.07,3357.88,3349.24,8.640000000000327,51.748000000000005,0.1669629744144764,False,2025-06-20 08:55:00,0.07,0.0,0.0,2025-06-20 12:45:00,3357.88,停損,11.809999999999944,-11.879999999999946,-1.0059271803556311,True,0.48348856900931947,1.0,-1.005927180355631,3.8333333333333335
2025-06-20,6.0,105,-1,3340.99,3356.29,3344.73,11.559999999999944,51.748000000000005,0.2233902759526927,False,2025-06-20 09:45:00,0.07,0.0,0.0,2025-06-20 12:30:00,3356.29,停損,15.300000000000182,-15.370000000000182,-1.0045751633986928,True,0.008496732026121102,1.0,-1.0045751633986928,2.75
2025-06-24,2.0,25,-1,3335.89,3357.33,3341.52,15.809999999999944,48.80099999999997,0.3239687711317381,True,2025-06-24 03:05:00,0.07,0.1639310669863323,0.0,2025-06-24 06:40:00,3357.33,停損,21.44000000000005,-21.510000000000055,-1.0032649253731345,True,0.050373134328354684,1.0,-1.0032649253731345,3.5833333333333335
2025-06-24,3.5,46,-1,3343.59,3355.28,3346.84,8.440000000000055,48.80099999999997,0.1729472756705817,True,2025-06-24 04:50:00,0.07,0.1639310669863323,0.0,2025-06-24 06:35:00,3355.28,停損,11.690000000000056,-11.760000000000055,-1.0059880239520957,True,0.018819503849465666,1.0,-1.0059880239520955,1.75
2025-06-24,6.0,77,-1,3348.97,3357.93,3351.61,6.319999999999709,48.80099999999997,0.1295055429191965,True,2025-06-24 07:25:00,0.07,0.1639310669863323,0.0,2025-06-25 00:00:00,3322.98,收盤,8.960000000000036,25.91999999999978,2.892857142857107,True,5.976562499999945,0.07477678571429353,2.892857142857107,16.583333333333332
2025-06-24,5.5,87,-1,3341.8,3354.83,3347.13,7.699999999999818,48.80099999999997,0.1577836519743411,True,2025-06-24 08:15:00,0.07,0.1639310669863323,0.0,2025-06-25 00:00:00,3322.98,收盤,13.029999999999744,18.750000000000163,1.4389869531849986,True,3.5594781273983895,0.14428242517265474,1.4389869531849984,15.75
2025-06-24,7.5,92,-1,3333.55,3349.6,3337.81,11.789999999999964,48.80099999999997,0.2415934099711065,True,2025-06-24 08:40:00,0.07,0.1639310669863323,0.0,2025-06-25 00:00:00,3322.98,收盤,16.049999999999727,10.500000000000163,0.6542056074766568,True,2.3757009345794864,0.1626168224298889,0.6542056074766568,15.333333333333334
2025-06-24,8.0,101,-1,3324.01,3348.83,3326.71,22.11999999999989,48.80099999999997,0.4532694002172067,True,2025-06-24 09:25:00,0.07,0.1639310669863323,0.0,2025-06-25 00:00:00,3322.98,收盤,24.81999999999971,0.9600000000002,0.03867848509267572,True,1.1518936341660146,0.33843674456082734,0.0386784850926757,14.583333333333334
2025-06-24,8.5,103,-1,3319.17,3339.69,3322.01,17.679999999999836,48.80099999999997,0.3622876580397911,True,2025-06-24 09:35:00,0.07,0.1639310669863323,0.0,2025-06-25 00:00:00,3322.98,收盤,20.519999999999985,-3.8799999999999453,-0.1890838206627655,True,1.1574074074074083,0.6452241715399509,-0.1890838206627655,14.416666666666666
2025-06-24,10.5,143,-1,3318.88,3332.41,3321.85,10.559999999999944,48.80099999999997,0.2163890084219575,True,2025-06-24 12:55:00,0.07,0.1639310669863323,0.0,2025-06-25 00:00:00,3322.98,收盤,13.529999999999744,-4.169999999999909,-0.30820399113081953,True,1.7339246119734277,0.7450110864745098,-0.3082039911308195,11.083333333333334
2025-06-27,2.0,32,-1,3313.92,3323.7,3316.31,7.389999999999873,47.52500000000005,0.1554971067858993,True,2025-06-27 03:40:00,0.07,0.0841662283008941,0.0,2025-06-28 00:00:00,3275.03,收盤,9.779999999999744,38.81999999999987,3.9693251533743243,True,5.936605316973564,0.8323108384458164,3.969325153374324,20.333333333333332
2025-06-27,4.0,56,-1,3311.65,3322.06,3314.84,7.2199999999998,47.52500000000005,0.1519200420831097,True,2025-06-27 05:40:00,0.07,0.0841662283008941,0.0,2025-06-28 00:00:00,3275.03,收盤,10.409999999999854,36.54999999999989,3.5110470701249183,True,5.3592699327570354,0.12103746397692422,3.5110470701249183,18.333333333333332
2025-06-27,2.5,58,-1,3311.02,3322.02,3313.62,8.400000000000091,47.52500000000005,0.1767490794318797,True,2025-06-27 05:50:00,0.07,0.0841662283008941,0.0,2025-06-28 00:00:00,3275.03,收盤,11.0,35.91999999999978,3.2654545454545256,True,5.014545454545441,0.11272727272729423,3.2654545454545256,18.166666666666668
2025-06-27,3.0,60,-1,3308.88,3320.0,3313.22,6.7800000000002,47.52500000000005,0.1426617569700198,True,2025-06-27 06:00:00,0.07,0.0841662283008941,0.0,2025-06-28 00:00:00,3275.03,收盤,11.11999999999989,33.77999999999991,3.0377697841726836,True,4.767985611510836,0.19874100719424984,3.037769784172684,18.0
2025-06-27,5.0,63,-1,3304.98,3320.4,3308.59,11.809999999999944,47.52500000000005,0.2485007890583889,True,2025-06-27 06:15:00,0.07,0.0841662283008941,0.0,2025-06-28 00:00:00,3275.03,收盤,15.420000000000073,29.879999999999818,1.9377431906614577,True,3.185473411154323,0.0,1.9377431906614575,17.75
2025-06-27,5.5,71,-1,3296.26,3314.1,3299.47,14.63000000000011,47.52500000000005,0.3078379800105227,True,2025-06-27 06:55:00,0.07,0.0841662283008941,0.0,2025-06-28 00:00:00,3275.03,收盤,17.83999999999969,21.160000000000018,1.1860986547085417,True,2.2645739910314346,0.2673766816143534,1.1860986547085417,17.083333333333332
2025-06-27,6.0,104,-1,3287.58,3311.09,3292.63,18.46000000000004,47.52500000000005,0.3884271436086274,True,2025-06-27 09:40:00,0.07,0.0841662283008941,0.0,2025-06-28 00:00:00,3275.03,收盤,23.51000000000022,12.479999999999727,0.5308379413015573,True,1.3492131008081456,0.35389196086771957,0.5308379413015573,14.333333333333334
2025-06-27,7.5,112,-1,3286.75,3299.59,3289.19,10.400000000000093,47.52500000000005,0.2188321935823267,True,2025-06-27 10:20:00,0.07,0.0841662283008941,0.0,2025-06-28 00:00:00,3275.03,收盤,12.840000000000146,11.6499999999998,0.9073208722741174,True,2.4057632398753523,0.339563862928355,0.9073208722741174,13.666666666666666
2025-06-27,9.0,113,-1,3284.37,3299.99,3286.92,13.069999999999707,47.52500000000005,0.2750131509731656,True,2025-06-27 10:25:00,0.07,0.0841662283008941,0.0,2025-06-28 00:00:00,3275.03,收盤,15.61999999999989,9.26999999999969,0.5934699103713031,True,1.8252240717029427,0.4314980793854215,0.5934699103713031,13.583333333333334
2025-07-01,2.0,37,1,3316.05,3312.54,3308.64,3.900000000000091,47.360000000000085,0.0823479729729747,True,2025-07-01 04:05:00,0.07,0.0422297297297296,0.0,2025-07-02 00:00:00,3338.9,收盤,7.410000000000309,22.77999999999991,3.0742240215923022,True,5.669365721997033,0.21052631578951891,3.0742240215923022,19.916666666666668
2025-07-01,3.0,38,1,3318.15,3314.91,3310.02,4.889999999999873,47.360000000000085,0.1032516891891863,True,2025-07-01 04:10:00,0.07,0.0422297297297296,0.0,2025-07-02 00:00:00,3338.9,收盤,8.13000000000011,20.68,2.5436654366543325,True,4.908979089790814,0.45018450184505043,2.5436654366543325,19.833333333333332
2025-07-01,5.0,76,1,3322.96,3319.41,3314.49,4.920000000000073,47.360000000000085,0.1038851351351364,True,2025-07-01 07:20:00,0.07,0.0422297297297296,0.0,2025-07-02 00:00:00,3338.9,收盤,8.470000000000255,15.870000000000054,1.873671782762642,True,4.144037780401281,0.10743801652890521,1.873671782762642,16.666666666666668
2025-07-01,4.5,85,1,3324.52,3321.08,3314.49,6.5900000000001455,47.360000000000085,0.1391469594594623,True,2025-07-01 08:05:00,0.07,0.0422297297297296,0.0,2025-07-02 00:00:00,3338.9,收盤,10.0300000000002,14.310000000000109,1.4267198404785466,True,3.3439680957127913,0.04985044865403689,1.4267198404785466,15.916666666666666
2025-07-01,6.0,87,1,3328.41,3322.68,3315.91,6.769999999999982,47.360000000000085,0.1429476351351345,True,2025-07-01 08:15:00,0.07,0.0422297297297296,0.0,2025-07-02 00:00:00,3338.9,收盤,12.5,10.420000000000236,0.8336000000000189,True,2.3720000000000074,0.26479999999999565,0.8336000000000189,15.75
2025-07-01,7.5,106,1,3333.34,3330.11,3322.05,8.059999999999945,47.360000000000085,0.1701858108108093,True,2025-07-01 09:50:00,0.07,0.0422297297297296,0.0,2025-07-02 00:00:00,3338.9,收盤,11.289999999999964,5.489999999999945,0.48627103631532,True,2.1895482728077837,0.23472099202835248,0.48627103631532,14.166666666666666
2025-07-01,8.0,111,1,3336.29,3332.35,3322.91,9.440000000000056,47.360000000000085,0.1993243243243251,True,2025-07-01 10:15:00,0.07,0.0422297297297296,0.0,2025-07-02 00:00:00,3338.9,收盤,13.38000000000011,2.5400000000001275,0.18983557548580768,True,1.627055306427489,0.20328849028398938,0.1898355754858076,13.75
2025-07-01,9.0,112,1,3337.62,3334.55,3325.1,9.450000000000273,47.360000000000085,0.1995354729729783,True,2025-07-01 10:20:00,0.07,0.0422297297297296,0.0,2025-07-02 00:00:00,3338.9,收盤,12.519999999999982,1.2100000000002,0.0966453674121567,True,1.6325878594249268,0.32348242811499467,0.0966453674121567,13.666666666666666
2025-07-01,9.5,121,1,3341.67,3338.86,3327.4,11.460000000000036,47.360000000000085,0.2419763513513516,True,2025-07-01 11:05:00,0.07,0.0422297297297296,0.0,2025-07-02 00:00:00,3338.9,收盤,14.269999999999982,-2.8399999999999817,-0.19901892081289316,True,1.1485634197617305,0.3398738612473662,-0.1990189208128931,12.916666666666666
2025-07-01,10.0,137,1,3342.86,3339.9,3330.83,9.070000000000164,47.360000000000085,0.1915118243243274,True,2025-07-01 12:25:00,0.07,0.0422297297297296,0.0,2025-07-02 00:00:00,3338.9,收盤,12.0300000000002,-4.030000000000037,-0.33499584372402075,True,1.2635078969243196,0.49293433083958377,-0.3349958437240207,11.583333333333334
2025-07-01,10.5,140,1,3344.67,3342.17,3333.57,8.599999999999909,47.360000000000085,0.1815878378378355,True,2025-07-01 12:40:00,0.07,0.0422297297297296,0.0,2025-07-02 00:00:00,3338.9,收盤,11.099999999999907,-5.839999999999982,-0.5261261261261289,True,1.2063063063063046,0.6972972972973243,-0.5261261261261289,11.333333333333334
2025-07-03,7.5,95,1,3360.11,3354.15,3348.75,5.400000000000091,48.70600000000009,0.1108692974171576,True,2025-07-03 08:55:00,0.07,0.0,0.4193548387096774,2025-07-03 12:40:00,3348.75,停損,11.360000000000127,-11.430000000000128,-1.0061619718309858,True,0.3213028169014129,1.0,-1.0061619718309858,3.75
2025-07-03,8.0,97,1,3363.61,3360.44,3350.2,10.240000000000236,48.70600000000009,0.2102410380651299,True,2025-07-03 09:05:00,0.07,0.0,0.40625,2025-07-03 12:30:00,3350.2,停損,13.41000000000031,-13.48000000000031,-1.0052199850857568,True,0.011185682326628449,1.0,-1.0052199850857568,3.4166666666666665
2025-07-07,4.5,57,-1,3309.6,3320.0,3312.09,7.9099999999998545,48.80600000000013,0.1620702372659065,False,2025-07-07 05:45:00,0.07,0.0819571364176533,0.0,2025-07-07 17:55:00,3320.0,停損,10.400000000000093,-10.470000000000091,-1.006730769230769,True,1.2740384615384504,1.0,-1.0067307692307692,12.166666666666666
2025-07-07,8.0,118,-1,3304.17,3315.27,3307.12,8.150000000000091,48.80600000000013,0.1669876654509705,False,2025-07-07 10:50:00,0.07,0.0819571364176533,0.0,2025-07-07 16:55:00,3315.27,停損,11.099999999999907,-11.16999999999991,-1.0063063063063065,True,0.7045045045045251,1.0,-1.0063063063063065,6.083333333333333
2025-07-07,7.0,119,-1,3302.15,3312.36,3305.31,7.050000000000182,48.80600000000013,0.1444494529361177,False,2025-07-07 10:55:00,0.07,0.0819571364176533,0.0,2025-07-07 11:40:00,3312.36,停損,10.210000000000036,-10.280000000000037,-1.0068560235063664,True,0.1410381978452546,1.0,-1.0068560235063664,0.75
2025-07-08,7.0,89,1,3335.4,3332.81,3327.42,5.389999999999873,48.47400000000016,0.1111936295746143,True,2025-07-08 08:25:00,0.07,0.0412592317531046,0.9310344827586208,2025-07-08 11:10:00,3327.42,停損,7.980000000000018,-8.050000000000018,-1.0087719298245614,True,0.521303258145344,1.0,-1.0087719298245614,2.75
2025-07-08,6.5,90,1,3335.75,3333.17,3329.53,3.6399999999998727,48.47400000000016,0.0750918017906477,True,2025-07-08 08:30:00,0.07,0.0412592317531046,0.9310344827586208,2025-07-08 11:10:00,3329.53,停損,6.2199999999998,-6.2899999999998,-1.011254019292605,True,0.612540192926056,1.0,-1.011254019292605,2.6666666666666665
2025-07-08,9.0,110,1,3338.85,3336.07,3330.8,5.269999999999982,48.47400000000016,0.1087180756694303,True,2025-07-08 10:10:00,0.07,0.0412592317531046,0.75,2025-07-08 10:40:00,3330.8,停損,8.049999999999727,-8.119999999999727,-1.0086956521739134,True,0.06956521739129992,1.0,-1.0086956521739134,0.5
2025-07-09,7.5,96,-1,3289.43,3297.91,3291.91,6.0,46.89200000000019,0.1279535954960329,True,2025-07-09 09:00:00,0.07,0.0213255992493388,0.2580645161290322,2025-07-09 16:05:00,3297.91,停損,8.480000000000018,-8.550000000000018,-1.008254716981132,True,0.7936320754716986,1.0,-1.008254716981132,7.083333333333333
2025-07-09,7.0,99,-1,3288.01,3296.43,3291.23,5.199999999999818,46.89200000000019,0.1108931160965579,True,2025-07-09 09:15:00,0.07,0.0213255992493388,0.25,2025-07-09 15:55:00,3296.43,停損,8.419999999999618,-8.489999999999618,-1.0083135391923994,True,0.6306413301663469,1.0,-1.0083135391923994,6.666666666666667
2025-07-09,6.5,101,-1,3287.23,3296.15,3289.95,6.200000000000273,46.89200000000019,0.1322187153459065,True,2025-07-09 09:25:00,0.07,0.0213255992493388,0.2424242424242424,2025-07-09 15:55:00,3296.15,停損,8.920000000000073,-8.990000000000073,-1.007847533632287,True,0.5078475336323053,1.0,-1.007847533632287,6.5
2025-07-09,8.0,125,-1,3286.49,3297.91,3289.03,8.879999999999654,46.89200000000019,0.1893713213341213,True,2025-07-09 11:25:00,0.07,0.0213255992493388,0.1951219512195122,2025-07-09 16:05:00,3297.91,停損,11.420000000000073,-11.490000000000073,-1.0061295971978985,True,0.33187390542906653,1.0,-1.0061295971978983,4.666666666666667
2025-07-09,10.0,126,-1,3285.97,3296.03,3288.34,7.690000000000055,46.89200000000019,0.1639938582274167,True,2025-07-09 11:30:00,0.07,0.0213255992493388,0.1951219512195122,2025-07-09 14:05:00,3296.03,停損,10.0600000000004,-10.1300000000004,-1.0069582504970176,True,0.3250497017892497,1.0,-1.0069582504970176,2.5833333333333335
2025-07-10,2.0,40,1,3322.62,3319.74,3315.78,3.9599999999995816,47.7800000000002,0.0828798660527326,True,2025-07-10 04:20:00,0.07,0.0627877773126828,0.0,2025-07-10 07:00:00,3315.78,停損,6.839999999999691,-6.909999999999691,-1.0102339181286555,True,0.5409356725146842,1.0,-1.0102339181286557,2.6666666666666665
2025-07-10,3.0,43,1,3324.46,3321.99,3316.68,5.309999999999945,47.7800000000002,0.1111343658434475,True,2025-07-10 04:35:00,0.07,0.0627877773126828,0.0,2025-07-10 07:00:00,3316.68,停損,7.7800000000002,-7.8500000000002,-1.0089974293059123,True,0.23907455012854492,1.0,-1.0089974293059123,2.4166666666666665
2025-07-10,6.0,85,1,3323.05,3320.21,3315.43,4.7800000000002,47.7800000000002,0.1000418585182122,True,2025-07-10 08:05:00,0.07,0.0418585182084552,0.0,2025-07-10 16:55:00,3315.43,停損,7.620000000000346,-7.690000000000346,-1.0091863517060364,True,0.9553805774277447,1.0,-1.0091863517060364,8.833333333333334
2025-07-10,5.5,100,1,3326.47,3323.36,3316.74,6.620000000000346,47.7800000000002,0.138551695269994,True,2025-07-10 09:20:00,0.07,0.0418585182084552,0.0,2025-07-10 16:50:00,3316.74,停損,9.730000000000018,-9.800000000000018,-1.0071942446043165,True,0.3967112024666105,1.0,-1.0071942446043165,7.5
2025-07-10,7.5,110,1,3328.63,3325.07,3315.75,9.320000000000164,47.7800000000002,0.1950606948514048,True,2025-07-10 10:10:00,0.07,0.0418585182084552,0.0,2025-07-10 16:55:00,3315.75,停損,12.88000000000011,-12.95000000000011,-1.0054347826086956,True,0.13198757763973631,1.0,-1.0054347826086956,6.75
2025-07-11,4.5,64,1,3335.74,3332.69,3327.17,5.519999999999982,45.75700000000016,0.1206372795419272,True,2025-07-11 06:20:00,0.07,0.0437091592543215,0.1428571428571428,2025-07-12 00:00:00,3355.11,收盤,8.569999999999709,19.300000000000345,2.2520420070012834,True,3.8576429404902592,0.7036172695449183,2.2520420070012834,17.666666666666668
2025-07-11,5.0,89,1,3338.92,3335.13,3327.17,7.960000000000036,45.75700000000016,0.1739624538322007,True,2025-07-11 08:25:00,0.07,0.0437091592543215,0.1034482758620689,2025-07-12 00:00:00,3355.11,收盤,11.75,16.120000000000054,1.3719148936170258,True,2.5429787234042647,0.6578723404255334,1.3719148936170258,15.583333333333334
2025-07-11,9.5,150,1,3345.8,3343.49,3331.19,12.299999999999727,45.75700000000016,0.2688113294140719,True,2025-07-11 13:30:00,0.07,0.0437091592543215,0.0612244897959183,2025-07-12 00:00:00,3355.11,收盤,14.610000000000127,9.239999999999945,0.6324435318275061,True,1.5742642026009446,0.25188227241617106,0.6324435318275061,10.5
2025-07-11,10.5,153,1,3347.27,3343.81,3334.48,9.329999999999927,45.75700000000016,0.2039032279214086,True,2025-07-11 13:45:00,0.07,0.0437091592543215,0.06,2025-07-12 00:00:00,3355.11,收盤,12.789999999999964,7.770000000000145,0.6075058639562289,True,1.6833463643471667,0.4026583268178347,0.6075058639562289,10.25
2025-07-14,9.0,114,1,3374.7,3369.71,3356.64,13.070000000000164,43.212000000000174,0.3024622789965775,True,2025-07-14 10:30:00,0.07,0.0231417198926223,0.7837837837837838,2025-07-14 15:35:00,3356.64,停損,18.059999999999945,-18.129999999999946,-1.003875968992248,True,0.016611295681073245,1.0,-1.003875968992248,5.083333333333333
2025-07-16,3.0,59,-1,3325.44,3332.64,3328.98,3.6599999999998554,39.47900000000013,0.0927075153879237,True,2025-07-16 05:55:00,0.07,0.0253299222371386,0.7368421052631579,2025-07-16 06:30:00,3332.64,停損,7.199999999999818,-7.269999999999818,-1.0097222222222224,True,0.0444444444444683,1.0,-1.0097222222222224,0.5833333333333334
2025-07-21,10.5,160,1,3370.42,3367.62,3363.13,4.489999999999782,41.64000000000006,0.1078290105667573,True,2025-07-21 14:20:00,0.07,0.0240153698366954,0.0188679245283018,2025-07-22 00:00:00,3397.5,收盤,7.289999999999964,27.009999999999927,3.705075445816195,True,4.268861454046646,0.058984910836802906,3.705075445816195,9.666666666666666
2025-07-23,2.0,29,1,3437.54,3433.34,3426.39,6.950000000000273,41.78600000000006,0.1663236490690725,True,2025-07-23 03:25:00,0.07,0.0239314602977073,0.7777777777777778,2025-07-23 04:05:00,3426.39,停損,11.150000000000093,-11.220000000000091,-1.0062780269058293,True,0.020627802690584424,1.0,-1.0062780269058296,0.6666666666666666
2025-07-23,5.0,66,1,3427.93,3424.97,3419.33,5.639999999999873,41.78600000000006,0.1349734360790663,True,2025-07-23 06:30:00,0.07,0.0239314602977073,0.8571428571428571,2025-07-23 08:45:00,3419.33,停損,8.599999999999909,-8.66999999999991,-1.008139534883721,True,0.09186046511627581,1.0,-1.008139534883721,2.25
2025-07-23,9.5,136,1,3432.61,3429.7,3419.57,10.129999999999654,41.78600000000006,0.242425692815767,True,2025-07-23 12:20:00,0.07,0.0239314602977073,0.6888888888888889,2025-07-23 16:05:00,3419.57,停損,13.039999999999964,-13.109999999999964,-1.0053680981595092,True,0.09509202453986082,1.0,-1.0053680981595092,3.75
2025-07-24,2.0,51,-1,3382.17,3391.5,3386.51,4.989999999999782,44.098,0.1131570592770597,True,2025-07-24 05:15:00,0.07,0.0,0.75,2025-07-25 00:00:00,3368.17,收盤,9.329999999999927,13.93,1.4930332261522088,True,3.294748124330169,0.7309753483386668,1.4930332261522088,18.75
2025-07-24,3.5,61,-1,3380.71,3393.42,3384.09,9.329999999999927,44.098,0.2115742210531073,True,2025-07-24 06:05:00,0.07,0.0,0.6,2025-07-25 00:00:00,3368.17,收盤,12.710000000000036,12.469999999999963,0.9811172305271383,True,2.3036978756884436,0.4193548387096705,0.9811172305271384,17.916666666666668
2025-07-24,4.5,62,-1,3377.95,3390.98,3380.68,10.300000000000182,44.098,0.2335706834777128,True,2025-07-24 06:10:00,0.07,0.0,0.6,2025-07-25 00:00:00,3368.17,收盤,13.0300000000002,9.709999999999745,0.7452033768226858,True,2.0353031465847717,0.6208749040675381,0.7452033768226858,17.833333333333332
2025-07-24,7.0,93,-1,3377.68,3385.39,3381.06,4.329999999999927,44.098,0.0981903941221807,True,2025-07-24 08:45:00,0.07,0.0,0.4,2025-07-25 00:00:00,3368.17,收盤,7.710000000000036,9.439999999999763,1.2243839169908843,True,3.404669260700373,0.29831387808043724,1.2243839169908843,15.25
2025-07-24,6.5,98,-1,3375.68,3386.04,3379.21,6.829999999999927,44.098,0.154882307587644,True,2025-07-24 09:10:00,0.07,0.0,0.375,2025-07-24 17:35:00,3375.68,保本,10.360000000000127,-0.07,-0.006756756756756675,True,2.340733590733562,0.2133204633204642,0.7181467181466865,8.416666666666666
2025-07-24,5.5,102,-1,3371.98,3388.66,3374.63,14.029999999999744,44.098,0.3181550183681741,True,2025-07-24 09:30:00,0.07,0.0,0.3636363636363636,2025-07-25 00:00:00,3368.17,收盤,16.679999999999836,3.7399999999999456,0.22422062350119798,True,1.2320143884892316,0.33453237410071834,0.2242206235011979,14.5
2025-07-24,8.5,119,-1,3368.7,3381.89,3371.48,10.409999999999854,44.098,0.2360651276701858,True,2025-07-24 10:55:00,0.07,0.0,0.3076923076923077,2025-07-25 00:00:00,3368.17,收盤,13.190000000000056,0.45999999999974533,0.03487490523121633,True,1.3093252463987801,0.661865049279756,0.0348749052312163,13.083333333333334
2025-07-24,9.0,120,-1,3367.68,3379.78,3370.05,9.730000000000018,44.098,0.2206449272075835,True,2025-07-24 11:00:00,0.07,0.0,0.3076923076923077,2025-07-25 00:00:00,3368.17,收盤,12.100000000000364,-0.5600000000002365,-0.046280991735555346,True,1.34297520661153,0.8057851239669179,-0.0462809917355553,13.0
2025-07-24,10.0,137,-1,3363.82,3377.56,3366.11,11.449999999999818,44.098,0.2596489636718177,True,2025-07-24 12:25:00,0.07,0.0,0.2666666666666666,2025-07-25 00:00:00,3368.17,收盤,13.739999999999782,-4.419999999999909,-0.32168850072780053,True,0.9017467248908678,0.9905385735079977,-0.3216885007278005,11.583333333333334
2025-07-24,10.5,138,-1,3363.2,3377.35,3365.84,11.509999999999764,44.098,0.2610095695949876,True,2025-07-24 12:30:00,0.07,0.0,0.2666666666666666,2025-07-24 17:45:00,3377.35,停損,14.150000000000093,-14.220000000000091,-1.004946996466431,True,0.8318021201413361,1.0,-1.004946996466431,5.25
2025-07-25,10.5,151,-1,3343.22,3358.96,3345.59,13.36999999999989,46.27700000000005,0.2889124186961099,True,2025-07-25 13:35:00,0.07,0.0,0.22,2025-07-26 00:00:00,3336.59,收盤,15.740000000000236,6.559999999999654,0.41677255400251306,True,1.154383735705168,0.27573062261754006,0.416772554002513,10.416666666666666
2025-08-04,4.5,69,1,3357.95,3355.27,3346.63,8.639999999999873,51.28600000000006,0.1684670280388383,True,2025-08-04 06:45:00,0.07,0.0194984986156065,0.5909090909090909,2025-08-05 00:00:00,3373.48,收盤,11.319999999999707,15.4600000000002,1.3657243816254947,True,2.4328621908127803,0.5494699646643074,1.3657243816254945,17.25
2025-08-04,5.5,71,1,3360.32,3357.73,3352.14,5.5900000000001455,51.28600000000006,0.1089966072612435,True,2025-08-04 06:55:00,0.07,0.0194984986156065,0.5652173913043478,2025-08-04 10:35:00,3352.14,停損,8.180000000000291,-8.250000000000291,-1.0085574572127136,True,0.2799511002444844,1.0,-1.0085574572127136,3.6666666666666665
2025-08-04,10.5,159,1,3363.86,3359.93,3351.73,8.199999999999818,51.28600000000006,0.1598876886479703,True,2025-08-04 14:15:00,0.07,0.0194984986156065,0.25,2025-08-05 00:00:00,3373.48,收盤,12.13000000000011,9.54999999999989,0.7873042044517563,True,1.7831821929100957,0.2275350370981198,0.7873042044517563,9.75
2025-08-11,7.0,99,-1,3373.38,3379.95,3375.62,4.329999999999927,43.61700000000005,0.099273219157666,True,2025-08-11 09:15:00,0.07,0.1834147236169381,0.0,2025-08-12 00:00:00,3342.45,收盤,6.569999999999709,30.86000000000029,4.697108066971333,True,4.902587519026098,0.10654490106542605,4.697108066971333,14.75
2025-08-11,5.5,101,-1,3370.08,3380.05,3374.03,6.019999999999982,43.61700000000005,0.1380195795217455,True,2025-08-11 09:25:00,0.07,0.1834147236169381,0.0,2025-08-12 00:00:00,3342.45,收盤,9.970000000000256,27.56000000000011,2.7642928786358474,True,2.899699097291787,0.03510531594783351,2.764292878635848,14.583333333333334
2025-08-11,8.5,109,-1,3362.55,3378.89,3365.99,12.900000000000093,43.61700000000005,0.2957562418323148,True,2025-08-11 10:05:00,0.07,0.1834147236169381,0.0,2025-08-12 00:00:00,3342.45,收盤,16.33999999999969,20.030000000000364,1.2258261933904984,True,1.308445532435772,0.23929008567931018,1.2258261933904984,13.916666666666666
2025-08-11,9.0,110,-1,3361.06,3377.22,3363.76,13.459999999999582,43.61700000000005,0.3085952724854888,True,2025-08-11 10:10:00,0.07,0.1834147236169381,0.0,2025-08-12 00:00:00,3342.45,收盤,16.159999999999854,18.540000000000127,1.1472772277227905,True,1.2308168316831716,0.3341584158415928,1.1472772277227905,13.833333333333334
2025-08-11,9.5,135,-1,3356.03,3369.42,3359.59,9.829999999999927,43.61700000000005,0.225370841644311,True,2025-08-11 12:15:00,0.07,0.1834147236169381,0.0,2025-08-12 00:00:00,3342.45,收盤,13.389999999999873,13.510000000000382,1.0089619118745714,True,1.1097834204630521,0.5944734876773455,1.0089619118745714,11.75
2025-08-11,10.0,143,-1,3353.87,3366.46,3357.15,9.309999999999944,43.61700000000005,0.2134488846092105,True,2025-08-11 12:55:00,0.07,0.1834147236169381,0.0,2025-08-12 00:00:00,3342.45,收盤,12.590000000000146,11.350000000000072,0.901509134233514,True,1.0087370929308714,0.8038125496425556,0.901509134233514,11.083333333333334
2025-08-13,10.0,140,1,3363.52,3360.97,3354.02,6.949999999999818,45.88300000000004,0.1514722228276227,True,2025-08-13 12:40:00,0.07,0.0,0.2826086956521739,2025-08-13 20:45:00,3354.02,停損,9.5,-9.57,-1.0073684210526317,True,0.7673684210526277,1.0,-1.0073684210526317,8.083333333333334
2025-08-18,6.5,81,1,3355.1,3352.75,3346.53,6.2199999999998,35.96799999999998,0.1729314946619162,False,2025-08-18 07:45:00,0.07,0.0556049822064057,0.1923076923076923,2025-08-18 09:20:00,3346.53,停損,8.569999999999709,-8.63999999999971,-1.0081680280046676,True,0.39089848308051606,1.0,-1.0081680280046676,1.5833333333333333
2025-08-18,8.5,111,1,3353.78,3351.57,3346.22,5.350000000000364,35.96799999999998,0.1487433274021454,False,2025-08-18 10:15:00,0.07,0.0556049822064057,0.1388888888888889,2025-08-18 11:15:00,3346.22,停損,7.5600000000004,-7.6300000000004005,-1.0092592592592589,True,0.2552910052909701,1.0,-1.0092592592592589,1.0
2025-08-22,5.5,77,-1,3329.96,3335.65,3331.75,3.900000000000091,34.59699999999998,0.112726536982978,True,2025-08-22 07:25:00,0.07,0.0,0.08,2025-08-22 16:45:00,3335.65,停損,5.690000000000055,-5.760000000000055,-1.0123022847100176,True,1.4815465729349306,1.0,-1.0123022847100176,9.333333333333334
2025-08-22,6.5,101,-1,3327.48,3335.4,3329.23,6.170000000000073,34.59699999999998,0.1783391623551197,True,2025-08-22 09:25:00,0.07,0.0,0.0606060606060606,2025-08-22 16:45:00,3335.4,停損,7.920000000000073,-7.990000000000073,-1.0088383838383839,True,0.7512626262625964,1.0,-1.008838383838384,7.333333333333333
2025-08-22,7.0,105,-1,3326.2,3332.73,3328.03,4.699999999999818,34.59699999999998,0.1358499291846062,True,2025-08-22 09:45:00,0.07,0.0,0.0588235294117647,2025-08-22 10:10:00,3332.73,停損,6.5300000000002,-6.6000000000002,-1.0107197549770288,True,0.0719754977028768,1.0,-1.0107197549770288,0.4166666666666667
2025-09-01,7.5,91,1,3480.63,3478.54,3472.17,6.369999999999891,36.05699999999997,0.1766647252960561,True,2025-09-01 08:35:00,0.07,0.0277338658235571,0.4333333333333333,2025-09-01 10:30:00,3472.17,停損,8.460000000000036,-8.530000000000037,-1.008274231678487,True,1.0969267139479557,1.0,-1.008274231678487,1.9166666666666667
2025-09-01,6.5,99,1,3482.48,3479.55,3471.33,8.220000000000255,36.05699999999997,0.2279723770696469,True,2025-09-01 09:15:00,0.07,0.0277338658235571,0.40625,2025-09-01 10:30:00,3471.33,停損,11.150000000000093,-11.220000000000091,-1.0062780269058293,True,0.6663677130044642,1.0,-1.0062780269058296,1.25
2025-09-01,8.0,101,1,3486.01,3482.93,3474.38,8.549999999999727,36.05699999999997,0.2371245527914062,True,2025-09-01 09:25:00,0.07,0.0277338658235571,0.3939393939393939,2025-09-01 10:20:00,3474.38,停損,11.63000000000011,-11.70000000000011,-1.0060189165950129,True,0.33533963886496987,1.0,-1.0060189165950129,0.9166666666666666
2025-09-01,6.0,104,1,3488.61,3486.2,3469.71,16.48999999999978,36.05699999999997,0.4573314474304516,True,2025-09-01 09:40:00,0.07,0.0277338658235571,0.3823529411764705,2025-09-01 10:40:00,3469.71,停損,18.90000000000009,-18.97000000000009,-1.0037037037037038,True,0.06878306878305401,1.0,-1.0037037037037038,1.0
2025-09-03,2.0,29,1,3544.36,3533.11,3526.29,6.820000000000164,41.80799999999995,0.1631266743207083,True,2025-09-03 03:25:00,0.07,0.0,0.6666666666666666,2025-09-04 00:00:00,3559.73,收盤,18.070000000000164,15.29999999999989,0.8467072495849337,True,1.8920863309352376,0.9645821804095259,0.8467072495849337,20.583333333333332
2025-09-03,6.0,80,1,3536.86,3533.51,3529.39,4.120000000000346,41.80799999999995,0.0985457328740994,True,2025-09-03 07:40:00,0.07,0.0,0.2307692307692307,2025-09-03 09:00:00,3529.39,停損,7.470000000000255,-7.540000000000255,-1.009370816599732,True,0.19946452476569357,1.0,-1.009370816599732,1.3333333333333333
2025-09-03,6.5,81,1,3537.44,3535.0,3529.39,5.610000000000127,41.80799999999995,0.1341848450057437,True,2025-09-03 07:45:00,0.07,0.0,0.2307692307692307,2025-09-03 09:00:00,3529.39,停損,8.050000000000182,-8.120000000000182,-1.008695652173913,True,0.11304347826084893,1.0,-1.008695652173913,1.25
2025-09-03,8.5,121,1,3537.63,3534.95,3526.93,8.019999999999982,41.80799999999995,0.1918293149636431,True,2025-09-03 11:05:00,0.07,0.0,0.15,2025-09-04 00:00:00,3559.73,收盤,10.700000000000273,22.02999999999991,2.058878504672836,True,3.82429906542047,0.4934579439252398,2.058878504672836,12.916666666666666
2025-09-03,8.0,126,1,3541.06,3537.96,3526.93,11.0300000000002,41.80799999999995,0.2638251052430208,True,2025-09-03 11:30:00,0.07,0.0,0.1463414634146341,2025-09-04 00:00:00,3559.73,收盤,14.13000000000011,18.600000000000072,1.316348195329082,True,2.653220099079968,0.6164189667374359,1.316348195329082,12.5
2025-09-03,10.5,159,1,3546.31,3541.2,3531.7,9.5,41.80799999999995,0.2272292384232685,True,2025-09-03 14:15:00,0.07,0.0,0.1153846153846153,2025-09-04 00:00:00,3559.73,收盤,14.610000000000127,13.350000000000072,0.9137577002053358,True,2.2067077344284707,0.3353867214236857,0.9137577002053358,9.75
2025-09-08,9.0,111,1,3604.64,3598.82,3589.43,9.390000000000327,45.98499999999994,0.204197020767649,True,2025-09-08 10:15:00,0.07,0.0434924431879961,0.0,2025-09-09 00:00:00,3635.29,收盤,15.210000000000036,30.58000000000009,2.010519395134781,True,2.751479289940816,0.0059171597632932645,2.010519395134781,13.75
2025-09-08,9.5,116,1,3613.17,3610.29,3593.31,16.980000000000018,45.98499999999994,0.3692508426660876,True,2025-09-08 10:40:00,0.07,0.0434924431879961,0.0,2025-09-09 00:00:00,3635.29,收盤,19.860000000000127,22.04999999999989,1.1102719033232502,True,1.6777442094662385,0.3449144008056327,1.1102719033232502,13.333333333333334
2025-09-08,10.0,147,1,3621.0,3613.62,3596.41,17.210000000000036,45.98499999999994,0.3742524736327076,True,2025-09-08 13:15:00,0.07,0.0434924431879961,0.0,2025-09-09 00:00:00,3635.29,收盤,24.590000000000146,14.219999999999963,0.5782838552256966,True,1.0366002440016118,0.3289955266368482,0.5782838552256966,10.75
2025-09-11,8.5,135,-1,3618.8,3634.33,3622.88,11.449999999999818,53.146999999999935,0.2154401941784076,False,2025-09-11 12:15:00,0.07,0.0188157374828306,0.3181818181818182,2025-09-11 15:35:00,3634.33,停損,15.529999999999744,-15.599999999999746,-1.0045074050225373,True,0.29426915647136115,1.0,-1.004507405022537,3.3333333333333335
2025-09-12,4.5,72,1,3652.96,3650.23,3642.52,7.710000000000036,52.93999999999992,0.1456365697015498,False,2025-09-12 07:00:00,0.07,0.0,0.4347826086956521,2025-09-12 11:50:00,3642.52,停損,10.440000000000056,-10.510000000000055,-1.0067049808429116,True,0.3572796934865899,1.0,-1.0067049808429118,4.833333333333333
2025-09-12,5.0,76,1,3653.73,3650.94,3644.93,6.010000000000218,52.93999999999992,0.1135247449943375,False,2025-09-12 07:20:00,0.07,0.0,0.4,2025-09-12 11:15:00,3644.93,停損,8.800000000000182,-8.870000000000182,-1.0079545454545453,True,0.33636363636363353,1.0,-1.007954545454545,3.9166666666666665
2025-09-12,5.5,82,1,3655.68,3652.44,3646.19,6.25,52.93999999999992,0.1180581790706462,False,2025-09-12 07:50:00,0.07,0.0,0.3703703703703703,2025-09-12 11:15:00,3646.19,停損,9.489999999999782,-9.559999999999782,-1.0073761854583774,True,0.10642781875661132,1.0,-1.0073761854583774,3.4166666666666665
2025-09-12,6.0,87,1,3656.07,3653.26,3646.61,6.650000000000091,52.93999999999992,0.1256139025311692,False,2025-09-12 08:15:00,0.07,0.0,0.3571428571428571,2025-09-12 11:15:00,3646.61,停損,9.460000000000036,-9.530000000000037,-1.007399577167019,True,0.06553911205072817,1.0,-1.007399577167019,3.0
2025-09-15,2.0,32,-1,3633.83,3642.25,3636.91,5.3400000000001455,50.57799999999993,0.1055795009688036,False,2025-09-15 03:40:00,0.07,0.0395428842579778,0.0,2025-09-15 05:20:00,3642.25,停損,8.420000000000073,-8.490000000000073,-1.008313539192399,True,0.8693586698336871,1.0,-1.008313539192399,1.6666666666666667
2025-09-15,2.5,35,-1,3632.34,3642.6,3634.94,7.6599999999998545,50.57799999999993,0.1514492467080522,False,2025-09-15 03:55:00,0.07,0.0395428842579778,0.0,2025-09-15 05:20:00,3642.6,停損,10.259999999999764,-10.329999999999764,-1.0068226120857702,True,0.5682261208577059,1.0,-1.0068226120857702,1.4166666666666667
2025-09-15,3.0,39,-1,3628.73,3642.6,3632.09,10.509999999999764,50.57799999999993,0.2077978567756688,False,2025-09-15 04:15:00,0.07,0.0395428842579778,0.0,2025-09-15 05:20:00,3642.6,停損,13.86999999999989,-13.939999999999891,-1.0050468637346792,True,0.14203316510452887,1.0,-1.0050468637346792,1.0833333333333333
2025-09-16,2.0,30,1,3683.64,3680.5,3676.25,4.25,51.21299999999992,0.0829867416476286,True,2025-09-16 03:30:00,0.07,0.0,0.7777777777777778,2025-09-16 05:50:00,3676.25,停損,7.389999999999873,-7.459999999999873,-1.009472259810555,True,0.8078484438430795,1.0,-1.009472259810555,2.3333333333333335
2025-09-16,2.5,36,1,3686.42,3683.76,3676.25,7.510000000000218,51.21299999999992,0.1466424540644021,True,2025-09-16 04:00:00,0.07,0.0,0.6363636363636364,2025-09-16 05:50:00,3676.25,停損,10.170000000000073,-10.240000000000073,-1.0068829891838742,True,0.3136676499508389,1.0,-1.0068829891838742,1.8333333333333333
2025-09-16,5.5,83,1,3685.11,3682.07,3674.63,7.440000000000055,51.21299999999992,0.1452756136137321,True,2025-09-16 07:55:00,0.07,0.0390525843047664,0.7037037037037037,2025-09-17 00:00:00,3690.12,收盤,10.480000000000018,4.939999999999763,0.4713740458015033,True,1.7251908396946465,0.5916030534351395,0.4713740458015033,16.083333333333332
2025-09-16,6.0,103,1,3686.35,3683.15,3677.05,6.099999999999909,51.21299999999992,0.1191103821295358,True,2025-09-16 09:35:00,0.07,0.0390525843047664,0.5588235294117647,2025-09-17 00:00:00,3690.12,收盤,9.299999999999727,3.699999999999982,0.39784946236560115,True,1.8107526881721119,0.8000000000000294,0.3978494623656011,14.416666666666666
2025-09-16,8.0,104,1,3687.85,3684.59,3680.32,4.269999999999982,51.21299999999992,0.0833772674906759,True,2025-09-16 09:40:00,0.07,0.0390525843047664,0.5588235294117647,2025-09-16 17:55:00,3687.85,保本,7.529999999999745,-0.07,-0.00929614873838013,True,2.0371845949536076,0.35192563081011696,-1.0092961487383802,8.25
2025-09-16,7.0,105,1,3689.96,3685.39,3680.21,5.179999999999836,51.21299999999992,0.1011461933493418,True,2025-09-16 09:45:00,0.07,0.0390525843047664,0.5588235294117647,2025-09-16 18:10:00,3680.21,停損,9.75,-9.82,-1.0071794871794872,True,1.356923076923079,1.0,-1.0071794871794872,8.416666666666666
2025-09-16,9.0,137,1,3697.17,3694.21,3681.72,12.490000000000236,51.21299999999992,0.2438833889832709,True,2025-09-16 12:25:00,0.07,0.0390525843047664,0.4222222222222222,2025-09-16 18:10:00,3681.72,停損,15.450000000000273,-15.520000000000273,-1.0045307443365694,True,0.38964401294497575,1.0,-1.0045307443365694,5.75
2025-09-17,9.0,114,-1,3667.61,3680.08,3670.47,9.610000000000127,47.07199999999993,0.2041553365057813,False,2025-09-17 10:30:00,0.07,0.0,0.2162162162162162,2025-09-17 16:35:00,3680.08,停損,12.4699999999998,-12.5399999999998,-1.0056134723336008,True,0.607056936647978,1.0,-1.0056134723336008,6.083333333333333
2025-09-17,9.5,125,-1,3664.34,3677.32,3666.91,10.41000000000031,47.07199999999993,0.2211505778382121,False,2025-09-17 11:25:00,0.07,0.0,0.1951219512195122,2025-09-17 15:50:00,3677.32,停損,12.980000000000018,-13.050000000000018,-1.005392912172573,True,0.33127889060093807,1.0,-1.005392912172573,4.416666666666667
2025-09-17,10.0,128,-1,3664.14,3677.32,3666.62,10.700000000000273,47.07199999999993,0.2273113528212162,False,2025-09-17 11:40:00,0.07,0.0,0.1904761904761904,2025-09-17 15:50:00,3677.32,停損,13.180000000000293,-13.250000000000291,-1.0053110773899845,True,0.3110773899848117,1.0,-1.0053110773899847,4.166666666666667
2025-09-18,7.0,95,-1,3650.41,3659.31,3653.5,5.809999999999945,47.99399999999992,0.1210567987665115,True,2025-09-18 08:55:00,0.07,0.0208359378255615,0.1612903225806451,2025-09-18 10:50:00,3659.31,停損,8.900000000000091,-8.970000000000091,-1.0078651685393258,True,1.8573033707864692,1.0,-1.0078651685393258,1.9166666666666667
2025-09-18,7.5,97,-1,3644.05,3658.49,3651.94,6.549999999999727,47.99399999999992,0.1364753927574225,True,2025-09-18 09:05:00,0.07,0.0208359378255615,0.15625,2025-09-18 10:45:00,3658.49,停損,14.4399999999996,-14.5099999999996,-1.0048476454293631,True,0.7042936288088888,1.0,-1.0048476454293631,1.6666666666666667
2025-09-22,2.0,39,1,3694.68,3690.47,3685.82,4.649999999999636,46.53099999999995,0.0999333777481601,True,2025-09-22 04:15:00,0.07,0.0429820979562012,0.0,2025-09-22 05:50:00,3685.82,停損,8.859999999999673,-8.929999999999673,-1.0079006772009032,True,0.24379232505647733,1.0,-1.0079006772009032,1.5833333333333333
2025-09-22,4.5,70,1,3696.36,3693.38,3686.76,6.619999999999891,46.53099999999995,0.1422707442350239,True,2025-09-22 06:50:00,0.07,0.0429820979562012,0.0,2025-09-23 00:00:00,3747.05,收盤,9.599999999999907,50.620000000000054,5.272916666666723,True,5.4635416666667,0.6458333333333679,5.272916666666722,17.166666666666668
2025-09-22,7.0,91,1,3698.7,3695.9,3690.16,5.7400000000002365,46.53099999999995,0.1233586211343027,True,2025-09-22 08:35:00,0.07,0.0429820979562012,0.0,2025-09-23 00:00:00,3747.05,收盤,8.539999999999964,48.28000000000036,5.653395784543392,True,5.8676814988290795,0.36416861826694213,5.653395784543392,15.416666666666666
2025-09-22,6.0,98,1,3699.83,3697.45,3686.08,11.36999999999989,46.53099999999995,0.2443532268810019,True,2025-09-22 09:10:00,0.07,0.0429820979562012,0.0,2025-09-23 00:00:00,3747.05,收盤,13.75,47.150000000000254,3.4290909090909274,True,3.5621818181818194,0.03854545454543602,3.4290909090909274,14.833333333333334
2025-09-22,7.5,99,1,3700.62,3697.9,3690.16,7.7400000000002365,46.53099999999995,0.166340719090504,True,2025-09-22 09:15:00,0.07,0.0429820979562012,0.0,2025-09-23 00:00:00,3747.05,收盤,10.460000000000036,46.36000000000029,4.432122370936915,True,4.607074569789664,0.048757170172061354,4.432122370936915,14.75
2025-09-22,8.0,102,1,3706.25,3700.24,3691.98,8.259999999999764,46.53099999999995,0.1775160645591062,True,2025-09-22 09:30:00,0.07,0.0429820979562012,0.0,2025-09-23 00:00:00,3747.05,收盤,14.269999999999982,40.73000000000018,2.8542396636300094,True,2.982480728801682,0.08619481429572669,2.8542396636300094,14.5
2025-09-22,8.5,104,1,3713.46,3706.48,3695.59,10.889999999999873,46.53099999999995,0.2340375233715133,True,2025-09-22 09:40:00,0.07,0.0429820979562012,0.0,2025-09-23 00:00:00,3747.05,收盤,17.86999999999989,33.520000000000145,1.8757694459989005,True,1.978175713486297,0.2674874090654857,1.8757694459989005,14.333333333333334
2025-09-22,10.0,128,1,3718.68,3716.33,3708.68,7.650000000000091,46.53099999999995,0.1644065246824718,True,2025-09-22 11:40:00,0.07,0.0429820979562012,0.0,2025-09-23 00:00:00,3747.05,收盤,10.0,28.300000000000345,2.8300000000000347,True,3.013000000000011,0.6460000000000037,2.8300000000000347,12.333333333333334
2025-09-22,9.0,136,1,3724.31,3719.88,3695.59,24.289999999999964,46.53099999999995,0.5220175796780638,True,2025-09-22 12:20:00,0.07,0.0429820979562012,0.0,2025-09-23 00:00:00,3747.05,收盤,28.7199999999998,22.670000000000236,0.7893454038997352,True,0.8530640668523737,0.42096100278552334,0.7893454038997352,11.666666666666666
2025-09-23,9.5,126,1,3759.38,3756.92,3749.05,7.869999999999891,46.16399999999999,0.1704791612511891,True,2025-09-23 11:30:00,0.07,0.043323802096872,0.4634146341463415,2025-09-23 22:00:00,3759.38,保本,10.329999999999927,-0.07,-0.006776379477250774,True,3.073572120038744,0.01936108422074291,0.4365924491771499,10.5
2025-09-25,5.5,76,-1,3732.08,3742.47,3734.56,7.9099999999998545,49.085,0.1611490271977153,True,2025-09-25 07:20:00,0.07,0.0,0.4,2025-09-25 09:15:00,3742.47,停損,10.389999999999873,-10.459999999999873,-1.0067372473532243,True,0.010587102983650499,1.0,-1.0067372473532243,1.9166666666666667
2025-09-29,2.0,30,1,3777.45,3772.5,3766.48,6.019999999999982,51.681,0.1164838141676821,True,2025-09-29 03:30:00,0.07,0.1547957663357907,0.0,2025-09-30 00:00:00,3833.97,收盤,10.9699999999998,56.44999999999998,5.145852324521514,True,5.158614402917154,0.8705560619872289,5.145852324521514,20.5
2025-09-29,3.5,53,1,3792.66,3788.81,3767.9,20.90999999999985,51.681,0.4045974342601702,True,2025-09-29 05:25:00,0.07,0.1547957663357907,0.0,2025-09-30 00:00:00,3833.97,收盤,24.759999999999764,41.239999999999945,1.6655896607431477,True,1.6712439418417004,0.18699515347333193,1.6655896607431475,18.583333333333332
2025-09-29,4.5,79,1,3802.09,3798.71,3769.25,29.46000000000004,51.681,0.5700354095315501,True,2025-09-29 07:35:00,0.07,0.1547957663357907,0.0,2025-09-30 00:00:00,3833.97,收盤,32.840000000000146,31.809999999999654,0.9686358099878049,True,0.9728989037758732,0.023447015834347697,0.9686358099878049,16.416666666666668
2025-09-29,6.5,80,1,3806.26,3799.71,3792.56,7.150000000000091,51.681,0.1383487161626147,True,2025-09-29 07:40:00,0.07,0.1547957663357907,0.0,2025-09-30 00:00:00,3833.97,收盤,13.700000000000273,27.63999999999958,2.017518248175112,True,2.0277372262773135,0.36058394160583623,2.017518248175112,16.333333333333332
2025-09-29,7.0,96,1,3813.64,3809.0,3792.56,16.440000000000055,51.681,0.318105299820051,True,2025-09-29 09:00:00,0.07,0.1547957663357907,0.0,2025-09-30 00:00:00,3833.97,收盤,21.079999999999927,20.259999999999927,0.9611005692599619,True,0.9677419354838787,0.404174573055029,0.961100569259962,15.0
2025-09-29,7.5,99,1,3816.78,3812.11,3798.44,13.670000000000073,51.681,0.2645072657262838,True,2025-09-29 09:15:00,0.07,0.1547957663357907,0.0,2025-09-30 00:00:00,3833.97,收盤,18.340000000000146,17.1199999999996,0.9334787350054233,True,0.9411123227916918,0.6357688113413422,0.9334787350054232,14.75
2025-09-29,8.0,105,1,3819.08,3814.56,3801.32,13.239999999999782,51.681,0.2561869932857294,True,2025-09-29 09:45:00,0.07,0.1547957663357907,0.0,2025-09-30 00:00:00,3833.97,收盤,17.759999999999764,14.819999999999872,0.8344594594594634,True,0.8423423423423556,0.7860360360360485,0.8344594594594634,14.25
2025-09-29,10.5,160,1,3822.42,3816.44,3805.12,11.320000000000164,51.681,0.219036009365147,True,2025-09-29 14:20:00,0.07,0.1547957663357907,0.0,2025-09-30 00:00:00,3833.97,收盤,17.300000000000182,11.479999999999727,0.663583815028879,True,0.6716763005780213,0.7566473988439311,0.663583815028879,9.666666666666666
2025-09-30,4.0,64,1,3855.25,3850.87,3838.06,12.809999999999944,53.49499999999998,0.2394616319282166,True,2025-09-30 06:20:00,0.07,0.0373866716515562,0.0476190476190476,2025-09-30 11:10:00,3838.06,停損,17.190000000000055,-17.260000000000055,-1.0040721349621873,True,0.9569517161140062,1.0,-1.0040721349621873,4.833333333333333
2025-09-30,5.5,69,1,3863.87,3859.45,3843.69,15.759999999999764,53.49499999999998,0.2946069726142586,True,2025-09-30 06:45:00,0.07,0.0373866716515562,0.0454545454545454,2025-09-30 11:00:00,3843.69,停損,20.17999999999984,-20.249999999999837,-1.0034687809712586,True,0.38800792864221956,1.0,-1.0034687809712588,4.25
2025-09-30,6.0,103,1,3870.19,3867.25,3845.9,21.34999999999991,53.49499999999998,0.399102719880361,True,2025-09-30 09:35:00,0.07,0.0373866716515562,0.0294117647058823,2025-09-30 10:50:00,3845.9,停損,24.289999999999964,-24.359999999999964,-1.0028818443804035,True,0.0535199670646245,1.0,-1.0028818443804035,1.25
2025-10-01,2.0,45,1,3866.07,3863.07,3860.08,2.9900000000002365,58.48799999999997,0.0511215975926726,True,2025-10-01 04:45:00,0.07,0.0,0.1428571428571428,2025-10-01 05:55:00,3860.08,停損,5.9900000000002365,-6.060000000000237,-1.0116861435726205,True,1.5709515859765415,1.0,-1.0116861435726203,1.1666666666666667
2025-10-01,2.5,46,1,3868.48,3865.36,3860.14,5.220000000000255,58.48799999999997,0.0892490767336933,True,2025-10-01 04:50:00,0.07,0.0,0.1333333333333333,2025-10-01 05:55:00,3860.14,停損,8.340000000000146,-8.410000000000146,-1.0083932853717026,True,0.8393285371702491,1.0,-1.0083932853717026,1.0833333333333333
2025-10-06,3.5,46,1,3912.26,3908.17,3899.82,8.349999999999909,59.827,0.1395690908786987,True,2025-10-06 04:50:00,0.07,0.0668594447323115,0.0,2025-10-07 00:00:00,3961.15,收盤,12.440000000000056,48.81999999999987,3.9244372990353416,True,4.649517684887415,0.0739549839228351,3.9244372990353424,19.166666666666668
2025-10-06,2.5,47,1,3916.31,3911.67,3899.11,12.559999999999944,59.827,0.2099386564594572,True,2025-10-06 04:55:00,0.07,0.0668594447323115,0.0,2025-10-07 00:00:00,3961.15,收盤,17.199999999999818,44.770000000000145,2.602906976744222,True,3.1273255813953797,0.05639534883719827,2.602906976744222,19.083333333333332
2025-10-06,4.0,49,1,3921.86,3918.36,3899.82,18.539999999999964,59.827,0.3098935263342632,True,2025-10-06 05:05:00,0.07,0.0668594447323115,0.0,2025-10-07 00:00:00,3961.15,收盤,22.039999999999964,39.21999999999996,1.7794918330308542,True,2.188747731397453,0.1370235934664241,1.7794918330308542,18.916666666666668
2025-10-06,2.0,50,1,3924.01,3920.55,3898.21,22.340000000000146,59.827,0.3734099988299622,True,2025-10-06 05:10:00,0.07,0.0668594447323115,0.0,2025-10-07 00:00:00,3961.15,收盤,25.800000000000185,37.06999999999987,1.4368217054263412,True,1.7864341085271072,0.20038759689922622,1.4368217054263417,18.833333333333332
2025-10-06,4.5,69,1,3928.53,3924.65,3902.54,22.110000000000127,59.827,0.3695655807578539,True,2025-10-06 06:45:00,0.07,0.0668594447323115,0.0,2025-10-07 00:00:00,3961.15,收盤,25.99000000000024,32.54999999999989,1.2524047710657789,True,1.5994613312812362,0.23162754905732694,1.2524047710657789,17.25
2025-10-06,5.5,70,1,3930.6,3926.6,3918.84,7.7599999999997635,59.827,0.1297073227806803,True,2025-10-06 06:50:00,0.07,0.0668594447323115,0.0,2025-10-07 00:00:00,3961.15,收盤,11.759999999999764,30.48000000000018,2.591836734693945,True,3.3588435374150336,0.6879251700680148,2.591836734693945,17.166666666666668
2025-10-06,6.0,79,1,3935.05,3931.99,3920.01,11.979999999999563,59.827,0.2002440369732656,True,2025-10-06 07:35:00,0.07,0.0668594447323115,0.0,2025-10-07 00:00:00,3961.15,收盤,15.039999999999964,26.02999999999991,1.730718085106381,True,2.330452127659562,0.8337765957446804,1.730718085106381,16.416666666666668
2025-10-06,6.5,81,1,3939.97,3934.42,3921.54,12.88000000000011,59.827,0.2152874120380448,True,2025-10-06 07:45:00,0.07,0.0668594447323115,0.0,2025-10-07 00:00:00,3961.15,收盤,18.42999999999984,21.11000000000029,1.1454150841020334,True,1.634834508952815,0.9473684210526173,1.1454150841020336,16.25
2025-10-06,7.0,86,1,3944.52,3940.33,3928.84,11.489999999999782,59.827,0.1920537549935611,True,2025-10-06 08:10:00,0.07,0.0668594447323115,0.0,2025-10-06 08:45:00,3928.84,停損,15.679999999999836,-15.749999999999837,-1.0044642857142858,True,0.039540816326524064,1.0,-1.0044642857142858,0.5833333333333334
2025-10-06,8.5,118,1,3940.18,3937.16,3922.51,14.649999999999636,59.827,0.2448727163320848,True,2025-10-06 10:50:00,0.07,0.0668594447323115,0.0,2025-10-07 00:00:00,3961.15,收盤,17.669999999999618,20.900000000000254,1.1827956989247712,True,1.6932654216186032,0.7691001697792861,1.1827956989247712,13.166666666666666
2025-10-06,10.0,122,1,3947.54,3943.93,3929.36,14.569999999999707,59.827,0.2435355274374397,True,2025-10-06 11:10:00,0.07,0.0668594447323115,0.0,2025-10-06 15:30:00,3929.36,停損,18.17999999999984,-18.249999999999837,-1.0038503850385037,True,0.09625962596259713,1.0,-1.003850385038504,4.333333333333333
2025-10-08,2.0,48,1,4000.79,3996.01,3988.4,7.610000000000127,61.49300000000003,0.1237539232107739,True,2025-10-08 05:00:00,0.07,0.0162620135625193,0.0,2025-10-09 00:00:00,4041.62,收盤,12.389999999999873,40.75999999999993,3.2897497982244026,True,4.71670702179182,0.4116222760290526,3.2897497982244026,19.0
2025-10-08,2.5,51,1,4004.78,3999.33,3988.4,10.929999999999836,61.49300000000003,0.1777438082383333,True,2025-10-08 05:15:00,0.07,0.0162620135625193,0.0,2025-10-09 00:00:00,4041.62,收盤,16.38000000000011,36.76999999999969,2.244810744810711,True,3.324175824175791,0.16056166056166615,2.244810744810711,18.75
2025-10-08,4.5,59,1,4010.36,4006.09,3991.11,14.980000000000018,61.49300000000003,0.2436049631665394,True,2025-10-08 05:55:00,0.07,0.0162620135625193,0.0,2025-10-09 00:00:00,4041.62,收盤,19.25,31.189999999999763,1.6202597402597279,True,2.538701298701293,0.0742857142857294,1.620259740259728,18.083333333333332
2025-10-08,5.0,70,1,4016.01,4011.74,3995.69,16.049999999999727,61.49300000000003,0.2610053176784304,True,2025-10-08 06:50:00,0.07,0.0162620135625193,0.0,2025-10-09 00:00:00,4041.62,收盤,20.320000000000164,25.539999999999672,1.2568897637795013,True,2.126968503936981,0.23129921259843675,1.2568897637795011,17.166666666666668
2025-10-08,5.5,74,1,4019.17,4014.66,4003.59,11.069999999999707,61.49300000000003,0.1800204901370839,True,2025-10-08 07:10:00,0.07,0.0162620135625193,0.0,2025-10-09 00:00:00,4041.62,收盤,15.579999999999927,22.379999999999818,1.4364569961489038,True,2.5712451861360806,0.13350449293966218,1.4364569961489038,16.833333333333332
2025-10-08,6.0,75,1,4019.75,4016.54,4008.93,7.610000000000127,61.49300000000003,0.1237539232107739,True,2025-10-08 07:15:00,0.07,0.0162620135625193,0.0,2025-10-09 00:00:00,4041.62,收盤,10.820000000000164,21.79999999999989,2.014787430683878,True,3.648798521256878,0.2458410351201307,2.014787430683878,16.75
2025-10-08,6.5,83,1,4026.15,4021.53,4010.49,11.040000000000418,61.49300000000003,0.1795326297302199,True,2025-10-08 07:55:00,0.07,0.0162620135625193,0.0,2025-10-09 00:00:00,4041.62,收盤,15.66000000000031,15.3999999999998,0.9833971902937098,True,2.1123882503192384,0.3007662835249006,0.9833971902937098,16.083333333333332
2025-10-08,7.0,88,1,4031.25,4027.23,4014.73,12.5,61.49300000000003,0.2032751695314913,True,2025-10-08 08:20:00,0.07,0.0162620135625193,0.0,2025-10-09 00:00:00,4041.62,收盤,16.519999999999982,10.29999999999989,0.6234866828087108,True,1.6937046004842644,0.5938256658595615,0.6234866828087108,15.666666666666666
2025-10-08,9.0,110,1,4036.23,4033.12,4021.44,11.679999999999836,61.49300000000003,0.1899403184102228,True,2025-10-08 10:10:00,0.07,0.0162620135625193,0.0,2025-10-09 00:00:00,4041.62,收盤,14.789999999999964,5.319999999999872,0.3597025016903236,True,1.5551048005409098,0.663286004056793,0.3597025016903236,13.833333333333334
2025-10-08,7.5,122,1,4038.78,4034.66,4017.09,17.56999999999971,61.49300000000003,0.2857235782934594,True,2025-10-08 11:10:00,0.07,0.0162620135625193,0.0,2025-10-09 00:00:00,4041.62,收盤,21.69000000000005,2.769999999999691,0.12770862148454054,True,0.942830797602571,0.5698478561549145,0.1277086214845405,12.833333333333334
2025-10-08,9.5,142,1,4043.58,4039.08,4025.52,13.559999999999944,61.49300000000003,0.2205129039077608,True,2025-10-08 12:50:00,0.07,0.0162620135625193,0.0,2025-10-09 00:00:00,4041.62,收盤,18.059999999999945,-2.030000000000036,-0.11240310077519615,True,0.8665559246954673,0.9501661129568054,-0.1124031007751961,11.166666666666666
2025-10-10,3.0,40,-1,3978.74,3994.47,3985.58,8.889999999999873,70.28400000000002,0.1264868248819058,True,2025-10-10 04:20:00,0.07,0.014227989300552,0.8461538461538461,2025-10-10 11:05:00,3978.74,保本,15.730000000000018,-0.07,-0.0044500953591862635,True,2.0101716465352735,0.5117609663064319,-1.0044500953591864,6.75
2025-10-10,2.5,44,-1,3972.27,3993.07,3979.27,13.800000000000182,70.28400000000002,0.1963462523476207,True,2025-10-10 04:40:00,0.07,0.014227989300552,0.7857142857142857,2025-10-10 11:50:00,3993.07,停損,20.800000000000185,-20.870000000000182,-1.0033653846153845,True,1.2091346153846092,1.0,-1.0033653846153845,7.166666666666667
2025-10-10,3.5,63,-1,3971.44,3994.47,3975.47,19.0,70.28400000000002,0.2703317967104888,True,2025-10-10 06:15:00,0.07,0.014227989300552,0.55,2025-10-10 11:50:00,3994.47,停損,23.029999999999745,-23.099999999999746,-1.0030395136778116,True,1.056013894919689,1.0,-1.0030395136778116,5.583333333333333
2025-10-10,5.0,65,-1,3969.34,3986.79,3973.31,13.480000000000018,70.28400000000002,0.1917932957714417,True,2025-10-10 06:25:00,0.07,0.014227989300552,0.5238095238095238,2025-10-10 11:15:00,3986.79,停損,17.449999999999818,-17.51999999999982,-1.0040114613180515,True,1.2733524355301138,1.0,-1.0040114613180515,4.833333333333333
2025-10-10,4.0,69,-1,3964.72,3992.48,3969.98,22.5,70.28400000000002,0.3201297592624209,True,2025-10-10 06:45:00,0.07,0.014227989300552,0.5,2025-10-10 11:50:00,3992.48,停損,27.76000000000022,-27.83000000000022,-1.002521613832853,True,0.6340057636887525,1.0,-1.002521613832853,5.083333333333333
2025-10-10,5.5,74,-1,3955.06,3986.79,3961.98,24.809999999999945,70.28400000000002,0.3529964145466954,True,2025-10-10 07:10:00,0.07,0.014227989300552,0.4583333333333333,2025-10-10 11:15:00,3986.79,停損,31.730000000000015,-31.80000000000002,-1.0022061140876144,True,0.25023636936653165,1.0,-1.0022061140876142,4.083333333333333
2025-10-10,8.0,109,-1,3960.61,3977.79,3965.67,12.11999999999989,70.28400000000002,0.1724432303226891,True,2025-10-10 10:05:00,0.07,0.014227989300552,0.3055555555555556,2025-10-10 11:05:00,3977.79,停損,17.179999999999836,-17.249999999999837,-1.0040745052386497,True,0.46915017462165437,1.0,-1.0040745052386495,1.0
2025-10-10,9.0,110,-1,3954.58,3976.14,3962.71,13.429999999999836,70.28400000000002,0.1910818963064116,True,2025-10-10 10:10:00,0.07,0.014227989300552,0.3055555555555556,2025-10-10 11:00:00,3976.14,停損,21.559999999999945,-21.629999999999946,-1.0032467532467533,True,0.05658627087197602,1.0,-1.0032467532467533,0.8333333333333334
2025-10-13,2.5,33,1,4057.08,4049.88,4024.59,25.289999999999964,72.93500000000003,0.3467471035853836,True,2025-10-13 03:45:00,0.07,0.3290601220264618,0.0,2025-10-14 00:00:00,4111.42,收盤,32.48999999999978,54.270000000000145,1.6703601108033397,True,1.844567559249021,0.6558941212680852,1.6703601108033397,20.25
2025-10-13,5.5,78,1,4056.73,4052.67,4041.71,10.960000000000036,72.93500000000003,0.1502707890587513,True,2025-10-13 07:30:00,0.07,0.3290601220264618,0.0,2025-10-14 00:00:00,4111.42,收盤,15.019999999999982,54.620000000000054,3.6364846870838963,True,4.013315579227714,0.09853528628495473,3.636484687083896,16.5
2025-10-13,4.5,85,1,4061.4,4055.87,4041.4,14.4699999999998,72.93500000000003,0.1983958319051181,True,2025-10-13 08:05:00,0.07,0.3290601220264618,0.0,2025-10-14 00:00:00,4111.42,收盤,20.0,49.94999999999998,2.497499999999999,True,2.780500000000006,0.09850000000001273,2.497499999999999,15.916666666666666
2025-10-13,7.0,86,1,4065.45,4059.42,4051.13,8.289999999999964,72.93500000000003,0.1136628504833065,True,2025-10-13 08:10:00,0.07,0.3290601220264618,0.0,2025-10-14 00:00:00,4111.42,收盤,14.319999999999707,45.900000000000254,3.2053072625699155,True,3.6005586592179784,0.407821229050266,3.2053072625699155,15.833333333333334
2025-10-13,9.0,130,1,4077.46,4073.64,4059.61,14.029999999999744,72.93500000000003,0.1923630630012989,True,2025-10-13 11:50:00,0.07,0.3290601220264618,0.0,2025-10-14 00:00:00,4111.42,收盤,17.84999999999991,33.890000000000036,1.898599439775922,True,2.2156862745098254,0.39551820728291215,1.898599439775922,12.166666666666666
2025-10-13,10.0,155,1,4081.86,4077.49,4066.73,10.759999999999764,72.93500000000003,0.1475286213751938,True,2025-10-13 13:55:00,0.07,0.3290601220264618,0.0,2025-10-14 00:00:00,4111.42,收盤,15.13000000000011,29.489999999999945,1.949107732980815,True,2.323198942498337,0.5657633840052798,1.949107732980815,10.083333333333334
2025-10-14,2.0,39,1,4140.55,4132.01,4112.91,19.100000000000364,77.35700000000006,0.2469071965045225,True,2025-10-14 04:15:00,0.07,0.0258541567020437,0.1666666666666666,2025-10-14 09:00:00,4112.91,停損,27.640000000000327,-27.710000000000328,-1.002532561505065,True,1.4153400868306594,1.0,-1.002532561505065,4.75
2025-10-14,4.5,62,1,4153.45,4149.29,4132.17,17.11999999999989,77.35700000000006,0.2213115813694931,True,2025-10-14 06:10:00,0.07,0.0258541567020437,0.1,2025-10-14 08:45:00,4132.17,停損,21.279999999999745,-21.349999999999746,-1.0032894736842106,True,1.2321428571428839,1.0,-1.0032894736842106,2.5833333333333335
2025-10-14,3.5,63,1,4154.72,4149.85,4123.42,26.43000000000029,77.35700000000006,0.3416626808175119,True,2025-10-14 06:15:00,0.07,0.0258541567020437,0.1,2025-10-14 08:45:00,4123.42,停損,31.300000000000185,-31.370000000000182,-1.0022364217252395,True,0.7971246006389672,1.0,-1.0022364217252395,2.5
2025-10-14,5.5,70,1,4164.27,4159.57,4141.88,17.6899999999996,77.35700000000006,0.2286800160295718,True,2025-10-14 06:50:00,0.07,0.0258541567020437,0.0869565217391304,2025-10-14 08:40:00,4141.88,停損,22.390000000000327,-22.460000000000328,-1.0031263957123715,True,0.6878070567217245,1.0,-1.0031263957123715,1.8333333333333333
2025-10-14,6.0,86,1,4175.99,4166.37,4145.26,21.109999999999676,77.35700000000006,0.2728906239900676,True,2025-10-14 08:10:00,0.07,0.0258541567020437,0.0714285714285714,2025-10-14 08:40:00,4145.26,停損,30.729999999999563,-30.799999999999564,-1.0022779043280183,True,0.11975268467296919,1.0,-1.0022779043280183,0.5
2025-10-15,2.0,37,1,4174.02,4167.16,4157.2,9.960000000000036,78.42000000000007,0.1270084162203523,True,2025-10-15 04:05:00,0.07,0.1275184901810761,0.0,2025-10-15 12:25:00,4174.02,保本,16.82000000000062,-0.07,-0.004161712247324461,True,2.6272294887038035,0.4120095124851389,2.033293697978494,8.333333333333334
2025-10-15,5.0,87,1,4189.68,4184.54,4167.09,17.449999999999818,78.42000000000007,0.2225197653659755,True,2025-10-15 08:15:00,0.07,0.1275184901810761,0.0,2025-10-15 12:25:00,4167.09,停損,22.590000000000146,-22.660000000000146,-1.0030987162461267,True,1.2629482071712954,1.0,-1.003098716246127,4.166666666666667
2025-10-15,5.5,89,1,4192.01,4185.83,4167.09,18.73999999999978,78.42000000000007,0.2389696505993339,True,2025-10-15 08:25:00,0.07,0.1275184901810761,0.0,2025-10-15 12:25:00,4167.09,停損,24.920000000000076,-24.990000000000073,-1.0028089887640448,True,1.0513643659710972,1.0,-1.002808988764045,4.0
2025-10-15,6.0,106,1,4196.07,4190.67,4176.17,14.5,78.42000000000007,0.1849018107625604,True,2025-10-15 09:50:00,0.07,0.1275184901810761,0.0,2025-10-15 12:25:00,4176.17,停損,19.89999999999964,-19.969999999999636,-1.0035175879396985,True,1.1125628140703885,1.0,-1.0035175879396985,2.5833333333333335
2025-10-15,7.5,107,1,4198.04,4193.15,4174.35,18.799999999999272,78.42000000000007,0.2397347615404138,True,2025-10-15 09:55:00,0.07,0.1275184901810761,0.0,2025-10-15 12:25:00,4174.35,停損,23.6899999999996,-23.7599999999996,-1.0029548332629803,True,0.8514140987758723,1.0,-1.0029548332629803,2.5
2025-10-15,9.0,116,1,4205.13,4200.37,4184.31,16.05999999999949,78.42000000000007,0.2047946952308018,True,2025-10-15 10:40:00,0.07,0.1275184901810761,0.0,2025-10-15 12:25:00,4184.31,停損,20.81999999999971,-20.88999999999971,-1.0033621517771374,True,0.6282420749279591,1.0,-1.0033621517771374,1.75
2025-10-15,10.0,122,1,4214.66,4209.83,4194.62,15.210000000000036,78.42000000000007,0.1939556235654172,True,2025-10-15 11:10:00,0.07,0.1275184901810761,0.0,2025-10-15 12:20:00,4194.62,停損,20.039999999999964,-20.109999999999964,-1.003493013972056,True,0.17714570858284373,1.0,-1.003493013972056,1.1666666666666667
2025-10-16,3.5,50,1,4233.92,4227.83,4210.47,17.359999999999673,81.98800000000001,0.2117383031663129,True,2025-10-16 05:10:00,0.08,0.0487876274576767,0.0625,2025-10-16 08:35:00,4210.47,停損,23.449999999999815,-23.529999999999816,-1.0034115138592752,True,0.3488272921108893,1.0,-1.003411513859275,3.4166666666666665
2025-10-16,4.0,60,1,4239.59,4233.02,4210.55,22.47000000000025,81.98800000000001,0.2740644972435021,True,2025-10-16 06:00:00,0.08,0.0487876274576767,0.0526315789473684,2025-10-16 08:35:00,4210.55,停損,29.039999999999964,-29.119999999999962,-1.002754820936639,True,0.08643250688705996,1.0,-1.002754820936639,2.5833333333333335
2025-10-16,9.5,144,1,4239.61,4234.03,4215.66,18.36999999999989,81.98800000000001,0.224057179099379,True,2025-10-16 13:00:00,0.08,0.0487876274576767,0.0212765957446808,2025-10-17 00:00:00,4329.17,收盤,23.949999999999815,89.4800000000004,3.7361169102296907,True,3.8050104384133947,0.49436325678494053,3.7361169102296894,11.0
2025-10-16,10.5,154,1,4240.78,4236.03,4226.05,9.979999999999563,81.98800000000001,0.1217251305068981,True,2025-10-16 13:50:00,0.08,0.0487876274576767,0.0196078431372549,2025-10-17 00:00:00,4329.17,收盤,14.729999999999563,88.31000000000033,5.995247793618666,True,6.107264086897672,0.8832315003394225,5.995247793618666,10.166666666666666
2025-10-17,4.5,58,1,4345.81,4337.67,4279.15,58.52000000000044,87.35699999999997,0.6698947995009038,True,2025-10-17 05:50:00,0.08,0.0,0.7368421052631579,2025-10-17 16:40:00,4279.15,停損,66.66000000000076,-66.74000000000076,-1.001200120012001,True,0.49264926492647554,1.0,-1.001200120012001,10.833333333333334
2025-10-17,5.0,63,1,4359.48,4348.55,4312.52,36.02999999999975,87.35699999999997,0.4124454823311212,True,2025-10-17 06:15:00,0.08,0.0,0.7,2025-10-17 14:35:00,4312.52,停損,46.95999999999913,-47.039999999999125,-1.0017035775127767,True,0.40821976149915734,1.0,-1.0017035775127767,8.333333333333334
2025-10-17,4.0,72,1,4366.73,4362.31,4279.15,83.16000000000076,87.35699999999997,0.9519557677118125,True,2025-10-17 07:00:00,0.08,0.0,0.6086956521739131,2025-10-17 16:40:00,4279.15,停損,87.57999999999993,-87.65999999999993,-1.0009134505594885,True,0.13610413336378263,1.0,-1.0009134505594883,9.666666666666666
2025-10-17,6.0,73,1,4373.75,4366.76,4338.75,28.01000000000022,87.35699999999997,0.3206383003079344,True,2025-10-17 07:05:00,0.08,0.0,0.5833333333333334,2025-10-17 10:25:00,4338.75,停損,35.0,-35.08,-1.0022857142857142,True,0.1399999999999896,1.0,-1.0022857142857142,3.3333333333333335
2025-10-20,2.0,27,-1,4225.32,4256.2,4234.06,22.139999999999414,101.302,0.2185544214329373,True,2025-10-20 03:15:00,0.09,0.0493573670806104,0.0,2025-10-20 04:20:00,4256.2,停損,30.88000000000011,-30.97000000000011,-1.0029145077720207,True,0.20272020725386292,1.0,-1.0029145077720207,1.0833333333333333
2025-10-21,8.5,106,1,4343.77,4333.2,4317.23,15.970000000000256,108.94699999999992,0.1465850367609963,True,2025-10-21 09:50:00,0.09,0.0,0.9142857142857144,2025-10-21 10:35:00,4317.23,停損,26.540000000000877,-26.630000000000873,-1.0033911077618687,True,0.018085908063283633,1.0,-1.003391107761869,0.75
2025-10-27,8.5,113,-1,4069.28,4084.93,4076.5,8.429999999999836,141.38599999999997,0.0596240080347406,True,2025-10-27 10:25:00,0.07,0.0141456721316113,0.027027027027027,2025-10-28 00:00:00,3982.49,收盤,15.649999999999636,86.72000000000043,5.541214057508143,True,6.239616613418681,0.1399361022363994,5.541214057508143,13.583333333333334
2025-10-27,9.0,121,-1,4065.32,4084.93,4074.01,10.919999999999618,141.38599999999997,0.0772353698385951,True,2025-10-27 11:05:00,0.07,0.0141456721316113,0.025,2025-10-28 00:00:00,3982.49,收盤,19.609999999999676,82.76000000000039,4.220295767465668,True,4.7776644569098226,0.2651708312085622,4.220295767465669,12.916666666666666
2025-10-27,8.0,125,-1,4058.64,4084.46,4068.8,15.659999999999854,141.38599999999997,0.1107606127905157,True,2025-10-27 11:25:00,0.07,0.0141456721316113,0.024390243902439,2025-10-28 00:00:00,3982.49,收盤,25.820000000000164,76.0800000000001,2.946553059643672,True,3.369868319132425,0.14446165762974417,2.946553059643672,12.583333333333334
2025-10-27,10.0,131,-1,4040.75,4079.87,4064.13,15.739999999999782,141.38599999999997,0.1113264396757796,True,2025-10-27 11:55:00,0.07,0.0141456721316113,0.0232558139534883,2025-10-28 00:00:00,3982.49,收盤,39.11999999999989,58.19000000000022,1.4874744376278215,True,1.766871165644174,0.24539877300613333,1.4874744376278215,12.083333333333334
2025-10-28,4.5,59,-1,3983.16,4015.42,3997.46,17.960000000000036,143.3379999999999,0.1252982461036155,True,2025-10-28 05:55:00,0.07,0.0,0.6842105263157895,2025-10-29 00:00:00,3952.21,收盤,32.26000000000022,30.879999999999818,0.9572225666459891,True,2.9916305021698424,0.3474891506509597,0.9572225666459891,18.083333333333332
2025-10-28,5.0,78,-1,3971.56,4013.9,3980.79,33.11000000000013,143.3379999999999,0.230992479314628,True,2025-10-28 07:30:00,0.07,0.0,0.52,2025-10-29 00:00:00,3952.21,收盤,42.34000000000015,19.27999999999991,0.45536136041567876,True,2.0054322153991393,0.20713273500236068,0.4553613604156789,16.5
2025-10-28,7.5,98,-1,3957.08,3980.33,3967.29,13.039999999999964,143.3379999999999,0.0909737822489498,True,2025-10-28 09:10:00,0.07,0.0,0.40625,2025-10-28 18:15:00,3957.08,保本,23.25,-0.07,-0.0030107526881720434,True,3.02924731182795,0.12860215053764457,0.2064516129032211,9.083333333333334
2025-10-28,6.5,99,-1,3955.65,3994.2,3964.07,30.12999999999965,143.3379999999999,0.2102024585246039,True,2025-10-28 09:15:00,0.07,0.0,0.40625,2025-10-29 00:00:00,3952.21,收盤,38.54999999999973,3.3700000000000547,0.08741893644617584,True,1.789883268482503,0.38158236057069106,0.0874189364461758,14.75
2025-10-28,8.0,104,-1,3948.36,3980.22,3959.22,21.0,143.3379999999999,0.1465068579162539,True,2025-10-28 09:40:00,0.07,0.0,0.3823529411764705,2025-10-29 00:00:00,3952.21,收盤,31.859999999999676,-3.919999999999909,-0.12303829252981635,True,1.9369114877589664,0.6905210295040874,-0.1230382925298163,14.333333333333334
2025-10-28,8.5,105,-1,3943.66,3975.99,3951.63,24.359999999999676,143.3379999999999,0.1699479551828523,True,2025-10-28 09:45:00,0.07,0.0,0.3823529411764705,2025-10-29 00:00:00,3952.21,收盤,32.32999999999993,-8.620000000000182,-0.26662542530158373,True,1.7633776678008009,0.8258583359109289,-0.2666254253015837,14.25
2025-10-28,9.0,116,-1,3928.67,3968.64,3938.67,29.9699999999998,143.3379999999999,0.2090862157976239,True,2025-10-28 10:40:00,0.07,0.0,0.3421052631578947,2025-10-28 18:55:00,3968.64,停損,39.9699999999998,-40.0399999999998,-1.001751313485114,True,1.051288466349767,1.0,-1.001751313485114,8.25
2025-10-28,9.5,123,-1,3921.86,3957.25,3930.77,26.480000000000015,143.3379999999999,0.1847381713153527,True,2025-10-28 11:15:00,0.07,0.0,0.325,2025-10-28 18:15:00,3957.25,停損,35.38999999999987,-35.45999999999987,-1.001977959875671,True,0.9949138174625647,1.0,-1.001977959875671,7.0
2025-10-28,10.0,125,-1,3913.89,3948.53,3922.16,26.370000000000346,143.3379999999999,0.1839707544405556,True,2025-10-28 11:25:00,0.07,0.0,0.3170731707317073,2025-10-28 17:30:00,3948.53,停損,34.64000000000033,-34.71000000000033,-1.0020207852193996,True,0.786374133949178,1.0,-1.0020207852193996,6.083333333333333
2025-10-28,10.5,131,-1,3903.42,3936.22,3911.03,25.1899999999996,143.3379999999999,0.1757384643290656,True,2025-10-28 11:55:00,0.07,0.0,0.3023255813953488,2025-10-28 16:55:00,3936.22,停損,32.79999999999973,-32.86999999999973,-1.0021341463414635,True,0.5112804878048818,1.0,-1.0021341463414637,5.0
2025-10-31,8.5,114,1,4023.23,4015.07,3998.31,16.76000000000022,149.40299999999996,0.1121798089730475,True,2025-10-31 10:30:00,0.07,0.0133866120492895,0.6486486486486487,2025-10-31 19:10:00,3998.31,停損,24.920000000000076,-24.990000000000073,-1.0028089887640448,True,0.518860353130008,1.0,-1.002808988764045,8.666666666666666
2025-11-04,4.5,89,-1,3969.51,3993.9,3975.92,17.980000000000018,128.06499999999997,0.1403974544176787,False,2025-11-04 08:25:00,0.07,0.0468512083707492,0.0,2025-11-04 09:25:00,3993.9,停損,24.389999999999876,-24.459999999999873,-1.002870028700287,True,0.00574005740058746,1.0,-1.002870028700287,1.0
2025-11-10,2.0,28,1,4034.57,4023.83,4011.22,12.610000000000127,88.73699999999985,0.1421053224697719,True,2025-11-10 03:20:00,0.07,0.0901540507341922,0.0,2025-11-11 00:00:00,4115.58,收盤,23.350000000000364,80.93999999999977,3.4663811563168525,True,3.5130620985010244,0.03126338329764483,3.4663811563168525,20.666666666666668
2025-11-10,4.0,62,1,4054.72,4049.19,4037.89,11.300000000000182,88.73699999999985,0.1273425966620485,True,2025-11-10 06:10:00,0.07,0.0901540507341922,0.0,2025-11-11 00:00:00,4115.58,收盤,16.829999999999927,60.79000000000013,3.6120023767082823,True,3.676767676767726,0.28520499108732905,3.6120023767082814,17.833333333333332
2025-11-10,2.5,65,1,4056.34,4051.87,4011.53,40.33999999999969,88.73699999999985,0.4546018008271607,True,2025-11-10 06:25:00,0.07,0.0901540507341922,0.0,2025-11-11 00:00:00,4115.58,收盤,44.809999999999945,59.16999999999978,1.320464182102206,True,1.3447891095737623,0.1432715911626887,1.320464182102206,17.583333333333332
2025-11-10,5.0,79,1,4059.55,4052.8,4045.02,7.7800000000002,88.73699999999985,0.0876748143390041,True,2025-11-10 07:35:00,0.07,0.0901540507341922,0.0,2025-11-11 00:00:00,4115.58,收盤,14.5300000000002,55.959999999999745,3.8513420509290417,True,3.9263592567102132,0.11149346180318812,3.8513420509290417,16.416666666666668
2025-11-10,5.5,80,1,4061.78,4056.84,4047.35,9.490000000000236,88.73699999999985,0.1069452426834381,True,2025-11-10 07:40:00,0.07,0.0901540507341922,0.0,2025-11-11 00:00:00,4115.58,收盤,14.430000000000293,53.72999999999973,3.723492723492629,True,3.799029799029734,0.002772002772031709,3.7234927234926296,16.333333333333332
2025-11-10,7.0,91,1,4075.11,4069.92,4050.13,19.789999999999964,88.73699999999985,0.2230185830037075,True,2025-11-10 08:35:00,0.07,0.0901540507341922,0.0,2025-11-11 00:00:00,4115.58,收盤,24.980000000000015,40.3999999999998,1.6172938350680455,True,1.6609287429944037,0.19935948759007263,1.6172938350680452,15.416666666666666
2025-11-10,7.5,99,1,4078.64,4073.74,4054.92,18.81999999999971,88.73699999999985,0.2120874043521838,True,2025-11-10 09:15:00,0.07,0.0901540507341922,0.0,2025-11-11 00:00:00,4115.58,收盤,23.7199999999998,36.870000000000054,1.55438448566612,True,1.600337268128196,0.29468802698144353,1.55438448566612,14.75
2025-11-10,8.0,116,1,4084.95,4078.43,4066.8,11.629999999999654,88.73699999999985,0.131061451254828,True,2025-11-10 10:40:00,0.07,0.0901540507341922,0.0,2025-11-11 00:00:00,4115.58,收盤,18.14999999999964,30.56000000000011,1.6837465564738687,True,1.743801652892627,0.7327823691460051,1.683746556473869,13.333333333333334
2025-11-10,10.5,160,1,4092.74,4085.13,4071.65,13.480000000000018,88.73699999999985,0.151909575487114,True,2025-11-10 14:20:00,0.07,0.0901540507341922,0.0,2025-11-11 00:00:00,4115.58,收盤,21.08999999999969,22.770000000000145,1.0796586059744182,True,1.1313418681840177,0.8705547652916046,1.0796586059744182,9.666666666666666
2025-11-11,2.5,51,1,4143.18,4138.08,4124.86,13.220000000000256,86.63099999999994,0.1526012628273974,True,2025-11-11 05:15:00,0.07,0.0230864240283501,0.0,2025-11-11 07:40:00,4124.86,停損,18.32000000000062,-18.39000000000062,-1.0038209606986899,True,0.3187772925764164,1.0,-1.00382096069869,2.4166666666666665
2025-11-11,4.0,52,1,4145.25,4139.57,4129.35,10.219999999999343,86.63099999999994,0.1179716267848616,True,2025-11-11 05:20:00,0.07,0.0230864240283501,0.0,2025-11-11 07:40:00,4129.35,停損,15.899999999999636,-15.969999999999636,-1.0044025157232706,True,0.2371069182390266,1.0,-1.0044025157232706,2.3333333333333335
2025-11-11,3.0,55,1,4147.74,4141.2,4128.06,13.139999999999418,86.63099999999994,0.1516778058662537,True,2025-11-11 05:35:00,0.07,0.0230864240283501,0.0,2025-11-11 07:40:00,4128.06,停損,19.67999999999938,-19.749999999999382,-1.0035569105691058,True,0.06504065040653938,1.0,-1.0035569105691058,2.0833333333333335
2025-11-11,9.0,121,1,4141.63,4133.07,4125.06,8.009999999999309,86.63099999999994,0.0924611282335343,True,2025-11-11 11:05:00,0.07,0.0230864240283501,0.0,2025-11-11 16:35:00,4125.06,停損,16.56999999999971,-16.63999999999971,-1.0042245021122511,True,0.3065781532890776,1.0,-1.0042245021122511,5.5
2025-11-11,7.5,122,1,4142.84,4137.85,4124.78,13.070000000000618,86.63099999999994,0.1508697810252753,True,2025-11-11 11:10:00,0.07,0.0230864240283501,0.0,2025-11-11 16:35:00,4124.78,停損,18.0600000000004,-18.1300000000004,-1.003875968992248,True,0.2142857142857035,1.0,-1.003875968992248,5.416666666666667
2025-11-13,3.5,52,1,4202.54,4196.03,4180.49,15.539999999999964,78.55499999999998,0.1978231812106163,True,2025-11-13 05:20:00,0.07,0.0,0.5294117647058824,2025-11-13 20:35:00,4180.49,停損,22.050000000000185,-22.120000000000182,-1.003174603174603,True,1.9278911564625791,1.0,-1.0031746031746032,15.25
2025-11-13,2.0,60,1,4213.0,4208.81,4186.13,22.68000000000029,78.55499999999998,0.2887149131182012,True,2025-11-13 06:00:00,0.07,0.0,0.4736842105263157,2025-11-13 16:45:00,4186.13,停損,26.86999999999989,-26.93999999999989,-1.0026051358392258,True,1.1927800521027283,1.0,-1.0026051358392258,10.75
2025-11-13,2.5,62,1,4218.31,4209.2,4180.0,29.199999999999815,78.55499999999998,0.3717140856724565,True,2025-11-13 06:10:00,0.07,0.0,0.45,2025-11-13 20:35:00,4180.0,停損,38.3100000000004,-38.3800000000004,-1.001827199164709,True,0.6979900809188072,1.0,-1.001827199164709,14.416666666666666
2025-11-13,8.0,102,1,4216.35,4212.09,4203.4,8.69000000000051,78.55499999999998,0.1106231302908855,True,2025-11-13 09:30:00,0.07,0.0,0.2727272727272727,2025-11-13 16:10:00,4216.35,保本,12.950000000000728,-0.07,-0.005405405405405102,True,2.2162162162160777,0.2942084942085086,-1.0054054054054051,6.666666666666667
2025-11-13,6.5,109,1,4224.57,4217.66,4203.44,14.220000000000256,78.55499999999998,0.1810196677487144,True,2025-11-13 10:05:00,0.07,0.0,0.25,2025-11-13 16:45:00,4203.44,停損,21.13000000000011,-21.20000000000011,-1.0033128253667771,True,0.9692380501656587,1.0,-1.0033128253667771,6.666666666666667
2025-11-14,9.5,147,-1,4152.99,4184.28,4162.85,21.42999999999938,77.23100000000004,0.2774792505600001,True,2025-11-14 13:15:00,0.07,0.0129481684815682,0.375,2025-11-15 00:00:00,4084.64,收盤,31.289999999999964,68.27999999999992,2.182166826462128,True,3.8574624480664736,0.1626717801214494,2.182166826462128,10.75
2025-11-17,5.5,75,-1,4072.44,4088.0,4077.96,10.039999999999964,87.7300000000001,0.1144420380713547,True,2025-11-17 07:15:00,0.07,0.0,0.0416666666666666,2025-11-17 10:00:00,4088.0,停損,15.559999999999944,-15.629999999999946,-1.0044987146529565,True,1.4562982005141345,1.0,-1.0044987146529565,2.75
2025-11-17,6.5,79,-1,4053.32,4085.31,4058.75,26.559999999999945,87.7300000000001,0.3027470648580863,True,2025-11-17 07:35:00,0.07,0.0,0.0384615384615384,2025-11-17 09:50:00,4085.31,停損,31.98999999999978,-32.05999999999978,-1.0021881838074398,True,0.11065958111909933,1.0,-1.0021881838074398,2.25
2025-11-18,2.5,37,-1,4023.06,4045.23,4028.97,16.26000000000022,90.90000000000018,0.1788778877887809,True,2025-11-18 04:05:00,0.07,0.0330033003300329,0.0,2025-11-18 12:00:00,4045.23,停損,22.170000000000076,-22.240000000000073,-1.0031574199368514,True,1.1276499774469968,1.0,-1.0031574199368516,7.916666666666667
2025-11-18,2.0,47,-1,4020.93,4041.37,4027.37,14.0,90.90000000000018,0.1540154015401537,True,2025-11-18 04:55:00,0.07,0.0330033003300329,0.0,2025-11-18 10:40:00,4041.37,停損,20.44000000000005,-20.510000000000055,-1.0034246575342467,True,1.1188845401174086,1.0,-1.0034246575342465,5.75
2025-11-18,3.0,48,-1,4017.61,4045.23,4022.66,22.570000000000164,90.90000000000018,0.2482948294829496,True,2025-11-18 05:00:00,0.07,0.0330033003300329,0.0,2025-11-18 12:00:00,4045.23,停損,27.61999999999989,-27.68999999999989,-1.0025343953656771,True,0.7078204199855271,1.0,-1.0025343953656771,7.0
2025-11-18,3.5,50,-1,4014.33,4041.42,4019.32,22.09999999999991,90.90000000000018,0.2431243124312416,True,2025-11-18 05:10:00,0.07,0.0330033003300329,0.0,2025-11-18 10:40:00,4041.42,停損,27.090000000000146,-27.160000000000146,-1.0025839793281655,True,0.6005906238464339,1.0,-1.0025839793281657,5.5
2025-11-18,4.0,52,-1,4009.98,4035.82,4015.29,20.5300000000002,90.90000000000018,0.2258525852585276,True,2025-11-18 05:20:00,0.07,0.0330033003300329,0.0,2025-11-18 10:35:00,4035.82,停損,25.840000000000146,-25.910000000000146,-1.0027089783281733,True,0.46130030959752344,1.0,-1.0027089783281733,5.25
2025-11-18,7.0,101,-1,4003.75,4025.24,4008.3,16.9399999999996,90.90000000000018,0.1863586358635816,True,2025-11-18 09:25:00,0.07,0.0330033003300329,0.0,2025-11-18 10:15:00,4025.24,停損,21.48999999999978,-21.559999999999782,-1.003257328990228,True,0.26477431363425374,1.0,-1.003257328990228,0.8333333333333334
2025-11-18,6.5,102,-1,4002.37,4021.87,4007.84,14.029999999999744,90.90000000000018,0.1543454345434512,True,2025-11-18 09:30:00,0.07,0.0330033003300329,0.0,2025-11-18 10:10:00,4021.87,停損,19.5,-19.57,-1.0035897435897436,True,0.22102564102563824,1.0,-1.0035897435897436,0.6666666666666666
2025-11-19,6.5,87,1,4096.88,4092.29,4072.58,19.71000000000004,91.6260000000002,0.215113614039683,True,2025-11-19 08:15:00,0.07,0.0109139327265186,0.4285714285714285,2025-11-19 18:30:00,4072.58,停損,24.300000000000185,-24.370000000000182,-1.0028806584362138,True,1.4790123456789848,1.0,-1.002880658436214,10.25
2025-11-19,10.0,129,1,4098.54,4088.74,4078.33,10.409999999999854,91.6260000000002,0.1136140396830575,True,2025-11-19 11:45:00,0.07,0.0109139327265186,0.2857142857142857,2025-11-19 18:30:00,4078.33,停損,20.21000000000004,-20.280000000000037,-1.003463631865413,True,1.6961900049480299,1.0,-1.003463631865413,6.75
2025-11-19,8.5,130,1,4103.78,4095.47,4084.93,10.539999999999964,91.6260000000002,0.1150328509375061,True,2025-11-19 11:50:00,0.07,0.0109139327265186,0.2790697674418604,2025-11-19 18:05:00,4084.93,停損,18.84999999999991,-18.91999999999991,-1.0037135278514588,True,1.5405835543766633,1.0,-1.0037135278514588,6.25
2025-11-25,2.5,40,1,4145.42,4137.04,4122.74,14.300000000000182,95.42100000000012,0.1498621896647505,True,2025-11-25 04:20:00,0.07,0.0209597468062585,0.6923076923076923,2025-11-25 10:40:00,4122.74,停損,22.68000000000029,-22.75000000000029,-1.0030864197530864,True,0.4607583774250302,1.0,-1.0030864197530864,6.333333333333333
2025-11-25,2.0,45,1,4152.05,4144.32,4127.62,16.699999999999818,95.42100000000012,0.175013885832257,True,2025-11-25 04:45:00,0.07,0.0209597468062585,0.6428571428571429,2025-11-25 10:40:00,4127.62,停損,24.43000000000029,-24.50000000000029,-1.002865329512894,True,0.15636512484648643,1.0,-1.002865329512894,5.916666666666667
2025-11-26,9.0,112,1,4167.36,4161.56,4149.26,12.300000000000182,95.1940000000002,0.1292098241485824,False,2025-11-26 10:20:00,0.07,0.0210097275038342,0.054054054054054,2025-11-26 14:50:00,4149.26,停損,18.09999999999945,-18.169999999999455,-1.0038674033149175,True,0.33701657458566564,1.0,-1.0038674033149173,4.5
2025-11-26,10.5,151,1,4172.3,4167.18,4154.92,12.260000000000218,95.1940000000002,0.1287896295985061,False,2025-11-26 13:35:00,0.07,0.0210097275038342,0.04,2025-11-26 14:50:00,4154.92,停損,17.38000000000011,-17.45000000000011,-1.0040276179516685,True,0.06674338319907061,1.0,-1.0040276179516685,1.25
2025-11-28,2.0,25,1,4190.23,4182.87,4163.12,19.75,80.91700000000014,0.2440772643573039,False,2025-11-28 03:05:00,0.07,0.0617917124955199,0.0,2025-11-28 10:15:00,4163.12,停損,27.109999999999676,-27.179999999999673,-1.0025820730357802,True,0.105127259313921,1.0,-1.0025820730357802,7.166666666666667
2025-12-01,2.0,30,1,4238.67,4233.68,4218.32,15.360000000000582,70.1270000000001,0.2190311862763352,True,2025-12-01 03:30:00,0.07,0.1283385857087853,0.0,2025-12-01 07:30:00,4218.32,停損,20.350000000000364,-20.420000000000364,-1.0034398034398033,True,0.8683046683046564,1.0,-1.003439803439803,4.0
2025-12-01,2.5,35,1,4245.89,4239.27,4219.92,19.350000000000364,70.1270000000001,0.2759279592738936,True,2025-12-01 03:55:00,0.07,0.1283385857087853,0.0,2025-12-01 07:25:00,4219.92,停損,25.97000000000025,-26.040000000000255,-1.0026954177897576,True,0.4023873700423456,1.0,-1.0026954177897571,3.5
2025-12-01,5.5,71,1,4246.05,4240.85,4234.97,5.880000000000109,70.1270000000001,0.0838478759964079,True,2025-12-01 06:55:00,0.07,0.1283385857087853,0.0,2025-12-01 07:15:00,4234.97,停損,11.079999999999927,-11.149999999999928,-1.006317689530686,True,0.08122743682307239,1.0,-1.006317689530686,0.3333333333333333
2025-12-01,7.5,94,1,4239.24,4233.97,4217.87,16.100000000000364,70.1270000000001,0.2295834699901655,True,2025-12-01 08:50:00,0.07,0.1283385857087853,0.0,2025-12-02 00:00:00,4232.08,收盤,21.36999999999989,-7.229999999999855,-0.33832475432849285,True,1.1843706130089158,0.9199812821712661,-0.3383247543284928,15.166666666666666
2025-12-01,8.0,108,1,4245.37,4240.58,4226.4,14.180000000000293,70.1270000000001,0.2022045717056236,True,2025-12-01 10:00:00,0.07,0.1283385857087853,0.0,2025-12-01 16:40:00,4226.4,停損,18.97000000000025,-19.040000000000255,-1.0036900369003692,True,1.0110701107011089,1.0,-1.003690036900369,6.666666666666667
2025-12-01,8.5,109,1,4247.6,4242.76,4229.95,12.8100000000004,70.1270000000001,0.1826685869921768,True,2025-12-01 10:05:00,0.07,0.1283385857087853,0.0,2025-12-01 16:40:00,4229.95,停損,17.650000000000546,-17.720000000000546,-1.0039660056657222,True,0.9603399433427362,1.0,-1.0039660056657222,6.583333333333333
2025-12-01,7.0,110,1,4250.3,4246.69,4215.51,31.17999999999938,70.1270000000001,0.4446219002666496,True,2025-12-01 10:10:00,0.07,0.1283385857087853,0.0,2025-12-02 00:00:00,4232.08,收盤,34.789999999999964,-18.290000000000255,-0.5257257832710628,True,0.4096004599022712,0.8830123598735351,-0.5257257832710628,13.833333333333334
2025-12-01,6.5,111,1,4250.99,4246.97,4215.51,31.46000000000004,70.1270000000001,0.4486146562664878,True,2025-12-01 10:15:00,0.07,0.1283385857087853,0.0,2025-12-02 00:00:00,4232.08,收盤,35.47999999999956,-18.979999999999855,-0.5349492671927871,True,0.38218714768885476,0.8852874859075603,-0.5349492671927871,13.75
2025-12-01,9.5,133,1,4259.04,4253.67,4238.19,15.480000000000471,70.1270000000001,0.2207423674191174,True,2025-12-01 12:05:00,0.07,0.1283385857087853,0.0,2025-12-01 16:40:00,4238.19,停損,20.850000000000364,-20.920000000000364,-1.003357314148681,True,0.2642685851319003,1.0,-1.003357314148681,4.583333333333333
2025-12-02,9.0,124,-1,4204.36,4219.35,4209.7,9.650000000000546,66.05300000000003,0.1460948026584794,False,2025-12-02 11:20:00,0.07,0.0151393577884426,0.024390243902439,2025-12-02 16:10:00,4219.35,停損,14.990000000000691,-15.060000000000692,-1.0046697798532354,True,1.5423615743828436,1.0,-1.0046697798532354,4.833333333333333
2025-12-02,10.5,130,-1,4188.68,4216.6,4192.3,24.300000000000185,66.05300000000003,0.3678863942591581,False,2025-12-02 11:50:00,0.07,0.0151393577884426,0.0232558139534883,2025-12-02 16:05:00,4216.6,停損,27.920000000000076,-27.990000000000073,-1.002507163323782,True,0.22349570200575483,1.0,-1.0025071633237823,4.25
2025-12-04,5.5,80,-1,4185.09,4199.18,4190.29,8.890000000000327,61.84999999999995,0.1437348423605551,True,2025-12-04 07:40:00,0.07,0.0646725949878739,0.0,2025-12-04 11:55:00,4199.18,停損,14.090000000000146,-14.160000000000146,-1.0049680624556423,True,0.7012065294535136,1.0,-1.0049680624556423,4.25
2025-12-09,7.0,86,-1,4174.52,4187.33,4178.22,9.109999999999673,52.37499999999991,0.1739379474940274,True,2025-12-09 08:10:00,0.07,0.0,0.6428571428571429,2025-12-09 10:15:00,4187.33,停損,12.80999999999949,-12.879999999999491,-1.0054644808743172,True,0.34660421545672804,1.0,-1.0054644808743172,2.0833333333333335
2025-12-12,6.0,78,1,4274.44,4271.09,4266.33,4.760000000000218,59.42499999999982,0.0801009676062302,True,2025-12-12 07:30:00,0.07,0.016827934371056,0.36,2025-12-12 18:10:00,4274.44,保本,8.109999999999673,-0.07,-0.008631319358816626,True,9.764488286067042,0.01849568434027648,-1.0086313193588166,10.666666666666666
2025-12-12,5.5,79,1,4277.32,4273.08,4266.83,6.25,59.42499999999982,0.1051745898191,True,2025-12-12 07:35:00,0.07,0.016827934371056,0.3461538461538461,2025-12-12 18:05:00,4277.32,保本,10.489999999999782,-0.07,-0.00667302192564361,True,7.274547187798092,0.09246901811242758,-1.0066730219256437,10.5
2025-12-12,5.0,80,1,4277.93,4274.64,4268.82,5.8200000000006185,59.42499999999982,0.0979385780395563,True,2025-12-12 07:40:00,0.07,0.016827934371056,0.3461538461538461,2025-12-12 18:05:00,4277.93,保本,9.110000000000582,-0.07,-0.0076838638858392466,True,8.309549945114707,0.17343578485179212,-1.0076838638858392,10.416666666666666
2025-12-12,6.5,84,1,4279.03,4275.73,4266.14,9.589999999999236,59.42499999999982,0.1613798906184142,True,2025-12-12 08:00:00,0.07,0.016827934371056,0.3333333333333333,2025-12-12 18:05:00,4279.03,保本,12.889999999999418,-0.07,-0.005430566330488997,True,5.787432117921158,0.18463925523663433,-1.005430566330489,10.083333333333334
2025-12-12,4.5,90,1,4281.16,4276.88,4268.82,8.0600000000004,59.42499999999982,0.1356331510307181,True,2025-12-12 08:30:00,0.07,0.016827934371056,0.3103448275862069,2025-12-12 18:05:00,4281.16,保本,12.340000000000146,-0.07,-0.005672609400324082,True,5.8727714748783955,0.14505672609399858,-1.005672609400324,9.583333333333334
2025-12-12,7.0,98,1,4287.28,4280.55,4266.14,14.409999999999854,59.42499999999982,0.2424905342869145,True,2025-12-12 09:10:00,0.07,0.016827934371056,0.28125,2025-12-12 18:00:00,4287.28,保本,21.139999999999414,-0.07,-0.0033112582781457873,True,3.138599810785345,0.14333017975401272,-1.0033112582781458,8.833333333333334
2025-12-12,8.5,111,1,4293.52,4288.94,4279.37,9.569999999999707,59.42499999999982,0.161043331931001,True,2025-12-12 10:15:00,0.07,0.016827934371056,0.25,2025-12-12 18:00:00,4293.52,保本,14.150000000000546,-0.07,-0.004946996466430905,True,4.248056537102286,0.16607773851592036,-1.0049469964664308,7.75
2025-12-12,9.5,116,1,4299.2,4295.6,4284.25,11.350000000000364,59.42499999999982,0.1909970551114917,True,2025-12-12 10:40:00,0.07,0.016827934371056,0.2368421052631578,2025-12-12 17:30:00,4299.2,保本,14.949999999999818,-0.07,-0.0046822742474916966,True,3.640802675585348,0.014715719063562364,-1.0046822742474917,6.833333333333333
2025-12-12,10.0,121,1,4313.06,4309.48,4287.08,22.39999999999964,59.42499999999982,0.3769457299116484,True,2025-12-12 11:05:00,0.07,0.016827934371056,0.225,2025-12-12 18:00:00,4287.08,停損,25.980000000000476,-26.050000000000473,-1.0026943802925325,True,1.561585835257851,1.0,-1.0026943802925328,6.916666666666667
2025-12-12,10.5,137,1,4321.5,4317.82,4294.36,23.46000000000004,59.42499999999982,0.3947833403449745,True,2025-12-12 12:25:00,0.07,0.016827934371056,0.2,2025-12-12 18:00:00,4294.36,停損,27.140000000000327,-27.210000000000328,-1.0025792188651437,True,1.1838614591009478,1.0,-1.0025792188651437,5.583333333333333
2025-12-15,4.0,79,1,4336.94,4329.22,4320.95,8.270000000000437,61.91099999999987,0.1335788470546502,True,2025-12-15 07:35:00,0.07,0.1130655295504839,0.0,2025-12-15 16:35:00,4320.95,停損,15.989999999999782,-16.059999999999782,-1.0043777360850532,True,0.8380237648530787,1.0,-1.0043777360850532,9.0
2025-12-15,7.0,119,1,4347.53,4344.41,4325.04,19.36999999999989,61.91099999999987,0.3128684724846946,True,2025-12-15 10:55:00,0.07,0.1130655295504839,0.0,2025-12-15 16:25:00,4325.04,停損,22.48999999999978,-22.559999999999782,-1.0031124944419743,True,0.12494441974212661,1.0,-1.0031124944419745,5.5
2025-12-15,7.5,123,1,4349.19,4345.81,4329.57,16.24000000000069,61.91099999999987,0.262312028557134,True,2025-12-15 11:15:00,0.07,0.1130655295504839,0.0,2025-12-15 16:15:00,4329.57,停損,19.61999999999989,-19.68999999999989,-1.0035677879714577,True,0.05861365953111886,1.0,-1.0035677879714575,5.0
2025-12-16,6.0,78,-1,4280.83,4292.34,4286.72,5.619999999999891,62.49599999999991,0.0899257552483342,False,2025-12-16 07:30:00,0.07,0.0160010240655402,0.4,2025-12-16 14:20:00,4292.34,停損,11.510000000000218,-11.580000000000219,-1.0060816681146827,True,0.8045178105994825,1.0,-1.0060816681146827,6.833333333333333
2025-12-16,8.0,112,-1,4277.81,4292.22,4282.71,9.510000000000218,62.49599999999991,0.1521697388632909,False,2025-12-16 10:20:00,0.07,0.0160010240655402,0.2702702702702703,2025-12-16 14:20:00,4292.22,停損,14.409999999999854,-14.479999999999855,-1.0048577376821652,True,0.27411519777937315,1.0,-1.0048577376821652,4.0
2025-12-16,9.0,139,-1,4276.07,4289.93,4279.74,10.19000000000051,62.49599999999991,0.1630504352278629,False,2025-12-16 12:35:00,0.07,0.0160010240655402,0.217391304347826,2025-12-16 14:20:00,4289.93,停損,13.860000000000582,-13.930000000000582,-1.0050505050505047,True,0.15945165945165538,1.0,-1.0050505050505047,1.75
2025-12-22,2.0,25,1,4370.21,4366.24,4355.15,11.090000000000146,61.73000000000002,0.1796533290134479,True,2025-12-22 03:05:00,0.08,0.0971974728657054,0.0,2025-12-23 00:00:00,4443.76,收盤,15.0600000000004,73.47000000000018,4.878486055776775,True,5.250332005311926,0.5876494023904468,4.878486055776775,20.916666666666668
2025-12-22,2.5,32,1,4377.66,4372.59,4361.36,11.230000000000471,61.73000000000002,0.1819212700469863,True,2025-12-22 03:40:00,0.08,0.0971974728657054,0.0,2025-12-23 00:00:00,4443.76,收盤,16.300000000000182,66.02000000000037,4.050306748466235,True,4.393865030674791,0.0,4.050306748466235,20.333333333333332
2025-12-22,3.0,49,1,4388.96,4384.83,4361.36,23.47000000000025,61.73000000000002,0.380204114693022,True,2025-12-22 05:05:00,0.08,0.0971974728657054,0.0,2025-12-23 00:00:00,4443.76,收盤,27.600000000000364,54.720000000000184,1.9826086956521545,True,2.185507246376772,0.12536231884057938,1.9826086956521545,18.916666666666668
2025-12-22,4.0,58,1,4394.54,4388.72,4378.63,10.090000000000146,61.73000000000002,0.163453750202497,True,2025-12-22 05:50:00,0.08,0.0971974728657054,0.0,2025-12-23 00:00:00,4443.76,收盤,15.909999999999854,49.140000000000256,3.0886235072282027,True,3.440603394091784,0.19421747328725164,3.0886235072282027,18.166666666666668
2025-12-22,5.0,70,1,4398.73,4394.96,4384.33,10.63000000000011,61.73000000000002,0.1722015227604099,True,2025-12-22 06:50:00,0.08,0.0971974728657054,0.0,2025-12-23 00:00:00,4443.76,收盤,14.399999999999636,44.95000000000066,3.121527777777902,True,3.5104166666667678,0.13819444444443277,3.121527777777902,17.166666666666668
2025-12-22,5.5,75,1,4401.24,4397.51,4388.03,9.480000000000471,61.73000000000002,0.1535720071278223,True,2025-12-22 07:15:00,0.08,0.0971974728657054,0.0,2025-12-23 00:00:00,4443.76,收盤,13.210000000000036,42.44000000000044,3.212717638152939,True,3.636638909916717,0.2800908402725063,3.212717638152939,16.75
2025-12-22,6.0,78,1,4405.0,4400.9,4391.45,9.449999999999818,61.73000000000002,0.1530860197634831,True,2025-12-22 07:30:00,0.08,0.0971974728657054,0.0,2025-12-23 00:00:00,4443.76,收盤,13.550000000000182,38.68000000000022,2.854612546125439,True,3.267896678966727,0.5505535055350507,2.854612546125439,16.5
2025-12-22,6.5,94,1,4412.34,4405.47,4394.11,11.360000000000582,61.73000000000002,0.1840272152924117,True,2025-12-22 08:50:00,0.08,0.0971974728657054,0.0,2025-12-23 00:00:00,4443.76,收盤,18.230000000000476,31.340000000000074,1.719144267690579,True,2.02633022490393,0.3368074602303987,1.7191442676905793,15.166666666666666
2025-12-22,7.0,95,1,4415.16,4409.53,4396.74,12.789999999999964,61.73000000000002,0.2071926129920615,True,2025-12-22 08:55:00,0.08,0.0971974728657054,0.0,2025-12-23 00:00:00,4443.76,收盤,18.420000000000076,28.520000000000366,1.5483170466883955,True,1.8523344191096502,0.48642779587405,1.548317046688396,15.083333333333334
2025-12-23,2.0,25,1,4478.27,4470.61,4458.18,12.429999999999382,68.58500000000004,0.181234963913383,True,2025-12-23 03:05:00,0.08,0.1020631333381934,0.0,2025-12-23 16:10:00,4458.18,停損,20.090000000000146,-20.170000000000144,-1.0039820806371327,True,0.9716276754603975,1.0,-1.003982080637133,13.083333333333334
2025-12-23,2.5,43,1,4492.73,4486.75,4466.42,20.329999999999927,68.58500000000004,0.2964205001093521,True,2025-12-23 04:35:00,0.08,0.1020631333381934,0.0,2025-12-23 16:10:00,4466.42,停損,26.30999999999949,-26.38999999999949,-1.0030406689471685,True,0.19232231090841878,1.0,-1.0030406689471685,11.583333333333334
2025-12-23,3.0,45,1,4495.83,4490.84,4469.75,21.090000000000146,68.58500000000004,0.3075016403003592,True,2025-12-23 04:45:00,0.08,0.1020631333381934,0.0,2025-12-23 08:15:00,4469.75,停損,26.079999999999927,-26.159999999999926,-1.0030674846625767,True,0.031441717791399974,1.0,-1.003067484662577,3.5
2025-12-23,8.0,100,1,4485.07,4481.56,4469.52,12.039999999999964,68.58500000000004,0.1755485893416921,True,2025-12-23 09:20:00,0.08,0.1020631333381934,0.0,2025-12-23 16:10:00,4469.52,停損,15.549999999999272,-15.629999999999272,-1.0051446945337623,True,0.7909967845659651,1.0,-1.0051446945337623,6.833333333333333
2025-12-23,7.5,115,1,4489.33,4485.62,4469.52,16.099999999999454,68.58500000000004,0.2347452066778369,True,2025-12-23 10:35:00,0.08,0.1020631333381934,0.0,2025-12-23 16:10:00,4469.52,停損,19.80999999999949,-19.88999999999949,-1.0040383644623927,True,0.40585562847047807,1.0,-1.0040383644623927,5.583333333333333
2025-12-23,8.5,116,1,4490.7,4485.99,4474.89,11.099999999999454,68.58500000000004,0.1618429685791273,True,2025-12-23 10:40:00,0.08,0.1020631333381934,0.0,2025-12-23 15:55:00,4474.89,停損,15.80999999999949,-15.88999999999949,-1.0050600885515497,True,0.42188488298547044,1.0,-1.0050600885515495,5.25
2025-12-24,2.0,29,1,4524.45,4518.27,4500.76,17.51000000000022,70.39700000000002,0.2487321902922029,True,2025-12-24 03:25:00,0.08,0.0994360555137292,0.0,2025-12-24 05:00:00,4500.76,停損,23.6899999999996,-23.769999999999598,-1.0033769523005487,True,0.05825242718447161,1.0,-1.003376952300549,1.5833333333333333
2025-12-26,7.0,93,1,4518.65,4514.91,4506.08,8.829999999999927,72.44400000000005,0.1218872508420286,False,2025-12-26 08:45:00,0.08,0.055215062669096,0.0,2025-12-26 13:15:00,4506.08,停損,12.569999999999707,-12.649999999999709,-1.006364359586317,True,0.40175019888626085,1.0,-1.0063643595863168,4.5
2025-12-26,9.0,136,1,4522.99,4515.66,4507.28,8.38000000000011,72.44400000000005,0.1156755562917578,False,2025-12-26 12:20:00,0.08,0.055215062669096,0.0,2025-12-26 13:10:00,4507.28,停損,15.710000000000036,-15.790000000000036,-1.005092297899427,True,0.04519414385741787,1.0,-1.005092297899427,0.8333333333333334
2025-12-29,9.5,118,-1,4461.18,4488.53,4466.31,22.219999999999345,71.31200000000017,0.3115885124523123,False,2025-12-29 10:50:00,0.08,0.0981601974422254,0.0,2025-12-30 00:00:00,4331.66,收盤,27.34999999999945,129.44000000000042,4.7327239488118105,True,5.783912248629019,0.5524680073126134,4.7327239488118105,13.166666666666666
2025-12-29,10.0,152,-1,4448.05,4488.53,4452.68,35.849999999999454,71.31200000000017,0.5027204397576757,False,2025-12-29 13:40:00,0.08,0.0981601974422254,0.0,2025-12-30 00:00:00,4331.66,收盤,40.47999999999956,116.31000000000033,2.873270750988181,True,3.5834980237154634,0.4832015810276606,2.873270750988181,10.333333333333334
2025-12-31,9.0,117,-1,4317.36,4334.98,4323.8,11.179999999999382,87.99100000000017,0.1270584491595658,False,2025-12-31 10:45:00,0.08,0.0227295973451829,0.2894736842105263,2025-12-31 11:45:00,4334.98,停損,17.61999999999989,-17.69999999999989,-1.0045402951191826,True,0.7877412031782176,1.0,-1.0045402951191826,1.0
2025-12-31,9.5,118,-1,4314.75,4334.71,4320.24,14.470000000000256,87.99100000000017,0.1644486367924018,False,2025-12-31 10:50:00,0.08,0.0227295973451829,0.282051282051282,2025-12-31 11:45:00,4334.71,停損,19.96000000000004,-20.040000000000035,-1.004008016032064,True,0.5646292585170549,1.0,-1.004008016032064,0.9166666666666666
2026-01-02,3.5,47,1,4359.26,4354.56,4345.11,9.450000000000728,91.52400000000016,0.1032516061361032,False,2026-01-02 04:55:00,0.08,0.0437043835496699,0.0,2026-01-02 16:35:00,4359.26,保本,14.150000000000546,-0.08,-0.005653710247349605,True,3.0431095406358892,0.0798586572438209,-1.0056537102473495,11.666666666666666
2026-01-02,4.0,51,1,4369.09,4363.24,4345.11,18.13000000000011,91.52400000000016,0.1980901184388802,False,2026-01-02 05:15:00,0.08,0.0437043835496699,0.0,2026-01-02 17:05:00,4345.11,停損,23.980000000000476,-24.06000000000047,-1.0033361134278562,True,1.3857381150958676,1.0,-1.0033361134278564,11.833333333333334
2026-01-02,4.5,61,1,4377.61,4371.91,4345.94,25.97000000000025,91.52400000000016,0.283750710196235,False,2026-01-02 06:05:00,0.08,0.0437043835496699,0.0,2026-01-02 17:05:00,4345.94,停損,31.670000000000076,-31.75000000000007,-1.0025260498894852,True,0.7802336596147768,1.0,-1.0025260498894852,11.0
2026-01-02,5.0,83,1,4381.29,4375.7,4362.28,13.420000000000073,91.52400000000016,0.1466282068091435,False,2026-01-02 07:55:00,0.08,0.0437043835496699,0.0,2026-01-02 16:00:00,4362.28,停損,19.01000000000022,-19.090000000000217,-1.0042083114150446,True,1.1062598632298528,1.0,-1.0042083114150446,8.083333333333334
2026-01-02,6.5,110,1,4385.98,4380.15,4371.19,8.960000000000036,91.52400000000016,0.0978978191512611,False,2026-01-02 10:10:00,0.08,0.0437043835496699,0.0,2026-01-02 15:35:00,4371.19,停損,14.789999999999964,-14.869999999999964,-1.0054090601757946,True,1.1048005409060302,1.0,-1.0054090601757946,5.416666666666667
2026-01-02,7.0,115,1,4388.81,4381.78,4371.19,10.590000000000146,91.52400000000016,0.1157073554477528,False,2026-01-02 10:35:00,0.08,0.0437043835496699,0.0,2026-01-02 15:35:00,4371.19,停損,17.6200000000008,-17.7000000000008,-1.0045402951191824,True,0.7667423382519123,1.0,-1.0045402951191824,5.0
2026-01-02,9.5,118,1,4395.02,4386.68,4372.26,14.420000000000073,91.52400000000016,0.1575543026965609,False,2026-01-02 10:50:00,0.08,0.0437043835496699,0.0,2026-01-02 15:35:00,4372.26,停損,22.76000000000022,-22.840000000000217,-1.0035149384885764,True,0.320738137082566,1.0,-1.0035149384885764,4.75
2026-01-05,7.0,89,1,4419.69,4414.52,4401.13,13.390000000000327,96.0050000000002,0.1394719025050809,True,2026-01-05 08:25:00,0.08,0.0937451174417997,0.0,2026-01-05 15:30:00,4401.13,停損,18.55999999999949,-18.63999999999949,-1.0043103448275863,True,1.0889008620689973,1.0,-1.0043103448275863,7.083333333333333
2026-01-05,7.5,118,1,4432.03,4426.19,4401.13,25.05999999999949,96.0050000000002,0.2610280714546059,True,2026-01-05 10:50:00,0.08,0.0937451174417997,0.0,2026-01-05 15:30:00,4401.13,停損,30.89999999999964,-30.979999999999634,-1.002588996763754,True,0.2546925566343037,1.0,-1.002588996763754,4.666666666666667
2026-01-05,9.5,129,1,4437.72,4430.28,4418.64,11.639999999999418,96.0050000000002,0.1212436852247215,True,2026-01-05 11:45:00,0.08,0.0937451174417997,0.0,2026-01-05 13:30:00,4418.64,停損,19.079999999999927,-19.159999999999926,-1.0041928721174003,True,0.11425576519912944,1.0,-1.0041928721174005,1.75
2026-01-08,6.0,79,-1,4423.22,4440.58,4430.3,10.279999999999744,100.48800000000035,0.1023007722315073,True,2026-01-08 07:35:00,0.08,0.0099514369875009,0.1923076923076923,2026-01-08 17:10:00,4440.58,停損,17.359999999999673,-17.43999999999967,-1.0046082949308757,True,0.890552995391724,1.0,-1.0046082949308757,9.583333333333334
2026-01-08,8.5,116,-1,4421.13,4439.71,4426.27,13.4399999999996,100.48800000000035,0.1337473131120089,True,2026-01-08 10:40:00,0.08,0.0099514369875009,0.131578947368421,2026-01-08 17:10:00,4439.71,停損,18.579999999999927,-18.659999999999926,-1.0043057050592035,True,0.7195909580193726,1.0,-1.0043057050592037,6.5
2026-01-08,10.5,159,-1,4412.4,4435.5,4419.99,15.510000000000218,100.48800000000035,0.154346787676142,True,2026-01-08 14:15:00,0.08,0.0099514369875009,0.0961538461538461,2026-01-08 15:30:00,4435.5,停損,23.100000000000364,-23.180000000000362,-1.0034632034632034,True,0.2008658008657725,1.0,-1.0034632034632034,1.25
2026-01-09,5.5,90,1,4473.65,4465.95,4460.57,5.380000000000109,100.7300000000004,0.0534101062245615,True,2026-01-09 08:30:00,0.08,0.0099275290380223,0.2758620689655172,2026-01-09 15:35:00,4460.57,停損,13.079999999999927,-13.159999999999927,-1.0061162079510704,True,0.5237003058104283,1.0,-1.0061162079510704,7.083333333333333
2026-01-09,5.0,93,1,4475.18,4470.02,4460.57,9.450000000000728,100.7300000000004,0.0938151494093188,True,2026-01-09 08:45:00,0.08,0.0099275290380223,0.2666666666666666,2026-01-09 15:35:00,4460.57,停損,14.610000000000582,-14.690000000000582,-1.005475701574264,True,0.36413415468853505,1.0,-1.005475701574264,6.833333333333333
2026-01-12,6.0,79,1,4577.19,4572.19,4563.4,8.789999999999964,99.41700000000036,0.0884154621443005,True,2026-01-12 07:35:00,0.08,0.1709969119969415,0.0,2026-01-13 00:00:00,4596.9,收盤,13.789999999999964,19.630000000000038,1.4234952864394554,True,3.8462654097171938,0.5308194343727142,1.4234952864394554,16.416666666666668
2026-01-12,6.5,81,1,4581.86,4573.98,4563.4,10.579999999999927,99.41700000000036,0.1064204311133899,True,2026-01-12 07:45:00,0.08,0.1709969119969415,0.0,2026-01-13 00:00:00,4596.9,收盤,18.46000000000004,14.959999999999964,0.8104008667388912,True,2.6202600216684613,0.6495124593716012,0.8104008667388913,16.25
2026-01-12,8.0,107,1,4586.08,4580.96,4569.87,11.090000000000146,99.41700000000036,0.1115503384733003,True,2026-01-12 09:55:00,0.08,0.1709969119969415,0.0,2026-01-12 16:30:00,4586.08,保本,16.210000000000036,-0.08,-0.004935225169648354,True,2.1153608883405237,0.4639111659469161,0.6625539790252736,6.583333333333333
2026-01-12,7.0,118,1,4594.24,4585.06,4566.22,18.840000000000146,99.41700000000036,0.1895048130601413,True,2026-01-12 10:50:00,0.08,0.1709969119969415,0.0,2026-01-13 00:00:00,4596.9,收盤,28.019999999999527,2.5799999999998544,0.0920770877944289,True,1.2844396859386291,0.5596002855103371,0.0920770877944289,13.166666666666666
2026-01-12,9.0,119,1,4596.28,4589.69,4574.83,14.859999999999673,99.41700000000036,0.1494714183690879,True,2026-01-12 10:55:00,0.08,0.1709969119969415,0.0,2026-01-13 00:00:00,4596.9,收盤,21.449999999999815,0.5399999999998909,0.025174825174820305,True,1.5827505827505877,0.8261072261072026,0.0251748251748203,13.083333333333334
2026-01-14,2.5,56,1,4624.7,4618.42,4604.78,13.640000000000327,86.26900000000015,0.1581100974857748,False,2026-01-14 05:40:00,0.08,0.0695498962547379,0.0,2026-01-14 17:05:00,4604.78,停損,19.920000000000076,-20.00000000000007,-1.004016064257028,True,0.862951807228938,1.0,-1.004016064257028,11.416666666666666
2026-01-14,3.5,59,1,4627.51,4621.39,4613.62,7.770000000000437,86.26900000000015,0.0900671156498907,False,2026-01-14 05:55:00,0.08,0.0695498962547379,0.0,2026-01-14 16:50:00,4613.62,停損,13.890000000000327,-13.970000000000327,-1.005759539236861,True,1.0352771778257575,1.0,-1.005759539236861,10.916666666666666
2026-01-14,4.0,60,1,4628.22,4623.71,4614.31,9.399999999999636,86.26900000000015,0.1089615041324186,False,2026-01-14 06:00:00,0.08,0.0695498962547379,0.0,2026-01-14 16:45:00,4614.31,停損,13.909999999999854,-13.989999999999855,-1.0057512580877068,True,0.9827462257368954,1.0,-1.0057512580877068,10.75
2026-01-14,5.0,73,1,4638.84,4630.03,4613.45,16.579999999999927,86.26900000000015,0.1921895466505917,False,2026-01-14 07:05:00,0.08,0.0695498962547379,0.0,2026-01-14 16:50:00,4613.45,停損,25.390000000000327,-25.470000000000326,-1.0031508467900747,True,0.12012603387160861,1.0,-1.0031508467900747,9.75
2026-01-15,4.0,52,-1,4591.23,4614.76,4595.49,19.27000000000044,83.82700000000014,0.2298782015341167,False,2026-01-15 05:20:00,0.09,0.1670106290336046,0.0,2026-01-15 12:25:00,4614.76,停損,23.53000000000065,-23.620000000000655,-1.0038249043773906,True,0.42583935401611767,1.0,-1.0038249043773904,7.083333333333333
2026-01-19,4.0,73,1,4669.04,4665.09,4653.33,11.760000000000218,78.27200000000002,0.1502452984464459,False,2026-01-19 07:05:00,0.09,0.4216067048242026,0.0,2026-01-19 21:30:00,4670.91,收盤,15.710000000000036,1.7799999999998908,0.11330362826224613,True,0.7186505410566478,0.590706556333528,0.1133036282622461,14.416666666666666
2026-01-19,3.5,77,1,4671.74,4667.62,4653.33,14.289999999999964,78.27200000000002,0.1825684791496315,False,2026-01-19 07:25:00,0.09,0.4216067048242026,0.0,2026-01-19 21:30:00,4670.91,收盤,18.40999999999985,-0.9199999999999272,-0.04997284084736201,True,0.46659424225965307,0.6507332971211113,-0.049972840847362,14.083333333333334
2026-01-19,5.0,91,1,4674.54,4670.0,4658.3,11.699999999999818,78.27200000000002,0.1494787408013059,False,2026-01-19 08:35:00,0.09,0.4216067048242026,0.0,2026-01-19 21:30:00,4670.91,收盤,16.23999999999978,-3.720000000000109,-0.2290640394088768,True,0.35652709359606166,0.9100985221674842,-0.2290640394088768,12.916666666666666
2026-01-19,6.5,95,1,4676.59,4672.34,4659.27,13.069999999999707,78.27200000000002,0.166981807031885,False,2026-01-19 08:55:00,0.09,0.4216067048242026,0.0,2026-01-19 21:30:00,4670.91,收盤,17.31999999999971,-5.770000000000291,-0.33314087759817484,True,0.21593533487297023,0.9717090069284186,-0.3331408775981748,12.583333333333334
2026-01-20,6.0,79,1,4704.8,4697.07,4679.69,17.38000000000011,75.47699999999995,0.2302688236151426,True,2026-01-20 07:35:00,0.11,0.0,0.1923076923076923,2026-01-21 00:00:00,4763.17,收盤,25.110000000000586,58.25999999999989,2.3201911589007778,True,2.4492234169652956,0.14575866188768496,2.320191158900778,16.416666666666668
2026-01-20,6.5,82,1,4707.64,4701.53,4684.42,17.109999999999673,75.47699999999995,0.2266915749168579,True,2026-01-20 07:50:00,0.08,0.0,0.1851851851851851,2026-01-21 00:00:00,4763.17,收盤,23.22000000000025,55.44999999999975,2.3880275624461302,True,2.5262704565029805,0.0822566752799631,2.38802756244613,16.166666666666668
2026-01-20,7.0,106,1,4720.72,4716.67,4694.19,22.480000000000476,75.47699999999995,0.2978390768048609,True,2026-01-20 09:50:00,0.08,0.0,0.1428571428571428,2026-01-21 00:00:00,4763.17,收盤,26.53000000000065,42.36999999999982,1.5970599321522345,True,1.7180550320391557,0.21862042970222537,1.5970599321522343,14.166666666666666
2026-01-20,7.5,110,1,4724.59,4717.04,4694.19,22.850000000000364,75.47699999999995,0.3027412324284269,True,2026-01-20 10:10:00,0.08,0.0,0.1388888888888889,2026-01-21 00:00:00,4763.17,收盤,30.400000000000546,38.49999999999993,1.2664473684210276,True,1.372039473684187,0.3151315789473604,1.2664473684210276,13.833333333333334
2026-01-20,8.5,119,1,4728.39,4722.07,4705.73,16.340000000000146,75.47699999999995,0.2164897915921427,True,2026-01-20 10:55:00,0.09,0.0,0.1282051282051282,2026-01-21 00:00:00,4763.17,收盤,22.660000000000764,34.68999999999974,1.5308914386583659,True,1.6729920564871392,0.5904677846425268,1.530891438658366,13.083333333333334
2026-01-20,9.5,126,1,4733.61,4725.7,4714.92,10.779999999999744,75.47699999999995,0.1428249665460968,True,2026-01-20 11:30:00,0.09,0.0,0.1219512195121951,2026-01-21 00:00:00,4763.17,收盤,18.6899999999996,29.4700000000004,1.5767790262172836,True,1.7490636704120497,0.9951845906902008,1.5767790262172836,12.5
2026-01-20,10.0,130,1,4736.29,4731.66,4715.03,16.63000000000011,75.47699999999995,0.2203320216754789,True,2026-01-20 11:50:00,0.09,0.0,0.1162790697674418,2026-01-20 15:35:00,4715.03,停損,21.26000000000022,-21.350000000000218,-1.004233301975541,True,0.04844778927562252,1.0,-1.004233301975541,3.75
2026-01-21,2.0,25,1,4792.6,4787.82,4770.77,17.049999999999272,79.22799999999998,0.2152016963699611,True,2026-01-21 03:05:00,0.12,0.0,0.0,2026-01-21 21:40:00,4792.6,保本,21.829999999999927,-0.12,-0.0054970224461750065,True,4.385249656436092,0.03160787906552962,-1.005497022446175,18.583333333333332
2026-01-21,2.5,35,1,4843.91,4827.63,4776.67,50.96000000000004,79.22799999999998,0.6432069470389262,True,2026-01-21 03:55:00,0.09,0.0,0.0,2026-01-21 21:40:00,4776.67,停損,67.23999999999978,-67.32999999999979,-1.0013384889946462,True,0.6606186793575285,1.0,-1.0013384889946462,17.75
2026-01-21,3.0,64,1,4850.24,4844.15,4783.49,60.659999999999854,79.22799999999998,0.7656384106628953,True,2026-01-21 06:20:00,0.09,0.0,0.0,2026-01-21 21:40:00,4783.49,停損,66.75,-66.84,-1.0013483146067417,True,0.5706367041198523,1.0,-1.0013483146067417,15.333333333333334
2026-01-21,4.5,67,1,4854.15,4849.74,4822.13,27.609999999999676,79.22799999999998,0.348487908315238,True,2026-01-21 06:35:00,0.09,0.0,0.0,2026-01-21 17:25:00,4822.13,停損,32.01999999999953,-32.10999999999953,-1.0028107432854467,True,1.0674578388507432,1.0,-1.0028107432854467,10.833333333333334
2026-01-21,5.5,68,1,4859.6,4854.17,4831.75,22.420000000000076,79.22799999999998,0.2829807643762316,True,2026-01-21 06:40:00,0.1,0.0,0.0,2026-01-21 17:20:00,4831.75,停損,27.850000000000364,-27.950000000000365,-1.0035906642728905,True,1.0315978456014072,1.0,-1.0035906642728905,10.666666666666666
2026-01-21,6.0,79,1,4876.25,4870.86,4837.92,32.9399999999996,79.22799999999998,0.4157621043065533,True,2026-01-21 07:35:00,0.11,0.0,0.0,2026-01-21 09:05:00,4837.92,停損,38.32999999999993,-38.43999999999993,-1.0028698147665014,True,0.3151578398121563,1.0,-1.0028698147665014,1.5
2026-01-21,6.5,89,1,4879.5,4874.13,4849.88,24.25,79.22799999999998,0.3060786590599283,True,2026-01-21 08:25:00,0.09,0.0,0.0,2026-01-21 09:00:00,4849.88,停損,29.61999999999989,-29.70999999999989,-1.0030384875084402,True,0.2981093855503025,1.0,-1.0030384875084402,0.5833333333333334
2026-01-21,7.0,90,1,4884.0,4878.23,4858.97,19.25999999999931,79.22799999999998,0.2430958751956292,True,2026-01-21 08:30:00,0.09,0.0,0.0,2026-01-21 08:50:00,4858.97,停損,25.029999999999745,-25.119999999999745,-1.0035956851777867,True,0.13224131042750434,1.0,-1.0035956851777867,0.3333333333333333
2026-01-21,9.0,112,1,4865.33,4857.18,4832.62,24.5600000000004,79.22799999999998,0.309991417175751,True,2026-01-21 10:20:00,0.09,0.0,0.0,2026-01-21 17:20:00,4832.62,停損,32.71000000000004,-32.80000000000004,-1.002751452155304,True,0.47722409049219366,1.0,-1.0027514521553045,7.0
2026-01-21,9.5,126,1,4875.71,4869.57,4838.91,30.65999999999985,79.22799999999998,0.3869843994547365,True,2026-01-21 11:30:00,0.09,0.0,0.0,2026-01-21 17:20:00,4838.91,停損,36.80000000000018,-36.890000000000185,-1.0024456521739131,True,0.14211956521737873,1.0,-1.0024456521739131,5.833333333333333
2026-01-22,3.5,44,-1,4778.14,4804.73,4786.62,18.109999999999676,84.79199999999992,0.2135814699499916,False,2026-01-22 04:40:00,0.1,0.2240777431833194,0.0,2026-01-22 07:50:00,4804.73,停損,26.58999999999924,-26.689999999999237,-1.0037608123354644,True,0.016547574276063255,1.0,-1.0037608123354649,3.1666666666666665
2026-01-23,5.5,81,1,4961.1,4954.49,4942.56,11.929999999999382,94.45499999999991,0.1263035307818473,True,2026-01-23 07:45:00,0.1,0.0635223122121645,0.0769230769230769,2026-01-23 10:05:00,4942.56,停損,18.539999999999964,-18.639999999999965,-1.005393743257821,True,0.3300970873786355,1.0,-1.005393743257821,2.3333333333333335
2026-01-23,5.0,82,1,4966.59,4959.0,4938.16,20.840000000000146,94.45499999999991,0.2206341644169198,True,2026-01-23 07:50:00,0.1,0.0635223122121645,0.074074074074074,2026-01-23 10:20:00,4938.16,停損,28.43000000000029,-28.530000000000292,-1.0035174111853675,True,0.0221596904678193,1.0,-1.0035174111853675,2.5
2026-01-23,10.5,158,1,4933.79,4926.31,4899.67,26.640000000000327,94.45499999999991,0.2820390662220142,True,2026-01-23 14:10:00,0.1,0.0211741040707215,0.7884615384615384,2026-01-24 00:00:00,4987.1,收盤,34.11999999999989,53.2100000000004,1.5594958968347177,True,1.6398007033997655,0.2930832356389224,1.5594958968347177,9.833333333333334
2026-01-26,2.0,27,1,5057.65,5052.1,5030.7,21.400000000000546,97.03599999999987,0.2205367080258932,True,2026-01-26 03:15:00,0.1,0.1133599901067646,0.0,2026-01-26 21:25:00,5030.7,停損,26.949999999999815,-27.04999999999982,-1.0037105751391469,True,1.9844155844156153,1.0,-1.0037105751391466,18.166666666666668
2026-01-26,2.5,31,1,5083.88,5075.38,5028.95,46.43000000000029,97.03599999999987,0.4784822127870105,True,2026-01-26 03:35:00,0.1,0.1133599901067646,0.0,2026-01-26 21:25:00,5028.95,停損,54.93000000000029,-55.03000000000029,-1.0018204988166757,True,0.4960859275441445,1.0,-1.0018204988166757,17.833333333333332
2026-01-26,6.5,85,1,5079.22,5073.27,5052.37,20.900000000000546,97.03599999999987,0.2153839812028584,True,2026-01-26 08:05:00,0.1,0.1133599901067646,0.0,2026-01-26 21:05:00,5052.37,停損,26.850000000000364,-26.950000000000365,-1.0037243947858474,True,1.1884543761638517,1.0,-1.0037243947858474,13.0
2026-01-26,6.0,92,1,5084.41,5078.0,5058.5,19.5,97.03599999999987,0.2009563460983555,True,2026-01-26 08:40:00,0.1,0.1133599901067646,0.0,2026-01-26 15:35:00,5058.5,停損,25.90999999999985,-26.009999999999856,-1.0038595137012738,True,1.031262060980332,1.0,-1.0038595137012738,6.916666666666667
2026-01-26,7.5,93,1,5092.11,5082.21,5053.15,29.0600000000004,97.03599999999987,0.2994764829547842,True,2026-01-26 08:45:00,0.1,0.1133599901067646,0.0,2026-01-26 21:05:00,5053.15,停損,38.96000000000004,-39.06000000000004,-1.0025667351129361,True,0.48819301848050356,1.0,-1.0025667351129364,12.333333333333334
2026-01-28,2.0,25,1,5186.33,5180.13,5157.41,22.72000000000025,109.05,0.2083447959651559,True,2026-01-28 03:05:00,0.1,0.0183402109124254,0.5,2026-01-29 00:00:00,5417.42,收盤,28.920000000000076,230.99000000000015,7.987206085753788,True,7.996196403872732,0.38485477178423516,7.9872060857537885,20.916666666666668
2026-01-28,2.5,33,1,5215.5,5202.46,5163.05,39.409999999999854,109.05,0.361393856029343,True,2026-01-28 03:45:00,0.1,0.0183402109124254,0.4,2026-01-29 00:00:00,5417.42,收盤,52.44999999999982,201.82000000000008,3.8478551000953436,True,3.8528122020972475,0.2640610104861852,3.847855100095344,20.25
2026-01-28,3.0,47,1,5234.58,5225.21,5168.71,56.5,109.05,0.5181109582760202,True,2026-01-28 04:55:00,0.1,0.0183402109124254,0.2666666666666666,2026-01-29 00:00:00,5417.42,收盤,65.86999999999989,182.74000000000015,2.7742523151662435,True,2.7781994838317945,0.15151055108546502,2.7742523151662435,19.083333333333332
2026-01-28,4.0,50,1,5245.03,5234.62,5201.65,32.970000000000255,109.05,0.3023383768913366,True,2026-01-28 05:10:00,0.1,0.0183402109124254,0.25,2026-01-29 00:00:00,5417.42,收盤,43.38000000000011,172.29000000000033,3.9716459197786977,True,3.9776394651913267,0.4709543568464576,3.9716459197786977,18.833333333333332
2026-01-28,4.5,74,1,5253.87,5247.58,5216.67,30.90999999999985,109.05,0.2834479596515347,True,2026-01-28 07:10:00,0.1,0.0183402109124254,0.1666666666666666,2026-01-29 00:00:00,5417.42,收盤,37.19999999999982,163.4500000000002,4.393817204301102,True,4.400806451612926,0.4846774193548342,4.393817204301102,16.833333333333332
2026-01-28,6.0,76,1,5257.7,5248.92,5232.31,16.609999999999673,109.05,0.1523154516276907,True,2026-01-28 07:20:00,0.1,0.0183402109124254,0.16,2026-01-28 13:05:00,5257.7,保本,25.389999999999414,-0.1,-0.003938558487593632,True,2.1209137455691844,0.2536431666010141,6.2867270578969645,5.75
2026-01-28,6.5,96,1,5269.92,5261.94,5233.76,28.17999999999938,109.05,0.2584135717560695,True,2026-01-28 09:00:00,0.1,0.0183402109124254,0.1290322580645161,2026-01-29 00:00:00,5417.42,收盤,36.159999999999854,147.4,4.076327433628335,True,4.083517699115057,0.9424778761061965,4.076327433628335,15.0
2026-01-28,7.0,98,1,5272.53,5266.4,5241.66,24.73999999999978,109.05,0.2268684089867013,True,2026-01-28 09:10:00,0.1,0.0183402109124254,0.125,2026-01-28 13:10:00,5241.66,停損,30.86999999999989,-30.969999999999892,-1.003239390994493,True,1.264010366051201,1.0,-1.003239390994493,4.0
2026-01-28,8.0,100,1,5280.17,5271.48,5252.06,19.419999999999163,109.05,0.1780834479596438,True,2026-01-28 09:20:00,0.1,0.0183402109124254,0.1212121212121212,2026-01-28 13:05:00,5252.06,停損,28.109999999999676,-28.209999999999674,-1.0035574528637494,True,1.1163287086446274,1.0,-1.0035574528637496,3.75
2026-01-28,8.5,107,1,5290.28,5284.15,5255.15,29.0,109.05,0.2659330582301696,True,2026-01-28 09:55:00,0.1,0.0183402109124254,0.1142857142857142,2026-01-28 13:05:00,5255.15,停損,35.13000000000011,-35.23000000000011,-1.0028465698832907,True,0.6054654141759286,1.0,-1.002846569883291,3.1666666666666665
2026-01-28,9.0,114,1,5299.32,5292.86,5263.0,29.859999999999676,109.05,0.2738193489225096,True,2026-01-28 10:30:00,0.1,0.0183402109124254,0.1081081081081081,2026-01-28 13:05:00,5263.0,停損,36.31999999999971,-36.41999999999971,-1.0027533039647578,True,0.3367290748898836,1.0,-1.0027533039647578,2.5833333333333335
2026-01-29,2.5,33,1,5540.14,5527.16,5445.57,81.59000000000015,129.433,0.6303647446941673,True,2026-01-29 03:45:00,0.1,0.2317801488028555,0.0,2026-01-29 17:05:00,5445.57,停損,94.57000000000062,-94.67000000000061,-1.0010574177857672,True,0.5849635190863841,1.0,-1.0010574177857672,13.333333333333334
2026-01-29,3.0,67,1,5561.99,5551.43,5445.57,105.86000000000058,129.433,0.8178748850756807,True,2026-01-29 06:35:00,0.1,0.2317801488028555,0.0,2026-01-29 17:05:00,5445.57,停損,116.42000000000009,-116.52000000000007,-1.0008589589417625,True,0.2874935578079388,1.0,-1.0008589589417625,10.5
2026-01-29,6.5,85,1,5582.54,5564.6,5516.36,48.24000000000069,129.433,0.372702479274997,True,2026-01-29 08:05:00,0.1,0.2317801488028555,0.0,2026-01-29 10:40:00,5516.36,停損,66.18000000000029,-66.28000000000029,-1.0015110305228165,True,0.1952251435478999,1.0,-1.0015110305228163,2.5833333333333335
2026-01-29,10.5,161,1,5539.34,5530.36,5474.4,55.96000000000004,129.433,0.4323472375669268,True,2026-01-29 14:25:00,0.1,0.2317801488028555,0.0,2026-01-29 17:05:00,5474.4,停損,64.94000000000051,-65.0400000000005,-1.0015398829688942,True,0.1603018170618998,1.0,-1.0015398829688942,2.6666666666666665
2026-01-30,6.0,84,-1,5184.89,5230.46,5193.67,36.78999999999997,173.88199999999998,0.2115802670776732,True,2026-01-30 08:00:00,0.1,0.0,0.1481481481481481,2026-01-31 00:00:00,4885.55,收盤,45.56999999999971,299.2400000000001,6.566600833881984,True,10.829931972789195,0.44941847706823995,6.566600833881984,16.0
2026-01-30,7.0,90,-1,5157.18,5241.09,5180.04,61.05000000000018,173.88199999999998,0.3511001713805925,True,2026-01-30 08:30:00,0.1,0.0,0.1379310344827586,2026-01-31 00:00:00,4885.55,收盤,83.90999999999985,271.5300000000001,3.2359671076153087,True,5.551304969610311,0.34966035037540455,3.2359671076153087,15.5
2026-01-30,7.5,97,-1,5146.11,5239.84,5156.91,82.93000000000029,173.88199999999998,0.4769326324748985,True,2026-01-30 09:05:00,0.1,0.0,0.125,2026-01-31 00:00:00,4885.55,收盤,93.73000000000047,260.45999999999947,2.7788328176677495,True,4.851595006934786,0.43113197482130117,2.778832817667749,14.916666666666666
2026-01-30,8.0,115,-1,5077.81,5205.37,5145.55,59.81999999999971,173.88199999999998,0.3440264087139538,True,2026-01-30 10:35:00,0.1,0.0,0.1052631578947368,2026-01-31 00:00:00,4885.55,收盤,127.55999999999948,192.16000000000022,1.5064283474443478,True,3.0294763248667453,0.5330824709940442,1.5064283474443476,13.416666666666666
2026-01-30,10.0,123,-1,5028.91,5181.33,5057.6,123.72999999999956,173.88199999999998,0.7115745160511127,True,2026-01-30 11:15:00,0.1,0.0,0.1,2026-01-31 00:00:00,4885.55,收盤,152.42000000000007,143.25999999999968,0.9399028998819027,True,2.2145387744390486,0.7669597165726315,0.9399028998819028,12.75
2026-01-30,10.5,129,-1,4976.72,5155.01,5014.47,140.53999999999996,173.88199999999998,0.8082492724951403,True,2026-01-30 11:45:00,0.1,0.0,0.0952380952380952,2026-01-31 00:00:00,4885.55,收盤,178.28999999999996,91.07000000000008,0.51079701609737,True,1.6004823601996772,0.9483986763138716,0.51079701609737,12.25
2026-02-02,4.0,55,-1,4673.08,4773.0,4698.92,74.07999999999993,241.425,0.3068447758102927,True,2026-02-02 05:35:00,0.1,0.0704152428290359,0.2777777777777778,2026-02-02 11:30:00,4673.08,保本,99.92000000000009,-0.1,-0.0010008006405124092,True,2.703162530024021,0.4040232185748585,-1.0010008006405124,5.916666666666667
2026-02-02,4.5,60,-1,4646.7,4773.0,4664.68,108.31999999999972,241.425,0.4486693590141853,True,2026-02-02 06:00:00,0.1,0.0704152428290359,0.2631578947368421,2026-02-02 13:40:00,4773.0,停損,126.30000000000018,-126.40000000000018,-1.0007917656373713,True,1.9296912114014244,1.0,-1.0007917656373713,7.666666666666667
2026-02-02,5.0,61,-1,4610.83,4729.41,4630.4,99.01000000000022,241.425,0.4101066583825213,True,2026-02-02 06:05:00,0.1,0.0704152428290359,0.25,2026-02-02 12:00:00,4729.41,停損,118.57999999999991,-118.67999999999992,-1.0008433125316243,True,1.7528250969809454,1.0,-1.000843312531624,5.916666666666667
2026-02-02,6.5,79,-1,4632.41,4713.45,4649.78,63.67000000000007,241.425,0.2637257947602778,True,2026-02-02 07:35:00,0.1,0.0704152428290359,0.1923076923076923,2026-02-02 10:20:00,4632.41,保本,81.03999999999996,-0.1,-0.0012339585389930905,True,2.8310710760118507,0.12783810463969134,-1.001233958538993,2.75
2026-02-02,5.5,81,-1,4575.72,4704.98,4603.4,101.57999999999991,241.425,0.4207517862690273,True,2026-02-02 07:45:00,0.1,0.0704152428290359,0.1923076923076923,2026-02-02 11:45:00,4704.98,停損,129.2599999999993,-129.3599999999993,-1.0007736345350455,True,1.3363762958378587,1.0,-1.0007736345350455,4.0
2026-02-02,7.0,89,-1,4469.22,4696.13,4498.55,197.57999999999996,241.425,0.8183908045977009,True,2026-02-02 08:25:00,0.1,0.0704152428290359,0.1724137931034483,2026-02-02 11:30:00,4696.13,停損,226.90999999999983,-227.00999999999985,-1.0004407033625669,True,0.2919219073641564,1.0,-1.0004407033625666,3.0833333333333335
2026-02-02,7.5,92,-1,4406.13,4658.45,4433.67,224.77999999999972,241.425,0.9310551931241576,True,2026-02-02 08:40:00,0.1,0.0704152428290359,0.1666666666666666,2026-02-02 11:30:00,4658.45,停損,252.3199999999997,-252.4199999999997,-1.0003963221306278,True,0.006380786303105875,1.0,-1.0003963221306278,2.8333333333333335
2026-02-03,6.5,88,1,4856.88,4841.87,4806.11,35.76000000000022,280.19000000000005,0.1276276812163182,False,2026-02-03 08:20:00,0.1,0.1820193440165601,0.0,2026-02-04 00:00:00,4946.45,收盤,50.77000000000044,89.46999999999971,1.7622611778609207,True,2.698246996257605,0.1794366752018829,1.7622611778609207,15.666666666666666
2026-02-03,7.5,93,1,4891.63,4875.14,4813.5,61.64000000000033,280.19000000000005,0.2199935757878593,False,2026-02-03 08:45:00,0.1,0.1820193440165601,0.0,2026-02-04 00:00:00,4946.45,收盤,78.13000000000011,54.71999999999971,0.7003711762447156,True,1.3085882503519728,0.3391782925892738,0.7003711762447156,15.25
2026-02-03,8.0,103,1,4917.89,4893.9,4816.6,77.29999999999927,280.19000000000005,0.2758842214211758,False,2026-02-03 09:35:00,0.1,0.1820193440165601,0.0,2026-02-04 00:00:00,4946.45,收盤,101.28999999999996,28.45999999999949,0.28097541711915786,True,0.7501234080363273,0.364497976108205,0.2809754171191578,14.416666666666666
2026-02-04,4.5,71,1,5079.09,5062.14,5035.6,26.539999999999964,303.059,0.0875737067699687,True,2026-02-04 06:55:00,0.1,0.0329968751959189,0.0,2026-02-04 13:20:00,5035.6,停損,43.48999999999978,-43.58999999999978,-1.0022993791676247,True,0.2934007817889235,1.0,-1.002299379167625,6.416666666666667
2026-02-04,3.5,74,1,5083.0,5065.45,5010.73,54.720000000000255,303.059,0.1805589010720693,True,2026-02-04 07:10:00,0.1,0.0329968751959189,0.0,2026-02-04 16:35:00,5010.73,停損,72.27000000000044,-72.37000000000043,-1.0013837000138368,True,0.12245745122457881,1.0,-1.0013837000138368,9.416666666666666
2026-02-04,5.5,102,1,5089.5,5074.17,5051.65,22.52000000000044,303.059,0.0743089629412109,True,2026-02-04 09:30:00,0.1,0.0329968751959189,0.0,2026-02-04 11:35:00,5051.65,停損,37.85000000000037,-37.950000000000365,-1.0026420079260236,True,0.0620871862615678,1.0,-1.002642007926024,2.0833333333333335
2026-02-05,6.0,79,-1,4841.5,4891.21,4863.54,27.670000000000076,313.55300000000005,0.0882466441080138,False,2026-02-05 07:35:00,0.1,0.0,0.1153846153846153,2026-02-05 07:50:00,4891.21,停損,49.71000000000004,-49.81000000000004,-1.0020116676725004,True,0.1512774089720465,1.0,-1.0020116676725006,0.25
2026-02-05,8.0,132,-1,4855.08,4934.01,4878.34,55.67000000000007,313.55300000000005,0.1775457418682011,False,2026-02-05 12:00:00,0.1,0.0,0.0697674418604651,2026-02-06 00:00:00,4776.55,收盤,78.93000000000029,78.42999999999975,0.9936652730267257,True,1.2072722665653062,0.655770936272647,0.9936652730267256,12.0
2026-02-05,10.5,160,-1,4820.36,4929.8,4853.94,75.86000000000058,313.55300000000005,0.2419367698602806,False,2026-02-05 14:20:00,0.1,0.0,0.0566037735849056,2026-02-06 00:00:00,4776.55,收盤,109.44000000000052,43.70999999999949,0.3993969298245548,True,0.5534539473684158,0.7902046783625738,0.3993969298245549,9.666666666666666
2026-02-09,4.0,83,1,5035.38,5017.51,4969.25,48.26000000000022,345.736,0.1395862739199858,True,2026-02-09 07:55:00,0.1,0.0115695212532105,0.0,2026-02-10 00:00:00,5060.3,收盤,66.13000000000011,24.82000000000007,0.3753213367609259,True,0.7755935278995899,0.8008468168758498,0.3753213367609259,16.083333333333332
2026-02-09,4.5,85,1,5044.03,5026.74,4986.35,40.38999999999942,345.736,0.1168232408542917,True,2026-02-09 08:05:00,0.1,0.0115695212532105,0.0,2026-02-09 12:30:00,4986.35,停損,57.67999999999938,-57.77999999999938,-1.001733703190014,True,0.014736477115124358,1.0,-1.001733703190014,4.416666666666667
2026-02-17,3.5,74,-1,4944.55,4971.12,4954.61,16.51000000000022,193.079,0.0855090403410014,True,2026-02-17 07:10:00,0.1,0.0051792271557238,0.0416666666666666,2026-02-18 00:00:00,4878.15,收盤,26.56999999999971,66.30000000000055,2.495295445991768,True,3.852088821979732,0.02070003763643914,2.495295445991768,16.833333333333332
2026-02-17,4.5,75,-1,4928.24,4970.15,4953.81,16.339999999999236,193.079,0.0846285717245233,True,2026-02-17 07:15:00,0.1,0.0051792271557238,0.0416666666666666,2026-02-18 00:00:00,4878.15,收盤,41.909999999999854,49.990000000000144,1.1927940825578696,True,2.0529706513958543,0.381531853972795,1.1927940825578696,16.75
2026-02-20,9.5,119,1,5030.4,5019.89,5005.1,14.789999999999964,147.06000000000003,0.1005711954304362,True,2026-02-20 10:55:00,0.1,0.0271997824017407,0.4615384615384615,2026-02-20 17:10:00,5005.1,停損,25.299999999999272,-25.399999999999274,-1.0039525691699607,True,1.337154150197664,1.0,-1.003952569169961,6.25
2026-02-23,2.5,44,1,5168.92,5160.9,5135.04,25.859999999999676,128.0660000000001,0.2019271313229089,True,2026-02-23 04:40:00,0.1,0.234254212671591,0.0,2026-02-23 09:30:00,5135.04,停損,33.88000000000011,-33.98000000000011,-1.0029515938606848,True,0.22727272727272116,1.0,-1.0029515938606848,4.833333333333333
2026-02-23,2.0,45,1,5174.45,5166.71,5129.76,36.94999999999982,128.0660000000001,0.2885231052738415,True,2026-02-23 04:45:00,0.1,0.234254212671591,0.0,2026-02-23 09:30:00,5129.76,停損,44.6899999999996,-44.7899999999996,-1.0022376370552697,True,0.048556724099353146,1.0,-1.0022376370552697,4.75
2026-02-23,9.5,124,1,5146.1,5139.68,5122.6,17.079999999999927,128.0660000000001,0.1333687317476919,True,2026-02-23 11:20:00,0.1,0.1795948963815531,0.0,2026-02-24 00:00:00,5227.92,收盤,23.5,81.71999999999971,3.477446808510626,True,3.904255319148936,0.19574468085107932,3.477446808510626,12.666666666666666
2026-02-23,10.0,126,1,5149.19,5142.13,5122.38,19.75,128.0660000000001,0.1542173566754641,True,2026-02-23 11:30:00,0.1,0.1795948963815531,0.0,2026-02-24 00:00:00,5227.92,收盤,26.80999999999949,78.63000000000048,2.932860872808727,True,3.30697500932497,0.2868332711674653,2.932860872808727,12.5
2026-02-23,10.5,138,1,5156.11,5149.48,5122.38,27.09999999999945,128.0660000000001,0.2116096387799996,True,2026-02-23 12:30:00,0.1,0.1795948963815531,0.0,2026-02-24 00:00:00,5227.92,收盤,33.72999999999956,71.7100000000004,2.1260005929440062,True,2.42336199229178,0.4331455677438441,2.1260005929440062,11.5
2026-02-23,9.0,144,1,5162.94,5154.38,5125.15,29.230000000000476,128.0660000000001,0.2282416878796905,True,2026-02-23 13:00:00,0.1,0.1795948963815531,0.0,2026-02-24 00:00:00,5227.92,收盤,37.78999999999997,64.88000000000048,1.7168563111934514,True,1.982270441915873,0.5673458586927658,1.7168563111934518,11.0
2026-03-02,3.5,45,1,5351.12,5339.2,5305.55,33.64999999999964,116.87000000000008,0.2879267562248619,True,2026-03-02 04:45:00,0.1,0.0342260631470864,0.0,2026-03-02 18:05:00,5305.55,停損,45.56999999999971,-45.66999999999971,-1.00219442615756,True,1.4957208689927648,1.0,-1.00219442615756,13.333333333333334
2026-03-02,3.0,51,1,5355.16,5347.5,5303.39,44.10999999999967,116.87000000000008,0.3774279113544934,True,2026-03-02 05:15:00,0.1,0.0342260631470864,0.0,2026-03-02 18:05:00,5303.39,停損,51.76999999999953,-51.86999999999953,-1.0019316206297084,True,1.2385551477689873,1.0,-1.0019316206297084,12.833333333333334
2026-03-02,4.0,52,1,5358.77,5351.77,5317.15,34.6200000000008,116.87000000000008,0.2962265765380403,True,2026-03-02 05:20:00,0.1,0.0342260631470864,0.0,2026-03-02 16:30:00,5317.15,停損,41.6200000000008,-41.7200000000008,-1.0024026910139356,True,1.4538683325323918,1.0,-1.0024026910139356,11.166666666666666
2026-03-02,4.5,60,1,5366.38,5359.45,5328.73,30.72000000000025,116.87000000000008,0.2628561649696264,True,2026-03-02 06:00:00,0.1,0.0342260631470864,0.0,2026-03-02 16:30:00,5328.73,停損,37.65000000000055,-37.75000000000055,-1.0026560424966797,True,1.4050464807436618,1.0,-1.00265604249668,10.5
2026-03-02,5.0,86,1,5376.11,5366.83,5344.51,22.31999999999971,116.87000000000008,0.19098143236074,True,2026-03-02 08:10:00,0.1,0.0342260631470864,0.0,2026-03-02 16:25:00,5344.51,停損,31.59999999999945,-31.699999999999456,-1.0031645569620256,True,1.366139240506355,1.0,-1.0031645569620251,8.25
2026-03-02,7.5,96,1,5387.56,5381.19,5348.98,32.21000000000004,116.87000000000008,0.2756053734919142,True,2026-03-02 09:00:00,0.1,0.0342260631470864,0.0,2026-03-02 16:25:00,5348.98,停損,38.58000000000084,-38.68000000000084,-1.0025920165889062,True,0.822187662001002,1.0,-1.0025920165889062,7.416666666666667
2026-03-02,8.0,98,1,5400.85,5389.84,5363.74,26.100000000000364,116.87000000000008,0.2233250620347424,True,2026-03-02 09:10:00,0.1,0.0342260631470864,0.0,2026-03-02 16:15:00,5363.74,停損,37.11000000000058,-37.21000000000058,-1.002694691457828,True,0.4966316356776904,1.0,-1.002694691457828,7.083333333333333
2026-03-10,7.0,95,1,5175.57,5166.58,5154.41,12.170000000000073,154.38799999999983,0.0788273700028505,False,2026-03-10 08:55:00,0.1,0.0259087493846672,0.032258064516129,2026-03-10 21:20:00,5175.57,保本,21.15999999999985,-0.1,-0.004725897920604949,True,2.9758979206049476,0.8974480151228692,0.8081285444234804,12.416666666666666
2026-03-10,6.5,96,1,5177.92,5167.98,5154.41,13.569999999999707,154.38799999999983,0.0878954322874816,False,2026-03-10 09:00:00,0.1,0.0259087493846672,0.032258064516129,2026-03-10 21:20:00,5177.92,保本,23.51000000000022,-0.1,-0.004253509145044623,True,2.5784772437260455,0.9076988515525286,0.6273925988940973,12.333333333333334
2026-03-10,7.5,122,1,5182.36,5174.19,5161.53,12.659999999999854,154.38799999999983,0.0820011918024708,False,2026-03-10 11:10:00,0.1,0.0259087493846672,0.025,2026-03-10 13:40:00,5161.53,停損,20.829999999999927,-20.92999999999993,-1.0048007681228996,True,0.6173787806049269,1.0,-1.0048007681228996,2.5
2026-03-10,8.0,128,1,5190.64,5179.31,5163.89,15.420000000000073,154.38799999999983,0.0998782288778926,False,2026-03-10 11:40:00,0.1,0.0259087493846672,0.0238095238095238,2026-03-10 13:40:00,5163.89,停損,26.75,-26.85,-1.0037383177570094,True,0.17121495327102532,1.0,-1.0037383177570094,2.0
2026-03-10,10.5,130,1,5194.38,5185.35,5165.67,19.68000000000029,154.38799999999983,0.1274710469725646,False,2026-03-10 11:50:00,0.1,0.0259087493846672,0.0232558139534883,2026-03-10 13:40:00,5165.67,停損,28.71000000000004,-28.810000000000038,-1.0034831069313828,True,0.01811215604317403,1.0,-1.0034831069313828,1.8333333333333333
2026-03-13,5.0,93,-1,5100.65,5128.46,5110.48,17.980000000000473,154.8039999999998,0.1161468695899362,True,2026-03-13 08:45:00,0.1,0.0258391256039895,0.5333333333333333,2026-03-14 00:00:00,5018.76,收盤,27.8100000000004,81.78999999999942,2.9410284070477615,True,3.268967997123285,0.763034879539732,2.941028407047761,15.25
2026-03-13,5.5,95,-1,5099.31,5121.84,5108.3,13.539999999999964,154.8039999999998,0.0874654401695045,True,2026-03-13 08:55:00,0.1,0.0258391256039895,0.5161290322580645,2026-03-13 15:50:00,5121.84,停損,22.529999999999745,-22.629999999999747,-1.0044385264092321,True,1.673324456280566,1.0,-1.004438526409232,6.916666666666667
2026-03-13,6.0,101,-1,5096.51,5116.78,5106.4,10.38000000000011,154.8039999999998,0.0670525309423537,True,2026-03-13 09:25:00,0.1,0.0258391256039895,0.4848484848484848,2026-03-13 15:05:00,5116.78,停損,20.269999999999527,-20.36999999999953,-1.0049333991119884,True,1.721756290083935,1.0,-1.0049333991119884,5.666666666666667
2026-03-13,6.5,102,-1,5095.66,5117.99,5103.9,14.090000000000146,154.8039999999998,0.0910183199400542,True,2026-03-13 09:30:00,0.1,0.0258391256039895,0.4848484848484848,2026-03-13 15:05:00,5117.99,停損,22.329999999999927,-22.42999999999993,-1.0044782803403494,True,1.5248544558889519,1.0,-1.0044782803403494,5.583333333333333
2026-03-13,7.0,103,-1,5092.19,5117.99,5102.74,15.25,154.8039999999998,0.0985116663652103,True,2026-03-13 09:35:00,0.1,0.0258391256039895,0.4705882352941176,2026-03-13 15:05:00,5117.99,停損,25.800000000000185,-25.900000000000183,-1.0038759689922478,True,1.1852713178294463,1.0,-1.003875968992248,5.5
2026-03-13,8.0,107,-1,5088.3,5111.01,5098.28,12.730000000000471,154.8039999999998,0.0822330172346999,True,2026-03-13 09:55:00,0.1,0.0258391256039895,0.4571428571428571,2026-03-13 15:05:00,5111.01,停損,22.71000000000004,-22.810000000000038,-1.0044033465433728,True,1.1752531924262646,1.0,-1.004403346543373,5.166666666666667
2026-03-13,8.5,112,-1,5078.07,5111.01,5088.95,22.0600000000004,154.8039999999998,0.1425027777060052,True,2026-03-13 10:20:00,0.1,0.0258391256039895,0.4324324324324324,2026-03-13 15:05:00,5111.01,停損,32.94000000000051,-33.04000000000051,-1.0030358227079539,True,0.499696417729198,1.0,-1.003035822707954,4.75
2026-03-16,3.0,39,-1,4986.57,5030.87,4996.87,34.0,155.25899999999984,0.2189889152963759,True,2026-03-16 04:15:00,0.1,0.0,0.8333333333333334,2026-03-16 09:20:00,5030.87,停損,44.30000000000018,-44.40000000000018,-1.002257336343115,True,0.08713318284423605,1.0,-1.002257336343115,5.083333333333333
2026-03-16,7.0,91,-1,5004.07,5026.26,5012.49,13.770000000000437,155.25899999999984,0.088690510695035,True,2026-03-16 08:35:00,0.1,0.0,0.3333333333333333,2026-03-16 09:15:00,5026.26,停損,22.19000000000051,-22.29000000000051,-1.0045065344749886,True,0.03605227579987625,1.0,-1.0045065344749886,0.6666666666666666
2026-03-16,6.5,114,-1,5002.31,5026.26,5010.29,15.970000000000256,155.25899999999984,0.1028603816847994,True,2026-03-16 10:30:00,0.1,0.0386451026993604,0.8918918918918919,2026-03-16 16:20:00,5026.26,停損,23.949999999999815,-24.04999999999982,-1.0041753653444678,True,1.3377870563674408,1.0,-1.0041753653444678,5.833333333333333
2026-03-16,8.5,117,-1,4992.82,5036.0,5003.27,32.72999999999956,155.25899999999984,0.2108090352250085,True,2026-03-16 10:45:00,0.1,0.0386451026993604,0.868421052631579,2026-03-16 17:10:00,5036.0,停損,43.18000000000029,-43.28000000000029,-1.002315886984715,True,0.5222325150532451,1.0,-1.002315886984715,6.416666666666667
2026-03-16,9.5,123,-1,4988.71,5029.56,4998.27,31.289999999999964,155.25899999999984,0.2015342105771645,True,2026-03-16 11:15:00,0.1,0.0386451026993604,0.825,2026-03-16 16:20:00,5029.56,停損,40.85000000000037,-40.950000000000365,-1.0024479804161566,True,0.4514075887392763,1.0,-1.0024479804161568,5.083333333333333
2026-03-16,10.0,140,-1,4983.9,5016.44,4991.96,24.479999999999563,155.25899999999984,0.1576720190133878,True,2026-03-16 12:40:00,0.1,0.0386451026993604,0.717391304347826,2026-03-16 14:25:00,5016.44,停損,32.539999999999964,-32.639999999999965,-1.0030731407498463,True,0.4188690842040324,1.0,-1.0030731407498463,1.75
2026-03-16,10.5,143,-1,4977.16,5007.34,4987.89,19.449999999999815,155.25899999999984,0.1252745412504256,True,2026-03-16 12:55:00,0.1,0.0386451026993604,0.7021276595744681,2026-03-16 14:20:00,5007.34,停損,30.18000000000029,-30.280000000000292,-1.0033134526176275,True,0.22829688535451795,1.0,-1.0033134526176275,1.4166666666666667
2026-03-19,5.5,82,-1,4846.36,4866.15,4853.51,12.639999999999418,123.96499999999996,0.1019642641067996,True,2026-03-19 07:50:00,0.1,0.0080667930464243,0.5185185185185185,2026-03-20 00:00:00,4657.69,收盤,19.789999999999964,188.57000000000008,9.528549772612452,True,17.369378473976777,0.37847397675597294,9.528549772612452,16.166666666666668
2026-03-19,6.0,91,-1,4840.78,4866.15,4850.86,15.289999999999964,123.96499999999996,0.1233412656798287,True,2026-03-19 08:35:00,0.1,0.0080667930464243,0.4666666666666667,2026-03-20 00:00:00,4657.69,收盤,25.36999999999989,182.99000000000015,7.212849822625185,True,13.32912889239264,0.05794245171463386,7.212849822625185,15.416666666666666
2026-03-19,5.0,92,-1,4832.98,4862.03,4841.8,20.229999999999563,123.96499999999996,0.163191223329162,True,2026-03-19 08:40:00,0.1,0.0080667930464243,0.4666666666666667,2026-03-20 00:00:00,4657.69,收盤,29.050000000000185,175.18999999999997,6.030636833046432,True,11.372117039586836,0.31910499139416104,6.030636833046433,15.333333333333334
2026-03-19,8.0,101,-1,4819.57,4853.85,4827.09,26.76000000000022,123.96499999999996,0.2158673819223186,True,2026-03-19 09:25:00,0.1,0.0080667930464243,0.4242424242424242,2026-03-20 00:00:00,4657.69,收盤,34.280000000000655,161.78000000000011,4.71936989498241,True,9.245915985997485,0.12135355892648118,4.71936989498241,14.583333333333334
2026-03-19,8.5,104,-1,4796.1,4846.72,4813.48,33.24000000000069,123.96499999999996,0.2681402008631525,True,2026-03-19 09:40:00,0.1,0.0080667930464243,0.4117647058823529,2026-03-20 00:00:00,4657.69,收盤,50.61999999999989,138.31000000000077,2.7323192414065796,True,5.797708415646012,0.008099565389171382,2.73231924140658,14.333333333333334
2026-03-19,9.0,117,-1,4739.84,4842.25,4747.88,94.36999999999988,123.96499999999996,0.7612632597910695,True,2026-03-19 10:45:00,0.1,0.0080667930464243,0.3684210526315789,2026-03-20 00:00:00,4657.69,收盤,102.40999999999984,82.05000000000055,0.8011912899131011,True,2.316375353969345,0.14861829899424153,0.801191289913101,13.25
2026-03-19,10.0,122,-1,4715.07,4784.34,4727.51,56.82999999999993,123.96499999999996,0.4584358488282978,True,2026-03-19 11:10:00,0.1,0.0080667930464243,0.35,2026-03-20 00:00:00,4657.69,收盤,69.27000000000044,57.28000000000011,0.8269091959000974,True,3.0669842644723326,0.3106683990183384,0.8269091959000974,12.833333333333334
2026-03-19,10.5,129,-1,4688.59,4771.67,4701.41,70.26000000000022,123.96499999999996,0.5667728794417799,True,2026-03-19 11:45:00,0.1,0.0080667930464243,0.3333333333333333,2026-03-20 00:00:00,4657.69,收盤,83.07999999999993,30.800000000000544,0.3707270101107435,True,2.238444872412138,0.44884448724121323,0.3707270101107435,12.25
2026-03-23,2.0,25,-1,4440.53,4510.79,4452.33,58.46000000000004,160.68500000000003,0.3638174067274483,True,2026-03-23 03:05:00,0.1,0.0622335625602887,0.125,2026-03-23 14:15:00,4440.53,保本,70.26000000000022,-0.1,-0.001423284941645313,True,4.862368346142884,0.1954170224879082,-1.0014232849416451,11.166666666666666
2026-03-23,2.5,32,-1,4349.99,4493.63,4404.59,89.03999999999996,160.68500000000003,0.5541276410368108,True,2026-03-23 03:40:00,0.1,0.0622335625602887,0.1,2026-03-23 17:20:00,4493.63,停損,143.64000000000033,-143.74000000000032,-1.000696184906711,True,1.7480506822612056,1.0,-1.000696184906711,13.666666666666666
2026-03-23,4.5,59,-1,4360.15,4454.26,4381.23,73.03000000000065,160.68500000000003,0.4544917073777928,True,2026-03-23 05:55:00,0.1,0.0622335625602887,0.0526315789473684,2026-03-23 14:10:00,4360.15,保本,94.11000000000058,-0.1,-0.0010625863351397236,True,2.7760068005525276,0.23175007969397796,-1.0010625863351397,8.25
2026-03-23,5.0,68,-1,4346.01,4422.04,4354.94,67.10000000000036,160.68500000000003,0.4175872047795398,True,2026-03-23 06:40:00,0.1,0.0622335625602887,0.0454545454545454,2026-03-23 14:10:00,4346.01,保本,76.02999999999975,-0.1,-0.0013152702880441975,True,3.250164408786024,0.4728396685518866,-1.001315270288044,7.5
2026-03-23,5.5,91,-1,4332.57,4400.85,4347.09,53.76000000000022,160.68500000000003,0.3345676323241137,True,2026-03-23 08:35:00,0.1,0.0622335625602887,0.0333333333333333,2026-03-23 14:10:00,4332.57,保本,68.28000000000065,-0.1,-0.0014645577035735068,True,3.4222319859402144,0.11408904510837564,-1.0014645577035737,5.583333333333333
2026-03-23,6.0,92,-1,4326.58,4377.93,4335.07,42.86000000000058,160.68500000000003,0.2667330491334012,True,2026-03-23 08:40:00,0.1,0.0622335625602887,0.0333333333333333,2026-03-23 14:10:00,4326.58,保本,51.35000000000037,-0.1,-0.0019474196689386423,True,4.433885102239507,0.050827653359292194,-1.0019474196689386,5.5
2026-03-23,8.0,97,-1,4286.86,4380.19,4302.45,77.73999999999978,160.68500000000003,0.4838037153436834,True,2026-03-23 09:05:00,0.1,0.0622335625602887,0.03125,2026-03-23 12:20:00,4286.86,保本,93.32999999999991,-0.1,-0.0010714668381013618,True,2.0139290688953198,0.25040180006428703,-1.001071466838101,3.25
2026-03-23,8.5,105,-1,4183.21,4356.31,4239.08,117.23000000000047,160.68500000000003,0.7295640538942679,True,2026-03-23 09:45:00,0.1,0.0622335625602887,0.0294117647058823,2026-03-23 14:10:00,4356.31,停損,173.10000000000036,-173.20000000000036,-1.000577700751011,True,0.4870595031773554,1.0,-1.000577700751011,4.416666666666667
2026-03-23,9.0,111,-1,4129.96,4310.36,4163.42,146.9399999999996,160.68500000000003,0.9144599682608804,True,2026-03-23 10:15:00,0.1,0.0622335625602887,0.0277777777777777,2026-03-23 14:10:00,4310.36,停損,180.39999999999964,-180.49999999999963,-1.0005543237250554,True,0.17217294900221985,1.0,-1.0005543237250554,3.9166666666666665
2026-03-25,2.0,32,1,4566.32,4551.64,4472.63,79.01000000000022,191.7970000000001,0.4119459637012058,True,2026-03-25 03:40:00,0.1,0.052138458891432,0.2,2026-03-26 00:00:00,4505.76,收盤,93.6899999999996,-60.65999999999949,-0.6474543707973076,True,0.38712776176753755,0.8472622478386215,-0.6474543707973076,20.333333333333332
2026-03-25,2.5,33,1,4567.86,4557.0,4504.99,52.01000000000022,191.7970000000001,0.2711721246943392,True,2026-03-25 03:45:00,0.1,0.052138458891432,0.2,2026-03-25 22:10:00,4504.99,停損,62.86999999999989,-62.96999999999989,-1.0015905837442343,True,0.5524097343725232,1.0,-1.0015905837442345,18.416666666666668
2026-03-25,3.0,43,1,4584.63,4572.07,4537.55,34.51999999999953,191.7970000000001,0.1799819600932209,True,2026-03-25 04:35:00,0.1,0.052138458891432,0.1428571428571428,2026-03-25 09:15:00,4537.55,停損,47.07999999999993,-47.17999999999993,-1.002124044180119,True,0.38147833474936416,1.0,-1.002124044180119,4.666666666666667
2026-03-25,3.5,44,1,4588.54,4578.76,4546.89,31.86999999999989,191.7970000000001,0.1661652684869934,True,2026-03-25 04:40:00,0.1,0.052138458891432,0.1428571428571428,2026-03-25 09:05:00,4546.89,停損,41.64999999999964,-41.74999999999964,-1.0024009603841535,True,0.33733493397359676,1.0,-1.0024009603841535,4.416666666666667
2026-03-25,10.5,161,1,4582.06,4567.8,4535.95,31.850000000000364,191.7970000000001,0.166060991569213,True,2026-03-25 14:25:00,0.1,0.052138458891432,0.0377358490566037,2026-03-25 15:35:00,4535.95,停損,46.11000000000058,-46.21000000000058,-1.002168726957276,True,0.07308609846020057,1.0,-1.002168726957276,1.1666666666666667
2026-03-26,7.5,94,-1,4473.26,4524.32,4489.1,35.219999999999345,199.06700000000015,0.1769253567894192,False,2026-03-26 08:50:00,0.1,0.0251171716055398,0.3870967741935484,2026-03-27 00:00:00,4380.84,收盤,51.05999999999949,92.32000000000008,1.8080689385037407,True,2.391304347826118,0.11966314140226662,1.8080689385037407,15.166666666666666
2026-03-26,8.0,99,-1,4420.98,4522.3,4439.07,83.23000000000047,199.06700000000015,0.4181004385458182,False,2026-03-26 09:15:00,0.1,0.0251171716055398,0.375,2026-03-27 00:00:00,4380.84,收盤,101.32000000000062,40.03999999999942,0.3951835767864111,True,0.6891038294512365,0.5762929332806945,0.3951835767864111,14.75
2026-03-26,10.0,126,-1,4428.4,4463.94,4439.09,24.84999999999945,199.06700000000015,0.1248323428795301,False,2026-03-26 11:30:00,0.1,0.0251171716055398,0.2926829268292683,2026-03-26 17:25:00,4463.94,停損,35.539999999999964,-35.639999999999965,-1.0028137310073157,True,0.43894203714123436,1.0,-1.0028137310073155,5.916666666666667
2026-03-26,9.5,129,-1,4420.17,4460.61,4430.67,29.9399999999996,199.06700000000015,0.1504016235739704,False,2026-03-26 11:45:00,0.1,0.0251171716055398,0.2857142857142857,2026-03-26 17:20:00,4460.61,停損,40.4399999999996,-40.5399999999996,-1.0024727992087044,True,0.13649851632048693,1.0,-1.0024727992087044,5.583333333333333
2026-03-30,8.0,105,1,4540.14,4528.54,4496.87,31.670000000000076,210.82000000000016,0.1502229390000951,True,2026-03-30 09:45:00,0.1,0.0094867659614837,0.2352941176470588,2026-03-30 22:05:00,4496.87,停損,43.27000000000044,-43.37000000000044,-1.0023110700254219,True,0.9406055003466468,1.0,-1.002311070025422,12.333333333333334
2026-03-30,8.5,106,1,4546.26,4535.29,4503.48,31.8100000000004,210.82000000000016,0.1508870126174005,True,2026-03-30 09:50:00,0.1,0.0094867659614837,0.2285714285714285,2026-03-30 22:00:00,4503.48,停損,42.780000000000655,-42.880000000000656,-1.002337540906966,True,0.8083216456287844,1.0,-1.002337540906966,12.166666666666666
2026-04-01,2.0,29,1,4714.62,4699.9,4672.15,27.75,233.22400000000007,0.1189843240832847,True,2026-04-01 03:25:00,0.1,0.0085754467807772,0.3333333333333333,2026-04-01 07:20:00,4672.15,停損,42.470000000000255,-42.570000000000256,-1.0023546032493524,True,0.22604191193784567,1.0,-1.0023546032493524,3.9166666666666665
2026-04-01,7.0,92,1,4700.43,4682.1,4667.11,14.990000000000691,233.22400000000007,0.0642729736219286,True,2026-04-01 08:40:00,0.1,0.0085754467807772,0.1,2026-04-02 00:00:00,4756.81,收盤,33.32000000000062,56.28000000000011,1.6890756302520726,True,2.7773109243696954,0.5288115246098308,1.6890756302520726,15.333333333333334
2026-04-01,6.5,93,1,4702.17,4688.81,4667.11,21.700000000000728,233.22400000000007,0.0930435975714365,True,2026-04-01 08:45:00,0.1,0.0085754467807772,0.1,2026-04-02 00:00:00,4756.81,收盤,35.0600000000004,54.540000000000326,1.5556189389617714,True,2.5898459783228507,0.5521962350256546,1.5556189389617714,15.25
2026-04-01,5.5,101,1,4709.2,4694.28,4678.18,16.099999999999454,233.22400000000007,0.0690323465852547,True,2026-04-01 09:25:00,0.1,0.0085754467807772,0.0909090909090909,2026-04-02 00:00:00,4756.81,收盤,31.019999999999527,47.51000000000058,1.5315925209542651,True,2.7005157962605324,0.22147001934235963,1.5315925209542651,14.583333333333334
2026-04-01,8.0,106,1,4724.14,4703.51,4674.93,28.579999999999927,233.22400000000007,0.1225431344973069,True,2026-04-01 09:50:00,0.1,0.0085754467807772,0.0857142857142857,2026-04-02 00:00:00,4756.81,收盤,49.21000000000004,32.57000000000007,0.6618573460678733,True,1.3986994513310278,0.2928266612477292,0.6618573460678734,14.166666666666666
2026-04-02,8.0,98,-1,4567.98,4680.59,4586.19,94.40000000000056,225.40500000000003,0.4188017124731063,False,2026-04-02 09:10:00,0.1,0.008872917637142,0.1875,2026-04-02 17:40:00,4680.59,停損,112.61000000000058,-112.71000000000058,-1.0008880206020778,True,0.12299085338779311,1.0,-1.0008880206020778,8.5
2026-04-08,2.0,25,1,4846.15,4836.25,4801.66,34.590000000000146,165.68499999999997,0.2087696532576887,True,2026-04-08 03:05:00,0.1,0.0362132963152971,0.25,2026-04-08 04:20:00,4801.66,停損,44.48999999999978,-44.58999999999978,-1.0022476961114857,True,0.25915936165432035,1.0,-1.0022476961114857,1.25
2026-04-08,6.0,90,1,4815.8,4805.95,4795.19,10.760000000000218,165.68499999999997,0.0649425113921008,True,2026-04-08 08:30:00,0.1,0.0362132963152971,0.0689655172413793,2026-04-08 11:45:00,4795.19,停損,20.610000000000586,-20.710000000000583,-1.0048520135856378,True,1.3541969917515315,1.0,-1.004852013585638,3.25
2026-04-08,5.5,94,1,4831.6,4820.67,4796.53,24.140000000000327,165.68499999999997,0.145698162175214,True,2026-04-08 08:50:00,0.1,0.0362132963152971,0.064516129032258,2026-04-08 11:45:00,4796.53,停損,35.07000000000062,-35.17000000000062,-1.0028514399771884,True,0.34530938123750954,1.0,-1.0028514399771884,2.9166666666666665
2026-04-08,5.0,95,1,4836.67,4825.23,4798.71,26.519999999999527,165.68499999999997,0.1600627697136104,True,2026-04-08 08:55:00,0.1,0.0362132963152971,0.064516129032258,2026-04-08 11:30:00,4798.71,停損,37.96000000000004,-38.06000000000004,-1.0026343519494203,True,0.07982086406743262,1.0,-1.0026343519494203,2.5833333333333335
2026-04-09,5.0,64,-1,4707.8,4732.96,4717.55,15.409999999999854,163.70699999999997,0.0941315887530762,True,2026-04-09 06:20:00,0.13,0.0061084742863774,0.0,2026-04-09 11:50:00,4732.96,停損,25.15999999999985,-25.289999999999853,-1.00516693163752,True,0.1665341812400848,1.0,-1.0051669316375198,5.5
2026-04-13,10.5,134,-1,4717.76,4739.96,4727.46,12.5,146.41799999999995,0.0853720171017225,True,2026-04-13 12:10:00,0.13,0.0068297613681378,0.8863636363636364,2026-04-13 16:50:00,4739.96,停損,22.199999999999815,-22.329999999999817,-1.0058558558558561,True,0.6310810810810961,1.0,-1.005855855855856,4.666666666666667
2026-04-13,10.0,138,-1,4715.22,4739.96,4724.87,15.090000000000146,146.41799999999995,0.1030610990452003,True,2026-04-13 12:30:00,0.13,0.0068297613681378,0.8666666666666667,2026-04-13 16:50:00,4739.96,停損,24.73999999999978,-24.86999999999978,-1.0052546483427647,True,0.4636216653193353,1.0,-1.005254648342765,4.333333333333333
2026-04-13,9.5,148,-1,4713.29,4738.63,4720.88,17.75,146.41799999999995,0.1212282642844459,True,2026-04-13 13:20:00,0.13,0.0068297613681378,0.7959183673469388,2026-04-13 16:50:00,4738.63,停損,25.340000000000146,-25.470000000000145,-1.0051302288871349,True,0.3764798737174392,1.0,-1.0051302288871349,3.5
2026-04-14,2.0,38,1,4775.43,4765.72,4754.54,11.180000000000293,140.1,0.0798001427551769,True,2026-04-14 04:10:00,0.13,0.0071377587437544,0.0,2026-04-14 13:40:00,4754.54,停損,20.890000000000327,-21.020000000000326,-1.0062230732407849,True,1.0047869794159623,1.0,-1.0062230732407849,9.5
2026-04-14,8.5,107,1,4778.93,4769.8,4758.1,11.699999999999818,140.1,0.0835117773019259,True,2026-04-14 09:55:00,0.13,0.0071377587437544,0.0,2026-04-14 13:40:00,4758.1,停損,20.829999999999927,-20.959999999999926,-1.0062409985597696,True,0.8396543446951437,1.0,-1.0062409985597696,3.75
2026-04-14,8.0,108,1,4782.0,4774.24,4758.1,16.139999999999418,140.1,0.1152034261241928,True,2026-04-14 10:00:00,0.13,0.0071377587437544,0.0,2026-04-14 13:40:00,4758.1,停損,23.89999999999964,-24.029999999999635,-1.0054393305439329,True,0.6033472803347403,1.0,-1.005439330543933,3.6666666666666665
2026-04-14,6.5,109,1,4786.92,4776.89,4765.83,11.0600000000004,140.1,0.0789436117059272,True,2026-04-14 10:05:00,0.13,0.0071377587437544,0.0,2026-04-14 13:40:00,4765.83,停損,21.090000000000146,-21.220000000000145,-1.0061640587956378,True,0.45045045045044735,1.0,-1.0061640587956378,3.5833333333333335
2026-04-14,9.0,110,1,4793.69,4783.01,4760.04,22.97000000000025,140.1,0.1639543183440417,True,2026-04-14 10:10:00,0.13,0.0071377587437544,0.0,2026-04-14 13:40:00,4760.04,停損,33.64999999999964,-33.77999999999964,-1.0038632986627043,True,0.0005943536404290275,1.0,-1.0038632986627043,3.5
2026-04-15,3.0,39,1,4850.24,4840.05,4827.18,12.86999999999989,134.55,0.0956521739130426,True,2026-04-15 04:15:00,0.13,0.0074321813452248,0.8333333333333334,2026-04-15 05:35:00,4827.18,停損,23.05999999999949,-23.18999999999949,-1.0056374674761492,True,0.9171725932350829,1.0,-1.0056374674761492,1.3333333333333333
2026-04-15,2.0,40,1,4864.13,4844.08,4833.8,10.279999999999744,134.55,0.0764028242289092,True,2026-04-15 04:20:00,0.13,0.0074321813452248,0.7692307692307693,2026-04-15 05:30:00,4833.8,停損,30.329999999999927,-30.459999999999926,-1.0042861852950873,True,0.04681833168480304,1.0,-1.0042861852950873,1.1666666666666667
2026-04-23,2.0,26,-1,4715.4,4729.97,4723.57,6.400000000000546,97.68900000000022,0.0655140292151678,False,2026-04-23 03:10:00,0.13,0.0818925365189528,0.0,2026-04-23 03:25:00,4729.97,停損,14.570000000000618,-14.70000000000062,-1.0089224433768014,True,1.4468085106382316,1.0,-1.0089224433768014,0.25
2026-04-23,9.0,132,-1,4703.34,4721.28,4708.58,12.699999999999818,97.68900000000022,0.1300044017238357,False,2026-04-23 12:00:00,0.13,0.0204731341297382,0.2558139534883721,2026-04-23 15:05:00,4721.28,停損,17.9399999999996,-18.0699999999996,-1.0072463768115942,True,1.059643255295465,1.0,-1.0072463768115942,3.0833333333333335
2026-04-23,9.5,133,-1,4696.82,4721.28,4703.08,18.199999999999815,97.68900000000022,0.1863055205806158,False,2026-04-23 12:05:00,0.13,0.0204731341297382,0.25,2026-04-23 15:05:00,4721.28,停損,24.46000000000004,-24.590000000000035,-1.0053147996729352,True,0.5106295993458612,1.0,-1.0053147996729357,3.0
2026-04-28,7.5,92,-1,4638.13,4669.97,4649.04,20.93000000000029,92.82000000000023,0.2254901960784339,True,2026-04-28 08:40:00,0.13,0.0215470803706097,0.2666666666666666,2026-04-29 00:00:00,4596.48,收盤,31.840000000000146,41.52000000000054,1.3040201005025236,True,2.6121231155778797,0.15201005025126016,1.3040201005025236,15.333333333333334
2026-04-28,8.5,137,-1,4616.15,4658.56,4623.47,35.090000000000146,92.82000000000023,0.3780435251023492,True,2026-04-28 12:25:00,0.13,0.0215470803706097,0.1777777777777777,2026-04-29 00:00:00,4596.48,收盤,42.41000000000077,19.540000000000074,0.460740391417112,True,1.4428200896014736,0.07073803348266791,0.460740391417112,11.583333333333334
2026-04-28,10.0,139,-1,4611.85,4639.43,4620.65,18.78000000000065,92.82000000000023,0.2023270846800323,True,2026-04-28 12:35:00,0.13,0.0215470803706097,0.1739130434782608,2026-04-29 00:00:00,4596.48,收盤,27.579999999999927,15.2400000000008,0.5525743292241059,True,2.062726613488052,0.17113850616386359,0.5525743292241059,11.416666666666666
2026-04-28,10.5,144,-1,4604.78,4635.3,4614.67,20.63000000000011,92.82000000000023,0.2222581340228404,True,2026-04-28 13:00:00,0.13,0.0215470803706097,0.1702127659574468,2026-04-29 00:00:00,4596.48,收盤,30.52000000000044,8.170000000000181,0.26769331585845557,True,1.6323722149409894,0.38630406290956076,0.2676933158584555,11.0
2026-05-04,10.0,145,-1,4560.26,4593.41,4578.05,15.359999999999673,100.52400000000034,0.1527993315029209,True,2026-05-04 13:05:00,0.13,0.079582985157773,0.0,2026-05-05 00:00:00,4523.21,收盤,33.14999999999964,36.92000000000018,1.1137254901960958,True,1.7957767722473998,0.6920060331824993,1.113725490196096,10.916666666666666
2026-05-06,2.5,33,1,4610.41,4604.24,4579.58,24.65999999999985,95.53600000000024,0.2581225925305622,True,2026-05-06 03:45:00,0.13,0.0,0.2,2026-05-07 00:00:00,4690.66,收盤,30.829999999999927,80.12,2.59876743431723,True,3.650340577359722,0.026921829386958456,2.59876743431723,20.25
2026-05-06,3.0,42,1,4624.99,4619.82,4588.29,31.529999999999745,95.53600000000024,0.3300326578462534,True,2026-05-06 04:30:00,0.13,0.0,0.1538461538461538,2026-05-07 00:00:00,4690.66,收盤,36.69999999999982,65.54000000000008,1.7858310626703107,True,2.6692098092643195,0.12425068119889682,1.7858310626703109,19.5
2026-05-06,3.5,50,1,4633.04,4625.64,4602.11,23.53000000000065,95.53600000000024,0.246294590520857,True,2026-05-06 05:10:00,0.13,0.0,0.125,2026-05-07 00:00:00,4690.66,收盤,30.93000000000029,57.48999999999989,1.8587132234076738,True,2.906886517943712,0.20045263498221014,1.8587132234076735,18.833333333333332
2026-05-06,4.0,51,1,4633.42,4628.64,4609.58,19.0600000000004,95.53600000000024,0.1995059454027838,True,2026-05-06 05:15:00,0.13,0.0,0.125,2026-05-07 00:00:00,4690.66,收盤,23.840000000000146,57.10999999999978,2.395553691275144,True,3.7554530201341945,0.27600671140939126,2.395553691275144,18.75
2026-05-06,4.5,62,1,4644.74,4636.38,4620.43,15.949999999999818,95.53600000000024,0.1669527717300261,True,2026-05-06 06:10:00,0.13,0.0,0.1,2026-05-07 00:00:00,4690.66,收盤,24.30999999999949,45.79000000000007,1.8835870012341025,True,3.2171945701358156,0.08556149732620201,1.8835870012341025,17.833333333333332
2026-05-06,5.0,63,1,4647.81,4641.9,4625.36,16.539999999999964,95.53600000000024,0.1731284541952763,True,2026-05-06 06:15:00,0.13,0.0,0.1,2026-05-07 00:00:00,4690.66,收盤,22.450000000000728,42.71999999999945,1.9028953229397803,True,3.346993318485389,0.22939866369712156,1.9028953229397805,17.75
2026-05-06,5.5,96,1,4663.0,4651.19,4626.84,24.34999999999945,95.53600000000024,0.2548777424216985,True,2026-05-06 09:00:00,0.13,0.0,0.064516129032258,2026-05-07 00:00:00,4690.66,收盤,36.159999999999854,27.529999999999855,0.7613384955752203,True,1.6579092920354,0.1620575221238854,0.7613384955752203,15.0
2026-05-06,8.0,108,1,4669.26,4663.85,4644.67,19.18000000000029,95.53600000000024,0.2007620164126637,True,2026-05-06 10:00:00,0.13,0.0,0.0571428571428571,2026-05-06 15:20:00,4669.26,保本,24.590000000000146,-0.13,-0.005286701911346044,True,2.1834078893859,0.4790565270435374,0.8649857665717573,5.333333333333333
2026-05-06,8.5,118,1,4675.33,4666.67,4644.67,22.0,95.53600000000024,0.2302796851448662,True,2026-05-06 10:50:00,0.13,0.0,0.0512820512820512,2026-05-07 00:00:00,4690.66,收盤,30.65999999999985,15.199999999999926,0.49575994781474236,True,1.5531637312459268,0.483039791258955,0.4957599478147423,13.166666666666666
2026-05-06,10.0,131,1,4697.42,4681.84,4657.48,24.360000000000586,95.53600000000024,0.2549824150058671,True,2026-05-06 11:55:00,0.13,0.0,0.0465116279069767,2026-05-07 00:00:00,4690.66,收盤,39.94000000000051,-6.890000000000218,-0.17250876314472033,True,0.6392088132198153,0.9238858287430938,-0.1725087631447203,12.083333333333334
2026-05-11,2.0,27,-1,4682.69,4698.59,4688.91,9.680000000000293,105.53999999999996,0.0917187796096294,False,2026-05-11 03:15:00,0.13,0.0189501610763691,0.0,2026-05-11 04:10:00,4698.59,停損,15.900000000000546,-16.030000000000545,-1.0081761006289305,True,0.7748427672955526,1.0,-1.0081761006289305,0.9166666666666666
2026-05-11,4.5,78,-1,4671.8,4701.76,4678.47,23.289999999999964,105.53999999999996,0.2206746257343184,False,2026-05-11 07:30:00,0.13,0.0379003221527383,0.52,2026-05-11 16:05:00,4701.76,停損,29.96000000000004,-30.090000000000035,-1.0043391188251,True,0.7887182910547423,1.0,-1.0043391188251,8.583333333333334
2026-05-11,5.0,90,-1,4670.83,4700.22,4676.64,23.579999999999927,105.53999999999996,0.2234223990903916,False,2026-05-11 08:30:00,0.13,0.0379003221527383,0.4482758620689655,2026-05-11 16:00:00,4700.22,停損,29.390000000000327,-29.520000000000326,-1.0044232732221843,True,0.7710105478053625,1.0,-1.0044232732221845,7.5
2026-05-11,5.5,93,-1,4663.72,4700.22,4675.1,25.11999999999989,105.53999999999996,0.2380140231191955,False,2026-05-11 08:45:00,0.13,0.0379003221527383,0.4333333333333333,2026-05-11 16:00:00,4700.22,停損,36.5,-36.63,-1.0035616438356165,True,0.42602739726027894,1.0,-1.0035616438356163,7.25
2026-05-11,7.0,94,-1,4660.99,4679.82,4668.54,11.279999999999744,105.53999999999996,0.1068789084707196,False,2026-05-11 08:50:00,0.13,0.0379003221527383,0.4193548387096774,2026-05-11 09:55:00,4679.82,停損,18.829999999999927,-18.959999999999926,-1.0069038767923526,True,0.6808284652150695,1.0,-1.0069038767923526,1.0833333333333333
2026-05-11,9.5,137,-1,4659.15,4680.46,4667.41,13.050000000000182,105.53999999999996,0.1236498010233104,False,2026-05-11 12:25:00,0.13,0.0379003221527383,0.2888888888888888,2026-05-11 15:25:00,4680.46,停損,21.3100000000004,-21.4400000000004,-1.0061004223369308,True,0.3998122946972955,1.0,-1.0061004223369308,3.0
2026-05-11,10.0,138,-1,4657.55,4680.35,4664.39,15.960000000000036,105.53999999999996,0.1512222853894262,False,2026-05-11 12:30:00,0.13,0.0379003221527383,0.2888888888888888,2026-05-11 15:25:00,4680.35,停損,22.800000000000185,-22.93000000000018,-1.0057017543859648,True,0.30350877192982534,1.0,-1.0057017543859648,2.9166666666666665
2026-05-15,2.0,30,-1,4629.88,4665.36,4646.98,18.38000000000011,100.58399999999992,0.1827328402131564,True,2026-05-15 03:30:00,0.13,0.0099419390757973,0.6666666666666666,2026-05-16 00:00:00,4538.63,收盤,35.47999999999956,91.12,2.5682074408117566,True,3.328072153325856,0.047350620067652525,2.568207440811757,20.5
2026-05-15,2.5,31,-1,4624.17,4665.36,4629.85,35.50999999999931,100.58399999999992,0.3530382565815571,True,2026-05-15 03:35:00,0.13,0.0099419390757973,0.6,2026-05-16 00:00:00,4538.63,收盤,41.1899999999996,85.40999999999997,2.0735615440641126,True,2.7280893420733427,0.17941247875698954,2.0735615440641126,20.416666666666668
2026-05-15,4.5,85,-1,4600.1,4624.46,4607.26,17.199999999999818,100.58399999999992,0.1710013521037126,True,2026-05-15 08:05:00,0.13,0.0099419390757973,0.2142857142857142,2026-05-16 00:00:00,4538.63,收盤,24.359999999999676,61.34000000000025,2.518062397372786,True,3.624794745484457,0.052545155993422105,2.5180623973727863,15.916666666666666
2026-05-15,7.0,86,-1,4593.21,4621.61,4604.42,17.1899999999996,100.58399999999992,0.1709019327129525,True,2026-05-15 08:10:00,0.13,0.0099419390757973,0.2142857142857142,2026-05-16 00:00:00,4538.63,收盤,28.39999999999964,54.449999999999925,1.9172535211267823,True,2.8665492957746794,0.07746478873238895,1.9172535211267825,15.833333333333334
2026-05-15,7.5,91,-1,4569.79,4614.97,4580.9,34.07000000000062,100.58399999999992,0.3387218643124219,True,2026-05-15 08:35:00,0.13,0.0099419390757973,0.2,2026-05-16 00:00:00,4538.63,收盤,45.18000000000029,31.029999999999855,0.6868083222664819,True,1.2835325365205712,0.41899070385126536,0.6868083222664819,15.416666666666666
2026-05-15,9.5,124,-1,4556.84,4588.72,4564.39,24.329999999999927,100.58399999999992,0.2418873777141488,True,2026-05-15 11:20:00,0.13,0.0099419390757973,0.1463414634146341,2026-05-16 00:00:00,4538.63,收盤,31.88000000000011,18.080000000000037,0.5671267252195726,True,1.412797992471763,0.49278544542032565,0.5671267252195726,12.666666666666666
2026-05-15,8.5,135,-1,4547.23,4589.92,4556.38,33.539999999999964,100.58399999999992,0.3334526366022428,True,2026-05-15 12:15:00,0.13,0.0099419390757973,0.1363636363636363,2026-05-16 00:00:00,4538.63,收盤,42.69000000000051,8.469999999999454,0.1984071211056302,True,0.8299367533379939,0.5931131412508859,0.1984071211056302,11.75
2026-05-20,2.5,42,-1,4473.63,4502.04,4479.73,22.3100000000004,107.77199999999984,0.2070110975021381,True,2026-05-20 04:30:00,0.13,0.00927884793824,0.8461538461538461,2026-05-20 15:35:00,4502.04,停損,28.40999999999985,-28.539999999999853,-1.0045758535726859,True,0.7036254839845084,1.0,-1.0045758535726856,11.083333333333334
2026-05-21,2.0,39,1,4559.92,4547.33,4534.66,12.670000000000073,100.02199999999984,0.1266721321309321,True,2026-05-21 04:15:00,0.13,0.0099978004838935,0.4166666666666667,2026-05-21 05:35:00,4534.66,停損,25.26000000000022,-25.390000000000217,-1.0051464766429137,True,0.42794932699918437,1.0,-1.0051464766429137,1.3333333333333333
2026-05-21,10.0,123,1,4534.23,4524.42,4512.05,12.36999999999989,100.02199999999984,0.1236727919857622,True,2026-05-21 11:15:00,0.13,0.0,0.925,2026-05-21 13:30:00,4512.05,停損,22.17999999999938,-22.30999999999938,-1.0058611361587015,True,0.39495040577098567,1.0,-1.0058611361587015,2.25
2026-05-21,9.5,136,1,4540.64,4535.09,4512.05,23.039999999999964,100.02199999999984,0.2303493231489072,True,2026-05-21 12:20:00,0.13,0.0,0.8222222222222222,2026-05-21 13:30:00,4512.05,停損,28.590000000000146,-28.720000000000145,-1.0045470444211262,True,0.08219657222803226,1.0,-1.0045470444211262,1.1666666666666667
2026-05-25,9.5,146,1,4570.97,4564.77,4552.62,12.150000000000546,98.45299999999988,0.1234091393863118,False,2026-05-25 13:10:00,0.13,0.1828283546463797,0.0,2026-05-25 21:30:00,4570.86,收盤,18.350000000000364,-0.24000000000058208,-0.013079019073600944,True,0.3722070844686535,0.9782016348773549,-0.0130790190736009,8.333333333333334
2026-05-26,6.0,81,-1,4526.25,4545.43,4532.12,13.3100000000004,95.6109999999998,0.1392099235443665,False,2026-05-26 07:45:00,0.13,0.0104590475991256,0.1923076923076923,2026-05-27 00:00:00,4507.1,收盤,19.18000000000029,19.019999999999637,0.991657977059403,True,2.2763295099061103,0.7455683003128241,0.991657977059403,16.25
2026-05-26,9.0,127,-1,4521.39,4536.22,4527.12,9.100000000000364,95.6109999999998,0.0951773331520471,False,2026-05-26 11:35:00,0.13,0.0104590475991256,0.119047619047619,2026-05-26 13:35:00,4536.22,停損,14.829999999999927,-14.959999999999928,-1.0087660148347943,True,0.6244099797707527,1.0,-1.0087660148347943,2.0
2026-05-26,9.5,140,-1,4516.76,4534.06,4522.14,11.920000000000073,95.6109999999998,0.1246718473815784,False,2026-05-26 12:40:00,0.13,0.0104590475991256,0.108695652173913,2026-05-26 13:30:00,4534.06,停損,17.300000000000182,-17.43000000000018,-1.007514450867052,True,0.2676300578034717,1.0,-1.007514450867052,0.8333333333333334
2026-05-26,10.5,141,-1,4513.3,4539.02,4520.65,18.3700000000008,95.6109999999998,0.1921327043959464,False,2026-05-26 12:45:00,0.13,0.0104590475991256,0.108695652173913,2026-05-26 13:55:00,4539.02,停損,25.72000000000025,-25.850000000000254,-1.005054432348367,True,0.004665629860026815,1.0,-1.005054432348367,1.1666666666666667
2026-05-29,2.0,38,1,4508.84,4497.03,4489.09,7.9399999999996,107.40399999999973,0.0739264831849802,True,2026-05-29 04:10:00,0.13,0.0,0.5833333333333334,2026-05-30 00:00:00,4541.22,收盤,19.75,32.25000000000011,1.6329113924050687,True,4.3792405063291024,0.703797468354458,1.6329113924050689,19.833333333333332
2026-05-29,6.0,77,1,4510.69,4501.98,4494.94,7.039999999999964,107.40399999999973,0.0655469070053255,True,2026-05-29 07:25:00,0.13,0.0,0.28,2026-05-30 00:00:00,4541.22,收盤,15.75,30.400000000000656,1.9301587301587717,True,5.3739682539682745,0.5047619047618932,1.930158730158772,16.583333333333332
2026-05-29,5.5,84,1,4514.18,4508.22,4495.04,13.180000000000293,107.40399999999973,0.1227142378309962,True,2026-05-29 08:00:00,0.13,0.0,0.2592592592592592,2026-05-30 00:00:00,4541.22,收盤,19.140000000000327,26.909999999999965,1.4059561128526388,True,4.239811912225614,0.5977011494253037,1.4059561128526388,16.0
2026-05-29,6.5,97,1,4519.18,4511.76,4494.94,16.82000000000062,107.40399999999973,0.1566049681576166,True,2026-05-29 09:05:00,0.13,0.0,0.21875,2026-05-30 00:00:00,4541.22,收盤,24.24000000000069,21.909999999999965,0.9038778877887517,True,3.141501650164912,0.3770627062706298,0.9038778877887516,14.916666666666666
2026-05-29,7.0,107,1,4522.05,4514.86,4501.09,13.769999999999529,107.40399999999973,0.128207515548765,True,2026-05-29 09:55:00,0.13,0.0,0.2,2026-05-30 00:00:00,4541.22,收盤,20.96000000000004,19.040000000000074,0.9083969465648872,True,3.496183206106852,0.5729961832061163,0.9083969465648876,14.083333333333334
2026-05-29,8.5,135,1,4529.06,4522.46,4502.74,19.72000000000025,107.40399999999973,0.1836058247365117,True,2026-05-29 12:15:00,0.13,0.0,0.1590909090909091,2026-05-30 00:00:00,4541.22,收盤,26.32000000000062,12.029999999999854,0.4570668693008956,True,2.5178571428570655,0.618161094224926,0.4570668693008956,11.75
2026-05-29,9.0,141,1,4532.46,4524.08,4510.15,13.930000000000293,107.40399999999973,0.1296972179807114,True,2026-05-29 12:45:00,0.13,0.0,0.1521739130434782,2026-05-30 00:00:00,4541.22,收盤,22.3100000000004,8.630000000000217,0.38682205289108307,True,2.8180188256386716,0.8816674137158099,0.386822052891083,11.25
2026-06-03,9.0,131,-1,4444.88,4470.91,4455.33,15.579999999999927,97.53399999999984,0.1597391678799183,False,2026-06-03 11:55:00,0.13,0.0,0.2325581395348837,2026-06-04 00:00:00,4433.99,收盤,26.029999999999745,10.760000000000327,0.4133691893968664,True,0.7099500576258415,0.8905109489051294,0.4133691893968664,12.083333333333334
2026-06-08,2.5,39,-1,4327.01,4353.42,4333.09,20.329999999999927,107.15199999999996,0.1897304763326856,True,2026-06-08 04:15:00,0.13,0.0093325369568463,0.75,2026-06-08 14:20:00,4327.01,保本,26.40999999999985,-0.13,-0.004922377887163981,True,2.2097690268837904,0.14237031427490493,-0.1132146914047591,10.083333333333334
2026-06-08,2.0,55,-1,4309.69,4346.97,4317.29,29.68000000000029,107.15199999999996,0.2769896968792024,True,2026-06-08 05:35:00,0.13,0.0093325369568463,0.5,2026-06-09 00:00:00,4329.87,收盤,37.280000000000655,-20.31000000000029,-0.544796137339054,True,1.1008583690986922,0.9922210300429196,-0.544796137339054,18.416666666666668
2026-06-08,3.5,63,-1,4304.86,4352.45,4311.5,40.94999999999982,107.15199999999996,0.3821673883828564,True,2026-06-08 06:15:00,0.13,0.0093325369568463,0.45,2026-06-09 00:00:00,4329.87,收盤,47.59000000000015,-25.140000000000217,-0.5282622399663823,True,0.7608741332212634,0.8787560411851333,-0.5282622399663824,17.75
2026-06-08,5.0,91,-1,4287.05,4330.77,4307.34,23.43000000000029,107.15199999999996,0.2186613408989127,True,2026-06-08 08:35:00,0.13,0.0093325369568463,0.3,2026-06-08 14:25:00,4330.77,停損,43.720000000000255,-43.85000000000026,-1.0029734675205857,True,0.4208600182982717,1.0,-1.0029734675205857,5.833333333333333
2026-06-08,10.0,125,-1,4288.8,4316.93,4294.44,22.49000000000069,107.15199999999996,0.2098887561594809,True,2026-06-08 11:25:00,0.13,0.0093325369568463,0.2195121951219512,2026-06-08 14:15:00,4316.93,停損,28.13000000000011,-28.260000000000108,-1.0046214006398861,True,0.5616779239246399,1.0,-1.004621400639886,2.8333333333333335
2026-06-08,9.5,128,-1,4287.52,4316.93,4293.28,23.650000000000546,107.15199999999996,0.2207144990294213,True,2026-06-08 11:40:00,0.13,0.0093325369568463,0.2142857142857142,2026-06-08 14:15:00,4316.93,停損,29.40999999999985,-29.539999999999853,-1.004420265215913,True,0.49370962257737194,1.0,-1.0044202652159129,2.5833333333333335
2026-06-08,9.0,134,-1,4285.41,4311.37,4292.03,19.340000000000146,107.15199999999996,0.1804912647454098,True,2026-06-08 12:10:00,0.13,0.0093325369568463,0.2045454545454545,2026-06-08 14:15:00,4311.37,停損,25.96000000000004,-26.090000000000035,-1.0050077041602463,True,0.4780431432973743,1.0,-1.0050077041602463,2.0833333333333335
2026-06-08,10.5,138,-1,4279.78,4311.75,4285.41,26.340000000000146,107.15199999999996,0.2458190234433342,True,2026-06-08 12:30:00,0.13,0.0093325369568463,0.2,2026-06-08 14:15:00,4311.75,停損,31.97000000000025,-32.10000000000026,-1.0040663121676574,True,0.2120738192054955,1.0,-1.0040663121676572,1.75
2026-06-10,2.0,33,-1,4204.35,4247.26,4210.51,36.75,111.35900000000012,0.3300137393475154,True,2026-06-10 03:45:00,0.13,0.0,0.0,2026-06-11 00:00:00,4070.5,收盤,42.909999999999854,133.72000000000037,3.116289909112114,True,3.1973898858075214,0.40806338848751733,3.116289909112114,20.25
2026-06-10,3.0,45,-1,4187.24,4228.36,4199.2,29.15999999999985,111.35900000000012,0.2618557997108435,True,2026-06-10 04:45:00,0.13,0.0,0.0,2026-06-11 00:00:00,4070.5,收盤,41.11999999999989,116.60999999999979,2.8358463035019477,True,2.920476653696498,0.8419260700389101,2.835846303501948,19.25
2026-06-10,3.5,50,-1,4181.25,4220.73,4187.28,33.44999999999982,111.35900000000012,0.3003798525489613,True,2026-06-10 05:10:00,0.13,0.0,0.0,2026-06-10 09:10:00,4220.73,停損,39.47999999999956,-39.609999999999566,-1.0032928064842959,True,0.21935157041539893,1.0,-1.003292806484296,4.0
2026-06-10,4.0,59,-1,4175.12,4218.88,4183.83,35.05000000000018,111.35900000000012,0.3147477976634142,True,2026-06-10 05:55:00,0.13,0.0,0.0,2026-06-10 09:10:00,4218.88,停損,43.76000000000022,-43.89000000000022,-1.0029707495429616,True,0.057815356489939046,1.0,-1.0029707495429616,3.25
2026-06-10,9.0,114,-1,4194.92,4221.86,4201.84,20.019999999999527,111.35900000000012,0.1797789132445469,True,2026-06-10 10:30:00,0.13,0.0,0.0,2026-06-11 00:00:00,4070.5,收盤,26.9399999999996,124.29000000000008,4.613585746102522,True,4.7427616926504035,0.08240534521159197,4.613585746102522,13.5
2026-06-10,9.5,119,-1,4182.15,4213.59,4193.59,20.0,111.35900000000012,0.1795993139306206,True,2026-06-10 10:55:00,0.13,0.0,0.0,2026-06-11 00:00:00,4070.5,收盤,31.44000000000051,111.51999999999964,3.5470737913485317,True,3.6577608142492903,0.17811704834606468,3.547073791348532,13.083333333333334
2026-06-10,8.0,121,-1,4164.22,4209.06,4173.55,35.51000000000022,111.35900000000012,0.3188785818838188,True,2026-06-10 11:05:00,0.13,0.0,0.0,2026-06-11 00:00:00,4070.5,收盤,44.84000000000015,93.59000000000026,2.0871989295272066,True,2.1648082069580696,0.49219446922389914,2.087198929527206,12.916666666666666
2026-06-11,4.5,55,-1,4073.25,4118.09,4081.68,36.41000000000031,116.95400000000014,0.3113189801118411,True,2026-06-11 05:35:00,0.13,0.0085503702310309,0.7777777777777778,2026-06-11 20:35:00,4118.09,停損,44.84000000000015,-44.97000000000015,-1.0028991971454058,True,0.46074933095450016,1.0,-1.002899197145406,15.0
2026-06-11,4.0,57,-1,4059.61,4118.09,4066.36,51.73000000000002,116.95400000000014,0.4423106520512335,True,2026-06-11 05:45:00,0.13,0.0085503702310309,0.7777777777777778,2026-06-11 20:35:00,4118.09,停損,58.48000000000002,-58.61000000000002,-1.0022229822161424,True,0.12004103967168228,1.0,-1.0022229822161424,14.833333333333334
2026-06-11,10.5,129,-1,4090.66,4112.67,4097.24,15.430000000000293,116.95400000000014,0.1319322126648107,True,2026-06-11 11:45:00,0.13,0.0085503702310309,0.3333333333333333,2026-06-11 20:35:00,4112.67,停損,22.01000000000022,-22.140000000000217,-1.0059064061790095,True,1.7137664697864345,1.0,-1.0059064061790095,8.833333333333334
2026-06-11,10.0,132,-1,4084.57,4110.59,4091.87,18.72000000000025,116.95400000000014,0.1600629307249023,True,2026-06-11 12:00:00,0.13,0.0085503702310309,0.3255813953488372,2026-06-11 20:35:00,4110.59,停損,26.019999999999985,-26.14999999999998,-1.0049961568024595,True,1.2156033820138405,1.0,-1.0049961568024597,8.583333333333334
2026-06-12,8.5,120,1,4194.22,4187.78,4170.77,17.00999999999931,121.56400000000012,0.1399262939686033,True,2026-06-12 11:00:00,0.13,0.0,0.9743589743589745,2026-06-13 00:00:00,4218.65,收盤,23.449999999999815,24.299999999999383,1.0362473347547794,True,1.764179104477621,0.7266524520255905,1.0362473347547791,13.0
2026-06-12,8.0,122,1,4202.04,4192.91,4170.77,22.139999999999414,121.56400000000012,0.1821262873877085,True,2026-06-12 11:10:00,0.13,0.0,0.95,2026-06-13 00:00:00,4218.65,收盤,31.269999999999527,16.479999999999674,0.5270227054684977,True,1.0729133354653242,0.7950111928365862,0.5270227054684977,12.833333333333334
2026-06-15,2.0,28,1,4304.25,4295.11,4281.14,13.969999999999343,118.54600000000008,0.1178445497950106,True,2026-06-15 03:20:00,0.13,0.1518397921481955,0.0,2026-06-16 00:00:00,4308.77,收盤,23.109999999999676,4.390000000000437,0.1899610558200129,True,2.810471657291248,0.807875378623987,0.1899610558200129,20.666666666666668
2026-06-15,3.5,43,1,4312.55,4306.55,4285.58,20.97000000000025,118.54600000000008,0.1768933578526499,True,2026-06-15 04:35:00,0.13,0.1518397921481955,0.0,2026-06-15 23:25:00,4312.55,保本,26.97000000000025,-0.13,-0.004820170559881305,True,2.100482017055955,0.4301075268817299,-0.1449758991471897,18.833333333333332
2026-06-15,2.5,44,1,4315.72,4308.2,4281.64,26.55999999999949,118.54600000000008,0.2240480488586664,True,2026-06-15 04:40:00,0.13,0.1518397921481955,0.0,2026-06-16 00:00:00,4308.77,收盤,34.07999999999993,-7.079999999999818,-0.20774647887323455,True,1.5692488262910704,0.43339201877935646,-0.2077464788732345,19.333333333333332
2026-06-15,4.0,51,1,4326.58,4319.64,4285.58,34.0600000000004,118.54600000000008,0.2873146289204222,True,2026-06-15 05:15:00,0.13,0.1518397921481955,0.0,2026-06-16 00:00:00,4308.77,收盤,41.0,-17.93999999999949,-0.43756097560974366,True,1.0395121951219486,0.6251219512195149,-0.4375609756097436,18.75
2026-06-15,9.0,119,1,4323.13,4313.38,4300.95,12.430000000000293,118.54600000000008,0.1048538120223396,True,2026-06-15 10:55:00,0.13,0.1518397921481955,0.0,2026-06-15 20:40:00,4323.13,保本,22.18000000000029,-0.13,-0.005861136158701456,True,2.0770964833182646,0.11902614968441357,-0.6532912533814014,9.75
2026-06-15,9.5,121,1,4328.31,4318.81,4300.95,17.860000000000582,118.54600000000008,0.1506588159870478,True,2026-06-15 11:05:00,0.13,0.1518397921481955,0.0,2026-06-16 00:00:00,4308.77,收盤,27.360000000000586,-19.669999999999963,-0.7189327485379949,True,1.4945175438595961,0.7978801169590779,-0.718932748537995,12.916666666666666
2026-06-15,8.0,127,1,4343.45,4333.0,4307.54,25.46000000000004,118.54600000000008,0.2147689504496146,True,2026-06-15 11:35:00,0.13,0.1518397921481955,0.0,2026-06-15 23:55:00,4307.54,停損,35.909999999999854,-36.03999999999986,-1.0036201615148985,True,0.7170704539125621,1.0,-1.0036201615148983,12.333333333333334
2026-06-18,9.5,119,-1,4291.96,4309.47,4299.19,10.280000000000657,130.0960000000001,0.0790185709014931,True,2026-06-18 10:55:00,0.13,0.0,0.4102564102564102,2026-06-19 00:00:00,4208.15,收盤,17.51000000000022,83.6800000000004,4.778983438035372,True,5.161050828098159,0.09366076527700211,4.778983438035372,13.083333333333334
2026-06-18,10.0,130,-1,4279.26,4309.47,4287.48,21.99000000000069,130.0960000000001,0.1690290247202118,True,2026-06-18 11:50:00,0.13,0.0,0.3720930232558139,2026-06-19 00:00:00,4208.15,收盤,30.21000000000004,70.98000000000059,2.3495531281032935,True,2.5710029791459776,0.002317113538553753,2.349553128103293,12.166666666666666
2026-06-18,10.5,131,-1,4277.4,4307.75,4284.05,23.699999999999815,130.0960000000001,0.1821731644324176,True,2026-06-18 11:55:00,0.13,0.0,0.3720930232558139,2026-06-19 00:00:00,4208.15,收盤,30.350000000000364,69.12,2.2774299835255083,True,2.4978583196045663,0.00032948929160521114,2.2774299835255083,12.083333333333334
2026-06-19,2.0,51,-1,4179.96,4208.35,4186.89,21.46000000000004,133.77900000000008,0.1604138168172884,True,2026-06-19 05:15:00,0.13,0.0224250442894624,0.0,2026-06-19 16:00:00,4179.96,保本,28.390000000000327,-0.13,-0.004579077139837918,True,2.0479041916167544,0.13103205353998632,0.8545262416343801,10.75
2026-06-19,2.5,52,-1,4175.86,4199.23,4184.44,14.789999999999964,133.77900000000008,0.1105554683470496,True,2026-06-19 05:20:00,0.13,0.0224250442894624,0.0,2026-06-19 11:25:00,4175.86,保本,23.36999999999989,-0.13,-0.005562687205819453,True,2.3123662815575616,0.33461703038085816,0.8626444159178459,6.083333333333333
2026-06-19,4.5,62,-1,4167.63,4190.93,4175.13,15.800000000000182,133.77900000000008,0.1181052332578369,True,2026-06-19 06:10:00,0.13,0.0224250442894624,0.0,2026-06-19 20:00:00,4155.57,收盤,23.300000000000185,11.9300000000004,0.5120171673819873,True,1.9660944206008601,0.6575107296137163,0.5120171673819874,13.833333333333334
2026-06-19,5.0,67,-1,4164.71,4186.19,4171.94,14.25,133.77900000000008,0.1065189603749466,True,2026-06-19 06:35:00,0.13,0.0224250442894624,0.0,2026-06-19 20:00:00,4155.57,收盤,21.479999999999563,9.010000000000327,0.4194599627560759,True,1.9967411545624394,0.8491620111731915,0.4194599627560759,13.416666666666666
2026-06-19,5.5,72,-1,4153.56,4183.68,4165.22,18.46000000000004,133.77900000000008,0.1379887725278259,True,2026-06-19 07:00:00,0.13,0.0224250442894624,0.0,2026-06-19 20:00:00,4155.57,收盤,30.11999999999989,-2.1399999999993087,-0.07104913678616588,True,1.0537848605577957,0.9757636122177797,-0.0710491367861658,13.0
2026-06-19,6.0,81,-1,4135.41,4177.29,4146.29,31.0,133.77900000000008,0.2317254576577787,True,2026-06-19 07:45:00,0.13,0.0224250442894624,0.0,2026-06-19 11:30:00,4177.29,停損,41.88000000000011,-42.01000000000011,-1.003104106972302,True,0.3244985673352462,1.0,-1.003104106972302,3.75
2026-06-19,6.5,83,-1,4128.27,4167.78,4141.51,26.269999999999527,133.77900000000008,0.196368637828056,True,2026-06-19 07:55:00,0.13,0.0224250442894624,0.0,2026-06-19 11:20:00,4167.78,停損,39.50999999999931,-39.63999999999931,-1.003290306251582,True,0.16324981017466061,1.0,-1.003290306251582,3.4166666666666665
2026-06-19,10.5,162,-1,4144.23,4177.68,4151.13,26.550000000000185,133.77900000000008,0.1984616419617441,True,2026-06-19 14:30:00,0.13,0.0224250442894624,0.0,2026-06-19 16:00:00,4177.68,停損,33.45000000000073,-33.58000000000073,-1.0038863976083707,True,0.06875934230191995,1.0,-1.0038863976083707,1.5
2026-06-22,8.5,134,1,4208.47,4200.82,4189.43,11.389999999999418,125.95300000000016,0.0904305574301477,False,2026-06-22 12:10:00,0.13,0.023818408453947,0.1590909090909091,2026-06-22 16:10:00,4189.43,停損,19.039999999999964,-19.169999999999963,-1.006827731092437,True,0.35189075630251215,1.0,-1.006827731092437,4.0
2026-06-23,5.0,64,-1,4133.26,4163.51,4146.65,16.860000000000582,125.9210000000002,0.1338934728917381,False,2026-06-23 06:20:00,0.13,0.0238244613686358,0.5714285714285714,2026-06-24 00:00:00,4109.67,收盤,30.25,23.460000000000147,0.7755371900826494,True,1.4006611570248049,0.453223140495869,0.7755371900826494,17.666666666666668
2026-06-23,5.5,84,-1,4118.19,4162.32,4130.9,31.420000000000076,125.9210000000002,0.2495215254008467,False,2026-06-23 08:00:00,0.13,0.0238244613686358,0.4444444444444444,2026-06-24 00:00:00,4109.67,收盤,44.13000000000011,8.389999999999526,0.1901200997054046,True,0.6186267845003321,0.6100158622252437,0.1901200997054046,16.0
2026-06-23,7.0,117,-1,4104.97,4146.97,4114.89,32.07999999999993,125.9210000000002,0.2547629069019455,False,2026-06-23 10:45:00,0.13,0.0238244613686358,0.3157894736842105,2026-06-24 00:00:00,4109.67,收盤,42.0,-4.829999999999818,-0.11499999999999566,True,0.3352380952381043,0.9557142857142719,-0.1149999999999956,13.25
2026-06-23,8.5,119,-1,4100.68,4133.63,4111.26,22.36999999999989,125.9210000000002,0.1776510669387938,False,2026-06-23 10:55:00,0.13,0.0238244613686358,0.3076923076923077,2026-06-23 16:50:00,4133.63,停損,32.94999999999982,-33.07999999999982,-1.0039453717754174,True,0.297116843702594,1.0,-1.0039453717754174,5.916666666666667
2026-06-24,2.0,37,-1,4073.55,4104.43,4080.92,23.51000000000022,123.9900000000002,0.1896120654891538,True,2026-06-24 04:05:00,0.13,0.0,0.0833333333333333,2026-06-25 00:00:00,4001.02,收盤,30.88000000000011,72.4000000000002,2.3445595854922265,True,3.701424870466314,0.9306994818652746,2.3445595854922265,19.916666666666668
2026-06-24,3.5,56,-1,4060.77,4100.81,4068.54,32.27000000000044,123.9900000000002,0.2602629244293926,True,2026-06-24 05:40:00,0.13,0.0,0.0555555555555555,2026-06-25 00:00:00,4001.02,收盤,40.04000000000042,59.62,1.4890109890109733,True,2.5354645354645085,0.919580419580414,1.4890109890109733,18.333333333333332
2026-06-24,9.5,120,-1,4074.88,4094.63,4083.28,11.349999999999907,123.9900000000002,0.0915396402935711,True,2026-06-24 11:00:00,0.13,0.0,0.0256410256410256,2026-06-25 00:00:00,4001.02,收盤,19.75,73.73000000000013,3.733164556962032,True,5.854683544303803,0.6440506329113823,3.733164556962032,13.0
2026-06-24,9.0,138,-1,4069.36,4097.59,4075.91,21.68000000000029,123.9900000000002,0.1748528107105432,True,2026-06-24 12:30:00,0.13,0.0,0.0222222222222222,2026-06-25 00:00:00,4001.02,收盤,28.230000000000015,68.21000000000015,2.416223875309958,True,3.9004605030109833,0.10060219624511828,2.416223875309958,11.5
2026-06-24,10.0,144,-1,4064.64,4090.83,4073.77,17.059999999999945,123.9900000000002,0.1375917412694565,True,2026-06-24 13:00:00,0.13,0.0,0.0212765957446808,2026-06-25 00:00:00,4001.02,收盤,26.19000000000005,63.48999999999989,2.4242077128674975,True,4.024054982817856,0.08667430316914765,2.424207712867497,11.0
2026-06-25,7.0,100,-1,3974.77,3997.63,3983.66,13.970000000000256,120.2430000000002,0.1161813993330192,True,2026-06-25 09:20:00,0.13,0.0083164924361501,0.1818181818181818,2026-06-25 11:25:00,3997.63,停損,22.860000000000127,-22.990000000000126,-1.005686789151356,True,0.14391951006123996,1.0,-1.005686789151356,2.0833333333333335
2026-06-26,9.5,136,1,4046.48,4039.76,4020.99,18.77000000000044,108.6780000000002,0.1727120484366698,True,2026-06-26 12:20:00,0.13,0.0276044829680339,0.4222222222222222,2026-06-27 00:00:00,4087.98,收盤,25.49000000000024,41.37,1.6229894076108125,True,1.943507257748135,0.41584935268732093,1.622989407610813,11.666666666666666
2026-06-30,2.0,26,-1,4004.51,4022.4,4013.47,8.930000000000291,106.0720000000003,0.0841880986499761,True,2026-06-30 03:10:00,0.13,0.0,0.625,2026-06-30 09:30:00,4004.51,保本,17.889999999999873,-0.13,-0.007266629401900555,True,3.4505310229178567,0.5237562884292878,-1.0072666294019006,6.333333333333333
2026-06-30,2.5,32,-1,3995.84,4021.8,4003.34,18.46000000000004,106.0720000000003,0.1740327324835959,True,2026-06-30 03:40:00,0.13,0.0,0.5,2026-06-30 07:35:00,3995.84,保本,25.96000000000004,-0.13,-0.005007704160246525,True,2.043913713405234,0.0785824345146364,-1.0050077041602463,3.9166666666666665
2026-06-30,3.0,38,-1,3963.6,4015.14,3980.11,35.029999999999745,106.0720000000003,0.3302473791386949,True,2026-06-30 04:10:00,0.13,0.0,0.4166666666666667,2026-06-30 09:35:00,4015.14,停損,51.53999999999997,-51.669999999999966,-1.002522312766783,True,0.2594101668606888,1.0,-1.002522312766783,5.416666666666667
2026-07-01,5.5,87,-1,3971.95,3986.97,3978.48,8.489999999999782,113.2380000000002,0.0749748317702517,True,2026-07-01 08:15:00,0.13,0.0,0.1428571428571428,2026-07-01 13:05:00,3986.97,停損,15.019999999999982,-15.149999999999983,-1.0086551264980028,True,0.7842876165113022,1.0,-1.0086551264980028,4.833333333333333
2026-07-01,6.0,98,-1,3966.98,3986.97,3976.73,10.239999999999782,113.2380000000002,0.090429007930198,True,2026-07-01 09:10:00,0.13,0.0,0.125,2026-07-01 13:05:00,3986.97,停損,19.98999999999978,-20.11999999999978,-1.006503251625813,True,0.34067033516758477,1.0,-1.006503251625813,3.9166666666666665
2026-07-01,7.0,99,-1,3965.23,3982.8,3972.49,10.3100000000004,113.2380000000002,0.0910471749766013,True,2026-07-01 09:15:00,0.13,0.0,0.125,2026-07-01 11:20:00,3982.8,停損,17.570000000000164,-17.700000000000163,-1.0073989755264654,True,0.28799089356857704,1.0,-1.0073989755264654,2.0833333333333335
2026-07-01,7.5,110,-1,3964.26,3982.8,3969.93,12.870000000000346,113.2380000000002,0.1136544269591508,True,2026-07-01 10:10:00,0.13,0.0,0.1111111111111111,2026-07-01 11:20:00,3982.8,停損,18.539999999999964,-18.669999999999963,-1.0070118662351673,True,0.22060409924488422,1.0,-1.0070118662351673,1.1666666666666667
2026-07-03,2.0,29,1,4138.69,4132.43,4121.2,11.230000000000471,110.96200000000022,0.1012058182080392,True,2026-07-03 03:25:00,0.13,0.0090120942304572,0.6666666666666666,2026-07-03 20:00:00,4174.94,收盤,17.48999999999978,36.12,2.0651801029159778,True,3.244711263579229,0.3173241852486759,2.0651801029159778,16.583333333333332
2026-07-03,2.5,35,1,4147.51,4140.89,4121.2,19.69000000000051,110.96200000000022,0.1774481353977079,True,2026-07-03 03:55:00,0.13,0.0090120942304572,0.5454545454545454,2026-07-03 20:00:00,4174.94,收盤,26.3100000000004,27.299999999999383,1.0376282782211694,True,1.8217407829722028,0.031166856708498898,1.0376282782211694,16.083333333333332
2026-07-03,3.0,37,1,4161.03,4151.06,4122.98,28.08000000000084,110.96200000000022,0.2530596059912472,True,2026-07-03 04:05:00,0.13,0.0090120942304572,0.5,2026-07-03 20:00:00,4174.94,收盤,38.05000000000018,13.779999999999854,0.3621550591327145,True,0.9043363994743677,0.14717477003940677,0.3621550591327145,15.916666666666666
2026-07-03,9.0,110,1,4180.42,4174.46,4160.49,13.970000000000256,110.96200000000022,0.1258989563994901,True,2026-07-03 10:10:00,0.13,0.0090120942304572,0.1666666666666666,2026-07-03 17:10:00,4160.49,停損,19.93000000000029,-20.06000000000029,-1.0065228299046662,True,0.3075765178123442,1.0,-1.0065228299046662,7.0
2026-07-13,2.0,31,-1,4062.34,4084.81,4068.6,16.210000000000036,97.0859999999998,0.1669653709082676,True,2026-07-13 03:35:00,0.13,0.1236017551449233,0.0,2026-07-13 04:35:00,4084.81,停損,22.4699999999998,-22.5999999999998,-1.0057854917668,True,0.010235870048955062,1.0,-1.0057854917668,1.0
2026-07-13,4.5,62,-1,4061.49,4089.77,4066.6,23.170000000000076,97.0859999999998,0.2386543888923235,True,2026-07-13 06:10:00,0.13,0.1236017551449233,0.0,2026-07-14 00:00:00,4002.0,收盤,28.2800000000002,59.35999999999978,2.0990099009900764,True,2.648161244695875,0.6789250353606837,2.0990099009900764,17.833333333333332
2026-07-13,4.0,63,-1,4058.12,4089.77,4065.51,24.259999999999764,97.0859999999998,0.2498815483179842,True,2026-07-13 06:15:00,0.13,0.1236017551449233,0.0,2026-07-14 00:00:00,4002.0,收盤,31.65000000000009,55.98999999999989,1.7690363349131035,True,2.2597156398104197,0.7131121642970015,1.7690363349131035,17.75
2026-07-14,8.5,122,-1,4016.0,4034.1,4022.68,11.420000000000073,101.64799999999984,0.1123484967731789,True,2026-07-14 11:10:00,0.13,0.0098378718715567,0.75,2026-07-14 15:05:00,4034.1,停損,18.09999999999991,-18.229999999999908,-1.007182320441989,True,0.12044198895026781,1.0,-1.007182320441989,3.9166666666666665
2026-07-14,9.5,139,-1,4014.13,4029.84,4020.77,9.070000000000164,101.64799999999984,0.0892294978750214,True,2026-07-14 12:35:00,0.13,0.0098378718715567,0.6521739130434783,2026-07-14 14:40:00,4029.84,停損,15.710000000000036,-15.840000000000037,-1.008274984086569,True,0.019096117122863222,1.0,-1.008274984086569,2.0833333333333335
2026-07-21,5.5,91,1,4059.71,4051.25,4028.06,23.19000000000005,88.15399999999981,0.2630623681285036,True,2026-07-21 08:35:00,0.13,0.0113437847403407,0.1,2026-07-22 00:00:00,4077.82,收盤,31.65000000000009,17.98000000000013,0.5680884676145364,True,0.8631911532385493,0.4802527646129471,0.5680884676145364,15.416666666666666
2026-07-21,7.5,92,1,4061.37,4056.47,4044.45,12.019999999999982,88.15399999999981,0.1363522925788961,True,2026-07-21 08:40:00,0.13,0.0113437847403407,0.1,2026-07-22 00:00:00,4077.82,收盤,16.920000000000073,16.320000000000274,0.9645390070922106,True,1.5165484633569857,0.9964539007091963,0.9645390070922106,15.333333333333334
2026-07-21,8.0,101,1,4073.64,4067.96,4046.46,21.5,88.15399999999981,0.243891371917327,True,2026-07-21 09:25:00,0.13,0.0113437847403407,0.0909090909090909,2026-07-21 16:45:00,4046.46,停損,27.17999999999984,-27.309999999999835,-1.004782928623988,True,0.387785136129508,1.0,-1.0047829286239882,7.333333333333333
2026-07-21,8.5,106,1,4083.03,4074.46,4054.57,19.889999999999876,88.15399999999981,0.2256278784853769,True,2026-07-21 09:50:00,0.13,0.0113437847403407,0.0857142857142857,2026-07-21 14:50:00,4054.57,停損,28.46000000000004,-28.590000000000035,-1.004567814476458,True,0.011595221363314364,1.0,-1.004567814476458,5.0
2026-07-22,3.5,55,1,4130.17,4121.66,4089.65,32.00999999999976,88.06099999999984,0.3634980297748131,True,2026-07-22 05:35:00,0.13,0.0113557647539773,0.4444444444444444,2026-07-23 00:00:00,4129.94,收盤,40.51999999999998,-0.36000000000047294,-0.008884501480761923,True,0.8859822309970299,0.5782329713721693,-0.0088845014807619,18.416666666666668
2026-07-22,4.5,60,1,4130.48,4126.02,4112.98,13.040000000000871,88.06099999999984,0.1480791723918749,True,2026-07-22 06:00:00,0.13,0.0113557647539773,0.4210526315789473,2026-07-22 10:05:00,4112.98,停損,17.5,-17.63,-1.0074285714285713,True,0.6411428571428717,1.0,-1.0074285714285711,4.083333333333333
2026-07-22,5.0,62,1,4137.41,4130.86,4119.0,11.859999999999673,88.06099999999984,0.1346793699821679,True,2026-07-22 06:10:00,0.13,0.0113557647539773,0.4,2026-07-22 09:30:00,4119.0,停損,18.40999999999985,-18.539999999999853,-1.0070613796849541,True,0.23302552960347625,1.0,-1.007061379684954,3.3333333333333335
2026-07-23,10.5,161,-1,4084.1,4108.8,4088.69,20.110000000000127,85.76399999999981,0.2344806678792986,False,2026-07-23 14:25:00,0.13,0.0233198078447834,0.2452830188679245,2026-07-24 00:00:00,4049.09,收盤,24.700000000000276,34.87999999999976,1.4121457489878289,True,1.7785425101214312,0.19676113360324185,1.412145748987829,9.583333333333334
2026-07-27,2.0,25,1,4101.88,4096.38,4083.69,12.690000000000056,87.37199999999989,0.145241038318913,True,2026-07-27 03:05:00,0.13,0.0,0.625,2026-07-27 15:20:00,4083.69,停損,18.19000000000005,-18.320000000000054,-1.007146783947224,True,0.7872457394172439,1.0,-1.0071467839472237,12.25
2026-07-27,6.5,104,1,4098.18,4092.89,4085.17,7.7199999999998,87.37199999999989,0.0883578263059081,True,2026-07-27 09:40:00,0.13,0.0,0.1470588235294117,2026-07-27 15:20:00,4085.17,停損,13.010000000000218,-13.140000000000219,-1.0099923136049191,True,0.6018447348193541,1.0,-1.0099923136049191,5.666666666666667
2026-07-27,7.5,111,1,4102.01,4094.79,4086.2,8.590000000000146,87.37199999999989,0.0983152497367595,True,2026-07-27 10:15:00,0.13,0.0,0.1388888888888889,2026-07-27 15:20:00,4086.2,停損,15.8100000000004,-15.940000000000401,-1.008222643896268,True,0.2530044275774762,1.0,-1.008222643896268,5.083333333333333
2026-07-27,9.0,112,1,4103.96,4099.31,4091.31,8.000000000000455,87.37199999999989,0.0915625143066481,True,2026-07-27 10:20:00,0.13,0.0,0.1351351351351351,2026-07-27 11:00:00,4091.31,停損,12.650000000000093,-12.780000000000092,-1.0102766798418972,True,0.16205533596839267,1.0,-1.0102766798418972,0.6666666666666666
2026-07-28,2.0,25,-1,4065.42,4075.0,4069.92,5.079999999999927,80.37399999999984,0.063204518874262,True,2026-07-28 03:05:00,0.13,0.0622091721203375,0.0,2026-07-29 00:00:00,4028.7,收盤,9.579999999999927,36.59000000000025,3.8194154488518297,True,5.617954070981271,0.2306889352818427,3.8194154488518297,20.916666666666668
2026-07-28,2.5,40,-1,4053.44,4074.19,4059.2,14.990000000000236,80.37399999999984,0.1865030980167749,True,2026-07-28 04:20:00,0.13,0.0622091721203375,0.0,2026-07-29 00:00:00,4028.7,收盤,20.75,24.610000000000237,1.1860240963855535,True,2.0163855421686816,0.08722891566264797,1.1860240963855535,19.666666666666668
2026-07-28,3.5,60,-1,4042.07,4066.2,4046.47,19.730000000000015,80.37399999999984,0.2454773931868522,True,2026-07-28 06:00:00,0.13,0.0622091721203375,0.0,2026-07-29 00:00:00,4028.7,收盤,24.12999999999965,13.240000000000345,0.5486945710733749,True,1.2627434728553955,0.5462080397845016,0.5486945710733748,18.0
2026-07-28,6.5,91,-1,4037.62,4051.16,4043.53,7.629999999999654,80.37399999999984,0.0949311966556308,True,2026-07-28 08:35:00,0.13,0.0622091721203375,0.0,2026-07-28 09:45:00,4051.16,停損,13.539999999999964,-13.669999999999964,-1.0096011816838997,True,0.20236336779909816,1.0,-1.0096011816838997,1.1666666666666667
2026-07-28,7.0,92,-1,4037.3,4049.62,4041.6,8.019999999999982,80.37399999999984,0.0997835120810212,True,2026-07-28 08:40:00,0.13,0.0622091721203375,0.0,2026-07-28 09:35:00,4049.62,停損,12.319999999999707,-12.44999999999971,-1.0105519480519485,True,0.044642857142872965,1.0,-1.0105519480519485,0.9166666666666666
2026-07-28,9.5,131,-1,4042.29,4052.41,4046.92,5.489999999999782,80.37399999999984,0.0683056709881279,True,2026-07-28 11:55:00,0.13,0.0622091721203375,0.0,2026-07-28 18:50:00,4042.29,保本,10.11999999999989,-0.13,-0.01284584980237168,True,3.032608695652212,0.36067193675890613,1.3300395256917283,6.916666666666667
2026-07-28,10.0,135,-1,4040.96,4052.41,4046.15,6.259999999999764,80.37399999999984,0.0778858834946596,True,2026-07-28 12:15:00,0.13,0.0622091721203375,0.0,2026-07-28 18:45:00,4040.96,保本,11.449999999999818,-0.13,-0.011353711790393194,True,2.564192139738043,0.27947598253273964,1.0593886462882454,6.5
2026-07-28,9.0,139,-1,4037.87,4052.37,4042.95,9.420000000000073,80.37399999999984,0.1172020802747168,True,2026-07-28 12:35:00,0.13,0.0622091721203375,0.0,2026-07-29 00:00:00,4028.7,收盤,14.5,9.040000000000072,0.623448275862074,True,1.8117241379310332,0.6344827586207085,0.623448275862074,11.416666666666666
2026-08-05,4.5,56,1,4120.36,4108.5,4080.21,28.289999999999964,81.61699999999996,0.3466189641863824,True,2026-08-05 05:40:00,0.13,0.0,0.2777777777777778,2026-08-06 00:00:00,4246.23,收盤,40.14999999999964,125.7399999999999,3.1317559153175845,True,3.6699875466999177,0.009215442092151787,3.131755915317585,18.333333333333332
2026-08-05,5.0,74,1,4139.48,4135.33,4095.53,39.79999999999973,81.61699999999996,0.4876435056422037,True,2026-08-05 07:10:00,0.13,0.0,0.2083333333333333,2026-08-06 00:00:00,4246.23,收盤,43.94999999999936,106.62,2.425938566552936,True,2.9176336746303146,0.15813424345847368,2.425938566552936,16.833333333333332
2026-08-05,5.5,76,1,4140.75,4136.57,4101.53,35.039999999999964,81.61699999999996,0.4293223225553497,True,2026-08-05 07:20:00,0.13,0.0,0.2,2026-08-06 00:00:00,4246.23,收盤,39.220000000000255,105.34999999999957,2.686129525752139,True,3.237123916369179,0.20958694543600717,2.686129525752139,16.666666666666668
2026-08-05,6.5,92,1,4152.22,4141.42,4127.55,13.86999999999989,81.61699999999996,0.1699400860114914,True,2026-08-05 08:40:00,0.13,0.0,0.1666666666666666,2026-08-06 00:00:00,4246.23,收盤,24.670000000000076,93.87999999999931,3.805431698419093,True,4.681394406161307,0.10660721524118773,3.8054316984190937,15.333333333333334
2026-08-05,8.0,108,1,4177.57,4172.91,4134.74,38.17000000000007,81.61699999999996,0.4676721761397759,True,2026-08-05 10:00:00,0.13,0.0,0.1428571428571428,2026-08-06 00:00:00,4246.23,收盤,42.82999999999993,68.52999999999986,1.600046696240952,True,2.1045995797338426,0.6392715386411431,1.600046696240952,14.0
2026-08-11,2.0,29,1,4412.35,4402.59,4394.74,7.850000000000364,100.94200000000004,0.0777674308018501,True,2026-08-11 03:25:00,0.12,0.0297200372491133,0.0,2026-08-11 04:05:00,4394.74,停損,17.610000000000582,-17.730000000000583,-1.006814310051107,True,0.39352640545139994,1.0,-1.006814310051107,0.6666666666666666
2026-08-11,2.5,46,1,4426.51,4416.11,4395.36,20.75,100.94200000000004,0.2055635909730339,True,2026-08-11 04:50:00,0.12,0.0297200372491133,0.0,2026-08-11 08:30:00,4395.36,停損,31.150000000000546,-31.270000000000547,-1.003852327447833,True,0.2773675762439572,1.0,-1.003852327447833,3.6666666666666665
2026-08-11,9.5,128,1,4374.98,4369.32,4357.67,11.649999999999636,100.94200000000004,0.1154128113173865,True,2026-08-11 11:40:00,0.12,0.0,0.9285714285714286,2026-08-12 00:00:00,4367.92,收盤,17.30999999999949,-7.179999999999491,-0.4147891392258638,True,1.6903523974581791,0.8463316002310842,-0.4147891392258638,12.333333333333334
2026-08-14,6.5,91,-1,4316.91,4328.18,4322.8,5.380000000000109,98.96799999999992,0.0543610055775615,True,2026-08-14 08:35:00,0.12,0.010104276129658,0.2333333333333333,2026-08-14 08:55:00,4328.18,停損,11.270000000000437,-11.390000000000436,-1.0106477373558114,True,0.001774622892593282,1.0,-1.0106477373558114,0.3333333333333333
2026-08-19,6.0,80,-1,4346.64,4360.38,4351.9,8.480000000000473,102.44399999999987,0.0827769317871274,True,2026-08-19 07:40:00,0.12,0.0195228612705478,0.6538461538461539,2026-08-19 10:35:00,4360.38,停損,13.739999999999782,-13.859999999999781,-1.0087336244541485,True,0.8355167394469182,1.0,-1.0087336244541485,2.9166666666666665
2026-08-19,5.0,83,-1,4344.88,4362.1,4351.59,10.510000000000218,102.44399999999987,0.102592635976731,True,2026-08-19 07:55:00,0.12,0.0195228612705478,0.6296296296296297,2026-08-19 10:40:00,4362.1,停損,17.220000000000255,-17.340000000000256,-1.0069686411149825,True,0.5644599303135953,1.0,-1.0069686411149823,2.75
2026-08-19,7.0,88,-1,4337.73,4356.25,4343.93,12.319999999999707,102.44399999999987,0.1202608254265718,True,2026-08-19 08:20:00,0.12,0.0195228612705478,0.5862068965517241,2026-08-19 10:30:00,4356.25,停損,18.52000000000044,-18.640000000000438,-1.0064794816414684,True,0.13876889848810198,1.0,-1.0064794816414686,2.1666666666666665
2026-08-21,6.0,78,1,4546.84,4538.38,4526.79,11.590000000000146,103.14300000000004,0.1123682654179163,False,2026-08-21 07:30:00,0.12,0.0096952774303636,0.48,2026-08-22 00:00:00,4603.37,收盤,20.050000000000185,56.40999999999975,2.81346633416455,True,4.258354114713184,0.8807980049875159,2.8134663341645503,16.5
2026-08-21,5.0,96,1,4553.65,4542.94,4518.35,24.58999999999924,103.14300000000004,0.2384068720126351,False,2026-08-21 09:00:00,0.12,0.0096952774303636,0.3870967741935484,2026-08-22 00:00:00,4603.37,收盤,35.29999999999927,49.60000000000026,1.4050991501416794,True,2.2257790368272588,0.22861189801699364,1.4050991501416794,15.0
2026-08-21,8.0,104,1,4564.94,4556.3,4529.18,27.11999999999989,103.14300000000004,0.2629359239114616,False,2026-08-21 09:40:00,0.12,0.0096952774303636,0.3529411764705882,2026-08-22 00:00:00,4603.37,收盤,35.75999999999931,38.310000000000294,1.0713087248322437,True,1.8814317673378622,0.17869127516777242,1.0713087248322437,14.333333333333334
2026-08-21,9.0,125,1,4577.68,4567.63,4545.58,22.050000000000185,103.14300000000004,0.2137808673395206,False,2026-08-21 11:25:00,0.12,0.0096952774303636,0.2926829268292683,2026-08-22 00:00:00,4603.37,收盤,32.100000000000364,25.5699999999996,0.7965732087227199,True,1.6990654205607272,0.4398753894080913,0.7965732087227199,12.583333333333334
2026-08-21,10.5,134,1,4595.63,4581.86,4559.19,22.670000000000076,103.14300000000004,0.219791939346345,False,2026-08-21 12:10:00,0.12,0.0096952774303636,0.2727272727272727,2026-08-22 00:00:00,4603.37,收盤,36.44000000000051,7.619999999999782,0.20911086717891533,True,1.0041163556531183,0.8800768386388381,0.2091108671789153,11.833333333333334
2026-08-24,7.0,98,1,4649.03,4642.59,4632.62,9.970000000000256,101.26900000000003,0.0984506611105101,True,2026-08-24 09:10:00,0.12,0.0691228312711688,0.28125,2026-08-24 10:50:00,4632.62,停損,16.409999999999854,-16.529999999999855,-1.0073126142595978,True,0.6624009750152339,1.0,-1.0073126142595978,1.6666666666666667
2026-08-24,7.5,99,1,4652.38,4646.55,4633.13,13.420000000000073,101.26900000000003,0.1325183422370129,True,2026-08-24 09:15:00,0.12,0.0691228312711688,0.28125,2026-08-24 10:50:00,4633.13,停損,19.25,-19.37,-1.0062337662337664,True,0.3906493506493261,1.0,-1.0062337662337664,1.5833333333333333
2026-08-24,6.0,100,1,4656.35,4650.18,4633.5,16.68000000000029,101.26900000000003,0.1647098322290166,True,2026-08-24 09:20:00,0.12,0.0691228312711688,0.2727272727272727,2026-08-24 10:50:00,4633.5,停損,22.850000000000364,-22.970000000000365,-1.0052516411378556,True,0.08577680525164136,1.0,-1.0052516411378556,1.5
2026-08-31,3.0,38,-1,4439.69,4472.08,4452.33,19.75,111.38300000000008,0.1773161074849841,True,2026-08-31 04:10:00,0.12,0.0359121230349334,0.8333333333333334,2026-09-01 00:00:00,4448.43,收盤,32.39000000000033,-8.86000000000069,-0.273541216424841,True,1.3331275084902423,0.7527014510651393,-0.273541216424841,19.833333333333332
2026-08-31,2.0,49,-1,4426.9,4466.9,4435.94,30.96000000000004,111.38300000000008,0.2779598322903855,True,2026-08-31 05:05:00,0.12,0.0359121230349334,0.625,2026-09-01 00:00:00,4448.43,收盤,40.0,-21.650000000000656,-0.5412500000000164,True,0.7597499999999855,0.9292500000000018,-0.5412500000000164,18.916666666666668
2026-08-31,4.5,55,-1,4411.41,4453.87,4418.59,35.279999999999745,111.38300000000008,0.3167449251681111,True,2026-08-31 05:35:00,0.12,0.0359121230349334,0.5555555555555556,2026-08-31 13:55:00,4453.87,停損,42.46000000000004,-42.580000000000034,-1.0028261893546866,True,0.3509185115402643,1.0,-1.0028261893546866,8.333333333333334
2026-09-03,2.0,36,1,4395.49,4388.86,4381.18,7.679999999999381,107.491,0.071447842144918,True,2026-09-03 04:00:00,0.12,0.0093031044459536,0.5454545454545454,2026-09-04 00:00:00,4473.33,收盤,14.30999999999949,77.72000000000014,5.431167016072879,True,8.060097833683036,0.5681341719077847,5.431167016072879,20.0
2026-09-03,2.5,38,1,4402.62,4392.57,4381.18,11.389999999999418,107.491,0.1059623596394062,True,2026-09-03 04:10:00,0.12,0.0093031044459536,0.5,2026-09-04 00:00:00,4473.33,收盤,21.4399999999996,70.59000000000003,3.292444029850809,True,5.047108208955319,0.39972014925372523,3.292444029850809,19.833333333333332
2026-09-03,3.0,43,1,4409.16,4397.8,4382.55,15.25,107.491,0.1418723428007926,True,2026-09-03 04:35:00,0.12,0.0093031044459536,0.4285714285714285,2026-09-04 00:00:00,4473.33,收盤,26.609999999999676,64.05000000000007,2.406989853438589,True,3.8207440811725415,0.3348365276211937,2.406989853438589,19.416666666666668
2026-09-03,3.5,55,1,4415.52,4409.34,4382.55,26.789999999999964,107.491,0.249230168107097,True,2026-09-03 05:35:00,0.12,0.0093031044459536,0.3333333333333333,2026-09-04 00:00:00,4473.33,收盤,32.970000000000255,57.68999999999949,1.7497725204731285,True,2.890809827115522,0.11980588413711547,1.7497725204731285,18.416666666666668
2026-09-03,4.0,59,1,4419.77,4412.44,4387.36,25.079999999999927,107.491,0.233321859504516,True,2026-09-03 05:55:00,0.12,0.0093031044459536,0.3157894736842105,2026-09-04 00:00:00,4473.33,收盤,32.410000000000764,53.43999999999949,1.6488738043813094,True,2.8096266584386713,0.028694847269369612,1.6488738043813094,18.083333333333332
2026-09-03,4.5,61,1,4424.38,4415.48,4400.25,15.229999999999563,107.491,0.1416862807118695,True,2026-09-03 06:05:00,0.12,0.0093031044459536,0.3,2026-09-04 00:00:00,4473.33,收盤,24.13000000000011,48.82999999999982,2.023622047244078,True,3.582677165354307,0.22958972233733688,2.023622047244078,17.916666666666668
2026-09-03,5.0,63,1,4428.83,4420.52,4406.79,13.730000000000471,107.491,0.1277316240429475,True,2026-09-03 06:15:00,0.12,0.0093031044459536,0.3,2026-09-04 00:00:00,4473.33,收盤,22.039999999999964,44.38,2.0136116152450123,True,3.7205081669691533,0.453266787658793,2.0136116152450123,17.75
2026-09-03,5.5,79,1,4437.12,4431.31,4409.5,21.8100000000004,107.491,0.2029007079662521,True,2026-09-03 07:35:00,0.12,0.0093031044459536,0.2307692307692307,2026-09-04 00:00:00,4473.33,收盤,27.61999999999989,36.09000000000004,1.3066618392469291,True,2.6687183200579407,0.6618392469225133,1.3066618392469291,16.416666666666668
2026-09-03,6.0,80,1,4438.2,4432.59,4419.51,13.079999999999927,107.491,0.1216846061530726,True,2026-09-03 07:40:00,0.12,0.0093031044459536,0.2307692307692307,2026-09-03 09:25:00,4419.51,停損,18.6899999999996,-18.8099999999996,-1.0064205457463886,True,0.11128945960406483,1.0,-1.0064205457463886,1.75
2026-09-03,9.5,121,1,4437.0,4431.62,4419.14,12.479999999999563,107.491,0.116102743485497,True,2026-09-03 11:05:00,0.12,0.0093031044459536,0.15,2026-09-03 13:25:00,4419.14,停損,17.859999999999673,-17.979999999999674,-1.0067189249720045,True,0.3712206047032604,1.0,-1.0067189249720043,2.3333333333333335
2026-09-07,5.5,79,-1,4398.1,4419.04,4404.69,14.350000000000364,111.60899999999992,0.1285738605309641,True,2026-09-07 07:35:00,0.12,0.0089598509080808,0.1153846153846153,2026-09-07 11:20:00,4419.04,停損,20.9399999999996,-21.0599999999996,-1.0057306590257882,True,0.6093600764088091,1.0,-1.0057306590257882,3.75
2026-09-07,4.5,80,-1,4395.23,4416.87,4402.96,13.909999999999854,111.60899999999992,0.1246315261314039,True,2026-09-07 07:40:00,0.12,0.0089598509080808,0.1153846153846153,2026-09-07 11:15:00,4416.87,停損,21.640000000000327,-21.76000000000033,-1.0055452865064696,True,0.4570240295748276,1.0,-1.0055452865064696,3.5833333333333335
2026-09-07,6.5,96,-1,4394.09,4408.85,4400.23,8.6200000000008,111.60899999999992,0.0772339148276645,True,2026-09-07 09:00:00,0.12,0.0089598509080808,0.0967741935483871,2026-09-07 11:05:00,4408.85,停損,14.760000000000218,-14.880000000000217,-1.008130081300813,True,0.5928184281842731,1.0,-1.008130081300813,2.0833333333333335
2026-09-07,7.0,97,-1,4387.69,4407.26,4394.46,12.800000000000182,111.60899999999992,0.1146860916234371,True,2026-09-07 09:05:00,0.12,0.0089598509080808,0.09375,2026-09-07 11:05:00,4407.26,停損,19.57000000000062,-19.69000000000062,-1.00613183444047,True,0.11650485436891535,1.0,-1.00613183444047,2.0
2026-09-09,2.0,29,-1,4343.11,4359.98,4349.31,10.669999999999163,108.95899999999992,0.0979267430868415,True,2026-09-09 03:25:00,0.12,0.0091777641131067,0.6666666666666666,2026-09-09 03:55:00,4359.98,停損,16.86999999999989,-16.989999999999892,-1.0071132187314762,True,0.10491997628924354,1.0,-1.0071132187314762,0.5
2026-09-11,4.0,64,-1,4314.92,4340.45,4320.93,19.519999999999527,113.48499999999986,0.1720051108075917,True,2026-09-11 06:20:00,0.12,0.026435211701987,0.5714285714285714,2026-09-11 08:35:00,4340.45,停損,25.529999999999745,-25.649999999999746,-1.0047003525264395,True,0.5507246376811806,1.0,-1.0047003525264395,2.25
2026-09-11,3.5,65,-1,4306.93,4340.45,4319.88,20.56999999999971,113.48499999999986,0.1812574349032888,True,2026-09-11 06:25:00,0.12,0.026435211701987,0.5714285714285714,2026-09-11 08:35:00,4340.45,停損,33.51999999999953,-33.639999999999525,-1.003579952267303,True,0.18108591885443628,1.0,-1.003579952267303,2.1666666666666665
2026-09-16,7.0,109,1,4334.77,4328.5,4320.64,7.859999999999673,100.21399999999994,0.0784321551878946,False,2026-09-16 10:05:00,0.12,0.0099786456982058,0.3055555555555556,2026-09-16 21:05:00,4334.77,保本,14.13000000000011,-0.12,-0.008492569002123076,True,2.1089879688605127,0.8259023354564744,-1.008492569002123,11.0
2026-09-16,9.0,116,1,4338.22,4333.12,4321.55,11.569999999999707,100.21399999999994,0.1154529307282387,False,2026-09-16 10:40:00,0.12,0.0099786456982058,0.2894736842105263,2026-09-16 21:05:00,4321.55,停損,16.670000000000073,-16.790000000000074,-1.0071985602879425,True,1.5806838632273148,1.0,-1.0071985602879423,10.416666666666666
2026-09-16,9.5,146,1,4345.22,4337.58,4323.8,13.779999999999744,100.21399999999994,0.137505737721274,False,2026-09-16 13:10:00,0.12,0.0099786456982058,0.2291666666666666,2026-09-16 21:05:00,4323.8,停損,21.420000000000076,-21.540000000000074,-1.0056022408963583,True,0.9033613445377866,1.0,-1.0056022408963583,7.916666666666667
2026-09-22,8.5,118,-1,4309.38,4333.22,4315.16,18.0600000000004,96.00199999999997,0.1881210808108207,True,2026-09-22 10:50:00,0.12,0.0624986979437928,0.2051282051282051,2026-09-22 11:55:00,4333.22,停損,23.840000000000146,-23.960000000000147,-1.00503355704698,True,0.747063758389274,1.0,-1.00503355704698,1.0833333333333333
2026-09-28,2.0,29,-1,4253.06,4266.25,4257.51,8.739999999999782,83.86400000000012,0.1042163502814052,False,2026-09-28 03:25:00,0.12,0.1192406753791851,0.0,2026-09-29 00:00:00,4114.22,收盤,13.1899999999996,138.72000000000014,10.517058377559087,True,10.778620166793358,0.10083396512509231,10.517058377559088,20.583333333333332
2026-09-28,2.5,31,-1,4235.85,4265.04,4249.93,15.109999999999673,83.86400000000012,0.1801726604979449,False,2026-09-28 03:35:00,0.12,0.1192406753791851,0.0,2026-09-29 00:00:00,4114.22,收盤,29.1899999999996,121.5100000000001,4.162726961288173,True,4.280918122644802,0.1346351490236189,4.162726961288173,20.416666666666668
2026-09-28,3.0,39,-1,4220.89,4261.01,4227.34,33.67000000000007,83.86400000000012,0.4014833540017173,False,2026-09-28 04:15:00,0.12,0.1192406753791851,0.0,2026-09-29 00:00:00,4114.22,收盤,40.11999999999989,106.55000000000007,2.6557826520438774,True,2.741774675972091,0.11939182452642015,2.655782652043877,19.75
2026-09-28,3.5,44,-1,4210.09,4250.33,4214.42,35.909999999999854,83.86400000000012,0.4281932652866522,False,2026-09-28 04:40:00,0.12,0.1192406753791851,0.0,2026-09-29 00:00:00,4114.22,收盤,40.23999999999978,95.74999999999989,2.379473161033807,True,2.4652087475149194,0.1901093439363737,2.379473161033807,19.333333333333332
2026-09-28,4.0,59,-1,4201.54,4231.53,4205.98,25.550000000000185,83.86400000000012,0.3046599255938203,False,2026-09-28 05:55:00,0.12,0.1192406753791851,0.0,2026-09-29 00:00:00,4114.22,收盤,29.98999999999978,87.1999999999997,2.90763587862622,True,3.0226742247415905,0.05135045015004918,2.90763587862622,18.083333333333332
2026-09-28,5.0,88,-1,4189.49,4217.42,4194.21,23.21000000000004,83.86400000000012,0.2767576075550892,False,2026-09-28 08:20:00,0.12,0.1192406753791851,0.0,2026-09-29 00:00:00,4114.22,收盤,27.93000000000029,75.14999999999952,2.690655209452157,True,2.8141783029000584,0.09237379162190835,2.690655209452157,15.666666666666666
2026-09-28,6.0,91,-1,4184.0,4203.08,4191.4,11.680000000000293,83.86400000000012,0.1392731088428917,False,2026-09-28 08:35:00,0.12,0.1192406753791851,0.0,2026-09-29 00:00:00,4114.22,收盤,19.079999999999927,69.65999999999974,3.6509433962264155,True,3.8317610062893057,0.15670859538782983,3.650943396226416,15.416666666666666
2026-09-28,7.5,94,-1,4180.61,4200.18,4185.42,14.760000000000218,83.86400000000012,0.1759992368596799,False,2026-09-28 08:50:00,0.12,0.1192406753791851,0.0,2026-09-29 00:00:00,4114.22,收盤,19.57000000000062,66.26999999999941,3.3863055697494797,True,3.5625958099129864,0.21052631578946146,3.38630556974948,15.166666666666666
2026-09-28,8.0,100,-1,4174.47,4197.99,4179.0,18.98999999999978,83.86400000000012,0.22643804254507,False,2026-09-28 09:20:00,0.12,0.1192406753791851,0.0,2026-09-29 00:00:00,4114.22,收盤,23.519999999999527,60.13,2.5565476190476706,True,2.703231292517058,0.13392857142855866,2.5565476190476706,14.666666666666666
2026-09-28,8.5,108,-1,4164.2,4190.57,4169.28,21.289999999999964,83.86400000000012,0.2538633978822848,False,2026-09-28 10:00:00,0.12,0.1192406753791851,0.0,2026-09-29 00:00:00,4114.22,收盤,26.36999999999989,49.859999999999566,1.8907849829351449,True,2.0216154721274067,0.2662116040955808,1.8907849829351449,14.0
2026-09-28,9.0,116,-1,4154.35,4181.45,4161.95,19.5,83.86400000000012,0.2325193169894111,False,2026-09-28 10:40:00,0.12,0.1192406753791851,0.0,2026-09-29 00:00:00,4114.22,收盤,27.09999999999945,40.01000000000011,1.4763837638376724,True,1.6036900369004026,0.6225092250922595,1.4763837638376722,13.333333333333334
2026-09-28,9.5,124,-1,4151.83,4177.41,4156.52,20.889999999999414,83.86400000000012,0.2490937708671109,False,2026-09-28 11:20:00,0.12,0.1192406753791851,0.0,2026-09-29 00:00:00,4114.22,收盤,25.579999999999927,37.489999999999675,1.4655981235340023,True,1.6004691164972524,0.7580140734949329,1.4655981235340023,12.666666666666666
2026-09-28,10.0,126,-1,4145.01,4166.34,4151.05,15.289999999999964,83.86400000000012,0.1823189926547737,False,2026-09-28 11:30:00,0.12,0.1192406753791851,0.0,2026-09-28 15:10:00,4166.34,停損,21.329999999999927,-21.44999999999993,-1.0056258790436006,True,0.20206282231600634,1.0,-1.0056258790436006,3.6666666666666665
2026-09-30,6.0,107,1,4191.21,4182.34,4171.37,10.970000000000256,92.78200000000017,0.118234140242722,True,2026-09-30 09:55:00,0.12,0.0215559052402405,0.8285714285714286,2026-09-30 17:30:00,4171.37,停損,19.840000000000146,-19.960000000000147,-1.0060483870967742,True,1.4153225806451473,1.0,-1.0060483870967742,7.583333333333333
2026-09-30,9.0,113,1,4201.05,4194.98,4176.2,18.779999999999745,92.78200000000017,0.2024099502058558,True,2026-09-30 10:25:00,0.12,0.0215559052402405,0.7837837837837838,2026-09-30 17:05:00,4176.2,停損,24.850000000000364,-24.970000000000365,-1.0048289738430582,True,0.7340040241448497,1.0,-1.0048289738430582,6.666666666666667
2026-10-01,2.0,28,-1,4141.81,4156.69,4152.06,4.6299999999992,86.72700000000013,0.0533859121150183,True,2026-10-01 03:20:00,0.12,0.0576521729103969,0.0,2026-10-01 04:10:00,4156.69,停損,14.8799999999992,-14.999999999999199,-1.0080645161290327,True,0.17002688172048325,1.0,-1.0080645161290327,0.8333333333333334
2026-10-09,2.5,39,1,4155.65,4150.54,4139.63,10.909999999999854,80.7090000000002,0.1351769938916332,True,2026-10-09 04:15:00,0.12,0.0371705757722186,0.0,2026-10-10 00:00:00,4195.1,收盤,16.019999999999527,39.33000000000073,2.455056179775399,True,3.239700374531965,0.0024968789013710864,2.455056179775399,19.75
2026-10-09,3.5,44,1,4169.46,4163.78,4142.45,21.329999999999927,80.7090000000002,0.2642827937404735,True,2026-10-09 04:40:00,0.12,0.0371705757722186,0.0,2026-10-10 00:00:00,4195.1,收盤,27.01000000000022,25.520000000000326,0.9448352462051137,True,1.4102184376156919,0.03146982599038715,0.9448352462051136,19.333333333333332
2026-10-09,4.0,75,1,4179.46,4175.2,4143.12,32.07999999999993,80.7090000000002,0.3974773569242568,True,2026-10-09 07:15:00,0.12,0.0371705757722186,0.0,2026-10-10 00:00:00,4195.1,收盤,36.34000000000015,15.520000000000328,0.4270776004402934,True,0.7729774353329674,0.29856906989544085,0.4270776004402935,16.75
2026-10-09,4.5,77,1,4182.51,4176.95,4161.45,15.5,80.7090000000002,0.1920479748231295,True,2026-10-09 07:25:00,0.12,0.0371705757722186,0.0,2026-10-10 00:00:00,4195.1,收盤,21.0600000000004,12.470000000000146,0.5921177587844212,True,1.188983855650498,0.66001899335234,0.5921177587844212,16.583333333333332
2026-10-09,5.0,79,1,4184.67,4179.94,4169.71,10.229999999999563,80.7090000000002,0.12675166338326,True,2026-10-09 07:35:00,0.12,0.0371705757722186,0.0,2026-10-09 15:55:00,4169.71,停損,14.960000000000036,-15.080000000000036,-1.0080213903743316,True,1.529411764705886,1.0,-1.0080213903743316,8.333333333333334
2026-10-09,6.5,86,1,4187.41,4183.18,4174.74,8.44000000000051,80.7090000000002,0.1045732198391813,True,2026-10-09 08:10:00,0.12,0.0371705757722186,0.0,2026-10-09 15:55:00,4174.74,停損,12.670000000000073,-12.790000000000072,-1.0094711917916337,True,1.5895816890292196,1.0,-1.0094711917916337,7.75
2026-10-09,7.0,88,1,4190.75,4185.73,4177.05,8.679999999999382,80.7090000000002,0.1075468659009448,True,2026-10-09 08:20:00,0.12,0.0371705757722186,0.0,2026-10-09 14:10:00,4177.05,停損,13.699999999999818,-13.819999999999817,-1.0087591240875913,True,1.2262773722628033,1.0,-1.0087591240875913,5.833333333333333
2026-10-09,7.5,91,1,4200.32,4192.47,4177.05,15.420000000000073,80.7090000000002,0.1910567594692046,True,2026-10-09 08:35:00,0.12,0.0371705757722186,0.0,2026-10-09 14:10:00,4177.05,停損,23.269999999999527,-23.389999999999528,-1.0051568543188656,True,0.31070047271167256,1.0,-1.0051568543188656,5.583333333333333
