leg,time,xtime,side,R,bars,R_stopentry,xtime2,h1,h4,hour,dow,vol,depth,strength,half
A M15 40/20/5,2026-01-02 21:15:00,2026-01-05 01:15:00,-1,-1.0015229454853505,12,,2026-01-02 21:15:00,-0.0,-0.0,21,4,,0.948003492895191,0.35825545171339473,前半
A M15 40/20/5,2026-01-05 06:00:00,2026-01-06 03:00:00,1,0.8933669545058748,80,0.7313884270478153,2026-01-06 03:00:00,0.12404467960023213,0.0,6,0,1.3000997885394532,1.8090527765603894,0.32008992063128516,前半
A M15 40/20/5,2026-01-09 01:15:00,2026-01-09 21:15:00,1,0.6646195867275889,80,,2026-01-09 01:15:00,0.21312684365781628,0.2388436932311823,1,4,0.806809080549646,1.1619900966752978,0.35276131045241815,前半
A M15 40/20/5,2026-01-12 03:45:00,2026-01-12 23:45:00,1,0.3618066254843161,80,0.06587789970648933,2026-01-13 01:15:00,0.4637268224258095,0.28853135900904103,4,0,1.5926222282017983,2.388706719279702,0.3427153811456976,前半
A M15 40/20/5,2026-01-12 06:15:00,2026-01-13 03:15:00,1,0.36100912091577764,80,,2026-01-12 06:15:00,0.41485016552732157,0.28853135900904103,6,0,1.1250525294120917,3.5598968508243503,0.301362854086238,前半
A M15 40/20/5,2026-01-14 10:00:00,2026-01-14 16:45:00,1,-1.0054034234547173,27,-1.0037130846450688,2026-01-14 16:45:00,0.26216676120249693,0.4751091994264941,10,2,0.9995914802260821,1.465116279069775,0.3070126227209009,前半
A M15 40/20/5,2026-01-19 04:15:00,2026-01-20 03:45:00,1,0.11797891470681135,80,0.08686113872416228,2026-01-20 03:45:00,0.21178817418796464,0.20753197683421587,4,0,1.775365188155583,1.7417680454177071,0.3532197322793565,前半
A M15 40/20/5,2026-01-19 06:00:00,2026-01-20 05:30:00,1,1.4875537485008261,80,1.4774084539866015,2026-01-20 05:30:00,0.23984710941233056,0.20753197683421587,6,0,0.8383020404856134,3.443217121159844,0.30184458233084405,前半
A M15 40/20/5,2026-01-19 09:30:00,2026-01-20 06:15:00,1,1.9913492434020816,69,1.9940959271268717,2026-01-20 07:00:00,0.30342904277465926,0.25151524289117266,9,0,0.6156906527094783,2.336592178770848,0.3693330277332192,前半
A M15 40/20/5,2026-01-20 12:30:00,2026-01-20 20:00:00,1,1.9955546147332766,30,,2026-01-20 12:30:00,0.5328523776278036,0.4311597744973414,12,1,1.1775053571726366,1.842105263157925,0.3968808645570418,前半
A M15 40/20/5,2026-01-21 05:00:00,2026-01-21 21:45:00,1,-1.001802894012828,67,,2026-01-21 05:00:00,0.7408779066237694,0.6545508982035907,5,2,1.706121219743054,1.0733718054410253,0.4909013740781997,前半
A M15 40/20/5,2026-01-21 08:30:00,2026-01-21 17:15:00,1,-1.002635083310982,35,,2026-01-21 08:30:00,0.7852633931065358,0.6918098760060907,8,2,1.2926858212396677,2.160478763581416,0.42667245873153586,前半
A M15 40/20/5,2026-01-21 11:30:00,2026-01-21 17:15:00,1,-1.0025579860934883,23,,2026-01-21 11:30:00,0.6248136917304896,0.6918098760060907,11,2,1.4398683709500124,1.5021224688948323,0.33550276602668094,前半
A M15 40/20/5,2026-01-22 21:45:00,2026-01-23 18:45:00,1,0.8001006667505641,80,0.7598585347214883,2026-01-23 18:45:00,0.6591604938271525,0.5338050136757169,22,3,0.8993314273039964,1.2065858120469097,0.422482837528605,前半
A M15 40/20/5,2026-01-22 23:15:00,2026-01-23 20:15:00,1,0.9488366894358239,80,0.9443420829204234,2026-01-23 20:15:00,0.6327160493827078,0.5338050136757169,23,3,0.7937217897142086,0.3741748510706475,0.422012387923943,前半
A M15 40/20/5,2026-01-23 03:00:00,2026-01-23 10:15:00,1,-1.002246527510334,29,,2026-01-23 03:00:00,0.7677131270788677,0.5724582379377593,3,4,1.268934758369372,1.349442777539698,0.4797652384057639,前半
A M15 40/20/5,2026-01-23 21:15:00,2026-01-26 03:15:00,1,1.9978162669395294,20,1.9978756464104495,2026-01-26 03:15:00,0.15376843806829846,0.4616585944449936,21,4,1.100819045831711,0.9214564052606347,0.3129777623349581,前半
A M15 40/20/5,2026-01-23 23:00:00,2026-01-26 01:15:00,1,1.9958712417240514,5,1.9930987737999877,2026-01-26 02:30:00,0.0865643297990182,0.4616585944449936,23,4,1.0197147091065737,0.7627107438016373,0.3084908432083058,前半
A M15 40/20/5,2026-01-26 04:45:00,2026-01-27 01:45:00,1,-0.3591767745157408,80,,2026-01-26 04:45:00,0.4567150566238557,0.5336427311492816,5,0,1.319954502570265,0.8249832999331564,0.43736119707284987,前半
A M15 40/20/5,2026-01-26 09:45:00,2026-01-26 21:00:00,1,-1.0026087183366812,45,-1.0023162624788642,2026-01-26 21:00:00,0.6947556563058587,0.5333710310320601,10,0,1.1989744007162901,1.4867617107943392,0.3680360926925983,前半
A M15 40/20/5,2026-01-28 01:15:00,2026-01-28 21:15:00,1,1.1788697356030882,80,1.3938548740027696,2026-01-28 21:30:00,0.4364116859139151,0.5113151853066585,1,2,1.2112704606496831,1.1749644381223499,0.30543960997762376,前半
A M15 40/20/5,2026-01-28 11:00:00,2026-01-28 22:30:00,1,1.9980344366695495,46,,2026-01-28 11:00:00,0.6877993086169194,0.4868300864018221,11,2,1.0025996081965824,2.2080237741456616,0.45344510325087334,前半
A M15 40/20/5,2026-01-29 02:45:00,2026-01-29 17:15:00,1,-1.0003927424560486,58,-1.0003883800032014,2026-01-29 17:15:00,0.6722231391318668,0.6290432861726194,3,3,1.9674414777456393,2.028869108203622,0.4538235925316551,前半
A M15 40/20/5,2026-01-29 04:45:00,2026-01-29 17:00:00,1,-1.0006119391959731,49,-1.0005846417127664,2026-01-29 17:00:00,0.6330673063615789,0.6726918346984719,5,3,2.0300971182006005,1.4330906188404928,0.41907768412145874,前半
A M15 40/20/5,2026-01-29 09:15:00,2026-01-29 10:30:00,1,-1.0028347770447854,5,,2026-01-29 09:15:00,0.6861435726210332,0.6710546260129431,9,3,0.8820196881085457,2.6987046446718614,0.31726362247496304,前半
A M15 40/20/5,2026-01-29 18:30:00,2026-01-30 15:30:00,-1,0.8226220177011073,80,0.6627062748558913,2026-01-30 15:30:00,0.12721608752912486,-0.5293846004277674,18,3,2.357762383954704,2.1855339868024855,0.31277470579895095,前半
A M15 40/20/5,2026-01-30 12:15:00,2026-02-02 03:00:00,-1,1.9994628913555816,55,,2026-01-30 12:15:00,0.4261161628573765,0.038499260268962714,12,4,1.301749229899274,1.9541725871353632,0.3270166681522433,前半
A M15 40/20/5,2026-02-03 10:45:00,2026-02-04 07:45:00,1,1.4635964585315888,80,,2026-02-03 10:45:00,0.19531719833749836,-0.33725889943679144,11,1,0.6306904400606952,1.4777484251168396,0.3492379787541061,前半
A M15 40/20/5,2026-02-04 08:00:00,2026-02-04 16:30:00,1,-1.0019818518990389,34,,2026-02-04 08:00:00,0.4903239068510888,-0.1864040430542795,8,2,0.63606954517925,1.996934509986092,0.32562830013370714,前半
A M15 40/20/5,2026-02-04 10:30:00,2026-02-04 11:30:00,1,-1.0033417513641507,4,-1.002804700678337,2026-02-04 11:30:00,0.5460420032310205,-0.1864040430542795,10,2,0.7087708349962615,0.737565054176292,0.3251952668256888,前半
A M15 40/20/5,2026-02-04 20:00:00,2026-02-05 17:00:00,-1,0.5206872537515652,80,,2026-02-04 20:00:00,0.12502009538609918,0.08185464825271907,20,2,1.597854876454921,1.3526360236458042,0.3470345228456963,前半
A M15 40/20/5,2026-02-06 21:00:00,2026-02-09 18:00:00,1,1.6017149776900157,80,,2026-02-06 21:00:00,0.3920522820702023,0.04792553076607431,21,4,0.6124507637621275,0.8570062171209483,0.35137229192120667,前半
A M15 40/20/5,2026-02-09 03:00:00,2026-02-09 23:00:00,1,0.5161025453108028,80,,2026-02-09 03:00:00,0.5023242674063224,0.03668010620513392,3,0,0.8486529225324487,1.4100609200014325,0.3159350492987528,前半
A M15 40/20/5,2026-02-12 23:45:00,2026-02-13 03:45:00,-1,-1.0018405988782866,12,-1.001460703934093,2026-02-13 03:45:00,0.43469701630267715,0.21526299787169295,0,3,0.970400920556436,1.0615399667351528,0.306356883745034,前半
A M15 40/20/5,2026-02-17 08:30:00,2026-02-18 05:30:00,-1,-0.1558414216106251,80,,2026-02-17 08:30:00,0.44969460468272965,0.33205420314186157,8,1,1.693818943841462,2.944259251445209,0.30193112563331087,前半
A M15 40/20/5,2026-02-18 08:15:00,2026-02-19 05:15:00,1,0.8071880547082378,80,0.73410448217814,2026-02-19 05:15:00,0.04438513940585863,0.02032222955733625,8,2,0.5448193466334436,1.311538093872473,0.32926236902366196,前半
A M15 40/20/5,2026-02-18 18:15:00,2026-02-19 15:15:00,1,-0.14346363769548084,80,-0.1715717309118514,2026-02-19 15:15:00,0.4469796231871013,0.015958469525091584,18,2,1.031067697734376,1.0409632571996328,0.38180981418627147,前半
A M15 40/20/5,2026-02-23 02:30:00,2026-02-23 22:30:00,1,1.1472473560322796,80,,2026-02-23 02:30:00,0.6043139775730206,0.6599282596001492,2,0,1.3651243195527356,1.9551843369707191,0.353692357304092,前半
A M15 40/20/5,2026-02-23 05:45:00,2026-02-24 02:45:00,1,0.8309817757315152,80,,2026-02-23 05:45:00,0.4957566705139444,0.7245942262421056,6,0,1.079033485631705,0.7655337375535293,0.35952876948494966,前半
A M15 40/20/5,2026-02-23 19:45:00,2026-02-24 15:30:00,1,-1.0014688601645123,75,-1.0014660606949126,2026-02-24 15:30:00,0.37926783329338243,0.7386464713207515,20,0,1.3730891899642814,0.70063291139239,0.3012731040900033,前半
A M15 40/20/5,2026-02-24 02:15:00,2026-02-24 03:00:00,1,-1.0045120536289802,3,,2026-02-24 03:00:00,0.28384000000000303,0.7267364617101625,2,1,0.8997170184647402,2.3042876901798035,0.326730975348335,前半
A M15 40/20/5,2026-03-02 02:45:00,2026-03-02 22:45:00,1,-0.13920098815596962,80,,2026-03-02 02:45:00,0.5155455951516761,0.39360687022900864,3,0,1.9432594626690318,2.05816411504707,0.4019965754531111,前半
A M15 40/20/5,2026-03-02 10:30:00,2026-03-02 16:15:00,1,-1.0016087756412981,23,,2026-03-02 10:30:00,0.5828471853928323,0.5054726595525921,10,0,0.9606947069794735,1.3253669449445658,0.30726526671494253,前半
A M15 40/20/5,2026-03-02 13:15:00,2026-03-02 16:00:00,1,-1.0056942975677217,11,-1.0041099107562237,2026-03-02 16:00:00,0.44854988242289834,0.49860995273839437,13,0,0.9178081780907775,2.1945533769063053,0.3142596603214414,前半
A M15 40/20/5,2026-03-02 19:15:00,2026-03-03 16:15:00,-1,1.3752111401412754,80,1.999218097687524,2026-03-03 16:45:00,-0.08986641478882772,-0.4703636630610365,19,0,1.8899133975332632,1.2996495699267259,0.3294892396886897,前半
A M15 40/20/5,2026-03-03 14:30:00,2026-03-04 11:30:00,-1,0.14630552843021097,80,0.04317436246376412,2026-03-04 11:45:00,0.4507890961262576,-0.1692581794622609,14,1,2.010137539301564,2.8976393157716798,0.3027277248555798,前半
A M15 40/20/5,2026-03-03 19:00:00,2026-03-04 16:00:00,-1,-0.5061244517120203,80,-0.5710619338385712,2026-03-04 16:15:00,0.3339405976077757,0.06864606899284947,19,1,1.5654034236801218,2.6085657551964823,0.3018102763493439,前半
A M15 40/20/5,2026-03-05 21:00:00,2026-03-06 03:45:00,-1,-1.0019209422496156,23,-1.001723312354057,2026-03-06 03:45:00,0.2898592835498733,0.4532461273666094,21,3,1.2335595675149518,1.2388698966560412,0.3228293664096528,前半
A M15 40/20/5,2026-03-10 07:30:00,2026-03-11 04:30:00,1,1.3534198852426056,80,1.0204645783197988,2026-03-11 04:45:00,0.22664647993943882,-0.016708659329001372,7,1,0.8885130523312366,2.0425731542837378,0.3036696074670792,前半
A M15 40/20/5,2026-03-13 01:15:00,2026-03-13 21:15:00,-1,1.1002927463948906,80,,2026-03-13 01:15:00,0.3413973472819013,0.034811942079537646,1,4,1.105845181674562,3.253679653679669,0.35596532970768124,前半
A M15 40/20/5,2026-03-18 16:45:00,2026-03-19 13:45:00,-1,1.659596165369905,80,1.2663810313807822,2026-03-19 14:00:00,0.631063004186664,0.48075843303243765,17,2,2.3883558398483773,1.7402355858648324,0.46838174273859495,前半
A M15 40/20/5,2026-03-19 01:30:00,2026-03-19 13:15:00,-1,1.9982161916868653,47,,2026-03-19 01:30:00,0.6266207455429498,0.6123495637604468,1,3,1.4912824353485277,1.3105010131511228,0.3579100145137824,前半
A M15 40/20/5,2026-03-19 12:45:00,2026-03-20 09:45:00,-1,0.1876550847446112,80,0.10300016314657175,2026-03-20 10:00:00,0.5714062451161183,0.5707951841972465,13,3,1.8484313165164221,0.39647700920569146,0.380304243394711,前半
A M15 40/20/5,2026-03-19 16:45:00,2026-03-20 06:15:00,-1,-1.0009203617547617,50,,2026-03-19 16:45:00,0.5954830053667269,0.6480654981822485,17,3,1.9869039044968002,2.896450377005308,0.38677563649816593,前半
A M15 40/20/5,2026-03-20 18:30:00,2026-03-23 09:00:00,-1,1.999262416429147,54,1.9992930256985157,2026-03-23 09:00:00,0.1147873207480685,0.4786948074415153,18,4,1.268242777335883,0.8035481346203994,0.3423385591638671,前半
A M15 40/20/5,2026-03-20 23:00:00,2026-03-23 09:00:00,-1,1.9991014282156676,36,,2026-03-20 23:00:00,0.27854759568204135,0.5298931957278307,23,4,1.216429415971567,1.1382651855353163,0.3522896935933151,前半
A M15 40/20/5,2026-03-23 04:45:00,2026-03-24 01:45:00,-1,-0.25888751738720167,80,-0.3809522102897775,2026-03-24 02:15:00,0.5534729696166895,0.6231094862420639,5,0,1.819106983844294,1.5294936544936535,0.3181416965395497,前半
A M15 40/20/5,2026-03-23 07:00:00,2026-03-23 17:15:00,-1,-1.000930020552432,41,-1.0007296275204132,2026-03-23 17:15:00,0.5398266329943343,0.6231094862420639,7,0,1.4866781422509792,1.1955802824572876,0.3831972609955245,前半
A M15 40/20/5,2026-03-23 10:45:00,2026-03-23 14:00:00,-1,-1.0005476551947246,13,,2026-03-23 10:45:00,0.6624433302308835,0.6048133174791934,11,0,1.636621771736789,2.173821865816024,0.340363956288202,前半
A M15 40/20/5,2026-03-25 05:45:00,2026-03-26 02:45:00,1,-0.6604239900611434,80,,2026-03-25 05:45:00,0.5110899736261838,-0.015582763555414516,6,2,0.8145568385822748,1.0094094247246232,0.43510253622271633,前半
A M15 40/20/5,2026-03-30 13:00:00,2026-03-30 21:45:00,1,-1.0032547693995881,35,-1.002943414950025,2026-03-30 21:45:00,0.25349012027491336,-0.03781398301242264,13,0,0.6915167901217375,1.5483058319687997,0.32899749140574114,前半
A M15 40/20/5,2026-04-01 01:00:00,2026-04-01 20:00:00,1,1.9983590147524575,76,1.2042140042519283,2026-04-01 21:00:00,0.35067728620428645,0.35552767571765687,1,2,0.7376060432280607,1.6362823949954972,0.3751679999999993,前半
A M15 40/20/5,2026-04-01 04:45:00,2026-04-01 14:30:00,1,1.9969457655220562,39,1.9973046859959187,2026-04-01 18:00:00,0.4386265506133868,0.4790884718498647,5,2,1.1163549991191302,1.745281522601146,0.3279338031625789,前半
A M15 40/20/5,2026-04-02 10:00:00,2026-04-06 07:00:00,-1,-0.26607189046393526,80,,2026-04-02 10:00:00,0.31006026657330754,-0.22637480661288034,10,3,1.3442096654814712,2.9476691257259398,0.3606273053716722,前半
A M15 40/20/5,2026-04-02 13:00:00,2026-04-02 17:30:00,-1,-1.001753695914139,18,-1.0015700453294516,2026-04-02 17:30:00,0.2521283882963094,-0.24504789843973157,13,3,0.9616230699818622,4.466134385933454,0.42452064522674493,前半
A M15 40/20/5,2026-04-15 05:30:00,2026-04-16 02:30:00,1,-0.03003590868850131,80,,2026-04-15 05:30:00,0.449982361538071,0.13259292244021195,5,2,1.5395051780932274,1.0044256301712318,0.4032472717593825,前半
A M15 40/20/5,2026-04-15 08:30:00,2026-04-16 05:30:00,1,0.0018596930315566181,80,,2026-04-15 08:30:00,0.4662709260850301,0.27404857944580724,8,2,0.5278218596388364,4.81201905459874,0.3448727597067742,前半
A M15 40/20/5,2026-04-15 14:15:00,2026-04-15 16:30:00,-1,-1.00715957593281,9,,2026-04-15 14:15:00,-0.4290675358698614,-0.21060875257153522,14,2,0.7623264630299807,1.827027027027032,0.32032339001951815,前半
A M15 40/20/5,2026-04-17 19:00:00,2026-04-20 01:00:00,1,-1.1739545136947411,20,,2026-04-17 19:00:00,0.4037002390603901,0.3396594254794296,19,4,2.2387096679586,0.8170831559296319,0.31143886763012185,前半
A M15 40/20/5,2026-04-20 03:45:00,2026-04-20 23:45:00,-1,-0.5335388605086931,80,,2026-04-20 03:45:00,0.07317930864718644,-0.15624490461438054,4,0,1.5298282455871395,2.143838872801134,0.46621680076130434,前半
A M15 40/20/5,2026-04-22 09:30:00,2026-04-22 13:00:00,1,-1.0079171741778319,14,-1.0063476562499998,2026-04-22 13:00:00,-0.07925874369235866,-0.08992185121282717,9,2,0.6087469324861803,1.2999999999999097,0.5967637540453168,前半
A M15 40/20/5,2026-04-27 20:00:00,2026-04-28 14:15:00,-1,1.996730670086889,69,1.9968842498831594,2026-04-28 14:30:00,0.2522758448684404,0.21415448518252247,20,0,1.186647977132807,0.7515923566879762,0.33009192433337525,前半
A M15 40/20/5,2026-04-28 09:45:00,2026-04-29 06:45:00,-1,0.646184466783278,80,,2026-04-28 09:45:00,0.5448699210757045,0.19228709159078664,10,1,1.509473071519615,0.5485817324364336,0.30242903131401744,前半
A M15 40/20/5,2026-04-28 11:45:00,2026-04-29 08:45:00,-1,0.8981112724269689,80,0.7168286056780095,2026-04-29 08:45:00,0.555112587670728,0.294079666236216,12,1,1.783328030544057,1.1731712756467263,0.3024342139409403,前半
A M15 40/20/5,2026-04-28 16:00:00,2026-04-29 13:00:00,-1,0.13250670469815856,80,-0.009291465886496124,2026-04-29 13:15:00,0.3842438877150629,0.2802633244714516,16,1,1.8070755294405556,1.3435397190985958,0.356974169741699,前半
A M15 40/20/5,2026-04-29 17:30:00,2026-04-30 04:15:00,-1,-1.00332853560893,39,,2026-04-29 17:30:00,0.413122437024012,0.3791630084869746,17,2,1.333061180475854,2.310279077829816,0.3275817533708764,前半
A M15 40/20/5,2026-04-30 15:30:00,2026-05-01 09:30:00,1,-1.0038921489794872,68,-1.00296461359031,2026-05-01 09:30:00,0.42449476047904044,-0.20816618545110835,15,3,1.0247712234467157,2.040615469919668,0.3343164103644366,前半
A M15 40/20/5,2026-05-01 12:30:00,2026-05-01 16:45:00,-1,-1.002792533195855,17,-1.002634634147754,2026-05-01 16:45:00,0.3576370719227917,0.2888615151371599,12,4,0.9502727488338992,0.784248474764338,0.4325858643201789,前半
A M15 40/20/5,2026-05-06 08:30:00,2026-05-07 05:30:00,1,1.307894736842112,80,1.2047567066917977,2026-05-07 05:30:00,0.5441307890448355,0.07015856575670111,8,2,0.8873114463176582,0.8719056974459909,0.4378709932726553,前半
A M15 40/20/5,2026-05-06 10:00:00,2026-05-07 07:00:00,1,1.1681615530436475,80,0.6056007367342621,2026-05-07 07:15:00,0.5779403489026401,0.07015856575670111,10,2,0.9339222014608385,1.4692615496544268,0.43757805434735997,前半
A M15 40/20/5,2026-05-06 13:00:00,2026-05-07 10:00:00,1,0.9296977188771416,80,0.5395857268946966,2026-05-07 10:15:00,0.7047310833718544,0.17655577986482926,13,2,1.2610951215767265,0.9347840165792688,0.46946514396578237,前半
A M15 40/20/5,2026-05-06 14:30:00,2026-05-07 11:30:00,1,0.8163298874113082,80,,2026-05-06 14:30:00,0.7068094873756654,0.17655577986482926,14,2,1.3433690828635836,1.9127165932452355,0.3508260447035902,前半
A M15 40/20/5,2026-05-11 18:45:00,2026-05-12 15:45:00,1,-0.3817497393288962,80,-0.3860718988084695,2026-05-12 15:45:00,0.046157998920281954,0.15321271863917968,19,0,1.3569090329000104,1.2257891346360694,0.3682172329537609,前半
A M15 40/20/5,2026-05-12 11:45:00,2026-05-12 18:15:00,-1,1.9953277505943,26,-0.16009236608466101,2026-05-13 08:45:00,-0.12665555653012966,-0.04221974822300255,12,1,0.9785094633996186,1.8773632256985882,0.3120809780465307,前半
A M15 40/20/5,2026-05-15 05:30:00,2026-05-15 16:30:00,-1,1.9973404877136378,44,,2026-05-15 05:30:00,0.4955539399362523,0.26461934534755566,5,4,1.5061309898084296,0.7295658975361671,0.33736258010733666,前半
A M15 40/20/5,2026-05-15 10:45:00,2026-05-18 07:45:00,-1,0.5647066446716658,80,0.4970848606493657,2026-05-18 07:45:00,0.5868837209302371,0.38938932907540713,11,4,1.3464679753546414,1.0808768755986087,0.3111920632460089,前半
A M15 40/20/5,2026-05-15 13:00:00,2026-05-18 03:30:00,-1,1.9963587036985166,54,,2026-05-15 13:00:00,0.7013662406346461,0.5280801516382367,13,4,1.3001108922185802,2.1653710999893687,0.30817134009977576,前半
A M15 40/20/5,2026-05-25 04:45:00,2026-05-26 04:15:00,1,-0.3214510836870641,80,-0.36799914278635126,2026-05-26 04:15:00,0.16604477611940496,0.1733452894692589,5,0,1.108137860953516,1.8240868103315662,0.31321665660833425,前半
A M15 40/20/5,2026-05-26 08:45:00,2026-05-27 05:45:00,-1,0.9075010778283629,80,,2026-05-26 08:45:00,0.2687022900763289,0.06778094146359513,9,1,0.9649712836963877,0.7301974165244474,0.30013932683141026,前半
A M15 40/20/5,2026-05-28 08:00:00,2026-05-28 17:00:00,-1,-1.0015367143864329,36,,2026-05-28 08:00:00,0.4376178819374821,0.38542796779535377,8,3,1.1045730267698213,0.8295955277869314,0.451096477979826,前半
A M15 40/20/5,2026-05-28 21:00:00,2026-05-29 18:00:00,1,0.9097476119797034,80,,2026-05-28 21:00:00,0.18848951647411386,-0.1091049905610148,21,3,0.9762988404537769,0.9260863073018467,0.4689677789620444,前半
A M15 40/20/5,2026-06-01 12:15:00,2026-06-02 08:30:00,-1,-1.0044048598673703,77,-1.0043988978585585,2026-06-02 08:30:00,0.2561679457093965,0.03633430960567083,12,0,0.8981946130422926,0.7110720562389833,0.32593936949653585,後半
A M15 40/20/5,2026-06-02 22:00:00,2026-06-03 11:45:00,-1,1.9940363259835963,51,1.9940526957300313,2026-06-03 11:45:00,-0.01049558629318267,-0.2684611841768593,22,1,0.8643407943292825,1.4096936979227817,0.3664781652528953,後半
A M15 40/20/5,2026-06-05 07:00:00,2026-06-05 14:45:00,-1,-1.0039741722476128,31,-1.003615005849556,2026-06-05 14:45:00,0.1508972753830597,0.06289731051344707,7,4,1.1646241331827414,0.6757228504211514,0.32237272302661635,後半
A M15 40/20/5,2026-06-05 19:45:00,2026-06-08 16:45:00,-1,0.13267587028873729,80,,2026-06-05 19:45:00,0.5886905019238268,0.4270840661273277,20,4,1.76526695066397,1.3141356596047837,0.3736244782503675,後半
A M15 40/20/5,2026-06-05 22:15:00,2026-06-08 19:15:00,-1,-0.34534883387400633,80,-0.45065922423667704,2026-06-08 19:45:00,0.6075244420609732,0.4270840661273277,22,4,1.1095685685457781,0.9514563106796649,0.4488056810845703,後半
A M15 40/20/5,2026-06-09 20:15:00,2026-06-10 17:15:00,-1,0.9969578766244432,80,1.0162907595150987,2026-06-10 17:30:00,0.4342350746268666,0.4094373654506309,20,1,2.0692870805187957,1.4241295919542325,0.31932891583251305,後半
A M15 40/20/5,2026-06-09 23:15:00,2026-06-10 03:30:00,-1,1.9952910250041396,13,1.9954761928434364,2026-06-10 03:30:00,0.3196243523316112,0.4094373654506309,23,1,0.9748659132341374,2.4998407136030587,0.3272074910300156,後半
A M15 40/20/5,2026-06-10 06:45:00,2026-06-11 01:00:00,-1,1.997965352865946,69,1.9981187541604477,2026-06-11 01:15:00,0.6176595203796338,0.5253577879672097,7,2,1.3896961482902246,0.7791729607250759,0.30541313126730274,後半
A M15 40/20/5,2026-06-11 02:30:00,2026-06-11 20:30:00,-1,-1.0019711860258074,72,-1.0019273495131853,2026-06-11 20:30:00,0.45970216752269233,0.6225610208472458,2,3,1.2007468848983744,1.9429475665041747,0.31041064026481513,後半
A M15 40/20/5,2026-06-12 02:45:00,2026-06-12 22:45:00,1,-0.10448142755292933,80,-0.14741030435972227,2026-06-12 22:45:00,0.5092090281963723,-0.24429902039505622,3,4,0.8276315452942877,2.1055282133455133,0.36555635053130664,後半
A M15 40/20/5,2026-06-15 02:30:00,2026-06-15 22:30:00,1,0.40120918841214387,80,0.3840153325659251,2026-06-15 22:30:00,0.4135162261626,-0.2262523498838893,2,0,1.0779348092476138,1.8037135278513992,0.30789886660853905,後半
A M15 40/20/5,2026-06-15 06:15:00,2026-06-16 03:15:00,1,-0.35657369558832674,80,,2026-06-15 06:15:00,0.6206129903128482,0.07666053584633667,6,0,0.8656964417288728,1.1591517695591822,0.45126993502657414,後半
A M15 40/20/5,2026-06-15 08:30:00,2026-06-15 17:00:00,1,1.9953499305044557,34,,2026-06-15 08:30:00,0.5612676351153358,0.12245228956046918,8,0,0.6467484643592017,3.1636762360445783,0.3488547065708067,後半
A M15 40/20/5,2026-06-15 18:30:00,2026-06-15 20:30:00,1,-1.0038319097016795,8,-1.0035945718015717,2026-06-15 20:30:00,0.6297433035714317,0.35521913000897887,18,0,1.0239999773998187,1.1249051658734752,0.3057263905972337,後半
A M15 40/20/5,2026-06-16 04:15:00,2026-06-16 06:30:00,-1,-1.0180433834318128,9,-1.0127390318335812,2026-06-16 06:30:00,0.04168176875679627,-0.4043373098839846,4,1,0.8605228221598499,2.018478727975947,0.36731311122161725,後半
A M15 40/20/5,2026-06-18 15:00:00,2026-06-19 06:45:00,-1,1.9975956647986832,59,,2026-06-18 15:00:00,0.2791261474762356,0.060344225260264846,15,3,0.7973526892985274,1.7090719499478588,0.3909583287277488,後半
A M15 40/20/5,2026-06-18 20:30:00,2026-06-19 07:30:00,-1,1.9972900374629987,40,,2026-06-18 20:30:00,0.07051392974563184,0.2638668597567996,20,3,0.8293223739520298,1.4870759289176083,0.3411055276381837,後半
A M15 40/20/5,2026-06-19 04:15:00,2026-06-19 07:45:00,-1,1.9956048945053937,14,-1.0035903313560208,2026-06-22 04:00:00,0.6868493732738435,0.33848918408662054,4,4,0.8080954156930477,0.8742582650466372,0.3509942438513876,後半
A M15 40/20/5,2026-06-19 08:45:00,2026-06-22 03:45:00,-1,-1.0023236128860933,56,-1.0020744452283772,2026-06-22 03:45:00,0.593882991161202,0.3861707965722505,9,4,1.0839306868128897,1.7977511995989561,0.46508189935546035,後半
A M15 40/20/5,2026-06-23 09:00:00,2026-06-24 06:00:00,-1,1.0052870752130547,80,0.7178161141585331,2026-06-24 06:15:00,0.4535271687321302,0.40652898965738,9,1,1.4126082904773314,0.9714739478345628,0.34723765276234436,後半
A M15 40/20/5,2026-06-23 11:45:00,2026-06-24 08:45:00,-1,0.6832798365917898,80,,2026-06-23 11:45:00,0.5688262492340206,0.30157597383288764,12,1,1.352391234437445,1.2263269639065904,0.3588297646809384,後半
A M15 40/20/5,2026-06-24 06:45:00,2026-06-24 21:00:00,-1,1.9974316711635942,57,1.997469171167463,2026-06-24 21:00:00,0.3026963657678724,0.3375056484410309,7,2,1.3102640127773704,0.917144069594765,0.36032225579052884,後半
A M15 40/20/5,2026-06-30 05:15:00,2026-06-30 09:30:00,-1,-1.002099059459896,17,-1.0019170506912443,2026-06-30 09:30:00,0.6058436815193612,0.0748956058690561,5,1,1.5313975497639185,1.3005093378607584,0.3187127046463022,後半
A M15 40/20/5,2026-06-30 15:00:00,2026-06-30 15:45:00,1,-1.008752103871123,3,,2026-06-30 15:45:00,0.04313439825172975,0.08689854027752786,15,1,0.6641964846299143,1.7813736903376662,0.4131629240324859,後半
A M15 40/20/5,2026-07-01 05:45:00,2026-07-01 14:00:00,-1,-1.0032461394127699,33,-1.0031903741853152,2026-07-01 14:00:00,-0.005164593344411387,0.11518343494101903,6,2,0.9197337376255307,1.052418675206474,0.41023757041390596,後半
A M15 40/20/5,2026-07-01 17:45:00,2026-07-02 14:45:00,1,-0.24851416065135948,80,,2026-07-01 17:45:00,0.2897974285450007,0.034534943551561226,18,2,1.8589870781478948,1.2852060234982643,0.4914968849974744,後半
A M15 40/20/5,2026-07-02 03:30:00,2026-07-02 06:45:00,-1,-1.0043815407134207,13,,2026-07-02 03:30:00,-0.23760611205433046,0.0743485407852548,3,3,0.734788338026133,1.6046486832284976,0.37038437303087435,後半
A M15 40/20/5,2026-07-03 05:30:00,2026-07-06 06:30:00,1,-0.3120473881859118,80,,2026-07-03 05:30:00,0.5397121535181271,0.31308719719668876,5,4,1.1771116247847848,1.0113338105463852,0.328607882052736,後半
A M15 40/20/5,2026-07-03 13:00:00,2026-07-03 17:00:00,1,-1.0065126531547006,16,-1.0062049121084427,2026-07-03 17:00:00,0.3290197738404837,0.49606017191977086,13,4,0.7241975712096926,1.0102171136653315,0.3005170908602441,後半
A M15 40/20/5,2026-07-06 14:30:00,2026-07-06 21:30:00,-1,-1.0098150245375614,28,-1.0091132141605332,2026-07-06 21:30:00,0.10611611300838507,-0.3991590788850835,14,0,0.755691089532688,3.0070796460175777,0.3217968130362739,後半
A M15 40/20/5,2026-07-07 09:15:00,2026-07-07 14:30:00,-1,-1.0064241718289473,21,,2026-07-07 09:15:00,0.2517097264437631,-0.18315163528245845,9,1,1.0693145125789185,1.3617999042603708,0.3031780729779665,後半
A M15 40/20/5,2026-07-08 03:00:00,2026-07-08 23:00:00,-1,0.47358117574805025,80,,2026-07-08 03:00:00,0.24021711688967035,-0.09217370267327915,3,2,0.8224417115489244,1.1825938566552867,0.37818606627017487,後半
A M15 40/20/5,2026-07-08 13:30:00,2026-07-09 10:30:00,-1,-0.668258677222924,80,-0.6832743206533143,2026-07-09 10:45:00,0.6427360654103165,0.18182063968421297,13,2,1.4331805009127792,1.2204939569101456,0.3212374744624906,後半
A M15 40/20/5,2026-07-08 19:15:00,2026-07-08 21:45:00,-1,-1.0029555722280143,10,,2026-07-08 19:15:00,0.4418449516367307,0.20714699953052815,19,2,1.2295587471781713,1.7898052023795228,0.3454223794781064,後半
A M15 40/20/5,2026-07-13 21:30:00,2026-07-14 15:30:00,-1,-1.0022061542004812,68,,2026-07-13 21:30:00,0.6122606845871189,0.19161658563102044,21,0,0.9144004498671909,1.6822330527248506,0.4193333703066949,後半
A M15 40/20/5,2026-07-14 16:45:00,2026-07-15 13:45:00,1,-0.7556364549055914,80,-0.7564849644599004,2026-07-15 14:15:00,0.7141389055408002,0.03215745321574549,17,1,1.7167569600707397,1.7879210109066084,0.3002107798855778,後半
A M15 40/20/5,2026-07-21 10:15:00,2026-07-22 07:15:00,1,1.3984280409358691,80,1.1952255364461286,2026-07-22 07:15:00,0.44041211748423975,-0.03693940797207224,10,1,0.9952973142439103,2.140277194456108,0.4456221867286177,後半
A M15 40/20/5,2026-07-22 07:00:00,2026-07-23 04:00:00,1,0.14474943113108757,80,,2026-07-22 07:00:00,0.3909409745541375,0.384924256251139,7,2,1.2073912298732474,1.8334811136725677,0.403722261989981,後半
A M15 40/20/5,2026-07-23 17:15:00,2026-07-24 14:15:00,-1,-0.07308933398190073,80,,2026-07-23 17:15:00,0.6501004016064219,-0.14990062415007327,17,3,1.4679101355327813,1.3469339483176712,0.40109349371240766,後半
A M15 40/20/5,2026-07-23 19:30:00,2026-07-24 16:30:00,-1,-0.06318185385762733,80,-0.4796661800681237,2026-07-24 16:45:00,0.5064950127580574,-0.14990062415007327,19,3,1.2539208034517901,0.9977980035231963,0.3980703745743434,後半
A M15 40/20/5,2026-07-23 22:00:00,2026-07-24 13:15:00,-1,-1.0068756304235311,57,,2026-07-23 22:00:00,0.4327709465255892,-0.1092714117449086,22,3,0.6073477409661431,0.5422458222708166,0.32237499999999586,後半
A M15 40/20/5,2026-07-28 06:00:00,2026-07-29 03:00:00,-1,0.7869434446033313,80,,2026-07-28 06:00:00,0.4703229962271102,0.31387015921205824,6,1,1.1135467304691364,0.8041813289174319,0.3349670122525961,後半
A M15 40/20/5,2026-07-28 09:00:00,2026-07-28 17:15:00,-1,1.9916218604993738,33,,2026-07-28 09:00:00,0.4559386973180102,0.31104888164190997,9,1,0.8553215143164686,1.7983960176990925,0.354326074161278,後半
A M15 40/20/5,2026-07-30 18:45:00,2026-07-31 11:00:00,1,-1.00291681157237,61,-1.0027921433382068,2026-07-31 11:00:00,0.004451772464964102,-0.09288477419915679,19,3,1.3434372648579753,0.7497431774531989,0.33381114495609926,後半
A M15 40/20/5,2026-07-31 09:45:00,2026-07-31 12:30:00,-1,1.9902352657134423,11,1.9910302851087949,2026-07-31 15:15:00,-0.08048312450615346,-0.011816944782640552,10,4,0.5931549659225842,1.1313540912382154,0.31104887523716024,後半
A M15 40/20/5,2026-07-31 13:30:00,2026-08-03 10:30:00,-1,-0.15137954513337534,80,-0.23743351090806775,2026-08-03 10:45:00,0.0789653600729273,-0.010658845410973724,13,4,0.8044971939650497,0.7296790817522105,0.3598126463700282,後半
A M15 40/20/5,2026-08-05 10:15:00,2026-08-06 03:45:00,1,1.9979610036343431,66,1.3027638034388456,2026-08-06 07:30:00,0.7074359116327986,0.12042193781580988,10,2,1.2227424993382519,1.5833084502836174,0.4660514863943743,後半
A M15 40/20/5,2026-08-05 16:15:00,2026-08-06 03:45:00,1,1.997289508760695,42,1.9973443256848942,2026-08-06 03:45:00,0.511212185318382,0.3504112174733708,16,2,1.270187123061172,1.4884927066450149,0.319959687095076,後半
A M15 40/20/5,2026-08-05 22:15:00,2026-08-06 19:15:00,1,-1.0044748339762835,80,,2026-08-05 22:15:00,0.698306746615379,0.5398261697821158,22,2,0.939948322392928,1.7507428474404436,0.4072585816269815,後半
A M15 40/20/5,2026-08-07 13:45:00,2026-08-10 10:45:00,1,0.9770253929866981,80,0.8005564249695556,2026-08-10 10:45:00,0.2244014608413343,0.5565089270237448,14,4,0.9656940681192354,0.4556521739130669,0.46042180224596974,後半
A M15 40/20/5,2026-08-07 16:45:00,2026-08-10 13:45:00,1,-0.26179102609566807,80,,2026-08-07 16:45:00,0.47046106331347826,0.5924251777215772,17,4,1.5186201180162056,1.5484080571799952,0.33382239067530994,後半
A M15 40/20/5,2026-08-10 23:30:00,2026-08-11 20:30:00,1,-0.32905209594689855,80,-0.5212037594812903,2026-08-11 20:45:00,0.3321697261510721,0.42429809583504324,23,0,0.8908254107663341,0.7887323943662852,0.3162310030395056,後半
A M15 40/20/5,2026-08-11 05:30:00,2026-08-11 08:30:00,1,-1.0038171494527617,12,,2026-08-11 05:30:00,0.5180335400872954,0.38557357385066116,5,1,1.355677959204813,1.594924619687535,0.42624796697109935,後半
A M15 40/20/5,2026-08-14 17:30:00,2026-08-17 14:30:00,1,0.40867524480050615,80,0.11627644442436404,2026-08-17 14:45:00,0.11602942150950381,-0.08395891422987897,17,4,1.233153472786856,1.2627372627372926,0.35616934024846364,後半
A M15 40/20/5,2026-08-19 03:00:00,2026-08-19 05:15:00,-1,-1.00642707942799,9,,2026-08-19 03:00:00,0.7419068736141855,0.18564863518077612,3,2,1.020183385191512,2.1417004048583936,0.3077909960345108,後半
A M15 40/20/5,2026-08-19 20:15:00,2026-08-20 17:15:00,1,0.028817315540700907,80,0.18439225573078355,2026-08-20 17:45:00,0.66908234441525,0.3419229769025299,20,2,1.1822136728306885,1.1057772816076539,0.6117970460792888,後半
A M15 40/20/5,2026-08-20 01:30:00,2026-08-20 14:45:00,1,-1.0025314052463374,53,-1.0023596731852638,2026-08-20 14:45:00,0.7524833089073465,0.3491851955764436,1,3,0.9488426205397861,1.0005783689994718,0.6309770886745657,後半
A M15 40/20/5,2026-08-21 13:15:00,2026-08-24 10:15:00,1,0.8952141457177487,80,0.8701295214929577,2026-08-24 10:15:00,0.5809739524348835,0.3204891654151501,13,4,1.0747368744999186,1.3499892619371496,0.3429942686734095,後半
A M15 40/20/5,2026-08-27 14:45:00,2026-08-27 16:00:00,-1,1.9870256243918258,5,1.9908179661795082,2026-08-27 16:45:00,0.025095471903984628,0.07320357841408151,15,3,0.929766674522732,3.705956907477852,0.30067007709489507,後半
A M15 40/20/5,2026-08-28 22:15:00,2026-08-31 19:15:00,-1,0.19257018999440983,80,0.1497447934151224,2026-08-31 19:30:00,0.527552035112985,0.4150289017341031,22,4,1.4939581456210493,1.0377717752291455,0.4259225373589533,後半
A M15 40/20/5,2026-08-31 01:00:00,2026-08-31 21:00:00,-1,0.5452046426389785,80,,2026-08-31 01:00:00,0.4889794136902574,0.49355632591494775,1,0,0.9583228451220777,2.679174484052574,0.42403201843486055,後半
A M15 40/20/5,2026-09-01 13:00:00,2026-09-02 10:00:00,-1,0.7468159911797989,80,,2026-09-01 13:00:00,0.3493312352478399,0.5522078411957458,13,1,1.4702471856838828,1.1483320675351956,0.3342605067582242,後半
A M15 40/20/5,2026-09-02 06:00:00,2026-09-02 15:15:00,-1,-1.0032990792034293,37,-1.0029862791139994,2026-09-02 15:15:00,0.5818744436437646,0.7414173462558563,6,2,1.359812526034014,1.0031596422642375,0.36966796290757065,後半
A M15 40/20/5,2026-09-02 18:00:00,2026-09-03 15:00:00,1,1.028272257814662,80,,2026-09-02 18:00:00,0.1778010471204182,-0.6237516336645871,18,2,1.3656864353787914,1.8836391189046422,0.358038768529073,後半
A M15 40/20/5,2026-09-03 01:45:00,2026-09-03 06:00:00,1,1.9941625115099288,17,1.9943334176574752,2026-09-03 06:00:00,0.5275448764841568,-0.4848128197003324,2,3,0.566900025953453,1.7584739545121972,0.33316375198728154,後半
A M15 40/20/5,2026-09-03 08:00:00,2026-09-04 05:00:00,1,1.0359017344575165,80,,2026-09-03 08:00:00,0.5761950431578381,-0.049211741137531136,8,3,0.9442764019296971,1.3767726387987183,0.5073479152426453,後半
A M15 40/20/5,2026-09-03 19:15:00,2026-09-04 15:30:00,1,-1.001777260585544,77,-1.0017398959169408,2026-09-04 15:30:00,0.5279315996987565,0.18550209880529803,19,3,1.4089862287924109,1.4541482137584971,0.3423005121822837,後半
A M15 40/20/5,2026-09-08 03:45:00,2026-09-08 09:15:00,1,-1.005041275442687,22,-1.0047764045614664,2026-09-08 09:15:00,0.1413699082872077,0.13877726750861247,4,1,1.0658858405022025,0.5262440354464515,0.3293295087845317,後半
A M15 40/20/5,2026-09-09 11:15:00,2026-09-10 08:15:00,1,0.7024422549946387,80,,2026-09-09 11:15:00,0.08864795918367685,-0.21892756529628107,11,2,0.8310089145548333,1.9437065148640276,0.32377812813528467,後半
A M15 40/20/5,2026-09-10 18:30:00,2026-09-11 02:45:00,-1,1.9954811985582872,29,1.9960140457435704,2026-09-11 06:45:00,0.2777697945107071,0.17149022969817146,18,3,1.7785360839348305,2.4814406779661167,0.3214837712519357,後半
A M15 40/20/5,2026-09-11 17:00:00,2026-09-14 12:15:00,1,-1.001307518151543,73,,2026-09-11 17:00:00,0.15771854207641062,-0.11870854711550535,17,4,1.6539484874729917,1.068836733891576,0.30228445099484313,後半
A M15 40/20/5,2026-09-14 03:45:00,2026-09-14 04:45:00,-1,-1.0075380942979706,4,-1.0069689880033852,2026-09-14 04:45:00,-0.15751115969754978,0.147887701970047,4,0,0.8265246709734153,1.8908898305085318,0.35667494917550957,後半
A M15 40/20/5,2026-09-14 17:15:00,2026-09-14 19:15:00,-1,-1.0041693241972192,8,,2026-09-14 17:15:00,0.5218460817617488,0.2942616190906903,17,0,1.1924903421987598,1.3030628998470988,0.3097711001310844,後半
A M15 40/20/5,2026-09-16 14:45:00,2026-09-16 21:00:00,1,-1.006193160244335,25,,2026-09-16 14:45:00,0.39516967288291066,-0.0044681860163250375,15,2,0.9813438465264285,1.6822089612621676,0.36341313689379295,後半
A M15 40/20/5,2026-09-18 10:45:00,2026-09-21 07:45:00,1,-0.6284729561731326,80,,2026-09-18 10:45:00,0.37712603576101233,0.15852271408342805,11,4,0.9646186305652488,0.7533686864295681,0.38233770079207074,後半
A M15 40/20/5,2026-09-23 09:45:00,2026-09-23 14:30:00,-1,1.992710769404322,19,1.9932136841212325,2026-09-23 14:30:00,0.039765024853139784,-0.010535481062255315,10,2,0.6453461000567637,0.9987930803273415,0.3074105381797825,後半
A M15 40/20/5,2026-09-23 14:00:00,2026-09-24 11:00:00,-1,1.6752609334042612,80,1.4293606055259402,2026-09-24 11:00:00,0.14389242290039625,0.15868536808033998,14,2,0.6809868949080685,1.3960113960113278,0.34483102382615466,後半
A M15 40/20/5,2026-09-23 19:30:00,2026-09-24 16:30:00,-1,0.37876854884114275,80,0.3278089277264626,2026-09-24 16:30:00,0.48066671165396224,0.23908402059697437,19,2,1.4979748697390665,0.8354885554249537,0.3002005515166661,後半
A M15 40/20/5,2026-09-28 07:00:00,2026-09-29 04:00:00,-1,1.1127580662997485,80,0.854299977218146,2026-09-29 04:30:00,0.3867137670493564,0.35464764084269823,7,0,1.1764910692524813,0.835898194732223,0.5224933174088632,後半
A M15 40/20/5,2026-09-28 12:30:00,2026-09-29 09:30:00,-1,0.11961825549769456,80,,2026-09-28 12:30:00,0.7437124624624597,0.5907931225734865,12,0,1.0553458761912533,1.0215496751703468,0.6412816345484065,後半
A M15 40/20/5,2026-10-06 15:45:00,2026-10-07 07:30:00,1,-1.003668771114542,59,-1.0032504029145277,2026-10-07 07:30:00,0.2388617418798461,-0.02136669043143742,16,1,0.8314133268659507,1.7502278942569247,0.31544689633274603,後半
A M15 40/20/5,2026-10-07 10:00:00,2026-10-07 15:15:00,-1,1.9933280911192126,21,1.993816299938899,2026-10-07 15:15:00,0.15936721839753976,0.09718014448846352,10,2,0.8606389705061918,0.9498703543647303,0.33187134502923554,後半
A M15 40/20/5,2026-10-07 14:15:00,2026-10-07 15:30:00,-1,1.9941293841793895,5,1.994709178001518,2026-10-07 15:30:00,0.31760726366386904,0.07102776845235191,14,2,0.9757952260658979,1.9342226918504415,0.3112633181126359,後半
A M15 40/20/5,2026-10-07 16:30:00,2026-10-08 04:00:00,-1,-1.003019649289304,42,,2026-10-07 16:30:00,0.5552519951110769,0.2308931914591077,16,2,1.7796356855099535,1.9785660566558088,0.3507185332011875,後半
B M30 20/10/3,2026-01-05 09:30:00,2026-01-06 06:30:00,1,1.7688231649202706,40,1.4555123222994062,2026-01-06 06:30:00,0.1272853736089015,0.0,10,0,,0.39867720007346,0.757667169431875,前半
B M30 20/10/3,2026-01-06 22:00:00,2026-01-07 03:30:00,1,-1.0033762906021553,9,-1.0031195599192257,2026-01-07 03:30:00,0.2394614615791612,0.0,22,1,0.9909566394401386,0.7326940921744517,0.39607055146238157,前半
B M30 20/10/3,2026-01-07 01:30:00,2026-01-07 03:00:00,1,-1.004769163948527,3,,2026-01-07 03:00:00,0.2376188711868559,0.0,2,2,0.6942727801623573,0.8962416831506038,0.3207098030729151,前半
B M30 20/10/3,2026-01-07 09:30:00,2026-01-08 06:30:00,-1,1.4397735611699352,40,,2026-01-07 09:30:00,-0.058181367076046396,-0.0,10,2,1.1194044278664075,1.578123200921116,0.30115154306771746,前半
B M30 20/10/3,2026-01-09 02:30:00,2026-01-09 17:00:00,1,1.9957275879563756,29,1.6504879530735987,2026-01-09 23:00:00,0.14850240871325082,0.2388436932311823,3,4,0.8383971973560118,2.536207314119683,0.35380582342476524,前半
B M30 20/10/3,2026-01-09 19:00:00,2026-01-12 02:30:00,1,1.9982627713450338,13,,2026-01-09 19:00:00,0.3920265780730878,0.12698412698412329,19,4,1.2539122337201498,1.022026915682501,0.3414808025257142,前半
B M30 20/10/3,2026-01-12 04:00:00,2026-01-13 01:00:00,1,0.2792270626693934,40,0.1281289291309239,2026-01-13 01:00:00,0.4637268224258095,0.28853135900904103,4,0,1.3795319934974781,2.285727625005847,0.36329990448901534,前半
B M30 20/10/3,2026-01-14 09:30:00,2026-01-14 16:30:00,1,-1.003973434750525,14,-1.0030741192099513,2026-01-14 16:30:00,0.26216676120249693,0.4751091994264941,10,2,0.8413606916671811,0.7114721104082612,0.44985507246377593,前半
B M30 20/10/3,2026-01-19 02:30:00,2026-01-20 02:00:00,1,-0.16418667881656882,40,,2026-01-19 02:30:00,0.31273519508813824,-0.055703105634050405,3,0,1.3625744024638213,0.869297713013574,0.3125106382978745,前半
B M30 20/10/3,2026-01-19 09:30:00,2026-01-20 05:30:00,1,1.988527411292305,33,1.992715373452739,2026-01-20 06:30:00,0.24317236728730887,0.25151524289117266,10,0,0.8282384139649421,1.3943271486457063,0.4863694863694894,前半
B M30 20/10/3,2026-01-20 12:00:00,2026-01-21 03:00:00,1,1.9959730026812406,28,1.9978517906007314,2026-01-21 03:00:00,0.5328523776278036,0.4311597744973414,12,1,0.9051103016209762,0.9154765971984666,0.6985768403808694,前半
B M30 20/10/3,2026-01-20 15:00:00,2026-01-20 15:30:00,1,1.9747230201066854,1,1.9917490422995525,2026-01-20 18:30:00,0.4833727344365737,0.4311597744973414,15,1,0.7884809952659877,2.0093465346534676,0.4731006160164281,前半
B M30 20/10/3,2026-01-21 05:00:00,2026-01-22 02:00:00,1,-0.6551658149834533,40,-0.54980933553376,2026-01-22 02:30:00,0.7408779066237694,0.6545508982035907,5,2,1.3987704508752727,0.9775804274955394,0.6122624644110469,前半
B M30 20/10/3,2026-01-21 08:30:00,2026-01-21 17:00:00,1,-1.0027878449958183,17,,2026-01-21 08:30:00,0.580082652958378,0.6918098760060907,9,2,1.896858843463516,1.8680714612918061,0.40543320708841857,前半
B M30 20/10/3,2026-01-22 11:30:00,2026-01-22 18:30:00,1,1.9967197443275007,14,1.9974009386324483,2026-01-22 20:00:00,-0.12361862214906917,0.4434154175588857,12,3,0.6193794686566634,1.4338469713071402,0.3992524029903992,前半
B M30 20/10/3,2026-01-22 15:00:00,2026-01-22 15:30:00,1,-1.0068827861518344,1,,2026-01-22 15:30:00,-0.08979136805223903,0.4434154175588857,15,3,0.6212431772644537,0.9749768303985669,0.3349990390159596,前半
B M30 20/10/3,2026-01-23 03:00:00,2026-01-23 10:00:00,1,-1.0025481711907736,14,,2026-01-23 03:00:00,0.7677131270788677,0.5724582379377593,3,4,0.9403956308777214,1.1297242083758854,0.6095316861366665,前半
B M30 20/10/3,2026-01-23 20:00:00,2026-01-26 03:30:00,1,1.9981058504866611,13,1.998286031894498,2026-01-26 08:30:00,0.2260925806153543,0.4616585944449936,20,4,0.9648901197298375,0.5585384041759962,0.4085987859064975,前半
B M30 20/10/3,2026-01-26 05:30:00,2026-01-26 23:30:00,1,-1.0013030092066908,36,,2026-01-26 05:30:00,0.4726651043067372,0.5336427311492816,6,0,1.2019204499506466,0.8692983785422176,0.5003637119401372,前半
B M30 20/10/3,2026-01-26 10:30:00,2026-01-26 21:00:00,1,-1.0030523300179215,21,-1.0020963544396295,2026-01-26 21:00:00,0.7031455357925223,0.5333710310320601,11,0,1.0854315554083738,1.5948495038136512,0.5096097845078653,前半
B M30 20/10/3,2026-01-26 12:30:00,2026-01-26 15:30:00,1,-1.00358139618172,6,-1.0032008120917535,2026-01-26 15:30:00,0.6950525692958889,0.4775435028682157,13,0,1.051087026935414,1.1465237029845339,0.30121642779717817,前半
B M30 20/10/3,2026-01-27 10:00:00,2026-01-27 16:00:00,1,-1.004613245286252,12,-1.00308482837337,2026-01-27 16:00:00,-0.017126287492068605,0.41204881764696377,10,1,0.7679940325741756,1.5737641482054694,0.31057016827315675,前半
B M30 20/10/3,2026-01-27 12:30:00,2026-01-27 13:30:00,1,-1.0070226832669522,2,-1.0058276513732445,2026-01-27 13:30:00,0.051470800496521,0.49970099667774037,13,1,0.682181740837402,1.1026307242611442,0.3471798533134241,前半
B M30 20/10/3,2026-01-28 01:00:00,2026-01-28 21:00:00,1,1.1738055401184766,40,,2026-01-28 01:00:00,0.4364116859139151,0.5113151853066585,1,2,1.0612943615251123,0.9460989085029157,0.42796986852571145,前半
B M30 20/10/3,2026-01-28 11:00:00,2026-01-28 22:30:00,1,1.9977139572705958,23,,2026-01-28 11:00:00,0.6877993086169194,0.4868300864018221,11,2,0.9128292178118413,1.925187797025947,0.5643596204363913,前半
B M30 20/10/3,2026-01-29 03:00:00,2026-01-29 17:00:00,1,-1.0004328091602204,28,-1.0003996982848946,2026-01-29 17:00:00,0.6722231391318668,0.6290432861726194,3,3,1.960484590920091,1.8907533129761798,0.6334728460596151,前半
B M30 20/10/3,2026-01-29 05:00:00,2026-01-29 17:00:00,1,-1.0006821498439582,24,-1.0005781170315342,2026-01-29 17:00:00,0.6330673063615789,0.6726918346984719,5,3,2.04296901663299,1.5136688610462166,0.5692113687069502,前半
B M30 20/10/3,2026-01-29 07:00:00,2026-01-29 17:00:00,1,-1.0009865630117796,20,-1.0008325562808045,2026-01-29 17:00:00,0.6273774946125713,0.6726918346984719,7,3,1.9667022864647563,0.483201990875158,0.5381737722119543,前半
B M30 20/10/3,2026-01-29 09:00:00,2026-01-29 10:30:00,1,-1.0027071449289375,3,,2026-01-29 10:30:00,0.6861435726210332,0.6710546260129431,9,3,1.4551579569275566,1.4721452274058109,0.43092317624273646,前半
B M30 20/10/3,2026-01-29 18:30:00,2026-01-30 15:30:00,-1,0.8352191748927686,40,,2026-01-29 18:30:00,0.07421799575207591,-0.5293846004277674,19,3,2.1949374789335634,2.1160717629873824,0.41173703724199123,前半
B M30 20/10/3,2026-01-30 09:30:00,2026-01-30 11:00:00,-1,1.9985053290357986,3,1.999231858556629,2026-01-30 19:30:00,0.2736938389226493,-0.1625633031077338,10,4,1.551219188398822,0.885454054648526,0.36057797808949893,前半
B M30 20/10/3,2026-01-30 12:30:00,2026-01-30 19:00:00,-1,1.9989138572420508,13,,2026-01-30 12:30:00,0.2995638686691851,0.038499260268962714,13,4,1.275692152678322,2.7507682067779706,0.39729969012837607,前半
B M30 20/10/3,2026-01-30 17:00:00,2026-01-30 19:30:00,-1,1.9990725934130285,5,1.999421187673282,2026-02-02 03:00:00,0.3117565127676033,0.054014155201066984,17,4,1.417558218477173,0.8396691468345574,0.3011434171839264,前半
B M30 20/10/3,2026-02-02 04:30:00,2026-02-03 01:30:00,-1,-0.3333812436930484,40,-0.37281980634273837,2026-02-03 01:30:00,0.42114862760798905,0.22946637280438129,5,0,1.3183133583555893,1.3156721805455323,0.30431033708470717,前半
B M30 20/10/3,2026-02-02 09:00:00,2026-02-02 14:00:00,-1,-1.0004491542905944,10,,2026-02-02 09:00:00,0.43376720539350216,0.39796626420902587,9,0,1.3178162901467845,1.6487332037902636,0.3525819344524388,前半
B M30 20/10/3,2026-02-04 08:00:00,2026-02-04 16:30:00,1,-1.0021375090080737,17,-1.001331142652853,2026-02-04 16:30:00,0.4903239068510888,-0.1864040430542795,8,2,0.6097977123201668,1.1702574146614555,0.4309710557367865,前半
B M30 20/10/3,2026-02-04 10:30:00,2026-02-04 11:30:00,1,-1.0029032753093026,2,-1.0027697871616408,2026-02-04 11:30:00,0.519317048853445,-0.1864040430542795,11,2,0.44537538461446213,0.388444205286878,0.46062132661628646,前半
B M30 20/10/3,2026-02-04 20:00:00,2026-02-05 17:00:00,-1,0.7556191758609492,40,,2026-02-04 20:00:00,0.12502009538609918,0.08185464825271907,20,2,1.0981643742967162,1.6052581504503418,0.46639438870638356,前半
B M30 20/10/3,2026-02-06 03:00:00,2026-02-06 07:30:00,-1,-1.000685508353409,9,,2026-02-06 03:00:00,0.21038310060866516,-0.06941168342824429,3,4,1.0410846295391558,1.3945907973305105,0.30025779463981767,前半
B M30 20/10/3,2026-02-06 18:00:00,2026-02-09 15:00:00,1,0.9469832046853837,40,0.6605318998815933,2026-02-09 15:00:00,0.15894877903513963,0.10559686729631866,18,4,0.7195704882028098,0.8981542118411696,0.3049875581521111,前半
B M30 20/10/3,2026-02-06 22:30:00,2026-02-09 01:00:00,1,1.997067288960019,3,1.997201869151407,2026-02-09 01:00:00,0.5412269973548719,0.04792553076607431,23,4,0.6264568216319706,0.7585751186399946,0.3546220077585361,前半
B M30 20/10/3,2026-02-09 02:30:00,2026-02-09 22:30:00,1,0.701460936556292,40,0.4247186149618711,2026-02-09 22:30:00,0.5023242674063224,0.03668010620513392,3,0,0.553012704035083,1.3009150145570272,0.3891058934626765,前半
B M30 20/10/3,2026-02-11 07:00:00,2026-02-11 12:30:00,1,1.9958079941551459,11,1.9958771265928277,2026-02-11 13:00:00,0.06551362683438118,0.30184642727841154,7,2,0.748538438373352,0.516412633188416,0.3504993757802756,前半
B M30 20/10/3,2026-02-12 19:30:00,2026-02-13 16:30:00,-1,-0.3722576037837466,40,-0.3787908043668837,2026-02-13 16:30:00,0.48399534651820114,0.17710824167065115,20,3,1.7967424901567144,1.6492312330419159,0.3266011161307464,前半
B M30 20/10/3,2026-02-12 21:30:00,2026-02-13 18:30:00,-1,-0.46738197080467697,40,-0.5184545619444941,2026-02-13 18:30:00,0.3974045643867709,0.17710824167065115,22,3,2.058817263345114,1.5648502044563202,0.3199979946859169,前半
B M30 20/10/3,2026-02-13 01:00:00,2026-02-13 03:00:00,-1,-1.0016962171933421,4,,2026-02-13 01:00:00,0.43469701630267715,0.21526299787169295,1,4,1.9691569446660961,0.7753264295362563,0.33756754194710303,前半
B M30 20/10/3,2026-02-16 08:00:00,2026-02-17 07:00:00,-1,1.9974769183080214,39,,2026-02-16 08:00:00,-0.02829488855134155,0.06313996515065462,8,0,0.7128139606346351,1.6898851930843821,0.3145607075502339,前半
B M30 20/10/3,2026-02-17 08:30:00,2026-02-18 05:30:00,-1,-0.16575987817839283,40,,2026-02-17 08:30:00,0.39581801845952724,0.33205420314186157,9,1,1.3301047604634393,2.1580278128950754,0.40804875689271874,前半
B M30 20/10/3,2026-02-18 08:00:00,2026-02-19 05:00:00,1,0.7984170127129041,40,0.6730172245578508,2026-02-19 05:00:00,0.04438513940585863,0.02032222955733625,8,2,0.7767320311440526,0.7678101740444427,0.4299954689623929,前半
B M30 20/10/3,2026-02-18 20:00:00,2026-02-19 17:00:00,1,0.6894732862947381,40,,2026-02-18 20:00:00,0.5948994605198602,0.05357175878839289,20,2,0.985808824230282,1.4028919263393966,0.41347881045838,前半
B M30 20/10/3,2026-02-19 04:00:00,2026-02-19 07:00:00,-1,-1.0057805377551696,6,,2026-02-19 04:00:00,-0.23155701101518278,0.0928637842863772,4,3,0.7694071014516054,0.9311785400176177,0.3482754868893443,前半
B M30 20/10/3,2026-02-19 10:30:00,2026-02-19 15:00:00,1,-1.0024300492952858,9,,2026-02-19 10:30:00,0.48040075719100456,-0.08946606160085106,11,3,0.5964919822879602,0.5034534534534401,0.36515042979943185,前半
B M30 20/10/3,2026-02-23 02:30:00,2026-02-23 22:30:00,1,1.1805696794897236,40,0.7349629481929221,2026-02-23 23:00:00,0.5383351025579469,0.6599282596001492,3,0,1.2807832866078164,1.4087335277398565,0.42006477867286446,前半
B M30 20/10/3,2026-02-23 06:00:00,2026-02-23 09:00:00,1,-1.0030872569060836,6,,2026-02-23 06:00:00,0.4957566705139444,0.7245942262421056,6,0,1.2951984215634516,0.8329890930173626,0.4674533131795809,前半
B M30 20/10/3,2026-02-23 19:30:00,2026-02-24 15:30:00,1,-1.0014618371743105,38,-1.001396705172498,2026-02-24 15:30:00,0.37926783329338243,0.7386464713207515,20,0,1.1612623176706272,0.5804711786958224,0.41185313674472396,前半
B M30 20/10/3,2026-02-24 02:00:00,2026-02-24 03:00:00,1,-1.0044543571567204,2,,2026-02-24 03:00:00,0.28384000000000303,0.7267364617101625,2,1,0.8359163097545106,1.8031278748850275,0.5332726891050421,前半
B M30 20/10/3,2026-02-27 16:30:00,2026-03-02 01:00:00,1,1.99822925125154,15,1.998498347109211,2026-03-02 01:00:00,0.32416480430921335,0.09406643543844094,17,4,0.9622516863308609,1.1775569607548175,0.30804715530497856,前半
B M30 20/10/3,2026-02-27 18:30:00,2026-03-02 01:00:00,1,1.9979167813676926,11,,2026-02-27 18:30:00,0.2330935251798581,0.09406643543844094,19,4,1.2169326146620658,1.5532038609141015,0.32350751823731483,前半
B M30 20/10/3,2026-03-02 02:30:00,2026-03-02 22:30:00,1,-0.138896398347731,40,,2026-03-02 02:30:00,0.5155455951516761,0.39360687022900864,3,0,1.4958616268517075,1.8582458575518277,0.4975010995162201,前半
B M30 20/10/3,2026-03-02 10:30:00,2026-03-02 16:00:00,1,-1.0018214320098462,11,,2026-03-02 10:30:00,0.518434726400317,0.5054726595525921,11,0,1.0524796581853582,1.399665151877529,0.3276620204052323,前半
B M30 20/10/3,2026-03-02 13:00:00,2026-03-02 16:00:00,1,-1.0055485538090825,6,-1.0040334430045694,2026-03-02 16:00:00,0.44854988242289834,0.49860995273839437,13,0,1.026482232402395,1.6234990732532677,0.48816620433217456,前半
B M30 20/10/3,2026-03-02 20:30:00,2026-03-03 13:00:00,-1,1.9987940962397337,31,,2026-03-02 20:30:00,-0.08062427588087127,-0.23328612188763914,21,0,1.6968863740893616,1.6042246157063684,0.42595204513398655,前半
B M30 20/10/3,2026-03-03 07:00:00,2026-03-03 07:30:00,1,-1.0036018884186424,1,,2026-03-03 07:30:00,-0.17744236689945375,0.2701296050617433,7,1,0.9628860171132706,1.0766867800329578,0.3011822660098494,前半
B M30 20/10/3,2026-03-03 12:30:00,2026-03-03 16:30:00,-1,1.9988960505419604,8,1.999009252169384,2026-03-03 16:30:00,0.3881237179316417,-0.1692581794622609,13,1,1.3362775011043748,0.713153354781567,0.31287967110510956,前半
B M30 20/10/3,2026-03-03 14:30:00,2026-03-04 11:30:00,-1,0.36287531884814844,40,0.043071451756301005,2026-03-04 11:30:00,0.19031069860362487,-0.1692581794622609,15,1,1.8449738804843479,3.1307841095075117,0.3141117557521321,前半
B M30 20/10/3,2026-03-03 18:00:00,2026-03-04 15:00:00,-1,-0.6611721155681712,40,-0.5428497333062351,2026-03-04 15:30:00,0.326670032969971,0.06864606899284947,18,1,2.1902148609693968,1.7589326096788847,0.31212802741695944,前半
B M30 20/10/3,2026-03-05 06:00:00,2026-03-05 08:00:00,1,-1.00320625861682,4,,2026-03-05 06:00:00,0.10983440351470262,-0.08284592580722697,6,3,0.4934013145939109,1.1452397498262428,0.3062645011600936,前半
B M30 20/10/3,2026-03-05 21:00:00,2026-03-06 03:30:00,-1,-1.0016694729712325,11,-1.0015470502172499,2026-03-06 03:30:00,0.2898592835498733,0.4532461273666094,21,3,1.3230041721524084,0.519426543382816,0.504843388897096,前半
B M30 20/10/3,2026-03-06 06:30:00,2026-03-06 13:30:00,1,-1.0015971288187064,14,,2026-03-06 06:30:00,-0.1630664972469313,-0.242679830747532,7,4,0.8138940834650392,0.9569084882306028,0.4614341776667933,前半
B M30 20/10/3,2026-03-06 15:00:00,2026-03-06 15:30:00,-1,-1.0030974342182408,1,,2026-03-06 15:30:00,0.09090056285178218,0.34948726430697974,15,4,0.9133975944968074,1.106979293067668,0.41066216008602546,前半
B M30 20/10/3,2026-03-06 22:30:00,2026-03-09 01:00:00,1,-1.0033774981423762,3,-1.0026519772384583,2026-03-09 01:00:00,0.2980802490487683,-0.187189167351601,23,4,1.0836232425954067,0.9684466019417568,0.34876973720916427,前半
B M30 20/10/3,2026-03-09 04:30:00,2026-03-10 01:30:00,-1,-0.6295971124768323,40,-0.6431353710878357,2026-03-10 01:30:00,0.1472325530518499,0.04283048531421212,5,0,1.5361323250197878,1.5873970345963626,0.3254234217915048,前半
B M30 20/10/3,2026-03-09 23:30:00,2026-03-10 20:30:00,1,1.6606029739635662,40,1.6331400290090607,2026-03-10 20:30:00,0.3399191039203436,-0.04897795591182401,0,0,0.7859956653372442,0.6107151634308035,0.33183471074380105,前半
B M30 20/10/3,2026-03-10 03:30:00,2026-03-10 04:00:00,1,1.9933167844185604,1,1.995648930880159,2026-03-10 04:30:00,0.1606221825122845,-0.016708659329001372,4,1,0.7783301526779145,1.451658374792664,0.4101621621621596,前半
B M30 20/10/3,2026-03-10 06:00:00,2026-03-11 03:00:00,1,1.0330153453886692,40,,2026-03-10 06:00:00,0.1471858407079634,-0.016708659329001372,6,1,0.880342866728593,1.0129302625452157,0.34666666666666357,前半
B M30 20/10/3,2026-03-10 13:00:00,2026-03-10 13:30:00,1,-1.0061430991057403,1,,2026-03-10 13:30:00,0.33965917893106073,0.017503707046611618,13,1,0.49153311581468473,1.9834415154325318,0.3045133991537374,前半
B M30 20/10/3,2026-03-10 17:30:00,2026-03-11 14:30:00,1,-0.49314488176845517,40,-0.5509876838047091,2026-03-11 14:30:00,0.4672341860171131,0.06397093139542673,18,1,0.7668635191421272,1.2972813238770624,0.3096936936936935,前半
B M30 20/10/3,2026-03-10 20:30:00,2026-03-10 21:00:00,1,-1.0022720412343027,1,,2026-03-10 21:00:00,0.4276923076923131,0.10590670275433942,21,1,0.837242237448531,0.61427523832801,0.3204776283283073,前半
B M30 20/10/3,2026-03-13 01:00:00,2026-03-13 21:00:00,-1,1.0840804865207125,40,,2026-03-13 01:00:00,0.3413973472819013,0.034811942079537646,1,4,1.2063506596274096,2.037250726040647,0.5347204493234685,前半
B M30 20/10/3,2026-03-16 01:30:00,2026-03-16 21:30:00,-1,0.2981387727150451,40,-0.07671299598170706,2026-03-16 21:30:00,0.46583442838370454,0.322709927323631,2,0,1.2959943735814092,1.323137641835252,0.3569456427955108,前半
B M30 20/10/3,2026-03-18 17:30:00,2026-03-19 14:30:00,-1,1.7337515733951296,40,,2026-03-18 17:30:00,0.6507516771950458,0.48075843303243765,18,2,1.6841798805670998,1.4186934673366782,0.5268585777060343,前半
B M30 20/10/3,2026-03-19 01:30:00,2026-03-19 11:30:00,-1,1.9980571642069869,20,,2026-03-19 01:30:00,0.5350233271345178,0.6123495637604468,2,3,1.4999237607812166,1.3259668508287292,0.36626459888952584,前半
B M30 20/10/3,2026-03-19 16:30:00,2026-03-20 06:00:00,-1,-1.0009151373523115,25,,2026-03-19 16:30:00,0.5954830053667269,0.6480654981822485,17,3,2.236845770596678,2.5144506036904906,0.6543385490753911,前半
B M30 20/10/3,2026-03-20 08:00:00,2026-03-20 16:30:00,1,-1.001451628372768,17,,2026-03-20 08:00:00,-0.014888747316015246,-0.3814372220138271,8,4,0.8636558644193647,0.7280852304005914,0.5489912826899155,前半
B M30 20/10/3,2026-03-20 23:00:00,2026-03-23 09:00:00,-1,1.9989708757847071,18,1.9993278847187868,2026-03-23 09:30:00,0.27854759568204135,0.5298931957278307,23,4,1.358643091063104,0.5800196367206707,0.5140156347103618,前半
B M30 20/10/3,2026-03-23 05:00:00,2026-03-23 10:00:00,-1,1.9992285191424939,10,-0.37018819590624225,2026-03-24 02:00:00,0.5534729696166895,0.6231094862420639,5,0,1.6272499241402456,1.4420358642930542,0.36630208682815346,前半
B M30 20/10/3,2026-03-23 07:00:00,2026-03-23 10:00:00,-1,1.9992319377825714,6,-1.0006847074025185,2026-03-23 17:00:00,0.5398266329943343,0.6231094862420639,7,0,1.5349875763185388,0.9225887808648141,0.4432580841976816,前半
B M30 20/10/3,2026-03-23 11:00:00,2026-03-23 14:00:00,-1,-1.0006222147556452,6,,2026-03-23 11:00:00,0.6624433302308835,0.6048133174791934,11,0,1.449487765436173,2.278046981316853,0.44289137974664666,前半
B M30 20/10/3,2026-03-24 08:30:00,2026-03-24 09:00:00,-1,-1.0027825367990493,1,,2026-03-24 09:00:00,-0.1286640587321145,0.3453774095270645,9,1,0.861061838837074,1.0541320954713171,0.3329624296373889,前半
B M30 20/10/3,2026-03-24 14:30:00,2026-03-24 15:30:00,1,-1.0027341346951928,2,,2026-03-24 15:30:00,-0.08681121748817279,-0.2939364273049044,15,1,0.7304595760415993,0.9942474636544218,0.3164426440802818,前半
B M30 20/10/3,2026-03-25 06:00:00,2026-03-26 03:00:00,1,-0.4094038432661649,40,,2026-03-25 06:00:00,0.5110899736261838,-0.015582763555414516,6,2,0.6520862547319128,0.9245379253394377,0.48082080708538333,前半
B M30 20/10/3,2026-03-26 10:00:00,2026-03-27 07:00:00,-1,0.1704499658506249,40,-0.0764890329905593,2026-03-27 07:30:00,0.27112525935821724,-0.019560051185180095,10,3,0.8180021640182946,1.519735318445019,0.31412756321549906,前半
B M30 20/10/3,2026-03-26 13:00:00,2026-03-27 10:00:00,-1,-0.18715132242714455,40,,2026-03-26 13:00:00,0.3734275268017657,-0.06712100367174767,13,3,0.973634762445217,1.1593144942827056,0.37534787682915877,前半
B M30 20/10/3,2026-03-27 10:30:00,2026-03-27 13:30:00,1,-1.0035540211210399,6,,2026-03-27 10:30:00,0.0128190960327117,0.05411576978100623,11,4,0.7308925110419762,1.5864350703060217,0.35476342032675723,前半
B M30 20/10/3,2026-03-30 13:00:00,2026-03-30 21:30:00,1,-1.0033972336811454,17,-1.0026235898204716,2026-03-30 21:30:00,0.25349012027491336,-0.03781398301242264,13,0,0.6502245633225581,1.2386593204775294,0.42695050226408643,前半
B M30 20/10/3,2026-04-01 01:00:00,2026-04-01 21:00:00,1,1.287105178637091,40,0.9147448908769211,2026-04-01 21:00:00,0.35067728620428645,0.35552767571765687,1,2,0.921010755962696,0.6248270479298954,0.5287050818626362,前半
B M30 20/10/3,2026-04-01 04:30:00,2026-04-01 14:30:00,1,1.9969693033727325,20,,2026-04-01 04:30:00,0.4386265506133868,0.4790884718498647,5,2,0.9238957712025667,1.529395413481618,0.5126335982460888,前半
B M30 20/10/3,2026-04-02 10:00:00,2026-04-06 07:00:00,-1,-0.31661623662331534,40,,2026-04-02 10:00:00,0.31006026657330754,-0.22637480661288034,10,3,1.6579466011003339,1.8051575931231898,0.4434101238050493,前半
B M30 20/10/3,2026-04-06 13:00:00,2026-04-15 04:00:00,1,1.9979095710290438,9,,2026-04-06 13:00:00,0.28711510836300097,0.19545017200247736,13,0,0.6786325666404963,1.0114229061597584,0.32742491383554634,前半
B M30 20/10/3,2026-04-15 05:30:00,2026-04-16 02:30:00,1,-0.003351355418077891,40,,2026-04-15 05:30:00,0.36432619344923417,0.13259292244021195,6,2,1.1239011149459486,1.053498960704734,0.46424391059583975,前半
B M30 20/10/3,2026-04-15 14:00:00,2026-04-15 16:30:00,-1,-1.0070536894283797,5,,2026-04-15 14:00:00,-0.4290675358698614,-0.21060875257153522,14,2,0.5283886384594071,1.4410054814240914,0.48862428237295175,前半
B M30 20/10/3,2026-04-17 18:00:00,2026-04-20 01:00:00,1,-1.1566729239518956,12,,2026-04-17 18:00:00,0.44798460387041594,0.3396594254794296,18,4,1.6087100667975827,1.1871122237944802,0.37675205413243024,前半
B M30 20/10/3,2026-04-20 03:30:00,2026-04-20 23:30:00,-1,-0.5325665333752692,40,,2026-04-20 03:30:00,0.07317930864718644,-0.15624490461438054,4,0,1.379273340986032,1.9490746198279019,0.6845782520325204,前半
B M30 20/10/3,2026-04-21 10:30:00,2026-04-21 17:30:00,-1,1.9942787625780776,14,1.9953190865531758,2026-04-21 17:30:00,0.07002525961268177,0.005655016413340806,11,1,0.7682001038503665,1.297960911592509,0.46711590296496447,前半
B M30 20/10/3,2026-04-21 21:30:00,2026-04-22 18:30:00,-1,-0.2439598613129544,40,-0.3486250809167173,2026-04-22 19:00:00,0.7181834717759065,0.2707899248318599,22,1,1.6910813858456595,0.7215611904689246,0.42822044781952734,前半
B M30 20/10/3,2026-04-22 10:00:00,2026-04-22 13:00:00,1,-1.008145181140773,6,,2026-04-22 10:00:00,-0.07032107875433835,-0.08992185121282717,10,2,0.7047417034566364,0.6876422126324249,0.6930136514856006,前半
B M30 20/10/3,2026-04-22 20:00:00,2026-04-23 17:00:00,-1,0.13826479545116457,40,,2026-04-22 20:00:00,-0.30465905584696323,0.1661558236108362,20,2,0.8974295678244809,0.9872468117029144,0.3635614179719658,前半
B M30 20/10/3,2026-04-24 02:00:00,2026-04-24 17:00:00,-1,-1.0044353571071722,30,,2026-04-24 02:00:00,0.14821375848833704,0.3100796946907601,2,4,1.2331901520965722,1.888209295057819,0.30916000316681674,前半
B M30 20/10/3,2026-04-24 19:00:00,2026-04-27 01:00:00,1,-1.0036988336480053,10,-1.0031290456238922,2026-04-27 01:00:00,0.14364276286845148,-0.23954352009975136,19,4,1.174187372805399,1.0429129880968047,0.341322096391887,前半
B M30 20/10/3,2026-04-27 20:00:00,2026-04-28 10:30:00,-1,1.9955510250975963,27,,2026-04-27 20:00:00,0.2522758448684404,0.21415448518252247,20,0,0.8835430287692173,1.1379601376355537,0.45230692699913405,前半
B M30 20/10/3,2026-04-28 10:30:00,2026-04-29 07:30:00,-1,0.6417292970507597,40,0.27767489308769844,2026-04-29 07:30:00,0.5563572112199054,0.19228709159078664,11,1,1.1848015429852887,0.9632711150036027,0.42896526373827526,前半
B M30 20/10/3,2026-04-28 16:00:00,2026-04-29 13:00:00,-1,0.17844740213303392,40,-0.009234788551450924,2026-04-29 13:00:00,0.3842438877150629,0.2802633244714516,16,1,1.6547748091148298,1.3554563777713646,0.5059002664636469,前半
B M30 20/10/3,2026-04-29 17:30:00,2026-04-30 04:00:00,-1,-1.003356373051644,19,,2026-04-29 17:30:00,0.29736997794868825,0.3791630084869746,18,2,1.2573055323271207,1.8584408504452365,0.44810091868915275,前半
B M30 20/10/3,2026-04-30 14:30:00,2026-05-01 10:30:00,1,-1.0027724757141792,38,-1.0023884106964054,2026-05-01 10:30:00,0.42449476047904044,-0.20816618545110835,15,3,1.1219343745728518,1.0695735812760647,0.3288659793814396,前半
B M30 20/10/3,2026-05-01 13:00:00,2026-05-01 16:30:00,-1,-1.0029308889933846,7,,2026-05-01 13:00:00,0.455775048941098,0.2888615151371599,13,4,0.8709305073346384,1.0802243673362728,0.3985635956444621,前半
B M30 20/10/3,2026-05-01 21:00:00,2026-05-04 09:30:00,1,-1.0033588507562952,23,,2026-05-01 21:00:00,0.04754860524091323,0.021257852887312734,21,4,1.419074815401977,2.000856964786521,0.32406231967686827,前半
B M30 20/10/3,2026-05-04 14:30:00,2026-05-05 11:30:00,-1,0.05303074209920645,40,,2026-05-04 14:30:00,0.5599162336151506,0.051825387964720686,15,0,1.1033325875462163,2.3191614420062616,0.35328146818272915,前半
B M30 20/10/3,2026-05-04 20:00:00,2026-05-05 17:00:00,-1,-1.0021329783057356,40,-1.0017403494277406,2026-05-05 17:00:00,0.6582162091159904,0.13076585151559603,20,0,1.5338105434318983,1.0878735198609417,0.35157365625178844,前半
B M30 20/10/3,2026-05-06 14:30:00,2026-05-07 11:30:00,1,1.0688708710603434,40,,2026-05-06 14:30:00,0.5016219673778914,0.17655577986482926,15,2,1.1284164366990592,2.0050251256281064,0.4629292221443563,前半
B M30 20/10/3,2026-05-07 12:00:00,2026-05-07 20:00:00,1,-1.0029226524837729,16,-1.0027391405118882,2026-05-07 20:00:00,0.21368461580771608,0.3123609787098823,12,3,0.9720024506670952,1.4157125042512368,0.3155064236629863,前半
B M30 20/10/3,2026-05-11 10:30:00,2026-05-11 15:00:00,-1,-1.0053441233729052,9,-1.0046921607400208,2026-05-11 15:00:00,0.25609575882961527,-0.29815710902913767,11,0,1.1023790067154164,1.1927433705134398,0.3029460108736881,前半
B M30 20/10/3,2026-05-11 18:00:00,2026-05-12 15:00:00,1,-0.48318084595615757,40,,2026-05-11 18:00:00,0.022002859910514587,0.15321271863917968,18,0,1.0372729258742674,0.9803339183655352,0.3599026820367264,前半
B M30 20/10/3,2026-05-12 11:00:00,2026-05-12 18:00:00,-1,1.9954593650595644,14,-0.3404899389390583,2026-05-13 09:00:00,-0.1529922164093416,-0.06904427266338728,11,1,0.8753977767575329,1.3105310531053582,0.30998484593364994,前半
B M30 20/10/3,2026-05-12 15:00:00,2026-05-12 15:30:00,-1,-1.0099105869027785,1,,2026-05-12 15:30:00,0.10753598645215988,-0.04221974822300255,15,1,0.8595354341080429,1.0533852531089458,0.3591160220994344,前半
B M30 20/10/3,2026-05-13 03:30:00,2026-05-13 05:30:00,1,-1.0066784334303294,4,,2026-05-13 03:30:00,-0.03902505819526087,-0.001611266933221827,4,2,0.669864093509422,1.3581512737597612,0.3010671372153635,前半
B M30 20/10/3,2026-05-15 02:00:00,2026-05-15 03:30:00,-1,1.9930498273913175,3,1.9951788590319572,2026-05-15 08:00:00,0.15337924594374291,0.15186175172499725,2,4,0.7555627412043346,2.2319503430250918,0.33831191385898757,前半
B M30 20/10/3,2026-05-15 05:30:00,2026-05-15 16:30:00,-1,1.9973242927752966,22,1.6393159699555233,2026-05-18 03:00:00,0.42030176715788004,0.26461934534755566,6,4,1.1222333224144667,0.7925625843980245,0.5430585596411159,前半
B M30 20/10/3,2026-05-15 10:00:00,2026-05-18 03:30:00,-1,1.997007041674478,33,0.4241687705109818,2026-05-18 07:30:00,0.5998706279166564,0.38938932907540713,10,4,1.36408193543544,1.440560006474078,0.3667514093069516,前半
B M30 20/10/3,2026-05-15 14:30:00,2026-05-18 11:30:00,-1,0.048055540689417454,40,-0.007098237154569544,2026-05-18 11:30:00,0.5400711623178627,0.5280801516382367,15,4,1.4634108007292692,1.0034009952386256,0.352716492788326,前半
B M30 20/10/3,2026-05-19 12:30:00,2026-05-19 16:00:00,-1,1.99306994029487,7,1.9945535724973367,2026-05-19 16:30:00,0.16635661536726992,0.494050698396274,13,1,0.7746682067127832,0.8766143911438824,0.37630563658605615,前半
B M30 20/10/3,2026-05-20 02:00:00,2026-05-20 17:00:00,-1,-1.0056344132625419,30,-1.0033999150021249,2026-05-20 17:00:00,0.48440545808966345,0.6091910057102253,2,2,0.6097927706978804,0.9643835616438419,0.4149974690867043,前半
B M30 20/10/3,2026-05-20 15:30:00,2026-05-20 17:00:00,1,-1.0052937754508435,3,-1.0038476174368949,2026-05-20 17:00:00,-0.09803291850662399,-0.3053041904496706,16,2,0.8236947488951317,0.7967901234568121,0.3533645607220315,前半
B M30 20/10/3,2026-05-20 19:00:00,2026-05-21 16:00:00,1,-0.42457082709890653,40,-0.5008475409030664,2026-05-21 16:00:00,0.20493741708484609,-0.3053041904496706,19,2,1.1150082927643628,1.641831553143045,0.41114664230241504,前半
B M30 20/10/3,2026-05-20 23:30:00,2026-05-21 08:00:00,1,-1.0078923879171298,15,-1.007650853889943,2026-05-21 08:00:00,0.256278402296104,-0.006113386008419982,0,2,1.0018132318458055,0.48570676493814585,0.47062769525635634,前半
B M30 20/10/3,2026-05-25 04:30:00,2026-05-26 04:00:00,1,-0.3193090050281984,40,,2026-05-25 04:30:00,0.16604477611940496,0.1733452894692589,5,0,1.0498434000451846,1.2775636908584267,0.3807776962582633,前半
B M30 20/10/3,2026-05-26 07:00:00,2026-05-27 04:00:00,-1,0.4431987522488239,40,0.4424191444865432,2026-05-27 04:00:00,0.1691104594330364,-0.0593482258127622,7,1,0.9805425318614229,0.4587091319053465,0.3471912390995691,前半
B M30 20/10/3,2026-05-26 09:00:00,2026-05-26 20:30:00,-1,1.9919051028985961,23,1.9932884173571854,2026-05-26 21:00:00,0.2687022900763289,0.06778094146359513,9,1,1.011504129075375,0.7012741859367003,0.42483274301456647,前半
B M30 20/10/3,2026-05-26 12:30:00,2026-05-26 13:30:00,-1,-1.0074970856109502,2,,2026-05-26 13:30:00,0.34319438219034576,0.0796407849514003,13,1,0.9902877566994827,1.0094551391061235,0.37402571110436683,前半
B M30 20/10/3,2026-05-27 15:00:00,2026-05-28 12:00:00,-1,1.2773233687553003,40,0.4659245265957514,2026-05-28 12:30:00,0.42138303567083674,0.1305840372193863,15,2,1.4346070335257224,1.8512345128799546,0.3057831325301218,前半
B M30 20/10/3,2026-05-27 17:30:00,2026-05-28 14:30:00,-1,0.7805771004948393,40,0.7596165280679115,2026-05-28 14:30:00,0.2722325648002294,0.31589666630935853,18,2,1.7520518615439442,1.54642044875929,0.3135656041512237,前半
B M30 20/10/3,2026-05-28 08:00:00,2026-05-28 17:00:00,-1,-1.0015896418240005,18,,2026-05-28 08:00:00,0.4376178819374821,0.38542796779535377,8,3,1.1866129446082068,0.7989977728285214,0.560367454068236,前半
B M30 20/10/3,2026-05-28 21:00:00,2026-05-29 18:00:00,1,0.8006731147033376,40,,2026-05-28 21:00:00,0.18848951647411386,-0.1091049905610148,21,3,1.3842863913960541,0.5238182150027363,0.5830038536609908,前半
B M30 20/10/3,2026-06-01 08:30:00,2026-06-01 16:00:00,-1,1.9946042418959864,15,1.9956144789663666,2026-06-01 16:30:00,-0.020838595604951937,-0.015903197925669247,9,0,0.7831690674753584,0.931268151016447,0.3830856643356783,後半
B M30 20/10/3,2026-06-01 12:30:00,2026-06-02 08:30:00,-1,-1.0042924528301886,38,,2026-06-01 12:30:00,0.1873051070611929,0.03633430960567083,13,0,0.8877101947206711,0.5917705735660606,0.5364173228346578,後半
B M30 20/10/3,2026-06-01 18:00:00,2026-06-02 07:30:00,-1,-1.0028277599014324,25,,2026-06-01 18:00:00,0.6220544798162118,0.016838166510757917,18,0,1.0988887159867178,1.4212608037501684,0.4112896841105249,後半
B M30 20/10/3,2026-06-02 11:00:00,2026-06-02 17:00:00,1,-1.0033163507022647,12,,2026-06-02 11:00:00,0.17191390471975065,0.13749495493071562,11,1,0.9390091320587705,0.8856863702980408,0.4108193190290777,後半
B M30 20/10/3,2026-06-02 22:00:00,2026-06-03 11:30:00,-1,1.9935007659811521,25,1.9945429413546096,2026-06-03 16:30:00,-0.01049558629318267,-0.2684611841768593,22,1,0.9313495857335524,1.0399506612759726,0.4061135371179044,後半
B M30 20/10/3,2026-06-03 01:00:00,2026-06-03 02:00:00,-1,1.9653518123667415,2,1.9794368870610568,2026-06-03 02:00:00,-0.04670368788266668,-0.16052209754980487,1,2,0.6853933622146817,1.5512129380054323,0.4616739053879626,後半
B M30 20/10/3,2026-06-04 07:00:00,2026-06-05 04:00:00,1,-0.49320414626747205,40,-0.5171090641748546,2026-06-05 04:00:00,0.004447607187333236,-0.41270062805303287,7,3,1.2467227260156675,0.17629679856640215,0.31119246861924954,後半
B M30 20/10/3,2026-06-05 07:30:00,2026-06-05 14:30:00,-1,-1.0049747572072478,14,-1.0038769019718947,2026-06-05 14:30:00,0.10148454611827949,0.11561001598295281,8,4,0.9264174357812959,0.8681479595084716,0.4161864194437579,後半
B M30 20/10/3,2026-06-05 20:00:00,2026-06-08 17:00:00,-1,0.17696415471359175,40,0.03494555829959703,2026-06-08 17:30:00,0.5886905019238268,0.4270840661273277,20,4,1.678418148375241,0.8577997992162941,0.622524814205201,後半
B M30 20/10/3,2026-06-05 23:00:00,2026-06-08 20:00:00,-1,-0.4866808659012541,40,-0.6149966172327365,2026-06-08 20:30:00,0.6005877413937873,0.4270840661273277,23,4,1.4522791905256953,0.5795773047496084,0.6769194424757887,後半
B M30 20/10/3,2026-06-08 13:00:00,2026-06-08 14:00:00,-1,-1.0052502069793134,2,,2026-06-08 14:00:00,0.44845009423748,0.41940555354904424,13,0,1.1619001261585258,1.5075449920916801,0.32806189203026553,後半
B M30 20/10/3,2026-06-08 20:30:00,2026-06-09 02:30:00,1,-1.0051234699967346,10,-1.0050419981826644,2026-06-09 02:30:00,0.05984892504357851,-0.21499646113493576,21,0,0.987079990727558,0.5191690084303682,0.404478150957035,後半
B M30 20/10/3,2026-06-09 21:00:00,2026-06-10 18:00:00,-1,1.509472966284808,40,1.2333267723435366,2026-06-10 18:30:00,0.3722318290846214,0.4094373654506309,21,1,1.4563346873942435,1.5973498468504586,0.4547668505121494,後半
B M30 20/10/3,2026-06-09 23:30:00,2026-06-10 04:00:00,-1,1.9939035430499246,7,1.9939035430499246,2026-06-10 04:00:00,0.3224079182216461,0.5048455230680042,0,1,1.371958436796434,1.2175924226293389,0.5815393689177306,後半
B M30 20/10/3,2026-06-10 07:00:00,2026-06-11 01:00:00,-1,1.997717321640669,34,1.99775011156727,2026-06-11 01:00:00,0.6176595203796338,0.5253577879672097,7,2,1.1454841275791543,0.08270644736284803,0.6723300970873828,後半
B M30 20/10/3,2026-06-11 02:30:00,2026-06-11 20:30:00,-1,-1.0016002286040864,36,-1.0015418360697865,2026-06-11 20:30:00,0.4291028372391868,0.6225610208472458,3,3,1.1806122573865803,1.212884116993711,0.47797778628877663,後半
B M30 20/10/3,2026-06-12 03:00:00,2026-06-12 23:00:00,1,-0.0828409587238258,40,,2026-06-12 03:00:00,0.5092090281963723,-0.24429902039505622,3,4,1.2696640384765245,1.019802259091285,0.5994378074490481,後半
B M30 20/10/3,2026-06-15 06:30:00,2026-06-16 03:30:00,1,-0.12924440766374404,40,-0.17228946537226225,2026-06-16 03:30:00,0.5732030136428443,0.07666053584633667,7,0,0.9176512425896762,0.6066127968337299,0.6041979010494678,後半
B M30 20/10/3,2026-06-15 18:30:00,2026-06-15 20:30:00,1,-1.003975674117051,4,,2026-06-15 18:30:00,0.6702092169851821,0.35521913000897887,19,0,0.6315034205744869,1.1893203883494938,0.4989724175229777,後半
B M30 20/10/3,2026-06-16 02:30:00,2026-06-16 06:30:00,-1,-1.0098131722966595,8,-1.0083186690129577,2026-06-16 06:30:00,0.1002086180850331,-0.32183084577114535,3,1,0.5858438515096909,1.120461095100887,0.40050498977996885,後半
B M30 20/10/3,2026-06-16 15:00:00,2026-06-16 17:00:00,1,-1.007048471798367,4,-1.0064059244241705,2026-06-16 17:00:00,-0.11183327446132114,0.5908882833787483,15,1,0.708416598432222,0.6302942127384166,0.3057525610717056,後半
B M30 20/10/3,2026-06-18 16:00:00,2026-06-18 22:00:00,-1,1.9953679902676895,12,1.99718831202939,2026-06-19 06:30:00,0.3313864474057294,0.19724504591590192,16,3,1.0814954375854466,1.5449283613245934,0.33966871246617253,後半
B M30 20/10/3,2026-06-18 20:30:00,2026-06-19 07:30:00,-1,1.9972948749771477,20,1.2687023543996363,2026-06-19 18:00:00,0.12303154073065459,0.2638668597567996,21,3,1.157971889451834,0.9720151637773269,0.3607966846044365,後半
B M30 20/10/3,2026-06-19 04:00:00,2026-06-19 07:30:00,-1,1.9956541049605288,7,-1.0035574250497452,2026-06-22 04:00:00,0.6868493732738435,0.33848918408662054,4,4,0.7510119967616208,0.6064288514308126,0.3917360198569136,後半
B M30 20/10/3,2026-06-19 09:00:00,2026-06-22 03:30:00,-1,-1.0025789703390071,27,-1.0022204111908724,2026-06-22 03:30:00,0.593882991161202,0.3861707965722505,9,4,0.8557806171907818,1.5473359753412668,0.4483100687309687,後半
B M30 20/10/3,2026-06-23 12:00:00,2026-06-23 17:00:00,-1,-1.0044581509451525,10,,2026-06-23 12:00:00,0.5688262492340206,0.30157597383288764,12,1,1.2076264900982414,1.3910195168554524,0.5034695451040861,後半
B M30 20/10/3,2026-06-24 07:00:00,2026-06-24 21:00:00,-1,1.9974224395052218,28,,2026-06-24 07:00:00,0.3026963657678724,0.3375056484410309,7,2,1.2198352667269718,0.8055330269442228,0.7097752221641381,後半
B M30 20/10/3,2026-06-26 20:00:00,2026-06-29 12:30:00,1,-1.0027559305505502,31,,2026-06-26 20:00:00,0.32180616740088314,-0.05391869572166824,20,4,0.9272354848935603,0.9552925706772268,0.37260601915184316,後半
B M30 20/10/3,2026-06-29 23:00:00,2026-06-30 03:30:00,-1,1.9883706441832456,7,1.9936424322237862,2026-06-30 04:00:00,0.3691412393834561,0.1580883461480471,23,0,0.8469724778584851,1.1117357695010788,0.3119542784568932,後半
B M30 20/10/3,2026-06-30 02:00:00,2026-06-30 03:30:00,-1,1.986007104085618,3,1.9890576338034944,2026-06-30 03:30:00,0.41160076641700116,-0.11371704359618769,2,1,0.5951415350965792,1.4809938809568282,0.38939802336028,後半
B M30 20/10/3,2026-06-30 06:30:00,2026-06-30 09:30:00,-1,-1.002410401278837,6,,2026-06-30 06:30:00,0.6587103669397947,0.0748956058690561,7,1,1.0391062871194414,1.9316735400437766,0.6234995383194771,後半
B M30 20/10/3,2026-07-01 10:30:00,2026-07-01 13:00:00,-1,-1.0108062533769544,5,,2026-07-01 10:30:00,0.3552857331397621,0.1693589352839589,11,2,0.9299067147801016,1.3790447798273375,0.3447817416352773,後半
B M30 20/10/3,2026-07-01 15:30:00,2026-07-02 12:30:00,1,0.7761820889706599,40,0.49256721045963675,2026-07-02 12:30:00,-0.04306469476838675,0.034534943551561226,16,2,1.0477007754211676,0.9759965006287892,0.38449339207049055,後半
B M30 20/10/3,2026-07-01 18:00:00,2026-07-02 15:00:00,1,-0.19103847514314184,40,,2026-07-01 18:00:00,0.2897974285450007,0.034534943551561226,18,2,1.490026283377988,1.5762675756284568,0.5636031649421814,後半
B M30 20/10/3,2026-07-02 03:30:00,2026-07-02 06:30:00,-1,-1.0073727790515852,6,,2026-07-02 03:30:00,-0.28406871537327355,0.09122758998220878,4,3,0.8263462794607355,2.1008163794220875,0.30954896383583497,後半
B M30 20/10/3,2026-07-02 10:30:00,2026-07-02 15:30:00,1,1.989666430092264,10,1.9944728730431085,2026-07-02 15:30:00,0.250672017567108,-0.07313396678420533,11,3,0.9259583081055847,1.251696665683108,0.30794180335464666,後半
B M30 20/10/3,2026-07-02 17:00:00,2026-07-03 14:00:00,1,1.0991078830356265,40,,2026-07-02 17:00:00,0.2882309010235919,0.16625916870415705,17,3,1.342087628947061,1.5150804813251968,0.3074778814689109,後半
B M30 20/10/3,2026-07-03 05:30:00,2026-07-06 06:30:00,1,-0.28926981849165284,40,,2026-07-03 05:30:00,0.531279685167597,0.31308719719668876,6,4,0.9726326569957663,0.8728893550078197,0.3742014408046777,後半
B M30 20/10/3,2026-07-03 13:00:00,2026-07-03 17:00:00,1,-1.0068731636945898,8,-1.006017364394395,2026-07-03 17:00:00,0.3290197738404837,0.49606017191977086,13,4,0.6710448652982945,0.8732416138507447,0.33425212809079896,後半
B M30 20/10/3,2026-07-06 14:00:00,2026-07-06 17:30:00,-1,1.989389239989739,7,-1.0082530699606393,2026-07-06 21:30:00,0.10611611300838507,-0.3991590788850835,14,0,0.8193683475009491,1.856381446269046,0.33352651405391337,後半
B M30 20/10/3,2026-07-07 09:00:00,2026-07-07 14:30:00,-1,-1.0063001938521183,11,,2026-07-07 09:00:00,0.2517097264437631,-0.18315163528245845,9,1,1.0903566732278878,0.8878901373283077,0.4587786259541899,後半
B M30 20/10/3,2026-07-08 03:00:00,2026-07-08 18:00:00,-1,1.9965965658975904,30,0.4803588178321159,2026-07-09 01:00:00,0.24021711688967035,-0.09217370267327915,3,2,1.0195494436882144,1.1759857994167633,0.4829888712241699,後半
B M30 20/10/3,2026-07-08 14:00:00,2026-07-09 11:00:00,-1,-0.798048710145712,40,-0.8037734978585758,2026-07-09 11:00:00,0.5368721054506636,0.18182063968421297,14,2,1.2602637775581602,0.6478532358778244,0.3356343879833792,後半
B M30 20/10/3,2026-07-10 15:00:00,2026-07-10 17:30:00,-1,1.9892670959828271,5,-1.007583586119537,2026-07-10 23:30:00,0.26795317937361973,0.13004241982113435,15,4,0.7594487579691197,1.3429423459244847,0.3040810064436886,後半
B M30 20/10/3,2026-07-13 09:00:00,2026-07-13 17:30:00,-1,1.995659111453506,17,,2026-07-13 09:00:00,0.29051786536816226,0.14873072730104336,9,0,1.2745945403027967,1.2563637306236624,0.30778551953953603,後半
B M30 20/10/3,2026-07-13 21:30:00,2026-07-14 15:30:00,-1,-1.0027721674389134,34,-1.0023943398857558,2026-07-14 15:30:00,0.4372782785693512,0.19161658563102044,22,0,1.3132930501825162,1.030653614159982,0.5633281972265022,後半
B M30 20/10/3,2026-07-15 03:00:00,2026-07-15 03:30:00,-1,-1.0634477950148071,1,,2026-07-15 03:30:00,-0.2718660350923972,0.15680911680911602,3,2,0.5776210039645894,2.2222913426645996,0.30864850568632873,後半
B M30 20/10/3,2026-07-16 09:30:00,2026-07-16 14:30:00,-1,-1.0125371119178337,10,-1.0072466941934866,2026-07-16 14:30:00,-0.0024050632911399175,0.20091853776210863,10,3,0.8397607737482543,0.8558117117840918,0.43024771838330583,後半
B M30 20/10/3,2026-07-17 01:30:00,2026-07-17 04:00:00,-1,-1.008257525918196,5,,2026-07-17 01:30:00,0.4293589652978933,0.22275020820065672,2,4,1.003756890279737,0.8363996043521261,0.3912647269413525,後半
B M30 20/10/3,2026-07-21 10:30:00,2026-07-22 07:30:00,1,1.5550374594206327,40,,2026-07-21 10:30:00,0.3515083798882698,-0.03693940797207224,11,1,1.063068853983598,1.1527080921137056,0.5466898954703799,後半
B M30 20/10/3,2026-07-22 07:00:00,2026-07-23 04:00:00,1,0.1600071162194675,40,-0.2719192382345856,2026-07-23 05:00:00,0.3909409745541375,0.384924256251139,7,2,1.0339875184151524,1.2910431731939631,0.534492534492522,後半
B M30 20/10/3,2026-07-23 13:30:00,2026-07-24 10:30:00,-1,1.2408025826228954,40,0.8938909342309704,2026-07-24 10:30:00,0.44193409123614047,-0.3195014497119376,14,3,0.9240638515860671,0.7536983376544153,0.367033794596629,後半
B M30 20/10/3,2026-07-23 18:00:00,2026-07-24 15:00:00,-1,-0.25663659469071987,40,-0.2767577564044159,2026-07-24 15:00:00,0.498112762443969,-0.14990062415007327,18,3,1.217543670547473,0.5176788124156476,0.653868576663615,後半
B M30 20/10/3,2026-07-23 22:00:00,2026-07-24 13:00:00,-1,-1.0088981455677946,28,,2026-07-23 22:00:00,0.4327709465255892,-0.1092714117449086,22,3,1.0551021387112944,0.6774046892251561,0.4171009457633665,後半
B M30 20/10/3,2026-07-24 01:00:00,2026-07-24 05:30:00,-1,1.9754077317010554,9,1.980527886847764,2026-07-24 05:30:00,0.49972935586696293,-0.1413039714691309,1,4,0.6271489574090536,1.4190339339006774,0.36610277689116455,後半
B M30 20/10/3,2026-07-24 15:30:00,2026-07-24 18:00:00,1,1.989034228871309,5,1.9915282245113601,2026-07-27 01:00:00,0.07119492014623906,0.021691396633175708,16,4,0.8866230188544206,0.8745056896134119,0.4262915877738754,後半
B M30 20/10/3,2026-07-28 06:00:00,2026-07-29 03:00:00,-1,0.8946097493185343,40,,2026-07-28 06:00:00,0.4703229962271102,0.31387015921205824,6,1,0.7851104119760848,0.9850916342228082,0.48489171313707446,後半
B M30 20/10/3,2026-07-30 20:00:00,2026-07-31 11:00:00,1,-1.0034126109098547,28,,2026-07-30 20:00:00,0.27093676911082737,0.058277153558052526,20,3,1.2331718647331176,1.1499380421313188,0.3228273464658143,後半
B M30 20/10/3,2026-07-31 09:00:00,2026-07-31 10:30:00,-1,1.9836442719004996,3,1.993522117342217,2026-07-31 16:30:00,-0.0736339341559124,-0.011816944782640552,9,4,0.6627905289488092,1.5183563489389988,0.36452495764368725,後半
B M30 20/10/3,2026-07-31 13:30:00,2026-08-03 10:30:00,-1,-0.20070688686854896,40,-0.23615533306699293,2026-08-03 10:30:00,0.43524096385542543,-0.010658845410973724,14,4,0.6203622304253157,0.5197215777262023,0.4686845168801026,後半
B M30 20/10/3,2026-08-03 18:30:00,2026-08-04 03:00:00,-1,-1.0044041883347086,15,,2026-08-03 18:30:00,0.10437032777458202,-0.07409292517996127,19,0,1.0254463835037033,1.5312919516716919,0.34573512313708404,後半
B M30 20/10/3,2026-08-04 04:30:00,2026-08-04 16:30:00,1,1.9923333235042608,24,1.9935215408765854,2026-08-04 20:00:00,-0.042611060743427326,0.07864927639806983,5,1,0.8323279784959944,1.3439287984742667,0.31110803707289797,後半
B M30 20/10/3,2026-08-05 11:00:00,2026-08-05 17:30:00,1,1.9966196764547466,13,,2026-08-05 11:00:00,0.6385660500900313,0.12042193781580988,11,2,1.4558044585705554,1.02410583047522,0.5325050200803216,後半
B M30 20/10/3,2026-08-05 18:30:00,2026-08-06 15:30:00,1,0.23519045682526044,40,,2026-08-05 18:30:00,0.6341240875912434,0.3504112174733708,19,2,1.638865019533502,1.7491891891891715,0.32564841498559494,後半
B M30 20/10/3,2026-08-05 22:30:00,2026-08-06 03:30:00,1,1.9946115425495692,8,,2026-08-05 22:30:00,0.6339162615194791,0.5398261697821158,23,2,1.4651378713878664,1.2444984591345478,0.4140476301007383,後半
B M30 20/10/3,2026-08-07 11:00:00,2026-08-07 15:30:00,1,1.9966052629615538,9,0.7466980430692911,2026-08-10 08:00:00,0.08283870967741606,0.4926669013258205,11,4,0.8335473410953812,0.5162088591932653,0.3709711695119326,後半
B M30 20/10/3,2026-08-07 15:00:00,2026-08-07 15:30:00,1,1.995507736812616,1,0.4905381532393568,2026-08-10 12:00:00,0.2191202505787804,0.5565089270237448,15,4,0.9604948037959304,1.2907908176979317,0.3822287074725503,後半
B M30 20/10/3,2026-08-07 17:00:00,2026-08-10 14:00:00,1,-0.28816585656185956,40,-0.33846826708134625,2026-08-10 14:30:00,0.47046106331347826,0.5924251777215772,17,4,1.2687599828062595,1.2165378202213235,0.49937496279540167,後半
B M30 20/10/3,2026-08-10 23:30:00,2026-08-11 20:30:00,1,-0.5113851167265085,40,-0.5389926501002226,2026-08-11 20:30:00,0.34240635914729334,0.4351394337822077,0,0,0.9095862727207005,0.5432621384131976,0.4204473850031453,後半
B M30 20/10/3,2026-08-11 05:30:00,2026-08-11 08:30:00,1,-1.0049772616173138,6,,2026-08-11 05:30:00,0.34385813148788624,0.38557357385066116,6,1,0.9750525871058179,1.952175165658295,0.4038520801232694,後半
B M30 20/10/3,2026-08-12 08:00:00,2026-08-12 15:00:00,1,1.9925418853048504,14,0.1534380552700923,2026-08-13 06:00:00,0.34017388579933333,0.38650896677724955,8,2,0.9675445692576993,2.1688053975393857,0.31657581263878853,後半
B M30 20/10/3,2026-08-13 13:00:00,2026-08-13 22:00:00,-1,1.9942664464254025,18,,2026-08-13 13:00:00,0.32595870206489236,-0.11541108581714088,13,3,0.8816262830291898,2.2175645959317265,0.38125636044037037,後半
B M30 20/10/3,2026-08-14 06:00:00,2026-08-14 14:30:00,-1,-1.0030343093695138,17,,2026-08-14 06:00:00,0.3730979914789937,0.038455935906771585,6,4,0.9411738069767321,1.2418811643011738,0.33267004341533113,後半
B M30 20/10/3,2026-08-14 17:30:00,2026-08-17 14:30:00,1,0.4465262296587534,40,0.1161225068288308,2026-08-17 14:30:00,0.17842149454240125,-0.08395891422987897,18,4,0.8462752139930759,1.4654893502292554,0.40641990020108937,後半
B M30 20/10/3,2026-08-14 20:30:00,2026-08-17 02:30:00,1,-1.0127755682466282,10,,2026-08-14 20:30:00,0.17731214787618113,0.042952609294493745,21,4,0.9958882373738512,1.5942509673852978,0.3220276156055977,後半
B M30 20/10/3,2026-08-18 12:30:00,2026-08-18 16:30:00,-1,-1.010809976063624,8,,2026-08-18 12:30:00,-0.05145523762741082,0.09160043304903426,13,1,0.7638514405039265,0.9489297784453838,0.34631758194975865,後半
B M30 20/10/3,2026-08-18 19:30:00,2026-08-19 15:30:00,-1,-1.0027271310581267,38,-1.002674852564674,2026-08-19 15:30:00,0.4471453702222957,0.03345807965145406,20,1,1.276276684179928,0.9133673903788961,0.3090234857849141,後半
B M30 20/10/3,2026-08-19 03:00:00,2026-08-19 05:00:00,-1,-1.0064579865689254,4,-1.0039984482212856,2026-08-19 05:00:00,0.7419068736141855,0.18564863518077612,3,2,0.8852162100973505,1.7099899248236994,0.40408377880992974,後半
B M30 20/10/3,2026-08-19 20:00:00,2026-08-20 17:00:00,1,0.028596403963933294,40,,2026-08-19 20:00:00,0.66908234441525,0.3419229769025299,20,2,1.6653983135977506,0.5793456406507349,0.7056263098500624,後半
B M30 20/10/3,2026-08-20 02:30:00,2026-08-20 14:30:00,1,-1.002937807661033,24,-1.0025377068495427,2026-08-20 14:30:00,0.6613658413126956,0.3491851955764436,3,3,0.9766452007231483,1.3626138862708541,0.50017145600439,後半
B M30 20/10/3,2026-08-20 10:00:00,2026-08-20 17:30:00,-1,-1.0066629914451946,15,-1.0065466703556634,2026-08-20 17:30:00,-0.5215447315316785,-0.2568296067147386,10,3,0.8709224495372434,0.5961201764830254,0.3788968824939944,後半
B M30 20/10/3,2026-08-21 15:00:00,2026-08-24 03:00:00,1,1.9955460349106027,22,,2026-08-21 15:00:00,0.5109208787058639,0.3204891654151501,15,4,1.0423109224549363,1.4464917759733635,0.4438783387370666,後半
B M30 20/10/3,2026-08-26 14:30:00,2026-08-26 18:00:00,-1,1.9923109312926792,7,-1.0051311497440532,2026-08-27 04:30:00,0.06377506283977245,-0.2923710930711722,15,2,0.722561798599241,1.139299160150657,0.3583065499279772,後半
B M30 20/10/3,2026-08-27 06:00:00,2026-08-27 09:30:00,1,-1.0033275431441717,7,,2026-08-27 06:00:00,-0.051399959125282994,-0.07380634753203166,6,3,0.9848332308429023,0.5933580151406388,0.3088572739788886,後半
B M30 20/10/3,2026-08-27 14:30:00,2026-08-27 16:30:00,-1,1.9874671759369782,4,1.9914741585806506,2026-08-27 16:30:00,0.025095471903984628,0.07320357841408151,15,3,0.9181975842602714,2.6227575602255224,0.4195234744143923,後半
B M30 20/10/3,2026-08-31 01:00:00,2026-08-31 05:30:00,-1,1.9960342658316594,9,,2026-08-31 01:00:00,0.4889794136902574,0.49355632591494775,1,0,1.722002401339496,1.216231504361561,0.5907607543971198,後半
B M30 20/10/3,2026-09-01 13:00:00,2026-09-02 10:00:00,-1,0.9309386667216142,40,,2026-09-01 13:00:00,0.3493312352478399,0.5522078411957458,13,1,0.9010097742232557,1.5139084598924968,0.4491439479806663,後半
B M30 20/10/3,2026-09-01 17:00:00,2026-09-02 03:00:00,-1,1.9948321844171903,18,,2026-09-01 17:00:00,0.3318679171551423,0.617543942210407,17,1,1.1461251612868084,2.2008806378674253,0.3412808724473415,後半
B M30 20/10/3,2026-09-02 01:30:00,2026-09-02 16:00:00,-1,-1.005098108237693,29,-1.0045082033199697,2026-09-02 16:00:00,0.5305029995385332,0.6125756781236606,2,2,0.7713647373621594,0.6447498937225519,0.3460444376105247,後半
B M30 20/10/3,2026-09-02 06:00:00,2026-09-02 15:00:00,-1,-1.0027594952094834,18,-1.002516450546504,2026-09-02 15:00:00,0.5818744436437646,0.7414173462558563,6,2,1.0252322812825323,0.4611282480263625,0.543370621676137,後半
B M30 20/10/3,2026-09-02 18:00:00,2026-09-03 15:00:00,1,1.0699158688714903,40,,2026-09-02 18:00:00,0.1778010471204182,-0.6237516336645871,18,2,1.142277898813852,1.6615894039735082,0.4266226306720372,後半
B M30 20/10/3,2026-09-03 02:00:00,2026-09-03 05:00:00,1,1.9927566225165563,6,1.9943065515324867,2026-09-03 06:00:00,0.5275448764841568,-0.4848128197003324,2,3,0.6390193607515041,1.3766583004661777,0.3583932478899731,後半
B M30 20/10/3,2026-09-03 08:00:00,2026-09-04 05:00:00,1,1.1144362942007364,40,,2026-09-03 08:00:00,0.5761950431578381,-0.049211741137531136,8,3,0.8351409855580157,1.4359460741141679,0.5138449367088709,後半
B M30 20/10/3,2026-09-03 19:30:00,2026-09-04 15:30:00,1,-1.0023881411732596,38,,2026-09-03 19:30:00,0.44136460554370976,0.13773790103317077,20,3,1.4139590210756632,1.2995914661824872,0.35752820009808683,後半
B M30 20/10/3,2026-09-07 05:30:00,2026-09-08 04:30:00,-1,-1.0043748974633409,39,-1.0040748116006006,2026-09-08 04:30:00,0.26245433410826785,-0.14078361122594346,6,0,0.8329905166067558,1.7503411527715504,0.3108530594015023,後半
B M30 20/10/3,2026-09-07 10:00:00,2026-09-07 11:00:00,-1,-1.0047810397623143,2,,2026-09-07 11:00:00,0.34713345416388774,-0.16178224769032906,10,0,0.9439937662021138,0.7916762739220227,0.4156769596199579,後半
B M30 20/10/3,2026-09-08 05:00:00,2026-09-08 09:00:00,1,-1.005282105296254,8,-1.0032959595067832,2026-09-08 09:00:00,0.21499733820062186,0.13877726750861247,5,1,0.791120738994774,1.7196421625827574,0.3252539242844005,後半
B M30 20/10/3,2026-09-09 02:00:00,2026-09-09 08:30:00,-1,-1.003109170758249,13,-1.0027133667228183,2026-09-09 08:30:00,0.48920608705909885,0.33414055310699187,2,2,0.9920763036279314,1.0822873082287634,0.571152607855752,後半
B M30 20/10/3,2026-09-09 11:00:00,2026-09-10 08:00:00,1,0.6964312478142662,40,,2026-09-09 11:00:00,0.08864795918367685,-0.21892756529628107,11,2,0.8659272231951883,1.409309791332252,0.4407804878048603,後半
B M30 20/10/3,2026-09-10 18:30:00,2026-09-11 02:30:00,-1,1.9954996584562223,14,1.9961910376021677,2026-09-11 15:30:00,0.18345288395401388,0.17149022969817146,19,3,1.3725025230445598,2.392466734902751,0.3809440457436166,後半
B M30 20/10/3,2026-09-11 02:00:00,2026-09-11 15:30:00,-1,-1.0024412501525781,27,-1.0023642924291978,2026-09-11 15:30:00,0.4173866571657623,0.20952231629560006,2,4,0.8488679462130816,0.42269157866225066,0.3665571668936799,後半
B M30 20/10/3,2026-09-14 03:00:00,2026-09-14 04:30:00,-1,-1.0071157193865234,3,-1.004820424828631,2026-09-14 04:30:00,-0.043534371504778624,0.1663471890344775,3,0,0.7808052182783642,1.3860540760317719,0.4365562692917358,後半
B M30 20/10/3,2026-09-14 07:00:00,2026-09-14 12:00:00,-1,1.9952206468057991,10,1.9956628596212231,2026-09-14 15:30:00,0.10943432498678166,0.147887701970047,7,0,0.901804319841827,0.40930599369082127,0.34402020790830273,後半
B M30 20/10/3,2026-09-14 14:00:00,2026-09-15 11:00:00,-1,0.6099414266840998,40,0.41981519645479864,2026-09-15 11:00:00,0.5769106392152691,0.16275553066367876,14,0,0.8484818688724798,1.5117093191695001,0.3079812206572784,後半
B M30 20/10/3,2026-09-14 17:30:00,2026-09-14 19:00:00,-1,-1.00612474799214,3,,2026-09-14 19:00:00,0.45179063360882454,0.2942616190906903,18,0,1.0454258581019633,1.7256262775110116,0.4304396455304211,後半
B M30 20/10/3,2026-09-16 11:30:00,2026-09-16 14:00:00,1,1.988954417246888,5,1.991964682868034,2026-09-16 20:30:00,0.2811980033277854,-0.0044681860163250375,12,2,1.0389552927493513,0.7495285027681776,0.3382461311716953,後半
B M30 20/10/3,2026-09-16 14:30:00,2026-09-16 21:00:00,1,-1.0061228059945186,13,-1.0038636321822163,2026-09-16 21:00:00,0.39516967288291066,-0.0044681860163250375,15,2,0.8326823333546522,1.2789910796677535,0.4979811574697192,後半
B M30 20/10/3,2026-09-17 01:30:00,2026-09-17 15:00:00,-1,-1.0011622718263233,27,-1.0011134196896343,2026-09-17 15:00:00,0.05904508696133791,0.28021063054142853,2,3,1.8500817737863253,1.359888493108239,0.3195359313246335,後半
B M30 20/10/3,2026-09-17 17:30:00,2026-09-18 14:30:00,1,0.5380341288830056,40,-0.1502802229363569,2026-09-18 15:00:00,-0.021497052343239034,0.08851544015045729,18,3,1.1775324293690448,1.6143790849673316,0.3115024766097937,後半
B M30 20/10/3,2026-09-18 02:00:00,2026-09-18 07:30:00,-1,-1.0054114645742338,11,,2026-09-18 02:00:00,-0.19452271926734502,-0.15125978525901418,2,4,0.5830270441377221,0.5365507452094396,0.4488629453970576,後半
B M30 20/10/3,2026-09-18 12:00:00,2026-09-18 15:00:00,1,-1.0037679566684983,6,,2026-09-18 12:00:00,0.266864017131697,0.22032845095428288,12,4,0.8394405155697545,0.9995753715498515,0.35577158728861946,後半
B M30 20/10/3,2026-09-21 12:00:00,2026-09-21 14:30:00,-1,-1.0067750131064244,5,-1.0067673716012087,2026-09-21 14:30:00,0.17322689591648838,-0.18363680504976812,12,0,0.8293834485357359,0.4822568671121389,0.3148127063645575,後半
B M30 20/10/3,2026-09-22 12:00:00,2026-09-22 20:30:00,-1,-1.003506662659052,17,-1.0034812303662752,2026-09-22 20:30:00,0.2246472790095036,-0.16028332425242747,12,1,1.22470493646934,1.5965886552955226,0.3136282210279851,後半
B M30 20/10/3,2026-09-22 23:30:00,2026-09-23 10:30:00,1,-1.0046906348912286,20,-1.0043993094193282,2026-09-23 10:30:00,-0.010630841121493696,-0.060471140613613965,0,1,0.9280716882404249,1.1788306717697663,0.3784398924063798,後半
B M30 20/10/3,2026-09-23 02:30:00,2026-09-23 04:00:00,1,-1.006969855375501,3,-1.006411283859593,2026-09-23 04:00:00,0.11975193798449432,-0.060471140613613965,3,2,0.7592547702323582,0.8175598631699135,0.37180910099890163,後半
B M30 20/10/3,2026-09-23 15:30:00,2026-09-23 16:30:00,-1,1.9913004753668815,2,1.9947168814505933,2026-09-24 12:00:00,0.17539975399753677,0.23908402059697437,16,2,0.7778335865923187,1.7222494686938357,0.35058551395114373,後半
B M30 20/10/3,2026-09-23 18:30:00,2026-09-24 15:30:00,-1,0.027012951979878217,40,0.23064404559412377,2026-09-24 16:30:00,0.48066671165396224,0.23908402059697437,19,2,1.1062241934527912,0.3609777876995128,0.48984747824459596,後半
B M30 20/10/3,2026-09-24 13:30:00,2026-09-25 04:00:00,-1,-1.0038834323069206,27,,2026-09-24 13:30:00,0.18165059557572483,0.44685005943283373,14,3,1.0844247755899146,1.1499380421313612,0.3232079717132786,後半
B M30 20/10/3,2026-09-28 07:00:00,2026-09-29 04:00:00,-1,1.046654850241845,40,0.9173421141506382,2026-09-29 04:00:00,0.3867137670493564,0.35464764084269823,7,0,1.0208320968603548,0.6868770764119947,0.6747980111870688,後半
B M30 20/10/3,2026-09-28 12:30:00,2026-09-29 09:30:00,-1,0.36003203379798215,40,,2026-09-28 12:30:00,0.647310457813781,0.5907931225734865,13,0,0.89447779212995,1.4384143463897865,0.7755829496509774,後半
B M30 20/10/3,2026-09-30 22:00:00,2026-10-01 07:00:00,-1,-1.005057468496186,16,,2026-09-30 22:00:00,0.18760757314973947,0.36350740076550553,22,2,1.1884817840369013,0.5483645675707588,0.30136986301368784,後半
B M30 20/10/3,2026-10-06 16:00:00,2026-10-06 17:00:00,1,-1.0070336148174817,2,,2026-10-06 17:00:00,0.2388617418798461,-0.02136669043143742,16,1,0.8099230658823947,2.010036854073442,0.3605076360507629,後半
B M30 20/10/3,2026-10-07 10:00:00,2026-10-07 15:00:00,-1,1.9928584484979364,10,1.9944219959293852,2026-10-07 15:00:00,0.15936721839753976,0.09718014448846352,10,2,0.7411960204989566,0.887169298337391,0.5289928789420232,後半
B M30 20/10/3,2026-10-07 14:30:00,2026-10-07 15:00:00,-1,1.9935294525454674,1,-1.0047514268421678,2026-10-08 05:30:00,0.3051759104135388,0.07102776845235191,15,2,0.8431395356351168,1.6738838858019394,0.4944123314065517,後半
B M30 20/10/3,2026-10-07 16:30:00,2026-10-08 04:00:00,-1,-1.0041699761715648,21,,2026-10-07 16:30:00,0.4126917123962271,0.2308931914591077,17,2,1.3004078345408732,2.591385331781167,0.43132760267430315,後半
B M30 20/10/3,2026-10-08 07:30:00,2026-10-08 13:30:00,1,-0.5303240786679636,12,-0.5633809312965886,2026-10-08 13:30:00,0.005268382072227179,-0.01775381749414307,8,3,0.9525716875697361,1.0954789756560794,0.31623931623931306,後半
C M15 20/10/3,2026-01-02 18:45:00,2026-01-05 01:15:00,-1,-1.0017758102927232,22,,2026-01-02 18:45:00,-0.0,-0.0,19,4,,0.8591838943608611,0.5038630510528793,前半
C M15 20/10/3,2026-01-05 03:45:00,2026-01-05 13:45:00,1,0.3580305976296239,40,0.16519954183666627,2026-01-05 14:15:00,0.13756537594165272,0.0,4,0,1.6029180665890115,1.3696206483842688,0.6573311367380544,前半
C M15 20/10/3,2026-01-08 08:15:00,2026-01-08 17:00:00,-1,-1.0053174316804985,35,,2026-01-08 08:15:00,0.32680238787693827,-0.30508920929619965,8,3,0.9265513520913021,1.4261275272162623,0.46259590792839284,前半
C M15 20/10/3,2026-01-12 03:15:00,2026-01-12 13:15:00,1,0.032655818929122095,40,0.013398900461366672,2026-01-12 13:15:00,0.5924869234426978,0.17182515019680977,3,0,1.4954404223608768,1.5692567567567486,0.7030068872837401,前半
C M15 20/10/3,2026-01-12 11:30:00,2026-01-12 21:30:00,1,1.20264735244214,40,,2026-01-12 11:30:00,0.4755447562313851,0.3015340531851685,11,0,0.7850522947617751,0.5880210007500382,0.4491663942464847,前半
C M15 20/10/3,2026-01-14 05:00:00,2026-01-14 15:00:00,1,0.7410051399200583,40,0.48692950503536725,2026-01-14 15:15:00,0.17026004444177723,0.49725344915687236,5,2,0.7659377248722509,0.8837579617834586,0.6005567153792681,前半
C M15 20/10/3,2026-01-19 02:00:00,2026-01-19 12:00:00,1,0.054522920269004106,40,-0.061830789145553386,2026-01-19 12:00:00,0.30926029142447475,-0.055703105634050405,2,0,1.54421427886159,1.7361076869977323,0.5169383596535905,前半
C M15 20/10/3,2026-01-20 08:30:00,2026-01-20 18:30:00,1,1.1066126235776328,40,0.8528464234136739,2026-01-20 18:30:00,0.2799326753882671,0.28133333333333216,8,1,1.2398160154625375,0.8619634928465381,0.48388759989687496,前半
C M15 20/10/3,2026-01-21 04:30:00,2026-01-21 14:30:00,1,0.5900184716509524,40,0.38247738710065426,2026-01-21 14:45:00,0.7662778599200549,0.6545508982035907,4,2,1.6581916322063561,0.9331921544899499,0.6117398521201101,前半
C M15 20/10/3,2026-01-22 10:00:00,2026-01-22 18:30:00,1,1.9964137047710535,34,,2026-01-22 10:00:00,-0.08689720623999074,0.5202565522332958,10,3,0.5834444415220303,1.3010836584308794,0.4360211348495275,前半
C M15 20/10/3,2026-01-22 21:30:00,2026-01-23 08:30:00,1,1.0273764556145666,40,0.8279119255406079,2026-01-23 08:45:00,0.35089059547263923,0.5338050136757169,21,3,0.9047711603211808,1.0115417973180243,0.5872274143302257,前半
C M15 20/10/3,2026-01-23 19:00:00,2026-01-26 03:30:00,1,1.9978959802703065,30,1.9980035166627927,2026-01-26 04:15:00,0.3313072841292838,0.45170837779612283,19,4,1.1832570418110935,0.28715139998883205,0.45508284818630523,前半
C M15 20/10/3,2026-01-26 05:00:00,2026-01-26 15:00:00,1,-0.0854614783070392,40,-0.08736766751156512,2026-01-26 15:00:00,0.4567150566238557,0.5336427311492816,5,0,1.3278757314542693,0.5530131509224764,0.613259013282735,前半
C M15 20/10/3,2026-01-28 01:00:00,2026-01-28 11:00:00,1,1.352593301919459,40,,2026-01-28 01:00:00,0.4364116859139151,0.5113151853066585,1,2,1.1775953712054852,1.1745390467185453,0.5768587833418074,前半
C M15 20/10/3,2026-01-28 06:00:00,2026-01-28 10:30:00,1,1.9971641032185405,18,0.5291236739100269,2026-01-28 16:00:00,0.4894747196537491,0.46728637826242453,6,2,1.265890390443306,0.7495976686529205,0.47028291541779993,前半
C M15 20/10/3,2026-01-28 10:30:00,2026-01-28 13:00:00,1,-1.0025346431403506,10,,2026-01-28 10:30:00,0.6350741858222694,0.4868300864018221,10,2,0.969348749258492,1.6485143046504778,0.6022956743543493,前半
C M15 20/10/3,2026-01-29 02:15:00,2026-01-29 12:15:00,1,0.09992308334085824,40,0.06821741220032851,2026-01-29 12:15:00,0.6691890348372318,0.6290432861726194,2,3,1.9707715246274589,2.645603264328225,0.513294180459159,前半
C M15 20/10/3,2026-02-04 19:15:00,2026-02-05 01:15:00,-1,-1.0010560474557553,20,-1.0008081283862023,2026-02-05 01:15:00,0.05917591290305849,0.09132897968296512,19,2,1.6976327296486857,1.45415967630513,0.42448673172961127,前半
C M15 20/10/3,2026-02-06 08:15:00,2026-02-06 17:00:00,1,1.9979619614665145,35,,2026-02-06 08:15:00,-0.0231212044534411,0.21940135780186373,8,4,0.8170635146831907,2.0215154624065454,0.4638434140443761,前半
C M15 20/10/3,2026-02-06 21:15:00,2026-02-06 22:30:00,1,-1.0066797080013357,5,-1.0051122877487677,2026-02-06 22:30:00,0.3920522820702023,0.04792553076607431,21,4,0.5658193234817638,1.0155289213131296,0.40758035644797375,前半
C M15 20/10/3,2026-02-09 02:15:00,2026-02-09 12:15:00,1,-0.4892000544030003,40,-0.5224360208382105,2026-02-09 12:45:00,0.5765292727750053,0.03668010620513392,2,0,0.7323906458465065,0.7585573551510836,0.47703658161697093,前半
C M15 20/10/3,2026-02-11 14:00:00,2026-02-11 14:30:00,1,-1.0021093009625945,2,,2026-02-11 14:30:00,0.3603828132788334,0.5520954876719125,14,2,1.0012537292779757,1.0816703401441812,0.45003366355679375,前半
C M15 20/10/3,2026-02-13 05:00:00,2026-02-13 15:00:00,1,-0.28553344117027035,40,,2026-02-13 05:00:00,-0.23887549320473733,-0.15790744272505525,5,4,1.0858032613819124,0.42053491586051855,0.4186133666458353,前半
C M15 20/10/3,2026-02-16 06:45:00,2026-02-16 16:45:00,-1,-0.23689338846903274,40,-0.29259623716715566,2026-02-16 16:45:00,-0.00782687105500472,-0.005484230211595833,7,0,0.7123214180106934,0.3850259451445589,0.49786151889954455,前半
C M15 20/10/3,2026-02-18 08:00:00,2026-02-18 10:45:00,1,-1.010271535374434,11,-1.0058562948895462,2026-02-18 10:45:00,0.04438513940585863,0.02032222955733625,8,2,0.5281704786028403,1.8604193326114415,0.6419871794871803,前半
C M15 20/10/3,2026-02-18 15:45:00,2026-02-19 02:45:00,1,0.13871889024886935,40,0.08832131019692167,2026-02-19 02:45:00,0.3944758550375415,0.015958469525091584,16,2,0.8349246501169554,1.4465346534653458,0.4554151845946305,前半
C M15 20/10/3,2026-02-19 09:30:00,2026-02-19 12:00:00,1,-1.0035154857145727,10,,2026-02-19 09:30:00,0.49041308674335804,-0.08946606160085106,9,3,0.7411790405782159,1.0201902993735184,0.7010982014960695,前半
C M15 20/10/3,2026-02-23 02:00:00,2026-02-23 12:00:00,1,0.1935755898243566,40,,2026-02-23 02:00:00,0.6043139775730206,0.6599282596001492,2,0,1.191945473642316,2.451053938401431,0.43781315405594035,前半
C M15 20/10/3,2026-02-23 19:00:00,2026-02-24 03:15:00,1,-1.0034039325146067,29,,2026-02-23 19:00:00,0.4241695378014719,0.6117944591332404,19,0,1.2777694927647816,1.0047531648548178,0.41071970847250683,前半
C M15 20/10/3,2026-02-25 06:15:00,2026-02-25 13:00:00,1,-1.0057083443762618,27,-1.0050484106521467,2026-02-25 13:00:00,0.040178987601378856,0.3916770414515173,6,2,1.0595378911375206,0.8980357666373255,0.45983722576078956,前半
C M15 20/10/3,2026-02-25 23:45:00,2026-02-26 10:45:00,-1,-0.3068378716421813,40,-0.35246068584047985,2026-02-26 10:45:00,0.040881169243806185,-0.23597784245610706,0,2,1.1514212182964585,1.9260490236809573,0.4283445811830145,前半
C M15 20/10/3,2026-02-27 16:00:00,2026-03-02 01:00:00,1,1.9979968722591133,32,1.998134395484171,2026-03-02 01:00:00,0.2329090811449478,0.09406643543844094,16,4,1.1376970525772947,1.2442859871394902,0.4301546161408523,前半
C M15 20/10/3,2026-03-02 02:15:00,2026-03-02 12:15:00,1,0.22857701520262597,40,,2026-03-02 02:15:00,0.7317406634525491,0.39360687022900864,2,0,1.8273816417988271,1.3924429740554018,0.7104149026248963,前半
C M15 20/10/3,2026-03-02 19:30:00,2026-03-03 02:15:00,-1,-1.0020920220738214,23,-1.0020546266523234,2026-03-03 02:15:00,-0.08986641478882772,-0.4703636630610365,19,0,1.823646157755043,1.341453262941129,0.4041879289107859,前半
C M15 20/10/3,2026-03-03 17:30:00,2026-03-04 04:00:00,-1,-1.000777849944967,38,,2026-03-03 17:30:00,0.43063051520635603,0.06864606899284947,17,1,1.6729736280404326,1.5331230283911639,0.4020231388939349,前半
C M15 20/10/3,2026-03-05 03:30:00,2026-03-05 08:00:00,1,-1.0036562020939592,18,-1.00297169881408,2026-03-05 08:00:00,-0.011681964477292053,-0.11531372926581053,3,3,0.68322301289801,1.3263753282607018,0.40720384728628933,前半
C M15 20/10/3,2026-03-06 21:30:00,2026-03-09 01:00:00,1,-1.0037683843321346,10,,2026-03-06 21:30:00,0.3409230230317848,-0.187189167351601,21,4,0.8898743445254266,1.2762602709305102,0.4137184115523506,前半
C M15 20/10/3,2026-03-09 03:45:00,2026-03-09 13:45:00,-1,-0.3167791551868465,40,-0.39965916157797626,2026-03-09 13:45:00,0.25000805542129506,0.04283048531421212,4,0,1.928904193850898,0.6498507917837607,0.5148306077503417,前半
C M15 20/10/3,2026-03-09 23:45:00,2026-03-10 10:45:00,1,1.1110550148741007,40,1.079955920166533,2026-03-10 10:45:00,0.3399191039203436,-0.04897795591182401,0,0,0.6450816486198299,0.9639255236617356,0.4281821278528594,前半
C M15 20/10/3,2026-03-12 13:30:00,2026-03-12 14:15:00,1,-1.0121504573779314,3,-1.0107409737459916,2026-03-12 14:15:00,0.09116311561299385,0.3381173490924445,13,3,0.7069615302567103,1.3743713538523608,0.40672870436650604,前半
C M15 20/10/3,2026-03-12 18:45:00,2026-03-13 05:45:00,-1,0.49879565201301673,40,0.28132988474755133,2026-03-13 05:45:00,0.16766766766767183,-0.26664717918737135,19,3,1.5058072124529587,1.4957405751400317,0.4010266281681094,前半
C M15 20/10/3,2026-03-13 01:00:00,2026-03-13 02:45:00,-1,-1.0053268801984645,7,,2026-03-13 01:00:00,0.3413973472819013,0.034811942079537646,1,4,1.0834186898340052,2.3746023667133187,0.4592417992535882,前半
C M15 20/10/3,2026-03-13 05:30:00,2026-03-13 07:30:00,1,-1.0068237094659471,8,,2026-03-13 05:30:00,-0.08687231328830064,0.019653028392538786,5,4,0.7990776756247233,1.3461786669125222,0.5079665738161576,前半
C M15 20/10/3,2026-03-13 10:30:00,2026-03-13 15:00:00,-1,-1.0044342246124804,18,-1.0035660976193752,2026-03-13 15:00:00,0.4977146263911013,0.07566527733247846,10,4,0.9508515655608094,1.9202569324768768,0.4223985890652584,前半
C M15 20/10/3,2026-03-18 16:45:00,2026-03-19 03:45:00,-1,0.42713971632262143,40,0.21613878414029408,2026-03-19 04:00:00,0.631063004186664,0.48075843303243765,17,2,2.3883558398483773,1.7402355858648324,0.6277091118137464,前半
C M15 20/10/3,2026-03-19 01:00:00,2026-03-19 11:00:00,-1,1.6812387904886643,40,1.5621923203150652,2026-03-19 11:00:00,0.6266207455429498,0.6123495637604468,1,3,1.4288630456733042,0.6928866023215506,0.4849028888526095,前半
C M15 20/10/3,2026-03-19 05:15:00,2026-03-19 08:45:00,1,-1.0043126745022921,14,-1.0041531039058056,2026-03-19 08:45:00,-0.4417450702410134,-0.46538435304549497,5,3,0.9246918515192482,0.8224077692899929,0.4285980959492138,前半
C M15 20/10/3,2026-03-19 12:15:00,2026-03-19 15:45:00,-1,1.998721986398284,14,,2026-03-19 12:15:00,0.6173466540157382,0.5707951841972465,12,3,1.8368074958967318,0.7493900980626642,0.5437420547786855,前半
C M15 20/10/3,2026-03-20 07:00:00,2026-03-20 09:30:00,1,-1.0021722173402186,10,,2026-03-20 07:00:00,-0.0835656430405881,-0.4959741182956387,7,4,0.7850231348576446,0.8910997579994467,0.42870843989770396,前半
C M15 20/10/3,2026-03-23 01:00:00,2026-03-23 01:15:00,-1,-1.0052230860402982,1,,2026-03-23 01:15:00,0.29628973526227675,0.567358027963688,1,0,1.266288540576805,2.323779403044105,0.4892060007317939,前半
C M15 20/10/3,2026-03-25 05:30:00,2026-03-25 09:00:00,1,-1.0017593310520674,14,-1.0016526252542386,2026-03-25 09:00:00,0.5617492210164415,-0.015582763555414516,5,2,0.8247654830540064,0.39271421625462993,0.7023197228928276,前半
C M15 20/10/3,2026-03-26 09:30:00,2026-03-26 19:30:00,-1,0.8382067871193607,40,,2026-03-26 09:30:00,0.34519278992241703,-0.019560051185180095,9,3,1.0201173207945606,1.9005596772094304,0.45138888888889356,前半
C M15 20/10/3,2026-03-27 09:15:00,2026-03-27 11:30:00,1,-1.003000505799549,9,,2026-03-27 09:15:00,0.07198612315698022,0.05411576978100623,9,4,0.6767081598004571,0.9563520227111633,0.44509482556778035,前半
C M15 20/10/3,2026-03-27 14:30:00,2026-03-27 15:45:00,-1,-1.0057116047569508,5,-1.0039172344324907,2026-03-27 15:45:00,0.10764976438386947,-0.08402885839581245,14,4,0.6524263591808228,1.6447018739352535,0.48704140020195025,前半
C M15 20/10/3,2026-03-27 18:45:00,2026-03-30 05:45:00,1,-0.3792861296380412,40,,2026-03-27 18:45:00,0.35245879307996136,0.15157757307608768,19,4,1.4044557696305895,1.3479736962838564,0.551792123755108,前半
C M15 20/10/3,2026-03-30 03:45:00,2026-03-30 06:15:00,-1,-1.0012023617820718,10,,2026-03-30 03:45:00,0.015799416108536322,-0.015470199435101134,4,0,1.4725096910686817,0.5155296642648826,0.44743095527274923,前半
C M15 20/10/3,2026-03-31 23:15:00,2026-04-01 03:00:00,1,1.9941571476864393,11,1.9966256034746643,2026-04-01 10:30:00,0.46522827971488945,0.3276093121825036,23,1,0.8372045463926384,1.3828225670905392,0.45882717483925933,前半
C M15 20/10/3,2026-04-01 20:45:00,2026-04-01 21:00:00,1,-1.0176389063878053,1,,2026-04-01 21:00:00,0.3510726208970994,0.5014427922517212,21,2,0.8220424892900534,1.5712901271956825,0.42993326978073954,前半
C M15 20/10/3,2026-04-02 06:15:00,2026-04-02 16:15:00,-1,0.9606312456351428,40,0.8937422082210615,2026-04-02 16:15:00,-0.006903684550741227,-0.38873847133942263,6,3,1.7607966910927535,1.5166821253478229,0.43117709437964125,前半
C M15 20/10/3,2026-04-15 05:15:00,2026-04-15 15:15:00,1,-0.12334960924505284,40,,2026-04-15 05:15:00,0.449982361538071,0.13259292244021195,5,2,1.5385892144150426,0.7582071571338501,0.5058716622396143,前半
C M15 20/10/3,2026-04-15 10:00:00,2026-04-15 20:00:00,-1,1.1350843843802096,40,,2026-04-15 10:00:00,-0.5415904936014568,-0.27404857944580724,10,2,0.5251949159285231,1.5449359393995603,0.4165601477062916,前半
C M15 20/10/3,2026-04-17 16:45:00,2026-04-20 01:00:00,1,-1.2262240068969756,29,-1.2219276746861274,2026-04-20 01:00:00,0.4835953332968158,0.3396594254794296,17,4,1.9092859700809957,0.49869966112380476,0.47078193894067,前半
C M15 20/10/3,2026-04-20 03:15:00,2026-04-20 04:15:00,-1,-1.004131715456475,4,,2026-04-20 03:15:00,0.10736964331071566,-0.37098602999379654,3,0,1.523442316248815,1.7396085330987296,0.6826510163183417,前半
C M15 20/10/3,2026-04-21 08:30:00,2026-04-21 09:00:00,-1,1.9801342574905874,2,1.9920264616328232,2026-04-21 17:30:00,0.0039789683103623,0.005655016413340806,8,1,0.7916118171587436,1.7402720283855844,0.4327427821522325,前半
C M15 20/10/3,2026-04-21 21:45:00,2026-04-21 22:30:00,-1,1.9933759890521838,3,-1.0043397603116997,2026-04-22 01:00:00,0.7181834717759065,0.2707899248318599,22,1,1.47601418616226,1.2430182316366662,0.4473701069895512,前半
C M15 20/10/3,2026-04-22 05:30:00,2026-04-22 15:30:00,1,-0.30158751093586933,40,-0.6217720533920014,2026-04-22 15:45:00,-0.16429207479964325,-0.13652691470672942,5,2,0.6947391402236425,0.9967593047235596,0.5947110384787055,前半
C M15 20/10/3,2026-04-27 03:00:00,2026-04-27 05:30:00,-1,-1.0042717489526,10,,2026-04-27 03:00:00,-0.0178748758689211,0.176744186046511,3,0,0.8296428854583082,1.0511945392492537,0.6490917146654647,前半
C M15 20/10/3,2026-04-27 07:15:00,2026-04-27 16:00:00,1,-1.0041294936605465,35,-1.0039962058002074,2026-04-27 16:00:00,0.27216870606612936,-0.03854377347587147,7,0,0.9594554283562673,0.29493713897378143,0.607900871058746,前半
C M15 20/10/3,2026-04-28 09:15:00,2026-04-28 19:15:00,-1,1.1964318671178151,40,0.7833700271363588,2026-04-28 19:30:00,0.5450361604207721,0.19228709159078664,9,1,1.4518692352250693,0.8358056265984873,0.434468844572045,前半
C M15 20/10/3,2026-04-29 11:30:00,2026-04-29 16:30:00,-1,1.9940701159911378,20,,2026-04-29 11:30:00,0.18283774050828244,0.27218806956843833,11,2,0.891749837595231,1.2759933774833616,0.476422155688627,前半
C M15 20/10/3,2026-04-30 05:00:00,2026-04-30 07:00:00,1,-1.0049312470365102,8,,2026-04-30 05:00:00,-0.12273988328709422,-0.4928542262147841,5,3,0.7637945932600919,0.3717171717171985,0.5329608938547956,前半
C M15 20/10/3,2026-04-30 11:45:00,2026-04-30 21:45:00,1,0.12469299637031263,40,0.05827210184583273,2026-04-30 21:45:00,0.22909670920080583,-0.20816618545110835,12,3,1.0982799402588228,1.217906174767382,0.6080056605680766,前半
C M15 20/10/3,2026-05-01 10:00:00,2026-05-01 16:45:00,-1,-1.0062437605277692,27,-1.0048724202275046,2026-05-01 16:45:00,0.17839491645092884,0.18011979100293107,10,4,0.7742791893156232,0.9145022851409584,0.5275638121129852,前半
C M15 20/10/3,2026-05-01 17:45:00,2026-05-04 04:45:00,1,-0.4074925262717584,40,-0.445724561224385,2026-05-04 04:45:00,0.08522632137076847,-0.18125548414636927,18,4,1.8001411744240128,1.825125441367752,0.4407318002795101,前半
C M15 20/10/3,2026-05-01 23:30:00,2026-05-04 01:00:00,-1,-1.3123275270481423,2,,2026-05-04 01:00:00,0.08034381594523558,-0.021257852887312734,23,4,0.9188984525979564,0.8809546005407031,0.45275291976340143,前半
C M15 20/10/3,2026-05-05 23:00:00,2026-05-06 01:45:00,-1,-1.0139203328642226,7,,2026-05-05 23:00:00,-0.25168823860438627,0.14641346844331057,23,1,0.7369087342830644,0.9928419936373885,0.4358600583090167,前半
C M15 20/10/3,2026-05-06 06:45:00,2026-05-06 11:45:00,1,1.994626687648172,20,1.9954976238833735,2026-05-06 12:00:00,0.5105759497042979,0.028821635544107216,7,2,1.087078780039445,0.9177916094090578,0.5714748259673054,前半
C M15 20/10/3,2026-05-11 03:45:00,2026-05-11 04:00:00,-1,-1.0080801981868388,1,,2026-05-11 04:00:00,0.18492694180979155,-0.3202450133500879,4,0,1.1560047642521956,1.2255330419812072,0.4330548656581543,前半
C M15 20/10/3,2026-05-11 17:15:00,2026-05-12 04:15:00,1,0.16926953851675416,40,-0.06708023665941083,2026-05-12 04:30:00,0.11037630402384496,0.15321271863917968,17,0,1.2997577923817203,1.7898811470941647,0.5216316440049423,前半
C M15 20/10/3,2026-05-12 03:30:00,2026-05-12 04:15:00,1,-1.0061119973134076,3,,2026-05-12 04:15:00,0.356896049290209,0.17276334656040518,3,1,0.8549312618464677,1.9433675748101817,0.5176314038589322,前半
C M15 20/10/3,2026-05-12 08:45:00,2026-05-12 16:15:00,-1,1.9922591730925452,30,1.9938136690720842,2026-05-12 18:00:00,-0.2008754237651777,-0.06904427266338728,9,1,0.8548302728298923,0.7426352183384665,0.4933709449929507,前半
C M15 20/10/3,2026-05-12 23:30:00,2026-05-13 10:30:00,1,-0.31803417596384714,40,-0.3321808878440053,2026-05-13 10:30:00,-0.26687274600721195,-0.17349572277802214,23,1,0.6789714397453627,0.7312000000000913,0.7819512971510565,前半
C M15 20/10/3,2026-05-14 23:45:00,2026-05-15 04:45:00,-1,1.9920536316795219,16,1.9931276350883318,2026-05-15 08:00:00,0.3057082931806637,0.15186175172499725,0,3,0.70677948752943,1.1489258991067963,0.5635538261997581,前半
C M15 20/10/3,2026-05-15 09:30:00,2026-05-15 19:30:00,-1,0.37421966246493316,40,0.357453627409033,2026-05-15 19:30:00,0.6336871903751018,0.38938932907540713,9,4,1.295651487510523,0.8924239860100579,0.48744603999648234,前半
C M15 20/10/3,2026-05-19 02:45:00,2026-05-19 04:00:00,1,-1.006263227627028,5,-1.0050650525290474,2026-05-19 04:00:00,0.26407639117550746,-0.3462375713361199,3,1,0.518220948984218,1.1540869565217102,0.45089401399326845,前半
C M15 20/10/3,2026-05-19 07:45:00,2026-05-19 16:15:00,-1,1.9928853167793157,34,1.993801279933517,2026-05-19 16:15:00,0.020036043676458486,0.4240218116425475,8,1,0.81116600382568,0.5343964712867872,0.42468709538196436,前半
C M15 20/10/3,2026-05-21 21:30:00,2026-05-22 08:30:00,1,-0.3537746350933767,40,,2026-05-21 21:30:00,0.040200480317425846,-0.08944328808888677,21,3,1.066631317058511,1.4884813579872314,0.4938477580813285,前半
C M15 20/10/3,2026-05-25 02:45:00,2026-05-25 12:45:00,1,0.007366696932064494,40,,2026-05-25 02:45:00,0.20520623624701484,-0.08985060834745143,3,0,1.2144269163261852,1.3248951357715342,0.4121900826446328,前半
C M15 20/10/3,2026-05-26 06:00:00,2026-05-26 14:30:00,-1,1.9914897994491751,34,,2026-05-26 06:00:00,0.21497225912323176,-0.0593482258127622,6,1,1.235040063143245,1.1548334978907302,0.45743073047858784,前半
C M15 20/10/3,2026-05-28 08:00:00,2026-05-28 13:00:00,-1,-1.0046451678768773,20,,2026-05-28 08:00:00,0.4376178819374821,0.38542796779535377,8,3,1.1045730267698213,0.8295955277869314,0.5745705037762444,前半
C M15 20/10/3,2026-05-28 20:15:00,2026-05-29 07:15:00,1,0.2037405262096455,40,0.056664389972448326,2026-05-29 07:15:00,0.2120378210556035,-0.1091049905610148,20,3,1.4554071783814548,0.8686233403214731,0.7077575757575781,前半
C M15 20/10/3,2026-06-02 10:30:00,2026-06-02 15:45:00,1,-1.0079035935294756,21,-1.0065497076023393,2026-06-02 15:45:00,0.21270821137778773,0.13749495493071562,10,1,0.8726452931193409,1.2977261731978227,0.6332456842345966,後半
C M15 20/10/3,2026-06-04 15:30:00,2026-06-04 17:45:00,1,-1.0033519223827378,9,-1.0033493316059126,2026-06-04 17:45:00,0.2864448779459117,-0.249026611320269,15,3,1.1362717478143076,1.2483632223171772,0.4743709226467562,後半
C M15 20/10/3,2026-06-05 05:15:00,2026-06-05 14:45:00,-1,-1.0065942028985508,38,-1.0052116144550713,2026-06-05 14:45:00,0.1978745523853506,0.06289731051344707,5,4,1.1555170006709587,0.9021994134898221,0.41123525760395785,後半
C M15 20/10/3,2026-06-05 17:45:00,2026-06-08 04:45:00,-1,0.4491535250886645,40,0.26504959110353354,2026-06-08 05:00:00,0.5690242751533628,0.29722363252545314,18,4,2.0813410982895233,1.3180433883520575,0.5054927559305786,後半
C M15 20/10/3,2026-06-09 20:15:00,2026-06-10 05:00:00,-1,1.9968176866680307,31,1.8672944519267891,2026-06-10 07:30:00,0.4342350746268666,0.4094373654506309,20,1,2.0692870805187957,1.4241295919542325,0.45255292652553003,後半
C M15 20/10/3,2026-06-10 03:00:00,2026-06-10 13:00:00,-1,1.6900456631347867,40,1.1072463857454637,2026-06-10 13:15:00,0.553377329192549,0.5048455230680042,3,2,0.9403784267777127,1.6101814753711017,0.4070178986752832,後半
C M15 20/10/3,2026-06-10 14:00:00,2026-06-10 15:00:00,-1,1.9892869966507156,4,-1.0047838463701908,2026-06-10 16:45:00,0.5367849308868095,0.5486257928118399,14,2,1.1014103020180823,1.163409426835287,0.4610151753008994,後半
C M15 20/10/3,2026-06-12 01:00:00,2026-06-12 11:00:00,1,-0.12173296413858203,40,-0.12130220181522498,2026-06-12 11:15:00,0.4460393757819203,-0.24429902039505622,1,4,0.9761987260305793,0.7307615828196433,0.47605308713213895,後半
C M15 20/10/3,2026-06-15 02:30:00,2026-06-15 12:30:00,1,0.6813930402015227,40,0.6578815946304118,2026-06-15 12:30:00,0.4135162261626,-0.2262523498838893,2,0,1.0779348092476138,1.8037135278513992,0.4065378129458989,後半
C M15 20/10/3,2026-06-15 21:45:00,2026-06-16 08:45:00,-1,0.5303720172979721,40,0.40548710949238465,2026-06-16 08:45:00,-0.24645193138344215,-0.34476545259449753,22,0,0.7777721288920302,1.0695536717394316,0.401549123522207,後半
C M15 20/10/3,2026-06-16 01:30:00,2026-06-16 04:00:00,-1,-1.0101190376906355,10,,2026-06-16 01:30:00,-0.09535076304271176,-0.32183084577114535,1,1,0.6338007189529447,1.16255385820615,0.4639055544803522,後半
C M15 20/10/3,2026-06-18 04:45:00,2026-06-18 11:45:00,1,-1.0025533359614924,28,-1.0021958055288454,2026-06-18 11:45:00,-0.028043840090444788,0.20575398592678532,5,3,1.0381512235703945,0.9446229446229614,0.648676412485186,後半
C M15 20/10/3,2026-06-18 13:00:00,2026-06-18 22:00:00,-1,1.9958781471592053,36,1.2938017631398182,2026-06-18 23:30:00,0.184887825987931,0.060344225260264846,13,3,0.753332435707564,0.9633601429848215,0.5103345408054625,後半
C M15 20/10/3,2026-06-18 22:45:00,2026-06-19 05:00:00,-1,1.992383758155028,21,1.9912996343774922,2026-06-19 05:45:00,0.286357665603307,0.2638668597567996,23,3,0.6421395464521782,1.879612666841083,0.4122030740568293,後半
C M15 20/10/3,2026-06-19 03:30:00,2026-06-19 07:15:00,-1,1.9942818722783908,15,1.9951501068575355,2026-06-19 07:45:00,0.6285509178545773,0.32624409229914075,3,4,0.7499782636721528,0.5834499300419826,0.4502793296089582,後半
C M15 20/10/3,2026-06-19 08:30:00,2026-06-19 11:15:00,-1,-1.0035401879411863,11,,2026-06-19 08:30:00,0.7342108822070923,0.3861707965722505,8,4,1.0608450871255224,1.3580936971391158,0.5935769656699936,後半
C M15 20/10/3,2026-06-22 04:30:00,2026-06-22 14:30:00,1,0.08675861858283168,40,,2026-06-22 04:30:00,0.045693489688638546,-0.27977305377243505,4,0,1.3159933591588284,1.6972245584525052,0.4035490286063967,後半
C M15 20/10/3,2026-06-23 08:30:00,2026-06-23 18:30:00,-1,-0.5432187201528219,40,-0.6976506354533768,2026-06-23 18:30:00,0.42109861944428,0.40652898965738,8,1,1.3731185635067225,1.1473509933774806,0.4808176566434527,後半
C M15 20/10/3,2026-06-24 14:45:00,2026-06-24 15:45:00,-1,1.995079432025868,4,1.9961708072443278,2026-06-24 16:00:00,0.5380056686421016,0.2937951323883395,15,2,0.962891073862143,0.9694435998783548,0.5663865546218559,後半
C M15 20/10/3,2026-06-26 10:30:00,2026-06-26 17:00:00,1,1.995119662130455,26,,2026-06-26 10:30:00,0.20571964369432846,-0.46325355177268873,10,4,0.861491569516308,0.9340845070422937,0.4414719494299538,後半
C M15 20/10/3,2026-06-26 14:00:00,2026-06-26 17:00:00,1,1.9929872151537802,12,,2026-06-26 14:00:00,0.27869026736830876,-0.39668189703618706,14,4,0.8313045802369481,0.989515988118074,0.40208599404001705,後半
C M15 20/10/3,2026-06-30 10:30:00,2026-06-30 20:30:00,1,0.009682361139018759,40,-0.04591850574967319,2026-06-30 20:30:00,-0.010567387416679244,-0.06024283935242835,10,1,1.1866675202058048,0.5233973152678474,0.66404149058778,後半
C M15 20/10/3,2026-07-01 05:15:00,2026-07-01 14:00:00,-1,-1.0043667598402053,35,,2026-07-01 05:15:00,0.03377168071999633,0.11518343494101903,5,2,0.9073282859307363,1.2571188576228471,0.47538552787662347,後半
C M15 20/10/3,2026-07-01 15:00:00,2026-07-01 16:45:00,1,1.9968649877700073,7,,2026-07-01 15:00:00,-0.04517974387310834,-0.15731610952691796,15,2,1.085081470490966,1.5960461285008334,0.6655592469545968,後半
C M15 20/10/3,2026-07-01 22:00:00,2026-07-01 22:45:00,-1,1.9886350153926857,3,1.9913899546316842,2026-07-01 23:00:00,-0.22511935365405863,-0.11214406991955915,22,2,0.7066396428073747,1.2289637366506436,0.4217384638969802,後半
C M15 20/10/3,2026-07-03 05:00:00,2026-07-03 15:00:00,1,-0.027576774558010064,40,-0.15520691779404377,2026-07-03 15:15:00,0.5397121535181271,0.31308719719668876,5,4,1.1239265280530273,1.3894527115372322,0.5908684863523388,後半
C M15 20/10/3,2026-07-06 09:15:00,2026-07-06 15:30:00,-1,1.9879363143451807,25,-0.3744307019931949,2026-07-06 19:45:00,0.22362991384927244,-0.36195587358378084,9,0,0.8800384560603948,1.655472385191113,0.401778102545376,後半
C M15 20/10/3,2026-07-06 22:30:00,2026-07-07 03:30:00,1,-1.011347977628273,16,-1.009726326815269,2026-07-07 03:30:00,-0.16501962907811016,0.5025641025641028,22,0,0.7045518340441339,1.1299318853618907,0.42300354319978084,後半
C M15 20/10/3,2026-07-07 07:00:00,2026-07-07 14:30:00,-1,-1.0120768138445397,30,-1.0077498914163558,2026-07-07 14:30:00,0.15213431535598188,-0.37146301039626445,7,1,1.238507323383264,1.3824161295654196,0.41349971639250815,後半
C M15 20/10/3,2026-07-07 15:45:00,2026-07-07 21:45:00,1,-1.0031478630852517,24,-1.0031146783495628,2026-07-07 21:45:00,0.2062753210930081,0.41643059490084966,16,1,1.1744304737159619,0.315720164609026,0.4269541778975878,後半
C M15 20/10/3,2026-07-07 22:45:00,2026-07-08 09:45:00,-1,-0.27446814619161825,40,-0.2444330375693549,2026-07-08 10:00:00,0.26378411530205415,-0.27409863779706684,23,1,1.0974443948760533,2.5691056910568597,0.41802935010482056,後半
C M15 20/10/3,2026-07-08 13:30:00,2026-07-08 23:30:00,-1,-0.27342849932520835,40,-0.3805739252493502,2026-07-08 23:45:00,0.6427360654103165,0.18182063968421297,13,2,1.4331805009127792,1.2204939569101456,0.5644712798919417,後半
C M15 20/10/3,2026-07-08 22:30:00,2026-07-09 04:30:00,1,-1.0060206289241598,20,,2026-07-08 22:30:00,-0.060644045818025766,-0.3398430585875254,22,2,0.9236297944379875,0.776961151942417,0.4690230731467889,後半
C M15 20/10/3,2026-07-09 11:00:00,2026-07-09 21:00:00,1,0.5777205429746695,40,0.47682766881721744,2026-07-09 21:00:00,0.32098621173171094,-0.30926883824968326,11,3,0.9587086804661349,0.32010262601868505,0.6118363794604146,後半
C M15 20/10/3,2026-07-10 10:15:00,2026-07-10 11:45:00,-1,1.9840292037417295,6,1.9891212088608357,2026-07-10 17:30:00,-0.048744998181162465,0.1322229409228102,10,4,0.7687237791043934,0.8156086837042752,0.43586387434559937,後半
C M15 20/10/3,2026-07-13 21:30:00,2026-07-14 05:00:00,-1,-1.0088639961037378,26,,2026-07-13 21:30:00,0.6122606845871189,0.19161658563102044,21,0,0.9144004498671909,1.6822330527248506,0.5076066790352562,後半
C M15 20/10/3,2026-07-14 16:15:00,2026-07-15 03:15:00,1,-0.3489614243323486,40,-0.3918225918225959,2026-07-15 03:15:00,0.43420106428879574,0.03215745321574549,16,1,1.598394605126535,1.5846715328466796,0.4431337636323187,後半
C M15 20/10/3,2026-07-14 23:00:00,2026-07-15 05:15:00,-1,1.987862944636355,21,1.987862944636355,2026-07-15 05:15:00,-0.3638239797616642,0.1363119035807049,23,1,0.7960801063021958,1.6348733233979664,0.4157226227257099,後半
C M15 20/10/3,2026-07-15 16:30:00,2026-07-16 03:30:00,1,-0.18091607170266444,40,-0.2237459259055375,2026-07-16 03:30:00,0.012643955866957764,-0.12355857031046191,16,2,1.0120355589989563,1.482923609965366,0.403839009287925,後半
C M15 20/10/3,2026-07-16 06:15:00,2026-07-16 15:45:00,-1,1.9925297169501541,38,,2026-07-16 06:15:00,0.02114005285013292,0.13777328214441636,6,3,1.0749113889065292,1.1735580264071794,0.4323331292100454,後半
C M15 20/10/3,2026-07-17 20:30:00,2026-07-17 22:15:00,1,-1.018323684872892,7,-1.012155618634163,2026-07-17 22:15:00,0.19677093844601504,-0.002178127767538363,20,4,0.9816291876509285,1.6485016136468422,0.5315153074350404,後半
C M15 20/10/3,2026-07-21 07:00:00,2026-07-21 17:00:00,1,0.7837764697923211,40,,2026-07-21 07:00:00,0.3719906808180186,-0.03142826772490468,7,1,1.2176898731520522,0.6925198207514417,0.6345042240995924,後半
C M15 20/10/3,2026-07-21 10:00:00,2026-07-21 16:45:00,1,-1.0047508294373921,27,,2026-07-21 10:00:00,0.44041211748423975,-0.03693940797207224,10,1,1.0005017666367009,1.7509142200396732,0.5611933286351863,後半
C M15 20/10/3,2026-07-22 06:45:00,2026-07-22 10:00:00,1,-1.0069182318215857,13,,2026-07-22 06:45:00,0.3909409745541375,0.384924256251139,7,2,1.2911152673603823,1.2532979341242687,0.5624232957715142,後半
C M15 20/10/3,2026-07-22 23:00:00,2026-07-23 01:00:00,-1,1.986545228731112,4,1.9869300029044437,2026-07-23 01:00:00,-0.2638601572196936,-0.5126964933494566,23,2,0.7165581423007019,1.1473029045644743,0.5573294629898252,後半
C M15 20/10/3,2026-07-23 11:45:00,2026-07-23 21:45:00,-1,1.5121079802649193,40,,2026-07-23 11:45:00,0.158834739994554,-0.3195014497119376,12,3,1.0844809810519267,0.8020768060155302,0.5075328041470946,後半
C M15 20/10/3,2026-07-23 16:45:00,2026-07-24 03:45:00,-1,-0.14372379161117843,40,-0.153843139087408,2026-07-24 03:45:00,0.6501004016064219,-0.14990062415007327,17,3,1.3883555345736878,0.23269682167099387,0.4437367303609223,後半
C M15 20/10/3,2026-07-24 12:15:00,2026-07-24 22:15:00,1,-0.08650366316532919,40,0.006291589493044783,2026-07-24 22:30:00,-0.1718998167379342,0.10081205421928541,12,4,1.0137036337033314,1.136482664711441,0.41199432221434334,後半
C M15 20/10/3,2026-07-28 06:15:00,2026-07-28 12:45:00,-1,1.9902063131612084,26,1.4728519770100383,2026-07-28 16:45:00,0.4703229962271102,0.31387015921205824,6,1,1.1345692047503797,1.0679431747992998,0.4342035162493418,後半
C M15 20/10/3,2026-07-30 10:00:00,2026-07-30 11:00:00,-1,-1.0211333023687867,4,,2026-07-30 10:00:00,-0.012702850543974648,0.025921181523621672,10,3,0.8854721598843421,2.08852459016395,0.4400196054405146,後半
C M15 20/10/3,2026-07-30 14:15:00,2026-07-30 17:00:00,1,1.9928180196676017,11,1.2003969508109669,2026-07-31 01:45:00,0.2120469688368351,-0.168820019745034,14,3,0.9200509739863768,0.5648121176813741,0.5059952038369236,後半
C M15 20/10/3,2026-07-30 17:30:00,2026-07-31 04:30:00,1,-0.5364825148017228,40,-0.5415595905127079,2026-07-31 04:30:00,0.23459787556904343,-0.09288477419915679,17,3,1.1483057364023153,0.7068452380952387,0.4003370886188174,後半
C M15 20/10/3,2026-07-31 06:30:00,2026-07-31 16:00:00,-1,1.9932428167800906,38,1.9937194383383428,2026-07-31 16:30:00,-0.2212555352956496,-0.04586001406521795,6,4,0.7825791926002905,0.6585288856150412,0.5992932862190947,後半
C M15 20/10/3,2026-07-31 13:00:00,2026-07-31 23:00:00,-1,0.42300348197238,40,0.24658073403522116,2026-07-31 23:00:00,0.0789653600729273,-0.010658845410973724,13,4,0.7955720208817028,0.898265895953782,0.40725669718549246,後半
C M15 20/10/3,2026-08-05 06:30:00,2026-08-05 16:30:00,1,1.3958473339049458,40,1.4572185107632218,2026-08-05 16:45:00,0.4492927675473702,-0.12540392191580693,6,2,1.3087807072229476,0.8399155863732366,0.4418881396271184,後半
C M15 20/10/3,2026-08-05 18:45:00,2026-08-06 05:45:00,1,1.023922464839668,40,,2026-08-05 18:45:00,0.6341240875912434,0.3504112174733708,19,2,1.7686202480182105,2.058150099945473,0.43367781155015284,後半
C M15 20/10/3,2026-08-07 10:30:00,2026-08-07 14:30:00,1,1.9938801930092973,16,1.994777543436778,2026-08-07 15:30:00,0.1063455791879055,0.4926669013258205,10,4,0.9739709784879506,1.5814492753623448,0.46484066368187005,後半
C M15 20/10/3,2026-08-07 16:15:00,2026-08-10 03:15:00,1,-0.33616064187269395,40,-0.3557444044628064,2026-08-10 03:15:00,0.5777566625944545,0.5924251777215772,16,4,1.4225850722956455,1.0913769615015838,0.4011196458794424,後半
C M15 20/10/3,2026-08-10 11:00:00,2026-08-10 13:00:00,1,-1.0090427144042493,8,-1.0079480494525888,2026-08-10 13:00:00,0.229960578186594,0.5234551601352286,11,0,0.7899930773422957,1.0075510394332265,0.4320081033173015,後半
C M15 20/10/3,2026-08-10 23:00:00,2026-08-11 10:00:00,1,-0.8071853802498893,40,-0.8153454912894927,2026-08-11 10:00:00,0.3321697261510721,0.42429809583504324,23,0,0.9258103559136083,0.8350525993259336,0.5746594005449659,後半
C M15 20/10/3,2026-08-11 11:00:00,2026-08-11 14:00:00,-1,-1.0065087015140481,12,,2026-08-11 11:00:00,-0.10065009912858962,-0.37818486144690266,11,1,1.2475754631452343,0.8390272148233627,0.558576200898503,後半
C M15 20/10/3,2026-08-11 15:45:00,2026-08-11 18:30:00,1,-1.0073424006153633,11,-1.005013907624721,2026-08-11 18:30:00,0.1759834368530014,0.3160473464635691,16,1,0.9233645907012231,1.0060675009480415,0.4118202194172605,後半
C M15 20/10/3,2026-08-12 06:45:00,2026-08-12 08:45:00,1,-1.0067464731606828,8,,2026-08-12 06:45:00,0.26656303205271054,0.3509669936206185,7,2,0.9040028703578539,1.8938992042440184,0.4588786334205917,後半
C M15 20/10/3,2026-08-12 13:30:00,2026-08-12 15:30:00,1,-1.00878996688066,8,,2026-08-12 13:30:00,0.1710535963047169,0.41273331378872613,13,2,0.8062967750108442,1.605007978396976,0.41102021916962683,後半
C M15 20/10/3,2026-08-14 13:15:00,2026-08-14 15:00:00,1,1.98797448873682,7,,2026-08-14 13:15:00,-0.26566773694850593,-0.15380333012804445,13,4,0.7496447444380362,1.268172281870927,0.45908963976544254,後半
C M15 20/10/3,2026-08-18 22:15:00,2026-08-19 04:00:00,-1,1.9914097254180092,19,0.562256383304924,2026-08-19 09:15:00,0.45417225862477795,0.03345807965145406,22,1,0.7656610646643764,0.42463576158940236,0.44684234438888715,後半
C M15 20/10/3,2026-08-19 18:00:00,2026-08-20 05:00:00,1,0.16693342930474547,40,0.05576778244576413,2026-08-20 05:15:00,0.5757201464555116,0.28680502177812256,18,2,1.9814074544901203,0.7300646142151423,0.7817314510410588,後半
C M15 20/10/3,2026-08-25 03:45:00,2026-08-25 05:00:00,1,-1.0043028378239935,5,,2026-08-25 03:45:00,0.29537612146308184,0.4694539291065891,4,1,0.7115945050842146,1.4691652470186864,0.4842435910426515,後半
C M15 20/10/3,2026-08-27 03:15:00,2026-08-27 10:15:00,1,-1.0050420773358626,28,-1.0045889602727154,2026-08-27 10:15:00,-0.23110667996011958,0.04439536167863008,3,3,0.8605615752483355,1.1454018227008647,0.41347781916695364,後半
C M15 20/10/3,2026-08-27 11:00:00,2026-08-27 12:30:00,-1,1.9871877979027635,6,1.9904732201083102,2026-08-27 13:00:00,0.09764277035237008,-0.04972624798711861,11,3,0.9170993494366585,1.2701165501166118,0.4737324373854637,後半
C M15 20/10/3,2026-08-28 22:00:00,2026-08-31 09:00:00,-1,0.794617579974099,40,0.38619317778161527,2026-08-31 09:30:00,0.527552035112985,0.4150289017341031,22,4,1.5904098320351643,0.6825987048255776,0.43717213315684245,後半
C M15 20/10/3,2026-09-01 13:30:00,2026-09-01 16:00:00,-1,1.9952860894745112,10,1.9952860894745112,2026-09-01 16:00:00,0.3493312352478399,0.5522078411957458,13,1,1.4618914293267518,1.4220291216533758,0.4539654277023612,後半
C M15 20/10/3,2026-09-01 23:30:00,2026-09-02 04:45:00,-1,1.9885348170628907,17,,2026-09-01 23:30:00,0.5569879089615939,0.6037446061581229,23,1,0.7842724279744077,0.6657243816254579,0.5316424525978901,後半
C M15 20/10/3,2026-09-02 17:45:00,2026-09-03 04:45:00,1,0.6527085820754257,40,,2026-09-02 17:45:00,0.1778010471204182,-0.6237516336645871,18,2,1.3553494900021905,1.547435146220647,0.6392369553020518,後半
C M15 20/10/3,2026-09-03 08:00:00,2026-09-03 15:30:00,1,1.9936409161622932,30,,2026-09-03 08:00:00,0.5761950431578381,-0.049211741137531136,8,3,0.9442764019296971,1.3767726387987183,0.5591871536165823,後半
C M15 20/10/3,2026-09-03 18:45:00,2026-09-04 05:45:00,1,-0.41955387875965205,40,,2026-09-03 18:45:00,0.5279315996987565,0.18550209880529803,19,3,1.784981801845198,1.120919204814856,0.432639937003744,後半
C M15 20/10/3,2026-09-03 23:45:00,2026-09-04 03:45:00,-1,-1.0132372244098868,12,-1.0132372244098868,2026-09-04 03:45:00,-0.3667546174142491,-0.09865741835474737,0,3,0.6172584640792754,0.5560200668897014,0.4182046979865853,後半
C M15 20/10/3,2026-09-04 16:15:00,2026-09-07 03:15:00,-1,-0.15002687244111668,40,,2026-09-04 16:15:00,0.5099235858249161,0.07394239423942342,16,4,1.8013321034462466,2.821459153964774,0.4606635708997869,後半
C M15 20/10/3,2026-09-07 05:00:00,2026-09-07 15:00:00,-1,0.41956655547383903,40,,2026-09-07 05:00:00,0.26656483507410517,-0.14078361122594346,5,0,0.9795239306302402,1.550266594544465,0.41302408563784293,後半
C M15 20/10/3,2026-09-07 18:45:00,2026-09-08 07:00:00,1,1.9914184574677298,35,0.3651115618661516,2026-09-08 08:15:00,-0.07312925170067422,0.20664973447240892,19,0,0.7414042845162686,0.8791773778919078,0.4389680400462448,後半
C M15 20/10/3,2026-09-08 11:30:00,2026-09-08 16:00:00,-1,-1.006100971071229,18,-1.00583402207205,2026-09-08 16:00:00,0.10984915705412593,-0.11892526794890765,11,1,1.2467064207460716,0.5483870967742352,0.42209511704269065,後半
C M15 20/10/3,2026-09-09 02:15:00,2026-09-09 03:15:00,-1,1.9840114204139918,4,-1.0091426083643977,2026-09-09 03:45:00,0.48920608705909885,0.33414055310699187,2,2,0.7701929049913726,1.7761307901907504,0.5604057792806612,後半
C M15 20/10/3,2026-09-10 14:15:00,2026-09-10 15:30:00,-1,1.9920531304989497,5,1.994302071603967,2026-09-10 15:30:00,0.20374443128630412,0.05940394683850443,14,3,0.9515429875936108,1.3220278471973994,0.4195943258650239,後半
C M15 20/10/3,2026-09-11 01:00:00,2026-09-11 04:00:00,-1,-1.0093524049041183,12,-1.0052777079668258,2026-09-11 04:00:00,0.361656612330465,0.20952231629560006,1,4,0.9484676569330072,0.8888701517706317,0.4352642510962373,後半
C M15 20/10/3,2026-09-11 21:45:00,2026-09-14 08:45:00,-1,0.3866020180226603,40,,2026-09-11 21:45:00,-0.11642938962526712,0.08457038866502153,22,4,0.8636828080571946,0.3212080760887711,0.4940519105983989,後半
C M15 20/10/3,2026-09-14 13:00:00,2026-09-14 23:00:00,-1,0.013884813898021747,40,,2026-09-14 13:00:00,0.5442837538266698,0.16275553066367876,13,0,0.9543036209301113,1.0777326717786608,0.4505705449504085,後半
C M15 20/10/3,2026-09-15 12:30:00,2026-09-15 15:45:00,-1,-1.0049729300918513,13,,2026-09-15 12:30:00,0.12128078817733991,0.30200056599255476,12,1,0.9805839487455279,0.9980221859145278,0.4658597552953526,後半
C M15 20/10/3,2026-09-16 03:30:00,2026-09-16 05:15:00,-1,-1.007640565947635,7,-1.0061020125745046,2026-09-16 05:15:00,0.18345882634157779,0.11107397770404111,3,2,0.6703176476878774,0.8504371836171204,0.4395672976908807,後半
C M15 20/10/3,2026-09-16 07:00:00,2026-09-16 17:00:00,1,0.2735842709228998,40,,2026-09-16 07:00:00,0.1729663105998361,-0.2106621226874399,7,2,1.3486147239049449,1.423660553757691,0.4165388939997881,後半
C M15 20/10/3,2026-09-16 22:45:00,2026-09-17 09:45:00,-1,-0.39698229146187847,40,-0.4396916250798729,2026-09-17 09:45:00,0.04162211981566849,0.0009417129262492846,23,2,2.4243155315681797,1.5408634508238148,0.4004344677769713,後半
C M15 20/10/3,2026-09-18 01:00:00,2026-09-18 03:15:00,-1,-1.0140202881817222,9,-1.0116157622966022,2026-09-18 03:15:00,-0.25174853777250605,-0.15125978525901418,1,4,0.5309296146745001,0.7599660729431935,0.427491903562437,後半
C M15 20/10/3,2026-09-18 10:00:00,2026-09-18 15:15:00,1,-1.0038705485811443,21,-1.0033164418527065,2026-09-18 15:15:00,0.4333250558728574,0.15852271408342805,10,4,0.9080611854558024,0.8706118355064674,0.47242885818869806,後半
C M15 20/10/3,2026-09-18 21:45:00,2026-09-21 01:00:00,1,-1.014118477557505,9,-1.0117883982513884,2026-09-21 01:00:00,0.21317020916727764,0.2776214420814681,22,4,1.0087742002277398,1.8781270044901448,0.41006116589690267,後半
C M15 20/10/3,2026-09-23 06:00:00,2026-09-23 16:00:00,-1,1.6108151566659332,40,,2026-09-23 06:00:00,-0.061893131589923434,0.020466725745876282,6,2,0.7574184647017945,0.8681330827898395,0.5144648998584264,後半
C M15 20/10/3,2026-09-25 14:15:00,2026-09-25 16:15:00,1,-1.0076148344226774,8,,2026-09-25 14:15:00,0.2744775174160835,-0.2554543366761053,14,4,0.9456390149700307,1.4985496035582655,0.4612752721617448,後半
C M15 20/10/3,2026-09-28 05:15:00,2026-09-28 15:15:00,-1,1.2944397685988966,40,1.2517382348943134,2026-09-28 15:15:00,0.23781508343054483,0.35464764084269823,5,0,1.181058837980594,0.9422776911076882,0.7056758338209574,後半
C M15 20/10/3,2026-09-28 12:30:00,2026-09-28 15:00:00,-1,-1.0078167893468328,10,,2026-09-28 12:30:00,0.7437124624624597,0.5907931225734865,12,0,1.0553458761912533,1.0215496751703468,0.6243536711478703,後半
C M15 20/10/3,2026-09-30 01:30:00,2026-09-30 08:15:00,1,-1.011421656276132,27,-1.0091488817125829,2026-09-30 08:15:00,0.4342096278593365,-0.28814343551185734,1,2,0.9132827332258989,1.1880121225727522,0.41493031599281394,後半
C M15 20/10/3,2026-09-30 21:15:00,2026-10-01 04:15:00,-1,-1.0125730622142055,24,,2026-09-30 21:15:00,0.20262765813354824,0.36350740076550553,21,2,0.9656215288195883,0.9636793908838092,0.5737896738335453,後半
C M15 20/10/3,2026-10-02 08:45:00,2026-10-02 13:00:00,1,-1.0077537984381633,17,-1.0071063584988664,2026-10-02 13:00:00,0.22282314764737846,0.20235880113359803,9,4,0.84580858684317,0.8509862778730836,0.4068863383931921,後半
C M15 20/10/3,2026-10-02 20:45:00,2026-10-02 22:00:00,-1,-1.0106838965697063,5,,2026-10-02 20:45:00,0.1734385272846815,0.0014877205831856427,21,4,1.2137396651947858,1.0954233112926839,0.6376328732349636,後半
C M15 20/10/3,2026-10-06 12:30:00,2026-10-06 22:30:00,1,0.6991528241412169,40,,2026-10-06 12:30:00,-0.004535441233638753,0.021038681355089645,12,1,1.0595245270671851,0.6314506298253317,0.48397823458281675,後半
C M15 20/10/3,2026-10-06 15:45:00,2026-10-06 16:45:00,1,-1.0072954980697326,4,-1.0058087470048647,2026-10-06 16:45:00,0.2388617418798461,-0.02136669043143742,16,1,0.8314133268659507,1.7502278942569247,0.4235857022234813,後半
C M15 20/10/3,2026-10-07 08:30:00,2026-10-07 13:30:00,-1,1.9899020863010974,20,1.992715636666363,2026-10-07 15:15:00,0.032222903467535494,0.09718014448846352,8,2,0.7773797633441291,1.2329737562389587,0.48100789770591695,後半
