t,D,rfi,fade6,follow6,fade12,follow12,fade24,follow24,per,day,sess,leg,pnl
2026-01-06 05:10:00,2.069257294174872,-0.19049725928309588,-0.8721007289595957,0.8349900596421689,-0.7793240556659022,0.7422133863484754,-1.1550695825048225,1.1179589131873957,IS1,2026-01-06,ASIA,MOM,0.7422133863484754
2026-01-06 07:50:00,-2.4056316078216025,0.2141095180543066,0.5634417129261423,-0.6078509119745154,2.411974623314883,-2.0222045995242586,1.401665344964305,-2.0222045995242586,IS1,2026-01-06,ASIA,MR,2.411974623314883
2026-01-06 11:15:00,-2.081009796531399,0.19320198704778918,-1.4663899089894268,1.430624301453102,-2.0178828037680754,0.44707009420404503,-2.0178828037680754,0.8114322209803794,IS1,2026-01-06,LDN,MR,-2.0178828037680754
2026-01-06 13:30:00,2.193596565269581,0.07945077487175431,-0.4972850678732259,0.4466063348415525,-0.1963800904977228,0.14570135746604942,-2.0253393665157957,-0.6493212669683958,IS1,2026-01-06,LDN,-,
2026-01-06 16:30:00,2.240408637063897,-0.06133476292680886,-2.014093368566709,1.023530892160618,-2.014093368566709,-2.014093368566709,-2.014093368566709,-2.014093368566709,IS1,2026-01-06,NY,-,
2026-01-06 22:55:00,2.370034703054569,-0.17478948395508878,-0.09123823316455112,0.0371711320301043,-0.2804730871349429,0.22640598600049608,-2.027033550567311,-0.185855660149747,IS1,2026-01-06,LATE,MOM,0.22640598600049608
2026-01-07 01:00:00,2.33259084255838,-0.2703315046099357,-0.1732568668879856,0.1056444310292475,2.3030485964381584,-2.0338062179293144,6.406278297615342,-2.0338062179293144,IS1,2026-01-07,ASIA,MOM,-2.0338062179293144
2026-01-07 03:05:00,-2.5963957469506216,-0.044848955064428396,-2.0150154176163757,0.9440943826251356,-2.0150154176163757,0.9497251642312012,-2.0150154176163757,-0.058184743263090664,IS1,2026-01-07,ASIA,-,
2026-01-07 06:25:00,-2.1468733719646274,-0.08003201678447028,-0.46494464944642383,0.41632298675921026,0.7293249403080697,-0.7779466029952833,-2.024310831343567,3.391360972433075,IS1,2026-01-07,ASIA,-,
2026-01-07 07:30:00,-3.111211261192805,-0.059426650640642564,-2.0184971098264994,-0.6982658959536627,-2.0184971098264994,0.5988439306358532,-2.0184971098264994,-0.40693641618482695,IS1,2026-01-07,ASIA,-,
2026-01-07 10:05:00,2.1169830307897377,0.10607442048550195,-1.5415019762846704,1.4993412384717595,-2.0210803689064556,-1.1594202898549735,-2.0210803689064556,-0.6192358366270045,IS1,2026-01-07,LDN,MR,-2.0210803689064556
2026-01-07 13:30:00,-2.0915305807973317,-0.04351089445079941,-2.0236886632824564,1.9987309644669942,-2.0236886632824564,0.5329949238579031,-2.0236886632824564,3.491116751269022,IS1,2026-01-07,LDN,-,
2026-01-07 15:05:00,-3.1712498209611675,-0.0869270970270802,2.255268484343526,-2.0133349208239295,3.1687105607811468,-2.0133349208239295,1.9152280033338798,-2.0133349208239295,IS1,2026-01-07,NY,-,
2026-01-07 17:10:00,-2.10694302305841,-0.00682088126033117,1.9338961738817582,-2.0100592778875352,2.56260104185372,-2.0100592778875352,4.207292976468362,-2.0100592778875352,IS1,2026-01-07,NY,-,
2026-01-07 18:30:00,2.4347378406105404,0.1640037935545488,0.2375959355744792,-0.2618095341043681,0.7581883039671664,-0.7824019024970552,1.2818073721760181,-2.0121067992649246,IS1,2026-01-07,NY,MR,0.7581883039671664
2026-01-08 01:00:00,2.4083640067765986,0.285251915030949,0.14353312302847815,-0.20241850683499485,-0.7323869610934979,0.6735015772869811,3.687697160883242,-2.0294426919031148,IS1,2026-01-08,ASIA,MR,-0.7323869610934979
2026-01-08 02:40:00,-2.325744651042804,-0.04098935447055408,-2.024983270131731,-2.024983270131731,-2.024983270131731,-2.024983270131731,-2.024983270131731,-2.024983270131731,IS1,2026-01-08,ASIA,-,
2026-01-08 04:30:00,-2.0098943058329017,-0.07561743438031564,0.8207673732224172,-0.8508183525623697,1.202039173598016,-1.2320901529379686,0.2366514623021529,-0.2667024416421054,IS1,2026-01-08,ASIA,-,
2026-01-08 06:40:00,-2.6028557083577226,-0.1703244677351843,-2.029159073158126,1.7058057797445723,-2.029159073158126,4.924238479562238,-2.029159073158126,-2.029159073158126,IS1,2026-01-08,ASIA,MOM,4.924238479562238
2026-01-08 14:00:00,-2.819324237194489,-0.06790830560925176,-2.024184841286862,-2.024184841286862,-2.024184841286862,-2.024184841286862,-2.024184841286862,-2.024184841286862,IS1,2026-01-08,LDN,-,
2026-01-08 17:10:00,2.0467293869809087,0.06268564694632789,-0.6978851963745859,0.6767371601208098,0.09648791540778595,-0.11763595166156199,-2.010574018126888,1.5742069486404264,IS1,2026-01-08,NY,-,
2026-01-08 18:30:00,2.1973328207108427,-0.11516522073984813,-0.17695167286238453,0.1491945477074898,0.13184634448577526,-0.15960346964066996,1.5613382899628163,-2.01387856257738,IS1,2026-01-08,NY,MOM,-0.15960346964066996
2026-01-08 22:00:00,2.0414800225463696,0.13355431180493035,-2.0275116678948657,6.20044215180551,-2.0275116678948657,6.987963645296022,-2.0275116678948657,6.578727585359723,IS1,2026-01-08,LATE,MR,-2.0275116678948657
2026-01-09 02:20:00,-2.131407179038864,0.09260174245767419,-2.032193158953827,2.5915492957744606,-2.032193158953827,4.820925553320086,-2.032193158953827,-2.032193158953827,IS1,2026-01-09,ASIA,MR,-2.032193158953827
2026-01-09 04:00:00,2.007516367987989,0.18940460869693962,0.7527297857636754,-0.7836903939184776,1.7221838286109585,-1.7531444367657607,2.2891499654458283,-2.0154803040774514,IS1,2026-01-09,ASIA,MR,1.7221838286109585
2026-01-09 07:30:00,2.0345133654369536,0.18194305237273609,0.16626347042002598,-0.21552672091485842,-1.1392126676929673,1.0899494171981348,0.3725533318671593,-0.4218165823619918,IS1,2026-01-09,ASIA,MR,-1.1392126676929673
2026-01-09 14:30:00,-2.1245875408456394,0.17394943583185468,1.4507772020726093,-1.4991364421416953,6.724956822107234,-2.0241796200344644,7.531951640760126,-2.0241796200344644,IS1,2026-01-09,LDN,MR,6.724956822107234
2026-01-09 15:30:00,2.331764281277147,0.10810011301565901,0.21000734291412013,-0.23350466799541672,-0.40826602328750117,0.3847686982062046,-2.0117486625406102,2.822616175390777,IS1,2026-01-09,NY,MR,-0.40826602328750117
2026-01-09 17:35:00,2.1907308559785257,-0.19471559907817285,0.9148537439909054,-0.9331051902550623,1.1874847225617862,-1.2057361688259431,1.0620060294956661,-1.0802574757598231,IS1,2026-01-09,NY,MOM,-1.2057361688259431
2026-01-09 19:50:00,-3.1315031885672067,0.20177001273782538,0.9158501440921898,-0.9481268011527082,1.8841498559077807,-2.0161383285303116,2.6829971181556203,-2.0161383285303116,IS1,2026-01-09,NY,MR,1.8841498559077807
2026-01-09 22:10:00,2.0301045350586735,0.021485553781973556,0.7668458040510752,-0.8131459280692609,-0.4253823894171763,0.37908226539899054,-0.7928896238116521,0.7465894997934662,IS1,2026-01-09,LATE,-,
2026-01-12 01:00:00,4.027095542288498,-0.09216150389554088,-2.0251628847451237,4.560772860031409,-2.0251628847451237,7.347562345540167,-2.0251628847451237,20.74994383284651,IS1,2026-01-12,ASIA,MOM,7.347562345540167
2026-01-12 07:40:00,2.398733868305208,-0.13828332594000264,2.3779587199395587,-2.0212081045256247,1.9219844726378235,-2.0212081045256247,-0.5514107176671329,-2.0212081045256247,IS1,2026-01-12,ASIA,MOM,-2.0212081045256247
2026-01-12 09:15:00,2.2849155017301546,-0.06823836652955444,0.1714060031597577,-0.21563981042674002,0.6469194312796368,-0.6911532385466191,-2.022116903633491,2.9498420221168846,IS1,2026-01-12,ASIA,-,
2026-01-12 10:45:00,2.3642514671894417,-0.18553436976969936,-0.5950836462958566,0.5568453397065763,0.4994878798222734,-0.5377261864115537,0.41584158415835326,-0.45407989074763355,IS1,2026-01-12,LDN,MOM,-0.5377261864115537
2026-01-12 15:00:00,2.3742984847067694,-0.034361846637847304,-2.0222929936305736,3.5808121019109245,-2.0222929936305736,1.156449044586124,-2.0222929936305736,-2.0222929936305736,IS1,2026-01-12,NY,-,
2026-01-12 20:15:00,-2.6610617581975666,0.26715217637891536,0.8738255033557422,-0.9114093959731916,2.7342281879195065,-2.0187919463086637,-0.2936241610738408,-2.0187919463086637,IS1,2026-01-12,LATE,MR,2.7342281879195065
2026-01-12 22:00:00,-2.381982422815362,0.4133620885099916,-0.40793918918900046,0.36064189189170004,-2.0236486486487655,3.4497466216218444,-2.0236486486487655,2.119510135135272,IS1,2026-01-12,LATE,MR,-2.0236486486487655
2026-01-13 01:10:00,-3.3306305452512746,-0.001060323200797789,1.4370575561711392,-2.017236072637763,2.895660203139345,-2.017236072637763,2.8137888581102772,-2.017236072637763,IS1,2026-01-13,ASIA,-,
2026-01-13 05:10:00,2.020564381742592,-0.03187686383042388,1.0224281742355372,-1.0639481000928133,0.036329935125182664,-0.07784986098245877,0.9056533827617593,-0.9471733086190355,IS1,2026-01-13,ASIA,-,
2026-01-13 08:35:00,-2.1836844634175354,-0.04262302852150541,1.2260617251383696,-1.2556053811658032,1.301767343708809,-1.3313109997362427,3.2017937219731203,-2.0147718280137408,IS1,2026-01-13,ASIA,-,
2026-01-13 10:35:00,2.1751819184279886,0.04159443850637327,0.10988600261633107,-0.15174733694636194,1.3055503644177622,-1.347411698747793,2.692207064100083,-2.020930667164947,IS1,2026-01-13,LDN,-,
2026-01-13 14:55:00,2.0080814193194905,0.14886444447235364,-2.023855165069338,2.3050053248136706,-2.023855165069338,5.433013844515307,-2.023855165069338,10.9077742279016,IS1,2026-01-13,LDN,MR,-2.023855165069338
2026-01-13 16:40:00,2.0381327567534298,-0.18875293890253023,0.6181209458045829,-0.6415568110483575,1.6024272860431552,-2.0117179326218873,2.4739485247959982,-2.0117179326218873,IS1,2026-01-13,NY,MOM,-2.0117179326218873
2026-01-13 19:55:00,-3.0833642042045772,0.104320433125783,0.22620169651266894,-0.2563619227143646,0.68803016022627,-2.015080113100897,1.3251649387371098,-2.015080113100897,IS1,2026-01-13,NY,MR,0.68803016022627
2026-01-13 22:30:00,-3.6878260646382492,-8.392060920098254e-05,2.825891677674979,-2.0147952443857333,2.7574636723909833,-2.0147952443857333,4.33315719947165,-2.0147952443857333,IS1,2026-01-13,LATE,-,
2026-01-14 01:10:00,2.2101434871349626,0.00031035212191762466,0.49785202863979666,-0.5513126491648533,-2.026730310262485,3.077326968973561,-2.026730310262485,6.502147971360004,IS1,2026-01-14,ASIA,-,
2026-01-14 02:00:00,2.939673374319976,-0.13344274517358098,-2.0257767548905528,1.5852704257767283,-2.0257767548905528,3.7891829689294947,-2.0257767548905528,4.684925201380784,IS1,2026-01-14,ASIA,MOM,3.7891829689294947
2026-01-14 03:00:00,2.743616235188296,-0.18647244122652812,0.05591248480626692,-0.09480812641071265,-0.7025525264803983,0.6636568848759525,-2.019447820802286,1.6190310817850004,IS1,2026-01-14,ASIA,MOM,0.6636568848759525
2026-01-14 07:00:00,3.780431919336781,-0.2382836175061902,0.11428571428573724,-2.026890756302433,4.006722689075578,-2.026890756302433,1.425210084033497,-2.026890756302433,IS1,2026-01-14,ASIA,MOM,-2.026890756302433
2026-01-14 07:55:00,-2.2510533609207903,0.3422504276126516,2.516075845012378,-2.015388843088836,3.3239901071722904,-2.015388843088836,2.429513602638133,-2.015388843088836,IS1,2026-01-14,ASIA,MR,3.3239901071722904
2026-01-14 10:05:00,-2.3593158119520488,0.29124413473749217,1.7803149606299686,-1.8244094488189464,3.737007874015708,-2.0220472440945247,1.4909448818897515,-2.0220472440945247,IS1,2026-01-14,LDN,MR,3.737007874015708
2026-01-14 16:35:00,-2.2785674603614003,0.1678942722623813,-2.0147075989261753,2.197968950624458,-2.0147075989261753,-0.27944437959610363,-2.0147075989261753,0.18793043072265075,IS1,2026-01-14,NY,MR,-2.0147075989261753
2026-01-14 20:40:00,2.0799497265562996,-0.04016341908558822,-2.0187054631829247,1.1264845605701068,-2.0187054631829247,1.747921615201885,-2.0187054631829247,-1.0973871733967708,IS1,2026-01-14,LATE,-,
2026-01-15 01:05:00,-2.5723259892866155,-0.03347591421204451,-1.1873889875665118,1.1500888099466176,-2.018650088809947,-0.9552989934873811,-2.018650088809947,-0.8371817643577764,IS1,2026-01-15,ASIA,-,
2026-01-15 03:20:00,-2.622148970564354,0.06757252907020991,-2.016840417000875,-1.5960973001870469,-2.016840417000875,-2.016840417000875,-2.016840417000875,-2.016840417000875,IS1,2026-01-15,ASIA,-,
2026-01-15 05:20:00,-2.1311059346916696,-0.056907726419162565,0.8251040377910229,-0.8534473062647607,1.3415813744235388,-1.3699246428972764,-0.14958947250023139,0.12124620402649358,IS1,2026-01-15,ASIA,-,
2026-01-15 08:15:00,2.1059983454612854,0.14434860999395802,-0.03882149046787908,0.009705372616925638,-0.6179087232812748,0.5887926054303214,0.46424032351243033,-0.49335644136338375,IS1,2026-01-15,ASIA,MR,-0.6179087232812748
2026-01-15 12:35:00,2.132880958353019,-0.11435669794399506,-0.272262026611987,0.2206755373591717,-1.1234390992835126,1.0718526100306973,0.17195496417593636,-0.22354145342875167,IS1,2026-01-15,LDN,MOM,1.0718526100306973
2026-01-15 15:15:00,-2.4513808517311633,-0.0023956628579722456,-2.025280898876294,4.78370786516832,-2.025280898876294,1.480337078651535,-2.025280898876294,-2.025280898876294,IS1,2026-01-15,NY,-,
2026-01-15 22:05:00,-3.387366188584888,0.09732250734084233,0.32383735086437493,-0.3851960068176273,1.5441928414901467,-2.0306793279765376,4.373508643779067,-2.0306793279765376,IS1,2026-01-15,LATE,MR,1.5441928414901467
2026-01-16 01:00:00,2.138256363671196,-0.10859467824143243,4.380735252208585,-2.0359076660016067,4.683955542889785,-2.0359076660016067,7.71615844970069,-2.0359076660016067,IS1,2026-01-16,ASIA,MOM,-2.0359076660016067
2026-01-16 07:40:00,2.3657724809508784,0.09693338337373458,-2.0314921269681667,-0.8537865533617821,-2.0314921269681667,-2.0314921269681667,-2.0314921269681667,-2.0314921269681667,IS1,2026-01-16,ASIA,MR,-2.0314921269681667
2026-01-16 12:20:00,2.088756424650636,0.07517540015901658,2.4605196128374023,-2.032093734080628,0.2959755476312011,-2.032093734080628,1.6938359653591868,-2.032093734080628,IS1,2026-01-16,LDN,-,
2026-01-16 13:40:00,2.3150328132491356,-0.009667321990602884,1.424904300833363,-1.4816482774152153,3.79238910155376,-2.028371988290885,5.0060797117768265,-2.028371988290885,IS1,2026-01-16,LDN,-,
2026-01-16 15:15:00,-2.9698728914259873,-0.10786096571917553,2.843841744722519,-2.01761498671891,3.397735215993309,-2.01761498671891,2.7929540053126156,-2.01761498671891,IS1,2026-01-16,NY,MOM,-2.01761498671891
2026-01-16 17:20:00,-2.068133734455928,0.14873111520066687,-2.0110536011931353,2.21563295025883,-2.0110536011931353,-0.3561715939994146,-2.0110536011931353,0.48513027458549035,IS1,2026-01-16,NY,MR,-2.0110536011931353
2026-01-16 23:15:00,2.477911906984643,0.25112427892606104,0.7488537952113782,-0.7916454406520312,0.5158770589232653,-0.5586687043639184,0.5158770589232653,-0.5586687043639184,IS1,2026-01-16,LATE,MR,0.5158770589232653
2026-01-19 01:00:00,7.285855661432689,-0.03240286982093532,-2.012587412587449,3.8783216783216585,-2.012587412587449,2.748251748251733,-2.012587412587449,2.881118881118841,IS1,2026-01-19,ASIA,-,
2026-01-19 07:00:00,2.146259918829299,0.031755579159308704,-0.6040794979080998,0.5381799163181412,-0.36610878661082746,0.30020920502086895,-2.032949790795122,2.745815899581659,IS1,2026-01-19,ASIA,-,
2026-01-19 08:55:00,2.155083616568078,-0.0940446549185328,3.463985032740959,-2.029466791393699,4.2333956969129165,-2.029466791393699,4.708138447147026,-2.029466791393699,IS1,2026-01-19,ASIA,MOM,-2.029466791393699
2026-01-19 12:40:00,-2.1546008371161824,0.26098100238070304,0.9906025428412749,-2.0348258706468694,1.1918186843561063,-2.0348258706468694,3.85793255942516,-2.0348258706468694,IS1,2026-01-19,LDN,MR,1.1918186843561063
2026-01-19 17:50:00,2.002484412338261,0.01689715081428983,0.9542483660130995,-1.0130718954248614,0.7941176470589298,-0.8529411764706917,-1.078431372548982,1.01960784313722,IS1,2026-01-19,NY,-,
2026-01-19 19:40:00,2.228314775561388,0.041517966041210316,0.3665191740414302,-0.4594395280237408,-2.046460176991088,0.7278761061947664,-2.046460176991088,-2.046460176991088,IS1,2026-01-19,NY,-,
2026-01-19 20:20:00,2.064410092223096,-0.0784772506406966,1.283655320453866,-1.360932229377512,3.786568537258591,-2.038638454461767,3.516099356025783,-2.038638454461767,IS1,2026-01-19,LATE,-,
2026-01-20 02:25:00,-2.689325859502831,-0.15816807601249439,0.27443899922601217,-2.032499355171478,4.094918751611898,-2.032499355171478,4.43435646118134,-2.032499355171478,IS1,2026-01-20,ASIA,MOM,-2.032499355171478
2026-01-20 05:50:00,2.3984879553171212,-0.1256167555668607,-1.2512998266900197,1.1958405545929651,-2.027729636048392,4.523396880416048,-2.027729636048392,10.2980935875218,IS1,2026-01-20,ASIA,MOM,4.523396880416048
2026-01-20 10:05:00,2.096087447377114,-0.2076153053001317,1.186397984886468,-2.0226700251888188,-0.944584382871501,-2.0226700251888188,-2.0226700251888188,-2.0226700251888188,IS1,2026-01-20,LDN,MOM,-2.0226700251888188
2026-01-20 11:25:00,2.0186184218474104,-0.1852849065159098,0.22996622658885624,-0.2686521338654916,1.2057107767884274,-1.2443966840650627,1.4227817009518167,-2.0193429536383176,IS1,2026-01-20,LDN,MOM,-1.2443966840650627
2026-01-20 18:55:00,2.1304272465809153,-0.028675922958252928,-0.28578954300014414,0.25260107994206366,-1.0454365863295216,1.012248123271441,-2.016594231529088,1.0435927828263083,IS1,2026-01-20,NY,-,
2026-01-20 20:05:00,2.2524371365366966,-0.19980673669151433,0.8091306459445827,-0.8499271491014541,1.219362149910785,-2.0203982515784356,1.2148292051156844,-2.0203982515784356,IS1,2026-01-20,LATE,MOM,-2.0203982515784356
2026-01-21 01:40:00,3.604410850853691,-0.14935572656920262,-2.0469208211142935,0.7595307917888597,-2.0469208211142935,3.255131964809463,-2.0469208211142935,13.137829912023532,IS1,2026-01-21,ASIA,MOM,3.255131964809463
2026-01-21 05:00:00,2.2322948013230053,-0.13319256992361453,0.795231416549866,-2.0110448807853976,0.18285413744739648,-2.0110448807853976,-2.0110448807853976,-2.0110448807853976,IS1,2026-01-21,ASIA,MOM,-2.0110448807853976
2026-01-21 06:20:00,2.4103540966694066,-0.17394040618667833,-2.015597920277251,2.14904679376091,-2.015597920277251,2.97746967071059,-2.015597920277251,4.478336221837052,IS1,2026-01-21,ASIA,MOM,2.97746967071059
2026-01-21 08:25:00,2.1129354596214123,-0.1508969647897036,5.430339236185284,-2.0134414337529147,5.19586089182859,-2.0134414337529147,2.5508854277790296,-2.0134414337529147,IS1,2026-01-21,ASIA,MOM,-2.0134414337529147
2026-01-21 08:55:00,-2.37054543174489,0.26138163247070745,0.18382948106846195,-0.20649338969333803,0.9581796924184623,-0.9808436010433383,0.8738195880925256,-2.011331954312487,IS1,2026-01-21,ASIA,MR,0.9581796924184623
2026-01-21 11:25:00,2.5382425551310366,-0.06579967249629551,2.6599124452782905,-2.0157598499062597,2.649405878674252,-2.0157598499062597,1.5199499687305535,-2.0157598499062597,IS1,2026-01-21,LDN,-,
2026-01-21 15:35:00,2.065458754872274,0.029058825745905653,2.390717618867414,-2.015891032917185,1.3383781056879636,-2.015891032917185,6.912599318955538,-2.015891032917185,IS1,2026-01-21,NY,-,
2026-01-21 16:00:00,-2.0706061321654157,0.3906915262736782,0.6327163393779585,-2.018415860189796,1.206238842431674,-2.018415860189796,-2.018415860189796,-2.018415860189796,IS1,2026-01-21,NY,MR,1.206238842431674
2026-01-21 16:10:00,-2.013381527795807,0.277781452374313,1.5305253194509856,-2.0104117368670136,1.4869853289161976,-2.0104117368670136,-2.0104117368670136,-2.0104117368670136,IS1,2026-01-21,NY,MR,1.4869853289161976
2026-01-21 17:20:00,-2.472393382485865,0.1704782207689996,2.2256891271057144,-2.009379785604883,0.9895673813169928,-2.009379785604883,0.47568912710565353,-2.009379785604883,IS1,2026-01-21,NY,MR,0.9895673813169928
2026-01-21 19:30:00,-2.190218546307161,0.02696990623890009,1.679850097035449,-1.6967141805528152,2.623301880479179,-2.008432041758695,-0.1377233487251664,-2.008432041758695,IS1,2026-01-21,NY,-,
2026-01-21 20:55:00,2.3970839915156037,0.08621769936913061,4.786552935273572,-2.014049172102304,9.65599598595103,-2.014049172102304,3.27907676869056,-2.014049172102304,IS1,2026-01-21,LATE,MR,9.65599598595103
2026-01-21 23:20:00,2.1975930862037805,0.03298628627881581,0.7395944503735877,-0.7588046958378356,4.325506937033123,-2.009605122732124,5.550693703308534,-2.009605122732124,IS1,2026-01-21,LATE,-,
2026-01-22 01:05:00,-2.410646113055275,0.131236641133603,-2.012982195845647,1.1450296735905319,-2.012982195845647,1.6084940652820139,-2.012982195845647,2.221253709198852,IS1,2026-01-22,ASIA,MR,-2.012982195845647
2026-01-22 01:20:00,-2.460794075301915,-0.06320090157294561,-0.43483275663207266,0.41176470588236097,-2.0115340253748712,1.3125720876586464,-2.0115340253748712,-1.4025374855824084,IS1,2026-01-22,ASIA,-,
2026-01-22 07:45:00,2.5483924004272605,0.15936009611073734,-2.026012634708354,3.883686361947121,-2.026012634708354,4.466369379412683,-2.026012634708354,6.557785209958915,IS1,2026-01-22,ASIA,MR,-2.026012634708354
2026-01-22 09:00:00,2.6406332460831923,-0.14637176872423724,-1.2703501945525961,1.2267704280156326,-0.416186770428091,0.3726070038911272,-0.4423346303502455,0.3987548638132817,IS1,2026-01-22,ASIA,MOM,0.3726070038911272
2026-01-22 11:40:00,-2.2618248574437936,0.1454528288294231,1.5217391304347885,-1.5631469979296133,2.4575569358179283,-2.0207039337474395,2.995859213250731,-2.0207039337474395,IS1,2026-01-22,LDN,MR,2.4575569358179283
2026-01-22 13:50:00,2.0620360195165253,-0.0298371814667705,1.4480534439070465,-2.0322506334946717,2.9993089149965635,-2.0322506334946717,5.369730476848895,-2.0322506334946717,IS1,2026-01-22,LDN,-,
2026-01-22 14:55:00,-2.2603486390558416,0.2582177878228503,2.152358397473754,-2.0386816656798548,-2.0386816656798548,-2.0386816656798548,-2.0386816656798548,-2.0386816656798548,IS1,2026-01-22,LDN,MR,-2.0386816656798548
2026-01-22 16:30:00,2.263872474802686,0.11470764241553258,1.094520547945242,-2.0191780821917455,-2.0191780821917455,-2.0191780821917455,-2.0191780821917455,-2.0191780821917455,IS1,2026-01-22,NY,MR,-2.0191780821917455
2026-01-22 17:30:00,2.563388041454818,-0.05020342427373069,-0.8745384673348496,0.8534398312109704,-1.600331549996212,1.5792329138723329,-2.0105493180619396,3.381056438851711,IS1,2026-01-22,NY,-,
2026-01-22 19:30:00,2.38088331069203,-0.13474124967133955,-2.01343827990019,1.7577270109424807,-2.01343827990019,2.2535995392589143,-2.01343827990019,2.6594355922440602,IS1,2026-01-22,NY,MOM,2.2535995392589143
2026-01-22 22:10:00,2.221690386619105,0.010934145447379792,0.5924184543050215,-0.6417866588304401,0.5965324713487091,-2.024684102262629,-2.024684102262629,-2.024684102262629,IS1,2026-01-22,LATE,-,
2026-01-22 23:30:00,2.7596946905625335,-0.07279550343317201,-2.0257425742573494,3.2217821782177998,-2.0257425742573494,-0.3465346534655104,-2.0257425742573494,2.80396039603964,IS1,2026-01-22,LATE,-,
2026-01-23 01:50:00,2.0485380178904395,-0.09875642200466776,0.6025807569066247,-0.6268294795185583,-0.25218671516405644,0.2279379925521228,-0.3455442972200537,-2.0121243613059985,IS1,2026-01-23,ASIA,MOM,0.2279379925521228
2026-01-23 02:55:00,2.1679263931022517,-0.13143875880495412,2.6762684124387004,-2.022913256955791,1.7444626295691485,-2.022913256955791,1.4404800872886212,-2.022913256955791,IS1,2026-01-23,ASIA,MOM,-2.022913256955791
2026-01-23 05:15:00,-2.7621231260836856,0.16883404943532626,2.75662852358353,-2.0293050516326603,2.5046050795422237,-2.0293050516326603,3.493162154619081,-2.0293050516326603,IS1,2026-01-23,ASIA,MR,2.5046050795422237
2026-01-23 07:45:00,3.4812935959304303,-0.2159191295797307,4.647665580890176,-2.038002171552807,5.525515743756753,-2.038002171552807,8.49728555917458,-2.038002171552807,IS1,2026-01-23,ASIA,MOM,-2.038002171552807
2026-01-23 10:20:00,-3.965915938048885,-0.005438833119746876,-2.016937967443887,1.057853057633177,-2.016937967443887,1.7199736031676138,-2.016937967443887,-0.8238011438627187,IS1,2026-01-23,LDN,-,
2026-01-23 14:50:00,2.07056970740065,-0.04801907774217906,2.8296520423600917,-2.0211800302571863,0.20121028744330796,-2.0211800302571863,-2.0211800302571863,-2.0211800302571863,IS1,2026-01-23,LDN,-,
2026-01-23 18:05:00,2.467068045796019,-0.03356701313616699,-1.0228253055355692,0.9875988497483653,-1.2530553558590707,1.2178289000718667,-0.2767792954708231,0.24155283968361924,IS1,2026-01-23,NY,-,
2026-01-23 19:55:00,-2.1066863087401257,0.28163281737874746,2.321013727560908,-2.0184794086589712,0.10348468849011168,-2.0184794086589712,3.3798838437171326,-2.0184794086589712,IS1,2026-01-23,NY,MR,0.10348468849011168
2026-01-23 20:45:00,-2.1083201656344164,0.2108956174863216,2.490846681922245,-2.013348588863463,3.2236842105263404,-2.013348588863463,3.1382532418002542,-2.013348588863463,IS1,2026-01-23,LATE,MR,3.2236842105263404
2026-01-23 21:50:00,2.0412335348956177,0.04854208727059643,1.1690391459074956,-2.017793594306027,1.5818505338079647,-2.017793594306027,0.5462633451957468,-2.017793594306027,IS1,2026-01-23,LATE,-,
2026-01-26 01:00:00,4.876228134188982,-0.07225777412150644,-2.01686340640816,1.4738617200674542,-2.01686340640816,4.487352445193862,-2.01686340640816,4.846543001686286,IS1,2026-01-26,ASIA,-,
2026-01-26 07:15:00,-2.401365798627855,0.09457026147287001,2.9268406882827693,-2.0163876858246725,2.817043193257592,-2.0163876858246725,6.351867025635029,-2.0163876858246725,IS1,2026-01-26,ASIA,MR,2.817043193257592
2026-01-26 08:40:00,2.249029176165482,-0.03023512183307705,-2.0126961095493376,-2.0126961095493376,-2.0126961095493376,-2.0126961095493376,-2.0126961095493376,-2.0126961095493376,IS1,2026-01-26,ASIA,-,
2026-01-26 15:30:00,-2.0833044936639817,0.0665049799049224,0.25022230126263234,-0.2751200426818038,2.713853814689643,-2.012448870709618,1.7889027209673876,-2.012448870709618,IS1,2026-01-26,NY,-,
2026-01-26 20:35:00,-2.0261757868581998,0.16314181663827038,-2.011027095148078,1.1975425330812892,-2.011027095148078,3.3445179584121294,-2.011027095148078,3.0015752993069356,IS1,2026-01-26,LATE,MR,-2.011027095148078
2026-01-26 21:00:00,-2.7551009258517896,0.07694057755063007,-2.0083363105871257,0.34262236513040945,-2.0083363105871257,0.33762057877818324,-2.0083363105871257,-1.1137310944385168,IS1,2026-01-26,LATE,-,
2026-01-26 23:30:00,-2.329750735713864,0.16171744126596405,1.9794641803375859,-2.0082615366458163,2.7172194028089183,-2.0082615366458163,2.866753216098224,-2.0082615366458163,IS1,2026-01-26,LATE,MR,2.7172194028089183
2026-01-27 02:45:00,-2.4023290078706387,0.1541586549933629,5.49840348330907,-2.0135462022254123,5.268118045476488,-2.0135462022254123,7.275665215287762,-2.0135462022254123,IS1,2026-01-27,ASIA,MR,5.268118045476488
2026-01-27 03:10:00,2.817870273192427,0.07592932162664552,0.7388835018700892,-0.7582767696357077,0.7282172045989427,-2.0096966338827715,0.5207092395068812,-2.0096966338827715,IS1,2026-01-27,ASIA,-,
2026-01-27 04:40:00,2.021914851566147,-0.12828649728390007,1.676631189264222,-1.702545118000918,0.551966682091581,-2.012956964368348,1.6014807959278132,-2.012956964368348,IS1,2026-01-27,ASIA,MOM,-2.012956964368348
2026-01-27 11:55:00,2.213176943457937,-0.0510930504377865,2.116915062943209,-2.020257560411018,2.5240920272031357,-2.020257560411018,4.436405729995738,-2.020257560411018,IS1,2026-01-27,LDN,-,
2026-01-27 13:45:00,-2.5338805668059137,0.18214408161489617,-2.0240715268226523,-0.43810178817063317,-2.0240715268226523,-2.0240715268226523,-2.0240715268226523,-2.0240715268226523,IS1,2026-01-27,LDN,MR,-2.0240715268226523
2026-01-27 16:15:00,-2.0425246606580902,0.045732200416421356,1.0235465116278828,-2.0101744186046777,1.6309593023255773,-2.0101744186046777,4.57747093023253,-2.0101744186046777,IS1,2026-01-27,NY,-,
2026-01-27 18:15:00,2.0004552112594816,-0.0021397422710329045,1.1974325264867178,-1.2190859175624271,1.841620910989153,-2.0108266955378125,1.7387673033794544,-2.0108266955378125,IS1,2026-01-27,NY,-,
2026-01-27 21:55:00,2.094356851277646,-0.050401004471815794,-2.023125206475087,9.839775355136725,-2.023125206475087,17.924347538816708,-2.023125206475087,18.91641889659665,IS1,2026-01-27,LATE,-,
2026-01-28 03:00:00,2.267845656617145,-0.06848513732250555,-2.014203104392836,0.1846403571065736,-2.014203104392836,3.002536268641552,-2.014203104392836,7.125697473876387,IS1,2026-01-28,ASIA,-,
2026-01-28 03:40:00,2.630749610293835,-0.17087523076100236,0.44188163884675785,-0.45887708649470943,-0.522610015174528,0.5056145675265765,-2.008497723823954,1.525341426403674,IS1,2026-01-28,ASIA,MOM,0.5056145675265765
2026-01-28 04:50:00,2.431646268560763,-0.19516854776200737,-0.6229533050333073,0.6017283201940107,-0.42343844754390697,0.4022134627046103,-0.9402668283807695,0.9190418435414729,IS1,2026-01-28,ASIA,MOM,0.4022134627046103
2026-01-28 07:05:00,2.76929989563209,-0.15403846951960753,-1.1419881100510145,1.1032766486933485,-2.019355730678883,0.6116410894509936,-2.019355730678883,3.6040370523986045,IS1,2026-01-28,ASIA,MOM,0.6116410894509936
2026-01-28 09:15:00,2.2816676248031924,-0.17173878400322581,-1.1776101141924666,1.149061990212042,-2.014274061990175,1.6400897226752897,-2.014274061990175,-0.30403752039161647,IS1,2026-01-28,ASIA,MOM,1.6400897226752897
2026-01-28 13:00:00,-4.185942943747597,0.2980760668716326,1.6084231145935488,-2.013712047012715,1.6468168462291657,-2.013712047012715,6.0758080313418885,-2.013712047012715,IS1,2026-01-28,LDN,MR,1.6468168462291657
2026-01-28 15:00:00,2.6326522061747957,-0.06594200236158854,1.8762745098039648,-2.013725490196043,3.7319607843136873,-2.013725490196043,-0.7919607843137284,-2.013725490196043,IS1,2026-01-28,NY,-,
2026-01-28 20:20:00,2.283357603471033,-0.057025742416022845,4.417004326625814,-2.0096147242634306,2.627704141198974,-2.0096147242634306,-1.6306572350800272,-2.0096147242634306,IS1,2026-01-28,LATE,-,
2026-01-28 22:00:00,2.1268692841310366,0.06912251858440271,-2.0071560008178104,1.936413821304432,-2.0071560008178104,3.9536904518503753,-2.0071560008178104,7.744939685135982,IS1,2026-01-28,LATE,-,
2026-01-29 06:30:00,2.0441035733952786,-0.039415242878477225,0.25042364903029857,-0.2679972384359347,1.5183581246469693,-2.0087867947028526,-2.0087867947028526,-2.0087867947028526,IS1,2026-01-29,ASIA,-,
2026-01-29 07:20:00,-2.498735785055916,0.41296528963708845,3.1422369938275154,-2.009496032015231,6.214203350742672,-2.009496032015231,3.2172556467475415,-2.009496032015231,IS1,2026-01-29,ASIA,MR,6.214203350742672
2026-01-29 08:00:00,2.128432302768573,-0.028094969048653697,0.05595288178373698,-0.07067732435841095,1.0005258729490667,-2.007362221287308,3.594236432477921,-2.007362221287308,IS1,2026-01-29,ASIA,-,
2026-01-29 10:35:00,-2.267780210763328,0.10635084878952297,-2.0078453348277137,0.07845334827685765,-2.0078453348277137,-0.8763239002521584,-2.0078453348277137,0.14435416082940555,IS1,2026-01-29,LDN,MR,-2.0078453348277137
2026-01-29 12:55:00,-2.7993321792840344,0.14849141527191298,3.421167608286272,-2.0105461393596715,4.118267419962325,-2.0105461393596715,5.33845574387944,-2.0105461393596715,IS1,2026-01-29,LDN,MR,4.118267419962325
2026-01-29 14:20:00,2.18261342617952,0.008452643823375489,0.23788906135123036,-0.26076300955807624,1.9397108079405758,-2.011436974103468,1.5096805816518486,-2.011436974103468,IS1,2026-01-29,LDN,-,
2026-01-29 17:00:00,-2.3847436054714564,0.15601491278127105,-2.0042749396928263,12.585422455647508,-2.0042749396928263,9.693425753458143,-2.0042749396928263,7.290909646096093,IS1,2026-01-29,NY,MR,-2.0042749396928263
2026-01-29 19:25:00,2.0873652666519575,0.18254654996923464,0.9214255449366628,-0.928016571724479,1.0687349936443593,-1.0753260204321755,1.4589237794830725,-1.4655148062708887,IS1,2026-01-29,NY,MR,1.0687349936443593
2026-01-29 22:45:00,2.5591615002891572,0.2953783634601709,-2.005697773798358,1.321313743844367,-2.005697773798358,1.3469537259371194,-2.005697773798358,4.044849619470115,IS1,2026-01-29,LATE,MR,-2.005697773798358
2026-01-30 01:00:00,2.0802576165572852,-0.11768336922700158,-0.4617812331614305,0.45100454160573816,-0.8502809637441413,0.839504272188449,1.590100839042387,-2.0053883457778605,IS1,2026-01-30,ASIA,MOM,0.839504272188449
2026-01-30 03:05:00,-2.4570232688030185,0.018833865467023335,-2.005376757047399,0.5736999769567258,-2.005376757047399,4.998771026960544,-2.005376757047399,8.674859820262608,IS1,2026-01-30,ASIA,-,
2026-01-30 03:55:00,-2.2147585560288743,-0.0892456713155293,-2.003454146209061,4.448940317287975,-2.003454146209061,2.6206607288248507,-2.003454146209061,3.6075103007574323,IS1,2026-01-30,ASIA,MOM,2.6206607288248507
2026-01-30 10:30:00,-2.8608232225918058,0.006853118769378469,1.3728683605213594,-2.003701451497766,-2.003701451497766,-2.003701451497766,-2.003701451497766,-2.003701451497766,IS1,2026-01-30,LDN,-,
2026-01-30 11:05:00,-2.103678417894615,-0.09973304755831945,-0.9402891263356259,0.9340037712130614,-2.003142677561286,1.3240100565681783,-2.003142677561286,-1.6062225015713407,IS1,2026-01-30,LDN,MOM,1.3240100565681783
2026-01-30 15:20:00,-2.1775624047919084,-0.06639522110058838,-0.6567127465932071,0.6498253554385851,1.5172922713631998,-2.00344369557732,0.47901805480396076,-2.00344369557732,IS1,2026-01-30,NY,-,
2026-01-30 17:00:00,-2.1018484896637157,0.11327456172250475,1.7909456314787684,-2.002961709329384,1.110344827586218,-2.002961709329384,-0.32963824836047684,-2.002961709329384,IS1,2026-01-30,NY,MR,1.110344827586218
2026-01-30 18:35:00,-2.154643078961224,-0.05201741987254853,-1.8241744701823803,1.815549531789083,-2.004312469196632,3.6013430261212536,-2.004312469196632,11.828240512567726,IS1,2026-01-30,NY,-,
2026-01-30 19:05:00,-2.379413121725359,-0.09476940993039468,-1.4379024390243944,1.4310731707317115,-2.0034146341463326,4.0497560975609606,-2.0034146341463326,0.754975609756097,IS1,2026-01-30,NY,MOM,4.0497560975609606
2026-01-30 20:05:00,-2.2824234748328633,-0.25659809240810727,-2.0023978350974487,2.7325728770595585,-2.0023978350974487,-2.0023978350974487,-2.0023978350974487,-2.0023978350974487,IS1,2026-01-30,LATE,MOM,-2.0023978350974487
2026-02-02 01:10:00,-3.1172082696900816,-0.0470789189012467,0.788685524126462,-0.7947360459839723,2.9290576312207097,-2.003025260928755,-2.003025260928755,-2.003025260928755,IS1,2026-02-02,ASIA,-,
2026-02-02 03:05:00,-3.164421296372954,0.050399816922727686,1.3573708272233318,-2.002415250582254,1.3638920037954116,-2.002415250582254,1.4897265591305289,-2.002415250582254,IS1,2026-02-02,ASIA,-,
2026-02-02 06:00:00,-2.424103670373113,-0.11366310443885161,2.3922617175212197,-2.0031456432840478,2.528153507392268,-2.0031456432840478,-2.0031456432840478,-2.0031456432840478,IS1,2026-02-02,ASIA,MOM,-2.0031456432840478
2026-02-02 07:40:00,-2.990019823623838,0.04361575268765186,-2.003614395621432,1.4388908968864504,-2.003614395621432,4.4558269220839595,-2.003614395621432,-0.2609593638663666,IS1,2026-02-02,ASIA,-,
2026-02-02 11:25:00,2.30871125535564,0.13851924682085606,-1.1358540756222677,1.1282538476154274,0.2686680600418041,-0.2762682880486443,-2.003800114003425,2.4020520615618284,IS1,2026-02-02,LDN,MR,0.2686680600418041
2026-02-02 13:10:00,2.425782864191395,0.16492884258385923,-1.0959852330410953,1.0867558837102231,-0.6345177664974868,0.6252884171666147,-2.004614674665442,1.5588371019843144,IS1,2026-02-02,LDN,MR,-0.6345177664974868
2026-02-02 14:40:00,2.122573190953178,-0.06351497599437983,0.8394812194711202,-2.0058952332827875,6.594407950143158,-2.0058952332827875,2.567963617988869,-2.0058952332827875,IS1,2026-02-02,LDN,-,
2026-02-02 17:55:00,-2.21299250444419,0.06763135955707335,1.5584029632181897,-2.00301490223102,1.3844431044879089,-2.00301490223102,1.6398053234559309,-2.00301490223102,IS1,2026-02-02,NY,-,
2026-02-02 21:45:00,2.2821589352789813,0.2597611157720208,1.5376292288880196,-1.5480045948049426,2.0257901952792374,-2.005187682958441,2.1119057323896904,-2.005187682958441,IS1,2026-02-02,LATE,MR,2.0257901952792374
2026-02-03 01:05:00,2.2924227129541395,0.03849075495975067,-2.0056044835868767,1.8775020016013066,-2.0056044835868767,3.395196156925566,-2.0056044835868767,5.175180144115285,IS1,2026-02-03,ASIA,-,
2026-02-03 03:15:00,2.0163408732904746,-0.17655450583640922,0.642938640973642,-0.6518128803245548,2.6156820486815686,-2.004437119675439,3.107758620689652,-2.004437119675439,IS1,2026-02-03,ASIA,MOM,-2.004437119675439
2026-02-03 07:25:00,2.097025665815331,-0.14977141177810596,1.2347412109375078,-2.008544921875011,-2.008544921875011,-2.008544921875011,-2.008544921875011,-2.008544921875011,IS1,2026-02-03,ASIA,MOM,-2.008544921875011
2026-02-03 08:15:00,2.116567241673108,-0.012249677311924986,-2.0069088037899547,1.1931504145282232,-2.0069088037899547,1.7893801816028476,-2.0069088037899547,5.728780102645132,IS1,2026-02-03,ASIA,-,
2026-02-03 13:20:00,-2.682022215176866,0.20938432854832606,2.1071823204420452,-2.011049723756892,1.5977900552486997,-2.011049723756892,4.101657458563658,-2.011049723756892,IS1,2026-02-03,LDN,MR,1.5977900552486997
2026-02-03 18:15:00,2.488923951845505,-0.058969175945607744,-0.6567954001933508,0.642548211468983,0.10257975881544602,-2.0071235943621564,1.8364626265710255,-2.0071235943621564,IS1,2026-02-03,NY,-,
2026-02-04 02:10:00,2.2769022543569286,-0.053783772408455166,-0.0035941979376171583,-0.00838646185443277,-2.0059903298960173,3.851183090154415,-2.0059903298960173,4.35916306533736,IS1,2026-02-04,ASIA,-,
2026-02-04 07:05:00,2.0632820807373977,-0.2490761043376085,0.8488057927159005,-2.0151302280342103,2.814222414352137,-2.0151302280342103,2.7537015022155864,-2.0151302280342103,IS1,2026-02-04,ASIA,MOM,-2.0151302280342103
2026-02-04 07:45:00,2.2646777394578184,-0.23067026692794307,4.04819277108438,-2.0175702811245664,2.345632530120601,-2.0175702811245664,0.9610943775101453,-2.0175702811245664,IS1,2026-02-04,ASIA,MOM,-2.0175702811245664
2026-02-04 11:30:00,-2.208763734721553,0.14296992499513753,0.059389440193909994,-0.08059995454888336,0.43481554427693475,-0.45602605863190804,-2.0106052571774593,1.8516779031892172,IS1,2026-02-04,LDN,MR,0.43481554427693475
2026-02-04 13:15:00,-2.2543774396612366,0.12326328660827736,0.9388272110871336,-0.9596900380001802,1.3821622829893732,-2.0104314134565504,0.8877132851500974,-2.0104314134565504,IS1,2026-02-04,LDN,MR,1.3821622829893732
2026-02-04 16:35:00,-3.0162279326915375,0.08957027717382826,0.770398481973414,-2.0056522265735324,-2.0056522265735324,-2.0056522265735324,-2.0056522265735324,-2.0056522265735324,IS1,2026-02-04,NY,MR,-2.0056522265735324
2026-02-04 17:30:00,-2.55061966778944,-0.07613549569899031,-0.3497858803376848,0.34293405114399833,0.15485133977731128,-0.16170316897099773,-2.0034259145968343,-0.012675884008334987,IS1,2026-02-04,NY,-,
2026-02-04 18:45:00,-2.261064652299304,-0.13082920928755287,1.3964762530094283,-2.003830159772379,1.0873823593784475,-2.003830159772379,1.782556358065237,-2.003830159772379,IS1,2026-02-04,NY,MOM,-2.003830159772379
2026-02-04 23:35:00,2.072473837166038,0.12349524786230145,-2.009558923938289,2.6172333743000755,-2.009558923938289,4.807182848559218,-2.009558923938289,4.630342755701154,IS1,2026-02-04,LATE,MR,-2.009558923938289
2026-02-05 03:10:00,-2.6603849690237253,0.027063308319704854,-2.0075183932119947,-0.9044627033993367,-2.0075183932119947,3.9885075989474457,-2.0075183932119947,9.078459803447702,IS1,2026-02-05,ASIA,-,
2026-02-05 04:10:00,-2.638745212609916,-0.13522946059499008,-0.9350162979402634,0.9253068867466991,-2.004854705596776,3.276926277827914,-2.004854705596776,1.9205215340870232,IS1,2026-02-05,ASIA,MOM,3.276926277827914
2026-02-05 11:00:00,-2.2225759362835142,0.05672834750006611,-2.0071691929536795,0.012904547316720577,-2.0071691929536795,1.6438959442851933,-2.0071691929536795,0.39072101597707576,IS1,2026-02-05,LDN,-,
2026-02-05 14:05:00,-2.1025095093581356,0.04391951855656885,-2.0091719077568255,-1.0061582809224316,-2.0091719077568255,2.2755503144654177,-2.0091719077568255,1.2354559748427527,IS1,2026-02-05,LDN,-,
2026-02-05 18:40:00,2.111059900401785,0.1949459602434998,0.15722250780974875,-0.16829451540198262,0.4329154968563473,-0.4439875044485811,0.4373442998932368,-0.4484163074854706,IS1,2026-02-05,NY,MR,0.4329154968563473
2026-02-05 22:00:00,-2.01136380931294,-0.11647507181687158,0.08082207597270762,-0.09698649116725797,-2.0080822075972438,-0.251356656275202,-2.0080822075972438,3.5036369934188456,IS1,2026-02-05,LATE,MOM,-0.251356656275202
2026-02-05 23:30:00,-2.9104679700046203,-0.10549149658284274,0.5829781254391095,-0.5960934938404396,-0.9869314722000795,0.9738161037987495,-2.0065576842006907,2.2079722703638947,IS1,2026-02-05,LATE,MOM,0.9738161037987495
2026-02-06 01:35:00,-2.0504640076519727,-0.2611143139046003,-2.0056703118671675,2.8771162413932574,-2.0056703118671675,-0.07825030376674356,-2.0056703118671675,0.3753746456054676,IS1,2026-02-06,ASIA,MOM,-0.07825030376674356
2026-02-06 04:25:00,2.6288618866545654,0.028517126617385,0.1858341819714218,-0.19566667837202584,0.42673034378620295,-0.43656284018680697,-0.3033325139586651,0.2935000175580611,IS1,2026-02-06,ASIA,-,
2026-02-06 07:25:00,2.7915351109288866,-0.008062486106575811,-2.0100200400802,4.565130260521109,-2.0100200400802,0.1573146292585271,-2.0100200400802,-2.0100200400802,IS1,2026-02-06,ASIA,-,
2026-02-06 10:30:00,2.312796557285975,0.006330778102384048,2.6737079845887313,-2.0092998538594755,1.2880297595323182,-2.0092998538594755,1.0871529161684441,-2.0092998538594755,IS1,2026-02-06,LDN,-,
2026-02-06 15:00:00,3.174805395127653,-0.03891964768475076,0.1523796646836161,-0.17130881557599037,-0.04448350459706915,0.025554353704694905,-2.009464575446212,-2.009464575446212,IS1,2026-02-06,NY,-,
2026-02-09 01:00:00,4.253458110175417,-0.10721062238739401,-2.0149989286479726,-2.0149989286479726,-2.0149989286479726,-2.0149989286479726,-2.0149989286479726,-2.0149989286479726,IS1,2026-02-09,ASIA,MOM,-2.0149989286479726
2026-02-09 03:35:00,-2.1392785939948356,0.0432211324148751,0.47102063895961127,-0.4842144943926523,1.1030063142022728,-1.116200169635314,2.5958910564508155,-2.0065969277165205,IS1,2026-02-09,ASIA,-,
2026-02-09 08:00:00,2.297130143265671,-0.17727831868543348,2.4241516966067653,-2.0139720558882237,2.0594810379241757,-2.0139720558882237,3.778043912175574,-2.0139720558882237,IS1,2026-02-09,ASIA,MOM,-2.0139720558882237
2026-02-09 12:25:00,-2.3860231179802938,-0.06840677056833327,-0.016872890888659623,-0.00562429696285926,1.691788526434257,-1.7142857142857757,2.5781777277841127,-2.0112485939257594,IS1,2026-02-09,LDN,-,
2026-02-09 16:30:00,2.078463351600274,0.014527445892575465,-0.25165186500890996,0.23175843694496676,-2.0099467140319973,1.783445825932479,-2.0099467140319973,3.12824156305508,IS1,2026-02-09,NY,-,
2026-02-09 17:30:00,2.3175081814772014,-0.17092093390451224,-1.3081277517646732,1.2885596477741776,-2.009784051995235,1.3022573205675567,-2.009784051995235,1.5126144384653488,IS1,2026-02-09,NY,MOM,1.3022573205675567
2026-02-09 19:55:00,-2.214055928934264,0.18583811101550968,1.0807650381528566,-1.108512535923147,2.2808443167178654,-2.013873748885091,3.9082350609454632,-2.013873748885091,IS1,2026-02-09,NY,MR,2.2808443167178654
2026-02-09 21:25:00,2.016692765446233,-0.0817263940421337,-0.04191093925414174,0.0069851565424046014,-1.0739678183859485,1.0390420356742114,-2.0174628913558683,-2.0174628913558683,IS1,2026-02-09,LATE,-,
2026-02-09 23:25:00,-2.2713005908378054,0.08877605972090252,0.7380777696258215,-0.7674247982391735,-2.014673514306638,-2.014673514306638,-2.014673514306638,-2.014673514306638,IS1,2026-02-09,LATE,MR,-2.014673514306638
2026-02-10 01:05:00,-2.8936465177748456,-0.1288288891963009,-2.0106862071597313,1.5003434852301676,-2.0106862071597313,-0.6946034653842817,-2.0106862071597313,0.5161438058163802,IS1,2026-02-10,ASIA,MOM,-0.6946034653842817
2026-02-10 04:20:00,2.0323525086158334,-0.04084553564544869,1.0635065329687239,-2.0106350653296454,3.0894864782739915,-2.0106350653296454,3.012914007900316,-2.0106350653296454,IS1,2026-02-10,ASIA,-,
2026-02-10 10:45:00,2.1509582910903267,-0.06843407238458397,0.43024162120025444,-0.46141855027274037,0.740452065471597,-0.7716289945440828,-0.5144193296959891,-2.0155884645362026,IS1,2026-02-10,LDN,-,
2026-02-10 11:05:00,2.06625904366402,-0.15914663740033863,1.2966494143284057,-1.3220739126485723,1.1021520021791633,-1.12757650049933,0.5822210115317373,-2.012712249160034,IS1,2026-02-10,LDN,MOM,-1.12757650049933
2026-02-10 14:40:00,-2.31328657480895,0.05727394378749042,1.7389502762431857,-1.7665745856354511,3.2071823204419876,-2.013812154696097,3.595303867403374,-2.013812154696097,IS1,2026-02-10,LDN,-,
2026-02-10 16:15:00,2.4490690515437525,-0.027529474341794445,4.6651660101293375,-2.0112549240292625,3.418120427687058,-2.0112549240292625,6.057400112549099,-2.0112549240292625,IS1,2026-02-10,NY,-,
2026-02-10 16:45:00,-2.199264801518895,0.22253012391570018,1.0330261653325754,-1.0518598237707266,-2.0094168292191004,0.4199905831708133,-2.0094168292191004,1.194995627900701,IS1,2026-02-10,NY,MR,-2.0094168292191004
2026-02-10 17:35:00,-2.44516696870749,-0.017355330427014405,0.43713450292397443,-0.4517543859649102,0.8289473684210293,-0.8435672514619651,1.8998538011696149,-2.0073099415204583,IS1,2026-02-10,NY,-,
2026-02-10 20:15:00,-2.0935104024502262,0.04292799935927678,0.01742278538296757,-0.04910057698835268,1.1245616019912867,-1.1562393935966717,3.392691480936814,-2.0158388958026516,IS1,2026-02-10,LATE,-,
2026-02-10 22:15:00,2.021137092528122,-0.0023742086671508372,-2.020420070011748,0.5431738623104264,-2.020420070011748,-1.0393815635938815,-2.020420070011748,-2.020420070011748,IS1,2026-02-10,LATE,-,
2026-02-11 01:15:00,2.9317004962472524,-0.044766632310249965,-2.020521841102342,-0.6443858106126965,-2.020521841102342,-2.020521841102342,-2.020521841102342,-2.020521841102342,IS1,2026-02-11,ASIA,-,
2026-02-11 07:35:00,2.149422708036874,-0.017212502067978586,1.5584371842371703,-2.0235769619400785,2.025261030650229,-2.0235769619400785,1.3580330077468925,-2.0235769619400785,IS1,2026-02-11,ASIA,-,
2026-02-11 11:40:00,2.0598817140008525,0.019192357031519537,-1.0456336178594292,0.9996717005908811,-2.022980958634274,8.142153644123459,-2.022980958634274,10.173670387393113,IS1,2026-02-11,LDN,-,
2026-02-11 14:40:00,-2.216367642143144,0.18977407552276693,1.2737489965213378,-1.2924805994113564,-2.0093658014449973,0.7736151993577405,-2.0093658014449973,2.2983676746052364,IS1,2026-02-11,LDN,MR,-2.0093658014449973
2026-02-11 15:30:00,-2.026392481238792,-0.04251058094058905,1.5507457257184383,-1.5634776282284422,1.2388141142233737,-2.006365951254977,0.2253546744270842,-2.006365951254977,IS1,2026-02-11,NY,-,
2026-02-11 19:40:00,2.6811055644262756,-0.20570115349231252,3.3230357326742763,-2.0144166409227213,1.8006384512407736,-2.0144166409227213,1.463289053650518,-2.0144166409227213,IS1,2026-02-11,NY,MOM,-2.0144166409227213
2026-02-12 01:10:00,-2.1038400314077426,-0.004915662741418178,-0.008756841282203937,-0.013135261923425368,-0.7180609851446451,0.6961688819390158,-1.5028928850664636,1.4810007818608344,IS1,2026-02-12,ASIA,-,
2026-02-12 06:55:00,2.20367964062329,0.2200234855949516,-2.023732836073911,0.5458552296998648,-2.023732836073911,1.4429564332938531,-2.023732836073911,-2.023732836073911,IS1,2026-02-12,ASIA,MR,-2.023732836073911
2026-02-12 08:30:00,-2.2733052780780025,0.04135654156158232,1.442849193099539,-1.4740122426265279,1.8947134112409643,-2.015581524763555,1.5456872565387216,-2.015581524763555,IS1,2026-02-12,ASIA,-,
2026-02-12 14:50:00,-2.082054453964438,0.021775600410937783,4.165201576235293,-2.0212185510760285,6.08123673840558,-2.0212185510760285,0.5092452258260043,-2.0212185510760285,IS1,2026-02-12,LDN,-,
2026-02-12 18:10:00,-7.302421042218216,-0.06835153881523912,-2.0071990538386384,-0.22677019591712191,-2.0071990538386384,-0.5989612793747311,-2.0071990538386384,-2.0071990538386384,IS1,2026-02-12,NY,-,
2026-02-12 20:05:00,-2.2508119207949524,-0.0694537944689668,1.0057248384118123,-1.0186518928901132,0.7542936288088357,-0.7672206832871367,1.069713758079388,-2.0064635272391507,IS1,2026-02-12,LATE,-,
2026-02-12 22:30:00,-2.0101323012227397,-0.06475562225595108,-0.00220385674931931,-0.019834710743793605,0.3999999999999513,-0.42203856749306423,-2.0110192837465135,-0.6931129476583571,IS1,2026-02-12,LATE,-,
2026-02-13 01:00:00,-3.0840065482101453,-0.06012506766036147,3.640477297381036,-2.010847667751448,3.6578335657833136,-2.010847667751448,7.015186734851935,-2.010847667751448,IS1,2026-02-13,ASIA,-,
2026-02-13 03:00:00,2.0213635795109304,0.004818286412054368,-1.3904750334102638,1.3734661645000463,-2.0085044344550975,1.881180901470054,-2.0085044344550975,2.3166079455716075,IS1,2026-02-13,ASIA,-,
2026-02-13 06:15:00,2.05038245793273,0.033810625734000004,3.063913244116232,-2.016151361329089,3.2609598523303935,-2.016151361329089,6.400784494693031,-2.016151361329089,IS1,2026-02-13,ASIA,-,
2026-02-13 07:50:00,-2.2981581528664963,0.05108731011614932,-0.012769062385990688,-0.012769062385990688,0.09321415541772272,-0.1187522801897041,3.3710324699015413,-2.0127690623860404,IS1,2026-02-13,ASIA,-,
2026-02-13 12:55:00,-2.430869610898616,0.0312503393582263,-2.0132112862130964,0.6698122110031222,-2.0132112862130964,-0.5165612909314473,-2.0132112862130964,-2.0132112862130964,IS1,2026-02-13,LDN,-,
2026-02-13 15:30:00,2.914162704064419,-0.025773935280961557,0.11443518064404486,-2.0114435180644405,-2.0114435180644405,-2.0114435180644405,-2.0114435180644405,-2.0114435180644405,IS1,2026-02-13,NY,-,
2026-02-13 18:25:00,2.209293834361551,0.03218303505780585,1.6020543597438142,-1.6182122453690668,0.8167811183565196,-0.8329390039817721,0.42414449766290896,-0.44030238328816146,IS1,2026-02-13,NY,-,
2026-02-13 21:05:00,2.7283502112123346,-0.1829737796723635,1.0741764080764773,-1.103931987247572,2.3685441020192073,-2.0148777895855474,1.9236981934112378,-2.0148777895855474,IS1,2026-02-13,LATE,MOM,-2.0148777895855474
2026-02-16 01:00:00,-2.6392603575231273,0.10855234178462805,2.064978202200443,-2.014531866306886,-2.014531866306886,-2.014531866306886,-2.014531866306886,-2.014531866306886,IS1,2026-02-16,ASIA,MR,-2.014531866306886
2026-02-16 04:35:00,-2.8711413156869416,0.04864672209493572,-2.021974572280703,3.8191806623761853,-2.021974572280703,4.010359441217782,-2.021974572280703,7.5526604928579,IS1,2026-02-16,ASIA,-,
2026-02-16 08:35:00,2.2472368070180515,0.02206761188181236,-0.058432934926928796,-2.0265604249666955,-0.780876494023929,-2.0265604249666955,-2.0265604249666955,-2.0265604249666955,IS1,2026-02-16,ASIA,-,
2026-02-16 09:45:00,2.6269746493754997,0.013238037352969745,1.3863448503885953,-2.023144321375435,0.8447677302033805,-2.023144321375435,-1.5298396429163095,-2.023144321375435,IS1,2026-02-16,ASIA,-,
2026-02-16 17:00:00,-3.235464269533788,-0.18074100141534352,0.547019867549696,-0.5841059602649273,0.4598675496688551,-0.49695364238408646,3.502781456953559,-2.0185430463576637,IS1,2026-02-16,NY,MOM,-0.49695364238408646
2026-02-17 02:25:00,-2.2584578630162313,-0.1333095143063687,-2.0177868123491756,6.696734849447335,-2.0177868123491756,2.9472748062508054,-2.0177868123491756,1.4016008131115052,IS1,2026-02-17,ASIA,MOM,2.9472748062508054
2026-02-17 07:10:00,-3.909161482512769,-0.14899110031042334,-2.0171337657569897,8.27046873087738,-2.0171337657569897,6.248684371557826,-2.0171337657569897,3.6237914575938874,IS1,2026-02-17,ASIA,MOM,6.248684371557826
2026-02-17 10:00:00,2.0174845963154273,0.11540613286216278,0.9847878302642185,-1.0168134507606157,-0.4515612489990977,0.4195356285027003,-0.2481985588470503,0.21617293835065293,IS1,2026-02-17,LDN,MR,-0.4515612489990977
2026-02-17 12:10:00,2.0869881594746302,0.19447655403428635,2.4273648648649577,-2.016891891891958,1.6908783783783579,-2.016891891891958,0.4206081081081413,-2.016891891891958,IS1,2026-02-17,LDN,MR,1.6908783783783579
2026-02-17 14:25:00,2.0829531503845846,0.02979919557413825,1.8940149625934457,-2.017456359102312,4.044638403989859,-2.017456359102312,7.802992518702955,-2.017456359102312,IS1,2026-02-17,LDN,-,
2026-02-17 15:15:00,-2.6541525561924377,0.0338885337965956,1.101198244156993,-1.13441689405615,-2.0166093249495787,3.263732352592207,-2.0166093249495787,6.41784316051731,IS1,2026-02-17,NY,-,
2026-02-17 15:55:00,-4.450809876647751,-0.13748043835098353,-2.009330223258877,-2.009330223258877,-2.009330223258877,-2.009330223258877,-2.009330223258877,-2.009330223258877,IS1,2026-02-17,NY,MOM,-2.009330223258877
2026-02-17 20:20:00,2.0478702362681487,0.34982034992372657,-1.060817547357937,1.0354391371340637,-2.012689205111953,0.6420737786639794,-2.012689205111953,-1.400888244357878,IS1,2026-02-17,LATE,MR,-2.012689205111953
2026-02-18 04:05:00,2.0808619511666753,-0.13960500199141937,-0.7484950515254135,0.7199265381084148,-2.014284256708555,2.1083562901745894,-2.014284256708555,3.5882052851750768,IS1,2026-02-18,ASIA,MOM,2.1083562901745894
2026-02-18 07:35:00,2.012142263659572,-0.299596728510118,2.9156895589056537,-2.0260562069606958,2.730690489484463,-2.0260562069606958,0.49767355294999577,-2.0260562069606958,IS1,2026-02-18,ASIA,MOM,-2.0260562069606958
2026-02-18 10:55:00,-2.346373454895084,0.0243621508436394,1.015439856373286,-1.0657091561937528,0.007540394973097473,-0.057809694793564424,-0.7012567324956419,0.650987432675175,IS1,2026-02-18,LDN,-,
2026-02-18 14:50:00,2.04491109592098,-0.0815451219079377,-2.0186666666666184,4.039466666666675,-2.0186666666666184,3.2125333333334467,-2.0186666666666184,11.050666666666835,IS1,2026-02-18,LDN,-,
2026-02-18 16:30:00,2.2022447381879084,-0.20562805134806236,-2.012946180876591,4.352506010726856,-2.012946180876591,4.087109302755684,-2.012946180876591,4.012021453671173,IS1,2026-02-18,NY,MOM,4.087109302755684
2026-02-18 20:25:00,-2.2048088064503086,0.24059553229558434,-0.18447293447301955,0.13461538461546876,-2.0249287749287754,2.300925925925951,-2.0249287749287754,2.557692307692274,IS1,2026-02-18,LATE,MR,-2.0249287749287754
2026-02-19 05:45:00,2.500091684541782,0.02193578086788414,0.41706707668666854,-0.4708821833558972,0.8368249087065147,-0.8906400153757433,-2.0269075533345093,3.8397078608494324,IS1,2026-02-19,ASIA,-,
2026-02-19 07:00:00,2.17838893354518,-0.1771399164608794,-1.2202356765544748,1.1633482324260682,-2.0284437220643143,3.302316131654037,-2.0284437220643143,9.096302316132517,IS1,2026-02-19,ASIA,MOM,3.302316131654037
2026-02-19 11:25:00,-2.8713762690375773,0.19550231682293373,-1.0922930542340383,1.0478908975578554,-2.0222010783381776,3.0282270853156357,-2.0222010783381776,3.5188709165874665,IS1,2026-02-19,LDN,MR,-2.0222010783381776
2026-02-19 16:50:00,2.0008354183014503,0.05154075247700213,-0.14632577584818546,0.12381411802538453,-0.4817494774079722,0.4592378195851714,0.2892748030229999,-0.3117864608458008,IS1,2026-02-19,NY,-,
2026-02-19 17:25:00,2.0097591207340755,-0.04551859896555603,0.2374981560701778,-0.2581501696415009,1.812214190883562,-2.0103260067856215,2.303732113881074,-2.0103260067856215,IS1,2026-02-19,NY,-,
2026-02-19 22:40:00,2.036304566095236,-0.08231668964774067,-0.1961749668621775,0.14315470554803378,0.037114182919842746,-0.09013444423398648,-2.0265101306571407,-0.8059079719751199,IS1,2026-02-19,LATE,-,
2026-02-20 03:00:00,2.271098394587157,0.017034554568781314,1.7744568977443798,-2.0193718001936922,0.904663069046511,-2.0193718001936922,2.6771827867717586,-2.0193718001936922,IS1,2026-02-20,ASIA,-,
2026-02-20 07:00:00,2.677823853297141,0.036721869617888106,0.8893563315102756,-0.9482541018089715,-2.029448885149386,-2.029448885149386,-2.029448885149386,-2.029448885149386,IS1,2026-02-20,ASIA,-,
2026-02-20 07:55:00,2.6815906703343746,-0.1496593223764482,-2.0262368815592198,2.6735382308844735,-2.0262368815592198,2.290479760119857,-2.0262368815592198,-1.4928785607196364,IS1,2026-02-20,ASIA,MOM,2.290479760119857
2026-02-20 10:50:00,2.044395586226019,-0.03665685439933474,-2.0179971718730148,1.3695847795346678,-2.0179971718730148,0.12957963748565088,-2.0179971718730148,0.880061704589414,IS1,2026-02-20,LDN,-,
2026-02-20 13:55:00,-2.04307247752522,0.17476818422178678,-1.1241319444444091,1.08362268518515,-2.0202546296297084,-1.5960648148147656,-2.0202546296297084,-2.0202546296297084,IS1,2026-02-20,LDN,MR,-2.0202546296297084
2026-02-20 15:45:00,2.422669385230419,-0.03320606783631545,-0.25922592259229005,0.22322232223225338,-2.018001800179995,2.9342934293430845,-2.018001800179995,-2.018001800179995,IS1,2026-02-20,NY,-,
2026-02-20 16:45:00,2.145551283865926,-0.15461272928545,2.8428464138190757,-2.01314307172362,1.364250844911822,-2.01314307172362,-0.958129928651848,-2.01314307172362,IS1,2026-02-20,NY,MOM,-2.01314307172362
2026-02-20 21:55:00,2.110787702352009,-0.10294516839544902,-1.5475862068966117,1.4924137931035086,-2.027586206896552,4.8717241379310945,-2.027586206896552,7.859310344827626,IS1,2026-02-20,LATE,MOM,4.8717241379310945
2026-02-23 03:40:00,2.010456418061391,-0.08035538665965919,0.7024399192809425,-0.7281232801321623,-1.0748486516234903,1.0491652907722704,-0.348009539533987,0.32232617868276714,IS1,2026-02-23,ASIA,-,
2026-02-23 04:40:00,2.2222384439543457,-0.15139379517767876,2.4617760617760167,-2.015444015443955,0.8571428571427873,-2.015444015443955,2.2918918918917934,-2.015444015443955,IS1,2026-02-23,ASIA,MOM,-2.015444015443955
2026-02-23 08:40:00,-2.144554965792363,0.18275485079269474,-2.025678650036786,0.300440205429335,-2.025678650036786,2.950476889215227,-2.025678650036786,5.156272927366567,IS1,2026-02-23,ASIA,MR,-2.025678650036786
2026-02-23 09:30:00,-2.1642213515272033,0.034552021977526964,0.4476744186046746,-0.4739309827457096,-0.009189797449276267,-0.01706676669175869,2.158289572393188,-2.0131282820705003,IS1,2026-02-23,ASIA,-,
2026-02-23 12:25:00,2.0759100664837353,-0.16714593203115613,-1.7008426966291679,-2.0245786516854256,1.317415730337108,-2.0245786516854256,1.420646067415779,-2.0245786516854256,IS1,2026-02-23,LDN,MOM,-2.0245786516854256
2026-02-23 12:55:00,2.2530599282387045,-0.1001045549004629,2.3942712721146076,-2.0196573996068525,2.5672563886549327,-2.0196573996068525,-0.25161471496777166,-2.0196573996068525,IS1,2026-02-23,LDN,MOM,-2.0196573996068525
2026-02-23 14:40:00,2.6154292317005217,0.11761302810163636,2.1262601222939153,-2.0231366716245858,2.588993554784432,-2.0231366716245858,-2.0231366716245858,-2.0231366716245858,IS1,2026-02-23,LDN,MR,2.588993554784432
2026-02-23 16:30:00,2.65391485258706,0.04734727893539413,-2.0178708195047,3.016594332397194,-2.0178708195047,3.568802655093166,-2.0178708195047,6.699770232320745,IS1,2026-02-23,NY,-,
2026-02-23 22:00:00,2.2394830540690243,-0.19006994897042817,-1.2722964968690869,1.224911152479173,-2.0236926721949264,2.8905060077848157,-2.0236926721949264,4.902013877136626,IS1,2026-02-23,LATE,MOM,2.8905060077848157
2026-02-24 01:00:00,2.6420792835516096,-0.047899192410251965,-0.553298079599344,0.5143334261064418,2.5093236849428076,-2.0194823267464006,5.827163929863368,-2.0194823267464006,IS1,2026-02-24,ASIA,-,
2026-02-24 03:05:00,-2.080009570060455,-0.021801849059086234,-2.0106902871105543,4.587202199144799,-2.0106902871105543,3.7298411728771894,-2.0106902871105543,2.09636530238241,IS1,2026-02-24,ASIA,-,
2026-02-24 06:00:00,-2.890236153226002,0.08301062551695779,0.6353149955635065,-0.6708074534162134,1.1606033717835762,-1.196095829636283,2.8997338065660885,-2.0177462289263075,IS1,2026-02-24,ASIA,-,
2026-02-24 14:15:00,-3.8518171158929206,0.02788635871563499,0.5868026054942895,-2.0198244123478286,0.3251203625036859,-2.0198244123478286,-2.0198244123478286,-2.0198244123478286,IS1,2026-02-24,LDN,-,
2026-02-24 15:35:00,-2.4012176743612836,-0.08545120230510203,-2.012985808366537,2.246544847416696,-2.012985808366537,0.4493089694832825,-2.012985808366537,-0.8103144420740586,IS1,2026-02-24,NY,-,
2026-02-24 19:15:00,2.1990641640183437,0.2509598026520427,0.0960342979635236,-0.12604501607713495,0.13804930332254128,-0.16806002143615265,1.781136120042736,-1.8111468381563471,IS1,2026-02-24,NY,MR,0.13804930332254128
2026-02-24 22:25:00,2.4652584443346752,0.2689926675394808,0.8747492118085403,-2.0200630553167094,2.608197191172122,-2.0200630553167094,7.503582688449342,-2.0200630553167094,IS1,2026-02-24,LATE,MR,2.608197191172122
2026-02-25 01:00:00,-2.609090930606509,-0.07454455356389682,-0.6929260450160618,0.66077170418005,0.6720257234726074,-2.016077170418027,3.6848874598070314,-2.016077170418027,IS1,2026-02-25,ASIA,-,
2026-02-25 03:05:00,2.3706891001205856,-0.05262202323704515,-2.012059608924142,1.6726677577741562,-2.012059608924142,2.1031957963648655,-2.012059608924142,1.8668274614522957,IS1,2026-02-25,ASIA,-,
2026-02-25 07:25:00,2.339886019739977,-0.0611941094865312,-2.024407252440821,1.5254532775454737,-2.024407252440821,-2.024407252440821,-2.024407252440821,-2.024407252440821,IS1,2026-02-25,ASIA,-,
2026-02-25 12:15:00,-2.226714029132722,0.1431626202231795,-0.5743944636676982,0.5282583621682738,-2.023068050749772,4.154555940023082,-2.023068050749772,-1.4209919261823605,IS1,2026-02-25,LDN,MR,-2.023068050749772
2026-02-25 13:10:00,-2.633696564997365,-0.01485350116719164,1.8012031719988555,-1.8394859174186,3.4741591468418305,-2.019141372709897,4.4886519004651,-2.019141372709897,IS1,2026-02-25,LDN,-,
2026-02-25 16:35:00,-3.5289235113872497,0.058927358701004746,5.856423468790373,-2.0163953624546203,4.5644689073662645,-2.0163953624546203,7.1155873053052705,-2.0163953624546203,IS1,2026-02-25,NY,-,
2026-02-25 18:50:00,2.150289939595312,-0.09025906421299139,-0.2580494633691907,0.2253849743351257,0.8868408772748231,-0.9195053663088879,1.4633691087260285,-1.4960335977600934,IS1,2026-02-25,NY,MOM,-0.9195053663088879
2026-02-25 20:45:00,-2.3521265385538492,0.1504289584013801,-2.0438459129343727,-2.0438459129343727,-2.0438459129343727,-2.0438459129343727,-2.0438459129343727,-2.0438459129343727,IS1,2026-02-25,LATE,MR,-2.0438459129343727
2026-02-25 22:15:00,-2.060379988942387,0.16860602268995906,-2.0127504553734226,1.4331511839708841,-2.0127504553734226,2.471038251366197,-2.0127504553734226,1.380874316939937,IS1,2026-02-25,LATE,MR,-2.0127504553734226
2026-02-26 06:10:00,2.0263748812379085,-0.16879754472642078,0.6720663769260471,-0.727380482022847,-0.3457131568548982,0.2903990517580983,-2.027657052548328,0.2793362307387484,IS1,2026-02-26,ASIA,MOM,0.2903990517580983
2026-02-26 07:20:00,2.3853782528106344,-0.13483321524955494,2.402416918429034,-2.028197381671629,1.7538771399800783,-2.028197381671629,4.68640483383705,-2.028197381671629,IS1,2026-02-26,ASIA,MOM,-2.028197381671629
2026-02-26 12:40:00,-2.2011342798825546,0.1224533967923481,0.897873823631878,-0.9466713140466574,0.5758103868944052,-0.6246078773091847,-2.0243987452072947,-2.0243987452072947,IS1,2026-02-26,LDN,MR,0.5758103868944052
2026-02-26 13:50:00,-2.277627288727349,-0.13063307822939182,2.6627450980391796,-2.021116138763252,3.6995475113121326,-2.021116138763252,1.5098039215686025,-2.021116138763252,IS1,2026-02-26,LDN,MOM,-2.021116138763252
2026-02-26 14:40:00,2.094914606309883,0.062431103870503865,2.4408671945994107,-2.0181747371154564,4.029339218486301,-2.0181747371154564,2.7334804621576048,-2.0181747371154564,IS1,2026-02-26,LDN,-,
2026-02-26 21:45:00,2.2215162692344266,-0.07459950583758466,-0.15527195381345232,0.11273169249470463,-1.3187481008810626,1.276207839562315,1.4272257672440707,-2.0212701306593464,IS1,2026-02-26,LATE,-,
2026-02-26 22:10:00,2.21656714581624,-0.12793429283284016,-0.3603192702395533,0.3147092360320285,0.03420752565564355,-0.07981755986316828,2.9030786773089328,-2.0228050171038214,IS1,2026-02-26,LATE,MOM,-0.07981755986316828
2026-02-27 07:25:00,2.7049982993058084,0.060538625956575755,-1.0669588507424843,0.9987825663499877,0.42269296323352823,-0.49086924762602485,5.464329194058636,-2.034088142196292,IS1,2026-02-27,ASIA,-,
2026-02-27 09:10:00,-2.036719993514468,-0.004016157372457835,-0.31874777659180475,0.26894343649931113,-0.8093205265029296,0.7595161864104361,-0.8068303094982506,0.757025969405757,IS1,2026-02-27,ASIA,-,
2026-02-27 13:55:00,2.4390793861410343,0.09101891300012914,-0.4335527920020022,0.36527676176547025,-0.6691050963182109,0.6008290660816791,-2.0341380151182213,12.716410631554183,IS1,2026-02-27,LDN,MR,-0.6691050963182109
2026-02-27 15:00:00,2.8408126368833675,-0.11669036238480482,-2.0280842527582004,8.456168505516189,-2.0280842527582004,8.599398194583445,-2.0280842527582004,7.697893681042853,IS1,2026-02-27,NY,MOM,8.599398194583445
2026-02-27 20:50:00,2.0324498240686544,-0.021297867475403312,-0.5103042198233633,0.4710500490677199,-0.6830225711482154,0.643768400392572,-2.019627085377771,3.456329735034402,IS1,2026-02-27,LATE,-,
2026-02-27 22:20:00,3.2799640674674833,-0.16897799225173885,-0.4256161180066562,0.37524734664489895,-0.05288720992976263,0.002518438568005402,-2.0251843856808787,4.676740420938947,IS1,2026-02-27,LATE,MOM,0.002518438568005402
2026-02-27 23:35:00,2.528643381429514,-0.16819936112306233,-2.0217966682236006,2.053246146660408,-2.0217966682236006,2.053246146660408,-2.0217966682236006,2.053246146660408,IS1,2026-02-27,LATE,MOM,2.053246146660408
2026-03-02 03:25:00,-2.098698581945531,0.03742003298561353,1.0593963853307904,-1.0716792419723067,1.452447797859285,-1.4647306545008012,2.941130022811029,-2.0061414283207823,IS1,2026-03-02,ASIA,-,
2026-03-02 05:35:00,2.0008089813115255,-0.1845682688287696,0.8924933987175193,-0.9188985288570886,1.7836665409279833,-2.0132025650697845,0.716899283289273,-2.0132025650697845,IS1,2026-03-02,ASIA,MOM,-2.0132025650697845
2026-03-02 08:05:00,2.5196508625690237,-0.027942046660132766,-0.3171670515781321,0.28637413394918776,-2.015396458814512,3.793687451886046,-2.015396458814512,5.571978444957469,IS1,2026-03-02,ASIA,-,
2026-03-02 16:20:00,-2.6690329098336507,0.09753382540676733,-2.0074606981081704,0.8169464428457306,-2.0074606981081704,1.080309086064468,-2.0074606981081704,3.6520117239541547,IS1,2026-03-02,NY,MR,-2.0074606981081704
2026-03-02 18:00:00,-3.1176952798624766,0.07336653418936681,1.2190939804555863,-2.0050859156464695,1.3325098993715376,-2.0050859156464695,1.3309841246776137,-2.0050859156464695,IS1,2026-03-02,NY,-,
2026-03-02 21:00:00,2.0742425102693733,0.24409014662594658,-0.6132370637785495,0.5907741676694438,-0.6851183313277246,0.6626554352186189,-2.0112314480545823,1.4499799438427992,IS1,2026-03-02,LATE,MR,-0.6851183313277246
2026-03-02 22:05:00,2.08267793535868,0.05733769825639171,-0.3846153846154073,0.3580901856764153,-0.003978779840887391,-0.022546419098104554,0.22413793103447707,-2.0132625994694786,IS1,2026-03-02,LATE,-,
2026-03-02 22:20:00,2.0255982504535908,-0.03438921675000319,0.6009744623655913,-0.624495967741935,0.9091061827956837,-0.9326276881720276,1.0078965053763453,-2.0117607526881263,IS1,2026-03-02,LATE,-,
2026-03-03 02:15:00,2.436346373170219,-0.07779753951941129,0.3462897526501503,-0.37627154941639895,-2.014990898383144,2.3475746867973033,-2.014990898383144,-2.014990898383144,IS1,2026-03-03,ASIA,-,
2026-03-03 03:05:00,2.1605893533881964,-0.15130488805064593,-0.6156530843731505,0.5912224064218375,1.986214117441709,-2.0122153389756727,-0.2724020591571536,-2.0122153389756727,IS1,2026-03-03,ASIA,MOM,-2.0122153389756727
2026-03-03 07:35:00,-2.8825890544318016,0.0680398609171004,-2.013289036544885,3.779401993355496,-2.013289036544885,4.039867109634572,-2.013289036544885,1.6345514950165714,IS1,2026-03-03,ASIA,-,
2026-03-03 11:00:00,-2.0138061208759543,-0.008412570203001783,-2.009476106673874,2.1586571003112582,-2.009476106673874,0.5344524164071753,-2.009476106673874,3.6691485041288074,IS1,2026-03-03,LDN,-,
2026-03-03 13:05:00,-4.319018325416394,-0.07641312133797863,-2.0049919771795266,1.9373863433767038,-2.0049919771795266,-0.30101622392580185,-2.0049919771795266,-2.0049919771795266,IS1,2026-03-03,LDN,-,
2026-03-03 16:20:00,-2.018528831675253,-0.09155098332794194,-2.005309868770372,4.0801031631647255,-2.005309868770372,4.520822271106735,-2.005309868770372,0.22620040961843152,IS1,2026-03-03,NY,MOM,4.520822271106735
2026-03-03 16:40:00,-3.1032368543548654,-0.1154821521642049,-2.0041187373128073,1.2949310111500196,-2.0041187373128073,0.39622252949311493,-2.0041187373128073,-2.0041187373128073,IS1,2026-03-03,NY,MOM,0.39622252949311493
2026-03-03 20:35:00,2.591868536883814,0.3210504401605909,0.3924129003208096,-0.40817245455056117,1.6902121911408754,-2.007879777114876,1.8296842460742115,-2.007879777114876,IS1,2026-03-03,LATE,MR,1.6902121911408754
2026-03-04 03:00:00,2.465298576628822,-0.06066068805706437,0.8324517239181917,-0.850296348225119,-2.0089223121534987,1.410617551462602,-2.0089223121534987,-1.0439105219552884,IS1,2026-03-04,ASIA,-,
2026-03-04 03:45:00,2.3086741754908155,-0.12157225446435797,-0.8226678291194676,0.8063934902644835,0.7591979075850352,-0.7754722464400194,0.5899447834932058,-2.008137169427492,IS1,2026-03-04,ASIA,MOM,-0.7754722464400194
2026-03-04 12:05:00,2.4337661128677097,-0.06618202817900906,0.9084745762712192,-2.013559322033916,0.4637288135593853,-2.013559322033916,-0.6915254237288196,-2.013559322033916,IS1,2026-03-04,LDN,-,
2026-03-04 14:30:00,-2.336742807051338,0.22605457726948092,-2.0146214099216335,-0.6126370757180601,-2.0146214099216335,-2.0146214099216335,-2.0146214099216335,-2.0146214099216335,IS1,2026-03-04,LDN,MR,-2.0146214099216335
2026-03-05 01:00:00,2.3096442812858933,0.08904166543694801,-0.06984568975517978,0.03735932242718369,-2.016243183663956,1.9995359090381362,-2.016243183663956,3.4224387980044004,IS1,2026-03-05,ASIA,MR,-2.016243183663956
2026-03-05 01:55:00,2.1901409282736455,-0.11695711001334701,-2.0150101854830256,1.2338372467030705,-2.0150101854830256,1.089739466066205,-2.0150101854830256,1.0972445588077355,IS1,2026-03-05,ASIA,MOM,1.089739466066205
2026-03-05 03:05:00,2.0714118061593587,-0.22089597241570816,0.9623488773747434,-0.9945883707541332,1.0413356361543602,-2.016119746689632,-2.016119746689632,-2.016119746689632,IS1,2026-03-05,ASIA,MOM,-2.016119746689632
2026-03-05 06:45:00,-2.1744455389281057,0.051949495040191966,0.20194351655029222,-0.2444579410871877,-0.8354084421499808,0.7928940176130852,-2.02125721226853,2.3531733981171805,IS1,2026-03-05,ASIA,-,
2026-03-05 07:35:00,-2.0278139149892436,-0.010053186121892523,-2.020876826722311,5.229645093945613,-2.020876826722311,2.8100208768265995,-2.020876826722311,0.7745302713986364,IS1,2026-03-05,ASIA,-,
2026-03-05 10:10:00,-2.449919540095505,0.1608597384060899,2.976047904191765,-2.0155245065424507,5.817032601463993,-2.0155245065424507,1.9188290086494255,-2.0155245065424507,IS1,2026-03-05,LDN,MR,5.817032601463993
2026-03-05 11:10:00,2.107367872181138,0.04159611540453062,2.050529605834388,-2.012154888001437,3.0399374891475084,-2.012154888001437,1.7977079354055019,-2.012154888001437,IS1,2026-03-05,LDN,-,
2026-03-05 15:05:00,-2.1857225815790247,0.09547505561605929,-2.017714791851196,3.70593445527024,-2.017714791851196,4.9743135518158335,-2.017714791851196,13.94331266607629,IS1,2026-03-05,NY,MR,-2.017714791851196
2026-03-05 15:15:00,-3.2899389335170826,0.017057096669299228,-2.0124754945642325,1.492069149884089,-2.0124754945642325,2.8706112992336004,-2.0124754945642325,5.451791124576734,IS1,2026-03-05,NY,-,
2026-03-05 17:05:00,-2.21390924034001,-0.0911237421458132,0.6963178142420042,-0.7073094135196992,0.3588757164167488,-0.3698673156944438,0.9073565203737568,-0.918348119651452,IS1,2026-03-05,NY,MOM,-0.3698673156944438
2026-03-05 18:20:00,-2.0315059820989854,0.0052844532101287076,1.1279772079772024,-1.1439316239316184,1.5667236467236456,-2.0079772079772185,0.13082621082619478,-2.0079772079772185,IS1,2026-03-05,NY,-,
2026-03-05 22:15:00,2.2652573085908756,0.34659546036141514,1.3285285285285402,-2.0120120120120126,1.5423423423424372,-2.0120120120120126,-0.6486486486486847,-2.0120120120120126,IS1,2026-03-05,LATE,MR,1.5423423423424372
2026-03-06 01:00:00,2.0573344383931293,0.1373021291180935,0.4617287343685384,-0.50020612889925,-2.0192386972652807,-2.0192386972652807,-2.0192386972652807,-2.0192386972652807,IS1,2026-03-06,ASIA,MR,-2.0192386972652807
2026-03-06 01:15:00,2.261856366016085,-0.10231786552762218,-0.5399811853244343,0.5070555032924503,0.8955785512699563,-2.0164628410159917,1.845484477892764,-2.0164628410159917,IS1,2026-03-06,ASIA,MOM,-2.0164628410159917
2026-03-06 01:40:00,2.083711035177064,-0.12796775956184686,2.3338257016247455,-2.0147710487444415,2.550960118168356,-2.0147710487444415,-2.0147710487444415,-2.0147710487444415,IS1,2026-03-06,ASIA,MOM,-2.0147710487444415
2026-03-06 03:35:00,2.087751436747671,0.06096150565345129,-2.0099850224663007,2.098851722416482,-2.0099850224663007,1.9301048427359495,-2.0099850224663007,2.108836744882728,IS1,2026-03-06,ASIA,-,
2026-03-06 05:15:00,2.4324762299561478,-0.17864703314782177,0.7942323602410235,-0.8273253752510685,0.8852381515186778,-0.9183311665287228,1.6745065595083268,-2.016546507505087,IS1,2026-03-06,ASIA,MOM,-0.9183311665287228
2026-03-06 10:25:00,-2.3204526989164442,0.06635820278383056,1.317137072764064,-2.016672621174272,-0.27343098725734394,-2.016672621174272,-2.016672621174272,-2.016672621174272,IS1,2026-03-06,LDN,-,
2026-03-06 12:00:00,-2.0582234330280675,-0.11875762190751363,0.5591113462047198,-0.5837961738517267,0.45420082870489553,-0.47888565635190244,-2.0123424138235357,-2.0123424138235357,IS1,2026-03-06,LDN,MOM,-0.47888565635190244
2026-03-06 15:05:00,-2.1533146412259394,0.017584013546169473,6.991673529142745,-2.0128099551651735,2.391618629334874,-2.0128099551651735,10.415774544789166,-2.0128099551651735,IS1,2026-03-06,NY,-,
2026-03-06 15:30:00,3.437021846046392,0.1121852453820032,3.293671742808808,-2.009475465312992,1.5880879864636093,-2.009475465312992,-2.009475465312992,-2.009475465312992,IS1,2026-03-06,NY,MR,1.5880879864636093
2026-03-06 17:00:00,2.544637046121153,0.07272215323893404,-0.4354277570524226,0.42369115982728944,-0.11267133336126112,0.10093473613612797,0.8497296390996354,-0.8614662363247685,IS1,2026-03-06,NY,-,
2026-03-06 20:40:00,2.7368091678474538,-0.0829554406883226,-0.9368029739776808,0.9070631970260076,1.0200743494423985,-1.0498141263940717,1.0884758364312523,-2.0148698884758365,IS1,2026-03-06,LATE,-,
2026-03-09 01:15:00,-2.426760161615395,0.03942071300669775,-2.008667120658713,-2.008667120658713,-2.008667120658713,-2.008667120658713,-2.008667120658713,-2.008667120658713,IS1,2026-03-09,ASIA,-,
2026-03-09 01:45:00,-2.152993904682311,-0.0533917480621776,-0.45104428973482286,0.4406754554880447,-2.005184417123403,2.139608946822673,-2.005184417123403,3.3009183824618114,IS1,2026-03-09,ASIA,-,
2026-03-09 02:35:00,-2.747737596805333,-0.12181991747921711,-0.9869628198937737,0.9756961210365387,-2.0056333494286323,0.790922259777851,-2.0056333494286323,-0.18083051665865152,IS1,2026-03-09,ASIA,MOM,0.790922259777851
2026-03-09 08:40:00,2.648954533843973,0.11731586137764079,-2.011083841342757,0.7714353574539197,-2.011083841342757,-1.5528461721161897,-2.011083841342757,-2.011083841342757,IS1,2026-03-09,ASIA,MR,-2.011083841342757
2026-03-09 12:25:00,2.2046236612792307,0.10624087031078572,2.2897624897624667,-2.0114660114660117,2.930712530712527,-2.0114660114660117,4.538247338247392,-2.0114660114660117,IS1,2026-03-09,LDN,MR,2.930712530712527
2026-03-09 21:35:00,2.491506514190763,0.14607766944297962,-2.018634367097079,1.2429122853720411,-2.018634367097079,2.849194729136083,-2.018634367097079,4.280314122188108,IS1,2026-03-09,LATE,MR,-2.018634367097079
2026-03-10 04:20:00,2.0785227322844446,-0.035343191015956295,-1.7714425747427387,1.7485704950172036,-2.0114360398627382,2.051625551380503,-2.0114360398627382,0.9206012089528542,IS1,2026-03-10,ASIA,-,
2026-03-10 08:55:00,2.1422541856501987,-0.15091524742088203,0.3967001434718596,-0.4469153515062919,0.6327116212338192,-0.6829268292682514,-0.8109756097561086,-2.0251076040171183,IS1,2026-03-10,ASIA,MOM,-0.6829268292682514
2026-03-10 10:20:00,-2.4587607421365067,0.22876605402968403,3.4194961664839583,-2.0191675794084682,3.60925520262849,-2.0191675794084682,4.638554216867218,-2.0191675794084682,IS1,2026-03-10,LDN,MR,3.60925520262849
2026-03-10 11:35:00,2.174298973850839,-0.07761506620005712,1.2138836772983848,-1.2514071294559819,1.2739212007504856,-1.3114446529080828,6.1500938086301975,-2.0187617260788717,IS1,2026-03-10,LDN,-,
2026-03-10 13:35:00,-3.349739098080026,0.08778832287135287,5.314935064935102,-2.016233766233724,3.862012987012902,-2.016233766233724,3.7126623376622407,-2.016233766233724,IS1,2026-03-10,LDN,MR,3.862012987012902
2026-03-10 16:00:00,2.2298317007192807,-0.018483360794002535,-2.0155434661929412,2.6828022649050856,-2.0155434661929412,0.8968579993338556,-2.0155434661929412,2.71388919729098,IS1,2026-03-10,NY,-,
2026-03-10 18:30:00,2.6260396167570828,-0.1242717508472357,0.9849669272398881,-1.0130286630586887,0.03648025656439493,-0.06454199238319559,0.37181799959910883,-0.3998797354179095,IS1,2026-03-10,NY,MOM,-0.06454199238319559
2026-03-10 21:15:00,-4.859684234236507,0.11104634045030004,2.824946543121827,-2.009978617248753,3.1442622950819805,-2.009978617248753,2.0745545260156835,-2.009978617248753,IS1,2026-03-10,LATE,MR,3.1442622950819805
2026-03-11 03:20:00,2.828321509939435,-0.055734255895156085,-1.491665555407247,1.4543272436323447,-2.0186691558874754,0.8102413655153101,-2.0186691558874754,-2.0186691558874754,IS1,2026-03-11,ASIA,-,
2026-03-11 10:35:00,-2.1748830092299203,-0.0020111497827987393,1.6264822134386967,-2.0197628458497507,-2.0197628458497507,-2.0197628458497507,-2.0197628458497507,-2.0197628458497507,IS1,2026-03-11,LDN,-,
2026-03-11 13:40:00,-2.1635261621641924,0.09676182660163613,1.8390015600622627,-2.0218408736350013,1.2340093603743905,-2.0218408736350013,0.26209048361918064,-2.0218408736350013,IS1,2026-03-11,LDN,MR,1.2340093603743905
2026-03-11 20:35:00,-2.2949266789468896,0.06886178463980774,2.4354880247230404,-2.018027298480626,3.315220190574187,-2.018027298480626,3.380118465104129,-2.018027298480626,IS1,2026-03-11,LATE,-,
2026-03-12 01:30:00,-2.4056347652447196,-0.13495833006345279,-2.025993316004524,4.600816932788864,-2.025993316004524,3.878202747864801,-2.025993316004524,3.184181210545791,IS1,2026-03-12,ASIA,MOM,3.878202747864801
2026-03-12 01:50:00,-2.2152082256523355,-0.25540759719036166,-2.01599268905639,0.4973726296550209,-2.01599268905639,2.312542837560038,-2.01599268905639,0.18071738633760445,IS1,2026-03-12,ASIA,MOM,2.312542837560038
2026-03-12 02:55:00,-2.014532594644478,-0.17752575946701168,2.0082818970232266,-2.0109383545589927,2.0225017579498736,-2.0109383545589927,3.7474802718962392,-2.0109383545589927,IS1,2026-03-12,ASIA,MOM,-2.0109383545589927
2026-03-12 04:45:00,2.0998024744410357,-0.050560053385097885,-0.36472016778897964,0.33381167899330627,3.237664201346815,-2.0154542443978367,2.809581631526671,-2.0154542443978367,IS1,2026-03-12,ASIA,-,
2026-03-12 05:45:00,-2.0664726486047833,0.11881858608905774,0.30412496948989076,-0.3382963143763933,0.4596045887234522,-0.49377593360995475,-0.9226263119355982,0.8884549670490959,IS1,2026-03-12,ASIA,MR,0.4596045887234522
2026-03-12 07:35:00,-2.2013016786592656,-0.10157584594511726,0.39546263345192295,-0.45774021352309735,-2.0311387900357083,-2.0311387900357083,-2.0311387900357083,-2.0311387900357083,IS1,2026-03-12,ASIA,MOM,-2.0311387900357083
2026-03-12 09:35:00,2.0968850339304552,0.031698190998266235,-0.35963302752298426,0.3201129146083761,-0.76273817925198,0.7232180663373718,-2.019760056457304,3.0825688073393978,IS1,2026-03-12,ASIA,-,
2026-03-12 15:05:00,-2.0383153455360308,0.12816959170523368,0.07538280329801328,-0.12249705535926084,3.1401648998820058,-2.023557126030532,-2.023557126030532,-2.023557126030532,IS1,2026-03-12,NY,MR,3.1401648998820058
2026-03-12 16:45:00,-2.484655335787151,0.03886488163342301,0.361240022275855,-0.38722851308706663,-1.23965101169474,1.2136625208835283,-2.0129942454056224,2.779469092259049,IS1,2026-03-12,NY,-,
2026-03-12 18:00:00,-2.212556527288134,-0.17115964800862987,-2.0109985073454464,0.7544976038966291,-2.0109985073454464,-0.2243695498467658,-2.0109985073454464,0.5631235760861389,IS1,2026-03-12,NY,MOM,-0.2243695498467658
2026-03-12 20:30:00,-2.2361897671994706,-0.1372456646679193,-0.5849537037037416,0.552546296296334,-1.8942129629629947,1.8618055555555872,-2.0162037037036407,2.7740740740739795,IS1,2026-03-12,LATE,MOM,1.8618055555555872
2026-03-12 23:25:00,-2.8041654671285334,-0.12102210765145713,-2.015572858731864,-1.2473859844271238,-2.015572858731864,-2.015572858731864,-2.015572858731864,-2.015572858731864,IS1,2026-03-12,LATE,MOM,-2.015572858731864
2026-03-13 03:30:00,2.066746619642274,-0.1586683224002749,-2.0219058050383634,2.0766703176341617,-2.0219058050383634,2.554216867469734,-2.0219058050383634,2.337349397590263,IS1,2026-03-13,ASIA,MOM,2.554216867469734
2026-03-13 05:00:00,2.1614269894992133,-0.17780645833918246,1.2114875928958846,-2.0176344627787564,2.5658143342989845,-2.0176344627787564,1.9415543519334493,-2.0176344627787564,IS1,2026-03-13,ASIA,MOM,-2.0176344627787564
2026-03-13 10:15:00,-2.4614263015970073,-0.1431563288097498,1.0997811816191996,-2.0153172866520586,-0.6816192560175502,-2.0153172866520586,-2.0153172866520586,-2.0153172866520586,IS1,2026-03-13,LDN,MOM,-2.0153172866520586
2026-03-13 11:00:00,-2.70260202319408,-0.13005011116997256,1.3010415613307742,-1.329355849934273,3.5775103650520834,-2.014157144301731,2.79178885630496,-2.014157144301731,IS1,2026-03-13,LDN,MOM,-2.014157144301731
2026-03-13 14:55:00,2.6831313924295346,0.05274491655190752,-2.0198356474922328,1.204023802776991,-2.0198356474922328,2.102578634173926,-2.0198356474922328,-2.0198356474922328,IS1,2026-03-13,LDN,-,
2026-03-13 17:40:00,-2.0953324111594607,-0.10046384620279572,-2.0116511318242494,1.1651131824234529,-2.0116511318242494,3.7819573901464367,-2.0116511318242494,4.061584553928013,IS1,2026-03-13,NY,MOM,3.7819573901464367
2026-03-13 18:50:00,-2.073048231201792,-0.13230436036839432,0.16246179350361048,-0.17696731078071762,0.8659793814432935,-0.8804848987204005,0.6193855877324985,-0.6338911050096055,IS1,2026-03-13,NY,MOM,-0.8804848987204005
2026-03-13 22:40:00,-2.4798396571715253,-0.12308019741088837,-2.0175372666917197,1.5117123888262847,-2.0175372666917197,0.07014906676687889,-2.0175372666917197,1.1486909683075779,IS1,2026-03-13,LATE,MOM,0.07014906676687889
2026-03-16 02:20:00,-2.4196419533831057,-0.07788207254194135,0.03905540417799677,-0.05722070844684323,3.2697547683923966,-2.0090826521344587,0.9028156221616661,-2.0090826521344587,IS1,2026-03-16,ASIA,-,
2026-03-16 04:10:00,-2.5573952757776603,0.15288454170893198,1.6370164622992744,-1.6559853668450373,2.71824402140779,-2.009484452272869,1.218752117065225,-2.009484452272869,IS1,2026-03-16,ASIA,MR,2.71824402140779
2026-03-16 07:00:00,2.27322907437387,0.03528290254121751,0.28944723618089496,-0.32964824120602026,2.0221105527637744,-2.0201005025125105,1.4110552763818767,-2.0201005025125105,IS1,2026-03-16,ASIA,-,
2026-03-16 08:30:00,-2.367307048874596,-0.0941488876071484,3.184014532243377,-2.025431425976418,5.317711171661932,-2.025431425976418,0.09918256130784607,-2.025431425976418,IS1,2026-03-16,ASIA,MOM,-2.025431425976418
2026-03-16 09:10:00,2.0560274147534896,0.12077757576635721,0.9128332642631467,-0.9515126398675121,3.3380301146568594,-2.019339687802258,7.438043928719573,-2.019339687802258,IS1,2026-03-16,ASIA,MR,3.3380301146568594
2026-03-16 10:40:00,-2.3478856493880915,-0.07528543152824754,-0.5864453665284031,0.5587828492393297,-0.7717842323652155,0.7441217150761422,-1.5767634854772137,1.5491009681881402,IS1,2026-03-16,LDN,-,
2026-03-16 14:15:00,3.241123177510655,0.046445865340909095,0.22887847261914704,-0.2608894478106419,-0.09123127929580094,-2.016005487595706,-2.016005487595706,-2.016005487595706,IS1,2026-03-16,LDN,-,
2026-03-16 15:25:00,2.1879772092132574,0.06079925917904517,0.3809969138689105,-0.4071822687739883,0.18329748433554455,-0.20948283924062236,1.063125409146192,-1.0893107640512696,IS1,2026-03-16,NY,-,
2026-03-16 17:40:00,-2.2226033752801966,0.0977146611367515,-0.3215811965812564,0.29665242165248135,-2.0124643874643553,0.5160256410257286,-2.0124643874643553,1.7250712250712932,IS1,2026-03-16,NY,MR,-2.0124643874643553
2026-03-16 19:25:00,-2.0810505336677942,-0.09047808088558046,1.4072441548485637,-1.4340743579915292,2.167880413951647,-2.013415101571483,3.536220774242867,-2.013415101571483,IS1,2026-03-16,NY,MOM,-2.013415101571483
2026-03-16 21:30:00,2.4901248203738957,0.08349449147188175,-0.28618883352498603,0.2504152293343628,0.23073974702941585,-0.26651335122003916,-0.010732081257193484,-0.02504152293342977,IS1,2026-03-16,LATE,-,
2026-03-17 04:50:00,2.3795391508345944,-0.12520991367500514,0.5936334245212941,-0.6284506341706346,-0.18453121114151116,0.14971400149217062,-0.609301168863396,0.5744839592140555,IS1,2026-03-17,ASIA,MOM,0.14971400149217062
2026-03-17 06:25:00,2.202359830338896,-0.13944716141711064,1.2318788315904339,-1.2823656689506926,-0.04543815362421454,-0.005048683736044247,-2.025243418680195,0.684096646231378,IS1,2026-03-17,ASIA,MOM,-0.005048683736044247
2026-03-17 07:40:00,3.012526779046217,-0.2001513488264712,-0.23063756953360395,-2.029952931108179,2.207531022678376,-2.029952931108179,7.383397518185454,-2.029952931108179,IS1,2026-03-17,ASIA,MOM,-2.029952931108179
2026-03-17 08:55:00,-2.248619230306017,0.20268755351040943,-2.020239988434214,1.7811189822178801,-2.020239988434214,2.177822755530027,-2.020239988434214,-0.11739193291881009,IS1,2026-03-17,ASIA,MR,-2.020239988434214
2026-03-17 13:05:00,-2.5991104249300805,-0.0821148970158138,-0.47747619724318036,0.437686514139585,0.34418075884608523,-0.38397044194968066,1.1300270001420571,-1.1698166832456525,IS1,2026-03-17,LDN,-,
2026-03-17 13:35:00,-2.053630454460302,-0.1621006154974487,0.8439160839160447,-0.8830769230768832,1.7994405594405294,-2.0195804195804956,3.5616783216782686,-2.0195804195804956,IS1,2026-03-17,LDN,MOM,-2.0195804195804956
2026-03-17 15:25:00,2.6102188956006254,0.04573564336451198,1.992805755395676,-2.0239808153477843,1.7505995203836298,-2.0239808153477843,-2.0239808153477843,-2.0239808153477843,IS1,2026-03-17,NY,-,
2026-03-17 18:25:00,-2.052068988615376,0.007532658018122751,-2.0131270511017685,-0.40431317393349053,-2.0131270511017685,-1.2365682137833696,-2.0131270511017685,-1.0462259728082404,IS1,2026-03-17,NY,-,
2026-03-18 03:00:00,2.008802715977275,0.07070417710403687,-2.042245021122566,-2.042245021122566,-2.042245021122566,-2.042245021122566,-2.042245021122566,-2.042245021122566,IS1,2026-03-18,ASIA,-,
2026-03-18 05:55:00,-2.0443481449197654,-0.10242554416158806,0.9508143322474549,-0.9964169381106472,-0.1915309446255659,0.14592833876237346,-2.022801302931537,1.1035830618893736,IS1,2026-03-18,ASIA,MOM,0.14592833876237346
2026-03-18 07:35:00,-3.176629478687135,-0.18006702534088612,2.4604810996565405,-2.041237113401927,4.8041237113402495,-2.041237113401927,9.934707903780124,-2.041237113401927,IS1,2026-03-18,ASIA,MOM,-2.041237113401927
2026-03-18 09:10:00,2.411696826452647,-0.022101991242149788,-0.38414634146329985,0.3470307529161093,-0.12990455991506536,0.0927889713678749,3.0156415694592926,-2.018557794273523,IS1,2026-03-18,ASIA,-,
2026-03-18 10:45:00,-2.7006550577645467,0.13400837534229745,-2.0278940027893633,1.369595536959576,-2.0278940027893633,2.008368200836814,-2.0278940027893633,1.1129707112970804,IS1,2026-03-18,LDN,MR,-2.0278940027893633
2026-03-18 13:25:00,-2.1307156912616643,-0.015308505761235575,-2.0276515899664234,3.9901244321548415,-2.0276515899664234,9.360063203634306,-2.0276515899664234,22.50286391467533,IS1,2026-03-18,LDN,-,
2026-03-18 14:25:00,-2.5370905480574524,-0.1768976334723089,-2.010117068940625,1.8301777713541998,-2.010117068940625,4.784361902008898,-2.010117068940625,8.791732909379961,IS1,2026-03-18,LDN,MOM,4.784361902008898
2026-03-18 20:20:00,2.483951047458334,0.16508742347474048,1.0455629471570538,-1.080707920170735,2.7641521275260295,-2.0175724865068863,8.698380820886051,-2.0175724865068863,IS1,2026-03-18,LATE,MR,2.7641521275260295
2026-03-18 21:55:00,-2.608843176420806,-0.08370081873358753,-0.3852168781351662,0.3645618176453455,-1.0162289760992467,0.9955739156094262,-2.0103275302449104,3.5351136028327943,IS1,2026-03-18,LATE,-,
2026-03-18 22:20:00,-2.0322062107035377,-0.20627622625171166,-0.3230348064138182,0.30478425237914186,-2.0091252770173504,2.306870029983103,-2.0091252770173504,2.3123451961935424,IS1,2026-03-18,LATE,MOM,2.306870029983103
2026-03-18 23:10:00,-2.8100463207402586,-0.17596084213327526,-0.4796796202906717,0.45891426876293495,-0.7496291901512883,0.7288638386235515,-2.010382675763855,-0.9095223969148581,IS1,2026-03-18,LATE,MOM,0.7288638386235515
2026-03-19 04:35:00,2.4430806021995246,0.015149445362551167,1.8776796973518366,-2.0138713745270795,0.6948297604035201,-2.0138713745270795,0.9016393442623264,-2.0138713745270795,IS1,2026-03-19,ASIA,-,
2026-03-19 08:30:00,-2.2772314505737654,0.046843527237533066,-2.0245098039214726,0.845588235294137,-2.0245098039214726,7.970588235293853,-2.0245098039214726,18.61274509803865,IS1,2026-03-19,ASIA,-,
2026-03-19 09:15:00,-2.4013935201452163,-0.08917853142064186,-2.013850415512501,7.565096952908491,-2.013850415512501,6.569252077562304,-2.013850415512501,12.801939058171614,IS1,2026-03-19,ASIA,MOM,6.569252077562304
2026-03-19 14:50:00,-2.2790379351736267,-0.14889654129249968,-2.0077181763052088,3.632173769226511,-2.0077181763052088,6.0904129224322645,-2.0077181763052088,4.240366062076179,IS1,2026-03-19,LDN,MOM,6.0904129224322645
2026-03-19 22:00:00,2.3003185422874686,0.30690222622767804,-2.0093777212137693,1.0212338401768897,-2.0093777212137693,1.3663339808426458,-2.0093777212137693,2.2403375979637326,IS1,2026-03-19,LATE,MR,-2.0093777212137693
2026-03-20 01:10:00,2.553991011794116,-0.11012779804976251,3.556350626117941,-2.017678627801785,4.742291907818476,-2.017678627801785,1.318530990213565,-2.017678627801785,IS1,2026-03-20,ASIA,MOM,-2.017678627801785
2026-03-20 03:10:00,2.0588947206455734,0.15943783579919274,0.9416089965398466,-2.018166089965359,-2.018166089965359,-2.018166089965359,-2.018166089965359,-2.018166089965359,IS1,2026-03-20,ASIA,MR,-2.018166089965359
2026-03-20 04:40:00,2.2265891626736054,0.022219043914829262,0.07123563037886001,-0.08882467491683355,0.10641371945477507,-0.12400276399274862,-2.0087945222689867,3.8335322570512966,IS1,2026-03-20,ASIA,-,
2026-03-20 05:45:00,2.010489790437654,-0.1197800146377463,-2.0099637036509725,3.336844352715006,-2.0099637036509725,2.476976727635027,-2.0099637036509725,1.8472706568926747,IS1,2026-03-20,ASIA,MOM,2.476976727635027
2026-03-20 08:30:00,-2.4501733181535506,0.22258041501807205,-2.0185096153846156,-2.0185096153846156,-2.0185096153846156,-2.0185096153846156,-2.0185096153846156,-2.0185096153846156,IS1,2026-03-20,ASIA,MR,-2.0185096153846156
2026-03-20 08:50:00,-2.268466394212564,0.17387393027734777,-0.5208623087622093,0.49652294853967793,-2.012169680111266,3.164116828929138,-2.012169680111266,-0.3857788595270888,IS1,2026-03-20,ASIA,MR,-2.012169680111266
2026-03-20 10:55:00,2.361952249936058,0.042704857081225976,-2.014750816563003,2.3911073648719583,-2.014750816563003,-2.014750816563003,-2.014750816563003,-2.014750816563003,IS1,2026-03-20,LDN,-,
2026-03-20 12:50:00,-2.3565273233073185,-0.0067452518034986295,-0.8866180048661217,0.8671532846714745,-1.3197080291970087,1.3002433090023613,-2.009732360097362,-5.3109719920086194e-14,IS1,2026-03-20,LDN,-,
2026-03-20 15:05:00,2.011266547492077,0.13712391486416084,2.3065573770492493,-2.010432190760046,2.3754098360656295,-2.010432190760046,8.223695976155257,-2.010432190760046,IS1,2026-03-20,NY,MR,2.3754098360656295
2026-03-20 16:50:00,-2.653913867910624,-0.044977441595415224,-2.0069888178913464,3.690095846645347,-2.0069888178913464,4.698582268370609,-2.0069888178913464,4.455371405750767,IS1,2026-03-20,NY,-,
2026-03-20 21:20:00,-2.058487612552207,-0.022687485527980188,-2.008944543828253,3.915921288014355,-2.008944543828253,5.237924865831875,-2.008944543828253,3.254919499105636,IS1,2026-03-20,LATE,-,
2026-03-23 01:00:00,-2.3999272767611215,-0.014612158229271264,3.2234958795463524,-2.0121444947022513,2.0099138732262865,-2.0121444947022513,-2.0121444947022513,-2.0121444947022513,IS1,2026-03-23,ASIA,-,
2026-03-23 02:45:00,-2.2479788703625827,-0.1254358877574448,-2.0074954491915626,2.810793446835908,-2.0074954491915626,8.773423278723703,-2.0074954491915626,3.741728236427889,IS1,2026-03-23,ASIA,MOM,8.773423278723703
2026-03-23 08:30:00,-2.40934829625006,0.057821569142979035,-2.00957865328695,3.6614402189406947,-2.00957865328695,7.603854267632128,-2.00957865328695,13.997605336678271,IS1,2026-03-23,ASIA,-,
2026-03-23 12:25:00,2.359001696171164,0.201665482964556,2.281404438127847,-2.0045221098872705,1.5954003682289475,-2.0045221098872705,-2.0045221098872705,-2.0045221098872705,IS1,2026-03-23,LDN,MR,1.5954003682289475
2026-03-23 14:05:00,5.162686746159656,0.17055275611010773,-2.003923986770569,-0.04865743595494322,-2.003923986770569,-2.003923986770569,-2.003923986770569,-2.003923986770569,IS1,2026-03-23,LDN,MR,-2.003923986770569
2026-03-23 15:45:00,2.384496755141541,0.16663670956391646,1.2191610134293325,-1.2256218561078134,0.5989201162951812,-0.6053809589736621,-0.5717845770455631,0.5653237343670822,IS1,2026-03-23,NY,MR,0.5989201162951812
2026-03-23 17:15:00,2.104935111438947,0.012268521354676848,0.48033973908526845,-0.4888943203690667,2.0984387889157037,-2.004277290641905,5.116495065839743,-2.004277290641905,IS1,2026-03-23,NY,-,
2026-03-23 18:45:00,-2.01222323887161,0.1909655868401959,-2.004693576505303,1.4911492557328736,-2.004693576505303,0.8579857851683093,-2.004693576505303,-0.3008582539895609,IS1,2026-03-23,NY,MR,-2.004693576505303
2026-03-23 21:40:00,2.7277324189019816,-0.02062144716505635,3.870085297531967,-2.007066067733316,3.1896229748145424,-2.007066067733316,3.5789633069197464,-2.007066067733316,IS1,2026-03-23,LATE,-,
2026-03-24 01:00:00,-2.417623392520117,0.0813904140388003,2.1209232654729244,-2.010485463334897,4.307618982773902,-2.010485463334897,4.697487574045109,-2.010485463334897,IS1,2026-03-24,ASIA,-,
2026-03-24 02:20:00,2.0484041224506346,-0.05765957058593878,-0.016474668648594308,-0.0008670878235969453,3.288864114951049,-2.0086708782361073,7.234113712374559,-2.0086708782361073,IS1,2026-03-24,ASIA,-,
2026-03-24 03:25:00,-2.9848707367542335,0.04360479418634529,-2.006916996047449,0.9331027667984265,-2.006916996047449,1.619268774703568,-2.006916996047449,1.8129446640316431,IS1,2026-03-24,ASIA,-,
2026-03-24 04:10:00,-2.1015748952041813,-0.1532543035493994,-0.40726817042608704,0.39891395154555237,-0.8049289891395167,0.7965747702589819,1.128237259816191,-2.0041771094402674,IS1,2026-03-24,ASIA,MOM,0.7965747702589819
2026-03-24 04:45:00,-2.1905157505771835,-0.11576723216533785,-0.028004667444585917,0.01586931155193717,2.2893815635939405,-2.0060676779463367,1.1864644107351283,-2.0060676779463367,IS1,2026-03-24,ASIA,MOM,-2.0060676779463367
2026-03-24 10:00:00,2.1259439588295685,-0.03566165158905853,-0.10198378155499901,0.08915563293173426,0.06478215054746592,-0.07761029917073067,-0.2918403811792611,0.27901223255599644,IS1,2026-03-24,LDN,-,
2026-03-24 15:35:00,-2.5456758099083685,0.08287142776735881,0.2118243834178459,-0.22406856743043996,-0.5681301381843817,0.5558859541717878,2.5945425922686525,-2.006122092006297,IS1,2026-03-24,NY,-,
2026-03-24 20:05:00,-2.151551328294775,0.24173801819642007,-0.9210140372931583,0.9014595991340693,-0.5700118723374943,0.5504574341784052,1.2465954326418787,-2.00977721907957,IS1,2026-03-24,LATE,MR,-0.5700118723374943
2026-03-24 20:30:00,-2.2114380679409025,0.05732976279090927,0.6042352941176844,-0.623058823529449,2.950588235294168,-2.0094117647058702,1.8484705882353476,-2.0094117647058702,IS1,2026-03-24,LATE,-,
2026-03-24 23:20:00,5.687338434958489,0.03645682285546937,-2.01016481521822,1.7270021055688527,-2.01016481521822,1.4779641327234532,-2.01016481521822,3.8982066361721377,IS1,2026-03-24,LATE,-,
2026-03-25 01:55:00,2.0366142908027007,-0.18984538162158462,-2.009885609377168,2.5010591724332216,-2.009885609377168,6.139951984182994,-2.009885609377168,7.765146165795712,IS1,2026-03-25,ASIA,MOM,6.139951984182994
2026-03-25 08:25:00,-3.0419142048805194,0.16790725995508865,0.20658816515141032,-2.025040989715389,-2.025040989715389,-2.025040989715389,-2.025040989715389,-2.025040989715389,IS1,2026-03-25,ASIA,MR,-2.025040989715389
2026-03-25 09:05:00,-2.5954440510420507,0.08289347913037648,0.7380497131931589,-2.0127469725939595,1.310388782664132,-2.0127469725939595,1.4047163798598863,-2.0127469725939595,IS1,2026-03-25,ASIA,-,
2026-03-25 12:45:00,-2.1698084875785106,0.20411290599509357,2.2482195587979605,-2.0121591106479384,2.357651554629187,-2.0121591106479384,4.740837241618828,-2.0121591106479384,IS1,2026-03-25,LDN,MR,2.357651554629187
2026-03-25 14:20:00,3.1167810677790535,-0.07457483083499616,0.6803187956609567,-0.7113128182423164,3.974983396059405,-2.0154970112906194,3.6216515386319417,-2.0154970112906194,IS1,2026-03-25,LDN,-,
2026-03-25 15:25:00,-2.482634868771869,0.27107726815683764,-2.0109178819308773,0.08625126725409006,-2.0109178819308773,-2.0109178819308773,-2.0109178819308773,-2.0109178819308773,IS1,2026-03-25,NY,MR,-2.0109178819308773
2026-03-25 22:05:00,-4.066334337640533,0.029749024150493936,0.8221728854830693,-0.842225882689973,2.347203323068098,-2.010026498603465,0.5695051206760392,-2.010026498603465,IS1,2026-03-25,LATE,-,
2026-03-25 23:35:00,-2.155537039760091,0.0849214625278237,0.5614035087718591,-2.011351909184753,2.2693498452011998,-2.011351909184753,-1.0278637770898287,-2.011351909184753,IS1,2026-03-25,LATE,MR,2.2693498452011998
2026-03-26 06:00:00,-2.198012516977762,-0.06889106354490501,1.5088933756370544,-1.5411979617345444,1.082203634266027,-1.1145082203635173,1.7902124795692627,-2.01615229304878,IS1,2026-03-26,ASIA,-,
2026-03-26 08:10:00,-2.0121923555945274,0.10383714713264744,-2.0305565660240426,6.483084758093992,-2.0305565660240426,22.31902510003703,-2.0305565660240426,15.497271735176696,IS1,2026-03-26,ASIA,MR,-2.0305565660240426
2026-03-26 19:20:00,-3.3791192033593567,-0.08808934162709216,-2.0084311954230984,0.9805480277024614,-2.0084311954230984,1.2073471845829618,-2.0084311954230984,2.05130984643182,IS1,2026-03-26,NY,MOM,1.2073471845829618
2026-03-26 22:50:00,-2.5457779854702007,-0.06107067092469337,4.658772671741413,-2.013156658208815,1.502490367446728,-2.013156658208815,5.57710741471676,-2.013156658208815,IS1,2026-03-26,LATE,-,
2026-03-27 03:55:00,-2.120796272883779,-0.06051514837377185,3.9533604887983307,-2.0142566191446583,5.4973523421587975,-2.0142566191446583,7.594501018329867,-2.0142566191446583,IS1,2026-03-27,ASIA,-,
2026-03-27 04:35:00,2.2917056533478215,0.06173390813464651,-2.0136645962732436,2.291925465838581,-2.0136645962732436,1.5751552795031163,-2.0136645962732436,3.3590062111802244,IS1,2026-03-27,ASIA,-,
2026-03-27 06:35:00,2.0981849123709297,-0.16830536844578398,1.330929791271349,-1.3574952561669846,0.5605313092978809,-0.5870967741935168,-2.0132827324478524,3.9091081593928023,IS1,2026-03-27,ASIA,MOM,-0.5870967741935168
2026-03-27 07:50:00,2.3655353820382126,-0.17725195683906525,0.37568024019510476,-0.42822293113149246,-2.026271345468262,4.135109776693746,-2.026271345468262,4.563332707825333,IS1,2026-03-27,ASIA,MOM,4.135109776693746
2026-03-27 08:30:00,3.4330536431783445,-0.21431408152670473,-2.0199515462447573,-0.800057004417854,-2.0199515462447573,0.7701296850506378,-2.0199515462447573,-2.0199515462447573,IS1,2026-03-27,ASIA,MOM,0.7701296850506378
2026-03-27 09:10:00,2.1576179173636794,-0.21958839157329643,0.761015618183404,-0.7854462961347173,1.9813279818515932,-2.0122153389757047,2.940232091440578,-2.0122153389757047,IS1,2026-03-27,ASIA,MOM,-2.0122153389757047
2026-03-27 11:20:00,-2.012317964541834,0.05994977788221147,-0.8581730769230881,0.8245192307692416,-2.0168269230769234,0.868269230769279,-2.0168269230769234,1.4235576923077784,IS1,2026-03-27,LDN,-,
2026-03-27 13:40:00,-2.3517283811944165,0.01318391022191806,-2.0185848931369126,0.5315279437143244,-2.0185848931369126,-1.055621930173876,-2.0185848931369126,-2.0185848931369126,IS1,2026-03-27,LDN,-,
2026-03-27 17:00:00,2.2128361673876156,0.04208924119151726,-0.4731944527826749,0.456384703127875,-2.0084048748274,4.823557663444917,-2.0084048748274,6.074203037762047,IS1,2026-03-27,NY,-,
2026-03-27 17:50:00,2.4675560088094497,-0.07618834793760415,-2.0069895157264286,3.895257114328516,-2.0069895157264286,2.617573639540711,-2.0069895157264286,1.6145781328007918,IS1,2026-03-27,NY,-,
2026-03-27 21:40:00,2.0065249889215018,0.0019316129472284893,1.5559142264238641,-1.5774344785182461,1.6818077011760069,-2.0107601260472054,2.1380370455768825,-2.0107601260472054,IS1,2026-03-27,LATE,-,
2026-03-30 02:30:00,-2.380490790068909,-0.08599087763635946,-2.008676251859163,2.0866385721369,-2.008676251859163,0.597793753098726,-2.008676251859163,-0.7617749132374335,IS1,2026-03-30,ASIA,-,
2026-03-30 05:40:00,2.5953835379934613,-0.04859100165567572,-0.9754138098206321,0.9560218851721107,-2.009695962324248,0.8522750883025492,-2.009695962324248,-0.6312071473093588,IS1,2026-03-30,ASIA,-,
2026-03-30 06:05:00,2.675842880147332,-0.11918885811626535,0.27596242889270506,-0.2944833972747663,1.4566741632491065,-1.4751951316311676,0.1629845217621082,-0.18150549014416942,IS1,2026-03-30,ASIA,MOM,-1.4751951316311676
2026-03-30 08:05:00,2.259434565234527,0.10302106511426805,-2.020827134781261,0.30824159476363633,-2.020827134781261,5.042249330556446,-2.020827134781261,5.783695328771344,IS1,2026-03-30,ASIA,MR,-2.020827134781261
2026-03-30 08:45:00,2.5751979605603172,-0.19100869380460178,-2.0149158320904053,1.7406776049434347,-2.0149158320904053,3.800554016620427,-2.0149158320904053,-0.026848497762613905,IS1,2026-03-30,ASIA,MOM,3.800554016620427
2026-03-30 14:40:00,3.253951168206315,-0.09825775712895271,1.1734845180985596,-2.012211077191436,-0.9304840819885989,-2.012211077191436,2.6852158744003534,-2.012211077191436,IS1,2026-03-30,LDN,MOM,-2.012211077191436
2026-03-30 16:45:00,-2.3902735894368714,0.2162065711335291,-1.1231009512991468,1.1032230583557987,-2.0099389464717,0.30214397273883253,-2.0099389464717,-2.0099389464717,IS1,2026-03-30,NY,MR,-2.0099389464717
2026-03-30 20:10:00,-2.236390575849925,0.21471534813759657,0.23412777889050432,-0.26216703384744366,-0.5846184658521435,0.5565792108952042,-2.0140196274784334,3.4726617264169164,IS1,2026-03-30,LATE,MR,-0.5846184658521435
2026-03-30 21:55:00,-2.870661179927508,-0.009437417679180736,0.41032024442678305,-0.4420052053863851,2.3066651578590056,-2.0158424804797392,1.8995134095281656,-2.0158424804797392,IS1,2026-03-30,LATE,-,
2026-03-31 03:00:00,2.005921170789794,-0.06725027543102241,2.0707748627212546,-2.0122025625381808,-2.0122025625381808,-2.0122025625381808,-2.0122025625381808,-2.0122025625381808,IS1,2026-03-31,ASIA,-,
2026-03-31 03:55:00,2.021187628114352,-0.09789052555884253,-2.007827788649717,2.6324853228963137,-2.007827788649717,4.5017612524462205,-2.007827788649717,1.6117416829745963,IS1,2026-03-31,ASIA,MOM,4.5017612524462205
2026-03-31 12:35:00,-2.2537181833102253,0.18120801091693145,1.6004854368931483,-1.6344660194174205,-2.0169902912621143,2.85097087378647,-2.0169902912621143,-2.0169902912621143,IS1,2026-03-31,LDN,MR,-2.0169902912621143
2026-03-31 13:35:00,-3.5942616858062664,-0.0005625329937214707,1.692240437158414,-2.0153005464480276,8.452021857923352,-2.0153005464480276,7.682404371584608,-2.0153005464480276,IS1,2026-03-31,LDN,-,
2026-03-31 14:20:00,2.0064614420050195,0.12459915342020152,-0.5557297605473469,0.5357753705815546,-2.0099771949828704,0.204532497149337,-2.0099771949828704,0.7931870011402707,IS1,2026-03-31,LDN,MR,-2.0099771949828704
2026-03-31 16:50:00,2.4490850618944466,-0.018893452619838748,-0.635440835266907,0.6151392111369763,-2.0101508120650053,-0.08932714617166902,-2.0101508120650053,1.1511020881671197,IS1,2026-03-31,NY,-,
2026-03-31 19:35:00,2.0846953980409433,-0.058831181667613995,-2.0122399020807995,0.7539779681762807,-2.0122399020807995,2.2276621787025905,-2.0122399020807995,4.548347613219117,IS1,2026-03-31,NY,-,
2026-03-31 22:35:00,2.093906272640493,-0.20956753906604225,0.6955307262569683,-0.7234636871508229,1.6410614525140061,-2.013966480446873,-1.71787709497203,-2.013966480446873,IS1,2026-03-31,LATE,MOM,-2.013966480446873
2026-04-01 01:35:00,2.028152310910706,-0.06130895831252574,1.9838582958360595,-2.009999285765316,0.24198271552036327,-2.009999285765316,-2.009999285765316,-2.009999285765316,IS2,2026-04-01,ASIA,-,
2026-04-01 03:00:00,2.0675724182646675,-0.11390121809730375,-2.0144972558765666,0.9249249249248819,-2.0144972558765666,0.6987677332505178,-2.0144972558765666,-2.0144972558765666,IS2,2026-04-01,ASIA,MOM,0.6987677332505178
2026-04-01 07:10:00,-2.0490792874561428,0.037372891665792135,0.5758665324320532,-0.616136919315413,1.7859916582770607,-2.020135193441628,4.737811016827308,-2.020135193441628,IS2,2026-04-01,ASIA,-,
2026-04-01 08:30:00,2.3234004110482633,-0.01882113227078791,-2.0205519671167993,-2.0205519671167993,-2.0205519671167993,-2.0205519671167993,-2.0205519671167993,-2.0205519671167993,IS2,2026-04-01,ASIA,-,
2026-04-01 09:20:00,2.398068424541807,-0.059708095470081796,-2.0130051091500403,2.31100789595914,-2.0130051091500403,1.3668369716674145,-2.0130051091500403,2.5307942405944828,IS2,2026-04-01,ASIA,-,
2026-04-01 10:30:00,2.1278718206105514,-0.1888981603117834,1.1354183996007978,-2.0116453169189823,-0.142072866411569,-2.0116453169189823,2.0064881051406083,-2.0116453169189823,IS2,2026-04-01,LDN,MOM,-2.0116453169189823
2026-04-01 14:15:00,2.0221756251362386,-0.21313755195245654,-2.01599268905639,2.4053004340871826,-2.01599268905639,-0.7084761251998972,-2.01599268905639,-2.01599268905639,IS2,2026-04-01,LDN,MOM,-0.7084761251998972
2026-04-01 18:35:00,2.054447912985876,-0.1796814010138739,-0.38120104438634905,0.3603133159268189,0.08250652741517825,-0.10339425587470838,-0.08355091383810156,0.06266318537857142,IS2,2026-04-01,NY,MOM,-0.10339425587470838
2026-04-01 21:00:00,-2.6355860592236313,0.24385724042343115,-1.5029615004934391,1.468410661401634,-2.017275419545925,1.103899308983144,-2.017275419545925,-2.017275419545925,IS2,2026-04-01,LATE,MR,-2.017275419545925
2026-04-02 01:30:00,2.2212133696753433,-0.05620907416303479,-0.32843012934313354,0.2929241694141461,-2.0177529799644476,2.9168146081662703,-2.0177529799644476,2.3966522952067146,IS2,2026-04-02,ASIA,-,
2026-04-02 04:00:00,-3.9499571323192533,0.0021754884553456533,-2.0101339124140694,-2.0101339124140694,-2.0101339124140694,-2.0101339124140694,-2.0101339124140694,-2.0101339124140694,IS2,2026-04-02,ASIA,-,
2026-04-02 05:30:00,-2.016035123248346,-0.19619712593317704,0.48783898149168353,-0.498141811090241,1.1024027670456544,-1.112705596644212,-0.17875409353496732,0.1684512639364098,IS2,2026-04-02,ASIA,MOM,-1.112705596644212
2026-04-02 07:20:00,-2.092027210328767,-0.11325888748699955,0.03548616039746045,-0.0723917672108032,1.1057487579843952,-1.142654364797738,-2.01845280340669,-2.01845280340669,IS2,2026-04-02,ASIA,MOM,-1.142654364797738
2026-04-02 08:30:00,-2.287771801126305,-0.072755920591389,-2.0116988384724506,7.775048048800911,-2.0116988384724506,6.9947355226874235,-2.0116988384724506,2.2894626890615926,IS2,2026-04-02,ASIA,-,
2026-04-02 10:45:00,2.4571238458671667,0.15472021691246338,0.5802271123372439,-0.5981908000257022,1.867325335215285,-2.0089818438442526,2.531981779688215,-2.0089818438442526,IS2,2026-04-02,LDN,MR,1.867325335215285
2026-04-02 14:40:00,-2.0826505880520942,-0.03777570518453052,1.371433126095993,-1.3937509963335186,2.0164195759604584,-2.011158935118792,-2.011158935118792,-2.011158935118792,IS2,2026-04-02,LDN,-,
2026-04-02 17:15:00,2.1366348253991316,0.17582966647192003,-2.0059818834387126,1.211929584686354,-2.0059818834387126,0.7022731157067228,-2.0059818834387126,-0.8589984618014113,IS2,2026-04-02,NY,MR,-2.0059818834387126
2026-04-02 22:05:00,2.835618959911082,0.07106806911210814,2.4811783960720497,-2.0163666121113355,0.8919803600654966,-2.0163666121113355,0.6350245499180958,-2.0163666121113355,IS2,2026-04-02,LATE,-,
2026-04-15 04:25:00,9.645981794575214,-0.0394776375649878,0.21347036771829503,-0.2288024935765151,0.9558990775451917,-0.9712312034034116,1.430605282001632,-1.445937407859852,IS2,2026-04-15,ASIA,-,
2026-04-15 14:50:00,2.243272571360182,0.01904924399343385,0.18699316266481844,-0.24487199872778354,0.27826363491812584,-0.3361424709810909,-2.028939418031425,2.551121004929187,IS2,2026-04-15,LDN,-,
2026-04-15 18:25:00,-2.3482626920031726,-0.074717540418423,0.5056679262058379,-0.5461213603023035,1.9931095799067147,-2.020226717048213,0.5336741498111286,-2.020226717048213,IS2,2026-04-15,NY,-,
2026-04-15 23:50:00,-2.1723960756077116,-0.1369468611841379,4.507716870675846,-2.3209153805217504,8.162320383182745,-2.3209153805217504,13.038850452368662,-2.3209153805217504,IS2,2026-04-15,LATE,MOM,-2.3209153805217504
2026-04-16 01:50:00,2.603898535225122,-0.14407322520770915,-1.1641937061797778,1.1048426544921843,-2.0296755258437376,2.960704386108115,-2.0296755258437376,5.204630686450578,IS2,2026-04-16,ASIA,MOM,2.960704386108115
2026-04-16 03:40:00,2.241449891801229,-0.3104509134032133,0.5827956989247673,-0.6387096774193914,3.5698924731184114,-2.027956989247368,3.2881720430107957,-2.027956989247368,IS2,2026-04-16,ASIA,MOM,-2.027956989247368
2026-04-16 04:35:00,-2.1512766931091383,0.17217747370996067,1.7497670704111963,-1.7982164248634793,0.7509649940103539,-2.024224677226117,1.1944629309197305,-2.024224677226117,IS2,2026-04-16,ASIA,MR,0.7509649940103539
2026-04-16 07:55:00,2.4220232025862494,-0.22127650827509165,-2.0524344569287325,-0.004033419763800754,-2.0524344569287325,-2.0524344569287325,-2.0524344569287325,-2.0524344569287325,IS2,2026-04-16,ASIA,MOM,-2.0524344569287325
2026-04-16 11:05:00,-2.1210600643684234,0.1632601861694464,-0.12294567808299989,0.07728014050929523,1.208380378873454,-1.2540459164471585,0.13348387906165574,-0.17914941663536038,IS2,2026-04-16,LDN,MR,1.208380378873454
2026-04-16 14:00:00,2.10411473145853,0.13752150380832479,0.2561983471075406,-0.32782369146015544,0.07713498622585291,-0.14876033057846783,0.07438016528915374,-2.0358126721763075,IS2,2026-04-16,LDN,MR,0.07713498622585291
2026-04-16 16:50:00,-2.800070491121186,0.012674711815982898,0.17535683076027825,-0.21070006796777419,-2.017671618603801,0.3806194776192267,-2.017671618603801,-2.017671618603801,IS2,2026-04-16,NY,-,
2026-04-17 01:05:00,2.02161892421493,0.08583951428311526,0.9652398735994521,-2.052283826486538,0.9652398735994521,-2.052283826486538,2.344728526285599,-2.052283826486538,IS2,2026-04-17,ASIA,MR,0.9652398735994521
2026-04-17 04:05:00,-2.175093769960787,-0.003611427988312002,-2.0295071335926482,2.1358625162126925,-2.0295071335926482,-2.0295071335926482,-2.0295071335926482,-2.0295071335926482,IS2,2026-04-17,ASIA,-,
2026-04-17 07:35:00,2.2004534068657393,-0.11593605317804993,-2.0595160235446817,2.3073904512753822,-2.0595160235446817,-0.04578155657304017,-2.0595160235446817,-2.0595160235446817,IS2,2026-04-17,ASIA,MOM,-0.04578155657304017
2026-04-17 09:10:00,-2.026864636254465,0.03440718977838183,-0.5258107213764405,0.4655857048311059,-0.1459298477829262,0.08570483123759157,-2.0301125082726075,0.894109861019148,IS2,2026-04-17,ASIA,-,
2026-04-17 14:45:00,2.804972513988908,-0.008919366118996484,-0.03890595290340166,-0.014333772122193741,-2.026619862512798,6.227000146262901,-2.026619862512798,12.16118180488513,IS2,2026-04-17,LDN,-,
2026-04-17 20:20:00,-2.483128301350083,0.2926981209780305,1.624550991722747,-1.681399344057591,2.352647196626695,-2.0284241761675075,0.2317663595188922,-2.0284241761675075,IS2,2026-04-17,LATE,MR,2.352647196626695
2026-04-17 23:00:00,-2.168575523354617,0.2335298013552034,-1.1284192942157976,1.0524117769888182,-2.0380037586136037,5.13050741282093,-2.0380037586136037,5.13050741282093,IS2,2026-04-17,LATE,MR,-2.0380037586136037
2026-04-17 23:25:00,-2.0445096047205724,0.04200981414966257,-2.0339362297222046,3.482379265336446,-2.0339362297222046,3.482379265336446,-2.0339362297222046,3.482379265336446,IS2,2026-04-17,LATE,-,
2026-04-20 04:00:00,2.7064278220965585,0.12306640611789216,-2.0181909045477444,2.79440279860072,-2.0181909045477444,2.3004497751123782,-2.0181909045477444,1.010294852573753,IS2,2026-04-20,ASIA,MR,-2.0181909045477444
2026-04-20 14:45:00,2.2132571178021134,0.16669215889388042,-2.0344045368620733,3.3742911153117787,-2.0344045368620733,1.1591682419658187,-2.0344045368620733,4.866918714555758,IS2,2026-04-20,LDN,MR,-2.0344045368620733
2026-04-20 16:25:00,2.2888986924985724,-0.05244899006632117,0.9464872311114989,-0.9850588110627553,0.13796757444095725,-2.0192857899756285,2.3647345554731425,-2.0192857899756285,IS2,2026-04-20,NY,-,
2026-04-20 22:05:00,2.003319197556955,-0.08529917205181743,2.57166631995005,-2.037861452049208,1.6105679217806734,-2.037861452049208,-2.037861452049208,-2.037861452049208,IS2,2026-04-20,LATE,-,
2026-04-21 01:00:00,2.7068219610865225,0.045606608625730086,-2.0422666047376197,0.9006038086390387,-2.0422666047376197,0.3738968880631051,-2.0422666047376197,-0.21133302368773504,IS2,2026-04-21,ASIA,-,
2026-04-21 05:00:00,-2.1231923928805725,-0.15115409944822528,-0.8342513770655068,0.7734935736937825,0.05141044900692873,-0.11216825237865313,-2.030378901685923,2.187280921382027,IS2,2026-04-21,ASIA,MOM,-0.11216825237865313
2026-04-21 06:10:00,-2.1593985253914263,-0.23539411513063624,-2.037814253064503,1.5881986287139387,-2.037814253064503,1.8267193018906662,-2.037814253064503,3.1793060461251867,IS2,2026-04-21,ASIA,MOM,1.8267193018906662
2026-04-21 07:45:00,-2.052495098265554,-0.3026179567882499,-0.327712056380614,0.2360936320161592,0.24666498867350659,-2.045809212182365,-2.045809212182365,-2.045809212182365,IS2,2026-04-21,ASIA,MOM,-2.045809212182365
2026-04-21 14:45:00,2.053089071951627,0.16002655063900378,2.764696250204772,-2.029801866710273,4.119534959882144,-2.029801866710273,1.5428197150811724,-2.029801866710273,IS2,2026-04-21,LDN,MR,4.119534959882144
2026-04-21 16:10:00,-2.038734797800396,-0.1075389464230002,3.1287278218196333,-2.0171762929407495,1.7387693469233767,-2.0171762929407495,-2.0171762929407495,-2.0171762929407495,IS2,2026-04-21,NY,MOM,-2.0171762929407495
2026-04-21 17:40:00,-3.233235057864009,-0.0734773200263946,-2.014802765351799,-0.36779178527851236,-2.014802765351799,-0.11500610004068122,-2.014802765351799,2.712322082147238,IS2,2026-04-21,NY,-,
2026-04-21 19:10:00,-2.003710517039053,-0.13863462626855347,-1.1945092409832214,1.1618517853937718,-2.0163287277946758,2.990669298402988,-2.0163287277946758,3.221783599497571,IS2,2026-04-21,NY,MOM,2.990669298402988
2026-04-21 21:15:00,-2.0296010364036943,-0.10795139050539562,0.7514385435337027,-0.7857749268937626,1.3655315536270354,-2.0171681916799957,-2.0171681916799957,-2.0171681916799957,IS2,2026-04-21,LATE,MOM,-2.0171681916799957
2026-04-21 22:40:00,-4.018857000231616,-0.06272767227384939,3.0873229646362352,-2.015813711008823,4.843861325918741,-2.015813711008823,5.51290294552078,-2.015813711008823,IS2,2026-04-21,LATE,-,
2026-04-22 01:00:00,2.1840233143449437,0.12977652001976386,0.9444350042480406,-0.9753610875105722,0.4258283772302448,-0.45675446049277624,-2.015463041631235,2.0601529311809186,IS2,2026-04-22,ASIA,MR,0.4258283772302448
2026-04-22 02:10:00,2.6178178971890733,-0.08681972224250242,-1.1248357424440476,1.0565045992114594,-2.0341655716161915,4.018396846254674,-2.0341655716161915,2.80946123521672,IS2,2026-04-22,ASIA,-,
2026-04-22 04:35:00,2.006758493190937,-0.08989726016831942,-0.3827806864456067,0.32984293193717173,-0.3827806864456067,0.32984293193717173,-2.0264688772542176,1.3356602675975398,IS2,2026-04-22,ASIA,MOM,0.32984293193717173
2026-04-22 06:00:00,2.0023462469567965,-0.18220712276819134,-0.7106753812638582,0.6313725490198474,-0.07625272331179309,-0.0030501089322178426,1.7507625272331309,-2.039651416122085,IS2,2026-04-22,ASIA,MOM,-0.0030501089322178426
2026-04-22 08:15:00,3.2111238217796654,-0.04606516812515156,-0.218838814454002,0.14494518879424054,1.369874137230911,-2.036946812829955,1.3016646366219622,-2.036946812829955,IS2,2026-04-22,ASIA,-,
2026-04-22 11:20:00,-2.058566159082789,0.10217274628516415,0.7546140939599549,-0.8309563758391505,1.7969798657718352,-2.0381711409395216,-2.0381711409395216,-2.0381711409395216,IS2,2026-04-22,LDN,MR,1.7969798657718352
2026-04-22 13:00:00,-2.347457151933922,0.14272547467627392,2.555780933062949,-2.0369168356999086,2.4279918864098544,-2.0369168356999086,2.1553752535498,-2.0369168356999086,IS2,2026-04-22,LDN,MR,2.4279918864098544
2026-04-22 14:40:00,-2.181695881480285,0.269308934257524,1.0495514737290284,-2.0388722768046685,-0.6339171294320897,-2.0388722768046685,-2.0388722768046685,-2.0388722768046685,IS2,2026-04-22,LDN,MR,-0.6339171294320897
2026-04-22 21:45:00,2.742701531411203,0.12295753280800294,1.3719948614425603,-2.0334006239678013,2.068269407230802,-2.0334006239678013,2.0117452743623194,-2.0334006239678013,IS2,2026-04-22,LATE,MR,2.068269407230802
2026-04-23 01:40:00,-2.0125894214477027,-0.15625786828795704,-2.042833607907614,1.2553542009886154,-2.042833607907614,1.7792421746295113,-2.042833607907614,-2.042833607907614,IS2,2026-04-23,ASIA,MOM,1.7792421746295113
2026-04-23 03:00:00,-2.006394085778594,-0.22442936779735823,-2.0385185185185577,-2.0385185185185577,-2.0385185185185577,-2.0385185185185577,-2.0385185185185577,-2.0385185185185577,IS2,2026-04-23,ASIA,MOM,-2.0385185185185577
2026-04-23 03:30:00,2.200763252496406,0.12499531665621136,0.2804949911608958,-0.3111373011196463,2.0624631703005285,-2.015321154979391,4.004714201532154,-2.015321154979391,IS2,2026-04-23,ASIA,MR,2.0624631703005285
2026-04-23 05:05:00,-2.418000500123865,-0.1162046284525639,-0.4689440993789099,0.42857142857145847,-2.0201863354037863,1.6552795031055034,-2.0201863354037863,1.560559006211149,IS2,2026-04-23,ASIA,MOM,1.6552795031055034
2026-04-23 12:00:00,-2.4704263863741867,-0.0030372157439958955,0.8532818532817291,-0.9034749034747802,0.7220077220077148,-0.7722007722007659,-2.0250965250965005,-0.3629343629343698,IS2,2026-04-23,LDN,-,
2026-04-23 13:10:00,-2.1964120648214793,-0.18076077590744666,0.2958712386283057,-0.3468159552133316,1.7125262421273881,-2.025472358292513,7.831770468859454,-2.025472358292513,IS2,2026-04-23,LDN,MOM,-2.025472358292513
2026-04-23 14:50:00,2.8902381453993726,0.05986392163052962,-2.026274000288752,3.5712429623214126,-2.026274000288752,4.509022664934265,-2.026274000288752,4.11491266060342,IS2,2026-04-23,LDN,-,
2026-04-23 18:50:00,-2.1418410966830868,0.19591429708797198,1.022354694485886,-1.0675608544461446,2.847988077496329,-2.0226030799801973,-2.0226030799801973,-2.0226030799801973,IS2,2026-04-23,NY,MR,2.847988077496329
2026-04-23 20:05:00,-2.7435490007999603,0.10576951536811895,-2.0223066552274007,2.0264738325774494,-2.0223066552274007,0.006863586223814408,-2.0223066552274007,2.496629488908,IS2,2026-04-23,LATE,MR,-2.0223066552274007
2026-04-23 20:35:00,-2.1176512482586554,-0.036868837354204424,-2.0142677955471506,-2.0142677955471506,-2.0142677955471506,-2.0142677955471506,-2.0142677955471506,-2.0142677955471506,IS2,2026-04-23,LATE,-,
2026-04-24 05:45:00,-2.482617112423748,-0.14586505569303732,-0.4122576011491336,0.3686856595642646,-0.13741920038298155,0.09384725879811247,-2.0217859707923913,-0.030165190328016765,IS2,2026-04-24,ASIA,MOM,0.09384725879811247
2026-04-24 07:20:00,-3.2296847548026424,-0.2311477486086299,3.146858168761139,-2.0326750448832382,3.6721723518850555,-2.0326750448832382,3.0412926391381405,-2.0326750448832382,IS2,2026-04-24,ASIA,MOM,-2.0326750448832382
2026-04-24 08:30:00,2.4100269721027425,0.2134485097944497,0.25917199596107104,-0.32043083137002504,2.9168630090879417,-2.030629417704416,0.08953214405929201,-2.030629417704416,IS2,2026-04-24,ASIA,MR,2.9168630090879417
2026-04-24 10:45:00,2.2393890064684503,0.12626275415102797,-0.5173960105149686,0.46111025204891026,-0.2316375444565813,0.17535178599052295,1.2317921756609842,-2.028142879232945,IS2,2026-04-24,LDN,MR,-0.2316375444565813
2026-04-24 13:30:00,-2.0424799067456365,-0.07882621473553651,3.310333221137666,-2.0306294177044784,8.906092224840373,-2.0306294177044784,7.204981487714691,-2.0306294177044784,IS2,2026-04-24,LDN,-,
2026-04-24 14:05:00,2.3305813322922515,0.12705726777833404,-2.0246579054328198,2.086438152011811,-2.0246579054328198,1.7620918574719349,-2.0246579054328198,0.7928464977644493,IS2,2026-04-24,LDN,MR,-2.0246579054328198
2026-04-24 17:05:00,2.511569281469676,0.048439640428412686,-0.2064250411861422,0.17644151565072247,0.4220757825370583,-0.452059308072478,0.7184514003294429,-0.7484349258648626,IS2,2026-04-24,NY,-,
2026-04-24 23:00:00,-2.420315373449776,0.12584558771075124,-2.009073543457616,1.9221585482331618,-2.0434574976122706,1.2836676217766418,-2.0434574976122706,1.2836676217766418,IS2,2026-04-24,LATE,MR,-2.0434574976122706
2026-04-27 03:55:00,3.242912874065759,0.0885278814908679,-2.0296368669596894,0.03875590294744312,-2.0296368669596894,1.0851652825273208,-2.0296368669596894,4.6256310047222495,IS2,2026-04-27,ASIA,MR,-2.0296368669596894
2026-04-27 05:35:00,2.3992581082450903,-0.07205090817212852,-2.026788342655204,1.6691198115985766,-2.026788342655204,2.3862231380630186,-2.026788342655204,3.214601118634205,IS2,2026-04-27,ASIA,-,
2026-04-27 08:30:00,-2.7527729015364892,0.11326665882470474,-0.7081576989833697,0.617902305975679,-0.9233820976939792,0.8331267046862884,1.2566327795686183,-1.346888172576309,IS2,2026-04-27,ASIA,MR,-0.9233820976939792
2026-04-27 17:55:00,-2.0901753896564124,-0.10962547411885577,0.45145852324523295,-0.4929352780310135,-1.309708295350983,1.2682315405652025,-0.25843208751136726,0.2169553327255867,IS2,2026-04-27,NY,MOM,1.2682315405652025
2026-04-27 20:30:00,2.1301077075483317,0.19459850932169173,1.175592461280115,-1.2435155812651866,0.42321328606083114,-0.49113640604590275,1.5648441873483532,-1.6327673073334248,IS2,2026-04-27,LATE,MR,0.42321328606083114
2026-04-28 01:05:00,3.547231745223728,0.03513709652001838,0.3288288288287256,-0.49099099099086907,0.22972972972952316,-0.3918918918916666,-2.081081081081072,5.063063063062515,IS2,2026-04-28,ASIA,-,
2026-04-28 02:15:00,2.3421236031705877,-0.14781505140410484,-2.070927513639694,1.9150428682776641,-2.070927513639694,3.219017926734592,-2.070927513639694,-2.070927513639694,IS2,2026-04-28,ASIA,MOM,3.219017926734592
2026-04-28 03:00:00,2.9728451343922293,-0.272561512484331,-2.061694915254357,-2.061694915254357,-2.061694915254357,-2.061694915254357,-2.061694915254357,-2.061694915254357,IS2,2026-04-28,ASIA,MOM,-2.061694915254357
2026-04-28 04:50:00,-2.0600264704343787,-0.11867472937960367,-2.0336787564767853,1.3860103626944473,-2.0336787564767853,2.5829015544042844,-2.0336787564767853,2.841968911917242,IS2,2026-04-28,ASIA,MOM,2.5829015544042844
2026-04-28 08:00:00,-2.4593543215196156,-0.21844197844424507,-2.054802770249763,7.912676904547478,-2.054802770249763,12.280036133695422,-2.054802770249763,10.18909966877509,IS2,2026-04-28,ASIA,MOM,12.280036133695422
2026-04-28 09:20:00,-2.4435012965833174,-0.23715668687251415,0.037153528602269656,-0.07293100058968864,0.4940043247493972,-0.5297817967368161,-0.6508747788480954,0.6150973068606765,IS2,2026-04-28,ASIA,MOM,-0.5297817967368161
2026-04-28 12:30:00,-2.128696945247047,-0.04503737711670602,-0.8008586942796813,0.7548932946080054,0.09193079934328759,-0.13789619901496353,-2.0229826998358154,3.687839373658431,IS2,2026-04-28,LDN,-,
2026-04-28 13:55:00,-2.0164456634156465,-0.15650210119492486,-0.8262965668370688,0.7731190650109189,-2.0265887509131546,8.295690284879303,-2.0265887509131546,1.940978816654449,IS2,2026-04-28,LDN,MOM,8.295690284879303
2026-04-28 19:50:00,2.304419935679773,0.19081098452892367,-0.3713142687805361,0.3173803526448114,-0.8421988442731114,0.7882649281373868,-0.4210994221365444,0.3671655060008197,IS2,2026-04-28,NY,MR,-0.8421988442731114
2026-04-29 03:00:00,3.7129014377935063,0.031043125721145523,1.38663838812313,-2.0386002120889635,7.075715800636606,-2.0386002120889635,4.1539766702016445,-2.0386002120889635,IS2,2026-04-29,ASIA,-,
2026-04-29 04:00:00,-2.6334488022460274,0.07475281010187554,0.626237313619993,-0.6718456333794229,1.7138203232679066,-2.0228041598797377,2.427765944117394,-2.0228041598797377,IS2,2026-04-29,ASIA,-,
2026-04-29 08:55:00,-2.0904136790794237,-0.0207456101200319,-2.0352030947775277,-2.0352030947775277,-2.0352030947775277,-2.0352030947775277,-2.0352030947775277,-2.0352030947775277,IS2,2026-04-29,ASIA,-,
2026-04-29 09:15:00,-2.2031222827033377,-0.07991618800195757,-0.20966496834957163,0.1534661108538186,-2.028099428747905,1.962637023313229,-2.028099428747905,3.473521692141312,IS2,2026-04-29,ASIA,-,
2026-04-29 10:15:00,-2.144473274602771,-0.15404542431730794,-1.3980642187739787,1.3421416500230186,-2.0279612843754804,1.4776463358426761,-2.0279612843754804,-0.6581656168382851,IS2,2026-04-29,LDN,MOM,1.4776463358426761
2026-04-29 12:50:00,-2.289543083418253,-0.01968830533888198,3.00589854502553,-2.0238563376589562,2.0186131865250743,-2.0238563376589562,0.9560886092541662,-2.0238563376589562,IS2,2026-04-29,LDN,-,
2026-04-29 15:50:00,-2.625684645502247,-0.11918339648772149,-1.1985111662530277,1.1533498759304468,-2.022580645161268,4.191315136476494,-2.022580645161268,1.0213399503722533,IS2,2026-04-29,NY,MOM,4.191315136476494
2026-04-29 16:20:00,-2.227096048941714,-0.1882476320922524,-2.0194319880419123,2.5949177877430576,-2.0194319880419123,0.24514200298960703,-2.0194319880419123,-0.8579970104633472,IS2,2026-04-29,NY,MOM,0.24514200298960703
2026-04-29 19:00:00,2.2686115711183152,0.07511616719364839,1.5438189204874855,-1.579028825691587,2.3021861094988254,-2.017604952602086,2.8438769587926918,-2.017604952602086,IS2,2026-04-29,NY,-,
2026-04-29 21:05:00,-2.1782755702692116,-0.09098885144867278,-2.0232083652129558,0.7087477684263156,-2.0232083652129558,-2.0232083652129558,-2.0232083652129558,-2.0232083652129558,IS2,2026-04-29,LATE,MOM,-2.0232083652129558
2026-04-29 21:30:00,-2.3054328089132867,-0.11722679503779682,2.0590543823583976,-2.0170061670715245,2.287983554475756,-2.0170061670715245,2.928985236404431,-2.0170061670715245,IS2,2026-04-29,LATE,MOM,-2.0170061670715245
2026-04-30 02:45:00,2.5772749074658554,-0.13788652324754241,-2.0507670850768642,1.4839609483963065,-2.0507670850768642,5.91631799163209,-2.0507670850768642,8.056345885635206,IS2,2026-04-30,ASIA,MOM,5.91631799163209
2026-04-30 03:45:00,2.653961814177828,-0.18694486040245584,0.4493624505349045,-0.5027114172650828,-1.1511065513704848,1.0977575846403063,2.312472519419581,-2.026674483365063,IS2,2026-04-30,ASIA,MOM,1.0977575846403063
2026-04-30 04:25:00,2.9456235499181753,-0.1803939605625603,0.12780442518959542,-0.18412501934091824,1.4340089741606041,-1.4903295683119269,3.569859198514742,-2.0281602970756336,IS2,2026-04-30,ASIA,MOM,-1.4903295683119269
2026-04-30 06:55:00,-2.0531874421023755,-0.07160643592747165,-2.0364218531118663,2.39543726235744,-2.0364218531118663,3.880328196918193,-2.0364218531118663,-2.0364218531118663,IS2,2026-04-30,ASIA,-,
2026-04-30 08:35:00,2.271306698023006,0.09165182042804162,0.070455891059852,-0.12433392539969847,-2.0269390171698967,1.9769094138543815,-2.0269390171698967,5.021018354055625,IS2,2026-04-30,ASIA,MR,-2.0269390171698967
2026-04-30 09:30:00,2.6141003199255355,-0.12802238669120317,-2.025355252159426,1.7904708832542497,-2.025355252159426,2.3053775424908585,-2.025355252159426,7.764558372805547,IS2,2026-04-30,ASIA,MOM,2.3053775424908585
2026-04-30 13:20:00,2.1053071687805445,-0.20051343734863297,-2.0227187617027047,0.44913244289099996,-2.0227187617027047,0.3477718137560717,-2.0227187617027047,-0.2376731993509788,IS2,2026-04-30,LDN,MOM,0.3477718137560717
2026-04-30 16:50:00,-2.1531113640577657,0.21405010922542345,1.3441552014252882,-1.3801841037315334,1.0531525289517196,-1.0891814312579646,0.04850044541219254,-0.08452934771843765,IS2,2026-04-30,NY,MR,1.0531525289517196
2026-05-01 01:00:00,2.7178989833061915,0.03745233514152012,0.19540476701737253,-0.3036289456731602,-0.22246081168118817,0.11423663302540053,0.24651062916040525,-0.3547348078161929,IS2,2026-05-01,ASIA,-,
2026-05-01 05:10:00,2.3279890126462797,0.024367832966485772,1.7623335943618976,-1.833594361785547,2.7682067345341976,-2.0356303837117893,2.474941268598241,-2.0356303837117893,IS2,2026-05-01,ASIA,-,
2026-05-01 06:30:00,2.0959457762545184,0.0376696152101445,1.673672316384135,-1.7559322033897813,5.087457627118447,-2.0411299435026997,4.818531073446025,-2.0411299435026997,IS2,2026-05-01,ASIA,-,
2026-05-01 07:30:00,-2.294473533104767,0.041695130999379784,-1.4030202000391345,1.3316336536574895,0.19768582074927077,-0.2690723671309158,-2.0356932731909296,5.222200431457164,IS2,2026-05-01,ASIA,-,
2026-05-01 08:55:00,-2.4754682248678592,-0.1906064445762163,-2.038764643237449,3.375505857295019,-2.038764643237449,2.946112886049122,-2.038764643237449,7.922896698615679,IS2,2026-05-01,ASIA,MOM,2.946112886049122
2026-05-01 10:30:00,-2.0874251243076145,-0.21992185009961746,-0.8238764044942944,0.7727528089886757,-2.025561797752886,2.7095505617977653,-2.025561797752886,2.770505617977441,IS2,2026-05-01,LDN,MOM,2.7095505617977653
2026-05-01 12:50:00,-2.484239753287121,-0.18851191328879013,2.5661310259579806,-2.032138442521631,1.5006180469714978,-2.032138442521631,4.222496909765075,-2.032138442521631,IS2,2026-05-01,LDN,MOM,-2.032138442521631
2026-05-01 15:10:00,2.1264496151129504,0.127249945044733,-2.0270430906389847,1.4624071322436705,-2.0270430906389847,1.3334323922734095,-2.0270430906389847,14.813372956909552,IS2,2026-05-01,NY,MR,-2.0270430906389847
2026-05-01 16:40:00,2.4155818737051318,0.026726234843689557,-2.020574270856926,7.60456703594865,-2.020574270856926,4.010400180872832,-2.020574270856926,5.62627176124818,IS2,2026-05-01,NY,-,
2026-05-01 20:45:00,-2.0154356475089177,0.1702897742314618,-2.0342427093133666,2.286359360300877,-2.0342427093133666,0.8718720602068472,-2.0342427093133666,3.3689557855126844,IS2,2026-05-01,LATE,MR,-2.0342427093133666
2026-05-01 22:40:00,-2.911252494511176,0.21179763155521872,-0.2120805369127178,0.14228187919459528,0.4671140939597137,-0.5369127516778361,0.9557046979867373,-1.0255033557048596,IS2,2026-05-01,LATE,MR,0.4671140939597137
2026-05-04 01:00:00,2.0281332165313812,0.22472034272389005,0.40812529074285064,-2.0390758257093573,1.3285780741201,-2.0390758257093573,3.666614979066575,-2.0390758257093573,IS2,2026-05-04,ASIA,MR,1.3285780741201
2026-05-04 04:25:00,-2.03629203813163,-0.09801394432859867,3.4104954714970868,-2.024240809802877,-0.31326584976012034,-2.024240809802877,2.800745871070962,-2.024240809802877,IS2,2026-05-04,ASIA,MOM,-2.024240809802877
2026-05-04 05:25:00,-2.1039492967896223,0.0071379039702507,2.3798115746970665,-2.074562584118308,3.1222072678331054,-2.074562584118308,2.796231493943376,-2.074562584118308,IS2,2026-05-04,ASIA,-,
2026-05-04 08:25:00,-2.0791445605092354,-0.0318745584022993,0.5025110782866424,-0.5562776957164801,-0.5583456425405616,0.504579025110724,-2.0268833087149725,2.1568685376660746,IS2,2026-05-04,ASIA,-,
2026-05-04 11:00:00,-2.332427303361042,-0.16240647370178962,0.39127334949383585,-0.44317695707974897,1.0181092257235937,-1.070012833309507,-2.025951803792879,3.0163981177812933,IS2,2026-05-04,LDN,MOM,-1.070012833309507
2026-05-04 13:00:00,-3.7267396642368986,-0.026672323156167188,-2.0260969314597856,0.5098938915973779,-2.0260969314597856,-2.0260969314597856,-2.0260969314597856,-2.0260969314597856,IS2,2026-05-04,LDN,-,
2026-05-04 15:15:00,2.0485156389122046,0.32564976416091884,0.4986758474575763,-2.024099576271163,1.5813029661016778,-2.024099576271163,0.09639830508484754,-2.024099576271163,IS2,2026-05-04,NY,MR,1.5813029661016778
2026-05-04 18:15:00,-2.317866927057921,0.028930329092824954,-2.0134665186829177,1.7537550869403533,-2.0134665186829177,1.7982981871993542,-2.0134665186829177,1.1177210506844126,IS2,2026-05-04,NY,-,
2026-05-04 21:25:00,-2.1494235195317395,0.04289825199972375,1.0138937130948542,-1.077110107676305,2.5116359847168876,-2.0316081972906943,0.753733935394117,-2.0316081972906943,IS2,2026-05-04,LATE,-,
2026-05-05 03:05:00,2.241878815124138,0.09177496081665001,2.010535070695688,-2.050457443859163,-2.050457443859163,-2.050457443859163,-2.050457443859163,-2.050457443859163,IS2,2026-05-05,ASIA,MR,-2.050457443859163
2026-05-05 04:00:00,2.240618768432747,-0.02142986857176256,-0.1446191797718091,0.08849830403946223,-1.1073080481036133,1.0511871723712665,-2.0280604378661735,1.4267653407340448,IS2,2026-05-05,ASIA,-,
2026-05-05 07:15:00,-2.243413821154608,-0.03826631553272015,1.4842878120410183,-1.591189427312677,2.3353891336271713,-2.053450807635883,3.3879588839940626,-2.053450807635883,IS2,2026-05-05,ASIA,-,
2026-05-05 08:05:00,2.2659438747468186,0.0850936713581667,-2.0384859378304094,-2.0384859378304094,-2.0384859378304094,-2.0384859378304094,-2.0384859378304094,-2.0384859378304094,IS2,2026-05-05,ASIA,MR,-2.0384859378304094
2026-05-05 08:30:00,2.336153664829945,-0.07022915302026536,0.7781895182635802,-0.8424210340567697,1.0277042526910243,-2.032115757896595,-2.032115757896595,-2.032115757896595,IS2,2026-05-05,ASIA,-,
2026-05-05 13:50:00,-2.426277396175089,0.07005331099592013,3.3859745996688084,-2.0334989876680556,5.0918461255292655,-2.0334989876680556,5.656175225473945,-2.0334989876680556,IS2,2026-05-05,LDN,-,
2026-05-05 14:40:00,2.1418867050467156,0.021605651957002883,-0.3517896274653432,0.2986121256391912,-2.02658875091305,0.7383491599707586,-2.02658875091305,2.147552958363854,IS2,2026-05-05,LDN,-,
2026-05-05 15:20:00,2.2391563635102494,-0.13956274893176213,1.4671199156018988,-1.5097878326104568,-2.021333958504343,0.7023795569102297,-2.021333958504343,1.1602391278866702,IS2,2026-05-05,NY,MOM,0.7023795569102297
2026-05-05 16:10:00,2.0123848481369526,-0.09820732402007212,0.7414129810453474,-0.7832280298678634,0.8009190120619873,-0.8427340608845034,-0.35221137277433495,-2.020907524411279,IS2,2026-05-05,NY,MOM,-0.8427340608845034
2026-05-05 19:00:00,-2.0197207918080586,0.1963859542426249,-2.032494197464771,2.2445991787182225,-2.032494197464771,1.90715943581508,-2.032494197464771,1.832172826281023,IS2,2026-05-05,NY,MR,-2.032494197464771
2026-05-05 20:05:00,-2.1554894910721276,-0.025109857556358785,1.4492854653188525,-1.5127222028580647,1.466364586963954,-1.529801324503166,0.7270826071801209,-2.031718368769701,IS2,2026-05-05,LATE,-,
2026-05-06 01:15:00,-2.1042022223805703,-0.10263206276553517,-0.5401346452616563,0.409632314862902,13.278612118073077,-2.0652511651993772,17.092180217503504,-2.0652511651993772,IS2,2026-05-06,ASIA,MOM,-2.0652511651993772
2026-05-06 01:55:00,3.9097479954403775,-0.016528827102080465,-2.0271601253544524,1.821817639158429,-2.0271601253544524,4.287121325175505,-2.0271601253544524,9.46425906581123,IS2,2026-05-06,ASIA,-,
2026-05-06 07:25:00,2.3850431579722757,-0.20012233952433156,0.8871831488754675,-0.952159942877609,0.5473045340948891,-0.6122813280970306,-2.032488397001136,-2.032488397001136,IS2,2026-05-06,ASIA,MOM,-0.6122813280970306
2026-05-06 08:05:00,2.0288874612354513,-0.13946065843557062,2.1562212828524423,-2.033449733504803,-2.033449733504803,-2.033449733504803,-2.033449733504803,-2.033449733504803,IS2,2026-05-06,ASIA,MOM,-2.033449733504803
2026-05-06 08:55:00,2.555392186683568,-0.05613291217357176,-0.6901995829608447,0.635984509979016,-1.33035448316949,1.2761394101876613,-2.0271075364909685,3.86178135239788,IS2,2026-05-06,ASIA,-,
2026-05-06 10:45:00,2.0754045850970466,-0.04838617682211146,-0.6734128084280648,0.6229553645689035,-0.9062933185472353,0.855835874688074,-2.0252287219295053,5.039922373163215,IS2,2026-05-06,LDN,-,
2026-05-06 11:50:00,3.509261300009129,-0.17216422313472063,0.24858889934138534,-0.29139228598296485,-0.5070555032926773,0.46425211665109783,-2.0214016933208114,3.980714957666963,IS2,2026-05-06,LDN,MOM,0.46425211665109783
2026-05-06 13:35:00,2.0682669802615727,-0.08815049397229321,-2.023765996343764,1.8117001828153299,-2.023765996343764,-0.0018281535649193846,-2.023765996343764,-2.023765996343764,IS2,2026-05-06,LDN,MOM,-0.0018281535649193846
2026-05-06 15:00:00,-2.2558644058398465,0.331544623604511,-2.016961789375532,0.23485554520040838,-2.016961789375532,0.26747437092268206,-2.016961789375532,-2.016961789375532,IS2,2026-05-06,NY,MR,-2.016961789375532
2026-05-06 19:05:00,-2.139346700897224,0.20806150066813545,1.1426637791013885,-1.1919328641040954,0.5249052517597128,-0.5741743367624198,0.36383324309694787,-0.41310232809965486,IS2,2026-05-06,NY,MR,0.5249052517597128
2026-05-06 22:05:00,2.2836374384117275,-0.022049445822145214,-1.056479962502722,0.9711741270211155,-0.7743145066790541,0.6890086711974477,-0.05577689243026923,-2.042652917740846,IS2,2026-05-06,LATE,-,
2026-05-07 04:10:00,2.4534501984970367,-0.018759041481547417,-0.5231023102310162,0.4801980198019734,0.899339933993536,-0.9422442244225787,0.6188118811881358,-0.6617161716171786,IS2,2026-05-07,ASIA,-,
2026-05-07 04:45:00,2.255607315102006,-0.14275990173897812,1.8203173294869246,-2.0187512878632337,1.7496393983102327,-2.0187512878632337,2.1015866474345613,-2.0187512878632337,IS2,2026-05-07,ASIA,MOM,-2.0187512878632337
2026-05-07 07:10:00,-2.0132275187111146,0.0751760865837326,0.34567901234554754,-0.42738496071816384,1.1061728395060766,-1.187878787878693,3.513355780022344,-2.04085297418639,IS2,2026-05-07,ASIA,-,
2026-05-07 09:20:00,2.256924605972484,-0.10929834353679854,-2.0313522825151678,5.537295434969958,-2.0313522825151678,6.280103359173222,-2.0313522825151678,6.306632213609195,IS2,2026-05-07,ASIA,MOM,6.280103359173222
2026-05-07 11:00:00,2.045987246589521,-0.19548190414380534,1.9001560062401939,-2.0202808112324293,3.6240249609984345,-2.0202808112324293,3.1216848673946442,-2.0202808112324293,IS2,2026-05-07,LDN,MOM,-2.0202808112324293
2026-05-07 18:45:00,-2.044933846987963,0.21514258304955963,-2.020583578375872,4.51572042524319,-2.020583578375872,3.2712056095906497,-2.020583578375872,5.571816331146863,IS2,2026-05-07,NY,MR,-2.020583578375872
2026-05-07 20:15:00,-2.0486159487646907,-0.04284545043942396,-2.0186132133360792,0.9535692370627913,-2.0186132133360792,-0.2978114133769434,-2.0186132133360792,0.5884638985477305,IS2,2026-05-07,LATE,-,
2026-05-07 20:25:00,-2.168717641574516,-0.050879591148565426,1.3958944281524777,-1.425545780384475,1.5498533724340438,-1.5795047246660412,0.6705767350928878,-0.7002280873248851,IS2,2026-05-07,LATE,-,
2026-05-07 23:55:00,-2.32542580473425,0.08816072056600288,2.0315369261477,-2.0181636726546723,0.9347305389221082,-2.0181636726546723,3.5209580838322996,-2.0181636726546723,IS2,2026-05-07,LATE,MR,0.9347305389221082
2026-05-08 02:55:00,2.00689516754811,-0.043492321377848864,1.8929882171141132,-2.0324512265790995,0.7842379756616915,-2.0324512265790995,-2.0324512265790995,-2.0324512265790995,IS2,2026-05-08,ASIA,-,
2026-05-08 05:00:00,2.7970611423421774,-0.10993776070382277,1.8088627869728837,-2.019434063000573,2.118312867058272,-2.019434063000573,1.762520021356165,-2.019434063000573,IS2,2026-05-08,ASIA,MOM,-2.019434063000573
2026-05-08 06:30:00,2.0914608240655843,0.02649662592833297,1.8572319980030791,-2.0227130912267786,2.6626731561212194,-2.0227130912267786,1.0902283788842677,-2.0227130912267786,IS2,2026-05-08,ASIA,-,
2026-05-08 08:45:00,2.0638863652654393,-0.03340483332821208,0.21423265488056173,-2.0270390729461245,0.7300549695439651,-2.0270390729461245,3.354924974000917,-2.0270390729461245,IS2,2026-05-08,ASIA,-,
2026-05-08 10:20:00,-2.462171902352917,0.13153702132666045,0.7466883569602903,-0.7889844294678425,2.207529630490292,-2.0211480362538183,2.301882407622512,-2.0211480362538183,IS2,2026-05-08,LDN,MR,2.207529630490292
2026-05-08 13:35:00,2.038365262811211,-0.005419607221983189,0.4829113924049658,-2.0287974683544028,0.8683544303798146,-2.0287974683544028,0.2990506329113052,-2.0287974683544028,IS2,2026-05-08,LDN,-,
2026-05-08 15:05:00,-2.020165694587037,0.1305805409904691,3.5316946959896973,-2.0294307891333054,2.3272962483828508,-2.0294307891333054,3.767141009055662,-2.0294307891333054,IS2,2026-05-08,NY,MR,2.3272962483828508
2026-05-08 16:55:00,2.180361880810456,-0.14856103366833287,3.576851275668942,-2.0161792159302725,3.9676415681394253,-2.0161792159302725,5.079029247044255,-2.0161792159302725,IS2,2026-05-08,NY,MOM,-2.0161792159302725
2026-05-08 21:00:00,2.5988871839312244,-0.04644295282239193,0.343377715487135,-0.4284045783696401,1.1053492174726378,-2.04251343144138,1.1184302733007034,-2.04251343144138,IS2,2026-05-08,LATE,-,
2026-05-08 23:15:00,-2.954379310906132,0.131486697690041,-0.16789667896688606,0.05596555965569133,0.0688806888068734,-0.18081180811806813,0.0688806888068734,-0.18081180811806813,IS2,2026-05-08,LATE,MR,0.0688806888068734
2026-05-11 03:10:00,-2.468422000337636,0.016033303890814386,1.400448861814637,-2.0291760179544434,-2.0291760179544434,-2.0291760179544434,-2.0291760179544434,-2.0291760179544434,IS2,2026-05-11,ASIA,-,
2026-05-11 08:40:00,-2.336340530107582,-0.0659596049379608,-2.0279784780937735,-0.39169869331293383,-2.0279784780937735,-2.0279784780937735,-2.0279784780937735,-2.0279784780937735,IS2,2026-05-11,ASIA,-,
2026-05-11 12:20:00,-2.4705592474018108,-0.06676115830999074,-2.033425160697788,-0.6787878787879371,-2.033425160697788,-1.6249770431589976,-2.033425160697788,-2.033425160697788,IS2,2026-05-11,LDN,-,
2026-05-11 15:20:00,3.9821971671607117,0.045107030131476794,-0.11837655016916408,0.06708004509588142,-2.025648252536718,7.6372604284106895,-2.025648252536718,8.077226606539144,IS2,2026-05-11,NY,-,
2026-05-11 19:40:00,-3.250420712679721,0.21567656299978652,1.5851239669420478,-1.6452892561982462,2.8647933884298027,-2.0300826446280396,3.547438016528934,-2.0300826446280396,IS2,2026-05-11,NY,MR,2.8647933884298027
2026-05-11 22:45:00,2.0570962413631904,0.027170422865232025,-2.0470284237726535,1.1720930232556974,-2.0470284237726535,1.8739018087852222,-2.0470284237726535,7.4558139534878025,IS2,2026-05-11,LATE,-,
2026-05-12 01:00:00,2.2098299474728385,-0.22752514102118385,-0.2976612331680571,0.17859673990086797,-2.0595322466335944,3.3470351996221552,-2.0595322466335944,7.884715331915926,IS2,2026-05-12,ASIA,MOM,3.3470351996221552
2026-05-12 04:30:00,-2.3171203507616904,0.004751781777126388,-0.4569851541682773,0.4223448800913835,-0.7940616673010947,0.7594213932242009,-0.8966501712981076,0.8620098972212139,IS2,2026-05-12,ASIA,-,
2026-05-12 07:50:00,-2.424963978519545,-0.020189532740398336,0.15304528891186162,-0.21620683671682617,0.04372722540331328,-2.031580773902514,-2.031580773902514,-2.031580773902514,IS2,2026-05-12,ASIA,-,
2026-05-12 08:05:00,-2.038951229569197,-0.09179787102406285,1.0326039704391425,-2.026372989421771,-1.3348790030430313,-2.026372989421771,-2.026372989421771,-2.026372989421771,IS2,2026-05-12,ASIA,MOM,-2.026372989421771
2026-05-12 09:20:00,-2.4148024829011336,-0.1638336930771424,0.06408579649482009,-0.11169238817674583,-2.023803295840892,0.23620193565264488,-2.023803295840892,-0.6152236463509604,IS2,2026-05-12,ASIA,MOM,0.23620193565264488
2026-05-12 13:35:00,-2.2385696598793827,0.013740026480175298,0.9274283587644484,-0.9725840466443632,3.081007319191092,-2.0225778439399127,2.6016623247734962,-2.0225778439399127,IS2,2026-05-12,LDN,-,
2026-05-12 18:10:00,-2.289617075918946,-0.08528625941050012,-2.017134249670529,-0.16343438147236938,-2.017134249670529,-0.9898324232724484,-2.017134249670529,-1.691018640557277,IS2,2026-05-12,NY,-,
2026-05-12 21:30:00,2.9081040847146475,0.11752330711386233,-2.0370445756157873,1.9234683492774542,-2.0370445756157873,5.280276816608944,-2.0370445756157873,6.685121107266463,IS2,2026-05-12,LATE,MR,-2.0370445756157873
2026-05-13 05:35:00,-2.0604280577871057,-0.15225067451080262,-1.1589958158995497,1.1046025104602193,1.9225941422595412,-2.0271966527197467,1.5104602510460994,-2.0271966527197467,IS2,2026-05-13,ASIA,MOM,-2.0271966527197467
2026-05-13 12:15:00,-2.302803659879863,-0.04513159094028496,1.6668654343071607,-1.7392168554957865,2.715961041542106,-2.0361757105942404,1.989664082687144,-2.0361757105942404,IS2,2026-05-13,LDN,-,
2026-05-13 13:05:00,2.3171020142353207,0.11858483714081894,2.668572288250293,-2.027380773281206,3.013991274259077,-2.027380773281206,1.9903715962087383,-2.027380773281206,IS2,2026-05-13,LDN,MR,3.013991274259077
2026-05-13 15:20:00,-2.2141536859958317,0.03899494648511426,-2.0305317899680957,1.4021137393055574,-2.0305317899680957,-1.5031035061232216,-2.0305317899680957,1.3598389531957764,IS2,2026-05-13,NY,-,
2026-05-13 18:35:00,2.071715818300195,0.11372935538447894,-0.3921217546999912,0.3455684870187029,-0.7448522829005676,0.6982990152192793,1.378692927484295,-1.4252461951655833,IS2,2026-05-13,NY,MR,-0.7448522829005676
2026-05-13 20:55:00,-2.239688065486968,-0.02283342247421581,1.6338553318419844,-2.0339299030574534,-2.0339299030574534,-2.0339299030574534,-2.0339299030574534,-2.0339299030574534,IS2,2026-05-13,LATE,-,
2026-05-13 21:45:00,-2.74712068496797,-0.09058363724370155,2.112462541864892,-2.0320817909395386,2.4036664903930816,-2.0320817909395386,2.322228098008117,-2.0320817909395386,IS2,2026-05-13,LATE,MOM,-2.0320817909395386
2026-05-14 01:25:00,2.0525466378660395,-0.047886641852144696,-1.1903132403265142,1.0944985522507065,-0.17320347459862906,0.07738878652282137,-2.047907344037856,-2.047907344037856,IS2,2026-05-14,ASIA,-,
2026-05-14 07:00:00,-2.0000469865516948,-0.0831760970622189,7.21067575241332,-2.0258375922770635,5.523282226007925,-2.0258375922770635,3.9968767745598375,-2.0258375922770635,IS2,2026-05-14,ASIA,-,
2026-05-14 07:25:00,2.7035739905747156,0.0936196517002235,-0.04412923561854092,0.0031520882584139677,1.3427895981088616,-1.3837667454689888,1.7131599684791539,-2.0204885736800433,IS2,2026-05-14,ASIA,MR,1.3427895981088616
2026-05-14 10:30:00,2.1473099391149617,0.04767787931628303,2.3287563750491254,-2.023800183078284,1.4261802013861902,-2.023800183078284,2.830391003007766,-2.023800183078284,IS2,2026-05-14,LDN,-,
2026-05-14 16:40:00,-2.1979550317373695,0.03666392310005448,1.3642335766422546,-1.3974452554743713,1.27609489051092,-2.0166058394160915,0.7268248175182025,-2.0166058394160915,IS2,2026-05-14,NY,-,
2026-05-14 21:00:00,-2.506022886761851,0.03085013471182064,0.8358208955224362,-0.9123397099012439,-0.3943661971830966,0.3178473828042889,-2.0382594071895186,5.886062644523703,IS2,2026-05-14,LATE,-,
2026-05-14 21:40:00,-2.0770977133425093,-0.08563568975056529,-0.38048563154380854,0.2993985297394,-2.0405435509022043,3.7112942748940037,-2.0405435509022043,5.5139229226996225,IS2,2026-05-14,LATE,-,
2026-05-14 22:25:00,-2.564566316856697,-0.16499557714551222,-2.0455341506129128,3.204903677758136,-2.0455341506129128,5.316987740805271,-2.0455341506129128,1.5761821366021258,IS2,2026-05-14,LATE,MOM,5.316987740805271
2026-05-15 03:25:00,-2.871202489524738,-0.1612037330006003,-2.0171245765901054,-0.038200978547214645,-2.0171245765901054,2.7517877305232106,-2.0171245765901054,2.2775686864885363,IS2,2026-05-15,ASIA,MOM,2.7517877305232106
2026-05-15 08:00:00,-2.076695856346297,-0.08469061895919149,-2.024422973698336,5.668008588298444,-2.024422973698336,6.800858829844283,-2.024422973698336,5.604133118625846,IS2,2026-05-15,ASIA,-,
2026-05-15 11:00:00,-2.129544313598465,-0.03101989373925105,-0.9678974471347846,0.9280157773637754,-0.5000547825133015,0.4601731127422923,-2.019940834885485,2.2195683137941646,IS2,2026-05-15,LDN,-,
2026-05-15 12:45:00,-2.3296249789071783,-0.15405217748730635,2.791894965367515,-2.0188152589683184,3.1435955753127636,-2.0188152589683184,2.6804507391709538,-2.0188152589683184,IS2,2026-05-15,LDN,MOM,-2.0188152589683184
2026-05-15 16:35:00,-2.0077821074425644,0.011847914887799668,0.581248574252915,-0.6089270777887673,2.896661850809795,-2.0138392517679535,1.4477986464906922,-2.0138392517679535,IS2,2026-05-15,NY,-,
2026-05-15 20:10:00,2.307675595617267,0.2875886814364591,-0.7918692001767709,0.7382530564148025,-0.9692149064664785,0.9155987627045101,1.3486522315510652,-1.4022683753130334,IS2,2026-05-15,LATE,MR,-0.9692149064664785
2026-05-15 23:00:00,-2.990162636008092,-0.036658517078466867,0.25763709974239035,-0.32462274567540444,-0.38645564961351514,0.31947000368050105,-0.38645564961351514,0.31947000368050105,IS2,2026-05-15,LATE,-,
2026-05-18 03:05:00,-2.2774493944492775,-0.12617510906575113,-2.019444444444464,4.977777777777785,-2.019444444444464,3.2831196581196664,-2.019444444444464,-0.7822649572648802,IS2,2026-05-18,ASIA,MOM,3.2831196581196664
2026-05-18 13:30:00,-2.194408027904803,-0.025756087065214768,1.2749182303323172,-2.0313306937511713,2.130487175073318,-2.0313306937511713,7.0469960406269,-2.0313306937511713,IS2,2026-05-18,LDN,-,
2026-05-18 14:35:00,2.1044480446009777,0.1661122589307547,0.02482010637191116,-0.0627802690583229,-0.855563666701503,0.8176035040150913,-2.018980081343168,2.5769110439044525,IS2,2026-05-18,LDN,MR,-0.855563666701503
2026-05-18 15:40:00,2.1301265629067503,0.049227358314381964,0.22037495578349825,-0.25256455606648376,0.4110364343827157,-0.44322603466570115,2.7064025468695605,-2.016094800141509,IS2,2026-05-18,NY,-,
2026-05-18 21:55:00,-2.224003619931608,-0.04603397711351876,4.512610211195555,-2.037318023375026,6.501947918802533,-2.037318023375026,8.686487594833068,-2.037318023375026,IS2,2026-05-18,LATE,-,
2026-05-18 23:20:00,2.2276255434358148,-0.04194500597237568,0.7407653910150301,-0.8013311148087042,-1.3440931780366128,1.2835274542429387,-2.0302828618968674,4.565723793676868,IS2,2026-05-18,LATE,-,
2026-05-19 08:20:00,-2.03303921874154,-0.05312218087823173,1.1015809558423186,-2.0330728693440285,3.551517354170623,-2.0330728693440285,2.930765037252425,-2.0330728693440285,IS2,2026-05-19,ASIA,-,
2026-05-19 13:40:00,-2.195274621517238,0.03519857080755537,1.5017301038063406,-2.0262399077277182,2.619953863898596,-2.0262399077277182,1.6430219146482865,-2.0262399077277182,IS2,2026-05-19,LDN,-,
2026-05-19 16:00:00,-2.2673133945723722,0.052731964205345636,-2.0197504069452377,6.3596310363537,-2.0197504069452377,1.7091698317959911,-2.0197504069452377,4.051871947911018,IS2,2026-05-19,NY,-,
2026-05-19 22:20:00,-2.602184784684881,-0.14913075805654602,-0.7622138092663366,0.6965927528394407,0.14638543356770037,-0.2120064899945964,-2.0328105282135467,1.4789976563907559,IS2,2026-05-19,LATE,MOM,-0.2120064899945964
2026-05-20 03:25:00,2.0445357302547484,-0.01873314255238681,0.14810690423161119,-0.18864142538973944,4.410467706013276,-2.020267260579125,3.1788418708240505,-2.020267260579125,IS2,2026-05-20,ASIA,-,
2026-05-20 04:25:00,-2.1524392432105137,0.04873602613882237,-2.0151477320016946,-0.9146899708697717,-2.0151477320016946,-0.9356637536412351,-2.0151477320016946,1.4483562213899692,IS2,2026-05-20,ASIA,-,
2026-05-20 14:25:00,2.04268703029053,-0.09671000121980378,0.18856934838025005,-2.0331270476883865,0.11976701856579766,-2.0331270476883865,2.6807426283218754,-2.0331270476883865,IS2,2026-05-20,LDN,MOM,-2.0331270476883865
2026-05-20 17:05:00,-2.280759288195467,0.024286726309689165,7.747080803362627,-2.021251751518045,8.183559084539638,-2.021251751518045,9.337692666977615,-2.021251751518045,IS2,2026-05-20,NY,-,
2026-05-20 21:35:00,2.376815605974325,-0.023751698912699196,-0.143488745980727,0.0703376205788034,-2.0365755627009254,1.4630225080387074,-2.0365755627009254,0.20819935691339234,IS2,2026-05-20,LATE,-,
2026-05-20 22:35:00,2.0887425753191695,-0.1852297605688928,0.5293740653705443,-0.607135227515386,1.298013245032931,-1.3757744071777727,1.6090578936122868,-2.038880581072499,IS2,2026-05-20,LATE,MOM,-1.3757744071777727
2026-05-21 04:10:00,2.249535444504709,-0.06693444683222137,-1.279569892473078,1.2379318233813368,1.2731640356897742,-1.3148021047815157,3.5056051246855304,-2.0208190345458292,IS2,2026-05-21,ASIA,-,
2026-05-21 05:25:00,-2.192741197768683,0.1857486960267662,-1.2171704957679192,1.173155985489805,-0.7973397823458265,0.7533252720677123,-2.022007255139079,0.0778718258766883,IS2,2026-05-21,ASIA,MR,-0.7973397823458265
2026-05-21 06:50:00,-2.4204866923802917,-0.13521985045306764,2.1685413977502743,-2.0335607597270213,1.974921630093994,-2.0335607597270213,-2.0335607597270213,-2.0335607597270213,IS2,2026-05-21,ASIA,MOM,-2.0335607597270213
2026-05-21 08:15:00,-2.2457854777815065,0.10124270837540722,-2.037256908904771,1.1205731832138388,-2.037256908904771,-2.037256908904771,-2.037256908904771,-2.037256908904771,IS2,2026-05-21,ASIA,MR,-2.037256908904771
2026-05-21 10:25:00,-2.094116465935807,-0.039568327442807805,1.2623883021933373,-1.3116707284050895,4.317898727321952,-2.02464121310595,4.533983211481235,-2.02464121310595,IS2,2026-05-21,LDN,-,
2026-05-21 11:10:00,2.1561988721104486,0.2610248331686719,0.9967315617451156,-1.048458149779789,-0.7261617166406924,0.6744351286060192,0.2825067500355595,-0.3342333380702327,IS2,2026-05-21,LDN,MR,-0.7261617166406924
2026-05-21 13:25:00,-2.323065708923493,0.11136759772467762,-2.022628372497779,1.1174934725848842,-2.022628372497779,0.670147954743335,-2.022628372497779,1.8798955613577462,IS2,2026-05-21,LDN,MR,-2.022628372497779
2026-05-21 20:10:00,2.279682086583356,0.02117212511187308,-2.029801866710273,4.960864581627691,-2.029801866710273,4.461110201408209,-2.029801866710273,2.5835925986573773,IS2,2026-05-21,LATE,-,
2026-05-22 02:40:00,-2.6521363552288606,-0.06894671136234709,-0.8325385694252024,0.7304347826089373,1.7553997194948054,-2.0510518934082347,-2.0510518934082347,-2.0510518934082347,IS2,2026-05-22,ASIA,-,
2026-05-22 08:55:00,-3.2653308864995267,0.00569754632393453,2.843525443613547,-2.0266901305176717,3.1761255316029673,-2.0266901305176717,2.1495820501540686,-2.0266901305176717,IS2,2026-05-22,ASIA,-,
2026-05-22 12:50:00,2.2852914077518496,0.14017660668729598,0.7750696378828651,-0.8384401114204679,5.006267409470646,-2.031685236768865,2.4007660167129257,-2.031685236768865,IS2,2026-05-22,LDN,MR,5.006267409470646
2026-05-22 13:40:00,-2.440497898892327,0.06224169557166304,0.676656383135017,-0.7301307477596676,1.867489349199344,-2.026737182312272,1.2484207433523826,-2.026737182312272,IS2,2026-05-22,LDN,-,
2026-05-22 15:10:00,2.2036114830639,0.07302543401490354,2.6372795969774248,-2.032745591939449,0.24433249370286272,-2.032745591939449,7.947103274559278,-2.032745591939449,IS2,2026-05-22,NY,-,
2026-05-22 17:10:00,-2.4442163626378823,-0.04869336415050495,0.8828592814371106,-0.9169161676646553,1.7565494011975982,-1.7906062874251432,2.856848802395154,-2.0170284431138064,IS2,2026-05-22,NY,-,
2026-05-22 18:35:00,2.0273987497008332,0.20153192808134973,0.6387745017296785,-0.6987316751772177,0.21907428759697092,-0.27903146104451015,-0.6802833141162434,0.6203261406687043,IS2,2026-05-22,NY,MR,0.21907428759697092
2026-05-22 22:10:00,-2.1211344839416695,-0.043619877715210725,0.6610948600084454,-0.7371500208943617,0.16673631424984028,-0.2427914751357566,0.17551190973686834,-0.25156707062278466,IS2,2026-05-22,LATE,-,
2026-05-25 01:00:00,7.039686684450381,0.030778947444961187,-1.4640876853643474,1.3990973565442308,-2.032495164410035,3.0924564796906235,-2.032495164410035,3.188136686009083,IS2,2026-05-25,ASIA,-,
2026-05-25 08:20:00,-2.2008071458922904,0.2653106335160945,-1.025654588732913,0.9293837609095869,-2.0481354139115666,0.014810896588230961,-2.0481354139115666,-2.0481354139115666,IS2,2026-05-25,ASIA,MR,-2.0481354139115666
2026-05-25 12:30:00,2.6678593606974075,0.16339477561860424,-1.530425417339854,1.4324178782983925,-2.0490037695206325,2.778136779752196,-2.0490037695206325,3.0608508346794885,IS2,2026-05-25,LDN,MR,-2.0490037695206325
2026-05-25 14:15:00,2.6286129739171935,-0.19187699287852783,1.5733333333329163,-2.0577777777777184,9.15999999999964,-2.0577777777777184,5.666666666666147,-2.0577777777777184,IS2,2026-05-25,LDN,MOM,-2.0577777777777184
2026-05-25 14:35:00,2.2652557669163587,-0.1951306655816848,6.358042777614856,-2.053325520070478,2.8713741576325407,-2.053325520070478,4.7295634339288934,-2.053325520070478,IS2,2026-05-25,LDN,MOM,-2.053325520070478
2026-05-25 15:05:00,-2.712488431374879,0.17242908409041824,-2.0397901180586717,-2.0397901180586717,-2.0397901180586717,-2.0397901180586717,-2.0397901180586717,-2.0397901180586717,IS2,2026-05-25,NY,MR,-2.0397901180586717
2026-05-25 20:00:00,2.260497648525929,-0.02581200411986695,2.778042959427562,-2.062052505966401,3.107398568019257,-2.062052505966401,2.281622911694881,-2.062052505966401,IS2,2026-05-25,LATE,-,
2026-05-25 20:45:00,-2.2356913914186163,0.2159780444394489,1.5726966636058728,-2.0557086011630923,2.391184573002832,-2.0557086011630923,2.391184573002832,-2.0557086011630923,IS2,2026-05-25,LATE,MR,2.391184573002832
2026-05-26 02:10:00,2.1539188376234235,-0.169063061221441,8.678294573643255,-2.0503875968991747,10.34883720930233,-2.0503875968991747,11.755813953488422,-2.0503875968991747,IS2,2026-05-26,ASIA,MOM,-2.0503875968991747
2026-05-26 02:30:00,-3.1436606956622484,0.05746221440323236,-2.035819720527455,2.76638456996654,-2.035819720527455,2.421964180279473,-2.035819720527455,6.003936233024968,IS2,2026-05-26,ASIA,-,
2026-05-26 04:35:00,-2.845533928811286,-0.12992371436135275,1.4385139901245778,-1.481307312485264,1.2492358335292961,-1.2920291558899821,2.2153773806724564,-2.021396661180279,IS2,2026-05-26,ASIA,MOM,-1.2920291558899821
2026-05-26 07:25:00,-2.1821190826042764,0.05995666512167699,-2.0469798657719545,2.5188435725350526,-2.0469798657719545,0.4155911202893557,-2.0469798657719545,0.7299948373776062,IS2,2026-05-26,ASIA,-,
2026-05-26 12:40:00,-2.1205812654257503,-0.13934984317236154,3.548826886493424,-2.0288522511096456,4.39663918833232,-2.0288522511096456,-0.7213062777425465,-2.0288522511096456,IS2,2026-05-26,LDN,MOM,-2.0288522511096456
2026-05-26 13:30:00,2.4152241419624834,0.1907756244881277,0.5009784735813261,-0.5518590998044193,3.751467710371953,-2.0254403131114707,5.516634050880891,-2.0254403131114707,IS2,2026-05-26,LDN,MR,3.751467710371953
2026-05-26 14:30:00,-2.3085491386556214,0.14079994462225895,-2.0323440554468877,2.7417807001953745,-2.0323440554468877,2.1993957703927953,-2.0323440554468877,-2.0323440554468877,IS2,2026-05-26,LDN,MR,-2.0323440554468877
2026-05-26 20:50:00,-2.122147663406882,-0.048977155103234124,-2.0412604851508416,1.2409884379958915,-2.0412604851508416,-0.7363409657672629,-2.0412604851508416,-2.0412604851508416,IS2,2026-05-26,LATE,-,
2026-05-26 22:45:00,2.5401095825837867,0.125278027708359,-0.5228720324260865,0.41748697162701853,0.25130283729008546,-0.3566878980891536,-12.127388535031205,-2.052692530399376,IS2,2026-05-26,LATE,MR,0.25130283729008546
2026-05-27 02:40:00,3.564537820977809,0.056028675444393675,1.0179090769937629,-2.027858564212544,1.735802847084162,-2.027858564212544,3.595897749885221,-2.027858564212544,IS2,2026-05-27,ASIA,-,
2026-05-27 05:05:00,-2.0093265048601,-0.12256004161313443,-0.7711765684806783,0.7106007655184551,1.3116991179895179,-1.3722749209517409,-0.48693626227326403,0.4263604593110409,IS2,2026-05-27,ASIA,MOM,-1.3722749209517409
2026-05-27 06:55:00,-2.489405509118331,0.02566785903195372,0.7551739321883942,-0.8353148392777772,3.9700572435048858,-2.0400704535447316,0.11404667547335272,-2.0400704535447316,IS2,2026-05-27,ASIA,-,
2026-05-27 07:45:00,3.1270236713591766,0.219989210363833,2.9195710455764083,-2.034852546916819,4.970509383377839,-2.034852546916819,7.546916890080061,-2.034852546916819,IS2,2026-05-27,ASIA,MR,4.970509383377839
2026-05-27 08:40:00,-2.0075094299105327,0.0880217212137478,0.08806185296809672,-0.13576202332584833,-2.0238500851788523,1.0328921504390458,-2.0238500851788523,1.9336915214257895,IS2,2026-05-27,ASIA,MR,-2.0238500851788523
2026-05-27 13:15:00,-2.5000707019810204,-0.041451998786126536,-2.0362477594104047,8.643696474806152,-2.0362477594104047,8.462457677753868,-2.0362477594104047,8.944831706831636,IS2,2026-05-27,LDN,-,
2026-05-27 16:05:00,-2.486095879652891,0.005575638547556487,0.3351488283723716,-0.3582013932868742,2.6590246991766597,-2.0115262824572397,1.348575047498417,-2.0115262824572397,IS2,2026-05-27,NY,-,
2026-05-27 19:35:00,2.043758735071726,0.21825414043882774,1.455704072117031,-1.512278520360737,-0.29810382343794173,0.24152937519423578,-0.7398197078022062,0.6832452595585002,IS2,2026-05-27,NY,MR,-0.29810382343794173
2026-05-28 04:15:00,-2.2116256291175573,-0.05819627598204476,-2.02016620498615,2.43235457063723,-2.02016620498615,4.5079224376733,-2.02016620498615,7.570083102493272,IS2,2026-05-28,ASIA,-,
2026-05-28 07:15:00,-2.1908191139844617,-0.28464791329487005,0.0027775022318708518,-0.03888503124684873,0.7054855669080343,-0.7415930959230121,1.4151373871639001,-2.018053764507543,IS2,2026-05-28,ASIA,MOM,-0.7415930959230121
2026-05-28 08:35:00,2.3114854654111827,0.3029165662779213,2.1201337792641284,-2.024347826086932,1.685618729096799,-2.024347826086932,0.3539799331102707,-2.024347826086932,IS2,2026-05-28,ASIA,MR,1.685618729096799
2026-05-28 13:45:00,-2.4813872118097593,0.07832341041759952,1.6669442131557435,-1.717457674160463,0.4779350541214264,-0.5284485151261457,5.63225090202618,-2.0252567305023095,IS2,2026-05-28,LDN,-,
2026-05-28 15:40:00,2.037792869357935,0.24246137598753326,-2.0228671943711527,4.320140721196101,-2.0228671943711527,3.5021987686895613,-2.0228671943711527,11.734388742304288,IS2,2026-05-28,NY,MR,-2.0228671943711527
2026-05-28 17:10:00,3.5691837065969247,-0.05469709169354274,-0.4306151645206873,0.4069449863440718,-0.6563922486669096,0.632722070490294,-1.8371699830927168,1.8134998049161015,IS2,2026-05-28,NY,-,
2026-05-28 21:00:00,2.495206325633372,-0.12628248577146997,2.6688963210702665,-2.0320366132724077,2.767470515754212,-2.0320366132724077,4.226368597077954,-2.0320366132724077,IS2,2026-05-28,LATE,MOM,-2.0320366132724077
2026-05-29 04:05:00,2.2592343496164373,-0.09880015005037054,-2.025411896118478,-0.3987712929348964,-2.025411896118478,-0.6157497905611885,-2.025411896118478,-2.025411896118478,IS2,2026-05-29,ASIA,MOM,-0.6157497905611885
2026-05-29 07:20:00,2.706230077270758,-0.020511422483975937,0.3633440514467082,-0.44694533762033817,0.1832797427652073,-0.26688102893883736,-2.041800643086815,-2.041800643086815,IS2,2026-05-29,ASIA,-,
2026-05-29 12:10:00,2.4748399614364676,0.010314529701108487,-0.7958183600131357,0.736360666448942,-2.0297288467821564,-0.16236524011758888,-2.0297288467821564,0.7203528258740335,IS2,2026-05-29,LDN,-,
2026-05-29 12:45:00,2.517855857571807,-0.1454361732581646,2.0074812967582134,-2.025214740925414,-0.003879190911496999,-2.025214740925414,1.5245220282628238,-2.025214740925414,IS2,2026-05-29,LDN,MOM,-2.025214740925414
2026-05-29 13:30:00,2.183972339922532,-0.15501134834296237,0.5429582448690471,-0.5944798301485936,2.298655343241226,-2.0257607926398506,4.260438782731765,-2.0257607926398506,IS2,2026-05-29,LDN,MOM,-2.0257607926398506
2026-05-29 15:30:00,-2.0770248419531683,0.13291677769493243,1.2903481012659836,-1.3383438818567013,1.4491033755275282,-2.0239978902952873,3.5000000000000626,-2.0239978902952873,IS2,2026-05-29,NY,MR,1.4491033755275282
2026-05-29 17:00:00,2.497868896736423,-0.10188990858868512,1.69198794554715,-2.0189130208874007,-2.0189130208874007,-2.0189130208874007,-2.0189130208874007,-2.0189130208874007,IS2,2026-05-29,NY,MOM,-2.0189130208874007
2026-05-29 17:50:00,2.1290949539037487,-0.0032937762534063775,-2.0137379227053,2.93780193236719,-2.0137379227053,1.262832125603861,-2.0137379227053,0.8718297101449418,IS2,2026-05-29,NY,-,
2026-05-29 22:45:00,-2.2401828550995586,0.21715141007596045,-0.9527595884002453,0.8676333021514188,-2.0425631431244557,2.1739943872775713,-2.0425631431244557,2.403180542562814,IS2,2026-05-29,LATE,MR,-2.0425631431244557
2026-05-29 23:25:00,-2.3193361654881093,0.11736364612338973,-0.517571884983927,0.43450479233217454,-0.517571884983927,0.43450479233217454,-0.517571884983927,0.43450479233217454,IS2,2026-05-29,LATE,MR,-0.517571884983927
2026-06-01 06:05:00,-2.2253253435568348,-0.10283055772211999,-0.49804255319149804,0.4360851063829874,-0.8602553191488321,0.7982978723403216,-2.0309787234041936,0.24306382978714738,OOS,2026-06-01,ASIA,MOM,0.7982978723403216
2026-06-01 06:40:00,-2.577135733495404,-0.13511679048721448,0.8571428571429777,-2.029246344207062,0.8481439820023784,-2.029246344207062,2.02699662542191,-2.029246344207062,OOS,2026-06-01,ASIA,MOM,-2.029246344207062
2026-06-01 10:45:00,-2.6082588127601913,-0.15700810568745915,0.05347948845699077,-2.030227536953904,1.534628799202688,-2.030227536953904,0.17904002657357418,-2.030227536953904,OOS,2026-06-01,LDN,MOM,-2.030227536953904
2026-06-01 13:45:00,2.0532366147057415,0.1797157473611034,-0.16302765647749093,-2.033114992722078,0.12736535662302415,-2.033114992722078,0.5935225618631723,-2.033114992722078,OOS,2026-06-01,LDN,MR,0.12736535662302415
2026-06-01 16:10:00,-2.4029961208700534,-0.002142999808065399,-2.017161716171583,2.211221122112241,-2.017161716171583,3.0125412541254093,-2.017161716171583,2.6217821782178112,OOS,2026-06-01,NY,-,
2026-06-01 19:50:00,2.2072145354005106,0.2735169944153708,1.0358893280631434,-1.0934387351777686,-2.0287747035572266,2.503399209486315,-2.0287747035572266,1.569328063241186,OOS,2026-06-01,NY,MR,-2.0287747035572266
2026-06-01 20:25:00,2.071332993841768,0.1914151941261074,-2.028939418031542,1.0084274129432258,-2.028939418031542,0.8169820321196337,-2.028939418031542,0.3762124344092302,OOS,2026-06-01,LATE,MR,-2.028939418031542
2026-06-01 22:50:00,-2.03550905607778,-0.06353138540131728,1.0838101649272416,-1.2063278357451366,1.357118815213281,-2.0612588354088865,1.719959609558791,-2.0612588354088865,OOS,2026-06-01,LATE,-,
2026-06-02 03:25:00,2.175225696403964,0.01185004243268549,3.0375203915168862,-2.032988943266267,1.8600688780133585,-2.032988943266267,2.956316838861534,-2.032988943266267,OOS,2026-06-02,ASIA,-,
2026-06-02 06:25:00,2.1529300822264914,-0.047781855910249735,-0.8562691131497983,0.8032619775738548,-2.0265035677878926,1.8735983690111766,-2.0265035677878926,4.950050968399624,OOS,2026-06-02,ASIA,-,
2026-06-02 09:20:00,2.3050565981757942,-0.19388200088124263,-0.7400611620794902,0.6870540265035489,-2.0265035677879975,1.4862385321100655,-2.0265035677879975,0.945973496432275,OOS,2026-06-02,ASIA,MOM,1.4862385321100655
2026-06-02 15:50:00,-2.244995182795792,0.1656044358970813,-0.4072727272727104,-2.026472727272728,-2.026472727272728,-2.026472727272728,-2.026472727272728,-2.026472727272728,OOS,2026-06-02,NY,MR,-2.026472727272728
2026-06-02 17:15:00,-2.323669222753961,-0.06194132432559546,1.282149253731374,-1.325611940298538,1.3740895522388668,-2.021731343283517,-0.22232835820892483,-2.021731343283517,OOS,2026-06-02,NY,-,
2026-06-02 19:25:00,-2.597728664326736,0.006084694768566164,0.36083765885105956,-0.42598890281025065,0.20046536602835324,-0.2656166099875443,-2.0325756219795306,0.44352962233747906,OOS,2026-06-02,NY,-,
2026-06-02 20:35:00,-2.4600573031073556,-0.1282216923203589,1.2991452991454358,-1.3732193732195093,0.6923076923078018,-2.037037037037148,0.43304843304858565,-2.037037037037148,OOS,2026-06-02,LATE,MOM,-2.037037037037148
2026-06-03 02:10:00,-2.272449858515621,-0.1477569211172778,-2.0312285518188995,0.6101578586136097,-2.0312285518188995,0.32669869595053236,-2.0312285518188995,-2.0312285518188995,OOS,2026-06-03,ASIA,MOM,0.32669869595053236
2026-06-03 03:35:00,2.308596471836905,0.14076170589279435,3.377710261013792,-2.0251346499102088,4.897389863278631,-2.0251346499102088,2.0494406849883826,-2.0251346499102088,OOS,2026-06-03,ASIA,MR,4.897389863278631
2026-06-03 07:25:00,-2.0015460914398027,0.15478634457048673,-2.0489115829079196,2.855683955925647,-2.0489115829079196,3.156678312281541,-2.0489115829079196,5.436710561677069,OOS,2026-06-03,ASIA,MR,-2.0489115829079196
2026-06-03 08:30:00,-2.2110374228974576,-0.18638116051604797,-2.0339678984696468,-0.5460992907801614,-2.0339678984696468,1.4344904815231918,-2.0339678984696468,0.875326614408501,OOS,2026-06-03,ASIA,MOM,1.4344904815231918
2026-06-03 11:50:00,-2.1667058064913616,-0.13469277220790615,0.5325268817204396,-2.0244623655913982,-0.2879032258065557,-2.0244623655913982,2.677688172042962,-2.0244623655913982,OOS,2026-06-03,LDN,MOM,-2.0244623655913982
2026-06-03 12:25:00,-2.072088112580175,-0.05455850203246478,0.48873321657908003,-0.5312317571511754,3.231523642731969,-2.021249270286069,3.9948628137769266,-2.021249270286069,OOS,2026-06-03,LDN,-,
2026-06-03 16:40:00,-3.3419058159758133,-0.05469009014829155,3.4747081712062187,-2.0168612191958495,2.6614785992217302,-2.0168612191958495,1.6108949416341392,-2.0168612191958495,OOS,2026-06-03,NY,-,
2026-06-03 22:00:00,2.7787946636490166,0.23854730718222455,0.20198675496680765,-0.28807947019859254,2.298013245032931,-2.043046357615806,5.5463576158938706,-2.043046357615806,OOS,2026-06-03,LATE,MR,2.298013245032931
2026-06-03 23:15:00,-2.1840752927842777,0.09065673495255788,-2.0489115829079196,2.242407954850612,-2.0489115829079196,3.7661918839020463,-2.0489115829079196,-2.0489115829079196,OOS,2026-06-03,LATE,MR,-2.0489115829079196
2026-06-04 01:15:00,-2.164211607787813,-0.2571211599626925,2.747244934233967,-2.044792036971108,5.07145396373986,-2.044792036971108,6.912904372555973,-2.044792036971108,OOS,2026-06-04,ASIA,MOM,-2.044792036971108
2026-06-04 02:45:00,2.550090703543071,-0.13442028153570162,0.7556427870462269,-0.8066732090285632,1.8135426889107003,-2.0255152109911174,-2.0255152109911174,-2.0255152109911174,OOS,2026-06-04,ASIA,MOM,-2.0255152109911174
2026-06-04 04:20:00,2.2809686223891146,-0.013940660094194007,1.3226241294090824,-2.020444843855252,1.4594473152100051,-2.020444843855252,0.28622781397435193,-2.020444843855252,OOS,2026-06-04,ASIA,-,
2026-06-04 07:30:00,2.6606907464768037,0.02488980865442865,0.6358264393043718,-0.6972817828802657,1.5623839270640199,-2.030727671787886,1.2196522032754238,-2.030727671787886,OOS,2026-06-04,ASIA,-,
2026-06-04 14:25:00,3.1786825990482916,-0.0727260179846944,-2.0260894495412325,4.375000000000045,-2.0260894495412325,1.8021788990824974,-2.0260894495412325,2.9842316513761373,OOS,2026-06-04,LDN,-,
2026-06-04 17:40:00,-2.2107812932659296,0.09326275532971101,-2.016845612736024,0.3589411329136917,-2.016845612736024,0.2604590892262572,-2.016845612736024,-0.8837467604591629,OOS,2026-06-04,NY,MR,-2.016845612736024
2026-06-05 01:50:00,-2.2671384057860644,-0.044160560254747294,0.5754385964913865,-0.666666666666826,-2.045614035087674,1.8561403508769165,-2.045614035087674,1.5614035087719187,OOS,2026-06-05,ASIA,-,
2026-06-05 03:10:00,-2.494152647607602,-0.22641362941605303,1.730639730639716,-2.0291806958472747,1.0505050505049074,-2.0291806958472747,-2.0291806958472747,-2.0291806958472747,OOS,2026-06-05,ASIA,MOM,-2.0291806958472747
2026-06-05 10:20:00,2.1545027314591474,0.014633796216470402,0.3595370147093254,-0.40342416204475023,0.027007475283332232,-0.07089462261875709,-0.44731130938036545,0.40342416204494064,OOS,2026-06-05,LDN,-,
2026-06-05 15:30:00,-2.1027055663232295,0.15307989461287727,-2.02181992566845,6.893418055388947,-2.02181992566845,8.041481836710146,-2.02181992566845,16.740918355113124,OOS,2026-06-05,NY,MR,-2.02181992566845
2026-06-05 18:30:00,-2.0609784803682087,-0.17833993519424063,-1.4492055849784056,1.4199967902424075,-2.014604397367984,2.0311346493340108,-2.014604397367984,0.41791044776124137,OOS,2026-06-05,NY,MOM,2.0311346493340108
2026-06-05 21:10:00,-2.6286668156109796,0.05542132396877712,-0.8405941829984029,0.7951566595930867,-1.3316689551866994,1.286231431781383,-1.2984646111596483,1.2530270877543321,OOS,2026-06-05,LATE,-,
2026-06-08 02:45:00,2.1633553466658837,-0.024325926356559807,-1.0811446491573296,1.0335816019862847,-2.023781523585499,0.09146739840587527,-2.023781523585499,-2.023781523585499,OOS,2026-06-08,ASIA,-,
2026-06-08 04:10:00,-2.019889274490435,0.09880749098145092,-2.020705346985252,0.08919226393637365,-2.020705346985252,1.6038680318545189,-2.020705346985252,3.5087599544939154,OOS,2026-06-08,ASIA,MR,-2.020705346985252
2026-06-08 08:30:00,-3.477629584863486,-0.10010420818511084,-2.0198863636363833,-2.0198863636363833,-2.0198863636363833,-2.0198863636363833,-2.0198863636363833,-2.0198863636363833,OOS,2026-06-08,ASIA,MOM,-2.0198863636363833
2026-06-08 12:25:00,-2.068737638211187,-0.14915228270332662,2.833029068950909,-2.0255582081168626,2.7366942845105666,-2.0255582081168626,8.923746664794123,-2.0255582081168626,OOS,2026-06-08,LDN,MOM,-2.0255582081168626
2026-06-08 14:10:00,2.9078497309431306,0.08783565392508899,-2.0197055002165243,0.7760935469900265,-2.0197055002165243,0.6048072758769768,-2.0197055002165243,0.7503248159376122,OOS,2026-06-08,LDN,MR,-2.0197055002165243
2026-06-08 22:10:00,-2.069087384675626,0.1821342067724137,-1.457215836526017,1.379736057896811,-0.527458492975576,0.44997871434636993,-1.400595998297101,1.323116219667895,OOS,2026-06-08,LATE,MR,-0.527458492975576
2026-06-09 02:25:00,-2.6442141332806752,-0.04455547117663615,-2.058652916532211,1.2226877215598206,-2.058652916532211,1.6558169513374625,-2.058652916532211,-2.058652916532211,OOS,2026-06-09,ASIA,-,
2026-06-09 04:25:00,2.230284240612637,-0.04361809511481182,-0.2243877420181885,0.17771509167840122,-0.03231183485065462,-0.014360815489132667,-0.25490447493267787,0.2082318245928906,OOS,2026-06-09,ASIA,-,
2026-06-09 07:30:00,-2.073730343951785,0.03677523421642676,2.728491215359662,-2.0329650425647863,4.389422206122278,-2.0329650425647863,2.124977359174151,-2.0329650425647863,OOS,2026-06-09,ASIA,-,
2026-06-09 08:30:00,2.0126826835565943,0.11918373327128576,-0.4231246125231945,0.36670799752009353,1.9116553006821104,-2.0282083075015787,3.4652820830751683,-2.0282083075015787,OOS,2026-06-09,ASIA,MR,1.9116553006821104
2026-06-09 16:45:00,2.0148272898601736,0.1521178972707849,5.535326086956459,-2.0176630434782785,9.247282608695519,-2.0176630434782785,9.677989130434657,-2.0176630434782785,OOS,2026-06-09,NY,MR,9.247282608695519
2026-06-09 17:15:00,-2.000014380710826,0.04162377255922247,-2.0128758401131943,2.693031482136522,-2.0128758401131943,1.9254333215422497,-2.0128758401131943,5.612875840113234,OOS,2026-06-09,NY,-,
2026-06-09 22:40:00,-2.1446917806583468,-0.07298935297491699,1.5764132256589158,-2.027731220478385,2.192899588602769,-2.027731220478385,-0.39890294072847776,-2.027731220478385,OOS,2026-06-09,LATE,-,
2026-06-10 01:45:00,-3.358188920814245,-0.20113022841756595,-2.028625353884869,1.3233721296005392,-2.028625353884869,5.70965712488197,-2.028625353884869,7.770682604592441,OOS,2026-06-10,ASIA,MOM,5.70965712488197
2026-06-10 02:10:00,-2.087768710365892,-0.31862766977077583,-2.0217937971500635,2.908633696563326,-2.0217937971500635,1.8122380553227766,-2.0217937971500635,5.451802179379732,OOS,2026-06-10,ASIA,MOM,1.8122380553227766
2026-06-10 03:30:00,-2.6373250158240973,-0.17194772972318428,-1.5490086045641354,1.514964459408879,-2.0170220725776282,0.47792742237183317,-2.0170220725776282,3.5261878039655126,OOS,2026-06-10,ASIA,MOM,0.47792742237183317
2026-06-10 04:00:00,-2.383247116241798,-0.25096835133294493,0.8245255915929646,-2.0137597338776883,-0.8266424737280145,-2.0137597338776883,-2.0137597338776883,-2.0137597338776883,OOS,2026-06-10,ASIA,MOM,-2.0137597338776883
2026-06-10 08:30:00,2.294684581275635,0.3246676351678423,-2.0276259866424082,4.226775956284104,-2.0276259866424082,4.126897389192367,-2.0276259866424082,0.7586520947176391,OOS,2026-06-10,ASIA,MR,-2.0276259866424082
2026-06-10 10:50:00,-2.4649745605733733,-0.1404641281714246,-2.0224802371541952,1.8866106719367728,-2.0224802371541952,1.871047430830028,-2.0224802371541952,2.739130434782525,OOS,2026-06-10,LDN,MOM,1.871047430830028
2026-06-10 15:10:00,-2.5781811239244834,-0.10377067164245048,3.0088050314465837,-2.016352201257829,1.888050314465348,-2.016352201257829,4.764779874213895,-2.016352201257829,OOS,2026-06-10,NY,MOM,-2.016352201257829
2026-06-10 16:45:00,2.2637451521463823,0.24046171323428273,1.3681274900398355,-1.3888446215139385,3.5816733067728506,-2.0103585657370515,5.369721115537733,-2.0103585657370515,OOS,2026-06-10,NY,MR,3.5816733067728506
2026-06-10 17:50:00,-2.119406442737212,0.08499225608560021,-2.013608494092989,0.7976671152983251,-2.013608494092989,1.8371467025571966,-2.013608494092989,1.849708389412277,OOS,2026-06-10,NY,MR,-2.013608494092989
2026-06-10 20:35:00,-2.007740353979383,-0.11134669023308685,1.219376498800964,-2.017458033573107,0.2632134292566143,-2.017458033573107,-2.0174580335731678,-2.017458033573107,OOS,2026-06-10,LATE,MOM,-2.017458033573107
2026-06-10 22:00:00,-2.483163250524956,-0.08061202272405696,-2.0251554941258156,1.9002073255011036,-2.0251554941258156,3.5817553559088675,-2.0251554941258156,6.333379405666969,OOS,2026-06-10,LATE,-,
2026-06-11 02:10:00,-2.2914334654756985,-0.14503004646546086,2.3294598391010086,-2.0116204826969617,1.9701187587791722,-2.0116204826969617,5.062954922742931,-2.0116204826969617,OOS,2026-06-11,ASIA,MOM,-2.0116204826969617
2026-06-11 04:20:00,2.4270498354179493,-0.035774495560522535,-0.13120220778474145,0.11027424826079497,0.9908583913068921,-1.0117863508308387,3.2027827286840074,-2.0104639797619837,OOS,2026-06-11,ASIA,-,
2026-06-11 05:35:00,-2.3883354607693943,0.19200905299997284,1.1017525948613243,-1.132720775906075,0.38591117917303014,-0.4168793602177805,1.3768929726050616,-2.0154840905223677,OOS,2026-06-11,ASIA,MR,0.38591117917303014
2026-06-11 08:30:00,2.4157045889108013,0.10834303755187223,1.611821790913113,-1.6519629466255081,1.6812968681076146,-2.020070577856228,-2.0200705778561576,-2.020070577856228,OOS,2026-06-11,ASIA,MR,1.6812968681076146
2026-06-11 10:15:00,2.156092045776465,0.0877847415715165,0.2627565982403947,-0.3054545454544705,-0.14451612903225652,0.10181818181818073,2.983929618768252,-2.021348973607038,OOS,2026-06-11,LDN,MR,-0.14451612903225652
2026-06-11 11:55:00,-2.2156511232661127,0.07074627753742405,-0.9878114842903782,0.9385157096424892,1.3215059588299314,-2.0246478873239324,0.999187432286076,-2.0246478873239324,OOS,2026-06-11,LDN,-,
2026-06-11 15:20:00,-2.0106663002298104,-0.023466768571741188,1.5542822060779793,-1.5915276782973595,0.9382993962959632,-2.0186227361096623,-2.0186227361096623,-2.0186227361096623,OOS,2026-06-11,NY,-,
2026-06-11 19:10:00,2.1898630512093624,-0.01678592934934199,2.608601177003178,-2.016478044363974,3.3551833408782197,-2.016478044363974,-2.0164780443639163,-2.016478044363974,OOS,2026-06-11,NY,-,
2026-06-11 20:25:00,2.5505108043939684,0.22204932101737343,-2.018143754361452,6.985345429169428,-2.018143754361452,7.143056524773071,-2.018143754361452,13.094207955338314,OOS,2026-06-11,LATE,MR,-2.018143754361452
2026-06-12 01:40:00,2.843947358352951,-0.24101927144935864,-2.0231788079469966,-0.4154355578197912,-2.0231788079469966,-2.0231788079469966,-2.0231788079469966,-2.0231788079469966,OOS,2026-06-12,ASIA,MOM,-2.0231788079469966
2026-06-12 04:00:00,-2.728511323147253,-0.025659551744281084,-0.5044201768070999,0.4773790951638342,0.6781071242849351,-0.7051482059282009,0.7436297451897829,-0.7706708268330487,OOS,2026-06-12,ASIA,-,
2026-06-12 08:30:00,-2.0327241170961883,-0.08902810859911188,-2.0274096385541887,-0.2298192771084332,-2.0274096385541887,0.5524096385541972,-2.0274096385541887,1.3430722891565787,OOS,2026-06-12,ASIA,MOM,0.5524096385541972
2026-06-12 10:55:00,2.0865566580628414,0.18628087222532774,-2.0192817035702935,2.769149274287548,-2.0192817035702935,3.7421337006038162,-2.0192817035702935,4.077338701133565,OOS,2026-06-12,LDN,MR,-2.0192817035702935
2026-06-12 15:35:00,-2.3556252312246135,0.14237460937784627,1.1748856754418504,-1.2198739340007425,2.4760845383758805,-2.0224941292794685,-2.0224941292794685,-2.0224941292794685,OOS,2026-06-12,NY,MR,2.4760845383758805
2026-06-12 18:20:00,2.49214296445276,0.016313678199146982,1.2276229163748167,-2.0127468833170297,0.9207171872810929,-2.0127468833170297,0.6746042863145476,-2.0127468833170297,OOS,2026-06-12,NY,-,
2026-06-12 22:20:00,-2.089257379842699,0.13550097361931293,-0.8645866838211812,0.8060469604374559,0.8398198777741387,-0.8983596011578638,1.8124798970728926,-1.8710196204566183,OOS,2026-06-12,LATE,MR,0.8398198777741387
2026-06-15 01:00:00,9.395442982550382,-0.09825758165528152,1.9500641299700194,-2.023941855493847,1.9416844805472242,-2.023941855493847,0.7577597263787533,-2.023941855493847,OOS,2026-06-15,ASIA,MOM,-2.023941855493847
2026-06-15 02:35:00,2.089579632405932,-0.20326265873241722,-2.0312124849939663,2.6386554621848295,-2.0312124849939663,3.2028811524610235,-2.0312124849939663,7.207683073229374,OOS,2026-06-15,ASIA,MOM,3.2028811524610235
2026-06-15 04:35:00,2.0899768833748995,-0.10773117575199684,-0.7243467727981008,0.6928534348503592,-2.015746668973902,2.06765876449209,-2.015746668973902,1.0792524658245248,OOS,2026-06-15,ASIA,MOM,2.06765876449209
2026-06-15 08:40:00,-3.0760056986557847,0.252358272492338,-2.0315533980582536,0.9393203883495395,-2.0315533980582536,1.5121359223300577,-2.0315533980582536,-0.956310679611773,OOS,2026-06-15,ASIA,MR,-2.0315533980582536
2026-06-15 10:50:00,2.016769606511117,-0.06493155445196207,-1.3438891637803616,1.283852878113203,-2.0300181428334896,3.662213425696628,-2.0300181428334896,3.798449612402907,OOS,2026-06-15,LDN,-,
2026-06-15 14:30:00,2.1434703537799957,-0.07840129775847143,2.479604980678439,-2.039072563331941,1.00686990124504,-2.039072563331941,-2.039072563331941,-2.039072563331941,OOS,2026-06-15,LDN,-,
2026-06-15 16:30:00,2.921305902372402,-0.140489179287969,0.6985779583545558,-0.7447943118334784,0.9883189436262826,-1.0345352971052053,1.7864398171661002,-2.0231081767394614,OOS,2026-06-15,NY,MOM,-1.0345352971052053
2026-06-15 19:20:00,-2.6272947432228384,0.24505143378177685,-0.4551683918939173,0.4020994314040522,-2.0265344802448535,1.8370024784953527,-2.0265344802448535,2.710599212713266,OOS,2026-06-15,NY,MR,-2.0265344802448535
2026-06-15 23:10:00,-2.106949789920497,-0.01260875585985042,-2.048314308468374,2.267056012742069,-2.048314308468374,2.1704273958054334,-2.048314308468374,0.9031059198299126,OOS,2026-06-15,LATE,-,
2026-06-16 06:35:00,2.1859628855400275,-0.08917813182316575,-0.317737430167622,0.2541899441341012,0.7234636871508883,-0.787011173184409,2.4905726256985257,-2.031773743016729,OOS,2026-06-16,ASIA,MOM,-0.787011173184409
2026-06-16 10:55:00,2.2345506560012915,-0.16772568205360194,-2.0330248593722646,1.5242242787153586,-2.0330248593722646,2.972237343494877,-2.0330248593722646,2.5327526764654005,OOS,2026-06-16,LDN,MOM,2.972237343494877
2026-06-16 15:55:00,2.0213355602630907,-0.14355819444007256,4.289681287472406,-2.028715683180844,5.034080151467363,-2.028715683180844,6.739349952666606,-2.028715683180844,OOS,2026-06-16,NY,MOM,-2.028715683180844
2026-06-16 17:15:00,-2.4248347102976795,0.007533469974248405,0.30820770519266605,-0.3517587939698845,0.3551088777219356,-0.39865996649915414,3.840871021775531,-2.0217755443886527,OOS,2026-06-16,NY,-,
2026-06-16 18:50:00,2.033056892964503,0.2091046160983787,-1.0741274877415226,1.0216325353330984,-0.7349293337179832,0.682434381309559,-0.30689356792623845,-2.02624747620416,OOS,2026-06-16,NY,MR,-0.7349293337179832
2026-06-16 20:20:00,-2.2119732579254414,0.2672072999006576,2.840731070496194,-2.033942558746737,2.9477806788512497,-2.033942558746737,2.9869451697127745,-2.033942558746737,OOS,2026-06-16,LATE,MR,2.9477806788512497
2026-06-16 23:10:00,-2.0645032807796007,0.04910684391085658,0.8534675615210916,-0.9552572706933555,0.38366890380302093,-0.485458612975285,2.067114093959767,-2.05089485458603,OOS,2026-06-16,LATE,-,
2026-06-17 04:05:00,2.393190757934459,-0.04314819724417576,1.6466512702077696,-2.0300230946882833,1.332563510392588,-2.0300230946882833,3.441108545034744,-2.0300230946882833,OOS,2026-06-17,ASIA,-,
2026-06-17 05:50:00,-2.311822656087803,-0.0038594767425929183,-0.005356801224499547,-0.06428161469285451,0.7097761622345019,-0.7794145781518559,-2.0348192079587117,1.2186722785537738,OOS,2026-06-17,ASIA,-,
2026-06-17 07:25:00,-2.49975882388755,-0.11936253756923268,-2.044916090819258,-0.8015794669297641,-2.044916090819258,-0.9812438302073069,-2.044916090819258,-2.044916090819258,OOS,2026-06-17,ASIA,MOM,-0.9812438302073069
2026-06-17 17:20:00,3.2774945162050577,-0.11544595650196988,1.9139758742537334,-2.022176191056371,-0.14670403314251895,-2.022176191056371,-1.2196905081029044,-2.022176191056371,OOS,2026-06-17,NY,MOM,-2.022176191056371
2026-06-17 20:30:00,3.6290673206811634,-0.0804214291001982,13.22909880564621,-2.0282301845820045,23.194353963083753,-2.0282301845820045,32.707926167209884,-2.0282301845820045,OOS,2026-06-17,LATE,-,
2026-06-17 22:15:00,-2.4378132089114892,-0.06722897401721493,-0.23115822823371354,0.2200694571376313,0.990739048315337,-1.0018278194114192,1.0342411503076783,-1.0453299214037606,OOS,2026-06-17,LATE,-,
2026-06-18 02:10:00,2.7660458734216227,-0.08169176272856077,1.0202578268876563,-2.0239410681400347,-2.0239410681400347,-2.0239410681400347,-2.0239410681400347,-2.0239410681400347,OOS,2026-06-18,ASIA,-,
2026-06-18 03:00:00,2.5216668020529425,-0.08483141205525585,-2.0186590116875505,2.0567972114005144,-2.0186590116875505,4.189665778142378,-2.0186590116875505,4.247078121796212,OOS,2026-06-18,ASIA,-,
2026-06-18 08:45:00,-2.486200437220613,0.1922824124395522,-0.8672391947063497,0.8159932422918781,0.2404617767141309,-0.2917077291286025,-1.4940166126987908,1.4427706602843193,OOS,2026-06-18,ASIA,MR,0.2404617767141309
2026-06-18 10:35:00,-2.156322464952749,0.12251547045775388,-0.6879710581849083,0.6331022007836445,-2.027434428700577,1.8739825143199418,-2.027434428700577,5.683147422369258,OOS,2026-06-18,LDN,MR,-2.027434428700577
2026-06-18 13:55:00,-2.23189328467293,-0.13283986303144757,-2.0250103064449636,1.2235811460766306,-2.0250103064449636,2.5760615638313173,-2.0250103064449636,-2.0250103064449636,OOS,2026-06-18,LDN,MOM,2.5760615638313173
2026-06-18 16:30:00,2.316204524595324,0.1322338200429407,3.2605607476634284,-2.0170093457944263,2.9609345794391366,-2.0170093457944263,5.101495327102746,-2.0170093457944263,OOS,2026-06-18,NY,MR,2.9609345794391366
2026-06-18 18:35:00,-2.2620669508257727,-0.021489936396341468,0.6054196959682858,-0.6397884996695419,-0.5882352941176144,0.5538664904163583,-0.42035690680757487,0.38598810310631876,OOS,2026-06-18,NY,-,
2026-06-18 22:00:00,-2.9155249973541255,-0.0816066193246853,-2.0336227600221695,2.389802327729782,-2.0336227600221695,-1.1431738407537484,-2.0336227600221695,1.9164973212636436,OOS,2026-06-18,LATE,-,
2026-06-18 23:55:00,-2.1577692019082826,0.05125937912518546,-2.06518365235371,2.5385411277807264,-2.06518365235371,1.3217796171756209,-2.06518365235371,8.213140196585474,OOS,2026-06-18,LATE,-,
2026-06-19 02:10:00,-2.7221068759978393,-0.15882519742236845,-0.44385026737986466,0.374331550802323,-2.034759358288701,2.7245989304815126,-2.034759358288701,2.4705882352943895,OOS,2026-06-19,ASIA,MOM,2.7245989304815126
2026-06-19 05:15:00,-2.5077674203038676,-0.15827710535659434,0.0829629629631516,-2.0337037037036025,-2.0337037037036025,-2.0337037037036025,-2.0337037037036025,-2.0337037037036025,OOS,2026-06-19,ASIA,MOM,-2.0337037037036025
2026-06-19 06:00:00,-2.464452881688191,-0.2553678631195325,-1.1695558857520603,1.1094601287766614,-2.0300478784876397,5.829288426613773,-2.0300478784876397,10.354961201914946,OOS,2026-06-19,ASIA,MOM,5.829288426613773
2026-06-19 10:00:00,2.106053972736211,0.2033918792650895,0.39628415300551134,-0.4360655737705394,-0.5829508196721872,0.5431693989071592,-2.019890710382534,1.4168306010929743,OOS,2026-06-19,LDN,MR,-0.5829508196721872
2026-06-19 11:05:00,2.0866321073479943,0.1299692628379095,-2.024495289367429,0.8799461641992138,-2.024495289367429,0.18654104979809244,-2.024495289367429,-2.024495289367429,OOS,2026-06-19,LDN,MR,-2.024495289367429
2026-06-19 13:35:00,-2.05930188724593,-0.1631561936776436,-2.0332480818414336,0.8337595907929537,-2.0332480818414336,0.8081841432225272,-2.0332480818414336,-2.0332480818414336,OOS,2026-06-19,LDN,MOM,0.8081841432225272
2026-06-19 15:50:00,3.0803962553497617,0.16894492869251299,1.109137648983349,-1.1516709511567529,2.4080392615095345,-2.021266651086638,3.7674690348210795,-2.021266651086638,OOS,2026-06-19,NY,MR,2.4080392615095345
2026-06-19 19:45:00,2.0358485115353764,0.2857269553397581,0.3690579083838704,-0.44770959377713077,0.3690579083838704,-0.44770959377713077,0.3690579083838704,-0.44770959377713077,OOS,2026-06-19,NY,MR,0.3690579083838704
2026-06-22 02:45:00,-2.8115429793777817,-0.08572707708297403,5.274381575206153,-2.0258743247085587,9.223201592266166,-2.0258743247085587,11.529997156667669,-2.0258743247085587,OOS,2026-06-22,ASIA,-,
2026-06-22 03:35:00,2.1149532217853677,-0.0224818984246341,-2.018225515722011,5.884037652713742,-2.018225515722011,4.341878630082053,-2.018225515722011,3.4067694772682278,OOS,2026-06-22,ASIA,-,
2026-06-22 06:55:00,-2.1869550756535494,0.029100411973293647,1.0562197092084014,-1.115024232633278,2.277544426494423,-2.029402261712468,4.987075928917484,-2.029402261712468,OOS,2026-06-22,ASIA,-,
2026-06-22 08:20:00,2.2955669214775147,-0.0462914123223736,-2.04053452115805,2.176391982182632,-2.04053452115805,3.5888641425389682,-2.04053452115805,2.547438752783861,OOS,2026-06-22,ASIA,-,
2026-06-22 12:00:00,2.0361604473418184,0.0272742604718135,-2.0352030947775277,1.5814313346228985,-2.0352030947775277,1.7655705996133069,-2.0352030947775277,1.9145067698258764,OOS,2026-06-22,LDN,-,
2026-06-22 15:55:00,-2.5474483854326624,0.16879430682215335,-1.4922925549359858,1.4326008527385452,-2.0298458510987203,-2.0298458510987203,-2.0298458510987203,-2.0298458510987203,OOS,2026-06-22,NY,MR,-2.0298458510987203
2026-06-22 18:45:00,-3.3061915664542543,0.028534175482250637,1.491505427088205,-2.0214723926380795,2.4148183105237995,-2.0214723926380795,2.0184049079753428,-2.0214723926380795,OOS,2026-06-22,NY,-,
2026-06-22 21:45:00,2.1164220535800657,0.1333408180395627,0.35351615530834296,-0.452348628835364,2.4213956014120166,-2.0494162367634114,0.22807493890869,-2.0494162367634114,OOS,2026-06-22,LATE,MR,2.4213956014120166
2026-06-23 03:05:00,-2.0543440914738715,-0.1037073122677649,-2.0464997445070385,-0.6474195196727572,-2.0464997445070385,-2.0464997445070385,-2.0464997445070385,-2.0464997445070385,OOS,2026-06-23,ASIA,MOM,-2.0464997445070385
2026-06-23 04:15:00,-2.2492980242326563,-0.04904423012022502,-2.021612635078926,3.780548628428908,-2.021612635078926,2.5203657522859446,-2.021612635078926,6.679966749792099,OOS,2026-06-23,ASIA,-,
2026-06-23 05:55:00,-2.360423504347878,-0.18513019298980238,-2.0226058874674178,1.0485653956030025,-2.0226058874674178,0.4799403800770647,-2.0226058874674178,4.981989814929923,OOS,2026-06-23,ASIA,MOM,0.4799403800770647
2026-06-23 07:55:00,-4.553418781341805,-0.16386869767755374,1.4941995359628513,-2.028151585460255,0.6344934261406601,-2.028151585460255,-0.8358855375097862,-2.028151585460255,OOS,2026-06-23,ASIA,MOM,-2.028151585460255
2026-06-23 10:40:00,-2.0098981710431736,-0.06487016734565089,-2.020408163265337,1.6954474097330927,-2.020408163265337,-0.7456828885400119,-2.020408163265337,-2.0204081632652655,OOS,2026-06-23,LDN,-,
2026-06-23 12:55:00,2.045496428862762,0.13160354554925674,-2.028221429679019,1.712823693595737,-2.028221429679019,-0.5817956272290445,-2.028221429679019,0.19537912854699868,OOS,2026-06-23,LDN,MR,-2.028221429679019
2026-06-23 16:50:00,2.002715759432613,0.190178078528201,0.27693130179100245,-0.3093646974962497,1.1626124922034546,-1.195045887908702,-0.046155216965132286,0.013721821259885058,OOS,2026-06-23,NY,MR,1.1626124922034546
2026-06-23 21:25:00,-2.5339190895301704,-0.11156680082041273,-2.0419161676647555,1.0156609857208034,-2.0419161676647555,-0.2740672501152417,-2.0419161676647555,3.2597881160755335,OOS,2026-06-23,LATE,MOM,-0.2740672501152417
2026-06-23 22:55:00,-2.2583831183609373,0.00026222900440356356,-0.26859126621599005,0.20208295267679713,-0.5678786771423768,0.501370363603184,-2.033254156769497,1.8571167549790863,OOS,2026-06-23,LATE,-,
2026-06-24 01:20:00,-2.188222709514821,-0.16939154806141815,-2.064981949458436,-0.09025270758112085,-2.064981949458436,2.4440433212998607,-2.064981949458436,-2.064981949458436,OOS,2026-06-24,ASIA,MOM,2.4440433212998607
2026-06-24 02:35:00,-3.2546789963596683,-0.19062618901821804,4.9168346097002775,-2.0244525057100997,2.4132742173853305,-2.0244525057100997,-2.0244525057100997,-2.0244525057100997,OOS,2026-06-24,ASIA,MOM,-2.0244525057100997
2026-06-24 04:00:00,-2.9382445848573004,-0.08437477409880272,3.118893841535565,-2.016555990175583,1.7562084963158782,-2.016555990175583,-2.016555990175583,-2.016555990175583,OOS,2026-06-24,ASIA,-,
2026-06-24 05:30:00,-2.035629164532614,-0.15460077094203314,-2.017409603979312,1.7195331930361855,-2.017409603979312,1.13965946049363,-2.017409603979312,0.49952171417640684,OOS,2026-06-24,ASIA,MOM,1.13965946049363
2026-06-24 08:30:00,2.9329355010850753,0.148161793440939,0.8231802120141376,-2.0257243816254293,-2.0257243816254293,-2.0257243816254293,-2.0257243816254293,-2.0257243816254293,OOS,2026-06-24,ASIA,MR,-2.0257243816254293
2026-06-24 09:05:00,2.6753040240801855,0.0471441529518654,0.1938719877876071,-0.23356231599609067,0.3358412386871582,-0.3755315668956418,2.292879729582415,-2.0198451641042716,OOS,2026-06-24,ASIA,-,
2026-06-24 13:00:00,-2.1222369035901547,-0.07809448608586543,-0.08384520884525533,0.027948402948449726,-2.027948402948403,2.117628992628985,-2.027948402948403,3.7214373464373387,OOS,2026-06-24,LDN,-,
2026-06-24 14:00:00,-2.142964998393994,-0.1954949859912663,-2.0258964143426037,1.5318725099601778,-2.0258964143426037,1.4561752988047783,-2.0258964143426037,14.342629482071603,OOS,2026-06-24,LDN,MOM,1.4561752988047783
2026-06-24 15:25:00,-3.1826946781397485,-0.09839628818718583,-2.0143250688705447,3.0071625344352872,-2.0143250688705447,4.36253443526171,-2.0143250688705447,-2.0143250688705447,OOS,2026-06-24,NY,MOM,4.36253443526171
2026-06-24 20:20:00,-2.116852142292278,0.01730996307854242,-2.0205255441525063,2.054133303259326,-2.0205255441525063,0.9252283748731617,-2.0205255441525063,2.207285440396996,OOS,2026-06-24,LATE,-,
2026-06-24 23:00:00,2.0161341439688445,0.34162050407681605,-0.22230428360418727,0.1774987690793231,-1.7594780896110016,1.7146725750861371,0.3239783357951313,-0.3687838503199955,OOS,2026-06-24,LATE,MR,-1.7594780896110016
2026-06-25 01:00:00,2.25953838705383,-0.020083483787905667,0.5696051057040655,-0.6366174710810093,2.215130966626737,-2.033506182688496,-2.033506182688496,-2.033506182688496,OOS,2026-06-25,ASIA,-,
2026-06-25 02:30:00,2.2658765206462417,0.07696790391151978,-2.0297239915074607,1.017475093908198,-2.0297239915074607,-2.0297239915074607,-2.0297239915074607,-2.0297239915074607,OOS,2026-06-25,ASIA,-,
2026-06-25 03:30:00,-2.216430559577528,0.02707105342683818,1.323346344551074,-2.0192003375883822,-0.6601962232303235,-2.0192003375883822,-2.0192003375883822,-2.0192003375883822,OOS,2026-06-25,ASIA,-,
2026-06-25 15:40:00,2.2102271649097887,0.059900900197707684,-2.0159411404046517,3.097486204782325,-2.0159411404046517,0.7406499080318908,-2.0159411404046517,1.7216431637032574,OOS,2026-06-25,NY,-,
2026-06-25 18:20:00,2.16003933833418,0.06984269646096072,-0.06519328849138911,0.038288121812403125,-0.40254268608172733,0.37563751940274137,0.5629388720526467,-0.5898440387316327,OOS,2026-06-25,NY,-,
2026-06-25 21:25:00,2.048626237760685,-0.01749850172967623,1.9064535227945136,-2.0269390171699495,1.6391355831852885,-2.0269390171699495,2.716696269982158,-2.0269390171699495,OOS,2026-06-25,LATE,-,
2026-06-26 02:55:00,-2.129125350388154,0.02590862942258987,0.19344933469802086,-2.0238826339133245,1.3565336062776625,-2.0238826339133245,1.5261003070623866,-2.0238826339133245,OOS,2026-06-26,ASIA,-,
2026-06-26 05:20:00,-2.0124501585851124,-0.00396659527108871,-2.0235690235689883,3.5516705516705653,-2.0235690235689883,2.2390572390572214,-2.0235690235689883,-0.3499093499092972,OOS,2026-06-26,ASIA,-,
2026-06-26 07:50:00,2.0370175013278304,0.11642711715226678,0.20525896414336392,-0.2632669322708535,-0.19410358565742186,0.13609561752993224,-2.029003984063745,2.0525896414342317,OOS,2026-06-26,ASIA,MR,-0.19410358565742186
2026-06-26 09:55:00,2.347466539240285,-0.02578995578666924,-1.0167984189723258,0.9718379446640258,0.23690711462450453,-0.2818675889328046,0.1815711462450299,-0.22653162055333,OOS,2026-06-26,ASIA,-,
2026-06-26 12:15:00,2.7039353385720113,0.03474983935611134,-0.17164413706383796,0.11442942470923198,0.3895001571832992,-0.4467148695379052,-1.4787802577806173,1.4215655454260114,OOS,2026-06-26,LDN,-,
2026-06-26 15:55:00,2.1819527216374874,0.12502267216397464,0.32379679144387136,-2.0243315508021267,-2.0243315508021267,-2.0243315508021267,-2.0243315508021267,-2.0243315508021267,OOS,2026-06-26,NY,MR,-2.0243315508021267
2026-06-26 17:05:00,2.0493972922880275,-0.02538816749031827,-0.01751932278247694,-0.00927493559072882,-0.2050791313949341,0.17828487302172838,-1.0542510121457405,1.0274567537725345,OOS,2026-06-26,NY,-,
2026-06-26 18:40:00,2.1818562839989264,-0.10281248131083282,0.5821532928748663,-0.6230613621039067,1.6347493818835743,-2.0204540346144895,2.860418071476742,-2.0204540346144895,OOS,2026-06-26,NY,MOM,-2.0204540346144895
2026-06-26 21:45:00,-2.3104527128480434,0.10774519221170142,-0.4747499390095758,0.38594779214448927,0.170773359355973,-0.25957550622105957,2.1790680653816588,-2.044401073432521,OOS,2026-06-26,LATE,MR,0.170773359355973
2026-06-26 23:50:00,2.446964232847138,0.02467783077776743,-1.8246073298429217,1.7303664921465869,-1.8246073298429217,1.7303664921465869,-1.8246073298429217,1.7303664921465869,OOS,2026-06-26,LATE,-,
2026-06-29 03:25:00,-2.281129127643677,-0.07195052918571249,4.146840409135441,-2.0255009107468376,2.1342300686562274,-2.0255009107468376,4.005604595768432,-2.0255009107468376,OOS,2026-06-29,ASIA,-,
2026-06-29 07:35:00,-2.551332115647694,-0.009442585549281457,-0.6095791001451244,0.5435413642960688,-2.0330188679244787,2.7634252539911914,-2.0330188679244787,-2.0330188679244787,OOS,2026-06-29,ASIA,-,
2026-06-29 08:30:00,-2.112209475446746,-0.17663157566978205,2.5332969432314565,-2.024836244541448,2.177947598253261,-2.024836244541448,3.3414301310043992,-2.024836244541448,OOS,2026-06-29,ASIA,MOM,-2.024836244541448
2026-06-29 11:50:00,-2.068551256684414,0.06567805962816751,-0.8706287683032021,0.8079242032730549,-2.031352282515058,4.12161929371243,-2.031352282515058,3.267872523686588,OOS,2026-06-29,LDN,-,
2026-06-29 12:50:00,-2.7817057343816374,-0.15609090163727157,0.5303735212016515,-0.5787584740130299,0.636448225441927,-0.6848331782533054,0.6085338295892764,-0.6569187824006548,OOS,2026-06-29,LDN,MOM,-0.6848331782533054
2026-06-29 15:05:00,2.030018129104079,0.23617690984253858,0.6045883940621113,-2.027290448343107,0.3799670115459623,-2.027290448343107,6.803718698455388,-2.027290448343107,OOS,2026-06-29,NY,MR,0.3799670115459623
2026-06-29 17:05:00,-2.84865805863019,-0.03235132921322929,-2.017707725238391,-1.1251216189920346,-2.017707725238391,-2.017707725238391,-2.017707725238391,-2.017707725238391,OOS,2026-06-29,NY,-,
2026-06-29 21:45:00,-2.4791522411308144,-0.10156501382095454,-2.0508806262231167,2.6497064579254612,-2.0508806262231167,0.37964774951072294,-2.0508806262231167,0.4344422700586177,OOS,2026-06-29,LATE,MOM,0.37964774951072294
2026-06-30 03:00:00,-2.049684642638393,-0.047758227501576024,-2.0354914196567506,1.7827613104524958,-2.0354914196567506,7.745319812792482,-2.0354914196567506,10.516380655226193,OOS,2026-06-30,ASIA,-,
2026-06-30 03:35:00,-2.751625961796829,-0.14484846028547613,-2.025291828793774,6.24513618677031,-2.025291828793774,4.77237354085591,-2.025291828793774,6.443579766536839,OOS,2026-06-30,ASIA,MOM,4.77237354085591
2026-06-30 07:25:00,2.6177210106751385,0.1679992544485464,-2.028177736491731,0.5765598389843497,-2.028177736491731,-0.002167518191694174,-2.028177736491731,6.329153119677895,OOS,2026-06-30,ASIA,MR,-2.028177736491731
2026-06-30 09:20:00,2.4223033651777146,0.17471913390752108,-2.0201060539107383,4.240830755634144,-2.0201060539107383,4.75894829871853,-2.0201060539107383,3.233981440565616,OOS,2026-06-30,ASIA,MR,-2.0201060539107383
2026-06-30 14:10:00,2.065252949584494,-0.15840308038049564,-0.3814546253571055,0.301472203911269,2.0364754998901446,-2.039991210722978,3.002417051197515,-2.039991210722978,OOS,2026-06-30,LDN,MOM,-2.039991210722978
2026-06-30 15:20:00,-2.4287790238328855,0.23270327307413463,-0.8825214899713778,0.8211697286364713,-2.0306758806674536,-2.0306758806674536,-2.0306758806674536,-2.0306758806674536,OOS,2026-06-30,NY,MR,-2.0306758806674536
2026-06-30 17:15:00,2.2354790865054595,0.02479205751960631,0.5740268028079085,-0.6030631780472191,2.472559029993605,-2.0145181876196623,2.1252393107849135,-2.0145181876196623,OOS,2026-06-30,NY,-,
2026-06-30 20:05:00,-2.165076408017841,0.2780121206051923,1.284539126766502,-1.361316178021511,3.0474583421218417,-2.038388525627447,0.7795823665893168,-2.038388525627447,OOS,2026-06-30,LATE,MR,3.0474583421218417
2026-06-30 22:10:00,-2.0787307814467355,0.27298455002835675,-0.8889557628648518,0.779416190189563,-2.054769786337617,1.7020764369545192,-2.054769786337617,3.9307854348478806,OOS,2026-06-30,LATE,MR,-2.054769786337617
2026-07-01 03:15:00,-2.29887056731075,-0.20499231665304138,-2.0413166855846243,2.0721906923950044,-2.0413166855846243,6.623382519863776,-2.0413166855846243,6.9125993189556665,OOS,2026-07-01,ASIA,MOM,6.623382519863776
2026-07-01 11:15:00,2.012418996223159,0.15649479598160365,1.382581648522545,-1.429756350440637,0.7348367029548662,-2.0235873509590108,0.054432348366999624,-2.0235873509590108,OOS,2026-07-01,LDN,MR,0.7348367029548662
2026-07-01 12:45:00,2.0900442832901525,0.1185156185114408,0.8481532147742705,-0.9192886456908218,-2.0355677154582223,1.5348837209301436,-2.0355677154582223,13.269493844049023,OOS,2026-07-01,LDN,MR,-2.0355677154582223
2026-07-01 13:30:00,2.406305063951914,-0.009635436977473578,-2.0374023838882587,4.376078914919612,-2.0374023838882587,9.514591039868094,-2.0374023838882587,10.826551582408108,OOS,2026-07-01,LDN,-,
2026-07-01 13:50:00,2.1707567918875657,-0.07178058461444511,-2.034268499341024,8.071549614008504,-2.034268499341024,10.127659574467815,-2.034268499341024,8.382602146488214,OOS,2026-07-01,LDN,-,
2026-07-01 16:20:00,2.5754152455050794,0.06914802199954542,-2.017028443113798,5.758233532934061,-2.017028443113798,7.990269461077757,-2.017028443113798,4.879303892215498,OOS,2026-07-01,NY,-,
2026-07-01 20:05:00,-2.039303577978227,0.19132177970694803,0.465448215839857,-0.5288076588337655,-0.2851174934725791,0.2217580504786707,-2.0316797214969067,0.33141862489116025,OOS,2026-07-01,LATE,MR,-0.2851174934725791
2026-07-01 21:25:00,-2.7774948452727424,0.17801260705631086,0.24227041993543408,-0.32625749884637234,-0.8172588832487747,-2.041993539455427,-2.041993539455427,-2.041993539455427,OOS,2026-07-01,LATE,MR,-0.8172588832487747
2026-07-01 22:20:00,-2.110570532417145,0.24430282435003509,-2.033193507204135,3.8887470362940046,-2.033193507204135,4.833485318256382,-2.033193507204135,4.593470727703752,OOS,2026-07-01,LATE,MR,-2.033193507204135
2026-07-02 04:00:00,3.0715959734558145,-0.104997223338414,2.615488064552349,-2.0203967275579764,2.7959206544884148,-2.0203967275579764,1.2504762972094634,-2.0203967275579764,OOS,2026-07-02,ASIA,MOM,-2.0203967275579764
2026-07-02 06:25:00,2.1851604222122316,-0.11169275945662162,-2.030077673111883,1.0365228887787556,-2.030077673111883,0.018509337299628524,-2.030077673111883,-2.030077673111883,OOS,2026-07-02,ASIA,MOM,0.018509337299628524
2026-07-02 08:10:00,-2.039932011344053,0.1419353653917124,1.9401114206128283,-2.042246982358341,4.1044568245125514,-2.042246982358341,3.89322191272065,-2.042246982358341,OOS,2026-07-02,ASIA,MR,4.1044568245125514
2026-07-02 09:20:00,2.042427573573853,-0.09128786990603847,0.8830508474575854,-2.022033898305063,2.759322033898314,-2.022033898305063,0.5050847457626625,-2.022033898305063,OOS,2026-07-02,ASIA,MOM,-2.022033898305063
2026-07-02 15:30:00,5.999251666927049,-0.023321152048052463,0.03363558862285611,-0.061846082306495534,-0.0802914050995536,0.05208091141591418,0.8213593737890204,-0.8495698674726597,OOS,2026-07-02,NY,-,
2026-07-02 16:45:00,2.406996933651387,-0.12833767291471115,0.9284832737902059,-0.952127314063022,1.6723611562195937,-2.0118220201364196,1.1149074374797323,-2.0118220201364196,OOS,2026-07-02,NY,MOM,-2.0118220201364196
2026-07-02 19:30:00,-3.1940498783651017,0.2679989332135497,2.242153578960379,-2.0225778439399127,1.469296613323407,-2.0225778439399127,3.8000248108174843,-2.0225778439399127,OOS,2026-07-02,NY,MR,1.469296613323407
2026-07-02 22:20:00,-2.1869074086963582,0.3798267843014952,3.9980345911949198,-2.035770440251644,3.885220125786155,-2.035770440251644,3.992531446540962,-2.035770440251644,OOS,2026-07-02,LATE,MR,3.885220125786155
2026-07-03 01:05:00,2.3874594071519804,-0.07496074350865174,1.2509363295882052,-1.3857677902623655,0.35580524344574144,-2.0674157303371774,-0.3558052434455234,-2.0674157303371774,OOS,2026-07-03,ASIA,-,
2026-07-03 02:25:00,2.1583437774395167,-0.17152657729598517,1.5613870665416156,-2.0568572321149636,-2.0568572321149636,-2.0568572321149636,-2.0568572321149636,-2.0568572321149636,OOS,2026-07-03,ASIA,MOM,-2.0568572321149636
2026-07-03 03:50:00,2.0759094666959856,-0.18467916501903162,-2.0198755050781223,6.800480506716351,-2.0198755050781223,4.901605329256448,-2.0198755050781223,5.50551490662893,OOS,2026-07-03,ASIA,MOM,4.901605329256448
2026-07-03 09:00:00,-2.315100067260277,0.168406116297191,1.041302887844262,-1.1024177300202176,2.3623237071860475,-2.0305574210879476,4.254533243787795,-2.0305574210879476,OOS,2026-07-03,ASIA,MR,2.3623237071860475
2026-07-03 09:10:00,-2.260359674308038,0.14197794834441307,1.8179072927675224,-2.027479993960468,2.445719462479183,-2.027479993960468,4.538426694851321,-2.027479993960468,OOS,2026-07-03,ASIA,MR,2.445719462479183
2026-07-03 14:20:00,2.2207755470793114,-0.11988594976920713,1.2846514191238052,-1.3849545329292663,3.9889776798019,-2.0501515569027804,5.794433728299962,-2.0501515569027804,OOS,2026-07-03,LDN,MOM,-2.0501515569027804
2026-07-03 16:05:00,-2.3342879218807178,0.08331044641673972,0.2131979695431468,-0.2769123052686849,-2.031857167862769,1.882023455277532,-2.031857167862769,-1.12235252931905,OOS,2026-07-03,NY,-,
2026-07-03 17:05:00,-2.037985569032099,0.009453455346451534,1.220895092819233,-1.2732767304649384,2.445819542380326,-2.026190818822879,1.241041876529193,-2.026190818822879,OOS,2026-07-03,NY,-,
2026-07-03 19:50:00,2.596171021788401,0.09163826651874701,0.03955919751360961,-0.14241311104850818,0.03955919751360961,-0.14241311104850818,0.03955919751360961,-0.14241311104850818,OOS,2026-07-03,NY,MR,0.03955919751360961
2026-07-06 06:20:00,-2.1263063784296516,-0.16442497506313172,-0.08266631675627867,0.034903555963731216,0.020207321873897056,-0.06797008266644451,-2.023881380396298,2.015221099593152,OOS,2026-07-06,ASIA,MOM,-0.06797008266644451
2026-07-06 08:00:00,-2.492867410024477,-0.13995357334933417,0.6865356161487329,-0.7634749524412694,-2.03846966814623,2.17205664764322,-2.03846966814623,0.3610230395263557,OOS,2026-07-06,ASIA,MOM,2.17205664764322
2026-07-06 10:45:00,2.31886120647012,0.1486063389763395,2.2086869695457447,-2.0302879014811412,4.030620735563258,-2.0302879014811412,5.966716591778964,-2.0302879014811412,OOS,2026-07-06,LDN,MR,4.030620735563258
2026-07-06 12:25:00,-2.294755878931415,-0.1745922599611498,-2.03864939477596,0.07729878955174707,-2.03864939477596,-2.03864939477596,-2.03864939477596,-2.03864939477596,OOS,2026-07-06,LDN,MOM,-2.03864939477596
2026-07-06 15:30:00,-2.1714508897459095,0.03629227915583101,-2.033678756476717,-0.28756476683926047,-2.033678756476717,-1.4248704663211922,-2.033678756476717,0.70207253886013,OOS,2026-07-06,NY,-,
2026-07-06 19:50:00,2.235853202037277,0.13164144116849605,-0.9982555604010703,0.9188835586566286,-2.0396860008721016,1.6515481901439497,-2.0396860008721016,2.6681203663323543,OOS,2026-07-06,NY,MR,-2.0396860008721016
2026-07-06 20:20:00,2.0276112654000333,0.045562745984091456,-0.7227096510917665,0.6484390940625893,-1.3540093858397848,1.2797388288106073,-2.0371352785146257,1.411140583554547,OOS,2026-07-06,LATE,-,
2026-07-06 21:35:00,2.3008558215757233,0.0014091030874137794,1.4319304020689927,-1.5175170467903663,1.6656477780389096,-2.042793322360815,0.4279332236069642,-2.042793322360815,OOS,2026-07-06,LATE,-,
2026-07-07 01:15:00,2.255016114550633,-0.17275657865613578,0.7703349282296633,-1.0114832535885296,1.6210526315786806,-2.1205741626796946,6.711961722488326,-2.1205741626796946,OOS,2026-07-07,ASIA,MOM,-2.1205741626796946
2026-07-07 02:55:00,-2.81819667102846,-0.10969742243062856,-2.061548867095158,-1.202570172472154,-2.061548867095158,-2.061548867095158,-2.061548867095158,-2.061548867095158,OOS,2026-07-07,ASIA,MOM,-2.061548867095158
2026-07-07 03:35:00,-2.246010172052608,-0.1802819886549747,-2.0346468684560164,2.50256996002273,-2.0346468684560164,3.174186179326105,-2.0346468684560164,2.4039596421091853,OOS,2026-07-07,ASIA,MOM,3.174186179326105
2026-07-07 06:45:00,-2.145531443790083,-0.17119147697755063,1.4034341782502417,-2.029762878168468,0.6685200327064952,-2.029762878168468,-2.029762878168468,-2.029762878168468,OOS,2026-07-07,ASIA,MOM,-2.029762878168468
2026-07-07 14:15:00,2.1754437702190694,0.13738613977173003,-2.0411206507004063,2.7424310890194743,-2.0411206507004063,8.774514234071319,-2.0411206507004063,8.736556710347902,OOS,2026-07-07,LDN,MR,-2.0411206507004063
2026-07-07 18:50:00,-2.2637864884734324,0.0018810579865112045,1.3202883625128963,-1.3738414006179438,1.307929969104144,-1.3614830072091915,1.1431513903193447,-2.0267765190525773,OOS,2026-07-07,NY,-,
2026-07-07 21:45:00,-2.3523210624584405,-0.06915787196247643,-2.040807174887892,11.212556053811682,-2.040807174887892,7.0282511210760275,-2.040807174887892,9.244394618833983,OOS,2026-07-07,LATE,-,
2026-07-07 23:35:00,-2.119341888444149,-0.1486601405464455,-2.0419790104948436,0.8185907046475862,-2.0419790104948436,0.47109778444107225,-2.0419790104948436,0.5923704814260154,OOS,2026-07-07,LATE,MOM,0.47109778444107225
2026-07-08 03:35:00,3.3845398286636224,-0.053809301826274844,3.541098663787258,-2.0245647185855775,4.2818194088270864,-2.0245647185855775,0.5083007153461445,-2.0245647185855775,OOS,2026-07-08,ASIA,-,
2026-07-08 10:15:00,-2.0887899046917804,0.05123202004593514,2.2056833558865288,-2.0351826792964522,-2.0351826792964522,-2.0351826792964522,-2.0351826792964522,-2.0351826792964522,OOS,2026-07-08,LDN,-,
2026-07-08 11:15:00,-4.201987712923523,-0.028228942071498918,-2.018263923733075,3.0486703462117006,-2.018263923733075,4.136076266934188,-2.018263923733075,5.293728048168529,OOS,2026-07-08,LDN,-,
2026-07-08 15:15:00,2.0487419748858438,0.1793540039456099,-1.017393042782933,0.9810075969612617,0.4408236705317518,-0.4772091163534231,2.8800479808076833,-2.018192722910854,OOS,2026-07-08,NY,MR,0.4408236705317518
2026-07-08 15:50:00,2.2731546196807946,0.11202560505324274,1.7983715448896227,-2.0194986072423204,2.039854296121695,-2.0194986072423204,5.875080351403392,-2.0194986072423204,OOS,2026-07-08,NY,MR,2.039854296121695
2026-07-08 17:35:00,-2.313103305597574,-0.07067267682984132,-0.38580858085808767,0.35577557755775785,-2.0150165016501496,1.5698019801980396,-2.0150165016501496,-0.23795379537951758,OOS,2026-07-08,NY,-,
2026-07-08 19:40:00,2.5885638513701887,0.24970778906622193,-2.0228442324589273,1.458516380067821,-2.0228442324589273,2.3160537216015817,-2.0228442324589273,4.0012551776076215,OOS,2026-07-08,NY,MR,-2.0228442324589273
2026-07-08 21:10:00,2.0693296776700754,0.04989836789471619,-0.824634375419348,0.7757949818865417,-2.0244196967663908,2.304843687105916,-2.0244196967663908,0.6799946330336883,OOS,2026-07-08,LATE,-,
2026-07-08 21:40:00,2.2955947373589822,0.08084694018405328,-2.026407428903063,1.6250725478815407,-2.026407428903063,0.9181659895530362,-2.026407428903063,-0.9587928032501799,OOS,2026-07-08,LATE,-,
2026-07-09 03:10:00,2.8543032028486564,-0.01707788567220346,2.989447548106774,-2.037657769501289,3.817918477136416,-2.037657769501289,2.572315332091852,-2.037657769501289,OOS,2026-07-09,ASIA,-,
2026-07-09 06:05:00,-2.3604239788488517,-0.002005025175445041,-0.059033409017216834,2.4779256024799973e-14,0.2860849821602095,-0.3451183911774015,1.6642880311385382,-2.0295167045085813,OOS,2026-07-09,ASIA,-,
2026-07-09 08:10:00,2.1772663825247927,0.1306130705895132,-0.5169448659585105,-2.0306862249199433,-2.0306862249199433,-2.0306862249199433,-2.0306862249199433,-2.0306862249199433,OOS,2026-07-09,ASIA,MR,-2.0306862249199433
2026-07-09 08:55:00,2.0946757918402,-0.07176312448781783,-2.0253411306043136,3.929824561403468,-2.0253411306043136,5.031189083820541,-2.0253411306043136,5.033138401559375,OOS,2026-07-09,ASIA,-,
2026-07-09 11:20:00,2.291590448321716,-0.18146631230429114,1.3184266362005397,-1.3778358087156362,1.8211196344051623,-2.029704586257608,2.4312061367717486,-2.029704586257608,OOS,2026-07-09,LDN,MOM,-2.029704586257608
2026-07-09 13:50:00,-2.419839146601401,0.15066567128378483,0.8154706430569015,-2.0424044734390843,3.310810810811089,-2.0424044734390843,4.605778191985178,-2.0424044734390843,OOS,2026-07-09,LDN,MR,3.310810810811089
2026-07-09 15:05:00,2.057563693506051,-0.03813778983717413,-1.176233947083369,-2.028160297075716,-0.17762648924657998,-2.028160297075716,-2.028160297075716,-2.028160297075716,OOS,2026-07-09,NY,-,
2026-07-09 15:35:00,2.226213702124122,-0.12522840522864065,0.840112014935137,-2.024269902653662,-0.8121082811041578,-2.024269902653662,-2.024269902653662,-2.024269902653662,OOS,2026-07-09,NY,MOM,-2.024269902653662
2026-07-10 03:30:00,-2.1880354472718984,-0.05949745265110912,2.3009086050239516,-2.0486370924638746,1.5526456440405219,-2.0486370924638746,-2.0486370924638746,-2.0486370924638746,OOS,2026-07-10,ASIA,-,
2026-07-10 07:20:00,-2.027012008002261,-0.06088536370185809,0.7989587505006961,-0.8718462154586422,-0.04205046055252866,-0.03083700440541749,0.9251101321586288,-0.997997597116575,OOS,2026-07-10,ASIA,-,
2026-07-10 08:35:00,-2.443592026213089,-0.1437354676482837,2.9726522187821143,-2.046955624354864,2.1563467492261252,-2.046955624354864,0.7874097007225344,-2.046955624354864,OOS,2026-07-10,ASIA,MOM,-2.046955624354864
2026-07-10 10:45:00,-2.0432417104503746,-0.04558529574015586,0.7087160645028431,-0.7830169422329896,-2.0371504388649617,2.626250255153944,-2.0371504388649617,0.40579710144931413,OOS,2026-07-10,LDN,-,
2026-07-10 11:45:00,-2.747308961445793,-0.1606163902883011,1.4642588412339217,-1.5327313769750812,2.012039127163179,-2.0342362678705284,2.991723100075221,-2.0342362678705284,OOS,2026-07-10,LDN,MOM,-2.0342362678705284
2026-07-10 13:20:00,2.140983637214284,0.09319719161309631,0.9180904522611836,-1.0095477386933398,1.1889447236181074,-2.0457286432159867,-2.0457286432159867,-2.0457286432159867,OOS,2026-07-10,LDN,MR,1.1889447236181074
2026-07-10 14:35:00,-2.0277217216495727,0.03795180472077671,1.7920489296635163,-2.039755351681917,0.9969418960245507,-2.039755351681917,-2.039755351681917,-2.039755351681917,OOS,2026-07-10,LDN,-,
2026-07-10 15:10:00,2.1468839006664626,0.210867393421848,3.694102605082398,-2.0290874220873496,2.365031165095267,-2.0290874220873496,3.2935911778808697,-2.0290874220873496,OOS,2026-07-10,NY,MR,2.365031165095267
2026-07-10 16:25:00,-2.4886675020780764,-0.01649181551872768,2.208190693546374,-2.0230759477620825,3.1827057182705665,-2.0230759477620825,-2.0230759477621634,-2.0230759477620825,OOS,2026-07-10,NY,-,
2026-07-10 22:55:00,2.310976191656681,0.1941449530291174,-2.057214712354776,1.2147123546051986,-2.057214712354776,4.933668657654827,-2.057214712354776,4.933668657654827,OOS,2026-07-10,LATE,MR,-2.057214712354776
2026-07-13 03:30:00,-3.0693637207556885,-0.010776269298122462,1.5351187468418146,-2.0229914098029536,3.9686710459828105,-2.0229914098029536,1.980798383021696,-2.0229914098029536,OOS,2026-07-13,ASIA,-,
2026-07-13 06:05:00,-2.145326711731121,-0.0724513810559127,-0.39174311926602096,0.33608562691128024,-1.1752293577981097,1.119571865443369,-2.0278287461773985,-2.0278287461773985,OOS,2026-07-13,ASIA,-,
2026-07-13 08:05:00,2.5780333419137444,0.25735794943451007,1.6828585542564947,-2.0299687139799563,4.1172402437015485,-2.0299687139799563,2.8401119710192013,-2.0299687139799563,OOS,2026-07-13,ASIA,MR,4.1172402437015485
2026-07-13 11:05:00,2.2636317760440767,0.20561650621114913,-0.736951672862513,0.6828252788104687,-0.5641635687732153,0.510037174721171,0.45799256505574387,-0.512118959107788,OOS,2026-07-13,LDN,MR,-0.5641635687732153
2026-07-13 13:40:00,-3.79557090320775,-0.1006941744410671,2.902378416755392,-2.0323038693645725,3.1782037628683093,-2.0323038693645725,2.5768548100816404,-2.0323038693645725,OOS,2026-07-13,LDN,MOM,-2.0323038693645725
2026-07-13 16:55:00,-2.3820101498372708,-0.058596676512314344,-2.0216280451574677,4.36054664289958,-2.0216280451574677,4.613428401663687,-2.0216280451574677,4.523588829471181,OOS,2026-07-13,NY,-,
2026-07-13 19:25:00,-2.7363298707180004,-0.021933781807355238,-2.0305933770382034,2.4474701630525253,-2.0305933770382034,1.1107749201546135,-2.0305933770382034,1.9720961506134698,OOS,2026-07-13,NY,-,
2026-07-13 21:00:00,-2.057262684983466,-0.1682828263323622,1.515762925598953,-1.5813366960907562,3.3694829760402847,-2.032786885245853,3.422446406052904,-2.032786885245853,OOS,2026-07-13,LATE,MOM,-2.032786885245853
2026-07-14 02:30:00,-2.5913031475461814,-0.17023577763498093,-0.14380384360496345,-2.060304837640913,-2.060304837640913,-2.060304837640913,-2.060304837640913,-2.060304837640913,OOS,2026-07-14,ASIA,MOM,-2.060304837640913
2026-07-14 05:15:00,2.028104517416755,-0.02691596823655254,1.2634341129492164,-1.304962920707345,0.7027952082145171,-0.7443240159726457,0.4536223616657538,-0.49515116942388243,OOS,2026-07-14,ASIA,-,
2026-07-14 07:30:00,2.1671400902955886,-0.11595972122900042,0.6369668246445923,-0.723222748815206,-2.0431279620852636,2.2625592417060374,-2.0431279620852636,1.1611374407582975,OOS,2026-07-14,ASIA,MOM,2.2625592417060374
2026-07-14 08:30:00,2.4978487898553867,-0.1398487319078734,-0.3908996897622107,0.3156153050672807,0.8860392967940613,-0.9613236814889914,0.8310237849017283,-2.0376421923475214,OOS,2026-07-14,ASIA,MOM,-0.9613236814889914
2026-07-14 15:30:00,6.962807542245567,-0.11351818325570447,2.555309734513296,-2.0143805309734586,1.6991150442477763,-2.0143805309734586,1.7234513274336454,-2.0143805309734586,OOS,2026-07-14,NY,MOM,-2.0143805309734586
2026-07-14 19:05:00,-2.027799274808212,0.19845782866475295,-0.07000700070005457,0.03360336033601825,-0.1554155415541576,0.11901190119012128,0.014001400140016515,-0.05040504050405283,OOS,2026-07-14,NY,MR,-0.1554155415541576
2026-07-14 21:35:00,-2.445151988252371,0.24674436060317312,-2.0440784693629976,-0.48825381448290217,-2.0440784693629976,0.6374424800192886,-2.0440784693629976,0.8510535238556034,OOS,2026-07-14,LATE,MR,-2.0440784693629976
2026-07-15 04:40:00,-2.9220074372080522,-0.05047614676675376,-0.4807514628889052,0.42469972282114965,-2.028025870033878,-0.6381275023098172,-2.028025870033878,2.0243301509085536,OOS,2026-07-15,ASIA,-,
2026-07-15 15:00:00,2.2396625019547725,0.007433940615169075,-2.0392579810180806,3.971095772217556,-2.0392579810180806,9.385677308024329,-2.0392579810180806,6.6527178602244,OOS,2026-07-15,NY,-,
2026-07-15 15:30:00,3.9193250706597964,-0.06981777519065493,-2.0302677532014273,4.146682188591391,-2.0302677532014273,1.3736903376019067,-2.0302677532014273,1.7904540162980558,OOS,2026-07-15,NY,-,
2026-07-15 18:10:00,-2.4153575750647915,0.15431857129480692,0.9806367771280101,-1.0279402209226822,-1.0734243014944824,1.0261208576998102,-2.0236517218973717,1.4682261208576788,OOS,2026-07-15,NY,MR,-1.0734243014944824
2026-07-15 19:10:00,-2.322485358758689,0.004500604927216469,-2.0277439024390103,2.0146341463414728,-2.0277439024390103,0.49298780487805427,-2.0277439024390103,-2.0277439024390103,OOS,2026-07-15,NY,-,
2026-07-15 20:30:00,2.5823513215752767,0.22015738284218314,-2.0240804445620895,2.411749139984113,-2.0240804445620895,3.28605451177563,-2.0240804445620895,-0.9947075946016951,OOS,2026-07-15,LATE,MR,-2.0240804445620895
2026-07-15 22:30:00,-2.009442769473797,0.11773616386415489,1.7723404255319541,-1.8276595744681257,2.2872340425532554,-2.027659574468044,2.3000000000000527,-2.027659574468044,OOS,2026-07-15,LATE,MR,2.2872340425532554
2026-07-16 03:55:00,-2.96543012689768,-0.0489959901354073,-2.032413178984814,1.9073909171861863,-2.032413178984814,1.3488869100623435,-2.032413178984814,3.2438112199467004,OOS,2026-07-16,ASIA,-,
2026-07-16 05:05:00,-2.053004389370647,-0.17171209924314984,-1.1223872387239069,1.0723322332233578,-0.09240924092416097,0.04235423542361171,-0.21562156215625766,0.16556655665570844,OOS,2026-07-16,ASIA,MOM,0.04235423542361171
2026-07-16 08:20:00,-2.0740382860119597,-0.10127186448621939,-0.1790697674420205,-2.052906976744106,1.7296511627905298,-2.052906976744106,-0.8465116279070743,-2.052906976744106,OOS,2026-07-16,ASIA,MOM,-2.052906976744106
2026-07-16 14:20:00,-2.069359893034632,-0.08931358961731184,5.580528511821876,-2.0506258692629395,-2.0506258692629395,-2.0506258692629395,-2.0506258692629395,-2.0506258692629395,OOS,2026-07-16,LDN,MOM,-2.0506258692629395
2026-07-16 15:40:00,-2.512235805261143,-0.0188635721649046,-2.0139709833422956,1.1123052122514758,-2.0139709833422956,1.7495969908651536,-2.0139709833422956,-0.22998387963457884,OOS,2026-07-16,NY,-,
2026-07-16 19:15:00,-2.165209288105102,0.05825602972885157,0.788976377952735,-0.8299212598424988,0.10078740157480018,-0.1417322834645639,0.1496062992125868,-0.19055118110235053,OOS,2026-07-16,NY,-,
2026-07-16 20:40:00,-2.02431112072622,-0.171271833425545,0.8939393939394115,-0.959595959595977,0.35606060606059653,-2.0328282828282993,-2.0328282828282993,-2.0328282828282993,OOS,2026-07-16,LATE,MOM,-2.0328282828282993
2026-07-17 02:55:00,2.440568966175094,-0.06641291339380252,0.3603068547389485,-0.45038356842367927,-2.045038356842298,2.0128681019549655,-2.045038356842298,-2.045038356842298,OOS,2026-07-17,ASIA,-,
2026-07-17 06:15:00,3.1324502158112546,0.05967496447900544,1.3550715298363096,-1.4019847918546113,2.462946255960798,-2.023456631009163,4.777935300940832,-2.023456631009163,OOS,2026-07-17,ASIA,-,
2026-07-17 08:05:00,-2.182547778486627,-0.1589805942281939,2.2891933028918587,-2.039573820395697,3.156773211567591,-2.039573820395697,5.092846270928274,-2.039573820395697,OOS,2026-07-17,ASIA,MOM,-2.039573820395697
2026-07-17 09:10:00,2.2045348682974595,-0.004195497085037803,0.5796454691954492,-0.6247675715879121,0.5345233668029485,-0.5796454691954114,1.1037560431386682,-1.148878145531131,OOS,2026-07-17,ASIA,-,
2026-07-17 15:30:00,-2.090939203979608,0.035370894775119635,-2.0292228644829797,1.6724470134874707,-2.0292228644829797,3.5089916506101124,-2.0292228644829797,-2.0292228644829797,OOS,2026-07-17,NY,-,
2026-07-17 18:00:00,2.3850191791387605,-0.05711865707784681,0.1774009146341504,-0.21208079268293067,-0.6469131097560679,0.6122332317072876,-0.6455792682926847,0.6108993902439045,OOS,2026-07-17,NY,-,
2026-07-17 23:55:00,2.1772660237847368,-0.03422802382891201,-6.195211786372241,6.062615101289365,-6.195211786372241,6.062615101289365,-6.195211786372241,6.062615101289365,OOS,2026-07-17,LATE,-,
2026-07-20 04:05:00,2.0565728086093733,-0.08359093120774988,2.048609018780728,-2.018278597971249,1.2724716280003765,-2.018278597971249,-0.5582002611228477,-2.018278597971249,OOS,2026-07-20,ASIA,-,
2026-07-20 05:45:00,2.8428714588026747,0.03385253734725192,-0.07950700821647765,0.03552440792648235,-0.17254712421457538,0.1285645239245801,0.827211213146447,-0.8711938134364422,OOS,2026-07-20,ASIA,-,
2026-07-20 08:20:00,-2.2254077704604773,0.08404653834399589,-2.043603258265387,1.5194058457114739,-2.043603258265387,1.207474844274064,-2.043603258265387,1.1370388116913983,OOS,2026-07-20,ASIA,-,
2026-07-20 10:35:00,2.1622496972333236,0.10305269896879557,-2.0359257797078567,0.9230161863402636,-2.0359257797078567,2.078168180023737,-2.0359257797078567,0.9782866166601186,OOS,2026-07-20,LDN,MR,-2.0359257797078567
2026-07-20 14:30:00,3.4266922462737144,-0.040063272174234985,5.669400400947846,-2.0331693092764884,6.095498450883966,-2.0331693092764884,5.7612538727903,-2.0331693092764884,OOS,2026-07-20,LDN,-,
2026-07-20 15:20:00,-2.027051308234416,0.1130044238100298,0.2253132543970887,-0.2671571444993992,0.6501896769743748,-0.6920335670766853,-0.8320496608805528,0.7902057707782424,OOS,2026-07-20,NY,MR,0.6501896769743748
2026-07-20 17:10:00,-2.078831655954323,0.030028764640605596,1.6899999999999964,-2.0260000000000136,3.0919999999999583,-2.0260000000000136,2.9660000000000264,-2.0260000000000136,OOS,2026-07-20,NY,-,
2026-07-20 20:50:00,-2.098050997436867,0.07139469208399796,0.06085192697758394,-2.0527383367139165,1.0831643002027223,-2.0527383367139165,1.9472616632859254,-2.0527383367139165,OOS,2026-07-20,LATE,-,
2026-07-21 01:45:00,-2.050335985048461,-0.03443882885638429,1.7253384912960135,-2.050290135396569,1.9110251450677826,-2.050290135396569,8.758220502901445,-2.050290135396569,OOS,2026-07-21,ASIA,-,
2026-07-21 03:20:00,2.065877013489344,-0.02111403757442286,-2.030889341479988,1.7226748133061753,-2.030889341479988,2.5186693822131327,-2.030889341479988,2.544806517311601,OOS,2026-07-21,ASIA,-,
2026-07-21 05:35:00,2.163279551560615,-0.007074819218252086,-0.7142062830136193,0.6636085626911281,-2.025298860161233,1.3466777870447137,-2.025298860161233,1.683347233805909,OOS,2026-07-21,ASIA,-,
2026-07-21 07:55:00,2.0819916836644103,-0.22518576087251602,-2.0530457592537825,1.9504517633342489,-2.0530457592537825,4.778198775866976,-2.0530457592537825,11.73535412416202,OOS,2026-07-21,ASIA,MOM,4.778198775866976
2026-07-21 11:45:00,-2.141863004228909,0.16030857820395125,2.1144945188793343,-2.0443361753958573,2.1076735688184396,-2.0443361753958573,0.9651644336175264,-2.0443361753958573,OOS,2026-07-21,LDN,MR,2.1076735688184396
2026-07-21 14:00:00,-2.169054758519124,0.27597332350324083,0.512328767123284,-0.5835616438356123,0.37260273972608954,-0.44383561643841773,-0.013698630137006139,-2.0356164383561994,OOS,2026-07-21,LDN,MR,0.37260273972608954
2026-07-21 18:15:00,2.130247447879752,-0.10752246707317781,0.7214912280701552,-0.7713815789473484,-0.09210526315787781,0.042214912280684545,1.4947916666666892,-1.5446820175438827,OOS,2026-07-21,NY,MOM,0.042214912280684545
2026-07-21 21:20:00,3.630314053649602,-0.021157014296687024,-2.0498903508772677,-0.1266447368420354,-2.0498903508772677,0.9248903508771785,-2.0498903508772677,0.594846491228007,OOS,2026-07-21,LATE,-,
2026-07-21 23:50:00,-2.040185279872659,0.31555237098552646,1.4438775510202368,-2.091836734693841,0.9795918367346131,-2.091836734693841,1.3367346938775968,-2.091836734693841,OOS,2026-07-21,LATE,MR,0.9795918367346131
2026-07-22 03:05:00,2.3841459906371916,-0.05180587196893749,-2.050317943046649,2.519767763339938,-2.050317943046649,10.694498202930804,-2.050317943046649,12.865910975947012,OOS,2026-07-22,ASIA,-,
2026-07-22 04:00:00,2.864970153002015,-0.18566342205826172,-0.9624709398870556,0.9221742499722992,-1.745156647846776,1.7048599579320194,-2.0201483449573683,3.504262149894746,OOS,2026-07-22,ASIA,MOM,1.7048599579320194
2026-07-22 09:25:00,-2.438167696674434,0.30617789234383924,-0.25225225225230985,0.19262899262905042,0.49762489762493783,-0.5572481572481972,-0.03210483210488206,-0.02751842751837738,OOS,2026-07-22,ASIA,MR,0.49762489762493783
2026-07-22 10:45:00,-2.122170795245209,0.07126036567644241,1.203499429440999,-1.2727272727274197,1.155572461011861,-2.0346139216433143,1.7493343476606615,-2.0346139216433143,OOS,2026-07-22,LDN,-,
2026-07-22 15:25:00,2.527660803926874,-0.11294503703244343,5.165634965297591,-2.0341399362220303,0.19433502157191754,-2.0341399362220303,-2.0341399362220303,-2.0341399362220303,OOS,2026-07-22,NY,MOM,-2.0341399362220303
2026-07-22 16:30:00,2.4923600197527116,-0.026486106161475224,-2.020483961733238,2.2674169949353438,-2.020483961733238,1.2952166572876151,-2.020483961733238,2.2532357906584495,OOS,2026-07-22,NY,-,
2026-07-22 18:45:00,2.293034122630976,-0.10120438997355992,1.9872204472841446,-2.027689030883974,3.674121405750602,-2.027689030883974,4.504792332268284,-2.027689030883974,OOS,2026-07-22,NY,MOM,-2.027689030883974
2026-07-22 20:35:00,-2.1606154111465297,0.09248179854465163,0.018741633199415835,-0.08835341365456983,-0.8995983935741809,0.829986613119027,-1.2556894243642311,1.1860776439090772,OOS,2026-07-22,LATE,MR,-0.8995983935741809
2026-07-22 21:00:00,-2.039569966011548,0.09183108201676583,-1.4375896700143795,1.3629842180775074,-0.8120516499282124,0.7374461979913401,-2.037302725968511,1.8880918220947036,OOS,2026-07-22,LATE,MR,-0.8120516499282124
2026-07-23 01:00:00,-2.3313879148123884,0.046355876431891374,0.9421128798842945,-1.0231548480463781,-0.4639652677279576,0.38292329956587406,1.9956584659913434,-2.0405209840810414,OOS,2026-07-23,ASIA,-,
2026-07-23 05:00:00,-2.0009230809004683,-0.03257793206546777,0.4438703616721401,-0.4866134335368658,2.0220760920620737,-2.0213715359323206,1.5847815875999034,-2.0213715359323206,OOS,2026-07-23,ASIA,-,
2026-07-23 10:05:00,-2.696075204981232,-0.05219258534644421,-2.0335979324350273,2.4940003692079373,-2.0335979324350273,3.7112793058887443,-2.0335979324350273,3.4321580210447586,OOS,2026-07-23,LDN,-,
2026-07-23 14:35:00,-2.046436374324324,-0.1009746015808135,0.8759226713532564,-2.0319859402460136,-2.0319859402460136,-2.0319859402460136,-2.0319859402460136,-2.0319859402460136,OOS,2026-07-23,LDN,MOM,-2.0319859402460136
2026-07-23 15:20:00,-2.2057664751910058,-0.11573663789438399,-1.469581749049415,1.420152091254738,-2.0247148288973387,3.807984790874504,-2.0247148288973387,3.688212927756612,OOS,2026-07-23,NY,MOM,3.807984790874504
2026-07-24 03:10:00,-2.779013676879627,-0.19285922900431354,3.4570195818119993,-2.060404912047883,0.31596415532689015,-2.060404912047883,1.8307334882175812,-2.060404912047883,OOS,2026-07-24,ASIA,MOM,-2.060404912047883
2026-07-24 05:45:00,-3.975361276507227,-0.10511045253232375,0.6130516271936811,-0.6750724143805948,1.1783949565512921,-1.2404157437382057,0.059635372295026946,-0.12165615948194071,OOS,2026-07-24,ASIA,MOM,-1.2404157437382057
2026-07-24 10:05:00,3.0285385489503858,0.025823705988305343,-2.0331029465259762,0.26227719170603564,-2.0331029465259762,0.41251364132411433,-2.0331029465259762,2.9767188068387505,OOS,2026-07-24,LDN,-,
2026-07-24 11:25:00,2.1734095186606175,-0.0959539094811927,-1.5465116279069748,1.468130921619292,-2.0391903531438804,0.09948320413437776,-2.0391903531438804,2.809646856158426,OOS,2026-07-24,LDN,MOM,0.09948320413437776
2026-07-24 12:55:00,2.0428248759570145,-0.13082965171007865,-0.8338445807770429,0.7407975460122156,-0.15746421267891936,0.06441717791409182,0.6799591002045804,-2.046523517382437,OOS,2026-07-24,LDN,MOM,0.06441717791409182
2026-07-24 14:50:00,-2.1466260555672028,0.18280479995495105,2.2703800406149295,-2.0527995358282825,0.9585146504205599,-2.0527995358282825,-2.0527995358282825,-2.0527995358282825,OOS,2026-07-24,LDN,MR,0.9585146504205599
2026-07-24 16:05:00,-2.0849419585975957,0.0735750833002759,2.267505098572394,-2.030931339225002,3.745071380013618,-2.030931339225002,3.9496940856560716,-2.030931339225002,OOS,2026-07-24,NY,-,
2026-07-24 16:55:00,2.104464544822162,0.09359623578667745,0.22222222222223095,-0.26632739609839706,0.6904156064461854,-0.7345207803223515,-2.022052586938072,1.6437659033078345,OOS,2026-07-24,NY,MR,0.6904156064461854
2026-07-24 18:10:00,2.280200740423579,-0.06940045772259623,0.46228960555060844,-0.5090582037775132,-0.05036618270583208,0.0035975844789272395,1.8743415135552188,-2.023384299113488,OOS,2026-07-24,NY,-,
2026-07-24 21:15:00,-2.0311991877731295,0.10183467141738514,-2.049577771724374,2.505584309452331,-2.049577771724374,3.569599564151282,-2.049577771724374,2.8640697357666984,OOS,2026-07-24,LATE,MR,-2.049577771724374
2026-07-27 01:00:00,6.668578878138572,0.03538507102571591,-0.4526846633046577,0.369623257193712,0.4692969445268505,-0.5523583506377963,-2.0415307030554186,2.4980717887866946,OOS,2026-07-27,ASIA,-,
2026-07-27 02:40:00,2.2139115352059844,0.06726632985661322,-2.0501653803749376,10.199007717750701,-2.0501653803749376,4.128996692392503,-2.0501653803749376,5.224917309812633,OOS,2026-07-27,ASIA,-,
2026-07-27 06:00:00,-2.1075298416834327,0.04204756711564617,-2.0389304812834017,0.631871657753927,-2.0389304812834017,0.32941176470587824,-2.0389304812834017,0.5360427807486693,OOS,2026-07-27,ASIA,-,
2026-07-27 10:10:00,2.0193368412187547,-0.14008022521076657,1.4648921523636202,-1.5484167049106594,3.395594309316258,-2.0417622762734986,2.525011473152876,-2.0417622762734986,OOS,2026-07-27,LDN,MOM,-2.0417622762734986
2026-07-27 10:55:00,-2.221933566119581,0.17096406663905667,0.5318860244232478,-0.6024423337855265,1.7014925373133145,-2.03527815468121,1.9620081411126307,-2.03527815468121,OOS,2026-07-27,LDN,MR,1.7014925373133145
2026-07-27 15:10:00,-2.268071522926986,0.04846471080819527,-0.3001402524544341,0.2272089761570987,-0.8050490883591149,0.7321178120617795,-2.036465638148704,2.9565217391304635,OOS,2026-07-27,NY,-,
2026-07-27 19:05:00,2.133146447611281,0.11480911814521338,-2.0374100719425017,1.717985611510746,-2.0374100719425017,-2.0374100719425017,-2.0374100719425017,-2.0374100719425017,OOS,2026-07-27,NY,MR,-2.0374100719425017
2026-07-27 19:30:00,3.0130020927810395,0.03530577858261453,3.972587516206691,-2.033709946286399,4.592331913317222,-2.033709946286399,4.309686979070107,-2.033709946286399,OOS,2026-07-27,NY,-,
2026-07-27 22:15:00,2.346549396741087,0.12027379473001336,-1.6792884371029975,1.58678526048292,1.284371029224845,-1.3768742058449224,2.871156289707726,-2.046251588310085,OOS,2026-07-27,LATE,MR,1.284371029224845
2026-07-28 01:20:00,-2.550464113623802,-0.1504282364353925,0.5151793928243247,-0.669733210671608,0.244710211591532,-0.3992640294388153,-2.0772769089236696,4.902790555044338,OOS,2026-07-28,ASIA,MOM,-0.3992640294388153
2026-07-28 02:45:00,-2.5158177754635482,-0.2169648203423265,-2.085930122757358,-2.085930122757358,-2.085930122757358,-2.085930122757358,-2.085930122757358,-2.085930122757358,OOS,2026-07-28,ASIA,MOM,-2.085930122757358
2026-07-28 03:00:00,-3.3669036581457927,-0.21186681550852116,-2.058128393484538,0.5768125199614954,-2.058128393484538,2.8617055253910983,-2.058128393484538,9.720855956563225,OOS,2026-07-28,ASIA,MOM,2.8617055253910983
2026-07-28 04:15:00,-2.131342935141676,-0.24020879740668574,-2.029865441417832,1.5553002953723662,-2.029865441417832,1.2244830981292782,-2.029865441417832,0.960288808664218,OOS,2026-07-28,ASIA,MOM,1.2244830981292782
2026-07-28 08:30:00,-2.198885527485078,-0.1866010534311926,3.0288633461046857,-2.046487867177522,4.1731800766282445,-2.046487867177522,3.9800766283523963,-2.046487867177522,OOS,2026-07-28,ASIA,MOM,-2.046487867177522
2026-07-28 12:35:00,-2.8739816082163894,-0.098053287920054,-2.035080956052411,2.725520431765588,-2.035080956052411,2.7282189668464802,-2.035080956052411,0.6827293754818347,OOS,2026-07-28,LDN,MOM,2.7282189668464802
2026-07-28 18:45:00,2.1657221886968805,0.1596448782336276,-0.3655153657873244,0.31601849333695664,1.0565678542289736,-1.1060647266793413,2.655697579548565,-2.0247484362251593,OOS,2026-07-28,NY,MR,1.0565678542289736
2026-07-28 20:40:00,-2.6738902365184427,-0.05378823355150365,-0.04899673355108999,-0.03593093793747629,-1.3719085394307393,1.2869808679421733,-2.0424638357443254,0.6467568828745078,OOS,2026-07-28,LATE,-,
2026-07-29 01:20:00,-2.866860784672457,-0.06405800433478775,-0.09761330115309574,-0.03754357736661311,0.4430142129257602,-0.5781710914454691,2.5454545454545308,-2.0675784392598544,OOS,2026-07-29,ASIA,-,
2026-07-29 08:40:00,2.9816760770854147,-0.04786576956866768,0.48554913294798124,-2.0389638193106405,-1.1269535431385571,-2.0389638193106405,-2.0389638193106405,-2.0389638193106405,OOS,2026-07-29,ASIA,-,
2026-07-29 09:30:00,2.2040997789769716,-0.10684302284493993,0.3730964467004825,-0.43908629441621805,-0.5355329949238594,0.46954314720812385,1.9060913705583327,-2.0329949238578844,OOS,2026-07-29,ASIA,MOM,0.46954314720812385
2026-07-29 10:10:00,2.037424821445493,-0.12775166718092656,-0.273055622441546,0.1854081386948592,2.052973753912865,-2.0438237418733434,3.0002407897905,-2.0438237418733434,OOS,2026-07-29,LDN,MOM,-2.0438237418733434
2026-07-29 13:40:00,-2.335155357307249,-0.04038172493898282,0.8515422311904555,-0.9564716056499536,1.360046122801958,-2.052464687229749,-2.052464687229749,-2.052464687229749,OOS,2026-07-29,LDN,-,
2026-07-29 15:15:00,-3.3942094652790518,0.055386604635940855,-2.040345821325607,-0.4438040345821743,-2.040345821325607,-2.040345821325607,-2.040345821325607,-2.040345821325607,OOS,2026-07-29,NY,-,
2026-07-29 17:05:00,-2.4318476295622284,-0.07841203130173773,0.7713722305997239,-0.8135947105904446,1.6353091288714212,-1.6775316088621424,2.447279897923744,-2.021111239995329,OOS,2026-07-29,NY,-,
2026-07-29 19:50:00,2.7036723763959176,0.0923637844175947,-2.0309629125552604,5.125552909152857,-2.0309629125552604,4.53725757060237,-2.0309629125552604,18.854031983668136,OOS,2026-07-29,NY,MR,-2.0309629125552604
2026-07-29 21:40:00,2.124575533175757,-0.14281959088652915,-2.0104154744191316,1.2875128762733439,-2.0104154744191316,-1.1432986150852609,-2.0104154744191316,-2.0104154744191316,OOS,2026-07-29,LATE,MOM,-1.1432986150852609
2026-07-29 22:55:00,-2.3896926731866053,0.24948075253624255,0.9241573033707796,-0.9463849535906134,1.8201025891548444,-2.011113825109922,3.7368099658035807,-2.011113825109922,OOS,2026-07-29,LATE,MR,1.8201025891548444
2026-07-30 01:45:00,2.409265475152398,-0.19796084864940766,-2.024782135076253,1.6184640522875695,-2.024782135076253,1.109477124182978,-2.024782135076253,-2.024782135076253,OOS,2026-07-30,ASIA,MOM,1.109477124182978
2026-07-30 03:30:00,-2.053307838266304,0.06696823143759187,3.556586826347372,-2.027245508981995,2.8377245508982107,-2.027245508981995,0.8446107784431762,-2.027245508981995,OOS,2026-07-30,ASIA,-,
2026-07-30 05:55:00,-3.0868515323868815,0.07393497238349825,-2.0273643061193805,2.0481130657043014,-2.0273643061193805,0.9977447000450661,-2.0273643061193805,3.6962862727407946,OOS,2026-07-30,ASIA,-,
2026-07-30 07:15:00,-2.087653692016783,-0.11884511479594584,-1.3578761061947007,1.2934513274336372,-2.032212389380548,2.497699115044317,-2.032212389380548,4.541946902654987,OOS,2026-07-30,ASIA,MOM,2.497699115044317
2026-07-30 08:35:00,-3.2187321670788607,-0.16453024893806878,0.7822209836979731,-0.8329385537132988,1.0377595095444117,-1.0884770795597374,1.7126933259022155,-2.0253587850076884,OOS,2026-07-30,ASIA,MOM,-1.0884770795597374
2026-07-30 11:15:00,2.0382443897671165,0.1670594162739726,-2.0226480836236704,1.2020905923345142,-2.0226480836236704,1.7177700348432245,-2.0226480836236704,3.2456445993031324,OOS,2026-07-30,LDN,MR,-2.0226480836236704
2026-07-30 13:40:00,2.0318010346573043,-0.06460383969574407,0.24538399785916964,-0.29408616537321813,0.6780840246186759,-0.7267861921327244,0.7230398715546799,-0.7717420390687283,OOS,2026-07-30,LDN,-,
2026-07-30 16:50:00,2.062846721791603,0.01332859599425644,1.2861582941814018,-1.3124683773039176,0.2610769786772734,-0.2873870617997889,-0.49280809541026505,0.46649801228774956,OOS,2026-07-30,NY,-,
2026-07-30 19:00:00,2.375014454847539,-0.02758582485228582,0.24972697488174447,-0.2938963717995931,1.1959713626986832,-1.2401407596165317,1.5544230069165528,-2.0220846984590017,OOS,2026-07-30,NY,-,
2026-07-30 22:30:00,2.2204803353134204,-0.055437409995720624,-0.8489179256837576,0.7746018783174836,1.5034708044100982,-1.5777868517763722,1.8436096365866517,-2.0371580236830997,OOS,2026-07-30,LATE,-,
2026-07-30 23:00:00,2.125610440616945,-0.12278959724087364,2.196664080682829,-2.0352986811480718,3.8312645461601065,-2.0352986811480718,1.7649340574089223,-2.0352986811480718,OOS,2026-07-30,LATE,MOM,-2.0352986811480718
2026-07-30 23:40:00,-2.0917912779779355,0.4014282267360663,1.146951871657864,-1.254759358288884,2.2400000000000437,-2.053903743315627,0.9433155080214053,-2.053903743315627,OOS,2026-07-30,LATE,MR,2.2400000000000437
2026-07-31 03:25:00,-2.364134464417889,-0.11236278161768895,-0.5330543933053099,0.45690376569024893,-2.0380753138075494,1.2652719665271146,-2.0380753138075494,4.12384937238472,OOS,2026-07-31,ASIA,MOM,1.2652719665271146
2026-07-31 04:10:00,-2.1214874549205183,-0.17511021564714663,-0.759935379644591,0.7011308562197123,-0.79159935379642,0.7327948303715414,-2.0294022617124394,3.467205169628436,OOS,2026-07-31,ASIA,MOM,0.7327948303715414
2026-07-31 04:35:00,-2.125500280293565,-0.18946543524374324,0.8158212560387056,-0.8707729468599622,-0.5685386473429894,0.5135869565217328,-2.0274758454106285,1.266002415458927,OOS,2026-07-31,ASIA,MOM,0.5135869565217328
2026-07-31 05:40:00,-2.762503471056011,-0.18455838159589683,-0.5805967348471689,0.5122912366298668,0.21542503283913603,-0.2837305310564382,0.9536498404953492,-1.0219553387126514,OOS,2026-07-31,ASIA,MOM,-0.2837305310564382
2026-07-31 09:15:00,2.029150819970547,0.24705824083086236,2.5014662756599737,-2.038123167155388,2.249266862170195,-2.038123167155388,5.941348973607275,-2.038123167155388,OOS,2026-07-31,ASIA,MR,2.249266862170195
2026-07-31 10:30:00,-2.2677322940332374,-0.015633740497733535,-2.0389471431628885,1.8604750695483403,-2.0389471431628885,3.673015193665628,-2.0389471431628885,5.488551251872296,OOS,2026-07-31,LDN,-,
2026-07-31 12:20:00,-2.0022075965795727,-0.18913248781209008,0.6848691695108952,-0.7440273037543548,-0.1456200227530775,0.0864618885096179,1.8088737201365364,-1.868031854379996,OOS,2026-07-31,LDN,MOM,0.0864618885096179
2026-07-31 15:45:00,-2.3001161784414266,-0.09831919059564756,-0.9261067160411369,0.8648375694328203,-2.030634573304189,4.312405318970049,-2.030634573304189,-0.596195926611718,OOS,2026-07-31,NY,MOM,4.312405318970049
2026-07-31 16:35:00,-2.555973867123633,-0.14697959685817036,-0.13113966614621075,0.08742644409745344,2.1957487690645103,-2.0218566110244005,2.4311276570193727,-2.0218566110244005,OOS,2026-07-31,NY,MOM,-2.0218566110244005
2026-08-03 01:00:00,4.3362682513728705,0.06738637242155088,1.9530638852672848,-2.036505867014365,1.7102998696219274,-2.036505867014365,-0.4983050847457975,-2.036505867014365,OOS,2026-08-03,ASIA,-,
2026-08-03 02:15:00,2.048580493177096,0.019409172163492028,0.6333931777378909,-0.6987432675044963,0.3393177737881482,-0.4046678635547536,5.640215439856295,-2.032675044883303,OOS,2026-08-03,ASIA,-,
2026-08-03 02:55:00,2.2758388962188465,0.0035313573204643414,3.342284934000802,-2.041420118343256,5.623577605826067,-2.041420118343256,5.779699590350345,-2.041420118343256,OOS,2026-08-03,ASIA,-,
2026-08-03 04:15:00,-2.1697252657955968,-0.13437187524868646,0.7317073170732081,-0.7786811201445712,2.0523938572719063,-2.02348690153567,3.3062330623306075,-2.02348690153567,OOS,2026-08-03,ASIA,MOM,-2.02348690153567
2026-08-03 08:10:00,-2.542650693808906,0.10399289270099268,2.0307463426728893,-2.045127696503909,2.9367716340192964,-2.045127696503909,1.3573022563849269,-2.045127696503909,OOS,2026-08-03,ASIA,MR,2.9367716340192964
2026-08-03 12:30:00,-2.7837002698206406,-0.032218450909481514,2.0152730049637246,-2.034746086292426,1.2321496754486945,-2.034746086292426,0.9782359679266694,-2.034746086292426,OOS,2026-08-03,LDN,-,
2026-08-03 14:45:00,2.4477689605084194,0.20151229070157894,2.785039046444763,-2.037402383888242,4.830661734484302,-2.037402383888242,8.936292642827993,-2.037402383888242,OOS,2026-08-03,LDN,MR,4.830661734484302
2026-08-03 16:15:00,-2.092057784874335,-0.10771193840582857,-2.024826081025757,1.2374846542082054,-2.024826081025757,0.9453007775201245,-2.024826081025757,-0.08020733869867146,OOS,2026-08-03,NY,MOM,0.9453007775201245
2026-08-03 21:45:00,2.1079301505011907,0.20446290335358436,-2.0491891891891143,2.062162162162084,-2.0491891891891143,4.559459459459285,-2.0491891891891143,5.187567567567323,OOS,2026-08-03,LATE,MR,-2.0491891891891143
2026-08-04 03:00:00,2.5735928928811718,-0.08029595650089175,-2.0502901353965433,0.06963249516456475,-2.0502901353965433,-2.0502901353965433,-2.0502901353965433,-2.0502901353965433,OOS,2026-08-04,ASIA,-,
2026-08-04 07:35:00,2.0369312572061533,0.03497662440643744,0.9592108770993435,-1.0562516662222412,0.9816049053586231,-2.0485203945613764,2.418555051986112,-2.0485203945613764,OOS,2026-08-04,ASIA,-,
2026-08-04 12:00:00,-2.1755734390284034,-0.026695518347989222,-1.128604504314833,1.0519890549357547,-2.0383077246895773,1.0107345821932114,-2.0383077246895773,-2.0383077246895773,OOS,2026-08-04,LDN,-,
2026-08-04 13:45:00,2.0005786877920353,0.1395603169115091,0.7055950266428715,-0.7864120781526407,-2.0404085257548443,5.5825932504441,-2.0404085257548443,5.539076376554264,OOS,2026-08-04,LDN,MR,-2.0404085257548443
2026-08-04 14:40:00,2.6849270975025754,-0.08705079936632301,-2.0285983658076687,-1.6675047140164292,-2.0285983658076687,1.8236957888121135,-2.0285983658076687,3.0050282840980924,OOS,2026-08-04,LDN,-,
2026-08-04 15:35:00,2.272750180028566,-0.04353237236983271,2.5697566984909743,-2.0186839133559467,-0.8479622215378364,-2.0186839133559467,0.4829072990453118,-2.0186839133559467,OOS,2026-08-04,NY,-,
2026-08-04 16:35:00,2.08558642897785,0.014074366104103758,-0.21973394583216674,0.18489807637097425,1.240692889271686,-1.2755287587328787,0.6377643793664308,-0.6726002488276234,OOS,2026-08-04,NY,-,
2026-08-04 19:45:00,2.1313029852675687,-0.0736294201571183,-2.0389388104407162,1.3748395378691323,-2.0389388104407162,0.1946940522037389,-2.0389388104407162,-2.0389388104407162,OOS,2026-08-04,NY,-,
2026-08-04 21:35:00,-2.9022530013974257,0.1865494512730012,1.6342780026989456,-1.7161493477281844,0.6329284750336911,-0.71479982006293,-0.5132703553756128,0.431399010346374,OOS,2026-08-04,LATE,MR,0.6329284750336911
2026-08-04 23:15:00,-2.0394572394185215,0.15584344498846386,0.528452959679831,-0.6325421790106851,0.6565627680871017,-0.7606519874179559,-2.0520446096654013,-2.0520446096654013,OOS,2026-08-04,LATE,MR,0.6565627680871017
2026-08-05 01:35:00,2.8869601181429716,-0.07600958269508763,6.737566947207153,-2.069625095638903,7.996174445294577,-2.069625095638903,1.9495026778882936,-2.069625095638903,OOS,2026-08-05,ASIA,-,
2026-08-05 02:00:00,-2.8639384397744303,0.0466447406505464,-0.6176953766721408,0.5322694203238661,1.0415395447077225,-1.1269655010559971,3.331612297582711,-2.0427129781740736,OOS,2026-08-05,ASIA,-,
2026-08-05 03:30:00,2.2466478233687663,0.15790449087581554,0.06110201854881265,-0.16039279869065579,-2.049645390070872,1.6192034915438618,-2.049645390070872,10.349154391707504,OOS,2026-08-05,ASIA,MR,-2.049645390070872
2026-08-05 04:10:00,2.113639212708158,-0.19692404784884782,-2.037964121818997,2.073425114726745,-2.037964121818997,4.024196912807762,-2.037964121818997,14.5490196078432,OOS,2026-08-05,ASIA,MOM,4.024196912807762
2026-08-05 08:20:00,2.5224127185644503,-0.19046493511031165,-2.0469556243551446,9.203302373580954,-2.0469556243551446,8.787925696594185,-2.0469556243551446,9.636738906088617,OOS,2026-08-05,ASIA,MOM,8.787925696594185
2026-08-05 13:10:00,-2.0094619445261364,0.17927094318869288,1.0699410609038413,-2.0357563850686544,5.396463654223911,-2.0357563850686544,12.685265225933065,-2.0357563850686544,OOS,2026-08-05,LDN,MR,5.396463654223911
2026-08-05 14:05:00,2.2989445629705623,-0.024266841364720113,-2.0386493947759994,5.46145678488,-2.0386493947759994,9.26098959439361,-2.0386493947759994,8.291781694627144,OOS,2026-08-05,LDN,-,
2026-08-05 17:05:00,3.2172313753895114,-0.002893166570271541,-0.4672036823935899,0.43728423475262324,-2.0149597238204984,3.2934407364787157,-2.0149597238204984,0.865362485615714,OOS,2026-08-05,NY,-,
2026-08-05 21:05:00,2.1026737574057703,-0.11643877250177297,-2.0308422301305793,0.4317912218267709,-2.0308422301305793,0.5195729537365918,-2.0308422301305793,-2.0308422301305793,OOS,2026-08-05,LATE,MOM,0.5195729537365918
2026-08-06 02:10:00,2.6856987058145925,-0.11281510738914409,-2.055251973284925,10.344869459623506,-2.055251973284925,6.052216150576666,-2.055251973284925,12.061930783242166,OOS,2026-08-06,ASIA,MOM,6.052216150576666
2026-08-06 03:50:00,2.248333783988803,-0.19855737613087326,1.4696500833135642,-2.014441006109613,0.9942077283186481,-2.014441006109613,2.037292708085409,-2.014441006109613,OOS,2026-08-06,ASIA,MOM,-2.014441006109613
2026-08-06 06:15:00,-2.3570595683411155,0.0869377618317393,-0.6922186197314346,0.6500694766096176,-0.9159333024549433,0.8737841593331263,-2.0210745715609506,1.674617878647587,OOS,2026-08-06,ASIA,MR,-0.9159333024549433
2026-08-06 11:30:00,2.222340901562968,-0.07855768463231497,-2.028620852335188,1.391413744299395,-2.028620852335188,1.1514389054882261,-2.028620852335188,-1.2417046705457464,OOS,2026-08-06,LDN,-,
2026-08-06 14:45:00,-2.19887726208875,-0.016614258713966892,0.1134446833140194,-2.030097569042412,-0.236150157102781,-2.030097569042412,-2.030097569042412,-2.030097569042412,OOS,2026-08-06,LDN,-,
2026-08-06 16:05:00,-3.485574457694138,0.04053269275064491,3.663956639566448,-2.0176151761518146,4.512195121951311,-2.0176151761518146,4.678861788617921,-2.0176151761518146,OOS,2026-08-06,NY,-,
2026-08-06 18:50:00,-3.0296196837077396,0.012029800481247209,-1.4731687818526567,1.4367942440291328,0.3007894473867945,-0.3371639852103181,1.6886179674227835,-1.7249925052463073,OOS,2026-08-06,NY,-,
2026-08-07 02:50:00,2.799499160684799,-0.1449075905697039,4.808535515931181,-2.053200818474185,7.263957907044954,-2.053200818474185,-2.053200818474185,-2.053200818474185,OOS,2026-08-07,ASIA,MOM,-2.053200818474185
2026-08-07 03:35:00,-2.002346653735522,-0.024696332498497717,1.635300189231074,-2.03130913469806,2.591432995011296,-2.03130913469806,4.16411491484611,-2.03130913469806,OOS,2026-08-07,ASIA,-,
2026-08-07 04:40:00,2.027226851993408,0.05056145089216554,-0.327656301505325,0.28766069662674076,1.0429623118338291,-1.0829579167124133,-0.6383913855620854,0.5983957806835012,OOS,2026-08-07,ASIA,-,
2026-08-07 06:55:00,2.128745588043538,-0.04406942087387493,0.2366969211603247,-0.30147713116210273,0.24417156077607763,-0.3089517707778556,-2.0323901050009217,3.0994838939311533,OOS,2026-08-07,ASIA,-,
2026-08-07 08:30:00,2.191690635964067,-0.15798921695500112,-1.673809523809458,1.6119047619046953,-2.0309523809523196,2.616666666666673,-2.0309523809523196,2.930952380952322,OOS,2026-08-07,ASIA,MOM,2.616666666666673
2026-08-07 11:10:00,2.6790293873180473,-0.0540603280899452,-2.032593123209202,2.3090974212032407,-2.032593123209202,1.5393982808021696,-2.032593123209202,2.095988538681888,OOS,2026-08-07,LDN,-,
2026-08-07 12:40:00,2.368086462773703,-0.15552068515663475,1.633363648174587,-1.6806548005716262,0.06184227621155856,-0.10913342860859733,-1.018578667013189,0.9712875146161503,OOS,2026-08-07,LDN,MOM,-0.10913342860859733
2026-08-07 14:00:00,2.2702941904958416,-0.10608701451375102,-0.3045596936999336,0.24121127741034187,0.9088061260006015,-0.9721545422901932,-2.0316742081447328,-2.0316742081447328,OOS,2026-08-07,LDN,MOM,-0.9721545422901932
2026-08-07 15:30:00,4.232616963874499,-0.03111478788450242,1.3470639100699793,-1.375678012734865,0.7087493121609766,-2.014307051332428,1.3316563163273127,-2.014307051332428,OOS,2026-08-07,NY,-,
2026-08-07 22:20:00,2.145709991689135,-0.06350505323477179,1.3886539816772858,-1.452783650458117,2.293868921775961,-2.032064834390512,1.8301620859760772,-2.032064834390512,OOS,2026-08-07,LATE,-,
2026-08-10 02:55:00,-2.6299015481855186,0.05260170778629518,1.338773802050637,-2.0380832810210974,-0.22557020297117117,-2.0380832810210974,-2.0380832810210974,-2.0380832810210974,OOS,2026-08-10,ASIA,-,
2026-08-10 04:05:00,-2.2920173456962,-0.09318541303429541,-1.3137775418105515,1.2654632333422744,-0.11335280063719944,0.06503849216892238,-1.1335280063711628,1.0852136979028857,OOS,2026-08-10,ASIA,MOM,0.06503849216892238
2026-08-10 07:15:00,2.043772493152404,0.05514803866440524,-0.058897770298611304,-0.01766933108969481,0.12663020614231643,-0.20319730753062254,-2.0382835506942296,2.6503996634413975,OOS,2026-08-10,ASIA,-,
2026-08-10 07:55:00,2.242287171212218,-0.09678622625532432,1.5524193548384724,-1.6258064516126653,-2.0366935483869866,-2.0366935483869866,-2.0366935483869866,-2.0366935483869866,OOS,2026-08-10,ASIA,MOM,-2.0366935483869866
2026-08-10 08:40:00,2.0841933558826597,-0.09577903238702135,-2.033006891548786,0.9114980050780727,-2.033006891548786,2.9249183895540805,-2.033006891548786,3.9963728690606533,OOS,2026-08-10,ASIA,MOM,2.9249183895540805
2026-08-10 09:40:00,2.2343269749040378,-0.13915417218262546,0.7955911823648165,-0.847695390781651,-0.873747494989908,0.8216432865730734,1.7494989979959572,-1.8016032064127923,OOS,2026-08-10,ASIA,MOM,0.8216432865730734
2026-08-10 13:40:00,-2.057771159855452,-0.0014346456226711768,-2.051109238977712,2.449311991013949,-2.051109238977712,0.17691659646163657,-2.051109238977712,3.416456051671066,OOS,2026-08-10,LDN,-,
2026-08-10 16:55:00,-2.1616319372669923,0.07898243356036153,4.600358208955378,-2.020059701492516,4.58698507462688,-2.020059701492516,6.7684776119403915,-2.020059701492516,OOS,2026-08-10,NY,-,
2026-08-10 17:30:00,2.0173632605245877,0.10732898874251551,-0.007272727272637246,-0.02763636363645333,-0.10181818181817028,0.06690909090907969,-2.0174545454545263,1.2072727272727266,OOS,2026-08-10,NY,MR,-0.10181818181817028
2026-08-10 18:50:00,2.3458963338398755,-0.1376415506099936,-1.3759268023346936,1.3229215964662595,0.7288215806909835,-0.7818267865594175,-0.40637324499138355,0.3533680391229495,OOS,2026-08-10,NY,MOM,-0.7818267865594175
2026-08-10 21:30:00,4.570845457860105,-0.14627726555126325,-0.13417672992144922,0.06977189955916765,-2.032202415181071,2.01265094882127,-2.032202415181071,3.000191681042999,OOS,2026-08-10,LATE,MOM,2.01265094882127
2026-08-11 01:30:00,2.02097094618177,-0.1271466769459675,-2.0623376623375322,2.6025974025976524,-2.0623376623375322,0.9246753246756768,-2.0623376623375322,9.823376623377692,OOS,2026-08-11,ASIA,MOM,0.9246753246756768
2026-08-11 02:55:00,2.348726236635567,-0.2667659082078735,-2.047350620067797,-2.047350620067797,-2.047350620067797,-2.047350620067797,-2.047350620067797,-2.047350620067797,OOS,2026-08-11,ASIA,MOM,-2.047350620067797
2026-08-11 04:50:00,2.297900233501398,-0.18106500746744275,0.7045232034462905,-0.7374192285099291,2.724887409438066,-2.016448012531766,2.010769532014906,-2.016448012531766,OOS,2026-08-11,ASIA,MOM,-2.016448012531766
2026-08-11 05:10:00,2.022572672397902,-0.2319232833254125,2.1316237603927757,-2.0168286086346243,2.8215967144146292,-2.0168286086346243,2.757087047981688,-2.0168286086346243,OOS,2026-08-11,ASIA,MOM,-2.0168286086346243
2026-08-11 08:15:00,-2.3002423424269804,-0.04441481108808653,-2.025366148271259,5.610146459308553,-2.025366148271259,6.123810961799751,-2.025366148271259,8.229201268307428,OOS,2026-08-11,ASIA,-,
2026-08-11 13:55:00,2.080045200242341,0.08437878164429716,-2.0399144689948807,1.6065573770494168,-2.0399144689948807,1.742931812782321,-2.0399144689948807,3.3295319553338336,OOS,2026-08-11,LDN,MR,-2.0399144689948807
2026-08-11 15:10:00,2.3906265254245183,-0.021358855784149172,-0.3868273092370183,-2.0269879518073153,0.665702811244944,-2.0269879518073153,2.2017670682729955,-2.0269879518073153,OOS,2026-08-11,NY,-,
2026-08-11 18:35:00,-2.53841583100097,0.07597072879842962,1.35812449474542,-2.019401778496341,1.9595796281325404,-2.019401778496341,0.8310428455942134,-2.019401778496341,OOS,2026-08-11,NY,-,
2026-08-11 20:50:00,-2.029879127918096,0.043549240370712165,-2.0343417825019325,2.4096484055600844,-2.0343417825019325,0.2947669664757744,-2.0343417825019325,0.9844644317251184,OOS,2026-08-11,LATE,-,
2026-08-12 01:05:00,2.39945528115051,0.09143462536940315,-1.2245361605454281,1.044301400984655,-2.0901173797803176,-2.0901173797803176,-2.0901173797803176,-2.0901173797803176,OOS,2026-08-12,ASIA,MR,-2.0901173797803176
2026-08-12 02:00:00,-2.419414953415561,0.0011983716892886853,1.2283575105286706,-2.039307440336833,1.343004211511171,-2.039307440336833,6.49555451567574,-2.039307440336833,OOS,2026-08-12,ASIA,-,
2026-08-12 03:40:00,2.2126920985685365,-0.18466022516904657,-2.036230321328563,2.2130687944791396,-2.036230321328563,3.0463661850334454,-2.036230321328563,6.814319603191614,OOS,2026-08-12,ASIA,MOM,3.0463661850334454
2026-08-12 04:05:00,2.0465509449191464,-0.1520390773908678,-0.13702720637033178,0.08128732581293274,-2.027869940278669,2.3317850033178265,-2.027869940278669,6.075646980756436,OOS,2026-08-12,ASIA,MOM,2.3317850033178265
2026-08-12 08:20:00,-2.0710552621696756,0.2238439897584989,-2.0402010050251684,1.7487437185929768,-2.0402010050251684,1.6214405360133786,-2.0402010050251684,-2.0402010050251684,OOS,2026-08-12,ASIA,MR,-2.0402010050251684
2026-08-12 09:55:00,2.0194009867575664,0.07437729458262562,0.197937458416557,-0.2538256819694505,-0.71490352628072,0.6590153027278265,0.34930139720555875,-0.4051896207584523,OOS,2026-08-12,ASIA,-,
2026-08-12 10:35:00,2.1225026022089173,-0.14468694696038614,-0.01775362318835972,-0.04311594202903178,0.3423913043478918,-0.40326086956528334,-2.030434782608663,2.1405797101450363,OOS,2026-08-12,LDN,MOM,-0.40326086956528334
2026-08-12 12:10:00,2.6168093975076623,-0.05517866958512636,-2.043693107932379,0.25487646293877086,-2.043693107932379,1.7732119635889636,-2.043693107932379,-1.867880364109277,OOS,2026-08-12,LDN,-,
2026-08-12 15:25:00,3.0209864044911985,-0.0028102781833118373,-2.0272948822095276,-2.0272948822095276,-2.0272948822095276,-2.0272948822095276,-2.0272948822095276,-2.0272948822095276,OOS,2026-08-12,NY,-,
2026-08-12 19:45:00,-2.7158836215311326,0.16321703511231517,0.09779219159291479,-0.13970313084699934,0.08731445677932377,-0.12922539603340832,2.5495821379568553,-2.020955469627042,OOS,2026-08-12,NY,MR,0.08731445677932377
2026-08-12 21:45:00,2.1533716855664653,0.046039733752202425,-0.07195888063978027,0.007995431182327086,2.004188083000287,-2.031981724728623,2.374643061107882,-2.031981724728623,OOS,2026-08-12,LATE,-,
2026-08-13 01:05:00,-2.0804650232268993,-0.14788404947792133,-2.0751974723538757,1.8755134281201282,-2.0751974723538757,-0.6546603475511626,-2.0751974723538757,-2.0751974723538757,OOS,2026-08-13,ASIA,MOM,-0.6546603475511626
2026-08-13 02:50:00,2.3329208417983827,-0.09865311015750161,-2.0641711229948556,12.326203208555196,-2.0641711229948556,10.855614973261195,-2.0641711229948556,2.2673796791440273,OOS,2026-08-13,ASIA,MOM,10.855614973261195
2026-08-13 05:30:00,-2.0188681797244152,-0.02217623077623891,1.3687197068211598,-1.4084407140324129,1.1916302163377033,-1.2313512235489565,-0.6338810734129243,0.5941600662016708,OOS,2026-08-13,ASIA,-,
2026-08-13 06:55:00,-2.2532306824281507,-0.037853463103402936,-2.034167175106697,0.5609111246695337,-2.034167175106697,0.6577181208051677,-2.034167175106697,4.8545861297537485,OOS,2026-08-13,ASIA,-,
2026-08-13 08:40:00,-2.2001263586262163,0.07718400582806866,-2.0227027027026283,2.2040540540540827,-2.0227027027026283,2.555945945945904,-2.0227027027026283,1.7235135135135609,OOS,2026-08-13,ASIA,-,
2026-08-13 11:00:00,-2.2406602761162135,-0.15751749011164323,1.8646453708717499,-2.030319436924711,1.7332611441979793,-2.030319436924711,4.371052156650597,-2.030319436924711,OOS,2026-08-13,LDN,MOM,-2.030319436924711
2026-08-13 13:25:00,2.1241658380892905,0.1306410413953249,-2.0429557657887547,1.7432881615954363,-2.0429557657887547,0.28995141907451216,-2.0429557657887547,1.3781641523907957,OOS,2026-08-13,LDN,MR,-2.0429557657887547
2026-08-13 19:10:00,-2.1241805542922587,-0.049702201302022506,1.700569568755079,-1.7396257119609382,2.63466232709518,-2.0195280716029718,1.0984540276647767,-2.0195280716029718,OOS,2026-08-13,NY,-,
2026-08-13 22:10:00,-3.0771865812691326,-0.0697770981749858,1.2359505779192572,-2.0334794738939084,0.9374252690313424,-2.0334794738939084,1.9892387405340295,-2.0334794738939084,OOS,2026-08-13,LATE,-,
2026-08-14 01:05:00,2.2274620035947703,0.08038670257236466,-2.0728497092135085,2.0097949188855715,-2.0728497092135085,-2.0728497092135085,-2.0728497092135085,-2.0728497092135085,OOS,2026-08-14,ASIA,-,
2026-08-14 01:35:00,2.8377698832681464,-0.0646746800999731,0.8149141630901207,-2.04506437768255,-0.07135193133070485,-2.04506437768255,9.730150214592244,-2.04506437768255,OOS,2026-08-14,ASIA,-,
2026-08-14 03:20:00,-2.0593624699961555,-0.018341807185274187,-2.0283496456293992,1.75059061761724,-2.0283496456293992,7.1630104623692095,-2.0283496456293992,7.248059399257637,OOS,2026-08-14,ASIA,-,
2026-08-14 04:00:00,-2.2216158913656163,-0.24458011372068347,-2.0164335322312072,2.1815514036975405,-2.0164335322312072,1.7186735791841794,-2.0164335322312072,1.4776484397927092,OOS,2026-08-14,ASIA,MOM,1.7186735791841794
2026-08-14 08:55:00,2.2720355006499564,0.24255358817350964,0.959622272875253,-1.0143275805926082,-0.4809508303483633,0.42624552263100823,-2.0273526538586477,2.2702702702702178,OOS,2026-08-14,ASIA,MR,-0.4809508303483633
2026-08-14 10:40:00,2.0195621018639396,0.13086273540359997,-2.0356915232631865,2.36158912258352,-2.0356915232631865,1.151051625238948,-2.0356915232631865,4.0658593584023945,OOS,2026-08-14,LDN,MR,-2.0356915232631865
2026-08-14 12:20:00,2.115514857243009,-0.1081780611609877,-0.8382853254707642,0.7620775686097981,-2.038103878430483,0.504876389203911,-2.038103878430483,0.5302789748242098,OOS,2026-08-14,LDN,MOM,0.504876389203911
2026-08-14 14:30:00,2.8276191875475964,0.04212041305588111,-2.0399429386591463,4.067522586780672,-2.0399429386591463,6.593913456966256,-2.0399429386591463,9.822634331906865,OOS,2026-08-14,LDN,-,
2026-08-14 16:20:00,2.0105125393335563,-0.15831830263409552,-2.0212900773032336,-0.2075782537067872,-2.0212900773032336,1.1815992903307135,-2.0212900773032336,-0.40096312254473,OOS,2026-08-14,NY,MOM,1.1815992903307135
2026-08-14 20:45:00,-2.2511092435032842,0.13230764105222623,0.5617977528089599,-0.6516853932584001,-2.0449438202248174,-2.0449438202248174,-2.0449438202248174,-2.0449438202248174,OOS,2026-08-14,LATE,MR,-2.0449438202248174
2026-08-17 01:55:00,2.2104268562731653,-0.04744392189592841,2.987673343605651,-2.032357473035476,4.182203389830752,-2.032357473035476,-2.032357473035476,-2.032357473035476,OOS,2026-08-17,ASIA,-,
2026-08-17 02:40:00,-2.088572597476331,0.03310665039375141,2.854474708171078,-2.032684824902618,7.473929961089408,-2.032684824902618,9.533073929961128,-2.032684824902618,OOS,2026-08-17,ASIA,-,
2026-08-17 03:20:00,2.0830745594538946,0.08952855739214076,-2.0252176523567043,2.315821074752431,-2.0252176523567043,5.396577604323146,-2.0252176523567043,1.630741519063392,OOS,2026-08-17,ASIA,MR,-2.0252176523567043
2026-08-17 10:30:00,2.1273191897061925,-0.03347658304450714,1.8409219724162116,-1.9044020404305644,1.883242017759075,-2.031740034007142,2.782542981295884,-2.031740034007142,OOS,2026-08-17,LDN,-,
2026-08-17 13:25:00,2.2773187371750803,0.04377573387505465,1.6873239436619474,-2.0338028169013365,0.41971830985907954,-2.0338028169013365,5.425352112676305,-2.0338028169013365,OOS,2026-08-17,LDN,-,
2026-08-17 15:25:00,-2.586447045836673,0.03717861836750964,-2.0305010893245865,0.17538126361643142,-2.0305010893245865,-0.17538126361671807,-2.0305010893245865,-2.0305010893245865,OOS,2026-08-17,NY,-,
2026-08-17 16:50:00,2.096866711895219,0.16356252316635655,-2.0215661103979223,4.043645699614843,-2.0215661103979223,2.627471116816374,-2.0215661103979223,4.437227214377284,OOS,2026-08-17,NY,MR,-2.0215661103979223
2026-08-17 20:35:00,-2.528533589995894,0.10167909276944749,-0.10203644158635405,-2.0360128617363724,-2.0360128617363724,-2.0360128617363724,-2.0360128617363724,-2.0360128617363724,OOS,2026-08-17,LATE,MR,-2.0360128617363724
2026-08-17 21:25:00,-2.1306236709880997,0.048929918414228314,0.09015852047561265,-0.14564068692211246,1.8794583883751812,-2.0277410832232197,2.0412813738440967,-2.0277410832232197,OOS,2026-08-17,LATE,-,
2026-08-18 02:30:00,2.244785976660173,-0.08385433776674134,-2.0447641886490824,1.1862509992007442,-2.0447641886490824,3.405808686384332,-2.0447641886490824,0.08206767919003818,OOS,2026-08-18,ASIA,-,
2026-08-18 03:25:00,2.1016920919121302,-0.21440815292462045,-0.7724609374998858,0.7177734374998862,1.4469401041667125,-2.0273437500000586,6.608072916666586,-2.0273437500000586,OOS,2026-08-18,ASIA,MOM,-2.0273437500000586
2026-08-18 04:40:00,-2.471400033035168,0.05119935142769158,-2.023785926660111,2.124876114965185,-2.023785926660111,3.3260654112982806,-2.023785926660111,3.3518334985133666,OOS,2026-08-18,ASIA,-,
2026-08-18 06:45:00,-2.0462166221771825,-0.17434832359111188,-0.8683206106871606,0.7881679389314372,0.25381679389316025,-0.33396946564888363,-2.040076335877992,-0.6712786259539884,OOS,2026-08-18,ASIA,MOM,-0.33396946564888363
2026-08-18 08:30:00,-2.1209787651296246,-0.00626356870989693,1.1939799331101915,-2.0401337792642997,2.7725752508359736,-2.0401337792642997,3.3210702341136553,-2.0401337792642997,OOS,2026-08-18,ASIA,-,
2026-08-18 17:55:00,-2.2339891300540717,0.0026117350605253248,-1.1888222976388458,1.1645606180951968,-0.18701711314901073,0.16275543360536146,-0.281031121380589,0.2567694418369397,OOS,2026-08-18,NY,-,
2026-08-18 21:00:00,-2.3864577285147,-0.09371251785125675,1.6000753153833112,-1.6633402372436015,0.3321408397665531,-0.39540576162684354,-2.031632460930111,2.4989644134813256,OOS,2026-08-18,LATE,MOM,-0.39540576162684354
2026-08-18 22:45:00,-2.2218624123645268,-0.122715128788388,-1.044034090909112,0.9843750000000188,-2.0298295454545463,3.17187499999992,-2.0298295454545463,2.7492897727272223,OOS,2026-08-18,LATE,MOM,3.17187499999992
2026-08-19 07:35:00,-2.5541241937223598,0.03952879783708092,-1.6854060193071125,1.5900056785916132,-2.0477001703576465,1.4190800681432558,-2.0477001703576465,1.0056785917094397,OOS,2026-08-19,ASIA,-,
2026-08-19 08:05:00,-2.5122170682455818,-0.17133872792903337,0.11658094538330668,-0.19887337741857317,-2.041146216017678,1.172667156502535,-2.041146216017678,-2.041146216017678,OOS,2026-08-19,ASIA,MOM,1.172667156502535
2026-08-19 08:30:00,-2.0328462550792765,-0.23422443806004445,-0.26514157134805233,0.20213763360194414,0.042002625164244,-2.0315019688729516,5.51021938871186,-2.0315019688729516,OOS,2026-08-19,ASIA,MOM,-2.0315019688729516
2026-08-19 10:25:00,2.0631958256834273,-0.04772668144609452,0.4168564920275127,-0.47152619589995165,-0.9931662870159245,0.9384965831434855,1.8231430033081973e-13,-0.05466970387262125,OOS,2026-08-19,LDN,-,
2026-08-19 13:15:00,2.787401356089883,-0.026890271479670054,-0.0452865064696424,-0.03234750462093106,-0.6825323475048487,0.6048983364142752,0.08733826247670687,-2.0388170055452024,OOS,2026-08-19,LDN,-,
2026-08-19 15:30:00,3.32460649964071,-0.04785164038311985,-2.0258660508082587,9.249268668206414,-2.0258660508082587,16.61678214010806,-2.0258660508082587,22.13918398768319,OOS,2026-08-19,NY,-,
2026-08-19 18:55:00,2.1173995982114717,-0.19225436547195013,0.46267704478755334,-0.5055505933392952,0.07502870996554165,-0.11790225851728343,1.2254689294372083,-1.26834247798895,OOS,2026-08-19,NY,MOM,-0.11790225851728343
2026-08-19 21:25:00,-2.4089117262965085,0.2767311106879762,3.9345485861922924,-2.024113678771429,6.420266972872396,-2.024113678771429,8.684943304148373,-2.024113678771429,OOS,2026-08-19,LATE,MR,6.420266972872396
2026-08-19 22:05:00,2.193364259988576,-0.061273825018934844,-0.11571523032843029,0.07868635662333798,-0.8501212254794613,0.813092351774369,-2.018514436852506,2.4392770553230005,OOS,2026-08-19,LATE,-,
2026-08-19 23:20:00,2.489191782789621,-0.2268754937419743,-1.4687008493236655,1.415854042151601,-2.0264234035860036,0.8829820698332681,-2.0264234035860036,0.35231204781381925,OOS,2026-08-19,LATE,MOM,0.8829820698332681
2026-08-20 04:00:00,-2.8763359199992227,-0.09217245610792557,0.9095607235143011,-0.9509043927649469,0.7700258397933026,-0.8113695090439484,0.44444444444456743,-0.48578811369521324,OOS,2026-08-20,ASIA,MOM,-0.8113695090439484
2026-08-20 04:50:00,-2.2696982705870243,-0.11061591935696224,1.306907294016452,-2.018047051240715,1.2482543774841521,-2.018047051240715,2.1987324094961287,-2.018047051240715,OOS,2026-08-20,ASIA,MOM,-2.018047051240715
2026-08-20 07:30:00,-2.0413386766461556,0.1075930106293349,0.9943007452870566,-1.0679526523453646,-2.0368259535291937,2.38141166155199,-2.0368259535291937,-2.0368259535291937,OOS,2026-08-20,ASIA,MR,-2.0368259535291937
2026-08-20 08:30:00,-2.287285479461399,-0.15170103032811033,2.175277458859481,-2.032146957520022,3.8897818599309413,-2.032146957520022,2.469957902793509,-2.032146957520022,OOS,2026-08-20,ASIA,MOM,-2.032146957520022
2026-08-20 14:40:00,-2.5889826645593255,-0.01776072864737898,-2.0278884462151696,2.7981407702523002,-2.0278884462151696,1.8290172642761842,-2.0278884462151696,-2.0278884462151696,OOS,2026-08-20,LDN,-,
2026-08-20 17:45:00,2.6360399007604025,-0.020719113978839708,-2.015414258188825,4.056518946692527,-2.015414258188825,1.546563904945418,-2.015414258188825,0.48683365446370264,OOS,2026-08-20,NY,-,
2026-08-21 02:00:00,2.479697501387103,-0.14142734913535102,1.905449116695808,-2.0418014431451077,2.215476486688151,-2.0418014431451077,5.594426474247609,-2.0418014431451077,OOS,2026-08-21,ASIA,MOM,-2.0418014431451077
2026-08-21 04:30:00,2.8662093255369965,-0.02338838560386406,2.635718891038111,-2.0216634429400155,1.9515151515152225,-2.0216634429400155,0.2978723404256135,-2.0216634429400155,OOS,2026-08-21,ASIA,-,
2026-08-21 05:45:00,2.102369027502451,-0.056725700465025626,1.1096892138938423,-1.1535648994514272,1.347349177330793,-2.0219378427787924,-0.3802559414990749,-2.0219378427787924,OOS,2026-08-21,ASIA,-,
2026-08-21 07:25:00,2.5347137989872452,-0.06975096440494713,1.4511612021857092,-1.5085382513660375,3.8657786885246144,-2.028688524590257,-2.028688524590257,-2.028688524590257,OOS,2026-08-21,ASIA,-,
2026-08-21 08:55:00,2.6196932363940135,-0.04343603783740783,-0.406030150753886,0.3577889447237343,-2.0241206030150756,1.4552763819096912,-2.0241206030150756,2.116582914573013,OOS,2026-08-21,ASIA,-,
2026-08-21 09:30:00,2.128124682897586,-0.1605972490152648,-0.7057057057056965,0.6696696696696604,-0.13813813813816578,0.10210210210212965,-2.018018018017979,2.8963963963963812,OOS,2026-08-21,ASIA,MOM,0.10210210210212965
2026-08-21 11:15:00,2.0331964781014014,-0.07221489455992852,-2.023486648958427,1.6107926744023644,-2.023486648958427,3.9966447644343575,-2.023486648958427,2.2645044037467015,OOS,2026-08-21,LDN,-,
2026-08-21 15:30:00,-2.124754482822567,0.25634186524700886,-2.0202385254787925,-0.575111432357546,-2.0202385254787925,0.6037826767859038,-2.0202385254787925,-2.0202385254787925,OOS,2026-08-21,NY,MR,-2.0202385254787925
2026-08-21 18:50:00,2.339288496671385,-0.11840115690845814,0.11778080945893873,-0.155979990905051,-2.0190995907230973,2.1502955889040862,-2.0190995907230973,0.9088221919054089,OOS,2026-08-21,NY,MOM,2.1502955889040862
2026-08-21 23:20:00,-2.1862832665759893,0.2551825627198857,-2.0356309650053013,1.754825026511275,-2.0356309650053013,2.2209968186638784,-2.0356309650053013,2.2209968186638784,OOS,2026-08-21,LATE,MR,-2.0356309650053013
2026-08-24 02:50:00,2.2675273360462995,0.005768529063014435,-2.028335301062604,-2.028335301062604,-2.028335301062604,-2.028335301062604,-2.028335301062604,-2.028335301062604,OOS,2026-08-24,ASIA,-,
2026-08-24 05:05:00,2.1184910571282387,-0.11674910883365089,-0.28967761934285924,0.2636391816491208,0.5337879727216328,-0.5598264104153713,0.9536577805331525,-0.9796962182268907,OOS,2026-08-24,ASIA,MOM,-0.5598264104153713
2026-08-24 09:15:00,2.1362122625209223,-0.08457514536057859,0.945342571208662,-2.0184757505773474,1.5919938414164907,-2.0184757505773474,3.1100846805235958,-2.0184757505773474,OOS,2026-08-24,ASIA,-,
2026-08-24 14:35:00,2.303803011754353,0.04097738509205694,0.8896000000000466,-0.9280000000000466,-0.40640000000001164,-2.0191999999999997,-2.0191999999999997,-2.0191999999999997,OOS,2026-08-24,LDN,-,
2026-08-24 16:10:00,2.0164868240464,-0.05759106942921084,2.2812972012438926,-2.014926699244748,1.403109729009395,-2.014926699244748,0.5124833407375352,-2.014926699244748,OOS,2026-08-24,NY,-,
2026-08-24 18:45:00,-2.5168097332599255,0.20406635436895515,1.4583840139009459,-1.4875760208514242,1.2966116420503866,-1.325803649000865,-1.5763683753258535,1.5471763683753754,OOS,2026-08-24,NY,MR,1.2966116420503866
2026-08-24 19:55:00,-2.1150128912046346,0.1315095733800826,-2.0185861267839766,0.9587343732713068,-2.0185861267839766,1.2530147140170511,-2.0185861267839766,1.2545635579156054,OOS,2026-08-24,NY,MR,-2.0185861267839766
2026-08-24 20:20:00,-2.733301393510653,0.061104452360701916,-0.4125642490005761,0.37418617932610443,-0.0687607081668257,0.03038263849235405,0.909880068532184,-0.9482581382066556,OOS,2026-08-24,LATE,-,
2026-08-24 22:40:00,2.1308769274641293,0.1551780615279868,-0.12848172597001467,0.07438415714051755,0.4891321848333616,-0.5432297536628589,-2.027048784414836,2.571888584768952,OOS,2026-08-24,LATE,MR,0.4891321848333616
2026-08-25 01:00:00,2.394226192024338,-0.09644889663635825,-1.2576576576578982,1.135135135135374,-2.0612612612613557,4.472072072072109,-2.0612612612613557,7.628828828828988,OOS,2026-08-25,ASIA,MOM,4.472072072072109
2026-08-25 03:35:00,2.3612774280115376,-0.23720955373710656,2.330757651781248,-2.0168590065228664,3.79608630205726,-2.0168590065228664,7.2957350727546935,-2.0168590065228664,OOS,2026-08-25,ASIA,MOM,-2.0168590065228664
2026-08-25 05:00:00,-2.2051912185588556,-0.005962793265959589,-0.5761636666402039,0.5495202600903664,-2.0133217032749187,3.0273570692253235,-2.0133217032749187,1.7939893743556974,OOS,2026-08-25,ASIA,-,
2026-08-25 05:40:00,-2.6987493329347614,-0.09946550408023663,0.22994449091321262,-0.2554938787924615,0.3097863280358653,-0.3353357159151142,-0.6089270777888033,0.5833776899095544,OOS,2026-08-25,ASIA,MOM,-0.3353357159151142
2026-08-25 07:40:00,-2.108078647205084,-0.01926783127983421,2.9543539325843016,-2.029494382022439,3.2050561797751924,-2.029494382022439,5.426966292134696,-2.029494382022439,OOS,2026-08-25,ASIA,-,
2026-08-25 08:15:00,2.246166726207167,0.25360967124229794,0.9829222011383822,-1.0360531309296523,-0.7748260594560451,0.721695129664775,-2.026565464895635,-0.6752055660972527,OOS,2026-08-25,ASIA,MR,-0.7748260594560451
2026-08-25 11:00:00,-2.4308695999572563,-0.10287969218951756,1.8634161114478476,-2.0254391278013886,0.11871592973961845,-2.0254391278013886,1.763779527559237,-2.0254391278013886,OOS,2026-08-25,LDN,MOM,-2.0254391278013886
2026-08-25 16:10:00,-2.0258773023845897,0.07429063758287573,-2.0188340807175296,1.5977578475336804,-2.0188340807175296,0.00313901345282348,-2.0188340807175296,-2.0188340807175296,OOS,2026-08-25,NY,-,
2026-08-25 18:30:00,2.1132008577203902,0.004206325022168306,0.08137903387450013,-0.11505311685706246,1.4704349569051456,-1.5041090398877077,1.466225696532361,-2.016837041491263,OOS,2026-08-25,NY,-,
2026-08-25 21:55:00,2.3112391466962285,0.0007064731349478992,-2.0396881644223965,2.0902433262460773,-2.0396881644223965,4.068036853295654,-2.0396881644223965,1.2997873848335417,OOS,2026-08-25,LATE,-,
2026-08-26 01:30:00,2.2952125152864533,-0.09265421217201342,-1.3518086347726441,1.2537922987166368,3.471411901983553,-2.0490081680280565,9.773045507584484,-2.0490081680280565,OOS,2026-08-26,ASIA,MOM,-2.0490081680280565
2026-08-26 02:20:00,-2.0699707412370074,0.27605377435773876,-2.0487380330723934,2.761821874093351,-2.0487380330723934,6.640557006092133,-2.0487380330723934,7.034522773426136,OOS,2026-08-26,ASIA,MR,-2.0487380330723934
2026-08-26 06:55:00,-2.056335140239413,-0.10338950001478148,-0.1660832360948509,0.10073901205750914,-0.6044340723452628,0.5390898483079211,-0.8685336444962551,0.8031894204589134,OOS,2026-08-26,ASIA,MOM,0.5390898483079211
2026-08-26 09:20:00,-2.4689004547767537,-0.08629932092106485,1.2077001013171371,-1.256332320162123,1.4022289766970883,-2.0243161094225193,-0.20871327254303537,-2.0243161094225193,OOS,2026-08-26,ASIA,-,
2026-08-26 12:20:00,-2.202099212640015,-0.1879356710010967,1.4191472244569368,-1.486725663716793,-0.17176186645207275,0.10418342719221667,-0.6532582461785575,0.5856798069187015,OOS,2026-08-26,LDN,MOM,0.10418342719221667
2026-08-26 13:25:00,-2.071881136191363,-0.20726146747512175,1.520565552699372,-2.0359897172236114,1.6405312767780968,-2.0359897172236114,4.597686375321527,-2.0359897172236114,OOS,2026-08-26,LDN,MOM,-2.0359897172236114
2026-08-26 18:00:00,-2.1849440088331784,0.06432802758812108,-2.0157954118089676,0.009213990221835281,-2.0157954118089676,0.11451673561486443,-2.0157954118089676,0.664723580293355,OOS,2026-08-26,NY,-,
2026-08-26 19:35:00,-2.259088274691463,-0.04905409605717127,1.318277865821443,-1.362651875330159,1.749075541468549,-2.022187004754406,1.3219756999470818,-2.022187004754406,OOS,2026-08-26,NY,-,
2026-08-27 01:00:00,2.8728851666317485,0.1281094365532008,-2.059282371294937,1.8408736349455597,-2.059282371294937,1.4414976599063285,-2.059282371294937,6.45865834633408,OOS,2026-08-27,ASIA,MR,-2.059282371294937
2026-08-27 02:10:00,2.291621324125085,-0.16229009311197484,-2.0287720500085618,1.6951532796712363,-2.0287720500085618,0.5658503168351671,-2.0287720500085618,-2.0287720500085618,OOS,2026-08-27,ASIA,MOM,0.5658503168351671
2026-08-27 03:40:00,-2.058826032629979,0.22068343539455954,3.9539028887521988,-2.0258143822986248,3.7775046097108906,-2.0258143822986248,4.498156115549917,-2.0258143822986248,OOS,2026-08-27,ASIA,MR,3.7775046097108906
2026-08-27 04:55:00,2.2537257008049876,-0.06051536722874862,0.8933933933934148,-0.9249249249249468,1.3611111111111915,-2.0157657657657486,1.901088588588633,-2.0157657657657486,OOS,2026-08-27,ASIA,-,
2026-08-27 07:25:00,-2.3632178207131656,0.13628613826424502,-0.7102473498230852,0.6254416961128415,-1.2756183745581717,1.190812720847928,-2.042402826854984,3.6077738515899247,OOS,2026-08-27,ASIA,MR,-1.2756183745581717
2026-08-27 08:30:00,-2.826374535178362,-0.06121182110140825,-2.035153797865548,2.135593220338942,-2.035153797865548,1.0136011717932416,-2.035153797865548,4.329776103787567,OOS,2026-08-27,ASIA,-,
2026-08-27 12:35:00,-2.712604403948715,-0.07876504279595736,-2.0262213204306927,1.7721242391133072,-2.0262213204306927,1.6322771968159524,-2.0262213204306927,-2.0262213204306927,OOS,2026-08-27,LDN,-,
2026-08-27 14:20:00,2.324672897978078,0.16350057807936463,-1.0717563621194388,1.0016687526075443,-0.01752190237785674,-0.05256570713403769,2.5465164789322072,-2.035043804755871,OOS,2026-08-27,LDN,MR,-0.01752190237785674
2026-08-27 15:45:00,-2.0218453964635774,0.07793606052773804,0.7248277021349975,-0.7813077828208281,-2.028240040342915,-2.028240040342915,-2.028240040342915,-2.028240040342915,OOS,2026-08-27,NY,-,
2026-08-27 18:45:00,2.079245463283951,0.01711876201181836,0.19389075847795867,-0.23738027439822781,-1.2303908879109597,1.1869013719906907,-2.021744757960064,0.9948226766760964,OOS,2026-08-27,NY,-,
2026-08-27 19:35:00,2.1014303090892263,-0.04083482577779763,0.28695932859917,-0.3411878631375819,0.11071659134938905,-0.16494512588780091,1.6584893479664373,-2.027114267269118,OOS,2026-08-27,NY,-,
2026-08-27 22:05:00,2.339327246462651,0.11090592512459307,2.43188736681894,-2.0319634703197047,3.3907914764081037,-2.0319634703197047,3.148401826483997,-2.0319634703197047,OOS,2026-08-27,LATE,MR,3.3907914764081037
2026-08-28 02:30:00,-2.2989564735035346,0.03824344401220209,-2.0505111244738408,1.0691521346962345,-2.0505111244738408,4.112447384245338,-2.0505111244738408,5.013229104028587,OOS,2026-08-28,ASIA,-,
2026-08-28 03:15:00,-2.080782417076311,-0.23595422249345088,-2.0363872644573604,1.8254277669480192,-2.0363872644573604,-2.0363872644573604,-2.0363872644573604,-2.0363872644573604,OOS,2026-08-28,ASIA,MOM,-2.0363872644573604
2026-08-28 08:40:00,-2.1271397141142616,0.004339048537458874,2.4776820673452162,-2.032889584964653,4.240015661707021,-2.032889584964653,9.992952231792904,-2.032889584964653,OOS,2026-08-28,ASIA,-,
2026-08-28 09:45:00,3.434741711612868,0.030586074145424774,-2.0258104163465402,1.3571977262252484,-2.0258104163465402,2.2498079582116235,-2.0258104163465402,0.5011522507299002,OOS,2026-08-28,ASIA,-,
2026-08-28 14:05:00,-2.037338442539769,0.07643052443026754,-0.7887323943663276,0.7136150234743126,-0.5383411580595542,0.46322378716753926,-2.0375586854460077,-2.0375586854460077,OOS,2026-08-28,LDN,-,
2026-08-28 14:35:00,-2.048430292221667,0.026772308930321953,0.20042105263162105,-0.2711578947368801,-1.246736842105095,-2.0353684210526297,3.6635789473682645,-2.0353684210526297,OOS,2026-08-28,LDN,-,
2026-08-28 17:00:00,-2.1196321293018348,0.11379279662874038,-2.0111724413113956,0.6712775154618503,-2.0111724413113956,-0.2793110327858037,-2.0111724413113956,5.233357717629811,OOS,2026-08-28,NY,MR,-2.0111724413113956
2026-08-28 18:40:00,-2.001639790407241,0.01403104895295361,-2.00933281484365,3.201933225931854,-2.00933281484365,5.454252541525409,-2.00933281484365,5.590356091328196,OOS,2026-08-28,NY,-,
2026-08-28 20:40:00,-2.0922436808241605,-0.17886930164932865,-0.6155052016531416,0.591563346159341,-2.011970927746887,1.5791648852785791,-2.011970927746887,0.21447912213200715,OOS,2026-08-28,LATE,MOM,1.5791648852785791
2026-08-31 02:40:00,-2.048119022224987,0.13426224968574765,-2.0252593594948123,-2.0252593594948123,-2.0252593594948123,-2.0252593594948123,-2.0252593594948123,-2.0252593594948123,OOS,2026-08-31,ASIA,MR,-2.0252593594948123
2026-08-31 05:30:00,-2.346396455070063,-0.16770593974338271,1.035238095238081,-1.0580952380952238,1.14666666666666,-2.011428571428584,0.46285714285719076,-2.011428571428584,OOS,2026-08-31,ASIA,MOM,-2.011428571428584
2026-08-31 08:20:00,2.370556455137857,0.21174795456436785,-0.7437569588037366,0.6903133449974695,-2.0267218069030757,0.8038810243358355,-2.0267218069030757,2.4383648799108673,OOS,2026-08-31,ASIA,MR,-2.0267218069030757
2026-08-31 13:10:00,2.1632386125391188,0.023611324145425924,0.13644722324374572,-0.1982346450900126,-0.5766826038986971,0.5148951820524301,-2.0308937109232006,1.3953659433615178,OOS,2026-08-31,LDN,-,
2026-08-31 14:00:00,2.1466941572802005,-0.05480729014292875,-2.033877797943244,0.6634402097195147,-2.033877797943244,0.612623512804989,-2.033877797943244,-2.033877797943244,OOS,2026-08-31,LDN,-,
2026-08-31 15:40:00,-2.1216372000198196,0.07085432403970109,1.0981577432353684,-1.1465169833044515,-1.3883131836500133,1.3399539435809302,-2.02417962003462,1.4870466321243032,OOS,2026-08-31,NY,-,
2026-08-31 16:45:00,-2.5946941554102465,-0.024248160294000204,0.262337057728196,-0.30144320297959265,0.5132681564246517,-0.5523743016760483,0.9711359404098189,-2.019553072625698,OOS,2026-08-31,NY,-,
2026-08-31 22:25:00,2.0525799858418368,0.25992064347935184,-2.0372093023255826,3.950387596899235,-2.0372093023255826,2.05581395348843,-2.0372093023255826,2.8434108527132476,OOS,2026-08-31,LATE,MR,-2.0372093023255826
2026-09-01 01:00:00,3.030796269415449,-0.10655894668503034,1.5595339585110566,-2.0676328502413934,3.2384200056837127,-2.0676328502413934,0.05569764137555201,-2.0676328502413934,OOS,2026-09-01,ASIA,MOM,-2.0676328502413934
2026-09-01 03:00:00,2.078791682483578,0.013922572774451428,-2.0397069250766853,1.0522335145356436,-2.0397069250766853,-1.4426849444575203,-2.0397069250766853,-2.0397069250766853,OOS,2026-09-01,ASIA,-,
2026-09-01 05:40:00,-2.1281316485051565,-0.06715336579418174,1.5994186046510488,-2.0244186046510833,1.328779069767347,-2.0244186046510833,-0.8505813953489052,-2.0244186046510833,OOS,2026-09-01,ASIA,-,
2026-09-01 07:45:00,-2.01604390497949,-0.17762486727624813,-0.423571912395368,0.34770828629466793,5.762474599232451,-2.0379318130502266,0.8945585911043173,-2.0379318130502266,OOS,2026-09-01,ASIA,MOM,-2.0379318130502266
2026-09-01 08:40:00,2.2368343971231637,0.21345776883240025,2.1928525434641437,-2.0270444301353097,1.7398583386993274,-2.0270444301353097,5.496780424983755,-2.0270444301353097,OOS,2026-09-01,ASIA,MR,1.7398583386993274
2026-09-01 10:35:00,-3.1790171503599165,-0.09291832077653187,-2.0248043702937326,3.654510556621844,-2.0248043702937326,8.053152222057994,-2.0248043702937326,9.40292337221294,OOS,2026-09-01,LDN,MOM,8.053152222057994
2026-09-01 11:00:00,-2.20217363726228,-0.1552361058372324,-2.019658319681658,5.9728527966300105,-2.019658319681658,6.049847882049981,-2.019658319681658,6.991809033465828,OOS,2026-09-01,LDN,MOM,6.049847882049981
2026-09-01 15:30:00,-2.627803597724334,-0.1040181236859746,-2.0215605749486882,3.5089835728951675,-2.0215605749486882,1.0959958932238512,-2.0215605749486882,-2.0215605749486882,OOS,2026-09-01,NY,MOM,1.0959958932238512
2026-09-01 19:25:00,-2.1829323182526097,0.03025058792199875,-0.3477746562175629,0.2980925624721817,-2.024841046872771,0.5713440780717179,-2.024841046872771,3.150672778352766,OOS,2026-09-01,NY,-,
2026-09-01 20:00:00,-2.0967117074737787,-0.06930415657746326,0.09339686861821989,-0.139142273655661,-1.5648740639889855,1.5191286589515447,-2.02287270251877,2.8648059904696805,OOS,2026-09-01,LATE,-,
2026-09-01 21:00:00,-2.210807706888003,-0.18511518322934684,-1.1714614499423308,1.1162255466051607,-2.027617951668525,1.5995397008054826,-2.027617951668525,2.4879171461448926,OOS,2026-09-01,LATE,MOM,1.5995397008054826
2026-09-01 21:30:00,-2.287800364800439,-0.22773033451503658,-0.526564344746094,0.46989374262094546,-0.958677685950334,0.9020070838251855,-2.028335301062666,1.8701298701298912,OOS,2026-09-01,LATE,MOM,0.9020070838251855
2026-09-01 22:35:00,-2.703925714166021,-0.07082119799374062,1.3670969877523091,-1.4227077126778311,0.9986759351206913,-1.0542866600462135,1.0009930486593053,-2.027805362462851,OOS,2026-09-01,LATE,-,
2026-09-02 04:55:00,-2.36508907491402,-0.16580595885696783,1.4346023948418793,-1.4603929996929685,1.2680380718452402,-2.0128953024255867,1.3110224132637813,-2.0128953024255867,OOS,2026-09-02,ASIA,MOM,-2.0128953024255867
2026-09-02 06:30:00,-2.718033801914712,-0.08819545691886085,3.1846078908911877,-2.0204578665368413,3.43351193375529,-2.0204578665368413,6.698246468582398,-2.0204578665368413,OOS,2026-09-02,ASIA,MOM,-2.0204578665368413
2026-09-02 08:25:00,2.0533912915023893,-0.017106297019973765,-2.0349781386632206,1.929627316260544,-2.0349781386632206,2.7516135748488146,-2.0349781386632206,3.9496148240681834,OOS,2026-09-02,ASIA,-,
2026-09-02 12:20:00,-2.0279279687216207,-0.054343653562943336,-0.10117994100292434,0.05162241887903199,0.2994100294986439,-0.34896755162253634,2.0421828908554422,-2.0247787610618926,OOS,2026-09-02,LDN,-,
2026-09-02 14:10:00,2.427823810478209,0.1124132728909534,-2.0266033254157625,0.3968329374504732,-2.0266033254157625,2.303404592240692,-2.0266033254157625,3.7045130641329145,OOS,2026-09-02,LDN,MR,-2.0266033254157625
2026-09-02 16:25:00,2.768068953417789,-0.07903550932995582,-2.015737704918084,3.5213114754099593,-2.015737704918084,3.813770491803352,-2.015737704918084,1.8373770491803891,OOS,2026-09-02,NY,-,
2026-09-02 22:30:00,2.3968878610223263,-0.022699005182654233,-2.040355512851223,2.1791976939706,-2.040355512851223,1.1501321162623457,-2.040355512851223,1.4158059092001296,OOS,2026-09-02,LATE,-,
2026-09-03 04:05:00,2.2641694662730263,-0.13131212162876196,-1.0040202308390271,0.9604461159382364,-2.021787057450372,1.347166385682774,-2.021787057450372,4.070548566982196,OOS,2026-09-03,ASIA,MOM,1.347166385682774
2026-09-03 04:30:00,2.1939696855524633,-0.201140837697191,-0.2690845911609035,0.23259854490180915,-0.9866435009231302,0.9501574546640359,-2.0182430231295863,3.419046584862717,OOS,2026-09-03,ASIA,MOM,0.9501574546640359
2026-09-03 05:50:00,2.0958092688499863,-0.252419800298623,-2.024099842203414,1.2893415578828482,-2.024099842203414,2.1348443551857965,-2.024099842203414,3.1691292497491093,OOS,2026-09-03,ASIA,MOM,2.1348443551857965
2026-09-03 07:05:00,2.091706661656562,-0.3192141771243666,-1.094583402352004,1.0389266191815567,0.6238197780355231,-0.6794765612059706,0.4893158853736257,-2.0278283915852535,OOS,2026-09-03,ASIA,MOM,-0.6794765612059706
2026-09-03 13:15:00,-2.0677671179500297,0.14962338271771103,0.6249764550762369,-0.6882652100206719,3.203993219061892,-2.0316443774721145,5.02881898662645,-2.0316443774721145,OOS,2026-09-03,LDN,MR,3.203993219061892
2026-09-03 14:55:00,2.4474153977294058,-0.18949803977600194,-0.5730166750882919,0.516422435573387,-2.028297119757544,11.59474482061613,-2.028297119757544,6.270170119588845,OOS,2026-09-03,LDN,MOM,11.59474482061613
2026-09-03 15:30:00,3.79218042175803,-0.17007746151206282,-2.0182390619910384,3.501899902290695,-2.0182390619910384,1.636955813700911,-2.0182390619910384,0.5927695147105964,OOS,2026-09-03,NY,MOM,1.636955813700911
2026-09-03 18:00:00,2.435989707941558,0.039678648472579174,-0.556049685631073,0.5302867658334964,0.7889894188007157,-0.8147523385982924,1.1625517558656284,-1.188314675663205,OOS,2026-09-03,NY,-,
2026-09-03 21:25:00,-2.065671213936512,0.23603514108328416,-1.2403071736279692,1.1773740400823594,-1.0698632702753719,1.0069301367297623,-2.0314665667728047,2.089904476493822,OOS,2026-09-03,LATE,MR,-1.0698632702753719
2026-09-04 10:40:00,3.5852851263175953,-0.04693676793261799,0.8756080611536208,-0.9339819318971915,1.9749826268243067,-2.0291869353718797,4.451007644197275,-2.0291869353718797,OOS,2026-09-04,LDN,-,
2026-09-04 12:15:00,-2.44783129090067,0.12850444635738734,0.5693978282327739,-0.6357354392890393,1.2991115498517838,-1.3654491609080495,-0.08292201382041221,-2.033168805528097,OOS,2026-09-04,LDN,MR,1.2991115498517838
2026-09-04 15:30:00,-6.281818829894995,-0.00919529169460949,-2.0112352036380536,1.4484050023406836,-2.0112352036380536,-2.0112352036380536,-2.0112352036380536,-2.0112352036380536,OOS,2026-09-04,NY,-,
2026-09-04 20:30:00,-2.0716997347374586,0.0379015098907097,-2.024844720496813,2.339544513457513,-2.024844720496813,-0.22981366459641062,-2.024844720496813,-2.024844720496813,OOS,2026-09-04,LATE,-,
2026-09-04 22:25:00,2.5284004186432085,0.20149040452051326,0.17169280257325004,-0.23924406915949512,1.5142742259749937,-1.581825492561239,1.173703256935998,-1.2412545235222432,OOS,2026-09-04,LATE,MR,1.5142742259749937
2026-09-07 01:00:00,-2.833074343058399,0.04042496734191018,2.1381543443068756,-2.0642201834860923,2.818132757690312,-2.0642201834860923,0.21910415542364034,-2.0642201834860923,OOS,2026-09-07,ASIA,-,
2026-09-07 03:55:00,-2.1339409206738518,-0.07240957787272413,-2.0227395776935824,1.730102869518199,-2.0227395776935824,0.631023280996198,-2.0227395776935824,0.6973470492689718,OOS,2026-09-07,ASIA,-,
2026-09-07 07:30:00,-2.130278964267826,-0.18793982554792982,1.288969917957991,-1.365542388331736,3.2447584320874245,-2.0382862351869138,-2.0382862351869138,-2.0382862351869138,OOS,2026-09-07,ASIA,MOM,-2.0382862351869138
2026-09-07 08:25:00,2.233346047579433,0.21348566848378542,4.722588376273477,-2.0335530257640047,4.621929298981773,-2.0335530257640047,4.4262033153588884,-2.0335530257640047,OOS,2026-09-07,ASIA,MR,4.621929298981773
2026-09-07 09:00:00,-2.4989603050333455,-0.02439614197304245,1.9161904761905082,-2.022857142857118,2.3600000000000128,-2.022857142857118,4.683809523809472,-2.022857142857118,OOS,2026-09-07,ASIA,-,
2026-09-07 11:00:00,2.260515899006801,0.13399513343971725,-2.0217110364434783,1.5704316360815411,-2.0217110364434783,-0.03980356681319577,-2.0217110364434783,-1.398552597570535,OOS,2026-09-07,LDN,MR,-2.0217110364434783
2026-09-07 13:20:00,-2.689549662609092,-0.0946502469550465,-2.038754325259516,2.03137254901988,-2.038754325259516,2.6546712802768972,-2.038754325259516,1.4339100346022233,OOS,2026-09-07,LDN,MOM,2.6546712802768972
2026-09-07 16:05:00,2.291855406061892,0.12386004560747989,-0.25016752289489436,0.17511726602645336,-1.7417913781550116,1.6667411212865706,-2.037525128434302,3.245923609560074,OOS,2026-09-07,NY,MR,-1.7417913781550116
2026-09-07 17:40:00,2.1058651527078274,-0.04592677171328246,-2.0344756823313257,0.801559614200678,-2.0344756823313257,-0.0804432587727903,-2.0344756823313257,0.5803406525752643,OOS,2026-09-07,NY,-,
2026-09-07 20:55:00,-2.8225783690709285,0.0433612203291721,-2.0792826805094218,0.5483718735251615,-2.0792826805094218,0.5483718735251615,-2.0792826805094218,0.5483718735251615,OOS,2026-09-07,LATE,-,
2026-09-08 02:30:00,2.891080921613039,-0.09929043463594646,-2.0496014171834585,0.6613522291110749,-2.0496014171834585,3.141423088278621,-2.0496014171834585,5.9191024505463785,OOS,2026-09-08,ASIA,MOM,3.141423088278621
2026-09-08 04:45:00,2.107134772406045,-0.13575258437149137,2.283122019308984,-2.0195417005932303,2.765150633942005,-2.0195417005932303,0.6155635686866966,-2.0195417005932303,OOS,2026-09-08,ASIA,MOM,-2.0195417005932303
2026-09-08 07:00:00,2.231439557643932,-0.1428914009256276,1.9475655430711576,-2.0299625468165114,1.7602996254681635,-2.0299625468165114,6.546816479400485,-2.0299625468165114,OOS,2026-09-08,ASIA,MOM,-2.0299625468165114
2026-09-08 08:20:00,-2.1345661190828173,0.15574009591575802,-1.5847422680412055,1.5154639175257416,-2.0346391752577695,6.134020618556669,-2.0346391752577695,6.561237113402166,OOS,2026-09-08,ASIA,MR,-2.0346391752577695
2026-09-08 09:00:00,-2.220446870177014,-0.006513723006433686,-2.0241622321300166,2.603480512009319,-2.0241622321300166,1.4537609664893578,-2.0241622321300166,4.7800949230550565,OOS,2026-09-08,ASIA,-,
2026-09-08 10:30:00,-2.1757670796587565,-0.14793913135882586,-2.02769991755968,1.4865622423744023,-2.02769991755968,-0.10156636438575524,-2.02769991755968,0.48013190436930037,OOS,2026-09-08,LDN,MOM,-0.10156636438575524
2026-09-08 19:05:00,-2.7172984243333205,0.028774327488717867,2.2497579864471953,-2.020329138431752,2.788480154888681,-2.020329138431752,0.5929332042594242,-2.020329138431752,OOS,2026-09-08,NY,-,
2026-09-08 20:40:00,-2.0137470344683677,0.06024933244983364,0.51282958768372,-0.572288090603557,0.009909750486603443,-0.06936825340644041,-2.0297292514599183,4.100159263847108,OOS,2026-09-08,LATE,-,
2026-09-08 21:45:00,-5.033969452873816,-0.12650438844630202,0.9129449838186986,-2.027184466019388,0.500647249190928,-2.027184466019388,-2.027184466019388,-2.027184466019388,OOS,2026-09-08,LATE,MOM,-2.027184466019388
2026-09-08 22:55:00,-2.0224503715524302,-0.15870918197987688,-0.4596669422463438,0.4199834652178804,-2.0198417385142102,0.6283217196173494,-2.0198417385142102,0.8515412779023659,OOS,2026-09-08,LATE,MOM,0.6283217196173494
2026-09-09 03:20:00,-2.2242398934748384,-0.1535687384229213,4.1191155492153175,-2.029957203994358,6.545649072753148,-2.029957203994358,7.1572753209699265,-2.029957203994358,OOS,2026-09-09,ASIA,MOM,-2.029957203994358
2026-09-09 03:55:00,2.087100672140541,0.05507557340280181,-1.3133208255159858,1.268292682926867,-2.0225140712945593,1.6510318949343703,-2.0225140712945593,3.234521575985144,OOS,2026-09-09,ASIA,-,
2026-09-09 04:30:00,2.533583506486817,-0.10138919253464065,0.5482680633257747,-0.5882633019878392,1.1948577550291668,-1.2348529936912314,0.011665277943186983,-0.05166051660525135,OOS,2026-09-09,ASIA,MOM,-1.2348529936912314
2026-09-09 05:50:00,2.0064269203053793,-0.010492164168728585,0.31197771587734774,-0.3670326069145445,0.6423070621006447,-0.6973619531378414,-0.18122234966412246,-2.0275274455186874,OOS,2026-09-09,ASIA,-,
2026-09-09 08:05:00,2.191150314210606,-0.06393538271586655,-2.042264150943442,2.669685534591131,-2.042264150943442,5.4062893081761905,-2.042264150943442,6.631949685534527,OOS,2026-09-09,ASIA,-,
2026-09-09 10:10:00,2.0526182335137433,-0.1994655908040046,-1.0420103587186629,0.9775561097257593,0.6928831766736621,-0.7573374256665655,2.118933435641756,-2.032227124496347,OOS,2026-09-09,LDN,MOM,-0.7573374256665655
2026-09-09 12:50:00,-2.8724065708556976,0.12144784275950507,1.2562681446290345,-1.3449458960146257,3.986803906043819,-2.0443388756928917,5.878595935603059,-2.0443388756928917,OOS,2026-09-09,LDN,MR,3.986803906043819
2026-09-09 14:25:00,2.250394756105092,-0.11033642834818408,-2.0360747262186356,-0.3306849903370042,-2.0360747262186356,-2.0360747262186356,-2.0360747262186356,-2.0360747262186356,OOS,2026-09-09,LDN,MOM,-2.0360747262186356
2026-09-09 14:45:00,2.867806466971944,-0.15867187108031783,4.498157700810577,-2.030950626381658,4.281503316138698,-2.030950626381658,-2.030950626381658,-2.030950626381658,OOS,2026-09-09,LDN,MOM,-2.030950626381658
2026-09-09 16:10:00,2.2938133728517256,0.06421245317875915,-2.0246877296105006,0.7776634827332178,-2.0246877296105006,2.044966936076519,-2.0246877296105006,-2.0246877296105006,OOS,2026-09-09,NY,-,
2026-09-09 18:00:00,-2.263461944943021,0.24827457182016446,-2.012844036697262,-0.6646788990825881,-2.012844036697262,-0.82094801223244,-2.012844036697262,-2.012844036697262,OOS,2026-09-09,NY,MR,-2.012844036697262
2026-09-09 20:05:00,2.502521331833632,-0.022588262882029073,1.020145735104874,-1.0681525932274625,0.03200457208167471,-0.08001143020426317,3.8265466495213225,-2.024003429061242,OOS,2026-09-09,LATE,-,
2026-09-09 21:45:00,-2.2442964251869855,0.2473135559978623,-2.0382775119618466,1.4354066985645477,-2.0382775119618466,1.9617224880381121,-2.0382775119618466,2.0510366826153827,OOS,2026-09-09,LATE,MR,-2.0382775119618466
2026-09-09 23:15:00,-2.2080139257340825,0.008155908053703295,1.8202995008320078,-2.0399334442596544,2.948419301164601,-2.0399334442596544,1.8635607321129397,-2.0399334442596544,OOS,2026-09-09,LATE,-,
2026-09-10 01:00:00,2.1309675093132774,0.1853266952876987,1.0710149344709508,-2.072538860103739,1.0454129838463582,-2.072538860103739,5.594026211520856,-2.072538860103739,OOS,2026-09-10,ASIA,MR,1.0454129838463582
2026-09-10 04:00:00,2.301181824582445,-0.036688894730865174,-2.0261967877748894,-0.36238889755184955,-2.0261967877748894,1.1897707781069382,-2.0261967877748894,1.7137065336037187,OOS,2026-09-10,ASIA,-,
2026-09-10 08:10:00,2.2418308654884544,0.03582081547203332,-2.037045203969209,2.8648291069461216,-2.037045203969209,-0.8396912899667488,-2.037045203969209,-2.037045203969209,OOS,2026-09-10,ASIA,-,
2026-09-10 10:30:00,-2.3474368829266976,0.043409140818620066,0.6001786245906412,-2.0250074426912494,-0.9961298005358257,-2.0250074426912494,-2.0250074426912494,-2.0250074426912494,OOS,2026-09-10,LDN,-,
2026-09-10 11:30:00,-2.437410462054973,-0.04134270854582693,-1.115377713978026,1.0550870267359667,-2.030145343621062,1.9544231114300015,-2.030145343621062,3.7480710568813516,OOS,2026-09-10,LDN,-,
2026-09-10 13:30:00,-2.1371533149729864,0.007892686555636574,-0.22307465329005843,0.17350250811449155,0.35113602832687185,-0.40070817350243876,-2.0247860725878635,8.782531720271331,OOS,2026-09-10,LDN,-,
2026-09-10 15:20:00,-2.0419989746782274,-0.11550453618983675,-2.0202874049028114,4.0710059171599555,-2.0202874049028114,2.8977176669485223,-2.0202874049028114,-0.6356720202873174,OOS,2026-09-10,NY,MOM,2.8977176669485223
2026-09-10 21:05:00,-2.830551596364916,-0.027667176572427815,-2.0230484291398243,1.7401564000549254,-2.0230484291398243,3.6051584579503824,-2.0230484291398243,3.9086294416243965,OOS,2026-09-10,LATE,-,
2026-09-10 23:20:00,-2.2997004689478087,-0.1261661093458748,0.0352289884248626,-0.0915953699044787,0.6646535816137639,-0.72101996309338,0.3311524911926848,-0.38751887267230095,OOS,2026-09-10,LATE,MOM,-0.72101996309338
2026-09-11 03:45:00,2.1403013908127426,-0.0614344461966328,0.10593163086074794,-0.15133090122961632,0.6772057830022522,-2.0226996351844093,1.6740980948520698,-2.0226996351844093,OOS,2026-09-11,ASIA,-,
2026-09-11 06:20:00,-2.242950559342605,-0.09117629656997486,-0.44298963447896783,0.40632842334967073,3.0612111292962862,-2.018330605564629,4.5200218221495945,-2.018330605564629,OOS,2026-09-11,ASIA,MOM,-2.018330605564629
2026-09-11 07:50:00,2.449682505241229,-0.007533139114926278,-0.3515392254219836,0.3038728897715353,-2.023833167825224,2.534260178748673,-2.023833167825224,3.600794438927611,OOS,2026-09-11,ASIA,-,
2026-09-11 14:30:00,-2.382669290763435,0.030996876251248466,-0.5954656173882003,0.5325089001313131,-2.031478358628341,-2.031478358628341,-2.031478358628341,-2.031478358628341,OOS,2026-09-11,LDN,-,
2026-09-11 15:50:00,2.6184978648566055,0.0007068012424093703,-0.4239398760216979,0.40550770749901416,-0.8970322014372357,0.8786000329145521,-0.019968182566196004,0.0015360140435122741,OOS,2026-09-11,NY,-,
2026-09-11 19:20:00,-2.38999640889077,0.20274835970069266,1.325837486959519,-2.0194737452184994,2.583516865654295,-2.0194737452184994,-0.6621073374289975,-2.0194737452184994,OOS,2026-09-11,NY,MR,2.583516865654295
2026-09-11 21:10:00,-2.811124873445989,0.13130460511775632,0.021751412429471994,-0.06920903954811594,0.9847457627119338,-1.0322033898305778,0.2748587570621893,-0.3223163841808333,OOS,2026-09-11,LATE,MR,0.9847457627119338
2026-09-14 01:00:00,-2.232180532428984,-0.007908485187635095,-2.0470130788265375,0.45033580770596493,-2.0470130788265375,-0.7225167903854246,-2.0470130788265375,1.1382113821138318,OOS,2026-09-14,ASIA,-,
2026-09-14 02:45:00,-2.1181914982543697,0.1521919730787235,2.813589234502463,-2.0370615486433237,2.322523714978913,-2.0370615486433237,4.234281932495105,-2.0370615486433237,OOS,2026-09-14,ASIA,MR,2.322523714978913
2026-09-14 05:55:00,-2.371692449176619,0.17027240671510324,0.686806093467609,-0.7301833204234571,-0.10121352956357338,0.057836302607725217,-0.26387813064793825,0.22050090369209005,OOS,2026-09-14,ASIA,MR,-0.10121352956357338
2026-09-14 07:40:00,-2.5675771399148752,-0.10235221546636511,2.31234140715114,-2.038754325259602,2.4092272202999925,-2.038754325259602,1.1916955017302981,-2.038754325259602,OOS,2026-09-14,ASIA,MOM,-2.038754325259602
2026-09-14 10:50:00,-2.290547041262304,-0.21178535223138542,0.41811175337177253,-0.47206165703265907,-1.1486833654463269,1.0947334617854403,-2.0269749518305016,5.314065510597373,OOS,2026-09-14,LDN,MOM,1.0947334617854403
2026-09-14 12:15:00,-3.3611744539003188,-0.16298173038470354,-2.022629310344852,2.0404094827587227,-2.022629310344852,0.4884159482758703,-2.022629310344852,-0.5468749999999536,OOS,2026-09-14,LDN,MOM,0.4884159482758703
2026-09-14 15:35:00,-2.0260070218092485,-0.077134207758664,-2.0212604403947907,3.1447734750695657,-2.0212604403947907,1.6512275373324024,-2.0212604403947907,1.1533788914199068,OOS,2026-09-14,NY,-,
2026-09-14 15:50:00,-2.322497921949694,-0.1382499608975341,-2.0168793328644443,-0.8889781975283438,-2.0168793328644443,-0.4824675977092821,-2.0168793328644443,-0.9396161961218139,OOS,2026-09-14,NY,MOM,-0.4824675977092821
2026-09-14 18:30:00,2.372442586541424,0.23659355541997318,1.1092854826504615,-1.145605880445293,-1.0941519835692595,1.0578315857744276,-2.018160198897455,2.270024862176973,OOS,2026-09-14,NY,MR,-1.0941519835692595
2026-09-14 19:15:00,2.007531826296146,0.12746041987382575,-2.020102907742034,2.50616249850419,-2.020102907742034,1.8226636352757835,-2.020102907742034,2.129232978341459,OOS,2026-09-14,NY,MR,-2.020102907742034
2026-09-14 22:20:00,-2.617398363724431,0.019193742014938175,-2.0349563046193015,3.1402413649603345,-2.0349563046193015,0.41947565543055976,-2.0349563046193015,0.3379109446524407,OOS,2026-09-14,LATE,-,
2026-09-15 04:15:00,2.2331959457979913,-0.058786275202086034,0.7876402856727532,-0.8366127386679444,-0.4529951902054063,-2.024486226497516,-2.024486226497516,-2.024486226497516,OOS,2026-09-15,ASIA,-,
2026-09-15 05:35:00,2.326358461016908,-0.1842928637713789,0.24765420704498115,-0.29933856329786807,1.2576526688202554,-1.3093370250731424,2.194431625903713,-2.0258421781264713,OOS,2026-09-15,ASIA,MOM,-1.3093370250731424
2026-09-15 08:25:00,-2.0707520348119006,-0.04243470720519532,-2.0432209930536285,2.251093388217101,-2.0432209930536285,2.7949575508104405,-2.0432209930536285,1.8765114484177818,OOS,2026-09-15,ASIA,-,
2026-09-15 10:50:00,-2.4135351258817894,-0.09153897669128022,-2.025881990448313,1.3135110152519165,-2.025881990448313,2.249576336465952,-2.025881990448313,1.503312278539572,OOS,2026-09-15,LDN,MOM,2.249576336465952
2026-09-15 13:50:00,2.3771839562926345,0.10295612378300105,-0.5372714486638388,0.4697609001406326,-0.31504922644162875,0.24753867791842257,-2.0337552742614933,-2.0337552742614933,OOS,2026-09-15,LDN,MR,-0.31504922644162875
2026-09-15 15:50:00,2.2181230529884037,0.17320121910476233,0.2512918139788841,-0.29698123470230003,-0.41691596410111426,0.3712265433776984,2.562415012238225,-2.0228447103616585,OOS,2026-09-15,NY,MR,-0.41691596410111426
2026-09-15 21:15:00,2.3858918372631264,0.03770401376719295,-0.45235069885637863,0.3913595933925922,1.2833545108005233,-1.3443456162643097,2.317662007624058,-2.0304955527318604,OOS,2026-09-15,LATE,-,
2026-09-16 01:55:00,-2.3185329404073713,-0.02108302539689265,-2.048275862069122,1.774137931034737,-2.048275862069122,2.1925287356324215,-2.048275862069122,4.566091954023068,OOS,2026-09-16,ASIA,-,
2026-09-16 05:25:00,2.0655728731154777,-0.015398941845770606,-2.024962852897528,4.70133729569085,-2.024962852897528,6.827340267459129,-2.024962852897528,5.531352154532013,OOS,2026-09-16,ASIA,-,
2026-09-16 08:40:00,2.5567032536475836,-0.03499630825812285,2.293390394674425,-2.0399429386591463,1.544460294817053,-2.0399429386591463,-2.0399429386591463,-2.0399429386591463,OOS,2026-09-16,ASIA,-,
2026-09-16 13:05:00,2.756955215657648,-0.06293166591623958,-0.6663061114116701,0.6057328285560737,-2.0302866414278964,1.135749053542404,-2.0302866414278964,0.6486389039121394,OOS,2026-09-16,LDN,-,
2026-09-16 17:00:00,-2.398651772264704,0.24143352318028904,1.2682427824504285,-1.3064332802908465,3.5023869061150243,-2.0190952489202707,3.066378722436808,-2.0190952489202707,OOS,2026-09-16,NY,MR,3.5023869061150243
2026-09-16 20:55:00,3.3033772350558337,0.0036986133687751735,9.423822714681108,-2.0290858725761445,24.36426592797706,-2.0290858725761445,21.66897506925142,-2.0290858725761445,OOS,2026-09-16,LATE,-,
2026-09-16 21:30:00,-2.8923929181545334,0.0239406964970822,-0.7477858018803857,0.7325248671481335,-2.0076304673661345,1.371576509061212,-2.0076304673661345,1.4981150928827904,OOS,2026-09-16,LATE,-,
2026-09-17 01:35:00,2.1065058584035747,0.13632289041122753,2.483302567544752,-2.0281926497735427,0.939754992448355,-2.0281926497735427,-2.0281926497735427,-2.0281926497735427,OOS,2026-09-17,ASIA,MR,0.939754992448355
2026-09-17 03:10:00,2.557020130080616,0.009234795317924399,-0.7631433314887681,0.7166574432762616,-2.023242944106303,2.6496956281129056,-2.023242944106303,0.47841726618707414,OOS,2026-09-17,ASIA,-,
2026-09-17 04:00:00,2.521503279354437,-0.12551901278637992,-2.0182707993474116,2.5289831430123955,-2.0182707993474116,0.15834692767806094,-2.0182707993474116,-2.0182707993474116,OOS,2026-09-17,ASIA,MOM,0.15834692767806094
2026-09-17 05:50:00,-2.1607497537238136,0.011896667230903636,1.46286701208989,-1.4991364421417046,3.0541882556132243,-2.0181347150258486,3.2083333333333655,-2.0181347150258486,OOS,2026-09-17,ASIA,-,
2026-09-17 08:50:00,2.1372160314010005,0.03197566266764646,-2.030123722431415,0.9790209790210969,-2.030123722431415,1.6317016317018465,-2.030123722431415,6.067419759727494,OOS,2026-09-17,ASIA,-,
2026-09-17 10:10:00,2.943102824243933,-0.14512140354336828,-2.0245327102803734,1.719334112149469,-2.0245327102803734,-0.5478971962617603,-2.0245327102803734,-2.0245327102803734,OOS,2026-09-17,LDN,MOM,-0.5478971962617603
2026-09-17 12:25:00,-2.218591037691255,0.09055451172777106,-0.11857853065737414,0.05671147118398112,1.7786779598599276,-2.0309335297366964,5.611857853065542,-2.0309335297366964,OOS,2026-09-17,LDN,MR,1.7786779598599276
2026-09-17 13:55:00,2.3596617087154925,-0.03977822978697493,-2.0306401604961453,1.0494254969905885,-2.0306401604961453,6.539120919204712,-2.0306401604961453,12.5088455225241,OOS,2026-09-17,LDN,-,
2026-09-17 14:50:00,2.618839995074808,-0.14000347043587896,-2.020643892848366,4.816908331285465,-2.020643892848366,5.776849348734488,-2.020643892848366,4.443597935610827,OOS,2026-09-17,LDN,MOM,5.776849348734488
2026-09-17 21:30:00,-2.793929990944877,0.2868141190568364,1.2087912087913277,-1.2747252747253937,-1.640109890109739,1.574175824175673,-2.0329670329669614,2.2829670329668614,OOS,2026-09-17,LATE,MR,-1.640109890109739
2026-09-17 22:20:00,-2.0253354623110376,0.16547520432745738,0.05479452054786508,-0.12054794520539885,-0.9890410958905933,0.9232876712330594,-1.3506849315069493,1.2849315068494156,OOS,2026-09-17,LATE,MR,-0.9890410958905933
2026-09-18 03:10:00,2.434990393378525,-0.021220807428894428,-1.346380471380725,1.275673400673652,-2.0353535353535364,1.0841750841751692,-2.0353535353535364,-2.0353535353535364,OOS,2026-09-18,ASIA,-,
2026-09-18 04:00:00,2.038870751891448,-0.1871421354143728,2.2238805970149076,-2.0255863539445342,2.9339019189764945,-2.0255863539445342,2.812366737739692,-2.0255863539445342,OOS,2026-09-18,ASIA,MOM,-2.0255863539445342
2026-09-18 06:15:00,-2.342277277188895,0.021645977110056454,4.325137402372117,-2.0242985247324805,3.2519525600231716,-2.0242985247324805,6.3236910616143085,-2.0242985247324805,OOS,2026-09-18,ASIA,-,
2026-09-18 07:40:00,2.398856961824494,-0.09656652785220562,-0.2658227848099082,0.19936708860737823,-2.033227848101373,3.405854430379679,-2.033227848101373,8.714003164556525,OOS,2026-09-18,ASIA,MOM,3.405854430379679
2026-09-18 08:35:00,2.0630711036775966,-0.17239155579108204,-2.026544477800571,3.3092115658080754,-2.026544477800571,4.881971875493533,-2.026544477800571,4.722705008690079,OOS,2026-09-18,ASIA,MOM,4.881971875493533
2026-09-18 12:35:00,-2.3718926091018933,0.2505647949186994,-2.033519553072516,0.6564245810053813,-2.033519553072516,0.14525139664787715,-2.033519553072516,0.5363128491619826,OOS,2026-09-18,LDN,MR,-2.033519553072516
2026-09-18 15:20:00,-3.072277343759169,0.10969967063441641,1.7965169569201966,-2.0192483959670025,1.2992667277727168,-2.0192483959670025,-2.0192483959670025,-2.0192483959670025,OOS,2026-09-18,NY,MR,1.2992667277727168
2026-09-18 16:40:00,-2.5854141482605715,0.05798954624332139,-0.3774737680966614,0.33284632753350607,0.016735290211189996,-0.06136273077434528,0.24545092309744873,-0.2900783636606041,OOS,2026-09-18,NY,-,
2026-09-18 19:20:00,2.408917915220229,0.09859270416868754,-2.0262664165103477,2.6288305190744814,-2.0262664165103477,3.1672920575360353,-2.0262664165103477,4.493746091307048,OOS,2026-09-18,NY,MR,-2.0262664165103477
2026-09-21 03:10:00,-2.386992234802196,-0.17472926721155096,1.4590869939707383,-2.0361757105942373,4.895779500430606,-2.0361757105942373,1.3716623600344866,-2.0361757105942373,OOS,2026-09-21,ASIA,MOM,-2.0361757105942373
2026-09-21 12:30:00,-2.2410613523648526,0.04633289639764862,1.7843893480255866,-1.8460973370063032,2.1494949494948448,-2.030853994490258,3.9750229568411335,-2.030853994490258,OOS,2026-09-21,LDN,-,
2026-09-21 14:30:00,2.1386313517585456,0.10188494645159334,-2.0346320346319615,3.590187590187629,-2.0346320346319615,-0.10966810966817833,-2.0346320346319615,-1.3419913419916003,OOS,2026-09-21,LDN,MR,-2.0346320346319615
2026-09-21 17:00:00,-3.672136894146935,-0.020790823054609005,1.2166748406082084,-2.0164786660127514,2.640706228543458,-2.0164786660127514,3.202354095144629,-2.0164786660127514,OOS,2026-09-21,NY,-,
2026-09-21 22:35:00,2.034744055925967,0.18418385041941535,3.565147019153046,-2.045319665497559,4.218505530078146,-2.045319665497559,0.32101429727551567,-2.045319665497559,OOS,2026-09-21,LATE,MR,4.218505530078146
2026-09-22 01:05:00,2.251983285388269,0.16146314789892507,-1.353333333333554,1.1946666666668875,-2.079333333333515,6.874000000000255,-2.079333333333515,11.400666666666837,OOS,2026-09-22,ASIA,MR,-2.079333333333515
2026-09-22 03:35:00,-2.1355952599176318,0.12011866222553527,1.994718077380295,-2.022184075003373,1.0260134689026876,-2.022184075003373,0.6544302125975225,-2.022184075003373,OOS,2026-09-22,ASIA,MR,1.0260134689026876
2026-09-22 08:20:00,-2.8450116887985333,0.006217069675934196,-2.031261630070745,0.4611090435430797,-2.031261630070745,3.1860811313734403,-2.031261630070745,2.117975437290703,OOS,2026-09-22,ASIA,-,
2026-09-22 10:30:00,-2.0207138012609334,-0.06916442511961124,-2.0267558528428378,1.3779264214047036,-2.0267558528428378,3.14604236343373,-2.0267558528428378,-2.0267558528428378,OOS,2026-09-22,LDN,-,
2026-09-22 11:50:00,2.2246517339200835,0.27415841439389055,1.6341889296315437,-1.6635236598567924,-0.07700366684130486,-2.0146673651126243,0.45835515976949964,-2.0146673651126243,OOS,2026-09-22,LDN,MR,-0.07700366684130486
2026-09-22 12:50:00,2.0156557935313018,0.19723879933352662,0.31205082803865036,-0.3470471825850524,0.5832725757733508,-0.6182689303197527,2.019581293615187,-2.017498177273201,OOS,2026-09-22,LDN,MR,0.5832725757733508
2026-09-22 14:05:00,-2.761941773160668,0.15041049655802066,1.2832832832834091,-1.331331331331457,2.1341341341342566,-2.024024024023972,5.831831831831808,-2.024024024023972,OOS,2026-09-22,LDN,MR,2.1341341341342566
2026-09-22 15:20:00,2.8956881306643765,0.22996439760763704,0.7751371115174747,-0.8190127970750616,1.126142595978183,-1.1700182815357698,1.2815356489945369,-2.0219378427787222,OOS,2026-09-22,NY,MR,1.126142595978183
2026-09-22 19:45:00,2.764392190492525,0.2644536995981803,0.5671583087510649,-0.6332350049162574,-0.055063913470973676,-0.011012782694218773,-2.0330383480825605,3.628711897738536,OOS,2026-09-22,NY,MR,-0.055063913470973676
2026-09-22 20:50:00,2.699524831143633,-0.04215109277840926,-2.0252783629251496,1.2196810111345022,-2.0252783629251496,0.5666566355703595,-2.0252783629251496,3.631658140234706,OOS,2026-09-22,LATE,-,
2026-09-22 22:20:00,2.046028407507549,-0.16176970249018965,-2.0372175454142276,2.3819229065129237,-2.0372175454142276,0.3597696056711779,-2.0372175454142276,1.473194505981406,OOS,2026-09-22,LATE,MOM,0.3597696056711779
2026-09-23 04:00:00,-2.0442709825945236,-0.05946135974852345,-2.028970512157331,1.8854974995687488,-2.028970512157331,2.9960337989308,-2.028970512157331,3.89653388515246,OOS,2026-09-23,ASIA,-,
2026-09-23 08:30:00,-2.115154876649919,-0.04252798693885301,-2.0515179392823177,1.0174793008278833,-2.0515179392823177,2.5243790248390314,-2.0515179392823177,7.285495246856927,OOS,2026-09-23,ASIA,-,
2026-09-23 09:15:00,-2.070537495381018,-0.19672222364029798,1.921333903377474,-2.035912783240584,-1.0115433946128616,-2.035912783240584,-2.035912783240584,-2.035912783240584,OOS,2026-09-23,ASIA,MOM,-2.035912783240584
2026-09-23 10:10:00,-2.299958266914721,-0.0738797542595464,-0.7664771530847201,0.6957254158768879,-2.0353758686039543,1.4916824594649465,-2.0353758686039543,1.3619709412507053,OOS,2026-09-23,LDN,-,
2026-09-23 12:45:00,-2.5828360322670165,-0.1617582760609096,2.2403560830861475,-2.0356083086053425,1.3204747774480277,-2.0356083086053425,-2.0356083086053425,-2.0356083086053425,OOS,2026-09-23,LDN,MOM,-2.0356083086053425
2026-09-23 14:20:00,-2.818596692507302,-0.08681826203057764,-2.0381038784305674,-1.2224994329781962,-2.0381038784305674,-2.0381038784305674,-2.0381038784305674,-2.0381038784305674,OOS,2026-09-23,LDN,-,
2026-09-23 16:45:00,-2.487323687320456,-0.06589944999128292,-0.9499126383226454,0.917297612114142,0.12502426713259124,-0.1576392933410946,-0.9295282469423802,0.8969132207338768,OOS,2026-09-23,NY,-,
2026-09-24 01:00:00,2.446766864082883,0.135368204175726,1.5094829825931149,-2.0618342426603844,0.9202390231228282,-2.0618342426603844,1.0911925175370554,-2.0618342426603844,OOS,2026-09-24,ASIA,MR,0.9202390231228282
2026-09-24 04:10:00,2.012950909067549,-0.14849809316048412,2.649861576570128,-2.024479090776575,4.112487250473681,-2.024479090776575,3.210840740201192,-2.024479090776575,OOS,2026-09-24,ASIA,MOM,-2.024479090776575
2026-09-24 04:55:00,-2.001213764040127,0.03401205447665775,1.1552989293877713,-1.1957175508240756,1.9535667027547405,-2.0202093107182173,0.9767833513773609,-2.0202093107182173,OOS,2026-09-24,ASIA,-,
2026-09-24 08:00:00,2.50569535271102,0.058991785974143604,3.377634515249327,-2.0416563352344523,5.262583684601955,-2.0416563352344523,5.179271014133397,-2.0416563352344523,OOS,2026-09-24,ASIA,-,
2026-09-24 11:20:00,-2.2628323923981744,0.03553581424761514,-0.5678575639664749,0.5282395943874151,-0.4275439217073951,0.3879259521283353,-2.0198089847894654,2.954840231104944,OOS,2026-09-24,LDN,-,
2026-09-24 12:25:00,-2.0201448310639085,-0.18614571129057994,-0.06097560975602176,0.019163763066126115,-1.7543554006968396,1.7125435540069442,1.3989547038328536,-2.02090592334488,OOS,2026-09-24,LDN,MOM,1.7125435540069442
2026-09-24 15:50:00,2.5237010029512033,0.024411474008570022,0.572854291417112,-0.6207584830338776,2.7385229540916156,-2.0239520958084345,4.023952095808261,-2.0239520958084345,OOS,2026-09-24,NY,-,
2026-09-24 18:00:00,-2.151518168012868,-0.15838897627684112,-0.5394819962097885,0.49703095388508783,1.3425142135186634,-1.384965255843364,3.758686039166181,-2.021225521162396,OOS,2026-09-24,NY,MOM,-1.384965255843364
2026-09-24 19:15:00,2.301450870931272,0.19199574220645854,-0.11875319366377805,0.08441492079714494,1.6968829841595208,-1.7312212570261536,0.7740419008687818,-2.0171691364332607,OOS,2026-09-24,NY,MR,1.6968829841595208
2026-09-25 02:55:00,-2.302187789427823,0.021326929031809175,1.9536579015884001,-2.043738609736955,4.869565217391726,-2.043738609736955,8.277531892736663,-2.043738609736955,OOS,2026-09-25,ASIA,-,
2026-09-25 04:00:00,2.361092398323248,0.018557663596887083,-2.031296572280145,2.8166915052160992,-2.031296572280145,2.5089418777942667,-2.031296572280145,0.5294336810729275,OOS,2026-09-25,ASIA,-,
2026-09-25 05:05:00,2.191786473339252,-0.2437716844437981,2.360479684982915,-2.0300698049043384,2.4682298192229575,-2.0300698049043384,5.991408627169969,-2.0300698049043384,OOS,2026-09-25,ASIA,MOM,-2.0300698049043384
2026-09-25 06:30:00,-2.150462456585372,0.051105368203339135,-2.037685060565236,1.6958277254373049,-2.037685060565236,1.573351278600338,-2.037685060565236,2.2893674293405164,OOS,2026-09-25,ASIA,-,
2026-09-25 07:55:00,-3.465562763799513,-0.17359406249766207,-2.045124899274682,-0.48885307547655116,-2.045124899274682,-2.045124899274682,-2.045124899274682,-2.045124899274682,OOS,2026-09-25,ASIA,MOM,-2.045124899274682
2026-09-25 11:30:00,2.013236425780809,-0.0014435765952197227,-2.0274914089347664,1.7227949599081864,-2.0274914089347664,1.9999999999998261,-2.0274914089347664,4.077892325314714,OOS,2026-09-25,LDN,-,
2026-09-25 13:10:00,2.767423506379292,-0.1129583332640012,0.36668628605053794,-0.416127133607924,-1.1041789287817634,1.0547380812243774,1.5058858151852548,-1.555326662742641,OOS,2026-09-25,LDN,MOM,1.0547380812243774
2026-09-25 16:25:00,-2.7722891257737774,0.025128694477043467,-0.4510067114092804,0.4134228187918313,-2.0187919463087853,1.9167785234898504,-2.0187919463087853,-0.23803131991059612,OOS,2026-09-25,NY,-,
2026-09-25 19:00:00,2.155982714650977,0.09248392950499604,1.5338299193048017,-2.0173805090006773,0.49824125801772595,-2.0173805090006773,1.630871094558279,-2.0173805090006773,OOS,2026-09-25,NY,MR,0.49824125801772595
2026-09-25 23:40:00,-2.112339917119792,0.1725983490403905,0.5682295311406418,-0.7347795661301505,0.5682295311406418,-0.7347795661301505,0.5682295311406418,-0.7347795661301505,OOS,2026-09-25,LATE,MR,0.5682295311406418
2026-09-28 02:30:00,-2.1256013851989595,-0.236643966598868,-2.0399904784575975,0.9197810045227842,-2.0399904784575975,8.388002856462872,-2.0399904784575975,13.993334920257508,OOS,2026-09-28,ASIA,MOM,8.388002856462872
2026-09-28 05:35:00,-2.300105824734351,-0.21981925384576526,-2.022432901588924,0.7028975831219295,-2.022432901588924,2.0656963546534968,-2.022432901588924,1.8694084657499082,OOS,2026-09-28,ASIA,MOM,2.0656963546534968
2026-09-28 08:15:00,-2.160629320628276,-0.11578354551152037,-2.037693515817937,2.757908907336907,-2.037693515817937,4.686560466681549,-2.037693515817937,8.418218532645183,OOS,2026-09-28,ASIA,MOM,4.686560466681549
2026-09-28 09:50:00,-2.150564540631495,-0.2364731171650453,-2.0224089635855074,1.387488328664879,-2.0224089635855074,1.9271708683474977,-2.0224089635855074,3.811391223156007,OOS,2026-09-28,ASIA,MOM,1.9271708683474977
2026-09-28 11:20:00,-2.1753968102743193,-0.22670349108372104,-0.3434646313205901,0.2976693471444956,-0.20417064195171955,0.15837535777562511,1.1029030939077111,-2.0228976420880223,OOS,2026-09-28,LDN,MOM,0.15837535777562511
2026-09-28 15:10:00,2.0086999318823184,0.37066747750597484,3.7165559463333135,-2.021883548261087,3.3062394164388116,-2.021883548261087,4.87638400416838,-2.021883548261087,OOS,2026-09-28,NY,MR,3.3062394164388116
2026-09-28 17:40:00,-2.5005435239345286,-0.08379062277428649,-0.4524119947848122,0.42112125162966174,-0.4784876140807472,0.44719687092559673,1.0899608865711352,-2.0156453715776257,OOS,2026-09-28,NY,-,
2026-09-28 19:25:00,2.549956512584909,0.26921591847576554,2.1779234460962344,-2.0196652229895187,1.2520191970033037,-2.0196652229895187,1.3028210230597908,-2.0196652229895187,OOS,2026-09-28,NY,MR,1.2520191970033037
2026-09-28 22:50:00,-2.0634270297704185,-0.09905638748383405,-0.7549883156570456,0.6945892504044842,-2.0301995326263786,2.340463778536775,-2.0301995326263786,0.5159086823656474,OOS,2026-09-28,LATE,MOM,2.340463778536775
2026-09-29 07:30:00,-2.1315072046021655,-0.03206873774978877,0.744009489916877,-0.8237247924079827,-0.7074733096086349,-2.0398576512455096,5.82586002372492,-2.0398576512455096,OOS,2026-09-29,ASIA,-,
2026-09-29 14:05:00,2.2909496580701307,-0.19493977974633533,-0.31818181818205404,0.23333333333356807,0.63989898989878,-2.0424242424241053,-0.8979797979798361,-2.0424242424241053,OOS,2026-09-29,LDN,MOM,-2.0424242424241053
2026-09-29 17:20:00,2.111180114681887,-0.07533666793026499,1.0535008141428641,-1.0925796696906664,2.873924168411226,-2.0195394277739434,3.6571295650151647,-2.0195394277739434,OOS,2026-09-29,NY,-,
2026-09-29 21:00:00,3.4073842531258944,0.10189305431056289,-0.36777150916782525,0.3085331452750168,-2.029619181946404,2.265867418899742,-2.029619181946404,2.7792665726376216,OOS,2026-09-29,LATE,MR,-2.029619181946404
2026-09-29 22:55:00,2.3484548204302493,-0.09413765677057766,0.3604413567634179,-0.4290968532897773,-2.0343277482631796,1.1614221495707358,-2.0343277482631796,0.4348181446667761,OOS,2026-09-29,LATE,MOM,1.1614221495707358
2026-09-29 23:35:00,2.547560817580234,-0.10308762047210021,-0.49007803790403714,0.3839464882942211,0.8552954292087563,-0.9614269788185723,0.433890746934373,-0.5400222965441891,OOS,2026-09-29,LATE,MOM,-0.9614269788185723
2026-09-30 02:45:00,2.443141900222687,0.0360655522958104,1.1412169919632558,-1.2698048220436227,3.8147722923840997,-2.0642939150401136,7.372368924607758,-2.0642939150401136,OOS,2026-09-30,ASIA,-,
2026-09-30 04:25:00,-2.471643333255462,-0.14565659418718724,1.216078431372599,-1.2819607843137755,2.1603921568626854,-2.0329411764706955,3.55764705882351,-2.0329411764706955,OOS,2026-09-30,ASIA,MOM,-2.0329411764706955
2026-09-30 08:15:00,-2.1515966673317006,0.07240948685840841,1.966393795777542,-2.036191296854922,2.9857819905212386,-2.036191296854922,8.206376561826925,-2.036191296854922,OOS,2026-09-30,ASIA,-,
2026-09-30 09:50:00,2.5090896859750593,-0.08497813964898594,-2.0283066554337754,2.292839090143309,-2.0283066554337754,0.9529907329401744,-2.0283066554337754,0.7430497051389126,OOS,2026-09-30,ASIA,-,
2026-09-30 12:20:00,-2.169893328999464,0.1552053893185289,0.5614525139665223,-0.6284916201117752,0.41620111731860676,-0.4832402234638596,-2.0335195530726264,0.7960893854746935,OOS,2026-09-30,LDN,MR,0.41620111731860676
2026-09-30 14:15:00,-2.164442607045677,-0.002970483352264866,2.0999999999999805,-2.0363636363636743,3.4242424242423253,-2.0363636363636743,5.421212121211995,-2.0363636363636743,OOS,2026-09-30,LDN,-,
2026-09-30 15:30:00,3.9679665865430342,-0.07739807825807747,1.0335027726432837,-1.07231977818857,3.550138632162745,-2.019408502772685,7.266866913123841,-2.019408502772685,OOS,2026-09-30,NY,-,
2026-09-30 17:25:00,-2.0303954421636496,-0.0886901167450659,-0.9183999999999709,0.8825599999999705,-2.0179199999999806,2.1638399999999725,-2.0179199999999806,1.4948266666665617,OOS,2026-09-30,NY,MOM,2.1638399999999725
2026-09-30 18:20:00,-2.189070948372861,-0.1502844044570654,-0.25322997416031057,0.2198370105347884,0.9447425959053759,-0.978135559530898,-0.12244086662694476,0.08904790300142265,OOS,2026-09-30,NY,MOM,-0.978135559530898
2026-10-01 03:00:00,-2.1839437575947644,-0.08427289051189255,-2.07088607594945,6.421097046413916,-2.07088607594945,-0.7265822784808806,-2.07088607594945,-2.07088607594945,OOS,2026-10-01,ASIA,-,
2026-10-01 03:15:00,-4.347214180493729,-0.16210167612975457,1.2681579674125902,-2.0463960231979135,8.27782380557923,-2.0463960231979135,4.593206296603374,-2.0463960231979135,OOS,2026-10-01,ASIA,MOM,-2.0463960231979135
2026-10-01 04:05:00,2.0789396340055704,0.18166294558616083,-0.3659652333026931,0.3220494053063523,1.4327538883807498,-1.4766697163770903,-0.9204025617566147,0.876486733760274,OOS,2026-10-01,ASIA,MR,1.4327538883807498
2026-10-01 06:05:00,2.0908162215965183,0.05143435549078369,0.3802003081665792,-0.4449152542374563,-2.0323574730353333,2.809707241910569,-2.0323574730353333,4.376348228042913,OOS,2026-10-01,ASIA,-,
2026-10-01 06:40:00,2.3941162077089313,-0.11023654689455353,-2.036745406824107,2.3394575678040783,-2.036745406824107,1.6719160104986561,-2.036745406824107,5.2760279965005195,OOS,2026-10-01,ASIA,MOM,1.6719160104986561
2026-10-01 07:30:00,2.0248049246552875,-0.215001090113615,-2.0398104265403694,2.1331753554502146,-2.0398104265403694,4.511848341232137,-2.0398104265403694,4.146919431279424,OOS,2026-10-01,ASIA,MOM,4.511848341232137
2026-10-01 10:10:00,-2.9015710453182573,0.1049827262984895,-2.033579852088857,2.45692584449326,-2.033579852088857,3.6462122726364017,-2.033579852088857,3.1704977013791957,OOS,2026-10-01,LDN,MR,-2.033579852088857
2026-10-01 11:40:00,-2.2845268550283473,-0.09952707086214244,1.8244415990894838,-2.0239009816475386,1.8941527955611368,-2.0239009816475386,3.9018352539480397,-2.0239009816475386,OOS,2026-10-01,LDN,MOM,-2.0239009816475386
2026-10-01 13:30:00,2.463215183568507,0.06254094947715465,-2.031710079275196,0.6236315590789849,-2.031710079275196,0.3461683654209695,-2.031710079275196,3.3533408833521117,OOS,2026-10-01,LDN,-,
2026-10-01 14:40:00,2.1862376015366656,-0.07718380109018508,0.5947875758657769,-0.6547661549446788,-0.7922170653338745,0.7322384862549726,-2.0299892895393534,-2.0299892895393534,OOS,2026-10-01,LDN,-,
2026-10-01 16:35:00,-2.1266238474814068,0.04556270182197116,-2.0254275768125263,0.6653549265930474,-2.0254275768125263,-2.0254275768125263,-2.0254275768125263,-2.0254275768125263,OOS,2026-10-01,NY,-,
2026-10-02 02:15:00,2.829972288338824,-0.17631719537051566,-0.011102299762397988,-2.066613798572715,6.777954004758998,-2.066613798572715,21.000000000002718,-2.066613798572715,OOS,2026-10-02,ASIA,MOM,-2.066613798572715
2026-10-02 03:10:00,-2.7762484395779348,0.07234941212506005,-2.0411059456814744,3.5214093467093526,-2.0411059456814744,9.80034254954775,-2.0411059456814744,5.391729875214427,OOS,2026-10-02,ASIA,-,
2026-10-02 06:00:00,2.548808531309213,0.02907978201946703,-0.40675304279534646,0.3627797408715144,-2.0219866509618445,1.8926842036382379,-2.0219866509618445,2.259128386336838,OOS,2026-10-02,ASIA,-,
2026-10-02 08:15:00,2.1618558975075914,-0.15624628973280735,1.3729482651150615,-1.4427591938497368,-2.0349054643674513,-0.5381259089963296,-2.0349054643674513,-2.0349054643674513,OOS,2026-10-02,ASIA,MOM,-0.5381259089963296
2026-10-02 09:00:00,2.48130399185189,-0.07337353978732865,2.392905866302978,-2.032742155525239,3.8963165075035984,-2.032742155525239,1.8171896316506988,-2.032742155525239,OOS,2026-10-02,ASIA,-,
2026-10-02 13:10:00,-2.6731968815052527,0.1518502328735869,2.376761175856706,-2.0292224734737423,3.759958253609435,-2.0292224734737423,1.4270307879632445,-2.0292224734737423,OOS,2026-10-02,LDN,MR,3.759958253609435
2026-10-02 15:30:00,5.0821478034135685,0.012144477967075712,0.320838997863602,-2.0163138473490174,3.678772577199355,-2.0163138473490174,6.299864051272068,-2.0163138473490174,OOS,2026-10-02,NY,-,
2026-10-02 17:50:00,-2.5370487557086303,0.038270674307529354,-2.012390294269462,2.124935467217311,-2.012390294269462,2.8373773877128796,-2.012390294269462,1.9741868869385268,OOS,2026-10-02,NY,-,
2026-10-02 22:10:00,2.2232414777035543,0.1646655786682114,1.9781547757376425,-2.0390425284684226,1.8122240297464156,-2.0390425284684226,2.967232163606482,-2.0390425284684226,OOS,2026-10-02,LATE,MR,1.8122240297464156
2026-10-05 03:00:00,2.1614297087974,-0.004274627580909907,-2.0451006711410407,1.1275167785235316,-2.0451006711410407,3.465234899329168,-2.0451006711410407,3.8185234899330704,OOS,2026-10-05,ASIA,-,
2026-10-05 05:45:00,-2.1332335315200934,0.09257853530900549,-2.0303468208091493,1.4035404624277492,-2.0303468208091493,0.6246387283237296,-2.0303468208091493,3.274927745664632,OOS,2026-10-05,ASIA,MR,-2.0303468208091493
2026-10-05 07:10:00,-2.5054416232023526,-0.13041702116460413,-2.0334394904458235,0.3873407643312657,-2.0334394904458235,-1.0756369426750836,-2.0334394904458235,-2.0334394904458235,OOS,2026-10-05,ASIA,MOM,-1.0756369426750836
2026-10-05 09:10:00,2.364158417887691,0.05330308471317008,-0.17202816512486044,0.12563854756307566,-0.8369460168438739,0.7905563992820891,-2.0231948087809424,3.235675824934424,OOS,2026-10-05,ASIA,-,
2026-10-05 11:05:00,2.0416641135127422,-0.09817321746639432,-0.01065286866540974,-0.04048090092825938,-0.5028154010043666,0.4516816314106974,1.580885709937596,-1.6320194795312652,OOS,2026-10-05,LDN,MOM,0.4516816314106974
2026-10-05 14:25:00,2.1303527843292813,-0.0402490464687984,3.655705996131421,-2.040618955512703,1.177949709864684,-2.040618955512703,4.7930367504833,-2.040618955512703,OOS,2026-10-05,LDN,-,
2026-10-05 16:35:00,-2.235954098784917,0.033779411986402344,-2.0273037542661516,-0.3276450511946717,-2.0273037542661516,1.4812286689417598,-2.0273037542661516,1.440273037542584,OOS,2026-10-05,NY,-,
2026-10-05 21:00:00,2.353077818048275,0.16412393356774999,0.9333333333332184,-2.039160839160883,-0.7995337995340963,-2.039160839160883,0.5449883449883492,-2.039160839160883,OOS,2026-10-05,LATE,MR,-0.7995337995340963
2026-10-05 21:55:00,2.1477416949949335,0.09302678992093985,0.22474685107418207,-0.30773030377855587,0.7226475673006008,-0.8056310200049746,0.7987157322793836,-0.8816991849837574,OOS,2026-10-05,LATE,MR,0.7226475673006008
2026-10-06 02:40:00,-2.071292420024049,-0.20807050117062836,-2.074501108647608,0.5277161862529042,-2.074501108647608,-2.074501108647608,-2.074501108647608,-2.074501108647608,OOS,2026-10-06,ASIA,MOM,-2.074501108647608
2026-10-06 03:55:00,2.520997135903206,-0.0342991725205692,3.667868734222709,-2.0302921024162206,5.18499819689854,-2.0302921024162206,5.167327803822294,-2.0302921024162206,OOS,2026-10-06,ASIA,-,
2026-10-06 05:25:00,-2.161642893986994,-0.22234985490246129,-2.0370697263901567,-2.0370697263901567,-2.0370697263901567,-2.0370697263901567,-2.0370697263901567,-2.0370697263901567,OOS,2026-10-06,ASIA,MOM,-2.0370697263901567
2026-10-06 09:25:00,2.3267478786784173,0.1655929367298297,0.5846042120552116,-0.6456063907044493,-2.0305010893245528,0.2058823529412507,-2.0305010893245528,3.0780682643428983,OOS,2026-10-06,ASIA,MR,-2.0305010893245528
2026-10-06 11:25:00,2.0304600769557295,-0.08896196762445648,-2.0313960007474896,2.4253410577462917,-2.0313960007474896,2.7262193982432987,-2.0313960007474896,2.0773687161279226,OOS,2026-10-06,LDN,MOM,2.7262193982432987
2026-10-06 12:15:00,2.0466148641053263,-0.22197570012101592,0.39591141396926993,-0.4531516183985708,1.0732538330493644,-1.1304940374786654,-2.0286201022145884,1.9247018739351451,OOS,2026-10-06,LDN,MOM,-1.1304940374786654
2026-10-06 13:40:00,2.5793950473818485,-0.0011070442141904377,-0.16182795698906038,0.07150537634389643,-2.0451612903226306,4.4032258064516325,-2.0451612903226306,4.519892473118111,OOS,2026-10-06,LDN,-,
2026-10-06 14:15:00,2.490245817888445,-0.11460088602403412,-2.041065754094219,3.2921046198971995,-2.041065754094219,4.2742605719874085,-2.041065754094219,0.43803471033994873,OOS,2026-10-06,LDN,MOM,4.2742605719874085
2026-10-06 16:50:00,-2.0680282194875583,0.11136385807242336,-1.5027908973809134,1.454701588664725,-2.0240446543580943,-0.374695863746969,-2.0240446543580943,-2.0240446543580943,OOS,2026-10-06,NY,MR,-2.0240446543580943
2026-10-06 21:10:00,2.1079790291283995,-0.042687710094731116,-0.2833859095690489,0.19505783385927808,-2.0441640378549812,2.4216614090428163,-2.0441640378549812,-0.6624605678233884,OOS,2026-10-06,LATE,-,
2026-10-06 21:45:00,2.2830234657047024,-0.09962140699622743,-2.0460021905804022,0.4676889375684941,-2.0460021905804022,-2.0460021905804022,-2.0460021905804022,-2.0460021905804022,OOS,2026-10-06,LATE,MOM,-2.0460021905804022
2026-10-06 23:20:00,-2.0999801230934145,0.23419296794761113,-0.008818897637634859,-0.09700787401590845,1.2081889763782094,-1.314015748031753,1.0979527559057685,-1.203779527559312,OOS,2026-10-06,LATE,MR,1.2081889763782094
2026-10-07 02:25:00,2.2525851954612315,-0.06914874428681742,1.8514383855733902,-2.0721339630743705,5.331902103907967,-2.0721339630743705,10.06869901245322,-2.0721339630743705,OOS,2026-10-07,ASIA,-,
2026-10-07 03:30:00,-2.4782031132177966,-0.003818133353457348,-1.051948051947997,0.9740259740259204,-2.0389610389609536,1.4253246753244244,-2.0389610389609536,2.9123376623373605,OOS,2026-10-07,ASIA,-,
2026-10-07 04:00:00,-2.066269920918704,-0.10912083927996102,-0.4126430095015446,0.3474888501065482,-2.032577079697604,2.3808415745589127,-2.032577079697604,3.2821407795229494,OOS,2026-10-07,ASIA,MOM,2.3808415745589127
2026-10-07 06:00:00,-2.044621094930429,-0.19934789425244742,0.45889884763144617,-0.5449423815623057,0.48399487836117583,-2.043021766965383,-2.043021766965383,-2.043021766965383,OOS,2026-10-07,ASIA,MOM,-2.043021766965383
2026-10-07 07:40:00,-2.2197108233003773,-0.09854413419469377,-1.207627118643851,1.1059322033896162,-2.0508474576271722,0.04661016949133921,-2.0508474576271722,1.495762711864213,OOS,2026-10-07,ASIA,MOM,0.04661016949133921
2026-10-07 08:55:00,-2.7587641347656993,-0.23807192022504922,0.9088450094672721,-2.045442250473257,0.6551257776576772,-2.045442250473257,1.4655125777659714,-2.045442250473257,OOS,2026-10-07,ASIA,MOM,-2.045442250473257
2026-10-07 12:30:00,-2.3679057481182078,-0.2431786052261437,0.4306623666582891,-0.5140163731083026,-2.0416770032250517,2.504093277102462,-2.0416770032250517,-0.49665095509813584,OOS,2026-10-07,LDN,MOM,2.504093277102462
2026-10-07 13:30:00,-2.4165115994652826,-0.2590270837026748,2.3526338702655356,-2.0365694383977906,2.5964301262516525,-2.0365694383977906,-2.0365694383977906,-2.0365694383977906,OOS,2026-10-07,LDN,MOM,-2.0365694383977906
2026-10-07 15:25:00,-5.871374669296093,-0.06078119775389358,-2.0205178309721545,-1.1814851001465547,-2.0205178309721545,-2.0205178309721545,-2.0205178309721545,-2.0205178309721545,OOS,2026-10-07,NY,-,
2026-10-07 20:05:00,2.338520999728777,0.21297692464681456,1.5654874892147135,-1.623468507333782,1.0678170836928333,-2.02899050905944,3.461949956859329,-2.02899050905944,OOS,2026-10-07,LATE,MR,1.0678170836928333
2026-10-07 22:50:00,-2.07372634963725,-0.09408473478468313,2.8413659481714104,-2.0406878178736645,1.888592879632005,-2.0406878178736645,1.5427464277064586,-2.0406878178736645,OOS,2026-10-07,LATE,MOM,-2.0406878178736645
2026-10-07 23:25:00,2.0815134549466934,0.39971681323152053,1.0650406504064456,-2.069105691056855,2.6097560975609273,-2.069105691056855,1.447154471544848,-2.069105691056855,OOS,2026-10-07,LATE,MR,2.6097560975609273
2026-10-08 04:00:00,3.30973424738499,-0.04283440861357332,-0.04611583859454588,-2.023057919297308,-1.6870710952512091,-2.023057919297308,-2.023057919297308,-2.023057919297308,OOS,2026-10-08,ASIA,-,
2026-10-08 08:50:00,-3.088886219964793,-0.03228493591032512,-0.13954331279456617,0.07865168539333314,1.6592968466835627,-2.0304458137005175,0.6723450525551612,-2.0304458137005175,OOS,2026-10-08,ASIA,-,
2026-10-08 13:30:00,-2.426835191441112,0.019128817334167623,,,,,,,OOS,2026-10-08,LDN,-,
