day,h,i,side,lvl,ibh,ibl,rng,atr,ib_atr,aligned,t_in,spread,pnl,t_out,rf,otf,imb,poc_mig,lvl_poc,single,tail,poor,lvl_z
2026-01-20,3,278,1,4676.08,4676.08,4660.11,15.970000000000255,75.47699999999995,0.21158763596857674,True,2026-01-20 05:38:00,0.08,87.01000000000015,2026-01-20 23:57:00,-0.1111111111111111,2,0.3900709219858156,-0.07869947136213157,0.12692608344263728,0.05263157894736842,0.0,1.0,-1.0934015453752495
2026-01-20,4,273,1,4674.87,4674.87,4665.57,9.300000000000182,75.47699999999995,0.12321634405183285,True,2026-01-20 05:33:00,0.08,88.22000000000018,2026-01-20 23:57:00,-0.1111111111111111,2,0.381294964028777,-0.07869947136213157,0.11089470964664595,0.05263157894736842,0.0,1.0,-0.07576144082323981
2026-01-20,5,300,1,4681.47,4681.47,4666.15,15.320000000000618,75.47699999999995,0.2029757409542063,True,2026-01-20 06:00:00,0.08,81.61999999999982,2026-01-20 23:57:00,0.0,3,0.4228187919463087,-0.07869947136213157,0.19833856671569175,0.13043478260869565,0.0,1.0,-1.2916454794604095
2026-01-20,6,360,1,4697.07,4697.07,4679.69,17.38000000000011,75.47699999999995,0.23026882361514264,True,2026-01-20 07:00:00,0.12,65.98000000000036,2026-01-20 23:57:00,0.34782608695652173,7,0.5248618784530387,-0.07869947136213157,0.4050240470606904,0.1282051282051282,0.0,1.0,-0.9229344737444913
2026-01-20,7,427,1,4716.67,4716.67,4694.19,22.480000000000473,75.47699999999995,0.29783907680486094,True,2026-01-20 08:07:00,0.08,46.42,2026-01-20 23:57:00,0.42857142857142855,2,0.6277056277056277,-0.07869947136213157,0.6647058044172411,0.05172413793103448,0.0,2.0,-0.5855697735211463
2026-01-20,8,493,1,4717.04,4717.04,4705.73,11.3100000000004,75.47699999999995,0.14984697325013457,True,2026-01-20 09:13:00,0.08,46.05000000000011,2026-01-20 23:57:00,0.5,2,0.6730038022813688,-0.07869947136213157,0.6696079600408071,0.06779661016949153,0.0,1.0,-1.049290538799959
2026-01-20,9,548,1,4722.75,4722.75,4711.49,11.260000000000218,75.47699999999995,0.14918451978748792,True,2026-01-20 10:08:00,0.14,40.28000000000007,2026-01-20 23:57:00,0.5,1,0.7084745762711865,-0.07869947136213157,0.7452601454747809,0.046875,0.0,2.0,-0.8069327906668159
2026-01-20,10,629,1,4731.66,4731.66,4715.03,16.63000000000011,75.47699999999995,0.2203320216754789,True,2026-01-20 11:29:00,0.09,-16.72000000000011,2026-01-20 15:33:00,0.43902439024390244,0,0.7507246376811594,-0.07869947136213157,0.8633093525179842,0.0410958904109589,0.0,3.0,-0.5556000585308241
2026-01-21,2,121,1,4787.82,4787.82,4770.77,17.049999999999272,79.22799999999998,0.2152016963699611,True,2026-01-21 03:01:00,0.15,-17.19999999999927,2026-01-21 21:40:00,1.0,4,0.03896103896103896,0.11435351138486902,0.18074418135002415,0.12903225806451613,0.0,1.0,-1.7718537941583676
2026-01-21,3,243,1,4844.15,4844.15,4783.49,60.659999999999854,79.22799999999998,0.7656384106628953,True,2026-01-21 05:03:00,0.09,-60.74999999999986,2026-01-21 21:36:00,1.125,3,-0.3817427385892116,0.7959307315595548,0.21015297622052356,0.3068181818181818,0.0,1.0,-1.0506348740175337
2026-01-21,4,242,1,4842.06,4842.06,4817.47,24.590000000000146,79.22799999999998,0.31037007118695603,True,2026-01-21 05:02:00,0.09,-24.680000000000145,2026-01-21 17:23:00,1.125,3,-0.3875,0.7959307315595548,0.18377341343969814,0.3068181818181818,0.0,1.0,-0.43905703969370097
2026-01-21,5,319,1,4849.74,4849.74,4827.1,22.639999999999418,79.22799999999998,0.2857575604584165,True,2026-01-21 06:19:00,0.11,-22.749999999999417,2026-01-21 17:21:00,0.9523809523809523,1,-0.10596026490066225,0.7959307315595548,0.28070884030897897,0.26881720430107525,0.0,2.0,-0.570012526088801
2026-01-21,6,378,1,4870.86,4870.86,4837.92,32.9399999999996,79.22799999999998,0.41576210430655336,True,2026-01-21 07:18:00,0.09,-33.0299999999996,2026-01-21 09:04:00,0.96,1,0.040229885057471264,0.7959307315595548,0.5472812641995214,0.24561403508771928,0.0,2.0,-0.516397779240989
2026-01-21,7,442,1,4878.23,4878.23,4858.97,19.25999999999931,79.22799999999998,0.24309587519562925,True,2026-01-21 08:22:00,0.12,-19.37999999999931,2026-01-21 08:45:00,0.896551724137931,1,0.16290726817042606,0.7959307315595548,0.640303932952991,0.23770491803278687,0.0,1.0,-1.0913211079208334
2026-01-21,8,480,-1,4845.6,4888.33,4845.6,42.72999999999956,79.22799999999998,0.5393295299641487,False,2026-01-21 09:00:00,0.09,16.680000000000437,2026-01-21 23:57:00,-0.7096774193548387,2,-0.27705627705627706,-0.7959307315595548,-0.2284545867622604,0.19696969696969696,0.012621800373605295,2.0,1.1601034993726458
2026-01-21,9,543,1,4857.18,4857.18,4832.62,24.5600000000004,79.22799999999998,0.30999141717575107,True,2026-01-21 10:03:00,0.09,-24.6500000000004,2026-01-21 17:19:00,0.6666666666666666,3,0.13142857142857142,0.8969051345483973,0.27364063209976647,0.19696969696969696,0.0,1.0,-0.3648743965169384
2026-01-21,10,626,1,4869.57,4869.57,4851.51,18.05999999999949,79.22799999999998,0.2279497147473052,True,2026-01-21 11:26:00,0.1,-18.159999999999492,2026-01-21 16:05:00,0.6829268292682927,2,-0.5627118644067797,1.2503155450093455,0.07661432826778046,0.19696969696969696,0.0,1.0,1.1168542708014055
2026-01-22,2,123,-1,4778.11,4798.85,4778.11,20.74000000000069,84.79199999999992,0.24459854703274733,False,2026-01-22 03:03:00,0.14,-20.880000000000692,2026-01-22 03:19:00,0.25,1,-0.18857142857142858,0.47881875648646577,0.14612227568638952,0.3448275862068966,0.2240777431833194,1.0,-0.4297420529933347
2026-01-22,4,306,1,4798.38,4798.38,4774.57,23.8100000000004,84.79199999999992,0.28080479290499605,True,2026-01-22 06:06:00,0.1,137.71999999999971,2026-01-22 23:57:00,0.0,1,0.17532467532467533,-0.47881875648646577,0.09293329559392534,0.3333333333333333,0.02358713086140204,1.0,0.45070505671090016
2026-01-22,5,300,1,4796.88,4796.88,4784.38,12.5,84.79199999999992,0.14741956788376276,True,2026-01-22 06:00:00,0.1,139.21999999999971,2026-01-22 23:57:00,-0.10526315789473684,0,0.16721311475409836,-0.47881875648646577,0.0752429474478738,0.3333333333333333,0.02358713086140204,1.0,0.898917012200964
2026-01-22,6,361,-1,4793.86,4800.53,4793.86,6.670000000000073,84.79199999999992,0.07866308142277667,False,2026-01-22 07:01:00,0.15,-6.820000000000073,2026-01-22 07:04:00,0.16666666666666666,4,0.23795180722891565,0.41985092933296064,0.019341447306353537,0.3333333333333333,0.2240777431833194,1.0,2.0593300890365165
2026-01-22,7,420,1,4821.72,4821.72,4793.72,28.0,84.79199999999992,0.33021983205962857,True,2026-01-22 08:00:00,0.14,114.33999999999956,2026-01-22 23:57:00,0.0,3,-0.11497326203208556,-0.41985092933296064,0.3092272855929838,0.23809523809523808,0.02358713086140204,1.0,-0.7249169171666786
2026-01-22,8,482,1,4829.24,4829.24,4816.24,13.0,84.79199999999992,0.15331635059911328,True,2026-01-22 09:02:00,0.1,-13.1,2026-01-22 11:42:00,0.125,1,-0.009685230024213076,-0.41985092933296064,0.3979148976318499,0.1111111111111111,0.02358713086140204,1.0,-0.905223159797449
2026-01-22,9,550,-1,4825.78,4838.55,4825.78,12.770000000000437,84.79199999999992,0.1506038305500572,False,2026-01-22 10:10:00,0.1,-12.870000000000436,2026-01-22 16:32:00,-0.1111111111111111,2,-0.07126948775055679,0.41985092933296064,-0.3571091612416239,0.029850746268656716,0.0,1.0,-0.36007860738014025
2026-01-22,10,611,1,4835.59,4835.59,4822.35,13.239999999999782,84.79199999999992,0.15614680630247896,True,2026-01-22 11:11:00,0.1,-13.339999999999781,2026-01-22 11:32:00,0.15,2,0.13125,-0.41985092933296064,0.47280403811680566,0.029850746268656716,0.02358713086140204,2.0,-0.4646958546022655
2026-01-23,2,120,1,4965.73,4965.73,4947.49,18.23999999999978,94.45499999999993,0.19310782912497798,True,2026-01-23 03:00:00,0.15,-18.38999999999978,2026-01-23 03:02:00,0.0,1,0.11304347826086956,0.08808427293419846,0.16124080249853978,0.2777777777777778,0.0846964162828861,1.0,-1.1938221114936658
2026-01-23,4,258,-1,4946.88,4962.24,4946.88,15.359999999999673,94.45499999999993,0.16261711926313785,False,2026-01-23 05:18:00,0.1,-15.459999999999672,2026-01-23 07:45:00,-0.0,2,0.1222707423580786,-0.11984542904028074,0.07008628447408709,0.21052631578947367,0.021174104070721525,1.0,0.21644830381550847
2026-01-23,5,382,1,4959.0,4959.0,4938.16,20.840000000000146,94.45499999999993,0.22063416441691983,True,2026-01-23 07:22:00,0.1,-20.940000000000147,2026-01-23 10:18:00,0.16,1,-0.156794425087108,0.11984542904028074,0.05822878619448419,0.21052631578947367,0.06352231221216458,1.0,0.07366766117467503
2026-01-23,7,430,-1,4954.54,4967.22,4954.54,12.680000000000291,94.45499999999993,0.13424381980837755,False,2026-01-23 08:10:00,0.13,-12.810000000000292,2026-01-23 18:09:00,-0.21428571428571427,1,0.0641025641025641,-0.11984542904028074,-0.011010534116774807,0.15789473684210525,0.0,1.0,1.4256850282557079
2026-01-23,8,529,-1,4945.54,4963.12,4945.54,17.579999999999927,94.45499999999993,0.18612037478164142,False,2026-01-23 09:49:00,0.1,-17.67999999999993,2026-01-23 17:47:00,-0.11428571428571428,2,0.06613756613756613,-0.11984542904028074,0.08427293420147206,0.15789473684210525,0.0,1.0,-0.11197850217793509
2026-01-23,9,540,-1,4943.34,4959.61,4943.34,16.269999999999527,94.45499999999993,0.17225133661531458,False,2026-01-23 10:00:00,0.1,-16.36999999999953,2026-01-23 17:43:00,-0.11428571428571428,2,0.07349081364829396,-0.11984542904028074,0.1075644486792638,0.15789473684210525,0.0,1.0,-0.23867393700761871
2026-01-23,10,629,-1,4901.23,4947.64,4901.23,46.410000000000764,94.45499999999993,0.4913450849611011,False,2026-01-23 11:29:00,0.1,-46.510000000000765,2026-01-23 15:07:00,0.0975609756097561,8,0.28105906313645623,-0.11984542904028074,0.5533852098883116,0.05970149253731343,0.0,1.0,-0.8727421141943528
2026-01-27,2,130,1,5054.07,5054.07,5013.82,40.25,97.36799999999994,0.41338016596828553,True,2026-01-27 03:10:00,0.1,126.78000000000011,2026-01-27 23:57:00,0.5,1,-0.24456521739130435,0.3193040834771194,0.09828691151096577,0.1,0.010270314682441876,1.0,-0.3863636361441116
2026-01-27,3,220,1,5076.1,5076.1,5019.15,56.95000000000073,97.36799999999994,0.5848944211650723,True,2026-01-27 04:40:00,0.1,104.74999999999946,2026-01-27 23:57:00,0.5714285714285714,2,-0.056338028169014086,0.37065565688932883,0.27319037055295764,0.03076923076923077,0.010270314682441876,1.0,-1.95457820804183
2026-01-27,4,407,1,5079.82,5079.82,5049.63,30.1899999999996,97.36799999999994,0.31006080026291616,True,2026-01-27 07:47:00,0.1,-30.2899999999996,2026-01-27 16:16:00,0.14814814814814814,3,-0.3002309468822171,0.5349806918083988,0.1470709062525647,0.014705882352941176,0.010270314682441876,3.0,-0.8844731944449828
2026-01-27,5,367,-1,5060.44,5079.24,5060.44,18.800000000000182,97.36799999999994,0.19308191602990915,False,2026-01-27 07:07:00,0.1,-18.900000000000183,2026-01-27 07:47:00,-0.0,5,0.3208955223880597,-0.5349806918083988,0.05196779229316,0.014705882352941176,0.0,1.0,0.6384489369663107
2026-01-27,6,362,-1,5061.62,5078.74,5061.62,17.11999999999989,97.36799999999994,0.1758277873634038,False,2026-01-27 07:02:00,0.1,-17.219999999999892,2026-01-27 07:47:00,-0.08333333333333333,5,0.3157894736842105,-0.5349806918083988,0.0398488209678756,0.014705882352941176,0.0,1.0,0.6581465206803445
2026-01-27,7,421,1,5085.29,5085.29,5057.38,27.909999999999854,97.36799999999994,0.28664448278695126,True,2026-01-27 08:01:00,0.1,-28.009999999999856,2026-01-27 16:13:00,0.14285714285714285,4,-0.268018018018018,0.5349806918083988,0.20324952756552436,0.05405405405405406,0.010270314682441876,1.0,-1.2909944484024722
2026-01-27,8,489,1,5094.09,5094.09,5076.71,17.38000000000011,97.36799999999994,0.17849806918084093,True,2026-01-27 09:09:00,0.1,-17.48000000000011,2026-01-27 10:29:00,0.3125,2,-0.1350806451612903,0.5349806918083988,0.29362829677101476,0.024096385542168676,0.010270314682441876,1.0,-1.358244027885972
2026-01-27,9,548,-1,5081.61,5100.84,5081.61,19.230000000000473,97.36799999999994,0.19749815134336215,False,2026-01-27 10:08:00,0.1,-19.330000000000474,2026-01-27 18:18:00,-0.2222222222222222,2,0.04259259259259259,-0.5349806918083988,-0.16545476953413527,0.056179775280898875,0.041081258729767506,1.0,-0.01862868996478719
2026-01-27,10,629,1,5088.32,5088.32,5073.37,14.949999999999818,97.36799999999994,0.1535412045025042,True,2026-01-27 11:29:00,0.1,-15.049999999999818,2026-01-27 13:51:00,0.1951219512195122,3,0.044142614601018676,0.5349806918083988,0.23436858105332065,0.056179775280898875,0.010270314682441876,1.0,0.34514088762581535
2026-01-28,2,123,1,5180.13,5180.13,5157.41,22.720000000000255,109.05,0.20834479596515593,True,2026-01-28 03:03:00,0.1,237.18999999999997,2026-01-28 23:57:00,0.0,4,-0.09734513274336283,-0.08399816597890743,0.08830811554332975,0.21428571428571427,0.018340210912425492,1.0,-0.8653265528991417
2026-01-28,3,212,1,5225.21,5225.21,5168.71,56.5,109.05,0.5181109582760202,True,2026-01-28 04:32:00,0.1,192.11000000000004,2026-01-28 23:57:00,0.5714285714285714,2,0.48760330578512395,-0.08399816597890743,0.5016964695093997,0.057971014492753624,0.018340210912425492,1.0,-1.5643462100226295
2026-01-28,4,241,1,5234.62,5234.62,5201.65,32.970000000000255,109.05,0.3023383768913366,True,2026-01-28 05:01:00,0.1,182.7000000000002,2026-01-28 23:57:00,0.625,4,0.5338345864661654,-0.08399816597890743,0.5879871618523603,0.038461538461538464,0.018340210912425492,2.0,-0.9210262747499706
2026-01-28,5,358,1,5247.58,5247.58,5224.6,22.979999999999563,109.05,0.21072902338376492,True,2026-01-28 06:58:00,0.1,169.74000000000015,2026-01-28 23:57:00,0.6086956521739131,0,0.6593406593406593,-0.08399816597890743,0.7068317285648779,0.02197802197802198,0.018340210912425492,2.0,-1.1089317960839806
2026-01-28,6,365,1,5248.92,5248.92,5232.31,16.609999999999673,109.05,0.15231545162769072,True,2026-01-28 07:05:00,0.1,168.4,2026-01-28 23:57:00,0.5833333333333334,1,-0.5388739946380697,0.5028885832187083,0.13223292067858847,0.021739130434782608,0.018340210912425492,2.0,-1.132508335747721
2026-01-28,7,471,1,5266.4,5266.4,5241.66,24.73999999999978,109.05,0.22686840898670135,True,2026-01-28 08:51:00,0.1,-24.839999999999783,2026-01-28 13:06:00,0.5806451612903226,2,-0.24511930585683298,0.5028885832187083,0.2925263640531833,0.03636363636363636,0.018340210912425492,2.0,-1.1532684704931597
2026-01-28,8,489,1,5271.48,5271.48,5252.06,19.419999999999163,109.05,0.17808344795964387,True,2026-01-28 09:09:00,0.1,-19.519999999999165,2026-01-28 13:04:00,0.625,3,-0.20335429769392033,0.5028885832187083,0.33911049977074337,0.043478260869565216,0.018340210912425492,1.0,-1.630762991540196
2026-01-28,9,541,1,5292.86,5292.86,5263.0,29.859999999999673,109.05,0.2738193489225096,True,2026-01-28 10:01:00,0.1,-29.959999999999674,2026-01-28 13:04:00,0.7222222222222222,2,-0.08506616257088846,0.5028885832187083,0.5351673544245729,0.04411764705882353,0.018340210912425492,1.0,-1.529669307791453
2026-01-28,10,614,-1,5280.78,5311.55,5280.78,30.770000000000437,109.05,0.2821641448876702,False,2026-01-28 11:14:00,0.1,-30.870000000000438,2026-01-28 20:18:00,-0.8,0,-0.04966887417218543,-0.5028885832187083,-0.4243924805135236,0.0967741935483871,0.10087116001834022,1.0,0.05419402488468395
2026-01-29,2,129,-1,5454.62,5527.16,5454.62,72.53999999999996,129.433,0.5604443998053045,False,2026-01-29 03:09:00,0.1,-72.63999999999996,2026-01-29 03:40:00,-0.25,0,0.03805496828752643,-0.6621958851297586,0.3621951125292631,0.5108695652173914,0.42493027280523515,1.0,-0.2886631343411586
2026-01-29,3,308,1,5551.43,5551.43,5445.57,105.86000000000058,129.433,0.8178748850756807,True,2026-01-29 06:08:00,0.1,-105.96000000000058,2026-01-29 17:04:00,0.3,2,-0.17951807228915662,0.8244419892917575,0.22351332349555594,0.41847826086956524,0.23178014880285555,1.0,-0.6441190871103217
2026-01-29,4,301,1,5550.33,5550.33,5504.39,45.9399999999996,129.433,0.3549326678667697,True,2026-01-29 06:01:00,0.1,-46.0399999999996,2026-01-29 10:43:00,0.3,2,-0.19390243902439025,0.8244419892917575,0.21501471803944844,0.41847826086956524,0.23178014880285555,1.0,-0.38053442884611405
2026-01-29,5,300,1,5549.03,5549.03,5508.33,40.69999999999982,129.433,0.31444840187587264,True,2026-01-29 06:00:00,0.1,-40.79999999999982,2026-01-29 10:43:00,0.21052631578947367,1,-0.20122699386503068,0.8244419892917575,0.20497091159132327,0.41847826086956524,0.23178014880285555,1.0,0.1497180925928543
2026-01-29,6,381,-1,5533.6,5564.6,5533.6,31.0,129.433,0.23950615376295073,False,2026-01-29 07:21:00,0.1,-31.1,2026-01-29 08:00:00,-0.08,3,0.07228915662650602,-0.8244419892917575,-0.08575865505705936,0.34782608695652173,0.2626841686432363,1.0,1.7451261250308583
2026-01-29,7,420,1,5564.4,5564.4,5516.36,48.039999999999964,129.433,0.3711572782829724,True,2026-01-29 08:00:00,0.1,-48.139999999999965,2026-01-29 10:39:00,0.14814814814814814,2,-0.021627188465499485,0.8244419892917575,0.3237196078279854,0.34782608695652173,0.23178014880285555,1.0,-0.520571608436302
2026-01-29,8,496,-1,5554.71,5595.46,5554.71,40.75,129.433,0.31483470212387876,False,2026-01-29 09:16:00,0.1,176.7100000000004,2026-01-29 23:57:00,-0.12121212121212122,4,-0.08487084870848709,-0.8244419892917575,-0.2488546197646662,0.1793478260869565,0.023178014880285553,1.0,0.521031187946295
2026-01-29,9,544,-1,5536.97,5575.06,5536.97,38.090000000000146,129.433,0.29428352893002674,False,2026-01-29 10:04:00,0.1,158.97000000000062,2026-01-29 23:57:00,-0.1111111111111111,0,0.3072236727589208,-0.9712360835335659,0.03499880246922922,0.1793478260869565,0.023178014880285553,1.0,1.9306847972137793
2026-01-29,10,723,-1,5474.4,5554.88,5474.4,80.48000000000047,129.433,0.6217888791884641,False,2026-01-29 13:03:00,0.1,96.4,2026-01-29 23:57:00,0.08333333333333333,3,0.039202200825309494,-0.8321679942518526,0.3793468435406764,0.1793478260869565,0.023178014880285553,1.0,-0.3105733109729125
2026-01-30,2,121,-1,5390.08,5450.95,5390.08,60.86999999999989,173.88199999999998,0.35006498660010754,True,2026-01-30 03:01:00,0.1,504.4299999999997,2026-01-30 23:56:00,-0.0,4,-0.039473684210526314,-0.18121484685016404,0.1634441747851996,0.1232876712328767,0.0,1.0,-0.7414607975819215
2026-01-30,3,180,-1,5291.51,5409.72,5291.51,118.21000000000004,173.88199999999998,0.6798288494496271,True,2026-01-30 04:00:00,0.1,405.86,2026-01-30 23:56:00,0.18181818181818182,1,0.17625231910946196,-0.11220252815127628,0.6613105439320908,0.09375,0.0,1.0,-1.7093763450507429
2026-01-30,5,317,1,5229.76,5229.76,5150.7,79.0600000000004,173.88199999999998,0.4546761596945078,False,2026-01-30 06:17:00,0.1,-79.1600000000004,2026-01-30 08:51:00,-0.09523809523809523,2,0.26180257510729615,-0.9919945710309279,0.08776066527875352,0.22123893805309736,0.15527771707249746,2.0,0.2763239160046826
2026-01-30,6,376,1,5230.46,5230.46,5193.67,36.789999999999964,173.88199999999998,0.2115802670776732,False,2026-01-30 07:16:00,0.1,-36.889999999999965,2026-01-30 07:58:00,0.0,2,0.3748006379585327,-1.038002783496853,0.1377945963354461,0.22123893805309736,0.15527771707249746,2.0,0.501471912755121
2026-01-30,7,427,-1,5180.04,5241.09,5180.04,61.05000000000018,173.88199999999998,0.3511001713805925,True,2026-01-30 08:07:00,0.1,294.38999999999976,2026-01-30 23:56:00,0.14285714285714285,3,-0.41253644314868804,1.055255863171575,0.13491908305632577,0.22123893805309736,0.0,1.0,1.2827084187819766
2026-01-30,8,480,-1,5145.55,5205.37,5145.55,59.81999999999971,173.88199999999998,0.3440264087139538,True,2026-01-30 09:00:00,0.1,259.9,2026-01-30 23:56:00,0.3870967741935484,6,-0.27604871447902574,1.0437538100550938,0.34477404216652574,0.22123893805309736,0.0,1.0,-0.4104000307676216
2026-01-30,9,573,-1,5118.05,5186.52,5118.05,68.47000000000025,173.88199999999998,0.39377278844273855,True,2026-01-30 10:33:00,0.1,232.4,2026-01-30 23:56:00,0.47368421052631576,3,-0.06133933595948227,1.0437538100550938,0.5029272725181435,0.1592920353982301,0.0,1.0,-0.8104596347330184
2026-01-30,10,612,-1,5057.6,5181.33,5057.6,123.72999999999956,173.88199999999998,0.7115745160511127,True,2026-01-30 11:12:00,0.1,171.9500000000002,2026-01-30 23:56:00,0.45,0,0.03578732106339468,1.0437538100550938,0.8505768279637895,0.1218274111675127,0.0,2.0,-0.7802502742973827
2026-02-03,2,134,1,4830.3,4830.3,4766.27,64.02999999999975,280.19000000000005,0.22852350190941764,False,2026-02-03 03:14:00,0.1,-64.12999999999974,2026-02-03 04:26:00,1.0,0,-0.0327455919395466,0.3711410114565108,0.19915057639459,0.3253012048192771,0.18201934401656017,1.0,-1.262898598599821
2026-02-03,3,206,-1,4766.54,4855.89,4766.54,89.35000000000036,280.19000000000005,0.31889075270352385,True,2026-02-03 04:26:00,0.1,-89.45000000000036,2026-02-03 08:19:00,-0.46153846153846156,3,0.5445026178010471,-0.5460223419822254,0.20329062421927988,0.2774869109947644,0.0,1.0,0.0
2026-02-03,4,389,1,4841.78,4841.78,4745.73,96.05000000000018,280.19000000000005,0.3428030978978556,False,2026-02-03 07:29:00,0.1,104.57000000000008,2026-02-03 23:57:00,0.4,4,-0.39955357142857145,0.5067632677825752,0.10450051750597715,0.2670157068062827,0.18201934401656017,2.0,-0.20387419446034533
2026-02-03,5,300,1,4813.35,4813.35,4752.04,61.3100000000004,280.19000000000005,0.2188158035618701,False,2026-02-03 06:00:00,0.1,132.99999999999946,2026-02-03 23:57:00,0.3157894736842105,2,0.22646310432569974,0.3711410114565108,0.13865591205967506,0.2670157068062827,0.18201934401656017,2.0,0.698814422862117
2026-02-03,6,383,1,4825.13,4825.13,4800.97,24.159999999999854,280.19000000000005,0.08622720296941308,False,2026-02-03 07:23:00,0.1,121.21999999999971,2026-02-03 23:57:00,0.4,4,-0.41216216216216217,0.5067632677825752,0.0450765551946897,0.2670157068062827,0.18201934401656017,2.0,1.5861879683560456
2026-02-03,7,434,1,4841.87,4841.87,4809.22,32.649999999999636,280.19000000000005,0.11652807023805142,False,2026-02-03 08:14:00,0.1,104.47999999999993,2026-02-03 23:57:00,0.35714285714285715,1,-0.39300411522633744,0.5210392947642662,0.09054570113137474,0.2670157068062827,0.18201934401656017,2.0,0.23635545554513723
2026-02-03,8,505,1,4893.9,4893.9,4816.6,77.29999999999927,280.19000000000005,0.27588422142117586,False,2026-02-03 09:25:00,0.1,52.45000000000018,2026-02-03 23:57:00,0.48484848484848486,2,-0.22423146473779385,0.5210392947642662,0.2762411220957194,0.26200873362445415,0.18201934401656017,4.0,-0.22944785005626991
2026-02-03,9,555,1,4933.58,4933.58,4872.19,61.39000000000033,280.19000000000005,0.21910132410150368,False,2026-02-03 10:15:00,0.1,12.769999999999891,2026-02-03 23:57:00,0.5,0,-0.12833333333333333,0.5210392947642662,0.4178593097540951,0.241635687732342,0.18201934401656017,1.0,-0.999894450991589
2026-02-03,10,627,-1,4898.51,4948.9,4898.51,50.38999999999942,280.19000000000005,0.17984224990185022,True,2026-02-03 11:27:00,0.1,-50.48999999999942,2026-02-03 15:46:00,-0.3902439024390244,3,0.04394757131842714,-0.5210392947642662,-0.29269424319212034,0.24647887323943662,0.021414040472536488,1.0,-0.46623193130525964
2026-02-04,2,120,1,5016.14,5016.14,4946.41,69.73000000000047,303.059,0.23008721074114435,True,2026-02-04 03:00:00,0.1,-69.83000000000047,2026-02-04 17:31:00,1.1428571428571428,1,0.13618677042801555,0.015343546966101108,0.21659148878601303,0.2523364485981308,0.03299687519591894,1.0,-1.4103326506647806
2026-02-04,3,182,1,5053.43,5053.43,4985.33,68.10000000000036,303.059,0.2247087200842092,True,2026-02-04 04:02:00,0.1,-68.20000000000036,2026-02-04 16:38:00,1.0,2,0.0,0.1341322976714093,0.22084808568628644,0.06944444444444445,0.03299687519591894,2.0,-0.9309069480535019
2026-02-04,5,310,1,5073.62,5073.62,5036.31,37.30999999999949,303.059,0.1231113413559719,True,2026-02-04 06:10:00,0.1,-37.40999999999949,2026-02-04 13:16:00,0.6,5,-0.6807760141093474,0.35521136148406623,0.06638971289418856,0.06707317073170732,0.03299687519591894,1.0,-1.3790779812730263
2026-02-04,7,426,-1,5069.42,5090.34,5069.42,20.920000000000073,303.059,0.06902946290986267,False,2026-02-04 08:06:00,0.1,-21.020000000000074,2026-02-04 09:30:00,-0.7142857142857143,1,0.4223880597014925,-0.35521136148406623,-0.0525310253119032,0.07734806629834254,0.013198750078367577,1.0,1.1738399451185026
2026-02-04,10,613,-1,5069.06,5091.85,5069.06,22.789999999999964,303.059,0.07519987857149915,False,2026-02-04 11:13:00,0.1,103.76000000000059,2026-02-04 23:57:00,-0.6,0,0.5005561735261401,-0.4146057368367203,0.008051237547802901,0.054945054945054944,0.0,1.0,2.1251118867627543
2026-02-05,2,121,-1,4997.24,5020.54,4997.24,23.300000000000182,313.55300000000005,0.07430960635044212,False,2026-02-05 03:01:00,0.1,220.5899999999996,2026-02-05 23:57:00,-0.25,1,0.04945054945054945,-0.14007201334383682,0.039100247804996976,0.5423728813559322,0.0,1.0,-0.032282932948431535
2026-02-05,3,187,-1,4936.1,5012.09,4936.1,75.98999999999978,313.55300000000005,0.24235137281416466,False,2026-02-05 04:07:00,0.1,159.4500000000002,2026-02-05 23:57:00,-0.16666666666666666,1,0.49117647058823527,-0.14007201334383682,0.23409120627134686,0.03409090909090909,0.0,1.0,-1.550013667772154
2026-02-05,4,240,-1,4805.39,4961.91,4805.39,156.51999999999953,313.55300000000005,0.49918195647944524,False,2026-02-05 05:00:00,0.1,28.740000000000144,2026-02-05 23:57:00,0.13333333333333333,4,0.6927175843694494,-0.14007201334383682,0.6509585301368497,0.410958904109589,0.0,1.0,-0.8916466372300336
2026-02-05,5,320,1,4887.89,4887.89,4789.89,98.0,313.55300000000005,0.3125468421606554,True,2026-02-05 06:20:00,0.1,-98.1,2026-02-05 23:33:00,0.0,5,-0.78375,0.14007201334383682,-0.3878451170934408,0.09787234042553192,0.05102805586296415,2.0,-0.8627340411396582
2026-02-05,6,360,-1,4863.54,4891.21,4863.54,27.670000000000073,313.55300000000005,0.08824664410801386,False,2026-02-05 07:00:00,0.1,-27.770000000000074,2026-02-05 07:45:00,-0.0,0,0.7967097532314924,-0.14007201334383682,0.46550343960989055,0.08085106382978724,0.0,1.0,1.2662624114251118
2026-02-05,7,428,1,4906.53,4906.53,4826.84,79.6899999999996,313.55300000000005,0.25415161073247455,True,2026-02-05 08:08:00,0.1,-79.7899999999996,2026-02-05 14:19:00,-0.14285714285714285,0,0.06158357771260997,-0.2553954195941353,0.06707000092488269,0.06808510638297872,0.05102805586296415,2.0,-0.1426955419151298
2026-02-05,8,506,1,4934.01,4934.01,4878.34,55.67000000000007,313.55300000000005,0.1775457418682011,True,2026-02-05 09:26:00,0.1,-55.770000000000074,2026-02-05 11:05:00,0.06060606060606061,0,0.17525773195876287,-0.2553954195941353,0.15471068686952513,0.06808510638297872,0.05102805586296415,2.0,-0.35837293656295405
2026-02-05,9,553,1,4940.74,4940.74,4895.99,44.75,313.55300000000005,0.14271909374172784,True,2026-02-05 10:13:00,0.1,-44.85,2026-02-05 11:01:00,0.05555555555555555,2,-0.12031872509960159,-0.1565285613596423,0.07730750463238999,0.06808510638297872,0.05102805586296415,2.0,0.2172159765381768
2026-02-05,10,601,-1,4901.29,4943.52,4901.29,42.23000000000047,313.55300000000005,0.1346821749433125,False,2026-02-05 11:01:00,0.1,124.63999999999979,2026-02-05 23:57:00,-0.0,3,0.1629129129129129,0.1469608008853365,0.05807630607903619,0.06808510638297872,0.0,1.0,0.9587672041091724
2026-02-06,2,174,1,4764.54,4764.54,4655.22,109.31999999999971,323.117,0.33832945960750965,False,2026-02-06 03:54:00,0.1,201.37000000000026,2026-02-06 23:56:00,-0.36363636363636365,3,-0.1732283464566929,-0.1553616801344399,0.07749514881606341,0.3357142857142857,0.07737135464862573,1.0,-0.25176173381690753
2026-02-06,3,187,1,4784.74,4784.74,4693.79,90.94999999999982,323.117,0.2814769882116998,False,2026-02-06 04:07:00,0.1,181.17000000000044,2026-02-06 23:56:00,-0.3333333333333333,4,-0.07775768535262206,-0.1553616801344399,0.14001120337215245,0.25,0.07737135464862573,1.0,-0.8257915735741823
2026-02-06,4,385,1,4846.5,4846.5,4761.33,85.17000000000007,323.117,0.26358873101693836,False,2026-02-06 07:25:00,0.1,119.41000000000022,2026-02-06 23:56:00,0.0,1,-0.695752009184845,0.09532150892710746,0.08046620883457076,0.1875,0.07737135464862573,1.0,-1.1927948945428086
2026-02-06,5,385,1,4839.43,4839.43,4801.2,38.23000000000047,323.117,0.11831627552867992,False,2026-02-06 07:25:00,0.1,126.47999999999993,2026-02-06 23:56:00,0.0,1,-0.695752009184845,0.09532150892710746,0.0585855897399403,0.1875,0.07737135464862573,1.0,-0.8555097402685534
2026-02-06,6,379,1,4831.86,4831.86,4807.25,24.609999999999673,323.117,0.07616436151610616,False,2026-02-06 07:19:00,0.1,134.05000000000055,2026-02-06 23:56:00,0.0,1,-0.7055427251732102,0.09532150892710746,0.03515754355233452,0.1875,0.07737135464862573,1.0,0.16424432681268403
2026-02-06,7,420,1,4898.01,4898.01,4807.83,90.18000000000029,323.117,0.27909395048852365,False,2026-02-06 08:00:00,0.1,67.9,2026-02-06 23:56:00,0.14814814814814814,3,-0.5401459854014599,0.09532150892710746,0.23988214795259988,0.26639344262295084,0.07737135464862573,1.0,-1.008059624959385
2026-02-06,10,720,1,4882.31,4882.31,4829.75,52.5600000000004,323.117,0.16266553601327197,False,2026-02-06 13:00:00,0.1,83.59999999999982,2026-02-06 23:56:00,0.0425531914893617,2,-0.4809322033898305,0.1943568428773484,0.09225760328302256,0.13654618473895583,0.07737135464862573,1.0,-0.6831369195218007
2026-02-10,4,245,-1,5031.81,5056.33,5031.81,24.519999999999527,345.48699999999997,0.07097227970951014,False,2026-02-10 05:05:00,0.1,-24.61999999999953,2026-02-10 11:09:00,-0.5,3,0.17150395778364116,0.07632703980178673,0.0077861106206589545,0.38202247191011235,0.05499483338012719,1.0,1.6612989418507784
2026-02-10,5,387,-1,5016.64,5038.23,5016.64,21.589999999999236,345.48699999999997,0.06249149750931073,False,2026-02-10 07:27:00,0.1,-21.689999999999237,2026-02-10 07:53:00,-0.32,1,-0.010224948875255624,0.09369382929024796,0.03432835388885739,0.38202247191011235,0.05499483338012719,1.0,0.6465769273990599
2026-02-10,8,480,-1,5019.11,5045.55,5019.11,26.44000000000051,345.48699999999997,0.07652965234582057,False,2026-02-10 09:00:00,0.1,-26.54000000000051,2026-02-10 10:41:00,-0.3225806451612903,1,-0.04325259515570934,0.09369382929024796,0.027179025549442754,0.38202247191011235,0.05499483338012719,1.0,1.120657100302139
2026-02-11,2,173,1,5049.56,5049.56,5028.34,21.220000000000255,336.383,0.06308285495997198,False,2026-02-11 03:53:00,0.1,-21.320000000000256,2026-02-11 15:30:00,0.0,1,0.0967741935483871,0.0369221988031502,0.029906386470185474,0.26666666666666666,0.008918405508007243,1.0,-0.6415549787771575
2026-02-11,3,181,1,5053.02,5053.02,5030.81,22.210000000000036,336.383,0.06602592877761372,False,2026-02-11 04:01:00,0.1,-22.310000000000038,2026-02-11 15:30:00,0.0,2,0.13580246913580246,0.0369221988031502,0.04019228082275394,0.13333333333333333,0.008918405508007243,1.0,-1.0838804118621466
2026-02-11,4,263,1,5057.82,5057.82,5032.7,25.11999999999989,336.383,0.07467678212038031,False,2026-02-11 05:23:00,0.1,-25.219999999999892,2026-02-11 15:30:00,-0.11764705882352941,0,0.10504201680672269,0.04286780247515503,0.04851612596355853,0.12121212121212122,0.008918405508007243,1.0,-1.6195542393575186
2026-02-11,7,479,1,5063.95,5063.95,5043.63,20.31999999999971,336.383,0.06040733330756819,False,2026-02-11 08:59:00,0.1,-20.41999999999971,2026-02-11 15:30:00,0.0,0,-0.4243243243243243,0.078541424507184,0.031065779186224687,0.10256410256410256,0.008918405508007243,1.0,-1.7055512463881066
2026-02-11,8,480,1,5064.6,5064.6,5049.51,15.090000000000146,336.383,0.04485957970527686,False,2026-02-11 09:00:00,0.1,-15.190000000000145,2026-02-11 09:48:00,0.0,0,-0.4166666666666667,0.078541424507184,0.03299810037962788,0.1,0.008918405508007243,1.0,-1.6433227324562516
2026-02-11,10,635,1,5060.51,5060.51,5045.96,14.550000000000182,336.383,0.043254266713835664,False,2026-02-11 11:35:00,0.1,-14.650000000000182,2026-02-11 15:30:00,0.0,2,-0.267515923566879,0.078541424507184,0.02083934087037757,0.13333333333333333,0.008918405508007243,1.0,0.2074177451505169
2026-02-12,2,124,-1,5049.92,5067.67,5049.92,17.75,320.37299999999993,0.055404169514909195,False,2026-02-12 03:04:00,0.1,-17.85,2026-02-12 04:00:00,0.25,5,-0.02112676056338028,0.06754626638324807,0.042388091380983824,0.6274509803921569,0.08739812655873,1.0,-0.66189258029195
2026-02-12,5,301,-1,5055.01,5074.72,5055.01,19.710000000000036,320.37299999999993,0.061522038374020406,False,2026-02-12 06:01:00,0.1,-19.810000000000038,2026-02-12 07:06:00,0.3,4,0.10069444444444445,0.06754626638324807,0.02650036051727138,0.4727272727272727,0.07803404157029464,1.0,0.9895336358380373
2026-02-12,7,428,-1,5064.71,5078.32,5064.71,13.609999999999673,320.37299999999993,0.04248173223086738,False,2026-02-12 08:08:00,0.1,-13.709999999999672,2026-02-12 11:50:00,0.14285714285714285,0,0.20212765957446807,0.06130354305762449,0.002465875713621197,0.4,0.06554859491904749,1.0,1.9066897473513833
2026-02-13,2,121,1,4948.56,4948.56,4913.69,34.8700000000008,292.91700000000003,0.11904396125865278,False,2026-02-13 03:01:00,0.1,94.65,2026-02-13 23:56:00,-0.5,1,0.3015075376884422,-0.03922612890340875,0.10262292731388208,0.3114754098360656,0.06145085467897049,1.0,-1.3402480567265482
2026-02-13,3,210,1,4988.61,4988.61,4927.36,61.25,292.91700000000003,0.20910360272705236,False,2026-02-13 04:30:00,0.1,54.600000000000726,2026-02-13 23:56:00,0.15384615384615385,1,-0.06779661016949153,0.02905259851766957,0.1710723515535106,0.32673267326732675,0.06145085467897049,1.0,-1.1940326911249628
2026-02-13,4,316,1,4991.42,4991.42,4972.25,19.170000000000073,292.91700000000003,0.06544516023310382,False,2026-02-13 06:16:00,0.1,-19.270000000000074,2026-02-13 07:19:00,0.19047619047619047,1,-0.3769230769230769,0.15878218061771837,0.05093593065612467,0.3173076923076923,0.06145085467897049,1.0,-0.9832650096542089
2026-02-13,5,315,1,4989.36,4989.36,4973.85,15.509999999999309,292.91700000000003,0.05295015311504388,False,2026-02-13 06:15:00,0.1,-15.609999999999308,2026-02-13 06:49:00,0.1,0,-0.3948051948051948,0.15878218061771837,0.04390322173175224,0.3173076923076923,0.06145085467897049,1.0,-0.2534370860814212
2026-02-13,7,546,1,4986.5,4986.5,4945.04,41.460000000000036,292.91700000000003,0.14154180194389548,False,2026-02-13 10:06:00,0.1,-41.56000000000004,2026-02-13 13:00:00,0.16666666666666666,9,-0.41935483870967744,0.15878218061771837,0.03413936371053916,0.21818181818181817,0.06145085467897049,1.0,0.7588087460385347
2026-02-13,8,497,1,4968.78,4968.78,4946.22,22.55999999999949,292.91700000000003,0.07701840453097461,False,2026-02-13 09:17:00,0.1,-22.659999999999492,2026-02-13 13:00:00,0.06060606060606061,6,-0.4290718038528897,0.15878218061771837,-0.0263555887845371,0.21818181818181817,0.06145085467897049,1.0,0.21844914651870398
2026-02-13,9,546,1,4982.79,4982.79,4951.22,31.56999999999971,292.91700000000003,0.10777797123417113,False,2026-02-13 10:06:00,0.1,-31.66999999999971,2026-02-13 12:58:00,0.16666666666666666,9,-0.41935483870967744,0.15878218061771837,0.021473659773929007,0.21818181818181817,0.06145085467897049,1.0,1.8867676928525727
2026-02-17,2,123,-1,4932.22,4991.41,4932.22,59.1899999999996,193.079,0.306558455347291,True,2026-02-17 03:03:00,0.1,53.97000000000062,2026-02-17 23:57:00,1.0,7,0.40441176470588236,0.03578845964605086,0.29148690432413543,0.391304347826087,0.0051792271557238225,2.0,0.0265981905622319
2026-02-17,3,188,1,4963.93,4963.93,4922.97,40.960000000000036,193.079,0.21214114429844796,False,2026-02-17 04:08:00,0.1,-41.06000000000004,2026-02-17 07:15:00,-0.6666666666666666,0,0.14795918367346939,-0.19116527431776553,0.028123203455581863,0.22784810126582278,0.05179227155723823,1.0,0.42158407901721945
2026-02-17,8,501,1,4914.33,4914.33,4886.84,27.48999999999978,193.079,0.14237695451084675,False,2026-02-17 09:21:00,0.1,-27.589999999999783,2026-02-17 15:57:00,-0.30303030303030304,4,-0.44508670520231214,-0.1808068200063179,-0.23912491777976927,0.176056338028169,0.07250918018013351,1.0,-0.6610074449959225
2026-02-17,9,541,1,4922.21,4922.21,4904.04,18.170000000000073,193.079,0.09410655741950223,False,2026-02-17 10:01:00,0.1,-18.270000000000074,2026-02-17 15:56:00,-0.16666666666666666,2,-0.4810810810810811,-0.1808068200063179,-0.198312607792665,0.1267605633802817,0.07250918018013351,1.0,-0.36705688520639873
2026-02-18,2,122,1,4882.65,4882.65,4858.44,24.210000000000036,175.39800000000005,0.13802893989669227,False,2026-02-18 03:02:00,0.1,93.61000000000004,2026-02-18 23:57:00,0.5,5,0.22916666666666666,-0.0557589026100625,0.07497234860146429,0.16129032258064516,0.02280527714113045,1.0,0.1752445715796723
2026-02-18,3,183,1,4892.74,4892.74,4874.57,18.170000000000073,175.39800000000005,0.10359297141358549,False,2026-02-18 04:03:00,0.1,83.5199999999999,2026-02-18 23:57:00,0.8333333333333334,1,0.2198952879581152,-0.03865494475421466,0.11539470233411883,0.10256410256410256,0.02280527714113045,3.0,-1.0658797229452481
2026-02-18,4,240,1,4907.41,4907.41,4886.64,20.769999999999527,175.39800000000005,0.11841640155531717,False,2026-02-18 05:00:00,0.1,68.84999999999982,2026-02-18 23:57:00,1.2,4,-0.19369369369369369,0.012656928813328852,0.14772118268167167,0.12962962962962962,0.02280527714113045,1.0,-1.5507765709677857
2026-02-18,5,305,1,4922.16,4922.16,4904.33,17.829999999999927,175.39800000000005,0.10165452285658858,False,2026-02-18 06:05:00,0.1,54.09999999999982,2026-02-18 23:57:00,1.3,9,-0.12355212355212356,0.024059567383894077,0.220413003569025,0.15942028985507245,0.02280527714113045,1.0,-1.395099095426164
2026-02-18,6,494,1,4940.42,4940.42,4918.36,22.0600000000004,175.39800000000005,0.12577110343333672,False,2026-02-18 09:14:00,0.1,-22.1600000000004,2026-02-18 10:59:00,1.0625,0,-0.6383561643835617,0.29772289307745947,0.05085576802472132,0.13793103448275862,0.02280527714113045,1.0,-1.3752605524533001
2026-02-18,8,486,1,4936.14,4936.14,4925.28,10.860000000000582,175.39800000000005,0.06191632743817249,False,2026-02-18 09:06:00,0.1,-10.960000000000582,2026-02-18 10:19:00,1.0,0,-0.6565096952908587,0.29772289307745947,0.026454121483713188,0.13793103448275862,0.02280527714113045,1.0,1.2409621180672241
2026-02-19,8,480,1,5020.01,5020.01,4996.69,23.32000000000062,167.304,0.13938698417252796,True,2026-02-19 09:00:00,0.1,-23.42000000000062,2026-02-19 11:36:00,0.7096774193548387,8,0.275,-0.03239611724764544,0.28995122650982774,0.2786885245901639,0.0,1.0,-0.9405640798279647
2026-02-19,9,541,-1,5008.96,5021.72,5008.96,12.760000000000218,167.304,0.07626834983025044,False,2026-02-19 10:01:00,0.1,-12.860000000000218,2026-02-19 10:45:00,-0.5555555555555556,2,-0.34935897435897434,0.03239611724764544,-0.22390379189977547,0.11290322580645161,0.00597714340362454,2.0,-0.8661111759234713
2026-02-19,10,628,-1,5006.48,5021.93,5006.48,15.450000000000728,167.304,0.09234686558600348,False,2026-02-19 11:28:00,0.1,-15.550000000000727,2026-02-19 17:34:00,-0.5853658536585366,0,-0.4423076923076923,0.03239611724764544,-0.2090804762587838,0.06451612903225806,0.0,2.0,-0.8372786211635079
2026-02-20,2,120,1,5006.93,5006.93,4985.49,21.44000000000051,147.06000000000003,0.14579083367333404,True,2026-02-20 03:00:00,0.1,-21.54000000000051,2026-02-20 05:42:00,-0.5714285714285714,1,-0.11578947368421053,-0.004623963008297912,0.07092343261254107,0.08333333333333333,0.0,1.0,-0.9845226117510495
2026-02-20,3,181,-1,4995.43,5014.81,4995.43,19.38000000000011,147.06000000000003,0.13178294573643481,False,2026-02-20 04:01:00,0.1,-19.48000000000011,2026-02-20 08:01:00,0.5,4,-0.18571428571428572,0.004623963008297912,0.00727594179246368,0.03333333333333333,0.0067999456004351954,2.0,1.906925177809366
2026-02-20,4,245,-1,4992.94,5007.54,4992.94,14.600000000000364,147.06000000000003,0.09927920576635632,False,2026-02-20 05:05:00,0.1,-14.700000000000363,2026-02-20 07:50:00,0.375,2,-0.2011173184357542,0.004623963008297912,0.024207806337552016,0.03333333333333333,0.0067999456004351954,2.0,-0.23152631859796757
2026-02-20,8,503,-1,5011.92,5030.03,5011.92,18.109999999999673,147.06000000000003,0.12314701482387916,False,2026-02-20 09:23:00,0.1,-18.209999999999674,2026-02-20 10:54:00,-0.0,2,0.011396011396011397,-0.015775873793007673,-0.08445532435740562,0.1,0.0067999456004351954,1.0,-0.5609972721851229
2026-02-20,9,550,-1,5006.14,5028.19,5006.14,22.049999999999272,147.06000000000003,0.1499388004895911,False,2026-02-20 10:10:00,0.1,-22.149999999999274,2026-02-20 10:51:00,-0.0,0,-0.07552083333333333,-0.015775873793007673,-0.04515163878689192,0.1,0.0067999456004351954,1.0,0.258388776752766
2026-02-20,10,603,1,5030.9,5030.9,5005.1,25.799999999999272,147.06000000000003,0.1754385964912231,True,2026-02-20 11:03:00,0.1,-25.899999999999274,2026-02-20 17:06:00,0.1,4,0.1486810551558753,0.015775873793007673,0.21351829185366264,0.08,0.027199782401740782,3.0,-1.1206919237434485
2026-02-24,2,120,-1,5218.03,5238.21,5218.03,20.18000000000029,129.77000000000007,0.15550589504508192,False,2026-02-24 03:00:00,0.1,73.07000000000008,2026-02-24 23:57:00,0.5714285714285714,2,0.025,-0.05301687601140561,0.12691685289358284,0.09375,0.0,1.0,-2.0426487184303292
2026-02-24,4,246,1,5190.9,5190.9,5165.69,25.210000000000036,129.77000000000007,0.19426677968713896,True,2026-02-24 05:06:00,0.1,-25.310000000000038,2026-02-24 06:01:00,-0.125,3,0.4948805460750853,-0.4093396008322406,0.12637743700392717,0.4095238095238095,0.12329506049163899,2.0,0.1205122196551702
2026-02-24,5,300,-1,5171.25,5191.86,5171.25,20.609999999999673,129.77000000000007,0.15881944979578996,False,2026-02-24 06:00:00,0.1,26.290000000000326,2026-02-24 23:57:00,0.3157894736842105,3,-0.01834862385321101,0.3014564229020565,0.13292748709254829,0.4,0.0,1.0,1.383778051232417
2026-02-24,7,455,-1,5164.39,5185.81,5164.39,21.420000000000073,129.77000000000007,0.16506126223318227,False,2026-02-24 08:35:00,0.1,19.430000000000653,2026-02-24 23:57:00,0.3333333333333333,3,-0.39461883408071746,0.4247514833936955,0.06249518378669699,0.4,0.0,1.0,1.211557677555081
2026-02-24,9,696,-1,5164.24,5183.86,5164.24,19.61999999999989,129.77000000000007,0.15119056792787147,False,2026-02-24 12:36:00,0.1,19.280000000000108,2026-02-24 23:57:00,0.21739130434782608,1,-0.3235294117647059,0.4247514833936955,0.06365107497881031,0.3523809523809524,0.0,1.0,0.5853251150730198
2026-02-24,10,696,-1,5165.14,5182.04,5165.14,16.899999999999636,129.77000000000007,0.1302304076442909,False,2026-02-24 12:36:00,0.1,20.180000000000653,2026-02-24 23:57:00,0.21739130434782608,1,-0.3235294117647059,0.4247514833936955,0.05671572782615141,0.3523809523809524,0.0,1.0,1.0062781087899175
2026-02-25,2,123,1,5156.37,5156.37,5137.17,19.199999999999818,136.28600000000006,0.1408802077983051,False,2026-02-25 03:03:00,0.1,12.700000000000182,2026-02-25 23:57:00,0.75,4,-0.10852713178294573,0.004989507359525489,0.08709625346697303,0.2222222222222222,0.051362575759799224,1.0,-1.3555353545732598
2026-02-25,3,195,1,5189.99,5189.99,5144.28,45.710000000000036,136.28600000000006,0.3353976197114892,False,2026-02-25 04:15:00,0.1,-20.91999999999971,2026-02-25 23:57:00,1.0,1,0.16585365853658537,0.01966452900518241,0.31910834568480817,0.3333333333333333,0.051362575759799224,2.0,-0.5488853864374885
2026-02-25,4,378,1,5193.91,5193.91,5166.64,27.269999999999527,136.28600000000006,0.20009392013852864,False,2026-02-25 07:18:00,0.1,-27.36999999999953,2026-02-25 13:10:00,0.48,2,-0.3951367781155015,0.283814918627007,0.08372099848847167,0.2328767123287671,0.051362575759799224,1.0,-0.9353037480628981
2026-02-25,6,362,1,5185.23,5185.23,5172.93,12.299999999999272,136.28600000000006,0.09025138312078472,False,2026-02-25 07:02:00,0.1,-12.399999999999272,2026-02-25 12:25:00,0.3333333333333333,1,-0.4479495268138801,0.283814918627007,0.020031404546318493,0.2602739726027397,0.051362575759799224,1.0,2.087361759027149
2026-02-25,7,428,-1,5182.78,5210.62,5182.78,27.840000000000146,136.28600000000006,0.2042763013075454,True,2026-02-25 08:08:00,0.1,-27.940000000000147,2026-02-25 18:46:00,-0.5,1,0.23387096774193547,-0.283814918627007,-0.0020545030303901002,0.24444444444444444,0.04402506493697076,1.0,3.0211097435987524
2026-02-25,8,533,-1,5182.44,5201.83,5182.44,19.390000000000327,136.28600000000006,0.14227433485464624,True,2026-02-25 09:53:00,0.1,-19.49000000000033,2026-02-25 17:06:00,-0.2857142857142857,3,0.2383177570093458,-0.2984899402726639,0.015115272295029566,0.24444444444444444,0.04402506493697076,1.0,2.69152209710086
2026-02-25,9,574,1,5195.16,5195.16,5180.5,14.659999999999854,136.28600000000006,0.10756790866266416,False,2026-02-25 10:34:00,0.1,-14.759999999999854,2026-02-25 11:03:00,0.42105263157894735,3,-0.1951219512195122,0.2984899402726639,0.07821786537135032,0.24444444444444444,0.051362575759799224,1.0,-0.002209983876792364
2026-02-26,2,120,1,5192.09,5192.09,5155.68,36.409999999999854,135.8800000000001,0.26795702090079354,True,2026-02-26 03:00:00,0.1,-36.509999999999856,2026-02-26 16:30:00,0.2857142857142857,3,0.2231404958677686,0.02487488960847885,0.16624963202826118,0.18421052631578946,0.029437739181630826,1.0,-1.3621207771051078
2026-02-26,3,214,-1,5178.59,5198.47,5178.59,19.88000000000011,135.8800000000001,0.146305563732706,False,2026-02-26 04:34:00,0.1,-19.98000000000011,2026-02-26 06:12:00,0.2857142857142857,2,0.10952380952380952,-0.12054754194877904,0.02877539005004306,0.1590909090909091,0.02207830438622312,1.0,0.5151508660338171
2026-02-26,4,307,1,5195.65,5195.65,5174.3,21.349999999999454,135.8800000000001,0.15712393288195053,True,2026-02-26 06:07:00,0.1,-21.449999999999456,2026-02-26 10:33:00,0.2,1,-0.3436293436293436,0.14998528113040988,0.06733882837797783,0.1590909090909091,0.029437739181630826,1.0,-0.5382466045364667
2026-02-26,6,363,-1,5190.47,5199.27,5190.47,8.800000000000182,135.8800000000001,0.06476302619958915,False,2026-02-26 07:03:00,0.1,-8.900000000000182,2026-02-26 07:13:00,-0.08333333333333333,0,0.22105263157894736,-0.14998528113040988,-0.02921695613777047,0.1111111111111111,0.0073594347954077065,1.0,0.9926439537973665
2026-02-26,7,482,-1,5190.21,5205.5,5190.21,15.289999999999964,135.8800000000001,0.11252575802178356,False,2026-02-26 09:02:00,0.1,5.2100000000004005,2026-02-26 23:57:00,0.15625,2,0.4326647564469914,-0.1941418899028561,0.01685310568148338,0.11764705882352941,0.014718869590815413,1.0,1.1700103248433882
2026-02-26,8,482,-1,5190.47,5199.62,5190.47,9.149999999999636,135.8800000000001,0.06733882837797783,False,2026-02-26 09:02:00,0.1,-9.249999999999636,2026-02-26 22:45:00,0.15625,2,0.4326647564469914,-0.1941418899028561,0.014939652634675771,0.11764705882352941,0.014718869590815413,1.0,1.1700103248433882
2026-02-26,9,547,-1,5179.73,5194.81,5179.73,15.080000000000837,135.8800000000001,0.11098027671475437,False,2026-02-26 10:07:00,0.1,-15.180000000000836,2026-02-26 22:05:00,0.3055555555555556,6,0.02557544757033248,-0.14998528113040988,0.04982337356491339,0.11764705882352941,0.014718869590815413,1.0,0.24706536102116064
2026-02-26,10,717,-1,5167.92,5190.86,5167.92,22.9399999999996,135.8800000000001,0.16882543420664986,False,2026-02-26 12:57:00,0.1,-23.0399999999996,2026-02-26 17:53:00,0.23404255319148937,3,0.1709741550695825,-0.14998528113040988,0.13673829849867467,0.11764705882352941,0.014718869590815413,1.0,-0.42298766527235776
2026-02-27,2,122,-1,5170.37,5194.99,5170.37,24.61999999999989,121.25300000000007,0.20304652256026554,False,2026-02-27 03:02:00,0.1,-24.719999999999892,2026-02-27 04:00:00,0.25,3,0.32967032967032966,-0.010061606723134718,0.12478041780409639,0.2,0.041236093127592695,2.0,-0.865510677930762
2026-02-27,3,180,1,5194.48,5194.48,5167.03,27.449999999999818,121.25300000000007,0.2263861512704824,True,2026-02-27 04:00:00,0.1,85.61000000000004,2026-02-27 23:56:00,0.36363636363636365,1,-0.3076923076923077,0.010061606723134718,0.07406002325715288,0.10714285714285714,0.024741655876555618,2.0,-1.1556858374703194
2026-02-27,4,418,1,5199.7,5199.7,5173.64,26.05999999999949,121.25300000000007,0.21492251738100893,True,2026-02-27 07:58:00,0.1,-26.159999999999492,2026-02-27 11:48:00,0.4444444444444444,4,-0.07692307692307693,0.010061606723134718,0.11711050448236175,0.12121212121212122,0.024741655876555618,1.0,-1.2315513252288806
2026-02-27,5,359,-1,5181.2,5190.63,5181.2,9.430000000000291,121.25300000000007,0.07777127163864223,False,2026-02-27 06:59:00,0.1,-9.53000000000029,2026-02-27 07:25:00,-0.17391304347826086,2,0.18584070796460178,-0.010061606723134718,0.03546304008973122,0.21212121212121213,0.032988874502074154,1.0,0.7802500491801979
2026-02-27,7,494,-1,5181.5,5200.49,5181.5,18.98999999999978,121.25300000000007,0.15661468169859524,False,2026-02-27 09:14:00,0.1,-19.089999999999783,2026-02-27 15:07:00,-0.1875,3,-0.040268456375838924,-0.010061606723134718,0.032988874502074154,0.11764705882352941,0.008247218625518539,1.0,0.7122780272375198
2026-02-27,8,480,-1,5185.2,5199.25,5185.2,14.050000000000182,121.25300000000007,0.11587342168853697,False,2026-02-27 09:00:00,0.1,-14.150000000000182,2026-02-27 15:07:00,-0.25806451612903225,2,-0.03436426116838488,-0.010061606723134718,0.002474165587657062,0.11764705882352941,0.008247218625518539,1.0,2.211147042104316
2026-02-27,9,564,-1,5175.7,5189.71,5175.7,14.010000000000218,121.25300000000007,0.11554353294351653,False,2026-02-27 10:24:00,0.1,-14.110000000000218,2026-02-27 14:07:00,-0.05405405405405406,8,0.0744047619047619,-0.010061606723134718,0.08082274253008319,0.11764705882352941,0.008247218625518539,1.0,0.018169059270128678
2026-03-03,2,123,1,5362.06,5362.06,5337.03,25.030000000000655,124.13199999999998,0.2016401894757247,True,2026-03-03 03:03:00,0.1,-25.130000000000656,2026-03-03 04:00:00,0.5,1,-0.2536231884057971,0.26657106950665543,0.1092385525086231,0.3125,0.11278316630683469,1.0,-1.3452328690357422
2026-03-03,3,180,-1,5338.27,5379.89,5338.27,41.61999999999989,124.13199999999998,0.33528824154931763,False,2026-03-03 04:00:00,0.1,247.86000000000004,2026-03-03 23:57:00,-0.18181818181818182,2,-0.05825242718446602,-0.26657106950665543,0.08241227080849069,0.23076923076923078,0.008055940450488191,1.0,1.1774677863440133
2026-03-03,4,240,1,5368.11,5368.11,5333.06,35.04999999999927,124.13199999999998,0.28236071278960523,True,2026-03-03 05:00:00,0.1,-35.149999999999274,2026-03-03 07:48:00,0.4,3,0.12686567164179105,0.26657106950665543,0.1579769922340708,0.23076923076923078,0.11278316630683469,1.0,-0.05222403858854838
2026-03-03,6,360,-1,5359.43,5375.65,5359.43,16.219999999999345,124.13199999999998,0.13066735410691319,False,2026-03-03 07:00:00,0.1,269.01999999999987,2026-03-03 23:57:00,-0.2608695652173913,2,0.46551724137931033,-0.4035220571649547,0.04889955853446098,0.23076923076923078,0.008055940450488191,1.0,1.4376714967081374
2026-03-03,7,428,-1,5305.16,5367.23,5305.16,62.06999999999971,124.13199999999998,0.5000322237617997,False,2026-03-03 08:08:00,0.1,214.74999999999946,2026-03-03 23:57:00,0.07142857142857142,7,0.2888402625820569,-0.35518641446202553,0.4377598040795295,0.06666666666666667,0.008055940450488191,1.0,-1.3960213010727598
2026-03-03,8,518,1,5323.04,5323.04,5279.61,43.43000000000029,124.13199999999998,0.3498694937647045,True,2026-03-03 09:38:00,0.1,-43.53000000000029,2026-03-03 11:25:00,0.0,3,-0.46102819237147596,0.35518641446202553,-0.29371958882479976,0.09900990099009901,0.07250346405439373,1.0,-0.891610189910728
2026-03-03,9,542,1,5331.18,5331.18,5306.08,25.100000000000364,124.13199999999998,0.20220410530725655,True,2026-03-03 10:02:00,0.1,-25.200000000000365,2026-03-03 10:32:00,0.05555555555555555,5,-0.48,0.35518641446202553,-0.22814423355782323,0.09900990099009901,0.07250346405439373,1.0,-0.05909690619531722
2026-03-03,10,604,-1,5290.34,5335.98,5290.34,45.63999999999942,124.13199999999998,0.36767312216027637,False,2026-03-03 11:04:00,0.1,199.92999999999975,2026-03-03 23:57:00,0.1,4,0.5383522727272727,-0.35518641446202553,0.5571488415557622,0.09900990099009901,0.008055940450488191,1.0,-0.9649944574175712
2026-03-04,2,120,1,5140.37,5140.37,5106.03,34.340000000000146,146.6419999999999,0.23417574773939367,False,2026-03-04 03:00:00,0.1,-1.219999999999891,2026-03-04 23:57:00,1.4285714285714286,3,-0.10948905109489052,0.1414328773475525,0.12186140396339318,0.43859649122807015,0.15002523151620964,1.0,-0.808617258612612
2026-03-04,3,189,1,5178.64,5178.64,5138.7,39.94000000000051,146.6419999999999,0.2723639884889768,False,2026-03-04 04:09:00,0.1,-40.04000000000051,2026-03-04 08:06:00,1.1666666666666667,2,0.05128205128205128,0.18234884957924605,0.34192114128285456,0.28421052631578947,0.15002523151620964,1.0,-1.0196360962009035
2026-03-04,4,242,-1,5154.14,5190.74,5154.14,36.599999999999454,146.6419999999999,0.24958743061332686,True,2026-03-04 05:02:00,0.1,-36.699999999999456,2026-03-04 12:08:00,-0.875,1,-0.2861736334405145,-0.18234884957924605,-0.17484758800343927,0.22429906542056074,0.006819328705282257,1.0,0.6819868081473182
2026-03-04,5,300,1,5177.64,5177.64,5141.36,36.280000000000655,146.6419999999999,0.24740524542764472,False,2026-03-04 06:00:00,0.1,-36.380000000000656,2026-03-04 08:06:00,0.8421052631578947,3,-0.22074468085106383,0.39374803944299597,0.12370262271382236,0.21495327102803738,0.15002523151620964,1.0,1.1312493468488596
2026-03-04,6,421,-1,5152.18,5180.89,5152.18,28.710000000000036,146.6419999999999,0.19578292712865383,True,2026-03-04 08:01:00,0.1,-28.810000000000038,2026-03-04 10:49:00,-0.5,1,0.1075050709939148,-0.39374803944299597,0.04991748612266413,0.21495327102803738,0.006819328705282257,1.0,0.5811491645735245
2026-03-04,8,480,1,5160.8,5160.8,5122.4,38.400000000000546,146.6419999999999,0.26186222228284234,False,2026-03-04 09:00:00,0.1,-38.50000000000055,2026-03-04 19:23:00,0.5806451612903226,3,-0.2453151618398637,0.39374803944299597,0.008865127316868173,0.21495327102803738,0.15002523151620964,1.0,2.6613851461684237
2026-03-04,10,639,1,5182.13,5182.13,5147.74,34.39000000000033,146.6419999999999,0.23451671417465902,False,2026-03-04 11:39:00,0.1,-34.49000000000033,2026-03-04 16:48:00,0.6190476190476191,2,-0.2440318302387268,0.421025354264125,0.12704409377940917,0.21495327102803738,0.15002523151620964,1.0,-0.6324423764984309
2026-03-05,2,126,1,5179.86,5179.86,5159.5,20.359999999999673,143.11499999999995,0.14226321489710847,True,2026-03-05 03:06:00,0.1,-20.459999999999674,2026-03-05 07:51:00,1.0,1,-0.29591836734693877,0.16895503615973378,0.06540194948118419,0.1388888888888889,0.013974775530168052,1.0,-1.5366129496284824
2026-03-05,3,203,1,5186.49,5186.49,5167.66,18.829999999999927,143.11499999999995,0.1315725116165317,True,2026-03-05 04:23:00,0.1,-18.92999999999993,2026-03-05 06:53:00,0.9230769230769231,3,-0.03048780487804878,0.18292981168990183,0.09775355483352399,0.09302325581395349,0.013974775530168052,2.0,-0.7369649245661195
2026-03-05,4,240,1,5192.49,5192.49,5171.68,20.80999999999949,143.11499999999995,0.145407539391395,True,2026-03-05 05:00:00,0.1,-20.909999999999492,2026-03-05 06:48:00,0.6666666666666666,0,-0.23115577889447236,0.21087936275023794,0.11172833036369205,0.16326530612244897,0.013974775530168052,1.0,-1.0521200532924406
2026-03-05,5,300,-1,5178.46,5194.94,5178.46,16.479999999999563,143.11499999999995,0.11515215036858169,False,2026-03-05 06:00:00,0.1,95.05999999999986,2026-03-05 23:57:00,-0.5263157894736842,0,0.012396694214876033,-0.21087936275023794,-0.013695280019564944,0.11764705882352941,0.013974775530168052,1.0,1.706348849644219
2026-03-05,6,393,-1,5166.4,5186.68,5166.4,20.280000000000655,143.11499999999995,0.1417042238759086,False,2026-03-05 07:33:00,0.1,82.99999999999946,2026-03-05 23:57:00,-0.15384615384615385,2,-0.1503267973856209,-0.19690458722006987,0.05659784089718315,0.11764705882352941,0.013974775530168052,1.0,-0.4298634767181562
2026-03-05,7,420,-1,5148.37,5176.88,5148.37,28.51000000000022,143.11499999999995,0.19921042518254709,False,2026-03-05 08:00:00,0.1,-28.61000000000022,2026-03-05 11:08:00,-0.07407407407407407,3,-0.050746268656716415,-0.19690458722006987,0.18258044230164636,0.0784313725490196,0.013974775530168052,1.0,-0.5943626088372782
2026-03-05,8,480,1,5168.85,5168.85,5120.84,48.01000000000022,143.11499999999995,0.3354644866016856,True,2026-03-05 09:00:00,0.1,-48.11000000000022,2026-03-05 15:20:00,0.12903225806451613,3,-0.17757009345794392,0.19690458722006987,-0.039478740872722205,0.08,0.027949551060336104,1.0,0.5650257473743031
2026-03-05,9,541,-1,5159.02,5172.69,5159.02,13.669999999999163,143.11499999999995,0.09551759074869279,False,2026-03-05 10:01:00,0.1,-13.769999999999163,2026-03-05 11:06:00,-0.0,4,0.24946695095948826,-0.19690458722006987,0.10816476260349767,0.08,0.013974775530168052,1.0,0.1739298192380216
2026-03-05,10,606,1,5170.19,5170.19,5137.63,32.55999999999949,143.11499999999995,0.22750934563113231,True,2026-03-05 11:06:00,0.1,-32.65999999999949,2026-03-05 15:17:00,0.0,3,-0.34572490706319703,0.19690458722006987,-0.030115641267514946,0.08,0.027949551060336104,1.0,1.3131000127782153
2026-03-06,4,259,1,5138.61,5138.61,5122.2,16.409999999999854,151.33999999999986,0.10843134663671118,False,2026-03-06 05:19:00,0.1,-16.509999999999856,2026-03-06 07:31:00,0.35294117647058826,3,0.22743682310469315,0.03330249768732634,0.33110876172855636,0.3717948717948718,0.05286110744020092,1.0,-0.5672754509249107
2026-03-06,9,540,1,5120.8,5120.8,5105.79,15.010000000000218,151.33999999999986,0.09918065283467842,False,2026-03-06 10:00:00,0.1,-15.110000000000218,2026-03-06 10:25:00,0.0,1,-0.5896860986547086,0.3042156733183561,-0.0574864543412173,0.16666666666666666,0.05286110744020092,1.0,0.9260300561868955
2026-03-06,10,613,-1,5096.39,5123.07,5096.39,26.67999999999938,151.33999999999986,0.176291793313066,True,2026-03-06 11:13:00,0.1,-26.779999999999383,2026-03-06 15:31:00,0.1,1,0.6432748538011696,-0.3042156733183561,0.2187789084181294,0.1282051282051282,0.01321527686005023,1.0,-0.4569208363337662
2026-03-10,2,120,-1,5135.73,5156.07,5135.73,20.340000000000146,154.38799999999983,0.13174599062103381,True,2026-03-10 03:00:00,0.1,-20.440000000000147,2026-03-10 04:20:00,-0.5714285714285714,2,-0.16417910447761194,0.010363499753869248,0.017941808948884884,0.15,0.012954374692333615,1.0,0.4009978037617796
2026-03-10,4,240,1,5186.17,5186.17,5124.71,61.460000000000036,154.38799999999983,0.3980879342954122,False,2026-03-10 05:00:00,0.1,6.500000000000364,2026-03-10 23:57:00,0.4,3,0.26277372262773724,-0.016840687100036056,0.315244708137939,0.3142857142857143,0.02590874938466723,1.0,-0.9991840060494834
2026-03-10,5,327,-1,5163.96,5187.0,5163.96,23.039999999999964,154.38799999999983,0.149234396455683,True,2026-03-10 06:27:00,0.1,-23.139999999999965,2026-03-10 11:30:00,-0.38095238095238093,2,-0.42450142450142453,0.016840687100036056,-0.17138637717957397,0.07042253521126761,0.006477187346166808,1.0,-0.821166761171747
2026-03-10,7,421,1,5166.58,5166.58,5154.41,12.170000000000073,154.38799999999983,0.07882737000285052,False,2026-03-10 08:01:00,0.1,26.090000000000508,2026-03-10 23:57:00,0.2857142857142857,4,-0.472636815920398,0.16452055859263456,0.006995362333859681,0.07042253521126761,0.02590874938466723,1.0,0.9127218900180982
2026-03-10,8,482,1,5179.31,5179.31,5163.89,15.420000000000073,154.38799999999983,0.09987822887789265,False,2026-03-10 09:02:00,0.1,-15.520000000000072,2026-03-10 10:22:00,0.3125,1,-0.34545454545454546,0.16452055859263456,0.0894499572505662,0.07042253521126761,0.02590874938466723,1.0,-0.07333965309494397
2026-03-10,10,600,1,5181.33,5181.33,5158.63,22.699999999999818,154.38799999999983,0.14703215275798534,False,2026-03-10 11:00:00,0.1,-22.79999999999982,2026-03-10 13:37:00,0.2564102564102564,2,-0.5475728155339806,0.216338057361969,0.05071637692048563,0.07042253521126761,0.02590874938466723,1.0,-0.3347757760754034
2026-03-11,3,180,1,5219.45,5219.45,5186.94,32.51000000000022,150.86799999999985,0.2154863854495337,True,2026-03-11 04:00:00,0.1,-32.61000000000022,2026-03-11 10:37:00,0.36363636363636365,3,-0.08148148148148149,0.048916934008538034,0.165376355489566,0.32432432432432434,0.013256621682530436,1.0,-0.8153653850920781
2026-03-11,4,240,-1,5208.62,5223.16,5208.62,14.539999999999964,150.86799999999985,0.09637563963199604,False,2026-03-11 05:00:00,0.1,31.32000000000007,2026-03-11 23:57:00,-0.13333333333333333,3,-0.18435754189944134,-0.048916934008538034,-0.09359174907866416,0.1951219512195122,0.0,1.0,-0.45496889952178593
2026-03-11,5,450,-1,5194.2,5220.52,5194.2,26.32000000000062,150.86799999999985,0.17445714134210466,False,2026-03-11 08:30:00,0.1,16.9,2026-03-11 23:57:00,0.13793103448275862,1,0.07692307692307693,-0.12182835326245543,0.07489991250629817,0.04878048780487805,0.0,1.0,1.0740507345363857
2026-03-11,6,450,-1,5199.41,5220.47,5199.41,21.0600000000004,150.86799999999985,0.13959222631704815,False,2026-03-11 08:30:00,0.1,22.110000000000035,2026-03-11 23:57:00,0.13793103448275862,1,0.07692307692307693,-0.12182835326245543,0.040366413023306146,0.04878048780487805,0.0,1.0,-0.9539266392263954
2026-03-11,7,450,-1,5199.57,5208.65,5199.57,9.079999999999927,150.86799999999985,0.0601850624386877,False,2026-03-11 08:30:00,0.1,-9.179999999999927,2026-03-11 09:13:00,0.13793103448275862,1,0.07692307692307693,-0.12182835326245543,0.03930588328870467,0.04878048780487805,0.0,1.0,-0.9539266392263954
2026-03-11,9,573,-1,5191.61,5210.8,5191.61,19.19000000000051,150.86799999999985,0.12719728504388292,False,2026-03-11 10:33:00,0.1,14.309999999999855,2026-03-11 23:57:00,0.10526315789473684,2,0.13659793814432988,-0.11520004242119022,0.08543892674391083,0.04878048780487805,0.0,1.0,0.5285797663765787
2026-03-11,10,626,-1,5184.68,5202.13,5184.68,17.449999999999818,150.86799999999985,0.11566402418007686,False,2026-03-11 11:26:00,0.1,7.380000000000473,2026-03-11 23:57:00,0.14634146341463414,1,-0.37995337995337997,-0.055545244849803256,0.07171832330248773,0.024390243902439025,0.0,1.0,-1.603494208998318
2026-03-12,2,120,-1,5133.1,5157.97,5133.1,24.86999999999989,148.64799999999977,0.1673080027985572,True,2026-03-12 03:00:00,0.1,-24.969999999999892,2026-03-12 03:37:00,0.8571428571428571,1,-0.02112676056338028,0.17168074915236314,0.13723696248856135,0.18181818181818182,0.04036381249663641,1.0,-0.5507427121358845
2026-03-12,3,181,1,5161.6,5161.6,5125.53,36.07000000000062,148.64799999999977,0.24265378612561672,False,2026-03-12 04:01:00,0.1,-36.17000000000062,2026-03-12 18:11:00,-0.3333333333333333,1,-0.07211538461538461,-0.17168074915236314,0.0544911468704616,0.1694915254237288,0.02690920833109094,1.0,0.22751448662610185
2026-03-12,4,244,1,5172.87,5172.87,5151.58,21.289999999999964,148.64799999999977,0.1432242613422313,False,2026-03-12 05:04:00,0.1,-21.389999999999965,2026-03-12 05:47:00,-0.125,3,0.03125,-0.16495344706959042,0.12358053926053442,0.1694915254237288,0.02690920833109094,1.0,-0.1316416378859258
2026-03-12,5,397,-1,5145.75,5175.2,5145.75,29.449999999999818,148.64799999999977,0.19811904633765584,True,2026-03-12 07:37:00,0.1,-29.54999999999982,2026-03-12 10:42:00,0.15384615384615385,1,-0.07941176470588235,0.17168074915236314,0.0521365911414887,0.1694915254237288,0.04036381249663641,1.0,-0.18039586202838354
2026-03-12,8,511,1,5157.73,5157.73,5137.26,20.469999999999345,148.64799999999977,0.1377078736343535,False,2026-03-12 09:31:00,0.1,-20.569999999999347,2026-03-12 18:01:00,-0.058823529411764705,1,-0.02669902912621359,-0.17168074915236314,0.028456487810125733,0.1694915254237288,0.02690920833109094,1.0,1.4707751257480246
2026-03-12,9,554,1,5170.28,5170.28,5147.32,22.960000000000036,148.64799999999977,0.15445885582046226,False,2026-03-12 10:14:00,0.1,-23.060000000000038,2026-03-12 16:56:00,0.0,0,0.027586206896551724,-0.17168074915236314,0.11288412894892479,0.1694915254237288,0.02690920833109094,1.0,0.2934613656154734
2026-03-12,10,600,1,5185.17,5185.17,5164.55,20.61999999999989,148.64799999999977,0.13871696894677307,False,2026-03-12 11:00:00,0.1,-20.719999999999892,2026-03-12 15:21:00,0.20512820512820512,3,0.08836206896551724,-0.17168074915236314,0.213053656961413,0.09836065573770492,0.02690920833109094,1.0,-1.2066625450738246
2026-03-13,2,120,1,5101.32,5101.32,5089.01,12.30999999999949,154.8039999999998,0.07951990904627468,False,2026-03-13 03:00:00,0.1,-12.40999999999949,2026-03-13 09:28:00,1.4285714285714286,7,-0.1282051282051282,0.0780341593240481,0.05697527195679517,0.3448275862068966,0.05167825120797919,1.0,-0.9915697061006323
2026-03-13,3,180,1,5115.34,5115.34,5097.42,17.920000000000073,154.8039999999998,0.11575928270587385,False,2026-03-13 04:00:00,0.1,-18.020000000000074,2026-03-13 09:21:00,1.6363636363636365,11,0.0,0.0909537221260429,0.13462184439678673,0.3488372093023256,0.05167825120797919,1.0,-0.9895836197443898
2026-03-13,4,240,1,5124.28,5124.28,5108.9,15.38000000000011,154.8039999999998,0.09935143794734069,False,2026-03-13 05:00:00,0.1,-15.480000000000109,2026-03-13 06:29:00,1.3333333333333333,0,0.20261437908496732,0.0974135035270403,0.18591250872070347,0.25,0.05167825120797919,1.0,-1.2637841824446443
2026-03-13,6,363,1,5116.78,5116.78,5106.4,10.38000000000011,154.8039999999998,0.0670525309423537,False,2026-03-13 07:03:00,0.1,-10.480000000000109,2026-03-13 07:24:00,0.5833333333333334,2,-0.4719626168224299,0.22660913154698828,0.008268520193275024,0.25,0.05167825120797919,1.0,1.9979579466718467
2026-03-13,9,540,-1,5085.86,5107.79,5085.86,21.93000000000029,154.8039999999998,0.14166300612387484,True,2026-03-13 10:00:00,0.1,-22.030000000000292,2026-03-13 14:59:00,-0.22857142857142856,3,-0.015625,-0.16201131753701428,0.126870106715591,0.21428571428571427,0.025839125603989595,1.0,-0.4789474719375885
2026-03-13,10,603,-1,5071.78,5094.22,5071.78,22.44000000000051,154.8039999999998,0.14495749463838492,True,2026-03-13 11:03:00,0.1,-22.54000000000051,2026-03-13 12:05:00,-0.05,2,-0.36103896103896105,-0.0780341593240481,0.13384667062866773,0.10344827586206896,0.025839125603989595,1.0,-1.6143670562912922
2026-03-17,2,145,-1,5002.07,5015.59,5002.07,13.520000000000437,146.44199999999992,0.09232324060037723,False,2026-03-17 03:25:00,0.1,-13.620000000000436,2026-03-17 04:31:00,-0.2222222222222222,2,-0.056179775280898875,0.00785293836467432,0.030250884309148286,0.05263157894736842,0.0068286420562407,2.0,0.6754290333511588
2026-03-17,3,180,-1,4998.33,5014.14,4998.33,15.8100000000004,146.44199999999992,0.10796083090916819,False,2026-03-17 04:00:00,0.1,-15.9100000000004,2026-03-17 04:16:00,0.36363636363636365,4,0.125,0.00785293836467432,0.05579000559948701,0.05263157894736842,0.0068286420562407,4.0,-0.7483776746378649
2026-03-17,4,242,1,5027.91,5027.91,4994.87,33.039999999999964,146.44199999999992,0.22561833353819247,True,2026-03-17 05:02:00,0.1,-33.139999999999965,2026-03-17 13:42:00,0.125,4,0.0736196319018405,-0.00785293836467432,0.14620122642411237,0.2647058823529412,0.0273145682249628,2.0,-0.8011530696494812
2026-03-17,8,480,-1,5020.16,5044.58,5020.16,24.420000000000073,146.44199999999992,0.16675543901339837,False,2026-03-17 09:00:00,0.1,16.629999999999562,2026-03-17 23:57:00,-0.1935483870967742,2,-0.48986486486486486,0.00785293836467432,-0.09327925048824696,0.13725490196078433,0.0204859261687221,1.0,-0.2724508110525562
2026-03-17,10,621,1,5028.07,5028.07,5009.0,19.06999999999971,146.44199999999992,0.13022220401250814,True,2026-03-17 11:21:00,0.1,-19.16999999999971,2026-03-17 13:00:00,0.24390243902439024,4,-0.255050505050505,0.10140533453517687,0.03803553625325871,0.13725490196078433,0.0273145682249628,1.0,0.5570594098404141
2026-03-18,2,123,1,5003.84,5003.84,4998.88,4.960000000000036,115.16299999999993,0.04306938860571572,False,2026-03-18 03:03:00,0.1,-5.060000000000036,2026-03-18 04:01:00,0.0,0,-0.1346153846153846,-0.038293549143386826,0.02031902607608474,0.2857142857142857,0.017366688953917502,1.0,1.224166478992313
2026-03-18,4,297,-1,4991.39,5015.86,4991.39,24.469999999999345,115.16299999999993,0.21248143935117494,True,2026-03-18 05:57:00,0.1,-24.569999999999347,2026-03-18 09:36:00,-0.0,0,-0.20481927710843373,0.038293549143386826,0.08778861266205013,0.04,0.0,1.0,-1.2005327218628072
2026-03-18,5,302,-1,4990.59,5007.03,4990.59,16.4399999999996,115.16299999999993,0.1427541832011984,True,2026-03-18 06:02:00,0.1,-16.5399999999996,2026-03-18 09:13:00,-0.0,1,-0.1695906432748538,0.038293549143386826,0.09473528824361871,0.0,0.0,2.0,-0.9984500481671988
2026-03-18,7,455,1,4993.59,4993.59,4981.91,11.680000000000291,115.16299999999993,0.10142146349088074,False,2026-03-18 08:35:00,0.11,-11.79000000000029,2026-03-18 11:45:00,0.13333333333333333,4,-0.17695473251028807,-0.038293549143386826,-0.06868525481274246,0.02857142857142857,0.008683344476958751,2.0,0.25794151620864925
2026-03-18,8,489,1,5002.62,5002.62,4984.75,17.86999999999989,115.16299999999993,0.15517136580325194,False,2026-03-18 09:09:00,0.1,-17.969999999999892,2026-03-18 11:21:00,0.1875,6,-0.22932330827067668,-0.038293549143386826,0.009725345814192854,0.02857142857142857,0.008683344476958751,2.0,1.9607663483157516
2026-03-18,9,588,-1,4996.43,5016.35,4996.43,19.920000000000073,115.16299999999993,0.17297222198101894,True,2026-03-18 10:48:00,0.1,177.68999999999997,2026-03-18 23:57:00,-0.15384615384615385,3,0.04984423676012461,0.038293549143386826,0.04402455649817834,0.05555555555555555,0.008683344476958751,1.0,0.4032782653351254
2026-03-18,10,607,-1,4990.42,5014.87,4990.42,24.449999999999818,115.16299999999993,0.21230777246163987,True,2026-03-18 11:07:00,0.1,171.67999999999975,2026-03-18 23:57:00,-0.15,4,0.08682634730538923,0.038293549143386826,0.09621145680470233,0.05555555555555555,0.008683344476958751,1.0,0.13736056392256404
2026-03-19,2,121,1,4842.61,4842.61,4828.31,14.299999999999272,123.96499999999996,0.115355140563863,False,2026-03-19 03:01:00,0.11,-14.409999999999272,2026-03-19 08:56:00,0.5,1,-0.5196850393700787,0.0835719759609541,0.05735489856007482,0.1282051282051282,0.032267172185697586,1.0,-1.3723222945793414
2026-03-19,3,181,1,4848.79,4848.79,4835.33,13.460000000000036,123.96499999999996,0.10857903440487267,False,2026-03-19 04:01:00,0.12,-13.580000000000036,2026-03-19 04:05:00,0.5,1,-0.20930232558139536,0.09163876900737851,0.09914088654055554,0.08888888888888889,0.032267172185697586,2.0,-0.9304973894930205
2026-03-19,5,309,1,4862.03,4862.03,4841.8,20.229999999999563,123.96499999999996,0.16319122332916203,False,2026-03-19 06:09:00,0.1,-20.329999999999565,2026-03-19 08:30:00,0.4,1,0.22916666666666666,0.09163876900737851,0.2059452264752128,0.09375,0.032267172185697586,1.0,-0.5970223138883697
2026-03-19,6,360,-1,4850.86,4866.15,4850.86,15.289999999999964,123.96499999999996,0.12334126567982873,True,2026-03-19 07:00:00,0.1,193.07000000000008,2026-03-19 23:57:00,-0.34782608695652173,2,-0.30407523510971785,-0.09163876900737851,-0.1158391481466517,0.078125,0.008066793046424396,1.0,0.38175238457679433
2026-03-19,7,426,1,4853.68,4853.68,4845.81,7.869999999999891,123.96499999999996,0.06348566127535912,False,2026-03-19 08:06:00,0.1,-7.9699999999998905,2026-03-19 08:30:00,0.21428571428571427,1,-0.345821325648415,0.20457387165732005,0.025652401887631928,0.078125,0.032267172185697586,1.0,1.1748843520324574
2026-03-19,8,497,-1,4827.09,4853.85,4827.09,26.76000000000022,123.96499999999996,0.2158673819223186,True,2026-03-19 09:17:00,0.1,169.30000000000055,2026-03-19 23:57:00,-0.12121212121212122,1,-0.30637254901960786,-0.09163876900737851,0.0759085225668524,0.078125,0.008066793046424396,1.0,-0.09759000726945649
2026-03-19,9,584,-1,4747.88,4842.25,4747.88,94.36999999999989,123.96499999999996,0.7612632597910695,True,2026-03-19 10:44:00,0.1,90.09000000000052,2026-03-19 23:57:00,0.15789473684210525,6,0.07465277777777778,-0.09163876900737851,0.7148791997741292,0.15702479338842976,0.008066793046424396,1.0,-1.10310891088082
2026-03-19,10,600,-1,4727.51,4784.34,4727.51,56.82999999999993,123.96499999999996,0.45843584882829785,True,2026-03-19 11:00:00,0.1,69.72000000000062,2026-03-19 23:57:00,0.20512820512820512,7,0.1403225806451613,-0.09163876900737851,0.8791997741297932,0.1702127659574468,0.008066793046424396,1.0,-1.0306963917660852
2026-03-20,2,121,1,4647.9,4647.9,4634.27,13.6299999999992,146.04300000000003,0.0933286771704169,False,2026-03-20 03:01:00,0.1,-13.7299999999992,2026-03-20 16:51:00,-0.25,2,0.08661417322834646,-0.03163451860068534,0.009586217757781174,0.1590909090909091,0.006847298398416903,1.0,0.7094003060055561
2026-03-20,3,180,-1,4642.2,4665.08,4642.2,22.88000000000011,146.04300000000003,0.15666618735577947,True,2026-03-20 04:00:00,0.1,-22.98000000000011,2026-03-20 04:03:00,-0.18181818181818182,0,-0.3282051282051282,0.03163451860068534,0.02944338311319393,0.1590909090909091,0.04108379039050142,1.0,1.1362093069467218
2026-03-20,4,289,1,4699.5,4699.5,4639.23,60.27000000000044,146.04300000000003,0.4126866744725897,False,2026-03-20 05:49:00,0.1,-60.37000000000044,2026-03-20 13:56:00,0.42105263157894735,1,0.5966850828729282,-0.03163451860068534,0.36290681511609585,0.12121212121212122,0.006847298398416903,1.0,-1.8878411017975307
2026-03-20,5,304,1,4703.68,4703.68,4670.4,33.280000000000655,146.04300000000003,0.22787809069931902,False,2026-03-20 06:04:00,0.12,-33.40000000000065,2026-03-20 09:38:00,0.4,2,0.6178010471204188,-0.03163451860068534,0.3915285224214805,0.04285714285714286,0.006847298398416903,1.0,-2.024267653972879
2026-03-20,6,475,-1,4693.29,4735.75,4693.29,42.460000000000036,146.04300000000003,0.29073628999678197,True,2026-03-20 08:55:00,0.1,195.12999999999957,2026-03-20 23:56:00,-0.06451612903225806,2,-0.7265917602996255,0.03163451860068534,-0.32038509206192667,0.00980392156862745,0.0,1.0,-1.0257789679751532
2026-03-20,8,491,-1,4685.78,4723.61,4685.78,37.82999999999993,146.04300000000003,0.2590332984121109,True,2026-03-20 09:11:00,0.12,-37.949999999999925,2026-03-20 11:19:00,-0.0625,3,-0.738819320214669,0.03163451860068534,-0.2689618810898142,0.00980392156862745,0.0,1.0,0.7083239917298867
2026-03-20,9,595,1,4701.09,4701.09,4661.37,39.720000000000255,146.04300000000003,0.2719746923851211,False,2026-03-20 10:55:00,0.1,-39.820000000000256,2026-03-20 12:58:00,0.10256410256410256,5,-0.17138599105812222,0.23541011893757388,0.10674938203132052,0.00980392156862745,0.006847298398416903,2.0,-0.9658874620187318
2026-03-20,10,606,1,4707.94,4707.94,4668.06,39.8799999999992,146.04300000000003,0.2730702601288606,False,2026-03-20 11:06:00,0.1,-39.9799999999992,2026-03-20 12:47:00,0.1,6,-0.14744525547445256,0.23541011893757388,0.15365337606047255,0.00980392156862745,0.006847298398416903,2.0,-0.6720586703314194
2026-03-24,2,134,-1,4421.89,4448.38,4421.89,26.48999999999978,186.08200000000016,0.142356595479411,True,2026-03-24 03:14:00,0.1,-26.589999999999783,2026-03-24 23:24:00,-1.25,0,0.20600858369098712,-0.06712094667941967,0.02477402435485253,0.3409090909090909,0.010747949828570191,1.0,-0.4430601967664744
2026-03-24,3,194,-1,4331.53,4446.68,4331.53,115.15000000000055,186.08200000000016,0.6188132113799316,True,2026-03-24 04:14:00,0.1,-115.25000000000054,2026-03-24 23:24:00,-0.16666666666666666,4,0.49767441860465117,-0.05099902193656438,0.49424447286680157,0.1016949152542373,0.010747949828570191,1.0,-2.1833669135755653
2026-03-24,4,251,-1,4307.98,4374.13,4307.98,66.15000000000055,186.08200000000016,0.355488440579962,True,2026-03-24 05:11:00,0.12,-66.27000000000055,2026-03-24 05:46:00,-0.0,0,-0.14802065404475043,0.24456959834911587,0.3252329618125363,0.04929577464788732,0.010747949828570191,1.0,-2.4408106518947177
2026-03-24,6,379,-1,4335.11,4368.25,4335.11,33.14000000000033,186.08200000000016,0.17809352865940983,True,2026-03-24 07:19:00,0.12,-33.260000000000325,2026-03-24 08:41:00,-0.0,1,0.10786802030456853,0.24456959834911587,0.1794370223879811,0.02097902097902098,0.010747949828570191,1.0,0.5456160281513041
2026-03-24,7,425,-1,4326.55,4357.28,4326.55,30.729999999999563,186.08200000000016,0.16514224911597863,True,2026-03-24 08:05:00,0.13,-30.859999999999562,2026-03-24 08:40:00,0.07142857142857142,1,-0.3384615384615385,0.35204909663481776,0.11795874936855687,0.02097902097902098,0.010747949828570191,1.0,-0.29035512037054656
2026-03-24,8,490,1,4374.23,4374.23,4319.91,54.31999999999971,186.08200000000016,0.29191431734396484,False,2026-03-24 09:10:00,0.1,102.45000000000019,2026-03-24 23:57:00,0.0,0,0.3615071283095723,-0.36279704646338795,0.14902032437312335,0.02097902097902098,0.005373974914285096,1.0,0.03040650038140021
2026-03-24,9,540,1,4405.18,4405.18,4343.0,62.18000000000029,186.08200000000016,0.3341537601702488,False,2026-03-24 10:00:00,0.1,71.49999999999946,2026-03-24 23:57:00,0.11428571428571428,0,0.42051756007393715,-0.36279704646338795,0.315344847970251,0.02097902097902098,0.005373974914285096,1.0,-0.6012904028359688
2026-03-24,10,620,-1,4399.84,4432.7,4399.84,32.85999999999967,186.08200000000016,0.17658881568340648,True,2026-03-24 11:20:00,0.1,-32.959999999999674,2026-03-24 13:17:00,-0.0975609756097561,2,-0.4813895781637717,0.36279704646338795,-0.2866478219279678,0.02097902097902098,0.010747949828570191,1.0,-0.6042731397368931
2026-03-25,2,120,1,4551.64,4551.64,4472.63,79.01000000000022,191.7970000000001,0.41194596370120584,True,2026-03-25 03:00:00,0.1,-45.98000000000011,2026-03-25 23:57:00,1.1428571428571428,5,0.07386363636363637,0.06459955056648603,0.35005761299707655,0.5625,0.05213845889143206,1.0,-0.7071067805865473
2026-03-25,3,186,1,4572.07,4572.07,4537.55,34.51999999999953,191.7970000000001,0.17998196009322098,True,2026-03-25 04:06:00,0.11,-34.62999999999953,2026-03-25 09:13:00,1.1666666666666667,0,0.3985239852398524,0.06459955056648603,0.456576484512269,0.42735042735042733,0.05213845889143206,1.0,-0.9888468488051789
2026-03-25,4,286,1,4601.06,4601.06,4552.43,48.63000000000011,191.7970000000001,0.25354932558903465,True,2026-03-25 05:46:00,0.1,-48.73000000000011,2026-03-25 08:32:00,1.0526315789473684,1,0.0,0.38785799569336477,0.2844674317116554,0.3493150684931507,0.05213845889143206,1.0,-1.1314153763480157
2026-03-25,5,303,-1,4580.08,4602.59,4580.08,22.51000000000022,191.7970000000001,0.1173636709646147,False,2026-03-25 06:03:00,0.1,74.21999999999971,2026-03-25 23:57:00,-1.0,1,0.5934343434343434,-0.5859841394808066,0.02304519883001335,0.3469387755102041,0.005213845889143206,1.0,-0.4343060869976782
2026-03-25,6,361,-1,4567.73,4586.24,4567.73,18.51000000000022,191.7970000000001,0.09650828740804188,False,2026-03-25 07:01:00,0.1,61.869999999999344,2026-03-25 23:57:00,-0.5,5,0.24367816091954023,-0.5077764511436585,0.00922850722378575,0.3401360544217687,0.005213845889143206,1.0,1.104629630389155
2026-03-25,7,437,-1,4565.71,4574.59,4565.71,8.88000000000011,191.7970000000001,0.04629895149559224,False,2026-03-25 08:17:00,0.12,-9.000000000000108,2026-03-25 14:22:00,-0.20689655172413793,4,0.29535864978902954,-0.5182041429219449,0.030188167698138972,0.3401360544217687,0.005213845889143206,1.0,0.31631540002169395
2026-03-25,8,482,-1,4549.49,4573.35,4549.49,23.860000000000582,191.7970000000001,0.12440236291495992,False,2026-03-25 09:02:00,0.1,-23.960000000000583,2026-03-25 14:22:00,-0.0625,7,0.36622390891840606,-0.5182041429219449,0.1147567480200431,0.3401360544217687,0.005213845889143206,1.0,0.9080679821936121
2026-03-25,9,554,1,4557.03,4557.03,4533.25,23.779999999999745,191.7970000000001,0.1239852552438241,True,2026-03-25 10:14:00,0.1,-23.879999999999747,2026-03-25 12:48:00,0.1111111111111111,1,-0.4377104377104377,0.5182041429219449,-0.07544435001590351,0.3401360544217687,0.05213845889143206,1.0,0.969413639881851
2026-03-25,10,601,-1,4537.07,4563.24,4537.07,26.170000000000073,191.7970000000001,0.13644634691887808,False,2026-03-25 11:01:00,0.1,-26.270000000000074,2026-03-25 11:15:00,-0.05,3,-0.25386996904024767,-0.38785799569336477,0.04916656673462195,0.3401360544217687,0.005213845889143206,1.0,0.7439235643040171
2026-03-26,2,126,1,4518.17,4518.17,4489.04,29.13000000000011,199.06700000000018,0.14633264177387553,True,2026-03-26 03:06:00,0.12,-29.25000000000011,2026-03-26 08:30:00,-0.5,2,0.022857142857142857,0.003566638367986837,0.033506306921790484,0.06521739130434782,0.010046868642215928,1.0,0.7189081832693893
2026-03-26,3,180,1,4539.3,4539.3,4498.19,41.11000000000058,199.06700000000018,0.20651338494075133,True,2026-03-26 04:00:00,0.12,-41.23000000000058,2026-03-26 08:26:00,0.0,5,0.16289592760180996,0.008590072689094801,0.13462803980569435,0.11764705882352941,0.010046868642215928,1.0,-1.7300166887553865
2026-03-26,4,274,-1,4522.63,4544.25,4522.63,21.61999999999989,199.06700000000018,0.10860665002235363,False,2026-03-26 05:34:00,0.1,141.68999999999997,2026-03-26 23:57:00,0.4444444444444444,6,0.2633333333333333,-0.08394158750571426,0.024464125143795236,0.125,0.02511717160553982,1.0,-0.1077826533572787
2026-03-26,5,300,-1,4505.81,4535.84,4505.81,30.029999999999745,199.06700000000018,0.1508537326628709,False,2026-03-26 06:00:00,0.1,124.87000000000026,2026-03-26 23:57:00,0.5263157894736842,7,0.3303030303030303,-0.08394158750571426,0.10895829042482973,0.125,0.02511717160553982,1.0,0.03094428339512626
2026-03-26,7,430,-1,4511.64,4524.32,4511.64,12.679999999999382,199.06700000000018,0.06369714719164588,False,2026-03-26 08:10:00,0.1,130.7000000000002,2026-03-26 23:57:00,0.14285714285714285,1,-0.4172661870503597,-0.003566638367986837,-0.0007032808049567597,0.125,0.02511717160553982,1.0,1.680172885220118
2026-03-26,8,480,-1,4439.07,4522.3,4439.07,83.23000000000047,199.06700000000018,0.41810043854581824,False,2026-03-26 09:00:00,0.1,58.12999999999956,2026-03-26 23:57:00,0.3225806451612903,4,-0.16996047430830039,-0.003566638367986837,0.36384734787785133,0.4716981132075472,0.02511717160553982,1.0,-0.8086040411294553
2026-03-26,9,543,1,4459.39,4459.39,4415.86,43.530000000000655,199.06700000000018,0.21867009599783296,True,2026-03-26 10:03:00,0.1,-43.630000000000656,2026-03-26 11:43:00,-0.2777777777777778,3,-0.02471169686985173,0.003566638367986837,-0.26177116247293436,0.24615384615384617,0.015070302963323892,1.0,-0.6446507575291097
2026-03-26,10,616,-1,4439.09,4463.94,4439.09,24.849999999999454,199.06700000000018,0.12483234287953017,False,2026-03-26 11:16:00,0.1,-24.949999999999456,2026-03-26 17:22:00,0.2926829268292683,3,0.14078374455732948,-0.003566638367986837,0.36374687919142695,0.2153846153846154,0.02511717160553982,1.0,-0.07317073168947051
2026-03-27,3,211,1,4411.15,4411.15,4375.59,35.55999999999949,204.7130000000002,0.1737066038795751,False,2026-03-27 04:31:00,0.11,84.32000000000029,2026-03-27 23:56:00,0.7142857142857143,3,0.15289256198347106,0.09188473619164578,0.07156360367929551,0.07317073170731707,0.00976977524632045,1.0,-0.6219534086034277
2026-03-27,4,240,1,4420.56,4420.56,4377.42,43.14000000000033,204.7130000000002,0.2107340520631337,False,2026-03-27 05:00:00,0.1,74.91999999999953,2026-03-27 23:56:00,0.8,4,0.22053231939163498,0.09188473619164578,0.11753039621323697,0.043478260869565216,0.00976977524632045,2.0,-1.246184894018086
2026-03-27,5,339,1,4440.62,4440.62,4417.12,23.5,204.7130000000002,0.11479485914426528,False,2026-03-27 06:39:00,0.1,-23.6,2026-03-27 13:42:00,0.7272727272727273,2,-0.03672316384180791,0.13096383717692758,0.17644214094854677,0.045454545454545456,0.00976977524632045,1.0,-1.5897293751691164
2026-03-27,6,415,1,4446.32,4446.32,4421.32,25.0,204.7130000000002,0.12212219057900561,False,2026-03-27 07:55:00,0.1,-25.1,2026-03-27 12:10:00,0.6666666666666666,2,0.08020050125313283,0.13096383717692758,0.20428600040055916,0.041666666666666664,0.00976977524632045,1.0,-1.537959534109824
2026-03-27,7,450,1,4449.57,4449.57,4431.47,18.099999999999454,204.7130000000002,0.0884164659791974,False,2026-03-27 08:30:00,0.1,-18.199999999999456,2026-03-27 11:27:00,0.5517241379310345,0,0.11778846153846154,0.13096383717692758,0.2201618851758299,0.05333333333333334,0.00976977524632045,1.0,-1.5806019991119755
2026-03-27,8,617,-1,4440.52,4475.12,4440.52,34.599999999999454,204.7130000000002,0.1690171117613411,True,2026-03-27 11:17:00,0.1,-34.699999999999456,2026-03-27 17:47:00,-0.21951219512195122,9,0.1606837606837607,-0.27751046587173434,-0.029407023491426685,0.04950495049504951,0.014654662869480674,1.0,-0.2998800718384993
2026-03-31,2,122,1,4521.17,4521.17,4492.73,28.44000000000051,219.8680000000001,0.12935033747521466,True,2026-03-31 03:02:00,0.1,-28.54000000000051,2026-03-31 03:20:00,0.25,4,0.04032258064516129,-0.01382647770480453,0.048529117470482594,0.21875,0.0227409172776393,1.0,-0.7547319078361439
2026-03-31,3,180,1,4548.11,4548.11,4482.71,65.39999999999964,219.8680000000001,0.29745119799152037,True,2026-03-31 04:00:00,0.1,120.0199999999999,2026-03-31 23:57:00,0.5454545454545454,2,0.14351851851851852,-0.01382647770480453,0.1710571797624013,0.40298507462686567,0.0454818345552786,1.0,-0.7750331647792432
2026-03-31,5,316,-1,4565.72,4607.52,4565.72,41.80000000000018,219.8680000000001,0.19011406844106538,False,2026-03-31 06:16:00,0.1,-41.90000000000018,2026-03-31 16:54:00,-0.2857142857142857,6,-0.5707656612529002,0.01382647770480453,-0.2511506904142496,0.1956521739130435,0.0,1.0,-0.5312301666565843
2026-03-31,6,433,-1,4550.32,4577.11,4550.32,26.789999999999964,219.8680000000001,0.1218458347735912,False,2026-03-31 08:13:00,0.1,-26.889999999999965,2026-03-31 08:36:00,-0.14285714285714285,0,-0.6469465648854962,0.01382647770480453,-0.18110866519911806,0.09420289855072464,0.0,1.0,0.08736530186913234
2026-03-31,8,559,-1,4547.74,4581.67,4547.74,33.93000000000029,219.8680000000001,0.15431986464606162,False,2026-03-31 10:19:00,0.1,-34.03000000000029,2026-03-31 14:26:00,-0.05405405405405406,1,0.1228878648233487,-0.21813087852711632,0.06258300434806434,0.09420289855072464,0.0,1.0,-0.20344159892308908
2026-03-31,9,552,-1,4553.36,4569.02,4553.36,15.660000000000764,219.8680000000001,0.07122455291356976,False,2026-03-31 10:12:00,0.1,-15.760000000000764,2026-03-31 11:05:00,-0.1111111111111111,0,0.10920436817472699,-0.21813087852711632,0.037022213327998266,0.09420289855072464,0.0,1.0,0.6738548672955711
2026-04-01,3,180,1,4722.54,4722.54,4693.56,28.979999999999563,233.22400000000007,0.12425822385346086,True,2026-04-01 04:00:00,0.1,-29.079999999999565,2026-04-01 04:06:00,0.9090909090909091,1,0.12903225806451613,0.04707920282646537,0.1716804445511609,0.04838709677419355,0.008575446780777275,1.0,-1.7037082258679932
2026-04-01,4,276,-1,4681.51,4724.22,4681.51,42.710000000000036,233.22400000000007,0.1831286660034989,False,2026-04-01 05:36:00,0.1,-42.81000000000004,2026-04-01 09:48:00,-0.3333333333333333,2,0.08,-0.09424416012074038,0.05140980345075883,0.0625,0.008575446780777275,1.0,1.4767772508270147
2026-04-01,5,362,-1,4678.18,4700.6,4678.18,22.420000000000073,233.22400000000007,0.09613075841251358,False,2026-04-01 07:02:00,0.1,-22.520000000000074,2026-04-01 08:40:00,-0.16666666666666666,3,-0.19901719901719903,-0.06423009638801992,0.03567385860803222,0.0625,0.008575446780777275,1.0,0.4598236365872053
2026-04-01,6,361,-1,4679.72,4694.28,4679.72,14.55999999999949,233.22400000000007,0.06242925256405638,False,2026-04-01 07:01:00,0.1,-14.65999999999949,2026-04-01 08:32:00,-0.25,3,-0.20493827160493827,-0.06423009638801992,0.029070764586833872,0.0625,0.008575446780777275,1.0,0.7547260270669224
2026-04-01,9,573,1,4733.2,4733.2,4682.81,50.38999999999942,233.22400000000007,0.21605838164168098,True,2026-04-01 10:33:00,0.1,23.51000000000058,2026-04-01 23:57:00,0.3684210526315789,1,0.2780487804878049,0.06423009638801992,0.2002366823311486,0.0410958904109589,0.008575446780777275,1.0,-1.6155441073189851
2026-04-02,2,177,-1,4773.69,4800.38,4773.69,26.69000000000051,225.40500000000003,0.11840908586766268,False,2026-04-02 04:00:00,0.1,97.86999999999935,2026-04-02 23:57:00,-0.36363636363636365,2,0.27741935483870966,-0.13824005678667223,0.06570395510303852,0.32653061224489793,0.008872917637142033,1.0,-0.08027339506839151
2026-04-02,3,177,-1,4775.25,4798.72,4775.25,23.470000000000255,225.40500000000003,0.10412368847186287,False,2026-04-02 04:00:00,0.1,99.42999999999975,2026-04-02 23:57:00,-0.36363636363636365,2,0.27741935483870966,-0.13824005678667223,0.05878307934606596,0.32653061224489793,0.008872917637142033,1.0,0.9030756945194034
2026-04-02,5,450,-1,4655.56,4704.22,4655.56,48.659999999999854,225.40500000000003,0.215878086111665,False,2026-04-02 08:33:00,0.1,-20.259999999999856,2026-04-02 23:57:00,0.26666666666666666,1,-0.2169657422512235,0.3009693662518584,0.1505734123022985,0.12582781456953643,0.008872917637142033,1.0,-0.8074463692806305
2026-04-02,6,358,-1,4675.76,4699.38,4675.76,23.61999999999989,225.40500000000003,0.10478915729464691,False,2026-04-02 07:01:00,0.1,-23.719999999999892,2026-04-02 17:43:00,0.16666666666666666,3,-0.42638623326959846,0.3009693662518584,0.060956944167164795,0.12582781456953643,0.008872917637142033,1.0,0.23854916375820187
2026-04-02,7,450,-1,4657.32,4681.55,4657.32,24.230000000000473,225.40500000000003,0.10749539717397781,False,2026-04-02 08:33:00,0.1,-24.330000000000474,2026-04-02 17:35:00,0.26666666666666666,1,-0.2169657422512235,0.3009693662518584,0.1427652447816166,0.12582781456953643,0.008872917637142033,1.0,-0.415406492234408
2026-04-02,8,479,-1,4586.19,4680.59,4586.19,94.40000000000055,225.40500000000003,0.4188017124731063,False,2026-04-02 09:02:00,0.1,-94.50000000000054,2026-04-02 17:35:00,0.3125,3,-0.05218617771509168,0.3009693662518584,0.45833056054657345,0.27906976744186046,0.008872917637142033,2.0,-0.5196116374158078
2026-04-02,9,545,1,4608.67,4608.67,4554.13,54.539999999999964,225.40500000000003,0.24196446396486304,True,2026-04-02 10:08:00,0.1,66.95000000000019,2026-04-02 23:57:00,-0.2222222222222222,4,-0.06699147381242387,-0.3054058250704294,-0.3541625074865239,0.27530364372469635,0.08872917637142032,1.0,-0.13526836010859397
2026-04-15,5,97,-1,4820.75,4853.47,4820.75,32.720000000000255,213.56800000000004,0.15320647287983336,True,2026-04-15 06:02:00,0.13,29.420000000000183,2026-04-15 23:57:00,1.1428571428571428,4,0.2247191011235955,-0.00440140845070235,0.1112057986215163,0.14285714285714285,0.0046823494156427925,2.0,-0.49156199916889687
2026-04-15,6,234,1,4829.61,4829.61,4817.03,12.579999999999927,213.56800000000004,0.058903955648785984,False,2026-04-15 08:19:00,0.13,-12.709999999999928,2026-04-15 08:37:00,-0.125,2,0.20408163265306123,-0.0798808810308679,0.01456210668264755,0.21052631578947367,0.014047048246928377,1.0,0.0440961001486467
2026-04-15,7,215,1,4827.78,4827.78,4820.52,7.259999999999309,213.56800000000004,0.03399385675756343,False,2026-04-15 08:00:00,0.13,-7.389999999999309,2026-04-15 08:36:00,-0.42857142857142855,0,0.35294117647058826,-0.08456323044651069,0.010675756667664373,0.21052631578947367,0.014047048246928377,1.0,0.9491095058661919
2026-04-15,10,452,1,4817.01,4817.01,4804.06,12.949999999999818,213.56800000000004,0.060636424932573305,False,2026-04-15 11:57:00,0.13,-13.079999999999819,2026-04-15 12:11:00,-0.3333333333333333,1,-0.2787456445993031,-0.08456323044651069,-0.03975314653880628,0.09803921568627451,0.0,1.0,0.6368068259129007
2026-04-16,2,120,1,4826.71,4826.71,4807.51,19.199999999999818,205.59099999999998,0.093389302060887,False,2026-04-16 03:00:00,0.13,-19.329999999999817,2026-04-16 11:05:00,2.0,7,0.203125,0.03881492866905441,0.11775807306740099,0.35135135135135137,0.009728052298009155,1.0,-1.2172540047705462
2026-04-16,5,307,1,4825.02,4825.02,4812.49,12.530000000000655,205.59099999999998,0.06094624764703054,False,2026-04-16 06:07:00,0.13,-12.660000000000656,2026-04-16 11:05:00,0.5,2,-0.17204301075268819,0.13609545164914597,0.01225734589549366,0.10416666666666667,0.009728052298009155,2.0,1.24740394270186
2026-04-16,6,374,1,4827.14,4827.14,4819.1,8.039999999999964,205.59099999999998,0.03910677023799663,False,2026-04-16 07:14:00,0.13,-8.169999999999964,2026-04-16 09:21:00,0.4166666666666667,2,-0.0892018779342723,0.13609545164914597,0.022569081331382832,0.10416666666666667,0.009728052298009155,2.0,0.15729875351721265
2026-04-16,7,420,1,4833.48,4833.48,4822.81,10.669999999999163,205.59099999999998,0.051899159009874775,False,2026-04-16 08:00:00,0.13,-10.799999999999164,2026-04-16 08:58:00,0.5925925925925926,1,0.004291845493562232,0.13609545164914597,0.05340700711606814,0.10416666666666667,0.009728052298009155,2.0,-0.21933289072634427
2026-04-16,9,550,1,4830.59,4830.59,4814.58,16.01000000000022,205.59099999999998,0.07787305864556435,False,2026-04-16 10:10:00,0.13,-16.140000000000217,2026-04-16 11:03:00,0.3333333333333333,3,-0.13141025641025642,0.1458235039471551,0.029621919247438584,0.12244897959183673,0.009728052298009155,1.0,0.9816160793144671
2026-04-17,4,306,1,4795.47,4795.47,4767.81,27.659999999999854,168.37299999999996,0.16427812060128322,False,2026-04-17 06:06:00,0.13,36.92000000000018,2026-04-17 23:56:00,0.2,1,-0.2972972972972973,0.0032071650442764797,0.01763940774352334,0.08571428571428572,0.0,1.0,1.7107317358868863
2026-04-17,5,305,1,4794.7,4794.7,4784.55,10.149999999999636,168.37299999999996,0.060282824443346844,False,2026-04-17 06:05:00,0.13,-10.279999999999637,2026-04-17 09:21:00,0.1,1,-0.31868131868131866,0.0032071650442764797,0.013066227958163236,0.08571428571428572,0.0,1.0,2.077021773272731
2026-04-17,6,395,1,4798.03,4798.03,4784.66,13.36999999999989,168.37299999999996,0.07940703081847977,False,2026-04-17 07:35:00,0.13,-13.499999999999892,2026-04-17 09:21:00,0.23076923076923078,2,-0.3101851851851852,0.009146359570714805,0.026904551204764104,0.08571428571428572,0.0,1.0,-0.5849076460361021
2026-04-17,7,420,1,4804.55,4804.55,4792.63,11.920000000000073,168.37299999999996,0.07079519875514527,False,2026-04-17 08:00:00,0.13,-12.050000000000074,2026-04-17 09:00:00,0.2962962962962963,3,-0.24669603524229075,0.009146359570714805,0.06562809951714459,0.07894736842105263,0.0,1.0,-0.9466462290493698
2026-04-17,10,643,1,4794.78,4794.78,4778.83,15.949999999999818,168.37299999999996,0.09473015269669022,False,2026-04-17 11:43:00,0.13,37.61000000000069,2026-04-17 23:56:00,0.23809523809523808,3,-0.31843575418994413,0.009146359570714805,0.007602168993839545,0.025,0.0,1.0,1.9220816171078932
2026-04-21,2,146,-1,4819.9,4831.8,4819.9,11.900000000000546,157.63099999999994,0.07549276474805432,False,2026-04-21 03:26:00,0.13,100.95999999999924,2026-04-21 23:57:00,0.4444444444444444,1,-0.1891891891891892,-0.02030057539443269,0.035526006940261534,0.13333333333333333,0.006343929810760576,1.0,-1.7598224587147198
2026-04-21,3,184,-1,4816.98,4830.82,4816.98,13.840000000000146,157.63099999999994,0.0877999885809273,False,2026-04-21 04:04:00,0.13,98.03999999999917,2026-04-21 23:57:00,0.6666666666666666,1,-0.1111111111111111,-0.013956645583672113,0.047706352176922304,0.1111111111111111,0.006343929810760576,1.0,-1.5773568416069612
2026-04-21,4,260,-1,4805.85,4824.64,4805.85,18.789999999999964,157.63099999999994,0.119202441144191,False,2026-04-21 05:20:00,0.13,86.90999999999997,2026-04-21 23:57:00,0.5882352941176471,3,0.19117647058823528,-0.013956645583672113,0.11831429097068244,0.06896551724137931,0.006343929810760576,1.0,-1.4801273198779379
2026-04-21,5,308,-1,4802.62,4810.44,4802.62,7.819999999999709,157.63099999999994,0.04960953112014586,False,2026-04-21 06:08:00,0.13,83.6799999999995,2026-04-21 23:57:00,0.7,1,0.2948717948717949,-0.013956645583672113,0.1388051842594421,0.03125,0.006343929810760576,2.0,-1.241883267922446
2026-04-21,6,375,-1,4792.69,4807.65,4792.69,14.960000000000036,157.63099999999994,0.09490518996897845,False,2026-04-21 07:15:00,0.13,73.7499999999992,2026-04-21 23:57:00,0.8333333333333334,0,0.4148936170212766,-0.013956645583672113,0.20180040728029647,0.047619047619047616,0.006343929810760576,1.0,-1.5678092447874825
2026-04-21,7,420,-1,4788.79,4797.91,4788.79,9.11999999999989,157.63099999999994,0.05785663987413576,False,2026-04-21 08:00:00,0.13,-9.249999999999892,2026-04-21 14:48:00,0.9629629629629629,3,0.46601941747572817,-0.013956645583672113,0.2265417335422604,0.043478260869565216,0.006343929810760576,1.0,-1.5572928573903841
2026-04-21,8,480,-1,4783.36,4796.98,4783.36,13.61999999999989,157.63099999999994,0.08640432402255835,False,2026-04-21 09:00:00,0.13,-13.749999999999892,2026-04-21 14:48:00,0.9032258064516129,1,-0.6032388663967612,0.18270517854990576,0.06432744828111432,0.058823529411764705,0.006343929810760576,1.0,-1.6207759433727413
2026-04-21,9,542,-1,4774.71,4790.8,4774.71,16.090000000000146,157.63099999999994,0.10207383065513859,False,2026-04-21 10:02:00,0.13,-16.220000000000145,2026-04-21 10:49:00,0.8888888888888888,1,-0.33783783783783783,0.18270517854990576,0.119202441144191,0.03333333333333333,0.006343929810760576,1.0,-1.8024196928682064
2026-04-21,10,643,1,4792.69,4792.69,4772.82,19.86999999999989,157.63099999999994,0.12605388533981196,True,2026-04-21 11:43:00,0.13,-19.99999999999989,2026-04-21 15:30:00,-0.6190476190476191,2,0.43869209809264303,-0.2271126872252298,0.039268925528605426,0.04838709677419355,0.012687859621521152,1.0,0.7059305735598573
2026-04-22,2,120,1,4740.57,4740.57,4718.12,22.449999999999818,154.77399999999997,0.14505020223034762,False,2026-04-22 03:00:00,0.1,-1.219999999999891,2026-04-22 23:57:00,0.5714285714285714,4,0.5,-0.010402263946138711,0.13613397599079763,0.3076923076923077,0.006461033506919768,1.0,-1.17647058733564
2026-04-22,4,250,1,4754.7,4754.7,4735.98,18.720000000000255,154.77399999999997,0.1209505472495397,False,2026-04-22 05:10:00,0.13,-18.850000000000254,2026-04-22 17:32:00,0.625,4,-0.1267605633802817,0.12527943969917643,0.09174667579825953,0.075,0.006461033506919768,1.0,-1.7009452310763344
2026-04-22,5,304,1,4758.75,4758.75,4750.15,8.600000000000364,154.77399999999997,0.055564888159512354,False,2026-04-22 06:04:00,0.13,-8.730000000000365,2026-04-22 13:03:00,0.6,1,-0.711764705882353,0.2092728752891334,0.03392042591132878,0.045454545454545456,0.006461033506919768,2.0,-1.19406221000503
2026-04-22,8,548,1,4772.07,4772.07,4752.16,19.909999999999854,154.77399999999997,0.12863917712277165,False,2026-04-22 10:08:00,0.13,-20.039999999999853,2026-04-22 11:36:00,0.4444444444444444,1,-0.24054982817869416,0.22865597580989272,0.1005982917027389,0.05172413793103448,0.006461033506919768,1.0,-1.4280510673369855
2026-04-22,9,540,1,4767.84,4767.84,4758.86,8.980000000000473,154.77399999999997,0.05802008089214257,False,2026-04-22 10:00:00,0.13,-9.110000000000474,2026-04-22 11:04:00,0.4,0,-0.26666666666666666,0.22865597580989272,0.07326811996847112,0.05172413793103448,0.006461033506919768,1.0,0.7371337163490562
2026-04-23,2,121,-1,4723.57,4729.97,4723.57,6.400000000000546,142.46400000000003,0.04492362982929403,False,2026-04-23 03:01:00,0.13,-6.530000000000546,2026-04-23 03:20:00,1.0,1,-0.0967741935483871,0.09560309973045744,0.03460523360287715,0.3333333333333333,0.056154537286612745,3.0,0.23755716893734966
2026-04-23,4,240,-1,4722.58,4749.85,4722.58,27.270000000000437,142.46400000000003,0.19141677897574427,False,2026-04-23 05:00:00,0.13,29.51000000000033,2026-04-23 23:57:00,0.6666666666666666,0,-0.15639810426540285,0.10262241689128403,0.03453504043126735,0.1,0.014038634321653186,1.0,-0.21931827440952398
2026-04-23,5,310,-1,4698.32,4724.8,4698.32,26.480000000000473,142.46400000000003,0.1858715184186915,False,2026-04-23 06:10:00,0.13,-26.610000000000472,2026-04-23 11:00:00,0.8,0,0.1347517730496454,0.10262241689128403,0.20482367475292204,0.1,0.014038634321653186,1.0,-0.32840573998162054
2026-04-23,8,480,1,4715.22,4715.22,4692.47,22.75,142.46400000000003,0.159689465408805,True,2026-04-23 09:00:00,0.13,-22.88,2026-04-23 13:09:00,-0.5161290322580645,1,0.39037433155080214,-0.2500280772686425,0.06120844564240968,0.06451612903225806,0.014038634321653186,1.0,-0.00822383993748269
2026-04-23,9,541,-1,4708.58,4721.28,4708.58,12.699999999999818,142.46400000000003,0.08914532794249647,False,2026-04-23 10:01:00,0.13,-12.829999999999819,2026-04-23 11:00:00,0.3888888888888889,1,-0.4492753623188406,0.2500280772686425,-0.014600179694518803,0.06451612903225806,0.014038634321653186,1.0,0.8098695677924704
2026-04-24,2,144,1,4700.82,4700.82,4686.99,13.829999999999927,135.32700000000006,0.10219690084018652,False,2026-04-24 03:24:00,0.13,-13.959999999999928,2026-04-24 05:24:00,-0.6666666666666666,1,0.10666666666666667,-0.04810569952781201,0.04670169293636677,0.3333333333333333,0.022168525128023222,1.0,-0.061429511660753715
2026-04-24,3,180,1,4707.96,4707.96,4691.05,16.909999999999854,135.32700000000006,0.12495658663828983,False,2026-04-24 04:00:00,0.13,-17.039999999999853,2026-04-24 04:32:00,-0.5454545454545454,0,0.3020833333333333,-0.04810569952781201,0.09946278274106446,0.22727272727272727,0.022168525128023222,1.0,-1.3573983502092686
2026-04-24,4,252,-1,4690.37,4711.12,4690.37,20.75,135.32700000000006,0.15333229880216062,True,2026-04-24 05:12:00,0.13,-20.88,2026-04-24 14:24:00,0.5,3,-0.425,0.04810569952781201,0.030518669592912776,0.15384615384615385,0.007389508376007741,1.0,-0.03886610370700495
2026-04-24,5,303,-1,4673.22,4700.69,4673.22,27.469999999999345,135.32700000000006,0.2029897950889278,True,2026-04-24 06:03:00,0.13,-27.599999999999344,2026-04-24 14:07:00,0.8,7,-0.14215686274509803,0.04810569952781201,0.15724873824144286,0.07692307692307693,0.007389508376007741,1.0,-1.0796080571544266
2026-04-24,7,446,1,4676.94,4676.94,4657.82,19.11999999999989,135.32700000000006,0.14128740014926722,False,2026-04-24 08:26:00,0.13,30.330000000000037,2026-04-24 23:56:00,-0.6896551724137931,3,-0.1853146853146853,-0.04810569952781201,-0.1297597670826989,0.07272727272727272,0.014779016752015482,1.0,0.7799693225573683
2026-04-24,8,480,1,4687.36,4687.36,4669.66,17.699999999999818,135.32700000000006,0.13079429825533567,False,2026-04-24 09:00:00,0.13,-17.829999999999817,2026-04-24 09:46:00,-0.5806451612903226,5,-0.24104234527687296,-0.04810569952781201,-0.052761089804697694,0.05454545454545454,0.014779016752015482,1.0,-0.46034967973152596
2026-04-24,9,585,1,4688.06,4688.06,4666.85,21.210000000000036,135.32700000000006,0.15673147265512447,False,2026-04-24 10:45:00,0.13,19.209999999999237,2026-04-24 23:56:00,-0.3684210526315789,3,0.39892183288409705,-0.18111685029595134,0.08542271682665245,0.05454545454545454,0.014779016752015482,1.0,-0.7091155890141383
2026-04-24,10,620,1,4695.26,4695.26,4671.06,24.199999999999818,135.32700000000006,0.17882610269938598,False,2026-04-24 11:20:00,0.13,12.009999999999417,2026-04-24 23:56:00,-0.2926829268292683,6,-0.40350877192982454,-0.04810569952781201,0.005616026365767497,0.05454545454545454,0.014779016752015482,1.0,1.3635898674787734
2026-04-28,2,121,1,4695.08,4695.08,4687.32,7.760000000000218,116.28700000000018,0.06673144891518576,False,2026-04-28 03:01:00,0.13,-7.890000000000218,2026-04-28 04:01:00,0.25,0,0.24390243902439024,0.04024525527359278,0.056584140961585705,0.35714285714285715,0.034397654079991694,1.0,-1.1874586415294233
2026-04-28,4,240,-1,4669.48,4691.54,4669.48,22.0600000000004,116.28700000000018,0.18970306225115763,True,2026-04-28 05:00:00,0.13,72.87,2026-04-28 23:57:00,0.26666666666666666,1,-0.27358490566037735,-0.03164584175359486,0.15496143163036633,0.45454545454545453,0.017198827039995847,1.0,-0.8044840325788181
2026-04-28,8,503,-1,4623.93,4668.04,4623.93,44.10999999999967,116.28700000000018,0.37932013036710555,True,2026-04-28 09:23:00,0.13,27.32000000000073,2026-04-28 23:57:00,0.30303030303030304,1,-0.07394366197183098,0.12314360160636775,0.39187527410630285,0.21518987341772153,0.017198827039995847,1.0,-1.1058003702841657
2026-04-28,9,595,-1,4623.41,4642.97,4623.41,19.5600000000004,116.28700000000018,0.16820452845116282,True,2026-04-28 10:55:00,0.13,26.800000000000292,2026-04-28 23:57:00,0.41025641025641024,1,-0.7209302325581395,0.4671201424062847,0.0523704283367886,0.20253164556962025,0.017198827039995847,4.0,-0.12412976819619044
2026-04-28,10,602,-1,4620.65,4639.43,4620.65,18.780000000000655,116.28700000000018,0.16149698590556663,True,2026-04-28 11:02:00,0.13,24.040000000000074,2026-04-28 23:57:00,0.4,2,-0.5521978021978022,0.4499213153662888,0.0933036366919806,0.2073170731707317,0.017198827039995847,1.0,-1.100890774175036
2026-04-29,2,120,1,4596.2,4596.2,4587.99,8.210000000000036,106.30800000000018,0.0772284305978856,False,2026-04-29 03:00:00,0.1,-8.310000000000036,2026-04-29 04:02:00,-0.2857142857142857,1,0.022727272727272728,-0.0463746848779046,0.02539790044022852,0.2857142857142857,0.009406629792677864,1.0,0.5366563142639496
2026-04-29,3,180,-1,4594.8,4610.34,4594.8,15.539999999999964,106.30800000000018,0.14617902697821367,True,2026-04-29 04:00:00,0.13,51.15999999999996,2026-04-29 23:57:00,0.18181818181818182,3,-0.09302325581395349,0.018154795499871014,0.015991270647550657,0.16666666666666666,0.028219889378033592,1.0,1.4591483548562072
2026-04-29,4,247,1,4600.47,4600.47,4576.14,24.329999999999927,106.30800000000018,0.22886330285585174,False,2026-04-29 05:07:00,0.13,-24.459999999999926,2026-04-29 10:19:00,-0.125,2,-0.1125,-0.03696805508522674,0.05615757986228924,0.17142857142857143,0.028219889378033592,1.0,0.6028035274586547
2026-04-29,5,395,1,4604.24,4604.24,4584.92,19.31999999999971,106.30800000000018,0.18173608759453358,False,2026-04-29 07:35:00,0.13,-19.449999999999708,2026-04-29 09:19:00,0.0,3,0.05084745762711865,-0.027561425292548878,0.08221394438800247,0.17142857142857143,0.028219889378033592,1.0,-0.3714130493627968
2026-04-29,6,374,1,4603.33,4603.33,4592.21,11.11999999999989,106.30800000000018,0.10460172329457681,False,2026-04-29 07:14:00,0.13,-11.249999999999892,2026-04-29 08:58:00,-0.08333333333333333,1,0.008849557522123894,-0.027561425292548878,0.07365391127666698,0.17142857142857143,0.028219889378033592,1.0,0.12364279712988512
2026-04-29,7,423,1,4605.65,4605.65,4595.36,10.289999999999964,106.30800000000018,0.09679422056665488,False,2026-04-29 08:03:00,0.13,-10.419999999999964,2026-04-29 08:32:00,0.07142857142857142,5,0.08943089430894309,-0.027561425292548878,0.0954772923956769,0.17142857142857143,0.028219889378033592,1.0,-0.42944421184197007
2026-04-29,8,480,-1,4590.8,4607.73,4590.8,16.92999999999938,106.30800000000018,0.15925424239003041,True,2026-04-29 09:00:00,0.13,47.15999999999996,2026-04-29 23:57:00,0.06451612903225806,0,0.4584837545126354,-0.01947172367084044,0.09124430898897357,0.17142857142857143,0.028219889378033592,1.0,0.18918354293039996
2026-04-29,9,549,-1,4580.85,4598.69,4580.85,17.839999999999236,106.30800000000018,0.1678142755013659,True,2026-04-29 10:09:00,0.13,37.21000000000014,2026-04-29 23:57:00,0.2222222222222222,0,0.3125,-0.0006584640854847127,0.16602701584076088,0.17142857142857143,0.028219889378033592,1.0,-0.7309634030748967
2026-04-29,10,605,-1,4567.31,4588.9,4567.31,21.589999999999236,106.30800000000018,0.2030891372239079,True,2026-04-29 11:05:00,0.13,23.670000000000183,2026-04-29 23:57:00,0.3,0,0.39058171745152354,-0.0006584640854847127,0.2933927832336188,0.06818181818181818,0.028219889378033592,2.0,-1.1507315696532203
2026-04-30,2,120,1,4562.0,4562.0,4549.75,12.25,98.45300000000024,0.12442485246767462,False,2026-04-30 03:00:00,0.12,-12.37,2026-04-30 07:23:00,1.4285714285714286,2,0.09615384615384616,0.04976994098706616,0.11680700435740883,0.5833333333333334,0.07109991569581407,1.0,-0.7548294119356967
2026-04-30,3,207,1,4574.09,4574.09,4556.54,17.550000000000182,98.45300000000024,0.1782576457802214,False,2026-04-30 04:27:00,0.13,-17.68000000000018,2026-04-30 06:52:00,1.0769230769230769,1,0.3557692307692308,0.0700842026144416,0.21929245426751945,0.2222222222222222,0.07109991569581407,1.0,-1.421611415942124
2026-04-30,4,278,-1,4564.6,4582.47,4564.6,17.86999999999989,98.45300000000024,0.18150792764059853,True,2026-04-30 05:38:00,0.13,-17.99999999999989,2026-04-30 09:52:00,-0.7777777777777778,3,-0.0,-0.21228403400606974,0.01929854854600298,0.18181818181818182,0.010157130813687723,1.0,0.2257330590531128
2026-04-30,5,336,-1,4559.93,4581.94,4559.93,22.00999999999931,98.45300000000024,0.2235584492092598,True,2026-04-30 06:36:00,0.13,-22.139999999999308,2026-04-30 09:52:00,-0.5454545454545454,2,-0.2222222222222222,-0.17165551075131885,0.026103826191174496,0.18181818181818182,0.010157130813687723,1.0,-0.13616485114061844
2026-04-30,6,360,-1,4555.75,4569.13,4555.75,13.38000000000011,98.45300000000024,0.13590241028714287,True,2026-04-30 07:00:00,0.13,-13.51000000000011,2026-04-30 08:51:00,-0.43478260869565216,3,-0.16080402010050251,-0.17165551075131885,0.06856063299239214,0.18181818181818182,0.010157130813687723,1.0,-0.7020808610885296
2026-04-30,7,444,1,4557.01,4557.01,4540.89,16.11999999999989,98.45300000000024,0.163732948716645,False,2026-04-30 08:24:00,0.13,63.47999999999967,2026-04-30 23:57:00,0.3448275862068966,1,-0.09055118110236221,0.17165551075131885,-0.05576264816714339,0.045454545454545456,0.010157130813687723,1.0,0.12080678386208346
2026-04-30,8,504,1,4569.64,4569.64,4541.97,27.670000000000073,98.45300000000024,0.2810478096147401,False,2026-04-30 09:24:00,0.13,50.84999999999956,2026-04-30 23:57:00,0.42424242424242425,1,-0.051194539249146756,0.17165551075131885,0.07252191400973368,0.045454545454545456,0.010157130813687723,1.0,-0.2385478315992471
2026-04-30,9,546,1,4591.59,4591.59,4560.2,31.390000000000327,98.45300000000024,0.31883233624166096,False,2026-04-30 10:06:00,0.13,28.899999999999746,2026-04-30 23:57:00,0.5,4,-0.07878787878787878,0.19196977237869428,0.27515667374280195,0.07547169811320754,0.010157130813687723,2.0,-1.3502308389165592
2026-04-30,10,603,1,4605.5,4605.5,4584.88,20.61999999999989,98.45300000000024,0.20944003737823977,False,2026-04-30 11:03:00,0.13,14.98999999999989,2026-04-30 23:57:00,0.55,3,-0.0748663101604278,0.21228403400606974,0.39612810173382124,0.07462686567164178,0.010157130813687723,1.0,-1.4892037777402305
2026-05-01,2,120,-1,4626.39,4634.04,4626.39,7.649999999999636,102.69200000000028,0.07449460522727784,False,2026-05-01 03:00:00,0.1,-7.749999999999636,2026-05-01 05:12:00,-0.2857142857142857,1,0.02127659574468085,-0.03817239901842463,0.0400225918279872,0.18181818181818182,0.009737856892455082,1.0,-0.5038710253246041
2026-05-01,3,180,-1,4618.49,4631.12,4618.49,12.63000000000011,102.69200000000028,0.12298913255170875,False,2026-05-01 04:00:00,0.13,-12.76000000000011,2026-05-01 05:11:00,-0.0,0,0.40963855421686746,-0.03817239901842463,0.11695166127838766,0.1111111111111111,0.009737856892455082,1.0,-1.486126818375209
2026-05-01,5,390,-1,4616.57,4636.02,4616.57,19.450000000000728,102.69200000000028,0.18940131655825843,False,2026-05-01 07:30:00,0.13,-19.580000000000727,2026-05-01 17:00:00,-0.08,1,0.3157894736842105,-0.018696685233514466,0.11617263272699196,0.125,0.009737856892455082,1.0,-0.9128364933477664
2026-05-01,6,389,-1,4617.84,4632.07,4617.84,14.229999999999563,102.69200000000028,0.13856970357963158,False,2026-05-01 07:29:00,0.13,-14.359999999999564,2026-05-01 17:00:00,-0.08,1,0.31216931216931215,-0.018696685233514466,0.10380555447356976,0.125,0.009737856892455082,1.0,-0.6664567258152144
2026-05-01,7,420,-1,4609.22,4628.73,4609.22,19.50999999999931,102.69200000000028,0.18998558797179194,False,2026-05-01 08:00:00,0.13,-19.639999999999308,2026-05-01 16:55:00,0.07407407407407407,3,0.35960591133004927,-0.018696685233514466,0.1877458808865315,0.14285714285714285,0.009737856892455082,1.0,-1.4215432524127767
2026-05-01,8,486,-1,4602.98,4616.17,4602.98,13.19000000000051,102.69200000000028,0.1284423324114875,False,2026-05-01 09:06:00,0.13,-13.32000000000051,2026-05-01 16:54:00,0.125,3,0.4605809128630705,-0.018696685233514466,0.24851010789545794,0.05714285714285714,0.009737856892455082,1.0,-1.4667960215352938
2026-05-01,9,546,-1,4590.87,4607.86,4590.87,16.98999999999978,102.69200000000028,0.1654461886028097,False,2026-05-01 10:06:00,0.13,-17.11999999999978,2026-05-01 16:41:00,0.2222222222222222,0,0.5220588235294118,-0.018696685233514466,0.3664355548630858,0.10638297872340426,0.009737856892455082,1.0,-1.2017146008646573
2026-05-01,10,610,-1,4575.92,4598.1,4575.92,22.18000000000029,102.69200000000028,0.21598566587465656,False,2026-05-01 11:10:00,0.13,-22.31000000000029,2026-05-01 15:24:00,0.35,3,0.5886075949367089,-0.018696685233514466,0.5120165154052875,0.08064516129032258,0.009737856892455082,1.0,-1.0940148565426948
2026-05-05,2,122,1,4521.6,4521.6,4516.22,5.380000000000109,104.69200000000028,0.051388835823177464,False,2026-05-05 03:02:00,0.13,-5.510000000000109,2026-05-05 03:27:00,-0.25,1,0.1590909090909091,-0.0425056355786479,0.020058839261838136,0.36363636363636365,0.009551828219921267,1.0,0.9949874367766198
2026-05-05,3,182,1,4530.41,4530.41,4513.64,16.769999999999527,104.69200000000028,0.16018415924807514,False,2026-05-05 04:02:00,0.13,25.720000000000365,2026-05-05 23:57:00,-0.16666666666666666,3,0.3595505617977528,-0.0425056355786479,0.10421044587933964,0.1111111111111111,0.019103656439842534,2.0,-0.9846947486693658
2026-05-05,4,241,1,4542.29,4542.29,4525.45,16.840000000000146,104.69200000000028,0.16085278722347554,False,2026-05-05 05:01:00,0.13,13.840000000000254,2026-05-05 23:57:00,0.25,2,0.5327868852459017,-0.0425056355786479,0.21768616513200534,0.16666666666666666,0.019103656439842534,2.0,-0.7740330623404293
2026-05-05,7,423,1,4536.65,4536.65,4528.06,8.589999999999236,104.69200000000028,0.0820502044091164,False,2026-05-05 08:03:00,0.13,19.480000000000583,2026-05-05 23:57:00,-0.14285714285714285,2,0.7106598984771574,-0.0425056355786479,0.16381385397164627,0.08823529411764706,0.019103656439842534,1.0,0.7406888116838816
2026-05-05,8,481,1,4551.7,4551.7,4531.53,20.170000000000073,104.69200000000028,0.19266037519581267,False,2026-05-05 09:01:00,0.13,4.4300000000004,2026-05-05 23:57:00,0.0625,6,-0.4327731092436975,0.14853092881977745,0.11653230428303772,0.07692307692307693,0.019103656439842534,1.0,-1.5095697338150174
2026-05-05,9,541,1,4552.08,4552.08,4533.83,18.25,104.69200000000028,0.17432086501356314,False,2026-05-05 10:01:00,0.13,4.050000000000291,2026-05-05 23:57:00,0.1111111111111111,3,-0.2801418439716312,0.14853092881977745,0.12016199900660886,0.05,0.019103656439842534,2.0,-1.3402488378853257
2026-05-05,10,657,1,4558.4,4558.4,4543.37,15.029999999999745,104.69200000000028,0.14356397814541422,False,2026-05-05 11:57:00,0.13,-15.159999999999746,2026-05-05 13:51:00,0.23255813953488372,1,-0.04335260115606936,0.14853092881977745,0.18052955335650847,0.043478260869565216,0.019103656439842534,2.0,-1.4345932975101627
2026-05-06,2,120,1,4595.74,4595.74,4569.54,26.199999999999818,95.53600000000024,0.2742421704907025,True,2026-05-06 03:00:00,0.13,94.79000000000008,2026-05-06 23:57:00,0.0,1,-0.4666666666666667,0.2524702729860977,0.11765198459219303,0.28,0.0,1.0,-1.140646863020672
2026-05-06,3,180,1,4619.82,4619.82,4588.29,31.529999999999745,95.53600000000024,0.3300326578462534,True,2026-05-06 04:00:00,0.13,70.71000000000015,2026-05-06 23:57:00,0.5454545454545454,2,-0.23026315789473684,0.29433930664880065,0.32783453357896114,0.33783783783783783,0.0,1.0,-1.0151294512982971
2026-05-06,4,243,1,4628.64,4628.64,4609.58,19.0600000000004,95.53600000000024,0.1995059454027838,True,2026-05-06 05:03:00,0.13,61.889999999999525,2026-05-06 23:57:00,0.8125,4,0.065,0.29433930664880065,0.4201557528052276,0.1927710843373494,0.0,2.0,-0.40701782955003823
2026-05-06,5,303,1,4641.9,4641.9,4625.36,16.539999999999964,95.53600000000024,0.17312845419527637,True,2026-05-06 06:03:00,0.13,48.630000000000216,2026-05-06 23:57:00,0.8,2,0.16877637130801687,0.3048065650644764,0.548484340981405,0.17708333333333334,0.0,2.0,-0.4689790491413336
2026-05-06,6,387,1,4652.07,4652.07,4638.62,13.449999999999818,95.53600000000024,0.1407846256908368,True,2026-05-06 07:27:00,0.13,38.46000000000014,2026-05-06 23:57:00,0.88,3,-0.7928571428571428,0.8909730363423178,0.06876988779098656,0.16822429906542055,0.0,1.0,-1.3687976871634087
2026-05-06,8,480,1,4663.85,4663.85,4644.67,19.18000000000029,95.53600000000024,0.20076201641266372,True,2026-05-06 09:00:00,0.13,26.67999999999949,2026-05-06 23:57:00,0.7741935483870968,1,-0.6982248520710059,0.9328420700050207,0.15020515826495068,0.2033898305084746,0.0,1.0,-0.9723477912632262
2026-05-06,9,540,1,4669.59,4669.59,4657.14,12.449999999999818,95.53600000000024,0.13031736727516105,True,2026-05-06 10:00:00,0.13,20.93999999999971,2026-05-06 23:57:00,0.9142857142857143,5,-0.5388739946380697,0.9328420700050207,0.21028722157092714,0.14516129032258066,0.0,1.0,-1.082128083272507
2026-05-06,10,600,1,4681.84,4681.84,4657.48,24.360000000000582,95.53600000000024,0.2549824150058671,True,2026-05-06 11:00:00,0.13,8.689999999999708,2026-05-06 23:57:00,0.8717948717948718,2,-0.36666666666666664,0.9328420700050207,0.33851113716295494,0.20588235294117646,0.0,1.0,-1.0209752221647421
2026-05-07,3,181,-1,4685.6,4701.26,4685.6,15.659999999999854,107.52800000000016,0.14563648538055046,False,2026-05-07 04:01:00,0.13,-15.789999999999855,2026-05-07 04:10:00,0.3333333333333333,3,-0.02127659574468085,-0.014786846216800676,0.0827691392009488,0.058823529411764705,0.009299903281005863,3.0,-0.9138599550606133
2026-05-07,5,359,-1,4699.95,4718.55,4699.95,18.600000000000364,107.52800000000016,0.17297820102671244,False,2026-05-07 06:59:00,0.13,-18.730000000000363,2026-05-07 09:31:00,0.34782608695652173,4,0.24056603773584906,-0.10778587902685931,0.04231455992857837,0.08108108108108109,0.02789970984301759,3.0,0.44514282513954356
2026-05-07,6,360,-1,4699.05,4709.89,4699.05,10.840000000000146,107.52800000000016,0.10081095156610491,False,2026-05-07 07:00:00,0.13,-10.970000000000146,2026-05-07 09:12:00,0.34782608695652173,4,0.24413145539906103,-0.10778587902685931,0.050684472881480265,0.08108108108108109,0.02789970984301759,3.0,0.7815595012870784
2026-05-07,9,552,1,4750.15,4750.15,4701.06,49.089999999999236,107.52800000000016,0.4565322520645707,True,2026-05-07 10:12:00,0.13,-49.21999999999924,2026-05-07 20:26:00,-0.05555555555555555,0,0.4241573033707865,0.04268655605981827,0.4896399077449553,0.15151515151515152,0.0,1.0,-0.981119258820231
2026-05-07,10,601,1,4750.7,4750.7,4731.68,19.019999999999527,107.52800000000016,0.17688416040472713,True,2026-05-07 11:01:00,0.13,-19.149999999999526,2026-05-07 11:58:00,0.05,1,0.4730077120822622,0.04268655605981827,0.49475485454951024,0.13636363636363635,0.0,3.0,-0.6692039544078341
2026-05-08,2,120,1,4705.6,4705.6,4684.61,20.99000000000069,106.5420000000001,0.19701150719904517,False,2026-05-08 03:00:00,0.12,9.999999999999892,2026-05-08 23:56:00,0.8571428571428571,4,0.05952380952380952,0.11657374556512981,0.13234217491693745,0.36666666666666664,0.046929849261324125,1.0,-1.1249999992968747
2026-05-08,3,181,1,4709.5,4709.5,4694.0,15.5,106.5420000000001,0.1454825327101048,False,2026-05-08 04:01:00,0.13,6.090000000000255,2026-05-08 23:56:00,0.8333333333333334,3,-0.06569343065693431,0.17288956467871877,0.11263163822717791,0.14705882352941177,0.046929849261324125,2.0,-1.0185680790323437
2026-05-08,4,242,1,4725.42,4725.42,4700.58,24.840000000000146,106.5420000000001,0.23314749113025962,False,2026-05-08 05:02:00,0.13,-24.970000000000145,2026-05-08 10:25:00,0.625,2,0.12903225806451613,0.1822755345309836,0.2526703084229698,0.14,0.046929849261324125,1.0,-1.4661847812101452
2026-05-08,6,401,-1,4711.14,4731.04,4711.14,19.899999999999636,106.5420000000001,0.18678080006006662,True,2026-05-08 07:41:00,0.13,-20.029999999999635,2026-05-08 08:56:00,-0.3076923076923077,0,0.5381944444444444,-0.3699949315762801,0.06908073811266605,0.10526315789473684,0.009385969852264826,1.0,1.0821382308863245
2026-05-08,7,450,1,4723.32,4723.32,4709.07,14.25,106.5420000000001,0.13375007039477377,False,2026-05-08 08:30:00,0.13,-14.38,2026-05-08 10:22:00,0.27586206896551724,1,-0.2586750788643533,0.3324510521672208,0.08278425409697303,0.10526315789473684,0.046929849261324125,1.0,0.4208505217158937
2026-05-08,8,508,1,4731.37,4731.37,4709.7,21.670000000000073,106.5420000000001,0.20339396669857945,False,2026-05-08 09:28:00,0.13,-21.80000000000007,2026-05-08 10:22:00,0.30303030303030304,1,-0.10989010989010989,0.3324510521672208,0.15834131140770658,0.10526315789473684,0.046929849261324125,1.0,-0.9144352362422313
2026-05-08,9,561,-1,4712.71,4734.61,4712.71,21.899999999999636,106.5420000000001,0.20555273976459626,True,2026-05-08 10:21:00,0.13,-22.029999999999635,2026-05-08 16:30:00,-0.16216216216216217,4,0.08374384236453201,-0.3418370220194856,0.026186855887818522,0.0847457627118644,0.0,1.0,1.438007367492146
2026-05-08,10,757,1,4726.52,4726.52,4697.17,29.350000000000364,106.5420000000001,0.275478215163976,False,2026-05-08 13:37:00,0.13,-10.930000000000183,2026-05-08 23:56:00,0.24,3,-0.3403041825095057,0.3699949315762801,0.075275478215168,0.0847457627118644,0.046929849261324125,2.0,0.012945116683849803
2026-05-12,2,137,1,4769.55,4769.55,4746.16,23.390000000000327,109.29399999999995,0.21400991820228318,True,2026-05-12 03:17:00,0.13,-23.520000000000326,2026-05-12 04:04:00,1.2222222222222223,9,0.08045977011494253,0.1521583984482233,0.1560012443501033,0.05714285714285714,0.018299266199425412,3.0,0.6680426562549162
2026-05-12,3,180,-1,4748.83,4773.54,4748.83,24.710000000000036,109.29399999999995,0.2260874338939013,False,2026-05-12 04:00:00,0.13,33.62,2026-05-12 23:57:00,-0.8181818181818182,2,-0.104,-0.1704576646476487,0.051878419675371705,0.15384615384615385,0.036598532398850823,1.0,-0.13187609459437488
2026-05-12,4,345,-1,4720.38,4755.57,4720.38,35.1899999999996,109.29399999999995,0.32197558877888643,False,2026-05-12 06:45:00,0.13,5.170000000000182,2026-05-12 23:57:00,-0.13636363636363635,3,-0.6419753086419753,0.06743279594488163,0.07429502076966617,0.1111111111111111,0.036598532398850823,1.0,-1.7051956793456462
2026-05-12,5,345,-1,4722.28,4733.94,4722.28,11.659999999999854,109.29399999999995,0.10668472194264882,False,2026-05-12 06:45:00,0.13,7.069999999999818,2026-05-12 23:57:00,-0.13636363636363635,3,-0.6419753086419753,0.06743279594488163,0.05691071788021536,0.1111111111111111,0.036598532398850823,1.0,-0.7307981482909912
2026-05-12,6,411,-1,4718.18,4733.29,4718.18,15.109999999999673,109.29399999999995,0.13825095613665597,False,2026-05-12 07:51:00,0.13,2.970000000000364,2026-05-12 23:57:00,0.037037037037037035,2,-0.44802867383512546,0.06743279594488163,0.09442421358903245,0.07142857142857142,0.036598532398850823,2.0,-1.2049990451796333
2026-05-12,7,420,-1,4711.16,4730.41,4711.16,19.25,109.29399999999995,0.17613043716946958,False,2026-05-12 08:00:00,0.13,-4.050000000000073,2026-05-12 23:57:00,0.037037037037037035,2,-0.4125874125874126,0.06743279594488163,0.15865463794901966,0.1746031746031746,0.036598532398850823,1.0,-1.3368881708649578
2026-05-12,8,480,-1,4708.77,4722.15,4708.77,13.3799999999992,109.29399999999995,0.12242209087414868,False,2026-05-12 09:00:00,0.13,-6.439999999999491,2026-05-12 23:57:00,0.0967741935483871,1,-0.2546583850931677,0.06743279594488163,0.1805222610573277,0.09090909090909091,0.036598532398850823,1.0,-1.6059075570411554
2026-05-12,9,542,-1,4694.6,4714.45,4694.6,19.849999999999454,109.29399999999995,0.1816202170292922,False,2026-05-12 10:02:00,0.13,-19.979999999999453,2026-05-12 22:57:00,0.25,6,-0.08021390374331551,0.06743279594488163,0.3101725620802574,0.05,0.036598532398850823,2.0,-1.1793900965613098
2026-05-12,10,601,1,4703.85,4703.85,4687.4,16.450000000000728,109.29399999999995,0.15051146449028066,True,2026-05-12 11:01:00,0.13,-16.580000000000727,2026-05-12 13:39:00,-0.125,4,-0.00980392156862745,-0.06743279594488163,-0.22553845590791485,0.11494252873563218,0.05489779859827623,1.0,0.5387677650585204
2026-05-13,4,247,-1,4701.18,4717.08,4701.18,15.899999999999636,108.16299999999993,0.14700036056691887,True,2026-05-13 05:07:00,0.13,12.37,2026-05-13 23:57:00,0.375,1,0.03496503496503497,-0.0141453177149279,0.15088338895925335,0.038461538461538464,0.0,3.0,-0.7838154944203379
2026-05-13,6,424,1,4705.93,4705.93,4688.93,17.0,108.16299999999993,0.15717019683255837,False,2026-05-13 08:04:00,0.13,-17.13,2026-05-13 12:22:00,-0.35714285714285715,2,-0.4025974025974026,0.0141453177149279,-0.10696818690309734,0.05,0.009245305696032846,2.0,-0.23610525803474802
2026-05-13,7,423,1,4703.43,4703.43,4695.52,7.9099999999998545,108.16299999999993,0.07313036805561847,False,2026-05-13 08:03:00,0.13,-8.039999999999855,2026-05-13 08:30:00,-0.35714285714285715,2,-0.39737991266375544,0.0141453177149279,-0.13008145114317946,0.05,0.009245305696032846,2.0,1.0155649053651117
2026-05-13,8,484,1,4707.35,4707.35,4693.75,13.600000000000364,108.16299999999993,0.12573615746605007,False,2026-05-13 09:04:00,0.13,-13.730000000000365,2026-05-13 12:14:00,-0.3125,2,0.1455223880597015,-0.11528896202953194,0.03559442692972982,0.05,0.009245305696032846,2.0,-0.17660782717154033
2026-05-13,9,547,-1,4699.19,4715.44,4699.19,16.25,108.16299999999993,0.15023621756053374,True,2026-05-13 10:07:00,0.13,10.379999999999308,2026-05-13 23:57:00,0.2777777777777778,3,-0.21221864951768488,0.11528896202953194,0.039847267549905266,0.025,0.0,1.0,1.2700767762208847
2026-05-14,3,180,1,4706.89,4706.89,4689.57,17.32000000000062,103.89099999999999,0.16671318978545419,False,2026-05-14 04:00:00,0.13,-17.450000000000617,2026-05-14 04:06:00,0.36363636363636365,1,0.012048192771084338,0.05332511959649983,0.09038319007421555,0.10526315789473684,0.009625472851353824,1.0,-1.450803370400018
2026-05-14,4,288,-1,4683.63,4707.02,4683.63,23.390000000000327,103.89099999999999,0.2251398099931691,True,2026-05-14 05:48:00,0.13,-23.520000000000326,2026-05-14 07:27:00,-0.21052631578947367,1,0.022598870056497175,-0.02444870104243836,0.10462888989421501,0.04,0.009625472851353824,2.0,-1.3860136451647918
2026-05-14,5,339,-1,4680.03,4699.69,4680.03,19.659999999999854,103.89099999999999,0.18923679625761478,True,2026-05-14 06:39:00,0.13,-19.789999999999853,2026-05-14 07:25:00,-0.18181818181818182,1,0.08256880733944955,-0.014823228191084538,0.12965511930773846,0.03571428571428571,0.009625472851353824,2.0,-1.4786044913368734
2026-05-14,6,360,-1,4674.0,4693.43,4674.0,19.43000000000029,103.89099999999999,0.1870229375018076,True,2026-05-14 07:00:00,0.13,-19.56000000000029,2026-05-14 07:25:00,-0.08695652173913043,2,-0.22466960352422907,0.014053190362976933,0.1588203020473381,0.11764705882352941,0.009625472851353824,1.0,-1.3235020410276277
2026-05-14,7,575,1,4712.71,4712.71,4668.75,43.960000000000036,103.89099999999999,0.4231357865455144,False,2026-05-14 10:35:00,0.13,-44.09000000000004,2026-05-14 16:42:00,0.21052631578947367,2,-0.02564102564102564,0.02444870104243836,0.17527986062315348,0.17777777777777778,0.05775283710812294,1.0,-1.1086429628042513
2026-05-14,8,480,-1,4689.26,4704.3,4689.26,15.039999999999964,103.89099999999999,0.14476711168436115,True,2026-05-14 09:00:00,0.13,-15.169999999999964,2026-05-14 10:27:00,-0.12903225806451613,0,-0.012345679012345678,-0.014823228191084538,0.04081200488973811,0.24444444444444444,0.04812736425676912,1.0,1.4068842552095946
2026-05-14,9,566,1,4702.44,4702.44,4686.23,16.210000000000036,103.89099999999999,0.15602891492044582,False,2026-05-14 10:26:00,0.13,-16.340000000000035,2026-05-14 16:30:00,0.10810810810810811,1,-0.06382978723404255,0.02444870104243836,0.0764262544397455,0.24444444444444444,0.05775283710812294,1.0,0.5214263972714255
2026-05-14,10,661,-1,4690.86,4718.89,4690.86,28.030000000000655,103.89099999999999,0.269802004023454,True,2026-05-14 12:01:00,0.13,39.54000000000007,2026-05-14 23:57:00,-0.09090909090909091,2,-0.07456140350877193,-0.02444870104243836,0.03503672117893107,0.23529411764705882,0.05775283710812294,1.0,1.3444128058565683
2026-05-15,2,121,-1,4646.98,4665.36,4646.98,18.38000000000011,100.58399999999992,0.18273284021315642,True,2026-05-15 03:01:00,0.13,108.21999999999946,2026-05-15 23:56:00,-0.5,2,0.2564102564102564,-0.05597311699674017,0.11453113815318983,0.05,0.009941939075797351,2.0,-1.5067980116695052
2026-05-15,3,187,-1,4613.6,4658.21,4613.6,44.60999999999967,100.58399999999992,0.4435099021713166,True,2026-05-15 04:07:00,0.13,74.84000000000026,2026-05-15 23:56:00,-0.16666666666666666,0,0.6402439024390244,-0.05597311699674017,0.44639306450329747,0.22641509433962265,0.009941939075797351,1.0,-1.2682608713267929
2026-05-15,4,403,-1,4607.26,4631.56,4607.26,24.300000000000182,100.58399999999992,0.24158911954187745,True,2026-05-15 07:43:00,0.13,68.50000000000011,2026-05-15 23:56:00,0.07692307692307693,2,-0.5045317220543807,0.3814722023383433,0.07197963890877065,0.1864406779661017,0.009941939075797351,5.0,-0.14131018358764472
2026-05-15,5,334,-1,4609.4,4623.49,4609.4,14.090000000000146,100.58399999999992,0.14008192157798613,True,2026-05-15 06:34:00,0.13,70.63999999999953,2026-05-15 23:56:00,-0.0,3,-0.5778546712802768,0.3814722023383433,0.05070388928657011,0.1864406779661017,0.009941939075797351,3.0,0.9698980599025326
2026-05-15,6,382,-1,4607.48,4622.33,4607.48,14.850000000000364,100.58399999999992,0.14763779527559429,True,2026-05-15 07:22:00,0.13,68.71999999999946,2026-05-15 23:56:00,0.08,1,-0.25617283950617287,0.35164638511095125,0.0996182295394938,0.1864406779661017,0.009941939075797351,4.0,-0.35788920635747895
2026-05-15,7,421,-1,4604.42,4621.61,4604.42,17.1899999999996,100.58399999999992,0.1709019327129525,True,2026-05-15 08:01:00,0.13,65.65999999999997,2026-05-15 23:56:00,0.21428571428571427,4,-0.4269340974212034,0.3814722023383433,0.10021474588403659,0.1774193548387097,0.009941939075797351,3.0,-0.5989692771616151
2026-05-15,8,480,-1,4558.02,4606.56,4558.02,48.539999999999964,100.58399999999992,0.4825817227392031,True,2026-05-15 09:00:00,0.13,19.26000000000033,2026-05-15 23:56:00,0.3870967741935484,7,-0.17452830188679244,0.3814722023383433,0.5615207190010301,0.2777777777777778,0.009941939075797351,1.0,-0.7528249254621303
2026-05-15,9,551,1,4580.49,4580.49,4556.38,24.109999999999673,100.58399999999992,0.2397001511174709,False,2026-05-15 10:11:00,0.13,-24.23999999999967,2026-05-15 11:17:00,-0.3333333333333333,1,0.014256619144602852,-0.3814722023383433,-0.3381253479678701,0.19090909090909092,0.019883878151594703,1.0,-0.12345773419511905
2026-05-15,10,601,-1,4566.01,4588.72,4566.01,22.710000000000036,100.58399999999992,0.22578143641135823,True,2026-05-15 11:01:00,0.13,27.25000000000011,2026-05-15 23:56:00,0.4,3,0.06390977443609022,0.3814722023383433,0.4820846257854114,0.19090909090909092,0.009941939075797351,1.0,0.04324424938627053
2026-05-19,2,122,1,4588.96,4588.96,4573.8,15.159999999999854,102.63399999999983,0.14770933608745523,True,2026-05-19 03:02:00,0.13,-15.289999999999855,2026-05-19 03:24:00,0.75,1,0.5909090909090909,0.05466024904027595,0.1506323440575254,0.18181818181818182,0.03897343960091204,2.0,-0.7071067806865474
2026-05-19,3,180,-1,4561.32,4589.27,4561.32,27.950000000000728,102.63399999999983,0.27232690921138,False,2026-05-19 04:00:00,0.13,79.2399999999999,2026-05-19 23:57:00,0.18181818181818182,3,-0.34234234234234234,-0.05466024904027595,0.11867412358478001,0.2413793103448276,0.00974335990022801,1.0,-1.4129533087248771
2026-05-19,4,251,-1,4554.2,4572.35,4554.2,18.150000000000546,102.63399999999983,0.1768419821891437,False,2026-05-19 05:11:00,0.13,72.12,2026-05-19 23:57:00,0.375,2,-0.011235955056179775,-0.03517352923981993,0.16856012627394637,0.027777777777777776,0.00974335990022801,2.0,-1.7676489657462564
2026-05-19,5,300,-1,4546.03,4563.9,4546.03,17.86999999999989,102.63399999999983,0.17411384141707348,False,2026-05-19 06:00:00,0.13,63.949999999999925,2026-05-19 23:57:00,0.631578947368421,5,-0.04225352112676056,-0.0059434495391358965,0.21893329695812588,0.13636363636363635,0.00974335990022801,1.0,-1.878821856882568
2026-05-19,6,360,-1,4543.75,4555.06,4543.75,11.3100000000004,102.63399999999983,0.1101974004715827,False,2026-05-19 07:00:00,0.13,-11.440000000000401,2026-05-19 10:09:00,0.5217391304347826,1,0.0975609756097561,-0.0059434495391358965,0.24114815753064325,0.0425531914893617,0.00974335990022801,1.0,-2.485171241594575
2026-05-19,8,498,1,4546.58,4546.58,4531.0,15.579999999999927,102.63399999999983,0.1518015472455517,True,2026-05-19 09:18:00,0.13,-15.709999999999928,2026-05-19 13:43:00,-0.48484848484848486,2,0.5688622754491018,-0.23764054796656436,0.030009548492701564,0.05084745762711865,0.01948671980045602,1.0,-0.33390704654959846
2026-05-19,9,549,1,4553.97,4553.97,4533.52,20.449999999999818,102.63399999999983,0.19925170995966104,True,2026-05-19 10:09:00,0.13,-20.579999999999817,2026-05-19 13:42:00,-0.3888888888888889,1,0.5498652291105122,-0.22789718806633635,0.09226961825516174,0.05084745762711865,0.01948671980045602,1.0,0.7067950588531425
2026-05-19,10,623,-1,4541.43,4559.37,4541.43,17.9399999999996,102.63399999999983,0.1747958766100866,False,2026-05-19 11:23:00,0.13,59.35000000000047,2026-05-19 23:57:00,0.43902439024390244,2,-0.5529953917050692,0.22789718806633635,0.029912114893697158,0.05084745762711865,0.00974335990022801,1.0,1.222434919728352
2026-05-20,2,128,-1,4479.88,4496.43,4479.88,16.550000000000182,107.77199999999985,0.15356493337787372,True,2026-05-20 03:08:00,0.13,-16.68000000000018,2026-05-20 03:25:00,-0.25,2,0.14705882352941177,-0.023568273763129265,0.052147125412907794,0.15,0.018557695876480002,1.0,0.328305392919109
2026-05-20,3,207,-1,4479.73,4508.86,4479.73,29.13000000000011,107.77199999999985,0.27029284044093227,True,2026-05-20 04:27:00,0.13,-29.260000000000108,2026-05-20 17:22:00,-0.15384615384615385,2,-0.31543624161073824,-0.023568273763129265,0.053538952603648854,0.0625,0.009278847938240001,1.0,0.16600110019523795
2026-05-20,4,306,-1,4456.11,4506.13,4456.11,50.02000000000044,107.77199999999985,0.46412797387076893,True,2026-05-20 06:06:00,0.13,-50.15000000000044,2026-05-20 16:14:00,-0.0,0,-0.033210332103321034,0.004268270051590738,0.24486879709015666,0.05660377358490566,0.009278847938240001,1.0,-1.422196241893827
2026-05-20,5,306,-1,4458.56,4487.0,4458.56,28.4399999999996,107.77199999999985,0.2638904353635419,True,2026-05-20 06:06:00,0.13,-28.5699999999996,2026-05-20 11:30:00,-0.0,0,-0.033210332103321034,0.004268270051590738,0.22213561964146192,0.05660377358490566,0.009278847938240001,1.0,-0.7306696288628837
2026-05-20,6,360,1,4467.18,4467.18,4453.64,13.539999999999964,107.77199999999985,0.12563560108376928,False,2026-05-20 07:00:00,0.13,76.51999999999964,2026-05-20 23:57:00,0.0,3,0.006622516556291391,-0.013547117989830739,-0.1328731024755941,0.07142857142857142,0.02783654381472,1.0,-0.47214665938815625
2026-05-20,7,421,1,4470.71,4470.71,4456.82,13.890000000000327,107.77199999999985,0.12888319786215666,False,2026-05-20 08:01:00,0.13,72.9899999999999,2026-05-20 23:57:00,0.0,1,0.636094674556213,-0.18056638087815077,0.06690049363471075,0.07142857142857142,0.02783654381472,1.0,-0.3102891167071296
2026-05-20,8,516,-1,4461.71,4478.99,4461.71,17.279999999999745,107.77199999999985,0.16033849237278486,True,2026-05-20 09:36:00,0.13,-17.409999999999744,2026-05-20 10:01:00,-0.11764705882352941,1,-0.6951219512195121,0.18056638087815077,0.016609137809449264,0.07142857142857142,0.009278847938240001,1.0,0.6931679181836595
2026-05-20,9,541,1,4478.47,4478.47,4461.48,16.99000000000069,107.77199999999985,0.15764762647070404,False,2026-05-20 10:01:00,0.13,65.22999999999968,2026-05-20 23:57:00,0.16666666666666666,2,0.7,-0.18056638087815077,0.13890435363545517,0.07142857142857142,0.02783654381472,1.0,0.5560025191890442
2026-05-20,10,624,1,4486.03,4486.03,4472.04,13.989999999999782,107.77199999999985,0.1298110826559756,False,2026-05-20 11:24:00,0.13,-14.119999999999783,2026-05-20 17:12:00,0.24390243902439024,2,-0.27835051546391754,-0.013547117989830739,0.04203318116022484,0.07142857142857142,0.02783654381472,1.0,0.2525739342529271
2026-05-21,2,120,1,4547.33,4547.33,4534.66,12.670000000000073,100.02199999999985,0.12667213213093212,True,2026-05-21 03:00:00,0.1,-12.770000000000072,2026-05-21 05:33:00,0.2857142857142857,2,0.13559322033898305,-0.05128871648237505,0.06828497730499228,0.13333333333333333,0.009997800483893558,1.0,-0.864997479707235
2026-05-21,3,190,1,4553.25,4553.25,4537.39,15.859999999999673,100.02199999999985,0.15856511567454856,True,2026-05-21 04:10:00,0.13,-15.989999999999673,2026-05-21 05:30:00,0.3333333333333333,0,-0.16216216216216217,-0.02129531503069437,0.0974785547179622,0.2,0.009997800483893558,1.0,-1.1970575908736663
2026-05-21,4,269,-1,4539.93,4570.73,4539.93,30.799999999999272,100.02199999999985,0.30793225490391435,False,2026-05-21 05:29:00,0.13,-2.8199999999995997,2026-05-21 23:57:00,-0.11764705882352941,3,-0.25555555555555554,0.02129531503069437,0.03569214772749709,0.08108108108108109,0.019995600967787117,1.0,1.5810293438215621
2026-05-21,5,350,-1,4531.55,4564.94,4531.55,33.38999999999942,100.02199999999985,0.3338265581572001,False,2026-05-21 06:50:00,0.13,-11.19999999999971,2026-05-21 23:57:00,0.08695652173913043,2,-0.336283185840708,0.05128871648237505,0.08948031433084554,0.05,0.019995600967787117,4.0,-0.45539989968634276
2026-05-21,6,390,1,4540.3,4540.3,4527.25,13.050000000000182,100.02199999999985,0.13047129631481275,True,2026-05-21 07:30:00,0.13,-13.180000000000183,2026-05-21 08:18:00,0.08,2,0.22672064777327935,-0.05128871648237505,-0.001999560096776893,0.045454545454545456,0.0,1.0,2.430126612338393
2026-05-21,7,421,1,4540.31,4540.31,4527.43,12.88000000000011,100.02199999999985,0.12877167023255012,True,2026-05-21 08:01:00,0.13,-13.01000000000011,2026-05-21 08:18:00,0.07142857142857142,2,0.2900763358778626,-0.061286516966268606,0.008098218391957783,0.045454545454545456,0.0,1.0,2.285649819789331
2026-05-21,8,546,-1,4518.54,4540.35,4518.54,21.8100000000004,100.02199999999985,0.21805202855372252,False,2026-05-21 10:06:00,0.13,-21.9400000000004,2026-05-21 12:13:00,-0.0,3,0.042134831460674156,0.061286516966268606,0.20955389814240935,0.03773584905660377,0.019995600967787117,3.0,-0.8324174844527714
2026-05-21,9,546,-1,4518.92,4539.95,4518.92,21.029999999999745,100.02199999999985,0.21025374417627898,False,2026-05-21 10:06:00,0.13,-21.159999999999744,2026-05-21 12:13:00,-0.0,3,0.042134831460674156,0.061286516966268606,0.2057547339585287,0.03773584905660377,0.019995600967787117,3.0,-0.8324174844527714
2026-05-21,10,606,1,4524.42,4524.42,4512.05,12.36999999999989,100.02199999999985,0.12367279198576223,True,2026-05-21 11:06:00,0.13,-12.499999999999892,2026-05-21 13:27:00,0.0,3,-0.1278772378516624,-0.061286516966268606,-0.15076683129711413,0.03389830508474576,0.0,1.0,-0.1433096992101374
2026-05-22,2,120,-1,4532.66,4545.14,4532.66,12.480000000000473,100.28399999999984,0.12444657173627392,True,2026-05-22 03:00:00,0.1,24.549999999999635,2026-05-22 23:56:00,0.5714285714285714,3,-0.13043478260869565,0.04397511068565137,0.07817797455227313,0.13333333333333333,0.009971680427585674,1.0,-1.1683564595783227
2026-05-22,3,185,-1,4525.7,4541.1,4525.7,15.400000000000546,100.28399999999984,0.15356387858482481,True,2026-05-22 04:05:00,0.13,17.5599999999996,2026-05-22 23:56:00,0.3333333333333333,2,-0.20652173913043478,0.09383351282357973,0.09772246819034142,0.09090909090909091,0.009971680427585674,1.0,-1.5795278876387204
2026-05-22,4,271,-1,4521.14,4536.32,4521.14,15.179999999999382,100.28399999999984,0.15137010889074434,True,2026-05-22 05:31:00,0.13,-15.309999999999382,2026-05-22 13:08:00,0.5555555555555556,3,0.028368794326241134,0.11377687367875108,0.12324997008495565,0.038461538461538464,0.009971680427585674,3.0,-1.473104975771039
2026-05-22,5,347,1,4529.44,4529.44,4518.64,10.799999999999272,100.28399999999984,0.10769414861791801,False,2026-05-22 06:47:00,0.13,-10.929999999999273,2026-05-22 08:56:00,-0.2608695652173913,2,0.26011560693641617,-0.17360695624426511,0.019345060029512216,0.06896551724137931,0.009971680427585674,1.0,0.4363896039368737
2026-05-22,6,360,1,4530.02,4530.02,4519.25,10.770000000000437,100.28399999999984,0.10739499820510205,False,2026-05-22 07:00:00,0.13,-10.900000000000437,2026-05-22 08:56:00,-0.2608695652173913,2,0.26857142857142857,-0.17360695624426511,0.02512863467752025,0.06896551724137931,0.009971680427585674,1.0,-0.014457873293094066
2026-05-22,9,610,1,4528.95,4528.95,4510.18,18.769999999999527,100.28399999999984,0.18716844162577836,False,2026-05-22 11:10:00,0.13,-18.899999999999526,2026-05-22 17:00:00,-0.05,2,-0.05828220858895705,-0.17360695624426511,0.014458936619997411,0.1,0.02991504128275702,1.0,1.3554963082397888
2026-05-22,10,609,1,4527.43,4527.43,4516.18,11.25,100.28399999999984,0.11218140481033882,False,2026-05-22 11:09:00,0.13,-11.38,2026-05-22 12:15:00,-0.05,2,-0.05846153846153846,-0.17360695624426511,-0.0006980176299280949,0.1,0.02991504128275702,1.0,2.1432725394843684
2026-05-26,2,120,-1,4555.2,4580.16,4555.2,24.960000000000036,95.61099999999979,0.2610578280741765,False,2026-05-26 03:00:00,0.1,47.99999999999945,2026-05-26 23:57:00,-0.2857142857142857,2,0.22580645161290322,-0.0347240380290941,0.19140057106400124,0.23076923076923078,0.010459047599125646,1.0,-1.0174201533519949
2026-05-26,3,212,-1,4539.64,4560.07,4539.64,20.42999999999938,95.61099999999979,0.21367834245013048,False,2026-05-26 04:32:00,0.13,32.40999999999996,2026-05-26 23:57:00,0.5714285714285714,9,-0.27941176470588236,0.2162931043499214,0.10312620932737546,0.14285714285714285,0.010459047599125646,2.0,-0.7594681087222114
2026-05-26,4,397,-1,4527.94,4550.24,4527.94,22.300000000000182,95.61099999999979,0.23323676146050382,False,2026-05-26 07:37:00,0.13,20.709999999999237,2026-05-26 23:57:00,0.46153846153846156,4,-0.12217194570135746,0.2790473899446753,0.16274278064239925,0.12962962962962962,0.010459047599125646,1.0,-1.2654057252026851
2026-05-26,6,390,-1,4532.12,4545.43,4532.12,13.3100000000004,95.61099999999979,0.13920992354436654,False,2026-05-26 07:30:00,0.13,24.889999999999528,2026-05-26 23:57:00,0.4,3,-0.15348837209302327,0.2790473899446753,0.119023961678051,0.16666666666666666,0.010459047599125646,1.0,0.4126483219800155
2026-05-26,7,421,-1,4523.55,4543.22,4523.55,19.670000000000073,95.61099999999979,0.20572946627480224,False,2026-05-26 08:01:00,0.13,16.31999999999982,2026-05-26 23:57:00,0.5,6,-0.06437768240343347,0.2790473899446753,0.20865799960255474,0.1206896551724138,0.010459047599125646,1.0,-1.2707544083613573
2026-05-26,8,505,1,4535.1,4535.1,4523.02,12.079999999999927,95.61099999999979,0.12634529499743705,True,2026-05-26 09:25:00,0.13,-12.209999999999928,2026-05-26 10:17:00,-0.30303030303030304,2,-0.08823529411764706,-0.2790473899446753,-0.08785599983265163,0.10344827586206896,0.0,1.0,0.8540750923391277
2026-05-26,9,550,-1,4527.12,4536.22,4527.12,9.100000000000364,95.61099999999979,0.09517733315204718,False,2026-05-26 10:10:00,0.13,-9.230000000000365,2026-05-26 10:57:00,0.3333333333333333,1,-0.41216216216216217,0.38363786593593174,0.06672872368242276,0.10344827586206896,0.010459047599125646,3.0,0.8564742759991721
2026-05-26,10,629,-1,4521.73,4539.02,4521.73,17.290000000000873,95.61099999999979,0.18083693298889156,False,2026-05-26 11:29:00,0.13,-17.420000000000872,2026-05-26 13:50:00,0.3902439024390244,2,-0.5925925925925926,0.42547405633243435,0.08126679984521083,0.11666666666666667,0.010459047599125646,1.0,-1.0938071996975156
2026-05-27,2,241,-1,4504.52,4527.99,4504.52,23.469999999999345,91.8529999999998,0.25551696732822443,True,2026-05-27 05:01:00,0.13,48.320000000000725,2026-05-27 23:57:00,0.25,3,0.2824858757062147,0.20336842563661864,0.1521997104068413,0.2926829268292683,0.11975656755903481,1.0,0.24411591772989388
2026-05-27,3,181,-1,4514.19,4525.89,4514.19,11.700000000000728,91.8529999999998,0.12737744004007223,True,2026-05-27 04:01:00,0.13,57.98999999999989,2026-05-27 23:57:00,-0.0,1,0.21768707482993196,0.20336842563661864,0.04692280056177163,0.2926829268292683,0.11975656755903481,1.0,0.6907699473061748
2026-05-27,4,241,-1,4506.93,4521.16,4506.93,14.229999999999563,91.8529999999998,0.15492145057863754,True,2026-05-27 05:01:00,0.13,50.73000000000058,2026-05-27 23:57:00,0.25,3,0.2824858757062147,0.20336842563661864,0.12596213515072707,0.2926829268292683,0.11975656755903481,1.0,0.6015713686915244
2026-05-27,5,303,1,4509.68,4509.68,4498.15,11.530000000000655,91.8529999999998,0.12552665672324997,False,2026-05-27 06:03:00,0.13,-11.660000000000656,2026-05-27 06:58:00,-0.3,1,0.4380952380952381,-0.33401195388283844,0.03462053498525142,0.2682926829268293,0.0,1.0,0.9303170456930807
2026-05-27,6,360,-1,4496.74,4511.97,4496.74,15.230000000000473,91.8529999999998,0.16580841126583243,True,2026-05-27 07:00:00,0.13,-15.360000000000474,2026-05-27 07:46:00,0.34782608695652173,2,-0.4641350210970464,0.3448989145700234,0.09536977561974283,0.3023255813953488,0.11975656755903481,1.0,-1.2131161917348507
2026-05-27,7,453,-1,4495.91,4517.32,4495.91,21.409999999999854,91.8529999999998,0.2330898283126289,True,2026-05-27 08:33:00,0.13,39.71000000000014,2026-05-27 23:57:00,0.4,3,-0.3581081081081081,0.3448989145700234,0.10440595299010556,0.2727272727272727,0.11975656755903481,1.0,-1.1764916145250401
2026-05-27,8,498,-1,4491.76,4513.88,4491.76,22.11999999999989,91.8529999999998,0.24081957040053062,True,2026-05-27 09:18:00,0.13,35.56000000000051,2026-05-27 23:57:00,0.42424242424242425,6,-0.23692307692307693,0.3448989145700234,0.14958683984191928,0.22916666666666666,0.11975656755903481,2.0,-1.000935694843615
2026-05-27,9,589,-1,4480.03,4499.25,4480.03,19.220000000000255,91.8529999999998,0.20924738440769813,True,2026-05-27 10:49:00,0.13,23.830000000000037,2026-05-27 23:57:00,0.358974358974359,2,-0.05511811023622047,0.3448989145700234,0.27729088870260427,0.1864406779661017,0.11975656755903481,3.0,-0.7870642159945047
2026-05-27,10,602,1,4489.24,4489.24,4475.85,13.389999999999418,91.8529999999998,0.1457764036014006,False,2026-05-27 11:02:00,0.13,-13.519999999999419,2026-05-27 13:30:00,-0.35,1,0.017721518987341773,-0.3448989145700234,-0.17702198077363018,0.25,0.05443480343592491,1.0,-0.7106116634717092
2026-05-28,2,151,-1,4443.92,4457.88,4443.92,13.960000000000036,99.83999999999969,0.13982371794871876,True,2026-05-28 03:31:00,0.13,-14.090000000000037,2026-05-28 03:59:00,0.8,1,0.1927710843373494,0.019731570512823125,0.11598557692307655,0.24,0.05008012820512836,1.0,-1.557924396069559
2026-05-28,3,180,1,4457.94,4457.94,4443.56,14.3799999999992,99.83999999999969,0.14403044871794116,False,2026-05-28 04:00:00,0.13,-14.5099999999992,2026-05-28 04:09:00,-0.5454545454545454,1,0.07142857142857142,-0.04977964743590014,0.05448717948717565,0.2,0.0,1.0,1.0408329992122332
2026-05-28,4,241,-1,4406.99,4458.95,4406.99,51.960000000000036,99.83999999999969,0.5204326923076943,True,2026-05-28 05:01:00,0.13,-52.09000000000004,2026-05-28 17:13:00,0.75,4,0.14772727272727273,0.06981169871795148,0.43579727564102916,0.3387096774193548,0.05008012820512836,1.0,-0.861562092080024
2026-05-28,5,301,-1,4392.64,4412.69,4392.64,20.049999999999272,99.83999999999969,0.20082131410255744,True,2026-05-28 06:01:00,0.13,-20.17999999999927,2026-05-28 15:51:00,0.7,2,0.3273542600896861,0.06981169871795148,0.5795272435897421,0.27631578947368424,0.05008012820512836,1.0,-0.9890304134595438
2026-05-28,6,380,-1,4368.48,4397.86,4368.48,29.38000000000011,99.83999999999969,0.2942708333333353,True,2026-05-28 07:20:00,0.13,-29.510000000000108,2026-05-28 12:21:00,0.88,1,0.4880546075085324,0.06981169871795148,0.82151442307693,0.23,0.05008012820512836,1.0,-1.0917554015877564
2026-05-28,7,450,1,4382.09,4382.09,4366.42,15.670000000000073,99.83999999999969,0.156951121794873,False,2026-05-28 08:30:00,0.13,114.13999999999953,2026-05-28 23:57:00,-0.6896551724137931,1,-0.5481927710843374,-0.06981169871795148,-0.6851963141025648,0.22549019607843138,0.010016025641025671,1.0,-0.11832369604635123
2026-05-28,8,561,1,4395.84,4395.84,4367.23,28.610000000000582,99.83999999999969,0.28655849358975033,False,2026-05-28 10:21:00,0.13,100.38999999999953,2026-05-28 23:57:00,-0.3783783783783784,4,0.714622641509434,-0.8210136217948769,0.20372596153846362,0.20588235294117646,0.010016025641025671,1.0,-0.058179125634911365
2026-05-28,9,548,1,4390.69,4390.69,4374.35,16.339999999999236,99.83999999999969,0.16366185897435184,False,2026-05-28 10:08:00,0.13,105.54000000000008,2026-05-28 23:57:00,-0.4444444444444444,3,0.7055961070559611,-0.8210136217948769,0.15214342948717596,0.20588235294117646,0.010016025641025671,1.0,0.3686824831099422
2026-05-28,10,681,1,4396.33,4396.33,4382.97,13.359999999999673,99.83999999999969,0.1338141025640997,False,2026-05-28 12:21:00,0.13,-13.489999999999673,2026-05-28 13:49:00,-0.35555555555555557,2,0.12090163934426229,-0.6707732371794918,0.05839342948717894,0.20588235294117646,0.010016025641025671,1.0,-0.21313412228814754
2026-05-29,5,306,-1,4498.42,4511.2,4498.42,12.779999999999745,107.40399999999973,0.11898998175114314,False,2026-05-29 06:06:00,0.13,-12.909999999999746,2026-05-29 07:24:00,0.2,1,-0.4166666666666667,0.005493277717777243,-0.027187069382891515,0.15625,0.04655320099810075,2.0,0.5025707108880868
2026-05-29,7,420,1,4514.86,4514.86,4501.09,13.769999999999527,107.40399999999973,0.12820751554876506,True,2026-05-29 08:00:00,0.13,26.230000000000583,2026-05-29 23:56:00,0.0,0,0.37850467289719625,0.0038173624818429066,0.1709433540650229,0.15625,0.0,1.0,-0.8776691654890375
2026-05-29,9,575,1,4524.08,4524.08,4510.15,13.930000000000291,107.40399999999973,0.1296972179807114,True,2026-05-29 10:35:00,0.13,-14.060000000000292,2026-05-29 11:50:00,0.15789473684210525,1,0.5830721003134797,0.0038173624818429066,0.25678745670552305,0.027777777777777776,0.0,1.0,-2.1795685371153666
2026-05-29,10,650,-1,4510.77,4526.17,4510.77,15.399999999999636,107.40399999999973,0.1433838590741469,False,2026-05-29 11:50:00,0.13,-15.529999999999637,2026-05-29 12:13:00,-0.09302325581395349,1,-0.6295264623955432,-0.0038173624818429066,-0.1328628356485836,0.0,0.0,2.0,0.6750286751594012
2026-06-02,3,181,-1,4476.81,4497.15,4476.81,20.339999999999236,102.11299999999983,0.19919109222135545,True,2026-06-02 04:01:00,0.13,-20.469999999999235,2026-06-02 06:29:00,0.3333333333333333,2,0.23,0.017823391732685476,0.08510179898739254,0.2727272727272727,0.03917228952239193,1.0,-0.9275204133586166
2026-06-02,4,301,1,4492.4,4492.4,4462.96,29.4399999999996,102.11299999999983,0.28830805088480066,False,2026-06-02 06:01:00,0.13,-4.289999999999854,2026-06-02 23:57:00,0.0,1,0.2692307692307692,-0.0569956812550774,0.10674448894851443,0.3888888888888889,0.09793072380597981,1.0,-0.32305108832716944
2026-06-02,5,300,1,4486.62,4486.62,4472.39,14.229999999999563,102.11299999999983,0.139355419975905,False,2026-06-02 06:00:00,0.13,1.489999999999891,2026-06-02 23:57:00,-0.10526315789473684,0,0.24378109452736318,-0.0569956812550774,0.050140530588660595,0.3888888888888889,0.09793072380597981,1.0,1.1899788557147666
2026-06-02,6,360,1,4499.39,4499.39,4485.74,13.650000000000546,102.11299999999983,0.1336754379951678,False,2026-06-02 07:00:00,0.13,-13.780000000000546,2026-06-02 20:36:00,0.17391304347826086,2,0.3504273504273504,-0.0569956812550774,0.1751980648889011,0.2631578947368421,0.09793072380597981,2.0,-0.7795462189405067
2026-06-02,7,431,1,4518.22,4518.22,4497.79,20.43000000000029,102.11299999999983,0.2000724687356196,False,2026-06-02 08:11:00,0.13,-20.56000000000029,2026-06-02 17:16:00,0.39285714285714285,2,-0.040293040293040296,-0.017823391732685476,0.32042932829316845,0.2807017543859649,0.09793072380597981,2.0,-0.5815404204647636
2026-06-02,8,501,1,4528.22,4528.22,4515.23,12.990000000000691,102.11299999999983,0.12721201022397455,False,2026-06-02 09:21:00,0.13,-13.120000000000692,2026-06-02 15:54:00,0.42424242424242425,2,0.10126582278481013,-0.017823391732685476,0.4183600520991483,0.26865671641791045,0.09793072380597981,1.0,-0.8323803114591838
2026-06-02,9,550,1,4538.21,4538.21,4516.96,21.25,102.11299999999983,0.2081027880877071,False,2026-06-02 10:10:00,0.13,-21.38,2026-06-02 15:53:00,0.5555555555555556,5,0.1744186046511628,-0.017823391732685476,0.5161928451813199,0.23376623376623376,0.09793072380597981,2.0,-0.5847399577374149
2026-06-02,10,648,-1,4528.03,4541.51,4528.03,13.480000000000473,102.11299999999983,0.13201061569046543,True,2026-06-02 11:48:00,0.13,39.65999999999996,2026-06-02 23:57:00,-0.32558139534883723,3,-0.27365728900255754,0.017823391732685476,-0.41649936834682966,0.2125,0.009793072380597982,1.0,0.02702824575526558
2026-06-03,2,159,1,4488.69,4488.69,4462.27,26.419999999999163,97.53399999999984,0.2708798982918696,True,2026-06-03 03:39:00,0.13,-26.549999999999162,2026-06-03 08:30:00,0.0,5,0.3465346534653465,-0.16681362396703164,0.14548772735661025,0.03125,0.0,1.0,2.419152084890695
2026-06-03,3,182,-1,4473.9,4496.75,4473.9,22.850000000000364,97.53399999999984,0.23427727766727913,False,2026-06-03 04:02:00,0.13,39.77999999999985,2026-06-03 23:57:00,0.16666666666666666,2,-0.5037037037037037,0.16681362396703164,0.006151700945315119,0.0,0.0,2.0,0.08797691783054375
2026-06-03,4,305,1,4487.54,4487.54,4463.39,24.149999999999636,97.53399999999984,0.2476059630487797,True,2026-06-03 06:05:00,0.13,-24.279999999999635,2026-06-03 08:30:00,0.2,1,0.3548387096774194,-0.16681362396703164,0.13369696721143381,0.0,0.0,2.0,0.6997408844127901
2026-06-03,5,302,1,4485.14,4485.14,4472.86,12.280000000000655,97.53399999999984,0.12590481268071313,True,2026-06-03 06:02:00,0.13,-12.410000000000656,2026-06-03 07:36:00,0.2,1,0.34579439252336447,-0.16681362396703164,0.10909016343019198,0.0,0.0,2.0,-0.04462662849200195
2026-06-03,7,420,-1,4468.36,4488.18,4468.36,19.82000000000062,97.53399999999984,0.2032111878934592,False,2026-06-03 08:00:00,0.13,34.23999999999989,2026-06-03 23:57:00,-0.0,2,-0.3793103448275862,0.16681362396703164,0.06295240634035656,0.0,0.0,2.0,-0.4233276313733064
2026-06-03,8,525,-1,4456.7,4474.22,4456.7,17.520000000000437,97.53399999999984,0.17962966760309704,False,2026-06-03 09:45:00,0.13,22.580000000000037,2026-06-03 23:57:00,0.17647058823529413,1,-0.08408408408408409,0.16681362396703164,0.18250046137757306,0.0,0.0,2.0,-1.7454139960494233
2026-06-03,9,550,1,4470.91,4470.91,4455.33,15.579999999999927,97.53399999999984,0.15973916787991832,True,2026-06-03 10:10:00,0.13,-15.709999999999928,2026-06-03 10:30:00,-0.16666666666666666,1,0.0226628895184136,-0.16681362396703164,-0.036807677322781306,0.023809523809523808,0.010252834908852315,2.0,1.0158048670190982
2026-06-03,10,600,-1,4452.9,4472.22,4452.9,19.32000000000062,97.53399999999984,0.19808477043903305,False,2026-06-03 11:00:00,0.13,18.779999999999855,2026-06-03 23:57:00,0.2564102564102564,0,0.07908163265306123,0.16681362396703164,0.22146123403121373,0.044444444444444446,0.0,1.0,-1.9847699240575192
2026-06-04,2,122,1,4464.72,4464.72,4445.43,19.289999999999964,94.6579999999999,0.20378626212258852,False,2026-06-04 03:02:00,0.13,-19.419999999999963,2026-06-04 03:38:00,0.75,2,-0.06818181818181818,0.11736990006126988,0.18191806292125623,0.2682926829268293,0.05282173720129313,1.0,-1.2385587488944212
2026-06-04,3,180,-1,4444.19,4465.28,4444.19,21.090000000000146,94.6579999999999,0.22280208751505595,True,2026-06-04 04:00:00,0.13,-21.220000000000145,2026-06-04 04:12:00,-0.36363636363636365,0,-0.10084033613445378,-0.11736990006126988,0.03496799002726028,0.21428571428571427,0.010564347440258626,1.0,-0.470360433926312
2026-06-04,4,291,1,4473.7,4473.7,4443.45,30.25,94.6579999999999,0.3195715100678234,False,2026-06-04 05:51:00,0.13,1.7900000000000729,2026-06-04 23:57:00,0.21052631578947367,1,-0.4909090909090909,0.2758351116651493,0.11832069133089469,0.18,0.05282173720129313,1.0,-1.193166090365395
2026-06-04,5,306,1,4476.48,4476.48,4455.63,20.849999999999454,94.6579999999999,0.2202666441293866,False,2026-06-04 06:06:00,0.13,-0.9899999999996726,2026-06-04 23:57:00,0.2,2,-0.4199134199134199,0.2758351116651493,0.147689577214811,0.1320754716981132,0.05282173720129313,2.0,-0.8583011187235232
2026-06-04,6,391,1,4477.3,4477.3,4458.44,18.860000000000582,94.6579999999999,0.19924359272328385,False,2026-06-04 07:31:00,0.13,-18.99000000000058,2026-06-04 17:53:00,0.15384615384615385,3,-0.23550724637681159,0.2758351116651493,0.1563523421158296,0.14814814814814814,0.05282173720129313,1.0,-1.2299216159639312
2026-06-04,7,553,-1,4462.38,4484.04,4462.38,21.659999999999854,94.6579999999999,0.2288237655560003,True,2026-06-04 10:13:00,0.13,-21.789999999999853,2026-06-04 14:26:00,-0.0,0,0.008152173913043478,-0.28639945910540787,0.011832069133088508,0.13114754098360656,0.010564347440258626,1.0,1.8544486090806087
2026-06-04,8,498,-1,4466.95,4482.42,4466.95,15.470000000000255,94.6579999999999,0.16343045490080363,True,2026-06-04 09:18:00,0.13,-15.600000000000255,2026-06-04 14:26:00,-0.0,1,-0.0,-0.2758351116651493,-0.04701134610914896,0.13114754098360656,0.010564347440258626,1.0,1.1935179995217133
2026-06-04,9,553,-1,4462.96,4477.23,4462.96,14.269999999999527,94.6579999999999,0.1507532379724856,True,2026-06-04 10:13:00,0.13,-14.399999999999528,2026-06-04 14:09:00,-0.0,0,0.008152173913043478,-0.28639945910540787,0.005704747617739273,0.13114754098360656,0.010564347440258626,1.0,1.8544486090806087
2026-06-05,2,120,-1,4460.63,4474.06,4460.63,13.430000000000291,95.59399999999997,0.14048998891144104,False,2026-06-05 03:00:00,0.13,-13.560000000000292,2026-06-05 14:51:00,0.5714285714285714,5,-0.18032786885245902,0.07709688892608212,0.09278825030859567,0.13636363636363635,0.010460907588342368,1.0,-1.702099542206455
2026-06-05,3,184,1,4466.92,4466.92,4450.7,16.220000000000255,95.59399999999997,0.16967592108291588,True,2026-06-05 04:04:00,0.13,-16.350000000000254,2026-06-05 04:26:00,-0.6666666666666666,0,0.06140350877192982,-0.12940142686779396,0.02531539636378929,0.09375,0.020921815176684736,1.0,1.5625020054176524
2026-06-05,4,241,-1,4444.16,4470.01,4444.16,25.850000000000364,95.59399999999997,0.27041446115865403,False,2026-06-05 05:01:00,0.13,-25.980000000000363,2026-06-05 14:51:00,0.75,4,0.1728395061728395,0.12940142686779396,0.21277486034688528,0.05263157894736842,0.010460907588342368,1.0,-1.8411329988023453
2026-06-05,5,300,-1,4438.5,4454.99,4438.5,16.48999999999978,95.59399999999997,0.17250036613176337,False,2026-06-05 06:00:00,0.13,-16.61999999999978,2026-06-05 09:47:00,0.631578947368421,2,0.3333333333333333,0.12940142686779396,0.2719835972969016,0.06818181818181818,0.010460907588342368,1.0,-1.8665362556157832
2026-06-05,8,482,-1,4438.73,4450.01,4438.73,11.280000000000655,95.59399999999997,0.11799903759650876,False,2026-06-05 09:02:00,0.13,-11.410000000000656,2026-06-05 09:36:00,0.375,1,-0.5945945945945946,0.35954139381132605,0.03943762160805529,0.0425531914893617,0.010460907588342368,1.0,0.20912060436158128
2026-06-05,9,548,1,4456.25,4456.25,4428.85,27.399999999999636,95.59399999999997,0.28662886792057707,True,2026-06-05 10:08:00,0.13,-27.529999999999635,2026-06-05 15:51:00,-0.2777777777777778,3,0.5420289855072464,-0.35954139381132605,0.14383747933970756,0.14814814814814814,0.07322635311839658,1.0,0.3839460229918801
2026-06-05,10,630,1,4467.41,4467.41,4451.89,15.519999999999527,95.59399999999997,0.1623532857710686,True,2026-06-05 11:30:00,0.13,-15.649999999999528,2026-06-05 15:30:00,-0.14634146341463414,1,0.5969387755102041,-0.35954139381132605,0.26058120802560686,0.14814814814814814,0.07322635311839658,1.0,-0.056318081678538544
2026-06-09,2,196,1,4328.9,4328.9,4313.02,15.8799999999992,108.43600000000006,0.14644582979821452,False,2026-06-09 04:16:00,0.13,-16.0099999999992,2026-06-09 17:17:00,-0.46153846153846156,2,0.24489795918367346,-0.11094101589877658,0.07746504850787221,0.3333333333333333,0.0184440591685418,1.0,-0.24253562494809777
2026-06-09,3,183,1,4323.84,4323.84,4315.16,8.680000000000291,108.43600000000006,0.0800472167914741,False,2026-06-09 04:03:00,0.13,-8.810000000000292,2026-06-09 17:17:00,-0.5,1,0.17777777777777778,-0.11094101589877658,0.03080157881146615,0.3333333333333333,0.0184440591685418,1.0,0.6729265846463022
2026-06-09,4,271,1,4338.82,4338.82,4318.76,20.05999999999949,108.43600000000006,0.1849939134604696,False,2026-06-09 05:31:00,0.13,-20.18999999999949,2026-06-09 17:15:00,-0.2222222222222222,2,-0.09722222222222222,-0.055608838393151186,0.11361540447821482,0.07692307692307693,0.0184440591685418,3.0,-1.2664237675161933
2026-06-09,5,307,1,4340.99,4340.99,4328.28,12.710000000000036,108.43600000000006,0.11721199601608348,False,2026-06-09 06:07:00,0.13,-12.840000000000037,2026-06-09 07:30:00,-0.1,0,0.04819277108433735,-0.055608838393151186,0.13362720867608335,0.07142857142857142,0.0184440591685418,2.0,-1.8384472429180727
2026-06-09,7,452,1,4339.39,4339.39,4324.27,15.11999999999989,108.43600000000006,0.139437087314175,False,2026-06-09 08:32:00,0.13,-15.249999999999892,2026-06-09 10:15:00,0.06666666666666667,1,-0.3881856540084388,0.018167398281016024,0.04509572466708772,0.1,0.0184440591685418,1.0,-0.491288041933728
2026-06-09,8,539,-1,4330.96,4351.46,4330.96,20.5,108.43600000000006,0.18905160647755348,True,2026-06-09 09:59:00,0.13,-20.63,2026-06-09 16:48:00,0.11428571428571428,0,0.15878378378378377,-0.018167398281016024,0.03264598472831865,0.10256410256410256,0.0184440591685418,1.0,0.08906775377538158
2026-06-09,9,540,-1,4330.28,4348.86,4330.28,18.579999999999927,108.43600000000006,0.17134530967575268,True,2026-06-09 10:00:00,0.13,-18.709999999999926,2026-06-09 16:48:00,0.11428571428571428,0,0.16161616161616163,-0.018167398281016024,0.03891696484562555,0.10256410256410256,0.0184440591685418,1.0,0.3002781641114669
2026-06-10,2,152,-1,4210.51,4247.26,4210.51,36.75,111.35900000000011,0.3300137393475154,True,2026-06-10 03:32:00,0.13,139.88000000000022,2026-06-10 23:57:00,0.6,1,-0.272,0.2454224624861924,0.12562972009446716,0.10416666666666667,0.0,1.0,-1.4921247755597917
2026-06-10,3,183,-1,4199.2,4228.36,4199.2,29.159999999999854,111.35900000000011,0.26185579971084355,True,2026-06-10 04:03:00,0.13,128.56999999999982,2026-06-10 23:57:00,0.3333333333333333,1,-0.20555555555555555,0.2993022566653786,0.1733133379430505,0.03389830508474576,0.0,2.0,-0.8563339865693803
2026-06-10,4,245,-1,4183.83,4218.88,4183.83,35.05000000000018,111.35900000000011,0.31474779766341426,True,2026-06-10 05:05:00,0.13,-35.180000000000184,2026-06-10 09:07:00,0.625,5,0.16216216216216217,0.2993022566653786,0.3113354106987315,0.02666666666666667,0.0,2.0,-1.0540383385036702
2026-06-10,5,300,-1,4173.4,4192.62,4173.4,19.220000000000255,111.35900000000011,0.1725949406873287,True,2026-06-10 06:00:00,0.13,-19.350000000000254,2026-06-10 08:33:00,0.8421052631578947,1,0.21864951768488747,0.31726218805844064,0.3870365215204907,0.03529411764705882,0.0,1.0,-1.6791954823686726
2026-06-10,6,360,1,4186.54,4186.54,4173.12,13.420000000000073,111.35900000000011,0.12051113964744709,False,2026-06-10 07:00:00,0.13,-13.550000000000074,2026-06-10 07:31:00,-0.5217391304347826,3,0.7732558139534884,-0.6405409531335577,0.054238992807047096,0.023529411764705882,0.0,2.0,1.651315788550251
2026-06-10,7,449,1,4187.21,4187.21,4172.59,14.61999999999989,111.35900000000011,0.13128709848328268,False,2026-06-10 08:29:00,0.13,-14.749999999999892,2026-06-10 11:03:00,-0.3448275862068966,2,0.654639175257732,-0.6405409531335577,0.06025556982372354,0.03488372093023256,0.00897996569653103,2.0,1.3775388280397038
2026-06-10,8,480,1,4209.06,4209.06,4173.55,35.51000000000022,111.35900000000011,0.31887858188381885,False,2026-06-10 09:00:00,0.13,-35.64000000000022,2026-06-10 11:03:00,-0.1935483870967742,4,0.6832151300236406,-0.6405409531335577,0.2564678202929298,0.03488372093023256,0.00897996569653103,2.0,0.029416698705496052
2026-06-10,9,540,-1,4201.84,4221.86,4201.84,20.019999999999527,111.35900000000011,0.17977891324454698,True,2026-06-10 10:00:00,0.13,131.21000000000015,2026-06-10 23:57:00,0.22857142857142856,3,-0.7130620985010707,0.6405409531335577,-0.19163246796397349,0.03488372093023256,0.0,1.0,0.5156240984341605
2026-06-10,10,600,-1,4181.6,4207.91,4181.6,26.30999999999949,111.35900000000011,0.23626289747572685,True,2026-06-10 11:00:00,0.13,110.97000000000037,2026-06-10 23:57:00,0.41025641025641024,7,-0.4269005847953216,0.5776811932578405,0.05298179760952981,0.03488372093023256,0.0,1.0,1.78875145324372
2026-06-11,2,137,1,4064.58,4064.58,4023.81,40.76999999999998,116.95400000000014,0.3485985943191335,False,2026-06-11 03:17:00,0.13,146.6899999999997,2026-06-11 23:57:00,0.0,1,0.08888888888888889,-0.1879371376780614,0.12038921285291578,0.1,0.01710074046206199,1.0,0.1831858262947138
2026-06-11,3,180,1,4078.09,4078.09,4036.1,41.99000000000024,116.95400000000014,0.3590300460009935,False,2026-06-11 04:00:00,0.13,133.1799999999995,2026-06-11 23:57:00,0.36363636363636365,3,0.24354243542435425,-0.1879371376780614,0.23590471467414637,0.07142857142857142,0.01710074046206199,1.0,-1.4231546450259884
2026-06-11,4,279,-1,4066.36,4118.09,4066.36,51.73000000000002,116.95400000000014,0.4423106520512335,True,2026-06-11 05:39:00,0.13,-51.86000000000002,2026-06-11 20:30:00,-0.1111111111111111,4,-0.17042606516290726,0.12808454606084443,-0.07575628024693569,0.03125,0.008550370231030995,1.0,1.2141250205740672
2026-06-11,5,467,1,4102.64,4102.64,4052.59,50.05000000000018,116.95400000000014,0.4279460300631028,False,2026-06-11 08:47:00,0.13,108.62999999999931,2026-06-11 23:57:00,0.25806451612903225,2,0.13298791018998274,-0.06823195444362748,0.3261111206115249,0.03125,0.01710074046206199,1.0,-0.8021461329387207
2026-06-11,6,369,1,4078.51,4078.51,4057.02,21.490000000000236,116.95400000000014,0.18374745626485808,False,2026-06-11 07:09:00,0.13,-21.620000000000235,2026-06-11 17:11:00,0.25,3,-0.012096774193548387,-0.06823195444362748,0.11979068693674609,0.03125,0.01710074046206199,1.0,-0.3163892302080963
2026-06-11,7,452,1,4085.91,4085.91,4070.2,15.710000000000036,116.95400000000014,0.13432631632949724,False,2026-06-11 08:32:00,0.13,-15.840000000000037,2026-06-11 15:22:00,0.2,1,0.10357142857142858,-0.06823195444362748,0.18306342664637232,0.03125,0.01710074046206199,1.0,0.04280585023627553
2026-06-11,8,563,1,4106.28,4106.28,4072.7,33.57999999999993,116.95400000000014,0.2871214323580201,False,2026-06-11 10:23:00,0.13,-33.70999999999993,2026-06-11 15:20:00,0.32432432432432434,5,0.2347560975609756,-0.06823195444362748,0.35723446825247274,0.03125,0.01710074046206199,1.0,-0.4850712499443236
2026-06-11,9,544,1,4097.53,4097.53,4076.41,21.11999999999989,116.95400000000014,0.18058381927937364,False,2026-06-11 10:04:00,0.13,-21.24999999999989,2026-06-11 15:10:00,0.2222222222222222,4,0.21806853582554517,-0.06823195444362748,0.28241872873095153,0.03125,0.01710074046206199,1.0,-0.44022389265369943
2026-06-11,10,601,1,4110.59,4110.59,4091.87,18.720000000000255,116.95400000000014,0.16006293072490238,False,2026-06-11 11:01:00,0.13,-18.850000000000254,2026-06-11 11:42:00,0.35,1,0.2692867540029112,-0.06823195444362748,0.3940865639482197,0.03125,0.01710074046206199,1.0,-0.5931475585487396
2026-06-12,2,121,-1,4214.27,4245.83,4214.27,31.55999999999949,121.56400000000012,0.2596163337830234,False,2026-06-12 03:01:00,0.13,-4.5099999999991995,2026-06-12 23:56:00,-0.0,1,-0.556390977443609,-0.01916685860945613,0.010118127077091591,0.023809523809523808,0.008226119574874131,2.0,1.103949742743539
2026-06-12,3,181,-1,4200.86,4230.53,4200.86,29.670000000000073,121.56400000000012,0.2440689677865161,False,2026-06-12 04:01:00,0.13,-29.80000000000007,2026-06-12 18:25:00,-0.0,0,-0.2904761904761905,-0.01916685860945613,0.12043039057615999,0.02127659574468085,0.008226119574874131,2.0,-1.0010420542124114
2026-06-12,5,317,1,4200.1,4200.1,4182.79,17.3100000000004,121.56400000000012,0.14239412984107452,True,2026-06-12 06:17:00,0.13,-17.4400000000004,2026-06-12 08:11:00,0.09523809523809523,3,-0.191044776119403,0.01916685860945613,-0.12668224145305865,0.11842105263157894,0.06580895659899305,1.0,-0.5509100127423793
2026-06-12,6,418,-1,4189.65,4204.93,4189.65,15.280000000000655,121.56400000000012,0.12569510710408213,False,2026-06-12 07:58:00,0.13,-15.410000000000656,2026-06-12 11:13:00,0.07407407407407407,1,-0.421875,0.16180777203777477,0.0316705603632684,0.11842105263157894,0.008226119574874131,1.0,1.358370256722222
2026-06-12,7,422,-1,4189.61,4201.04,4189.61,11.430000000000291,121.56400000000012,0.09402454674081373,False,2026-06-12 08:02:00,0.13,-11.560000000000292,2026-06-12 11:04:00,0.07142857142857142,2,-0.4072164948453608,0.16180777203777477,0.031999605146263065,0.11842105263157894,0.008226119574874131,1.0,1.6278255971412008
2026-06-12,8,573,-1,4170.77,4192.91,4170.77,22.139999999999418,121.56400000000012,0.1821262873877085,False,2026-06-12 10:33:00,0.13,-22.269999999999417,2026-06-12 10:59:00,0.21052631578947367,2,-0.5725971370143149,0.2440689677865161,0.10471850218814412,0.025974025974025976,0.008226119574874131,1.0,-1.6380965190615542
2026-06-12,9,572,-1,4172.42,4185.6,4172.42,13.180000000000291,121.56400000000012,0.10842025599684346,False,2026-06-12 10:32:00,0.13,-13.310000000000292,2026-06-12 10:56:00,0.21052631578947367,2,-0.5758196721311475,0.2440689677865161,0.09114540488960479,0.025974025974025976,0.008226119574874131,1.0,-0.7140721001082012
2026-06-12,10,600,1,4194.3,4194.22,4170.26,23.960000000000036,121.56400000000012,0.1970978250139845,True,2026-06-12 11:00:00,0.13,24.219999999999455,2026-06-12 23:56:00,-0.10256410256410256,1,0.5229885057471264,-0.2440689677865161,0.08884209140864212,0.012987012987012988,0.0,1.0,0.86189080636545
2026-06-16,2,137,-1,4311.44,4319.25,4311.44,7.8100000000004,123.77000000000007,0.0631009129837634,False,2026-06-16 03:17:00,0.13,-7.9400000000004,2026-06-16 03:56:00,0.2222222222222222,3,-0.0,-0.024561687000080486,0.016643774743479025,0.06666666666666667,0.0,1.0,0.6030226889282543
2026-06-16,4,240,-1,4312.16,4325.92,4312.16,13.760000000000218,123.77000000000007,0.11117395168457793,False,2026-06-16 05:00:00,0.13,-13.890000000000219,2026-06-16 06:35:00,0.13333333333333333,3,-0.19047619047619047,-0.024561687000080486,0.0108265330855631,0.09523809523809523,0.008079502302658153,1.0,1.0547903966524264
2026-06-16,6,478,-1,4315.5,4333.17,4315.5,17.670000000000073,123.77000000000007,0.14276480568797012,False,2026-06-16 08:58:00,0.13,-17.80000000000007,2026-06-16 10:52:00,-0.0,1,-0.43089430894308944,-0.024561687000080486,-0.016159004605316305,0.06896551724137931,0.008079502302658153,1.0,1.1997900548480183
2026-06-16,7,453,-1,4321.28,4332.21,4321.28,10.930000000000291,123.77000000000007,0.08830896016805595,False,2026-06-16 08:33:00,0.13,-11.060000000000292,2026-06-16 10:31:00,-0.0,0,-0.39914163090128757,-0.024561687000080486,-0.06285852791467836,0.06896551724137931,0.008079502302658153,1.0,-0.470182962460548
2026-06-16,8,480,-1,4314.39,4330.85,4314.39,16.460000000000036,123.77000000000007,0.13298860790175349,False,2026-06-16 09:00:00,0.13,-16.590000000000035,2026-06-16 10:31:00,0.06451612903225806,1,-0.43548387096774194,-0.024561687000080486,-0.007190757049368401,0.06896551724137931,0.008079502302658153,1.0,1.5865206918611923
2026-06-17,2,120,-1,4329.57,4338.38,4329.57,8.8100000000004,120.81000000000013,0.07292442678586533,False,2026-06-17 03:00:00,0.13,-8.940000000000401,2026-06-17 03:08:00,-0.0,3,-0.05128205128205128,-0.0039731810280569735,0.03253041966724846,0.2,0.016554920950252443,2.0,-0.9891004914462664
2026-06-17,4,286,-1,4334.43,4349.69,4334.43,15.259999999999309,120.81000000000013,0.12631404685042044,False,2026-06-17 05:46:00,0.13,-15.38999999999931,2026-06-17 17:23:00,0.3157894736842105,2,-0.16541353383458646,-0.02880556245343564,0.01713434318350887,0.13636363636363635,0.016554920950252443,1.0,0.871326198198589
2026-06-17,5,313,-1,4329.81,4344.44,4329.81,14.6299999999992,120.81000000000013,0.12109924675109,False,2026-06-17 06:13:00,0.13,-14.7599999999992,2026-06-17 16:52:00,0.3,3,-0.0763888888888889,-0.02880556245343564,0.055376210578591115,0.13636363636363635,0.016554920950252443,1.0,-0.7116599946865222
2026-06-17,6,361,-1,4328.68,4334.13,4328.68,5.449999999999818,120.81000000000013,0.04511215958943641,False,2026-06-17 07:01:00,0.13,-5.579999999999818,2026-06-17 07:19:00,0.25,1,-0.39375,-0.0039731810280569735,0.039897359490105984,0.09090909090909091,0.016554920950252443,2.0,-1.336604236854311
2026-06-17,7,469,1,4334.16,4334.16,4317.72,16.4399999999996,120.81000000000013,0.1360814502110718,True,2026-06-17 08:49:00,0.13,-16.5699999999996,2026-06-17 21:04:00,-0.25806451612903225,2,0.06046511627906977,0.0039731810280569735,0.005463123913582103,0.18181818181818182,0.03310984190050489,1.0,1.1958205988600454
2026-06-17,8,502,-1,4321.19,4334.17,4321.19,12.980000000000473,120.81000000000013,0.10744143696714228,False,2026-06-17 09:22:00,0.13,-13.110000000000474,2026-06-17 12:30:00,0.30303030303030304,2,0.025423728813559324,-0.0039731810280569735,0.10189553844880711,0.18181818181818182,0.016554920950252443,1.0,-0.8936134109216529
2026-06-17,10,600,-1,4324.72,4332.9,4324.72,8.179999999999382,120.81000000000013,0.06770962668652739,False,2026-06-17 11:00:00,0.13,-8.309999999999382,2026-06-17 12:26:00,0.3076923076923077,3,-0.21223021582733814,0.020859200397321694,0.04784372154622746,0.15151515151515152,0.016554920950252443,1.0,0.2790782520161299
2026-06-18,2,121,1,4283.94,4283.94,4264.26,19.67999999999938,130.0960000000001,0.15127290616159889,False,2026-06-18 03:01:00,0.13,-19.80999999999938,2026-06-18 12:00:00,0.5,2,0.22448979591836735,0.08386114869019683,0.11868158898044205,0.23333333333333334,0.04611978846390355,1.0,-1.425354146814774
2026-06-18,3,180,1,4315.32,4315.32,4276.6,38.719999999999345,130.0960000000001,0.29762636822038585,False,2026-06-18 04:00:00,0.13,-38.84999999999935,2026-06-18 11:51:00,0.9090909090909091,5,0.4722222222222222,0.08386114869019683,0.35988808264665845,0.41935483870967744,0.04611978846390355,1.0,-0.8879535671434766
2026-06-18,4,253,1,4328.57,4328.57,4307.09,21.479999999999563,130.0960000000001,0.16510884270077134,False,2026-06-18 05:13:00,0.13,-21.609999999999562,2026-06-18 08:46:00,0.875,0,0.6328502415458938,0.08386114869019683,0.4617359488377788,0.28,0.04611978846390355,2.0,-0.4994238962427937
2026-06-18,5,300,-1,4310.48,4329.87,4310.48,19.390000000000327,130.0960000000001,0.14904378305251748,True,2026-06-18 06:00:00,0.13,102.19999999999993,2026-06-18 23:57:00,-0.5263157894736842,3,0.44017094017094016,-0.4605060878120758,0.0539601525027705,0.27631578947368424,0.0,1.0,0.5042892623198024
2026-06-18,6,362,1,4322.64,4322.64,4309.15,13.490000000000691,130.0960000000001,0.1036926577296818,False,2026-06-18 07:02:00,0.13,-13.620000000000692,2026-06-18 08:45:00,0.5833333333333334,4,-0.352059925093633,0.45281945640142524,0.047195916861397146,0.27631578947368424,0.04611978846390355,2.0,1.4541355682547248
2026-06-18,7,450,1,4324.02,4324.02,4309.82,14.200000000000728,130.0960000000001,0.10915016603124399,False,2026-06-18 08:30:00,0.13,-14.330000000000728,2026-06-18 08:44:00,0.3448275862068966,2,-0.31347962382445144,0.45281945640142524,0.0578034682080958,0.27631578947368424,0.04611978846390355,2.0,0.7687827565124713
2026-06-18,8,487,-1,4301.28,4324.7,4301.28,23.420000000000073,130.0960000000001,0.18002090763743742,True,2026-06-18 09:07:00,0.13,93.00000000000011,2026-06-18 23:57:00,-0.25,2,0.3314447592067989,-0.45281945640142524,0.11699053007010396,0.21052631578947367,0.0,1.0,-0.4147106199065991
2026-06-18,10,600,-1,4287.48,4309.47,4287.48,21.99000000000069,130.0960000000001,0.1690290247202118,True,2026-06-18 11:00:00,0.13,79.19999999999993,2026-06-18 23:57:00,-0.20512820512820512,2,0.4485981308411215,-0.45281945640142524,0.2230660435370835,0.11842105263157894,0.0,1.0,-0.9312851886834189
2026-06-19,2,126,-1,4186.89,4208.35,4186.89,21.460000000000036,133.77900000000008,0.1604138168172884,True,2026-06-19 03:06:00,0.13,31.19000000000062,2026-06-19 19:59:00,0.5,0,0.2692307692307692,0.050605849946556876,0.13163500997914218,0.25,0.02242504428946246,1.0,-1.3014480147898744
2026-06-19,6,361,-1,4146.29,4177.29,4146.29,31.0,133.77900000000008,0.23172545765777874,True,2026-06-19 07:01:00,0.13,-31.13,2026-06-19 11:25:00,0.8333333333333334,6,-0.06572769953051644,0.18515611568333162,0.30057034362642876,0.20588235294117646,0.02242504428946246,1.0,-1.0223697324064973
2026-06-19,7,420,-1,4125.14,4155.17,4125.14,30.029999999999745,133.77900000000008,0.2244746933375173,True,2026-06-19 08:00:00,0.13,-30.159999999999744,2026-06-19 10:04:00,1.037037037037037,9,0.12015503875968993,0.18515611568333162,0.4586669058671364,0.2247191011235955,0.02242504428946246,1.0,-0.9859969945164957
2026-06-19,8,489,1,4141.61,4141.61,4121.82,19.789999999999964,133.77900000000008,0.14793054216282042,False,2026-06-19 09:09:00,0.13,13.830000000000036,2026-06-19 19:59:00,-0.75,4,-0.26058631921824105,-0.18515611568333162,-0.3355534127179924,0.12903225806451613,0.029900059052616612,1.0,-0.1629284387119312
2026-06-19,9,540,1,4150.54,4150.54,4132.87,17.670000000000073,133.77900000000008,0.13208351086493442,False,2026-06-19 10:00:00,0.13,4.8999999999997454,2026-06-19 19:59:00,-0.6285714285714286,1,-0.36056338028169016,-0.18515611568333162,-0.2688015308830236,0.12903225806451613,0.029900059052616612,1.0,-0.36748868101092885
2026-06-19,10,609,1,4163.18,4163.18,4147.6,15.579999999999927,133.77900000000008,0.11646073000994116,False,2026-06-19 11:09:00,0.13,-15.709999999999928,2026-06-19 14:00:00,-0.45,2,-0.43950617283950616,-0.18515611568333162,-0.17431734427675266,0.10752688172043011,0.029900059052616612,1.0,-1.0737616512803527
2026-06-23,2,120,-1,4186.85,4195.38,4186.85,8.529999999999745,125.92100000000019,0.06774088515815259,False,2026-06-23 03:00:00,0.13,-8.659999999999746,2026-06-23 04:00:00,0.2857142857142857,1,-0.05405405405405406,0.019615473193512208,0.03692791512138269,0.3,0.007941487122878618,1.0,-1.231094031425063
2026-06-23,3,180,1,4194.65,4194.65,4178.38,16.269999999999527,125.92100000000019,0.12920799548923137,True,2026-06-23 04:00:00,0.13,-16.399999999999526,2026-06-23 04:17:00,0.0,3,-0.2987012987012987,-0.019615473193512208,0.02501568443706476,0.05555555555555555,0.0,1.0,0.2691447933579652
2026-06-23,4,250,-1,4150.17,4198.38,4150.17,48.210000000000036,125.92100000000019,0.38285909419397846,False,2026-06-23 05:10:00,0.13,40.37,2026-06-23 23:57:00,0.25,0,0.56875,0.019615473193512208,0.32822166278857273,0.20408163265306123,0.023824461368635856,1.0,-0.9587508655226648
2026-06-23,5,300,-1,4146.65,4163.51,4146.65,16.860000000000582,125.92100000000019,0.1338934728917381,False,2026-06-23 06:00:00,0.13,36.84999999999956,2026-06-23 23:57:00,0.42105263157894735,2,0.6461538461538462,0.019615473193512208,0.35617569746110894,0.22641509433962265,0.023824461368635856,1.0,-1.0877474246272951
2026-06-23,6,416,-1,4130.9,4149.7,4130.9,18.800000000000182,125.92100000000019,0.14929995791011946,False,2026-06-23 07:56:00,0.13,21.099999999999564,2026-06-23 23:57:00,0.5185185185185185,3,0.7444444444444445,0.019615473193512208,0.48125411964644715,0.14492753623188406,0.023824461368635856,1.0,-1.2692065104073478
2026-06-23,7,489,-1,4114.89,4146.97,4114.89,32.07999999999993,125.92100000000019,0.2547629069019455,False,2026-06-23 09:09:00,0.13,5.090000000000255,2026-06-23 23:57:00,0.5,2,0.8067226890756303,0.019615473193512208,0.6083973284837283,0.11764705882352941,0.023824461368635856,1.0,-1.4946860005408356
2026-06-23,8,489,-1,4115.46,4137.5,4115.46,22.039999999999964,125.92100000000019,0.17503037618824446,False,2026-06-23 09:09:00,0.13,-22.169999999999963,2026-06-23 16:52:00,0.5,2,0.8067226890756303,0.019615473193512208,0.6038706808236899,0.11764705882352941,0.023824461368635856,1.0,-1.0275966253718245
2026-06-23,9,540,-1,4110.39,4126.95,4110.39,16.55999999999949,125.92100000000019,0.13151102675486587,False,2026-06-23 10:00:00,0.13,-16.68999999999949,2026-06-23 13:00:00,0.6285714285714286,5,0.8270676691729323,0.019615473193512208,0.6441340205366821,0.10112359550561797,0.023824461368635856,2.0,-1.080300413520648
2026-06-23,10,601,-1,4096.71,4124.82,4096.71,28.109999999999673,125.92100000000019,0.22323520302411537,False,2026-06-23 11:01:00,0.13,-28.23999999999967,2026-06-23 13:00:00,0.65,4,-0.5664488017429193,0.5914025460407727,0.18098649153040341,0.11650485436893204,0.023824461368635856,2.0,-0.9021571626554469
2026-06-24,2,121,1,4104.43,4104.43,4080.92,23.51000000000022,123.9900000000002,0.18961206548915382,False,2026-06-24 03:01:00,0.13,-23.640000000000217,2026-06-24 04:03:00,-0.25,2,0.18181818181818182,-0.1253326881200092,0.055891604161628194,0.2,0.048390999274134934,2.0,1.127773052646702
2026-06-24,3,180,-1,4093.8,4112.07,4093.8,18.269999999999527,123.9900000000002,0.14735059278973706,True,2026-06-24 04:00:00,0.13,92.6500000000002,2026-06-24 23:57:00,0.18181818181818182,3,-0.26515151515151514,0.1253326881200092,0.02984111621904841,0.17142857142857143,0.0,1.0,0.09557733576519137
2026-06-24,4,270,-1,4068.54,4102.29,4068.54,33.75,123.9900000000002,0.272199370917009,True,2026-06-24 05:30:00,0.13,67.38999999999999,2026-06-24 23:57:00,0.23529411764705882,1,0.19827586206896552,0.1253326881200092,0.23356722316315826,0.06382978723404255,0.0,1.0,-1.3412137034382572
2026-06-24,5,317,-1,4052.19,4095.97,4052.19,43.779999999999745,123.9900000000002,0.35309299137026917,True,2026-06-24 06:17:00,0.13,-43.90999999999975,2026-06-24 09:12:00,0.38095238095238093,5,0.363013698630137,0.1253326881200092,0.3654326961851752,0.0,0.0,2.0,-1.0397362126279233
2026-06-24,6,441,1,4070.67,4070.67,4050.45,20.220000000000255,123.9900000000002,0.1630776675538368,False,2026-06-24 08:21:00,0.13,-20.350000000000254,2026-06-24 14:06:00,-0.27586206896551724,1,-0.4945652173913043,-0.1253326881200092,-0.21638841842083947,0.03076923076923077,0.01613033309137831,2.0,-0.6072976799943558
2026-06-24,7,429,1,4067.23,4067.23,4055.09,12.139999999999873,123.9900000000002,0.09791112186466533,False,2026-06-24 08:09:00,0.13,-12.269999999999873,2026-06-24 13:59:00,-0.35714285714285715,0,-0.4818941504178273,-0.1253326881200092,-0.2441325913380106,0.03076923076923077,0.01613033309137831,2.0,-0.19447949645982376
2026-06-24,8,487,1,4086.2,4086.2,4060.81,25.389999999999873,123.9900000000002,0.20477457859504664,False,2026-06-24 09:07:00,0.13,-25.51999999999987,2026-06-24 13:02:00,-0.125,1,-0.5463414634146342,-0.1253326881200092,-0.09113638196628893,0.03076923076923077,0.01613033309137831,2.0,0.2848900219075789
2026-06-24,9,596,-1,4075.91,4097.59,4075.91,21.68000000000029,123.9900000000002,0.17485281071054323,True,2026-06-24 10:56:00,0.13,74.75999999999988,2026-06-24 23:57:00,0.15384615384615385,0,0.02032520325203252,0.22211468666827905,0.07734494717316018,0.03076923076923077,0.0,1.0,-0.16517857138064007
2026-06-24,10,612,-1,4073.77,4090.83,4073.77,17.059999999999945,123.9900000000002,0.13759174126945656,True,2026-06-24 11:12:00,0.13,72.62,2026-06-24 23:57:00,0.15,1,0.03406813627254509,0.22211468666827905,0.09460440358093394,0.03076923076923077,0.0,1.0,-0.19690398150455188
2026-06-25,2,152,-1,3990.92,4018.67,3990.92,27.75,120.24300000000021,0.2307826651031657,True,2026-06-25 03:32:00,0.13,-27.88,2026-06-25 15:53:00,0.8,4,-0.29245283018867924,0.024367322837918474,0.0796719975383175,0.10344827586206896,0.008316492436150114,1.0,-1.7269610193393483
2026-06-25,3,217,-1,3978.61,4016.44,3978.61,37.82999999999993,120.24300000000021,0.3146129088595582,True,2026-06-25 04:37:00,0.13,-37.95999999999993,2026-06-25 15:48:00,0.5714285714285714,2,0.24378109452736318,0.024367322837918474,0.18204801942732496,0.04878048780487805,0.008316492436150114,1.0,-1.7426340480778977
2026-06-25,4,246,-1,3972.55,4005.91,3972.55,33.35999999999967,120.24300000000021,0.2774381876699651,True,2026-06-25 05:06:00,0.13,-33.489999999999675,2026-06-25 15:30:00,0.625,4,0.33624454148471616,0.024367322837918474,0.2324459635903942,0.0425531914893617,0.008316492436150114,1.0,-1.745808376427369
2026-06-25,5,351,1,3991.21,3991.21,3963.64,27.570000000000164,120.24300000000021,0.22928569646466004,False,2026-06-25 06:51:00,0.13,35.350000000000016,2026-06-25 23:57:00,-0.34782608695652173,3,0.24369747899159663,-0.16574769425247043,0.06412015668271769,0.07142857142857142,0.024949477308450346,1.0,0.20143238510794487
2026-06-25,7,424,1,3997.63,3997.63,3983.66,13.970000000000255,120.24300000000021,0.11618139933301923,False,2026-06-25 08:04:00,0.13,-14.100000000000255,2026-06-25 08:41:00,-0.2857142857142857,2,-0.35194174757281554,-0.06594978501866905,0.017714128889000653,0.07142857142857142,0.024949477308450346,1.0,1.1601594948474594
2026-06-25,8,494,-1,3980.46,4000.03,3980.46,19.570000000000164,120.24300000000021,0.1627537569754591,True,2026-06-25 09:14:00,0.13,-19.700000000000163,2026-06-25 11:22:00,0.375,4,0.38412017167381973,0.06594978501866905,0.12508004623969743,0.07142857142857142,0.008316492436150114,1.0,0.5256335072162543
2026-06-25,9,540,-1,3974.12,3989.19,3974.12,15.070000000000164,120.24300000000021,0.1253295410127836,True,2026-06-25 10:00:00,0.13,-15.200000000000164,2026-06-25 10:28:00,0.5142857142857142,7,-0.3153692614770459,0.16574769425247043,0.07800869905108898,0.07142857142857142,0.008316492436150114,1.0,0.009483846037692995
2026-06-25,10,600,1,3989.81,3989.81,3971.48,18.329999999999927,120.24300000000021,0.152441306354631,False,2026-06-25 11:00:00,0.13,36.75000000000011,2026-06-25 23:57:00,-0.5128205128205128,0,0.25,-0.16574769425247043,0.05247706727210677,0.07142857142857142,0.024949477308450346,1.0,1.1659046389554029
2026-06-26,2,124,-1,4012.61,4030.45,4012.61,17.83999999999969,108.6780000000002,0.16415465871657242,False,2026-06-26 03:04:00,0.13,-17.96999999999969,2026-06-26 09:57:00,0.5,2,-0.05747126436781609,0.05364471190121199,0.10940576749664009,0.24,0.04600747161338993,1.0,-1.0253888621422542
2026-06-26,4,251,-1,4014.34,4029.66,4014.34,15.319999999999709,108.6780000000002,0.14096689302342408,False,2026-06-26 05:11:00,0.13,-15.44999999999971,2026-06-26 09:57:00,0.375,0,0.05747126436781609,0.07204770054656796,0.07508419367305103,0.23076923076923078,0.04600747161338993,1.0,-0.16360932296896977
2026-06-26,6,372,1,4006.57,4006.57,3986.67,19.90000000000009,108.6780000000002,0.18310973702129277,True,2026-06-26 07:12:00,0.13,81.27999999999986,2026-06-26 23:56:00,-0.25,5,-0.39705882352941174,-0.07204770054656796,-0.14657980456025882,0.16666666666666666,0.027604482968033958,1.0,-0.2860122461770215
2026-06-26,7,435,1,4015.38,4015.38,3998.78,16.59999999999991,108.6780000000002,0.15274480575645374,True,2026-06-26 08:15:00,0.13,72.46999999999991,2026-06-26 23:56:00,-0.14285714285714285,0,-0.4692556634304207,-0.07204770054656796,-0.06551463957746625,0.14814814814814814,0.027604482968033958,1.0,1.4777157510910386
2026-06-26,8,502,1,4021.59,4021.59,4005.72,15.870000000000346,108.6780000000002,0.14602771490090283,True,2026-06-26 09:22:00,0.13,66.25999999999988,2026-06-26 23:56:00,-0.06060606060606061,2,-0.036312849162011177,-0.13645816080531387,0.05603710042511027,0.14814814814814814,0.027604482968033958,1.0,1.680596991096662
2026-06-26,9,541,1,4033.18,4033.18,4006.83,26.34999999999991,108.6780000000002,0.2424593754025641,True,2026-06-26 10:01:00,0.13,54.67000000000018,2026-06-26 23:56:00,0.05555555555555555,5,-0.45618556701030927,-0.07204770054656796,0.09827195936619938,0.1111111111111111,0.027604482968033958,1.0,-1.0908244626159893
2026-06-26,10,602,-1,4026.78,4039.76,4026.78,12.980000000000018,108.6780000000002,0.11943539630836043,False,2026-06-26 11:02:00,0.13,-13.110000000000019,2026-06-26 12:09:00,-0.1,0,0.32629107981220656,0.07204770054656796,-0.039382395701063624,0.07017543859649122,0.009201494322677986,1.0,0.959591961553085
2026-06-30,3,182,-1,3980.11,4015.14,3980.11,35.029999999999745,106.0720000000003,0.3302473791386949,True,2026-06-30 04:02:00,0.13,-35.15999999999975,2026-06-30 09:31:00,0.75,7,0.31666666666666665,0.025171581567237963,0.3336413002488854,0.2558139534883721,0.0,2.0,-0.4136510169494811
2026-06-30,4,390,1,3987.25,3987.25,3942.78,44.4699999999998,106.0720000000003,0.41924353269477027,False,2026-06-30 07:30:00,0.13,19.770000000000092,2026-06-30 23:57:00,-0.32,3,0.46153846153846156,-0.5059770721773882,0.21447695904668465,0.2345679012345679,0.07542046911531769,2.0,-0.6919962209192677
2026-06-30,5,361,1,3973.25,3973.25,3952.46,20.789999999999964,106.0720000000003,0.1959989441134315,False,2026-06-30 07:01:00,0.13,33.77000000000009,2026-06-30 23:57:00,-0.4166666666666667,2,0.4336569579288026,-0.5059770721773882,0.08249113809487872,0.2345679012345679,0.07542046911531769,2.0,0.4114075816384541
2026-06-30,6,360,1,3971.11,3971.11,3960.2,10.91000000000031,106.0720000000003,0.1028546647560174,False,2026-06-30 07:00:00,0.13,35.90999999999996,2026-06-30 23:57:00,-0.5217391304347826,1,0.4262295081967213,-0.5059770721773882,0.06231616260653244,0.2345679012345679,0.07542046911531769,2.0,1.1502296696509833
2026-06-30,7,503,1,3998.04,3998.04,3968.24,29.800000000000182,106.0720000000003,0.28094124745456006,False,2026-06-30 09:23:00,0.13,8.980000000000127,2026-06-30 23:57:00,-0.18181818181818182,3,0.573170731707317,-0.5059770721773882,0.31620031676596905,0.14814814814814814,0.07542046911531769,2.0,-1.0409881616888823
2026-06-30,8,502,1,3990.84,3990.84,3975.2,15.640000000000327,106.0720000000003,0.14744701712044916,False,2026-06-30 09:22:00,0.13,16.179999999999946,2026-06-30 23:57:00,-0.24242424242424243,3,0.56575682382134,-0.5059770721773882,0.24832189456218484,0.14814814814814814,0.07542046911531769,2.0,-0.32805227038664897
2026-06-30,9,565,1,4034.02,4034.02,3977.98,56.039999999999964,106.0720000000003,0.5283203861528001,False,2026-06-30 10:25:00,0.13,-26.99999999999989,2026-06-30 23:57:00,-0.10810810810810811,1,0.6338912133891214,-0.5059770721773882,0.6554038766121105,0.0967741935483871,0.07542046911531769,1.0,-1.5076607519547502
2026-06-30,10,600,1,4034.77,4034.77,4023.84,10.929999999999836,106.0720000000003,0.10304321592880124,False,2026-06-30 11:00:00,0.13,-11.059999999999837,2026-06-30 11:12:00,-0.10256410256410256,0,0.6464646464646465,-0.5059770721773882,0.6624745455916715,0.08602150537634409,0.07542046911531769,2.0,-1.2375851236273767
2026-07-01,3,182,-1,3993.25,4009.83,3993.25,16.579999999999927,113.2380000000002,0.14641728041823326,True,2026-07-01 04:02:00,0.13,-16.709999999999926,2026-07-01 14:07:00,0.6666666666666666,0,0.30337078651685395,-0.007506314134830248,0.16999593775940908,0.07692307692307693,0.0,1.0,-1.5402548276900254
2026-07-01,4,245,-1,3973.99,3999.76,3973.99,25.770000000000437,113.2380000000002,0.22757378265246994,True,2026-07-01 05:05:00,0.13,-25.900000000000436,2026-07-01 14:00:00,0.875,2,0.5724137931034483,-0.007506314134830248,0.34008018509687693,0.13043478260869565,0.0,1.0,-1.4749856551582095
2026-07-01,5,316,1,3986.11,3986.11,3970.22,15.890000000000327,113.2380000000002,0.14032391953231513,False,2026-07-01 06:16:00,0.13,-16.020000000000326,2026-07-01 08:12:00,-0.5714285714285714,2,0.625,-0.2839152934527282,0.05837263109556965,0.16326530612244897,0.026492873417050766,2.0,0.10819156040800346
2026-07-01,9,547,-1,3963.2,3977.5,3963.2,14.300000000000182,113.2380000000002,0.12628269662127692,True,2026-07-01 10:07:00,0.13,-14.430000000000183,2026-07-01 10:57:00,0.2777777777777778,0,-0.17419354838709677,0.2927462512584118,0.13511365442696052,0.08928571428571429,0.0,3.0,-0.614379056183308
2026-07-01,10,616,1,3978.4,3978.4,3960.17,18.230000000000018,113.2380000000002,0.160988360797612,False,2026-07-01 11:16:00,0.13,52.88999999999998,2026-07-01 23:57:00,-0.24390243902439024,4,0.19667590027700832,-0.31040816686977896,0.016778819830799624,0.0847457627118644,0.0,2.0,2.323343604491447
2026-07-02,2,120,-1,4033.43,4045.12,4033.43,11.690000000000055,112.46300000000019,0.10394529756453265,False,2026-07-02 03:00:00,0.13,-11.820000000000055,2026-07-02 03:12:00,-0.0,1,0.2641509433962264,-0.0481047099935076,0.05397330677645228,0.0,0.0,3.0,-0.6223759139044578
2026-07-02,3,180,1,4052.66,4052.66,4030.77,21.889999999999873,112.46300000000019,0.1946417933009064,True,2026-07-02 04:00:00,0.13,71.17000000000019,2026-07-02 23:57:00,0.18181818181818182,1,0.11764705882352941,0.0481047099935076,0.1170162631265379,0.30434782608695654,0.02667543992246334,1.0,-1.1961461878922157
2026-07-02,4,243,-1,4045.34,4068.54,4045.34,23.199999999999818,112.46300000000019,0.2062900687337149,False,2026-07-02 05:03:00,0.13,-23.329999999999817,2026-07-02 06:49:00,-0.0,1,-0.45454545454545453,-0.0481047099935076,-0.05192818971572993,0.15384615384615385,0.02667543992246334,1.0,1.1235380106224027
2026-07-02,5,320,1,4061.03,4061.03,4041.33,19.700000000000273,112.46300000000019,0.1751687221575117,True,2026-07-02 06:20:00,0.13,62.799999999999834,2026-07-02 23:57:00,0.19047619047619047,3,0.5631067961165048,0.0481047099935076,0.1914407405102137,0.15384615384615385,0.02667543992246334,1.0,-0.870709783884534
2026-07-02,6,433,-1,4055.51,4074.16,4055.51,18.649999999999636,112.46300000000019,0.1658323181846439,False,2026-07-02 08:13:00,0.13,-18.779999999999635,2026-07-02 09:02:00,-0.0,5,-0.6551724137931034,-0.0481047099935076,-0.1423579310528813,0.1111111111111111,0.01778362661497556,1.0,0.5099334294863729
2026-07-02,7,420,-1,4060.71,4072.97,4060.71,12.259999999999764,112.46300000000019,0.10901363114979809,False,2026-07-02 08:00:00,0.13,-12.389999999999764,2026-07-02 09:02:00,-0.07407407407407407,4,-0.6470588235294118,-0.0481047099935076,-0.18859536025181614,0.1111111111111111,0.01778362661497556,1.0,-0.2851329741341494
2026-07-02,8,480,1,4067.73,4067.73,4053.25,14.480000000000018,112.46300000000019,0.12875345669242322,True,2026-07-02 09:00:00,0.13,56.100000000000016,2026-07-02 23:57:00,0.12903225806451613,1,-0.0711864406779661,0.1814819096058243,0.1176386900580635,0.1111111111111111,0.02667543992246334,1.0,-0.19503889456529927
2026-07-02,9,556,-1,4066.09,4079.8,4066.09,13.710000000000036,112.46300000000019,0.12190676044565779,False,2026-07-02 10:16:00,0.13,-13.840000000000037,2026-07-02 11:56:00,-0.10810810810810811,4,0.5441595441595442,-0.2881836692956777,0.0036456434560686963,0.12,0.02667543992246334,1.0,1.7498368443931016
2026-07-02,10,622,1,4075.56,4075.56,4060.87,14.690000000000055,112.46300000000019,0.13062073748699599,True,2026-07-02 11:22:00,0.13,-14.820000000000055,2026-07-02 14:04:00,0.14634146341463414,1,-0.43734643734643736,0.2881836692956777,0.0805598285658388,0.12,0.02667543992246334,1.0,-0.5647165357200458
2026-07-03,3,180,1,4151.06,4151.06,4122.98,28.080000000000837,110.96200000000022,0.25305960599124727,True,2026-07-03 04:00:00,0.13,23.7499999999992,2026-07-03 19:59:00,0.5454545454545454,3,0.5050505050505051,-0.021268542383876175,0.23034912853049108,0.3870967741935484,0.009012094230457256,1.0,-0.9344045064817954
2026-07-03,5,350,-1,4176.52,4186.91,4176.52,10.389999999999418,110.96200000000022,0.09363565905444564,False,2026-07-03 06:50:00,0.13,1.4500000000008368,2026-07-03 19:59:00,-0.2608695652173913,5,0.35319148936170214,-0.46538454606081564,0.02685604080675869,0.38666666666666666,0.009012094230457256,1.0,0.6720215047903114
2026-07-03,6,362,-1,4175.28,4184.61,4175.28,9.329999999999927,110.96200000000022,0.08408283917016554,False,2026-07-03 07:02:00,0.13,-9.459999999999928,2026-07-03 11:02:00,-0.25,6,0.36134453781512604,-0.46538454606081564,0.038031037652531914,0.38666666666666666,0.009012094230457256,1.0,0.6530773469166943
2026-07-03,7,442,-1,4173.29,4182.86,4173.29,9.569999999999709,110.96200000000022,0.08624574178547331,False,2026-07-03 08:22:00,0.13,-9.69999999999971,2026-07-03 11:02:00,-0.13793103448275862,1,0.27238805970149255,-0.4563724518303584,0.04695301094068263,0.37333333333333335,0.009012094230457256,1.0,-0.44106063157177594
2026-07-03,8,481,-1,4169.29,4181.9,4169.29,12.609999999999673,110.96200000000022,0.11364250824606305,False,2026-07-03 09:01:00,0.13,-12.739999999999673,2026-07-03 11:02:00,-0.125,2,0.30344827586206896,-0.4563724518303584,0.08300138786251166,0.32,0.009012094230457256,1.0,-0.2272671703547997
2026-07-03,9,544,1,4174.46,4174.46,4160.49,13.970000000000255,110.96200000000022,0.12589895639949017,True,2026-07-03 10:04:00,0.13,-14.100000000000255,2026-07-03 17:08:00,0.1111111111111111,3,-0.3765432098765432,0.4563724518303584,-0.036408860691046985,0.2,0.009012094230457256,1.0,1.254179468737818
2026-07-07,3,180,-1,4145.31,4162.77,4145.31,17.460000000000036,108.22900000000004,0.1613245987674286,True,2026-07-07 04:00:00,0.13,-17.590000000000035,2026-07-07 15:07:00,1.0909090909090908,1,0.68,0.00785371758031917,0.18654889170185063,0.16666666666666666,0.00923966774154801,1.0,-1.558387443805102
2026-07-07,4,347,-1,4125.82,4148.04,4125.82,22.220000000000255,108.22900000000004,0.20530541721719914,True,2026-07-07 06:47:00,0.13,-22.350000000000254,2026-07-07 14:44:00,0.9565217391304348,3,-0.1956521739130435,0.23884541111901944,0.1356383224459275,0.045454545454545456,0.00923966774154801,1.0,-1.755494518045763
2026-07-07,5,325,-1,4131.38,4145.28,4131.38,13.899999999999636,108.22900000000004,0.128431381607514,True,2026-07-07 06:25:00,0.13,-14.029999999999637,2026-07-07 14:25:00,0.8571428571428571,1,-0.29411764705882354,0.23884541111901944,0.08426576980291685,0.1590909090909091,0.00923966774154801,1.0,-0.4255983654956795
2026-07-07,6,369,1,4140.09,4140.09,4124.44,15.650000000000546,108.22900000000004,0.1446008001552314,False,2026-07-07 07:09:00,0.13,-15.780000000000546,2026-07-07 08:01:00,-0.8333333333333334,1,0.37244897959183676,-0.26656441434366346,0.02393073945061069,0.044444444444444446,0.00923966774154801,1.0,1.8517188829854476
2026-07-07,7,420,-1,4125.96,4141.32,4125.96,15.359999999999673,108.22900000000004,0.1419212965101744,True,2026-07-07 08:00:00,0.13,-15.489999999999673,2026-07-07 14:18:00,0.8888888888888888,3,-0.2636363636363636,0.26656441434366346,0.1066257657374637,0.044444444444444446,0.00923966774154801,1.0,-0.7912541869611902
2026-07-07,8,520,1,4131.38,4131.38,4116.68,14.699999999999818,108.22900000000004,0.13582311580075407,False,2026-07-07 09:40:00,0.13,-14.829999999999819,2026-07-07 22:07:00,-0.7058823529411765,4,0.5283687943262412,-0.34972142401759554,0.026610243095659278,0.09433962264150944,0.03695867096619204,1.0,1.5754369592381958
2026-07-07,9,586,1,4132.92,4132.92,4121.57,11.350000000000364,108.22900000000004,0.10487022886657328,False,2026-07-07 10:46:00,0.13,-11.480000000000365,2026-07-07 12:29:00,-0.5641025641025641,1,0.2197452229299363,-0.32200242079295155,0.013120328192998847,0.09433962264150944,0.03695867096619204,1.0,1.2543825925659595
2026-07-07,10,611,1,4133.59,4133.59,4124.41,9.180000000000291,108.22900000000004,0.08482014986741343,False,2026-07-07 11:11:00,0.13,-9.310000000000292,2026-07-07 11:53:00,-0.55,1,0.18126888217522658,-0.32200242079295155,0.019310905579836685,0.09433962264150944,0.03695867096619204,1.0,0.38140387796713054
2026-07-08,2,147,1,4107.91,4107.91,4095.88,12.029999999999745,106.296,0.1131745314969495,False,2026-07-08 03:27:00,0.13,-12.159999999999746,2026-07-08 11:17:00,-0.2222222222222222,2,-0.0975609756097561,0.035372920900129994,0.06030330398133377,0.14285714285714285,0.009407691728757432,1.0,-1.76757583205088
2026-07-08,3,217,-1,4096.98,4126.77,4096.98,29.790000000000873,106.296,0.2802551365996921,True,2026-07-08 04:37:00,0.13,-29.920000000000872,2026-07-08 06:01:00,0.2857142857142857,4,-0.3375,-0.035372920900129994,0.0425227666139877,0.06060606060606061,0.009407691728757432,1.0,0.042661867559285374
2026-07-08,4,251,1,4117.9,4117.9,4096.46,21.4399999999996,106.296,0.20170091066455556,False,2026-07-08 05:11:00,0.13,-21.5699999999996,2026-07-08 11:17:00,0.0,2,0.021739130434782608,0.06359599608640229,0.12606306916534615,0.06060606060606061,0.009407691728757432,1.0,-0.4334838745885518
2026-07-08,5,301,1,4124.92,4124.92,4106.03,18.890000000000327,106.296,0.17771129675623096,False,2026-07-08 06:01:00,0.13,-19.020000000000326,2026-07-08 11:16:00,0.0,1,0.1780821917808219,0.06359599608640229,0.19210506510122743,0.06060606060606061,0.009407691728757432,1.0,-1.1368408452509973
2026-07-08,6,426,1,4131.18,4131.18,4114.59,16.590000000000146,106.296,0.15607360578008717,False,2026-07-08 08:06:00,0.13,-16.720000000000145,2026-07-08 11:16:00,0.14285714285714285,3,0.3684210526315789,0.06359599608640229,0.25099721532325103,0.05263157894736842,0.009407691728757432,1.0,-2.277586228237992
2026-07-08,7,425,1,4128.86,4128.86,4120.64,8.219999999999345,106.296,0.07733122601037992,False,2026-07-08 08:05:00,0.13,-8.349999999999346,2026-07-08 10:05:00,0.14285714285714285,3,0.36395759717314485,0.06359599608640229,0.22917137051252795,0.05263157894736842,0.009407691728757432,1.0,-0.15335242540170763
2026-07-09,2,120,1,4077.81,4077.81,4072.0,5.809999999999945,101.94599999999996,0.056990955996311266,False,2026-07-09 03:00:00,0.13,-5.939999999999945,2026-07-09 03:54:00,0.2857142857142857,0,-0.1111111111111111,-0.016675494869831272,0.012849940164400232,0.0,0.0,4.0,1.1898261524657057
2026-07-09,3,183,-1,4070.37,4089.77,4070.37,19.40000000000009,101.94599999999996,0.190296823808684,True,2026-07-09 04:03:00,0.13,-19.53000000000009,2026-07-09 09:00:00,-0.16666666666666666,3,0.13,0.006866380240517709,0.06993898730700678,0.1,0.019618229258627124,2.0,-0.7341131761689538
2026-07-09,4,251,1,4078.82,4078.82,4062.45,16.370000000000346,101.94599999999996,0.1605752064818664,False,2026-07-09 05:11:00,0.13,-16.500000000000345,2026-07-09 06:07:00,0.125,2,-0.1724137931034483,-0.016675494869831272,0.02275714594000907,0.17857142857142858,0.029427343887940688,1.0,1.011555268993517
2026-07-09,5,300,-1,4064.45,4082.65,4064.45,18.200000000000273,101.94599999999996,0.1785258862535095,True,2026-07-09 06:00:00,0.13,-18.330000000000272,2026-07-09 08:51:00,-0.0,2,0.15606936416184972,0.016675494869831272,0.11819983128323021,0.14285714285714285,0.019618229258627124,1.0,-0.7957342674618699
2026-07-09,6,421,1,4067.64,4067.64,4054.28,13.359999999999673,101.94599999999996,0.13104977144762597,False,2026-07-09 08:01:00,0.13,56.160000000000416,2026-07-09 23:57:00,-0.07142857142857142,1,-0.3891213389121339,-0.016675494869831272,-0.08690875561571941,0.08333333333333333,0.009809114629313562,1.0,-0.36238625967601024
2026-07-09,7,420,1,4064.57,4064.57,4056.51,8.059999999999945,101.94599999999996,0.07906146391226677,False,2026-07-09 08:00:00,0.13,59.230000000000125,2026-07-09 23:57:00,-0.14814814814814814,0,-0.3813559322033898,-0.016675494869831272,-0.1170227375277092,0.08333333333333333,0.009809114629313562,1.0,0.09823533446080743
2026-07-09,8,480,1,4084.25,4084.25,4063.76,20.48999999999978,101.94599999999996,0.20098875875463276,False,2026-07-09 09:00:00,0.13,39.55000000000029,2026-07-09 23:57:00,0.0,1,-0.4119718309859155,-0.016675494869831272,0.07602063837718011,0.08333333333333333,0.009809114629313562,1.0,-0.9168656606719592
2026-07-09,9,540,1,4108.1,4108.1,4081.48,26.620000000000346,101.94599999999996,0.26111863143233044,False,2026-07-09 10:00:00,0.13,15.699999999999926,2026-07-09 23:57:00,0.22857142857142856,5,-0.19701492537313434,-0.016675494869831272,0.30996802228631215,0.05454545454545454,0.009809114629313562,1.0,-1.0161348145766613
2026-07-09,10,617,1,4111.21,4111.21,4101.56,9.649999999999636,101.94599999999996,0.09465795617287232,False,2026-07-09 11:17:00,0.13,-9.779999999999637,2026-07-09 13:47:00,0.2682926829268293,4,-0.05526315789473684,-0.016675494869831272,0.3404743687834741,0.05172413793103448,0.009809114629313562,1.0,-1.1825455156928333
2026-07-10,2,120,-1,4121.07,4125.14,4121.07,4.0700000000006185,102.25699999999988,0.03980167616887473,False,2026-07-10 03:00:00,0.13,-4.200000000000618,2026-07-10 03:04:00,0.2857142857142857,0,0.0625,0.0203409057570624,0.023763654321956384,0.2857142857142857,0.0195585632279453,5.0,0.1443375672487954
2026-07-10,3,180,1,4128.29,4128.29,4114.47,13.819999999999709,102.25699999999988,0.13514967190509916,True,2026-07-10 04:00:00,0.13,-13.94999999999971,2026-07-10 04:39:00,-0.18181818181818182,1,0.13846153846153847,-0.03012018737103505,0.05662204054490128,0.26666666666666666,0.029337844841917947,1.0,-0.8310281189359846
2026-07-10,4,300,1,4131.06,4131.06,4108.75,22.3100000000004,102.25699999999988,0.21817577280773373,True,2026-07-10 06:00:00,0.13,-22.4400000000004,2026-07-10 08:47:00,0.0,4,-0.18543046357615894,-0.0203409057570624,0.07393136900163715,0.125,0.00977928161397265,1.0,-0.9695221459907519
2026-07-10,5,300,1,4129.12,4129.12,4116.16,12.960000000000036,102.25699999999988,0.1267394897170859,True,2026-07-10 06:00:00,0.13,-13.090000000000037,2026-07-10 07:21:00,0.0,4,-0.18543046357615894,-0.0203409057570624,0.05495956267052522,0.125,0.00977928161397265,1.0,-0.7863053624964366
2026-07-10,6,360,-1,4119.42,4134.82,4119.42,15.399999999999636,102.25699999999988,0.15060093685517525,False,2026-07-10 07:00:00,0.13,-0.560000000000291,2026-07-10 23:56:00,0.08695652173913043,3,-0.13259668508287292,0.03012018737103505,0.03012018737103505,0.14814814814814814,0.029337844841917947,1.0,0.2038677382010167
2026-07-10,7,450,-1,4112.13,4121.1,4112.13,8.970000000000255,102.25699999999988,0.08772015607733716,False,2026-07-10 08:30:00,0.13,-7.8500000000002546,2026-07-10 23:56:00,0.27586206896551724,0,0.055299539170506916,0.03012018737103505,0.10141115033689531,0.14814814814814814,0.029337844841917947,1.0,-0.6333570855325739
2026-07-10,9,540,-1,4111.15,4120.14,4111.15,8.990000000000691,102.25699999999988,0.08791574170962088,False,2026-07-10 10:00:00,0.13,-9.120000000000692,2026-07-10 23:55:00,0.2857142857142857,2,0.2054263565891473,0.03012018737103505,0.11099484631859313,0.1111111111111111,0.029337844841917947,2.0,-0.5678187526994607
2026-07-10,10,603,-1,4104.37,4115.38,4104.37,11.010000000000218,102.25699999999988,0.107669890569841,False,2026-07-10 11:03:00,0.13,-11.140000000000219,2026-07-10 15:13:00,0.4,3,0.3003412969283277,0.03012018737103505,0.1772983756613252,0.0967741935483871,0.029337844841917947,2.0,-1.2141425852517094
2026-07-14,2,120,1,4003.12,4003.12,3992.74,10.38000000000011,101.64799999999983,0.10211711002676026,False,2026-07-14 03:00:00,0.13,-10.51000000000011,2026-07-14 03:05:00,-1.4285714285714286,0,0.08888888888888889,-0.005902723122933162,0.02577522430347764,0.13333333333333333,0.009837871871556762,1.0,1.5191090494716537
2026-07-14,3,237,1,4007.26,4007.26,3983.56,23.700000000000273,101.64799999999983,0.23315756335589793,False,2026-07-14 04:57:00,0.13,45.25999999999987,2026-07-14 23:57:00,-0.4,1,-0.136986301369863,-0.005902723122933162,0.06650401385172586,0.08,0.019675743743113525,2.0,-0.9936589180110443
2026-07-14,4,249,1,4012.15,4012.15,3992.29,19.860000000000127,101.64799999999983,0.19538013536911855,False,2026-07-14 05:09:00,0.13,40.37,2026-07-14 23:57:00,-0.375,2,-0.0440251572327044,-0.005902723122933162,0.11461120730363716,0.1,0.019675743743113525,1.0,-1.1380334978087958
2026-07-14,5,391,1,4019.08,4019.08,4006.02,13.059999999999945,101.64799999999983,0.12848260664253078,False,2026-07-14 07:31:00,0.13,33.44000000000016,2026-07-14 23:57:00,-0.07692307692307693,2,0.25892857142857145,-0.005902723122933162,0.18278765937352393,0.05405405405405406,0.019675743743113525,3.0,-0.8837299320608072
2026-07-14,6,391,1,4019.06,4019.06,4011.15,7.9099999999998545,101.64799999999983,0.07781756650401256,False,2026-07-14 07:31:00,0.13,33.46000000000014,2026-07-14 23:57:00,-0.07692307692307693,2,0.25892857142857145,-0.005902723122933162,0.18259090193609295,0.05405405405405406,0.019675743743113525,3.0,-0.8837299320608072
2026-07-14,7,430,1,4023.43,4023.43,4013.53,9.899999999999636,101.64799999999983,0.09739493152840836,False,2026-07-14 08:10:00,0.13,29.090000000000256,2026-07-14 23:57:00,0.07142857142857142,4,0.03305785123966942,0.02361089249173712,0.19606878640012465,0.04878048780487805,0.019675743743113525,2.0,-1.1090805111946493
2026-07-14,8,602,-1,4019.73,4034.1,4019.73,14.36999999999989,101.64799999999983,0.1413702187942696,True,2026-07-14 11:02:00,0.13,-14.499999999999892,2026-07-14 15:03:00,-0.0,3,-0.2777777777777778,-0.02361089249173712,-0.15966866047536643,0.057692307692307696,0.009837871871556762,1.0,0.23373036283836549
2026-07-15,4,240,-1,4035.65,4062.14,4035.65,26.48999999999978,101.55399999999982,0.2608464462256517,False,2026-07-15 05:00:00,0.13,-26.61999999999978,2026-07-15 15:37:00,-0.0,3,0.027777777777777776,0.010831675758708775,0.16592157866750634,0.21428571428571427,0.019693955924926676,1.0,-0.9650468809808012
2026-07-15,5,330,-1,4029.23,4042.25,4029.23,13.019999999999982,101.55399999999982,0.12820765307127246,False,2026-07-15 06:30:00,0.13,-13.149999999999983,2026-07-15 15:04:00,0.19047619047619047,2,0.33544303797468356,0.010831675758708775,0.2291391771865217,0.17647058823529413,0.019693955924926676,1.0,-1.340246873125539
2026-07-15,6,431,-1,4028.12,4040.34,4028.12,12.220000000000255,101.55399999999982,0.1203300707013045,False,2026-07-15 08:11:00,0.13,-12.350000000000255,2026-07-15 15:01:00,0.14285714285714285,0,0.4801980198019802,0.010831675758708775,0.24006932272485726,0.14285714285714285,0.019693955924926676,2.0,-1.1383541040256917
2026-07-15,8,502,-1,4022.23,4036.58,4022.23,14.349999999999909,101.55399999999982,0.141304133761348,False,2026-07-15 09:22:00,0.13,-14.47999999999991,2026-07-15 14:41:00,0.24242424242424243,1,-0.23694779116465864,0.18807727908304886,0.12082241959942497,0.12195121951219512,0.019693955924926676,2.0,-1.0450980658892568
2026-07-15,9,567,-1,4021.32,4035.59,4021.32,14.269999999999982,101.55399999999982,0.14051637552435164,False,2026-07-15 10:27:00,0.13,-14.399999999999983,2026-07-15 13:14:00,0.16216216216216217,1,-0.2049469964664311,0.1979242570455122,0.11993619158280185,0.14285714285714285,0.019693955924926676,1.0,-1.263582499810309
2026-07-15,10,613,-1,4019.78,4034.31,4019.78,14.529999999999745,101.55399999999982,0.1430765897945898,False,2026-07-15 11:13:00,0.13,-14.659999999999746,2026-07-15 13:14:00,0.25,4,-0.11437908496732026,0.1979242570455122,0.13510053764499502,0.13636363636363635,0.019693955924926676,1.0,-1.3361088000260257
2026-07-16,2,127,-1,4055.69,4062.09,4055.69,6.400000000000091,92.38599999999978,0.06927456541034471,False,2026-07-16 03:07:00,0.13,79.11000000000024,2026-07-16 23:57:00,0.5,1,-0.16666666666666666,0.03507024873898414,0.04124001472084465,0.25,0.021648301690732414,1.0,-1.2126781245934295
2026-07-16,3,180,-1,4043.93,4061.28,4043.93,17.350000000000364,92.38599999999978,0.18779901716710762,False,2026-07-16 04:00:00,0.13,67.35000000000002,2026-07-16 23:57:00,0.5454545454545454,1,0.21052631578947367,0.03507024873898414,0.16853202866235362,0.5416666666666666,0.021648301690732414,1.0,-0.7267220924436817
2026-07-16,4,246,-1,4033.93,4050.56,4033.93,16.63000000000011,92.38599999999978,0.18000562855844118,False,2026-07-16 05:06:00,0.13,57.350000000000016,2026-07-16 23:57:00,0.625,2,0.52,0.03507024873898414,0.27677353711601566,0.14705882352941177,0.021648301690732414,2.0,-0.7178476947111834
2026-07-16,7,422,-1,4031.98,4037.95,4031.98,5.9699999999998,92.38599999999978,0.06462018054683409,False,2026-07-16 08:02:00,0.13,-6.0999999999998,2026-07-16 14:46:00,0.2857142857142857,4,-0.4,0.3056740198731393,0.027276860130322645,0.11627906976744186,0.021648301690732414,2.0,0.7517661565998252
2026-07-16,9,647,1,4036.5,4036.5,4023.06,13.440000000000055,92.38599999999978,0.1454765873617224,True,2026-07-16 11:47:00,0.13,-13.570000000000055,2026-07-16 14:25:00,-0.23255813953488372,2,0.19218241042345277,-0.3273223215638717,0.04329660338146483,0.11363636363636363,0.0,1.0,0.18047563861544472
2026-07-17,2,120,1,3986.44,3986.44,3975.23,11.210000000000036,90.80499999999975,0.12345135179780924,False,2026-07-17 03:00:00,0.13,-11.340000000000037,2026-07-17 05:36:00,0.2857142857142857,1,0.10416666666666667,0.0158581575904417,0.09845272837398909,0.35714285714285715,0.0,1.0,-1.0326764562532236
2026-07-17,3,180,1,3992.02,3992.02,3980.67,11.349999999999909,90.80499999999975,0.12499311711910072,False,2026-07-17 04:00:00,0.13,-11.47999999999991,2026-07-17 04:51:00,0.5454545454545454,1,0.45569620253164556,0.0158581575904417,0.15990308903694755,0.1,0.0,1.0,-1.5662490251140302
2026-07-17,4,272,-1,3979.27,3996.17,3979.27,16.90000000000009,90.80499999999975,0.1861130994989278,True,2026-07-17 05:32:00,0.13,-17.03000000000009,2026-07-17 06:18:00,-0.4444444444444444,5,-0.381294964028777,-0.048895985903860656,0.013545509608501972,0.041666666666666664,0.011012609437806319,2.0,0.5360269636802122
2026-07-17,5,304,1,3987.34,3987.34,3970.79,16.550000000000182,90.80499999999975,0.18225868619569657,False,2026-07-17 06:04:00,0.13,-16.68000000000018,2026-07-17 15:43:00,0.4,2,0.24848484848484848,0.048895985903860656,0.07532624855459683,0.14814814814814814,0.033037828313418956,1.0,0.2797134404220068
2026-07-17,6,426,-1,3978.84,4008.65,3978.84,29.809999999999945,90.80499999999975,0.3282858873410058,True,2026-07-17 08:06:00,0.13,-29.939999999999944,2026-07-17 18:04:00,-0.0,7,-0.45569620253164556,-0.048895985903860656,0.018280931666756886,0.2564102564102564,0.07708826606464422,1.0,0.6752777204893653
2026-07-17,7,422,-1,3980.24,3991.71,3980.24,11.470000000000255,90.80499999999975,0.12631463025164127,True,2026-07-17 08:02:00,0.13,-11.600000000000255,2026-07-17 09:02:00,-0.07142857142857142,7,-0.46382978723404256,-0.048895985903860656,0.0028632784538320465,0.2564102564102564,0.07708826606464422,1.0,1.8756051854692088
2026-07-17,8,482,1,3991.47,3991.47,3975.44,16.029999999999745,90.80499999999975,0.17653212928803247,False,2026-07-17 09:02:00,0.13,-16.159999999999744,2026-07-17 15:42:00,0.0625,3,0.4581818181818182,0.048895985903860656,0.12080832553273312,0.2564102564102564,0.033037828313418956,1.0,0.5468631379461494
2026-07-21,3,185,1,4027.17,4027.17,4003.87,23.300000000000182,88.15399999999981,0.26431018444994253,True,2026-07-21 04:05:00,0.13,50.52000000000009,2026-07-21 23:57:00,0.3333333333333333,0,0.1619047619047619,-0.026317580597592493,0.22313224584250418,0.13793103448275862,0.011343784740340791,1.0,-0.9540333537439248
2026-07-21,4,276,1,4035.87,4035.87,4018.36,17.509999999999764,88.15399999999981,0.19862967080336458,True,2026-07-21 05:36:00,0.13,41.82000000000027,2026-07-21 23:57:00,0.3333333333333333,1,0.432258064516129,-0.026317580597592493,0.32182317308346703,0.13513513513513514,0.011343784740340791,1.0,-1.1857051093699256
2026-07-21,5,326,1,4044.96,4044.96,4022.05,22.909999999999854,88.15399999999981,0.2598861084012059,True,2026-07-21 06:26:00,0.13,32.730000000000125,2026-07-21 23:57:00,0.38095238095238093,0,0.5319148936170213,-0.026317580597592493,0.42493817637316644,0.08695652173913043,0.011343784740340791,1.0,-1.2943366678322712
2026-07-21,6,366,1,4051.25,4051.25,4036.88,14.36999999999989,88.15399999999981,0.16301018671869594,True,2026-07-21 07:06:00,0.13,26.440000000000165,2026-07-21 23:57:00,0.4166666666666667,3,0.5944700460829493,-0.026317580597592493,0.49629058238990964,0.05660377358490566,0.011343784740340791,1.0,-1.3956562303885947
2026-07-21,8,490,1,4067.96,4067.96,4046.46,21.5,88.15399999999981,0.24389137191732702,True,2026-07-21 09:10:00,0.13,-21.63,2026-07-21 16:43:00,0.625,7,0.68,-0.026317580597592493,0.6858452254010047,0.11594202898550725,0.011343784740340791,2.0,-0.8609373808077037
2026-07-21,9,636,-1,4061.47,4084.18,4061.47,22.710000000000036,88.15399999999981,0.2576173514531398,False,2026-07-21 11:36:00,0.13,-22.840000000000035,2026-07-21 21:25:00,-0.42857142857142855,4,-0.7507082152974505,0.026317580597592493,-0.6122240624361902,0.13953488372093023,0.045375138961363165,1.0,-0.045544669085520684
2026-07-21,10,602,-1,4067.72,4080.24,4067.72,12.519999999999982,88.15399999999981,0.1420241849490665,False,2026-07-21 11:02:00,0.13,-12.649999999999983,2026-07-21 18:32:00,-0.55,2,-0.7404129793510325,0.026317580597592493,-0.6831227170633202,0.13953488372093023,0.045375138961363165,1.0,-0.41142202006098283
2026-07-22,2,120,-1,4079.32,4083.11,4079.32,3.7899999999999636,88.06099999999984,0.04303834841757385,False,2026-07-22 03:00:00,0.13,-3.9199999999999635,2026-07-22 03:05:00,-0.2857142857142857,0,0.07894736842105263,-0.018055665958825684,0.024755567163668824,0.2222222222222222,0.011355764753977378,1.0,0.7287800295800879
2026-07-22,3,180,1,4102.38,4102.38,4076.82,25.559999999999945,88.06099999999984,0.2902533471116612,True,2026-07-22 04:00:00,0.13,27.42999999999949,2026-07-22 23:57:00,0.36363636363636365,1,0.2,0.029411430712803062,0.22575260330907151,0.25925925925925924,0.011355764753977378,1.0,-0.9812203418021016
2026-07-22,4,257,1,4123.58,4123.58,4096.7,26.88000000000011,88.06099999999984,0.30524295658691314,True,2026-07-22 05:17:00,0.13,6.229999999999673,2026-07-22 23:57:00,0.7058823529411765,7,0.5405405405405406,0.029411430712803062,0.46649481609338983,0.25,0.011355764753977378,3.0,-0.04356068416413289
2026-07-22,5,300,1,4130.86,4130.86,4119.0,11.859999999999673,88.06099999999984,0.13467936998216798,True,2026-07-22 06:00:00,0.13,-11.989999999999673,2026-07-22 09:26:00,0.9473684210526315,9,0.592814371257485,0.029411430712803062,0.5491647835023422,0.21818181818181817,0.011355764753977378,2.0,-0.5490931983167786
2026-07-22,6,362,-1,4129.32,4141.7,4129.32,12.38000000000011,88.06099999999984,0.14058436765424118,False,2026-07-22 07:02:00,0.13,-12.51000000000011,2026-07-22 16:31:00,-0.6666666666666666,3,-0.66,-0.029411430712803062,-0.5316769057812175,0.19696969696969696,0.011355764753977378,1.0,0.5489569538237428
2026-07-22,7,436,-1,4124.79,4131.28,4124.79,6.489999999999782,88.06099999999984,0.0736989132533107,False,2026-07-22 08:16:00,0.13,-6.619999999999782,2026-07-22 08:37:00,-0.5517241379310345,1,0.47085201793721976,-0.5290650798878077,0.019418357729301727,0.19696969696969696,0.011355764753977378,1.0,-0.18471953887227846
2026-07-22,8,480,1,4134.04,4134.04,4123.14,10.899999999999636,88.06099999999984,0.12377783581834928,True,2026-07-22 09:00:00,0.13,-11.029999999999637,2026-07-22 09:25:00,0.45161290322580644,1,-0.39591836734693875,0.5290650798878077,0.08562246624498901,0.19696969696969696,0.011355764753977378,1.0,0.12036652558549452
2026-07-22,9,544,-1,4113.48,4135.21,4113.48,21.730000000000473,88.06099999999984,0.2467607681039338,False,2026-07-22 10:04:00,0.13,-21.860000000000472,2026-07-22 16:30:00,-0.3888888888888889,1,0.40344827586206894,-0.5290650798878077,0.14785205709679042,0.19696969696969696,0.011355764753977378,1.0,0.20555299401965862
2026-07-23,2,120,1,4134.17,4134.17,4116.65,17.520000000000437,85.76399999999981,0.20428151672030775,True,2026-07-23 03:00:00,0.13,-17.650000000000436,2026-07-23 04:56:00,0.0,1,-0.06382978723404255,0.012942493353850976,0.12441117485192034,0.45714285714285713,0.17489855883587557,1.0,-0.3044567569941374
2026-07-23,4,243,-1,4114.37,4141.04,4114.37,26.670000000000073,85.76399999999981,0.31096963761018764,False,2026-07-23 05:03:00,0.13,65.14999999999975,2026-07-23 23:57:00,-0.25,3,-0.2737430167597765,-0.012942493353850976,0.10645492281143754,0.36585365853658536,0.02331980784478341,1.0,-0.7225939828520351
2026-07-23,5,300,1,4128.76,4128.76,4112.1,16.659999999999854,85.76399999999981,0.1942539993470441,True,2026-07-23 06:00:00,0.13,-16.789999999999853,2026-07-23 10:07:00,0.3157894736842105,3,0.2669902912621359,0.00128258943145927,0.07299099855417462,0.3170731707317073,0.12825894314630876,1.0,1.4012099477357212
2026-07-23,6,360,-1,4124.12,4133.03,4124.12,8.909999999999854,85.76399999999981,0.10388974394850839,False,2026-07-23 07:00:00,0.13,74.89999999999975,2026-07-23 23:57:00,-0.2608695652173913,2,0.047619047619047616,-0.04792220512102609,0.02775057133529353,0.3170731707317073,0.02331980784478341,1.0,1.4525126887670474
2026-07-23,7,422,-1,4120.08,4130.33,4120.08,10.25,85.76399999999981,0.11951401520451498,False,2026-07-23 08:02:00,0.13,-10.38,2026-07-23 08:47:00,-0.14285714285714285,2,0.07364341085271318,-0.04792220512102609,0.0748565831817556,0.3170731707317073,0.02331980784478341,1.0,0.8817658774182735
2026-07-23,8,520,-1,4119.51,4130.58,4119.51,11.069999999999709,85.76399999999981,0.1290751364208728,False,2026-07-23 09:40:00,0.13,70.29000000000008,2026-07-23 23:57:00,-0.17647058823529413,3,-0.2598684210526316,-0.012942493353850976,0.04652301665034036,0.3170731707317073,0.02331980784478341,1.0,-0.058638820979691246
2026-07-23,9,540,-1,4116.96,4128.23,4116.96,11.269999999999527,85.76399999999981,0.131407117205349,False,2026-07-23 10:00:00,0.13,67.7399999999999,2026-07-23 23:57:00,-0.17142857142857143,4,-0.2197452229299363,-0.012942493353850976,0.07625577165244132,0.3170731707317073,0.02331980784478341,1.0,-0.09194530010191723
2026-07-23,10,619,-1,4090.2,4119.43,4090.2,29.230000000000473,85.76399999999981,0.3408189916515151,False,2026-07-23 11:19:00,0.13,40.97999999999967,2026-07-23 23:57:00,-0.04878048780487805,1,-0.018617021276595744,-0.012942493353850976,0.3882748006156459,0.09615384615384616,0.02331980784478341,3.0,-0.6665075561092094
2026-07-24,5,438,-1,4023.21,4048.25,4023.21,25.039999999999964,87.48099999999985,0.28623358214926675,True,2026-07-24 08:18:00,0.13,-25.169999999999963,2026-07-24 10:21:00,0.4482758620689655,1,0.6373626373626373,0.006630011088121172,0.28909134554931937,0.21428571428571427,0.0,2.0,-1.0372566354462385
2026-07-24,8,499,1,4032.22,4032.22,4022.02,10.199999999999818,87.48099999999985,0.1165967467221435,False,2026-07-24 09:19:00,0.13,20.580000000000037,2026-07-24 23:56:00,-0.3333333333333333,2,-0.6930232558139535,-0.006630011088121172,-0.1860975526114268,0.20689655172413793,0.0,11.0,-0.3069977021161846
2026-07-24,9,542,1,4039.05,4039.05,4023.01,16.039999999999964,87.48099999999985,0.1833540997473736,False,2026-07-24 10:02:00,0.13,13.749999999999654,2026-07-24 23:56:00,-0.3055555555555556,1,-0.725,-0.006630011088121172,-0.10802345652198574,0.0,0.0,11.0,-1.686052718990547
2026-07-24,10,640,1,4053.73,4053.73,4035.09,18.639999999999873,87.48099999999985,0.2130748391079195,False,2026-07-24 11:40:00,0.13,-0.9300000000001819,2026-07-24 23:56:00,-0.11904761904761904,1,-0.625,-0.006630011088121172,0.05978441032910034,0.0,0.0,2.0,-1.301270354310584
2026-07-28,3,180,-1,4057.69,4074.19,4057.69,16.5,80.37399999999984,0.20529026799711392,True,2026-07-28 04:00:00,0.13,28.860000000000237,2026-07-28 23:57:00,0.9090909090909091,3,0.41333333333333333,0.07651728170801632,0.19670540224450664,0.3076923076923077,0.062209172120337546,1.0,-0.9877346130309803
2026-07-28,4,243,-1,4042.61,4060.33,4042.61,17.7199999999998,80.37399999999984,0.22046930599447379,True,2026-07-28 05:03:00,0.13,13.780000000000308,2026-07-28 23:57:00,1.125,8,0.6173913043478261,0.07651728170801632,0.3843282653594438,0.21951219512195122,0.062209172120337546,1.0,-1.1308588157554724
2026-07-28,6,420,-1,4040.35,4051.16,4040.35,10.809999999999945,80.37399999999984,0.13449623012416909,True,2026-07-28 08:00:00,0.13,-10.939999999999946,2026-07-28 09:40:00,0.7407407407407407,0,-0.30939226519337015,0.40000497673377156,0.08895911613208382,0.16279069767441862,0.062209172120337546,2.0,-0.685139704717104
2026-07-28,8,480,1,4046.53,4046.53,4034.88,11.650000000000091,80.37399999999984,0.14494737104038763,False,2026-07-28 09:00:00,0.13,-11.780000000000092,2026-07-28 12:35:00,-0.6451612903225806,1,0.38095238095238093,-0.4248886455819066,0.012815089456792024,0.24489795918367346,0.062209172120337546,1.0,2.2990240017989136
2026-07-28,9,561,1,4052.37,4052.37,4042.95,9.420000000000073,80.37399999999984,0.11720208027471685,False,2026-07-28 10:21:00,0.13,-9.550000000000074,2026-07-28 11:39:00,-0.3783783783783784,1,0.1510204081632653,-0.40000497673377156,0.06059173364520741,0.22448979591836735,0.062209172120337546,1.0,-0.42096934543837694
2026-07-28,10,602,1,4052.41,4052.41,4046.15,6.2599999999997635,80.37399999999984,0.07788588349465966,False,2026-07-28 11:02:00,0.13,-6.389999999999763,2026-07-28 11:10:00,-0.45,1,0.16731517509727625,-0.40000497673377156,0.06108940702216966,0.22448979591836735,0.062209172120337546,1.0,-0.43169465589274364
2026-07-29,2,139,1,4026.29,4026.29,4015.07,11.2199999999998,75.4829999999999,0.1486427407495703,False,2026-07-29 03:19:00,0.13,-11.3499999999998,2026-07-29 04:02:00,-0.1111111111111111,1,-0.12,-0.09578315647231864,0.06345799716492415,0.29411764705882354,0.013248016109587606,1.0,-0.8785266066087226
2026-07-29,3,181,-1,4017.66,4029.55,4017.66,11.890000000000327,75.4829999999999,0.15751891154300096,True,2026-07-29 04:01:00,0.13,-12.020000000000328,2026-07-29 04:39:00,0.3333333333333333,3,-0.01020408163265306,0.09578315647231864,0.050872381860818335,0.11764705882352941,0.013248016109587606,1.0,0.6926284855330468
2026-07-29,4,262,1,4030.53,4030.53,4010.36,20.170000000000073,75.4829999999999,0.26721248493038297,False,2026-07-29 05:22:00,0.13,-20.30000000000007,2026-07-29 15:30:00,0.11764705882352941,5,0.039735099337748346,-0.09578315647231864,0.11962958546957873,0.047619047619047616,0.013248016109587606,3.0,-1.1138348186268017
2026-07-29,5,360,-1,4023.1,4037.85,4023.1,14.75,75.4829999999999,0.19540823761641718,True,2026-07-29 07:00:00,0.13,-14.88,2026-07-29 08:44:00,0.17391304347826086,1,0.2617801047120419,0.042791092033968206,0.03179523866301146,0.10714285714285714,0.026496032219175212,1.0,1.2228995541690029
2026-07-29,6,360,-1,4023.2,4032.72,4023.2,9.519999999999982,75.4829999999999,0.12612111336327378,True,2026-07-29 07:00:00,0.13,-9.649999999999983,2026-07-29 08:30:00,0.17391304347826086,1,0.2617801047120419,0.042791092033968206,0.030470437052053902,0.10714285714285714,0.026496032219175212,1.0,1.2228995541690029
2026-07-29,7,421,1,4027.69,4027.69,4020.62,7.070000000000164,75.4829999999999,0.09366347389478655,False,2026-07-29 08:01:00,0.13,-7.200000000000164,2026-07-29 15:17:00,-0.07142857142857142,3,0.03286384976525822,-0.06928712425314341,0.055509187499172795,0.10714285714285714,0.013248016109587606,1.0,1.0252674272019846
2026-07-29,8,504,1,4040.09,4040.09,4026.68,13.41000000000031,75.4829999999999,0.1776558960295739,False,2026-07-29 09:24:00,0.13,-13.54000000000031,2026-07-29 13:43:00,0.18181818181818182,8,-0.058823529411764705,-0.042791092033968206,0.1932885550388851,0.03225806451612903,0.013248016109587606,2.0,-1.3051270060565454
2026-07-29,9,546,1,4044.8,4044.8,4033.03,11.769999999999982,75.4829999999999,0.15592914960984589,False,2026-07-29 10:06:00,0.13,-11.899999999999983,2026-07-29 12:30:00,0.2222222222222222,1,0.0036900369003690036,-0.042791092033968206,0.2556867109150432,0.02857142857142857,0.013248016109587606,2.0,-1.2254275225801288
2026-07-30,2,120,-1,4084.49,4100.36,4084.49,15.86999999999989,81.14599999999992,0.19557341088901373,False,2026-07-30 03:00:00,0.13,-15.999999999999892,2026-07-30 16:48:00,-0.2857142857142857,3,0.3717948717948718,-0.2606413131885751,0.07406403273112938,0.4473684210526316,0.06161733172306713,1.0,-0.04593152117737829
2026-07-30,3,184,1,4086.66,4086.66,4064.98,21.679999999999836,81.14599999999992,0.26717275035121707,True,2026-07-30 04:04:00,0.13,-21.809999999999835,2026-07-30 05:59:00,-0.3333333333333333,1,0.5597014925373134,0.03881891898553341,0.17450028343972432,0.15789473684210525,0.012323466344613426,1.0,-0.32862038974520374
2026-07-30,4,294,-1,4070.45,4092.95,4070.45,22.5,81.14599999999992,0.2772779927538021,False,2026-07-30 05:54:00,0.13,-22.63,2026-07-30 16:37:00,0.42105263157894735,4,0.03940886699507389,-0.14973011608705425,0.1361743031079806,0.15789473684210525,0.06161733172306713,1.0,-0.45504889923557046
2026-07-30,5,300,-1,4063.49,4090.42,4063.49,26.93000000000029,81.14599999999992,0.33187094866044314,False,2026-07-30 06:00:00,0.13,-27.06000000000029,2026-07-30 16:37:00,0.42105263157894735,4,0.07582938388625593,-0.14973011608705425,0.2219456288664905,0.13157894736842105,0.06161733172306713,2.0,-1.2742087806371076
2026-07-30,6,398,-1,4050.76,4070.1,4050.76,19.33999999999969,81.14599999999992,0.23833583910481984,False,2026-07-30 07:38:00,0.13,-19.46999999999969,2026-07-30 11:32:00,0.5384615384615384,2,-0.09811320754716982,-0.07578931801937369,0.30488255736573344,0.11764705882352941,0.06161733172306713,1.0,-1.601660016578765
2026-07-30,7,420,-1,4044.44,4060.17,4044.44,15.730000000000018,81.14599999999992,0.19384812560076942,False,2026-07-30 08:00:00,0.13,-15.860000000000019,2026-07-30 11:23:00,0.5925925925925926,3,-0.17625899280575538,-0.05114238533014684,0.35811993197446546,0.14035087719298245,0.06161733172306713,1.0,-1.441890489971539
2026-07-30,8,559,1,4051.32,4051.32,4028.47,22.850000000000364,81.14599999999992,0.2815912059744213,True,2026-07-30 10:19:00,0.13,51.44999999999947,2026-07-30 23:57:00,-0.32432432432432434,4,-0.14173228346456693,0.05114238533014684,-0.27333448352352374,0.0821917808219178,0.012323466344613426,1.0,-0.09428417793066553
2026-07-30,9,541,1,4040.51,4040.51,4029.45,11.0600000000004,81.14599999999992,0.13629753777142942,True,2026-07-30 10:01:00,0.13,62.259999999999415,2026-07-30 23:57:00,-0.4444444444444444,3,-0.11382113821138211,0.05114238533014684,-0.4065511547087942,0.0821917808219178,0.012323466344613426,1.0,-0.4419743524793972
2026-07-30,10,607,1,4051.35,4051.35,4035.59,15.759999999999764,81.14599999999992,0.19421782959110467,True,2026-07-30 11:07:00,0.13,51.419999999999725,2026-07-30 23:57:00,-0.35,0,0.7227488151658767,-0.3801789367313231,0.1583565425282814,0.0821917808219178,0.012323466344613426,1.0,0.4665508432191891
2026-07-31,2,120,-1,4102.29,4111.74,4102.29,9.449999999999818,80.57299999999995,0.11728494657018883,False,2026-07-31 03:00:00,0.13,58.350000000000016,2026-07-31 23:56:00,-0.5714285714285714,0,0.07894736842105263,-0.03983964851749393,0.06466185943182008,0.0,0.0,2.0,-1.1249999992968749
2026-07-31,3,194,-1,4090.54,4107.1,4090.54,16.5600000000004,80.57299999999995,0.2055279063706255,False,2026-07-31 04:14:00,0.13,46.600000000000016,2026-07-31 23:56:00,-0.0,0,0.5443037974683544,-0.03983964851749393,0.21049234855348625,0.0,0.0,2.0,-1.062559295548426
2026-07-31,4,242,-1,4082.13,4101.63,4082.13,19.5,80.57299999999995,0.24201655641468,False,2026-07-31 05:02:00,0.13,38.19000000000016,2026-07-31 23:56:00,0.5,4,0.6896551724137931,-0.03983964851749393,0.31486974544822594,0.0,0.0,2.0,-1.4251624748779226
2026-07-31,5,303,-1,4074.25,4090.45,4074.25,16.199999999999818,80.57299999999995,0.2010599084060396,False,2026-07-31 06:03:00,0.13,30.310000000000056,2026-07-31 23:56:00,0.7,4,0.75,-0.03983964851749393,0.4126692564506723,0.05263157894736842,0.0,2.0,-1.2158375169225706
2026-07-31,8,481,-1,4073.36,4083.24,4073.36,9.879999999999654,80.57299999999995,0.12262172191676692,False,2026-07-31 09:01:00,0.13,-10.009999999999655,2026-07-31 09:16:00,0.625,4,-0.7853658536585366,0.3573157261117245,0.026559765678327404,0.0,0.0,2.0,-0.05530012633646827
2026-07-31,9,569,-1,4072.82,4087.52,4072.82,14.699999999999818,80.57299999999995,0.18244325022029498,False,2026-07-31 10:29:00,0.13,28.88000000000022,2026-07-31 23:56:00,0.6486486486486487,0,-0.6788617886178862,0.34490462065456146,0.04567286808235809,0.0,0.0,3.0,-0.9140038690030006
2026-07-31,10,600,-1,4067.6,4079.23,4067.6,11.63000000000011,80.57299999999995,0.14434115646680795,False,2026-07-31 11:00:00,0.13,23.659999999999965,2026-07-31 23:56:00,0.6666666666666666,0,-0.5763358778625954,0.34490462065456146,0.11045883856875252,0.022222222222222223,0.0,1.0,-1.3590133047309054
2026-08-04,2,120,1,4055.06,4055.06,4050.21,4.849999999999909,83.96299999999997,0.05776353870156987,False,2026-08-04 03:00:00,0.13,-4.979999999999909,2026-08-04 03:59:00,0.5714285714285714,3,-0.0967741935483871,-0.007741505186809562,0.03048962042804505,0.2857142857142857,0.011910007979705352,1.0,-1.2377054950637438
2026-08-04,3,180,-1,4048.75,4069.34,4048.75,20.590000000000146,83.96299999999997,0.24522706430213492,True,2026-08-04 04:00:00,0.13,-20.720000000000145,2026-08-04 11:03:00,-0.18181818181818182,3,-0.4027777777777778,0.007741505186809562,0.044662529923895064,0.2727272727272727,0.05955003989852676,1.0,-0.9196398656000128
2026-08-04,4,278,1,4061.88,4061.88,4042.6,19.2800000000002,83.96299999999997,0.22962495384872156,False,2026-08-04 05:38:00,0.13,15.790000000000072,2026-08-04 23:57:00,0.2222222222222222,0,0.3412698412698413,-0.007741505186809562,0.11171587484963749,0.32142857142857145,0.04764003191882141,1.0,0.1441232574609008
2026-08-04,7,450,1,4066.24,4066.24,4051.19,15.049999999999727,83.96299999999997,0.1792456200945623,False,2026-08-04 08:30:00,0.13,-15.179999999999728,2026-08-04 12:06:00,0.13793103448275862,1,-0.20618556701030927,0.06371854269142255,0.09218346176291682,0.25,0.04764003191882141,1.0,-0.954931553973575
2026-08-04,8,511,-1,4057.33,4067.79,4057.33,10.460000000000036,83.96299999999997,0.1245786834677184,True,2026-08-04 09:31:00,0.13,-10.590000000000037,2026-08-04 11:02:00,-0.058823529411764705,2,0.05357142857142857,-0.06371854269142255,0.013934709336256127,0.21428571428571427,0.023820015959410704,1.0,1.0322495394448505
2026-08-04,9,573,1,4066.25,4066.25,4055.74,10.510000000000218,83.96299999999997,0.12517418386670584,False,2026-08-04 10:33:00,0.13,-10.640000000000219,2026-08-04 11:51:00,0.15789473684210525,4,-0.284,0.08753855865083325,0.06848254588330577,0.21428571428571427,0.04764003191882141,1.0,-0.7412501720013076
2026-08-04,10,600,1,4066.74,4066.74,4060.87,5.869999999999891,83.96299999999997,0.06991174684086911,False,2026-08-04 11:00:00,0.13,-5.999999999999891,2026-08-04 11:27:00,0.20512820512820512,5,-0.2490272373540856,0.08753855865083325,0.07431844979335879,0.21428571428571427,0.04764003191882141,1.0,-0.47046504341485385
2026-08-05,2,143,1,4077.15,4077.15,4065.5,11.650000000000091,81.61699999999996,0.14273987037014466,True,2026-08-05 03:23:00,0.13,168.94999999999948,2026-08-05 23:57:00,0.2222222222222222,4,-0.27941176470588236,-0.040187705992626555,0.007964027102197964,0.047619047619047616,0.0,1.0,0.5834599655447696
2026-08-05,3,180,1,4083.49,4083.49,4070.43,13.059999999999945,81.61699999999996,0.16001568300721605,True,2026-08-05 04:00:00,0.13,162.6099999999998,2026-08-05 23:57:00,0.36363636363636365,0,-0.18072289156626506,-0.027935356604631402,0.0733915728340883,0.047619047619047616,0.0,1.0,0.033296357887319626
2026-08-05,4,241,1,4102.67,4102.67,4077.6,25.070000000000164,81.61699999999996,0.3071663991570405,True,2026-08-05 05:01:00,0.13,143.4299999999995,2026-08-05 23:57:00,0.5,2,-0.3984375,0.04557873972333952,0.234877537767868,0.23684210526315788,0.0,1.0,-1.1303108078930562
2026-08-05,5,311,1,4135.33,4135.33,4095.53,39.79999999999973,81.61699999999996,0.48764350564220377,True,2026-08-05 06:11:00,0.13,110.76999999999964,2026-08-05 23:57:00,0.7,3,0.08205128205128205,0.04557873972333952,0.6350392687797879,0.2676056338028169,0.0,2.0,-0.4207939806872494
2026-08-05,7,444,1,4141.42,4141.42,4128.31,13.109999999999673,81.61699999999996,0.16062830047661245,True,2026-08-05 08:24:00,0.13,104.6799999999995,2026-08-05 23:57:00,0.5517241379310345,2,-0.7637795275590551,0.6827009078990876,0.0725339083769322,0.24675324675324675,0.0,3.0,-0.1455871168813514
2026-08-05,8,492,1,4172.91,4172.91,4134.74,38.17000000000007,81.61699999999996,0.4676721761397759,True,2026-08-05 09:12:00,0.13,73.18999999999971,2026-08-05 23:57:00,0.625,5,-0.47368421052631576,0.6827009078990876,0.4583603906048969,0.3148148148148148,0.0,1.0,-0.9356701219110768
2026-08-05,9,540,1,4178.43,4178.43,4160.24,18.19000000000051,81.61699999999996,0.2228702353676381,True,2026-08-05 10:00:00,0.13,-18.32000000000051,2026-08-05 11:47:00,0.7428571428571429,8,-0.3215339233038348,0.6827009078990876,0.5259933592266355,0.2894736842105263,0.0,2.0,-0.5141038045996079
2026-08-05,10,624,-1,4162.34,4179.48,4162.34,17.139999999999418,81.61699999999996,0.2100052685102298,False,2026-08-05 11:24:00,0.13,-17.269999999999417,2026-08-05 14:28:00,-0.5853658536585366,1,0.617948717948718,-1.0625237389269373,0.05096977345405806,0.2956521739130435,0.012252349387995154,2.0,0.6822435605815504
2026-08-06,2,143,1,4281.91,4281.91,4249.11,32.80000000000018,92.91300000000001,0.3530184150764713,True,2026-08-06 03:23:00,0.13,-32.930000000000184,2026-08-06 08:30:00,0.8888888888888888,1,-0.28421052631578947,0.25507733040586156,0.10127753920333918,0.16216216216216217,0.021525513114418863,2.0,-0.5259871517474526
2026-08-06,3,181,1,4300.36,4300.36,4264.53,35.82999999999993,92.91300000000001,0.38562956744481314,True,2026-08-06 04:01:00,0.13,-35.95999999999993,2026-08-06 06:18:00,1.0,4,-0.007246376811594203,0.2766028435202804,0.2783248845694324,0.16071428571428573,0.021525513114418863,1.0,-1.2412849249999331
2026-08-06,4,245,1,4302.73,4302.73,4272.99,29.73999999999978,92.91300000000001,0.32008438001140616,True,2026-08-06 05:05:00,0.13,-29.86999999999978,2026-08-06 06:15:00,0.875,3,0.29596412556053814,0.28736560007748985,0.29306986105280813,0.13793103448275862,0.021525513114418863,1.0,-1.334425718844753
2026-08-06,5,313,-1,4274.97,4304.11,4274.97,29.139999999999418,92.91300000000001,0.31362672607707653,False,2026-08-06 06:13:00,0.13,34.569999999999816,2026-08-06 23:57:00,-0.6,4,-0.4059040590405904,-0.28736560007748985,0.005704260975318258,0.13333333333333333,0.021525513114418863,1.0,0.8698885505274083
2026-08-06,6,384,-1,4260.62,4280.95,4260.62,20.329999999999927,92.91300000000001,0.21880684080806695,False,2026-08-06 07:24:00,0.13,-20.459999999999926,2026-08-06 12:01:00,-0.24,1,-0.2870967741935484,-0.2766028435202804,0.14938706101406807,0.11666666666666667,0.021525513114418863,1.0,-0.4287142974664691
2026-08-06,7,450,-1,4253.02,4267.19,4253.02,14.169999999999163,92.91300000000001,0.15250826041564863,False,2026-08-06 08:30:00,0.13,-14.299999999999164,2026-08-06 08:52:00,-0.20689655172413793,1,-0.1531791907514451,-0.2766028435202804,0.23118401084885387,0.06666666666666667,0.021525513114418863,1.0,-0.6994909435964289
2026-08-06,8,482,1,4268.49,4268.49,4247.27,21.219999999999345,92.91300000000001,0.22838569414397708,True,2026-08-06 09:02:00,0.13,-21.349999999999344,2026-08-06 16:05:00,0.25,2,0.4973404255319149,0.14744976483376726,0.06446891177768214,0.06666666666666667,0.021525513114418863,1.0,-0.8673864522104362
2026-08-06,9,613,1,4268.54,4268.54,4249.37,19.170000000000073,92.91300000000001,0.20632204320170558,True,2026-08-06 11:13:00,0.13,-19.30000000000007,2026-08-06 15:57:00,0.25,1,0.2962962962962963,0.14744976483376726,0.06500704960554457,0.06666666666666667,0.021525513114418863,1.0,-0.4242290098027536
2026-08-06,10,600,1,4265.39,4265.39,4252.62,12.770000000000437,92.91300000000001,0.13744040123556914,True,2026-08-06 11:00:00,0.13,-12.900000000000437,2026-08-06 15:52:00,0.20512820512820512,0,0.29333333333333333,0.14744976483376726,0.03110436645033878,0.06666666666666667,0.021525513114418863,1.0,0.9393364363756234
2026-08-07,2,144,-1,4240.32,4253.25,4240.32,12.930000000000291,90.89399999999996,0.14225361409994386,True,2026-08-07 03:24:00,0.13,-13.060000000000292,2026-08-07 04:43:00,-0.2222222222222222,2,-0.06153846153846154,0.012542081985613218,0.03498580764407213,0.21052631578947367,0.01100182630316633,1.0,0.8075728526742048
2026-08-07,3,223,1,4252.98,4252.98,4229.73,23.25,90.89399999999996,0.2557924615486172,False,2026-08-07 04:43:00,0.13,88.21000000000015,2026-08-07 23:56:00,0.14285714285714285,0,-0.15503875968992248,-0.012542081985613218,0.104297313354012,0.08,0.01100182630316633,1.0,-1.012820512495891
2026-08-07,4,241,1,4259.35,4259.35,4231.73,27.6200000000008,90.89399999999996,0.30387044249346284,False,2026-08-07 05:01:00,0.13,81.83999999999935,2026-08-07 23:56:00,0.25,2,0.0,-0.012542081985613218,0.17437894690519035,0.03225806451612903,0.01100182630316633,2.0,-0.9750079701811186
2026-08-07,5,357,1,4261.68,4261.68,4247.16,14.520000000000437,90.89399999999996,0.1597465179219799,False,2026-08-07 06:57:00,0.13,79.50999999999942,2026-08-07 23:56:00,0.43478260869565216,4,0.2766990291262136,-0.012542081985613218,0.2000132021915671,0.030303030303030304,0.01100182630316633,5.0,-0.4901137508857898
2026-08-07,6,360,1,4266.33,4266.33,4249.63,16.699999999999818,90.89399999999996,0.1837304992628757,False,2026-08-07 07:00:00,0.13,74.85999999999979,2026-08-07 23:56:00,0.43478260869565216,4,0.2938388625592417,-0.012542081985613218,0.2511716945012865,0.15789473684210525,0.01100182630316633,1.0,-1.5416347858845683
2026-08-07,7,430,1,4269.12,4269.12,4260.76,8.359999999999673,90.89399999999996,0.09197526789446692,False,2026-08-07 08:10:00,0.13,72.06999999999982,2026-08-07 23:56:00,0.2857142857142857,0,0.40160642570281124,-0.012542081985613218,0.28186678988712016,0.04878048780487805,0.01100182630316633,1.0,-2.051278060403922
2026-08-07,8,480,1,4280.54,4280.54,4261.94,18.600000000000364,90.89399999999996,0.20463396923889773,False,2026-08-07 09:00:00,0.13,60.64999999999974,2026-08-07 23:56:00,0.45161290322580644,3,0.4716312056737589,-0.012542081985613218,0.4075076462692805,0.07692307692307693,0.01100182630316633,1.0,-1.5973762970059628
2026-08-07,9,613,1,4298.77,4298.77,4278.48,20.290000000000873,90.89399999999996,0.22322705569125445,False,2026-08-07 11:13:00,0.13,42.41999999999927,2026-08-07 23:56:00,0.45,1,0.6016042780748663,-0.012542081985613218,0.6080709397760079,0.02857142857142857,0.01100182630316633,1.0,-1.7248244294998603
2026-08-07,10,613,1,4297.78,4297.78,4282.94,14.840000000000146,90.89399999999996,0.16326710233898994,False,2026-08-07 11:13:00,0.13,43.40999999999996,2026-08-07 23:56:00,0.45,1,0.6016042780748663,-0.012542081985613218,0.5971791317358656,0.02857142857142857,0.01100182630316633,1.0,-0.9304973895986088
2026-08-11,3,182,-1,4396.5,4419.28,4396.5,22.779999999999745,100.94200000000005,0.2256741495115981,False,2026-08-11 04:02:00,0.12,-22.899999999999746,2026-08-11 04:17:00,-1.0,1,-0.4411764705882353,-0.07796556438350624,0.00990667908303778,0.1875,0.02972003724911334,1.0,2.287678730510201
2026-08-11,4,254,1,4434.05,4434.05,4393.77,40.279999999999745,100.94200000000005,0.3990410334647592,True,2026-08-11 05:14:00,0.12,-40.39999999999974,2026-08-11 08:26:00,1.0,1,0.691358024691358,0.06805888530046846,0.3719957995680704,0.0851063829787234,0.02972003724911334,1.0,-1.4621532107377004
2026-08-11,5,409,-1,4408.05,4435.15,4408.05,27.099999999999454,100.94200000000005,0.2684710031503184,False,2026-08-11 07:49:00,0.12,40.01000000000011,2026-08-11 23:57:00,-0.5925925925925926,1,0.17307692307692307,-0.2562857878781863,0.07380475916862965,0.08333333333333333,0.00990667908303778,1.0,0.44354283346863643
2026-08-11,6,402,-1,4409.85,4421.58,4409.85,11.729999999999563,100.94200000000005,0.11620534564402883,False,2026-08-11 07:42:00,0.12,41.810000000000294,2026-08-11 23:57:00,-0.6923076923076923,0,0.1568627450980392,-0.2562857878781863,0.055972736819159846,0.08333333333333333,0.00990667908303778,1.0,0.19604344755451705
2026-08-11,7,425,-1,4403.44,4420.32,4403.44,16.88000000000011,100.94200000000005,0.1672247429216788,False,2026-08-11 08:05:00,0.12,35.39999999999953,2026-08-11 23:57:00,-0.5,2,0.20955882352941177,-0.2562857878781863,0.11947454974143958,0.08333333333333333,0.00990667908303778,1.0,-0.7538285556773763
2026-08-11,8,508,-1,4367.54,4409.03,4367.54,41.48999999999978,100.94200000000005,0.4110281151552353,False,2026-08-11 09:28:00,0.12,-0.5000000000001091,2026-08-11 23:57:00,-0.18181818181818182,1,0.37681159420289856,-0.2562857878781863,0.4751243288224922,0.08695652173913043,0.00990667908303778,2.0,-0.8968858035428745
2026-08-11,9,559,-1,4359.88,4382.49,4359.88,22.609999999999673,100.94200000000005,0.22399001406748095,False,2026-08-11 10:19:00,0.12,-22.729999999999674,2026-08-11 13:59:00,-0.05405405405405406,1,0.43717277486910994,-0.2562857878781863,0.5510094905985602,0.07792207792207792,0.00990667908303778,3.0,-0.6222057884822213
2026-08-12,2,132,1,4374.55,4374.55,4362.43,12.11999999999989,101.70499999999997,0.11916818248856885,False,2026-08-12 03:12:00,0.12,34.18999999999949,2026-08-12 23:57:00,0.25,0,0.047619047619047616,-0.011897153532275077,0.03982105107910312,0.17647058823529413,0.029497074873408396,2.0,0.16273613863598735
2026-08-12,3,180,1,4383.7,4383.7,4366.54,17.159999999999854,101.70499999999997,0.1687232682758946,False,2026-08-12 04:00:00,0.12,25.039999999999853,2026-08-12 23:57:00,0.5454545454545454,0,0.2087912087912088,-0.0020647952411389455,0.11995477115185903,0.13636363636363635,0.029497074873408396,2.0,-1.1449800116514757
2026-08-12,4,249,1,4397.43,4397.43,4378.42,19.01000000000022,101.70499999999997,0.1869131311145,False,2026-08-12 05:09:00,0.12,11.309999999999382,2026-08-12 23:57:00,0.625,2,-0.12781954887218044,0.06676171279681398,0.18612654245120983,0.1111111111111111,0.029497074873408396,2.0,-0.9986589769494533
2026-08-12,5,308,1,4414.46,4414.46,4394.26,20.199999999999818,101.70499999999997,0.19861363748094807,False,2026-08-12 06:08:00,0.12,-20.31999999999982,2026-08-12 08:22:00,0.7,2,0.13793103448275862,0.06676171279681398,0.35357160414925565,0.07547169811320754,0.029497074873408396,2.0,-0.8296385287715032
2026-08-12,6,368,-1,4400.89,4416.11,4400.89,15.219999999999345,101.70499999999997,0.1496484931910855,True,2026-08-12 07:08:00,0.12,-15.339999999999344,2026-08-12 12:15:00,-0.4166666666666667,4,-0.24242424242424243,-0.06676171279681398,-0.2201465021385412,0.10909090909090909,0.019664716582272264,1.0,0.24286052205401096
2026-08-12,7,428,1,4403.28,4403.28,4395.43,7.849999999999454,101.70499999999997,0.07718401258541327,False,2026-08-12 08:08:00,0.12,-7.969999999999454,2026-08-12 08:22:00,0.35714285714285715,2,-0.42342342342342343,0.28307359520180886,0.027333956049355942,0.10909090909090909,0.029497074873408396,1.0,1.5391062574492098
2026-08-12,8,535,1,4404.81,4404.81,4384.03,20.780000000000655,101.70499999999997,0.20431640528981526,False,2026-08-12 09:55:00,0.12,-20.900000000000656,2026-08-12 15:30:00,0.22857142857142856,4,-0.519163763066202,0.28307359520180886,0.04237746423480066,0.09090909090909091,0.029497074873408396,1.0,-0.08656647848936767
2026-08-12,9,579,1,4406.34,4406.34,4385.22,21.11999999999989,101.70499999999997,0.20765940710879402,False,2026-08-12 10:39:00,0.12,-21.239999999999892,2026-08-12 15:30:00,0.21052631578947367,1,-0.5163398692810458,0.292905953492945,0.04758861412910031,0.09090909090909091,0.029497074873408396,1.0,0.15195961782315306
2026-08-12,10,604,1,4410.04,4410.04,4398.21,11.829999999999927,101.70499999999997,0.11631679858413972,False,2026-08-12 11:04:00,0.12,-11.949999999999926,2026-08-12 15:30:00,0.25,3,-0.4454828660436137,0.292905953492945,0.08396833980630221,0.09090909090909091,0.029497074873408396,1.0,-0.6271719411994411
2026-08-13,2,120,1,4414.47,4414.47,4401.55,12.920000000000073,97.54099999999994,0.13245712059544273,True,2026-08-13 03:00:00,0.12,-13.040000000000072,2026-08-13 05:33:00,1.1428571428571428,6,-0.40425531914893614,-0.022452097066870354,0.061205031730249417,0.17647058823529413,0.0,1.0,-1.6666666650925923
2026-08-13,3,226,-1,4413.04,4449.77,4413.04,36.73000000000047,97.54099999999994,0.37655960057822346,False,2026-08-13 04:46:00,0.12,62.45999999999993,2026-08-13 23:57:00,-0.4,2,-0.011904761904761904,-0.141581488809838,0.11748905588419273,0.21153846153846154,0.09226889205564845,2.0,-0.7265225742695337
2026-08-13,4,241,-1,4406.25,4435.39,4406.25,29.140000000000327,97.54099999999994,0.29874616827795847,False,2026-08-13 05:01:00,0.12,55.669999999999966,2026-08-13 23:57:00,-0.375,3,0.06593406593406594,-0.141581488809838,0.18710080889062047,0.17307692307692307,0.09226889205564845,2.0,0.8688145422372945
2026-08-13,5,359,-1,4398.99,4414.06,4398.99,15.070000000000618,97.54099999999994,0.15449913369763102,False,2026-08-13 06:59:00,0.12,48.40999999999975,2026-08-13 23:57:00,-0.08695652173913043,1,-0.27346938775510204,0.012199997949576082,0.10774956172276504,0.17307692307692307,0.09226889205564845,3.0,-0.5583147845433198
2026-08-13,6,360,-1,4398.75,4412.22,4398.75,13.470000000000255,97.54099999999994,0.13809577510995646,False,2026-08-13 07:00:00,0.12,48.169999999999966,2026-08-13 23:57:00,-0.08695652173913043,1,-0.2682926829268293,0.012199997949576082,0.11021006551091343,0.17307692307692307,0.09226889205564845,4.0,-0.23897953163880287
2026-08-13,8,484,-1,4380.6,4407.27,4380.6,26.670000000000073,97.54099999999994,0.27342348345823897,False,2026-08-13 09:04:00,0.12,30.020000000000326,2026-08-13 23:57:00,-0.0,3,-0.09696969696969697,0.032704196184164626,0.2757814662552122,0.15714285714285714,0.09226889205564845,1.0,-1.0810834171251527
2026-08-13,9,600,-1,4368.95,4385.6,4368.95,16.650000000000546,97.54099999999994,0.17069745030295522,False,2026-08-13 11:00:00,0.12,-16.770000000000547,2026-08-13 13:19:00,0.10256410256410256,0,0.06940874035989718,0.032704196184164626,0.39521842097169607,0.13414634146341464,0.09226889205564845,1.0,-1.1379349390766162
2026-08-13,10,600,-1,4369.33,4381.72,4369.33,12.390000000000327,97.54099999999994,0.1270235080632794,False,2026-08-13 11:00:00,0.12,-12.510000000000327,2026-08-13 12:20:00,0.10256410256410256,0,0.06940874035989718,0.032704196184164626,0.39132262330712314,0.13414634146341464,0.09226889205564845,1.0,-0.8339914048607123
2026-08-14,2,137,-1,4349.23,4364.18,4349.23,14.950000000000728,98.96799999999993,0.1510589281383956,True,2026-08-14 03:17:00,0.12,-15.070000000000727,2026-08-14 14:50:00,-0.0,2,-0.17721518987341772,-0.03182846980841927,0.07345808746261864,0.0625,0.010104276129658078,2.0,-1.5305305804132598
2026-08-14,3,185,-1,4329.43,4362.05,4329.43,32.61999999999989,98.96799999999993,0.3296014873494454,True,2026-08-14 04:05:00,0.12,-32.73999999999989,2026-08-14 14:35:00,0.3333333333333333,5,0.27906976744186046,-0.03182846980841927,0.27352275482984123,0.08333333333333333,0.010104276129658078,2.0,-0.8438196237505182
2026-08-14,4,254,-1,4312.36,4341.5,4312.36,29.140000000000327,98.96799999999993,0.2944386064182397,True,2026-08-14 05:14:00,0.12,-29.26000000000033,2026-08-14 10:45:00,0.625,1,0.48333333333333334,-0.03182846980841927,0.4460027483631109,0.09433962264150944,0.010104276129658078,2.0,-0.8280700297334925
2026-08-14,5,308,1,4322.8,4322.8,4311.06,11.739999999999782,98.96799999999993,0.11862420176218363,False,2026-08-14 06:08:00,0.12,52.76000000000011,2026-08-14 23:56:00,-0.6,2,0.5525114155251142,-0.3521340231185877,0.04344838735753157,0.09259259259259259,0.0,1.0,0.4156243186643139
2026-08-14,6,450,-1,4313.79,4328.18,4313.79,14.390000000000327,98.96799999999993,0.14540053350578305,True,2026-08-14 08:30:00,0.12,-14.510000000000327,2026-08-14 08:51:00,0.27586206896551724,1,-0.06015037593984962,0.2712998140813231,0.12842534960795454,0.05555555555555555,0.010104276129658078,2.0,0.7335475236277075
2026-08-14,8,480,1,4333.65,4333.65,4311.1,22.549999999999272,98.96799999999993,0.2278514267237823,False,2026-08-14 09:00:00,0.12,41.91000000000066,2026-08-14 23:56:00,-0.1935483870967742,1,0.21885521885521886,-0.3016126424702973,0.10255840271602581,0.05555555555555555,0.0,1.0,-0.7528284196160431
2026-08-14,9,543,1,4336.65,4336.65,4328.02,8.6299999999992,98.96799999999993,0.08719990299894113,False,2026-08-14 10:03:00,0.12,38.91000000000066,2026-08-14 23:56:00,-0.16666666666666666,2,0.28615384615384615,-0.3016126424702973,0.13287123110500004,0.05555555555555555,0.0,1.0,-0.637732306855596
2026-08-14,10,600,1,4345.26,4345.26,4329.73,15.530000000000655,98.96799999999993,0.15691940829359657,False,2026-08-14 11:00:00,0.12,30.30000000000007,2026-08-14 23:56:00,-0.10256410256410256,2,0.34277620396600567,-0.3016126424702973,0.219869048581362,0.05555555555555555,0.0,1.0,-1.1448625712544638
2026-08-18,2,120,1,4426.04,4426.04,4409.83,16.210000000000036,98.12399999999984,0.16519913578737172,True,2026-08-18 03:00:00,0.12,-16.330000000000037,2026-08-18 04:45:00,0.0,3,0.06521739130434782,-0.027516203986790413,0.10741510741510722,0.2777777777777778,0.010191186661774914,1.0,-1.1586482431803011
2026-08-18,3,180,1,4435.02,4435.02,4419.09,15.930000000000291,98.12399999999984,0.16234560352207733,True,2026-08-18 04:00:00,0.12,-16.050000000000292,2026-08-18 04:41:00,0.5454545454545454,3,-0.024096385542168676,0.03363091598385907,0.13778484366720128,0.1111111111111111,0.010191186661774914,1.0,-1.7999081687310463
2026-08-18,4,241,-1,4404.35,4436.16,4404.35,31.80999999999949,98.12399999999984,0.32418164771105484,False,2026-08-18 05:01:00,0.12,69.41999999999996,2026-08-18 23:57:00,-0.125,4,0.007692307692307693,-0.03363091598385907,0.17477885124943607,0.12121212121212122,0.010191186661774914,1.0,-1.6410064335369432
2026-08-18,5,349,-1,4394.33,4408.15,4394.33,13.819999999999709,98.12399999999984,0.14084219966572634,False,2026-08-18 06:49:00,0.12,59.39999999999953,2026-08-18 23:57:00,0.17391304347826086,3,0.29508196721311475,-0.03363091598385907,0.27689454160042515,0.023255813953488372,0.010191186661774914,5.0,0.5082567500447128
2026-08-18,6,360,-1,4390.67,4404.09,4390.67,13.420000000000073,98.12399999999984,0.13676572500102008,False,2026-08-18 07:00:00,0.12,-13.540000000000072,2026-08-18 16:41:00,0.17391304347826086,3,0.31016042780748665,-0.03363091598385907,0.3141942847825199,0.10638297872340426,0.010191186661774914,1.0,-1.78434459570216
2026-08-18,9,544,1,4400.2,4400.2,4387.64,12.55999999999949,98.12399999999984,0.12800130447188773,True,2026-08-18 10:04:00,0.12,-12.67999999999949,2026-08-18 11:23:00,0.0,0,0.624031007751938,-0.24153112388406361,0.058089763972115155,0.0392156862745098,0.010191186661774914,1.0,0.7179570255678407
2026-08-18,10,600,-1,4395.52,4403.68,4395.52,8.159999999999854,98.12399999999984,0.08316008316008182,False,2026-08-18 11:00:00,0.12,-8.279999999999854,2026-08-18 16:41:00,-0.0,1,-0.6560283687943262,0.24153112388406361,-0.01039501039501486,0.0392156862745098,0.010191186661774914,1.0,1.9946223179644373
2026-08-19,2,122,1,4338.38,4338.38,4327.19,11.19000000000051,102.44399999999987,0.1092304088087201,False,2026-08-19 03:02:00,0.12,-11.310000000000509,2026-08-19 04:02:00,-0.5,2,0.08196721311475409,-0.003806957947760024,0.03787435086486387,0.17647058823529413,0.019522861270547837,1.0,-0.2583711945509163
2026-08-19,3,181,-1,4331.55,4347.21,4331.55,15.659999999999854,102.44399999999987,0.15286400374838813,True,2026-08-19 04:01:00,0.12,-15.779999999999854,2026-08-19 04:33:00,0.3333333333333333,2,-0.4019607843137255,0.003806957947760024,0.02879622037405628,0.14285714285714285,0.009761430635273918,1.0,-0.3385995886561021
2026-08-19,4,256,1,4357.66,4357.66,4324.69,32.970000000000255,102.44399999999987,0.32183436804498355,False,2026-08-19 05:16:00,0.12,165.2499999999999,2026-08-19 23:57:00,0.11764705882352941,5,0.5061728395061729,-0.003806957947760024,0.22607473351294252,0.14705882352941177,0.02928429190582175,2.0,-0.9563993895480146
2026-08-19,8,542,1,4350.71,4350.71,4335.16,15.550000000000182,102.44399999999987,0.15179024637851118,False,2026-08-19 10:02:00,0.12,172.1999999999997,2026-08-19 23:57:00,-0.05555555555555555,5,0.03492063492063492,0.07428448713443132,0.08014134551559922,0.1282051282051282,0.02928429190582175,1.0,-0.4251397435889723
2026-08-19,9,540,1,4349.46,4349.46,4335.37,14.090000000000146,102.44399999999987,0.13753855765101092,False,2026-08-19 10:00:00,0.12,173.4499999999997,2026-08-19 23:57:00,-0.11428571428571428,4,0.022508038585209004,0.07428448713443132,0.06793955722150682,0.1282051282051282,0.02928429190582175,1.0,-0.8065481226186476
2026-08-19,10,720,1,4363.17,4363.17,4347.48,15.69000000000051,102.44399999999987,0.15315684666745275,False,2026-08-19 13:00:00,0.12,159.73999999999967,2026-08-19 23:57:00,0.0425531914893617,2,-0.607940446650124,0.21094451602826617,0.06510874233727774,0.075,0.02928429190582175,3.0,-1.3318421298467524
2026-08-20,2,120,-1,4511.42,4523.66,4511.42,12.239999999999782,102.18099999999995,0.1197874360203931,False,2026-08-20 03:00:00,0.12,-12.359999999999781,2026-08-20 18:01:00,0.8571428571428571,3,0.09803921568627451,0.016049950577899298,0.07907536626182882,0.35294117647058826,0.03914622092169779,1.0,-0.9999999995
2026-08-20,3,181,-1,4504.03,4521.21,4504.03,17.18000000000029,102.18099999999995,0.16813301885869486,False,2026-08-20 04:01:00,0.12,-17.300000000000292,2026-08-20 18:01:00,0.8333333333333334,3,0.16326530612244897,0.03562306103874819,0.1318248989538198,0.16666666666666666,0.03914622092169779,3.0,-0.5158892633404848
2026-08-20,5,311,-1,4488.57,4499.7,4488.57,11.13000000000011,102.18099999999995,0.10892435971462516,False,2026-08-20 06:11:00,0.12,-11.250000000000108,2026-08-20 06:53:00,0.5,0,-0.5081081081081081,0.2607138313385105,0.05803427251641982,0.18181818181818182,0.03914622092169779,1.0,-0.5145146109250613
2026-08-20,6,393,-1,4488.04,4501.02,4488.04,12.980000000000473,102.18099999999995,0.12702948689091395,False,2026-08-20 07:33:00,0.12,-13.100000000000472,2026-08-20 17:44:00,0.5384615384615384,3,-0.4439461883408072,0.2607138313385105,0.06322114678854228,0.18181818181818182,0.03914622092169779,1.0,-0.02084389063269061
2026-08-20,7,434,-1,4486.41,4499.29,4486.41,12.88000000000011,102.18099999999995,0.12605083136786796,False,2026-08-20 08:14:00,0.12,-13.000000000000108,2026-08-20 17:36:00,0.42857142857142855,0,-0.3458333333333333,0.2607138313385105,0.0791732318141352,0.13636363636363635,0.03914622092169779,1.0,-0.4195300943559959
2026-08-20,8,495,1,4494.03,4494.03,4477.94,16.090000000000146,102.18099999999995,0.15746567365753078,True,2026-08-20 09:15:00,0.12,-16.210000000000147,2026-08-20 14:41:00,-0.5,1,0.2589928057553957,-0.27050038656893494,0.0051868742721224645,0.09803921568627451,0.009786555230424447,1.0,2.1780979928711406
2026-08-20,9,616,1,4495.94,4495.94,4480.06,15.8799999999992,102.18099999999995,0.1554104970591324,True,2026-08-20 11:16:00,0.12,-15.999999999999199,2026-08-20 14:38:00,-0.43902439024390244,3,0.13213213213213212,-0.27050038656893494,0.023879194762231735,0.09803921568627451,0.009786555230424447,1.0,1.6197848862939306
2026-08-21,3,180,-1,4509.9,4527.49,4509.9,17.590000000000146,103.14300000000003,0.17053993000009832,True,2026-08-21 04:00:00,0.12,-17.710000000000147,2026-08-21 04:23:00,0.5454545454545454,7,0.18681318681318682,-0.011925191239343078,0.1318557730529494,0.041666666666666664,0.0,1.0,-1.4582456373495585
2026-08-21,4,381,1,4543.76,4543.76,4508.86,34.900000000000546,103.14300000000003,0.33836518231969726,False,2026-08-21 07:21:00,0.12,59.489999999999675,2026-08-21 23:56:00,0.0,3,0.05,0.04101102353043408,0.167340488448079,0.027777777777777776,0.009695277430363667,2.0,-1.3630186734333551
2026-08-21,5,380,1,4542.94,4542.94,4518.35,24.589999999999236,103.14300000000003,0.23840687201263516,False,2026-08-21 07:20:00,0.12,60.310000000000294,2026-08-21 23:56:00,-0.08,3,0.04201680672268908,0.04101102353043408,0.1593903609551748,0.05555555555555555,0.009695277430363667,1.0,-1.3181246944920924
2026-08-21,6,362,1,4538.38,4538.38,4526.79,11.590000000000146,103.14300000000003,0.11236826541791631,False,2026-08-21 07:02:00,0.12,64.86999999999978,2026-08-21 23:56:00,-0.08333333333333333,2,0.004366812227074236,0.04101102353043408,0.11517989587272143,0.05555555555555555,0.009695277430363667,1.0,-0.6397853159241649
2026-08-21,8,497,1,4556.3,4556.3,4529.18,27.11999999999989,103.14300000000003,0.2629359239114616,False,2026-08-21 09:17:00,0.12,46.94999999999971,2026-08-21 23:56:00,0.0,3,-0.1526479750778816,0.09918268811261609,0.23074760284265705,0.04081632653061224,0.009695277430363667,1.0,-1.5310403840114133
2026-08-21,9,562,1,4567.63,4567.63,4545.58,22.050000000000182,103.14300000000003,0.21378086733952062,False,2026-08-21 10:22:00,0.12,35.619999999999784,2026-08-21 23:56:00,0.10810810810810811,1,-0.024930747922437674,0.09918268811261609,0.34059509612867667,0.016666666666666666,0.009695277430363667,2.0,-1.1587208041616566
2026-08-21,10,614,1,4568.0,4568.0,4558.55,9.449999999999818,103.14300000000003,0.09162037171693489,False,2026-08-21 11:14:00,0.12,35.24999999999989,2026-08-21 23:56:00,0.1,0,0.04145077720207254,0.09918268811261609,0.3441823487779102,0.03278688524590164,0.009695277430363667,1.0,-1.5847814490426968
2026-08-25,2,120,1,4682.74,4682.74,4666.91,15.829999999999927,101.70699999999997,0.15564317106983722,True,2026-08-25 03:00:00,0.12,-15.949999999999926,2026-08-25 04:24:00,1.4285714285714286,1,0.1016949152542373,0.1281131092255179,0.1498421937526403,0.45161290322580644,0.03932865977759644,1.0,-1.011681121808735
2026-08-25,3,180,-1,4675.48,4696.75,4675.48,21.270000000000437,101.70699999999997,0.20913014836737337,False,2026-08-25 04:00:00,0.12,16.7599999999992,2026-08-25 23:57:00,-1.2727272727272727,1,-0.10084033613445378,-0.2166025937251099,0.010028808243291385,0.2222222222222222,0.01966432988879822,1.0,1.1908249333545085
2026-08-25,4,240,-1,4656.61,4686.54,4656.61,29.93000000000029,101.70699999999997,0.29427669678586826,False,2026-08-25 05:00:00,0.12,-2.1100000000006913,2026-08-25 23:57:00,-0.6666666666666666,0,0.03314917127071823,-0.20677042878071078,0.1857295957997024,0.13333333333333333,0.01966432988879822,1.0,-0.5618117637491653
2026-08-25,6,436,1,4641.36,4641.36,4622.29,19.06999999999971,101.70699999999997,0.18749938548968817,True,2026-08-25 08:16:00,0.12,-19.18999999999971,2026-08-25 11:08:00,0.20689655172413793,1,0.5338983050847458,-0.18651616899525364,0.05761648657417557,0.0759493670886076,0.03932865977759644,1.0,-0.24451586699805283
2026-08-25,7,427,1,4637.78,4637.78,4623.86,13.920000000000073,101.70699999999997,0.13686373602603633,True,2026-08-25 08:07:00,0.12,-14.040000000000072,2026-08-25 11:08:00,0.14285714285714285,0,0.5244956772334294,-0.18651616899525364,0.02241733607322747,0.0759493670886076,0.03932865977759644,1.0,1.359033020262539
2026-08-25,8,487,1,4647.94,4647.94,4624.17,23.769999999999527,101.70699999999997,0.23371056072836222,True,2026-08-25 09:07:00,0.12,-23.889999999999528,2026-08-25 11:08:00,0.15625,1,0.5732647814910026,-0.18651616899525364,0.122312131908321,0.0759493670886076,0.03932865977759644,1.0,0.03511595213125737
2026-08-25,9,540,-1,4637.15,4653.5,4637.15,16.350000000000364,101.70699999999997,0.16075589684092903,False,2026-08-25 10:00:00,0.12,-16.470000000000365,2026-08-25 18:35:00,-0.2,1,-0.4679334916864608,0.1570196741620563,0.013273422674942376,0.0759493670886076,0.01966432988879822,1.0,1.9895146647560258
2026-08-25,10,600,-1,4629.82,4643.8,4629.82,13.980000000000473,101.70699999999997,0.13745366592270422,False,2026-08-25 11:00:00,0.12,-14.100000000000472,2026-08-25 11:24:00,-0.07692307692307693,0,-0.4179431072210066,0.1570196741620563,0.08534319171738715,0.0759493670886076,0.01966432988879822,1.0,0.06904638653931351
2026-08-26,2,121,-1,4653.28,4673.52,4653.28,20.24000000000069,103.01400000000004,0.19647814860116763,False,2026-08-26 03:01:00,0.12,59.0699999999996,2026-08-26 23:57:00,0.25,5,-0.5357142857142857,0.004853709204574134,0.04096530568660816,0.0,0.0,2.0,-1.037749041710157
2026-08-26,3,180,-1,4634.49,4657.86,4634.49,23.36999999999989,103.01400000000004,0.22686236822179395,False,2026-08-26 04:00:00,0.12,-23.489999999999892,2026-08-26 04:57:00,0.9090909090909091,8,-0.044444444444444446,0.014561127613722401,0.2136602791853555,0.15,0.0,1.0,-1.630820180505946
2026-08-26,4,248,1,4660.92,4660.92,4629.77,31.149999999999636,103.01400000000004,0.302386083444965,True,2026-08-26 05:08:00,0.12,-31.269999999999637,2026-08-26 09:22:00,-0.5,2,0.24503311258278146,-0.10192789329605681,0.13027355505077046,0.1111111111111111,0.04853709204574134,2.0,1.069882623441474
2026-08-26,5,300,-1,4654.92,4670.77,4654.92,15.850000000000364,103.01400000000004,0.15386258178500356,False,2026-08-26 06:00:00,0.12,60.70999999999993,2026-08-26 23:57:00,0.21052631578947367,1,0.11956521739130435,0.004853709204574134,0.025045139495601824,0.1111111111111111,0.0,1.0,0.4611693021990678
2026-08-26,6,361,-1,4642.63,4658.69,4642.63,16.05999999999949,103.01400000000004,0.15590113965091623,False,2026-08-26 07:01:00,0.12,48.419999999999966,2026-08-26 23:57:00,0.4166666666666667,2,-0.3627906976744186,0.10192789329605681,0.047275127652551006,0.1111111111111111,0.0,1.0,0.08944271906399162
2026-08-26,8,495,-1,4635.5,4649.55,4635.5,14.050000000000182,103.01400000000004,0.13638922864853492,False,2026-08-26 09:15:00,0.12,41.28999999999986,2026-08-26 23:57:00,0.5,0,-0.4583333333333333,0.14075756693264987,0.07765934727318614,0.1111111111111111,0.0,1.0,-0.9033135039037278
2026-08-26,9,615,-1,4624.8,4641.43,4624.8,16.63000000000011,103.01400000000004,0.16143436814413675,False,2026-08-26 11:15:00,0.12,30.590000000000035,2026-08-26 23:57:00,0.55,4,-0.15269461077844312,0.14075756693264987,0.18152872425107083,0.02,0.0,1.0,-2.079930353063854
2026-08-26,10,607,-1,4626.51,4639.35,4626.51,12.840000000000146,103.01400000000004,0.12464325237346517,False,2026-08-26 11:07:00,0.12,32.300000000000075,2026-08-26 23:57:00,0.5,4,-0.15615615615615616,0.14075756693264987,0.16492903877142695,0.02,0.0,1.0,-0.9633382401215683
2026-08-27,2,120,1,4624.9,4624.9,4607.03,17.86999999999989,104.1960000000001,0.1715037045567956,False,2026-08-27 03:00:00,0.12,-17.989999999999892,2026-08-27 03:44:00,1.4285714285714286,4,0.0625,0.13407424469269685,0.1382010825751432,0.27586206896551724,0.05758378440631113,2.0,-0.2077630081107
2026-08-27,3,217,1,4627.11,4627.11,4600.62,26.48999999999978,104.1960000000001,0.25423240815386156,False,2026-08-27 04:37:00,0.12,-26.609999999999783,2026-08-27 09:02:00,0.5714285714285714,3,-0.3422818791946309,0.2108526239011117,0.08263273062305333,0.1875,0.03838918960420742,1.0,-1.5364177193261066
2026-08-27,4,240,1,4640.9,4640.9,4602.47,38.42999999999938,104.1960000000001,0.36882413912241685,False,2026-08-27 05:00:00,0.12,-38.54999999999938,2026-08-27 08:52:00,0.8,4,-0.13636363636363635,0.2108526239011117,0.21497946178355806,0.28888888888888886,0.03838918960420742,1.0,-1.1514286816125332
2026-08-27,5,381,-1,4623.64,4643.06,4623.64,19.420000000000073,104.1960000000001,0.1863795155284277,True,2026-08-27 07:21:00,0.12,22.950000000000617,2026-08-27 23:57:00,-0.32,4,0.2145748987854251,-0.2684364083074228,0.008253675764901453,0.14583333333333334,0.028791892203155565,1.0,1.4974480896500906
2026-08-27,6,379,-1,4624.41,4638.69,4624.41,14.279999999999745,104.1960000000001,0.13704940688701805,True,2026-08-27 07:19:00,0.12,23.720000000000145,2026-08-27 23:57:00,-0.4,4,0.21138211382113822,-0.2684364083074228,0.0008637567660960636,0.14583333333333334,0.028791892203155565,1.0,2.699843814145747
2026-08-27,8,481,-1,4601.01,4621.55,4601.01,20.539999999999964,104.1960000000001,0.19712848861760474,True,2026-08-27 09:01:00,0.12,0.3200000000005093,2026-08-27 23:57:00,-0.125,3,-0.0033333333333333335,-0.22044992130216354,0.1774540289454467,0.14583333333333334,0.028791892203155565,1.0,-0.9557790084408689
2026-08-27,9,558,-1,4597.99,4611.86,4597.99,13.86999999999989,104.1960000000001,0.1331145149525882,True,2026-08-27 10:18:00,0.12,-13.98999999999989,2026-08-27 19:01:00,-0.05405405405405406,3,0.13005780346820808,-0.22044992130216354,0.20643786709662748,0.08333333333333333,0.028791892203155565,1.0,-1.4539799298776772
2026-08-27,10,603,1,4605.88,4605.88,4593.54,12.340000000000146,104.1960000000001,0.11843064992898128,False,2026-08-27 11:03:00,0.12,-12.460000000000145,2026-08-27 12:33:00,0.15,3,-0.12096774193548387,0.2108526239011117,-0.12111789320127336,0.0784313725490196,0.009597297401051854,1.0,1.2977713686882058
2026-08-28,2,120,-1,4594.37,4611.48,4594.37,17.109999999999673,101.3920000000001,0.16875098627110283,False,2026-08-28 03:00:00,0.12,-17.229999999999674,2026-08-28 09:59:00,0.2857142857142857,3,0.2127659574468085,-0.031067539845349074,0.11963468518226386,0.2777777777777778,0.009862711062016718,1.0,-1.2422235159887478
2026-08-28,3,207,-1,4585.72,4602.54,4585.72,16.81999999999971,101.3920000000001,0.16589080006311832,False,2026-08-28 04:27:00,0.12,-16.93999999999971,2026-08-28 09:51:00,0.46153846153846156,1,0.02702702702702703,0.04783414865078467,0.12604544737257115,0.07407407407407407,0.009862711062016718,1.0,-2.2710998941727802
2026-08-28,4,240,-1,4575.42,4602.26,4575.42,26.840000000000146,101.3920000000001,0.2647151649045301,False,2026-08-28 05:00:00,0.12,-26.960000000000147,2026-08-28 09:51:00,0.8,3,-0.0948905109489051,0.08728499289885154,0.18818052706327826,0.10810810810810811,0.009862711062016718,1.0,-1.7355253351371005
2026-08-28,5,324,1,4589.7,4589.7,4575.11,14.590000000000146,101.3920000000001,0.14389695439482536,True,2026-08-28 06:24:00,0.12,-14.710000000000145,2026-08-28 08:39:00,-0.38095238095238093,2,0.3089887640449438,-0.15632397033296858,0.021697964336434984,0.02702702702702703,0.0,1.0,1.2072084684364874
2026-08-28,6,366,-1,4578.67,4590.08,4578.67,11.409999999999854,101.3920000000001,0.11253353321760931,False,2026-08-28 07:06:00,0.12,-11.529999999999854,2026-08-28 09:45:00,0.5,3,-0.2205128205128205,0.15632397033296858,0.0870877386776069,0.02702702702702703,0.009862711062016718,2.0,0.3431772102391377
2026-08-28,8,515,1,4586.31,4586.31,4571.71,14.600000000000364,101.3920000000001,0.14399558150544767,True,2026-08-28 09:35:00,0.12,-14.720000000000363,2026-08-28 17:05:00,-0.11764705882352941,4,0.24372759856630824,-0.19577481458103543,0.027714218084270922,0.024390243902439025,0.0,1.0,0.9640128896919519
2026-08-28,9,540,1,4613.27,4613.27,4572.47,40.80000000000018,101.3920000000001,0.4023986113302839,True,2026-08-28 10:00:00,0.12,-40.92000000000018,2026-08-28 17:05:00,-0.05714285714285714,5,0.3127035830618892,-0.19577481458103543,0.293612908316242,0.046511627906976744,0.0,1.0,-1.4422999775995478
2026-08-28,10,601,1,4614.39,4614.39,4596.71,17.68000000000029,101.3920000000001,0.17437273157645844,True,2026-08-28 11:01:00,0.12,-17.800000000000292,2026-08-28 14:06:00,0.1,10,0.40730337078651685,-0.19577481458103543,0.30465914470569966,0.022727272727272728,0.0,1.0,-1.8454109460876895
2026-09-01,3,190,-1,4446.48,4461.48,4446.48,15.0,112.78000000000011,0.133002305373293,False,2026-09-01 04:10:00,0.12,117.48999999999967,2026-09-01 23:57:00,0.3333333333333333,1,-0.5544554455445545,0.008600815747475206,0.009044156765387794,0.09523809523809523,0.0,1.0,0.5649807681138302
2026-09-01,4,271,-1,4436.44,4456.97,4436.44,20.530000000000655,112.78000000000011,0.18203582195425283,False,2026-09-01 05:31:00,0.12,107.4499999999997,2026-09-01 23:57:00,0.4444444444444444,2,-0.07096774193548387,0.008600815747475206,0.0980670331619116,0.0,0.0,2.0,-1.5633000134194892
2026-09-01,5,401,-1,4427.87,4449.13,4427.87,21.26000000000022,112.78000000000011,0.18850860081574922,False,2026-09-01 07:41:00,0.12,98.88,2026-09-01 23:57:00,0.46153846153846156,3,0.25892857142857145,0.008600815747475206,0.17405568363185042,0.02857142857142857,0.0,1.0,-2.0108658864952322
2026-09-01,6,369,-1,4431.83,4444.13,4431.83,12.300000000000182,112.78000000000011,0.10906189040610187,False,2026-09-01 07:09:00,0.12,-12.420000000000181,2026-09-01 08:45:00,0.3333333333333333,1,0.22429906542056074,0.008600815747475206,0.13894307501330072,0.11428571428571428,0.0,1.0,-1.037201888420041
2026-09-01,7,439,-1,4425.56,4437.75,4425.56,12.1899999999996,112.78000000000011,0.10808654016669257,False,2026-09-01 08:19:00,0.12,-12.309999999999599,2026-09-01 08:38:00,0.41379310344827586,1,0.3168724279835391,0.008600815747475206,0.19453803865933303,0.02702702702702703,0.0,1.0,-2.2776687768154744
2026-09-01,8,570,-1,4424.11,4446.06,4424.11,21.950000000000728,112.78000000000011,0.19462670686292521,False,2026-09-01 10:30:00,0.12,95.11999999999978,2026-09-01 23:57:00,0.43243243243243246,2,0.205607476635514,0.04406809718035334,0.17192764674587965,0.02631578947368421,0.0,1.0,-2.1951179477311564
2026-09-01,9,564,-1,4427.75,4440.61,4427.75,12.859999999999673,112.78000000000011,0.1140273098067003,False,2026-09-01 10:24:00,0.12,98.7600000000001,2026-09-01 23:57:00,0.43243243243243246,2,0.2006269592476489,0.04406809718035334,0.13965242064195765,0.02631578947368421,0.0,1.0,-0.11431744758126364
2026-09-01,10,604,-1,4412.16,4434.98,4412.16,22.81999999999971,112.78000000000011,0.20234084057456717,False,2026-09-01 11:04:00,0.12,83.16999999999996,2026-09-01 23:57:00,0.5,5,-0.3305084745762712,0.13273630076254866,0.18921794644440612,0.0,0.0,2.0,-1.2914215499467987
2026-09-02,3,181,-1,4314.59,4334.53,4314.59,19.9399999999996,115.93700000000008,0.17198996006451422,True,2026-09-02 04:01:00,0.12,-20.0599999999996,2026-09-02 15:04:00,0.5,3,0.1565217391304348,0.02725618223690325,0.11997895408713219,0.045454545454545456,0.008625374125602691,2.0,-1.0761282067881228
2026-09-02,4,240,-1,4288.58,4326.74,4288.58,38.159999999999854,115.93700000000008,0.32914427663299745,True,2026-09-02 05:00:00,0.12,-38.27999999999985,2026-09-02 09:13:00,0.6666666666666666,2,0.4393063583815029,0.02725618223690325,0.3443249350940601,0.3541666666666667,0.008625374125602691,1.0,-0.8959940414801785
2026-09-02,5,334,-1,4287.37,4314.8,4287.37,27.43000000000029,115.93700000000008,0.23659401226528434,True,2026-09-02 06:34:00,0.12,-27.550000000000292,2026-09-02 08:30:00,0.6363636363636364,4,0.62109375,0.02725618223690325,0.35476163778603964,0.04081632653061224,0.008625374125602691,1.0,-1.9561408101443354
2026-09-02,6,363,1,4304.25,4304.25,4282.56,21.6899999999996,115.93700000000008,0.18708436478431895,False,2026-09-02 07:03:00,0.12,83.10999999999956,2026-09-02 23:57:00,-0.4166666666666667,2,-0.6548042704626335,-0.02725618223690325,-0.20916532254586528,0.1111111111111111,0.04312687062801346,1.0,0.7393387173231601
2026-09-02,7,420,1,4307.68,4307.68,4301.46,6.220000000000255,115.93700000000008,0.05364982706125094,False,2026-09-02 08:00:00,0.12,79.67999999999927,2026-09-02 23:57:00,-0.3333333333333333,2,-0.6755852842809364,-0.02725618223690325,-0.17958028929504555,0.1111111111111111,0.04312687062801346,1.0,0.5287268401230149
2026-09-02,8,493,1,4326.5,4326.5,4303.69,22.8100000000004,115.93700000000008,0.19674478380500085,False,2026-09-02 09:13:00,0.12,-22.9300000000004,2026-09-02 13:06:00,-0.15625,0,0.21574344023323616,-0.21701441300016247,0.17250748251205383,0.1111111111111111,0.04312687062801346,1.0,0.8897791835507314
2026-09-02,9,550,1,4329.28,4329.28,4314.61,14.670000000000073,115.93700000000008,0.12653423842259212,False,2026-09-02 10:10:00,0.12,-14.790000000000072,2026-09-02 11:54:00,-0.1388888888888889,1,-0.3479381443298969,-0.0790084269905194,0.05848003657158406,0.1111111111111111,0.04312687062801346,1.0,1.2866873211616077
2026-09-02,10,610,1,4331.37,4331.37,4319.21,12.159999999999854,115.93700000000008,0.10488454936732748,False,2026-09-02 11:10:00,0.12,-12.279999999999854,2026-09-02 11:51:00,-0.125,1,-0.4047058823529412,-0.061757678739314016,0.05925632024288955,0.1111111111111111,0.04312687062801346,1.0,0.6578664954628942
2026-09-03,3,187,1,4397.8,4397.8,4382.55,15.25,107.49099999999999,0.14187234280079264,True,2026-09-03 04:07:00,0.12,75.40999999999974,2026-09-03 23:57:00,-0.16666666666666666,2,0.4875,-0.04725977058544369,0.11442818468523117,0.11764705882352941,0.009303104445953616,1.0,-1.3975865018033122
2026-09-03,4,241,1,4412.44,4412.44,4387.36,25.079999999999927,107.49099999999999,0.233321859504516,True,2026-09-03 05:01:00,0.12,60.77000000000033,2026-09-03 23:57:00,0.125,1,0.6821705426356589,-0.04725977058544369,0.25062563377398667,0.0625,0.009303104445953616,1.0,-1.4442265363902262
2026-09-03,5,300,1,4420.52,4420.52,4406.79,13.730000000000473,107.49099999999999,0.12773162404294755,True,2026-09-03 06:00:00,0.12,52.68999999999949,2026-09-03 23:57:00,0.3157894736842105,2,0.7453416149068323,-0.04725977058544369,0.3257947176972997,0.075,0.009303104445953616,1.0,-1.5173681281665012
2026-09-03,8,503,-1,4422.52,4440.28,4422.52,17.75999999999931,107.49099999999999,0.1652231349601298,False,2026-09-03 09:23:00,0.12,-17.87999999999931,2026-09-03 11:04:00,-0.42424242424242425,2,0.5958188153310104,-0.371379929482469,0.07423877347870579,0.05,0.009303104445953616,1.0,-0.6820546078760267
2026-09-03,9,603,1,4436.28,4436.28,4418.84,17.4399999999996,107.49099999999999,0.16224614153742734,True,2026-09-03 11:03:00,0.12,36.930000000000184,2026-09-03 23:57:00,0.5,4,-0.6428571428571429,0.371379929482469,0.05377194369760953,0.03333333333333333,0.009303104445953616,1.0,0.04283529367680283
2026-09-04,3,206,-1,4472.83,4487.12,4472.83,14.289999999999964,111.42599999999993,0.1282465492793421,False,2026-09-04 04:26:00,0.12,-14.409999999999963,2026-09-04 10:45:00,-0.0,2,-0.3,-0.04469333907705173,0.02396209143287989,0.05555555555555555,0.0,1.0,0.12816826718543936
2026-09-04,4,359,-1,4467.11,4487.11,4467.11,20.0,111.42599999999993,0.17949132159460102,False,2026-09-04 06:59:00,0.12,-20.12,2026-09-04 10:45:00,0.17391304347826086,1,-0.22340425531914893,-0.035718772997321686,0.06632204332920802,0.0,0.0,2.0,-1.1459530865831276
2026-09-04,5,344,-1,4470.27,4482.63,4470.27,12.359999999999673,111.42599999999993,0.11092563674546049,False,2026-09-04 06:44:00,0.12,-12.479999999999672,2026-09-04 10:43:00,0.09090909090909091,0,-0.2568306010928962,-0.035718772997321686,0.0379624145172542,0.047619047619047616,0.0,1.0,-0.11442716204992265
2026-09-04,6,360,-1,4467.06,4478.73,4467.06,11.669999999999163,111.42599999999993,0.10473318615044218,False,2026-09-04 07:00:00,0.12,-11.789999999999162,2026-09-04 10:42:00,0.17391304347826086,1,-0.22340425531914893,-0.035718772997321686,0.06677077163318798,0.0,0.0,2.0,-1.1459530865831276
2026-09-04,8,492,-1,4466.91,4477.65,4466.91,10.739999999999782,111.42599999999993,0.09638683969629878,False,2026-09-04 09:12:00,0.12,-10.859999999999781,2026-09-04 10:41:00,-0.0,0,0.020161290322580645,-0.035718772997321686,0.06811695654515239,0.043478260869565216,0.0,1.0,-1.1404969023339886
2026-09-08,2,138,1,4428.02,4428.02,4407.25,20.770000000000437,108.39799999999995,0.19160870126755516,False,2026-09-08 03:18:00,0.12,-20.890000000000438,2026-09-08 09:18:00,0.2222222222222222,1,0.27848101265822783,0.06854370006826965,0.14317607335929117,0.041666666666666664,0.009225262458716955,2.0,-1.1372796982815863
2026-09-08,3,193,1,4430.17,4430.17,4415.05,15.11999999999989,108.39799999999995,0.13948596837579935,False,2026-09-08 04:13:00,0.12,-15.23999999999989,2026-09-08 09:01:00,0.3333333333333333,1,-0.06722689075630252,0.1423457997380053,0.08920828797579362,0.07692307692307693,0.009225262458716955,1.0,-1.9188518268001613
2026-09-08,4,360,1,4440.77,4440.77,4417.18,23.590000000000146,108.39799999999995,0.2176239414011343,False,2026-09-08 07:00:00,0.12,-23.710000000000147,2026-09-08 09:01:00,0.43478260869565216,4,0.05581395348837209,0.17924684957287312,0.15009502020332888,0.027777777777777776,0.009225262458716955,2.0,-1.4218477456813807
2026-09-08,5,320,1,4438.67,4438.67,4421.27,17.399999999999636,108.39799999999995,0.16051956678167165,False,2026-09-08 06:20:00,0.12,-17.519999999999637,2026-09-08 08:29:00,0.38095238095238093,2,-0.030456852791878174,0.17924684957287312,0.13072196904001993,0.08333333333333333,0.009225262458716955,1.0,-1.1701678455410158
2026-09-08,6,360,1,4440.1,4440.1,4422.61,17.49000000000069,108.39799999999995,0.1613498404029659,False,2026-09-08 07:00:00,0.12,-17.610000000000692,2026-09-08 08:27:00,0.43478260869565216,4,0.05581395348837209,0.17924684957287312,0.14391409435598784,0.027777777777777776,0.009225262458716955,2.0,-1.4218477456813807
2026-09-08,8,481,-1,4417.47,4437.74,4417.47,20.269999999999527,108.39799999999995,0.1869960700381883,True,2026-09-08 09:01:00,0.12,61.82000000000051,2026-09-08 23:57:00,-0.1875,1,-0.14776632302405499,-0.17924684957287312,0.06485359508477784,0.07894736842105263,0.01845052491743391,1.0,-0.1594947045379583
2026-09-08,9,574,-1,4398.26,4420.16,4398.26,21.899999999999636,108.39799999999995,0.20203324784589793,True,2026-09-08 10:34:00,0.12,42.610000000000475,2026-09-08 23:57:00,-0.05263157894736842,0,0.045714285714285714,-0.17924684957287312,0.24207088691673087,0.06666666666666667,0.01845052491743391,1.0,-1.8412289115869431
2026-09-08,10,601,-1,4390.14,4409.45,4390.14,19.30999999999949,108.39799999999995,0.1781398180778197,True,2026-09-08 11:01:00,0.12,-19.42999999999949,2026-09-08 15:59:00,0.05,2,0.0972972972972973,-0.17924684957287312,0.31698001808151155,0.03773584905660377,0.01845052491743391,2.0,-1.2829145485631932
2026-09-09,3,187,1,4365.62,4365.62,4341.34,24.279999999999745,108.95899999999992,0.22283611266623007,False,2026-09-09 04:07:00,0.12,34.989999999999675,2026-09-09 23:57:00,0.16666666666666666,3,-0.11320754716981132,-0.024871740746519686,0.1020567369377463,0.12,0.018355528226213544,1.0,-1.155493329367377
2026-09-09,4,289,1,4378.18,4378.18,4354.2,23.980000000000473,108.95899999999992,0.22008278343230472,False,2026-09-09 05:49:00,0.12,22.42999999999927,2026-09-09 23:57:00,0.5263157894736842,1,0.28484848484848485,-0.024871740746519686,0.21732945419837102,0.05263157894736842,0.018355528226213544,2.0,-0.9856694253323212
2026-09-09,5,427,1,4384.43,4384.43,4367.3,17.13000000000011,108.95899999999992,0.15721509925752,False,2026-09-09 08:07:00,0.12,16.17999999999927,2026-09-09 23:57:00,0.35714285714285715,4,0.47555555555555556,-0.024871740746519686,0.27469047990528833,0.045454545454545456,0.018355528226213544,2.0,-1.0702145230509672
2026-09-09,7,421,1,4382.56,4382.56,4370.63,11.930000000000291,108.95899999999992,0.10949072586936646,False,2026-09-09 08:01:00,0.12,18.049999999999162,2026-09-09 23:57:00,0.2857142857142857,4,0.47085201793721976,-0.024871740746519686,0.2575280610137797,0.09090909090909091,0.018355528226213544,1.0,-0.36027227223613667
2026-09-09,8,483,1,4400.94,4400.94,4380.47,20.469999999999345,108.95899999999992,0.18786883139528962,False,2026-09-09 09:03:00,0.12,-20.589999999999346,2026-09-09 18:06:00,0.5,8,-0.2713178294573643,0.16786130562872253,0.2334823190374326,0.11666666666666667,0.018355528226213544,2.0,-0.8010809516027878
2026-09-09,9,553,1,4406.03,4406.03,4395.28,10.75,108.95899999999992,0.0986609642158978,False,2026-09-09 10:13:00,0.12,-10.87,2026-09-09 12:45:00,0.5555555555555556,3,-0.11945392491467577,0.16786130562872253,0.2801971383731474,0.09090909090909091,0.018355528226213544,1.0,-1.2750193539058556
2026-09-09,10,640,-1,4399.33,4412.82,4399.33,13.489999999999782,108.95899999999992,0.12380803788580835,True,2026-09-09 11:40:00,0.12,-13.609999999999781,2026-09-09 14:49:00,-0.47619047619047616,3,0.04819277108433735,-0.17703906974182929,-0.20952835470222694,0.06944444444444445,0.0,1.0,1.2572643626825835
2026-09-10,2,120,-1,4393.23,4403.13,4393.23,9.900000000000546,109.17699999999986,0.09067843959808895,False,2026-09-10 03:00:00,0.12,-10.020000000000545,2026-09-10 03:53:00,1.4285714285714286,3,0.2727272727272727,0.022440623940938303,0.07574855509860545,0.14285714285714285,0.01831887668648161,2.0,-0.7593263960974945
2026-09-10,3,180,1,4404.89,4404.89,4389.84,15.050000000000182,109.17699999999986,0.13784954706577576,True,2026-09-10 04:00:00,0.12,-15.170000000000181,2026-09-10 12:32:00,-0.5454545454545454,1,-0.4936708860759494,-0.022440623940938303,0.031050495983589325,0.2222222222222222,0.01831887668648161,1.0,-0.5943962927024616
2026-09-10,4,279,1,4419.12,4419.12,4400.35,18.769999999999527,109.17699999999986,0.17192265770262555,True,2026-09-10 05:39:00,0.12,-18.889999999999528,2026-09-10 11:34:00,-0.1111111111111111,1,0.17123287671232876,-0.022440623940938303,0.16138930360790196,0.0967741935483871,0.01831887668648161,1.0,-1.8088380519671134
2026-09-10,6,400,-1,4406.96,4421.12,4406.96,14.159999999999854,109.17699999999986,0.12969764694028846,False,2026-09-10 07:40:00,0.12,-14.279999999999854,2026-09-10 08:30:00,0.23076923076923078,2,0.265,-0.06915375949146974,0.04158385007831292,0.09090909090909091,0.009159438343240804,1.0,-0.6746244213917971
2026-09-10,8,480,1,4431.28,4431.28,4408.24,23.039999999999964,109.17699999999986,0.2110334594282678,True,2026-09-10 09:00:00,0.12,-23.159999999999965,2026-09-10 10:29:00,0.06451612903225806,5,-0.12244897959183673,0.06915375949146974,0.18117369042930076,0.11627906976744186,0.01831887668648161,1.0,-1.2692108452413637
2026-09-10,9,562,-1,4410.93,4434.81,4410.93,23.88000000000011,109.17699999999986,0.21872738763659139,False,2026-09-10 10:22:00,0.12,94.1900000000004,2026-09-10 23:57:00,-0.0,2,-0.1,-0.06915375949146974,0.005220879855644593,0.10869565217391304,0.02747831502972241,1.0,1.460894112767914
2026-09-10,10,629,-1,4404.05,4425.46,4404.05,21.409999999999854,109.17699999999986,0.19610357492878427,False,2026-09-10 11:29:00,0.12,87.31000000000029,2026-09-10 23:57:00,0.0975609756097561,2,-0.03519061583577713,-0.06915375949146974,0.06823781565714232,0.10869565217391304,0.02747831502972241,1.0,-0.08442110157198279
2026-09-11,2,122,1,4320.55,4320.55,4311.3,9.25,113.48499999999986,0.08150856941446016,False,2026-09-11 03:02:00,0.12,-9.37,2026-09-11 06:21:00,0.0,1,-0.1896551724137931,-0.011367141031854124,0.018064061329692776,0.2857142857142857,0.008811737233995693,1.0,0.6459751932752477
2026-09-11,3,182,1,4333.85,4333.85,4312.73,21.1200000000008,113.48499999999986,0.1861038903819961,False,2026-09-11 04:02:00,0.12,-21.2400000000008,2026-09-11 06:21:00,0.5,5,-0.010752688172043012,-0.0025554037978584303,0.1264484293078414,0.08695652173913043,0.008811737233995693,2.0,-0.7167432803118468
2026-09-11,4,271,-1,4320.93,4340.45,4320.93,19.519999999999527,113.48499999999986,0.17200511080759176,True,2026-09-11 05:31:00,0.12,-19.639999999999528,2026-09-11 08:34:00,-0.3333333333333333,1,-0.41975308641975306,0.0025554037978584303,-0.012600784244616406,0.13333333333333333,0.02643521170198708,1.0,1.274918844103186
2026-09-11,5,307,-1,4315.99,4334.62,4315.99,18.63000000000011,113.48499999999986,0.16416266466934074,True,2026-09-11 06:07:00,0.12,-18.75000000000011,2026-09-11 07:51:00,-0.3,1,-0.4021164021164021,0.0025554037978584303,0.030929197691326807,0.13333333333333333,0.02643521170198708,1.0,-0.0801497527503764
2026-09-11,6,384,1,4326.53,4326.53,4300.86,25.670000000000073,113.48499999999986,0.22619729479667008,False,2026-09-11 07:24:00,0.12,-25.790000000000074,2026-09-11 15:30:00,0.16,2,0.15057915057915058,-0.0025554037978584303,0.06194651275498748,0.12195121951219512,0.017623474467991385,1.0,0.8271272344728325
2026-09-11,7,432,1,4335.35,4335.35,4302.05,33.30000000000018,113.48499999999986,0.2934308498920582,False,2026-09-11 08:12:00,0.12,-33.42000000000018,2026-09-11 15:30:00,0.21428571428571427,0,0.22807017543859648,-0.0025554037978584303,0.13966603515883494,0.12195121951219512,0.017623474467991385,1.0,-0.6421832302920484
2026-09-11,8,482,1,4352.01,4352.01,4328.3,23.710000000000036,113.48499999999986,0.2089262898180382,False,2026-09-11 09:02:00,0.12,-23.830000000000037,2026-09-11 15:06:00,0.4375,4,0.3230769230769231,-0.0025554037978584303,0.2864695774772019,0.11320754716981132,0.017623474467991385,1.0,-1.1507874457820797
2026-09-11,9,570,-1,4345.89,4360.97,4345.89,15.079999999999927,113.48499999999986,0.13288099748865442,True,2026-09-11 10:30:00,0.12,-15.199999999999926,2026-09-11 15:40:00,-0.43243243243243246,1,-0.4117647058823529,0.0025554037978584303,-0.23254174560514923,0.06557377049180328,0.0,1.0,-1.0078226385761124
2026-09-11,10,624,1,4356.21,4356.21,4340.58,15.63000000000011,113.48499999999986,0.13772745296735364,False,2026-09-11 11:24:00,0.12,-15.750000000000108,2026-09-11 13:54:00,0.3902439024390244,2,0.4513715710723192,-0.0025554037978584303,0.3234788738599822,0.03278688524590164,0.017623474467991385,2.0,-0.9268459516478054
2026-09-15,3,184,1,4296.7,4296.7,4283.25,13.449999999999818,108.45899999999992,0.1240099945601548,False,2026-09-15 04:04:00,0.12,-13.569999999999817,2026-09-15 10:41:00,-0.6666666666666666,0,-0.22093023255813954,-0.06509372205165459,0.02950423662397607,0.2,0.0,1.0,0.7917689354466944
2026-09-15,4,240,1,4306.61,4306.61,4287.96,18.649999999999636,108.45899999999992,0.17195437907411695,False,2026-09-15 05:00:00,0.12,-18.769999999999637,2026-09-15 09:06:00,-0.4,0,-0.22764227642276422,-0.03743350021667546,0.09321494758387668,0.041666666666666664,0.0,1.0,-1.9570415733180648
2026-09-15,8,485,-1,4289.24,4307.66,4289.24,18.420000000000073,108.45899999999992,0.1698337620667726,True,2026-09-15 09:05:00,0.12,-18.540000000000074,2026-09-15 21:41:00,0.5625,5,-0.23387096774193547,0.03743350021667546,0.06693773684065152,0.0,0.0,3.0,0.3228208660366217
2026-09-15,9,540,1,4295.33,4295.33,4286.04,9.289999999999964,108.45899999999992,0.08565448694898506,False,2026-09-15 10:00:00,0.12,-9.409999999999963,2026-09-15 10:37:00,-0.5142857142857142,1,0.13333333333333333,-0.03743350021667546,-0.010787486515642535,0.0,0.0,2.0,1.0433011864097073
2026-09-15,10,600,-1,4276.27,4295.52,4276.27,19.25,108.45899999999992,0.17748642344111612,True,2026-09-15 11:00:00,0.12,-19.37,2026-09-15 15:55:00,0.5128205128205128,1,-0.38338658146964855,0.08353386994164068,0.14042172618224005,0.11904761904761904,0.0,1.0,-1.4652930623971026
2026-09-16,3,193,1,4286.23,4286.23,4275.51,10.719999999999345,100.21399999999994,0.10697108188476012,False,2026-09-16 04:13:00,0.12,-10.839999999999344,2026-09-16 21:35:00,-0.6666666666666666,1,0.07954545454545454,-0.10547428503003288,0.017263057057891756,0.08333333333333333,0.009978645698205845,2.0,0.5881716974155868
2026-09-16,4,251,1,4293.64,4293.64,4276.72,16.920000000000073,100.21399999999994,0.16883868521364362,False,2026-09-16 05:11:00,0.12,-17.040000000000074,2026-09-16 21:35:00,-0.25,1,0.06153846153846154,-0.09549563933182703,0.08122617598339885,0.041666666666666664,0.009978645698205845,2.0,-0.42890472310924144
2026-09-16,5,300,1,4323.49,4323.49,4281.95,41.539999999999964,100.21399999999994,0.41451294230347047,False,2026-09-16 06:00:00,0.12,-41.65999999999996,2026-09-16 21:34:00,0.10526315789473684,4,0.3068181818181818,-0.09549563933182703,0.3790887500748379,0.3469387755102041,0.009978645698205845,1.0,-0.8197473192612097
2026-09-16,6,408,-1,4321.5,4341.08,4321.5,19.579999999999927,100.21399999999994,0.19538188277086974,True,2026-09-16 07:48:00,0.12,-19.69999999999993,2026-09-16 13:02:00,0.07407407407407407,3,-0.48739495798319327,0.09549563933182703,-0.35923124513541044,0.2537313432835821,0.029935937094617535,1.0,-0.5464760169661894
2026-09-16,7,453,1,4328.5,4328.5,4320.64,7.859999999999673,100.21399999999994,0.07843215518789468,False,2026-09-16 08:33:00,0.12,-7.979999999999673,2026-09-16 21:01:00,0.13333333333333333,3,0.5215686274509804,-0.09549563933182703,0.42908176502285134,0.23880597014925373,0.009978645698205845,1.0,0.39951089840699394
2026-09-16,8,540,1,4333.74,4333.74,4320.8,12.9399999999996,100.21399999999994,0.12912367533477964,False,2026-09-16 10:00:00,0.12,-13.059999999999599,2026-09-16 21:01:00,0.11428571428571428,1,-0.5066225165562914,0.31362883429461264,0.07224539485500814,0.23880597014925373,0.009978645698205845,1.0,-0.14012311025527005
2026-09-16,9,540,1,4333.12,4333.12,4321.55,11.569999999999709,100.21399999999994,0.11545293072823873,False,2026-09-16 10:00:00,0.12,-11.689999999999708,2026-09-16 21:01:00,0.11428571428571428,1,-0.5066225165562914,0.31362883429461264,0.0660586345221216,0.23880597014925373,0.009978645698205845,1.0,-0.14012311025527005
2026-09-17,2,129,1,4275.59,4275.59,4258.87,16.720000000000255,101.93199999999997,0.1640309225758374,False,2026-09-17 03:09:00,0.12,66.02999999999963,2026-09-17 23:57:00,0.25,0,-0.4634146341463415,0.07730643958717685,0.04012478907507109,0.1,0.00981046187654515,1.0,-1.3877190600386577
2026-09-17,3,180,1,4292.35,4292.35,4266.39,25.960000000000036,101.93199999999997,0.25467959031511245,False,2026-09-17 04:00:00,0.12,49.26999999999942,2026-09-17 23:57:00,0.5454545454545454,0,-0.13385826771653545,0.09692736334026715,0.18492720637287965,0.1111111111111111,0.00981046187654515,1.0,-1.7287139203347797
2026-09-17,4,291,-1,4280.18,4318.15,4280.18,37.969999999999345,101.93199999999997,0.3725032374524129,True,2026-09-17 05:51:00,0.12,-38.08999999999934,2026-09-17 10:10:00,-0.3157894736842105,5,0.1673469387755102,-0.23427382961189927,0.07181258093630764,0.11290322580645161,0.058862771259270905,1.0,-0.4569800471492329
2026-09-17,5,471,1,4300.98,4300.98,4274.03,26.949999999999818,101.93199999999997,0.26439194757289003,False,2026-09-17 08:51:00,0.12,40.64000000000022,2026-09-17 23:57:00,0.3225806451612903,2,0.061764705882352944,0.2244633677353541,0.1420554879723695,0.11290322580645161,0.00981046187654515,1.0,-0.14725001596862936
2026-09-17,6,405,1,4297.46,4297.46,4277.14,20.31999999999971,101.93199999999997,0.1993485853313946,False,2026-09-17 07:45:00,0.12,44.15999999999975,2026-09-17 23:57:00,0.23076923076923078,0,-0.04304635761589404,0.2244633677353541,0.1075226621669352,0.11290322580645161,0.00981046187654515,1.0,-0.701550169588901
2026-09-17,7,422,1,4298.92,4298.92,4290.39,8.529999999999745,101.93199999999997,0.08368323980692763,False,2026-09-17 08:02:00,0.12,-8.649999999999745,2026-09-17 08:18:00,0.2857142857142857,2,-0.019417475728155338,0.2244633677353541,0.12184593650669148,0.11290322580645161,0.00981046187654515,1.0,0.3767594893039096
2026-09-17,8,480,1,4305.38,4305.38,4285.52,19.859999999999673,101.93199999999997,0.19483577286818346,False,2026-09-17 09:00:00,0.12,36.239999999999675,2026-09-17 23:57:00,0.3225806451612903,2,0.07536231884057971,0.2244633677353541,0.18522152022917351,0.11290322580645161,0.00981046187654515,1.0,-0.48347342523398296
2026-09-17,9,547,1,4315.24,4315.24,4304.31,10.929999999999382,101.93199999999997,0.10722834831063242,False,2026-09-17 10:07:00,0.12,26.38,2026-09-17 23:57:00,0.5,7,0.17571059431524547,0.2244633677353541,0.28195267433190546,0.06451612903225806,0.00981046187654515,1.0,-1.064207316397848
2026-09-17,10,686,-1,4309.37,4335.39,4309.37,26.020000000000437,101.93199999999997,0.2552682180277091,True,2026-09-17 12:26:00,0.12,-26.140000000000438,2026-09-17 14:09:00,-0.3111111111111111,1,-0.32842105263157895,-0.2244633677353541,-0.22436526311658653,0.012658227848101266,0.0,1.0,0.9986024751089785
2026-09-18,3,180,1,4360.12,4360.12,4342.18,17.9399999999996,101.34200000000001,0.1770243334451619,True,2026-09-18 04:00:00,0.12,-18.0599999999996,2026-09-18 06:16:00,0.36363636363636365,0,0.1686746987951807,0.030984192141464813,0.14426397742298247,0.13636363636363635,0.01973515423023031,1.0,-1.159226650482911
2026-09-18,4,298,-1,4344.01,4365.63,4344.01,21.61999999999989,101.34200000000001,0.21333701722878853,False,2026-09-18 05:58:00,0.12,-21.739999999999892,2026-09-18 07:45:00,-0.21052631578947367,1,-0.5256410256410257,-0.030984192141464813,0.014702689901519425,0.1111111111111111,0.009867577115115154,1.0,1.4321788862585818
2026-09-18,5,316,-1,4343.36,4356.57,4343.36,13.210000000000036,101.34200000000001,0.13035069369067154,False,2026-09-18 06:16:00,0.12,-13.330000000000036,2026-09-18 06:42:00,-0.09523809523809523,3,-0.49404761904761907,-0.030984192141464813,0.02111661502634966,0.1111111111111111,0.009867577115115154,1.0,1.0962039960544865
2026-09-18,6,364,1,4360.9,4360.9,4334.39,26.50999999999931,101.34200000000001,0.2615894693216959,True,2026-09-18 07:04:00,0.12,17.270000000000326,2026-09-18 23:56:00,0.25,3,0.43842364532019706,0.030984192141464813,0.15196068757276976,0.1875,0.049337885575575766,1.0,-0.3304272492634964
2026-09-18,7,420,1,4367.04,4367.04,4352.86,14.180000000000291,101.34200000000001,0.13992224349233576,True,2026-09-18 08:00:00,0.12,-14.30000000000029,2026-09-18 16:42:00,0.2962962962962963,2,0.5,0.030984192141464813,0.21254761105958003,0.20588235294117646,0.049337885575575766,1.0,-1.4071277186282123
2026-09-18,8,480,1,4378.27,4378.27,4360.29,17.980000000000473,101.34200000000001,0.17741903652977511,True,2026-09-18 09:00:00,0.12,-18.100000000000474,2026-09-18 15:24:00,0.3225806451612903,1,0.5762081784386617,0.030984192141464813,0.32336050206232786,0.1111111111111111,0.049337885575575766,2.0,-1.0240448875150432
2026-09-18,9,589,1,4397.28,4397.28,4377.28,20.0,101.34200000000001,0.19735154230230306,True,2026-09-18 10:49:00,0.12,-20.12,2026-09-18 12:44:00,0.46153846153846156,3,0.6637168141592921,0.030984192141464813,0.5109431430206601,0.109375,0.049337885575575766,3.0,-0.6419336383812446
2026-09-18,10,626,-1,4388.96,4399.58,4388.96,10.61999999999989,101.34200000000001,0.10479366896252185,False,2026-09-18 11:26:00,0.12,10.550000000000074,2026-09-18 23:56:00,-0.3902439024390244,2,-0.6815642458100558,-0.030984192141464813,-0.42884490142290493,0.12121212121212122,0.009867577115115154,1.0,-0.6608636934955301
2026-09-22,2,122,1,4370.65,4370.65,4358.21,12.4399999999996,96.00199999999995,0.12958063373679304,False,2026-09-22 03:02:00,0.12,-12.559999999999599,2026-09-22 03:27:00,1.0,2,-0.23880597014925373,0.1959334180537948,0.07447761504968271,0.3333333333333333,0.052082248286494055,2.0,-0.36594319415659415
2026-09-22,3,226,-1,4348.45,4376.02,4348.45,27.57000000000062,96.00199999999995,0.28718151705173467,True,2026-09-22 04:46:00,0.12,-10.060000000000509,2026-09-22 23:57:00,-0.13333333333333333,3,0.041666666666666664,-0.15426761942459957,0.11510176871315377,0.30303030303030304,0.06249869794379287,1.0,-0.5489437908125677
2026-09-22,4,248,-1,4343.54,4365.16,4343.54,21.61999999999989,96.00199999999995,0.22520364159079917,True,2026-09-22 05:08:00,0.12,-21.739999999999892,2026-09-22 22:32:00,-0.25,0,0.12658227848101267,-0.15426761942459957,0.1662465365304894,0.20588235294117646,0.06249869794379287,1.0,-1.504606197539769
2026-09-22,5,309,-1,4339.77,4355.8,4339.77,16.029999999999745,96.00199999999995,0.16697568800649729,True,2026-09-22 06:09:00,0.12,-16.149999999999746,2026-09-22 21:05:00,-0.0,2,-0.1306532663316583,-0.0917689214808067,0.14301785379470813,0.18421052631578946,0.06249869794379287,1.0,-1.629591382831443
2026-09-22,7,420,1,4343.08,4343.08,4335.01,8.069999999999709,96.00199999999995,0.08406074873439838,False,2026-09-22 08:00:00,0.12,-8.189999999999708,2026-09-22 08:21:00,0.0,3,0.2163265306122449,0.05010312285161145,-0.06687360679985913,0.14285714285714285,0.0,1.0,1.14396169856135
2026-09-22,8,487,-1,4316.31,4347.37,4316.31,31.05999999999949,96.00199999999995,0.32353492635569575,True,2026-09-22 09:07:00,0.12,-31.17999999999949,2026-09-22 20:52:00,0.125,4,-0.41875,0.03322847440677904,0.2623903668673529,0.11475409836065574,0.06249869794379287,2.0,-1.070035810035869
2026-09-22,10,600,-1,4299.67,4324.27,4299.67,24.600000000000364,96.00199999999995,0.25624466156955455,True,2026-09-22 11:00:00,0.12,-24.720000000000365,2026-09-22 11:49:00,0.10256410256410256,0,-0.185378590078329,0.03322847440677904,0.43572008916480853,0.20512820512820512,0.06249869794379287,1.0,-1.244234819981299
2026-09-23,3,180,-1,4355.22,4369.38,4355.22,14.159999999999854,94.74000000000005,0.14946168461051137,False,2026-09-23 04:00:00,0.12,68.34000000000003,2026-09-23 23:57:00,-0.18181818181818182,3,0.05405405405405406,-0.050137217648300585,0.07684188304834011,0.26666666666666666,0.031665611146295104,1.0,-1.1202082921878989
2026-09-23,4,242,-1,4339.05,4359.17,4339.05,20.11999999999989,94.74000000000005,0.2123706987544847,False,2026-09-23 05:02:00,0.12,52.169999999999966,2026-09-23 23:57:00,0.25,1,0.375,-0.050137217648300585,0.2475195271268715,0.2903225806451613,0.031665611146295104,1.0,-0.8930806219298387
2026-09-23,5,301,-1,4333.4,4341.42,4333.4,8.020000000000437,94.74000000000005,0.08465273379776686,False,2026-09-23 06:01:00,0.12,-8.140000000000436,2026-09-23 06:41:00,0.65,5,0.48148148148148145,-0.050137217648300585,0.30715642811906635,0.21621621621621623,0.031665611146295104,3.0,-0.24449098255906407
2026-09-23,6,366,1,4345.5,4345.5,4333.3,12.199999999999818,94.74000000000005,0.12877348532826485,True,2026-09-23 07:06:00,0.12,-12.319999999999817,2026-09-23 08:43:00,-0.25,4,-0.5625,0.050137217648300585,-0.17943846316233894,0.21621621621621623,0.0,1.0,0.24645198538951907
2026-09-23,7,422,-1,4342.51,4347.32,4342.56,4.759999999999309,94.74000000000005,0.05024276968544761,False,2026-09-23 08:02:00,0.12,55.63,2026-09-23 23:57:00,0.21428571428571427,1,0.6022727272727273,-0.050137217648300585,0.21099852227147742,0.21621621621621623,0.031665611146295104,3.0,0.41578337734670534
2026-09-23,8,495,-1,4328.1,4345.78,4328.1,17.67999999999938,94.74000000000005,0.18661600168882597,False,2026-09-23 09:15:00,0.12,41.22000000000015,2026-09-23 23:57:00,0.3125,0,0.6713615023474179,-0.050137217648300585,0.3630990078108467,0.19047619047619047,0.031665611146295104,2.0,-0.9773568694326935
2026-09-23,9,552,-1,4326.07,4337.01,4326.07,10.94000000000051,94.74000000000005,0.11547392864682819,False,2026-09-23 10:12:00,0.12,39.18999999999949,2026-09-23 23:57:00,0.2777777777777778,1,0.7095435684647303,-0.050137217648300585,0.38452607135317995,0.18181818181818182,0.031665611146295104,2.0,-1.0909940241876124
2026-09-23,10,601,-1,4319.01,4332.85,4319.01,13.840000000000146,94.74000000000005,0.14608401942157628,False,2026-09-23 11:01:00,0.12,32.13,2026-09-23 23:57:00,0.35,1,0.7368421052631579,-0.050137217648300585,0.45904580958412244,0.1568627450980392,0.031665611146295104,3.0,-0.7293814730340228
2026-09-24,3,191,1,4299.24,4299.24,4284.0,15.239999999999782,94.91100000000014,0.1605714827575282,False,2026-09-24 04:11:00,0.12,-15.359999999999781,2026-09-24 04:46:00,0.5833333333333334,0,-0.2558139534883721,0.02771017058086107,0.08155008376268051,0.0625,0.010536186532646359,2.0,-0.9106873971833607
2026-09-24,4,240,-1,4278.0,4303.26,4278.0,25.26000000000022,94.91100000000014,0.26614407181464933,True,2026-09-24 05:00:00,0.12,3.2899999999998544,2026-09-24 23:57:00,-0.4666666666666667,2,-0.08130081300813008,-0.017173984048214713,0.13170233165807949,0.2692307692307692,0.010536186532646359,1.0,-0.9570245752792266
2026-09-24,6,423,1,4293.91,4293.91,4280.56,13.349999999999454,94.91100000000014,0.14065809021082312,False,2026-09-24 08:03:00,0.12,-13.469999999999454,2026-09-24 08:44:00,0.4642857142857143,5,0.32558139534883723,-0.014434575549724361,0.06753695567426163,0.1935483870967742,0.05268093266323179,1.0,0.33868597343788065
2026-09-24,7,420,1,4290.34,4290.34,4281.67,8.670000000000073,94.91100000000014,0.0913487372380447,False,2026-09-24 08:00:00,0.12,-8.790000000000072,2026-09-24 08:42:00,0.4074074074074074,4,0.3127962085308057,-0.014434575549724361,0.02992276975271719,0.1935483870967742,0.05268093266323179,1.0,1.8992113556066486
2026-09-24,8,517,-1,4277.5,4296.35,4277.5,18.850000000000364,94.91100000000014,0.19860711614038767,True,2026-09-24 09:37:00,0.12,2.7899999999998544,2026-09-24 23:57:00,-0.20588235294117646,2,-0.16044776119402984,0.014434575549724361,0.10536186532646358,0.16129032258064516,0.010536186532646359,1.0,-0.9766653480191435
2026-09-24,9,556,1,4286.66,4286.66,4274.38,12.279999999999745,94.91100000000014,0.12938437062089458,False,2026-09-24 10:16:00,0.12,-12.399999999999745,2026-09-24 11:15:00,0.21621621621621623,1,0.06872852233676977,-0.014434575549724361,-0.008850396687424473,0.06451612903225806,0.010536186532646359,1.0,1.3083834511591201
2026-09-24,10,615,-1,4274.38,4288.0,4274.38,13.61999999999989,94.91100000000014,0.14350286057464226,True,2026-09-24 11:15:00,0.12,-13.73999999999989,2026-09-24 19:18:00,-0.1,3,0.027777777777777776,0.014434575549724361,0.13823476730831907,0.06451612903225806,0.010536186532646359,1.0,-1.045859333049779
2026-09-25,2,120,-1,4264.89,4275.89,4264.89,11.0,88.69600000000018,0.12401912149364094,True,2026-09-25 03:00:00,0.12,-11.12,2026-09-25 03:56:00,-0.0,1,-0.16326530612244897,0.04712726616758684,0.07452421755208419,0.3076923076923077,0.011274465590330995,1.0,-1.14300114252994
2026-09-25,3,180,1,4281.03,4281.03,4264.38,16.649999999999636,88.69600000000018,0.18771985207900696,False,2026-09-25 04:00:00,0.12,-16.769999999999637,2026-09-25 07:56:00,0.36363636363636365,3,0.2345679012345679,-0.05840173175791784,0.11872012266618251,0.2777777777777778,0.0,1.0,-1.1439428921020838
2026-09-25,4,330,-1,4276.96,4295.79,4276.96,18.829999999999927,88.69600000000018,0.21229818706593181,True,2026-09-25 06:30:00,0.12,-18.94999999999993,2026-09-25 11:46:00,-0.2857142857142857,1,-0.6075949367088608,0.05840173175791784,-0.07283304771353864,0.0,0.0,3.0,-1.0181735869013768
2026-09-25,5,330,-1,4277.68,4295.21,4277.68,17.529999999999745,88.69600000000018,0.19764138179849947,True,2026-09-25 06:30:00,0.12,-17.649999999999746,2026-09-25 11:46:00,-0.2857142857142857,1,-0.6075949367088608,0.05840173175791784,-0.08095066293857983,0.0,0.0,3.0,-1.0181735869013768
2026-09-25,6,363,-1,4269.58,4286.33,4269.58,16.75,88.69600000000018,0.18884729863804417,True,2026-09-25 07:03:00,0.12,-16.87,2026-09-25 11:31:00,-0.08333333333333333,4,-0.6069364161849711,0.05840173175791784,0.010372508343105337,0.0,0.0,3.0,1.0541860721072756
2026-09-25,8,495,1,4275.86,4275.86,4256.42,19.4399999999996,88.69600000000018,0.21917561107603004,False,2026-09-25 09:15:00,0.12,-19.5599999999996,2026-09-25 17:05:00,0.0625,4,0.3225806451612903,-0.05840173175791784,0.06043113556417044,0.0,0.0,2.0,0.6447438185334432
2026-09-25,9,597,1,4281.59,4281.59,4266.3,15.289999999999964,88.69600000000018,0.17238657887616052,False,2026-09-25 10:57:00,0.12,-15.409999999999963,2026-09-25 17:03:00,0.10256410256410256,1,0.3050847457627119,-0.04712726616758684,0.11375935780644138,0.0,0.0,2.0,-0.4601954906647003
2026-09-25,10,613,1,4281.92,4281.92,4271.16,10.760000000000218,88.69600000000018,0.12131324975196396,False,2026-09-25 11:13:00,0.12,-10.880000000000217,2026-09-25 17:01:00,0.05,0,-0.029605263157894735,-0.013303869396593856,0.0836565346802568,0.0,0.0,2.0,-0.11320754714845134
2026-09-29,3,180,-1,4114.48,4127.91,4114.48,13.430000000000291,91.21500000000015,0.14723455572000516,True,2026-09-29 04:00:00,0.12,-13.55000000000029,2026-09-29 04:21:00,0.09090909090909091,1,-0.0975609756097561,-0.04275612563722666,0.0879241352847714,0.0,0.0,2.0,-1.1328581356629317
2026-09-29,4,270,1,4137.03,4137.03,4113.45,23.579999999999927,91.21500000000015,0.25851011346817837,False,2026-09-29 05:30:00,0.12,44.300000000000075,2026-09-29 23:57:00,0.17647058823529413,1,-0.1836734693877551,0.07564545305048101,0.12640464835827142,0.08,0.01096310913775145,1.0,-1.523097316313339
2026-09-29,5,303,1,4139.33,4139.33,4126.62,12.710000000000036,91.21500000000015,0.1393411171408213,False,2026-09-29 06:03:00,0.12,-12.830000000000036,2026-09-29 07:34:00,0.35,4,-0.07407407407407407,0.07564545305048101,0.15161979937510173,0.07407407407407407,0.01096310913775145,1.0,-1.6701066422488609
2026-09-29,8,488,1,4145.08,4145.08,4122.13,22.949999999999818,91.21500000000015,0.2516033547113938,False,2026-09-29 09:08:00,0.12,36.24999999999989,2026-09-29 23:57:00,0.15625,2,0.2801556420233463,0.07564545305048101,0.21465767691717258,0.09090909090909091,0.01096310913775145,1.0,-1.633948661678494
2026-09-29,10,726,1,4148.91,4148.91,4136.0,12.909999999999854,91.21500000000015,0.1415337389683696,False,2026-09-29 13:06:00,0.12,32.419999999999966,2026-09-29 23:57:00,0.10416666666666667,2,-0.3810810810810811,0.22912898097900128,0.10316285698623953,0.027777777777777776,0.01096310913775145,5.0,-1.309006930758475
2026-09-30,2,157,-1,4178.76,4187.63,4178.76,8.86999999999989,92.78200000000015,0.09560043974046557,False,2026-09-30 03:37:00,0.12,-8.98999999999989,2026-09-30 09:51:00,0.4,3,-0.3392857142857143,0.03545946412019528,0.018753637559006907,0.08333333333333333,0.0,1.0,-0.2571297385141166
2026-09-30,3,180,-1,4176.68,4187.4,4176.69,10.710000000000036,92.78200000000015,0.11543187256148842,False,2026-09-30 04:00:00,0.12,-10.839999999999344,2026-09-30 09:51:00,0.5454545454545454,4,-0.22580645161290322,0.03545946412019528,0.041171779008856275,0.0,0.0,2.0,-1.1992693654316429
2026-09-30,4,286,1,4181.6,4181.6,4167.37,14.230000000000473,92.78200000000015,0.15337026578431645,True,2026-09-30 05:46:00,0.12,-14.350000000000472,2026-09-30 08:17:00,-0.3157894736842105,1,-0.3076923076923077,-0.03545946412019528,0.011855747882136211,0.0,0.0,2.0,0.7847082547396952
2026-09-30,5,400,1,4184.47,4184.47,4171.32,13.150000000000546,92.78200000000015,0.14173007695458736,True,2026-09-30 07:40:00,0.12,-13.270000000000545,2026-09-30 08:15:00,-0.23076923076923078,3,-0.36419753086419754,-0.03545946412019528,0.04278847190188019,0.0,0.0,2.0,-0.36458617207258154
2026-09-30,7,435,-1,4172.19,4185.05,4172.19,12.860000000000582,92.78200000000015,0.13860447069475287,False,2026-09-30 08:15:00,0.12,-12.980000000000581,2026-09-30 09:51:00,0.21428571428571427,0,0.3611111111111111,0.03545946412019528,0.0895647862732037,0.0,0.0,2.0,0.07944407118512994
2026-09-30,8,490,1,4182.4,4182.4,4165.71,16.6899999999996,92.78200000000015,0.1798840292298029,True,2026-09-30 09:10:00,0.12,-16.8099999999996,2026-09-30 17:37:00,-0.0625,3,-0.42592592592592593,-0.03545946412019528,0.020478109978224582,0.08695652173913043,0.02155590524024053,2.0,0.5474286189332117
2026-09-30,9,542,1,4194.98,4194.98,4176.2,18.779999999999745,92.78200000000015,0.2024099502058558,True,2026-09-30 10:02:00,0.12,-18.899999999999746,2026-09-30 17:01:00,0.0,2,-0.27380952380952384,-0.03545946412019528,0.15606475393933672,0.13333333333333333,0.02155590524024053,1.0,-1.0029347090349428
2026-09-30,10,622,1,4201.31,4201.31,4189.73,11.580000000000837,92.78200000000015,0.12480869134100168,True,2026-09-30 11:22:00,0.12,-11.700000000000836,2026-09-30 12:11:00,0.04878048780487805,2,-0.09931506849315068,-0.03545946412019528,0.224289194024707,0.13513513513513514,0.02155590524024053,1.0,-1.0235270096891294
2026-10-01,3,186,1,4156.07,4156.07,4139.28,16.789999999999964,86.72700000000013,0.1935959966331124,False,2026-10-01 04:06:00,0.12,20.730000000000363,2026-10-01 23:57:00,-0.3333333333333333,1,-0.6056338028169014,-0.06387860758471935,0.006572347711781891,0.21739130434782608,0.0,1.0,1.0020725405585131
2026-10-01,4,306,1,4164.77,4164.77,4145.09,19.68000000000029,86.72700000000013,0.22691895257532557,False,2026-10-01 06:06:00,0.12,12.029999999999637,2026-10-01 23:57:00,-0.3,3,-0.09848484848484848,-0.06387860758471935,0.1068871285758809,0.0,0.0,3.0,-0.6544613233047933
2026-10-01,5,300,1,4161.83,4161.83,4151.46,10.36999999999989,86.72700000000013,0.11957060661616192,False,2026-10-01 06:00:00,0.12,-10.48999999999989,2026-10-01 11:43:00,-0.42105263157894735,2,-0.15079365079365079,-0.06387860758471935,0.07298765090456165,0.0,0.0,2.0,0.3625261832782221
2026-10-01,6,371,1,4177.02,4177.02,4159.36,17.660000000000764,86.72700000000013,0.2036274747195307,False,2026-10-01 07:11:00,0.12,-17.780000000000765,2026-10-01 10:25:00,-0.16666666666666666,2,0.10493827160493827,-0.06387860758471935,0.24813495220635332,0.10256410256410256,0.0,1.0,-1.0452293203079839
2026-10-01,7,420,1,4180.59,4180.59,4171.49,9.100000000000364,86.72700000000013,0.10492695469692656,False,2026-10-01 08:00:00,0.12,-9.220000000000363,2026-10-01 10:15:00,-0.07407407407407407,2,0.20765027322404372,-0.06387860758471935,0.2892986036643733,0.047619047619047616,0.0,1.0,-1.198319516286683
2026-10-01,8,546,-1,4179.23,4192.97,4179.23,13.740000000000691,86.72700000000013,0.15842817115777866,True,2026-10-01 10:06:00,0.12,2.1899999999994906,2026-10-01 23:57:00,0.05555555555555555,4,-0.3983402489626556,0.06387860758471935,-0.2736172126327387,0.0,0.0,2.0,-0.5996388455650232
2026-10-01,9,541,-1,4180.67,4192.36,4180.67,11.6899999999996,86.72700000000013,0.13479078026450336,True,2026-10-01 10:01:00,0.12,3.63,2026-10-01 23:57:00,-0.0,4,-0.39330543933054396,0.06387860758471935,-0.2902210384309389,0.0,0.0,2.0,-0.5792749382970428
2026-10-01,10,641,-1,4154.43,4183.49,4154.43,29.05999999999949,86.72700000000013,0.33507442895522094,True,2026-10-01 11:41:00,0.12,-29.17999999999949,2026-10-01 14:47:00,0.19047619047619047,2,-0.5,0.06387860758471935,0.012337565002821582,0.0,0.0,2.0,2.624030271251823
2026-10-02,2,125,-1,4177.19,4183.76,4177.19,6.5700000000006185,79.72100000000019,0.08241241329136116,False,2026-10-02 03:05:00,0.12,-6.690000000000619,2026-10-02 07:02:00,-0.25,1,-0.20833333333333334,-0.03449530236700485,0.003888561357740112,0.0,0.0,2.0,1.6718346365148782
2026-10-02,3,180,-1,4152.94,4182.55,4152.94,29.610000000000582,79.72100000000019,0.37142032839528494,False,2026-10-02 04:00:00,0.12,-29.730000000000583,2026-10-02 07:02:00,0.36363636363636365,4,0.30120481927710846,-0.03449530236700485,0.3080744095031465,0.3125,0.0,1.0,-1.0226623871674723
2026-10-02,4,244,1,4154.69,4154.69,4133.82,20.86999999999989,79.72100000000019,0.26178798559977723,True,2026-10-02 05:04:00,0.12,-20.989999999999892,2026-10-02 18:25:00,-0.25,1,-0.5766423357664233,0.03449530236700485,-0.28612285345141614,0.2549019607843137,0.07526247789164695,2.0,-0.4531337597453656
2026-10-02,5,300,1,4166.49,4166.49,4147.34,19.149999999999636,79.72100000000019,0.24021274193750192,True,2026-10-02 06:00:00,0.12,-19.269999999999637,2026-10-02 18:06:00,0.10526315789473684,4,-0.6647398843930635,0.03449530236700485,-0.1381066469311749,0.13725490196078433,0.07526247789164695,2.0,-0.2644429424956508
2026-10-02,6,360,1,4179.17,4179.17,4165.2,13.970000000000255,79.72100000000019,0.1752361360243878,True,2026-10-02 07:00:00,0.12,-14.090000000000254,2026-10-02 17:52:00,0.34782608695652173,0,-0.3399014778325123,-0.028223429209367604,0.08366678792288176,0.11764705882352941,0.07526247789164695,2.0,1.5604190446862014
2026-10-02,7,431,1,4190.92,4190.92,4177.56,13.359999999999673,79.72100000000019,0.16758445077206308,True,2026-10-02 08:11:00,0.12,-13.479999999999672,2026-10-02 09:58:00,0.42857142857142855,1,-0.42323651452282157,0.03449530236700485,0.16833707555098457,0.13793103448275862,0.07526247789164695,1.0,-1.5148819755926444
2026-10-02,10,607,1,4192.17,4192.17,4177.72,14.449999999999818,79.72100000000019,0.1812571342557141,True,2026-10-02 11:07:00,0.12,-14.569999999999817,2026-10-02 13:10:00,0.25,1,-0.7096774193548387,0.15993276551974975,0.05857929529233278,0.15625,0.07526247789164695,1.0,-0.3483869893050328
2026-10-06,3,180,1,4151.31,4151.31,4133.15,18.160000000000764,81.86700000000027,0.22182320104560693,False,2026-10-06 04:00:00,0.12,-18.280000000000765,2026-10-06 04:40:00,-0.18181818181818182,3,0.028169014084507043,-0.025773510694170613,0.13204343630523122,0.3157894736842105,0.0,1.0,-1.2195690769890515
2026-10-06,4,244,-1,4128.96,4152.25,4128.96,23.289999999999964,81.86700000000027,0.28448581235418285,True,2026-10-06 05:04:00,0.12,-23.409999999999965,2026-10-06 11:43:00,0.375,4,0.03636363636363636,0.025773510694170613,0.1409603381093716,0.08,0.012214933978281807,1.0,-1.4266083085057801
2026-10-06,7,450,-1,4120.33,4131.04,4120.33,10.710000000000036,81.86700000000027,0.1308219429073986,True,2026-10-06 08:30:00,0.12,-10.830000000000036,2026-10-06 09:24:00,0.4827586206896552,0,-0.2850877192982456,0.1723527184335523,0.09979601060256325,0.3469387755102041,0.012214933978281807,1.0,0.40835767535028034
2026-10-06,9,554,1,4135.21,4135.21,4113.41,21.800000000000182,81.86700000000027,0.2662855607265456,False,2026-10-06 10:14:00,0.12,28.4400000000004,2026-10-06 23:57:00,-0.4444444444444444,0,0.2062937062937063,-0.1723527184335523,0.08196220699427137,0.20408163265306123,0.10993440580453626,1.0,0.5324952615897309
2026-10-06,10,601,1,4143.22,4143.22,4128.33,14.890000000000327,81.86700000000027,0.1818803669366201,False,2026-10-06 11:01:00,0.12,20.43000000000018,2026-10-06 23:57:00,-0.25,2,0.27936507936507937,-0.1723527184335523,0.1798038281603113,0.20408163265306123,0.10993440580453626,1.0,0.34715692162709844
2026-10-07,2,129,-1,4162.49,4169.97,4162.49,7.480000000000473,81.4300000000002,0.09185803757829368,False,2026-10-07 03:09:00,0.12,52.809999999999384,2026-10-07 23:57:00,-0.0,2,-0.1282051282051282,0.030824020631219598,0.03696426378484847,0.1111111111111111,0.0,1.0,-0.162221421051815
2026-10-07,3,180,-1,4155.59,4169.68,4155.59,14.090000000000146,81.4300000000002,0.17303205206926328,False,2026-10-07 04:00:00,0.12,45.90999999999975,2026-10-07 23:57:00,0.36363636363636365,3,0.1323529411764706,0.030824020631219598,0.12169961930492237,0.0,0.0,2.0,-1.085271407692399
2026-10-07,4,240,-1,4146.37,4156.26,4146.37,9.890000000000327,81.4300000000002,0.12145400957878304,False,2026-10-07 05:00:00,0.12,36.68999999999949,2026-10-07 23:57:00,0.6666666666666666,1,0.3516483516483517,0.030824020631219598,0.23492570305784183,0.125,0.0,1.0,-1.2811386611371451
2026-10-07,5,306,-1,4140.24,4149.13,4140.24,8.890000000000327,81.4300000000002,0.1091735232715253,False,2026-10-07 06:06:00,0.12,30.55999999999938,2026-10-07 23:57:00,0.6,1,0.512396694214876,0.030824020631219598,0.3102050841213331,0.0,0.0,2.0,-1.1195016447529023
2026-10-07,6,403,-1,4138.24,4148.29,4138.24,10.050000000000182,81.4300000000002,0.12341888738794249,False,2026-10-07 07:43:00,0.12,28.55999999999938,2026-10-07 23:57:00,0.5384615384615384,3,-0.6064516129032258,0.3009947193908898,0.06459535797617838,0.0,0.0,3.0,-0.8398629690936781
2026-10-07,7,420,-1,4134.91,4144.7,4134.91,9.789999999999964,81.4300000000002,0.1202259609480528,False,2026-10-07 08:00:00,0.12,25.229999999999453,2026-10-07 23:57:00,0.5925925925925926,4,-0.5276073619631901,0.3009947193908898,0.10548937737934574,0.05555555555555555,0.0,1.0,-1.531677629790021
2026-10-07,8,480,-1,4128.7,4137.58,4128.7,8.88000000000011,81.4300000000002,0.10905071840845004,False,2026-10-07 09:00:00,0.12,-9.000000000000108,2026-10-07 10:32:00,0.5806451612903226,0,-0.3315508021390374,0.3009947193908898,0.18175119734741674,0.07142857142857142,0.0,1.0,-1.5804812153688337
2026-10-07,10,624,-1,4128.3,4139.51,4128.3,11.210000000000036,81.4300000000002,0.13766425150435968,False,2026-10-07 11:24:00,0.12,18.61999999999978,2026-10-07 23:57:00,0.5365853658536586,3,-0.467680608365019,0.4115190961562094,0.07613901510499572,0.045454545454545456,0.0,1.0,0.0068883659010950515
