xtime,tstat|5min|70|2.0,tstat|5min|70|2.5,tstat|5min|70|3.0,tstat|5min|100|2.0,tstat|5min|100|2.5,tstat|5min|100|3.0,tstat|5min|130|2.0,tstat|5min|130|2.5,tstat|5min|130|3.0,tstat|5min|200|2.0,tstat|5min|200|2.5,tstat|5min|200|3.0,tstat|15min|70|2.0,tstat|15min|70|2.5,tstat|15min|70|3.0,tstat|15min|100|2.0,tstat|15min|100|2.5,tstat|15min|100|3.0,tstat|15min|130|2.0,tstat|15min|130|2.5,tstat|15min|130|3.0,tstat|15min|200|2.0,tstat|15min|200|2.5,tstat|15min|200|3.0,tstat|1h|70|2.0,tstat|1h|70|2.5,tstat|1h|70|3.0,tstat|1h|100|2.0,tstat|1h|100|2.5,tstat|1h|100|3.0,tstat|1h|130|2.0,tstat|1h|130|2.5,tstat|1h|130|3.0,tstat|1h|200|2.0,tstat|1h|200|2.5,tstat|1h|200|3.0,er|5min|70|0.1,er|5min|70|0.15,er|5min|70|0.2,er|5min|100|0.1,er|5min|100|0.15,er|5min|100|0.2,er|5min|130|0.1,er|5min|130|0.15,er|5min|130|0.2,er|5min|200|0.1,er|5min|200|0.15,er|5min|200|0.2,er|15min|70|0.1,er|15min|70|0.15,er|15min|70|0.2,er|15min|100|0.1,er|15min|100|0.15,er|15min|100|0.2,er|15min|130|0.1,er|15min|130|0.15,er|15min|130|0.2,er|15min|200|0.1,er|15min|200|0.15,er|15min|200|0.2,er|1h|70|0.1,er|1h|70|0.15,er|1h|70|0.2,er|1h|100|0.1,er|1h|100|0.15,er|1h|100|0.2,er|1h|130|0.1,er|1h|130|0.15,er|1h|130|0.2,er|1h|200|0.1,er|1h|200|0.15,er|1h|200|0.2,ou|5min|70|2.0,ou|5min|70|2.5,ou|5min|70|3.0,ou|5min|100|2.0,ou|5min|100|2.5,ou|5min|100|3.0,ou|5min|130|2.0,ou|5min|130|2.5,ou|5min|130|3.0,ou|5min|200|2.0,ou|5min|200|2.5,ou|5min|200|3.0,ou|15min|70|2.0,ou|15min|70|2.5,ou|15min|70|3.0,ou|15min|100|2.0,ou|15min|100|2.5,ou|15min|100|3.0,ou|15min|130|2.0,ou|15min|130|2.5,ou|15min|130|3.0,ou|15min|200|2.0,ou|15min|200|2.5,ou|15min|200|3.0,ou|1h|70|2.0,ou|1h|70|2.5,ou|1h|70|3.0,ou|1h|100|2.0,ou|1h|100|2.5,ou|1h|100|3.0,ou|1h|130|2.0,ou|1h|130|2.5,ou|1h|130|3.0,ou|1h|200|2.0,ou|1h|200|2.5,ou|1h|200|3.0
2026-01-02,0.0,0.0,0.0,0.0,0.0,0.0,0.0,0.0,0.0,0.0,0.0,0.0,0.0,0.0,0.0,0.0,0.0,0.0,0.0,0.0,0.0,0.0,0.0,0.0,0.0,0.0,0.0,0.0,0.0,0.0,0.0,0.0,0.0,0.0,0.0,0.0,0.0,0.0,0.0,0.0,0.0,0.0,0.0,0.0,0.0,0.0,0.0,0.0,0.0,0.0,0.0,0.0,0.0,0.0,0.0,0.0,0.0,0.0,0.0,0.0,0.0,0.0,0.0,0.0,0.0,0.0,0.0,0.0,0.0,0.0,0.0,0.0,0.0,0.0,0.0,0.0,0.0,0.0,0.0,0.0,0.0,0.0,0.0,0.0,0.0,0.0,0.0,0.0,0.0,0.0,0.0,0.0,0.0,0.0,0.0,0.0,0.0,0.0,0.0,0.0,0.0,0.0,0.0,0.0,0.0,0.0,0.0,0.0
2026-01-05,0.0,0.0,0.0,0.0,0.0,0.0,0.0,0.0,0.0,0.0,0.0,0.0,0.0,0.0,0.0,0.0,0.0,0.0,0.0,0.0,0.0,0.0,0.0,0.0,0.0,0.0,0.0,0.0,0.0,0.0,0.0,0.0,0.0,0.0,0.0,0.0,0.0,0.0,0.0,0.0,0.0,0.0,0.0,0.0,0.0,0.0,0.0,0.0,0.0,0.0,0.0,0.0,0.0,0.0,0.0,0.0,0.0,0.0,0.0,0.0,0.0,0.0,0.0,0.0,0.0,0.0,0.0,0.0,0.0,0.0,0.0,0.0,0.0,0.0,0.0,0.0,0.0,0.0,0.0,0.0,0.0,0.0,0.0,0.0,0.0,0.0,0.0,0.0,0.0,0.0,0.0,0.0,0.0,0.0,0.0,0.0,0.0,0.0,0.0,0.0,0.0,0.0,0.0,0.0,0.0,0.0,0.0,0.0
2026-01-06,0.0,0.0,0.0,0.0,0.0,0.0,0.0,0.0,0.0,0.0,0.0,0.0,0.0,0.0,0.0,0.0,0.0,0.0,0.0,0.0,0.0,0.0,0.0,0.0,0.0,0.0,0.0,0.0,0.0,0.0,0.0,0.0,0.0,0.0,0.0,0.0,0.0,0.0,0.0,0.0,0.0,0.0,0.0,0.0,0.0,0.0,0.0,0.0,0.0,0.0,0.0,0.0,0.0,0.0,0.0,0.0,0.0,0.0,0.0,0.0,0.0,0.0,0.0,0.0,0.0,0.0,0.0,0.0,0.0,0.0,0.0,0.0,0.0,0.0,0.0,0.0,0.0,0.0,0.0,0.0,0.0,0.0,0.0,0.0,0.0,0.0,0.0,0.0,0.0,0.0,0.0,0.0,0.0,0.0,0.0,0.0,0.0,0.0,0.0,0.0,0.0,0.0,0.0,0.0,0.0,0.0,0.0,0.0
2026-01-07,0.0,0.0,0.0,0.0,0.0,0.0,0.0,0.0,0.0,0.0,0.0,0.0,0.0,0.0,0.0,0.0,0.0,0.0,0.0,0.0,0.0,0.0,0.0,0.0,0.0,0.0,0.0,0.0,0.0,0.0,0.0,0.0,0.0,0.0,0.0,0.0,0.0,0.0,0.0,0.0,0.0,0.0,0.0,0.0,0.0,0.0,0.0,0.0,-1.0064097061264148,0.0,0.0,0.0,0.0,0.0,0.0,0.0,0.0,0.0,0.0,0.0,0.0,0.0,-1.00333616311453,0.0,0.0,0.0,0.0,0.0,0.0,0.0,0.0,0.0,0.0,0.0,0.0,0.0,0.0,0.0,0.0,0.0,0.0,0.0,0.0,0.0,0.0,0.0,0.0,0.0,0.0,0.0,0.0,0.0,0.0,0.0,0.0,0.0,0.0,0.0,0.0,0.0,0.0,0.0,0.0,0.0,0.0,0.0,0.0,0.0
2026-01-08,0.0,0.0,0.0,0.0,0.0,0.0,0.0,0.0,0.0,0.0,0.0,0.0,0.0,0.0,0.0,0.0,0.0,0.0,0.0,0.0,0.0,0.0,0.0,0.0,0.0,0.0,0.0,0.0,0.0,0.0,0.0,0.0,0.0,0.0,0.0,0.0,0.0,0.0,0.0,0.0,0.0,0.0,0.0,0.0,0.0,0.0,0.0,0.0,-1.1100236125380893,0.0,0.0,0.0,0.0,0.0,0.0,0.0,0.0,0.0,0.0,0.0,-1.0798033678485583,-1.0816643253729283,-1.0799224867101296,-1.004057971014478,0.0,0.0,0.0,0.0,0.0,0.0,0.0,0.0,0.0,0.0,0.0,0.0,0.0,0.0,0.0,0.0,0.0,0.0,0.0,0.0,0.0,0.0,0.0,0.0,0.0,0.0,0.0,0.0,0.0,0.0,0.0,0.0,0.0,0.0,0.0,0.0,0.0,0.0,0.0,0.0,0.0,0.0,0.0,0.0
2026-01-09,0.0,0.0,0.0,0.0,0.0,0.0,0.0,0.0,0.0,0.0,0.0,0.0,0.0,0.0,0.0,0.0,0.0,0.0,0.0,0.0,0.0,0.0,0.0,0.0,0.0,0.0,0.0,0.0,0.0,0.0,0.0,0.0,0.0,0.0,0.0,0.0,0.0,0.0,0.0,0.0,0.0,0.0,0.0,0.0,0.0,0.0,0.0,0.0,0.0,0.0,0.0,0.0,0.0,0.0,0.0,0.0,0.0,0.0,0.0,0.0,0.0,0.0,0.0,-1.2459533339789581,1.4576203434650994,0.0,0.0,-1.00388342781853,0.0,0.0,0.0,0.0,1.4692414242646707,0.0,0.0,0.48824286222658264,0.0,0.0,0.0,0.0,0.0,0.0,0.0,0.0,0.1446551250343316,0.0,0.0,-0.2120505129059842,0.0,0.0,0.0,0.0,0.0,0.0,0.0,0.0,0.0,0.0,0.0,0.13689083060278082,0.0,0.0,0.0,0.0,0.0,0.0,0.0,0.0
2026-01-12,-1.0060147145695697,0.0,0.0,0.0,0.0,0.0,-1.012962962962911,0.0,0.0,0.0,0.0,0.0,-1.0040119642505505,0.0,0.0,0.0,0.0,0.0,2.7662207473470093,0.0,0.0,0.0,0.0,0.0,0.0,0.0,0.0,0.0,0.0,0.0,0.0,0.0,0.0,0.0,0.0,0.0,-1.0090505050504608,0.0,0.0,0.0,0.0,0.0,0.0,0.0,0.0,0.0,0.0,0.0,0.3529642506908943,-2.0112226998725298,0.0,1.8905671701510682,0.0,0.0,1.8889669030526821,0.0,0.0,0.0,0.0,0.0,0.0,0.0,0.0,0.0,0.0,-1.0031082618710574,0.0,0.0,0.0,0.0,0.0,0.0,0.0,0.0,0.0,3.462808349341531,3.4679296856467263,2.5532930946833283,-3.0225757679083456,-3.021742263717907,-2.016522017082905,0.0,0.0,0.0,0.0,0.0,0.0,3.357004708058944,0.0,0.0,-1.0043269973728768,-1.0043269973728768,-2.0109335861965425,0.0,0.0,0.0,0.0,0.0,0.0,0.0,0.0,0.0,0.0,0.0,0.0,0.0,0.0,0.0
2026-01-13,-1.0150628740500844,0.0,0.0,0.0,0.0,0.0,0.0,0.0,0.0,0.0,0.0,0.0,-1.0063041765169145,0.0,0.0,0.0,0.0,0.0,0.0,0.0,0.0,0.0,0.0,0.0,-1.0034871411669455,0.0,0.0,0.0,0.0,0.0,0.0,0.0,0.0,0.0,0.0,0.0,-1.0130353817504385,0.0,0.0,0.0,0.0,0.0,0.0,0.0,0.0,0.0,0.0,0.0,0.0,-1.008086934546357,0.0,-1.0070037207266105,0.0,0.0,0.0,0.0,0.0,0.0,0.0,0.0,-0.018046361233090766,-0.018046361233090766,0.0,0.0,-0.018046361233090766,-1.0034871411669455,0.0,2.6616424810924917,0.0,0.0,0.0,0.0,-2.0244324943190968,-1.0081549439347868,-1.0081549439347868,-6.3470150727503,-5.334554203689894,-2.0159579188189456,-2.0165369398703348,-2.0157065064311337,-2.0157065064311337,0.0,0.0,0.0,-1.005739616163148,-2.0135173939408846,-1.0077777777777368,-4.209653612733787,-3.0205211146674955,-1.0055116754016589,-1.0055116754016589,-1.0055116754016589,-1.0053261050479307,0.0,0.0,0.0,0.0,0.0,0.0,0.49626735852245535,0.0,0.0,-0.018046361233090766,-0.018046361233090766,-0.018046361233090766,0.0,0.0,0.0
2026-01-14,0.0,0.0,0.0,0.0,0.0,0.0,0.0,0.0,0.0,0.0,0.0,0.0,0.0,0.0,0.0,0.0,0.0,0.0,0.0,0.0,0.0,0.0,0.0,0.0,0.0,0.0,0.0,0.0,0.0,0.0,0.6462769758467842,0.0,0.0,0.0,0.0,0.0,0.0,0.0,0.0,0.0,0.0,0.0,0.0,0.0,0.0,0.0,0.0,0.0,3.3876188029796555,0.0,0.0,2.3723462517315848,0.0,0.0,0.0,0.0,0.0,0.0,0.0,0.0,0.0,0.0,0.36357689540133503,0.0,0.0,0.0,0.0,0.0,0.8423981146174523,0.0,0.0,0.0,0.0,0.0,0.0,0.0,0.0,0.0,-3.039894239496696,0.0,0.0,0.0,0.0,0.0,0.0,0.0,0.0,0.0,0.0,0.0,-2.0129684369746244,0.0,0.0,0.0,0.0,0.0,0.0,0.0,0.0,0.0,0.8744675232222847,0.8744675232222847,-1.0031298904538481,-1.0031298904538481,0.0,0.0,0.0,0.0
2026-01-15,0.0,0.0,0.0,0.0,0.0,0.0,0.0,0.0,0.0,0.0,0.0,0.0,0.0,0.0,0.0,0.0,0.0,0.0,0.0,0.0,0.0,0.0,0.0,0.0,0.0,0.0,0.0,0.0,0.0,0.0,0.0,0.0,0.0,-1.0036564662865262,0.0,0.0,0.0,0.0,0.0,0.0,0.0,0.0,0.0,0.0,0.0,0.0,0.0,0.0,-1.1337171267826571,0.0,0.0,-1.0068431771894415,0.0,0.0,0.0,0.0,0.0,0.0,0.0,0.0,0.0,0.0,0.17872630707011875,0.0,-1.0032404907028907,-1.0729349631381964,0.0,-2.0760553876955825,0.0,0.0,-1.0032404907028907,0.0,0.0,0.0,0.0,0.0,0.0,0.0,0.0,0.0,0.0,0.0,0.0,0.0,0.0,0.0,0.0,0.0,0.0,0.0,0.0,0.0,0.0,0.0,0.0,0.0,0.0,0.0,0.0,0.0,0.0,0.0,0.0,0.0,0.0,0.0,0.0,0.0
2026-01-16,0.0,0.0,0.0,0.0,0.0,0.0,0.0,0.0,0.0,0.0,0.0,0.0,0.0,0.0,0.0,0.0,0.0,0.0,0.0,0.0,0.0,0.0,0.0,0.0,0.0,0.0,0.0,0.0,0.0,0.0,0.0,0.0,0.0,0.0,0.0,0.0,0.0,0.0,0.0,0.0,0.0,0.0,0.0,0.0,0.0,0.0,0.0,0.0,0.0,0.0,0.0,0.0,0.0,0.0,0.0,0.0,0.0,0.0,0.0,0.0,-0.8566995593620134,0.0,0.0,0.0,-1.0813532338308594,0.0,0.0,-1.08822133022575,0.0,-1.0047457627118817,0.0,0.0,-0.38126382260195957,-1.0061233415949915,2.4225284601558297,-1.0061233415949915,-1.0061233415949915,2.4225284601558297,0.0,0.0,0.0,0.0,0.0,0.0,-0.36294828900425236,-1.0046219874546087,1.77551309271058,-1.0046219874546087,-1.0046219874546087,1.77551309271058,0.0,0.0,0.0,0.0,0.0,0.0,0.8504437410786397,0.0,0.0,0.8504437410786397,0.0,0.0,0.0,0.0,0.0,0.0,0.0,0.0
2026-01-19,0.0,0.0,0.0,0.0,0.0,0.0,0.0,0.0,0.0,0.0,0.0,0.0,0.0,0.0,0.0,0.0,0.0,0.0,0.0,0.0,0.0,0.0,0.0,0.0,0.0,0.0,0.0,0.0,0.0,0.0,0.0,0.0,0.0,0.0,0.0,0.0,0.0,0.0,0.0,0.0,0.0,0.0,0.0,0.0,0.0,0.0,0.0,0.0,0.0,0.0,0.0,0.0,0.0,0.0,0.0,0.0,0.0,0.0,0.0,0.0,0.0,0.0,0.0,0.0,0.0,0.0,0.0,0.0,0.0,0.0,0.0,0.0,-1.6765707786002668,-1.0077691453940432,-1.006210261718197,-1.0987535088408866,-1.6034562162769674,-0.10527847940082447,-0.3028752269523663,0.0,0.0,0.0,0.0,0.0,-0.8723275074842215,-1.005414115372236,0.6402455608656723,-1.6221764740910651,-1.1002107525001397,0.6402455608656723,0.13308660788801455,0.0,0.0,0.0,0.0,0.0,0.0,0.0,0.0,0.0,0.0,0.0,0.0,0.0,0.0,0.0,0.0,0.0
2026-01-20,0.0,0.0,0.0,0.0,0.0,0.0,0.0,0.0,0.0,0.0,0.0,0.0,0.0,0.0,0.0,0.0,0.0,0.0,0.0,0.0,0.0,0.0,0.0,0.0,0.0,0.0,0.0,0.0,0.0,0.0,0.0,0.0,0.0,0.0,0.0,0.0,0.0,0.0,0.0,0.0,0.0,0.0,0.0,0.0,0.0,0.0,0.0,0.0,3.164216411774368,0.0,0.0,0.0,0.0,0.0,0.0,0.0,0.0,0.0,0.0,0.0,2.07263015018172,0.0,0.0,0.0,0.0,0.0,-1.1404135467472931,2.07263015018172,0.0,2.07263015018172,0.0,0.0,-4.043765810534986,-2.020815604179222,-3.036956060735769,-1.0128715905608845,-2.0279356869506446,-2.027854243563624,0.0,0.0,0.0,0.0,0.0,0.0,0.0,0.0,0.0,0.0,0.0,0.0,-1.014848484848509,0.0,0.0,0.0,0.0,0.0,-1.0536976224878414,-1.0536976224878414,-1.0536976224878414,-1.0536976224878414,-1.0536976224878414,-1.0536976224878414,-1.0682356868636202,0.0,0.0,0.0,0.0,0.0
2026-01-21,-1.090513204339765,-1.0151204233718611,0.0,-4.052525013703912,0.0,0.0,-4.053503226886801,0.0,0.0,11.638732132716019,0.08072403876790135,0.0,-1.0211010755304164,0.0,0.0,-1.007448129100896,0.0,0.0,-1.0087075506903806,0.0,0.0,7.542516870459403,-2.009421253777921,0.0,-2.0077252527296396,0.0,0.0,-1.0038207744865781,0.0,0.0,0.0,0.0,0.0,0.0,-1.0047318778584027,0.0,7.201912074967936,0.0,0.0,-1.0105940219448093,0.0,0.0,0.0,0.0,0.0,0.0,0.0,0.0,0.0,6.4888334288683875,-1.0211010755304164,4.779775213904589,-3.017000061853286,0.0,3.7751933124154817,0.0,0.0,8.212564611800163,0.0,0.0,0.0,7.969819175230778,0.0,6.684767090139174,0.0,-1.004915902946025,0.0,0.0,-1.004915902946025,0.0,0.0,0.0,8.011667992575148,12.052115206673886,12.64668980872095,-3.6110540871433896,-2.0129238393262003,-2.0124295475013567,5.7412895897778435,5.7412895897778435,6.755576237278714,-0.2717060392255606,-0.22643241501863343,0.7789358575831244,8.211635451523033,7.3061734374169705,6.486671228360357,8.212741004009484,8.213267385570195,7.208849827715679,6.4888334288683875,6.48900982107771,6.48900982107771,0.9158353359323195,1.9189205087387282,1.9189205087387282,0.0,0.0,0.0,0.0,0.0,-1.0028985507246297,0.0,0.0,0.0,-1.004915902946025,-1.004915902946025,-1.004915902946025
2026-01-22,0.0,0.0,0.0,-1.0141114806975333,0.0,0.0,0.0,0.0,0.0,0.0,0.0,0.0,0.0,0.0,0.0,0.0,0.0,0.0,0.0,0.0,0.0,0.0,0.0,0.0,0.0,0.0,0.0,0.0,0.0,0.0,0.0,0.0,0.0,3.963470319634755,0.0,0.0,-1.1130405928547662,0.0,0.0,0.0,0.0,0.0,0.0,0.0,0.0,0.0,0.0,0.0,5.8083134763039235,-1.069306930693082,0.0,0.30815994071677655,-1.0085846308827975,0.0,0.0,0.0,0.0,-1.0756438144691747,0.0,0.0,0.0,0.0,4.3286076050326985,0.0,4.3286076050326985,-1.0464257598874107,3.3999918009264616,-1.0464257598874107,0.0,0.0,3.3999918009264616,3.963470319634755,0.0,0.0,0.0,0.0,0.0,0.0,3.1757544327240304,3.587624669244897,3.4207001838938025,2.262110449862323,1.4905601980810825,1.4905601980810825,0.0,0.0,0.0,0.0,0.0,0.0,0.0,0.0,0.0,0.0,0.0,0.0,2.558596548135544,2.558596548135544,3.963470319634755,2.558596548135544,0.0,0.0,3.963470319634755,3.963470319634755,3.963470319634755,0.0,0.0,0.0
2026-01-23,-1.2343290436450096,0.0,0.0,1.7162343285528985,-1.0221529941156204,0.0,0.18848083564447582,0.0,0.0,-2.0275579783996784,0.0,0.0,-2.012303844512515,0.0,0.0,-1.21644672056734,0.0,0.0,-2.0120709045431475,0.0,0.0,0.0,0.0,0.0,-1.0046097648814003,0.0,0.0,-1.0046097648814003,0.0,0.0,-0.8043447017372234,0.0,0.0,0.0,0.0,0.0,-1.7492004422471426,0.0,0.0,-2.0249110407384405,0.0,0.0,0.0,0.0,0.0,0.0,0.0,0.0,0.0,0.8474957271695189,0.0,0.0,0.7162873284600879,0.0,3.582671842710109,0.0,0.0,2.198918641183629,0.0,0.0,0.0,0.0,3.2757402065460344,0.0,0.0,3.093787723374704,0.0,3.125558465567706,3.7749278048903596,0.0,0.0,-0.8043447017372234,0.0,0.0,0.0,-4.3423967288539655,-3.033942159345272,-2.024933150336233,2.755888711193016,-0.6362893032769619,1.0280685783645118,0.0,0.0,0.0,0.0,0.0,0.0,-2.0120709045431475,-2.0111041186338365,-1.0063336952587725,5.320395088120744,4.610880067212852,3.998969045851326,2.8658303990610223,2.8658303990610223,2.5172827390688295,0.0,0.0,0.0,-0.8043447017372234,-1.0043994720633591,0.0,2.5999144201968503,2.5999144201968503,2.5999144201968503,2.5999144201968503,2.5999144201968503,2.5999144201968503
2026-01-26,0.0,0.0,0.0,-1.0068012339381573,-2.27033447611704,0.0,-1.0044465618548646,-1.909837174746335,0.0,-2.0152227099243287,-2.015268354537659,0.0,-1.002897830766688,0.0,0.0,0.0,0.5801728586171351,0.0,0.0,0.5801728586171351,0.0,4.498303441589939,0.0,0.0,0.0,0.0,0.0,0.0,-1.0024193409024118,0.0,0.0,-1.0038997553948004,0.0,-1.004453855866067,0.0,0.0,0.0,0.0,0.0,1.8954774832959822,0.0,0.0,-0.7178224001148892,0.0,0.0,0.0,0.0,0.0,0.0,2.491556813572382,0.0,0.0,-1.0039112154101966,0.0,0.0,3.494276113290776,0.0,0.0,0.0,0.0,0.0,0.0,-1.0022795919530507,0.0,0.0,0.0,0.0,0.0,0.0,0.0,0.0,0.0,0.15477910763387692,1.93953450001343,1.3004198348554956,-2.668126464988818,-1.815514879119392,2.566129533591294,-4.029974111622878,-6.0540895489997535,-6.062438879825087,0.0,0.0,0.0,1.456988411653949,0.45307719624375253,-1.0064514642519693,0.47955478122704753,0.47955478122704753,1.4926970461000737,3.4924587842329817,-0.5293616518869173,2.4875716623761877,0.0,0.0,0.0,-1.0037361229718076,-1.0037361229718076,-1.0037361229718076,-1.004453855866067,-1.004453855866067,-1.004453855866067,0.0,0.0,-1.0025341659878657,0.0,0.0,0.0
2026-01-27,-2.0195823110095716,0.0,0.0,0.0,0.0,0.0,-2.2808066890576626,0.0,0.0,-4.236547998771476,0.0,0.0,0.0,0.0,0.0,0.0,0.0,0.0,0.13006552537288307,0.0,0.0,-1.0064927536231694,0.0,0.0,0.0,0.0,0.0,0.0,0.0,0.0,0.0,0.0,0.0,0.0,0.0,0.0,-1.0089726334679578,0.0,0.0,0.0,0.0,0.0,0.0,0.0,0.0,0.0,0.0,0.0,0.0,0.55930763855293,0.0,-1.007014906676695,0.0,0.0,0.0,0.0,0.0,0.13006552537288307,0.0,0.0,0.0,0.0,0.0,0.0,0.0,0.0,0.0,0.0,0.0,0.0,0.0,0.0,0.0,0.0,0.0,0.0,0.0,0.0,0.0,0.0,0.0,0.0,0.0,0.0,0.0,0.0,0.0,0.0,0.0,0.0,0.0,0.0,0.0,0.0,0.0,0.0,0.0,0.0,0.0,0.0,0.0,0.0,2.3465368623871803,0.0,0.0,0.0,0.0,0.0
2026-01-28,-2.2883279969043775,0.0,0.0,1.8326757713707735,3.736530693188664,-2.017360139968206,9.952262830053325,3.579207603156447,0.0,0.0,4.782396839878048,-1.0081456915110176,-1.0057210575783342,0.0,0.0,1.9995939720465525,0.8150409711420958,0.0,5.9480624873199535,0.13045256512849276,0.0,5.51977012424624,1.7717466434637519,0.0,4.916430528006043,0.0,0.0,0.0,-1.002264437812881,0.0,3.7414495706592787,-1.002264437812881,0.0,0.0,0.0,0.0,-1.3973365844359953,0.0,0.0,4.594339772222869,0.0,0.0,0.0,0.0,0.0,0.0,0.0,0.0,0.0,2.036151819148465,0.0,7.382175318733545,1.81297393454241,-1.0054162797895374,0.0,2.036151819148465,0.0,5.373208722741461,-2.010137476275612,0.0,0.0,0.0,0.0,0.0,0.0,0.0,0.0,0.0,0.0,0.0,0.0,3.7414495706592787,-0.18202114028678995,-0.18049194309848904,-0.18049194309848904,-4.600682074214539,5.648488375953738,7.539336230413183,2.899441734046461,1.0061025887042543,1.5208927966490449,0.0,0.0,0.0,0.9964329162539147,1.0605899619194081,2.036151819148465,3.068324303298188,4.073741199486507,4.073801438753166,3.029561468954707,0.9953389762255731,0.9950362352884026,0.0,0.0,0.0,0.0,0.0,0.0,0.0,0.0,0.0,0.0,0.0,0.0,0.0,0.0,0.0
2026-01-29,9.788464774359712,4.0550623954715554,0.0,0.0,8.848946630942127,5.962422839506175,8.641864305702033,0.6076712397498076,-1.0029299429707559,-2.005907034329545,0.0,10.919409930919976,5.9927102060006145,2.562492095457673,0.0,0.0,5.627705755636805,2.5930101913994434,10.369332212122348,2.562492095457673,-2.0060203382565125,0.0,0.0,5.443658711116667,-1.001085220842444,-1.0013181557118538,0.0,-1.0468540829986661,-1.001085220842444,-1.0016786268832063,0.0,-1.0016786268832063,-1.001085220842444,7.325432371824381,-1.0468540829986661,-1.037688288486724,9.187862203979286,-1.0029299429707559,0.0,6.631185718365495,-1.0029299429707559,0.0,-5.512245229387869,0.0,0.0,5.181573972787146,0.0,0.0,0.0,10.369332212122348,2.562492095457673,0.0,0.0,4.480921187909378,0.0,2.562492095457673,0.0,0.0,7.34353181140654,0.0,0.0,0.0,0.0,0.0,0.0,7.841568710884186,0.0,0.0,0.0,0.0,0.0,0.0,6.82014584611192,8.697080929907436,7.183939457641407,7.516339195159301,8.697080929907436,7.183939457641407,0.0,0.0,0.0,-1.0037658704540429,0.0,0.0,7.245867447691253,5.443658711116667,5.443658711116667,7.998200204726675,7.494944837806647,5.443658711116667,0.0,0.0,7.998200204726675,0.0,0.0,0.0,-1.0468540829986661,-1.0468540829986661,-1.0468540829986661,7.841568710884186,-1.0543540602306603,-1.0543540602306603,-1.0478431738043175,-1.0468540829986661,-1.0468540829986661,0.0,0.0,0.0
2026-01-30,0.0,0.0,0.0,0.0,0.0,0.0,0.0,0.0,0.0,-2.006579183932769,0.0,0.0,0.0,0.0,0.0,0.0,0.0,0.0,0.0,0.0,0.0,0.0,0.0,0.0,0.0,0.0,0.0,0.0,0.0,0.0,0.0,0.0,0.0,0.0,0.0,0.0,0.0,0.0,0.0,0.0,0.0,0.0,0.0,0.0,0.0,0.0,0.0,0.0,-1.0386139110375536,0.0,0.0,-1.0173728622354568,0.0,0.0,-1.0203252032520314,0.0,0.0,0.4081003646466383,0.0,0.0,-1.0192063655382932,-1.0165260252994943,-1.0165260252994943,0.0,-1.0192063655382932,-1.0180156467061516,0.0,0.0,-1.0192063655382932,-1.000683545354452,0.0,0.0,-1.0018139179331624,-1.0018139179331624,-1.0018139179331624,0.0,0.0,0.0,0.0,0.0,0.0,-2.006579183932769,-2.0064936063640695,0.0,0.0,0.0,0.0,0.0,0.0,0.0,0.0,0.0,0.0,-1.0018982922149613,0.0,0.0,0.0,0.0,0.0,0.0,0.0,0.0,0.0,0.0,0.0,0.0,0.0,0.0
2026-02-02,0.0,0.0,0.0,0.0,0.0,0.0,0.0,0.0,0.0,0.0,0.0,0.0,0.0,0.0,0.0,0.0,0.0,0.0,0.0,0.0,0.0,0.0,0.0,0.0,0.0,0.0,0.0,0.0,0.0,0.0,0.0,0.0,0.0,0.0,0.0,0.0,0.0,0.0,0.0,0.0,0.0,0.0,0.0,0.0,0.0,0.0,0.0,0.0,-3.0036182786710004,0.0,0.0,0.0,0.0,0.0,0.0,0.0,0.0,0.0,0.0,0.0,0.0,0.0,0.0,0.0,0.0,0.0,-1.000495778797666,0.0,0.0,0.0,0.0,0.0,-3.0070842158479083,-2.0048249104912568,0.0,3.475135049340577,3.475135049340577,3.475135049340577,-1.0019371800193744,-1.0019371800193744,0.0,0.0,0.0,0.0,-2.002592406535763,0.0,-0.26875978072724777,-1.0010535187526355,-1.0010535187526355,-1.0010535187526355,0.0,0.0,0.0,0.0,0.0,0.0,0.0,0.0,0.0,0.0,0.0,0.0,0.0,0.0,0.0,0.0,0.0,0.0
2026-02-03,0.0,0.0,0.0,0.0,0.0,0.0,0.0,0.0,0.0,0.0,0.0,0.0,0.0,0.0,0.0,0.0,0.0,0.0,0.0,0.0,0.0,0.0,0.0,0.0,0.0,0.0,0.0,0.0,0.0,0.0,0.0,0.0,0.0,0.0,0.0,0.0,0.0,0.0,0.0,0.0,0.0,0.0,0.0,0.0,0.0,0.0,0.0,0.0,-3.0461600288445165,0.0,0.0,0.0,0.0,0.0,0.0,0.0,0.0,0.0,0.0,0.0,-0.7185098784285913,-1.0118870498696457,-2.0122986268443737,-1.0118870498696457,0.0,0.0,0.0,0.0,0.0,0.0,0.0,0.0,0.0,0.0,0.0,0.0,0.0,0.0,0.0,0.0,0.0,0.0,0.0,0.0,0.0,0.0,0.0,0.0,0.0,0.0,0.0,0.0,0.0,0.0,0.0,0.0,-1.0128690449330224,0.0,0.0,0.0,0.0,0.0,0.0,0.0,0.0,0.0,0.0,0.0
2026-02-04,0.0,0.0,0.0,0.0,0.0,0.0,0.0,0.0,0.0,0.0,0.0,0.0,0.0,0.0,0.0,0.0,0.0,0.0,0.0,0.0,0.0,0.0,0.0,0.0,0.0,0.0,0.0,0.0,0.0,0.0,0.0,0.0,0.0,0.0,0.0,0.0,0.0,0.0,0.0,0.0,0.0,0.0,0.0,0.0,0.0,0.0,0.0,0.0,0.0,0.0,0.0,0.0,0.0,0.0,0.0,0.0,0.0,0.0,0.0,0.0,-1.0313840573064792,0.0,0.0,0.0,0.0,0.0,0.0,0.0,0.0,0.0,0.0,0.0,0.0,0.0,0.0,0.0,0.0,0.0,0.0,0.0,0.0,0.0,0.0,0.0,0.0,0.0,0.0,0.0,0.0,0.0,0.0,0.0,0.0,0.0,0.0,0.0,0.0,0.0,0.0,0.0,0.0,0.0,0.0,0.0,0.0,0.0,0.0,0.0
2026-02-05,0.0,0.0,0.0,0.0,0.0,0.0,0.0,0.0,0.0,0.0,0.0,0.0,0.0,0.0,0.0,0.0,0.0,0.0,0.0,0.0,0.0,0.0,0.0,0.0,0.0,0.0,0.0,0.0,0.0,0.0,0.0,0.0,0.0,0.0,0.0,0.0,0.0,0.0,0.0,0.0,0.0,0.0,0.0,0.0,0.0,0.0,0.0,0.0,-1.0023695880301968,0.0,0.0,0.0,0.0,0.0,0.0,0.0,0.0,0.0,0.0,0.0,-3.0034664508760502,-2.0021790412820915,0.0,0.0,-1.0353900953694073,0.0,0.0,0.0,0.0,0.0,0.0,0.0,0.0,0.0,0.0,0.0,0.0,0.0,0.0,0.0,0.0,0.0,0.0,0.0,0.0,0.0,0.0,0.0,0.0,0.0,0.0,0.0,0.0,0.0,0.0,0.0,0.0,0.0,0.0,0.0,0.0,0.0,0.0,0.0,0.0,0.0,0.0,0.0
2026-02-06,0.0,0.0,0.0,0.0,0.0,0.0,0.0,0.0,0.0,0.0,0.0,0.0,0.0,0.0,0.0,0.0,0.0,0.0,0.0,0.0,0.0,0.0,0.0,0.0,0.0,0.0,0.0,0.0,0.0,0.0,0.0,0.0,0.0,0.0,0.0,0.0,0.0,0.0,0.0,0.0,0.0,0.0,0.0,0.0,0.0,0.0,0.0,0.0,0.0,0.0,0.0,0.0,0.0,0.0,0.0,0.0,0.0,0.0,0.0,0.0,0.0,0.0,0.0,4.811515998581223,0.2350277347506318,0.0,-1.2614753183073202,-1.028427707785311,0.0,0.0,0.0,0.0,-1.0961793682764338,-1.0040950040950067,0.0,0.0,0.0,0.0,0.0,0.0,0.0,0.0,0.0,0.0,-1.0618939964833,-1.0026723167076945,0.0,0.0,0.0,0.0,0.0,0.0,0.0,0.0,0.0,0.0,-1.001254716389285,3.0861744695353615,0.0,0.0,0.0,0.0,0.0,0.0,0.0,0.0,0.0,0.0
2026-02-09,0.0,0.0,0.0,0.0,0.0,0.0,0.0,0.0,0.0,0.0,0.0,0.0,0.0,0.0,0.0,0.0,0.0,0.0,0.0,0.0,0.0,0.0,0.0,0.0,0.0,0.0,0.0,0.0,0.0,0.0,0.0,0.0,0.0,0.0,0.0,0.0,0.0,0.0,0.0,0.0,0.0,0.0,0.0,0.0,0.0,0.0,0.0,0.0,0.0,0.0,0.0,0.0,0.0,0.0,0.0,0.0,0.0,0.0,0.0,0.0,0.0,0.0,0.0,0.0,0.0,0.0,0.0,0.0,0.0,0.0,0.0,0.0,0.0,0.0,0.0,0.0,0.0,0.0,0.0,0.0,0.0,0.0,0.0,0.0,0.0,0.0,0.0,0.0,0.0,0.0,0.0,0.0,0.0,0.0,0.0,0.0,0.0,0.0,0.0,0.0,0.0,0.0,0.0,0.0,0.0,0.0,0.0,0.0
2026-02-10,0.0,0.0,0.0,0.0,0.0,0.0,0.0,0.0,0.0,0.0,0.0,0.0,0.0,0.0,0.0,0.0,0.0,0.0,0.0,0.0,0.0,0.0,0.0,0.0,0.0,0.0,0.0,0.0,0.0,0.0,0.0,0.0,0.0,0.0,0.0,0.0,0.0,0.0,0.0,0.0,0.0,0.0,0.0,0.0,0.0,0.0,0.0,0.0,0.0,0.0,0.0,0.0,0.0,0.0,0.0,0.0,0.0,0.0,0.0,0.0,0.0,0.0,0.0,0.703952140587018,0.08403975651243557,0.0,-1.0483376099562869,-1.051992336194608,0.0,0.0,0.0,0.0,0.0,0.0,0.0,0.0,0.0,0.0,0.0,0.0,0.0,0.0,0.0,0.0,0.0,0.0,0.0,0.0,0.0,0.0,0.0,0.0,0.0,0.0,0.0,0.0,0.0,0.0,0.0,0.0,0.0,0.0,0.0,0.0,0.0,0.0,0.0,0.0
2026-02-11,0.0,0.0,0.0,0.0,0.0,0.0,0.0,0.0,0.0,0.0,0.0,0.0,0.0,0.0,0.0,0.0,0.0,0.0,0.0,0.0,0.0,0.0,0.0,0.0,0.0,0.0,0.0,0.0,0.0,0.0,0.0,0.0,0.0,0.0,0.0,0.0,0.0,0.0,0.0,0.0,0.0,0.0,0.0,0.0,0.0,0.0,0.0,0.0,-3.021136810894399,2.86332525613227,0.0,0.0,0.0,0.0,0.0,0.0,0.0,0.0,0.0,0.0,1.1331829450785167,0.0,0.0,-1.0031015995391919,-1.0031015995391919,0.0,0.8836906492248137,0.0,0.0,0.0,0.0,0.0,0.0,0.0,0.0,0.0,0.0,0.0,0.0,0.0,0.0,0.0,0.0,0.0,0.0,0.0,0.0,0.0,0.0,0.0,0.0,0.0,0.0,0.0,0.0,0.0,0.0,0.0,0.0,0.0,0.0,0.0,0.0,0.0,0.0,0.0,0.0,0.0
2026-02-12,0.0,0.0,0.0,0.0,0.0,0.0,0.0,0.0,0.0,0.0,0.0,0.0,0.0,0.0,0.0,0.0,0.0,0.0,0.0,0.0,0.0,0.0,0.0,0.0,0.0,0.0,0.0,0.0,0.0,0.0,0.0,0.0,0.0,0.0,0.0,0.0,0.0,0.0,0.0,0.0,0.0,0.0,0.0,0.0,0.0,0.0,0.0,0.0,0.0,0.0,0.0,-1.0066982441031487,0.0,0.0,0.0,0.0,0.0,0.0,0.0,0.0,0.0,0.6509696037974964,-1.0531318463316577,-1.0432380832052282,-1.0025070735288883,-1.0030648321457187,0.0,0.0,0.0,0.0,0.0,0.0,-1.004799369225737,-2.012154821454704,-2.008476226038442,-0.8749153371115655,-1.205715296369408,0.5807950841404514,0.0,0.0,0.0,0.0,0.0,0.0,-1.0030644296330484,-1.0030644296330484,-1.0030644296330484,-2.0050376919289334,0.0,0.0,0.0,0.0,0.0,0.0,0.0,0.0,0.0,0.0,0.0,0.0,0.0,0.0,0.0,0.0,0.0,0.0,0.0,0.0
2026-02-13,0.0,0.0,0.0,0.0,0.0,0.0,0.0,0.0,0.0,0.0,0.0,0.0,0.0,0.0,0.0,0.0,0.0,0.0,0.0,0.0,0.0,0.0,0.0,0.0,0.0,0.0,0.0,0.0,0.0,0.0,0.0,0.0,0.0,0.0,0.0,0.0,0.0,0.0,0.0,0.0,0.0,0.0,0.0,0.0,0.0,0.0,0.0,0.0,0.0,0.0,0.0,0.0,0.0,0.0,0.0,0.0,0.0,0.0,0.0,0.0,-1.043096512400746,-1.041065024065699,0.0,0.0,0.0,0.0,1.2814399595297112,1.059833130899381,0.0,0.0,0.0,0.0,0.0,0.0,0.0,2.6187341187341313,4.415947489972083,0.0,0.0,0.0,0.0,0.0,0.0,0.0,0.0,-1.0697700758862716,0.6114064860410692,1.5799030802651355,1.906127361205566,0.0,0.0,0.0,0.0,0.0,0.0,0.0,-1.043096512400746,-1.043096512400746,-1.043096512400746,0.3845192996663649,1.8660320253856548,0.0,0.0,0.0,0.0,0.0,0.0,0.0
2026-02-16,0.0,0.0,0.0,0.0,0.0,0.0,0.0,0.0,0.0,0.0,0.0,0.0,0.0,0.0,0.0,0.0,0.0,0.0,0.0,0.0,0.0,0.0,0.0,0.0,0.0,0.0,0.0,0.0,0.0,0.0,0.0,0.0,0.0,0.0,0.0,0.0,0.0,0.0,0.0,0.0,0.0,0.0,0.0,0.0,0.0,0.0,0.0,0.0,0.0,0.0,0.0,0.0,0.0,0.0,0.0,0.0,0.0,0.0,0.0,0.0,0.0,0.0,0.0,0.0,0.0,0.0,-1.002319301558905,0.0,0.0,0.0,0.0,0.0,0.0,0.0,0.0,0.0,0.0,0.0,0.0,0.0,0.0,0.0,0.0,0.0,0.0,0.0,0.0,0.0,0.0,0.0,0.0,0.0,0.0,0.0,0.0,0.0,0.0,0.0,0.0,0.0,0.0,0.0,0.0,0.0,0.0,0.0,0.0,0.0
2026-02-17,0.0,0.0,0.0,0.0,0.0,0.0,0.0,0.0,0.0,0.0,0.0,0.0,0.0,0.0,0.0,0.0,0.0,0.0,0.0,0.0,0.0,0.0,0.0,0.0,0.0,0.0,0.0,0.0,0.0,0.0,0.0,0.0,0.0,0.0,0.0,0.0,0.0,0.0,0.0,0.0,0.0,0.0,0.0,0.0,0.0,0.0,0.0,0.0,-3.012824093586749,0.0,0.0,0.0,0.0,0.0,0.0,0.0,0.0,0.0,0.0,0.0,0.0,-2.0066531894108355,0.0,0.0,0.0,0.0,0.0,0.0,0.0,0.0,0.0,0.0,1.0204232647624534,0.0,0.0,0.0,0.0,0.0,-2.0287818304923237,0.0,0.0,0.0,0.0,0.0,0.0,0.0,0.0,0.0,0.0,0.0,-1.0054773082942008,0.0,0.0,0.0,0.0,0.0,0.0,0.0,0.0,0.0,0.0,0.0,-1.002653475104709,0.0,0.0,0.0,0.0,0.0
2026-02-18,0.0,0.0,0.0,0.0,0.0,0.0,0.0,0.0,0.0,0.0,0.0,0.0,0.0,0.0,0.0,0.0,0.0,0.0,0.0,0.0,0.0,0.0,0.0,0.0,0.0,0.0,0.0,0.0,0.0,0.0,0.0,0.0,0.0,0.0,0.0,0.0,0.0,0.0,0.0,0.0,0.0,0.0,0.0,0.0,0.0,0.0,0.0,0.0,0.0,0.0,0.0,0.0,0.0,0.0,0.0,0.0,0.0,0.0,0.0,0.0,2.4913061283217544,-1.053202055533953,0.0,-1.0454056285288804,-1.0504603689504992,0.0,-1.0454056285288804,0.0,0.0,0.0,0.0,0.0,0.0,0.0,0.0,0.0,0.0,0.0,0.0,0.0,0.0,0.0,0.0,0.0,0.7837248728505436,0.0,0.0,0.0,0.0,0.0,0.7837248728505436,0.0,0.0,0.0,0.0,0.0,0.0,0.0,0.0,0.0,0.0,0.0,0.0,0.0,0.0,0.0,0.0,0.0
2026-02-19,0.0,0.0,0.0,0.0,0.0,0.0,0.0,0.0,0.0,0.0,0.0,0.0,0.0,0.0,0.0,0.0,0.0,0.0,0.0,0.0,0.0,0.0,0.0,0.0,0.0,0.0,0.0,0.0,0.0,0.0,0.0,0.0,0.0,0.0,0.0,0.0,0.0,0.0,0.0,0.0,0.0,0.0,0.0,0.0,0.0,0.0,0.0,0.0,0.0,0.0,0.0,0.0,0.0,0.0,0.0,0.0,0.0,0.0,0.0,0.0,0.0,0.0,0.0,0.0,0.0,0.0,0.0,0.0,0.0,-1.080399911246843,0.0,0.0,0.0,0.0,0.0,0.0,0.0,0.0,0.0,0.0,0.0,0.0,0.0,0.0,0.0,0.0,0.0,0.0,0.0,0.0,0.0,0.0,0.0,0.0,0.0,0.0,0.0,0.0,0.0,0.0,0.0,0.0,0.0,0.0,0.0,0.0,0.0,0.0
2026-02-20,0.0,0.0,0.0,0.0,0.0,0.0,0.0,0.0,0.0,0.0,0.0,0.0,0.0,0.0,0.0,0.0,0.0,0.0,0.0,0.0,0.0,0.0,0.0,0.0,0.0,0.0,0.0,0.0,0.0,0.0,0.0,0.0,0.0,0.0,0.0,0.0,0.0,0.0,0.0,0.0,0.0,0.0,0.0,0.0,0.0,0.0,0.0,0.0,0.23594958229621188,1.90249165429092,0.0,0.0,0.0,0.0,0.0,0.0,0.0,0.0,0.0,0.0,-1.003892132332488,-1.003892132332488,-1.003403841478242,0.0,0.0,0.0,0.0,0.0,0.0,0.0,0.0,0.0,0.0,0.0,0.0,0.0,0.0,0.0,0.0,0.0,0.0,0.0,0.0,0.0,0.0,0.0,0.0,0.0,0.0,0.0,0.0,0.0,0.0,0.0,0.0,0.0,0.0,0.0,0.0,0.0,0.0,0.0,0.0,0.0,0.0,0.0,0.0,0.0
2026-02-23,-1.9227282998914879,-1.0647346647708666,0.0,0.0,0.0,0.0,0.0,0.0,0.0,0.0,0.0,0.0,4.6620262252352145,-2.0102282045050712,0.0,0.0,0.0,0.0,0.0,0.0,0.0,0.0,0.0,0.0,0.0,0.0,0.0,0.0,0.0,0.0,0.0,0.0,0.0,0.0,0.0,0.0,-5.06366289974812,0.0,0.0,0.0,0.0,0.0,0.0,0.0,0.0,0.0,0.0,0.0,0.0,4.466095448682501,-2.0113710565732084,-1.0082830434268297,0.0,0.0,0.0,0.0,0.0,0.0,0.0,0.0,0.0,0.0,0.0,-1.0023691068467242,-1.0021963885097582,0.0,-1.0023691068467242,0.0,0.0,0.0,0.0,0.0,6.524347524938596,6.792251793174598,5.69739956441302,8.048523454429846,7.026204439863112,4.740827182053524,0.38740596099997315,1.4061814878759833,1.3227966793544281,0.469890734479938,0.0,0.0,-1.0039218981987423,-1.0039218981987423,-1.0045384553043035,3.4585295169920656,3.129120099538759,4.13670817541952,-3.0194552588269215,-2.012116940198298,-1.0039218981987423,0.0,0.0,0.0,0.0,0.0,0.0,0.0,0.0,0.0,-1.0023691068467242,-1.0023691068467242,-1.0023691068467242,0.0,0.0,0.0
2026-02-24,1.6904096068432628,0.0,0.0,3.3570532118905145,-1.0174847008867973,0.0,0.0,0.0,0.0,0.0,0.0,0.0,0.0,0.0,0.0,-1.0040573870204796,-1.0100304495791117,0.0,0.0,0.0,0.0,0.0,0.0,0.0,-1.0627796292332974,0.0,0.0,-2.0055749307511235,-1.002957986034089,0.0,0.0,0.0,0.0,0.0,0.0,0.0,-1.3677831512328784,0.0,0.0,-1.0174847008867973,0.0,0.0,0.0,0.0,0.0,0.0,0.0,0.0,-1.006135507055841,-1.1169923840996532,0.0,0.0,-1.3719360491899344,0.0,-2.0159889361728425,0.0,0.0,0.0,0.0,0.0,0.0,0.0,-1.0027693707594039,0.0,-1.0609315805612416,-1.0726766479075938,-1.0627796292332974,-1.0614899330198873,0.0,0.0,0.0,0.0,0.0,0.0,0.0,0.0,0.0,0.0,-3.1397205749753363,-2.3606927433455187,-0.3400137354061033,0.0,0.0,0.0,-1.1604542731369671,0.0,0.0,0.0,0.0,0.0,-1.34859750695513,-2.164383932239044,-1.0039296591020768,0.0,0.0,0.0,-1.048391151332321,-1.048391151332321,-1.048391151332321,-1.0627796292332974,-1.0627796292332974,-1.0627796292332974,0.0,0.0,0.0,0.0,0.0,0.0
2026-02-25,0.0,0.0,0.0,0.0,0.0,0.0,-4.050335418551255,0.0,0.0,0.0,0.0,0.0,0.0,0.0,0.0,0.0,0.0,0.0,-3.0231916335059283,0.0,0.0,0.0,0.0,0.0,0.0,0.0,0.0,0.0,0.0,0.0,-1.0031460320670678,0.0,0.0,0.0,0.0,0.0,0.0,0.0,0.0,0.0,0.0,0.0,0.0,0.0,0.0,0.0,0.0,0.0,-0.18514580015597137,0.0,0.0,-0.35518289287057025,0.0,0.0,-1.00733752620547,0.0,0.0,0.0,0.0,0.0,0.0,-1.0597837690948875,-1.0593757831627215,0.0,0.0,-1.0597837690948875,0.0,-1.0610058034741643,-2.005713912907427,-1.0030917362307288,0.0,0.0,0.0,0.0,0.0,0.0,0.0,0.0,0.0,0.0,0.0,0.0,0.0,0.0,0.0,0.0,0.0,0.0,0.0,0.0,0.0,0.0,0.0,0.0,0.0,0.0,0.0,0.0,0.0,0.0,0.0,0.0,0.0,0.0,0.0,0.0,0.0,0.0
2026-02-26,0.0,0.0,0.0,0.0,0.0,0.0,0.0,0.0,0.0,0.0,0.0,0.0,0.0,0.0,0.0,0.0,0.0,0.0,0.0,0.0,0.0,0.0,0.0,0.0,0.0,0.0,0.0,0.0,0.0,0.0,0.0,0.0,0.0,0.0,0.0,0.0,0.0,0.0,0.0,0.0,0.0,0.0,0.0,0.0,0.0,0.0,0.0,0.0,0.0,0.0,0.0,0.0,0.0,0.0,-0.7263123142951319,0.0,0.0,0.0,0.0,0.0,0.0,0.0,-1.050218483010503,0.0,-1.052778134772733,0.0,0.8571621166161153,0.0,0.0,-1.0027407450911254,0.0,0.0,0.0,0.0,0.0,0.0,0.0,0.0,0.0,0.0,0.0,0.0,0.0,0.0,0.0,0.0,0.0,0.0,0.0,0.0,0.0,0.0,0.0,0.0,0.0,0.0,0.0,0.0,0.0,0.0,0.0,0.0,0.0,0.0,0.0,0.0,0.0,0.0
2026-02-27,0.0,0.0,0.0,0.0,0.0,0.0,0.0,0.0,0.0,0.0,0.0,0.0,0.0,0.0,0.0,0.0,0.0,0.0,0.0,0.0,0.0,0.0,0.0,0.0,0.0,0.0,0.0,0.0,0.0,0.0,0.0,0.0,0.0,0.0,0.0,0.0,0.0,0.0,0.0,0.0,0.0,0.0,0.0,0.0,0.0,0.0,0.0,0.0,-1.0045393382293282,0.0,0.0,0.0,0.0,0.0,0.0,0.0,0.0,0.0,0.0,0.0,2.1537008553927444,2.14367017945157,0.0,0.0,2.776500968366685,0.0,0.0,2.776500968366685,0.0,2.14367017945157,0.0,0.0,-2.019537710885609,-2.0165929691888653,-0.7188215777603961,-2.0165929691888653,0.28796580739945554,0.0,0.0,0.0,0.0,0.0,0.0,0.0,-1.0074583133557033,-1.0074583133557033,-1.0045393382293282,-2.0115828143647247,-0.9621804903495099,0.0,0.0,0.0,0.0,0.0,0.0,0.0,-1.0037777597884432,-1.0037489288774502,0.0,-1.0037489288774502,0.0,0.0,0.0,0.0,0.0,0.0,0.0,0.0
2026-03-02,0.0,0.0,0.0,0.0,0.0,0.0,-2.0124688150759464,0.0,0.0,-1.222953407778048,-1.0089408308586159,0.0,0.0,0.0,0.0,0.0,0.0,0.0,-2.009278239420458,0.0,0.0,-0.03545364851614374,-1.0053069502094454,0.0,0.0,0.0,0.0,0.0,0.0,0.0,0.0,0.0,0.0,-2.0043969560086903,0.0,0.0,0.0,0.0,0.0,0.0,0.0,0.0,0.0,0.0,0.0,0.0,0.0,0.0,-3.0098889419206127,-3.0143165910337446,0.0,-1.0048832382846073,0.0,0.0,0.2958489840701539,0.0,0.0,0.2545589828882324,0.0,0.0,0.0,0.0,-1.002379374224575,-1.005528455284553,-2.004394647114119,0.0,0.0,0.0,-2.00425591147719,0.0,-1.005528455284553,-2.0043969560086903,5.509734952407759,6.51489206000712,6.432476827408002,0.8855644262824067,1.8896587118295722,1.8896587118295722,-2.0209596320651766,-1.0088100182493263,0.0,0.49321919930097247,0.8858208347238847,-0.3644377407730274,0.0,0.0,0.0,0.0,0.0,0.0,-2.0091576397951068,0.0,0.0,0.8876628352490238,-1.005819149157242,-1.005940257976943,-1.0019939185484281,-1.0019939185484281,-1.0019939185484281,-1.0020253750560528,-1.005528455284553,0.0,-1.0021763631417293,0.0,0.0,-1.002379374224575,-1.002379374224575,-1.002379374224575
2026-03-03,0.0,0.0,0.0,0.0,0.0,0.0,0.0,0.0,0.0,0.0,0.0,0.0,0.0,0.0,0.0,0.0,0.0,0.0,0.0,0.0,0.0,0.0,0.0,0.0,0.0,0.0,0.0,0.0,0.0,0.0,0.0,0.0,0.0,0.0,0.0,0.0,0.0,0.0,0.0,0.0,0.0,0.0,0.0,0.0,0.0,0.0,0.0,0.0,-1.005425410296659,0.0,0.0,-1.0048794088944701,0.0,0.0,0.0,0.0,0.0,-2.0093739274027036,0.0,0.0,-1.0433870036202804,-1.002099784772054,-1.0020326531204788,-1.043887772695543,-1.002099784772054,0.0,-1.0438465371200831,0.0,0.0,0.0,0.0,0.0,0.0,0.0,0.0,0.0,0.0,0.0,0.0,0.0,0.0,0.0,0.0,0.0,0.0,0.0,0.0,0.0,0.0,0.0,0.0,0.0,0.0,0.0,0.0,0.0,0.0,0.0,0.0,0.0,0.0,0.0,0.0,0.0,0.0,0.0,0.0,0.0
2026-03-04,0.0,0.0,0.0,0.0,0.0,0.0,0.0,0.0,0.0,0.0,0.0,0.0,0.0,0.0,0.0,0.0,0.0,0.0,0.0,0.0,0.0,0.0,0.0,0.0,0.0,0.0,0.0,0.0,0.0,0.0,0.0,0.0,0.0,0.0,0.0,0.0,0.0,0.0,0.0,0.0,0.0,0.0,0.0,0.0,0.0,0.0,0.0,0.0,0.0,0.0,0.0,0.0,0.0,0.0,0.0,0.0,0.0,0.0,0.0,0.0,0.0,0.0,0.0,0.0,0.0,0.0,0.0,0.0,0.0,0.0,0.0,0.0,0.0,0.0,0.0,0.0,0.0,0.0,0.0,0.0,0.0,0.0,0.0,0.0,0.0,0.0,0.0,0.0,0.0,0.0,0.0,0.0,0.0,0.0,0.0,0.0,0.0,0.0,0.0,0.0,0.0,0.0,0.0,0.0,0.0,0.0,0.0,0.0
2026-03-05,0.0,0.0,0.0,0.0,0.0,0.0,0.0,0.0,0.0,0.0,0.0,0.0,0.0,0.0,0.0,0.0,0.0,0.0,0.0,0.0,0.0,0.0,0.0,0.0,0.0,0.0,0.0,0.0,0.0,0.0,0.0,0.0,0.0,0.0,0.0,0.0,0.0,0.0,0.0,0.0,0.0,0.0,0.0,0.0,0.0,0.0,0.0,0.0,-1.0046307781360984,0.0,0.0,0.0,0.0,0.0,0.0,0.0,0.0,0.0,0.0,0.0,0.0,0.0,0.0,0.0,0.0,0.0,0.0,0.0,0.0,0.0,0.0,0.0,0.0,0.0,0.0,0.0,0.0,0.0,0.0,0.0,0.0,0.0,0.0,0.0,0.0,0.0,0.0,0.0,0.0,0.0,0.0,0.0,0.0,0.0,0.0,0.0,0.0,0.0,0.0,0.0,0.0,0.0,0.0,0.0,0.0,0.0,0.0,0.0
2026-03-06,0.0,0.0,0.0,0.0,0.0,0.0,0.0,0.0,0.0,0.0,0.0,0.0,0.0,0.0,0.0,0.0,0.0,0.0,0.0,0.0,0.0,0.0,0.0,0.0,0.0,0.0,0.0,0.0,0.0,0.0,0.0,0.0,0.0,0.0,0.0,0.0,0.0,0.0,0.0,0.0,0.0,0.0,0.0,0.0,0.0,0.0,0.0,0.0,0.4339044501580307,0.0,0.0,0.0,0.0,0.0,0.0,0.0,0.0,0.0,0.0,0.0,0.7102935005095771,-0.4085841694537389,-1.055745597364757,-1.0027218819869623,-1.0027218819869623,0.0,0.0,0.0,0.0,0.0,0.0,0.0,0.0,0.0,0.0,0.0,0.0,0.0,0.0,0.0,0.0,0.0,0.0,0.0,0.0,0.0,0.0,0.0,0.0,0.0,0.0,0.0,0.0,0.0,0.0,0.0,0.0,0.0,0.0,0.0,0.0,0.0,0.0,0.0,0.0,0.0,0.0,0.0
2026-03-09,0.0,0.0,0.0,0.0,0.0,0.0,0.0,0.0,0.0,0.0,0.0,0.0,0.0,0.0,0.0,0.0,0.0,0.0,0.0,0.0,0.0,0.0,0.0,0.0,0.0,0.0,0.0,0.0,0.0,0.0,0.0,0.0,0.0,0.0,0.0,0.0,0.0,0.0,0.0,0.0,0.0,0.0,0.0,0.0,0.0,0.0,0.0,0.0,0.0,0.0,0.0,0.0,0.0,0.0,0.0,0.0,0.0,0.0,0.0,0.0,-1.0015874095743411,0.0,0.0,0.0,0.0,0.0,-1.0019059287999532,0.0,0.0,0.0,0.0,0.0,2.0393293869716596,0.0,0.0,0.0,0.0,0.0,0.0,0.0,0.0,0.0,0.0,0.0,1.5736786731031098,0.0,0.0,0.0,0.0,0.0,0.0,0.0,0.0,0.0,0.0,0.0,0.0,0.0,0.0,0.0,0.0,0.0,0.0,0.0,0.0,0.0,0.0,0.0
2026-03-10,0.0,0.0,0.0,0.0,0.0,0.0,0.0,0.0,0.0,0.0,0.0,0.0,0.0,0.0,0.0,0.0,0.0,0.0,0.0,0.0,0.0,0.0,0.0,0.0,0.0,0.0,0.0,0.0,0.0,0.0,0.0,0.0,0.0,0.0,0.0,0.0,0.0,0.0,0.0,0.0,0.0,0.0,0.0,0.0,0.0,0.0,0.0,0.0,0.0,0.0,0.0,0.0,0.0,0.0,0.0,0.0,0.0,0.0,0.0,0.0,-2.036258408442891,-1.0031129788984463,0.0,0.0,-1.0342570502232828,0.0,-1.002311146328585,0.0,0.0,0.0,0.0,0.0,2.542791680912802,0.0,0.0,2.576521585360334,0.0,0.0,0.0,0.0,0.0,0.0,0.0,0.0,0.0,0.0,0.0,0.0,0.0,0.0,0.0,0.0,0.0,0.0,0.0,0.0,0.0,0.0,0.0,0.0,0.0,0.0,0.0,0.0,0.0,0.0,0.0,0.0
2026-03-11,0.0,0.0,0.0,0.0,0.0,0.0,0.0,0.0,0.0,0.0,0.0,0.0,0.0,0.0,0.0,0.0,0.0,0.0,0.0,0.0,0.0,0.0,0.0,0.0,0.0,0.0,0.0,0.0,0.0,0.0,0.0,0.0,0.0,0.0,0.0,0.0,0.0,0.0,0.0,0.0,0.0,0.0,0.0,0.0,0.0,0.0,0.0,0.0,0.0,0.0,0.0,0.0,0.0,0.0,0.0,0.0,0.0,0.0,0.0,0.0,-2.006245450438546,0.0,0.0,0.0,0.0,0.0,0.0,0.0,0.0,0.0,0.0,0.0,0.0,0.0,0.0,0.0,0.0,0.0,1.3195924038906262,0.0,0.0,0.0,0.0,0.0,0.0,0.0,0.0,1.1378161512833893,0.0,0.0,0.0,0.0,0.0,0.0,0.0,0.0,0.0,0.0,0.0,0.0,0.0,0.0,0.0,0.0,0.0,0.0,0.0,0.0
2026-03-12,0.0,0.0,0.0,0.0,0.0,0.0,0.0,0.0,0.0,0.0,0.0,0.0,0.0,0.0,0.0,0.0,0.0,0.0,0.0,0.0,0.0,0.0,0.0,0.0,0.0,0.0,0.0,0.0,0.0,0.0,0.0,0.0,0.0,0.0,0.0,0.0,0.0,0.0,0.0,0.0,0.0,0.0,0.0,0.0,0.0,0.0,0.0,0.0,0.0,0.0,0.0,0.0,0.0,0.0,0.0,0.0,0.0,0.0,0.0,0.0,-2.0718615719043423,-1.0028048242977905,0.0,0.0,0.0,0.0,0.0,0.0,0.0,0.0,0.0,0.0,-1.0068511585798416,-1.0107663321413396,-1.0108363326754553,0.0,0.0,0.0,0.0,0.0,0.0,0.0,0.0,0.0,-1.0046901172529343,-1.0048898901521026,0.0,0.0,0.0,0.0,0.0,0.0,0.0,0.0,0.0,0.0,-1.0033267985504806,-1.0030344409042673,0.0,0.0,0.0,0.0,0.0,0.0,0.0,0.0,0.0,0.0
2026-03-13,0.0,0.0,0.0,0.0,0.0,0.0,0.0,0.0,0.0,0.0,0.0,0.0,0.0,0.0,0.0,0.0,0.0,0.0,0.0,0.0,0.0,0.0,0.0,0.0,0.0,0.0,0.0,0.0,0.0,0.0,0.0,0.0,0.0,0.0,0.0,0.0,0.0,0.0,0.0,0.0,0.0,0.0,0.0,0.0,0.0,0.0,0.0,0.0,0.7949824057415467,0.0,0.0,0.0,0.0,0.0,0.0,0.0,0.0,0.0,0.0,0.0,2.6653595972592283,0.6901196316378369,0.6901196316378369,0.0,0.0,0.0,0.0,0.0,0.0,2.251128385155477,0.0,0.0,0.0,0.0,0.0,-1.0089579934094706,0.0,0.0,-1.006318687518321,0.0,0.0,0.5931108906410192,0.0,0.0,0.0,0.0,0.0,-1.006598793363497,0.0,0.0,-1.0046004206098964,0.0,0.0,-0.45466661775672285,0.0,0.0,0.0,0.0,0.0,0.0,0.0,0.0,-0.6961442464928158,0.0,0.0,0.0,0.0,0.0
2026-03-16,0.0,0.0,0.0,0.0,0.0,0.0,0.0,0.0,0.0,0.0,0.0,0.0,0.0,0.0,0.0,0.0,0.0,0.0,0.0,0.0,0.0,0.0,0.0,0.0,0.0,0.0,0.0,0.0,0.0,0.0,0.0,0.0,0.0,0.0,0.0,0.0,0.0,0.0,0.0,0.0,0.0,0.0,0.0,0.0,0.0,0.0,0.0,0.0,0.0,0.0,0.0,0.0,0.0,0.0,0.0,0.0,0.0,0.0,0.0,0.0,0.0,0.0,0.0,0.0,-1.002404258973045,-1.002404258973045,-1.002404258973045,0.0,0.0,0.0,0.0,0.0,-1.010455173443853,-1.0056235062561636,-1.0055315197850556,-2.0146846715804134,-1.0087284516350317,-1.0085863232137213,0.0,0.0,0.0,-4.061794224656791,1.2427387718239276,1.7480325375306043,0.0,0.0,0.0,-1.007001750437589,-1.007001750437589,-2.0127593211916635,0.0,0.0,0.0,-1.0068121548305717,-0.5225005672815238,0.0,-1.002404258973045,-1.002404258973045,-1.002404258973045,-1.0024138347212985,-1.0024138347212985,-1.0024256284976807,0.0,0.0,0.0,0.0,0.0,0.0
2026-03-17,0.0,0.0,0.0,0.0,0.0,0.0,0.0,0.0,0.0,0.0,0.0,0.0,0.0,0.0,0.0,0.0,0.0,0.0,0.0,0.0,0.0,0.0,0.0,0.0,0.0,0.0,0.0,0.0,0.0,0.0,0.0,0.0,0.0,0.0,0.0,0.0,0.0,0.0,0.0,0.0,0.0,0.0,0.0,0.0,0.0,0.0,0.0,0.0,2.2273093577304737,0.0,0.0,-2.015549503344639,0.0,0.0,0.0,0.0,0.0,0.0,0.0,0.0,0.0,0.0,-1.0555134998738303,0.0,-1.0555134998738303,-2.0066033725948964,0.0,0.0,0.0,0.0,0.0,0.0,0.0,0.0,0.0,0.0,0.0,0.0,0.0,0.0,0.0,0.0,0.0,0.0,0.0,0.0,0.0,0.0,0.0,0.0,0.0,0.0,0.0,0.0,0.0,0.0,0.0,0.0,0.0,0.0,0.0,0.0,0.0,0.0,0.0,0.0,0.0492946018604437,0.0
2026-03-18,-1.004756565759514,0.0,0.0,-3.017536925347633,0.0,0.0,0.6540752851853945,0.0,0.0,0.0,0.0,0.0,0.0,0.0,0.0,-1.0027364861563102,0.0,0.0,-2.005888608150678,0.0,0.0,0.0,0.0,0.0,0.0,0.0,0.0,0.0,0.0,0.0,0.0,0.0,0.0,0.0,0.0,0.0,0.0,0.0,0.0,0.0,0.0,0.0,0.0,0.0,0.0,0.0,0.0,0.0,0.0,-2.005888608150678,0.0,0.0,0.0,0.0,0.0,0.0,0.0,0.0,0.0,0.0,0.0,0.0,0.0,0.17594364237259544,0.0,0.0,0.0,-1.0058640632803195,0.0,0.0,0.0,0.0,-0.29783539115284696,-1.0044110465207814,0.0,1.105491410870199,1.105491410870199,0.6540752851853945,1.8619215437056105,1.1399071096820144,1.1399071096820144,-3.0190463459148473,-2.0101684487081997,-2.0101684487081997,-3.0116142919027302,-1.0026301452215898,0.0,0.0,0.0,0.0,0.0,0.0,0.0,-1.002645502645502,-1.002645502645502,-1.002645502645502,-1.0034740316136868,-1.0029412073656323,0.0,0.0,0.0,0.0,0.0,0.0,0.0,-0.3508726155273462,0.0,0.0
2026-03-19,3.130449053275081,1.1578154558173552,-1.0037616207211417,12.658540533895247,-1.10710633002587,-1.0037616207211417,39.374026783883764,3.130449053275081,-1.0049068573331423,0.5360527652791431,-1.0025724417984934,0.0,-1.0049338337650469,0.0,-1.0023395330960372,8.553623209510096,2.0508747891091486,-1.0023395330960372,1.4768745868234343,3.7769249336229276,-1.0024594411798353,0.6078348673927694,-1.0021719661229778,0.0,0.0,0.0,0.0,0.0,0.0,0.0,0.0,0.0,-1.0018686910820016,0.0,0.0,0.0,3.130449053275081,-1.0037616207211417,0.0,1.2398379661963825,0.0,0.0,4.376252353857482,0.0,0.0,0.0,0.0,0.0,19.430525574695203,11.41844600730725,0.0,5.236970165935864,6.227718955439402,-1.0024594411798353,4.326716951171085,4.97831999788739,-1.0023395330960372,0.6596391449303866,0.0,0.0,0.0,6.3170838823012305,6.104567761419362,0.0,0.0,0.0,10.545312666264737,0.0,0.0,0.0,0.0,0.0,2.739274125336495,2.739274125336495,2.739274125336495,19.780653843979294,21.804258962018224,20.64183840252139,11.407606456364977,21.802293325244758,11.10088041376402,10.472151443909812,12.310376252212256,23.358700194905833,10.111794421260642,10.111794421260642,10.111794421260642,23.97996929041893,24.683217726783155,24.683217726783155,11.687898596317705,24.683217726783155,24.683217726783155,10.111794421260642,10.111794421260642,10.111794421260642,0.0,0.0,0.0,0.0,0.0,0.0,0.0,0.0,0.0,0.0,0.0,0.0
2026-03-20,-0.2691651789627427,0.0,0.0,0.5085546417962619,0.0,0.0,-0.15713945641386773,-2.0213399826173255,0.0,1.8876659848706332,0.0,0.0,1.5265785582218059,0.3316259592746404,0.0,2.5903991705547043,0.0,0.0,6.8845079216421,0.0,0.0,2.5903991705547043,0.0,0.0,4.743507362784479,-1.0401488636437644,0.0,5.138543540205849,3.88047458620184,0.0,7.921883600521966,4.007069171016405,0.0,0.9740294183436045,0.0,0.0,-1.1676590037277241,0.0,0.0,-2.114545205187362,0.0,0.0,0.0,0.0,0.0,0.0,0.0,0.0,0.0,5.065824097805187,0.3779669557376473,0.0,-1.0027744748315617,0.0,0.0,-1.004844226188113,0.0,3.614371597219964,0.0,0.0,0.0,0.0,0.0,0.0,13.274425717230125,8.249435469862785,0.0,0.0,8.249435469862785,5.586347204707845,5.846699944536892,0.9740294183436045,0.5158037431980835,0.9663766943152176,-2.012289995006357,5.72245170904434,7.2022514762242205,3.135855749663758,-0.45872632684198444,-0.5704177902274596,5.789190517436609,0.0,0.0,0.0,2.5903991705547043,-1.0027744748315617,-1.0027744748315617,6.139969372676705,6.182135172645431,5.066354671884817,6.139969372676705,5.066785915462771,4.062065876042665,0.0,0.0,0.0,3.365264694175389,0.024310370515991497,1.0265732710695932,6.1203584071261545,8.850901083618243,8.850901083618243,6.1203584071261545,9.930271738511864,9.331135659657146,0.0,0.0,0.0
2026-03-23,0.0,3.3177515909711968,-1.0042531314264467,-2.0037817720134887,3.0324682619930607,-1.0042531314264467,0.0,6.443859546509211,1.6741730082310764,-1.1879259380010996,2.487830889070823,-2.0071718716666345,0.0,4.4828558182661205,-2.004760924668748,0.0,-2.0046183656796073,-2.004760924668748,0.0,4.4828558182661205,-1.003165492651535,-2.0027684044901246,5.680746786856106,-1.0035474471050272,0.0,0.0,-1.0011558087327086,0.0,-2.0028085214715583,-1.0009151631842956,0.0,0.0,0.0,0.0,0.0,-1.001287465602741,-1.0025467724556816,-2.007202983933813,0.0,3.1770450510608597,0.0,0.0,-0.1905726499268462,0.0,0.0,-1.0042531314264467,0.0,0.0,0.0,-1.0012015414059805,5.680746786856106,0.0,-1.0012015414059805,-2.0047076348808996,0.0,6.212824869422958,-2.004760924668748,0.0,-2.005927768541196,0.0,0.0,0.0,0.0,0.0,0.0,0.0,0.0,0.0,0.0,0.0,0.0,0.0,4.183129667345548,3.4330734509642977,2.946232739897802,-2.0053527773060598,-1.0025467724556816,-1.0025467724556816,1.7254689319998113,-1.1879259380010996,-2.005562569760235,0.0,0.0,0.0,5.1751500481761905,5.2115881302384,4.135287598555401,-1.0011977328627968,0.0,0.0,-3.003759727529034,-2.002641226320658,-2.002641226320658,0.0,0.0,0.0,0.0,0.0,0.0,0.0,0.0,0.0,0.0,0.0,0.0,0.0,0.0,0.0
2026-03-24,0.0,0.0,0.0,0.0,0.0,0.0,0.0,0.0,0.0,3.461540429698547,0.0,0.0,0.0,0.0,0.0,0.0,0.0,0.0,0.0,0.0,0.0,-1.002777587009442,0.0,0.0,0.0,0.5266445656045418,0.0,0.0,0.0,0.0,0.0,0.5266445656045418,0.0,-1.001299997678576,0.0,0.0,0.0,0.0,0.0,0.0,0.0,0.0,0.0,0.0,0.0,0.0,0.0,0.0,1.93476032559542,0.0,0.0,0.0,0.0,0.0,2.568346094430124,0.0,0.0,-1.002990015484004,0.0,0.0,0.0,0.0,0.0,0.0,0.0,0.0,0.0,0.0,0.0,0.0,0.0,-1.0016880134602582,0.0,0.0,0.0,0.0,0.0,0.0,1.727762805332537,-0.34638217411094807,-2.372089267149803,-0.3222203072816333,-5.029669207683434,-4.018528343363096,0.0,0.0,0.0,0.0,0.0,0.0,-2.0060371328221858,-1.002777587009442,-1.0026637394804252,-0.548491217730552,1.9694606272781792,0.9310560565270953,0.0,0.0,0.5266445656045418,0.0,0.0,0.0,0.0,0.0,0.0,0.0,0.0,-1.001299997678576
2026-03-25,0.0,0.0,0.0,0.0,0.0,0.0,0.0,0.0,0.0,0.0,0.0,0.0,0.0,0.0,0.0,0.0,0.0,0.0,0.0,0.0,0.0,0.0,0.0,0.0,0.0,0.0,0.0,-1.030403349418827,0.0,0.0,0.0,0.0,0.0,0.0,0.0,0.0,0.0,0.0,0.0,0.0,0.0,0.0,0.0,0.0,0.0,0.0,0.0,0.0,0.0,0.0,0.0,0.0,0.0,0.0,0.0,0.0,0.0,0.0,0.0,0.0,-1.0307656962486833,0.0,-1.0182892358883753,0.0,0.0,0.0,0.0,0.0,0.0,0.0,0.0,0.0,0.0,0.0,0.0,0.0,0.0,0.0,0.0,0.0,0.0,0.0,0.0,0.0,0.0,0.0,0.0,0.0,0.0,0.0,0.0,0.0,0.0,0.0,0.0,0.0,0.0,0.0,0.0,-1.030403349418827,-1.030403349418827,0.0,-1.0182892358883753,-1.0304081422792046,-0.596880646695193,0.0,-1.0284229857054557,0.0
2026-03-26,0.0,0.0,0.0,0.0,0.0,0.0,0.0,0.0,0.0,0.0,0.0,0.0,0.0,0.0,0.0,0.0,0.0,0.0,0.0,0.0,0.0,0.0,0.0,0.0,0.0,0.0,0.0,0.0,0.0,0.0,0.0,0.0,0.0,0.0,0.0,0.0,0.0,0.0,0.0,0.0,0.0,0.0,0.0,0.0,0.0,0.0,0.0,0.0,0.0,0.0,0.0,0.0,0.0,0.0,0.0,0.0,0.0,0.0,0.0,0.0,-2.0042516916083803,0.0,0.0,0.0,0.0,0.0,0.0,0.0,0.0,0.0,0.0,0.0,0.0,0.0,0.0,0.0,0.0,0.0,0.0,0.0,0.0,0.0,0.0,0.0,0.0,0.0,0.0,0.0,0.0,0.0,0.0,0.0,0.0,0.0,0.0,0.0,0.0,0.0,0.0,0.0,0.0,0.0,0.0,0.0,0.0,0.0,0.0,0.0
2026-03-27,0.0,0.0,0.0,0.0,0.0,0.0,0.0,0.0,0.0,0.0,0.0,0.0,0.0,0.0,0.0,0.0,0.0,0.0,0.0,0.0,0.0,0.0,0.0,0.0,0.0,0.0,0.0,0.0,0.0,0.0,0.0,0.0,0.0,0.0,0.0,0.0,0.0,0.0,0.0,0.0,0.0,0.0,0.0,0.0,0.0,0.0,0.0,0.0,0.0,0.0,0.0,0.0,0.0,0.0,0.0,0.0,0.0,0.0,0.0,0.0,0.0,0.0,0.0,2.6187503825306298,0.0,0.0,0.0,2.5904964350560054,0.0,0.0,2.794233910100138,0.0,0.0,0.0,0.0,0.0,0.0,0.0,0.0,0.0,0.0,0.0,0.0,0.0,0.0,0.0,0.0,0.0,0.0,0.0,0.0,0.0,0.0,0.0,0.0,0.0,0.0,0.0,0.0,0.0,0.0,0.0,0.0,0.0,0.0,0.0,0.0,0.0
2026-03-30,0.0,0.0,0.0,0.0,0.0,0.0,0.0,0.0,0.0,0.0,0.0,0.0,0.0,0.0,0.0,0.0,0.0,0.0,0.0,0.0,0.0,0.0,0.0,0.0,0.0,0.0,0.0,0.0,0.0,0.0,0.0,0.0,0.0,0.0,0.0,0.0,0.0,0.0,0.0,0.0,0.0,0.0,0.0,0.0,0.0,0.0,0.0,0.0,0.0,0.0,0.0,0.0,0.0,0.0,0.0,0.0,0.0,0.0,0.0,0.0,0.0,0.0,0.0,0.0,0.0,0.0,0.0,0.0,0.0,0.0,0.0,0.0,0.0,0.0,0.0,0.0,0.0,0.0,0.0,0.0,0.0,0.0,0.0,0.0,0.0,0.0,0.0,0.0,0.0,0.0,0.0,0.0,0.0,0.0,0.0,0.0,0.0,0.0,0.0,0.0,0.0,0.0,0.0,0.0,0.0,0.0,0.0,0.0
2026-03-31,0.0,0.0,0.0,0.0,0.0,0.0,0.0,0.0,0.0,0.0,0.0,0.0,0.0,0.0,0.0,0.0,0.0,0.0,0.0,0.0,0.0,0.0,0.0,0.0,0.0,0.0,0.0,0.0,0.0,0.0,0.0,0.0,0.0,0.0,0.0,0.0,0.0,0.0,0.0,0.0,0.0,0.0,0.0,0.0,0.0,0.0,0.0,0.0,0.0,0.0,0.0,0.0,0.0,0.0,0.0,0.0,0.0,0.0,0.0,0.0,0.0,0.0,0.0,-2.0475569049701674,0.0,0.0,0.0,0.0,0.0,0.0,0.0,0.0,0.0,0.0,0.0,0.0,0.0,0.0,2.2374460913101735,0.0,0.0,0.0,0.0,0.0,0.0,0.0,0.0,0.0,0.0,0.0,0.8233391103408517,0.0,0.0,0.0,0.0,0.0,0.0,0.0,0.0,0.0,0.0,0.0,0.0,0.0,0.0,0.0,0.0,0.0
2026-04-01,0.0,0.0,0.0,0.0,0.0,0.0,0.0,0.0,0.0,0.0,0.0,0.0,0.0,0.0,0.0,0.0,0.0,0.0,0.0,0.0,0.0,0.0,0.0,0.0,0.0,0.0,0.0,0.0,0.0,0.0,0.0,0.0,0.0,0.0,0.0,0.0,0.0,0.0,0.0,0.0,0.0,0.0,0.0,0.0,0.0,0.0,0.0,0.0,0.7507200641170039,-2.010229237490363,0.0,0.0,0.0,0.0,0.0,0.0,0.0,0.0,0.0,0.0,0.0,0.0,0.0,0.0,0.0,-1.0023066910516902,5.5496293901710505,0.0,0.0,0.0,0.0,0.0,-5.040997337415961,-4.034063621985479,-2.014032297537055,3.3149130668961027,2.3039365488044234,-3.6538128058004053,0.1800661351510103,-1.0057368820046233,-1.0057368820046233,-3.2201602939546126,0.0,0.0,2.335840578294421,-1.003523608174778,0.0,-0.09988965234451308,-0.09988965234451308,-0.09988965234451308,-1.0035590807402948,-1.0035590807402948,0.0,-1.004810252710045,0.0,0.0,0.0,0.0,0.0,0.0,0.0,0.0,0.0,0.0,0.0,-1.0504281480753808,0.0,0.0
2026-04-02,-1.010159283044892,0.0,0.0,0.0,0.0,0.0,0.0,0.0,0.0,0.0,0.0,0.0,-1.0075156921043769,0.0,0.0,0.0,0.0,0.0,0.0,0.0,0.0,0.0,0.0,0.0,-1.0026478224239526,0.0,0.0,0.0,0.0,0.0,0.0,0.0,0.0,0.0,0.0,0.0,0.0,0.0,0.0,0.0,0.0,0.0,0.0,0.0,0.0,0.0,0.0,0.0,-1.0024827977583939,-1.0059474500307954,0.0,-0.833784383956925,0.0,0.0,0.0,0.0,0.0,0.0,0.0,0.0,2.436268377868918,-1.0983997777014969,-1.0973897287809278,-0.6545208741008575,-1.0502910512952328,-1.0489081053983735,-1.0031556133506665,-1.09856410760188,0.0,0.0,0.0,0.0,-1.0120218579235287,-1.0129284318948546,-1.0098018623538756,2.3812847356856133,-2.201300219928926,-1.0118353199763328,-1.0118353199763328,-1.0118353199763328,-1.0109559024924852,-1.1981217033320373,0.0,0.0,-1.1260719182988734,-1.1260719182988734,-1.005916909682606,-1.1289053508276468,-1.125104084160914,-1.0070963465512552,-1.0070963465512552,-1.0070963465512552,0.0,-1.1260719182988734,0.0,0.0,-1.0489081053983735,-1.0489081053983735,0.0,-1.050382366171849,-1.050382366171849,-1.050382366171849,-1.0031818459951636,0.0,0.0,0.0,0.0,0.0
2026-04-15,0.0,0.0,0.0,0.0,0.0,0.0,0.0,0.0,0.0,0.0,0.0,0.0,0.0,0.0,0.0,0.0,0.0,0.0,0.0,0.0,0.0,0.0,0.0,0.0,0.0,0.0,0.0,0.0,0.0,0.0,0.0,0.0,0.0,0.0,0.0,0.0,0.0,0.0,0.0,0.0,0.0,0.0,0.0,0.0,0.0,0.0,0.0,0.0,-3.0249334352521755,0.0,0.0,-2.6196692847193237,0.0,0.0,-3.020729729946174,0.0,0.0,0.0,0.0,0.0,0.0,0.0,0.0,0.0,0.0,0.0,-1.0024991932549328,0.0,0.0,0.0,0.0,0.0,0.0,0.0,0.0,0.0,0.0,0.0,0.0,0.0,0.0,1.86315349226263,0.0,0.0,0.0,0.0,0.0,0.0,0.0,0.0,0.0,0.0,0.0,0.14305272648343445,0.0,0.0,0.0,0.0,0.0,0.0,0.0,0.0,0.0,0.0,0.0,0.0,0.0,0.0
2026-04-16,0.0,0.0,0.0,0.0,0.0,0.0,0.0,0.0,0.0,0.0,0.0,0.0,0.0,0.0,0.0,0.0,0.0,0.0,0.0,0.0,0.0,0.0,0.0,0.0,0.0,0.0,0.0,0.0,0.0,0.0,0.0,0.0,0.0,0.0,0.0,0.0,0.0,0.0,0.0,0.0,0.0,0.0,0.0,0.0,0.0,0.0,0.0,0.0,0.0,0.0,0.0,-1.0103025671506662,0.0,0.0,0.8875881472535856,0.0,0.0,0.0,0.0,0.0,-1.0059008527056514,-1.0341028876035718,-1.0341028876035718,0.0,-1.0341028876035718,-1.0341028876035718,0.0,-2.0393483734594873,0.0,-1.0341028876035718,-0.5581333949374654,0.0,0.0,0.0,0.0,0.0,0.0,0.0,0.0,0.0,0.0,0.0,0.0,0.0,0.0,0.0,0.0,0.0,0.0,0.0,0.0,0.0,0.0,0.0,0.0,0.0,0.0,0.0,0.0,0.0,0.0,0.0,0.0,0.0,0.0,0.0,0.0,0.0
2026-04-17,0.0,0.0,0.0,0.0,0.0,0.0,0.0,0.0,0.0,0.0,0.0,0.0,0.0,0.0,0.0,0.0,0.0,0.0,0.0,0.0,0.0,0.0,0.0,0.0,0.0,0.0,0.0,0.0,0.0,0.0,0.0,0.0,0.0,0.0,0.0,0.0,-1.6437894459939573,0.0,0.0,0.0,0.0,0.0,0.0,0.0,0.0,0.0,0.0,0.0,5.763859446264623,-1.0092275711714451,0.0,0.0,0.0,0.0,-2.1592372131592694,0.0,0.0,0.0,0.0,0.0,1.83999447780771,2.17428952042633,2.17428952042633,-0.5315854469459398,1.673818877808015,0.0,0.0,-0.5315854469459398,-2.103294024312356,-1.0041299340799004,0.0,0.0,0.0,0.0,0.0,0.0,0.0,0.0,0.0,0.0,0.0,0.0,0.0,0.0,0.0,0.0,0.0,0.0,0.0,0.0,0.0,0.0,0.0,0.0,0.0,0.0,0.0,0.0,0.0,0.0,0.0,0.0,0.0,0.0,0.0,0.0,0.0,0.0
2026-04-20,0.0,0.0,0.0,0.0,0.0,0.0,0.0,0.0,0.0,0.0,0.0,0.0,0.0,0.0,0.0,0.0,0.0,0.0,0.0,0.0,0.0,0.0,0.0,0.0,0.0,0.0,0.0,0.0,0.0,0.0,0.0,0.0,0.0,0.0,0.0,0.0,0.0,0.0,0.0,0.0,0.0,0.0,0.0,0.0,0.0,0.0,0.0,0.0,0.0,0.0,0.0,0.0,0.0,0.0,0.0,0.0,0.0,0.0,0.0,0.0,0.0,0.0,0.0,0.0,0.0,0.0,0.0,0.0,0.0,0.0,0.0,0.0,4.51952770208899,0.0,0.0,0.0,0.0,0.0,0.0,0.0,0.0,0.0,0.0,0.0,1.8567553261875978,0.0,0.0,0.0,0.0,0.0,0.0,0.0,0.0,0.0,0.0,0.0,0.0,0.0,0.0,0.0,0.0,0.0,0.0,0.0,0.0,0.0,0.0,0.0
2026-04-21,0.0,0.0,0.0,0.0,0.0,0.0,0.0,0.0,0.0,0.0,0.0,0.0,0.0,0.0,0.0,0.0,0.0,0.0,0.0,0.0,0.0,0.0,0.0,0.0,0.0,0.0,0.0,0.0,0.0,0.0,0.0,0.0,0.0,0.0,0.0,0.0,0.0,0.0,0.0,0.0,0.0,0.0,0.0,0.0,0.0,0.0,0.0,0.0,0.0,0.0,0.0,-1.13900576593422,0.0,0.0,0.0,0.0,0.0,0.0,0.0,0.0,0.0,-1.0472504105276774,0.0,-1.0793947485536366,-1.086939571150112,0.0,0.0,0.0,0.0,-1.0472504105276774,-1.0889991162804067,0.0,0.0,0.0,0.0,-2.0176562723226863,-1.009384587619575,0.0,0.0,0.0,0.0,0.0,0.0,0.0,-1.0057232704402344,0.0,0.0,-1.0061926878647258,0.0,0.0,0.0,0.0,0.0,0.0,0.0,0.0,0.0,0.0,0.0,-1.0043177585613723,0.0,0.0,0.0,0.0,0.0,0.0,0.0,0.0
2026-04-22,0.0,0.0,0.0,0.0,0.0,0.0,0.0,0.0,0.0,0.0,0.0,0.0,0.0,0.0,0.0,0.0,0.0,0.0,0.0,0.0,0.0,0.0,0.0,0.0,0.0,0.0,0.0,0.0,0.0,0.0,0.0,0.0,0.0,0.0,0.0,0.0,0.0,0.0,0.0,0.0,0.0,0.0,0.0,0.0,0.0,0.0,0.0,0.0,0.0,0.0,0.0,0.0,0.0,0.0,0.0,0.0,0.0,0.0,0.0,0.0,-1.0645114630794883,-1.0549178958107939,0.0,-2.0705515533489613,0.0,0.0,0.0,0.0,0.0,0.0,0.0,0.0,0.0,0.0,0.0,0.0,0.0,0.0,1.4885386261918685,0.0,0.0,0.0,0.0,0.0,0.0,0.0,0.0,0.0,0.0,0.0,0.0,0.0,0.0,0.0,0.0,0.0,0.0,0.0,0.0,0.0,0.0,0.0,0.0,0.0,0.0,0.0,0.0,0.0
2026-04-23,0.0,0.0,0.0,0.0,0.0,0.0,0.0,0.0,0.0,0.0,0.0,0.0,0.0,0.0,0.0,0.0,0.0,0.0,0.0,0.0,0.0,0.0,0.0,0.0,0.0,0.0,0.0,0.0,0.0,0.0,0.0,0.0,0.0,0.0,0.0,0.0,0.0,0.0,0.0,0.0,0.0,0.0,0.0,0.0,0.0,0.0,0.0,0.0,0.4613599443026162,0.0,0.0,0.0,0.0,0.0,0.0,0.0,0.0,0.0,0.0,0.0,0.0,0.0,0.0,0.0,0.0,0.0,-1.0493499308437069,0.0,0.0,0.0,0.0,0.0,0.0,0.0,0.0,0.0,0.0,0.0,0.0,0.0,0.0,0.0,0.0,0.0,0.0,0.0,0.0,0.0,0.0,0.0,-1.1447380621233467,0.0,0.0,0.0,0.0,0.0,0.0,0.0,0.0,0.0,0.0,0.0,-1.1036107792380117,0.0,0.0,0.0,0.0,0.0
2026-04-24,0.0,0.0,0.0,0.0,0.0,0.0,0.0,0.0,0.0,0.0,0.0,0.0,0.0,0.0,0.0,0.0,0.0,0.0,0.0,0.0,0.0,0.0,0.0,0.0,0.0,0.0,0.0,0.0,0.0,0.0,0.0,0.0,0.0,0.0,0.0,0.0,0.0,0.0,0.0,0.0,0.0,0.0,0.0,0.0,0.0,0.0,0.0,0.0,-1.0115478569841923,0.0,0.0,-1.008528984488525,0.0,0.0,0.0,0.0,0.0,0.0,0.0,0.0,2.7140225691649817,0.8628985262864017,1.8679448302846438,-1.0652067211796448,-1.003812636165585,0.0,-1.0652067211796448,0.0,0.0,0.0,0.0,0.0,0.0,0.0,0.0,0.0,0.0,0.0,0.0,0.0,0.0,0.0,0.0,0.0,0.0,0.0,0.0,0.0,0.0,0.0,0.0,0.0,0.0,0.0,0.0,0.0,0.0,0.0,0.0,0.0,0.0,0.0,0.0,0.0,0.0,0.0,0.0,0.0
2026-04-27,0.0,0.0,0.0,0.0,0.0,0.0,0.0,0.0,0.0,0.0,0.0,0.0,0.0,0.0,0.0,0.0,0.0,0.0,0.0,0.0,0.0,0.0,0.0,0.0,0.0,0.0,0.0,0.0,0.0,0.0,0.0,0.0,0.0,0.0,0.0,0.0,0.0,0.0,0.0,0.0,0.0,0.0,0.0,0.0,0.0,0.0,0.0,0.0,0.0,0.0,0.0,0.0,0.0,0.0,0.0,0.0,0.0,0.0,0.0,0.0,0.0,0.0,0.0,0.0,0.0,0.0,0.0,0.0,0.0,0.0,0.0,0.0,0.0,0.0,0.0,0.0,0.0,0.0,0.0,0.0,0.0,0.0,0.0,0.0,0.0,0.0,0.0,0.0,0.0,0.0,0.0,0.0,0.0,0.0,0.0,0.0,0.0,0.0,0.0,0.0,0.0,0.0,0.0,0.0,0.0,0.0,0.0,0.0
2026-04-28,0.0,0.0,0.0,0.0,0.0,0.0,0.0,0.0,0.0,0.0,0.0,0.0,0.0,0.0,0.0,0.0,0.0,0.0,0.0,0.0,0.0,0.0,0.0,0.0,0.0,0.0,0.0,0.0,0.0,0.0,0.0,0.0,0.0,0.0,0.0,0.0,0.0,0.0,0.0,0.0,0.0,0.0,0.0,0.0,0.0,0.0,0.0,0.0,-2.013070933735624,0.0,0.0,-1.0081344417627502,0.0,0.0,-2.0136139763033793,0.0,0.0,0.0,0.0,0.0,-1.1108271210507645,0.0,-1.0044578342763513,0.0,0.0,-1.0044578342763513,0.0,0.0,-1.0044578342763513,0.0,0.0,0.0,-5.084541760071931,-2.024847728201151,-2.024847728201151,-1.0081998603320617,-1.0081998603320617,-1.0083321888019212,0.0,0.0,0.0,0.0,0.0,0.0,-3.0290081532215183,-2.0160838526959823,-1.0047145373536503,-1.0113693153423318,0.0,0.0,0.0,0.0,0.0,0.0,0.0,0.0,-1.006631686343082,0.0,0.0,0.0,0.0,0.0,0.0,0.0,0.0,-1.0044578342763513,-1.0044578342763513,-1.0044578342763513
2026-04-29,-1.0143436970485442,0.0,0.0,0.0,0.0,0.0,0.0,0.0,0.0,0.0,0.0,0.0,0.0,0.0,0.0,0.0,0.0,0.0,0.0,0.0,0.0,0.0,0.0,0.0,0.0,0.0,0.0,0.0,0.0,0.0,0.0,0.0,0.0,0.0,0.0,0.0,-2.024237958920282,0.0,0.0,0.0,0.0,0.0,0.0,0.0,0.0,0.0,0.0,0.0,-1.5539309281392577,-2.015094685004028,0.0,-2.1015422413364115,0.0,0.0,-1.006652776254721,0.0,0.0,0.0,0.0,0.0,7.055433229033785,0.0,0.0,4.661374461329096,0.0,0.0,4.661374461329096,0.0,0.0,0.0,0.0,0.0,-5.0328514173877394,-5.067424873060262,-3.046866140942494,-2.03052600691618,-2.03052600691618,-2.0284269021699064,-4.050629167075529,-2.024948025312587,-1.0150537634408492,-4.0479892908183706,-3.033645593769826,-1.0118605408927663,-3.0256994745071406,-2.018860733981972,-1.009336924458134,-2.0163249313887537,-1.007278980942646,-1.007278980942646,-1.0090459504461076,0.0,0.0,-1.0082674661578932,-1.0082674661578932,-1.0082674661578932,0.0,0.0,0.0,0.0,0.0,0.0,0.0,0.0,0.0,0.0,0.0,0.0
2026-04-30,0.0,0.0,0.0,0.0,0.0,0.0,0.0,0.0,0.0,0.0,0.0,0.0,0.0,0.0,0.0,0.0,0.0,0.0,0.0,0.0,0.0,0.0,0.0,0.0,0.0,0.0,0.0,0.0,0.0,0.0,0.0,0.0,0.0,0.0,0.0,0.0,0.0,0.0,0.0,0.0,0.0,0.0,0.0,0.0,0.0,0.0,0.0,0.0,-1.0112356082353613,-2.114821356460534,0.0,-1.1212535612535566,0.0,0.0,0.0,0.0,0.0,0.0,0.0,0.0,0.0,2.867778681855149,-0.649146785950946,0.0,1.9173160173160406,-0.649146785950946,0.0,3.3714473108875653,-0.649146785950946,2.7275608496697417,-1.0046390110240362,0.0,0.0,0.0,0.0,0.0,0.0,0.0,0.0,0.0,0.0,0.0,0.0,0.0,0.0,0.0,0.0,0.0,0.0,0.0,0.0,0.0,0.0,0.0,0.0,0.0,-1.120878573066533,-1.120878573066533,-1.120878573066533,-1.0814803215366982,-1.0814803215366982,-1.0814803215366982,0.0,0.0,0.0,0.0,0.0,0.0
2026-05-01,0.0,0.0,0.0,0.0,0.0,0.0,0.0,0.0,0.0,0.0,0.0,0.0,0.0,0.0,0.0,0.0,0.0,0.0,0.0,0.0,0.0,0.0,0.0,0.0,0.0,0.0,0.0,0.0,0.0,0.0,0.0,0.0,0.0,0.0,0.0,0.0,0.0,0.0,0.0,0.0,0.0,0.0,0.0,0.0,0.0,0.0,0.0,0.0,0.0,0.0,0.0,0.0,0.0,0.0,0.0,0.0,0.0,0.0,0.0,0.0,0.4070694615700668,0.0,0.0,-1.0055726511428527,-1.006104514657528,0.0,-1.068426647379217,0.0,0.0,-1.0705154266612582,0.0,0.0,0.0,0.0,0.0,0.0,0.0,0.0,0.0,0.0,0.0,0.0,0.0,0.0,0.0,0.0,0.0,0.0,0.0,0.0,0.0,0.0,0.0,0.0,0.0,0.0,0.0,0.0,0.0,0.0,0.0,0.0,0.0,0.0,0.0,0.0,0.0,0.0
2026-05-04,0.0,0.0,0.0,0.0,0.0,0.0,0.0,0.0,0.0,0.0,0.0,0.0,0.0,0.0,0.0,0.0,0.0,0.0,0.0,0.0,0.0,0.0,0.0,0.0,0.0,0.0,0.0,0.0,0.0,0.0,0.0,0.0,0.0,0.0,0.0,0.0,0.0,0.0,0.0,0.0,0.0,0.0,0.0,0.0,0.0,0.0,0.0,0.0,0.0,0.0,0.0,0.0,0.0,0.0,0.0,0.0,0.0,0.0,0.0,0.0,0.0,0.0,0.0,0.0,0.0,0.0,0.0,0.0,0.0,0.0,0.0,0.0,-1.4746161652721188,0.0,0.0,0.0,0.0,0.0,0.0,0.0,0.0,0.0,0.0,0.0,0.0,0.0,0.0,0.0,0.0,0.0,0.0,0.0,0.0,0.0,0.0,0.0,0.0,0.0,0.0,0.0,0.0,0.0,0.0,0.0,0.0,0.0,0.0,0.0
2026-05-05,0.0,0.0,0.0,0.0,0.0,0.0,0.0,0.0,0.0,0.0,0.0,0.0,0.0,0.0,0.0,0.0,0.0,0.0,0.0,0.0,0.0,0.0,0.0,0.0,0.0,0.0,0.0,0.0,0.0,0.0,0.0,0.0,0.0,0.0,0.0,0.0,0.0,0.0,0.0,0.0,0.0,0.0,0.0,0.0,0.0,0.0,0.0,0.0,0.0,0.0,0.0,0.0,0.0,0.0,0.0,0.0,0.0,0.0,0.0,0.0,-1.006605331446094,0.0,0.0,0.0,0.0,0.0,0.0,-1.0648673357019751,0.0,0.0,0.0,0.0,0.0,0.0,0.0,0.0,0.0,0.0,0.0,0.0,0.0,0.0,0.0,0.0,0.6206225398346928,0.0,0.0,0.0,0.0,0.0,0.0,0.0,0.0,0.0,0.0,0.0,0.0,0.0,0.0,0.0,0.0,0.0,0.0,0.0,0.0,0.0,0.0,0.0
2026-05-06,0.0,0.0,0.0,0.0,0.0,0.0,0.0,0.0,0.0,0.0,0.0,0.0,0.0,0.0,0.0,0.0,0.0,0.0,0.0,0.0,0.0,0.0,0.0,0.0,0.0,0.0,0.0,0.0,0.0,0.0,0.0,0.0,0.0,0.0,0.0,0.0,0.0,0.0,0.0,0.0,0.0,0.0,0.0,0.0,0.0,0.0,0.0,0.0,-1.007735135364886,0.0,0.0,0.0,0.0,0.0,0.0,0.0,0.0,0.0,0.0,0.0,-1.0911186994717414,-1.0046904798721623,-1.0046904798721623,-1.166597960810192,-1.0042226398459433,0.0,-2.1708206006561355,0.0,0.0,0.9831705073706678,0.0,0.0,-1.0101619207147023,-1.0101619207147023,-1.0100474770895693,-1.0134114439408812,-1.0134114439408812,-1.0134114439408812,0.0,0.0,0.0,0.0,0.0,0.0,-1.0057854917668059,-1.0057854917668059,-1.0057854917668059,-1.007603768461082,-1.007603768461082,0.0,0.0,0.0,0.0,0.0,0.0,0.0,0.0,0.0,0.0,-1.0044948260107116,0.0,0.0,0.0,0.0,0.0,0.0,0.0,0.0
2026-05-07,-1.0124905634479666,0.0,0.0,0.0,0.0,0.0,0.0,0.0,0.0,0.0,0.0,0.0,0.0,0.0,0.0,0.0,0.0,0.0,0.0,0.0,0.0,0.0,0.0,0.0,0.0,0.0,0.0,0.0,0.0,0.0,0.0,0.0,0.0,0.0,0.0,0.0,0.0,0.0,0.0,0.0,0.0,0.0,0.0,0.0,0.0,0.0,0.0,0.0,-1.0106835725397154,-3.022615871415547,0.0,0.0,0.0,0.0,0.0,0.0,0.0,0.0,0.0,0.0,0.0,0.0,-1.0053039575683513,2.238013310393569,0.0,0.0,0.0,0.0,0.0,0.0,0.0,0.0,2.415297222864032,3.4581586222548832,6.873472050757842,-1.384473561835334,-0.8305692198962753,-0.46960051968582484,-2.025200684577256,-2.026021399397081,-1.0125008585754578,0.0,0.0,0.0,5.061696206581599,3.2795284102475533,0.8231190832087856,-1.0073273345813922,-1.0074639107611492,-1.0099912165129883,-1.0070281124497904,-1.0070281124497904,0.0,0.0,0.0,0.0,0.0,0.0,0.0,0.0,0.0,0.0,-1.00515719527917,-1.00515719527917,0.0,0.0,0.0,0.0
2026-05-08,0.0,0.0,0.0,0.0,0.0,0.0,0.0,0.0,0.0,0.0,0.0,0.0,0.0,0.0,0.0,0.0,0.0,0.0,0.0,0.0,0.0,0.0,0.0,0.0,-1.0646758439244695,0.0,0.0,0.0,0.0,0.0,0.0,0.0,0.0,0.0,0.0,0.0,0.0,0.0,0.0,0.0,0.0,0.0,0.0,0.0,0.0,0.0,0.0,0.0,-1.0063896641915462,0.0,0.0,0.0,0.0,0.0,0.0,0.0,0.0,0.0,0.0,0.0,1.1348201375805056,-1.077155001977067,0.0,-0.11091645254223013,0.12912033818571222,0.0,0.39557284780719404,-1.1053253040500512,0.0,0.0,0.0,0.0,0.0,0.0,0.0,0.0,0.0,0.0,0.0,0.0,0.0,0.0,0.0,0.0,0.0,0.0,0.0,0.0,0.0,0.0,0.0,0.0,0.0,0.0,0.0,0.0,0.0,0.0,0.0,-1.077155001977067,-1.077155001977067,-1.077155001977067,0.0,0.0,0.0,0.0,0.0,0.0
2026-05-11,0.0,0.0,0.0,0.0,0.0,0.0,0.0,0.0,0.0,0.0,0.0,0.0,0.0,0.0,0.0,0.0,0.0,0.0,0.0,0.0,0.0,0.0,0.0,0.0,0.0,0.0,0.0,0.0,0.0,0.0,0.0,0.0,0.0,0.0,0.0,0.0,0.0,0.0,0.0,0.0,0.0,0.0,0.0,0.0,0.0,0.0,0.0,0.0,-1.0110323089046191,0.0,0.0,0.0,0.0,0.0,0.0,0.0,0.0,0.0,0.0,0.0,0.0,0.0,0.0,0.0,-1.0045784435807443,0.0,-1.0043463724506745,0.0,0.0,0.0,0.0,0.0,6.640248289067909,1.6409278678105612,0.0,0.0,0.0,0.0,0.0,0.0,0.0,0.0,0.0,0.0,4.6152109976593945,5.372798151891506,0.0,0.0,0.0,0.0,0.0,0.0,0.0,0.0,0.0,0.0,0.0,0.0,0.0,0.0,0.0,0.0,0.0,0.0,0.0,0.0,0.0,0.0
2026-05-12,0.0,0.0,0.0,0.0,0.0,0.0,0.0,0.0,0.0,0.0,0.0,0.0,0.0,0.0,0.0,0.0,0.0,0.0,0.0,0.0,0.0,0.0,0.0,0.0,0.0,0.0,0.0,0.0,0.0,0.0,0.0,0.0,0.0,0.0,0.0,0.0,0.0,0.0,0.0,0.0,0.0,0.0,0.0,0.0,0.0,0.0,0.0,0.0,0.0,0.0,0.0,0.0,0.0,0.0,0.0,0.0,0.0,0.0,0.0,0.0,-1.004397409877259,0.0,0.0,0.0,-1.078880214255034,0.0,-1.0750035246017282,-2.0094980939559477,0.0,0.0,0.0,0.0,3.9474665585731095,0.0,0.0,-1.0114228331137005,3.9474665585731095,0.0,0.0,0.0,0.0,0.0,0.0,0.0,0.0,0.0,0.0,0.0,0.0,0.0,0.0,0.0,0.0,0.0,0.0,0.0,0.0,0.0,0.0,0.0,0.0,0.0,0.0,0.0,0.0,0.0,0.0,0.0
2026-05-13,0.0,0.0,0.0,0.0,0.0,0.0,0.0,0.0,0.0,0.0,0.0,0.0,0.0,0.0,0.0,0.0,0.0,0.0,0.0,0.0,0.0,0.0,0.0,0.0,0.0,0.0,0.0,0.0,0.0,0.0,0.0,0.0,0.0,0.0,0.0,0.0,0.0,0.0,0.0,0.0,0.0,0.0,0.0,0.0,0.0,0.0,0.0,0.0,0.0,0.0,0.0,0.0,0.0,0.0,0.0,0.0,0.0,0.0,0.0,0.0,-1.0053338022390312,0.0,0.0,0.0,0.0,0.0,-1.00625881220124,0.0,0.0,0.0,0.0,0.0,0.0,0.0,0.0,0.0,0.0,0.0,0.0,0.0,0.0,0.0,0.0,0.0,0.0,0.0,0.0,1.663738843863615,0.0,0.0,0.0,0.0,0.0,0.0,0.0,0.0,2.2391096979332095,2.2391096979332095,0.0,0.0,0.0,0.0,0.0,0.0,0.0,0.0,0.0,0.0
2026-05-14,0.0,0.0,0.0,0.0,0.0,0.0,0.0,0.0,0.0,0.0,0.0,0.0,0.0,0.0,0.0,0.0,0.0,0.0,0.0,0.0,0.0,0.0,0.0,0.0,0.0,0.0,0.0,0.0,0.0,0.0,0.0,0.0,0.0,0.0,0.0,0.0,0.0,0.0,0.0,0.0,0.0,0.0,0.0,0.0,0.0,0.0,0.0,0.0,0.0,0.0,0.0,0.0,0.0,0.0,0.0,0.0,0.0,0.0,0.0,0.0,0.0,0.0,0.0,0.0,0.0,0.0,0.0,0.0,0.0,0.0,0.0,0.0,0.0,0.0,0.0,0.0,0.0,0.0,-1.0260427845746063,0.0,0.0,0.0,0.0,0.0,0.0,0.0,0.0,0.0,0.0,0.0,-1.0144221244898624,0.0,0.0,0.0,0.0,0.0,0.0,0.0,0.0,0.0,0.0,0.0,0.0,0.0,0.0,0.0,0.0,0.0
2026-05-15,0.0,0.0,0.0,0.0,0.0,0.0,0.0,0.0,0.0,0.0,0.0,0.0,0.0,0.0,0.0,0.0,0.0,0.0,0.0,0.0,0.0,0.0,0.0,0.0,0.0,0.0,0.0,0.0,0.0,0.0,0.0,0.0,0.0,0.0,0.0,0.0,0.0,0.0,0.0,0.0,0.0,0.0,0.0,0.0,0.0,0.0,0.0,0.0,6.581368931713547,0.0,0.0,0.0,0.0,0.0,0.0,0.0,0.0,0.0,0.0,0.0,4.225494998312805,4.313976577379762,3.176499764402472,4.922311747737044,-0.8047417219987452,0.0,2.671136745974522,-1.0043958167282496,0.0,0.0,0.0,0.0,-2.309836817264049,0.09293271076133713,0.13221386408664237,-3.469401902461702,-1.1359730361286768,-0.1258728668675885,-8.103552237926623,-7.087135776343816,-4.045861664916524,-1.0125176244024898,0.09900255474807862,0.0,-1.011844331641298,-1.0097082199818714,-1.0076353491494197,-1.7217358383081,0.5487566953992539,0.5487566953992539,-2.2692308314425,-2.2683089568805794,-0.25096538774928817,-1.0061553030302983,0.9250657160347301,0.0,-1.004513553059055,-1.004513553059055,0.0,-1.004513553059055,0.0,0.0,-1.9872236297680015,0.024097882119109505,0.024097882119109505,-1.0039243590572984,-0.03055710825413218,0.0
2026-05-18,-1.009009677978277,0.0,0.0,0.0,0.0,0.0,0.0,0.0,0.0,0.0,0.0,0.0,-1.0063551924017262,0.0,0.0,0.0,0.0,0.0,0.0,0.0,0.0,0.0,0.0,0.0,0.0,0.0,0.0,0.0,0.0,0.0,0.0,0.0,0.0,0.0,0.0,0.0,-1.008052384744711,0.0,0.0,0.0,0.0,0.0,0.0,0.0,0.0,0.0,0.0,0.0,-1.0063135255142763,-1.0074469608625363,0.0,-2.016791747217406,0.0,0.0,0.0,0.0,0.0,0.0,0.0,0.0,0.0,0.0,0.0,0.0,-1.0050001488139464,-1.0035714636132609,0.0,-1.0050001488139464,0.0,0.0,0.0,0.0,4.170509671781426,-0.32636329569097533,-2.0289467536450125,-0.32636329569097533,-0.31794985472636117,0.7803754462743651,-1.0135978183720247,0.0,0.0,4.409596676933692,0.0,0.0,0.0,-1.0091276110233638,-2.0189776949114484,-0.2794581932987687,-1.0091276110233638,-2.0189776949114484,-1.0091056910568834,0.0,0.0,0.17312134298710835,0.0,0.0,0.0,-1.0035188461278086,0.0,-1.0035188461278086,0.0,0.0,0.0,0.0,0.0,0.0,0.0,0.0
2026-05-19,0.0,0.0,0.0,0.0,0.0,0.0,0.0,0.0,0.0,0.0,0.0,0.0,0.0,0.0,0.0,0.0,0.0,0.0,0.0,0.0,0.0,0.0,0.0,0.0,0.0,0.0,0.0,0.0,0.0,0.0,0.0,0.0,0.0,0.0,0.0,0.0,0.0,0.0,0.0,0.0,0.0,0.0,0.0,0.0,0.0,0.0,0.0,0.0,0.49220508522892015,0.0,0.0,-1.0058891100001544,0.0,0.0,-1.0058891100001544,0.0,0.0,0.0,0.0,0.0,0.0,0.0,-1.0672678107796592,0.0,0.0,0.0,-1.061309453674254,0.0,0.0,0.0,0.0,0.0,0.0,0.0,0.0,0.0,0.0,0.0,0.0,0.0,0.0,0.0,0.0,0.0,0.0,0.0,0.0,0.0,0.0,0.0,0.0,0.0,0.0,0.8772340872908708,0.0,0.0,0.0,0.0,0.0,0.0,0.0,0.0,0.0,0.0,0.0,-1.054433866861952,0.0,0.0
2026-05-20,0.0,0.0,0.0,0.0,0.0,0.0,0.0,0.0,0.0,0.0,0.0,0.0,0.0,0.0,0.0,0.0,0.0,0.0,0.0,0.0,0.0,0.0,0.0,0.0,0.0,0.0,0.0,0.0,0.0,0.0,0.0,0.0,0.0,0.0,0.0,0.0,0.0,0.0,0.0,0.0,0.0,0.0,0.0,0.0,0.0,0.0,0.0,0.0,-1.0059386879415313,0.0,0.0,-2.0922956980215504,0.0,0.0,0.4010919214032786,0.0,0.0,0.0,0.0,0.0,-1.0046227505365635,0.0,0.0,0.0,-0.03565170253267384,-1.0694171141424582,-0.03565170253267384,0.0,-1.0694171141424582,-1.0690440647979251,-1.0047207739994304,0.0,0.857908847185011,0.0,0.0,0.0,0.0,0.0,0.0,0.0,0.0,0.0,0.0,0.0,1.921393960158602,0.0,0.0,0.0,0.0,0.0,0.0,0.0,0.0,0.0,0.0,0.0,0.0,0.0,0.0,0.0,0.0,0.0,-1.0035827476918802,-1.0035827476918802,0.0,-1.0035827476918802,0.0,0.0
2026-05-21,0.0,0.0,0.0,0.0,0.0,0.0,0.0,0.0,0.0,0.0,0.0,0.0,0.0,0.0,0.0,0.0,0.0,0.0,0.0,0.0,0.0,0.0,0.0,0.0,0.0,0.0,0.0,0.0,0.0,0.0,0.0,0.0,0.0,0.0,0.0,0.0,0.0,0.0,0.0,0.0,0.0,0.0,0.0,0.0,0.0,0.0,0.0,0.0,0.0,0.0,0.0,0.0,0.0,0.0,0.0,0.0,0.0,0.0,0.0,0.0,-1.004200565460735,0.0,-0.40990020662068405,-1.0046754781446994,0.0,0.0,0.0,-1.414120936899791,0.0,-1.0764381113273747,0.0,0.0,0.0,0.0,0.0,0.0,0.0,0.0,0.0,0.0,0.0,0.0,0.0,0.0,0.0,0.0,0.0,0.0,0.0,0.0,0.0,0.0,0.0,0.0,0.0,0.0,0.0,0.0,0.0,0.0,0.0,0.0,0.0,0.0,0.0,0.0,0.0,0.0
2026-05-22,0.0,0.0,0.0,0.0,0.0,0.0,0.0,0.0,0.0,0.0,0.0,0.0,0.0,0.0,0.0,0.0,0.0,0.0,0.0,0.0,0.0,0.0,0.0,0.0,0.0,0.0,0.0,0.0,0.0,0.0,0.0,0.0,0.0,0.0,0.0,0.0,0.0,0.0,0.0,0.0,0.0,0.0,0.0,0.0,0.0,0.0,0.0,0.0,0.0,0.0,0.0,0.0,0.0,0.0,0.0,0.0,0.0,0.0,0.0,0.0,0.0,0.0,0.0,0.0,0.0,0.0,0.2227761114162104,0.0,0.0,0.5710667932890003,0.0,0.0,0.0,0.0,0.0,0.0,0.0,0.0,0.0,0.0,0.0,0.0,0.0,0.0,0.0,0.0,0.0,0.0,0.0,0.0,0.0,0.0,0.0,0.0,0.0,0.0,0.0,0.0,0.0,0.0,0.0,0.0,0.0,0.0,0.0,0.0,0.0,0.0
2026-05-25,0.0,0.0,0.0,0.0,0.0,0.0,0.0,0.0,0.0,0.0,0.0,0.0,0.0,0.0,0.0,0.0,0.0,0.0,0.0,0.0,0.0,0.0,0.0,0.0,0.0,0.0,0.0,0.0,0.0,0.0,0.0,0.0,0.0,0.0,0.0,0.0,0.0,0.0,0.0,0.0,0.0,0.0,0.0,0.0,0.0,0.0,0.0,0.0,0.0,0.0,0.0,0.0,0.0,0.0,0.0,0.0,0.0,0.0,0.0,0.0,0.0,0.0,0.0,0.0,0.0,0.0,0.0,0.0,0.0,0.0,0.0,0.0,0.0,0.0,0.0,0.0,0.0,0.0,0.0,0.0,0.0,0.0,0.0,0.0,0.0,0.0,0.0,0.0,0.0,0.0,0.0,0.0,0.0,0.0,0.0,0.0,0.0,0.0,0.0,0.0,0.0,0.0,0.0,0.0,0.0,0.0,0.0,0.0
2026-05-26,0.0,0.0,0.0,0.0,0.0,0.0,0.0,0.0,0.0,0.0,0.0,0.0,0.0,0.0,0.0,0.0,0.0,0.0,0.0,0.0,0.0,0.0,0.0,0.0,0.0,0.0,0.0,0.0,0.0,0.0,0.0,0.0,0.0,0.0,0.0,0.0,0.0,0.0,0.0,0.0,0.0,0.0,0.0,0.0,0.0,0.0,0.0,0.0,0.0,0.0,0.0,0.0,0.0,0.0,0.0,0.0,0.0,0.0,0.0,0.0,-1.075198111616917,-1.085199285002795,0.0,0.0,0.0,0.0,0.0,0.0,0.0,0.0,0.0,0.0,0.0,0.0,0.0,0.0,0.0,0.0,0.0,0.0,0.0,0.0,0.0,0.0,0.0,0.0,0.0,0.0,0.0,0.0,0.0,0.0,0.0,0.0,0.0,0.0,0.0,0.0,0.0,0.0,0.0,0.0,0.0,0.0,0.0,0.0,0.0,0.0
2026-05-27,0.0,0.0,0.0,0.0,0.0,0.0,0.0,0.0,0.0,0.0,0.0,0.0,0.0,0.0,0.0,0.0,0.0,0.0,0.0,0.0,0.0,0.0,0.0,0.0,0.0,0.0,0.0,0.0,0.0,0.0,0.0,0.0,0.0,0.0,0.0,0.0,0.0,0.0,0.0,0.0,0.0,0.0,0.0,0.0,0.0,0.0,0.0,0.0,-1.0052561658868966,0.0,0.0,0.0,0.0,0.0,0.0,0.0,0.0,0.0,0.0,0.0,0.0,0.0,0.0,0.0,0.0,0.0,0.0,0.0,0.0,-1.0860303944667258,0.0,0.0,-1.0107612712490548,-1.0107612712490548,-1.0107612712490548,2.718166602291833,0.0,0.0,-0.16115535627698052,0.0,0.0,-1.0142812303829112,0.43586621265801107,2.1763367463026237,0.0,0.0,0.0,1.8473013289937468,0.0,0.0,-2.0159814003062673,0.0,0.0,-1.009557568596527,-1.0080385141998967,0.0,0.0,0.0,0.0,-1.0044098761842455,0.0,0.0,-1.0044098761842455,0.0,0.0,-1.0044098761842455,0.0,0.0
2026-05-28,-2.028261274777619,0.0,0.0,0.0,0.0,0.0,0.0,0.0,0.0,0.0,0.0,0.0,-1.0069009972320002,0.0,0.0,0.0,0.0,0.0,0.0,0.0,0.0,0.0,0.0,0.0,0.0,0.0,0.0,0.0,0.0,0.0,0.0,0.0,0.0,0.0,0.0,0.0,-1.0131927077670355,0.0,0.0,0.0,0.0,0.0,0.0,0.0,0.0,0.0,0.0,0.0,2.2956287549202337,-1.0076454526359988,0.0,-1.0079798311958963,0.0,0.0,0.0,0.0,0.0,0.0,0.0,0.0,-1.075646337622059,-1.004089979550095,-1.004089979550095,-1.075646337622059,-1.004349956380932,-1.004719488635622,-1.004719488635622,0.0,0.0,0.222676427960894,0.0,0.0,4.212971409750247,3.6878984838535023,3.449727480372769,-1.0180474986365353,-2.035418054589821,-2.0327834745187614,-2.027300576421185,-2.027300576421185,-1.012823222715458,-4.769019281680136,0.0,0.0,1.2859907111253956,1.2859907111253956,2.2956287549202337,-1.0076454526359988,-1.0076454526359988,-1.0076454526359988,1.1597318350840014,0.0,-1.0079573277369631,4.949331723423123,0.10249956680277195,1.5885750592040397,-1.004089979550095,-1.004089979550095,-1.004089979550095,-1.0044166181323992,-1.0044166181323992,0.0,0.0,0.0,0.0,-2.0082873481228765,-1.0700927235580588,0.0
2026-05-29,0.0,0.0,0.0,0.0,0.0,0.0,0.0,0.0,0.0,0.0,0.0,0.0,0.0,0.0,0.0,0.0,0.0,0.0,0.0,0.0,0.0,0.0,0.0,0.0,0.0,0.0,0.0,0.0,0.0,0.0,0.0,0.0,0.0,0.0,0.0,0.0,0.0,0.0,0.0,0.0,0.0,0.0,0.0,0.0,0.0,0.0,0.0,0.0,0.0,0.0,0.0,0.0,0.0,0.0,0.0,0.0,0.0,0.0,0.0,0.0,-1.0684905053105966,0.0,0.0,0.0,0.0,0.0,0.0,0.0,0.0,0.0,0.0,0.0,-1.007708598051679,0.0,0.0,0.0,0.0,0.0,0.0,0.0,0.0,0.0,0.0,0.0,0.0,0.0,0.0,0.0,0.0,0.0,0.0,0.0,0.0,0.0,0.0,0.0,0.0,0.0,0.0,0.0,0.0,0.0,0.0,0.0,0.0,0.0,0.0,0.0
2026-06-01,0.0,0.0,0.0,0.0,0.0,0.0,0.0,0.0,0.0,0.0,0.0,0.0,0.0,0.0,0.0,0.0,0.0,0.0,0.0,0.0,0.0,0.0,0.0,0.0,0.0,0.0,0.0,0.0,0.0,0.0,0.0,0.0,0.0,0.0,0.0,0.0,0.0,0.0,0.0,0.0,0.0,0.0,0.0,0.0,0.0,0.0,0.0,0.0,0.0,0.0,0.0,0.0,0.0,0.0,0.0,0.0,0.0,0.0,0.0,0.0,-1.0060843111690538,0.0,0.0,0.0,0.0,0.0,0.0,0.0,0.0,0.0,0.0,0.0,0.0,0.0,0.0,0.0,0.0,0.0,0.0,0.0,0.0,0.0,0.0,0.0,0.0,0.0,0.0,0.0,0.0,0.0,0.0,0.0,0.0,0.0,0.0,0.0,0.0,0.0,0.0,0.0,0.0,0.0,0.0,0.0,0.0,0.0,0.0,0.0
2026-06-02,0.0,0.0,0.0,0.0,0.0,0.0,0.0,0.0,0.0,0.0,0.0,0.0,0.0,0.0,0.0,0.0,0.0,0.0,0.0,0.0,0.0,0.0,0.0,0.0,0.0,0.0,0.0,0.0,0.0,0.0,0.0,0.0,0.0,0.0,0.0,0.0,0.0,0.0,0.0,0.0,0.0,0.0,0.0,0.0,0.0,0.0,0.0,0.0,-1.0094034978945559,0.0,0.0,0.0,0.0,0.0,0.0,0.0,0.0,0.0,0.0,0.0,0.0,0.0,-1.0055143995515776,0.0,0.0,0.0,0.0,0.0,0.0,0.0,0.0,0.0,0.0,0.0,0.0,0.0,0.0,0.0,0.0,0.0,0.0,0.0,0.0,0.0,0.0,0.0,0.0,0.0,0.0,0.0,0.0,0.0,0.0,0.0,0.0,0.0,0.0,0.0,0.0,0.0,0.0,0.0,0.0,0.0,0.0,0.0,0.0,0.0
2026-06-03,0.0,0.0,0.0,0.0,0.0,0.0,0.0,0.0,0.0,0.0,0.0,0.0,0.0,0.0,0.0,0.0,0.0,0.0,0.0,0.0,0.0,0.0,0.0,0.0,0.0,0.0,0.0,0.0,0.0,0.0,0.0,0.0,0.0,0.0,0.0,0.0,0.0,0.0,0.0,0.0,0.0,0.0,0.0,0.0,0.0,0.0,0.0,0.0,0.0,0.0,0.0,0.0,0.0,0.0,0.0,0.0,0.0,0.0,0.0,0.0,-1.0819906769089322,-1.0817780571817763,0.0,-1.0049104914538487,0.0,0.0,0.0,0.0,0.0,0.0,0.0,0.0,0.0,0.0,0.0,-0.5834438347027966,-1.0331602441468706,0.0,0.0,0.0,0.0,0.0,0.0,0.0,0.0,0.0,0.0,0.0,0.0,0.0,0.0,0.0,0.0,0.0,0.0,0.0,0.0,0.0,0.0,0.0,0.0,0.0,0.0,0.0,0.0,0.0,0.0,0.0
2026-06-04,0.0,0.0,0.0,0.0,0.0,0.0,0.0,0.0,0.0,0.0,0.0,0.0,0.0,0.0,0.0,0.0,0.0,0.0,0.0,0.0,0.0,0.0,0.0,0.0,0.0,0.0,0.0,0.0,0.0,0.0,0.0,0.0,0.0,0.0,0.0,0.0,0.0,0.0,0.0,0.0,0.0,0.0,0.0,0.0,0.0,0.0,0.0,0.0,-1.1135974966342679,0.0,0.0,0.0,0.0,0.0,0.0,0.0,0.0,0.0,0.0,0.0,-1.105426670718951,-1.0794553668002635,-1.0794553668002635,0.0,0.0,0.0,0.0,0.0,0.0,0.0,0.0,0.0,0.0,0.0,0.0,-1.0357142857142991,-1.5646059962855763,0.0,0.0,0.0,0.0,0.0,0.0,0.0,0.0,0.0,0.0,1.1456974215594862,0.0,0.0,0.0,0.0,0.0,0.0,0.0,0.0,0.0,0.0,0.0,0.0,0.0,0.0,0.0,0.0,0.0,0.0,0.0,0.0
2026-06-05,0.0,0.0,0.0,0.0,0.0,0.0,0.0,0.0,0.0,0.0,0.0,0.0,0.0,0.0,0.0,0.0,0.0,0.0,0.0,0.0,0.0,0.0,0.0,0.0,0.0,0.0,0.0,0.0,0.0,0.0,0.0,0.0,0.0,0.0,0.0,0.0,0.0,0.0,0.0,0.0,0.0,0.0,0.0,0.0,0.0,0.0,0.0,0.0,4.962821734985667,0.0,0.0,0.0,0.0,0.0,0.0,0.0,0.0,0.0,0.0,0.0,-1.0071343172419343,2.83573262781107,2.83573262781107,5.242299391799128,0.1726165308875096,0.0,1.177360005352247,0.0,0.0,1.177360005352247,0.0,0.0,-1.0099290780141597,-1.0090432535837621,0.0,0.9370192109918011,1.859571110951743,1.859571110951743,0.4610572350365576,1.1544099193166875,-1.0071828873628759,0.0,0.0,0.0,-0.22281634984101673,-0.22281634984101673,0.0,-0.22281634984101673,0.7854454868288545,0.7854454868288545,-1.0084511620347567,0.0,0.0,-1.0056634304207175,0.0,0.0,-1.0047207739994342,-1.0047207739994342,0.0,-0.04885130862433831,0.21066876729483294,0.21066876729483294,0.0,0.0,0.0,-1.0040587854864989,0.0,0.0
2026-06-08,0.0,0.0,0.0,0.0,0.0,0.0,-2.024607257039334,0.0,0.0,0.0,0.0,0.0,0.0,0.0,0.0,0.0,0.0,0.0,0.0,0.0,0.0,0.0,0.0,0.0,0.0,0.0,0.0,0.0,0.0,0.0,0.0,0.0,0.0,0.0,0.0,0.0,0.0,0.0,0.0,0.0,0.0,0.0,0.0,0.0,0.0,0.0,0.0,0.0,-1.5567196022352772,0.0,0.0,-2.0140848008151115,0.0,0.0,-2.014908037983723,0.0,0.0,0.0,0.0,0.0,0.0,0.0,0.0,0.0,0.0,-1.0035449596322619,0.0,0.0,-1.0035449596322619,0.0,0.0,0.0,0.9522927079647903,2.9809699201964404,2.556301652892623,0.0,4.487763474324526,4.487763474324526,2.0378886031180237,0.15320826536167406,0.15320826536167406,-1.0122831882297176,-1.0126467931345948,-1.0135431781820683,0.4567435359888296,0.4567435359888296,0.0,0.0,0.0,0.0,-0.33399707951678426,-0.33399707951678426,-0.33399707951678426,-1.0083898031622978,0.0,0.0,0.0,0.0,0.0,0.0,0.0,0.0,0.0,0.0,0.0,0.0,0.0,0.0
2026-06-09,1.1676392671224205,0.0,0.0,0.0,0.0,0.0,0.0,0.0,0.0,0.0,0.0,0.0,0.0,0.0,0.0,0.0,0.0,0.0,0.0,0.0,0.0,0.0,0.0,0.0,0.0,0.0,0.0,0.0,0.0,0.0,0.0,0.0,0.0,0.0,0.0,0.0,1.1676392671224205,0.0,0.0,0.0,0.0,0.0,0.0,0.0,0.0,0.0,0.0,0.0,-4.047518265965092,0.0,0.0,0.29222665288241195,0.0,0.0,0.0,0.0,0.0,0.0,0.0,0.0,0.0,-1.0794059479831333,1.1874029718341186,0.0,1.882379678676927,-1.0611994864104688,-1.0065621056426979,1.1874029718341186,0.0,0.0,0.0,0.0,0.0,0.0,0.0,-0.630087254745163,-1.0080380132884026,0.010449467030529803,0.8579846788450185,0.4940324749198922,-1.0111294855746304,0.007357994744301879,0.007357994744301879,0.099648920309697,0.0,0.0,0.0,0.0,0.0,0.0,0.0,0.0,0.0,0.0,0.0,0.0,0.0,0.0,0.0,0.0,0.0,0.0,-1.0486338287067256,-1.0486338287067256,-1.0486338287067256,0.0,0.0,0.0
2026-06-10,8.021651686609868,-2.018757586902293,0.0,3.3390880057944643,0.0,0.0,9.075979050832732,0.0,0.0,1.5876310740068105,0.0,0.0,5.731519195770784,-2.0121452394200636,0.0,-1.0076051982783836,0.0,0.0,5.731519195770784,0.0,0.0,-1.0066060507068753,0.0,0.0,0.0,0.0,0.0,0.0,0.0,0.0,0.0,0.0,0.0,0.0,0.0,0.0,6.120997316725145,0.0,0.0,-1.0116386890487843,0.0,0.0,0.0,0.0,0.0,0.0,0.0,0.0,0.0,5.08515648738987,-1.0073794753274041,2.944283234619919,-1.0073397455285955,0.0,2.178976664525768,0.0,0.0,0.0,0.0,0.0,0.0,0.0,0.0,0.0,0.0,0.0,0.0,0.0,0.0,0.0,0.0,0.0,-1.0091620730448951,-1.0091620730448951,-1.0092317837124938,15.048764837984221,13.972415381601063,14.314715622519744,7.05808063359889,3.8501872659176493,4.360215637323987,3.8501872659176493,4.021481685486138,12.46413502109657,-1.0053422566631618,-1.0053422566631618,-1.0052559381994197,2.944283234619919,2.0844843134462967,2.0844843134462967,3.7959535205500705,2.944283234619919,2.944283234619919,2.944283234619919,2.944283234619919,2.944283234619919,-1.0030646695797973,-1.0030646695797973,-1.0030646695797973,0.0,0.0,0.0,0.0,0.0,0.0,0.0,0.0,0.0
2026-06-11,-2.027298578523256,0.0,0.0,0.0,3.009542862924941,-1.0208592003973276,1.6043870658199582,-2.0276049006582753,0.0,0.0,-1.0077469884646362,0.0,-0.7172648099365735,0.0,0.0,0.0,0.29012230320396065,-1.0110555409318243,1.9169101596382236,-1.0110555409318243,0.0,2.0012534401482114,-2.013442843052185,0.0,2.7422000884261317,0.0,0.0,-1.063385714865806,-1.0497056899934631,0.0,4.178635226866709,0.0,0.0,-1.0479315877146427,0.0,0.0,-3.0347005850476467,0.0,0.0,6.8150086577390185,0.0,0.0,0.0,0.0,0.0,0.0,0.0,0.0,-1.0043943838808251,1.7363741096174587,0.0,0.0,3.0724234700445443,-1.1347577425272435,0.0,-1.1252005133140688,0.0,2.0012534401482114,0.0,0.0,0.0,0.0,0.0,0.0,0.0,4.6590009266278685,0.0,0.0,4.943418406805853,4.6590009266278685,0.0,-1.050311424818909,2.32183665774212,1.2060379839622342,-0.7954955612912067,-3.032364921364981,1.7834308978343332,0.31461966919697715,0.0,0.0,-1.0112868217054038,-1.00665204678364,-1.0061496874471956,0.0,0.0,-2.0112425583594957,-1.0079023924276191,-3.021867298258118,0.679270854509714,3.504613530377438,0.0,0.0,-1.0050642069090416,0.0,0.0,0.0,0.0,-1.0032711456198986,0.0,4.6590009266278685,4.6590009266278685,4.6590009266278685,5.778823088894313,5.778823088894313,3.7459495733869974,0.0,0.0,0.0
2026-06-12,0.0,0.0,0.0,0.0,0.0,0.0,0.0,0.0,0.0,0.0,0.0,0.0,0.0,0.0,0.0,0.0,0.0,0.0,0.0,0.0,0.0,0.0,0.0,0.0,0.0,0.0,0.0,0.0,0.0,0.0,0.0,0.0,0.0,0.0,0.0,0.0,0.0,0.0,0.0,0.0,0.0,0.0,0.0,0.0,0.0,0.0,0.0,0.0,0.0,0.0,0.0,0.0,0.0,0.0,-1.0068600290231757,0.0,0.0,0.0,0.0,0.0,0.025544325438739888,-1.00258756122354,0.0,0.025544325438739888,0.0,0.0,0.0,0.025544325438739888,-0.40958905960729425,0.0,-2.129889688525672,0.0,0.0,0.0,0.0,0.0,0.0,0.0,0.0,0.0,0.0,0.0,0.0,0.0,0.0,0.0,0.0,0.0,0.0,0.0,0.0,0.0,0.0,0.0,0.0,0.0,0.0,0.0,0.0,0.0,0.0,0.0,0.0,0.0,0.0,0.0,0.0,0.0
2026-06-15,0.0,0.0,0.0,0.0,0.0,0.0,0.0,0.0,0.0,0.0,0.0,0.0,0.0,0.0,0.0,0.0,0.0,0.0,0.0,0.0,0.0,0.0,0.0,0.0,0.0,0.0,0.0,0.0,0.0,0.0,0.0,0.0,0.0,0.0,0.0,0.0,0.0,0.0,0.0,0.0,0.0,0.0,0.0,0.0,0.0,0.0,0.0,0.0,-1.0128463031586474,0.0,0.0,0.0,0.0,0.0,0.0,0.0,0.0,0.0,0.0,0.0,0.0,0.0,-1.0050614605929076,0.0,0.0,0.0,0.0,0.0,0.0,0.0,0.0,0.0,-0.5046021527447822,-1.3935464072625632,-2.0382769818881643,0.0,0.0,0.0,0.0,0.0,0.0,0.0,0.0,0.0,-2.0231131277764316,-1.0124431682220814,-1.008472406489305,0.0,0.0,0.0,0.0,0.0,0.0,0.0,0.0,0.0,0.0,0.0,0.0,0.0,0.0,0.0,0.0,0.0,0.0,0.0,0.0,0.0
2026-06-16,0.0,0.0,0.0,0.0,0.0,0.0,0.0,0.0,0.0,0.0,0.0,0.0,0.0,0.0,0.0,0.0,0.0,0.0,0.0,0.0,0.0,0.0,0.0,0.0,0.0,0.0,0.0,0.0,0.0,0.0,0.0,0.0,0.0,0.0,0.0,0.0,-5.585171837019866,0.0,0.0,0.0,0.0,0.0,0.0,0.0,0.0,0.0,0.0,0.0,0.0,0.23850119411968995,0.0,0.0,0.0,0.0,0.0,0.0,0.0,0.0,0.0,0.0,0.05879458794587698,0.0,0.0,-1.0068345256200624,0.0,0.0,0.0,0.0,0.0,0.0,0.0,0.0,0.0,0.0,0.0,0.0,0.0,0.0,0.0,0.0,0.0,0.0,0.0,0.0,0.0,0.0,0.0,0.0,0.0,0.0,0.0,0.0,0.0,0.0,0.0,0.0,0.05879458794587698,0.0,0.0,0.0,0.0,0.0,0.0,0.0,0.0,0.0,0.0,0.0
2026-06-17,0.0,0.0,0.0,0.0,0.0,0.0,0.0,0.0,0.0,0.0,0.0,0.0,0.0,0.0,0.0,0.0,0.0,0.0,0.0,0.0,0.0,0.0,0.0,0.0,0.0,0.0,0.0,0.0,0.0,0.0,0.0,0.0,0.0,0.0,0.0,0.0,0.0,0.0,0.0,0.0,0.0,0.0,0.0,0.0,0.0,0.0,0.0,0.0,-3.0569845842163867,-2.018563097398734,0.0,-4.04865572667129,-1.0087573679778945,0.0,0.0,0.0,0.0,0.0,0.0,0.0,0.0,-0.20031221246989467,-2.013801220068127,-1.0961621388529683,-1.1038656774697322,-1.0060782152756784,-1.0060119578502325,0.0,0.0,0.0,0.0,0.0,-1.0045255057003877,-1.0035984736144843,0.0,0.0,0.0,0.0,0.0,0.0,0.0,0.0,0.0,0.0,-1.0035036046701817,0.0,0.0,0.0,0.0,0.0,0.0,0.0,0.0,0.0,0.0,0.0,0.0,-0.26261844904275533,-0.26261844904275533,0.0,0.0,0.0,0.0,0.0,0.0,0.0,0.0,0.0
2026-06-18,0.0,0.0,0.0,0.0,0.0,0.0,0.0,0.0,0.0,0.0,0.0,0.0,0.0,0.0,0.0,0.0,0.0,0.0,0.0,0.0,0.0,0.0,0.0,0.0,0.0,0.0,0.0,0.0,0.0,0.0,0.0,0.0,0.0,0.0,0.0,0.0,0.0,0.0,0.0,0.0,0.0,0.0,0.0,0.0,0.0,0.0,0.0,0.0,0.0,0.0,0.0,-0.495065218469479,0.0,0.0,0.0,0.0,0.0,0.0,0.0,0.0,0.0,0.0,0.0,0.0,-1.0041988453175301,-1.0026623951316243,-2.0060474469237777,0.0,0.0,0.0,0.0,0.0,-3.048121352579547,0.0,0.8106175998700084,-3.0527416438648514,0.0,0.0,0.0,0.0,0.0,0.0,0.0,0.0,-2.597221960746973,1.8711152301513847,1.8711152301513847,0.0,0.0,0.0,0.0,0.0,0.0,0.0,0.0,0.0,0.0,0.0,0.0,0.0,0.0,0.0,0.0,0.0,0.0,0.0,0.0,0.0
2026-06-19,0.0,0.0,0.0,0.0,0.0,0.0,0.0,0.0,0.0,0.0,0.0,0.0,0.0,0.0,0.0,0.0,0.0,0.0,0.0,0.0,0.0,0.0,0.0,0.0,0.0,0.0,0.0,0.0,0.0,0.0,0.0,0.0,0.0,0.0,0.0,0.0,0.0,0.0,0.0,0.0,0.0,0.0,0.0,0.0,0.0,0.0,0.0,0.0,2.4310242105833484,-1.0096342173521469,0.0,-1.7187881606654907,0.0,0.0,0.0,0.0,0.0,0.0,0.0,0.0,3.0798141084067474,3.1160535668055003,-1.0046090534979295,-1.0049160622881348,0.2722521573552621,0.0,-1.0707359071959361,0.0,0.0,0.0,0.0,0.0,-2.0449216401203545,-1.0217911877394867,0.0,-1.3200641764496546,-2.5171350796961773,-2.035028067361595,-2.0417257028882485,-1.1076102749538772,0.0,0.0,0.0,0.0,-1.0110907982937454,-1.0110907982937454,-1.0110907982937454,-3.204273199503475,-2.0197338334439476,-1.0082243159583548,-1.0117105813466936,-1.1409189194075815,0.0,0.0,0.0,0.0,-1.108483931746421,-1.108483931746421,-1.108483931746421,-2.0114682371667625,0.0,0.0,-1.0046090534979295,1.057054761358686,0.0,0.0,0.0,0.0
2026-06-22,0.0,0.0,0.0,0.0,0.0,0.0,0.0,0.0,0.0,0.0,0.0,0.0,0.0,0.0,0.0,0.0,0.0,0.0,0.0,0.0,0.0,0.0,0.0,0.0,0.0,0.0,0.0,0.0,0.0,0.0,0.0,0.0,0.0,0.0,0.0,0.0,0.0,0.0,0.0,0.0,0.0,0.0,0.0,0.0,0.0,0.0,0.0,0.0,-1.0068092111416636,0.0,0.0,0.0,0.0,0.0,0.0,0.0,0.0,0.0,0.0,0.0,0.0,0.0,0.0,0.0,0.0,0.0,0.0,0.0,0.0,0.0,0.0,0.0,0.0,0.0,0.0,-1.0172495498057055,-1.017318488914294,0.0,0.0,0.0,0.0,0.0,0.0,0.0,0.0,0.0,0.0,0.0,0.0,0.0,0.0,0.0,0.0,0.0,0.0,0.0,0.0,0.0,0.0,0.0,0.0,0.0,0.0,0.0,0.0,0.0,0.0,0.0
2026-06-23,-2.021857081353782,0.0,0.0,0.0,0.0,0.0,0.0,0.0,0.0,0.0,0.0,0.0,-1.0073419661946923,0.0,0.0,0.0,0.0,0.0,0.0,0.0,0.0,0.0,0.0,0.0,0.0,0.0,0.0,0.0,0.0,0.0,0.0,0.0,0.0,0.0,0.0,0.0,-2.0282318662791035,0.0,0.0,0.0,0.0,0.0,0.0,0.0,0.0,0.0,0.0,0.0,-0.9311538555036176,-1.0074114796489655,0.0,2.634787806335919,0.0,0.0,-2.0158392631110367,0.0,0.0,0.0,0.0,0.0,0.0,0.0,0.0,0.0,2.2082897060845523,0.0,0.0,0.0,0.0,0.0,0.0,0.0,0.0,0.0,0.0,0.0,0.0,0.0,-1.0134188601341585,0.0,0.0,0.0,0.0,0.0,0.0,0.0,0.0,0.0,0.0,0.0,0.0,0.0,0.0,0.0,0.0,0.0,0.0,0.0,0.0,0.0,0.0,0.0,0.0,0.0,0.0,0.0,0.0,0.0
2026-06-24,0.0,0.0,0.0,2.507848568790405,-2.020120240108368,0.0,-3.033894257084837,0.0,0.0,0.0,0.0,0.0,0.0,0.0,0.0,0.0,-1.0064279155188174,0.0,-1.0057580359402718,0.0,0.0,0.0,0.0,0.0,0.0,0.0,0.0,-1.0035752521829673,0.0,0.0,0.0,0.0,0.0,0.0,0.0,0.0,0.0,0.0,0.0,-2.020120240108368,0.0,0.0,0.0,0.0,0.0,0.0,0.0,0.0,3.453503536413145,-1.005604828775566,0.0,10.96086838872148,-1.0073772319166578,0.0,-2.0191261855000437,0.0,0.0,0.0,0.0,0.0,5.818746515887551,4.413367637701623,8.01967664920125,4.472469083556665,0.0,0.0,8.290975352450372,0.0,-1.0041136915861497,0.0,0.0,0.0,2.507848568790405,2.507848568790405,1.3091115696300846,-2.0206708804480282,-2.0206708804480282,-1.0077203698990413,-6.065932641556896,-2.02202447656037,-2.021724117468814,0.03741004633189604,-0.7902258328529677,0.21648137186418648,0.0,0.0,0.0,-1.0064279155188174,-1.0064279155188174,-1.0064279155188174,-2.0129561267172202,-2.0129561267172202,-1.0064279155188174,0.0,0.0,0.0,0.0,0.0,0.0,-1.0035752521829673,0.0,0.0,-1.0035752521829673,-1.0035752521829673,-1.0035752521829673,0.0,0.0,0.0
2026-06-25,-1.0083822682786332,0.0,0.0,-3.0393745150325415,0.0,0.0,-3.0375574623967037,0.0,0.0,0.0,0.0,0.0,-1.0059132186428816,0.0,0.0,0.7785858992432746,0.0,0.0,0.0,0.0,0.0,0.0,0.0,0.0,0.0,0.0,0.0,0.0,0.0,0.0,0.0,0.0,0.0,0.0,0.0,0.0,0.0,0.0,0.0,0.0,0.0,0.0,0.0,0.0,0.0,0.0,0.0,0.0,0.986246870391331,-3.024427503523343,0.0,0.0,0.986246870391331,0.0,-1.005923322267781,0.0,0.0,0.0,0.0,0.0,0.0,0.0,-2.0546217279276497,0.0,0.0,4.220733554066875,0.0,4.220733554066875,0.0,-3.059074146253067,0.0,0.0,5.281814336216817,3.3582818618545835,3.452207492336505,-3.03104543894664,-1.0083822682786332,-1.0083822682786332,-1.0083822682786332,0.0,0.0,2.3502778158532993,4.049219432493563,4.049219432493563,4.664859730808075,-0.019146201585440004,-0.019146201585440004,-2.011177822857464,0.0,0.0,0.0,0.0,0.0,-0.04402872949101411,-0.49928417403832215,-0.49928417403832215,0.0,0.0,-1.002596198423741,0.0,0.0,0.0,-1.0520255295039085,0.0,0.0,0.0,-1.003158406219635,0.0
2026-06-26,0.0,0.0,0.0,0.0,0.0,0.0,0.0,0.0,0.0,0.0,0.0,0.0,0.0,0.0,0.0,0.0,0.0,0.0,0.0,0.0,0.0,0.0,0.0,0.0,0.0,0.0,0.0,-1.1013119411715584,0.0,0.0,0.0,0.0,0.0,0.0,0.0,0.0,0.0,0.0,0.0,0.0,0.0,0.0,0.0,0.0,0.0,0.0,0.0,0.0,0.49808334303449087,0.0,0.0,0.0,0.0,0.0,0.5691356939928766,0.0,0.0,0.0,0.0,0.0,0.0,1.0832995632401226,-1.0720696311850224,-1.0710401165039707,-1.004072271633939,0.0,0.0,-1.0663415463402681,2.6503547834597505,-1.0710401165039707,-1.0041946115374911,0.0,0.0,0.0,0.0,0.0,0.0,0.0,0.0,0.0,0.0,-1.0136960529781596,0.0,0.0,0.0,0.0,0.0,0.0,0.0,0.0,0.0,0.0,0.0,0.0,0.0,0.0,-1.1013119411715584,-1.1013119411715584,0.0,0.0,0.0,0.0,0.0,0.0,0.0,-1.10586334861384,0.0,0.0
2026-06-29,0.0,0.0,0.0,0.0,0.0,0.0,0.0,0.0,0.0,0.0,0.0,0.0,0.0,0.0,0.0,0.0,0.0,0.0,0.0,0.0,0.0,0.0,0.0,0.0,0.0,0.0,0.0,0.0,0.0,0.0,0.0,0.0,0.0,0.0,0.0,0.0,0.0,0.0,0.0,0.0,0.0,0.0,0.0,0.0,0.0,0.0,0.0,0.0,0.0,0.0,0.0,0.0,0.0,0.0,0.0,0.0,0.0,0.0,0.0,0.0,0.0,0.0,0.0,0.0,0.0,0.0,0.0,0.0,0.0,0.0,0.0,0.0,0.0,0.0,0.0,0.0,0.0,0.0,0.0,0.0,0.0,0.0,0.0,0.0,0.0,0.0,0.0,0.0,0.0,0.0,0.0,0.0,0.0,0.0,0.0,0.0,0.0,0.0,0.0,0.0,0.0,0.0,0.0,0.0,0.0,0.0,0.0,0.0
2026-06-30,0.0,0.0,0.0,0.0,0.0,0.0,0.0,0.0,0.0,0.0,0.0,0.0,0.0,0.0,0.0,0.0,0.0,0.0,0.0,0.0,0.0,0.0,0.0,0.0,0.0,0.0,0.0,0.0,0.0,0.0,0.0,0.0,0.0,0.0,0.0,0.0,0.0,0.0,0.0,0.0,0.0,0.0,0.0,0.0,0.0,0.0,0.0,0.0,0.0,0.0,0.0,0.0,0.0,0.0,0.0,0.0,0.0,0.0,0.0,0.0,0.0,0.0,0.0,-1.0829183432267038,-1.0053835004584781,0.0,-1.082445368719872,-1.0053835004584781,0.0,0.0,-1.0763036013246856,0.0,4.215451283092954,0.0,0.0,0.0,0.0,0.0,0.0,0.0,0.0,0.0,0.0,0.0,2.51109434911057,0.0,0.0,0.0,0.0,0.0,0.0,0.0,0.0,0.0,0.0,0.0,0.0,0.0,0.0,0.0,0.0,0.0,0.0,0.0,0.0,0.0,0.0,0.0
2026-07-01,0.0,0.0,0.0,0.0,0.0,0.0,0.0,0.0,0.0,0.0,0.0,0.0,0.0,0.0,0.0,0.0,0.0,0.0,0.0,0.0,0.0,0.0,0.0,0.0,0.0,0.0,0.0,0.0,0.0,0.0,0.0,0.0,0.0,0.0,0.0,0.0,0.0,0.0,0.0,0.0,0.0,0.0,0.0,0.0,0.0,0.0,0.0,0.0,0.0,0.0,0.0,0.0,0.0,0.0,0.0,0.0,0.0,0.0,0.0,0.0,0.0,0.0,0.0,-1.0038789428815014,0.0,0.0,-1.0051163117576722,0.0,0.0,0.0,-1.0624518658545106,0.0,0.0,0.0,0.0,0.0,0.0,0.0,0.6854296899475922,0.0,0.0,0.0,0.0,0.0,0.0,0.0,0.0,0.0,0.0,0.0,0.0,0.0,0.0,0.0,0.0,0.0,0.0,0.0,0.0,0.0,0.0,0.0,0.0,0.0,0.0,0.0,0.0,0.0
2026-07-02,0.0,0.0,0.0,0.0,0.0,0.0,0.0,0.0,0.0,0.0,0.0,0.0,0.0,0.0,0.0,0.0,0.0,0.0,0.0,0.0,0.0,0.0,0.0,0.0,0.0,0.0,0.0,0.0,0.0,0.0,0.0,0.0,0.0,0.0,0.0,0.0,0.0,0.0,0.0,0.0,0.0,0.0,0.0,0.0,0.0,0.0,0.0,0.0,0.0,0.0,0.0,0.0,0.0,0.0,0.0,0.0,0.0,0.0,0.0,0.0,0.0,0.0,0.0,0.0,0.0,0.0,-1.003966308173434,0.0,0.0,0.0,0.0,0.0,0.0,0.0,0.0,0.0,0.0,0.0,-1.0094034978945454,0.0,0.0,0.0,0.0,0.0,0.0,0.0,0.0,0.0,0.0,0.0,2.511644106704665,0.0,0.0,0.0,0.0,0.0,0.0,0.0,0.0,0.0,0.0,0.0,-1.0632816458903513,0.0,0.0,0.0,0.0,0.0
2026-07-03,0.0,0.0,0.0,0.0,0.0,0.0,0.0,0.0,0.0,0.0,0.0,0.0,0.0,0.0,0.0,0.0,0.0,0.0,0.0,0.0,0.0,0.0,0.0,0.0,0.0,0.0,0.0,0.0,0.0,0.0,0.0,0.0,0.0,0.0,0.0,0.0,0.0,0.0,0.0,0.0,0.0,0.0,0.0,0.0,0.0,0.0,0.0,0.0,0.009549143425407136,-1.0075545316813042,0.0,0.0,0.0,0.0,0.0,0.0,0.0,0.0,0.0,0.0,1.8183231459562657,0.829196141479079,-0.19823805202663347,1.8183231459562657,0.0,0.0,1.4004777749338835,-0.2342714914800081,0.0,0.0,0.0,0.0,-0.5191732872800361,-0.9272287456405408,-0.929970347232498,0.0,0.0,0.0,0.0,0.0,0.0,-5.104563087573948,0.0,0.0,-1.0123544784984588,0.0,0.0,0.0,0.0,0.0,0.30035169988278165,0.0,0.0,-3.0368416360778108,0.0,0.0,0.0,0.0,0.0,0.0,0.0,0.0,-1.0680374402057315,0.0,0.0,0.19135662431943445,0.0,0.0
2026-07-06,0.0,0.0,0.0,0.0,0.0,0.0,0.0,0.0,0.0,0.0,0.0,0.0,0.0,0.0,0.0,0.0,0.0,0.0,0.0,0.0,0.0,0.0,0.0,0.0,0.0,0.0,0.0,0.0,0.0,0.0,0.0,0.0,0.0,0.0,0.0,0.0,0.0,0.0,0.0,0.0,0.0,0.0,0.0,0.0,0.0,0.0,0.0,0.0,0.0,-1.0161090458488788,0.0,-1.012279458894171,0.0,0.0,0.0,0.0,0.0,0.0,0.0,0.0,0.0,0.0,-1.011113757243772,0.0,-2.011948201356092,0.0,0.0,-1.0068646864686521,0.0,0.0,0.0,0.0,-1.017879948914418,0.0,0.0,-1.017879948914418,-1.017879948914418,0.0,0.0,0.0,0.0,3.5828666863149237,0.0,0.0,0.0,0.0,0.0,0.0,0.0,0.0,0.0,0.0,0.0,4.5587879665404625,0.0,0.0,0.0,0.0,0.0,0.0,0.0,0.0,0.0,0.0,0.0,0.0,0.0,0.0
2026-07-07,0.0,0.0,0.0,0.0,0.0,0.0,0.0,0.0,0.0,0.0,0.0,0.0,0.0,0.0,0.0,0.0,0.0,0.0,0.0,0.0,0.0,0.0,0.0,0.0,0.0,0.0,0.0,0.0,0.0,0.0,0.0,0.0,0.0,0.0,0.0,0.0,0.0,0.0,0.0,0.0,0.0,0.0,0.0,0.0,0.0,0.0,0.0,0.0,-1.1745206551512226,0.0,0.0,-3.1635501413596434,0.0,0.0,0.0,0.0,0.0,0.0,0.0,0.0,0.0,-3.019291864750663,-1.0972176810375665,0.0,-1.0839551987952765,-1.0056639591697178,-1.006107280079198,0.0,0.0,-1.0052215575734231,0.0,0.0,0.0,0.0,0.0,0.0,0.0,0.0,0.0,0.0,0.0,0.0,0.0,0.0,0.0,0.0,0.0,0.0,0.0,0.0,0.0,0.0,0.0,0.0,0.0,0.0,0.0,0.0,0.0,0.0,0.0,0.0,0.0,0.0,0.0,0.0,0.0,0.0
2026-07-08,0.0,0.0,0.0,0.0,0.0,0.0,0.0,0.0,0.0,0.0,0.0,0.0,0.0,0.0,0.0,0.0,0.0,0.0,0.0,0.0,0.0,0.0,0.0,0.0,0.0,0.0,0.0,0.0,0.0,0.0,0.0,0.0,0.0,0.0,0.0,0.0,0.0,0.0,0.0,0.0,0.0,0.0,0.0,0.0,0.0,0.0,0.0,0.0,-2.014098831223823,0.0,0.0,0.0,0.0,0.0,0.0,0.0,0.0,0.0,0.0,0.0,0.0,-1.0041382446566576,-1.0041382446566576,-1.0044575067352388,0.0,0.0,-1.087385019710899,0.0,0.0,0.0,0.0,0.0,-0.24080102670236125,-2.0175325313188637,-2.0175325313188637,3.3050596573024142,0.0,0.0,0.0,0.0,0.0,0.0,0.0,0.0,-0.04108768649134764,-2.013510534727038,-2.013510534727038,-1.0070934424632296,0.0,0.0,0.0,0.0,0.0,0.0,0.0,0.0,-2.008762823412755,0.0,0.0,-1.0041382446566576,0.0,0.0,0.0,0.0,0.0,0.0,0.0,0.0
2026-07-09,0.0,0.0,0.0,0.0,0.0,0.0,0.0,0.0,0.0,0.0,0.0,0.0,0.0,0.0,0.0,0.0,0.0,0.0,0.0,0.0,0.0,0.0,0.0,0.0,0.0,0.0,0.0,0.0,0.0,0.0,0.0,0.0,0.0,0.0,0.0,0.0,0.0,0.0,0.0,0.0,0.0,0.0,0.0,0.0,0.0,0.0,0.0,0.0,-1.0099201482571731,0.0,0.0,0.0,0.0,0.0,0.0,0.0,0.0,0.0,0.0,0.0,0.0,-1.0599842146803524,-1.0044472137716998,0.0,0.0,0.0,0.0,0.0,0.0,0.0,0.0,0.0,0.0,0.0,0.0,0.0,0.0,0.0,0.0,0.0,0.0,0.0,0.0,0.0,0.0,0.0,0.0,0.0,0.0,0.0,0.0,0.0,0.0,0.0,0.0,0.0,0.0,0.0,0.0,0.0,0.0,0.0,0.0,0.0,0.0,0.0,0.0,0.0
2026-07-10,0.0,0.0,0.0,0.0,0.0,0.0,0.0,0.0,0.0,0.0,0.0,0.0,0.0,0.0,0.0,0.0,0.0,0.0,0.0,0.0,0.0,0.0,0.0,0.0,0.0,0.0,0.0,0.0,0.0,0.0,0.0,0.0,0.0,0.0,0.0,0.0,0.0,0.0,0.0,0.0,0.0,0.0,0.0,0.0,0.0,0.0,0.0,0.0,0.0,0.0,0.0,0.0,0.0,0.0,0.0,0.0,0.0,0.0,0.0,0.0,-1.2991109423653835,0.0,0.0,-0.49587490821134533,0.0,0.0,0.0,0.0,0.0,0.0,0.0,0.0,0.0,0.0,0.0,0.0,0.0,0.0,0.0,0.0,0.0,0.0,0.0,0.0,0.0,0.0,0.0,0.0,0.0,0.0,0.0,0.0,0.0,0.0,0.0,0.0,0.0,0.0,0.0,0.0,0.0,0.0,0.0,0.0,0.0,0.0,0.0,0.0
2026-07-13,0.0,0.0,0.0,0.0,0.0,0.0,0.0,0.0,0.0,0.0,0.0,0.0,0.0,0.0,0.0,0.0,0.0,0.0,0.0,0.0,0.0,0.0,0.0,0.0,0.0,0.0,0.0,0.0,0.0,0.0,0.0,0.0,0.0,0.0,0.0,0.0,0.0,0.0,0.0,0.0,0.0,0.0,0.0,0.0,0.0,0.0,0.0,0.0,0.0,0.0,0.0,0.0,0.0,0.0,0.0,0.0,0.0,0.0,0.0,0.0,0.0,0.0,0.0,0.0,0.0,0.0,0.0,0.0,0.0,0.0,0.0,0.0,-3.0589785160829406,-2.0424930088365763,-2.0424930088365763,0.0,0.0,0.0,0.0,0.0,0.0,0.0,0.0,0.0,-1.0074309978768454,0.0,0.0,0.0,0.0,0.0,0.0,0.0,0.0,0.0,0.0,0.0,0.0,0.0,0.0,0.0,0.0,0.0,0.0,0.0,0.0,0.0,0.0,0.0
2026-07-14,0.0,0.0,0.0,0.0,0.0,0.0,0.0,0.0,0.0,0.0,0.0,0.0,0.0,0.0,0.0,0.0,0.0,0.0,0.0,0.0,0.0,0.0,0.0,0.0,0.0,0.0,0.0,0.0,0.0,0.0,0.0,0.0,0.0,0.0,0.0,0.0,0.0,0.0,0.0,0.0,0.0,0.0,0.0,0.0,0.0,0.0,0.0,0.0,0.0,0.0,0.0,-1.2080085282163986,0.0,0.0,0.0,0.0,0.0,0.0,0.0,0.0,-1.0785468085641607,-2.087063861306251,-1.0069420604951038,-1.0747444276856017,-1.076027664134035,-1.0065877186103112,-1.0859202994275734,-1.077226571679463,0.0,0.0,0.0,0.0,-3.0753905138640105,-1.0402032250938917,0.0,0.0,0.0,0.0,0.0,0.0,0.0,0.8526693845854607,0.0,0.0,-1.182733391864193,-1.182733391864193,-1.2080085282163986,0.0,0.0,0.0,0.0,0.0,0.0,4.414082482847125,0.0,0.0,-1.0801416035852833,-1.0801416035852833,-1.0801416035852833,0.0,0.0,0.0,0.0,0.0,0.0,0.0,0.0,0.0
2026-07-15,0.0,0.0,0.0,0.0,0.0,0.0,0.0,0.0,0.0,0.0,0.0,0.0,0.0,0.0,0.0,0.0,0.0,0.0,0.0,0.0,0.0,0.0,0.0,0.0,0.0,0.0,0.0,0.0,0.0,0.0,0.0,0.0,0.0,0.0,0.0,0.0,0.0,0.0,0.0,0.0,0.0,0.0,0.0,0.0,0.0,0.0,0.0,0.0,0.0,0.0,0.0,0.0,0.0,0.0,0.0,0.0,0.0,0.0,0.0,0.0,0.0,0.0,0.0,-1.0054869684499335,0.0,0.0,-1.0059063103409132,0.0,0.0,0.0,0.0,0.0,0.0,0.0,0.0,0.0,0.0,0.0,0.0,0.0,0.0,0.0,0.0,0.0,0.0,0.0,0.0,0.0,0.0,0.0,0.0,0.0,0.0,0.0,0.0,0.0,0.0,0.0,0.0,0.0,0.0,0.0,0.0,0.0,0.0,1.6655532926001344,0.0,0.0
2026-07-16,0.0,0.0,0.0,0.0,0.0,0.0,0.0,0.0,0.0,0.0,0.0,0.0,0.0,0.0,0.0,0.0,0.0,0.0,0.0,0.0,0.0,0.0,0.0,0.0,0.0,0.0,0.0,0.0,0.0,0.0,0.0,0.0,0.0,0.0,0.0,0.0,0.0,0.0,0.0,0.0,0.0,0.0,0.0,0.0,0.0,0.0,0.0,0.0,0.0,0.0,0.0,0.0,0.0,0.0,0.0,0.0,0.0,0.0,0.0,0.0,0.06391242723177326,1.9711166593234473,0.0,0.0,-1.0060382867190898,0.0,0.0,0.0,0.0,0.0,0.0,0.0,-1.02175992348158,0.0,0.0,0.0,0.0,0.0,0.0,0.0,0.0,0.0,0.0,0.0,0.0,0.0,0.0,0.0,0.0,0.0,0.0,0.0,0.0,0.0,0.0,0.0,0.0,0.0,0.0,0.0,0.0,0.0,0.0,0.0,0.0,0.0,0.0,0.0
2026-07-17,0.0,0.0,0.0,0.0,0.0,0.0,0.0,0.0,0.0,0.0,0.0,0.0,0.0,0.0,0.0,0.0,0.0,0.0,0.0,0.0,0.0,0.0,0.0,0.0,0.0,0.0,0.0,0.0,0.0,0.0,0.0,0.0,0.0,0.0,0.0,0.0,0.0,0.0,0.0,0.0,0.0,0.0,0.0,0.0,0.0,0.0,0.0,0.0,0.0,0.0,0.0,0.0,0.0,0.0,0.0,0.0,0.0,0.0,0.0,0.0,-1.0056264008037616,0.0,0.0,1.229290543292337,-1.0814739424306505,0.0,-1.0070117446723261,-1.0056264008037616,0.0,0.2984585832821626,0.0,0.0,1.0858211205597292,0.0,0.0,0.0,0.0,0.0,0.0,0.0,0.0,0.0,0.0,0.0,0.20737054153335782,0.0,0.0,0.0,0.0,0.0,0.0,0.0,0.0,0.0,0.0,0.0,1.2668464294304693,0.0,0.0,0.0,0.0,0.0,0.0,0.0,0.0,0.0,0.0,0.0
2026-07-20,0.0,0.0,0.0,0.0,0.0,0.0,0.0,0.0,0.0,0.0,0.0,0.0,0.0,0.0,0.0,0.0,0.0,0.0,0.0,0.0,0.0,0.0,0.0,0.0,0.0,0.0,0.0,0.0,0.0,0.0,0.0,0.0,0.0,0.0,0.0,0.0,0.0,0.0,0.0,0.0,0.0,0.0,0.0,0.0,0.0,0.0,0.0,0.0,0.0,0.0,0.0,0.0,0.0,0.0,0.0,0.0,0.0,0.0,0.0,0.0,-2.009810368792391,0.0,0.0,0.0,0.0,0.0,-1.0046185274003012,0.0,0.0,-1.0053913945049315,0.0,0.0,0.0,0.0,0.0,0.0,0.0,0.0,0.0,0.0,0.0,0.0,0.0,0.0,0.0,0.0,0.0,0.0,0.0,0.0,0.0,0.0,0.0,0.0,0.0,0.0,0.0,0.0,0.0,0.0,0.0,0.0,0.0,0.0,0.0,0.0,0.0,0.0
2026-07-21,0.0,0.0,0.0,0.0,0.0,0.0,0.0,0.0,0.0,0.0,0.0,0.0,0.0,0.0,0.0,0.0,0.0,0.0,0.0,0.0,0.0,0.0,0.0,0.0,0.0,0.0,0.0,0.0,0.0,0.0,0.0,0.0,0.0,0.0,0.0,0.0,0.0,0.0,0.0,0.0,0.0,0.0,0.0,0.0,0.0,0.0,0.0,0.0,0.0,0.0,0.0,0.0,0.0,0.0,0.0,0.0,0.0,0.0,0.0,0.0,-1.0935809241191203,0.0,0.0,-1.006977591197501,0.0,0.0,-1.0957242944089232,0.0,0.0,0.0,0.0,0.0,-1.0159733192908689,-1.0249093273112986,0.0,-1.0200650460283638,0.0,0.0,0.0,0.0,0.0,0.0,0.0,0.0,-2.022337481790438,0.0,0.0,0.45555121697250306,0.0,0.0,0.0,0.0,0.0,0.0,0.0,0.0,-1.0062798681917877,0.0,0.0,0.0,0.0,0.0,0.0,0.0,0.0,0.0,0.0,0.0
2026-07-22,-0.22572518534519673,0.0,0.0,0.0,0.0,0.0,0.0,0.0,0.0,0.0,0.0,0.0,-1.0098309296170482,0.0,0.0,0.0,0.0,0.0,0.0,0.0,0.0,0.0,0.0,0.0,-1.0051336295042606,0.0,0.0,0.0,0.0,0.0,0.0,0.0,0.0,0.0,0.0,0.0,-0.22572518534519673,0.0,0.0,0.0,0.0,0.0,0.0,0.0,0.0,0.0,0.0,0.0,4.348550455688834,-2.0196467481862372,0.0,0.0,0.0,0.0,0.0,0.0,0.0,0.0,0.0,0.0,0.0,0.0,0.0,0.0,-1.0051336295042606,0.0,0.0,0.0,0.0,0.0,0.0,0.0,-2.5554765600617357,-3.575533665005526,-2.866352825845196,-1.0246362098138009,0.0,-1.0241171403962281,-3.062907886532545,-2.028972732545001,-2.028972732545001,1.7802482345097221,0.0,0.0,-2.023325817433744,-3.038057897912492,-3.0376528434708243,-1.015096843764261,-1.015096843764261,-1.015096843764261,-1.009240220343746,-1.009240220343746,-1.009240220343746,-1.0098309296170482,0.0,0.0,0.0,0.0,0.0,-1.1022868750409538,0.0,0.0,0.0,0.0,0.0,0.0,0.0,0.0
2026-07-23,0.0,0.0,0.0,0.0,0.0,0.0,0.0,0.0,0.0,0.0,0.0,0.0,0.0,0.0,0.0,0.0,0.0,0.0,0.0,0.0,0.0,0.0,0.0,0.0,0.0,0.0,0.0,0.0,0.0,0.0,0.0,0.0,0.0,0.0,0.0,0.0,0.0,0.0,0.0,0.0,0.0,0.0,0.0,0.0,0.0,0.0,0.0,0.0,0.0,0.0,0.0,-2.020022784233266,0.0,0.0,0.0,0.0,0.0,0.0,0.0,0.0,1.6493317207802416,0.9039727865680528,-1.2185044630926196,-1.1070039243911967,-1.0088728332858177,0.0,-2.1120804204931565,0.0,0.0,0.0,0.0,0.0,0.0,0.0,0.0,0.0,0.0,0.0,0.0,0.0,0.0,0.0,0.0,0.0,0.0,0.0,0.0,-1.1833773861967363,0.0,0.0,0.0,0.0,0.0,0.0,0.0,0.0,-1.0904494951689714,-1.0904494951689714,-1.0904494951689714,0.0,0.0,0.0,0.0,0.0,0.0,0.0,0.0,0.0
2026-07-24,0.0,0.0,0.0,0.0,0.0,0.0,0.0,0.0,0.0,0.0,0.0,0.0,0.0,0.0,0.0,0.0,0.0,0.0,0.0,0.0,0.0,0.0,0.0,0.0,0.0,0.0,0.0,0.0,0.0,0.0,0.0,0.0,0.0,0.0,0.0,0.0,0.0,0.0,0.0,0.0,0.0,0.0,0.0,0.0,0.0,0.0,0.0,0.0,0.0,0.0,0.0,0.0,0.0,0.0,0.0,0.0,0.0,0.0,0.0,0.0,0.0,0.0,0.0,-1.0084605597964433,0.0,0.0,0.0,0.0,0.0,0.0,0.0,0.0,-2.0927043982940248,0.0,0.0,0.0,0.0,0.0,0.0,0.0,0.0,0.0,0.0,0.0,-1.028066928830316,0.0,0.0,0.0,0.0,0.0,0.0,0.0,0.0,0.0,0.0,0.0,0.0,0.0,0.0,0.0,0.0,0.0,0.0,0.0,0.0,4.02397574219024,0.0,0.0
2026-07-27,0.0,0.0,0.0,0.0,0.0,0.0,0.0,0.0,0.0,0.0,0.0,0.0,0.0,0.0,0.0,0.0,0.0,0.0,0.0,0.0,0.0,0.0,0.0,0.0,0.0,0.0,0.0,0.0,0.0,0.0,0.0,0.0,0.0,0.0,0.0,0.0,0.0,0.0,0.0,0.0,0.0,0.0,0.0,0.0,0.0,0.0,0.0,0.0,0.0,0.0,0.0,0.0,0.0,0.0,0.0,0.0,0.0,0.0,0.0,0.0,0.0,0.0,0.0,-1.0060648472125004,0.0,0.0,-1.0060898079368297,0.0,0.0,0.0,0.0,0.0,0.0,0.0,0.0,0.0,0.0,0.0,0.0,0.0,0.0,0.0,0.0,0.0,0.0,0.0,0.0,0.0,0.0,0.0,0.0,0.0,0.0,0.0,0.0,0.0,0.0,0.0,0.0,0.0,0.0,0.0,0.0,0.0,0.0,0.0,0.0,0.0
2026-07-28,0.0,0.0,0.0,0.0,0.0,0.0,0.0,0.0,0.0,0.0,0.0,0.0,0.0,0.0,0.0,0.0,0.0,0.0,0.0,0.0,0.0,0.0,0.0,0.0,0.0,0.0,0.0,0.0,0.0,0.0,0.0,0.0,0.0,0.0,0.0,0.0,0.0,0.0,0.0,0.0,0.0,0.0,0.0,0.0,0.0,0.0,0.0,0.0,0.0,0.0,0.0,0.0,0.0,0.0,0.0,0.0,0.0,0.0,0.0,0.0,0.0,0.0,0.0,-1.0072702578544757,-1.0067231857557093,0.0,0.0,0.0,0.0,0.0,0.0,0.0,0.0,0.0,0.0,0.0,0.0,0.0,0.0,0.0,0.0,0.0,0.0,0.0,0.0,0.0,0.0,0.0,0.0,0.0,0.0,0.0,0.0,0.0,0.0,0.0,0.0,0.0,0.0,0.0,0.0,0.0,0.0,0.0,0.0,0.0,0.0,0.0
2026-07-29,0.0,0.0,0.0,0.0,0.0,0.0,0.0,0.0,0.0,0.0,0.0,0.0,0.0,0.0,0.0,0.0,0.0,0.0,0.0,0.0,0.0,0.0,0.0,0.0,0.0,0.0,0.0,0.0,0.0,0.0,0.0,0.0,0.0,0.0,0.0,0.0,0.0,0.0,0.0,0.0,0.0,0.0,0.0,0.0,0.0,0.0,0.0,0.0,0.0,0.0,0.0,-3.048479428743879,0.0,0.0,0.0,0.0,0.0,0.0,0.0,0.0,0.7775155781720688,1.7843137254901682,0.0,-1.1070699795942782,-2.013799462295708,-1.0065106961436605,-1.0066839273581953,0.0,0.0,0.0,0.0,0.0,0.0,0.0,0.0,0.0,0.0,0.0,0.0,0.0,0.0,0.0,0.0,0.0,0.0,0.0,0.0,0.0,0.0,0.0,0.0,0.0,0.0,0.0,0.0,0.0,0.0,0.0,0.0,0.0,0.0,0.0,0.0,0.0,0.0,0.0,0.0,0.0
2026-07-30,0.0,0.0,0.0,0.0,0.0,0.0,0.0,0.0,0.0,0.0,0.0,0.0,0.0,0.0,0.0,0.0,0.0,0.0,0.0,0.0,0.0,0.0,0.0,0.0,0.0,0.0,0.0,0.0,0.0,0.0,0.0,0.0,0.0,0.0,0.0,0.0,0.0,0.0,0.0,0.0,0.0,0.0,0.0,0.0,0.0,0.0,0.0,0.0,0.0,0.0,0.0,0.0,0.0,0.0,0.0,0.0,0.0,0.0,0.0,0.0,0.0,0.0,0.0,0.0,0.0,0.0,-1.0030514896970333,0.0,0.0,0.0,0.0,0.0,0.37818552497452146,0.0,0.0,0.0,0.0,0.0,-0.6428478460722377,0.0,0.0,0.0,0.0,0.0,0.0,0.0,0.0,0.0,0.0,0.0,0.0,0.0,0.0,0.0,0.0,0.0,0.0,0.0,0.0,0.0,0.0,0.0,0.0,0.0,0.0,0.0,0.0,0.0
2026-07-31,0.0,0.0,0.0,0.0,0.0,0.0,0.0,0.0,0.0,0.0,0.0,0.0,0.0,0.0,0.0,0.0,0.0,0.0,0.0,0.0,0.0,0.0,0.0,0.0,0.0,0.0,0.0,0.0,0.0,0.0,0.0,0.0,0.0,0.0,0.0,0.0,0.0,0.0,0.0,0.0,0.0,0.0,0.0,0.0,0.0,0.0,0.0,0.0,0.0,0.0,0.0,0.0,0.0,0.0,0.0,0.0,0.0,0.0,0.0,0.0,0.0,0.0,0.0,-1.0696191240745634,0.0,0.0,0.0,0.0,0.0,0.0,0.0,0.0,0.0,0.0,0.0,0.0,0.0,0.0,2.2301525730541414,0.0,0.0,0.0,0.0,0.0,0.9612423797445753,0.0,0.0,0.0,0.0,0.0,1.6537362941122493,0.0,0.0,0.0,0.0,0.0,2.0720274730175627,0.0,0.0,0.0,0.0,0.0,0.0,0.0,0.0,0.0,0.0,0.0
2026-08-03,0.0,0.0,0.0,0.0,0.0,0.0,0.0,0.0,0.0,0.0,0.0,0.0,0.0,0.0,0.0,0.0,0.0,0.0,0.0,0.0,0.0,0.0,0.0,0.0,0.0,0.0,0.0,0.0,0.0,0.0,0.0,0.0,0.0,0.0,0.0,0.0,0.0,0.0,0.0,0.0,0.0,0.0,0.0,0.0,0.0,0.0,0.0,0.0,0.0,0.0,0.0,0.0,0.0,0.0,0.0,0.0,0.0,0.0,0.0,0.0,0.0,0.0,0.0,0.0,0.0,0.0,0.0,0.0,0.0,0.0,0.0,0.0,0.0,0.0,0.0,0.0,0.0,0.0,0.0,0.0,0.0,0.0,0.0,0.0,0.0,0.0,0.0,0.0,0.0,0.0,0.0,0.0,0.0,0.0,0.0,0.0,0.0,0.0,0.0,0.0,0.0,0.0,0.0,0.0,0.0,0.0,0.0,0.0
2026-08-04,0.0,0.0,0.0,0.0,0.0,0.0,0.0,0.0,0.0,0.0,0.0,0.0,0.0,0.0,0.0,0.0,0.0,0.0,0.0,0.0,0.0,0.0,0.0,0.0,0.0,0.0,0.0,0.0,0.0,0.0,0.0,0.0,0.0,0.0,0.0,0.0,0.0,0.0,0.0,0.0,0.0,0.0,0.0,0.0,0.0,0.0,0.0,0.0,0.0,0.0,0.0,0.0,0.0,0.0,0.0,0.0,0.0,0.0,0.0,0.0,0.0,0.0,0.0,0.0,0.0,0.0,0.0,0.0,0.0,0.0,0.0,0.0,4.862851952770133,0.0,0.0,0.0,0.0,0.0,0.0,0.0,0.0,0.0,0.0,0.0,0.0,0.0,0.0,0.0,0.0,0.0,0.0,0.0,0.0,0.0,0.0,0.0,0.0,0.0,0.0,0.0,0.0,0.0,0.0,0.0,0.0,0.0,0.0,0.0
2026-08-05,1.2949750671269844,-1.0090378646803206,0.0,-1.0098349139445177,0.0,0.0,0.0,0.0,0.0,0.0,0.0,0.0,0.0,0.0,0.0,0.0,0.0,0.0,0.0,0.0,0.0,0.0,0.0,0.0,0.0,0.0,0.0,0.0,0.0,0.0,0.0,0.0,0.0,0.0,0.0,0.0,1.2949750671269844,0.0,0.0,0.0,0.0,0.0,0.0,0.0,0.0,0.0,0.0,0.0,7.3688450999125115,0.0,0.0,0.0,0.0,0.0,0.0,0.0,0.0,0.0,0.0,0.0,0.0,0.0,-1.0051167432772345,0.0,0.0,0.0,0.0,0.0,0.0,0.0,0.0,0.0,-2.03507848198976,-1.0160472600625883,0.0,10.355123491136064,-2.0377392041951428,-1.0142795496449835,0.7366281771625731,2.7684990396048015,2.7684990396048015,-2.0411420549609116,-5.114118249526107,0.0,7.200769731050002,8.378905072827939,8.378905072827939,-2.019751696874847,-2.0189828537312495,-1.0100599729154274,-2.0194298485879107,-1.0096841993242225,-1.0096841993242225,-1.0097456492636885,-2.0190396617748707,0.0,-1.005110708619422,0.0,0.0,-2.0100620594921796,-1.004945316214945,0.0,-1.004945316214945,0.0,0.0,-1.004945316214945,-1.004945316214945,0.0
2026-08-06,-1.637488010977403,-1.0081645470246383,0.0,0.0,0.0,0.0,0.0,0.0,0.0,0.0,0.0,0.0,0.5252330725201113,-1.007060420909731,0.0,0.0,0.0,0.0,0.0,0.0,0.0,0.0,0.0,0.0,0.0,-1.0042294106711167,0.0,0.0,0.0,0.0,0.0,0.0,0.0,0.0,0.0,0.0,2.430859896545569,0.0,0.0,0.0,0.0,0.0,0.0,0.0,0.0,0.0,0.0,0.0,0.0,4.838759968819324,0.9216459981192924,2.081590823033255,0.0,0.0,0.7093804943634068,0.0,0.0,0.0,0.0,0.0,4.420628409401682,0.0,0.0,0.0,0.0,0.0,0.0,0.0,-2.0076918863651927,0.0,0.0,0.0,0.0,0.0,-1.0112086220168999,0.0,0.3831806273702998,0.9135267792695356,0.3831806273702998,0.2981292368610273,-0.734642826766984,-4.0811146772303575,-4.079620425631478,-4.081038173056664,0.0,0.0,0.0,0.0,-1.011746861587088,0.0,0.0,0.0,0.0,-2.0226542090640094,0.0,0.0,0.0,0.0,0.0,0.0,0.0,0.0,0.0,0.0,0.0,0.0,0.0,0.0
2026-08-07,3.175280468826318,-2.0268565231358986,0.0,3.821050940858701,0.0,0.0,0.0,0.0,0.0,0.0,0.0,0.0,7.706158143947314,-1.0096841993242682,0.0,1.8489175590323352,0.0,0.0,0.0,0.0,0.0,0.0,0.0,0.0,1.6339575226978014,0.0,0.0,1.3864046973802882,0.0,0.0,0.0,0.0,0.0,0.0,0.0,0.0,2.9694339532690175,0.0,0.0,-3.026362281448945,0.0,0.0,0.0,0.0,0.0,0.0,0.0,0.0,0.0,4.369518756166963,-2.0165089654690656,0.9109620569474398,2.573810402065635,0.0,1.9341281669150507,0.0,0.0,0.0,0.0,0.0,0.0,3.466243095503825,3.850281311493579,4.4393139841688685,2.9889763779527607,2.494063988195037,3.466243095503825,2.494063988195037,-1.0040887391182272,1.6339575226978014,0.0,0.0,-2.0152188516222025,-1.0083413538659178,0.0,0.7330385443574492,2.0361579179480396,4.639682539682545,0.9568401573643324,0.9250265538585948,0.9250265538585948,-0.11533716315184062,-0.11044065845745743,-0.11044065845745743,0.0,0.0,0.0,4.364289563082238,3.4170996451191407,6.507492104446835,1.3361549607260148,1.209457900807381,1.209457900807381,4.367957560307243,4.367957560307243,5.381197775642656,-1.0040887391182272,0.0,0.0,3.184735561531535,3.184735561531535,3.184735561531535,3.1168535229240586,3.1168535229240586,3.0434350603264773,2.052100612396073,2.052100612396073,2.052100612396073
2026-08-10,1.7983014861995308,0.0,0.0,3.4899119732024526,0.0,0.0,-2.6835340607754636,0.0,0.0,-1.0214682767873922,0.0,0.0,0.0,0.0,0.0,-1.012844036697213,0.0,0.0,-2.0258140708039756,0.0,0.0,0.0,0.0,0.0,0.0,0.0,0.0,0.0,0.0,0.0,0.0,0.0,0.0,0.0,0.0,0.0,0.0,0.0,0.0,1.2941236395885318,0.0,0.0,0.0,0.0,0.0,0.0,0.0,0.0,0.0,1.2248014030743963,0.0,0.0,0.9630493971217702,0.0,0.0,0.0,0.0,0.0,0.0,0.0,0.0,0.0,0.0,0.0,0.0,0.0,0.0,0.0,0.0,0.0,0.0,0.0,0.0,0.0,0.0,-1.0185780635941184,0.0,0.0,2.4722100607637647,0.18248906094293282,3.451756558284977,0.0,3.4899119732024526,2.158979202155827,0.0,0.0,0.0,-1.0122571303498515,0.0,0.0,-2.02853842724603,-1.012844036697213,0.9630493971217702,0.0,-1.0140368467226277,-1.012844036697213,0.0,0.0,0.0,0.0,0.0,0.0,0.0,0.0,0.0,0.0,0.0,0.0
2026-08-11,0.0,0.0,0.0,0.0,-1.9167700597649144,0.0,0.0,-1.9095162318841532,0.0,0.9086985588974126,0.0,0.0,0.0,0.0,0.0,4.096387176987033,-1.0073771571597705,0.0,5.287332646755943,-2.0257065994979655,0.0,-0.006521373780168593,0.0,0.0,0.0,0.0,0.0,0.0,1.232407407407425,0.0,1.4601824358665676,-1.0053493814777668,0.0,-2.0085622186016265,0.0,0.0,0.0,0.0,0.0,11.338513338514355,0.0,0.0,-1.0109653416878528,0.0,0.0,0.0,0.0,0.0,3.5689308401473894,0.0,0.0,0.0,4.643584167072694,0.0,0.0,-1.0159498718314084,0.0,-0.04626971132193347,0.0,0.0,0.0,0.0,-1.0083075673818855,0.0,0.0,0.0,0.0,0.0,0.0,0.0,1.484675764583249,-1.0044025157232754,-2.026067286760089,-2.027598009591215,-2.027598009591215,0.0,0.0,0.0,0.0,0.0,5.457887517146931,0.5576432382278037,3.9697439875871843,3.737643627474765,0.0,0.0,0.0,0.0,0.0,0.0,6.598726114649742,5.108050198959298,4.5136028476989685,6.337743455690205,4.096161864387606,4.096387176987033,-1.0050282840980516,-1.0050282840980516,-1.0050282840980516,0.0,0.0,0.0,0.0,0.0,0.0,0.0,0.0,1.4601824358665676
2026-08-12,0.0,0.0,0.0,0.0,0.0,0.0,0.0,-1.010227376495261,0.0,1.9458152293360949,0.0,0.0,0.0,0.0,0.0,0.0,0.0,0.0,0.0,0.0,0.0,2.4612158317604846,0.0,0.0,0.0,0.0,0.0,0.0,0.0,0.0,0.0,-2.009621532951183,0.0,0.0,0.0,0.0,0.0,0.0,0.0,0.0,0.0,0.0,0.0,0.0,0.0,0.0,0.0,0.0,4.2104752251402005,0.0,0.0,0.0,0.0,0.0,0.0,-1.005156300354493,0.0,-2.0247872717588633,0.0,0.0,0.0,0.0,0.0,0.0,0.0,0.0,0.0,0.0,0.0,0.0,0.0,0.0,0.0,0.0,0.0,0.0,0.0,0.0,0.0,0.0,0.0,4.660162378262358,2.4161901944072595,5.886658610716186,0.0,0.0,0.0,0.0,0.0,0.0,0.0,0.0,0.0,4.497227281926736,2.8642672312397326,4.842429822780841,0.0,0.0,0.0,0.0,0.0,0.0,0.0,2.0957480496300867,2.0957480496300867,2.0957480496300867,2.0957480496300867,0.0
2026-08-13,0.0,0.0,0.0,0.0,0.0,0.0,0.0,0.0,0.0,-1.5075086302787943,0.0,0.0,0.0,0.0,0.0,0.0,0.0,0.0,0.0,0.0,0.0,-4.202819933970439,0.0,0.0,0.0,0.0,0.0,0.0,0.0,0.0,0.0,0.0,0.0,-0.29154891670032174,0.0,0.0,0.0,0.0,0.0,0.0,0.0,0.0,0.0,0.0,0.0,0.0,0.0,0.0,0.0,0.0,0.0,-1.0142222222222221,0.0,0.0,-1.0182025028441066,0.0,0.0,-4.210834079076827,0.0,0.0,-2.008898796772976,1.1244698594233957,-0.7862724868666267,0.0,-1.1036518259129768,-1.0037771482530813,0.0,0.0,-1.0037771482530813,0.0,0.0,-2.008185382204357,-1.0130187144019496,0.0,0.0,0.0,0.0,0.0,0.0,0.0,0.0,0.0,-2.6067227536035507,-2.3850512761360365,0.0,0.0,0.0,0.0,0.0,0.0,0.0,0.0,0.0,0.0,-1.0184910021462772,-2.179810010921944,0.0,0.0,0.0,0.0,0.0,0.0,0.0,0.0,0.0,0.0,-1.0039693790756934,-1.099816938048001
2026-08-14,0.0,0.0,0.0,0.0,0.0,0.0,0.0,0.0,0.0,0.0,0.0,0.0,0.0,0.0,0.0,0.0,0.0,0.0,0.0,0.0,0.0,0.0,0.0,0.0,0.0,0.0,0.0,0.0,0.0,0.0,0.0,0.0,0.0,-0.7224905028652405,0.0,0.0,0.0,0.0,0.0,0.0,0.0,0.0,0.0,0.0,0.0,0.0,0.0,0.0,0.0,0.0,0.0,0.0,0.0,0.0,0.0,0.0,0.0,0.0,0.0,0.0,-1.0043118383060543,-1.0040788084052543,0.0,0.0,0.0,0.0,0.2694742004199295,0.0,0.0,0.0,1.811049297439924,0.0,0.0,0.0,0.0,0.0,0.0,0.0,0.0,0.0,0.0,0.0,0.0,0.0,-1.118943742824365,0.0,0.0,0.0,0.0,0.0,0.0,0.0,0.0,0.0,0.0,0.0,0.0,0.0,0.0,0.0,0.0,0.0,0.0,0.0,0.0,0.0,0.0,0.0
2026-08-17,0.0,0.0,0.0,0.0,0.0,0.0,0.0,0.0,0.0,-2.024357210867171,0.0,0.0,0.0,0.0,0.0,0.0,0.0,0.0,0.0,0.0,0.0,-1.0075937351684736,0.0,0.0,0.0,0.0,0.0,0.0,0.0,0.0,0.0,0.0,0.0,0.0,0.0,0.0,0.0,0.0,0.0,0.0,0.0,0.0,0.0,0.0,0.0,0.0,0.0,0.0,0.0,0.0,0.0,0.0,0.0,0.0,0.0,0.0,0.0,-1.007531437025109,0.0,0.0,0.0,0.0,0.0,0.0,0.0,0.0,0.0,0.0,0.0,0.0,0.0,0.0,0.0,0.0,0.0,0.0,0.0,0.0,0.0,0.0,0.0,0.0,0.0,0.0,0.0,0.0,0.0,0.0,0.0,0.0,0.0,0.0,0.0,0.0,0.0,0.0,0.0,0.0,0.0,0.0,0.0,0.0,0.0,0.0,0.0,0.0,0.0,0.0
2026-08-18,0.0,0.0,0.0,0.0,0.0,0.0,0.0,0.0,0.0,0.0,0.0,0.0,0.0,0.0,0.0,0.0,0.0,0.0,0.0,0.0,0.0,0.0,0.0,0.0,0.0,0.0,0.0,0.0,0.0,0.0,0.0,0.0,0.0,-1.085376406114779,0.0,0.0,0.0,0.0,0.0,0.0,0.0,0.0,0.0,0.0,0.0,0.0,0.0,0.0,0.0,0.0,0.0,0.0,0.0,0.0,0.0,0.0,0.0,0.0,0.0,0.0,0.0,0.0,0.0,0.0,0.0,0.0,0.0,0.0,0.0,0.0,0.0,0.0,0.0,0.0,0.0,0.0,0.0,0.0,0.0,0.0,0.0,0.0,0.0,0.0,0.0,0.0,0.0,0.0,0.0,0.0,0.0,0.0,0.0,0.0,0.0,0.0,0.0,0.0,0.0,0.0,0.0,0.0,0.0,0.0,0.0,0.0,0.0,0.0
2026-08-19,0.0,0.0,0.0,0.0,0.0,0.0,0.0,0.0,0.0,0.0,0.0,0.0,0.0,0.0,0.0,0.0,0.0,0.0,0.0,0.0,0.0,0.0,0.0,0.0,0.0,0.0,0.0,0.0,0.0,0.0,0.0,0.0,0.0,0.0,0.0,0.0,0.0,0.0,0.0,0.0,0.0,0.0,0.0,0.0,0.0,0.0,0.0,0.0,0.0,0.0,0.0,0.0,0.0,0.0,0.0,0.0,0.0,0.0,0.0,0.0,0.0,0.0,0.0,-1.0079660991569561,0.0,0.0,0.0,0.0,0.0,0.0,0.0,0.0,3.1873139067328333,0.0,0.0,-0.07815145275677186,-0.07815145275677186,-0.07815145275677186,0.0,0.0,0.0,-1.0061208875287084,-1.8905507933083117,0.0,17.238303924959812,0.0,0.0,0.0,0.0,0.0,0.0,0.0,0.0,-1.005455431076475,-1.0043625598878247,0.0,0.0,0.0,0.0,0.0,0.0,0.0,0.0,0.0,0.0,-1.0038848421782727,-1.0035426221730124,0.0
2026-08-20,0.0,0.0,0.0,0.0,0.0,0.0,0.0,0.0,0.0,0.0,0.0,0.0,0.0,0.0,0.0,0.0,0.0,0.0,0.0,0.0,0.0,0.0,0.0,0.0,0.0,0.0,0.0,0.0,0.0,0.0,0.0,0.0,0.0,0.0,0.0,0.0,0.0,0.0,0.0,0.0,0.0,0.0,0.0,0.0,0.0,0.0,0.0,0.0,-0.18608665630934187,0.0,0.0,-1.0123470400176284,0.0,0.0,0.0,0.0,0.0,0.0,0.0,0.0,0.0,0.0,-1.0656132239779577,-1.0655385102008468,-2.0067857200667905,-1.005436629289845,-1.0655385102008468,0.0,0.0,0.0,-1.0697103253372915,0.0,1.8900665616129189,-4.055169890924197,-5.071278696757721,-1.4673778633302834,-0.45623580204891945,0.5533532598088517,-3.348007137095839,-3.3503744631143118,-2.341955615224407,6.167946033961232,0.0,0.0,-0.8638891044042729,-0.8638891044042729,-0.8638891044042729,0.07779898466614266,0.07779898466614266,0.0,0.0,0.0,0.0,2.688586387434514,0.0,0.0,0.0,0.0,0.0,-1.0666184531857503,-1.0666184531857503,-1.0666184531857503,0.0,0.0,0.0,0.0,0.0,0.0
2026-08-21,1.5357199080633728,0.0,0.0,0.0,0.0,0.0,1.5357199080633728,0.0,0.0,0.0,0.0,0.0,-0.3059561556032864,0.0,0.0,0.0,0.0,0.0,-0.5578080845312955,0.0,0.0,0.0,0.0,0.0,-0.3557316677300718,0.0,0.0,0.0,0.0,0.0,0.0,0.0,0.0,0.0,0.0,0.0,1.5357199080633728,0.0,0.0,0.0,0.0,0.0,0.0,0.0,0.0,0.0,0.0,0.0,3.8336784664338457,-0.0689237436827782,-0.5649616558707603,5.966688329734833,0.0,0.0,-1.0082846364375928,0.0,0.0,0.0,0.0,0.0,4.266542573131114,3.2415770609318706,2.255978084227129,0.0,2.3457089703146354,3.171419834337155,2.8431512242678916,1.8034724115989513,0.7638477048985769,4.266542573131114,0.0,0.0,0.6358037681329407,4.386926034660002,6.715369734909973,2.634995890615505,3.515450763305216,1.3141739295178176,0.2813580477782125,2.7297367618361417,3.755460234504988,6.452677378648781,6.452677378648781,2.38779726581374,5.867949719487795,3.131859340105715,3.131859340105715,2.737960871889393,3.7513037358397976,4.75933528836757,1.4501406999347257,2.4634835638851302,2.4634835638851302,0.0,0.0,0.0,1.8034724115989513,1.8034724115989513,1.589886355994887,1.589886355994887,1.589886355994887,0.0,1.8034724115989513,1.8034724115989513,1.8034724115989513,0.7192212151728741,0.7192212151728741,0.7192212151728741
2026-08-24,-1.0079410096426566,3.020306605541784,0.0,-3.0324659353744834,0.0,0.0,-2.500934533982036,0.0,0.0,0.0,0.0,0.0,0.0,-0.7359492625577441,0.0,-2.0163119064264055,0.0,0.0,-2.746315542654213,0.0,0.0,0.0,0.0,0.0,0.0,0.0,0.0,-1.0036850590596618,0.0,0.0,0.0,0.0,0.0,0.0,0.0,0.0,-1.0084617709277497,0.0,0.0,0.0,0.0,0.0,0.0,0.0,0.0,0.0,0.0,0.0,0.0,0.0,-0.9250205956149544,0.0,0.0,0.0,0.0,0.0,0.0,0.0,0.0,0.0,0.0,0.0,0.0,0.0,0.0,0.0,0.0,0.0,0.0,0.0,0.0,0.0,-1.011247238401252,0.0,0.0,-1.0114954326183023,0.0,0.0,0.0,0.0,0.0,0.0,0.0,0.0,-1.0053414727203285,0.0,0.0,0.0,-1.00562023283821,0.0,0.0,0.0,0.0,0.0,0.0,0.0,-1.0038929440389242,-1.0038929440389242,0.0,0.0,0.0,0.0,0.0,0.0,0.0,0.0,0.0,0.0
2026-08-25,0.0,0.0,0.0,2.0310542734033232,-1.0112393376819049,0.0,-1.0112393376819049,0.0,0.0,0.0,0.0,0.0,0.0,0.0,0.0,-3.0258766016103325,0.0,0.0,0.0,0.0,0.0,0.0,0.0,0.0,0.0,0.5979464894342394,0.0,-1.0060227324185933,-1.0038213518032013,0.0,-1.0638206123329101,0.0,0.0,0.0,0.0,0.0,0.0,0.0,0.0,-1.0112393376819049,0.0,0.0,0.0,0.0,0.0,0.0,0.0,0.0,-3.126826440404814,0.0,0.0,0.0,-2.019191174170002,0.0,-2.1363606558213704,0.0,0.0,0.0,0.0,0.0,0.0,0.0,-1.0035827388759242,0.0,0.0,0.0,0.0,0.0,0.0,0.0,0.5758468157304958,0.0,-2.0260364471907804,-2.0257377195589665,0.0,1.7272318008617036,-1.0333432569217589,-1.0317820658343844,-3.037437167173782,-2.0240904742168198,0.9733993351385399,0.8456178951228116,2.075082710060693,3.6725796162004256,-2.0220913452174747,-1.0120456012045371,0.0,-1.1328034867324919,-1.011945392491435,0.0,-1.0083277567105338,-1.006097560975613,-1.1115297663903592,0.0,-1.0062180768376605,-2.0122718036632525,-1.003912527073276,-1.003912527073276,-1.003912527073276,0.0,-1.0690389294403924,-1.003912527073276,-1.0035827388759242,0.0,0.0,0.0,0.0,0.0
2026-08-26,0.0,0.0,0.0,0.0,0.0,0.0,0.0,0.0,0.0,0.0,0.0,0.0,0.0,0.0,0.0,0.3026432719531984,0.0,0.0,0.0,0.0,0.0,0.0,0.0,0.0,0.0,0.0,0.0,0.0,0.0,0.0,-1.0047785647239669,0.0,0.0,0.0,0.0,0.0,0.0,0.0,0.0,0.0,0.0,0.0,0.0,0.0,0.0,0.0,0.0,0.0,1.1020910209102048,0.0,0.0,0.0,0.0,0.0,-4.196746046661161,0.0,0.0,0.0,0.0,0.0,0.0,0.0,-1.0773018952395126,0.0,-1.0047785647239669,0.0,0.0,0.0,-1.0641525791070716,0.0,-2.087775837621193,0.0,-4.064622295975665,0.37547404508358395,0.0,0.0,0.0,0.0,0.0,0.0,0.0,-2.034216973083104,-2.0373916046341156,-1.0152277362338546,-1.0065063320552934,0.0,0.0,0.0,0.0,0.0,0.0,0.0,0.0,-0.7065847086021184,-0.09474815623550037,-2.1462853580315837,0.0,0.0,0.0,0.0,0.0,0.0,-1.0691242702251853,0.0,0.0,-1.0691496462421477,-1.0691496462421477,-1.0691242702251853
2026-08-27,0.0,0.0,0.0,0.0,0.0,0.0,0.0,0.0,0.0,0.0,0.0,0.0,0.0,0.0,0.0,0.0,0.0,0.0,0.0,0.0,0.0,0.0,0.0,0.0,0.0,0.0,0.0,0.0,0.0,0.0,0.0,0.0,0.0,0.0,0.0,0.0,0.0,0.0,0.0,0.0,0.0,0.0,0.0,0.0,0.0,0.0,0.0,0.0,0.0,0.0,0.0,0.0,0.0,0.0,-0.03718393003655662,0.0,0.0,0.0,0.0,0.0,-1.0042556425260312,0.0,0.0,-1.0039087038459003,0.0,0.0,0.0,0.0,-1.0076691317447184,0.0,-1.0892641737032485,0.0,0.0,0.0,0.0,3.346955784658524,0.0,0.0,0.0,0.0,0.0,0.0,0.0,0.0,1.4412761511607177,2.503099510603617,0.0,-1.0093434554100578,0.0,0.0,0.0,0.0,0.0,0.0,0.0,0.0,-1.0857686894610505,0.0,0.0,0.0,0.0,0.0,0.0,0.0,0.0,0.0,0.0,0.0
2026-08-28,0.0,0.0,0.0,0.0,0.0,0.0,0.0,0.0,0.0,0.0,0.0,0.0,0.0,0.0,0.0,0.0,0.0,0.0,0.0,0.0,0.0,0.0,0.0,0.0,0.0,0.0,0.0,0.0,0.0,0.0,0.0,0.0,0.0,0.0,0.0,0.0,0.0,0.0,0.0,0.0,0.0,0.0,0.0,0.0,0.0,0.0,0.0,0.0,1.0824210460893964,0.0,0.0,0.0,0.0,0.0,0.0,0.0,0.0,0.0,0.0,0.0,0.8254238891531627,0.8254178879701948,0.0,1.8300039169604572,0.0,0.0,-1.0810958904109627,0.0,0.0,-1.0045576625702084,0.0,0.0,2.4258697524622814,2.4258697524622814,2.4258697524622814,0.0,0.0,0.0,-1.005598320503861,-1.006221876562393,-1.0059628387371657,0.0,0.0,0.0,0.0,0.0,0.0,-1.0053020261314303,0.0,0.0,-1.0053020261314303,-1.0032370877770938,-1.0031399814965443,0.0,0.0,0.0,0.0,0.0,0.0,-2.0789033335816995,0.0,0.0,-1.0031335683509612,-1.0031335683509612,-1.0031335683509612,0.0,0.0,0.0
2026-08-31,-4.051433889988252,0.0,0.0,0.0,0.0,0.0,0.0,0.0,0.0,0.0,0.0,0.0,0.0,0.0,0.0,0.0,0.0,0.0,0.0,0.0,0.0,0.0,0.0,0.0,0.0,0.0,0.0,0.0,0.0,0.0,0.0,0.0,0.0,0.0,0.0,0.0,-3.0346190670592987,0.0,0.0,0.0,0.0,0.0,0.0,0.0,0.0,0.0,0.0,0.0,0.0,1.207859257628035,0.0,-0.48292300881943423,0.0,0.0,0.0,0.0,0.0,0.0,0.0,0.0,0.0,0.0,0.0,0.0,0.0,0.0,0.0,0.0,0.0,0.0,0.0,0.0,0.010683202261597913,-3.9552351126976513,1.0711180705700407,7.335306421572206,2.171405458097757,3.190818822315893,-0.6763722995349375,-2.0258057818195336,-2.024401008697974,-1.0156774916013263,0.0,0.0,-1.5295143006450613,-0.5225508587152063,-0.5225508587152063,-0.5259574594711394,-0.5250204476495697,-1.010874842217688,-3.0274847828889433,-2.016601486805005,-2.0141220547910246,-1.010874842217688,0.0,0.0,0.0,0.0,0.0,0.0,-1.0048876281911494,0.0,0.0,0.0,0.0,0.0,0.0,0.0
2026-09-01,1.9118029916836061,0.0,0.0,4.696294936269262,0.0,0.0,-0.4278371603402271,0.0,0.0,0.0,0.0,0.0,-1.0069995625273458,0.0,0.0,-2.0139886420905437,0.0,0.0,-1.0069995625273458,0.0,0.0,0.0,0.0,0.0,0.0,0.0,0.0,0.0,0.0,0.0,0.0,0.0,0.0,0.0,0.0,0.0,0.4006854327012346,0.0,0.0,0.0,0.0,0.0,0.0,0.0,0.0,0.0,0.0,0.0,-1.2295081967212866,2.698580431599731,0.0,-2.1960290707264556,-1.0069995625273458,0.0,2.698580431599731,0.0,0.0,0.0,0.0,0.0,0.0,0.0,0.0,0.0,0.0,2.202350965575142,2.098898695508016,0.0,0.0,0.0,0.0,0.0,6.628173875682476,1.34048007683269,-4.340274993117335,1.3110885795925418,1.3110885795925418,7.5223151620021635,3.871308119242694,8.313814919645598,6.456300700804736,4.0313751385300485,-0.43896684932291863,-0.43896684932291863,2.6068828456125424,2.1607966581536915,-1.0069890795631977,2.897461391160168,2.698580431599731,2.698580431599731,4.690137765143304,0.0,0.0,0.0,0.0,0.0,0.0,2.2681968885488337,2.2681968885488337,0.0,0.0,0.0,0.0,0.0,0.0,-1.0756950279472508,0.0,0.0
2026-09-02,0.8940336397892283,0.0,0.0,1.1003926584481123,0.0,0.0,4.232385572808441,0.0,0.0,0.0,0.0,0.0,1.6117763041716777,0.0,0.0,-0.747769183345028,0.0,0.0,1.684122765365587,0.0,0.0,0.0,0.0,0.0,-1.065364838007511,-1.004650583399087,0.0,-1.0803412175261633,0.0,0.0,-1.0662997568155606,0.0,0.0,0.0,0.0,0.0,0.8940336397892283,0.0,0.0,-1.0193604148659854,0.0,0.0,0.0,0.0,0.0,0.0,0.0,0.0,0.0,0.0,-1.0093209054594177,0.0,-3.022898804643857,0.0,0.0,0.0,0.0,0.0,0.0,0.0,0.0,0.0,3.5216796544781146,0.0,0.0,0.0,0.0,3.9757615967269726,0.0,-2.008861001202536,0.0,0.0,-2.0194387962246365,-2.0222354459748333,0.0,-1.021751796465374,-1.0178970917225558,-2.0326397363872823,-1.01225651127159,0.0,-1.0142077889128347,0.0,0.0,0.0,-1.007422133863506,0.0,0.0,-1.0095375968662157,-1.0093209054594177,0.0,0.0,2.919545056867953,2.919545056867953,3.0948338269167968,3.0948338269167968,2.6942713699324616,3.74042548009596,-1.0040481439982771,-1.0040481439982771,3.9757615967269726,0.0,0.0,0.0,0.0,0.0,0.0,0.0,0.0
2026-09-03,0.0,0.0,0.0,0.0,0.0,0.0,0.0,0.0,0.0,0.0,0.0,0.0,0.0,0.0,0.0,0.0,0.0,0.0,0.0,0.0,0.0,0.0,0.0,0.0,0.0,0.0,0.0,0.0,0.0,0.0,0.0,0.0,0.0,0.0,0.0,0.0,0.0,0.0,0.0,0.0,0.0,0.0,0.0,0.0,0.0,0.0,0.0,0.0,0.0,0.0,0.0,-1.0174156429793473,0.0,0.0,-1.2279678732533836,0.0,0.0,0.0,0.0,0.0,0.0,0.0,0.0,0.0,-1.0057465366854859,-1.0766867759724748,-1.0039092495637019,-1.0057406458226474,-1.1580928481806863,-1.0054988216810818,0.0,0.0,-1.0085876399325255,-1.0085876399325255,-1.0085876399325255,-1.0092386373010056,0.0,0.0,0.0,0.0,0.0,0.0,0.0,0.0,0.0,0.0,0.0,0.0,0.0,0.0,0.0,0.0,0.0,0.0,0.0,0.0,0.0,0.0,0.0,0.0,-1.1545123586893897,-1.1545123586893897,0.0,0.0,0.0,-1.1580928481806863,-1.1580928481806863,0.0
2026-09-04,0.0,0.0,0.0,0.0,0.0,0.0,0.0,0.0,0.0,0.0,0.0,0.0,0.0,0.0,0.0,0.0,0.0,0.0,0.0,0.0,0.0,0.0,0.0,0.0,0.0,0.0,0.0,0.0,0.0,0.0,0.0,0.0,0.0,0.0,0.0,0.0,0.0,0.0,0.0,0.0,0.0,0.0,0.0,0.0,0.0,0.0,0.0,0.0,0.0,0.0,0.0,0.0,0.0,0.0,0.0,0.0,0.0,0.0,0.0,0.0,-1.1489287275629885,-1.0061806743557133,0.0,1.6250013996663373,0.0,0.0,1.6652900954573393,-1.00411961599293,0.0,-2.0111667436592002,0.0,0.0,0.0,0.0,0.0,-1.2113108959581644,0.0,0.0,0.0,0.0,0.0,0.0,0.0,0.0,0.0,0.0,0.0,0.9584809497172043,0.0,0.0,0.0,0.0,0.0,0.0,0.0,0.0,0.0,0.0,0.0,1.8622987353056255,0.0,0.0,0.0,0.0,0.0,0.0,0.0,0.0
2026-09-07,0.0,0.0,0.0,0.0,0.0,0.0,0.0,0.0,0.0,0.0,0.0,0.0,0.0,0.0,0.0,0.0,0.0,0.0,0.0,0.0,0.0,0.0,0.0,0.0,0.0,0.0,0.0,0.0,0.0,0.0,0.0,0.0,0.0,0.0,0.0,0.0,0.0,0.0,0.0,0.0,0.0,0.0,0.0,0.0,0.0,0.0,0.0,0.0,0.0,0.0,0.0,0.0,0.0,0.0,0.0,0.0,0.0,0.0,0.0,0.0,0.0,0.0,0.0,0.0,0.0,0.0,0.0,0.0,0.0,0.0,0.0,0.0,0.0,0.0,0.0,0.0,0.0,0.0,0.0,0.0,0.0,0.0,0.0,0.0,0.0,0.0,0.0,0.0,0.0,0.0,0.0,0.0,0.0,0.0,0.0,0.0,0.0,0.0,0.0,0.0,0.0,0.0,0.0,0.0,0.0,0.0,0.0,0.0
2026-09-08,0.0,0.0,0.0,0.0,0.0,0.0,0.0,0.0,0.0,0.0,0.0,0.0,0.0,0.0,0.0,0.0,0.0,0.0,0.0,0.0,0.0,0.0,0.0,0.0,0.0,0.0,0.0,0.0,0.0,0.0,0.0,0.0,0.0,0.0,0.0,0.0,0.0,0.0,0.0,0.0,0.0,0.0,0.0,0.0,0.0,0.0,0.0,0.0,0.0,0.0,0.0,0.0,0.0,0.0,0.0,0.0,0.0,0.0,0.0,0.0,-1.0941433050115676,-1.0534268475065802,0.0,-2.0108456748357675,0.0,0.0,0.0,-1.0847478424475347,0.0,0.9696969696969729,0.0,0.0,0.0,0.0,0.0,-1.0132278256761185,0.0,0.0,0.0,0.0,0.0,0.0,0.0,0.0,0.0,0.0,0.0,-1.0094054417198726,0.0,0.0,0.0,0.0,0.0,0.0,0.0,0.0,0.0,0.0,0.0,0.0,0.0,0.0,0.0,0.0,0.0,0.0,0.0,0.0
2026-09-09,0.0,0.0,0.0,0.0,0.0,0.0,0.0,0.0,0.0,0.0,0.0,0.0,0.0,0.0,0.0,0.0,0.0,0.0,0.0,0.0,0.0,0.0,0.0,0.0,0.0,0.0,0.0,0.0,0.0,0.0,0.0,0.0,0.0,0.0,0.0,0.0,0.0,0.0,0.0,0.0,0.0,0.0,0.0,0.0,0.0,0.0,0.0,0.0,-1.0580508606468308,0.0,0.0,0.0,0.0,0.0,0.0,0.0,0.0,0.0,0.0,0.0,0.0,0.0,-1.0788522281843567,0.0,0.0,0.0,0.0,0.0,0.0,-1.0046254233088145,0.0,0.0,0.0,0.0,0.0,-1.0327868852457838,0.0,0.0,0.0,0.0,0.0,0.0,0.0,0.0,0.0,0.0,0.0,0.0,0.0,0.0,0.0,0.0,0.0,0.0,0.0,0.0,0.0,0.0,0.0,0.0,0.0,0.0,0.0,0.0,0.0,0.0,0.0,0.0
2026-09-10,0.0,0.0,0.0,0.0,0.0,0.0,0.0,0.0,0.0,0.0,0.0,0.0,0.0,0.0,0.0,0.0,0.0,0.0,0.0,0.0,0.0,0.0,0.0,0.0,0.0,0.0,0.0,0.0,0.0,0.0,0.0,0.0,0.0,0.0,0.0,0.0,0.0,0.0,0.0,0.0,0.0,0.0,0.0,0.0,0.0,0.0,0.0,0.0,0.0,0.0,0.0,0.0,0.0,0.0,0.0,0.0,0.0,0.0,0.0,0.0,-1.0041076798943707,0.0,0.0,-1.0042854409795303,-1.0041076798943707,0.0,0.0,0.0,0.0,-1.07676064164782,0.0,0.0,-0.13551545008334598,0.0,0.0,-1.084459799017508,0.0,0.0,0.12061792649490433,0.0,0.0,0.0,0.0,0.0,-1.0067891131720734,0.0,0.0,-1.0067891131720734,0.0,0.0,-1.0067891131720734,0.0,0.0,0.0,0.0,0.0,0.0,0.0,0.0,-1.1551177708475922,0.0,0.0,0.0,0.0,0.0,0.0,0.0,0.0
2026-09-11,0.0,0.0,0.0,0.0,0.0,0.0,0.0,0.0,0.0,0.0,0.0,0.0,0.0,0.0,0.0,0.0,0.0,0.0,0.0,0.0,0.0,0.0,0.0,0.0,0.0,0.0,0.0,0.0,0.0,0.0,0.0,0.0,0.0,0.0,0.0,0.0,0.0,0.0,0.0,0.0,0.0,0.0,0.0,0.0,0.0,0.0,0.0,0.0,-1.0092165898617735,0.0,0.0,0.0,0.0,0.0,0.0,0.0,0.0,0.0,0.0,0.0,-1.0662679502350632,-1.0037719327787735,0.0,-1.094642123053025,-1.0629959563406493,0.0,-2.0083556946238312,0.0,0.0,2.783736996230341,0.0,0.0,0.0,0.0,0.0,0.0,-0.47538491024935337,0.0,0.0,0.0,0.0,0.0,0.0,0.0,0.0,0.0,0.0,0.0,-1.143281930710166,0.0,0.0,0.0,0.0,0.0,0.0,0.0,0.0,0.0,0.0,-1.0759920780459145,0.8464118472798066,0.0,0.0,0.0,0.0,0.0,0.0,0.0
2026-09-14,0.0,0.0,0.0,0.0,0.0,0.0,0.0,0.0,0.0,0.0,0.0,0.0,0.0,0.0,0.0,0.0,0.0,0.0,0.0,0.0,0.0,0.0,0.0,0.0,0.0,0.0,0.0,0.0,0.0,0.0,0.0,0.0,0.0,0.0,0.0,0.0,0.0,0.0,0.0,0.0,0.0,0.0,0.0,0.0,0.0,0.0,0.0,0.0,-1.00829015544043,0.0,0.0,0.0,0.0,0.0,0.0,0.0,0.0,0.0,0.0,0.0,0.0,-1.004683449025669,0.0,0.0,-1.004683449025669,0.0,0.0,0.0,0.0,0.0,0.0,0.0,0.0,0.0,0.0,0.0,0.0,0.0,0.0,0.0,0.0,0.0,0.0,0.0,0.0,0.0,0.0,0.0,0.0,0.0,0.0,0.0,0.0,0.0,0.0,0.0,0.0,0.0,0.0,0.0,0.0,0.0,0.0,0.0,0.0,0.0,0.0,0.0
2026-09-15,0.0,0.0,0.0,0.0,0.0,0.0,0.0,0.0,0.0,0.0,0.0,0.0,0.0,0.0,0.0,0.0,0.0,0.0,0.0,0.0,0.0,0.0,0.0,0.0,0.0,0.0,0.0,0.0,0.0,0.0,0.0,0.0,0.0,0.0,0.0,0.0,0.0,0.0,0.0,0.0,0.0,0.0,0.0,0.0,0.0,0.0,0.0,0.0,-1.0123770582384528,0.0,0.0,0.0,0.0,0.0,0.0,0.0,0.0,0.0,0.0,0.0,0.0,0.0,0.0,0.0,0.0,0.0,1.3536694853325166,0.0,0.0,0.0,0.0,0.0,0.0,0.0,0.0,0.0,0.0,0.0,0.0,0.0,0.0,0.0,0.0,0.0,0.0,0.0,0.0,0.0,0.0,0.0,0.0,0.0,0.0,0.0,0.0,0.0,0.0,0.0,0.0,0.0,0.0,0.0,0.0,0.0,0.0,0.0,0.0,0.0
2026-09-16,0.0,0.0,0.0,0.0,0.0,0.0,0.0,0.0,0.0,0.0,0.0,0.0,0.0,0.0,0.0,0.0,0.0,0.0,0.0,0.0,0.0,0.0,0.0,0.0,0.0,0.0,0.0,0.0,0.0,0.0,0.0,0.0,0.0,0.0,0.0,0.0,0.0,0.0,0.0,0.0,0.0,0.0,0.0,0.0,0.0,0.0,0.0,0.0,0.0,0.0,0.0,0.0,0.0,0.0,0.0,0.0,0.0,0.0,0.0,0.0,1.6801582697428112,-1.1431869029439885,0.0,1.0194257269471452,0.0,0.0,0.0,0.0,0.0,0.0,0.0,0.0,-1.0117659418006313,0.0,0.0,0.0,0.0,0.0,0.0,0.0,0.0,0.0,0.0,0.0,0.0,0.0,0.0,0.0,0.0,0.0,0.0,0.0,0.0,0.0,0.0,0.0,0.0,0.0,0.0,0.0,0.0,0.0,0.0,0.0,0.0,0.0,0.0,0.0
2026-09-17,0.0,0.0,0.0,0.0,0.0,0.0,0.0,0.0,0.0,0.0,0.0,0.0,0.0,0.0,0.0,0.0,0.0,0.0,0.0,0.0,0.0,0.0,0.0,0.0,0.0,0.0,0.0,0.0,0.0,0.0,0.0,0.0,0.0,0.0,0.0,0.0,0.0,0.0,0.0,0.0,0.0,0.0,0.0,0.0,0.0,0.0,0.0,0.0,0.0,0.0,0.0,0.0,0.0,0.0,0.0,0.0,0.0,0.0,0.0,0.0,-2.067982625639592,0.0,0.0,-1.0653524680649686,0.0,0.0,-1.0030138313330763,0.0,0.0,-2.067982625639592,0.0,0.0,1.2878989558375797,0.0,0.0,0.0,0.0,0.0,0.0,0.0,0.0,0.0,0.0,0.0,3.4057639418520873,0.0,0.0,0.0,0.0,0.0,0.0,0.0,0.0,0.0,0.0,0.0,-1.0852990819645258,0.0,0.0,0.0,0.0,0.0,0.0,0.0,0.0,0.0,0.0,0.0
2026-09-18,0.0,0.0,0.0,0.0,0.0,0.0,0.0,0.0,0.0,0.0,0.0,0.0,0.0,0.0,0.0,0.0,0.0,0.0,0.0,0.0,0.0,0.0,0.0,0.0,0.0,0.0,0.0,0.0,0.0,0.0,0.0,0.0,0.0,0.0,0.0,0.0,0.0,0.0,0.0,0.0,0.0,0.0,0.0,0.0,0.0,0.0,0.0,0.0,0.0,0.0,0.0,0.0,0.0,0.0,0.0,0.0,0.0,0.0,0.0,0.0,-1.267714129310034,-1.0053776348009635,0.0,0.0,0.0,0.0,0.0,0.0,0.0,0.0,0.0,0.0,0.0,0.0,0.0,0.0,0.0,0.0,1.5516851391088151,0.0,0.0,0.0,0.0,0.0,2.017309532725801,0.0,0.0,0.0,0.0,0.0,1.0900297619047818,0.0,0.0,0.0,0.0,0.0,-0.21406864783595778,0.0,0.0,0.6742355289421018,0.0,0.0,0.6742355289421018,0.0,0.0,0.0,0.0,0.0
2026-09-21,0.0,0.0,0.0,0.0,0.0,0.0,0.0,0.0,0.0,0.0,0.0,0.0,0.0,0.0,0.0,0.0,0.0,0.0,0.0,0.0,0.0,0.0,0.0,0.0,0.0,0.0,0.0,0.0,0.0,0.0,0.0,0.0,0.0,0.0,0.0,0.0,0.0,0.0,0.0,0.0,0.0,0.0,0.0,0.0,0.0,0.0,0.0,0.0,0.0,0.0,0.0,0.0,0.0,0.0,0.0,0.0,0.0,0.0,0.0,0.0,-1.0067635733264961,0.0,0.0,-1.0067635733264961,0.0,0.0,0.0,0.0,0.0,0.0,0.0,0.0,0.0,0.0,0.0,0.0,0.0,0.0,0.0,0.0,0.0,0.0,0.0,0.0,0.0,0.0,0.0,0.0,0.0,0.0,0.0,0.0,0.0,0.0,0.0,0.0,0.0,0.0,0.0,0.0,0.0,0.0,0.0,0.0,0.0,0.0,0.0,0.0
2026-09-22,0.0,0.0,0.0,0.0,0.0,0.0,0.0,0.0,0.0,0.0,0.0,0.0,0.0,0.0,0.0,0.0,0.0,0.0,0.0,0.0,0.0,0.0,0.0,0.0,0.0,0.0,0.0,0.0,0.0,0.0,0.0,0.0,0.0,0.0,0.0,0.0,0.0,0.0,0.0,0.0,0.0,0.0,0.0,0.0,0.0,0.0,0.0,0.0,0.0,0.0,0.0,0.0,0.0,0.0,0.0,0.0,0.0,0.0,0.0,0.0,-1.0931282051282052,-1.0048373860838886,0.0,0.0,0.0,0.0,0.0,0.0,0.0,0.0,0.0,0.0,0.4437977504417643,-1.015785764623008,0.0,0.0,0.0,0.0,0.0,0.0,0.0,0.0,0.0,0.0,1.6053823099584865,3.4019398403928416,0.0,0.0,0.0,0.0,0.0,0.0,0.0,0.0,0.0,0.0,-1.005416646515436,0.0,0.0,0.0,0.0,0.0,0.0,0.0,0.0,0.0,0.0,0.0
2026-09-23,0.0,0.0,0.0,0.0,0.0,0.0,0.0,0.0,0.0,0.0,0.0,0.0,0.0,0.0,0.0,0.0,0.0,0.0,0.0,0.0,0.0,0.0,0.0,0.0,0.0,0.0,0.0,0.0,0.0,0.0,0.0,0.0,0.0,0.0,0.0,0.0,0.0,0.0,0.0,0.0,0.0,0.0,0.0,0.0,0.0,0.0,0.0,0.0,0.0,0.0,0.0,0.0,0.0,0.0,0.0,0.0,0.0,0.0,0.0,0.0,0.0,0.0,0.0,0.0,0.0,0.0,0.0,0.0,0.0,0.0,0.0,0.0,0.0,0.0,0.0,-2.0416792895878593,-1.243877354202398,0.0,-0.13991699839075566,0.0,0.0,0.0,0.0,0.0,0.0,0.0,0.0,-3.0355366299019626,-1.0084046225423937,0.0,0.0,0.0,0.0,0.0,0.0,0.0,-1.0755956072822812,-1.0952862727063883,0.0,0.0,0.0,0.0,0.0,0.0,0.0,0.0,0.0,0.0
2026-09-24,0.0,0.0,0.0,0.0,0.0,0.0,0.0,0.0,0.0,0.0,0.0,0.0,0.0,0.0,0.0,0.0,0.0,0.0,0.0,0.0,0.0,0.0,0.0,0.0,0.0,0.0,0.0,0.0,0.0,0.0,0.0,0.0,0.0,0.0,0.0,0.0,0.0,0.0,0.0,0.0,0.0,0.0,0.0,0.0,0.0,0.0,0.0,0.0,0.0,0.0,0.0,0.0,0.0,0.0,0.0,0.0,0.0,0.0,0.0,0.0,0.0,0.0,0.0,0.0,-1.004375683700565,0.0,0.0,0.0,0.0,0.0,0.0,0.0,0.0,0.0,0.0,0.0,0.0,0.0,0.41759159088018305,0.0,0.0,0.0,0.0,0.0,0.0,0.0,0.0,0.0,0.0,0.0,2.065870252683037,0.0,0.0,0.0,0.0,0.0,0.0,0.0,0.0,-1.1032386646736507,-1.1032386646736507,0.0,-1.1001401575564236,0.0,0.0,0.0,0.0,0.0
2026-09-25,0.0,0.0,0.0,0.0,0.0,0.0,0.0,0.0,0.0,0.0,0.0,0.0,0.0,0.0,0.0,0.0,0.0,0.0,0.0,0.0,0.0,0.0,0.0,0.0,0.0,0.0,0.0,0.0,0.0,0.0,0.0,0.0,0.0,0.0,0.0,0.0,0.0,0.0,0.0,0.0,0.0,0.0,0.0,0.0,0.0,0.0,0.0,0.0,0.0,0.0,0.0,0.0,0.0,0.0,0.0,0.0,0.0,0.0,0.0,0.0,0.4781495247489942,-0.006975585450918432,0.0,-1.0987033154748118,0.0,0.0,-1.0047167824805248,0.0,0.0,0.0,0.0,0.0,0.0,0.0,0.0,0.0,0.0,0.0,0.0,0.0,0.0,0.0,0.0,0.0,0.0,0.0,0.0,0.0,0.0,0.0,0.0,0.0,0.0,0.0,0.0,0.0,0.0,0.0,0.0,0.0,0.0,0.0,1.111761517615162,0.0,0.0,0.0,0.0,0.0
2026-09-28,0.0,0.0,0.0,0.0,0.0,0.0,-1.0167039522744403,0.0,0.0,0.0,0.0,0.0,-1.0103636531877236,0.0,0.0,-1.0103636531877236,0.0,0.0,-2.015195678132098,0.0,0.0,0.0,0.0,0.0,0.0,0.0,0.0,0.0,0.0,0.0,-2.0088246966365895,0.0,0.0,0.0,0.0,0.0,0.0,0.0,0.0,0.0,0.0,0.0,0.0,0.0,0.0,0.0,0.0,0.0,11.07976134401021,3.869280480925383,0.0,4.876558406716525,0.0,0.0,-1.009581657969059,0.0,0.0,0.0,0.0,0.0,0.0,0.0,0.0,0.0,0.0,0.0,0.0,0.0,-1.004710830704533,0.0,0.0,0.0,5.631987572260427,6.294578233767918,6.294578233767918,6.322415370539742,6.106259614246846,6.106259614246846,10.925170592129078,9.869541809663938,9.869541809663938,-0.6775360029976785,-3.1790892633408894,-3.1790892633408894,-1.0087084985615475,0.0,0.0,5.7532757449285015,5.7532757449285015,5.7532757449285015,0.0,0.0,0.0,-1.0087084985615475,0.0,0.0,-1.004272689123715,0.0,0.0,0.0,0.0,0.0,0.0,0.0,0.0,-1.0044037274407374,0.0,0.0
2026-09-29,0.0,0.0,0.0,-4.406495495998614,0.0,0.0,0.0,0.0,0.0,0.0,0.0,0.0,0.0,0.0,0.0,-1.010328292143101,0.0,0.0,0.0,0.0,0.0,0.0,0.0,0.0,0.0,0.0,0.0,-1.0882340416471317,0.0,0.0,-1.077457943925219,0.0,0.0,0.0,0.0,0.0,0.0,0.0,0.0,0.0,0.0,0.0,0.0,0.0,0.0,0.0,0.0,0.0,-2.021669898179006,0.0,0.0,-1.3823069647485782,-1.0122874382885254,0.0,-2.0216334258205477,0.0,0.0,0.0,0.0,0.0,0.0,3.8320486926892285,2.1002759122817967,3.8320486926892285,1.5303348211447554,0.0,3.8320486926892285,3.1064627321459075,-1.0043746582298352,-1.073910251837062,0.0,0.0,-1.0172919561525309,-1.01619667389729,-1.1049232728179572,-1.022983788220759,0.0,0.0,-1.9744682581986703,-0.8856495549538209,-0.8859240029052932,-1.1016005317503184,-2.790199054068042,-1.7674023921506483,0.0,-1.0104108570366068,-1.0105461393596957,-1.010626185958283,0.0,0.0,-1.0110019646365065,-1.0117203850983552,-2.024014821278407,-0.323132388740867,-0.3732703341208431,-0.3455021039463214,0.0,0.0,-1.0041168902775204,0.0,0.0,0.0,0.0,0.0,-1.0061799922750099,-2.0822664904568553,-2.0822664904568553,-1.0760796705927445
2026-09-30,0.0,0.0,0.0,0.0,0.0,0.0,0.0,0.0,0.0,0.0,0.0,0.0,0.0,0.0,0.0,0.0,0.0,0.0,0.0,0.0,0.0,0.0,0.0,0.0,0.0,0.0,0.0,0.0,0.0,0.0,0.0,0.0,0.0,0.0,0.0,0.0,0.0,0.0,0.0,0.0,0.0,0.0,0.0,0.0,0.0,0.0,0.0,0.0,-2.0289115812446132,0.0,0.0,0.0,0.0,0.0,0.0,0.0,0.0,0.0,0.0,0.0,0.0,-2.0123262294199264,-1.0064616627242815,0.0,0.0,-0.6536753275594027,0.0,-2.0123262294199264,0.0,-1.0057521442144945,0.0,0.0,0.0,0.0,0.0,0.0,0.0,0.0,0.0,0.0,0.0,0.0,0.0,0.0,0.0,0.0,0.0,0.0,0.0,0.0,0.0,0.0,0.0,0.0,0.0,0.0,0.0,0.0,0.0,0.0,0.0,0.0,0.0,0.0,0.0,0.0,0.0,0.0
2026-10-01,0.0,0.0,0.0,0.0,0.0,0.0,0.0,0.0,0.0,0.0,0.0,0.0,0.0,0.0,0.0,0.0,0.0,0.0,0.0,0.0,0.0,0.0,0.0,0.0,0.0,0.0,0.0,0.0,0.0,0.0,0.0,0.0,0.0,0.0,0.0,0.0,0.0,0.0,0.0,0.0,0.0,0.0,0.0,0.0,0.0,0.0,0.0,0.0,3.2832701973309484,0.0,0.0,0.0,0.0,0.0,0.4256643524060414,0.0,0.0,0.0,0.0,0.0,0.0,0.0,-1.0854186420414687,0.0,-2.013515524638888,0.0,0.0,0.0,0.0,0.0,-1.0054901960784524,0.0,0.0,0.0,0.0,0.0,0.0,0.0,0.0,0.0,0.0,0.0,0.0,0.0,0.0,0.0,0.0,0.0,0.0,0.0,0.0,0.0,0.0,0.0,0.0,0.0,0.0,0.0,0.0,0.0,0.0,0.0,0.0,0.0,0.0,0.0,0.0,0.0
2026-10-02,0.0,0.0,0.0,0.0,0.0,0.0,0.0,0.0,0.0,0.0,0.0,0.0,0.0,0.0,0.0,0.0,0.0,0.0,0.0,0.0,0.0,0.0,0.0,0.0,0.0,0.0,0.0,0.0,0.0,0.0,0.0,0.0,0.0,0.0,0.0,0.0,0.0,0.0,0.0,0.0,0.0,0.0,0.0,0.0,0.0,0.0,0.0,0.0,0.0,0.0,0.0,0.0,0.0,0.0,0.0,0.0,0.0,0.0,0.0,0.0,-2.011179841123301,0.0,0.0,-0.5754835359785463,-1.0803100775193957,0.0,-1.4973232079211778,-0.5754835359785463,0.0,-0.9988174562865739,0.0,0.0,9.332096724669345,9.852912860165109,0.0,8.350877192982354,8.350877192982354,0.0,0.0,0.0,0.0,0.0,0.0,0.0,4.6739048693363126,4.700152994160319,0.0,4.6739048693363126,0.0,0.0,0.0,0.0,0.0,0.0,0.0,0.0,2.852920018311427,2.852920018311427,0.0,2.852920018311427,0.0,0.0,0.0,0.0,0.0,0.0,0.0,0.0
2026-10-05,0.0,0.0,0.0,0.0,0.0,0.0,0.0,0.0,0.0,0.0,0.0,0.0,0.0,0.0,0.0,0.0,0.0,0.0,0.0,0.0,0.0,0.0,0.0,0.0,0.0,0.0,0.0,0.0,0.0,0.0,0.0,0.0,0.0,0.0,0.0,0.0,0.0,0.0,0.0,0.0,0.0,0.0,0.0,0.0,0.0,0.0,0.0,0.0,0.0,0.0,0.0,0.0,0.0,0.0,0.0,0.0,0.0,0.0,0.0,0.0,0.0,0.0,0.0,0.0,0.0,0.0,0.0,0.0,0.0,0.0,0.0,0.0,0.0,0.0,0.0,1.996338179859952,0.0,0.0,0.0,0.0,0.0,0.0,0.0,0.0,0.0,0.0,0.0,0.0,0.0,0.0,0.0,0.0,0.0,0.0,0.0,0.0,0.0,0.0,0.0,0.0,0.0,0.0,0.0,0.0,0.0,0.0,0.0,0.0
2026-10-06,0.0,0.0,0.0,0.0,0.0,0.0,0.0,0.0,0.0,0.0,0.0,0.0,0.0,0.0,0.0,0.0,0.0,0.0,0.0,0.0,0.0,0.0,0.0,0.0,0.0,0.0,0.0,0.0,0.0,0.0,0.0,0.0,0.0,0.0,0.0,0.0,0.0,0.0,0.0,0.0,0.0,0.0,0.0,0.0,0.0,0.0,0.0,0.0,0.0,0.0,0.0,0.0,0.0,0.0,0.0,0.0,0.0,0.0,0.0,0.0,-1.0951156812339295,0.0,0.0,0.0,0.0,0.0,0.0,-1.0675534689619188,0.0,-0.5604683756046768,0.0,0.0,0.0,0.0,0.0,-0.3172075933864632,0.0,0.0,0.0,0.0,0.0,0.0,0.0,0.0,0.0,0.0,0.0,3.290090629588213,0.0,0.0,0.0,0.0,0.0,0.0,0.0,0.0,0.0,0.0,0.0,0.0,0.0,0.0,0.0,0.0,0.0,0.0,0.0,0.0
2026-10-07,0.0,0.0,0.0,0.0,0.0,0.0,0.0,0.0,0.0,0.0,0.0,0.0,0.0,0.0,0.0,0.0,0.0,0.0,0.0,0.0,0.0,0.0,0.0,0.0,0.0,0.0,0.0,0.0,0.0,0.0,0.0,0.0,0.0,0.0,0.0,0.0,0.0,0.0,0.0,0.0,0.0,0.0,0.0,0.0,0.0,0.0,0.0,0.0,-2.016175614398077,0.0,0.0,0.0,0.0,0.0,0.0,0.0,0.0,0.0,0.0,0.0,0.0,-1.0059315750450084,-1.0056471537336762,-1.0059315750450084,0.0,0.0,0.0,0.0,0.0,-1.0059315750450084,0.0,0.0,0.24496350045605575,1.3890746934225084,1.3890746934225084,-1.0136785539814233,0.0,0.0,-0.6883743912104006,-1.0136785539814233,0.0,0.0,0.0,0.0,-1.010050251256277,0.0,0.0,-1.010050251256277,0.0,0.0,-1.010050251256277,-1.010050251256277,0.0,0.0,0.0,0.0,0.0,0.0,0.0,0.0,0.0,0.0,0.0,0.0,0.0,0.0,0.0,0.0
2026-10-08,0.0,0.0,0.0,0.0,0.0,0.0,0.0,0.0,0.0,0.0,0.0,0.0,0.0,0.0,0.0,0.0,0.0,0.0,0.0,0.0,0.0,0.0,0.0,0.0,0.0,0.0,0.0,0.0,0.0,0.0,0.0,0.0,0.0,0.0,0.0,0.0,0.0,0.0,0.0,0.0,0.0,0.0,0.0,0.0,0.0,0.0,0.0,0.0,0.0,0.0,0.0,0.0,0.0,0.0,0.0,0.0,0.0,0.0,0.0,0.0,-1.1399338150874447,0.0,0.0,-1.0957416361637256,0.0,0.0,0.0,0.0,0.0,-0.23024194229680817,0.0,0.0,0.0,0.0,0.0,0.0,0.0,0.0,0.0,0.0,0.0,0.0,0.0,0.0,0.0,0.8797526531294206,0.0,0.0,0.0,0.0,0.0,0.0,0.0,0.0,0.0,0.0,1.4112205627934928,1.4112205627934928,0.0,1.4112205627934928,0.0,0.0,1.4112205627934928,1.4112205627934928,0.0,0.0,0.0,0.0
