訊號時間,進場時間,出場時間,類型,方向,進場價,停損價,出場價,出場原因,損益_美元,損益_ATR,損益_R,最大浮虧_美元,最大浮盈_美元,持倉_分鐘,ATR14,D,RFI,點差,時段,期間
2026-01-06 07:50:00,2026-01-06 07:55:00,2026-01-06 08:55:00,回歸,多,4456.04,4448.83,4464.81,時間,8.69,2.412,1.206,6.5,9.85,60,3.6,-2.41,0.0,0.08,亞洲,樣本內
2026-01-06 13:30:00,2026-01-06 13:35:00,2026-01-06 14:35:00,回歸,空,4460.5,4466.81,4461.04,時間,-0.62,-0.196,-0.098,5.85,2.5,60,3.16,2.19,0.0,0.08,倫敦,樣本內
2026-01-07 03:05:00,2026-01-07 03:10:00,2026-01-07 03:40:00,回歸,多,4475.84,4465.18,4465.18,停損,-10.74,-2.015,-1.008,10.66,2.94,30,5.33,-2.6,0.0,0.08,亞洲,樣本內
2026-01-07 07:30:00,2026-01-07 07:35:00,2026-01-07 07:50:00,回歸,多,4453.85,4445.2,4445.2,停損,-8.73,-2.018,-1.009,8.65,3.27,15,4.33,-3.11,0.0,0.08,亞洲,樣本內
2026-01-07 15:05:00,2026-01-07 15:10:00,2026-01-07 16:10:00,回歸,多,4429.98,4417.98,4449.07,時間,19.01,3.169,1.584,2.04,24.25,60,6.0,-3.17,0.0,0.08,紐約,樣本內
2026-01-07 17:10:00,2026-01-07 17:15:00,2026-01-07 18:15:00,回歸,多,4426.7,4410.79,4447.16,時間,20.38,2.563,1.281,3.16,25.59,60,7.95,-2.11,0.0,0.08,紐約,樣本內
2026-01-07 18:30:00,2026-01-07 18:35:00,2026-01-07 19:35:00,回歸,空,4464.71,4477.93,4459.62,時間,5.01,0.758,0.379,3.65,7.47,60,6.61,2.43,0.0,0.08,紐約,樣本內
2026-01-08 01:00:00,2026-01-08 01:05:00,2026-01-08 02:05:00,回歸,空,4461.93,4467.36,4463.84,時間,-1.99,-0.732,-0.366,4.02,3.39,60,2.72,2.41,0.0,0.08,亞洲,樣本內
2026-01-08 14:00:00,2026-01-08 14:05:00,2026-01-08 14:20:00,回歸,多,4417.06,4410.44,4410.44,停損,-6.7,-2.024,-1.012,6.62,2.52,15,3.31,-2.82,0.0,0.08,倫敦,樣本內
2026-01-09 02:20:00,2026-01-09 02:25:00,2026-01-09 02:55:00,回歸,多,4468.54,4463.57,4463.57,停損,-5.05,-2.032,-1.016,4.97,0.2,30,2.48,-2.13,0.0,0.08,亞洲,樣本內
2026-01-09 14:30:00,2026-01-09 14:35:00,2026-01-09 15:35:00,回歸,多,4464.75,4458.13,4487.08,時間,22.25,6.725,3.362,5.58,23.81,60,3.31,-2.12,0.0,0.08,倫敦,樣本內
2026-01-09 19:50:00,2026-01-09 19:55:00,2026-01-09 20:55:00,回歸,多,4487.46,4477.55,4496.88,時間,9.34,1.884,0.942,5.31,17.13,60,4.96,-3.13,0.0,0.08,紐約,樣本內
2026-01-12 01:00:00,2026-01-12 01:05:00,2026-01-12 01:10:00,回歸,空,4521.59,4527.95,4527.95,停損,-6.44,-2.025,-1.013,6.36,0.0,5,3.18,4.03,0.0,0.08,亞洲,樣本內
2026-01-12 07:40:00,2026-01-12 07:45:00,2026-01-12 08:45:00,回歸,空,4581.84,4589.38,4574.51,時間,7.25,1.922,0.961,3.22,11.97,60,3.77,2.4,0.0,0.08,亞洲,樣本內
2026-01-12 09:15:00,2026-01-12 09:20:00,2026-01-12 10:20:00,回歸,空,4585.89,4593.12,4583.47,時間,2.34,0.647,0.323,3.8,7.14,60,3.62,2.28,0.0,0.08,亞洲,樣本內
2026-01-12 10:45:00,2026-01-12 10:50:00,2026-01-12 11:50:00,回歸,空,4594.23,4602.6,4592.06,時間,2.09,0.499,0.25,5.16,2.61,60,4.18,2.36,0.0,0.08,倫敦,樣本內
2026-01-12 15:00:00,2026-01-12 15:05:00,2026-01-12 15:10:00,回歸,空,4596.12,4603.3,4603.3,停損,-7.26,-2.022,-1.011,7.18,0.0,5,3.59,2.37,0.0,0.08,紐約,樣本內
2026-01-12 20:15:00,2026-01-12 20:20:00,2026-01-12 21:20:00,回歸,多,4602.84,4594.33,4614.56,時間,11.64,2.734,1.367,2.22,12.27,60,4.26,-2.66,0.0,0.08,尾盤,樣本內
2026-01-12 22:00:00,2026-01-12 22:05:00,2026-01-12 22:45:00,回歸,多,4604.11,4597.34,4597.34,停損,-6.85,-2.024,-1.012,6.77,1.17,40,3.38,-2.38,0.0,0.08,尾盤,樣本內
2026-01-13 01:10:00,2026-01-13 01:15:00,2026-01-13 02:15:00,回歸,多,4579.38,4570.1,4592.9,時間,13.44,2.896,1.448,0.92,20.23,60,4.64,-3.33,0.0,0.08,亞洲,樣本內
2026-01-13 19:55:00,2026-01-13 20:00:00,2026-01-13 21:00:00,回歸,多,4590.45,4579.84,4594.18,時間,3.65,0.688,0.344,9.2,11.56,60,5.31,-3.08,0.0,0.08,紐約,樣本內
2026-01-13 22:30:00,2026-01-13 22:35:00,2026-01-13 23:35:00,回歸,多,4572.26,4561.45,4587.25,時間,14.91,2.757,1.379,2.54,17.29,60,5.41,-3.69,0.0,0.08,尾盤,樣本內
2026-01-14 01:10:00,2026-01-14 01:15:00,2026-01-14 02:05:00,回歸,空,4596.01,4602.0,4602.0,停損,-6.07,-2.027,-1.013,5.99,2.97,50,2.99,2.21,0.0,0.08,亞洲,樣本內
2026-01-14 03:00:00,2026-01-14 03:05:00,2026-01-14 04:05:00,回歸,空,4615.41,4623.64,4618.22,時間,-2.89,-0.703,-0.351,5.44,4.76,60,4.11,2.74,0.0,0.08,亞洲,樣本內
2026-01-14 07:00:00,2026-01-14 07:05:00,2026-01-14 08:05:00,回歸,空,4638.84,4644.79,4626.84,時間,11.92,4.007,2.003,0.79,20.79,60,2.98,3.78,0.0,0.08,亞洲,樣本內
2026-01-14 10:05:00,2026-01-14 10:10:00,2026-01-14 11:10:00,回歸,多,4624.47,4617.21,4638.11,時間,13.56,3.737,1.869,2.48,14.25,60,3.63,-2.36,0.0,0.08,倫敦,樣本內
2026-01-14 16:35:00,2026-01-14 16:40:00,2026-01-14 17:05:00,回歸,多,4618.64,4606.4,4606.4,停損,-12.33,-2.015,-1.007,12.24,5.31,25,6.12,-2.28,0.0,0.09,紐約,樣本內
2026-01-15 01:05:00,2026-01-15 01:10:00,2026-01-15 01:45:00,回歸,多,4612.73,4603.08,4603.08,停損,-9.74,-2.019,-1.009,9.65,5.91,35,4.83,-2.57,0.0,0.09,亞洲,樣本內
2026-01-15 03:20:00,2026-01-15 03:25:00,2026-01-15 03:35:00,回歸,多,4598.02,4587.33,4587.33,停損,-10.78,-2.017,-1.008,10.69,5.51,10,5.34,-2.62,0.0,0.09,亞洲,樣本內
2026-01-15 22:05:00,2026-01-15 22:10:00,2026-01-15 23:10:00,回歸,多,4605.91,4600.04,4610.53,時間,4.53,1.544,0.772,5.1,6.28,60,2.93,-3.39,0.0,0.09,尾盤,樣本內
2026-01-16 15:15:00,2026-01-16 15:20:00,2026-01-16 16:20:00,回歸,多,4587.24,4577.02,4604.69,時間,17.36,3.398,1.699,4.56,22.22,60,5.11,-2.97,0.0,0.09,紐約,樣本內
2026-01-16 17:20:00,2026-01-16 17:25:00,2026-01-16 17:30:00,回歸,多,4588.67,4572.39,4572.39,停損,-16.37,-2.011,-1.006,16.28,0.0,5,8.14,-2.07,0.0,0.09,紐約,樣本內
2026-01-16 23:15:00,2026-01-16 23:20:00,2026-01-17 00:00:00,回歸,空,4598.11,4606.52,4595.85,斷線,2.17,0.516,0.258,0.1,6.68,40,4.21,2.48,0.0,0.09,尾盤,樣本內
2026-01-19 01:00:00,2026-01-19 01:05:00,2026-01-19 01:20:00,回歸,空,4649.01,4663.31,4663.31,停損,-14.39,-2.013,-1.006,14.3,1.82,15,7.15,7.29,0.0,0.09,亞洲,樣本內
2026-01-19 19:40:00,2026-01-19 19:45:00,2026-01-19 20:25:00,回歸,空,4676.29,4680.16,4680.16,停損,-3.96,-2.046,-1.023,3.87,2.46,40,1.94,2.23,0.0,0.09,紐約,樣本內
2026-01-20 02:25:00,2026-01-20 02:30:00,2026-01-20 03:30:00,回歸,多,4659.68,4654.14,4671.11,時間,11.34,4.095,2.047,0.06,13.76,60,2.77,-2.69,0.0,0.09,亞洲,樣本內
2026-01-21 01:40:00,2026-01-21 01:45:00,2026-01-21 01:50:00,回歸,空,4773.87,4780.69,4780.69,停損,-6.98,-2.047,-1.023,6.82,0.0,5,3.41,3.6,0.0,0.16,亞洲,樣本內
2026-01-21 06:20:00,2026-01-21 06:25:00,2026-01-21 06:45:00,回歸,空,4853.57,4865.11,4865.11,停損,-11.63,-2.016,-1.008,11.54,3.95,20,5.77,2.41,0.0,0.09,亞洲,樣本內
2026-01-21 11:25:00,2026-01-21 11:30:00,2026-01-21 12:30:00,回歸,空,4875.71,4887.13,4860.49,時間,15.13,2.649,1.325,1.48,16.46,60,5.71,2.54,0.0,0.09,倫敦,樣本內
2026-01-21 15:35:00,2026-01-21 15:40:00,2026-01-21 16:40:00,回歸,空,4878.42,4889.75,4870.75,時間,7.58,1.338,0.669,2.52,38.95,60,5.66,2.07,0.0,0.09,紐約,樣本內
2026-01-21 17:20:00,2026-01-21 17:25:00,2026-01-21 18:25:00,回歸,多,4817.7,4787.85,4832.61,時間,14.77,0.99,0.495,2.35,38.07,60,14.93,-2.47,0.0,0.14,紐約,樣本內
2026-01-22 01:05:00,2026-01-22 01:10:00,2026-01-22 01:30:00,回歸,多,4803.14,4787.73,4787.73,停損,-15.51,-2.013,-1.006,15.41,12.11,20,7.7,-2.41,0.0,0.1,亞洲,樣本內
2026-01-22 07:45:00,2026-01-22 07:50:00,2026-01-22 07:55:00,回歸,空,4807.85,4815.54,4815.54,停損,-7.79,-2.026,-1.013,7.69,0.0,5,3.84,2.55,0.0,0.1,亞洲,樣本內
2026-01-22 11:40:00,2026-01-22 11:45:00,2026-01-22 12:45:00,回歸,多,4816.28,4806.62,4828.25,時間,11.87,2.458,1.229,1.73,13.02,60,4.83,-2.26,0.0,0.1,倫敦,樣本內
2026-01-22 14:55:00,2026-01-22 15:00:00,2026-01-22 15:45:00,回歸,多,4819.6,4812.36,4812.36,停損,-7.38,-2.039,-1.019,7.24,15.7,45,3.62,-2.26,0.0,0.14,倫敦,樣本內
2026-01-22 16:30:00,2026-01-22 16:35:00,2026-01-22 17:35:00,回歸,空,4842.54,4857.14,4857.14,停損,-14.74,-2.019,-1.01,14.6,15.45,60,7.3,2.26,0.0,0.14,紐約,樣本內
2026-01-22 22:10:00,2026-01-22 22:15:00,2026-01-22 23:15:00,回歸,空,4925.94,4935.66,4922.92,時間,2.9,0.597,0.298,2.56,11.72,60,4.86,2.22,0.0,0.12,尾盤,樣本內
2026-01-22 23:30:00,2026-01-22 23:35:00,2026-01-23 01:05:00,回歸,空,4935.81,4945.91,4945.91,停損,-10.23,-2.026,-1.013,10.1,1.93,30,5.05,2.76,0.0,0.13,尾盤,樣本內
2026-01-23 01:50:00,2026-01-23 01:55:00,2026-01-23 02:55:00,回歸,空,4955.93,4972.43,4957.91,時間,-2.08,-0.252,-0.126,7.45,8.44,60,8.25,2.05,0.0,0.1,亞洲,樣本內
2026-01-23 02:55:00,2026-01-23 03:00:00,2026-01-23 04:00:00,回歸,空,4965.14,4978.23,4953.57,時間,11.42,1.744,0.872,2.08,28.81,60,6.55,2.17,0.0,0.15,亞洲,樣本內
2026-01-23 05:15:00,2026-01-23 05:20:00,2026-01-23 06:20:00,回歸,多,4939.35,4929.11,4952.32,時間,12.82,2.505,1.252,1.19,15.14,60,5.12,-2.76,0.0,0.15,亞洲,樣本內
2026-01-23 07:45:00,2026-01-23 07:50:00,2026-01-23 08:50:00,回歸,空,4966.59,4971.85,4951.95,時間,14.54,5.526,2.763,0.63,21.05,60,2.63,3.48,0.0,0.1,亞洲,樣本內
2026-01-23 10:20:00,2026-01-23 10:25:00,2026-01-23 10:30:00,回歸,多,4920.92,4907.93,4907.93,停損,-13.1,-2.017,-1.008,12.99,0.0,5,6.49,-3.97,0.0,0.11,倫敦,樣本內
2026-01-23 18:05:00,2026-01-23 18:10:00,2026-01-23 19:10:00,回歸,空,4973.77,4989.67,4983.59,時間,-9.96,-1.253,-0.627,14.5,4.12,60,7.95,2.47,0.0,0.14,紐約,樣本內
2026-01-23 19:55:00,2026-01-23 20:00:00,2026-01-23 21:00:00,回歸,多,4965.98,4955.16,4966.64,時間,0.56,0.103,0.052,7.62,18.2,60,5.41,-2.11,0.0,0.1,紐約,樣本內
2026-01-26 01:00:00,2026-01-26 01:05:00,2026-01-26 01:20:00,回歸,空,5014.23,5026.09,5026.09,停損,-11.96,-2.017,-1.008,11.86,10.67,15,5.93,4.88,0.0,0.1,亞洲,樣本內
2026-01-26 07:15:00,2026-01-26 07:20:00,2026-01-26 08:20:00,回歸,多,5054.07,5041.87,5071.36,時間,17.19,2.817,1.409,0.92,28.14,60,6.1,-2.4,0.0,0.1,亞洲,樣本內
2026-01-26 21:00:00,2026-01-26 21:05:00,2026-01-26 21:25:00,回歸,多,5045.88,5021.89,5021.89,停損,-24.09,-2.008,-1.004,23.99,17.18,20,12.0,-2.76,0.0,0.1,尾盤,樣本內
2026-01-27 02:45:00,2026-01-27 02:50:00,2026-01-27 03:50:00,回歸,多,5023.51,5008.75,5062.5,時間,38.89,5.268,2.634,9.69,52.59,60,7.38,-2.4,0.0,0.1,亞洲,樣本內
2026-01-27 11:55:00,2026-01-27 12:00:00,2026-01-27 13:00:00,回歸,空,5098.85,5108.72,5086.29,時間,12.46,2.524,1.262,0.0,16.92,60,4.94,2.21,0.0,0.1,倫敦,樣本內
2026-01-27 13:45:00,2026-01-27 13:50:00,2026-01-27 13:55:00,回歸,多,5075.5,5067.19,5067.19,停損,-8.41,-2.024,-1.012,8.31,0.0,5,4.15,-2.53,0.0,0.1,倫敦,樣本內
2026-01-28 03:00:00,2026-01-28 03:05:00,2026-01-28 03:10:00,回歸,空,5186.38,5200.46,5200.46,停損,-14.18,-2.014,-1.007,14.08,0.0,5,7.04,2.27,0.0,0.1,亞洲,樣本內
2026-01-28 03:40:00,2026-01-28 03:45:00,2026-01-28 04:45:00,回歸,空,5215.51,5239.05,5221.56,時間,-6.15,-0.523,-0.261,14.18,13.86,60,11.77,2.63,0.0,0.1,亞洲,樣本內
2026-01-28 07:05:00,2026-01-28 07:10:00,2026-01-28 07:45:00,回歸,空,5253.81,5264.14,5264.14,停損,-10.43,-2.019,-1.01,10.33,3.05,35,5.17,2.77,0.0,0.1,亞洲,樣本內
2026-01-28 13:00:00,2026-01-28 13:05:00,2026-01-28 14:05:00,回歸,多,5243.72,5229.13,5255.83,時間,12.01,1.647,0.823,5.03,24.01,60,7.29,-4.19,0.0,0.1,倫敦,樣本內
2026-01-28 15:00:00,2026-01-28 15:05:00,2026-01-28 16:05:00,回歸,空,5288.13,5302.7,5260.84,時間,27.19,3.732,1.866,0.1,31.14,60,7.29,2.63,0.0,0.1,紐約,樣本內
2026-01-29 07:20:00,2026-01-29 07:25:00,2026-01-29 08:25:00,回歸,多,5521.17,5500.11,5586.71,時間,65.44,6.214,3.107,0.0,74.29,60,10.53,-2.5,0.0,0.1,亞洲,樣本內
2026-01-29 12:55:00,2026-01-29 13:00:00,2026-01-29 14:00:00,回歸,多,5483.52,5464.56,5522.67,時間,39.05,4.118,2.059,12.64,45.43,60,9.48,-2.8,0.0,0.1,倫敦,樣本內
2026-01-29 17:00:00,2026-01-29 17:05:00,2026-01-29 17:10:00,回歸,多,5458.14,5411.36,5411.36,停損,-46.88,-2.004,-1.002,46.78,0.0,5,23.39,-2.38,0.0,0.1,紐約,樣本內
2026-01-29 22:45:00,2026-01-29 22:50:00,2026-01-29 23:00:00,回歸,空,5371.9,5407.0,5407.0,停損,-35.2,-2.006,-1.003,35.1,0.07,10,17.55,2.56,0.0,0.1,尾盤,樣本內
2026-01-30 03:05:00,2026-01-30 03:10:00,2026-01-30 03:15:00,回歸,多,5366.28,5329.08,5329.08,停損,-37.3,-2.005,-1.003,37.2,0.0,5,18.6,-2.46,0.0,0.1,亞洲,樣本內
2026-01-30 10:30:00,2026-01-30 10:35:00,2026-01-30 11:15:00,回歸,多,5077.75,5023.72,5023.72,停損,-54.13,-2.004,-1.002,54.03,54.13,40,27.02,-2.86,0.0,0.1,倫敦,樣本內
2026-01-30 17:00:00,2026-01-30 17:05:00,2026-01-30 18:05:00,回歸,多,4985.73,4918.2,5023.32,時間,37.49,1.11,0.555,4.95,88.33,60,33.76,-2.1,0.0,0.1,紐約,樣本內
2026-02-02 01:10:00,2026-02-02 01:15:00,2026-02-02 02:15:00,回歸,多,4748.4,4682.29,4845.32,時間,96.82,2.929,1.465,50.73,97.38,60,33.05,-3.12,0.0,0.1,亞洲,樣本內
2026-02-02 03:05:00,2026-02-02 03:10:00,2026-02-02 04:10:00,回歸,多,4656.53,4573.72,4713.1,時間,56.47,1.364,0.682,64.75,93.54,60,41.4,-3.16,0.0,0.1,亞洲,樣本內
2026-02-02 06:00:00,2026-02-02 06:05:00,2026-02-02 07:05:00,回歸,多,4610.75,4547.17,4691.22,時間,80.37,2.528,1.264,7.35,102.7,60,31.79,-2.42,0.0,0.1,亞洲,樣本內
2026-02-02 07:40:00,2026-02-02 07:45:00,2026-02-02 07:55:00,回歸,多,4576.04,4520.71,4520.71,停損,-55.43,-2.004,-1.002,55.33,3.35,10,27.67,-2.99,0.0,0.1,亞洲,樣本內
2026-02-02 13:10:00,2026-02-02 13:15:00,2026-02-02 14:15:00,回歸,空,4749.41,4792.75,4763.06,時間,-13.75,-0.635,-0.317,29.88,8.45,60,21.67,2.43,0.0,0.1,倫敦,樣本內
2026-02-02 21:45:00,2026-02-02 21:50:00,2026-02-02 22:50:00,回歸,空,4705.97,4744.52,4666.82,時間,39.05,2.026,1.013,6.81,54.53,60,19.28,2.28,0.0,0.1,尾盤,樣本內
2026-02-03 01:05:00,2026-02-03 01:10:00,2026-02-03 01:25:00,回歸,空,4716.5,4752.19,4752.19,停損,-35.79,-2.006,-1.003,35.69,8.79,15,17.84,2.29,0.0,0.1,亞洲,樣本內
2026-02-03 08:15:00,2026-02-03 08:20:00,2026-02-03 08:45:00,回歸,空,4856.83,4885.78,4885.78,停損,-29.05,-2.007,-1.003,28.95,9.06,25,14.47,2.12,0.0,0.1,亞洲,樣本內
2026-02-03 13:20:00,2026-02-03 13:25:00,2026-02-03 14:25:00,回歸,多,4885.0,4866.9,4899.56,時間,14.46,1.598,0.799,0.16,50.73,60,9.05,-2.68,0.0,0.1,倫敦,樣本內
2026-02-03 18:15:00,2026-02-03 18:20:00,2026-02-03 19:20:00,回歸,空,4967.53,4995.61,4965.99,時間,1.44,0.103,0.051,26.34,43.98,60,14.04,2.49,0.0,0.1,紐約,樣本內
2026-02-04 02:10:00,2026-02-04 02:15:00,2026-02-04 03:10:00,回歸,空,4986.93,5020.32,5020.32,停損,-33.49,-2.006,-1.003,33.39,18.18,55,16.69,2.28,0.0,0.1,亞洲,樣本內
2026-02-04 07:45:00,2026-02-04 07:50:00,2026-02-04 08:50:00,回歸,空,5088.85,5100.23,5075.4,時間,13.35,2.346,1.173,1.49,37.58,60,5.69,2.26,0.0,0.1,亞洲,樣本內
2026-02-04 16:35:00,2026-02-04 16:40:00,2026-02-04 17:35:00,回歸,多,4982.02,4946.64,4946.64,停損,-35.48,-2.006,-1.003,35.38,35.77,55,17.69,-3.02,0.0,0.1,紐約,樣本內
2026-02-05 03:10:00,2026-02-05 03:15:00,2026-02-05 03:25:00,回歸,多,4968.27,4941.67,4941.67,停損,-26.7,-2.008,-1.004,26.6,4.85,10,13.3,-2.66,0.0,0.1,亞洲,樣本內
2026-02-05 04:10:00,2026-02-05 04:15:00,2026-02-05 04:50:00,回歸,多,4915.02,4873.82,4873.82,停損,-41.3,-2.005,-1.002,41.2,27.21,35,20.6,-2.64,0.0,0.1,亞洲,樣本內
2026-02-05 23:30:00,2026-02-05 23:35:00,2026-02-06 01:35:00,回歸,多,4768.16,4737.66,4753.21,時間,-15.05,-0.987,-0.493,19.39,25.88,60,15.25,-2.91,0.0,0.1,尾盤,樣本內
2026-02-06 07:25:00,2026-02-06 07:30:00,2026-02-06 07:50:00,回歸,空,4852.22,4872.18,4872.18,停損,-20.06,-2.01,-1.005,19.96,14.92,20,9.98,2.79,0.0,0.1,亞洲,樣本內
2026-02-06 10:30:00,2026-02-06 10:35:00,2026-02-06 11:35:00,回歸,空,4880.12,4901.63,4866.17,時間,13.85,1.288,0.644,2.19,40.99,60,10.75,2.31,0.0,0.1,倫敦,樣本內
2026-02-06 15:00:00,2026-02-06 15:05:00,2026-02-06 16:05:00,回歸,空,4925.6,4946.73,4925.97,時間,-0.47,-0.044,-0.022,12.89,20.42,60,10.57,3.17,0.0,0.1,紐約,樣本內
2026-02-09 01:00:00,2026-02-09 01:05:00,2026-02-09 01:30:00,回歸,空,4987.83,5001.16,5001.16,停損,-13.43,-2.015,-1.007,13.33,22.7,25,6.67,4.25,0.0,0.1,亞洲,樣本內
2026-02-09 03:35:00,2026-02-09 03:40:00,2026-02-09 04:40:00,回歸,多,4982.78,4952.46,4999.6,時間,16.72,1.103,0.552,13.53,29.31,60,15.16,-2.14,0.0,0.1,亞洲,樣本內
2026-02-09 12:25:00,2026-02-09 12:30:00,2026-02-09 13:30:00,回歸,多,4991.04,4973.26,5006.18,時間,15.04,1.692,0.846,8.62,15.54,60,8.89,-2.39,0.0,0.1,倫敦,樣本內
2026-02-09 17:30:00,2026-02-09 17:35:00,2026-02-09 18:25:00,回歸,空,5053.73,5074.17,5074.17,停損,-20.54,-2.01,-1.005,20.44,6.44,50,10.22,2.32,0.0,0.1,紐約,樣本內
2026-02-09 19:55:00,2026-02-09 20:00:00,2026-02-09 21:00:00,回歸,多,5046.32,5031.9,5062.86,時間,16.44,2.281,1.14,2.1,17.68,60,7.21,-2.21,0.0,0.1,紐約,樣本內
2026-02-10 01:05:00,2026-02-10 01:10:00,2026-02-10 01:15:00,回歸,多,5036.0,5017.28,5017.28,停損,-18.82,-2.011,-1.005,18.72,0.0,5,9.36,-2.89,0.0,0.1,亞洲,樣本內
2026-02-10 14:40:00,2026-02-10 14:45:00,2026-02-10 15:45:00,回歸,多,5029.66,5015.18,5052.98,時間,23.22,3.207,1.604,9.97,28.93,60,7.24,-2.31,0.0,0.1,倫敦,樣本內
2026-02-10 16:15:00,2026-02-10 16:20:00,2026-02-10 17:20:00,回歸,空,5072.01,5089.78,5041.54,時間,30.37,3.418,1.709,6.63,51.33,60,8.89,2.45,0.0,0.1,紐約,樣本內
2026-02-10 17:35:00,2026-02-10 17:40:00,2026-02-10 18:40:00,回歸,多,5007.88,4980.52,5019.32,時間,11.34,0.829,0.414,2.18,21.89,60,13.68,-2.45,0.0,0.1,紐約,樣本內
2026-02-11 01:15:00,2026-02-11 01:20:00,2026-02-11 01:25:00,回歸,空,5044.15,5053.9,5053.9,停損,-9.85,-2.021,-1.01,9.75,0.0,5,4.87,2.93,0.0,0.1,亞洲,樣本內
2026-02-11 07:35:00,2026-02-11 07:40:00,2026-02-11 08:40:00,回歸,空,5062.26,5070.74,5053.57,時間,8.59,2.025,1.013,1.69,15.89,60,4.24,2.15,0.0,0.1,亞洲,樣本內
2026-02-11 14:40:00,2026-02-11 14:45:00,2026-02-11 15:35:00,回歸,多,5068.65,5047.3,5047.3,停損,-21.45,-2.009,-1.005,21.35,21.22,50,10.68,-2.22,0.0,0.1,倫敦,樣本內
2026-02-12 06:55:00,2026-02-12 07:00:00,2026-02-12 07:15:00,回歸,空,5069.46,5077.89,5077.89,停損,-8.53,-2.024,-1.012,8.43,3.86,15,4.21,2.2,0.0,0.1,亞洲,樣本內
2026-02-12 08:30:00,2026-02-12 08:35:00,2026-02-12 09:35:00,回歸,多,5050.33,5037.49,5062.59,時間,12.16,1.895,0.947,3.0,16.04,60,6.42,-2.27,0.0,0.1,亞洲,樣本內
2026-02-12 14:50:00,2026-02-12 14:55:00,2026-02-12 15:55:00,回歸,多,5051.61,5042.18,5080.37,時間,28.66,6.081,3.041,2.83,29.6,60,4.71,-2.08,0.0,0.1,倫敦,樣本內
2026-02-12 18:10:00,2026-02-12 18:15:00,2026-02-12 18:20:00,回歸,多,4951.28,4923.5,4923.5,停損,-27.88,-2.007,-1.004,27.78,0.0,5,13.89,-7.3,0.0,0.1,紐約,樣本內
2026-02-13 01:00:00,2026-02-13 01:05:00,2026-02-13 02:05:00,回歸,多,4892.46,4874.02,4926.28,時間,33.72,3.658,1.829,3.26,36.11,60,9.22,-3.08,0.0,0.1,亞洲,樣本內
2026-02-13 07:50:00,2026-02-13 07:55:00,2026-02-13 08:55:00,回歸,多,4955.16,4939.5,4955.99,時間,0.73,0.093,0.047,10.12,6.94,60,7.83,-2.3,0.0,0.1,亞洲,樣本內
2026-02-13 12:55:00,2026-02-13 13:00:00,2026-02-13 13:25:00,回歸,多,4950.25,4935.11,4935.11,停損,-15.24,-2.013,-1.007,15.14,3.41,25,7.57,-2.43,0.0,0.1,倫敦,樣本內
2026-02-13 15:30:00,2026-02-13 15:35:00,2026-02-13 16:35:00,回歸,空,4993.57,5011.05,5011.05,停損,-17.58,-2.011,-1.006,17.48,21.07,60,8.74,2.91,0.0,0.1,紐約,樣本內
2026-02-13 18:25:00,2026-02-13 18:30:00,2026-02-13 19:30:00,回歸,空,5027.85,5052.61,5017.64,時間,10.11,0.817,0.408,0.48,21.83,60,12.38,2.21,0.0,0.1,紐約,樣本內
2026-02-13 21:05:00,2026-02-13 21:10:00,2026-02-13 22:10:00,回歸,空,5045.71,5059.15,5029.69,時間,15.92,2.369,1.184,0.4,22.02,60,6.72,2.73,0.0,0.1,尾盤,樣本內
2026-02-16 01:00:00,2026-02-16 01:05:00,2026-02-16 02:05:00,回歸,多,5015.31,5001.55,5001.55,停損,-13.86,-2.015,-1.007,13.76,16.91,60,6.88,-2.64,0.0,0.1,亞洲,樣本內
2026-02-16 04:35:00,2026-02-16 04:40:00,2026-02-16 04:50:00,回歸,多,5009.19,5000.09,5000.09,停損,-9.2,-2.022,-1.011,9.1,0.85,10,4.55,-2.87,0.0,0.1,亞洲,樣本內
2026-02-16 09:45:00,2026-02-16 09:50:00,2026-02-16 10:50:00,回歸,空,5008.16,5016.8,5004.41,時間,3.65,0.845,0.422,5.26,12.35,60,4.32,2.63,0.0,0.1,亞洲,樣本內
2026-02-16 17:00:00,2026-02-16 17:05:00,2026-02-16 18:05:00,回歸,多,4973.83,4963.04,4976.41,時間,2.48,0.46,0.23,4.69,9.49,60,5.39,-3.24,0.0,0.1,紐約,樣本內
2026-02-17 07:10:00,2026-02-17 07:15:00,2026-02-17 07:20:00,回歸,多,4928.11,4916.44,4916.44,停損,-11.77,-2.017,-1.009,11.67,0.0,5,5.84,-3.91,0.0,0.1,亞洲,樣本內
2026-02-17 15:15:00,2026-02-17 15:20:00,2026-02-17 16:00:00,回歸,多,4913.14,4901.1,4901.1,停損,-12.14,-2.017,-1.008,12.04,11.32,40,6.02,-2.65,0.0,0.1,紐約,樣本內
2026-02-17 20:20:00,2026-02-17 20:25:00,2026-02-17 21:00:00,回歸,空,4885.8,4901.56,4901.56,停損,-15.86,-2.013,-1.006,15.76,5.86,35,7.88,2.05,0.0,0.1,尾盤,樣本內
2026-02-18 20:25:00,2026-02-18 20:30:00,2026-02-18 21:30:00,回歸,多,4988.13,4980.11,4980.11,停損,-8.12,-2.025,-1.012,8.02,6.97,60,4.01,-2.2,0.0,0.1,尾盤,樣本內
2026-02-19 07:00:00,2026-02-19 07:05:00,2026-02-19 07:45:00,回歸,空,4987.94,4994.97,4994.97,停損,-7.13,-2.028,-1.014,7.03,0.76,40,3.52,2.18,0.0,0.1,亞洲,樣本內
2026-02-19 11:25:00,2026-02-19 11:30:00,2026-02-19 12:05:00,回歸,多,5000.63,4991.62,4991.62,停損,-9.11,-2.022,-1.011,9.01,5.06,35,4.5,-2.87,0.0,0.1,倫敦,樣本內
2026-02-20 03:00:00,2026-02-20 03:05:00,2026-02-20 04:05:00,回歸,空,5009.07,5019.39,5004.3,時間,4.67,0.905,0.452,5.74,16.13,60,5.16,2.27,0.0,0.1,亞洲,樣本內
2026-02-20 07:00:00,2026-02-20 07:05:00,2026-02-20 08:05:00,回歸,空,5005.58,5012.37,5012.37,停損,-6.89,-2.029,-1.015,6.79,7.42,60,3.4,2.68,0.0,0.1,亞洲,樣本內
2026-02-20 15:45:00,2026-02-20 15:50:00,2026-02-20 16:35:00,回歸,空,5041.16,5052.27,5052.27,停損,-11.21,-2.018,-1.009,11.11,3.85,45,5.55,2.42,0.0,0.1,紐約,樣本內
2026-02-23 14:40:00,2026-02-23 14:45:00,2026-02-23 15:45:00,回歸,空,5164.38,5173.02,5153.09,時間,11.19,2.589,1.294,1.11,20.63,60,4.32,2.62,0.0,0.1,倫敦,樣本內
2026-02-23 16:30:00,2026-02-23 16:35:00,2026-02-23 16:40:00,回歸,空,5171.8,5182.99,5182.99,停損,-11.29,-2.018,-1.009,11.19,0.0,5,5.6,2.65,0.0,0.1,紐約,樣本內
2026-02-24 01:00:00,2026-02-24 01:05:00,2026-02-24 02:05:00,回歸,空,5243.23,5253.5,5230.25,時間,12.88,2.509,1.255,6.52,25.2,60,5.13,2.64,0.0,0.1,亞洲,樣本內
2026-02-24 06:00:00,2026-02-24 06:05:00,2026-02-24 07:05:00,回歸,多,5164.13,5152.86,5170.77,時間,6.54,1.161,0.58,2.29,11.02,60,5.63,-2.89,0.0,0.1,亞洲,樣本內
2026-02-24 14:15:00,2026-02-24 14:20:00,2026-02-24 15:20:00,回歸,多,5151.36,5141.27,5153.1,時間,1.64,0.325,0.163,6.2,13.28,60,5.04,-3.85,0.0,0.1,倫敦,樣本內
2026-02-24 15:35:00,2026-02-24 15:40:00,2026-02-24 15:55:00,回歸,多,5138.53,5123.13,5123.13,停損,-15.5,-2.013,-1.006,15.4,9.94,15,7.7,-2.4,0.0,0.1,紐約,樣本內
2026-02-24 22:25:00,2026-02-24 22:30:00,2026-02-24 23:30:00,回歸,空,5168.49,5178.46,5155.39,時間,13.0,2.608,1.304,4.71,14.61,60,4.98,2.47,0.0,0.1,尾盤,樣本內
2026-02-25 01:00:00,2026-02-25 01:05:00,2026-02-25 02:05:00,回歸,多,5136.25,5123.81,5140.53,時間,4.18,0.672,0.336,8.25,15.93,60,6.22,-2.61,0.0,0.1,亞洲,樣本內
2026-02-25 03:05:00,2026-02-25 03:10:00,2026-02-25 03:25:00,回歸,空,5168.87,5185.45,5185.45,停損,-16.68,-2.012,-1.006,16.58,4.68,15,8.29,2.37,0.0,0.1,亞洲,樣本內
2026-02-25 12:15:00,2026-02-25 12:20:00,2026-02-25 13:15:00,回歸,多,5177.74,5169.07,5169.07,停損,-8.77,-2.023,-1.012,8.67,3.2,55,4.33,-2.23,0.0,0.1,倫敦,樣本內
2026-02-25 16:35:00,2026-02-25 16:40:00,2026-02-25 17:40:00,回歸,多,5160.05,5147.85,5187.99,時間,27.84,4.564,2.282,0.55,42.5,60,6.1,-3.53,0.0,0.1,紐約,樣本內
2026-02-25 20:45:00,2026-02-25 20:50:00,2026-02-25 21:10:00,回歸,多,5201.16,5196.6,5196.6,停損,-4.66,-2.044,-1.022,4.56,3.13,20,2.28,-2.35,0.0,0.1,尾盤,樣本內
2026-02-26 07:20:00,2026-02-26 07:25:00,2026-02-26 08:25:00,回歸,空,5202.8,5209.89,5196.48,時間,6.22,1.754,0.877,2.7,11.34,60,3.55,2.39,0.0,0.1,亞洲,樣本內
2026-02-27 07:25:00,2026-02-27 07:30:00,2026-02-27 08:30:00,回歸,空,5194.83,5200.7,5193.49,時間,1.24,0.423,0.211,5.66,4.62,60,2.93,2.7,0.0,0.1,亞洲,樣本內
2026-02-27 13:55:00,2026-02-27 14:00:00,2026-02-27 15:00:00,回歸,空,5185.74,5191.6,5187.6,時間,-1.96,-0.669,-0.335,4.78,2.66,60,2.93,2.44,0.0,0.1,倫敦,樣本內
2026-02-27 15:00:00,2026-02-27 15:05:00,2026-02-27 15:10:00,回歸,空,5195.2,5202.32,5202.32,停損,-7.22,-2.028,-1.014,7.12,0.0,5,3.56,2.84,0.0,0.1,紐約,樣本內
2026-02-27 20:50:00,2026-02-27 20:55:00,2026-02-27 21:55:00,回歸,空,5245.4,5255.59,5248.78,時間,-3.48,-0.683,-0.342,6.96,5.08,60,5.09,2.03,0.0,0.1,尾盤,樣本內
2026-02-27 22:20:00,2026-02-27 22:25:00,2026-02-27 23:25:00,回歸,空,5261.52,5269.46,5261.63,時間,-0.21,-0.053,-0.026,3.97,6.8,60,3.97,3.28,0.0,0.1,尾盤,樣本內
2026-02-27 23:35:00,2026-02-27 23:40:00,2026-02-27 23:55:00,回歸,空,5270.67,5279.85,5279.85,停損,-9.28,-2.022,-1.011,9.18,0.04,15,4.59,2.53,0.0,0.1,尾盤,樣本內
2026-03-02 08:05:00,2026-03-02 08:10:00,2026-03-02 09:00:00,回歸,空,5376.11,5389.1,5389.1,停損,-13.09,-2.015,-1.008,12.99,2.39,50,6.5,2.52,0.0,0.1,亞洲,樣本內
2026-03-02 16:20:00,2026-03-02 16:25:00,2026-03-02 16:30:00,回歸,多,5348.03,5321.22,5321.22,停損,-26.91,-2.007,-1.004,26.81,0.0,5,13.4,-2.67,0.0,0.1,紐約,樣本內
2026-03-02 18:00:00,2026-03-02 18:05:00,2026-03-02 19:05:00,回歸,多,5273.45,5234.13,5299.75,時間,26.2,1.333,0.666,0.19,41.0,60,19.66,-3.12,0.0,0.1,紐約,樣本內
2026-03-03 02:15:00,2026-03-03 02:20:00,2026-03-03 03:10:00,回歸,空,5356.07,5369.41,5369.41,停損,-13.44,-2.015,-1.007,13.34,9.51,50,6.67,2.44,0.0,0.1,亞洲,樣本內
2026-03-03 07:35:00,2026-03-03 07:40:00,2026-03-03 07:50:00,回歸,多,5337.82,5322.77,5322.77,停損,-15.15,-2.013,-1.007,15.05,8.64,10,7.52,-2.88,0.0,0.1,亞洲,樣本內
2026-03-03 13:05:00,2026-03-03 13:10:00,2026-03-03 13:30:00,回歸,多,5171.22,5131.16,5131.16,停損,-40.16,-2.005,-1.002,40.06,38.8,20,20.03,-4.32,0.0,0.1,倫敦,樣本內
2026-03-03 16:40:00,2026-03-03 16:45:00,2026-03-03 16:55:00,回歸,多,5071.47,5022.91,5022.91,停損,-48.66,-2.004,-1.002,48.56,4.93,10,24.28,-3.1,0.0,0.1,紐約,樣本內
2026-03-03 20:35:00,2026-03-03 20:40:00,2026-03-03 21:40:00,回歸,空,5133.05,5158.43,5111.5,時間,21.45,1.69,0.845,15.71,33.56,60,12.69,2.59,0.0,0.1,尾盤,樣本內
2026-03-04 03:45:00,2026-03-04 03:50:00,2026-03-04 04:50:00,回歸,空,5174.01,5198.59,5164.58,時間,9.33,0.759,0.38,16.73,10.6,60,12.29,2.31,0.0,0.1,亞洲,樣本內
2026-03-04 12:05:00,2026-03-04 12:10:00,2026-03-04 13:10:00,回歸,空,5194.89,5209.64,5191.37,時間,3.42,0.464,0.232,7.68,15.22,60,7.37,2.43,0.0,0.1,倫敦,樣本內
2026-03-05 01:00:00,2026-03-05 01:05:00,2026-03-05 02:00:00,回歸,空,5152.96,5165.27,5165.27,停損,-12.41,-2.016,-1.008,12.31,8.04,55,6.16,2.31,0.0,0.1,亞洲,樣本內
2026-03-05 10:10:00,2026-03-05 10:15:00,2026-03-05 11:15:00,回歸,多,5141.98,5129.1,5179.55,時間,37.47,5.817,2.909,4.35,38.35,60,6.44,-2.45,0.0,0.1,倫敦,樣本內
2026-03-05 15:05:00,2026-03-05 15:10:00,2026-03-05 15:20:00,回歸,多,5149.34,5138.05,5138.05,停損,-11.39,-2.018,-1.009,11.29,6.95,10,5.64,-2.19,0.0,0.1,紐約,樣本內
2026-03-05 22:15:00,2026-03-05 22:20:00,2026-03-05 23:20:00,回歸,空,5090.76,5107.41,5077.82,時間,12.84,1.542,0.771,1.43,18.59,60,8.32,2.27,0.0,0.1,尾盤,樣本內
2026-03-06 01:00:00,2026-03-06 01:05:00,2026-03-06 01:45:00,回歸,空,5090.47,5100.87,5100.87,停損,-10.5,-2.019,-1.01,10.4,8.13,40,5.2,2.06,0.0,0.1,亞洲,樣本內
2026-03-06 03:35:00,2026-03-06 03:40:00,2026-03-06 03:55:00,回歸,空,5108.73,5128.76,5128.76,停損,-20.13,-2.01,-1.005,20.03,0.48,15,10.01,2.09,0.0,0.1,亞洲,樣本內
2026-03-06 10:25:00,2026-03-06 10:30:00,2026-03-06 11:30:00,回歸,多,5100.62,5088.62,5099.08,時間,-1.64,-0.273,-0.137,8.59,13.04,60,6.0,-2.32,0.0,0.1,倫敦,樣本內
2026-03-06 15:30:00,2026-03-06 15:35:00,2026-03-06 16:35:00,回歸,空,5124.03,5145.14,5107.17,時間,16.76,1.588,0.794,7.15,50.07,60,10.55,3.44,0.0,0.1,紐約,樣本內
2026-03-06 17:00:00,2026-03-06 17:05:00,2026-03-06 18:05:00,回歸,空,5147.89,5181.97,5149.71,時間,-1.92,-0.113,-0.056,23.79,13.36,60,17.04,2.54,0.0,0.1,紐約,樣本內
2026-03-06 20:40:00,2026-03-06 20:45:00,2026-03-06 21:45:00,回歸,空,5165.16,5178.61,5158.2,時間,6.86,1.02,0.51,9.46,8.4,60,6.72,2.74,0.0,0.1,尾盤,樣本內
2026-03-09 01:15:00,2026-03-09 01:20:00,2026-03-09 01:45:00,回歸,多,5133.61,5110.53,5110.53,停損,-23.18,-2.009,-1.004,23.08,30.91,25,11.54,-2.43,0.0,0.1,亞洲,樣本內
2026-03-09 08:40:00,2026-03-09 08:45:00,2026-03-09 08:50:00,回歸,空,5120.69,5138.73,5138.73,停損,-18.14,-2.011,-1.006,18.04,0.0,5,9.02,2.65,0.0,0.1,亞洲,樣本內
2026-03-10 10:20:00,2026-03-10 10:25:00,2026-03-10 11:25:00,回歸,多,5159.81,5149.38,5178.74,時間,18.83,3.609,1.805,0.02,25.54,60,5.22,-2.46,0.0,0.1,倫敦,樣本內
2026-03-10 13:35:00,2026-03-10 13:40:00,2026-03-10 14:40:00,回歸,多,5157.76,5145.44,5181.65,時間,23.79,3.862,1.931,1.01,34.19,60,6.16,-3.35,0.0,0.1,倫敦,樣本內
2026-03-10 21:15:00,2026-03-10 21:20:00,2026-03-10 22:20:00,回歸,多,5172.82,5152.78,5204.43,時間,31.51,3.144,1.572,2.09,35.23,60,10.02,-4.86,0.0,0.1,尾盤,樣本內
2026-03-11 03:20:00,2026-03-11 03:25:00,2026-03-11 04:05:00,回歸,空,5210.35,5221.06,5221.06,停損,-10.81,-2.019,-1.009,10.71,4.37,40,5.36,2.83,0.0,0.1,亞洲,樣本內
2026-03-11 13:40:00,2026-03-11 13:45:00,2026-03-11 14:45:00,回歸,多,5179.14,5169.98,5184.89,時間,5.65,1.234,0.617,1.49,14.46,60,4.58,-2.16,0.0,0.1,倫敦,樣本內
2026-03-11 20:35:00,2026-03-11 20:40:00,2026-03-11 21:40:00,回歸,多,5159.09,5148.0,5177.58,時間,18.39,3.315,1.658,4.22,19.29,60,5.55,-2.29,0.0,0.1,尾盤,樣本內
2026-03-12 01:30:00,2026-03-12 01:35:00,2026-03-12 01:45:00,回歸,多,5165.37,5157.68,5157.68,停損,-7.79,-2.026,-1.013,7.69,1.02,10,3.85,-2.41,0.0,0.1,亞洲,樣本內
2026-03-12 05:45:00,2026-03-12 05:50:00,2026-03-12 06:50:00,回歸,多,5150.76,5139.05,5153.55,時間,2.69,0.46,0.23,5.01,4.86,60,5.85,-2.07,0.0,0.1,亞洲,樣本內
2026-03-12 16:45:00,2026-03-12 16:50:00,2026-03-12 17:50:00,回歸,多,5151.82,5136.43,5142.38,時間,-9.54,-1.24,-0.62,13.39,11.75,60,7.7,-2.48,0.0,0.1,紐約,樣本內
2026-03-12 23:25:00,2026-03-12 23:30:00,2026-03-12 23:35:00,回歸,多,5071.88,5059.04,5059.04,停損,-12.94,-2.016,-1.008,12.84,0.0,5,6.42,-2.8,0.0,0.1,尾盤,樣本內
2026-03-13 05:00:00,2026-03-13 05:05:00,2026-03-13 06:05:00,回歸,空,5126.92,5138.26,5112.27,時間,14.55,2.566,1.283,0.59,17.72,60,5.67,2.16,0.0,0.1,亞洲,樣本內
2026-03-13 11:00:00,2026-03-13 11:05:00,2026-03-13 12:05:00,回歸,多,5068.43,5054.3,5093.8,時間,25.27,3.578,1.789,6.82,25.45,60,7.06,-2.7,0.0,0.1,倫敦,樣本內
2026-03-13 14:55:00,2026-03-13 15:00:00,2026-03-13 15:05:00,回歸,空,5107.63,5117.71,5117.71,停損,-10.18,-2.02,-1.01,10.08,0.0,5,5.04,2.68,0.0,0.1,倫敦,樣本內
2026-03-16 02:20:00,2026-03-16 02:25:00,2026-03-16 03:25:00,回歸,多,4985.21,4963.19,5021.31,時間,36.0,3.27,1.635,13.11,43.55,60,11.01,-2.42,0.0,0.1,亞洲,樣本內
2026-03-16 04:10:00,2026-03-16 04:15:00,2026-03-16 05:15:00,回歸,多,4986.59,4965.5,5015.35,時間,28.66,2.718,1.359,3.88,32.25,60,10.54,-2.56,0.0,0.1,亞洲,樣本內
2026-03-16 14:15:00,2026-03-16 14:20:00,2026-03-16 15:20:00,回歸,空,5012.99,5025.49,5013.46,時間,-0.57,-0.091,-0.046,9.65,19.88,60,6.25,3.24,0.0,0.1,倫敦,樣本內
2026-03-16 21:30:00,2026-03-16 21:35:00,2026-03-16 22:35:00,回歸,空,5010.74,5021.92,5009.35,時間,1.29,0.231,0.115,9.53,2.59,60,5.59,2.49,0.0,0.1,尾盤,樣本內
2026-03-17 06:25:00,2026-03-17 06:30:00,2026-03-17 07:30:00,回歸,空,5032.59,5040.51,5032.67,時間,-0.18,-0.045,-0.023,1.0,6.54,60,3.96,2.2,0.0,0.1,亞洲,樣本內
2026-03-17 07:40:00,2026-03-17 07:45:00,2026-03-17 08:45:00,回歸,空,5039.82,5046.5,5032.35,時間,7.37,2.208,1.104,4.76,8.24,60,3.34,3.01,0.0,0.1,亞洲,樣本內
2026-03-17 08:55:00,2026-03-17 09:00:00,2026-03-17 09:05:00,回歸,多,5020.8,5010.92,5010.92,停損,-9.98,-2.02,-1.01,9.88,0.0,5,4.94,-2.25,0.0,0.1,亞洲,樣本內
2026-03-17 13:05:00,2026-03-17 13:10:00,2026-03-17 14:10:00,回歸,多,5001.63,4991.58,5003.46,時間,1.73,0.344,0.172,9.49,7.8,60,5.03,-2.6,0.0,0.1,倫敦,樣本內
2026-03-17 15:25:00,2026-03-17 15:30:00,2026-03-17 16:30:00,回歸,空,5020.19,5028.53,5012.79,時間,7.3,1.751,0.875,3.72,10.38,60,4.17,2.61,0.0,0.1,紐約,樣本內
2026-03-18 07:35:00,2026-03-18 07:40:00,2026-03-18 08:40:00,回歸,多,4983.23,4977.41,4997.33,時間,13.98,4.804,2.402,1.32,18.05,60,2.91,-3.18,0.0,0.12,亞洲,樣本內
2026-03-18 09:10:00,2026-03-18 09:15:00,2026-03-18 10:15:00,回歸,空,5009.27,5020.05,5009.87,時間,-0.7,-0.13,-0.065,7.08,2.46,60,5.39,2.41,0.0,0.1,亞洲,樣本內
2026-03-18 10:45:00,2026-03-18 10:50:00,2026-03-18 11:10:00,回歸,多,4995.75,4988.58,4988.58,停損,-7.27,-2.028,-1.014,7.17,1.16,20,3.59,-2.7,0.0,0.1,倫敦,樣本內
2026-03-18 14:25:00,2026-03-18 14:30:00,2026-03-18 15:00:00,回歸,多,4948.45,4928.68,4928.68,停損,-19.87,-2.01,-1.005,19.77,13.52,30,9.88,-2.54,0.0,0.1,倫敦,樣本內
2026-03-18 21:55:00,2026-03-18 22:00:00,2026-03-18 23:00:00,回歸,多,4852.97,4833.6,4843.23,時間,-9.84,-1.016,-0.508,14.63,12.29,60,9.68,-2.61,0.0,0.1,尾盤,樣本內
2026-03-18 23:10:00,2026-03-18 23:15:00,2026-03-19 01:15:00,回歸,多,4825.74,4806.48,4818.62,時間,-7.22,-0.75,-0.375,18.76,11.47,60,9.63,-2.81,0.0,0.1,尾盤,樣本內
2026-03-19 04:35:00,2026-03-19 04:40:00,2026-03-19 05:40:00,回歸,空,4862.24,4878.1,4856.62,時間,5.51,0.695,0.347,5.0,20.44,60,7.93,2.44,0.0,0.11,亞洲,樣本內
2026-03-19 08:30:00,2026-03-19 08:35:00,2026-03-19 08:40:00,回歸,多,4840.78,4832.62,4832.62,停損,-8.26,-2.025,-1.012,8.16,0.0,5,4.08,-2.28,0.0,0.1,亞洲,樣本內
2026-03-19 09:15:00,2026-03-19 09:20:00,2026-03-19 09:40:00,回歸,多,4821.97,4807.53,4807.53,停損,-14.54,-2.014,-1.007,14.44,4.48,20,7.22,-2.4,0.0,0.1,亞洲,樣本內
2026-03-19 14:50:00,2026-03-19 14:55:00,2026-03-19 15:05:00,回歸,多,4652.65,4626.74,4626.74,停損,-26.01,-2.008,-1.004,25.91,7.39,10,12.96,-2.28,0.0,0.1,倫敦,樣本內
2026-03-19 22:00:00,2026-03-19 22:05:00,2026-03-19 22:10:00,回歸,空,4635.36,4656.69,4656.69,停損,-21.43,-2.009,-1.005,21.33,0.0,5,10.66,2.3,0.0,0.1,尾盤,樣本內
2026-03-20 01:10:00,2026-03-20 01:15:00,2026-03-20 02:15:00,回歸,空,4671.03,4684.61,4638.72,時間,32.19,4.742,2.371,6.08,34.79,60,6.79,2.55,0.0,0.12,亞洲,樣本內
2026-03-20 03:10:00,2026-03-20 03:15:00,2026-03-20 04:10:00,回歸,空,4662.3,4675.51,4675.51,停損,-13.33,-2.018,-1.009,13.21,23.07,55,6.61,2.06,0.0,0.12,亞洲,樣本內
2026-03-20 08:30:00,2026-03-20 08:35:00,2026-03-20 09:00:00,回歸,多,4702.66,4690.77,4690.77,停損,-12.0,-2.019,-1.009,11.89,14.8,25,5.94,-2.45,0.0,0.11,亞洲,樣本內
2026-03-20 15:05:00,2026-03-20 15:10:00,2026-03-20 16:10:00,回歸,空,4687.92,4707.09,4665.05,時間,22.77,2.375,1.188,7.7,29.0,60,9.59,2.01,0.0,0.1,紐約,樣本內
2026-03-20 16:50:00,2026-03-20 16:55:00,2026-03-20 17:15:00,回歸,多,4622.03,4593.41,4593.41,停損,-28.72,-2.007,-1.003,28.62,5.34,20,14.31,-2.65,0.0,0.1,紐約,樣本內
2026-03-23 08:30:00,2026-03-23 08:35:00,2026-03-23 08:55:00,回歸,多,4332.85,4307.79,4307.79,停損,-25.18,-2.01,-1.005,25.06,7.51,20,12.53,-2.41,0.0,0.12,亞洲,樣本內
2026-03-23 14:05:00,2026-03-23 14:10:00,2026-03-23 14:15:00,回歸,空,4406.46,4457.43,4457.43,停損,-51.07,-2.004,-1.002,50.97,0.0,5,25.48,5.16,0.0,0.1,倫敦,樣本內
2026-03-23 21:40:00,2026-03-23 21:45:00,2026-03-23 22:45:00,回歸,空,4461.75,4490.05,4416.51,時間,45.14,3.19,1.595,5.31,68.62,60,14.15,2.73,0.0,0.1,尾盤,樣本內
2026-03-24 01:00:00,2026-03-24 01:05:00,2026-03-24 02:05:00,回歸,多,4381.2,4360.22,4426.5,時間,45.19,4.308,2.154,19.45,50.24,60,10.49,-2.42,0.0,0.11,亞洲,樣本內
2026-03-24 03:25:00,2026-03-24 03:30:00,2026-03-24 03:40:00,回歸,多,4378.35,4349.44,4349.44,停損,-29.01,-2.007,-1.003,28.91,9.07,10,14.46,-2.98,0.0,0.1,亞洲,樣本內
2026-03-24 15:35:00,2026-03-24 15:40:00,2026-03-24 16:40:00,回歸,多,4365.13,4332.46,4355.95,時間,-9.28,-0.568,-0.284,12.63,25.42,60,16.33,-2.55,0.0,0.1,紐約,樣本內
2026-03-24 20:05:00,2026-03-24 20:10:00,2026-03-24 21:10:00,回歸,多,4392.02,4371.56,4386.29,時間,-5.83,-0.57,-0.285,19.58,13.84,60,10.23,-2.15,0.0,0.1,尾盤,樣本內
2026-03-24 23:20:00,2026-03-24 23:25:00,2026-03-24 23:30:00,回歸,空,4463.88,4483.56,4483.56,停損,-19.78,-2.01,-1.005,19.68,0.0,5,9.84,5.69,0.0,0.1,尾盤,樣本內
2026-03-25 08:25:00,2026-03-25 08:30:00,2026-03-25 09:10:00,回歸,多,4554.66,4545.08,4545.08,停損,-9.7,-2.025,-1.013,9.58,12.28,40,4.79,-3.04,0.0,0.12,亞洲,樣本內
2026-03-25 14:20:00,2026-03-25 14:25:00,2026-03-25 15:25:00,回歸,空,4582.06,4594.97,4556.31,時間,25.65,3.975,1.987,3.37,28.71,60,6.45,3.12,0.0,0.1,倫敦,樣本內
2026-03-25 15:25:00,2026-03-25 15:30:00,2026-03-25 15:35:00,回歸,多,4544.99,4526.67,4526.67,停損,-18.42,-2.011,-1.005,18.32,0.0,5,9.16,-2.48,0.0,0.1,紐約,樣本內
2026-03-25 22:05:00,2026-03-25 22:10:00,2026-03-25 23:10:00,回歸,多,4503.66,4483.71,4527.17,時間,23.41,2.347,1.174,16.72,38.47,60,9.97,-4.07,0.0,0.1,尾盤,樣本內
2026-03-26 08:10:00,2026-03-26 08:15:00,2026-03-26 08:30:00,回歸,多,4508.75,4500.9,4500.9,停損,-7.97,-2.031,-1.015,7.85,2.59,15,3.93,-2.01,0.0,0.12,亞洲,樣本內
2026-03-26 19:20:00,2026-03-26 19:25:00,2026-03-26 19:35:00,回歸,多,4400.91,4377.19,4377.19,停損,-23.82,-2.008,-1.004,23.72,0.07,10,11.86,-3.38,0.0,0.1,紐約,樣本內
2026-03-26 22:50:00,2026-03-26 22:55:00,2026-03-26 23:55:00,回歸,多,4364.4,4349.2,4375.92,時間,11.42,1.502,0.751,13.24,56.43,60,7.6,-2.55,0.0,0.1,尾盤,樣本內
2026-03-27 08:30:00,2026-03-27 08:35:00,2026-03-27 08:40:00,回歸,空,4459.41,4469.43,4469.43,停損,-10.12,-2.02,-1.01,10.02,0.0,5,5.01,3.43,0.0,0.1,亞洲,樣本內
2026-03-27 13:40:00,2026-03-27 13:45:00,2026-03-27 14:10:00,回歸,多,4416.07,4405.31,4405.31,停損,-10.86,-2.019,-1.009,10.76,3.0,25,5.38,-2.35,0.0,0.1,倫敦,樣本內
2026-03-27 17:50:00,2026-03-27 17:55:00,2026-03-27 18:15:00,回歸,空,4489.2,4517.81,4517.81,停損,-28.71,-2.007,-1.003,28.61,0.0,20,14.31,2.47,0.0,0.1,紐約,樣本內
2026-03-30 05:40:00,2026-03-30 05:45:00,2026-03-30 06:25:00,回歸,空,4494.7,4515.33,4515.33,停損,-20.73,-2.01,-1.005,20.63,15.77,40,10.31,2.6,0.0,0.1,亞洲,樣本內
2026-03-30 08:05:00,2026-03-30 08:10:00,2026-03-30 08:25:00,回歸,空,4504.69,4514.29,4514.29,停損,-9.7,-2.021,-1.01,9.6,1.0,15,4.8,2.26,0.0,0.1,亞洲,樣本內
2026-03-30 14:40:00,2026-03-30 14:45:00,2026-03-30 15:45:00,回歸,空,4566.35,4582.73,4573.87,時間,-7.62,-0.93,-0.465,14.49,20.91,60,8.19,3.25,0.0,0.1,倫敦,樣本內
2026-03-30 16:45:00,2026-03-30 16:50:00,2026-03-30 17:25:00,回歸,多,4534.73,4514.61,4514.61,停損,-20.22,-2.01,-1.005,20.12,3.05,35,10.06,-2.39,0.0,0.1,紐約,樣本內
2026-03-30 20:10:00,2026-03-30 20:15:00,2026-03-30 21:15:00,回歸,多,4522.61,4508.34,4518.54,時間,-4.17,-0.585,-0.292,11.13,7.98,60,7.13,-2.24,0.0,0.1,尾盤,樣本內
2026-03-30 21:55:00,2026-03-30 22:00:00,2026-03-30 23:00:00,回歸,多,4499.04,4486.42,4513.7,時間,14.56,2.307,1.153,5.92,19.47,60,6.31,-2.87,0.0,0.1,尾盤,樣本內
2026-03-31 12:35:00,2026-03-31 12:40:00,2026-03-31 13:40:00,回歸,多,4551.1,4539.33,4539.33,停損,-11.87,-2.017,-1.008,11.77,11.42,60,5.89,-2.25,0.0,0.1,倫敦,樣本內
2026-03-31 14:20:00,2026-03-31 14:25:00,2026-03-31 15:10:00,回歸,空,4575.75,4595.8,4595.8,停損,-20.15,-2.01,-1.005,20.05,7.04,45,10.02,2.01,0.0,0.1,倫敦,樣本內
2026-03-31 16:50:00,2026-03-31 16:55:00,2026-03-31 17:35:00,回歸,空,4606.73,4626.43,4626.43,停損,-19.8,-2.01,-1.005,19.7,13.83,40,9.85,2.45,0.0,0.1,紐約,樣本內
2026-04-01 09:20:00,2026-04-01 09:25:00,2026-04-01 09:50:00,回歸,空,4709.18,4724.56,4724.56,停損,-15.48,-2.013,-1.007,15.38,6.85,25,7.69,2.4,0.0,0.1,亞洲,樣本內
2026-04-01 21:00:00,2026-04-01 21:05:00,2026-04-01 21:40:00,回歸,多,4764.41,4752.83,4752.83,停損,-11.68,-2.017,-1.009,11.58,8.79,35,5.79,-2.64,0.0,0.1,尾盤,樣本內
2026-04-02 01:30:00,2026-04-02 01:35:00,2026-04-02 02:10:00,回歸,空,4776.83,4788.1,4788.1,停損,-11.37,-2.018,-1.009,11.27,6.01,35,5.63,2.22,0.0,0.1,亞洲,樣本內
2026-04-02 04:00:00,2026-04-02 04:05:00,2026-04-02 04:20:00,回歸,多,4744.27,4724.53,4724.53,停損,-19.84,-2.01,-1.005,19.74,20.48,15,9.87,-3.95,0.0,0.1,亞洲,樣本內
2026-04-02 08:30:00,2026-04-02 08:35:00,2026-04-02 08:45:00,回歸,多,4651.76,4634.66,4634.66,停損,-17.2,-2.012,-1.006,17.1,1.23,10,8.55,-2.29,0.0,0.1,亞洲,樣本內
2026-04-02 22:05:00,2026-04-02 22:10:00,2026-04-02 23:10:00,回歸,空,4679.7,4691.92,4674.15,時間,5.45,0.892,0.446,2.13,18.11,60,6.11,2.84,0.0,0.1,尾盤,樣本內
2026-04-15 04:25:00,2026-04-15 04:30:00,2026-04-15 05:30:00,回歸,空,4850.92,4884.84,4834.58,時間,16.21,0.956,0.478,2.55,18.44,60,16.96,9.65,0.0,0.13,亞洲,樣本內
2026-04-15 14:50:00,2026-04-15 14:55:00,2026-04-15 15:55:00,回歸,空,4814.07,4823.05,4812.69,時間,1.25,0.278,0.139,2.17,6.99,60,4.49,2.24,0.0,0.13,倫敦,樣本內
2026-04-16 01:50:00,2026-04-16 01:55:00,2026-04-16 02:35:00,回歸,空,4810.45,4819.21,4819.21,停損,-8.89,-2.03,-1.015,8.76,2.94,40,4.38,2.6,0.0,0.13,亞洲,樣本內
2026-04-16 04:35:00,2026-04-16 04:40:00,2026-04-16 05:40:00,回歸,多,4812.93,4802.2,4817.09,時間,4.03,0.751,0.375,1.62,12.09,60,5.37,-2.15,0.0,0.13,亞洲,樣本內
2026-04-16 14:00:00,2026-04-16 14:05:00,2026-04-16 15:05:00,回歸,空,4820.0,4827.26,4819.59,時間,0.28,0.077,0.039,3.15,4.39,60,3.63,2.1,0.0,0.13,倫敦,樣本內
2026-04-16 16:50:00,2026-04-16 16:55:00,2026-04-16 17:45:00,回歸,多,4794.46,4779.75,4779.75,停損,-14.84,-2.018,-1.009,14.71,10.92,50,7.36,-2.8,0.0,0.13,紐約,樣本內
2026-04-17 01:05:00,2026-04-17 01:10:00,2026-04-17 02:10:00,回歸,空,4796.49,4801.46,4793.96,時間,2.4,0.965,0.483,0.43,5.58,60,2.49,2.02,0.0,0.13,亞洲,樣本內
2026-04-17 04:05:00,2026-04-17 04:10:00,2026-04-17 04:15:00,回歸,多,4783.42,4774.61,4774.61,停損,-8.94,-2.03,-1.015,8.81,0.0,5,4.41,-2.18,0.0,0.13,亞洲,樣本內
2026-04-17 14:45:00,2026-04-17 14:50:00,2026-04-17 15:30:00,回歸,空,4805.78,4815.55,4815.55,停損,-9.9,-2.027,-1.013,9.77,8.03,40,4.88,2.8,0.0,0.13,倫敦,樣本內
2026-04-17 23:00:00,2026-04-17 23:05:00,2026-04-17 23:40:00,回歸,多,4850.2,4843.36,4843.36,停損,-6.97,-2.038,-1.019,6.84,1.8,35,3.42,-2.17,0.0,0.13,尾盤,樣本內
2026-04-20 04:00:00,2026-04-20 04:05:00,2026-04-20 04:30:00,回歸,空,4787.79,4802.08,4802.08,停損,-14.42,-2.018,-1.009,14.29,6.38,25,7.15,2.71,0.0,0.13,亞洲,樣本內
2026-04-20 14:45:00,2026-04-20 14:50:00,2026-04-20 15:00:00,回歸,空,4801.81,4809.37,4809.37,停損,-7.69,-2.034,-1.017,7.56,0.26,10,3.78,2.21,0.0,0.13,倫敦,樣本內
2026-04-21 01:00:00,2026-04-21 01:05:00,2026-04-21 01:10:00,回歸,空,4825.04,4831.19,4831.19,停損,-6.28,-2.042,-1.021,6.15,0.0,5,3.08,2.71,0.0,0.13,亞洲,樣本內
2026-04-21 17:40:00,2026-04-21 17:45:00,2026-04-21 17:50:00,回歸,多,4744.97,4727.41,4727.41,停損,-17.69,-2.015,-1.007,17.56,0.0,5,8.78,-3.23,0.0,0.13,紐約,樣本內
2026-04-21 22:40:00,2026-04-21 22:45:00,2026-04-21 23:45:00,回歸,多,4671.52,4655.08,4711.47,時間,39.82,4.844,2.422,2.52,42.36,60,8.22,-4.02,0.0,0.13,尾盤,樣本內
2026-04-22 02:10:00,2026-04-22 02:15:00,2026-04-22 02:50:00,回歸,空,4727.52,4735.13,4735.13,停損,-7.74,-2.034,-1.017,7.61,1.19,35,3.81,2.62,0.0,0.13,亞洲,樣本內
2026-04-22 08:15:00,2026-04-22 08:20:00,2026-04-22 09:20:00,回歸,空,4768.58,4775.62,4763.63,時間,4.82,1.37,0.685,3.49,9.72,60,3.52,3.21,0.0,0.13,亞洲,樣本內
2026-04-22 13:00:00,2026-04-22 13:05:00,2026-04-22 14:05:00,回歸,多,4748.95,4741.91,4757.63,時間,8.55,2.428,1.214,3.1,11.49,60,3.52,-2.35,0.0,0.13,倫敦,樣本內
2026-04-22 14:40:00,2026-04-22 14:45:00,2026-04-22 15:45:00,回歸,多,4748.72,4742.03,4746.73,時間,-2.12,-0.634,-0.317,3.02,11.09,60,3.34,-2.18,0.0,0.13,倫敦,樣本內
2026-04-22 21:45:00,2026-04-22 21:50:00,2026-04-22 22:50:00,回歸,空,4746.79,4754.57,4738.61,時間,8.05,2.068,1.034,0.72,9.87,60,3.89,2.74,0.0,0.13,尾盤,樣本內
2026-04-23 03:30:00,2026-04-23 03:35:00,2026-04-23 04:35:00,回歸,空,4746.85,4763.82,4729.22,時間,17.5,2.062,1.031,6.73,20.87,60,8.49,2.2,0.0,0.13,亞洲,樣本內
2026-04-23 14:50:00,2026-04-23 14:55:00,2026-04-23 15:05:00,回歸,空,4714.97,4724.87,4724.87,停損,-10.03,-2.026,-1.013,9.9,1.0,10,4.95,2.89,0.0,0.13,倫敦,樣本內
2026-04-23 18:50:00,2026-04-23 18:55:00,2026-04-23 19:55:00,回歸,多,4717.23,4705.73,4733.74,時間,16.38,2.848,1.424,1.55,19.94,60,5.75,-2.14,0.0,0.13,紐約,樣本內
2026-04-23 20:05:00,2026-04-23 20:10:00,2026-04-23 20:40:00,回歸,多,4710.66,4699.0,4699.0,停損,-11.79,-2.022,-1.011,11.66,7.41,30,5.83,-2.74,0.0,0.13,尾盤,樣本內
2026-04-24 05:45:00,2026-04-24 05:50:00,2026-04-24 06:50:00,回歸,多,4675.98,4664.05,4675.29,時間,-0.82,-0.137,-0.069,7.24,3.08,60,5.97,-2.48,0.0,0.13,亞洲,樣本內
2026-04-24 07:20:00,2026-04-24 07:25:00,2026-04-24 08:25:00,回歸,多,4661.6,4653.64,4676.34,時間,14.61,3.672,1.836,3.78,15.34,60,3.98,-3.23,0.0,0.13,亞洲,樣本內
2026-04-24 08:30:00,2026-04-24 08:35:00,2026-04-24 09:35:00,回歸,空,4684.6,4693.09,4672.09,時間,12.38,2.917,1.458,3.46,14.5,60,4.24,2.41,0.0,0.13,亞洲,樣本內
2026-04-24 14:05:00,2026-04-24 14:10:00,2026-04-24 14:25:00,回歸,空,4696.1,4706.64,4706.64,停損,-10.67,-2.025,-1.012,10.54,3.54,15,5.27,2.33,0.0,0.13,倫敦,樣本內
2026-04-24 17:05:00,2026-04-24 17:10:00,2026-04-24 18:10:00,回歸,空,4728.16,4745.5,4724.37,時間,3.66,0.422,0.211,12.15,9.29,60,8.67,2.51,0.0,0.13,紐約,樣本內
2026-04-27 03:55:00,2026-04-27 04:00:00,2026-04-27 04:05:00,回歸,空,4697.78,4706.55,4706.55,停損,-8.9,-2.03,-1.015,8.77,0.0,5,4.39,3.24,0.0,0.13,亞洲,樣本內
2026-04-27 08:30:00,2026-04-27 08:35:00,2026-04-27 09:35:00,回歸,多,4712.92,4707.16,4710.39,時間,-2.66,-0.923,-0.462,4.11,2.79,60,2.88,-2.75,0.0,0.13,亞洲,樣本內
2026-04-27 17:55:00,2026-04-27 18:00:00,2026-04-27 19:00:00,回歸,多,4678.2,4665.66,4670.12,時間,-8.21,-1.31,-0.655,10.97,4.34,60,6.27,-2.09,0.0,0.13,紐約,樣本內
2026-04-27 20:30:00,2026-04-27 20:35:00,2026-04-27 21:35:00,回歸,空,4685.05,4692.71,4683.3,時間,1.62,0.423,0.212,1.11,6.09,60,3.83,2.13,0.0,0.13,尾盤,樣本內
2026-04-28 01:05:00,2026-04-28 01:10:00,2026-04-28 02:10:00,回歸,空,4688.86,4693.3,4688.17,時間,0.51,0.23,0.115,2.3,2.59,60,2.22,3.55,0.0,0.18,亞洲,樣本內
2026-04-28 04:50:00,2026-04-28 04:55:00,2026-04-28 05:00:00,回歸,多,4680.89,4673.17,4673.17,停損,-7.85,-2.034,-1.017,7.72,0.0,5,3.86,-2.06,0.0,0.13,亞洲,樣本內
2026-04-29 03:00:00,2026-04-29 03:05:00,2026-04-29 04:05:00,回歸,空,4606.59,4613.33,4582.63,時間,23.83,7.076,3.538,3.75,26.29,60,3.37,3.71,0.0,0.13,亞洲,樣本內
2026-04-29 09:15:00,2026-04-29 09:20:00,2026-04-29 10:20:00,回歸,多,4585.87,4576.62,4576.62,停損,-9.38,-2.028,-1.014,9.25,3.03,60,4.63,-2.2,0.0,0.13,亞洲,樣本內
2026-04-29 15:50:00,2026-04-29 15:55:00,2026-04-29 16:35:00,回歸,多,4545.16,4533.65,4533.65,停損,-11.64,-2.023,-1.011,11.51,8.21,40,5.76,-2.63,0.0,0.13,紐約,樣本內
2026-04-30 02:45:00,2026-04-30 02:50:00,2026-04-30 03:05:00,回歸,空,4558.04,4563.16,4563.16,停損,-5.25,-2.051,-1.025,5.12,0.73,15,2.56,2.58,0.0,0.13,亞洲,樣本內
2026-04-30 03:45:00,2026-04-30 03:50:00,2026-04-30 04:50:00,回歸,空,4573.32,4583.07,4578.8,時間,-5.61,-1.151,-0.576,8.15,8.72,60,4.87,2.65,0.0,0.13,亞洲,樣本內
2026-04-30 09:30:00,2026-04-30 09:35:00,2026-04-30 10:00:00,回歸,空,4577.01,4587.26,4587.26,停損,-10.38,-2.025,-1.013,10.25,4.88,25,5.13,2.61,0.0,0.13,亞洲,樣本內
2026-05-01 01:00:00,2026-05-01 01:05:00,2026-05-01 02:05:00,回歸,空,4628.92,4635.57,4629.48,時間,-0.74,-0.222,-0.111,3.81,2.34,60,3.33,2.72,0.0,0.18,亞洲,樣本內
2026-05-01 05:10:00,2026-05-01 05:15:00,2026-05-01 06:15:00,回歸,空,4630.92,4638.22,4620.69,時間,10.1,2.768,1.384,5.1,14.35,60,3.65,2.33,0.0,0.13,亞洲,樣本內
2026-05-01 06:30:00,2026-05-01 06:35:00,2026-05-01 07:35:00,回歸,空,4630.32,4636.64,4614.11,時間,16.08,5.087,2.544,1.75,17.83,60,3.16,2.1,0.0,0.13,亞洲,樣本內
2026-05-01 12:50:00,2026-05-01 12:55:00,2026-05-01 13:55:00,回歸,多,4561.04,4552.95,4567.24,時間,6.07,1.501,0.75,0.72,15.0,60,4.05,-2.48,0.0,0.13,倫敦,樣本內
2026-05-01 16:40:00,2026-05-01 16:45:00,2026-05-01 16:55:00,回歸,空,4607.95,4620.59,4620.59,停損,-12.77,-2.021,-1.01,12.64,9.06,10,6.32,2.42,0.0,0.13,紐約,樣本內
2026-05-01 22:40:00,2026-05-01 22:45:00,2026-05-01 23:45:00,回歸,多,4611.91,4604.46,4613.78,時間,1.74,0.467,0.234,4.88,4.29,60,3.72,-2.91,0.0,0.13,尾盤,樣本內
2026-05-04 01:00:00,2026-05-04 01:05:00,2026-05-04 02:05:00,回歸,空,4625.59,4634.8,4619.29,時間,6.12,1.329,0.664,3.78,12.97,60,4.61,2.03,0.0,0.18,亞洲,樣本內
2026-05-04 05:25:00,2026-05-04 05:30:00,2026-05-04 06:30:00,回歸,多,4593.1,4582.49,4609.8,時間,16.57,3.122,1.561,1.99,18.69,60,5.31,-2.1,0.0,0.13,亞洲,樣本內
2026-05-04 11:00:00,2026-05-04 11:05:00,2026-05-04 12:05:00,回歸,多,4575.5,4565.48,4580.73,時間,5.1,1.018,0.509,1.76,5.94,60,5.01,-2.33,0.0,0.13,倫敦,樣本內
2026-05-04 13:00:00,2026-05-04 13:05:00,2026-05-04 13:10:00,回歸,多,4560.28,4550.32,4550.32,停損,-10.09,-2.026,-1.013,9.96,0.0,5,4.98,-3.73,0.0,0.13,倫敦,樣本內
2026-05-04 18:15:00,2026-05-04 18:20:00,2026-05-04 18:25:00,回歸,多,4540.08,4520.77,4520.77,停損,-19.44,-2.013,-1.007,19.31,0.0,5,9.65,-2.32,0.0,0.13,紐約,樣本內
2026-05-05 03:05:00,2026-05-05 03:10:00,2026-05-05 04:05:00,回歸,空,4526.33,4531.48,4531.48,停損,-5.28,-2.05,-1.025,5.15,12.69,55,2.58,2.24,0.0,0.13,亞洲,樣本內
2026-05-05 08:05:00,2026-05-05 08:10:00,2026-05-05 08:40:00,回歸,空,4543.11,4549.87,4549.87,停損,-6.89,-2.038,-1.019,6.76,7.37,30,3.38,2.27,0.0,0.13,亞洲,樣本內
2026-05-05 13:50:00,2026-05-05 13:55:00,2026-05-05 14:55:00,回歸,多,4541.04,4533.28,4560.93,時間,19.76,5.092,2.546,1.13,23.86,60,3.88,-2.43,0.0,0.13,倫敦,樣本內
2026-05-05 15:20:00,2026-05-05 15:25:00,2026-05-05 16:20:00,回歸,空,4572.19,4584.38,4584.38,停損,-12.32,-2.021,-1.011,12.19,10.38,55,6.09,2.24,0.0,0.13,紐約,樣本內
2026-05-06 01:55:00,2026-05-06 02:00:00,2026-05-06 02:15:00,回歸,空,4573.36,4582.93,4582.93,停損,-9.7,-2.027,-1.014,9.57,3.82,15,4.79,3.91,0.0,0.13,亞洲,樣本內
2026-05-06 08:55:00,2026-05-06 09:00:00,2026-05-06 10:00:00,回歸,空,4663.01,4672.6,4669.26,時間,-6.38,-1.33,-0.665,6.58,5.87,60,4.8,2.56,0.0,0.13,亞洲,樣本內
2026-05-06 11:50:00,2026-05-06 11:55:00,2026-05-06 12:55:00,回歸,空,4697.4,4709.55,4700.35,時間,-3.08,-0.507,-0.254,11.14,8.21,60,6.07,3.51,0.0,0.13,倫敦,樣本內
2026-05-06 22:05:00,2026-05-06 22:10:00,2026-05-06 23:10:00,回歸,空,4694.39,4700.49,4696.62,時間,-2.36,-0.774,-0.387,5.8,1.97,60,3.05,2.28,0.0,0.13,尾盤,樣本內
2026-05-07 04:10:00,2026-05-07 04:15:00,2026-05-07 05:15:00,回歸,空,4709.77,4721.89,4704.19,時間,5.45,0.899,0.45,11.58,7.48,60,6.06,2.45,0.0,0.13,亞洲,樣本內
2026-05-07 23:55:00,2026-05-08 01:00:00,2026-05-08 02:00:00,回歸,多,4679.08,4664.77,4685.9,時間,6.69,0.935,0.467,2.15,20.29,60,7.16,-2.33,0.0,0.13,尾盤,樣本內
2026-05-08 05:00:00,2026-05-08 05:05:00,2026-05-08 06:05:00,回歸,空,4731.81,4745.19,4717.51,時間,14.17,2.118,1.059,0.0,24.78,60,6.69,2.8,0.0,0.13,亞洲,樣本內
2026-05-08 10:20:00,2026-05-08 10:25:00,2026-05-08 11:25:00,回歸,多,4706.38,4694.09,4720.08,時間,13.57,2.208,1.104,9.21,15.84,60,6.15,-2.46,0.0,0.13,倫敦,樣本內
2026-05-08 21:00:00,2026-05-08 21:05:00,2026-05-08 22:05:00,回歸,空,4726.63,4732.75,4723.12,時間,3.38,1.105,0.553,2.38,6.67,60,3.06,2.6,0.0,0.13,尾盤,樣本內
2026-05-08 23:15:00,2026-05-08 23:20:00,2026-05-09 00:00:00,回歸,多,4715.43,4710.78,4715.72,斷線,0.16,0.069,0.034,0.73,3.7,40,2.32,-2.95,0.0,0.13,尾盤,樣本內
2026-05-11 03:10:00,2026-05-11 03:15:00,2026-05-11 03:55:00,回歸,多,4682.71,4673.8,4673.8,停損,-9.04,-2.029,-1.015,8.91,10.63,40,4.46,-2.47,0.0,0.13,亞洲,樣本內
2026-05-11 12:20:00,2026-05-11 12:25:00,2026-05-11 12:35:00,回歸,多,4659.2,4651.42,4651.42,停損,-7.91,-2.033,-1.017,7.78,2.26,10,3.89,-2.47,0.0,0.13,倫敦,樣本內
2026-05-11 15:20:00,2026-05-11 15:25:00,2026-05-11 16:05:00,回歸,空,4692.59,4702.73,4702.73,停損,-10.27,-2.026,-1.013,10.14,6.82,40,5.07,3.98,0.0,0.13,紐約,樣本內
2026-05-11 19:40:00,2026-05-11 19:45:00,2026-05-11 20:45:00,回歸,多,4711.42,4702.78,4723.93,時間,12.38,2.865,1.432,2.35,13.06,60,4.32,-3.25,0.0,0.13,紐約,樣本內
2026-05-11 22:45:00,2026-05-11 22:50:00,2026-05-11 23:05:00,回歸,空,4731.43,4736.96,4736.96,停損,-5.66,-2.047,-1.024,5.53,1.09,15,2.76,2.06,0.0,0.13,尾盤,樣本內
2026-05-12 04:30:00,2026-05-12 04:35:00,2026-05-12 05:35:00,回歸,多,4732.33,4717.32,4726.5,時間,-5.96,-0.794,-0.397,11.95,1.61,60,7.51,-2.32,0.0,0.13,亞洲,樣本內
2026-05-12 07:50:00,2026-05-12 07:55:00,2026-05-12 08:55:00,回歸,多,4713.56,4705.33,4713.87,時間,0.18,0.044,0.022,4.79,8.59,60,4.12,-2.42,0.0,0.13,亞洲,樣本內
2026-05-12 13:35:00,2026-05-12 13:40:00,2026-05-12 14:40:00,回歸,多,4686.59,4675.07,4704.46,時間,17.74,3.081,1.541,1.35,18.16,60,5.76,-2.24,0.0,0.13,倫敦,樣本內
2026-05-12 21:30:00,2026-05-12 21:35:00,2026-05-12 21:45:00,回歸,空,4690.25,4697.27,4697.27,停損,-7.15,-2.037,-1.019,7.02,0.88,10,3.51,2.91,0.0,0.13,尾盤,樣本內
2026-05-13 12:15:00,2026-05-13 12:20:00,2026-05-13 13:20:00,回歸,多,4690.77,4683.58,4700.66,時間,9.76,2.716,1.358,4.74,19.76,60,3.59,-2.3,0.0,0.13,倫敦,樣本內
2026-05-13 15:20:00,2026-05-13 15:25:00,2026-05-13 15:35:00,回歸,多,4687.75,4679.23,4679.23,停損,-8.65,-2.031,-1.015,8.52,1.13,10,4.26,-2.21,0.0,0.13,紐約,樣本內
2026-05-13 21:45:00,2026-05-13 21:50:00,2026-05-13 22:50:00,回歸,多,4679.43,4671.33,4689.3,時間,9.74,2.404,1.202,0.0,11.12,60,4.05,-2.75,0.0,0.13,尾盤,樣本內
2026-05-14 07:25:00,2026-05-14 07:30:00,2026-05-14 08:30:00,回歸,空,4702.35,4715.04,4693.7,時間,8.52,1.343,0.671,10.36,8.95,60,6.34,2.7,0.0,0.13,亞洲,樣本內
2026-05-14 10:30:00,2026-05-14 10:35:00,2026-05-14 11:35:00,回歸,空,4710.38,4721.3,4702.46,時間,7.79,1.426,0.713,8.51,19.52,60,5.46,2.15,0.0,0.13,倫敦,樣本內
2026-05-14 21:00:00,2026-05-14 21:05:00,2026-05-14 22:05:00,回歸,多,4670.11,4663.31,4668.9,時間,-1.34,-0.394,-0.197,3.05,6.36,60,3.4,-2.51,0.0,0.13,尾盤,樣本內
2026-05-15 03:25:00,2026-05-15 03:30:00,2026-05-15 03:45:00,回歸,多,4630.02,4614.84,4614.84,停損,-15.31,-2.017,-1.009,15.18,0.68,15,7.59,-2.87,0.0,0.13,亞洲,樣本內
2026-05-15 12:45:00,2026-05-15 12:50:00,2026-05-15 13:50:00,回歸,多,4538.03,4524.21,4559.88,時間,21.72,3.144,1.572,6.03,25.61,60,6.91,-2.33,0.0,0.13,倫敦,樣本內
2026-05-15 16:35:00,2026-05-15 16:40:00,2026-05-15 17:40:00,回歸,多,4528.63,4509.84,4555.97,時間,27.21,2.897,1.448,16.83,34.17,60,9.39,-2.01,0.0,0.13,紐約,樣本內
2026-05-15 20:10:00,2026-05-15 20:15:00,2026-05-15 21:15:00,回歸,空,4557.15,4566.85,4561.72,時間,-4.7,-0.969,-0.485,7.39,2.58,60,4.85,2.31,0.0,0.13,尾盤,樣本內
2026-05-15 23:00:00,2026-05-15 23:05:00,2026-05-16 00:00:00,回歸,多,4540.0,4532.24,4538.63,斷線,-1.5,-0.386,-0.193,6.83,3.97,55,3.88,-2.99,0.0,0.13,尾盤,樣本內
2026-05-18 03:05:00,2026-05-18 03:10:00,2026-05-18 03:35:00,回歸,多,4523.76,4510.39,4510.39,停損,-13.5,-2.019,-1.01,13.37,9.9,25,6.69,-2.28,0.0,0.13,亞洲,樣本內
2026-05-18 14:35:00,2026-05-18 14:40:00,2026-05-18 15:40:00,回歸,空,4555.91,4569.61,4561.64,時間,-5.86,-0.856,-0.428,11.08,10.52,60,6.85,2.1,0.0,0.13,倫敦,樣本內
2026-05-18 15:40:00,2026-05-18 15:45:00,2026-05-18 16:45:00,回歸,空,4569.72,4585.87,4566.27,時間,3.32,0.411,0.206,10.08,7.8,60,8.08,2.13,0.0,0.13,紐約,樣本內
2026-05-19 08:20:00,2026-05-19 08:25:00,2026-05-19 09:25:00,回歸,多,4535.46,4527.6,4549.55,時間,13.96,3.552,1.776,2.43,15.82,60,3.93,-2.03,0.0,0.13,亞洲,樣本內
2026-05-19 16:00:00,2026-05-19 16:05:00,2026-05-19 16:25:00,回歸,多,4523.53,4510.37,4510.37,停損,-13.29,-2.02,-1.01,13.16,2.95,20,6.58,-2.27,0.0,0.13,紐約,樣本內
2026-05-19 22:20:00,2026-05-19 22:25:00,2026-05-19 23:25:00,回歸,多,4486.71,4478.79,4487.42,時間,0.58,0.146,0.073,5.7,3.22,60,3.96,-2.6,0.0,0.13,尾盤,樣本內
2026-05-20 21:35:00,2026-05-20 21:40:00,2026-05-20 22:40:00,回歸,空,4542.94,4550.05,4550.05,停損,-7.24,-2.037,-1.018,7.11,6.07,60,3.55,2.38,0.0,0.13,尾盤,樣本內
2026-05-21 04:10:00,2026-05-21 04:15:00,2026-05-21 05:15:00,回歸,空,4559.93,4572.42,4551.85,時間,7.95,1.273,0.637,10.8,9.16,60,6.24,2.25,0.0,0.13,亞洲,樣本內
2026-05-21 08:15:00,2026-05-21 08:20:00,2026-05-21 08:35:00,回歸,多,4527.12,4520.14,4520.14,停損,-7.11,-2.037,-1.019,6.98,1.06,15,3.49,-2.25,0.0,0.13,亞洲,樣本內
2026-05-21 11:10:00,2026-05-21 11:15:00,2026-05-21 12:15:00,回歸,空,4534.29,4544.34,4537.81,時間,-3.65,-0.726,-0.363,6.21,7.61,60,5.03,2.16,0.0,0.13,倫敦,樣本內
2026-05-21 13:25:00,2026-05-21 13:30:00,2026-05-21 13:45:00,回歸,多,4518.1,4506.61,4506.61,停損,-11.62,-2.023,-1.011,11.49,0.34,15,5.75,-2.32,0.0,0.13,倫敦,樣本內
2026-05-22 02:40:00,2026-05-22 02:45:00,2026-05-22 03:45:00,回歸,多,4533.43,4528.34,4538.03,時間,4.47,1.755,0.878,3.06,7.67,60,2.55,-2.65,0.0,0.13,亞洲,樣本內
2026-05-22 08:55:00,2026-05-22 09:00:00,2026-05-22 10:00:00,回歸,多,4511.29,4501.55,4526.89,時間,15.47,3.176,1.588,1.11,17.66,60,4.87,-3.27,0.0,0.13,亞洲,樣本內
2026-05-22 13:40:00,2026-05-22 13:45:00,2026-05-22 14:45:00,回歸,多,4512.54,4502.82,4521.75,時間,9.08,1.867,0.934,2.28,10.58,60,4.86,-2.44,0.0,0.13,倫敦,樣本內
2026-05-22 17:10:00,2026-05-22 17:15:00,2026-05-22 18:15:00,回歸,多,4497.67,4482.4,4511.21,時間,13.41,1.757,0.878,5.79,14.31,60,7.63,-2.44,0.0,0.13,紐約,樣本內
2026-05-25 01:00:00,2026-05-25 01:05:00,2026-05-25 01:50:00,回歸,空,4550.96,4562.04,4562.04,停損,-11.26,-2.032,-1.016,11.08,2.15,45,5.54,7.04,0.0,0.18,亞洲,樣本內
2026-05-25 08:20:00,2026-05-25 08:25:00,2026-05-25 09:10:00,回歸,多,4556.61,4551.21,4551.21,停損,-5.53,-2.048,-1.024,5.4,4.43,45,2.7,-2.2,0.0,0.13,亞洲,樣本內
2026-05-25 12:30:00,2026-05-25 12:35:00,2026-05-25 13:10:00,回歸,空,4565.11,4570.42,4570.42,停損,-5.44,-2.049,-1.025,5.31,2.06,35,2.65,2.67,0.0,0.13,倫敦,樣本內
2026-05-25 14:15:00,2026-05-25 14:20:00,2026-05-25 15:20:00,回歸,空,4574.94,4579.44,4554.2,時間,20.61,9.16,4.58,2.08,21.01,60,2.25,2.63,0.0,0.13,倫敦,樣本內
2026-05-26 02:30:00,2026-05-26 02:35:00,2026-05-26 03:05:00,回歸,多,4560.83,4553.57,4553.57,停損,-7.39,-2.036,-1.018,7.26,2.09,30,3.63,-3.14,0.0,0.13,亞洲,樣本內
2026-05-26 04:35:00,2026-05-26 04:40:00,2026-05-26 05:40:00,回歸,多,4529.83,4517.68,4537.55,時間,7.59,1.249,0.625,1.79,9.76,60,6.08,-2.85,0.0,0.13,亞洲,樣本內
2026-05-26 12:40:00,2026-05-26 12:45:00,2026-05-26 13:45:00,回歸,多,4513.3,4504.29,4533.24,時間,19.81,4.397,2.198,0.12,25.58,60,4.51,-2.12,0.0,0.13,倫敦,樣本內
2026-05-26 14:30:00,2026-05-26 14:35:00,2026-05-26 14:40:00,回歸,多,4519.42,4511.38,4511.38,停損,-8.17,-2.032,-1.016,8.04,0.0,5,4.02,-2.31,0.0,0.13,倫敦,樣本內
2026-05-27 02:40:00,2026-05-27 02:45:00,2026-05-27 03:45:00,回歸,空,4526.97,4536.3,4518.74,時間,8.1,1.736,0.868,1.02,12.78,60,4.67,3.56,0.0,0.13,亞洲,樣本內
2026-05-27 06:55:00,2026-05-27 07:00:00,2026-05-27 08:00:00,回歸,多,4497.13,4490.64,4510.14,時間,12.88,3.97,1.985,1.22,20.19,60,3.24,-2.49,0.0,0.13,亞洲,樣本內
2026-05-27 08:40:00,2026-05-27 08:45:00,2026-05-27 09:35:00,回歸,多,4493.46,4482.56,4482.56,停損,-11.03,-2.024,-1.012,10.9,8.87,50,5.45,-2.01,0.0,0.13,亞洲,樣本內
2026-05-27 16:05:00,2026-05-27 16:10:00,2026-05-27 17:10:00,回歸,多,4414.25,4391.69,4444.37,時間,29.99,2.659,1.33,12.79,34.0,60,11.28,-2.49,0.0,0.13,紐約,樣本內
2026-05-28 08:35:00,2026-05-28 08:40:00,2026-05-28 09:40:00,回歸,空,4391.23,4401.91,4382.1,時間,9.0,1.686,0.843,4.61,16.88,60,5.34,2.31,0.0,0.13,亞洲,樣本內
2026-05-28 13:45:00,2026-05-28 13:50:00,2026-05-28 14:50:00,回歸,多,4380.81,4370.52,4383.4,時間,2.46,0.478,0.239,5.39,9.73,60,5.15,-2.48,0.0,0.13,倫敦,樣本內
2026-05-28 15:40:00,2026-05-28 15:45:00,2026-05-28 15:55:00,回歸,空,4402.1,4413.47,4413.47,停損,-11.5,-2.023,-1.011,11.37,0.38,10,5.68,2.04,0.0,0.13,紐約,樣本內
2026-05-28 17:10:00,2026-05-28 17:15:00,2026-05-28 18:15:00,回歸,空,4464.34,4486.31,4471.42,時間,-7.21,-0.656,-0.328,16.42,12.65,60,10.98,3.57,0.0,0.13,紐約,樣本內
2026-05-29 04:05:00,2026-05-29 04:10:00,2026-05-29 04:20:00,回歸,空,4508.9,4519.13,4519.13,停損,-10.36,-2.025,-1.013,10.23,0.74,10,5.12,2.26,0.0,0.13,亞洲,樣本內
2026-05-29 07:20:00,2026-05-29 07:25:00,2026-05-29 08:25:00,回歸,空,4510.61,4516.83,4509.91,時間,0.57,0.183,0.092,4.85,2.32,60,3.11,2.71,0.0,0.13,亞洲,樣本內
2026-05-29 12:10:00,2026-05-29 12:15:00,2026-05-29 12:55:00,回歸,空,4529.11,4537.86,4537.86,停損,-8.88,-2.03,-1.015,8.75,6.88,40,4.37,2.47,0.0,0.13,倫敦,樣本內
2026-05-29 13:30:00,2026-05-29 13:35:00,2026-05-29 14:35:00,回歸,空,4538.82,4548.91,4527.09,時間,11.6,2.299,1.149,4.48,12.91,60,5.05,2.18,0.0,0.13,倫敦,樣本內
2026-05-29 15:30:00,2026-05-29 15:35:00,2026-05-29 16:35:00,回歸,多,4517.15,4506.32,4525.13,時間,7.85,1.449,0.725,4.36,14.94,60,5.42,-2.08,0.0,0.13,紐約,樣本內
2026-05-29 17:50:00,2026-05-29 17:55:00,2026-05-29 18:05:00,回歸,空,4556.96,4575.89,4575.89,停損,-19.06,-2.014,-1.007,18.93,1.11,10,9.46,2.13,0.0,0.13,紐約,樣本內
2026-06-01 06:40:00,2026-06-01 06:45:00,2026-06-01 07:45:00,回歸,多,4510.69,4501.8,4514.59,時間,3.77,0.848,0.424,0.79,8.97,60,4.44,-2.58,0.0,0.13,亞洲,樣本外
2026-06-01 10:45:00,2026-06-01 10:50:00,2026-06-01 11:50:00,回歸,多,4494.55,4485.95,4501.28,時間,6.6,1.535,0.767,3.88,9.95,60,4.3,-2.61,0.0,0.13,倫敦,樣本外
2026-06-01 16:10:00,2026-06-01 16:15:00,2026-06-01 16:25:00,回歸,多,4484.24,4469.09,4469.09,停損,-15.28,-2.017,-1.009,15.15,5.45,10,7.57,-2.4,0.0,0.13,紐約,樣本外
2026-06-01 19:50:00,2026-06-01 19:55:00,2026-06-01 20:45:00,回歸,空,4479.99,4489.03,4489.03,停損,-9.17,-2.029,-1.014,9.04,8.48,50,4.52,2.21,0.0,0.13,紐約,樣本外
2026-06-02 03:25:00,2026-06-02 03:30:00,2026-06-02 04:30:00,回歸,空,4493.78,4501.66,4486.32,時間,7.33,1.86,0.93,3.37,19.93,60,3.94,2.18,0.0,0.13,亞洲,樣本外
2026-06-02 19:25:00,2026-06-02 19:30:00,2026-06-02 20:30:00,回歸,多,4490.36,4482.38,4491.29,時間,0.8,0.2,0.1,3.98,2.68,60,3.99,-2.6,0.0,0.13,紐約,樣本外
2026-06-03 03:35:00,2026-06-03 03:40:00,2026-06-03 04:40:00,回歸,空,4491.85,4502.19,4466.39,時間,25.33,4.897,2.449,4.9,28.46,60,5.17,2.31,0.0,0.13,亞洲,樣本外
2026-06-03 07:25:00,2026-06-03 07:30:00,2026-06-03 07:40:00,回歸,多,4477.15,4471.83,4471.83,停損,-5.45,-2.049,-1.024,5.32,0.23,10,2.66,-2.0,0.0,0.13,亞洲,樣本外
2026-06-03 16:40:00,2026-06-03 16:45:00,2026-06-03 17:45:00,回歸,多,4427.6,4412.18,4448.25,時間,20.52,2.661,1.331,1.2,30.87,60,7.71,-3.34,0.0,0.13,紐約,樣本外
2026-06-03 22:00:00,2026-06-03 22:05:00,2026-06-03 23:05:00,回歸,空,4449.21,4455.25,4442.14,時間,6.94,2.298,1.149,3.05,7.12,60,3.02,2.78,0.0,0.13,尾盤,樣本外
2026-06-04 07:30:00,2026-06-04 07:35:00,2026-06-04 08:35:00,回歸,空,4480.23,4488.69,4473.49,時間,6.61,1.562,0.781,3.77,9.22,60,4.23,2.66,0.0,0.13,亞洲,樣本外
2026-06-04 14:25:00,2026-06-04 14:30:00,2026-06-04 14:50:00,回歸,空,4489.63,4499.6,4499.6,停損,-10.1,-2.026,-1.013,9.97,7.34,20,4.98,3.18,0.0,0.13,倫敦,樣本外
2026-06-05 01:50:00,2026-06-05 01:55:00,2026-06-05 02:40:00,回歸,多,4469.73,4464.03,4464.03,停損,-5.83,-2.046,-1.023,5.7,4.33,45,2.85,-2.27,0.0,0.13,亞洲,樣本外
2026-06-05 15:30:00,2026-06-05 15:35:00,2026-06-05 15:40:00,回歸,多,4453.03,4441.11,4441.11,停損,-12.05,-2.022,-1.011,11.92,0.0,5,5.96,-2.1,0.0,0.13,紐約,樣本外
2026-06-05 21:10:00,2026-06-05 21:15:00,2026-06-05 22:15:00,回歸,多,4322.89,4311.45,4315.4,時間,-7.62,-1.332,-0.666,7.59,7.54,60,5.72,-2.63,0.0,0.13,尾盤,樣本外
2026-06-08 04:10:00,2026-06-08 04:15:00,2026-06-08 04:25:00,回歸,多,4327.02,4314.46,4314.46,停損,-12.69,-2.021,-1.01,12.56,0.48,10,6.28,-2.02,0.0,0.13,亞洲,樣本外
2026-06-08 08:30:00,2026-06-08 08:35:00,2026-06-08 08:40:00,回歸,多,4287.11,4274.04,4274.04,停損,-13.2,-2.02,-1.01,13.07,0.0,5,6.54,-3.48,0.0,0.13,亞洲,樣本外
2026-06-08 14:10:00,2026-06-08 14:15:00,2026-06-08 14:35:00,回歸,空,4318.87,4332.06,4332.06,停損,-13.32,-2.02,-1.01,13.19,6.25,20,6.6,2.91,0.0,0.13,倫敦,樣本外
2026-06-09 02:25:00,2026-06-09 02:30:00,2026-06-09 02:35:00,回歸,多,4320.68,4316.25,4316.25,停損,-4.56,-2.059,-1.029,4.43,0.0,5,2.22,-2.64,0.0,0.13,亞洲,樣本外
2026-06-09 16:45:00,2026-06-09 16:50:00,2026-06-09 17:50:00,回歸,空,4352.29,4367.01,4284.1,時間,68.06,9.247,4.624,0.42,73.64,60,7.36,2.01,0.0,0.13,紐約,樣本外
2026-06-10 01:45:00,2026-06-10 01:50:00,2026-06-10 02:20:00,回歸,多,4239.25,4230.17,4230.17,停損,-9.21,-2.029,-1.014,9.08,8.01,30,4.54,-3.36,0.0,0.13,亞洲,樣本外
2026-06-10 03:30:00,2026-06-10 03:35:00,2026-06-10 04:10:00,回歸,多,4206.37,4191.1,4191.1,停損,-15.4,-2.017,-1.009,15.27,14.36,35,7.64,-2.64,0.0,0.13,亞洲,樣本外
2026-06-10 08:30:00,2026-06-10 08:35:00,2026-06-10 08:50:00,回歸,空,4191.1,4200.51,4200.51,停損,-9.54,-2.028,-1.014,9.41,3.07,15,4.71,2.29,0.0,0.13,亞洲,樣本外
2026-06-10 16:45:00,2026-06-10 16:50:00,2026-06-10 17:50:00,回歸,空,4185.79,4210.89,4140.71,時間,44.95,3.582,1.791,0.5,47.57,60,12.55,2.26,0.0,0.13,紐約,樣本外
2026-06-11 05:35:00,2026-06-11 05:40:00,2026-06-11 06:40:00,回歸,多,4067.08,4050.29,4070.45,時間,3.24,0.386,0.193,14.49,11.43,60,8.4,-2.39,0.0,0.13,亞洲,樣本外
2026-06-11 08:30:00,2026-06-11 08:35:00,2026-06-11 09:35:00,回歸,空,4095.19,4108.14,4084.17,時間,10.89,1.681,0.841,11.09,18.78,60,6.48,2.42,0.0,0.13,亞洲,樣本外
2026-06-11 20:25:00,2026-06-11 20:30:00,2026-06-11 20:35:00,回歸,空,4101.64,4115.97,4115.97,停損,-14.46,-2.018,-1.009,14.33,0.0,5,7.17,2.55,0.0,0.13,尾盤,樣本外
2026-06-12 01:40:00,2026-06-12 01:45:00,2026-06-12 02:00:00,回歸,空,4225.89,4237.11,4237.11,停損,-11.35,-2.023,-1.012,11.22,0.78,15,5.61,2.84,0.0,0.13,亞洲,樣本外
2026-06-12 04:00:00,2026-06-12 04:05:00,2026-06-12 05:05:00,回歸,多,4184.72,4165.49,4191.37,時間,6.52,0.678,0.339,13.26,9.65,60,9.61,-2.73,0.0,0.13,亞洲,樣本外
2026-06-12 18:20:00,2026-06-12 18:25:00,2026-06-12 19:25:00,回歸,空,4228.03,4248.43,4218.51,時間,9.39,0.921,0.46,7.56,20.98,60,10.2,2.49,0.0,0.13,紐約,樣本外
2026-06-15 01:00:00,2026-06-15 01:05:00,2026-06-15 02:05:00,回歸,空,4301.11,4317.82,4284.69,時間,16.22,1.942,0.971,7.79,20.6,60,8.35,9.4,0.0,0.2,亞洲,樣本外
2026-06-15 08:40:00,2026-06-15 08:45:00,2026-06-15 09:10:00,回歸,多,4312.82,4304.58,4304.58,停損,-8.37,-2.032,-1.016,8.24,3.43,25,4.12,-3.08,0.0,0.13,亞洲,樣本外
2026-06-15 16:30:00,2026-06-15 16:35:00,2026-06-15 17:35:00,回歸,空,4362.97,4374.22,4357.28,時間,5.56,0.988,0.494,6.23,8.92,60,5.63,2.92,0.0,0.13,紐約,樣本外
2026-06-15 19:20:00,2026-06-15 19:25:00,2026-06-15 20:25:00,回歸,多,4340.1,4330.3,4330.3,停損,-9.93,-2.027,-1.013,9.8,4.31,60,4.9,-2.63,0.0,0.13,紐約,樣本外
2026-06-16 17:15:00,2026-06-16 17:20:00,2026-06-16 18:20:00,回歸,多,4323.16,4311.22,4325.41,時間,2.12,0.355,0.178,9.88,5.49,60,5.97,-2.42,0.0,0.13,紐約,樣本外
2026-06-16 18:50:00,2026-06-16 18:55:00,2026-06-16 19:55:00,回歸,空,4338.04,4347.95,4341.55,時間,-3.64,-0.735,-0.367,8.96,3.11,60,4.95,2.03,0.0,0.13,紐約,樣本外
2026-06-16 20:20:00,2026-06-16 20:25:00,2026-06-16 21:25:00,回歸,多,4328.42,4320.76,4339.84,時間,11.29,2.948,1.474,0.4,14.34,60,3.83,-2.21,0.0,0.13,尾盤,樣本外
2026-06-17 04:05:00,2026-06-17 04:10:00,2026-06-17 05:10:00,回歸,空,4347.73,4356.39,4341.83,時間,5.77,1.333,0.666,1.89,10.76,60,4.33,2.39,0.0,0.13,亞洲,樣本外
2026-06-17 05:50:00,2026-06-17 05:55:00,2026-06-17 06:55:00,回歸,多,4330.08,4322.61,4332.86,時間,2.65,0.71,0.355,1.4,4.05,60,3.73,-2.31,0.0,0.13,亞洲,樣本外
2026-06-17 07:25:00,2026-06-17 07:30:00,2026-06-17 07:35:00,回歸,多,4324.6,4318.81,4318.81,停損,-5.92,-2.045,-1.022,5.79,0.0,5,2.89,-2.5,0.0,0.13,亞洲,樣本外
2026-06-17 17:20:00,2026-06-17 17:25:00,2026-06-17 18:25:00,回歸,空,4358.29,4370.01,4359.02,時間,-0.86,-0.147,-0.073,5.63,25.7,60,5.86,3.28,0.0,0.13,紐約,樣本外
2026-06-17 20:30:00,2026-06-17 20:35:00,2026-06-17 21:35:00,回歸,空,4377.79,4387.0,4270.85,時間,106.81,23.194,11.597,4.41,107.89,60,4.6,3.63,0.0,0.13,尾盤,樣本外
2026-06-18 02:10:00,2026-06-18 02:15:00,2026-06-18 03:10:00,回歸,空,4281.89,4292.75,4292.75,停損,-10.99,-2.024,-1.012,10.86,13.82,55,5.43,2.77,0.0,0.13,亞洲,樣本外
2026-06-18 08:45:00,2026-06-18 08:50:00,2026-06-18 09:50:00,回歸,多,4303.04,4292.89,4304.39,時間,1.22,0.24,0.12,6.76,7.1,60,5.07,-2.49,0.0,0.13,亞洲,樣本外
2026-06-18 22:00:00,2026-06-18 22:05:00,2026-06-18 22:15:00,回歸,多,4212.56,4204.83,4204.83,停損,-7.86,-2.034,-1.017,7.73,0.38,10,3.87,-2.92,0.0,0.13,尾盤,樣本外
2026-06-19 02:10:00,2026-06-19 02:15:00,2026-06-19 02:50:00,回歸,多,4195.85,4188.37,4188.37,停損,-7.61,-2.035,-1.017,7.48,3.66,35,3.74,-2.72,0.0,0.13,亞洲,樣本外
2026-06-19 05:15:00,2026-06-19 05:20:00,2026-06-19 06:10:00,回歸,多,4175.86,4168.15,4168.15,停損,-7.84,-2.034,-1.017,7.71,7.82,50,3.86,-2.51,0.0,0.13,亞洲,樣本外
2026-06-19 15:50:00,2026-06-19 15:55:00,2026-06-19 16:55:00,回歸,空,4173.07,4185.3,4158.22,時間,14.72,2.408,1.204,9.88,18.25,60,6.11,3.08,0.0,0.13,紐約,樣本外
2026-06-22 02:45:00,2026-06-22 02:50:00,2026-06-22 03:50:00,回歸,多,4137.23,4127.18,4183.7,時間,46.34,9.223,4.612,0.66,46.81,60,5.02,-2.81,0.0,0.13,亞洲,樣本外
2026-06-22 15:55:00,2026-06-22 16:00:00,2026-06-22 16:35:00,回歸,多,4193.36,4184.65,4184.65,停損,-8.84,-2.03,-1.015,8.71,3.57,35,4.36,-2.55,0.0,0.13,紐約,樣本外
2026-06-22 18:45:00,2026-06-22 18:50:00,2026-06-22 19:50:00,回歸,多,4170.09,4157.98,4184.84,時間,14.62,2.415,1.207,0.26,16.21,60,6.05,-3.31,0.0,0.13,紐約,樣本外
2026-06-23 04:15:00,2026-06-23 04:20:00,2026-06-23 04:40:00,回歸,多,4173.57,4161.54,4161.54,停損,-12.16,-2.022,-1.011,12.03,7.47,20,6.02,-2.25,0.0,0.13,亞洲,樣本外
2026-06-23 07:55:00,2026-06-23 08:00:00,2026-06-23 09:00:00,回歸,多,4118.17,4108.93,4121.23,時間,2.93,0.634,0.317,2.71,19.33,60,4.62,-4.55,0.0,0.13,亞洲,樣本外
2026-06-23 22:55:00,2026-06-23 23:00:00,2026-06-24 00:00:00,回歸,多,4111.76,4103.94,4109.67,時間,-2.22,-0.568,-0.284,4.26,1.16,60,3.91,-2.26,0.0,0.13,尾盤,樣本外
2026-06-24 02:35:00,2026-06-24 02:40:00,2026-06-24 03:40:00,回歸,多,4084.03,4073.4,4096.99,時間,12.83,2.413,1.207,3.11,28.04,60,5.32,-3.25,0.0,0.13,亞洲,樣本外
2026-06-24 04:00:00,2026-06-24 04:05:00,2026-06-24 05:05:00,回歸,多,4073.58,4057.88,4087.5,時間,13.79,1.756,0.878,5.04,28.71,60,7.85,-2.94,0.0,0.13,亞洲,樣本外
2026-06-24 08:30:00,2026-06-24 08:35:00,2026-06-24 09:15:00,回歸,空,4082.17,4092.28,4092.28,停損,-10.24,-2.026,-1.013,10.11,10.7,40,5.05,2.93,0.0,0.13,亞洲,樣本外
2026-06-24 15:25:00,2026-06-24 15:30:00,2026-06-24 16:00:00,回歸,多,4015.23,3997.08,3997.08,停損,-18.28,-2.014,-1.007,18.15,5.61,30,9.07,-3.18,0.0,0.13,紐約,樣本外
2026-06-24 23:00:00,2026-06-24 23:05:00,2026-06-25 01:05:00,回歸,空,3997.39,4009.0,4007.47,時間,-10.21,-1.759,-0.88,11.37,5.11,60,5.8,2.02,0.0,0.13,尾盤,樣本外
2026-06-25 02:30:00,2026-06-25 02:35:00,2026-06-25 02:40:00,回歸,空,4008.77,4017.52,4017.52,停損,-8.88,-2.03,-1.015,8.75,0.0,5,4.37,2.27,0.0,0.13,亞洲,樣本外
2026-06-25 03:30:00,2026-06-25 03:35:00,2026-06-25 04:35:00,回歸,多,3987.86,3974.32,3983.52,時間,-4.47,-0.66,-0.33,9.25,18.05,60,6.77,-2.22,0.0,0.13,亞洲,樣本外
2026-06-25 15:40:00,2026-06-25 15:45:00,2026-06-25 16:05:00,回歸,空,4005.65,4021.96,4021.96,停損,-16.44,-2.016,-1.008,16.31,2.03,20,8.16,2.21,0.0,0.13,紐約,樣本外
2026-06-26 02:55:00,2026-06-26 03:00:00,2026-06-26 04:00:00,回歸,多,4014.53,4006.16,4020.31,時間,5.68,1.357,0.678,3.06,9.95,60,4.19,-2.13,0.0,0.1,亞洲,樣本外
2026-06-26 07:50:00,2026-06-26 07:55:00,2026-06-26 08:55:00,回歸,空,4014.41,4023.37,4015.15,時間,-0.87,-0.194,-0.097,7.18,8.69,60,4.48,2.04,0.0,0.13,亞洲,樣本外
2026-06-26 12:15:00,2026-06-26 12:20:00,2026-06-26 13:20:00,回歸,空,4046.48,4055.57,4044.58,時間,1.77,0.39,0.195,7.65,3.4,60,4.54,2.7,0.0,0.13,倫敦,樣本外
2026-06-26 15:55:00,2026-06-26 16:00:00,2026-06-26 16:55:00,回歸,空,4059.01,4069.7,4069.7,停損,-10.82,-2.024,-1.012,10.69,15.68,55,5.34,2.18,0.0,0.13,紐約,樣本外
2026-06-26 23:50:00,2026-06-26 23:55:00,2026-06-27 00:00:00,回歸,空,4081.19,4088.83,4087.98,斷線,-6.97,-1.825,-0.912,7.11,0.52,5,3.82,2.45,0.0,0.18,尾盤,樣本外
2026-06-29 07:35:00,2026-06-29 07:40:00,2026-06-29 08:35:00,回歸,多,4055.02,4047.15,4047.15,停損,-8.0,-2.033,-1.017,7.87,2.79,55,3.94,-2.55,0.0,0.13,亞洲,樣本外
2026-06-29 11:50:00,2026-06-29 11:55:00,2026-06-29 12:35:00,回歸,多,4051.65,4043.36,4043.36,停損,-8.42,-2.031,-1.016,8.29,3.66,40,4.15,-2.07,0.0,0.13,倫敦,樣本外
2026-06-29 12:50:00,2026-06-29 12:55:00,2026-06-29 13:55:00,回歸,多,4034.42,4023.67,4037.97,時間,3.42,0.636,0.318,9.66,5.37,60,5.37,-2.78,0.0,0.13,倫敦,樣本外
2026-06-29 17:05:00,2026-06-29 17:10:00,2026-06-29 17:20:00,回歸,多,4015.54,4000.86,4000.86,停損,-14.81,-2.018,-1.009,14.68,2.37,10,7.34,-2.85,0.0,0.13,紐約,樣本外
2026-06-30 03:35:00,2026-06-30 03:40:00,2026-06-30 04:00:00,回歸,多,3995.83,3985.55,3985.55,停損,-10.41,-2.025,-1.013,10.28,2.05,20,5.14,-2.75,0.0,0.13,亞洲,樣本外
2026-06-30 07:25:00,2026-06-30 07:30:00,2026-06-30 07:35:00,回歸,空,3982.75,3991.98,3991.98,停損,-9.36,-2.028,-1.014,9.23,0.0,5,4.61,2.62,0.0,0.13,亞洲,樣本外
2026-06-30 09:20:00,2026-06-30 09:25:00,2026-06-30 09:30:00,回歸,空,4000.02,4012.95,4012.95,停損,-13.06,-2.02,-1.01,12.93,0.0,5,6.47,2.42,0.0,0.13,亞洲,樣本外
2026-06-30 15:20:00,2026-06-30 15:25:00,2026-06-30 16:00:00,回歸,多,4018.05,4009.57,4009.57,停損,-8.61,-2.031,-1.015,8.48,3.91,35,4.24,-2.43,0.0,0.13,紐約,樣本外
2026-06-30 17:15:00,2026-06-30 17:20:00,2026-06-30 18:20:00,回歸,空,4049.33,4067.24,4027.06,時間,22.14,2.473,1.236,14.06,23.19,60,8.95,2.24,0.0,0.13,紐約,樣本外
2026-06-30 20:05:00,2026-06-30 20:10:00,2026-06-30 21:10:00,回歸,多,4022.4,4015.63,4032.85,時間,10.32,3.047,1.524,1.61,11.44,60,3.39,-2.17,0.0,0.13,尾盤,樣本外
2026-07-01 13:30:00,2026-07-01 13:35:00,2026-07-01 14:00:00,回歸,空,3991.28,3998.23,3998.23,停損,-7.08,-2.037,-1.019,6.95,4.73,25,3.48,2.41,0.0,0.13,倫敦,樣本外
2026-07-01 16:20:00,2026-07-01 16:25:00,2026-07-01 16:40:00,回歸,空,4043.61,4058.88,4058.88,停損,-15.4,-2.017,-1.009,15.27,5.72,15,7.63,2.58,0.0,0.13,紐約,樣本外
2026-07-01 21:25:00,2026-07-01 21:30:00,2026-07-01 22:30:00,回歸,多,4061.31,4055.12,4058.91,時間,-2.53,-0.817,-0.409,4.66,7.04,60,3.1,-2.78,0.0,0.13,尾盤,樣本外
2026-07-02 04:00:00,2026-07-02 04:05:00,2026-07-02 05:05:00,回歸,空,4065.0,4077.75,4047.05,時間,17.82,2.796,1.398,2.92,21.13,60,6.37,3.07,0.0,0.13,亞洲,樣本外
2026-07-02 15:30:00,2026-07-02 15:35:00,2026-07-02 16:35:00,回歸,空,4127.34,4145.77,4127.95,時間,-0.74,-0.08,-0.04,13.19,17.87,60,9.22,6.0,0.0,0.13,紐約,樣本外
2026-07-02 19:30:00,2026-07-02 19:35:00,2026-07-02 20:35:00,回歸,多,4103.09,4091.57,4111.68,時間,8.46,1.469,0.735,2.7,17.11,60,5.76,-3.19,0.0,0.13,紐約,樣本外
2026-07-03 01:05:00,2026-07-03 01:10:00,2026-07-03 02:10:00,回歸,空,4127.96,4133.3,4126.83,時間,0.95,0.356,0.178,0.08,5.37,60,2.67,2.39,0.0,0.18,亞洲,樣本外
2026-07-03 19:50:00,2026-07-03 19:55:00,2026-07-03 20:00:00,回歸,空,4175.17,4180.23,4174.94,斷線,0.1,0.04,0.02,1.27,1.47,5,2.53,2.6,0.0,0.13,紐約,樣本外
2026-07-06 10:45:00,2026-07-06 10:50:00,2026-07-06 11:50:00,回歸,空,4166.06,4174.64,4148.63,時間,17.3,4.031,2.015,0.0,18.9,60,4.29,2.32,0.0,0.13,倫敦,樣本外
2026-07-06 15:30:00,2026-07-06 15:35:00,2026-07-06 15:45:00,回歸,多,4143.8,4136.08,4136.08,停損,-7.85,-2.034,-1.017,7.72,0.24,10,3.86,-2.17,0.0,0.13,紐約,樣本外
2026-07-07 02:55:00,2026-07-07 03:00:00,2026-07-07 03:15:00,回歸,多,4157.42,4153.2,4153.2,停損,-4.35,-2.062,-1.031,4.22,0.97,15,2.11,-2.82,0.0,0.13,亞洲,樣本外
2026-07-08 03:35:00,2026-07-08 03:40:00,2026-07-08 04:40:00,回歸,空,4122.95,4133.53,4100.16,時間,22.66,4.282,2.141,3.82,26.49,60,5.29,3.38,0.0,0.13,亞洲,樣本外
2026-07-08 11:15:00,2026-07-08 11:20:00,2026-07-08 11:40:00,回歸,多,4088.66,4074.42,4074.42,停損,-14.37,-2.018,-1.009,14.24,9.08,20,7.12,-4.2,0.0,0.13,倫敦,樣本外
2026-07-08 19:40:00,2026-07-08 19:45:00,2026-07-08 20:10:00,回歸,空,4056.6,4067.98,4067.98,停損,-11.51,-2.023,-1.011,11.38,3.02,25,5.69,2.59,0.0,0.13,紐約,樣本外
2026-07-09 03:10:00,2026-07-09 03:15:00,2026-07-09 04:15:00,回歸,空,4087.52,4094.42,4074.21,時間,13.18,3.818,1.909,2.25,22.3,60,3.45,2.85,0.0,0.13,亞洲,樣本外
2026-07-09 13:50:00,2026-07-09 13:55:00,2026-07-09 14:55:00,回歸,多,4097.28,4091.15,4107.56,時間,10.15,3.311,1.655,3.5,12.19,60,3.07,-2.42,0.0,0.13,倫敦,樣本外
2026-07-09 15:35:00,2026-07-09 15:40:00,2026-07-09 16:40:00,回歸,空,4120.9,4131.61,4125.12,時間,-4.35,-0.812,-0.406,8.25,14.12,60,5.36,2.23,0.0,0.13,紐約,樣本外
2026-07-10 11:45:00,2026-07-10 11:50:00,2026-07-10 12:50:00,回歸,多,4095.8,4088.21,4103.57,時間,7.64,2.012,1.006,1.37,8.55,60,3.8,-2.75,0.0,0.13,倫敦,樣本外
2026-07-10 14:35:00,2026-07-10 14:40:00,2026-07-10 15:40:00,回歸,多,4097.96,4091.42,4101.35,時間,3.26,0.997,0.498,0.39,19.3,60,3.27,-2.03,0.0,0.13,倫敦,樣本外
2026-07-10 16:25:00,2026-07-10 16:30:00,2026-07-10 17:30:00,回歸,多,4087.4,4076.13,4105.46,時間,17.93,3.183,1.591,0.37,21.52,60,5.63,-2.49,0.0,0.13,紐約,樣本外
2026-07-10 22:55:00,2026-07-10 23:00:00,2026-07-10 23:05:00,回歸,空,4108.51,4113.05,4113.05,停損,-4.67,-2.057,-1.029,4.54,0.0,5,2.27,2.31,0.0,0.13,尾盤,樣本外
2026-07-13 03:30:00,2026-07-13 03:35:00,2026-07-13 04:35:00,回歸,多,4062.41,4051.1,4084.98,時間,22.44,3.969,1.984,0.3,27.36,60,5.65,-3.07,0.0,0.13,亞洲,樣本外
2026-07-13 08:05:00,2026-07-13 08:10:00,2026-07-13 09:10:00,回歸,空,4070.89,4079.57,4052.9,時間,17.86,4.117,2.059,2.24,27.03,60,4.34,2.58,0.0,0.13,亞洲,樣本外
2026-07-13 13:40:00,2026-07-13 13:45:00,2026-07-13 14:45:00,回歸,多,4052.33,4044.28,4065.25,時間,12.79,3.178,1.589,4.16,16.13,60,4.02,-3.8,0.0,0.13,倫敦,樣本外
2026-07-13 19:25:00,2026-07-13 19:30:00,2026-07-13 19:35:00,回歸,多,4003.79,3995.29,3995.29,停損,-8.63,-2.031,-1.015,8.5,0.0,5,4.25,-2.74,0.0,0.13,紐約,樣本外
2026-07-14 02:30:00,2026-07-14 02:35:00,2026-07-14 03:10:00,回歸,多,3994.91,3990.6,3990.6,停損,-4.44,-2.06,-1.03,4.31,9.82,35,2.16,-2.59,0.0,0.13,亞洲,樣本外
2026-07-14 08:30:00,2026-07-14 08:35:00,2026-07-14 09:35:00,回歸,空,4028.72,4035.63,4025.53,時間,3.06,0.886,0.443,5.38,6.03,60,3.45,2.5,0.0,0.13,亞洲,樣本外
2026-07-14 15:30:00,2026-07-14 15:35:00,2026-07-14 16:35:00,回歸,空,4095.93,4114.01,4080.44,時間,15.36,1.699,0.85,4.43,26.88,60,9.04,6.96,0.0,0.13,紐約,樣本外
2026-07-15 04:40:00,2026-07-15 04:45:00,2026-07-15 05:25:00,回歸,多,4038.84,4029.56,4029.56,停損,-9.41,-2.028,-1.014,9.28,3.72,40,4.64,-2.92,0.0,0.13,亞洲,樣本外
2026-07-15 15:30:00,2026-07-15 15:35:00,2026-07-15 15:40:00,回歸,空,4054.31,4062.9,4062.9,停損,-8.72,-2.03,-1.015,8.59,0.0,5,4.3,3.92,0.0,0.13,紐約,樣本外
2026-07-15 18:10:00,2026-07-15 18:15:00,2026-07-15 19:15:00,回歸,多,4044.14,4033.15,4038.37,時間,-5.9,-1.073,-0.537,6.73,6.72,60,5.5,-2.42,0.0,0.13,紐約,樣本外
2026-07-15 20:30:00,2026-07-15 20:35:00,2026-07-15 20:50:00,回歸,空,4054.89,4065.69,4065.69,停損,-10.93,-2.024,-1.012,10.8,1.3,15,5.4,2.58,0.0,0.13,尾盤,樣本外
2026-07-16 03:55:00,2026-07-16 04:00:00,2026-07-16 04:25:00,回歸,多,4044.63,4036.61,4036.61,停損,-8.15,-2.032,-1.016,8.02,5.93,25,4.01,-2.97,0.0,0.13,亞洲,樣本外
2026-07-16 15:40:00,2026-07-16 15:45:00,2026-07-16 16:05:00,回歸,多,4002.8,3984.19,3984.19,停損,-18.74,-2.014,-1.007,18.61,6.15,20,9.31,-2.51,0.0,0.13,紐約,樣本外
2026-07-17 06:15:00,2026-07-17 06:20:00,2026-07-17 07:20:00,回歸,空,4002.64,4013.72,3988.86,時間,13.65,2.463,1.231,6.01,15.99,60,5.54,3.13,0.0,0.13,亞洲,樣本外
2026-07-17 09:10:00,2026-07-17 09:15:00,2026-07-17 10:15:00,回歸,空,3999.72,4011.24,3996.51,時間,3.08,0.535,0.267,7.46,6.42,60,5.76,2.2,0.0,0.13,亞洲,樣本外
2026-07-17 18:00:00,2026-07-17 18:05:00,2026-07-17 19:05:00,回歸,空,4012.44,4027.43,4017.16,時間,-4.85,-0.647,-0.323,8.76,9.34,60,7.5,2.39,0.0,0.13,紐約,樣本外
2026-07-20 05:45:00,2026-07-20 05:50:00,2026-07-20 06:50:00,回歸,空,4025.11,4036.93,4026.0,時間,-1.02,-0.173,-0.086,2.84,6.51,60,5.91,2.84,0.0,0.13,亞洲,樣本外
2026-07-20 14:30:00,2026-07-20 14:35:00,2026-07-20 15:35:00,回歸,空,4036.82,4044.66,4012.8,時間,23.89,6.095,3.048,0.94,29.95,60,3.92,3.43,0.0,0.13,倫敦,樣本外
2026-07-21 01:45:00,2026-07-21 01:50:00,2026-07-21 02:50:00,回歸,多,4001.87,3996.7,4006.94,時間,4.94,1.911,0.956,2.07,8.03,60,2.58,-2.05,0.0,0.13,亞洲,樣本外
2026-07-21 21:20:00,2026-07-21 21:25:00,2026-07-21 21:30:00,回歸,空,4081.31,4086.52,4086.52,停損,-5.34,-2.05,-1.025,5.21,0.0,5,2.61,3.63,0.0,0.13,尾盤,樣本外
2026-07-22 03:05:00,2026-07-22 03:10:00,2026-07-22 03:20:00,回歸,空,4088.16,4093.33,4093.33,停損,-5.3,-2.05,-1.025,5.17,0.56,10,2.58,2.38,0.0,0.13,亞洲,樣本外
2026-07-22 04:00:00,2026-07-22 04:05:00,2026-07-22 05:05:00,回歸,空,4110.7,4123.6,4121.83,時間,-11.26,-1.745,-0.873,12.88,0.59,60,6.45,2.86,0.0,0.13,亞洲,樣本外
2026-07-22 09:25:00,2026-07-22 09:30:00,2026-07-22 10:30:00,回歸,多,4117.46,4108.74,4119.76,時間,2.17,0.498,0.249,5.53,5.09,60,4.36,-2.44,0.0,0.13,亞洲,樣本外
2026-07-23 10:05:00,2026-07-23 10:10:00,2026-07-23 10:15:00,回歸,多,4110.48,4102.74,4102.74,停損,-7.87,-2.034,-1.017,7.74,0.0,5,3.87,-2.7,0.0,0.13,倫敦,樣本外
2026-07-24 03:10:00,2026-07-24 03:15:00,2026-07-24 04:15:00,回歸,多,4041.67,4037.37,4042.48,時間,0.68,0.316,0.158,1.65,9.0,60,2.15,-2.78,0.0,0.13,亞洲,樣本外
2026-07-24 05:45:00,2026-07-24 05:50:00,2026-07-24 06:50:00,回歸,多,4026.51,4018.13,4031.58,時間,4.94,1.178,0.589,3.3,7.21,60,4.19,-3.98,0.0,0.13,亞洲,樣本外
2026-07-24 10:05:00,2026-07-24 10:10:00,2026-07-24 10:35:00,回歸,空,4045.76,4053.61,4053.61,停損,-7.98,-2.033,-1.017,7.85,1.64,25,3.93,3.03,0.0,0.13,倫敦,樣本外
2026-07-24 16:55:00,2026-07-24 17:00:00,2026-07-24 18:00:00,回歸,空,4067.53,4079.32,4063.33,時間,4.07,0.69,0.345,2.44,11.57,60,5.9,2.1,0.0,0.13,紐約,樣本外
2026-07-27 01:00:00,2026-07-27 01:05:00,2026-07-27 02:05:00,回歸,空,4089.65,4099.28,4087.19,時間,2.26,0.469,0.235,4.06,5.82,60,4.82,6.67,0.0,0.2,亞洲,樣本外
2026-07-27 10:55:00,2026-07-27 11:00:00,2026-07-27 12:00:00,回歸,多,4088.82,4081.45,4095.22,時間,6.27,1.701,0.851,1.7,8.12,60,3.69,-2.22,0.0,0.13,倫敦,樣本外
2026-07-27 19:30:00,2026-07-27 19:35:00,2026-07-27 20:35:00,回歸,空,4091.67,4099.38,4073.83,時間,17.71,4.592,2.296,2.27,21.03,60,3.86,3.01,0.0,0.13,紐約,樣本外
2026-07-27 22:15:00,2026-07-27 22:20:00,2026-07-27 23:20:00,回歸,空,4084.54,4090.16,4080.8,時間,3.61,1.284,0.642,4.72,4.0,60,2.81,2.35,0.0,0.13,尾盤,樣本外
2026-07-28 01:20:00,2026-07-28 01:25:00,2026-07-28 02:25:00,回歸,多,4072.48,4067.82,4073.23,時間,0.57,0.245,0.122,1.54,2.53,60,2.33,-2.55,0.0,0.18,亞洲,樣本外
2026-07-28 02:45:00,2026-07-28 02:50:00,2026-07-28 03:05:00,回歸,多,4070.19,4067.16,4067.16,停損,-3.16,-2.086,-1.043,3.03,3.2,15,1.51,-2.52,0.0,0.13,亞洲,樣本外
2026-07-28 12:35:00,2026-07-28 12:40:00,2026-07-28 13:00:00,回歸,多,4032.22,4024.81,4024.81,停損,-7.54,-2.035,-1.018,7.41,2.04,20,3.71,-2.87,0.0,0.13,倫敦,樣本外
2026-07-28 20:40:00,2026-07-28 20:45:00,2026-07-28 21:45:00,回歸,多,4028.29,4022.17,4024.22,時間,-4.2,-1.372,-0.686,5.24,2.15,60,3.06,-2.67,0.0,0.13,尾盤,樣本外
2026-07-29 01:20:00,2026-07-29 01:25:00,2026-07-29 02:25:00,回歸,多,4017.9,4012.57,4019.26,時間,1.18,0.443,0.222,3.89,5.28,60,2.66,-2.87,0.0,0.18,亞洲,樣本外
2026-07-29 08:40:00,2026-07-29 08:45:00,2026-07-29 09:45:00,回歸,空,4039.17,4045.84,4042.8,時間,-3.76,-1.127,-0.563,5.63,7.55,60,3.34,2.98,0.0,0.13,亞洲,樣本外
2026-07-29 13:40:00,2026-07-29 13:45:00,2026-07-29 14:45:00,回歸,多,4027.44,4022.48,4030.94,時間,3.37,1.36,0.68,2.45,6.06,60,2.48,-2.34,0.0,0.13,倫敦,樣本外
2026-07-29 15:15:00,2026-07-29 15:20:00,2026-07-29 15:35:00,回歸,多,4018.99,4012.55,4012.55,停損,-6.57,-2.04,-1.02,6.44,1.27,15,3.22,-3.39,0.0,0.13,紐約,樣本外
2026-07-29 19:50:00,2026-07-29 19:55:00,2026-07-29 20:05:00,回歸,空,4025.7,4034.1,4034.1,停損,-8.53,-2.031,-1.015,8.4,0.56,10,4.2,2.7,0.0,0.13,紐約,樣本外
2026-07-29 22:55:00,2026-07-29 23:00:00,2026-07-30 00:00:00,回歸,多,4044.69,4021.3,4066.11,時間,21.29,1.82,0.91,1.99,25.38,60,11.7,-2.39,0.0,0.13,尾盤,樣本外
2026-07-30 05:55:00,2026-07-30 06:00:00,2026-07-30 06:30:00,回歸,多,4063.74,4054.24,4054.24,停損,-9.63,-2.027,-1.014,9.5,6.36,30,4.75,-3.09,0.0,0.13,亞洲,樣本外
2026-07-30 08:35:00,2026-07-30 08:40:00,2026-07-30 09:40:00,回歸,多,4031.64,4021.39,4037.09,時間,5.32,1.038,0.519,2.19,7.87,60,5.13,-3.22,0.0,0.13,亞洲,樣本外
2026-07-30 23:40:00,2026-07-30 23:45:00,2026-07-31 01:45:00,回歸,多,4102.78,4096.1,4110.44,時間,7.48,2.24,1.12,3.59,7.73,60,3.34,-2.09,0.0,0.18,尾盤,樣本外
2026-07-31 05:40:00,2026-07-31 05:45:00,2026-07-31 06:45:00,回歸,多,4075.57,4067.96,4076.52,時間,0.82,0.215,0.108,3.52,3.86,60,3.81,-2.76,0.0,0.13,亞洲,樣本外
2026-07-31 09:15:00,2026-07-31 09:20:00,2026-07-31 10:20:00,回歸,空,4086.59,4093.41,4078.79,時間,7.67,2.249,1.125,0.83,11.12,60,3.41,2.03,0.0,0.13,亞洲,樣本外
2026-07-31 10:30:00,2026-07-31 10:35:00,2026-07-31 11:05:00,回歸,多,4069.7,4063.02,4063.02,停損,-6.81,-2.039,-1.019,6.68,4.68,30,3.34,-2.27,0.0,0.13,倫敦,樣本外
2026-07-31 16:35:00,2026-07-31 16:40:00,2026-07-31 17:40:00,回歸,多,4027.7,4015.8,4040.89,時間,13.06,2.196,1.098,6.58,14.88,60,5.95,-2.56,0.0,0.13,紐約,樣本外
2026-08-03 01:00:00,2026-08-03 01:05:00,2026-08-03 02:05:00,回歸,空,4075.31,4086.27,4065.74,時間,9.37,1.71,0.855,3.44,12.03,60,5.48,4.34,0.0,0.2,亞洲,樣本外
2026-08-03 08:10:00,2026-08-03 08:15:00,2026-08-03 09:15:00,回歸,多,4057.49,4051.73,4066.08,時間,8.46,2.937,1.468,3.31,13.67,60,2.88,-2.54,0.0,0.13,亞洲,樣本外
2026-08-03 12:30:00,2026-08-03 12:35:00,2026-08-03 13:35:00,回歸,多,4047.08,4039.6,4051.82,時間,4.61,1.232,0.616,0.28,11.03,60,3.74,-2.78,0.0,0.13,倫敦,樣本外
2026-08-03 14:45:00,2026-08-03 14:50:00,2026-08-03 15:50:00,回歸,空,4060.98,4067.93,4044.06,時間,16.79,4.831,2.415,3.59,18.72,60,3.48,2.45,0.0,0.13,倫敦,樣本外
2026-08-04 03:00:00,2026-08-04 03:05:00,2026-08-04 03:10:00,回歸,空,4059.74,4064.91,4064.91,停損,-5.3,-2.05,-1.025,5.17,0.0,5,2.59,2.57,0.0,0.13,亞洲,樣本外
2026-08-04 13:45:00,2026-08-04 13:50:00,2026-08-04 14:35:00,回歸,空,4058.24,4064.67,4064.67,停損,-6.56,-2.04,-1.02,6.43,5.86,45,3.22,2.0,0.0,0.13,倫敦,樣本外
2026-08-04 14:40:00,2026-08-04 14:45:00,2026-08-04 14:50:00,回歸,空,4069.59,4078.68,4078.68,停損,-9.22,-2.029,-1.014,9.09,0.0,5,4.55,2.68,0.0,0.13,倫敦,樣本外
2026-08-04 15:35:00,2026-08-04 15:40:00,2026-08-04 16:40:00,回歸,空,4082.53,4096.45,4088.3,時間,-5.9,-0.848,-0.424,8.63,21.17,60,6.96,2.27,0.0,0.13,紐約,樣本外
2026-08-04 21:35:00,2026-08-04 21:40:00,2026-08-04 22:40:00,回歸,多,4078.84,4072.49,4080.98,時間,2.01,0.633,0.316,3.61,5.93,60,3.18,-2.9,0.0,0.13,尾盤,樣本外
2026-08-05 01:35:00,2026-08-05 01:40:00,2026-08-05 02:40:00,回歸,空,4084.47,4088.2,4069.41,時間,14.93,7.996,3.998,1.37,18.97,60,1.87,2.89,0.0,0.13,亞洲,樣本外
2026-08-05 03:30:00,2026-08-05 03:35:00,2026-08-05 04:15:00,回歸,空,4080.57,4085.81,4085.81,停損,-5.37,-2.05,-1.025,5.24,2.97,40,2.62,2.25,0.0,0.13,亞洲,樣本外
2026-08-05 08:20:00,2026-08-05 08:25:00,2026-08-05 08:40:00,回歸,空,4141.48,4147.02,4147.02,停損,-5.67,-2.047,-1.023,5.54,3.16,15,2.77,2.52,0.0,0.13,亞洲,樣本外
2026-08-05 14:05:00,2026-08-05 14:10:00,2026-08-05 14:20:00,回歸,空,4166.59,4173.32,4173.32,停損,-6.86,-2.039,-1.019,6.73,0.27,10,3.36,2.3,0.0,0.13,倫敦,樣本外
2026-08-05 17:05:00,2026-08-05 17:10:00,2026-08-05 17:50:00,回歸,空,4227.7,4245.08,4245.08,停損,-17.51,-2.015,-1.007,17.38,1.89,40,8.69,3.22,0.0,0.13,紐約,樣本外
2026-08-06 02:10:00,2026-08-06 02:15:00,2026-08-06 02:25:00,回歸,空,4256.24,4260.95,4260.95,停損,-4.84,-2.055,-1.028,4.71,0.22,10,2.35,2.69,0.0,0.13,亞洲,樣本外
2026-08-06 16:05:00,2026-08-06 16:10:00,2026-08-06 17:10:00,回歸,多,4231.71,4216.95,4265.14,時間,33.3,4.512,2.256,0.95,42.56,60,7.38,-3.49,0.0,0.13,紐約,樣本外
2026-08-06 18:50:00,2026-08-06 18:55:00,2026-08-06 19:55:00,回歸,多,4234.92,4220.62,4237.2,時間,2.15,0.301,0.15,11.49,8.09,60,7.15,-3.03,0.0,0.13,紐約,樣本外
2026-08-07 02:50:00,2026-08-07 02:55:00,2026-08-07 03:55:00,回歸,空,4251.78,4256.67,4233.9,時間,17.75,7.264,3.632,1.47,21.5,60,2.44,2.8,0.0,0.13,亞洲,樣本外
2026-08-07 11:10:00,2026-08-07 11:15:00,2026-08-07 11:35:00,回歸,空,4299.81,4307.79,4307.79,停損,-8.11,-2.033,-1.016,7.98,6.48,20,3.99,2.68,0.0,0.13,倫敦,樣本外
2026-08-07 15:30:00,2026-08-07 15:35:00,2026-08-07 16:35:00,回歸,空,4359.86,4378.03,4353.29,時間,6.44,0.709,0.354,11.97,20.71,60,9.09,4.23,0.0,0.13,紐約,樣本外
2026-08-10 02:55:00,2026-08-10 03:00:00,2026-08-10 04:00:00,回歸,多,4332.95,4326.12,4332.31,時間,-0.77,-0.226,-0.113,2.16,14.22,60,3.41,-2.63,0.0,0.13,亞洲,樣本外
2026-08-10 08:40:00,2026-08-10 08:45:00,2026-08-10 08:55:00,回歸,空,4343.53,4351.41,4351.41,停損,-8.01,-2.033,-1.017,7.88,2.85,10,3.94,2.08,0.0,0.13,亞洲,樣本外
2026-08-10 21:30:00,2026-08-10 21:35:00,2026-08-10 22:25:00,回歸,空,4379.71,4387.16,4387.16,停損,-7.57,-2.032,-1.016,7.45,6.18,50,3.73,4.57,0.0,0.12,尾盤,樣本外
2026-08-11 15:10:00,2026-08-11 15:15:00,2026-08-11 16:15:00,回歸,空,4396.94,4405.83,4393.86,時間,2.96,0.666,0.333,4.1,9.38,60,4.45,2.39,0.0,0.12,紐約,樣本外
2026-08-11 18:35:00,2026-08-11 18:40:00,2026-08-11 19:40:00,回歸,多,4371.7,4359.33,4383.94,時間,12.12,1.96,0.98,2.54,13.22,60,6.19,-2.54,0.0,0.12,紐約,樣本外
2026-08-12 01:05:00,2026-08-12 01:10:00,2026-08-12 01:50:00,回歸,空,4374.37,4378.14,4378.14,停損,-3.94,-2.09,-1.045,3.77,1.0,40,1.89,2.4,0.0,0.17,亞洲,樣本外
2026-08-12 02:00:00,2026-08-12 02:05:00,2026-08-12 03:05:00,回歸,多,4364.72,4358.61,4368.94,時間,4.1,1.343,0.672,2.29,9.83,60,3.05,-2.42,0.0,0.12,亞洲,樣本外
2026-08-12 08:20:00,2026-08-12 08:25:00,2026-08-12 08:45:00,回歸,多,4394.13,4388.16,4388.16,停損,-6.09,-2.04,-1.02,5.97,2.84,20,2.99,-2.07,0.0,0.12,亞洲,樣本外
2026-08-12 12:10:00,2026-08-12 12:15:00,2026-08-12 12:25:00,回歸,空,4412.93,4418.42,4418.42,停損,-5.61,-2.044,-1.022,5.49,0.5,10,2.75,2.62,0.0,0.12,倫敦,樣本外
2026-08-12 15:25:00,2026-08-12 15:30:00,2026-08-12 15:45:00,回歸,空,4425.64,4434.43,4434.43,停損,-8.91,-2.027,-1.014,8.79,42.37,15,4.4,3.02,0.0,0.12,紐約,樣本外
2026-08-12 19:45:00,2026-08-12 19:50:00,2026-08-12 20:50:00,回歸,多,4402.62,4391.17,4403.24,時間,0.5,0.087,0.044,5.91,8.9,60,5.73,-2.72,0.0,0.12,紐約,樣本外
2026-08-13 08:40:00,2026-08-13 08:45:00,2026-08-13 09:05:00,回歸,多,4387.71,4377.14,4377.14,停損,-10.69,-2.023,-1.011,10.57,1.6,20,5.29,-2.2,0.0,0.12,亞洲,樣本外
2026-08-13 22:10:00,2026-08-13 22:15:00,2026-08-13 23:15:00,回歸,多,4346.85,4339.68,4350.33,時間,3.36,0.937,0.469,3.08,7.3,60,3.58,-3.08,0.0,0.12,尾盤,樣本外
2026-08-14 01:05:00,2026-08-14 01:10:00,2026-08-14 01:40:00,回歸,空,4356.83,4361.5,4361.5,停損,-4.84,-2.073,-1.036,4.67,3.97,30,2.33,2.23,0.0,0.17,亞洲,樣本外
2026-08-14 03:20:00,2026-08-14 03:25:00,2026-08-14 03:35:00,回歸,多,4347.28,4338.81,4338.81,停損,-8.59,-2.028,-1.014,8.47,0.03,10,4.23,-2.06,0.0,0.12,亞洲,樣本外
2026-08-14 08:55:00,2026-08-14 09:00:00,2026-08-14 10:00:00,回歸,空,4333.64,4342.41,4335.63,時間,-2.11,-0.481,-0.24,3.01,5.62,60,4.39,2.27,0.0,0.12,亞洲,樣本外
2026-08-14 14:30:00,2026-08-14 14:35:00,2026-08-14 14:55:00,回歸,空,4361.56,4367.57,4367.57,停損,-6.13,-2.04,-1.02,6.01,1.25,20,3.0,2.83,0.0,0.12,倫敦,樣本外
2026-08-14 20:45:00,2026-08-14 20:50:00,2026-08-14 21:50:00,回歸,多,4376.91,4371.57,4371.57,停損,-5.46,-2.045,-1.022,5.34,5.84,60,2.67,-2.25,0.0,0.12,尾盤,樣本外
2026-08-17 01:55:00,2026-08-17 02:00:00,2026-08-17 03:00:00,回歸,空,4385.97,4393.39,4370.34,時間,15.51,4.182,2.091,0.31,18.7,60,3.71,2.21,0.0,0.12,亞洲,樣本外
2026-08-17 03:20:00,2026-08-17 03:25:00,2026-08-17 03:45:00,回歸,空,4386.91,4396.43,4396.43,停損,-9.64,-2.025,-1.013,9.52,0.37,20,4.76,2.08,0.0,0.12,亞洲,樣本外
2026-08-17 10:30:00,2026-08-17 10:35:00,2026-08-17 11:35:00,回歸,空,4407.21,4414.77,4399.97,時間,7.12,1.883,0.942,4.19,9.6,60,3.78,2.13,0.0,0.12,倫敦,樣本外
2026-08-17 13:25:00,2026-08-17 13:30:00,2026-08-17 14:30:00,回歸,空,4405.16,4412.26,4403.55,時間,1.49,0.42,0.21,0.61,9.7,60,3.55,2.28,0.0,0.12,倫敦,樣本外
2026-08-17 15:25:00,2026-08-17 15:30:00,2026-08-17 15:50:00,回歸,多,4385.78,4377.91,4377.91,停損,-7.99,-2.031,-1.015,7.87,4.56,20,3.93,-2.59,0.0,0.12,紐約,樣本外
2026-08-17 16:50:00,2026-08-17 16:55:00,2026-08-17 17:00:00,回歸,空,4401.64,4412.77,4412.77,停損,-11.25,-2.022,-1.011,11.13,0.0,5,5.56,2.1,0.0,0.12,紐約,樣本外
2026-08-18 04:40:00,2026-08-18 04:45:00,2026-08-18 05:05:00,回歸,多,4411.9,4401.81,4401.81,停損,-10.21,-2.024,-1.012,10.09,0.39,20,5.04,-2.47,0.0,0.12,亞洲,樣本外
2026-08-18 08:30:00,2026-08-18 08:35:00,2026-08-18 09:35:00,回歸,多,4386.96,4380.98,4395.37,時間,8.29,2.773,1.386,0.1,13.24,60,2.99,-2.12,0.0,0.12,亞洲,樣本外
2026-08-19 07:35:00,2026-08-19 07:40:00,2026-08-19 08:15:00,回歸,多,4346.64,4341.61,4341.61,停損,-5.15,-2.048,-1.024,5.03,4.07,35,2.52,-2.55,0.0,0.12,亞洲,樣本外
2026-08-19 13:15:00,2026-08-19 13:20:00,2026-08-19 14:20:00,回歸,空,4368.48,4374.66,4370.47,時間,-2.11,-0.683,-0.341,5.64,2.58,60,3.09,2.79,0.0,0.12,倫敦,樣本外
2026-08-19 15:30:00,2026-08-19 15:35:00,2026-08-19 15:40:00,回歸,空,4384.56,4393.84,4393.84,停損,-9.4,-2.026,-1.013,9.28,0.0,5,4.64,3.32,0.0,0.12,紐約,樣本外
2026-08-19 21:25:00,2026-08-19 21:30:00,2026-08-19 22:30:00,回歸,多,4475.44,4465.49,4507.51,時間,31.95,6.42,3.21,3.37,32.32,60,4.98,-2.41,0.0,0.12,尾盤,樣本外
2026-08-20 04:00:00,2026-08-20 04:05:00,2026-08-20 05:05:00,回歸,多,4493.19,4481.58,4497.78,時間,4.47,0.77,0.385,8.65,10.11,60,5.81,-2.88,0.0,0.12,亞洲,樣本外
2026-08-20 07:30:00,2026-08-20 07:35:00,2026-08-20 08:35:00,回歸,多,4488.27,4481.75,4481.75,停損,-6.64,-2.037,-1.018,6.52,5.76,60,3.26,-2.04,0.0,0.12,亞洲,樣本外
2026-08-20 14:40:00,2026-08-20 14:45:00,2026-08-20 14:50:00,回歸,多,4474.73,4466.12,4466.12,停損,-8.73,-2.028,-1.014,8.61,0.0,5,4.3,-2.59,0.0,0.12,倫敦,樣本外
2026-08-20 17:45:00,2026-08-20 17:50:00,2026-08-20 18:05:00,回歸,空,4508.07,4523.64,4523.64,停損,-15.69,-2.015,-1.008,15.57,3.29,15,7.78,2.64,0.0,0.12,紐約,樣本外
2026-08-21 02:00:00,2026-08-21 02:05:00,2026-08-21 03:05:00,回歸,空,4529.29,4535.03,4522.81,時間,6.36,2.215,1.108,3.55,8.33,60,2.87,2.48,0.0,0.12,亞洲,樣本外
2026-08-21 04:30:00,2026-08-21 04:35:00,2026-08-21 05:35:00,回歸,空,4537.34,4548.42,4526.41,時間,10.81,1.952,0.976,6.42,18.99,60,5.54,2.87,0.0,0.12,亞洲,樣本外
2026-08-21 08:55:00,2026-08-21 09:00:00,2026-08-21 09:40:00,回歸,空,4553.65,4563.6,4563.6,停損,-10.07,-2.024,-1.012,9.95,8.07,40,4.97,2.62,0.0,0.12,亞洲,樣本外
2026-08-24 02:50:00,2026-08-24 02:55:00,2026-08-24 03:10:00,回歸,空,4622.57,4631.04,4631.04,停損,-8.59,-2.028,-1.014,8.47,2.23,15,4.24,2.27,0.0,0.12,亞洲,樣本外
2026-08-24 14:35:00,2026-08-24 14:40:00,2026-08-24 15:40:00,回歸,空,4660.54,4673.04,4662.96,時間,-2.54,-0.406,-0.203,5.99,14.82,60,6.25,2.3,0.0,0.12,倫敦,樣本外
2026-08-24 18:45:00,2026-08-24 18:50:00,2026-08-24 19:50:00,回歸,多,4646.75,4630.31,4657.53,時間,10.66,1.297,0.648,6.71,15.53,60,8.22,-2.52,0.0,0.12,紐約,樣本外
2026-08-24 20:20:00,2026-08-24 20:25:00,2026-08-24 21:25:00,回歸,多,4636.72,4624.21,4636.41,時間,-0.43,-0.069,-0.034,11.53,8.4,60,6.25,-2.73,0.0,0.12,尾盤,樣本外
2026-08-25 01:00:00,2026-08-25 01:05:00,2026-08-25 01:45:00,回歸,空,4655.9,4661.45,4661.45,停損,-5.72,-2.061,-1.031,5.55,0.6,40,2.77,2.39,0.0,0.17,亞洲,樣本外
2026-08-25 03:35:00,2026-08-25 03:40:00,2026-08-25 04:40:00,回歸,空,4695.34,4709.58,4668.2,時間,27.02,3.796,1.898,1.41,31.1,60,7.12,2.36,0.0,0.12,亞洲,樣本外
2026-08-25 05:00:00,2026-08-25 05:05:00,2026-08-25 05:45:00,回歸,多,4651.34,4633.32,4633.32,停損,-18.14,-2.013,-1.007,18.02,5.52,40,9.01,-2.21,0.0,0.12,亞洲,樣本外
2026-08-25 08:15:00,2026-08-25 08:20:00,2026-08-25 09:20:00,回歸,空,4644.24,4653.27,4647.62,時間,-3.5,-0.775,-0.387,6.23,8.25,60,4.52,2.25,0.0,0.12,亞洲,樣本外
2026-08-25 11:00:00,2026-08-25 11:05:00,2026-08-25 12:05:00,回歸,多,4625.94,4616.51,4626.62,時間,0.56,0.119,0.059,5.71,19.43,60,4.72,-2.43,0.0,0.12,倫敦,樣本外
2026-08-25 16:10:00,2026-08-25 16:15:00,2026-08-25 16:30:00,回歸,多,4623.16,4610.42,4610.42,停損,-12.86,-2.019,-1.009,12.74,4.97,15,6.37,-2.03,0.0,0.12,紐約,樣本外
2026-08-26 02:20:00,2026-08-26 02:25:00,2026-08-26 02:45:00,回歸,多,4661.8,4656.88,4656.88,停損,-5.04,-2.049,-1.024,4.92,0.14,20,2.46,-2.07,0.0,0.12,亞洲,樣本外
2026-08-26 09:20:00,2026-08-26 09:25:00,2026-08-26 10:25:00,回歸,多,4627.21,4617.34,4634.25,時間,6.92,1.402,0.701,2.41,12.14,60,4.93,-2.47,0.0,0.12,亞洲,樣本外
2026-08-27 01:00:00,2026-08-27 01:05:00,2026-08-27 01:20:00,回歸,空,4603.55,4609.96,4609.96,停損,-6.6,-2.059,-1.03,6.41,1.57,15,3.2,2.87,0.0,0.19,亞洲,樣本外
2026-08-27 03:40:00,2026-08-27 03:45:00,2026-08-27 04:45:00,回歸,多,4606.26,4596.96,4623.94,時間,17.56,3.778,1.889,5.64,25.22,60,4.65,-2.06,0.0,0.12,亞洲,樣本外
2026-08-27 08:30:00,2026-08-27 08:35:00,2026-08-27 08:55:00,回歸,多,4611.18,4604.35,4604.35,停損,-6.95,-2.035,-1.018,6.83,1.65,20,3.41,-2.83,0.0,0.12,亞洲,樣本外
2026-08-27 12:35:00,2026-08-27 12:40:00,2026-08-27 13:05:00,回歸,多,4584.5,4575.35,4575.35,停損,-9.27,-2.026,-1.013,9.15,1.41,25,4.58,-2.71,0.0,0.12,倫敦,樣本外
2026-08-27 15:45:00,2026-08-27 15:50:00,2026-08-27 16:40:00,回歸,多,4583.48,4574.98,4574.98,停損,-8.62,-2.028,-1.014,8.5,9.77,50,4.25,-2.02,0.0,0.12,紐約,樣本外
2026-08-28 08:40:00,2026-08-28 08:45:00,2026-08-28 09:45:00,回歸,多,4572.75,4565.45,4588.34,時間,15.47,4.24,2.12,0.99,15.79,60,3.65,-2.13,0.0,0.12,亞洲,樣本外
2026-08-28 09:45:00,2026-08-28 09:50:00,2026-08-28 10:00:00,回歸,空,4599.65,4608.95,4608.95,停損,-9.42,-2.026,-1.013,9.3,2.93,10,4.65,3.43,0.0,0.12,亞洲,樣本外
2026-08-28 17:00:00,2026-08-28 17:05:00,2026-08-28 17:10:00,回歸,多,4577.22,4555.74,4555.74,停損,-21.6,-2.011,-1.006,21.48,0.0,5,10.74,-2.12,0.0,0.12,紐約,樣本外
2026-08-31 08:20:00,2026-08-31 08:25:00,2026-08-31 09:00:00,回歸,空,4434.02,4443.0,4443.0,停損,-9.1,-2.027,-1.013,8.98,3.42,35,4.49,2.37,0.0,0.12,亞洲,樣本外
2026-08-31 16:45:00,2026-08-31 16:50:00,2026-08-31 17:50:00,回歸,多,4425.48,4413.21,4428.75,時間,3.15,0.513,0.257,9.73,11.05,60,6.14,-2.59,0.0,0.12,紐約,樣本外
2026-09-01 01:00:00,2026-09-01 01:05:00,2026-09-01 02:05:00,回歸,空,4454.39,4459.42,4446.08,時間,8.14,3.238,1.619,1.48,8.72,60,2.51,3.03,0.0,0.17,亞洲,樣本外
2026-09-01 03:00:00,2026-09-01 03:05:00,2026-09-01 03:25:00,回歸,空,4454.09,4460.13,4460.13,停損,-6.16,-2.04,-1.02,6.04,3.09,20,3.02,2.08,0.0,0.12,亞洲,樣本外
2026-09-01 08:40:00,2026-09-01 08:45:00,2026-09-01 09:45:00,回歸,空,4442.78,4451.65,4434.94,時間,7.72,1.74,0.87,3.28,15.03,60,4.44,2.24,0.0,0.12,亞洲,樣本外
2026-09-01 10:35:00,2026-09-01 10:40:00,2026-09-01 11:10:00,回歸,多,4413.71,4404.03,4404.03,停損,-9.8,-2.025,-1.012,9.68,9.59,30,4.84,-3.18,0.0,0.12,倫敦,樣本外
2026-09-01 15:30:00,2026-09-01 15:35:00,2026-09-01 16:05:00,回歸,多,4359.21,4348.08,4348.08,停損,-11.25,-2.022,-1.011,11.13,10.58,30,5.57,-2.63,0.0,0.12,紐約,樣本外
2026-09-01 22:35:00,2026-09-01 22:40:00,2026-09-01 23:40:00,回歸,多,4323.14,4314.51,4327.57,時間,4.31,0.999,0.499,0.08,7.64,60,4.32,-2.7,0.0,0.12,尾盤,樣本外
2026-09-02 06:30:00,2026-09-02 06:35:00,2026-09-02 07:35:00,回歸,多,4285.14,4273.41,4305.4,時間,20.14,3.434,1.717,2.58,22.54,60,5.87,-2.72,0.0,0.12,亞洲,樣本外
2026-09-02 14:10:00,2026-09-02 14:15:00,2026-09-02 14:40:00,回歸,空,4322.74,4331.76,4331.76,停損,-9.14,-2.027,-1.013,9.02,7.07,25,4.51,2.43,0.0,0.12,倫敦,樣本外
2026-09-02 16:25:00,2026-09-02 16:30:00,2026-09-02 16:45:00,回歸,空,4358.46,4373.71,4373.71,停損,-15.37,-2.016,-1.008,15.25,1.44,15,7.62,2.77,0.0,0.12,紐約,樣本外
2026-09-03 15:30:00,2026-09-03 15:35:00,2026-09-03 15:50:00,回歸,空,4466.81,4479.97,4479.97,停損,-13.28,-2.018,-1.009,13.16,6.99,15,6.58,3.79,0.0,0.12,紐約,樣本外
2026-09-03 18:00:00,2026-09-03 18:05:00,2026-09-03 19:05:00,回歸,空,4498.11,4516.74,4490.64,時間,7.35,0.789,0.394,12.72,11.97,60,9.32,2.44,0.0,0.12,紐約,樣本外
2026-09-04 10:40:00,2026-09-04 10:45:00,2026-09-04 11:45:00,回歸,空,4485.77,4493.99,4477.53,時間,8.12,1.975,0.987,4.99,8.33,60,4.11,3.59,0.0,0.12,倫敦,樣本外
2026-09-04 12:15:00,2026-09-04 12:20:00,2026-09-04 13:20:00,回歸,多,4467.01,4459.77,4471.83,時間,4.7,1.299,0.65,3.11,6.36,60,3.62,-2.45,0.0,0.12,倫敦,樣本外
2026-09-04 15:30:00,2026-09-04 15:35:00,2026-09-04 16:05:00,回歸,多,4394.84,4373.48,4373.48,停損,-21.48,-2.011,-1.006,21.36,15.06,30,10.68,-6.28,0.0,0.12,紐約,樣本外
2026-09-04 20:30:00,2026-09-04 20:35:00,2026-09-04 21:05:00,回歸,多,4424.11,4414.45,4414.45,停損,-9.78,-2.025,-1.012,9.66,1.22,30,4.83,-2.07,0.0,0.12,尾盤,樣本外
2026-09-04 22:25:00,2026-09-04 22:30:00,2026-09-04 23:30:00,回歸,空,4435.65,4442.76,4430.15,時間,5.38,1.514,0.757,2.79,6.12,60,3.55,2.53,0.0,0.12,尾盤,樣本外
2026-09-07 01:00:00,2026-09-07 01:05:00,2026-09-07 02:05:00,回歸,多,4422.48,4417.19,4430.11,時間,7.46,2.818,1.409,0.45,12.72,60,2.65,-2.83,0.0,0.17,亞洲,樣本外
2026-09-07 08:25:00,2026-09-07 08:30:00,2026-09-07 09:30:00,回歸,空,4411.1,4418.25,4394.45,時間,16.53,4.622,2.311,2.16,25.76,60,3.58,2.23,0.0,0.12,亞洲,樣本外
2026-09-07 11:00:00,2026-09-07 11:05:00,2026-09-07 11:20:00,回歸,空,4412.39,4423.44,4423.44,停損,-11.17,-2.022,-1.011,11.05,2.57,15,5.53,2.26,0.0,0.12,倫敦,樣本外
2026-09-07 13:20:00,2026-09-07 13:25:00,2026-09-07 13:40:00,回歸,多,4398.27,4392.08,4392.08,停損,-6.31,-2.039,-1.019,6.19,0.72,15,3.1,-2.69,0.0,0.12,倫敦,樣本外
2026-09-07 16:05:00,2026-09-07 16:10:00,2026-09-07 17:10:00,回歸,空,4402.54,4408.94,4407.99,時間,-5.57,-1.742,-0.871,6.12,1.51,60,3.2,2.29,0.0,0.12,紐約,樣本外
2026-09-07 20:55:00,2026-09-07 21:00:00,2026-09-07 21:20:00,回歸,多,4407.2,4404.17,4404.17,停損,-3.15,-2.079,-1.04,3.03,1.99,20,1.51,-2.82,0.0,0.12,尾盤,樣本外
2026-09-08 02:30:00,2026-09-08 02:35:00,2026-09-08 02:40:00,回歸,空,4417.68,4422.52,4422.52,停損,-4.96,-2.05,-1.025,4.84,0.0,5,2.42,2.89,0.0,0.12,亞洲,樣本外
2026-09-08 19:05:00,2026-09-08 19:10:00,2026-09-08 20:10:00,回歸,多,4381.22,4369.41,4397.8,時間,16.46,2.788,1.394,0.52,22.49,60,5.9,-2.72,0.0,0.12,紐約,樣本外
2026-09-08 21:45:00,2026-09-08 21:50:00,2026-09-08 22:50:00,回歸,多,4363.68,4354.85,4366.01,時間,2.21,0.501,0.25,5.39,14.4,60,4.41,-5.03,0.0,0.12,尾盤,樣本外
2026-09-09 05:50:00,2026-09-09 05:55:00,2026-09-09 06:55:00,回歸,空,4380.36,4389.08,4377.44,時間,2.8,0.642,0.321,2.52,4.96,60,4.36,2.01,0.0,0.12,亞洲,樣本外
2026-09-09 12:50:00,2026-09-09 12:55:00,2026-09-09 13:55:00,回歸,多,4391.09,4385.68,4402.0,時間,10.79,3.987,1.993,4.82,11.16,60,2.71,-2.87,0.0,0.12,倫敦,樣本外
2026-09-09 14:45:00,2026-09-09 14:50:00,2026-09-09 15:50:00,回歸,空,4414.12,4421.87,4397.4,時間,16.6,4.282,2.141,1.27,23.19,60,3.88,2.87,0.0,0.12,倫敦,樣本外
2026-09-09 16:10:00,2026-09-09 16:15:00,2026-09-09 16:25:00,回歸,空,4413.29,4423.01,4423.01,停損,-9.84,-2.025,-1.012,9.72,2.36,10,4.86,2.29,0.0,0.12,紐約,樣本外
2026-09-09 18:00:00,2026-09-09 18:05:00,2026-09-09 18:25:00,回歸,多,4395.08,4376.39,4376.39,停損,-18.81,-2.013,-1.006,18.69,3.22,20,9.34,-2.26,0.0,0.12,紐約,樣本外
2026-09-09 20:05:00,2026-09-09 20:10:00,2026-09-09 21:10:00,回歸,空,4418.48,4428.48,4418.2,時間,0.16,0.032,0.016,2.1,6.64,60,5.0,2.5,0.0,0.12,尾盤,樣本外
2026-09-09 21:45:00,2026-09-09 21:50:00,2026-09-09 22:05:00,回歸,多,4406.57,4400.3,4400.3,停損,-6.39,-2.038,-1.019,6.27,1.29,15,3.14,-2.24,0.0,0.12,尾盤,樣本外
2026-09-10 01:00:00,2026-09-10 01:05:00,2026-09-10 02:05:00,回歸,空,4405.44,4410.13,4402.82,時間,2.45,1.045,0.523,0.68,7.72,60,2.34,2.13,0.0,0.17,亞洲,樣本外
2026-09-10 08:10:00,2026-09-10 08:15:00,2026-09-10 08:35:00,回歸,空,4418.91,4425.39,4425.39,停損,-6.6,-2.037,-1.019,6.48,1.85,20,3.24,2.24,0.0,0.12,亞洲,樣本外
2026-09-10 13:30:00,2026-09-10 13:35:00,2026-09-10 14:35:00,回歸,多,4384.92,4375.24,4386.74,時間,1.7,0.351,0.176,9.58,3.87,60,4.84,-2.14,0.0,0.12,倫敦,樣本外
2026-09-10 21:05:00,2026-09-10 21:10:00,2026-09-10 21:35:00,回歸,多,4343.34,4332.93,4332.93,停損,-10.53,-2.023,-1.012,10.41,3.03,25,5.21,-2.83,0.0,0.12,尾盤,樣本外
2026-09-11 15:50:00,2026-09-11 15:55:00,2026-09-11 16:55:00,回歸,空,4377.76,4403.8,4389.32,時間,-11.68,-0.897,-0.449,22.73,1.04,60,13.02,2.62,0.0,0.12,紐約,樣本外
2026-09-11 19:20:00,2026-09-11 19:25:00,2026-09-11 20:25:00,回歸,多,4353.02,4340.7,4369.06,時間,15.92,2.584,1.292,0.34,16.3,60,6.16,-2.39,0.0,0.12,紐約,樣本外
2026-09-11 21:10:00,2026-09-11 21:15:00,2026-09-11 22:15:00,回歸,多,4346.86,4336.75,4351.96,時間,4.98,0.985,0.492,2.65,6.13,60,5.06,-2.81,0.0,0.12,尾盤,樣本外
2026-09-14 01:00:00,2026-09-14 01:05:00,2026-09-14 01:15:00,回歸,多,4338.54,4330.46,4330.46,停損,-8.27,-2.047,-1.024,8.08,2.22,10,4.04,-2.23,0.0,0.19,亞洲,樣本外
2026-09-14 02:45:00,2026-09-14 02:50:00,2026-09-14 03:50:00,回歸,多,4332.1,4325.62,4339.74,時間,7.52,2.323,1.161,2.2,15.46,60,3.24,-2.12,0.0,0.12,亞洲,樣本外
2026-09-14 05:55:00,2026-09-14 06:00:00,2026-09-14 07:00:00,回歸,多,4330.9,4319.83,4330.46,時間,-0.56,-0.101,-0.051,3.72,5.51,60,5.53,-2.37,0.0,0.12,亞洲,樣本外
2026-09-14 07:40:00,2026-09-14 07:45:00,2026-09-14 08:45:00,回歸,多,4323.5,4317.31,4331.08,時間,7.46,2.409,1.205,1.33,13.68,60,3.1,-2.57,0.0,0.12,亞洲,樣本外
2026-09-14 12:15:00,2026-09-14 12:20:00,2026-09-14 12:30:00,回歸,多,4292.8,4282.19,4282.19,停損,-10.73,-2.023,-1.011,10.61,0.5,10,5.3,-3.36,0.0,0.12,倫敦,樣本外
2026-09-14 18:30:00,2026-09-14 18:35:00,2026-09-14 19:35:00,回歸,空,4293.97,4307.19,4301.08,時間,-7.23,-1.094,-0.547,11.29,7.6,60,6.61,2.37,0.0,0.12,紐約,樣本外
2026-09-14 22:20:00,2026-09-14 22:25:00,2026-09-14 22:50:00,回歸,多,4297.37,4290.5,4290.5,停損,-6.99,-2.035,-1.017,6.87,1.09,25,3.43,-2.62,0.0,0.12,尾盤,樣本外
2026-09-15 13:50:00,2026-09-15 13:55:00,2026-09-15 14:55:00,回歸,空,4282.07,4289.18,4283.07,時間,-1.12,-0.315,-0.158,3.55,3.37,60,3.56,2.38,0.0,0.12,倫敦,樣本外
2026-09-15 15:50:00,2026-09-15 15:55:00,2026-09-15 16:55:00,回歸,空,4293.6,4304.11,4295.67,時間,-2.19,-0.417,-0.208,3.98,9.86,60,5.25,2.22,0.0,0.12,紐約,樣本外
2026-09-15 21:15:00,2026-09-15 21:20:00,2026-09-15 22:20:00,回歸,空,4305.39,4313.26,4300.22,時間,5.05,1.283,0.642,5.32,5.91,60,3.94,2.39,0.0,0.12,尾盤,樣本外
2026-09-16 01:55:00,2026-09-16 02:00:00,2026-09-16 02:30:00,回歸,多,4289.02,4284.05,4284.05,停損,-5.09,-2.048,-1.024,4.97,0.51,30,2.49,-2.32,0.0,0.12,亞洲,樣本外
2026-09-16 08:40:00,2026-09-16 08:45:00,2026-09-16 09:45:00,回歸,空,4332.83,4338.84,4328.07,時間,4.64,1.544,0.772,0.91,11.28,60,3.0,2.56,0.0,0.12,亞洲,樣本外
2026-09-16 13:05:00,2026-09-16 13:10:00,2026-09-16 14:05:00,回歸,空,4345.24,4353.16,4353.16,停損,-8.04,-2.03,-1.015,7.92,4.36,55,3.96,2.76,0.0,0.12,倫敦,樣本外
2026-09-16 17:00:00,2026-09-16 17:05:00,2026-09-16 18:05:00,回歸,多,4328.64,4316.07,4350.77,時間,22.01,3.502,1.751,4.42,28.91,60,6.28,-2.4,0.0,0.12,紐約,樣本外
2026-09-16 20:55:00,2026-09-16 21:00:00,2026-09-16 22:00:00,回歸,空,4361.68,4369.93,4261.04,時間,100.52,24.364,12.182,5.84,104.29,60,4.13,3.3,0.0,0.12,尾盤,樣本外
2026-09-17 01:35:00,2026-09-17 01:40:00,2026-09-17 02:40:00,回歸,空,4275.16,4283.67,4271.04,時間,4.0,0.94,0.47,0.03,16.29,60,4.26,2.11,0.0,0.12,亞洲,樣本外
2026-09-17 03:10:00,2026-09-17 03:15:00,2026-09-17 04:05:00,回歸,空,4284.98,4295.31,4295.31,停損,-10.45,-2.023,-1.012,10.33,7.86,50,5.16,2.56,0.0,0.12,亞洲,樣本外
2026-09-17 10:10:00,2026-09-17 10:15:00,2026-09-17 10:35:00,回歸,空,4322.89,4332.67,4332.67,停損,-9.9,-2.025,-1.012,9.78,3.55,20,4.89,2.94,0.0,0.12,倫敦,樣本外
2026-09-17 12:25:00,2026-09-17 12:30:00,2026-09-17 13:30:00,回歸,多,4306.56,4298.8,4313.58,時間,6.9,1.779,0.889,1.43,9.07,60,3.88,-2.22,0.0,0.12,倫敦,樣本外
2026-09-17 14:50:00,2026-09-17 14:55:00,2026-09-17 15:00:00,回歸,空,4340.55,4352.18,4352.18,停損,-11.75,-2.021,-1.01,11.63,0.0,5,5.81,2.62,0.0,0.12,倫敦,樣本外
2026-09-17 21:30:00,2026-09-17 21:35:00,2026-09-17 22:35:00,回歸,多,4349.74,4342.46,4343.89,時間,-5.97,-1.64,-0.82,6.92,6.27,60,3.64,-2.79,0.0,0.12,尾盤,樣本外
2026-09-18 03:10:00,2026-09-18 03:15:00,2026-09-18 04:05:00,回歸,空,4354.36,4361.15,4361.15,停損,-6.91,-2.035,-1.018,6.79,3.49,50,3.39,2.43,0.0,0.12,亞洲,樣本外
2026-09-18 06:15:00,2026-09-18 06:20:00,2026-09-18 07:20:00,回歸,多,4337.43,4327.55,4353.61,時間,16.06,3.252,1.626,3.04,24.17,60,4.94,-2.34,0.0,0.12,亞洲,樣本外
2026-09-18 12:35:00,2026-09-18 12:40:00,2026-09-18 12:50:00,回歸,多,4381.44,4374.28,4374.28,停損,-7.28,-2.034,-1.017,7.16,0.29,10,3.58,-2.37,0.0,0.12,倫敦,樣本外
2026-09-18 15:20:00,2026-09-18 15:25:00,2026-09-18 16:25:00,回歸,多,4357.12,4344.65,4365.34,時間,8.1,1.299,0.65,3.32,18.49,60,6.23,-3.07,0.0,0.12,紐約,樣本外
2026-09-18 16:40:00,2026-09-18 16:45:00,2026-09-18 17:45:00,回歸,多,4353.45,4342.69,4353.66,時間,0.09,0.017,0.008,10.67,4.64,60,5.38,-2.59,0.0,0.12,紐約,樣本外
2026-09-18 19:20:00,2026-09-18 19:25:00,2026-09-18 19:30:00,回歸,空,4369.29,4378.43,4378.43,停損,-9.26,-2.026,-1.013,9.14,0.0,5,4.57,2.41,0.0,0.12,紐約,樣本外
2026-09-21 03:10:00,2026-09-21 03:15:00,2026-09-21 04:15:00,回歸,多,4364.29,4357.66,4380.65,時間,16.24,4.896,2.448,5.5,16.36,60,3.32,-2.39,0.0,0.12,亞洲,樣本外
2026-09-21 12:30:00,2026-09-21 12:35:00,2026-09-21 13:35:00,回歸,多,4342.27,4334.49,4350.75,時間,8.36,2.149,1.075,2.2,14.52,60,3.89,-2.24,0.0,0.12,倫敦,樣本外
2026-09-21 17:00:00,2026-09-21 17:05:00,2026-09-21 18:05:00,回歸,多,4327.04,4312.48,4346.39,時間,19.23,2.641,1.32,4.29,19.4,60,7.28,-3.67,0.0,0.12,紐約,樣本外
2026-09-21 22:35:00,2026-09-21 22:40:00,2026-09-21 23:40:00,回歸,空,4353.1,4358.4,4341.81,時間,11.17,4.219,2.109,0.53,13.84,60,2.65,2.03,0.0,0.12,尾盤,樣本外
2026-09-22 01:05:00,2026-09-22 01:10:00,2026-09-22 01:50:00,回歸,空,4349.4,4353.69,4353.69,停損,-4.46,-2.079,-1.04,4.29,0.46,40,2.14,2.25,0.0,0.17,亞洲,樣本外
2026-09-22 08:20:00,2026-09-22 08:25:00,2026-09-22 08:40:00,回歸,多,4330.04,4322.36,4322.36,停損,-7.8,-2.031,-1.016,7.68,3.59,15,3.84,-2.85,0.0,0.12,亞洲,樣本外
2026-09-22 10:30:00,2026-09-22 10:35:00,2026-09-22 10:55:00,回歸,多,4311.55,4302.58,4302.58,停損,-9.09,-2.027,-1.013,8.97,4.42,20,4.49,-2.02,0.0,0.12,倫敦,樣本外
2026-09-22 11:50:00,2026-09-22 11:55:00,2026-09-22 12:55:00,回歸,空,4331.78,4348.14,4332.29,時間,-0.63,-0.077,-0.039,3.7,19.72,60,8.18,2.22,0.0,0.12,倫敦,樣本外
2026-09-22 14:05:00,2026-09-22 14:10:00,2026-09-22 15:10:00,回歸,多,4310.28,4300.29,4321.06,時間,10.66,2.134,1.067,1.23,16.47,60,5.0,-2.76,0.0,0.12,倫敦,樣本外
2026-09-22 15:20:00,2026-09-22 15:25:00,2026-09-22 16:25:00,回歸,空,4339.1,4350.04,4332.82,時間,6.16,1.126,0.563,4.85,8.69,60,5.47,2.9,0.0,0.12,紐約,樣本外
2026-09-22 19:45:00,2026-09-22 19:50:00,2026-09-22 20:50:00,回歸,空,4339.86,4347.12,4339.94,時間,-0.2,-0.055,-0.028,2.02,5.12,60,3.63,2.76,0.0,0.12,紐約,樣本外
2026-09-22 20:50:00,2026-09-22 20:55:00,2026-09-22 21:10:00,回歸,空,4349.58,4359.07,4359.07,停損,-9.61,-2.025,-1.013,9.49,1.94,15,4.75,2.7,0.0,0.12,尾盤,樣本外
2026-09-23 14:20:00,2026-09-23 14:25:00,2026-09-23 14:40:00,回歸,多,4305.62,4299.32,4299.32,停損,-6.42,-2.038,-1.019,6.3,3.2,15,3.15,-2.82,0.0,0.12,倫敦,樣本外
2026-09-23 16:45:00,2026-09-23 16:50:00,2026-09-23 17:50:00,回歸,多,4284.92,4270.2,4285.96,時間,0.92,0.125,0.063,6.94,8.51,60,7.36,-2.49,0.0,0.12,紐約,樣本外
2026-09-24 01:00:00,2026-09-24 01:05:00,2026-09-24 02:05:00,回歸,空,4293.05,4298.55,4290.35,時間,2.53,0.92,0.46,1.4,6.08,60,2.75,2.45,0.0,0.17,亞洲,樣本外
2026-09-24 08:00:00,2026-09-24 08:05:00,2026-09-24 09:05:00,回歸,空,4295.09,4300.85,4279.81,時間,15.16,5.263,2.631,1.26,17.59,60,2.88,2.51,0.0,0.12,亞洲,樣本外
2026-09-24 11:20:00,2026-09-24 11:25:00,2026-09-24 12:25:00,回歸,多,4265.75,4253.63,4263.28,時間,-2.59,-0.428,-0.214,6.93,8.08,60,6.06,-2.26,0.0,0.12,倫敦,樣本外
2026-09-24 15:50:00,2026-09-24 15:55:00,2026-09-24 16:55:00,回歸,空,4280.15,4290.17,4266.31,時間,13.72,2.739,1.369,4.84,14.2,60,5.01,2.52,0.0,0.12,紐約,樣本外
2026-09-24 19:15:00,2026-09-24 19:20:00,2026-09-24 20:20:00,回歸,空,4274.56,4288.54,4262.58,時間,11.86,1.697,0.848,10.91,12.17,60,6.99,2.3,0.0,0.12,紐約,樣本外
2026-09-25 02:55:00,2026-09-25 03:00:00,2026-09-25 04:00:00,回歸,多,4265.04,4259.55,4278.52,時間,13.36,4.87,2.435,0.66,15.99,60,2.74,-2.3,0.0,0.12,亞洲,樣本外
2026-09-25 04:00:00,2026-09-25 04:05:00,2026-09-25 04:15:00,回歸,空,4281.55,4289.22,4289.22,停損,-7.79,-2.031,-1.016,7.67,0.94,10,3.83,2.36,0.0,0.12,亞洲,樣本外
2026-09-25 07:55:00,2026-09-25 08:00:00,2026-09-25 08:15:00,回歸,多,4263.01,4257.69,4257.69,停損,-5.44,-2.045,-1.023,5.32,1.04,15,2.66,-3.47,0.0,0.12,亞洲,樣本外
2026-09-25 13:10:00,2026-09-25 13:15:00,2026-09-25 14:15:00,回歸,空,4307.28,4316.99,4312.52,時間,-5.36,-1.104,-0.552,8.45,4.98,60,4.85,2.77,0.0,0.12,倫敦,樣本外
2026-09-25 16:25:00,2026-09-25 16:30:00,2026-09-25 17:05:00,回歸,多,4278.4,4265.63,4265.63,停損,-12.89,-2.019,-1.009,12.77,5.95,35,6.39,-2.77,0.0,0.12,紐約,樣本外
2026-09-25 19:00:00,2026-09-25 19:05:00,2026-09-25 20:05:00,回歸,空,4294.7,4308.51,4291.14,時間,3.44,0.498,0.249,5.55,15.07,60,6.9,2.16,0.0,0.12,紐約,樣本外
2026-09-28 15:10:00,2026-09-28 15:15:00,2026-09-28 16:15:00,回歸,空,4165.69,4176.66,4147.44,時間,18.13,3.306,1.653,5.53,22.52,60,5.48,2.01,0.0,0.12,紐約,樣本外
2026-09-28 17:40:00,2026-09-28 17:45:00,2026-09-28 18:45:00,回歸,多,4123.4,4108.06,4119.85,時間,-3.67,-0.478,-0.239,12.51,4.46,60,7.67,-2.5,0.0,0.12,紐約,樣本外
2026-09-28 19:25:00,2026-09-28 19:30:00,2026-09-28 20:30:00,回歸,空,4143.15,4155.35,4135.39,時間,7.64,1.252,0.626,3.58,17.0,60,6.1,2.55,0.0,0.12,紐約,樣本外
2026-09-29 21:00:00,2026-09-29 21:05:00,2026-09-29 21:40:00,回歸,空,4163.18,4171.28,4171.28,停損,-8.22,-2.03,-1.015,8.1,7.04,35,4.05,3.41,0.0,0.12,尾盤,樣本外
2026-09-29 23:35:00,2026-09-29 23:40:00,2026-09-30 01:40:00,回歸,空,4181.1,4187.51,4178.19,時間,2.74,0.855,0.428,4.11,4.33,60,3.2,2.55,0.0,0.17,尾盤,樣本外
2026-09-30 02:45:00,2026-09-30 02:50:00,2026-09-30 03:50:00,回歸,空,4184.83,4188.56,4177.59,時間,7.12,3.815,1.907,2.8,7.59,60,1.87,2.44,0.0,0.12,亞洲,樣本外
2026-09-30 08:15:00,2026-09-30 08:20:00,2026-09-30 09:20:00,回歸,多,4169.55,4162.92,4179.57,時間,9.9,2.986,1.493,1.02,15.33,60,3.32,-2.15,0.0,0.12,亞洲,樣本外
2026-09-30 09:50:00,2026-09-30 09:55:00,2026-09-30 10:25:00,回歸,空,4191.21,4199.69,4199.69,停損,-8.6,-2.028,-1.014,8.48,1.48,30,4.24,2.51,0.0,0.12,亞洲,樣本外
2026-09-30 15:30:00,2026-09-30 15:35:00,2026-09-30 16:35:00,回歸,空,4215.06,4227.43,4192.99,時間,21.95,3.55,1.775,4.23,26.85,60,6.18,3.97,0.0,0.12,紐約,樣本外
2026-10-01 03:00:00,2026-10-01 03:05:00,2026-10-01 03:20:00,回歸,多,4151.01,4147.62,4147.62,停損,-3.51,-2.071,-1.035,3.39,2.69,15,1.69,-2.18,0.0,0.12,亞洲,樣本外
2026-10-01 04:05:00,2026-10-01 04:10:00,2026-10-01 05:10:00,回歸,空,4160.81,4171.74,4152.86,時間,7.83,1.433,0.716,3.96,9.2,60,5.46,2.08,0.0,0.12,亞洲,樣本外
2026-10-01 10:10:00,2026-10-01 10:15:00,2026-10-01 10:25:00,回歸,多,4172.58,4165.43,4165.43,停損,-7.27,-2.034,-1.017,7.15,1.93,10,3.57,-2.9,0.0,0.12,倫敦,樣本外
2026-10-01 13:30:00,2026-10-01 13:35:00,2026-10-01 13:55:00,回歸,空,4170.86,4178.43,4178.43,停損,-7.69,-2.032,-1.016,7.57,2.91,20,3.78,2.46,0.0,0.12,倫敦,樣本外
2026-10-02 02:15:00,2026-10-02 02:20:00,2026-10-02 03:20:00,回歸,空,4182.19,4185.79,4169.86,時間,12.21,6.778,3.389,1.57,14.12,60,1.8,2.83,0.0,0.12,亞洲,樣本外
2026-10-02 06:00:00,2026-10-02 06:05:00,2026-10-02 07:05:00,回歸,空,4172.97,4183.89,4183.89,停損,-11.04,-2.022,-1.011,10.92,4.96,60,5.46,2.55,0.0,0.12,亞洲,樣本外
2026-10-02 09:00:00,2026-10-02 09:05:00,2026-10-02 10:05:00,回歸,空,4194.55,4201.88,4180.15,時間,14.28,3.896,1.948,2.29,17.07,60,3.66,2.48,0.0,0.12,亞洲,樣本外
2026-10-02 13:10:00,2026-10-02 13:15:00,2026-10-02 14:15:00,回歸,多,4171.83,4163.62,4187.39,時間,15.44,3.76,1.88,5.7,16.59,60,4.11,-2.67,0.0,0.12,倫敦,樣本外
2026-10-02 15:30:00,2026-10-02 15:35:00,2026-10-02 16:35:00,回歸,空,4222.44,4237.15,4195.26,時間,27.06,3.679,1.839,2.95,38.26,60,7.36,5.08,0.0,0.12,紐約,樣本外
2026-10-05 03:00:00,2026-10-05 03:05:00,2026-10-05 03:25:00,回歸,空,4150.05,4155.37,4155.37,停損,-5.44,-2.045,-1.023,5.32,2.42,20,2.66,2.16,0.0,0.12,亞洲,樣本外
2026-10-05 07:10:00,2026-10-05 07:15:00,2026-10-05 07:30:00,回歸,多,4135.0,4127.82,4127.82,停損,-7.3,-2.033,-1.017,7.18,0.83,15,3.59,-2.51,0.0,0.12,亞洲,樣本外
2026-10-05 09:10:00,2026-10-05 09:15:00,2026-10-05 10:15:00,回歸,空,4151.59,4161.94,4155.8,時間,-4.33,-0.837,-0.418,6.95,4.66,60,5.17,2.36,0.0,0.12,亞洲,樣本外
2026-10-06 03:55:00,2026-10-06 04:00:00,2026-10-06 05:00:00,回歸,空,4150.9,4158.82,4130.24,時間,20.54,5.185,2.592,1.35,21.94,60,3.96,2.52,0.0,0.12,亞洲,樣本外
2026-10-06 09:25:00,2026-10-06 09:30:00,2026-10-06 10:20:00,回歸,空,4133.9,4141.77,4141.77,停損,-7.99,-2.031,-1.015,7.87,5.57,50,3.93,2.33,0.0,0.12,亞洲,樣本外
2026-10-06 13:40:00,2026-10-06 13:45:00,2026-10-06 14:25:00,回歸,空,4160.27,4165.58,4165.58,停損,-5.43,-2.045,-1.023,5.31,4.24,40,2.66,2.58,0.0,0.12,倫敦,樣本外
2026-10-07 02:25:00,2026-10-07 02:30:00,2026-10-07 03:30:00,回歸,空,4169.2,4172.53,4160.21,時間,8.87,5.332,2.666,0.77,9.08,60,1.66,2.25,0.0,0.12,亞洲,樣本外
2026-10-07 03:30:00,2026-10-07 03:35:00,2026-10-07 04:25:00,回歸,多,4156.9,4150.74,4150.74,停損,-6.28,-2.039,-1.019,6.16,5.82,50,3.08,-2.48,0.0,0.12,亞洲,樣本外
2026-10-07 08:55:00,2026-10-07 09:00:00,2026-10-07 10:00:00,回歸,多,4128.73,4123.45,4130.58,時間,1.73,0.655,0.328,1.78,6.81,60,2.64,-2.76,0.0,0.12,亞洲,樣本外
2026-10-07 15:25:00,2026-10-07 15:30:00,2026-10-07 15:50:00,回歸,多,4080.69,4068.99,4068.99,停損,-11.82,-2.021,-1.01,11.7,8.55,20,5.85,-5.87,0.0,0.12,紐約,樣本外
2026-10-07 20:05:00,2026-10-07 20:10:00,2026-10-07 21:10:00,回歸,空,4119.36,4127.64,4114.82,時間,4.42,1.068,0.534,7.59,10.78,60,4.14,2.34,0.0,0.12,尾盤,樣本外
2026-10-07 23:25:00,2026-10-07 23:30:00,2026-10-08 01:30:00,回歸,空,4112.35,4117.27,4105.76,時間,6.42,2.61,1.305,3.93,9.02,60,2.46,2.08,0.0,0.17,尾盤,樣本外
2026-10-08 04:00:00,2026-10-08 04:05:00,2026-10-08 05:05:00,回歸,空,4129.82,4140.23,4138.48,時間,-8.78,-1.687,-0.844,8.88,10.95,60,5.2,3.31,0.0,0.12,亞洲,樣本外
2026-10-08 08:50:00,2026-10-08 08:55:00,2026-10-08 09:55:00,回歸,多,4117.88,4110.0,4124.54,時間,6.54,1.659,0.83,3.5,8.9,60,3.94,-3.09,0.0,0.12,亞洲,樣本外
2026-10-08 13:30:00,2026-10-08 13:35:00,2026-10-08 13:55:00,回歸,多,4113.69,4107.12,4118.26,時間,4.45,1.356,0.678,3.75,5.14,20,3.28,-2.43,0.0,0.12,倫敦,樣本外
