day,h,i,side,lvl,ibh,ibl,rng,atr,ib_atr,aligned,t_in,spread,tail,ext_letter,exit_time,exit_px,exit_reason,risk,pnl,R,ow,key
2023-01-18,5.0,26,-1,1897.62,1905.36,1899.17,6.189999999999827,24.43800000000001,0.2532940502496041,True,2023-01-18 07:30:00,0.11,0.0,0.48,2023-01-18 09:15:00,1905.36,停損,7.740000000000009,-7.850000000000009,-1.0142118863049097,True,2023-01-18|5.0|-1
2023-01-20,2.0,10,1,1934.59,1932.03,1930.2,1.8299999999999272,24.492000000000008,0.07471827535521504,True,2023-01-20 03:30:00,0.1,0.0,0.8888888888888888,2023-01-20 04:45:00,1930.2,停損,4.389999999999873,-4.489999999999872,-1.0227790432801829,True,2023-01-20|2.0|1
2023-01-20,6.5,28,1,1927.88,1926.04,1923.05,2.990000000000009,24.492000000000008,0.1220806794055205,True,2023-01-20 08:00:00,0.1,0.0,0.9259259259259259,2023-01-20 16:45:00,1923.05,停損,4.830000000000155,-4.930000000000154,-1.0207039337474113,True,2023-01-20|6.5|1
2023-01-20,6.0,34,1,1930.06,1927.75,1923.65,4.099999999999909,24.492000000000008,0.16740160052261585,True,2023-01-20 09:30:00,0.1,0.0,0.7575757575757576,2023-01-20 16:15:00,1923.65,停損,6.4099999999998545,-6.509999999999854,-1.0156006240249613,True,2023-01-20|6.0|1
2023-01-20,7.5,36,1,1933.01,1929.22,1923.27,5.9500000000000455,24.492000000000008,0.2429364690511205,True,2023-01-20 10:00:00,0.1,0.0,0.7142857142857143,2023-01-20 16:15:00,1923.27,停損,9.740000000000009,-9.840000000000009,-1.0102669404517453,True,2023-01-20|7.5|1
2023-01-20,9.0,37,1,1935.85,1933.05,1926.34,6.710000000000036,24.492000000000008,0.27396700963580084,True,2023-01-20 10:15:00,0.1,0.0,0.6944444444444444,2023-01-20 15:45:00,1926.34,停損,9.509999999999991,-9.60999999999999,-1.010515247108307,True,2023-01-20|9.0|1
2023-01-24,6.0,27,1,1934.92,1933.6,1931.77,1.8299999999999272,23.06400000000001,0.07934443288241096,True,2023-01-24 07:45:00,0.12,0.0,0.0,2023-01-24 16:00:00,1931.77,停損,3.150000000000091,-3.270000000000091,-1.038095238095237,True,2023-01-24|6.0|1
2023-01-24,5.5,30,1,1936.54,1935.04,1931.77,3.269999999999982,23.06400000000001,0.14177939646201787,True,2023-01-24 08:30:00,0.12,0.0,0.0,2023-01-24 16:00:00,1931.77,停損,4.769999999999982,-4.889999999999982,-1.0251572327044027,True,2023-01-24|5.5|1
2023-01-24,7.0,31,1,1938.89,1935.42,1932.47,2.9500000000000455,23.06400000000001,0.1279049601109974,True,2023-01-24 08:45:00,0.12,0.0,0.0,2023-01-24 16:00:00,1932.47,停損,6.420000000000073,-6.540000000000073,-1.0186915887850465,True,2023-01-24|7.0|1
2023-01-26,3.0,19,1,1947.15,1945.63,1942.47,3.160000000000082,25.186000000000014,0.12546652902406416,True,2023-01-26 05:45:00,0.12,0.0,0.4444444444444444,2023-01-26 09:15:00,1942.47,停損,4.680000000000064,-4.800000000000064,-1.0256410256410253,True,2023-01-26|3.0|1
2023-01-26,3.5,23,1,1947.91,1946.64,1942.8,3.8400000000001455,25.186000000000014,0.15246565552291524,True,2023-01-26 06:45:00,0.12,0.0,0.36363636363636365,2023-01-26 09:15:00,1942.8,停損,5.110000000000127,-5.230000000000127,-1.0234833659491187,True,2023-01-26|3.5|1
2023-01-27,5.0,22,-1,1920.91,1927.75,1923.83,3.9200000000000728,25.160000000000014,0.15580286168521743,True,2023-01-27 06:30:00,0.12,0.03974562798092208,0.3333333333333333,2023-01-27 11:30:00,1927.75,停損,6.839999999999918,-6.959999999999918,-1.017543859649123,True,2023-01-27|5.0|-1
2023-01-31,7.0,29,-1,1913.55,1921.29,1917.0,4.289999999999964,23.623000000000026,0.1816026753587588,True,2023-01-31 08:15:00,0.2,0.04233162595775299,0.39285714285714285,2023-01-31 16:30:00,1921.29,停損,7.740000000000009,-7.940000000000009,-1.0258397932816536,True,2023-01-31|7.0|-1
2023-01-31,7.5,37,-1,1908.07,1920.93,1912.0,8.930000000000064,23.623000000000026,0.3780214198027369,True,2023-01-31 10:15:00,0.2,0.04233162595775299,0.3055555555555556,2023-01-31 16:15:00,1920.93,停損,12.860000000000127,-13.060000000000127,-1.0155520995334368,True,2023-01-31|7.5|-1
2023-01-31,9.5,39,-1,1905.6,1915.77,1907.29,8.480000000000018,23.623000000000026,0.35897218812174614,True,2023-01-31 10:45:00,0.2,0.04233162595775299,0.2894736842105263,2023-01-31 15:45:00,1915.77,停損,10.170000000000073,-10.370000000000072,-1.0196656833824973,True,2023-01-31|9.5|-1
2023-01-31,10.0,44,-1,1903.78,1914.87,1905.04,9.829999999999927,23.623000000000026,0.4161198831647088,True,2023-01-31 12:00:00,0.2,0.04233162595775299,0.2558139534883721,2023-01-31 15:45:00,1914.87,停損,11.089999999999918,-11.289999999999917,-1.018034265103697,True,2023-01-31|10.0|-1
2023-01-31,10.5,45,-1,1903.21,1907.48,1904.88,2.599999999999909,23.623000000000026,0.11006222749015393,True,2023-01-31 12:15:00,0.2,0.04233162595775299,0.25,2023-01-31 15:00:00,1907.48,停損,4.269999999999982,-4.469999999999982,-1.0468384074941455,True,2023-01-31|10.5|-1
2023-02-02,5.5,33,1,1959.43,1952.94,1951.45,1.490000000000009,25.586000000000013,0.05823497225044979,True,2023-02-02 09:15:00,0.2,0.0,0.0,2023-02-02 15:30:00,1951.45,停損,7.980000000000018,-8.180000000000017,-1.025062656641604,True,2023-02-02|5.5|1
2023-02-03,3.5,22,-1,1914.51,1918.54,1915.89,2.6499999999998636,27.009000000000036,0.09811544300047614,True,2023-02-03 06:30:00,0.2,0.0,0.5714285714285714,2023-02-04 00:00:00,1865.72,收盤,4.029999999999973,48.58999999999996,12.057071960297838,True,2023-02-03|3.5|-1
2023-02-03,6.0,35,-1,1912.24,1916.78,1913.78,3.0,27.009000000000036,0.11107408641563908,True,2023-02-03 09:45:00,0.2,0.0,0.35294117647058826,2023-02-03 14:45:00,1916.78,停損,4.539999999999964,-4.739999999999964,-1.0440528634361237,True,2023-02-03|6.0|-1
2023-02-10,2.5,18,-1,1857.79,1865.45,1861.08,4.370000000000118,29.122000000000025,0.15005837511160341,True,2023-02-10 05:30:00,0.2,0.0,0.47058823529411764,2023-02-10 10:00:00,1865.45,停損,7.660000000000082,-7.860000000000082,-1.0261096605744122,True,2023-02-10|2.5|-1
2023-02-10,3.0,19,-1,1856.25,1865.45,1858.93,6.519999999999982,29.122000000000025,0.22388572213446797,True,2023-02-10 05:45:00,0.2,0.0,0.4444444444444444,2023-02-10 10:00:00,1865.45,停損,9.200000000000045,-9.400000000000045,-1.0217391304347825,True,2023-02-10|3.0|-1
2023-02-10,4.5,20,-1,1855.33,1863.4,1857.68,5.720000000000027,29.122000000000025,0.196415081381774,True,2023-02-10 06:00:00,0.2,0.0,0.42105263157894735,2023-02-10 09:45:00,1863.4,停損,8.070000000000164,-8.270000000000163,-1.0247831474597269,True,2023-02-10|4.5|-1
2023-02-15,6.5,31,-1,1842.46,1848.37,1845.2,3.1699999999998454,29.156999999999993,0.1087217477792587,False,2023-02-15 08:45:00,0.2,0.034297081318379816,0.4,2023-02-16 00:00:00,1836.01,收盤,5.9099999999998545,6.250000000000045,1.057529610829137,True,2023-02-15|6.5|-1
2023-02-15,8.0,35,-1,1837.69,1846.49,1842.04,4.4500000000000455,29.156999999999993,0.15262201186679172,False,2023-02-15 09:45:00,0.2,0.034297081318379816,0.35294117647058826,2023-02-16 00:00:00,1836.01,收盤,8.799999999999955,1.4800000000000637,0.1681818181818263,True,2023-02-15|8.0|-1
2023-02-17,2.0,12,-1,1828.93,1834.33,1830.67,3.6599999999998545,25.68699999999999,0.1424845252462279,False,2023-02-17 04:00:00,0.2,0.03893019815470862,0.0,2023-02-17 17:15:00,1834.33,停損,5.399999999999864,-5.599999999999864,-1.037037037037038,True,2023-02-17|2.0|-1
2023-02-17,3.0,22,-1,1826.71,1833.55,1828.85,4.7000000000000455,25.68699999999999,0.1829719313271323,False,2023-02-17 06:30:00,0.2,0.03893019815470862,0.0,2023-02-17 17:15:00,1833.55,停損,6.839999999999918,-7.039999999999918,-1.0292397660818717,True,2023-02-17|3.0|-1
2023-02-17,4.5,23,-1,1825.56,1830.07,1827.61,2.4600000000000364,25.68699999999999,0.09576828746058462,False,2023-02-17 06:45:00,0.2,0.03893019815470862,0.0,2023-02-17 16:00:00,1830.07,停損,4.509999999999991,-4.709999999999991,-1.0443458980044347,True,2023-02-17|4.5|-1
2023-02-17,5.5,30,-1,1824.36,1828.99,1826.63,2.3599999999999,25.68699999999999,0.09187526764510845,False,2023-02-17 08:30:00,0.2,0.03893019815470862,0.0,2023-02-17 16:00:00,1828.99,停損,4.630000000000109,-4.830000000000109,-1.0431965442764568,True,2023-02-17|5.5|-1
2023-02-17,6.5,37,-1,1821.33,1827.33,1823.83,3.5,25.68699999999999,0.13625569354148018,False,2023-02-17 10:15:00,0.2,0.03893019815470862,0.0,2023-02-17 12:00:00,1827.33,停損,6.0,-6.2,-1.0333333333333334,True,2023-02-17|6.5|-1
2023-02-17,9.0,39,-1,1819.44,1827.25,1821.76,5.490000000000009,25.68699999999999,0.21372678786935068,False,2023-02-17 10:45:00,0.2,0.03893019815470862,0.0,2023-02-17 12:00:00,1827.25,停損,7.809999999999945,-8.009999999999945,-1.0256081946222793,True,2023-02-17|9.0|-1
2023-02-20,2.0,10,1,1841.19,1839.33,1837.23,2.099999999999909,22.438999999999986,0.09358705824679844,True,2023-02-20 03:30:00,0.2,0.0,0.4444444444444444,2023-02-20 21:30:00,1841.17,收盤,3.9600000000000364,-0.21999999999998182,-0.05555555555555045,True,2023-02-20|2.0|1
2023-02-20,2.5,20,1,1842.79,1841.33,1837.36,3.9700000000000273,22.438999999999986,0.17692410535228975,True,2023-02-20 06:00:00,0.2,0.0,0.21052631578947367,2023-02-20 21:30:00,1841.17,收盤,5.430000000000064,-1.8199999999998908,-0.3351749539594603,True,2023-02-20|2.5|1
2023-02-20,3.0,21,1,1843.27,1841.79,1837.99,3.7999999999999545,22.438999999999986,0.1693480101608787,True,2023-02-20 06:15:00,0.2,0.0,0.2,2023-02-20 21:30:00,1841.17,收盤,5.279999999999973,-2.2999999999999092,-0.4356060606060457,True,2023-02-20|3.0|1
2023-02-20,3.5,22,1,1844.29,1842.66,1837.99,4.670000000000073,22.438999999999986,0.20811979143455928,True,2023-02-20 06:30:00,0.2,0.0,0.19047619047619047,2023-02-20 21:30:00,1841.17,收盤,6.2999999999999545,-3.319999999999891,-0.5269841269841135,True,2023-02-20|3.5|1
2023-02-20,6.0,36,1,1845.98,1844.78,1842.35,2.4300000000000637,22.438999999999986,0.10829359597130288,True,2023-02-20 10:00:00,0.2,0.0,0.11428571428571428,2023-02-20 11:00:00,1842.35,停損,3.630000000000109,-3.8300000000001093,-1.0550964187327807,True,2023-02-20|6.0|1
2023-02-21,5.5,34,-1,1835.94,1838.94,1837.09,1.8500000000001364,21.338999999999988,0.08669572144899655,False,2023-02-21 09:30:00,0.2,0.0,0.21212121212121213,2023-02-21 16:15:00,1838.94,停損,3.0,-3.2,-1.0666666666666667,True,2023-02-21|5.5|-1
2023-02-21,8.5,38,-1,1832.7,1839.55,1834.0,5.5499999999999545,21.338999999999988,0.2600871643469683,False,2023-02-21 10:30:00,0.2,0.0,0.1891891891891892,2023-02-21 16:30:00,1839.55,停損,6.849999999999909,-7.049999999999909,-1.0291970802919712,True,2023-02-21|8.5|-1
2023-02-21,9.0,39,-1,1831.77,1838.72,1833.57,5.150000000000091,21.338999999999988,0.24134214349313904,False,2023-02-21 10:45:00,0.2,0.0,0.18421052631578946,2023-02-21 16:15:00,1838.72,停損,6.9500000000000455,-7.150000000000046,-1.028776978417266,True,2023-02-21|9.0|-1
2023-02-23,9.5,46,-1,1825.67,1831.11,1826.8,4.309999999999945,21.283999999999992,0.2024995301635006,True,2023-02-23 12:30:00,0.2,0.0,0.6666666666666666,2023-02-24 00:00:00,1822.17,收盤,5.439999999999827,3.3,0.6066176470588428,True,2023-02-23|9.5|-1
2023-02-23,10.0,50,-1,1824.94,1829.76,1826.5,3.259999999999991,21.283999999999992,0.15316669798909943,True,2023-02-23 13:30:00,0.2,0.0,0.6122448979591837,2023-02-23 16:30:00,1829.76,停損,4.819999999999936,-5.0199999999999365,-1.0414937759336105,True,2023-02-23|10.0|-1
2023-03-01,4.5,26,1,1832.47,1830.77,1827.33,3.4400000000000546,19.40199999999995,0.17730130914339054,True,2023-03-01 07:30:00,0.21,0.0,0.28,2023-03-02 00:00:00,1836.62,收盤,5.1400000000001,3.9399999999998636,0.7665369649805033,True,2023-03-01|4.5|1
2023-03-01,5.5,29,1,1832.64,1831.53,1829.54,1.990000000000009,19.40199999999995,0.1025667456963207,True,2023-03-01 08:15:00,0.21,0.0,0.25,2023-03-02 00:00:00,1836.62,收盤,3.1000000000001364,3.769999999999791,1.2161290322579434,True,2023-03-01|5.5|1
2023-03-01,6.5,30,1,1833.72,1832.54,1829.82,2.7200000000000273,19.40199999999995,0.14019173281105216,True,2023-03-01 08:30:00,0.21,0.0,0.2413793103448276,2023-03-02 00:00:00,1836.62,收盤,3.900000000000091,2.6899999999998636,0.6897435897435387,True,2023-03-01|6.5|1
2023-03-01,7.5,36,1,1835.53,1833.77,1830.78,2.990000000000009,19.40199999999995,0.1541078239356776,True,2023-03-01 10:00:00,0.21,0.0,0.2,2023-03-01 11:30:00,1830.78,停損,4.75,-4.96,-1.0442105263157895,True,2023-03-01|7.5|1
2023-03-01,9.5,50,1,1837.78,1835.96,1831.18,4.779999999999973,19.40199999999995,0.24636635398412457,True,2023-03-01 13:30:00,0.21,0.0,0.14285714285714285,2023-03-02 00:00:00,1836.62,收盤,6.599999999999909,-1.3700000000000818,-0.20757575757577285,True,2023-03-01|9.5|1
2023-03-03,5.5,29,1,1840.53,1839.43,1838.08,1.3500000000001364,17.706999999999947,0.07624103461908513,False,2023-03-03 08:15:00,0.21,0.05647484045857587,0.0,2023-03-04 00:00:00,1855.09,收盤,2.4500000000000455,14.349999999999945,5.857142857142726,True,2023-03-03|5.5|1
2023-03-03,4.5,30,1,1842.39,1840.83,1838.16,2.6699999999998454,17.706999999999947,0.15078782402438884,False,2023-03-03 08:30:00,0.21,0.05647484045857587,0.0,2023-03-04 00:00:00,1855.09,收盤,4.230000000000018,12.489999999999817,2.9527186761228754,True,2023-03-03|4.5|1
2023-03-03,7.5,34,1,1843.46,1842.39,1838.17,4.220000000000027,17.706999999999947,0.23832382673519173,False,2023-03-03 09:30:00,0.21,0.05647484045857587,0.0,2023-03-04 00:00:00,1855.09,收盤,5.289999999999964,11.419999999999881,2.1587901701323173,True,2023-03-03|7.5|1
2023-03-03,8.0,39,1,1845.47,1844.39,1838.86,5.5300000000002,17.706999999999947,0.3123058677359359,False,2023-03-03 10:45:00,0.21,0.05647484045857587,0.0,2023-03-04 00:00:00,1855.09,收盤,6.610000000000127,9.40999999999989,1.4236006051436776,True,2023-03-03|8.0|1
2023-03-03,8.5,41,1,1846.66,1844.71,1842.01,2.7000000000000455,17.706999999999947,0.15248206923815744,False,2023-03-03 11:15:00,0.21,0.05647484045857587,0.0,2023-03-03 17:00:00,1842.01,停損,4.650000000000091,-4.860000000000091,-1.0451612903225798,True,2023-03-03|8.5|1
2023-03-03,10.5,51,1,1848.16,1847.15,1843.68,3.4700000000000273,17.706999999999947,0.19596769639125983,False,2023-03-03 13:45:00,0.21,0.05647484045857587,0.0,2023-03-03 16:30:00,1843.68,停損,4.480000000000018,-4.690000000000018,-1.0468749999999998,True,2023-03-03|10.5|1
2023-03-06,3.0,18,1,1854.8,1853.63,1850.66,2.9700000000000273,17.309999999999945,0.17157712305026207,True,2023-03-06 05:30:00,0.21,0.0,0.5294117647058824,2023-03-06 12:00:00,1850.66,停損,4.139999999999873,-4.349999999999873,-1.050724637681161,True,2023-03-06|3.0|1
2023-03-06,2.0,19,1,1855.16,1854.14,1851.39,2.75,17.309999999999945,0.158867706528019,True,2023-03-06 05:45:00,0.21,0.0,0.5,2023-03-06 11:45:00,1851.39,停損,3.769999999999982,-3.9799999999999818,-1.0557029177718835,True,2023-03-06|2.0|1
2023-03-06,6.5,35,1,1857.16,1855.13,1853.83,1.300000000000182,17.309999999999945,0.07510109763143767,True,2023-03-06 09:45:00,0.21,0.0,0.2647058823529412,2023-03-06 10:45:00,1853.83,停損,3.3300000000001546,-3.5400000000001546,-1.0630630630630602,True,2023-03-06|6.5|1
2023-03-08,2.0,16,-1,1811.01,1814.12,1812.25,1.8699999999998909,20.12899999999995,0.09290078990510683,True,2023-03-08 05:00:00,0.21,0.0,0.06666666666666667,2023-03-08 09:15:00,1814.12,停損,3.1099999999999,-3.3199999999999,-1.0675241157556292,True,2023-03-08|2.0|-1
2023-03-08,2.5,17,-1,1810.11,1813.58,1811.33,2.25,20.12899999999995,0.11177902528689977,True,2023-03-08 05:15:00,0.21,0.0,0.0625,2023-03-08 09:00:00,1813.58,停損,3.4700000000000273,-3.6800000000000272,-1.0605187319884721,True,2023-03-08|2.5|-1
2023-03-13,4.0,18,1,1881.26,1879.57,1872.07,7.5,22.52199999999998,0.3330077257792384,True,2023-03-13 05:30:00,0.21,0.0,0.8823529411764706,2023-03-13 10:15:00,1872.07,停損,9.190000000000055,-9.400000000000055,-1.0228509249183895,True,2023-03-13|4.0|1
2023-03-13,4.5,19,1,1886.81,1882.16,1872.07,10.090000000000146,22.52199999999998,0.4480063937483418,True,2023-03-13 05:45:00,0.21,0.0,0.8333333333333334,2023-03-13 10:15:00,1872.07,停損,14.740000000000009,-14.95000000000001,-1.014246947082768,True,2023-03-13|4.5|1
2023-03-13,9.5,43,1,1880.55,1879.41,1871.44,7.970000000000027,22.52199999999998,0.35387620992807184,True,2023-03-13 11:45:00,0.21,0.044401030103898446,0.8571428571428571,2023-03-14 00:00:00,1913.42,收盤,9.1099999999999,32.66000000000012,3.5850713501647067,True,2023-03-13|9.5|1
2023-03-13,9.0,44,1,1885.47,1882.24,1873.33,8.910000000000082,22.52199999999998,0.3956131782257388,True,2023-03-13 12:00:00,0.21,0.044401030103898446,0.8372093023255814,2023-03-14 00:00:00,1913.42,收盤,12.1400000000001,27.740000000000045,2.2850082372322746,True,2023-03-13|9.0|1
2023-03-14,6.0,33,1,1910.92,1906.99,1902.43,4.559999999999945,25.893999999999984,0.1761025720244052,True,2023-03-14 09:15:00,0.21,0.0,0.90625,2023-03-14 11:45:00,1902.43,停損,8.490000000000009,-8.70000000000001,-1.0247349823321557,True,2023-03-14|6.0|1
2023-03-17,10.5,54,1,1935.44,1932.4,1927.25,5.150000000000091,29.80699999999997,0.17277820646157266,True,2023-03-17 14:30:00,0.21,0.0,0.22641509433962265,2023-03-18 00:00:00,1987.7,收盤,8.190000000000055,52.04999999999999,6.355311355311311,True,2023-03-17|10.5|1
2023-03-20,4.0,20,1,1974.79,1972.63,1968.04,4.5900000000001455,34.72199999999996,0.13219284603421896,True,2023-03-20 06:00:00,0.21,0.0,0.6842105263157895,2023-03-20 17:15:00,1968.04,停損,6.75,-6.96,-1.031111111111111,True,2023-03-20|4.0|1
2023-03-20,6.5,31,1,1977.03,1975.01,1972.46,2.5499999999999545,34.72199999999996,0.0734404700190069,True,2023-03-20 08:45:00,0.21,0.0,0.43333333333333335,2023-03-20 16:00:00,1972.46,停損,4.569999999999936,-4.779999999999936,-1.045951859956237,True,2023-03-20|6.5|1
2023-03-20,5.0,32,1,1988.02,1975.46,1969.18,6.279999999999973,34.72199999999996,0.18086515753700766,True,2023-03-20 09:00:00,0.21,0.0,0.41935483870967744,2023-03-20 17:15:00,1969.18,停損,18.839999999999918,-19.04999999999992,-1.0111464968152868,True,2023-03-20|5.0|1
2023-03-20,8.0,37,1,1995.13,1988.55,1974.39,14.159999999999854,34.72199999999996,0.4078106099879002,True,2023-03-20 10:15:00,0.21,0.0,0.3611111111111111,2023-03-20 13:45:00,1974.39,停損,20.74000000000001,-20.95000000000001,-1.0101253616200578,True,2023-03-20|8.0|1
2023-03-22,2.5,20,-1,1939.43,1944.25,1942.35,1.900000000000091,38.88499999999995,0.048862029060051264,True,2023-03-22 06:00:00,0.18,0.02571685740002575,0.631578947368421,2023-03-22 11:30:00,1944.25,停損,4.819999999999936,-4.999999999999936,-1.0373443983402495,True,2023-03-22|2.5|-1
2023-03-22,7.5,38,-1,1935.99,1941.13,1938.18,2.9500000000000455,38.88499999999995,0.07586472933007714,True,2023-03-22 10:30:00,0.18,0.02571685740002575,0.32432432432432434,2023-03-22 11:00:00,1941.13,停損,5.1400000000001,-5.3200000000001,-1.0350194552529175,True,2023-03-22|7.5|-1
2023-03-23,2.0,12,1,1972.85,1970.27,1965.43,4.839999999999918,41.80599999999995,0.11577285557096886,True,2023-03-23 04:00:00,0.18,0.0,0.09090909090909091,2023-03-24 00:00:00,1993.28,收盤,7.419999999999845,20.250000000000064,2.7291105121294454,True,2023-03-23|2.0|1
2023-03-23,2.5,20,1,1975.28,1972.82,1966.1,6.720000000000027,41.80599999999995,0.1607424771563899,True,2023-03-23 06:00:00,0.18,0.0,0.05263157894736842,2023-03-24 00:00:00,1993.28,收盤,9.180000000000064,17.82,1.941176470588222,True,2023-03-23|2.5|1
2023-03-23,3.5,24,1,1976.81,1973.77,1968.15,5.619999999999891,41.80599999999995,0.13443046452662052,True,2023-03-23 07:00:00,0.18,0.0,0.043478260869565216,2023-03-23 15:45:00,1968.15,停損,8.659999999999854,-8.839999999999854,-1.0207852193995384,True,2023-03-23|3.5|1
2023-03-23,5.0,31,1,1979.3,1976.13,1968.83,7.300000000000182,41.80599999999995,0.1746160838157248,True,2023-03-23 08:45:00,0.18,0.0,0.03333333333333333,2023-03-23 15:45:00,1968.83,停損,10.470000000000027,-10.650000000000027,-1.0171919770773639,True,2023-03-23|5.0|1
2023-03-23,6.0,33,1,1979.84,1977.61,1973.33,4.279999999999973,41.80599999999995,0.10237764914127107,True,2023-03-23 09:15:00,0.18,0.0,0.03125,2023-03-23 15:45:00,1973.33,停損,6.509999999999991,-6.689999999999991,-1.0276497695852536,True,2023-03-23|6.0|1
2023-03-23,7.0,34,1,1982.35,1978.13,1974.89,3.240000000000009,41.80599999999995,0.07750083720040217,True,2023-03-23 09:30:00,0.18,0.0,0.030303030303030304,2023-03-23 11:00:00,1974.89,停損,7.459999999999809,-7.639999999999809,-1.0241286863270784,True,2023-03-23|7.0|1
2023-03-27,5.5,30,-1,1972.31,1977.0,1974.51,2.490000000000009,41.857999999999926,0.059486836447035535,True,2023-03-27 08:30:00,0.18,0.023890295761861573,0.0,2023-03-28 00:00:00,1956.26,收盤,4.690000000000055,15.869999999999955,3.3837953091683945,True,2023-03-27|5.5|-1
2023-03-27,5.0,32,-1,1970.09,1977.07,1973.48,3.589999999999918,41.857999999999926,0.08576616178508109,True,2023-03-27 09:00:00,0.18,0.023890295761861573,0.0,2023-03-28 00:00:00,1956.26,收盤,6.980000000000018,13.649999999999928,1.9555873925501277,True,2023-03-27|5.0|-1
2023-03-27,7.5,33,-1,1968.72,1975.23,1971.83,3.400000000000091,41.857999999999926,0.08122700559033152,True,2023-03-27 09:15:00,0.18,0.023890295761861573,0.0,2023-03-28 00:00:00,1956.26,收盤,6.509999999999991,12.280000000000037,1.8863287250384106,True,2023-03-27|7.5|-1
2023-03-27,8.5,46,-1,1963.39,1973.93,1966.6,7.330000000000155,41.857999999999926,0.17511586793444903,True,2023-03-27 12:30:00,0.18,0.023890295761861573,0.0,2023-03-28 00:00:00,1956.26,收盤,10.539999999999964,6.950000000000109,0.6593927893738267,True,2023-03-27|8.5|-1
2023-03-31,2.0,15,1,1982.75,1980.12,1977.96,2.1599999999998545,38.08899999999994,0.05670928614560261,True,2023-03-31 04:45:00,0.18,0.0,0.6428571428571429,2023-03-31 10:30:00,1977.96,停損,4.789999999999964,-4.969999999999963,-1.037578288100209,True,2023-03-31|2.0|1
2023-03-31,6.0,36,1,1984.14,1981.91,1980.72,1.1900000000000546,38.08899999999994,0.031242615978367937,True,2023-03-31 10:00:00,0.18,0.0,0.2571428571428571,2023-03-31 10:30:00,1980.72,停損,3.4200000000000728,-3.600000000000073,-1.0526315789473673,True,2023-03-31|6.0|1
2023-04-03,3.5,19,-1,1956.64,1964.56,1960.09,4.470000000000027,33.16699999999996,0.134772514849098,True,2023-04-03 05:45:00,0.18,0.21105315524467116,0.0,2023-04-03 11:30:00,1964.56,停損,7.919999999999845,-8.099999999999845,-1.0227272727272732,True,2023-04-03|3.5|-1
2023-04-03,2.0,20,-1,1952.54,1962.63,1956.93,5.7000000000000455,33.16699999999996,0.17185756927066217,True,2023-04-03 06:00:00,0.18,0.21105315524467116,0.0,2023-04-03 11:15:00,1962.63,停損,10.090000000000146,-10.270000000000145,-1.0178394449950443,True,2023-04-03|2.0|-1
2023-04-05,3.0,19,1,2024.58,2022.47,2019.36,3.1100000000001273,32.68099999999997,0.09516232673419205,True,2023-04-05 05:45:00,0.18,0.0,0.6111111111111112,2023-04-05 17:15:00,2019.36,停損,5.220000000000027,-5.400000000000027,-1.0344827586206895,True,2023-04-05|3.0|1
2023-04-05,6.5,37,1,2026.45,2023.66,2021.88,1.7799999999999727,32.68099999999997,0.054465897616351226,True,2023-04-05 10:15:00,0.18,0.0,0.3055555555555556,2023-04-05 12:30:00,2021.88,停損,4.569999999999936,-4.749999999999936,-1.0393873085339174,True,2023-04-05|6.5|1
2023-04-06,4.0,18,-1,2010.87,2017.06,2012.48,4.579999999999927,30.41799999999996,0.15056874219212088,False,2023-04-06 05:30:00,0.18,0.032875271220987615,0.0,2023-04-06 10:45:00,2017.06,停損,6.190000000000055,-6.370000000000054,-1.0290791599353792,True,2023-04-06|4.0|-1
2023-04-10,2.0,9,-1,2003.01,2005.94,2004.71,1.2300000000000182,28.588999999999963,0.043023540522579305,True,2023-04-10 03:15:00,0.2,0.03497848822973876,0.25,2023-04-11 00:00:00,1991.23,收盤,2.9300000000000637,11.579999999999973,3.952218430034035,True,2023-04-10|2.0|-1
2023-04-10,2.5,11,-1,2000.24,2005.83,2002.5,3.3299999999999272,28.588999999999963,0.11647836580502752,True,2023-04-10 03:45:00,0.2,0.03497848822973876,0.2,2023-04-11 00:00:00,1991.23,收盤,5.589999999999918,8.809999999999992,1.576028622540272,True,2023-04-10|2.5|-1
2023-04-10,3.0,17,-1,1995.32,2005.81,1997.57,8.240000000000009,28.588999999999963,0.2882227430130477,True,2023-04-10 05:15:00,0.2,0.03497848822973876,0.125,2023-04-11 00:00:00,1991.23,收盤,10.490000000000009,3.889999999999918,0.3708293612964647,True,2023-04-10|3.0|-1
2023-04-10,3.5,18,-1,1994.06,2002.89,1995.53,7.360000000000127,28.588999999999963,0.2574416733708817,True,2023-04-10 05:30:00,0.2,0.03497848822973876,0.11764705882352941,2023-04-10 15:00:00,2002.89,停損,8.830000000000155,-9.030000000000154,-1.022650056625141,True,2023-04-10|3.5|-1
2023-04-10,4.5,19,-1,1991.57,1999.62,1993.72,5.899999999999864,28.588999999999963,0.2063730805554539,True,2023-04-10 05:45:00,0.2,0.03497848822973876,0.1111111111111111,2023-04-10 12:30:00,1999.62,停損,8.049999999999955,-8.249999999999954,-1.0248447204968945,True,2023-04-10|4.5|-1
2023-04-12,6.0,27,1,2019.77,2018.28,2014.12,4.160000000000082,26.748,0.1555256467773322,True,2023-04-12 07:45:00,0.2,0.03738597278301181,0.0,2023-04-12 09:45:00,2014.12,停損,5.650000000000091,-5.850000000000091,-1.035398230088495,True,2023-04-12|6.0|1
2023-04-12,6.5,28,1,2020.32,2018.82,2016.17,2.6499999999998636,26.748,0.0990728278749762,True,2023-04-12 08:00:00,0.2,0.03738597278301181,0.0,2023-04-12 09:30:00,2016.17,停損,4.149999999999864,-4.349999999999864,-1.048192771084339,True,2023-04-12|6.5|1
2023-04-13,10.0,42,1,2027.55,2025.6,2020.48,5.119999999999891,26.82900000000002,0.19083827201907963,True,2023-04-13 11:30:00,0.2,0.0,0.0,2023-04-14 00:00:00,2040.52,收盤,7.069999999999936,12.770000000000028,1.8062234794908265,True,2023-04-13|10.0|1
2023-04-17,2.0,13,-1,1997.07,2004.92,2001.09,3.8300000000001546,31.36900000000005,0.12209506200389393,True,2023-04-17 04:15:00,0.2,0.0,0.0,2023-04-17 05:00:00,2004.92,停損,7.850000000000136,-8.050000000000136,-1.025477707006369,True,2023-04-17|2.0|-1
2023-04-19,10.5,43,-1,1977.58,1995.05,1984.04,11.009999999999991,30.670000000000027,0.358982719269644,False,2023-04-19 11:45:00,0.2,0.032605151613954976,0.2857142857142857,2023-04-19 17:15:00,1995.05,停損,17.470000000000027,-17.670000000000027,-1.0114481969089868,True,2023-04-19|10.5|-1
2023-04-25,2.0,11,1,1998.3,1996.6,1991.64,4.959999999999809,30.148000000000003,0.16452169298128594,True,2023-04-25 03:45:00,0.19,0.09950908849674936,0.0,2023-04-25 07:15:00,1991.64,停損,6.6599999999998545,-6.849999999999855,-1.0285285285285293,True,2023-04-25|2.0|1
2023-04-25,7.0,32,1,1995.46,1993.82,1990.95,2.869999999999891,30.148000000000003,0.09519702799521994,True,2023-04-25 09:00:00,0.19,0.06633939233116624,0.0,2023-04-25 10:45:00,1990.95,停損,4.509999999999991,-4.699999999999991,-1.042128603104213,True,2023-04-25|7.0|1
2023-05-03,3.0,24,1,2018.52,2016.95,2014.18,2.769999999999982,28.287999999999965,0.09792138009049722,True,2023-05-03 07:00:00,0.19,0.0,0.391304347826087,2023-05-03 10:45:00,2014.18,停損,4.339999999999918,-4.5299999999999185,-1.043778801843319,True,2023-05-03|3.0|1
2023-05-03,8.0,36,1,2018.01,2016.55,2014.48,2.0699999999999363,28.287999999999965,0.0731759049773734,True,2023-05-03 10:00:00,0.19,0.0,0.2571428571428571,2023-05-03 10:30:00,2014.48,停損,3.5299999999999727,-3.7199999999999727,-1.0538243626062327,True,2023-05-03|8.0|1
2023-05-04,10.5,48,1,2037.79,2036.2,2030.32,5.880000000000109,27.740999999999964,0.21196063588191186,True,2023-05-04 13:00:00,0.19,0.03604772719080067,0.8085106382978723,2023-05-05 00:00:00,2050.0,收盤,7.470000000000027,12.020000000000037,1.6091030789825962,True,2023-05-04|10.5|1
2023-05-12,2.0,14,-1,2011.48,2016.63,2015.29,1.3400000000001455,31.52399999999998,0.042507296028427434,True,2023-05-12 04:30:00,0.19,0.0,0.7692307692307693,2023-05-12 16:15:00,2016.63,停損,5.150000000000091,-5.340000000000091,-1.0368932038834946,True,2023-05-12|2.0|-1
2023-05-12,6.0,33,-1,2008.32,2012.29,2009.95,2.339999999999918,31.52399999999998,0.07422915873619844,True,2023-05-12 09:15:00,0.19,0.0,0.3125,2023-05-12 10:30:00,2012.29,停損,3.9700000000000273,-4.160000000000028,-1.047858942065491,True,2023-05-12|6.0|-1
2023-05-12,8.0,44,-1,2006.58,2012.08,2008.38,3.699999999999818,31.52399999999998,0.11737089201877365,True,2023-05-12 12:00:00,0.19,0.0,0.23255813953488372,2023-05-12 15:45:00,2012.08,停損,5.5,-5.69,-1.0345454545454547,True,2023-05-12|8.0|-1
2023-05-12,9.0,47,-1,2003.14,2011.59,2005.66,5.929999999999836,31.52399999999998,0.18811064585711965,True,2023-05-12 12:45:00,0.19,0.0,0.21739130434782608,2023-05-12 15:45:00,2011.59,停損,8.449999999999818,-8.639999999999818,-1.022485207100592,True,2023-05-12|9.0|-1
2023-05-17,5.0,30,-1,1989.1,1993.05,1990.72,2.3299999999999272,29.613999999999987,0.07867900317417195,True,2023-05-17 08:30:00,0.19,0.0,0.6551724137931034,2023-05-18 00:00:00,1981.93,收盤,3.9500000000000455,6.979999999999845,1.767088607594877,True,2023-05-17|5.0|-1
2023-05-17,8.0,44,-1,1986.13,1991.69,1987.7,3.990000000000009,29.613999999999987,0.13473357195920885,True,2023-05-17 12:00:00,0.19,0.0,0.4418604651162791,2023-05-18 00:00:00,1981.93,收盤,5.559999999999945,4.010000000000045,0.721223021582749,True,2023-05-17|8.0|-1
2023-05-17,10.0,45,-1,1985.8,1990.57,1987.55,3.019999999999982,29.613999999999987,0.10197879381373617,True,2023-05-17 12:15:00,0.19,0.0,0.4318181818181818,2023-05-18 00:00:00,1981.93,收盤,4.769999999999982,3.679999999999891,0.7714884696016572,True,2023-05-17|10.0|-1
2023-05-17,9.5,46,-1,1985.45,1990.57,1987.03,3.5399999999999636,29.613999999999987,0.11953805632471011,True,2023-05-17 12:30:00,0.19,0.0,0.4222222222222222,2023-05-18 00:00:00,1981.93,收盤,5.119999999999891,3.329999999999982,0.6503906250000103,True,2023-05-17|9.5|-1
2023-05-17,9.0,47,-1,1984.11,1989.51,1986.72,2.7899999999999636,29.613999999999987,0.09421219693388144,True,2023-05-17 12:45:00,0.19,0.0,0.41304347826086957,2023-05-18 00:00:00,1981.93,收盤,5.400000000000091,1.9899999999998363,0.368518518518482,True,2023-05-17|9.0|-1
2023-05-22,9.5,44,1,1980.67,1978.63,1974.32,4.310000000000173,24.192999999999984,0.1781507047493149,True,2023-05-22 12:00:00,0.19,0.04133427024345888,0.7441860465116279,2023-05-22 14:45:00,1974.32,停損,6.350000000000136,-6.540000000000137,-1.0299212598425191,True,2023-05-22|9.5|1
2023-05-23,7.0,31,-1,1961.15,1964.37,1962.48,1.8899999999998727,24.046000000000003,0.07859935124344475,True,2023-05-23 08:45:00,0.19,0.0,0.03333333333333333,2023-05-23 09:30:00,1964.37,停損,3.2199999999998,-3.4099999999998,-1.059006211180128,True,2023-05-23|7.0|-1
2023-05-23,6.5,37,-1,1958.34,1964.11,1961.1,3.009999999999991,24.046000000000003,0.12517674457290154,True,2023-05-23 10:15:00,0.19,0.0,0.027777777777777776,2023-05-23 16:30:00,1964.11,停損,5.769999999999982,-5.959999999999982,-1.0329289428076258,True,2023-05-23|6.5|-1
2023-05-23,8.5,38,-1,1956.23,1964.59,1959.48,5.1099999999999,24.046000000000003,0.21250935706562005,True,2023-05-23 10:30:00,0.19,0.0,0.02702702702702703,2023-05-23 16:30:00,1964.59,停損,8.3599999999999,-8.5499999999999,-1.022727272727273,True,2023-05-23|8.5|-1
2023-05-24,4.5,24,1,1976.47,1974.87,1972.77,2.099999999999909,24.573,0.08545965083628003,True,2023-05-24 07:00:00,0.19,0.0,0.8695652173913043,2023-05-24 09:45:00,1972.77,停損,3.7000000000000455,-3.8900000000000454,-1.0513513513513506,True,2023-05-24|4.5|1
2023-05-24,3.5,26,1,1978.49,1977.0,1973.09,3.910000000000082,24.573,0.15911773084279826,True,2023-05-24 07:30:00,0.19,0.0,0.8,2023-05-24 09:45:00,1973.09,停損,5.400000000000091,-5.590000000000091,-1.0351851851851848,True,2023-05-24|3.5|1
2023-05-25,2.0,15,-1,1955.14,1961.02,1958.03,2.990000000000009,24.755999999999993,0.12077880109872394,True,2023-05-25 04:45:00,0.19,0.0,0.21428571428571427,2023-05-25 10:45:00,1961.02,停損,5.879999999999882,-6.069999999999882,-1.0323129251700687,True,2023-05-25|2.0|-1
2023-05-30,6.5,30,-1,1935.07,1942.36,1937.89,4.4699999999998,23.68199999999997,0.18875095008866674,False,2023-05-30 08:30:00,0.19,0.0,0.5862068965517241,2023-05-30 11:15:00,1942.36,停損,7.289999999999964,-7.479999999999964,-1.0260631001371745,True,2023-05-30|6.5|-1
2023-05-30,7.5,33,-1,1932.58,1940.87,1933.79,7.079999999999927,23.68199999999997,0.2989612363820596,False,2023-05-30 09:15:00,0.19,0.0,0.53125,2023-05-30 11:00:00,1940.87,停損,8.289999999999964,-8.479999999999963,-1.02291917973462,True,2023-05-30|7.5|-1
2023-06-02,2.0,17,1,1979.0,1977.42,1975.9,1.5199999999999818,23.426000000000023,0.06488517032357126,True,2023-06-02 05:15:00,0.19,0.0,0.875,2023-06-02 11:00:00,1975.9,停損,3.099999999999909,-3.289999999999909,-1.061290322580647,True,2023-06-02|2.0|1
2023-06-02,5.0,22,1,1983.07,1980.72,1976.97,3.75,23.426000000000023,0.160078545206181,True,2023-06-02 06:30:00,0.19,0.0,0.6666666666666666,2023-06-02 10:45:00,1976.97,停損,6.099999999999909,-6.289999999999909,-1.031147540983607,True,2023-06-02|5.0|1
2023-06-02,10.0,47,1,1980.63,1978.87,1975.8,3.0699999999999363,23.426000000000023,0.1310509690087908,True,2023-06-02 12:45:00,0.19,0.0,0.30434782608695654,2023-06-02 15:45:00,1975.8,停損,4.830000000000155,-5.020000000000155,-1.0393374741200816,True,2023-06-02|10.0|1
2023-06-05,2.0,18,-1,1945.81,1949.91,1947.37,2.540000000000191,23.995000000000026,0.10585538653887011,True,2023-06-05 05:30:00,0.19,0.04167534903104809,0.058823529411764705,2023-06-05 17:15:00,1949.91,停損,4.100000000000136,-4.290000000000137,-1.0463414634146326,True,2023-06-05|2.0|-1
2023-06-05,3.0,22,-1,1944.42,1949.47,1945.63,3.839999999999918,23.995000000000026,0.16003334027922125,True,2023-06-05 06:30:00,0.19,0.04167534903104809,0.047619047619047616,2023-06-05 17:15:00,1949.47,停損,5.0499999999999545,-5.239999999999955,-1.037623762376238,True,2023-06-05|3.0|-1
2023-06-05,7.0,33,-1,1943.33,1947.35,1944.89,2.459999999999809,23.995000000000026,0.10252135861637034,True,2023-06-05 09:15:00,0.19,0.04167534903104809,0.03125,2023-06-05 17:00:00,1947.35,停損,4.019999999999982,-4.209999999999982,-1.0472636815920402,True,2023-06-05|7.0|-1
2023-06-05,6.0,34,-1,1942.79,1947.49,1944.31,3.1800000000000637,23.995000000000026,0.13252760991873558,True,2023-06-05 09:30:00,0.19,0.04167534903104809,0.030303030303030304,2023-06-05 17:00:00,1947.49,停損,4.7000000000000455,-4.890000000000046,-1.0404255319148934,True,2023-06-05|6.0|-1
2023-06-05,7.5,39,-1,1939.88,1946.28,1942.9,3.3799999999998818,23.995000000000026,0.14086267972493763,True,2023-06-05 10:45:00,0.19,0.04167534903104809,0.02631578947368421,2023-06-05 16:30:00,1946.28,停損,6.399999999999864,-6.589999999999864,-1.0296875000000008,True,2023-06-05|7.5|-1
2023-06-06,3.0,17,1,1963.74,1961.66,1960.46,1.2000000000000455,25.221000000000025,0.04757939812061553,True,2023-06-06 05:15:00,0.19,0.03964949843384477,0.9375,2023-06-06 05:45:00,1960.46,停損,3.2799999999999727,-3.4699999999999727,-1.057926829268293,True,2023-06-06|3.0|1
2023-06-06,6.5,29,1,1961.83,1960.36,1959.01,1.349999999999909,25.221000000000025,0.05352682288568684,True,2023-06-06 08:15:00,0.19,0.03964949843384477,0.5357142857142857,2023-06-06 08:45:00,1959.01,停損,2.8199999999999363,-3.0099999999999363,-1.0673758865248242,True,2023-06-06|6.5|1
2023-06-06,10.5,45,1,1961.59,1960.31,1956.79,3.519999999999982,25.221000000000025,0.13956623448713287,True,2023-06-06 12:15:00,0.19,0.0,0.8863636363636364,2023-06-06 17:00:00,1956.79,停損,4.7999999999999545,-4.989999999999955,-1.0395833333333337,True,2023-06-06|10.5|1
2023-06-06,10.0,48,1,1962.29,1960.93,1956.79,4.1400000000001,25.221000000000025,0.16414892351612131,True,2023-06-06 13:00:00,0.19,0.0,0.8297872340425532,2023-06-06 17:00:00,1956.79,停損,5.5,-5.69,-1.0345454545454547,True,2023-06-06|10.0|1
2023-06-06,9.5,49,1,1963.19,1961.1,1957.07,4.029999999999973,25.221000000000025,0.15978747868839335,True,2023-06-06 13:15:00,0.19,0.0,0.8125,2023-06-06 17:00:00,1957.07,停損,6.120000000000118,-6.310000000000119,-1.0310457516339864,True,2023-06-06|9.5|1
2023-06-08,6.0,33,-1,1944.32,1947.11,1945.76,1.349999999999909,24.26900000000005,0.055626519428073104,True,2023-06-08 09:15:00,0.19,0.0,0.9375,2023-06-08 10:00:00,1947.11,停損,2.7899999999999636,-2.9799999999999636,-1.06810035842294,True,2023-06-08|6.0|-1
2023-06-08,5.5,34,-1,1943.17,1947.11,1944.41,2.699999999999818,24.26900000000005,0.11125303885614621,True,2023-06-08 09:30:00,0.19,0.0,0.9090909090909091,2023-06-08 10:00:00,1947.11,停損,3.939999999999827,-4.129999999999828,-1.0482233502538094,True,2023-06-08|5.5|-1
2023-06-12,2.0,14,-1,1956.14,1960.57,1957.98,2.589999999999918,24.356000000000062,0.1063393003777267,True,2023-06-12 04:30:00,0.19,0.0,0.0,2023-06-12 08:45:00,1960.57,停損,4.429999999999836,-4.619999999999837,-1.042889390519189,True,2023-06-12|2.0|-1
2023-06-14,7.0,32,-1,1946.35,1949.47,1947.86,1.6100000000001273,25.10600000000004,0.06412809686927924,True,2023-06-14 09:00:00,0.19,0.0,0.8709677419354839,2023-06-14 10:45:00,1949.47,停損,3.1200000000001182,-3.310000000000118,-1.0608974358974337,True,2023-06-14|7.0|-1
2023-06-14,6.5,35,-1,1945.83,1949.37,1947.49,1.8799999999998818,25.10600000000004,0.07488249820759495,True,2023-06-14 09:45:00,0.19,0.0,0.7941176470588235,2023-06-14 10:45:00,1949.37,停損,3.5399999999999636,-3.7299999999999636,-1.0536723163841812,True,2023-06-14|6.5|-1
2023-06-14,10.5,54,-1,1946.11,1951.51,1948.41,3.099999999999909,25.10600000000004,0.12347645981040006,True,2023-06-14 14:30:00,0.19,0.0,0.8679245283018868,2023-06-14 15:45:00,1951.51,停損,5.400000000000091,-5.590000000000091,-1.0351851851851848,True,2023-06-14|10.5|-1
2023-06-15,5.5,29,-1,1931.6,1936.13,1933.61,2.520000000000209,25.06700000000003,0.10053057805083203,True,2023-06-15 08:15:00,0.19,0.0,0.25,2023-06-15 08:30:00,1936.13,停損,4.5300000000002,-4.7200000000002005,-1.0419426048565104,True,2023-06-15|5.5|-1
2023-06-15,8.5,36,-1,1932.55,1939.79,1934.48,5.309999999999945,25.06700000000003,0.21183228946423344,True,2023-06-15 10:00:00,0.19,0.0,0.2,2023-06-15 16:30:00,1939.79,停損,7.240000000000009,-7.4300000000000095,-1.026243093922652,True,2023-06-15|8.5|-1
2023-06-15,9.0,37,-1,1930.02,1937.72,1931.89,5.829999999999927,25.06700000000003,0.2325766944588471,True,2023-06-15 10:15:00,0.19,0.0,0.19444444444444445,2023-06-15 16:15:00,1937.72,停損,7.7000000000000455,-7.890000000000046,-1.0246753246753246,True,2023-06-15|9.0|-1
2023-06-16,2.0,15,1,1961.12,1959.21,1958.09,1.1200000000001182,25.69500000000003,0.043588246740615566,True,2023-06-16 04:45:00,0.19,0.0,0.8571428571428571,2023-06-16 05:15:00,1958.09,停損,3.0299999999999727,-3.2199999999999727,-1.0627062706270634,True,2023-06-16|2.0|1
2023-06-16,7.0,32,1,1958.06,1956.64,1954.89,1.75,25.69500000000003,0.06810663553220463,True,2023-06-16 09:00:00,0.19,0.0,0.9354838709677419,2023-06-16 17:30:00,1954.89,停損,3.1699999999998454,-3.3599999999998453,-1.0599369085173531,True,2023-06-16|7.0|1
2023-06-16,7.5,33,1,1959.03,1956.99,1954.62,2.3700000000001182,25.69500000000003,0.09223584354933316,True,2023-06-16 09:15:00,0.19,0.0,0.90625,2023-06-16 17:30:00,1954.62,停損,4.410000000000082,-4.600000000000082,-1.0430839002267567,True,2023-06-16|7.5|1
2023-06-16,5.5,34,1,1961.56,1958.64,1955.16,3.480000000000018,25.69500000000003,0.1354349095154705,True,2023-06-16 09:30:00,0.19,0.0,0.8787878787878788,2023-06-16 17:30:00,1955.16,停損,6.399999999999864,-6.589999999999864,-1.0296875000000008,True,2023-06-16|5.5|1
2023-06-16,8.5,45,1,1963.77,1962.48,1956.4,6.079999999999927,25.69500000000003,0.23662191087759954,True,2023-06-16 12:15:00,0.19,0.0,0.6590909090909091,2023-06-16 16:45:00,1956.4,停損,7.369999999999891,-7.559999999999891,-1.0257801899592949,True,2023-06-16|8.5|1
2023-06-16,10.0,48,1,1964.25,1962.66,1959.22,3.4400000000000546,25.69500000000003,0.13387818641759294,True,2023-06-16 13:00:00,0.19,0.0,0.6170212765957447,2023-06-16 16:30:00,1959.22,停損,5.029999999999973,-5.219999999999973,-1.0377733598409546,True,2023-06-16|10.0|1
2023-06-22,8.0,43,-1,1925.02,1930.68,1927.91,2.769999999999982,22.570000000000004,0.12272928666371206,True,2023-06-22 11:45:00,0.19,0.0,0.16666666666666666,2023-06-22 15:45:00,1930.68,停損,5.660000000000082,-5.850000000000082,-1.0335689045936391,True,2023-06-22|8.0|-1
2023-06-23,3.5,15,-1,1913.05,1916.06,1914.36,1.7000000000000455,21.726,0.078247261345855,True,2023-06-23 04:45:00,0.19,0.046027800791678175,0.7857142857142857,2023-06-23 08:00:00,1916.06,停損,3.009999999999991,-3.199999999999991,-1.06312292358804,True,2023-06-23|3.5|-1
2023-06-23,2.0,16,-1,1912.18,1914.96,1913.34,1.6200000000001182,21.726,0.07456503728252409,True,2023-06-23 05:00:00,0.19,0.046027800791678175,0.7333333333333333,2023-06-23 07:45:00,1914.96,停損,2.7799999999999727,-2.9699999999999727,-1.0683453237410079,True,2023-06-23|2.0|-1
2023-06-26,2.0,14,1,1927.22,1925.41,1923.84,1.5700000000001637,22.797000000000004,0.06886871079528725,True,2023-06-26 04:30:00,0.19,0.0,0.15384615384615385,2023-06-26 09:30:00,1923.84,停損,3.380000000000109,-3.570000000000109,-1.0562130177514775,True,2023-06-26|2.0|1
2023-06-26,2.5,15,1,1927.94,1926.39,1924.17,2.2200000000000273,22.797000000000004,0.09738123437294499,True,2023-06-26 04:45:00,0.19,0.0,0.14285714285714285,2023-06-26 05:15:00,1924.17,停損,3.769999999999982,-3.9599999999999818,-1.050397877984085,True,2023-06-26|2.5|1
2023-06-26,8.5,40,1,1928.93,1927.64,1923.84,3.800000000000182,22.797000000000004,0.16668859937711897,True,2023-06-26 11:00:00,0.19,0.0,0.8974358974358975,2023-06-26 17:00:00,1923.84,停損,5.0900000000001455,-5.280000000000146,-1.0373280943025531,True,2023-06-26|8.5|1
2023-06-26,10.0,42,1,1932.15,1929.13,1922.34,6.790000000000191,22.797000000000004,0.2978462078343725,True,2023-06-26 11:30:00,0.19,0.0,0.8536585365853658,2023-06-26 17:00:00,1922.34,停損,9.810000000000173,-10.000000000000172,-1.0193679918450558,True,2023-06-26|10.0|1
2023-06-28,6.0,34,-1,1912.98,1916.79,1914.78,2.009999999999991,21.156000000000017,0.09500850822461662,True,2023-06-28 09:30:00,0.19,0.047267914539610476,0.2727272727272727,2023-06-29 00:00:00,1907.34,收盤,3.8099999999999454,5.4500000000001,1.4304461942257685,True,2023-06-28|6.0|-1
2023-06-28,8.5,35,-1,1910.02,1916.77,1912.64,4.129999999999882,21.156000000000017,0.19521648704858569,True,2023-06-28 09:45:00,0.19,0.047267914539610476,0.2647058823529412,2023-06-29 00:00:00,1907.34,收盤,6.75,2.4900000000000637,0.3688888888888983,True,2023-06-28|8.5|-1
2023-06-28,9.0,48,-1,1907.27,1916.27,1909.42,6.849999999999909,21.156000000000017,0.3237852145963275,True,2023-06-28 13:00:00,0.19,0.047267914539610476,0.19148936170212766,2023-06-29 00:00:00,1907.34,收盤,9.0,-0.25999999999993634,-0.028888888888881817,True,2023-06-28|9.0|-1
2023-06-29,7.0,34,-1,1903.39,1905.92,1904.44,1.4800000000000182,20.533000000000015,0.07207909219305592,True,2023-06-29 09:30:00,0.19,0.0,0.3939393939393939,2023-06-29 10:45:00,1905.92,停損,2.5299999999999727,-2.7199999999999727,-1.07509881422925,True,2023-06-29|7.0|-1
2023-07-04,6.5,34,1,1925.99,1924.2,1922.47,1.7300000000000182,20.696000000000026,0.08359103208349516,True,2023-07-04 09:30:00,0.19,0.0,0.12121212121212122,2023-07-04 21:30:00,1925.74,收盤,3.519999999999982,-0.44,-0.12500000000000064,True,2023-07-04|6.5|1
2023-07-04,8.5,40,1,1928.0,1926.42,1923.26,3.160000000000082,20.696000000000026,0.15268650947043283,True,2023-07-04 11:00:00,0.19,0.0,0.10256410256410256,2023-07-04 21:30:00,1925.74,收盤,4.740000000000009,-2.449999999999991,-0.5168776371307988,True,2023-07-04|8.5|1
2023-07-04,9.0,44,1,1928.54,1927.5,1923.34,4.160000000000082,20.696000000000026,0.20100502512563184,True,2023-07-04 12:00:00,0.19,0.0,0.09302325581395349,2023-07-04 21:30:00,1925.74,收盤,5.2000000000000455,-2.9899999999999545,-0.5749999999999862,True,2023-07-04|9.0|1
2023-07-04,9.5,45,1,1929.56,1927.65,1925.87,1.7800000000002,20.696000000000026,0.0860069578662639,True,2023-07-04 12:15:00,0.19,0.0,0.09090909090909091,2023-07-04 19:15:00,1925.87,停損,3.6900000000000546,-3.8800000000000545,-1.0514905149051483,True,2023-07-04|9.5|1
2023-07-06,5.0,27,-1,1917.04,1919.69,1918.03,1.6600000000000819,19.06600000000003,0.08706598132802261,True,2023-07-06 07:45:00,0.19,0.0,0.6923076923076923,2023-07-06 08:30:00,1919.69,停損,2.650000000000091,-2.840000000000091,-1.0716981132075447,True,2023-07-06|5.0|-1
2023-07-11,8.5,35,1,1934.86,1931.61,1928.33,3.2799999999999727,19.44100000000001,0.16871560104932726,True,2023-07-11 09:45:00,0.2,0.0,0.17647058823529413,2023-07-12 00:00:00,1932.33,收盤,6.529999999999973,-2.729999999999973,-0.41807044410413235,True,2023-07-11|8.5|1
2023-07-11,10.0,48,1,1938.15,1936.23,1929.85,6.380000000000109,19.44100000000001,0.32817241911424855,True,2023-07-11 13:00:00,0.2,0.0,0.1276595744680851,2023-07-11 15:45:00,1929.85,停損,8.300000000000182,-8.500000000000181,-1.024096385542168,True,2023-07-11|10.0|1
2023-07-13,2.0,15,1,1959.25,1957.99,1957.37,0.6200000000001182,20.184000000000015,0.030717399920735126,True,2023-07-13 04:45:00,0.2,0.0,0.9285714285714286,2023-07-13 08:00:00,1957.37,停損,1.8800000000001091,-2.0800000000001093,-1.106382978723398,True,2023-07-13|2.0|1
2023-07-13,2.5,20,1,1960.05,1958.89,1956.96,1.9300000000000637,20.184000000000015,0.09562029330162813,True,2023-07-13 06:00:00,0.2,0.0,0.6842105263157895,2023-07-13 08:15:00,1956.96,停損,3.089999999999918,-3.2899999999999183,-1.0647249190938528,True,2023-07-13|2.5|1
2023-07-13,3.5,21,1,1960.13,1959.06,1956.32,2.740000000000009,20.184000000000015,0.1357510899722556,True,2023-07-13 06:15:00,0.2,0.0,0.65,2023-07-13 08:15:00,1956.32,停損,3.810000000000173,-4.010000000000173,-1.0524934383202076,True,2023-07-13|3.5|1
2023-07-13,4.0,27,1,1961.21,1959.87,1956.32,3.5499999999999545,20.184000000000015,0.17588188664288307,True,2023-07-13 07:45:00,0.2,0.0,0.5,2023-07-13 08:15:00,1956.32,停損,4.8900000000001,-5.0900000000001,-1.0408997955010217,True,2023-07-13|4.0|1
2023-07-13,8.0,34,1,1962.2,1958.4,1955.22,3.1800000000000637,20.184000000000015,0.15755053507729197,True,2023-07-13 09:30:00,0.2,0.0,0.9393939393939394,2023-07-13 15:45:00,1955.22,停損,6.980000000000018,-7.180000000000018,-1.0286532951289398,True,2023-07-13|8.0|1
2023-07-18,6.0,36,1,1961.61,1960.65,1958.56,2.0900000000001455,17.67800000000002,0.11822604367010653,False,2023-07-18 10:00:00,0.21,0.0,0.0,2023-07-19 00:00:00,1978.73,收盤,3.0499999999999545,16.910000000000117,5.544262295082088,True,2023-07-18|6.0|1
2023-07-18,6.5,37,1,1962.45,1960.98,1959.44,1.5399999999999636,17.67800000000002,0.08711392691480722,False,2023-07-18 10:15:00,0.21,0.0,0.0,2023-07-19 00:00:00,1978.73,收盤,3.009999999999991,16.069999999999972,5.338870431893694,True,2023-07-18|6.5|1
2023-07-18,8.0,38,1,1962.95,1961.73,1958.96,2.769999999999982,17.67800000000002,0.15669193347663643,False,2023-07-18 10:30:00,0.21,0.0,0.0,2023-07-19 00:00:00,1978.73,收盤,3.990000000000009,15.569999999999972,3.9022556390977283,True,2023-07-18|8.0|1
2023-07-18,10.5,54,1,1965.38,1964.08,1960.75,3.3299999999999272,17.67800000000002,0.18836972508201855,False,2023-07-18 14:30:00,0.21,0.0,0.0,2023-07-18 15:45:00,1960.75,停損,4.630000000000109,-4.840000000000109,-1.0453563714902796,True,2023-07-18|10.5|1
2023-07-21,7.0,39,-1,1966.63,1970.98,1969.0,1.9800000000000182,18.382999999999992,0.10770820867105582,True,2023-07-21 10:45:00,0.21,0.0,0.3684210526315789,2023-07-22 00:00:00,1961.88,收盤,4.349999999999909,4.54,1.043678160919562,True,2023-07-21|7.0|-1
2023-07-21,10.0,43,-1,1962.95,1971.08,1964.06,7.019999999999982,18.382999999999992,0.38187455801555703,True,2023-07-21 11:45:00,0.21,0.0,0.3333333333333333,2023-07-22 00:00:00,1961.88,收盤,8.129999999999882,0.8599999999999364,0.10578105781057182,True,2023-07-21|10.0|-1
2023-07-26,9.0,43,1,1972.07,1970.93,1964.4,6.529999999999973,17.66999999999998,0.36955291454442446,True,2023-07-26 11:45:00,0.21,0.0565930956423317,0.3333333333333333,2023-07-26 17:00:00,1964.4,停損,7.669999999999845,-7.879999999999845,-1.0273794002607568,True,2023-07-26|9.0|1
2023-07-26,10.5,53,1,1973.19,1971.8,1968.03,3.769999999999982,17.66999999999998,0.21335597057158948,True,2023-07-26 14:15:00,0.21,0.0565930956423317,0.2692307692307692,2023-07-26 16:30:00,1968.03,停損,5.160000000000082,-5.370000000000082,-1.040697674418604,True,2023-07-26|10.5|1
2023-07-27,8.0,37,1,1978.23,1976.79,1974.99,1.7999999999999545,16.551999999999975,0.10874818753020525,True,2023-07-27 10:15:00,0.21,0.060415659739004444,0.0,2023-07-27 12:15:00,1974.99,停損,3.240000000000009,-3.450000000000009,-1.0648148148148147,True,2023-07-27|8.0|1
2023-07-27,9.5,39,1,1980.76,1979.92,1974.19,5.730000000000018,16.551999999999975,0.34618173030449656,True,2023-07-27 10:45:00,0.21,0.060415659739004444,0.0,2023-07-27 13:00:00,1974.19,停損,6.569999999999936,-6.779999999999936,-1.031963470319635,True,2023-07-27|9.5|1
2023-08-03,4.5,27,-1,1934.32,1938.89,1936.35,2.540000000000191,21.302,0.11923763026946724,True,2023-08-03 07:45:00,0.21,0.0,0.5769230769230769,2023-08-04 00:00:00,1934.09,收盤,4.570000000000164,0.020000000000018198,0.004376367614883475,True,2023-08-03|4.5|-1
2023-08-03,4.0,28,-1,1934.03,1938.89,1935.13,3.759999999999991,21.302,0.1765092479579378,True,2023-08-03 08:00:00,0.21,0.0,0.5555555555555556,2023-08-04 00:00:00,1934.09,收盤,4.860000000000127,-0.2699999999999454,-0.05555555555554286,True,2023-08-03|4.0|-1
2023-08-03,7.0,37,-1,1931.47,1938.0,1933.87,4.130000000000109,21.302,0.19387850906018728,True,2023-08-03 10:15:00,0.21,0.0,0.4166666666666667,2023-08-03 11:00:00,1938.0,停損,6.529999999999973,-6.739999999999973,-1.0321592649310873,True,2023-08-03|7.0|-1
2023-08-10,6.5,28,-1,1916.71,1919.08,1917.95,1.1299999999998818,23.813999999999986,0.047451079197106005,True,2023-08-10 08:00:00,0.18,0.0,0.6296296296296297,2023-08-10 09:00:00,1919.08,停損,2.369999999999891,-2.549999999999891,-1.075949367088611,True,2023-08-10|6.5|-1
2023-08-15,5.5,31,-1,1904.46,1907.08,1905.55,1.5299999999999727,19.963999999999988,0.0766379483069512,True,2023-08-15 08:45:00,0.18,0.0,0.5,2023-08-15 09:30:00,1907.08,停損,2.619999999999891,-2.799999999999891,-1.0687022900763388,True,2023-08-15|5.5|-1
2023-08-17,2.0,14,-1,1890.11,1894.36,1892.14,2.2199999999998,18.376999999999974,0.12080317788538951,True,2023-08-17 04:30:00,0.18,0.0,0.07692307692307693,2023-08-17 09:30:00,1894.36,停損,4.25,-4.43,-1.0423529411764705,True,2023-08-17|2.0|-1
2023-08-17,10.0,44,-1,1893.96,1897.56,1895.3,2.259999999999991,18.376999999999974,0.12297981172117288,True,2023-08-17 12:00:00,0.18,0.0,0.8372093023255814,2023-08-17 13:15:00,1897.56,停損,3.599999999999909,-3.779999999999909,-1.0500000000000014,True,2023-08-17|10.0|-1
2023-08-22,5.5,33,1,1898.06,1897.13,1894.21,2.9200000000000728,14.860999999999967,0.19648745037346607,True,2023-08-22 09:15:00,0.18,0.0,0.25,2023-08-22 16:30:00,1894.21,停損,3.849999999999909,-4.029999999999909,-1.0467532467532479,True,2023-08-22|5.5|1
2023-08-22,8.5,39,1,1901.22,1900.21,1894.91,5.2999999999999545,14.860999999999967,0.3566381804723751,True,2023-08-22 10:45:00,0.18,0.0,0.21052631578947367,2023-08-22 16:30:00,1894.91,停損,6.309999999999945,-6.489999999999945,-1.0285261489698894,True,2023-08-22|8.5|1
2023-08-22,9.5,47,1,1902.29,1900.84,1897.62,3.2200000000000273,14.860999999999967,0.21667451719265424,True,2023-08-22 12:45:00,0.18,0.0,0.17391304347826086,2023-08-22 15:45:00,1897.62,停損,4.670000000000073,-4.8500000000000725,-1.0385438972162735,True,2023-08-22|9.5|1
2023-08-22,10.0,48,1,1902.74,1901.88,1898.03,3.8500000000001364,14.860999999999967,0.2590673575129631,True,2023-08-22 13:00:00,0.18,0.0,0.1702127659574468,2023-08-22 15:45:00,1898.03,停損,4.710000000000036,-4.890000000000036,-1.0382165605095537,True,2023-08-22|10.0|1
2023-08-22,10.5,49,1,1903.53,1902.29,1898.57,3.7200000000000273,14.860999999999967,0.2503196285579729,True,2023-08-22 13:15:00,0.18,0.0,0.16666666666666666,2023-08-22 15:45:00,1898.57,停損,4.960000000000036,-5.140000000000036,-1.0362903225806448,True,2023-08-22|10.5|1
2023-08-23,8.0,43,1,1904.93,1903.94,1902.33,1.6100000000001273,14.856999999999994,0.10836642660026438,True,2023-08-23 11:45:00,0.18,0.0,0.0,2023-08-23 13:00:00,1902.33,停損,2.6000000000001364,-2.7800000000001366,-1.0692307692307657,True,2023-08-23|8.0|1
2023-08-24,2.0,17,1,1919.48,1918.05,1916.17,1.8799999999998818,15.343999999999983,0.12252346193951276,True,2023-08-24 05:15:00,0.18,0.06517205422314919,0.0,2023-08-24 15:15:00,1916.17,停損,3.3099999999999454,-3.4899999999999456,-1.0543806646525689,True,2023-08-24|2.0|1
2023-08-24,2.5,19,1,1920.05,1919.28,1916.93,2.349999999999909,15.343999999999983,0.15315432742439467,True,2023-08-24 05:45:00,0.18,0.06517205422314919,0.0,2023-08-24 15:00:00,1916.93,停損,3.119999999999891,-3.299999999999891,-1.0576923076923097,True,2023-08-24|2.5|1
2023-08-24,4.5,22,1,1921.17,1920.19,1917.51,2.6800000000000637,15.343999999999983,0.17466110531804396,True,2023-08-24 06:30:00,0.18,0.06517205422314919,0.0,2023-08-24 15:00:00,1917.51,停損,3.660000000000082,-3.840000000000082,-1.0491803278688514,True,2023-08-24|4.5|1
2023-08-29,2.0,15,1,1922.8,1921.59,1920.69,0.8999999999998636,15.525999999999977,0.05796728069044602,True,2023-08-29 04:45:00,0.18,0.0644080896560609,0.0,2023-08-29 14:00:00,1920.69,停損,2.1099999999999,-2.2899999999999,-1.0853080568720421,True,2023-08-29|2.0|1
2023-08-29,2.5,20,1,1923.86,1922.06,1920.83,1.2300000000000182,15.525999999999977,0.07922195027695608,True,2023-08-29 06:00:00,0.18,0.0644080896560609,0.0,2023-08-29 14:00:00,1920.83,停損,3.0299999999999727,-3.209999999999973,-1.05940594059406,True,2023-08-29|2.5|1
2023-08-29,5.0,21,1,1924.76,1923.9,1921.44,2.4600000000000364,15.525999999999977,0.15844390055391216,True,2023-08-29 06:15:00,0.18,0.0644080896560609,0.0,2023-08-29 13:30:00,1921.44,停損,3.3199999999999363,-3.4999999999999365,-1.0542168674698806,True,2023-08-29|5.0|1
2023-08-30,8.5,46,1,1938.45,1936.81,1935.08,1.7300000000000182,16.361999999999988,0.10573279550177359,True,2023-08-30 12:30:00,0.18,0.0611172228333945,0.8444444444444444,2023-08-31 00:00:00,1942.46,收盤,3.3700000000001182,3.8299999999999907,1.1364985163204322,True,2023-08-30|8.5|1
2023-09-05,10.5,46,-1,1931.14,1936.95,1933.04,3.910000000000082,15.690999999999985,0.2491874322860293,True,2023-09-05 12:30:00,0.18,0.0,0.6444444444444445,2023-09-06 00:00:00,1925.88,收盤,5.809999999999945,5.079999999999991,0.8743545611015557,True,2023-09-05|10.5|-1
2023-09-06,2.0,12,-1,1924.72,1926.9,1925.82,1.0800000000001546,15.519999999999982,0.06958762886598943,True,2023-09-06 04:00:00,0.18,0.0,0.6363636363636364,2023-09-06 08:00:00,1926.9,停損,2.1800000000000637,-2.360000000000064,-1.0825688073394473,True,2023-09-06|2.0|-1
2023-09-08,4.0,19,1,1926.73,1926.01,1922.84,3.1700000000000728,14.165999999999986,0.22377523648172215,True,2023-09-08 05:45:00,0.18,0.0,0.0,2023-09-08 14:45:00,1922.84,停損,3.8900000000001,-4.0700000000001,-1.0462724935732635,True,2023-09-08|4.0|1
2023-09-08,6.5,33,1,1926.88,1925.31,1924.36,0.9500000000000455,14.165999999999986,0.06706197938726856,True,2023-09-08 09:15:00,0.18,0.0,0.0,2023-09-08 10:45:00,1924.36,停損,2.520000000000209,-2.7000000000002093,-1.0714285714285656,True,2023-09-08|6.5|1
2023-09-12,10.5,51,-1,1916.04,1921.2,1918.56,2.6400000000001,13.63900000000001,0.19356257790161288,False,2023-09-12 13:45:00,0.18,0.0,0.48,2023-09-13 00:00:00,1913.36,收盤,5.160000000000082,2.5000000000000635,0.4844961240310124,True,2023-09-12|10.5|-1
2023-09-15,5.5,33,1,1916.99,1915.96,1914.59,1.3700000000001182,12.871000000000027,0.10644083598788869,True,2023-09-15 09:15:00,0.18,0.0,0.25,2023-09-16 00:00:00,1923.67,收盤,2.400000000000091,6.500000000000064,2.7083333333332575,True,2023-09-15|5.5|1
2023-09-15,7.0,34,1,1918.97,1916.79,1915.18,1.6099999999999,12.871000000000027,0.12508740579596742,True,2023-09-15 09:30:00,0.18,0.0,0.24242424242424243,2023-09-16 00:00:00,1923.67,收盤,3.7899999999999636,4.520000000000046,1.1926121372031897,True,2023-09-15|7.0|1
2023-09-19,8.0,38,1,1932.55,1931.79,1930.29,1.5,13.271000000000004,0.11302840780649533,True,2023-09-19 10:30:00,0.18,0.0,0.9459459459459459,2023-09-19 21:15:00,1930.29,停損,2.259999999999991,-2.439999999999991,-1.0796460176991154,True,2023-09-19|8.0|1
2023-09-19,7.5,39,1,1934.27,1932.28,1930.56,1.7200000000000273,13.271000000000004,0.1296059076181167,True,2023-09-19 10:45:00,0.18,0.0,0.9210526315789473,2023-09-19 21:15:00,1930.56,停損,3.7100000000000364,-3.8900000000000365,-1.048517520215633,True,2023-09-19|7.5|1
2023-09-19,10.0,50,1,1935.91,1934.77,1930.46,4.309999999999945,13.271000000000004,0.32476829176399247,True,2023-09-19 13:30:00,0.18,0.0,0.7142857142857143,2023-09-19 21:15:00,1930.46,停損,5.4500000000000455,-5.630000000000045,-1.0330275229357795,True,2023-09-19|10.0|1
2023-09-25,5.0,32,-1,1921.68,1923.92,1922.64,1.2799999999999727,13.98399999999997,0.09153318077803028,False,2023-09-25 09:00:00,0.18,0.0,0.0,2023-09-25 10:00:00,1923.92,停損,2.240000000000009,-2.4200000000000093,-1.0803571428571426,True,2023-09-25|5.0|-1
2023-09-26,2.0,12,-1,1914.78,1916.66,1916.04,0.6200000000001182,13.766999999999985,0.04503522917121514,True,2023-09-26 04:00:00,0.18,0.0,0.09090909090909091,2023-09-27 00:00:00,1900.6,收盤,1.8800000000001091,14.000000000000064,7.4468085106379,True,2023-09-26|2.0|-1
2023-09-26,2.5,17,-1,1914.09,1916.66,1915.41,1.25,13.766999999999985,0.09079683300646484,True,2023-09-26 05:15:00,0.18,0.0,0.0625,2023-09-27 00:00:00,1900.6,收盤,2.5700000000001637,13.31000000000001,5.178988326847922,True,2023-09-26|2.5|-1
2023-09-26,3.0,20,-1,1913.6,1916.44,1914.6,1.8400000000001455,13.766999999999985,0.13365293818552682,True,2023-09-26 06:00:00,0.18,0.0,0.05263157894736842,2023-09-27 00:00:00,1900.6,收盤,2.8400000000001455,12.82,4.514084507042022,True,2023-09-26|3.0|-1
2023-09-26,5.5,34,-1,1912.3,1914.55,1913.15,1.3999999999998636,13.766999999999985,0.1016924529672307,True,2023-09-26 09:30:00,0.18,0.0,0.030303030303030304,2023-09-26 11:15:00,1914.55,停損,2.25,-2.43,-1.08,True,2023-09-26|5.5|-1
2023-09-26,8.5,36,-1,1910.42,1914.44,1911.88,2.5599999999999454,13.766999999999985,0.185951913997236,True,2023-09-26 10:00:00,0.18,0.0,0.02857142857142857,2023-09-26 11:15:00,1914.44,停損,4.019999999999982,-4.1999999999999815,-1.0447761194029852,True,2023-09-26|8.5|-1
2023-09-27,2.0,13,-1,1900.07,1902.04,1900.86,1.1800000000000637,13.836999999999989,0.08527860085279068,True,2023-09-27 04:15:00,0.18,0.0,0.6666666666666666,2023-09-27 04:45:00,1902.04,停損,1.9700000000000273,-2.1500000000000274,-1.0913705583756332,True,2023-09-27|2.0|-1
2023-09-27,6.5,29,-1,1896.41,1900.55,1897.49,3.0599999999999454,13.836999999999989,0.22114620221145825,True,2023-09-27 08:15:00,0.18,0.07227000072270007,0.5,2023-09-28 00:00:00,1874.66,收盤,4.139999999999873,21.57,5.210144927536392,True,2023-09-27|6.5|-1
2023-09-27,9.5,45,-1,1895.54,1899.01,1896.37,2.6400000000001,13.836999999999989,0.1907928019079354,True,2023-09-27 12:15:00,0.18,0.07227000072270007,0.3181818181818182,2023-09-28 00:00:00,1874.66,收盤,3.4700000000000273,20.699999999999882,5.965417867435078,True,2023-09-27|9.5|-1
2023-09-27,9.0,47,-1,1894.69,1898.75,1895.9,2.849999999999909,13.836999999999989,0.20596950205968861,True,2023-09-27 12:45:00,0.18,0.07227000072270007,0.30434782608695654,2023-09-28 00:00:00,1874.66,收盤,4.059999999999945,19.849999999999973,4.889162561576414,True,2023-09-27|9.0|-1
2023-09-27,10.5,52,-1,1893.86,1897.82,1895.07,2.75,13.836999999999989,0.19874250198742519,True,2023-09-27 14:00:00,0.18,0.07227000072270007,0.27450980392156865,2023-09-28 00:00:00,1874.66,收盤,3.9600000000000364,19.01999999999982,4.803030303030213,True,2023-09-27|10.5|-1
2023-09-28,2.0,14,-1,1874.12,1877.66,1876.25,1.4100000000000819,15.959999999999969,0.08834586466165943,True,2023-09-28 04:30:00,0.18,0.0,0.6153846153846154,2023-09-28 09:15:00,1877.66,停損,3.540000000000191,-3.720000000000191,-1.0508474576271158,True,2023-09-28|2.0|-1
2023-09-28,10.5,45,-1,1873.83,1877.86,1874.79,3.0699999999999363,15.959999999999969,0.19235588972430717,True,2023-09-28 12:15:00,0.18,0.06265664160401015,0.8409090909090909,2023-09-28 15:30:00,1877.86,停損,4.029999999999973,-4.209999999999972,-1.044665012406948,True,2023-09-28|10.5|-1
2023-09-29,4.0,22,-1,1863.11,1866.31,1864.45,1.8599999999999,16.965999999999987,0.10963102675939534,True,2023-09-29 06:30:00,0.18,0.0,0.42857142857142855,2023-09-29 09:00:00,1866.31,停損,3.2000000000000455,-3.3800000000000456,-1.0562499999999992,True,2023-09-29|4.0|-1
2023-10-02,2.0,16,-1,1843.93,1848.44,1846.12,2.3200000000001637,18.253999999999998,0.12709543113838961,True,2023-10-02 05:00:00,0.18,0.0,0.5333333333333333,2023-10-03 00:00:00,1827.69,收盤,4.509999999999991,16.06000000000001,3.560975609756107,True,2023-10-02|2.0|-1
2023-10-02,4.0,27,-1,1842.79,1847.35,1843.92,3.4299999999998363,18.253999999999998,0.18790402103647622,True,2023-10-02 07:45:00,0.18,0.0,0.3076923076923077,2023-10-03 00:00:00,1827.69,收盤,4.559999999999945,14.91999999999991,3.271929824561423,True,2023-10-02|4.0|-1
2023-10-02,5.0,31,-1,1840.79,1845.05,1842.81,2.240000000000009,18.253999999999998,0.12271283006464388,True,2023-10-02 08:45:00,0.18,0.0,0.26666666666666666,2023-10-02 09:45:00,1845.05,停損,4.259999999999991,-4.439999999999991,-1.0422535211267605,True,2023-10-02|5.0|-1
2023-10-02,9.5,39,-1,1840.52,1846.22,1842.84,3.380000000000109,18.253999999999998,0.18516489536540537,True,2023-10-02 10:45:00,0.18,0.0,0.21052631578947367,2023-10-03 00:00:00,1827.69,收盤,5.7000000000000455,12.649999999999928,2.2192982456140045,True,2023-10-02|9.5|-1
2023-10-02,8.5,45,-1,1838.24,1843.88,1839.2,4.680000000000064,18.253999999999998,0.2563821628136334,True,2023-10-02 12:15:00,0.18,0.0,0.18181818181818182,2023-10-03 00:00:00,1827.69,收盤,5.6400000000001,10.369999999999955,1.838652482269463,True,2023-10-02|8.5|-1
2023-10-03,2.5,17,-1,1820.14,1826.88,1821.97,4.910000000000082,19.269000000000005,0.25481343089937625,True,2023-10-03 05:15:00,0.18,0.0,0.0,2023-10-03 11:15:00,1826.88,停損,6.740000000000009,-6.920000000000009,-1.0267062314540059,True,2023-10-03|2.5|-1
2023-10-03,2.0,18,-1,1817.16,1828.17,1820.44,7.730000000000018,19.269000000000005,0.40116248897192464,True,2023-10-03 05:30:00,0.18,0.0,0.0,2023-10-03 11:30:00,1828.17,停損,11.009999999999991,-11.18999999999999,-1.0163487738419619,True,2023-10-03|2.0|-1
2023-10-09,2.0,12,1,1852.34,1849.83,1846.47,3.3599999999999,21.099000000000025,0.1592492535191192,True,2023-10-09 04:00:00,0.18,0.047395611166405935,0.0,2023-10-09 15:45:00,1846.47,停損,5.869999999999891,-6.049999999999891,-1.0306643952299834,True,2023-10-09|2.0|1
2023-10-09,6.0,33,1,1852.92,1851.53,1848.66,2.869999999999891,21.099000000000025,0.13602540404757987,True,2023-10-09 09:15:00,0.18,0.047395611166405935,0.0,2023-10-09 10:30:00,1848.66,停損,4.259999999999991,-4.439999999999991,-1.0422535211267605,True,2023-10-09|6.0|1
2023-10-10,2.0,12,1,1864.03,1862.7,1860.29,2.410000000000082,23.057000000000016,0.10452357201717831,True,2023-10-10 04:00:00,0.18,0.0,0.36363636363636365,2023-10-10 08:15:00,1860.29,停損,3.740000000000009,-3.9200000000000093,-1.0481283422459893,True,2023-10-10|2.0|1
2023-10-10,9.5,46,1,1859.4,1858.2,1855.15,3.0499999999999545,23.057000000000016,0.1322808691503644,True,2023-10-10 12:30:00,0.18,0.0,0.7777777777777778,2023-10-10 14:15:00,1855.15,停損,4.25,-4.43,-1.0423529411764705,True,2023-10-10|9.5|1
2023-10-11,10.5,47,1,1870.67,1869.46,1863.45,6.009999999999991,22.528999999999996,0.26676727773092423,False,2023-10-11 12:45:00,0.18,0.0,0.6739130434782609,2023-10-12 00:00:00,1873.96,收盤,7.220000000000027,3.1099999999999635,0.43074792243766646,True,2023-10-11|10.5|1
2023-10-12,2.0,15,1,1878.47,1875.71,1874.61,1.1000000000001364,21.248000000000026,0.051769578313259366,True,2023-10-12 04:45:00,0.18,0.0,0.0,2023-10-12 16:45:00,1874.61,停損,3.8600000000001273,-4.040000000000127,-1.04663212435233,True,2023-10-12|2.0|1
2023-10-12,5.5,28,1,1878.86,1877.6,1875.55,2.0499999999999545,21.248000000000026,0.09647966867469654,True,2023-10-12 08:00:00,0.18,0.0,0.0,2023-10-12 15:45:00,1875.55,停損,3.3099999999999454,-3.4899999999999456,-1.0543806646525689,True,2023-10-12|5.5|1
2023-10-12,5.0,29,1,1879.27,1877.96,1875.55,2.410000000000082,21.248000000000026,0.11342243975903986,True,2023-10-12 08:15:00,0.18,0.0,0.0,2023-10-12 15:45:00,1875.55,停損,3.7200000000000273,-3.9000000000000274,-1.0483870967741933,True,2023-10-12|5.0|1
2023-10-12,4.5,30,1,1879.9,1878.7,1875.56,3.1400000000001,21.248000000000026,0.14777861445783586,True,2023-10-12 08:30:00,0.18,0.0,0.0,2023-10-12 15:45:00,1875.56,停損,4.3400000000001455,-4.520000000000145,-1.0414746543778788,True,2023-10-12|4.5|1
2023-10-12,7.0,35,1,1882.22,1879.08,1876.74,2.339999999999918,21.248000000000026,0.11012801204818878,True,2023-10-12 09:45:00,0.18,0.0,0.0,2023-10-12 15:45:00,1876.74,停損,5.480000000000018,-5.660000000000018,-1.032846715328467,True,2023-10-12|7.0|1
2023-10-18,4.0,18,1,1941.94,1940.35,1926.84,13.509999999999991,24.137000000000036,0.5597215892612989,True,2023-10-18 05:30:00,0.18,0.0,0.0,2023-10-19 00:00:00,1947.66,收盤,15.100000000000136,5.540000000000028,0.36688741721854157,True,2023-10-18|4.0|1
2023-10-18,8.5,46,1,1940.59,1939.2,1935.67,3.5299999999999727,24.137000000000036,0.1462484981563561,True,2023-10-18 12:30:00,0.18,0.0,0.0,2023-10-19 00:00:00,1947.66,收盤,4.919999999999845,6.890000000000164,1.400406504065118,True,2023-10-18|8.5|1
2023-10-18,10.0,47,1,1945.05,1940.06,1935.52,4.539999999999964,24.137000000000036,0.18809296930024266,True,2023-10-18 12:45:00,0.18,0.0,0.0,2023-10-19 00:00:00,1947.66,收盤,9.529999999999973,2.430000000000127,0.254984260230864,True,2023-10-18|10.0|1
2023-10-20,3.0,20,1,1979.44,1977.6,1973.97,3.6299999999998818,28.32700000000002,0.12814629152398346,True,2023-10-20 06:00:00,0.18,0.03530200868429411,0.631578947368421,2023-10-20 15:30:00,1973.97,停損,5.470000000000027,-5.650000000000027,-1.03290676416819,True,2023-10-20|3.0|1
2023-10-20,7.0,38,1,1979.93,1978.2,1976.52,1.6800000000000637,28.32700000000002,0.05930737458961636,True,2023-10-20 10:30:00,0.18,0.03530200868429411,0.32432432432432434,2023-10-20 15:00:00,1976.52,停損,3.410000000000082,-3.590000000000082,-1.0527859237536645,True,2023-10-20|7.0|1
2023-10-20,7.5,39,1,1981.24,1979.15,1975.8,3.3500000000001364,28.32700000000002,0.11826172909239009,True,2023-10-20 10:45:00,0.18,0.03530200868429411,0.3157894736842105,2023-10-20 15:30:00,1975.8,停損,5.440000000000055,-5.620000000000054,-1.0330882352941173,True,2023-10-20|7.5|1
2023-10-20,8.0,41,1,1982.06,1979.93,1975.8,4.130000000000109,28.32700000000002,0.14579729586613854,True,2023-10-20 11:15:00,0.18,0.03530200868429411,0.3,2023-10-20 15:30:00,1975.8,停損,6.259999999999991,-6.439999999999991,-1.0287539936102237,True,2023-10-20|8.0|1
2023-10-20,10.0,44,1,1983.71,1982.12,1978.12,4.0,28.32700000000002,0.14120803473717644,True,2023-10-20 12:00:00,0.18,0.03530200868429411,0.27906976744186046,2023-10-20 15:00:00,1978.12,停損,5.5900000000001455,-5.770000000000145,-1.0322003577817522,True,2023-10-20|10.0|1
2023-10-26,2.0,17,1,1986.19,1983.8,1981.45,2.349999999999909,29.275000000000023,0.08027327070879273,True,2023-10-26 05:15:00,0.18,0.03415883859948759,0.0,2023-10-26 15:45:00,1981.45,停損,4.740000000000009,-4.920000000000009,-1.0379746835443036,True,2023-10-26|2.0|1
2023-10-26,5.5,25,1,1987.76,1986.19,1983.39,2.7999999999999545,29.275000000000023,0.0956447480785637,True,2023-10-26 07:15:00,0.18,0.03415883859948759,0.0,2023-10-26 14:45:00,1983.39,停損,4.369999999999891,-4.549999999999891,-1.0411899313501154,True,2023-10-26|5.5|1
2023-10-26,3.5,26,1,1988.34,1986.58,1982.36,4.220000000000027,29.275000000000023,0.14415029888983857,True,2023-10-26 07:30:00,0.18,0.03415883859948759,0.0,2023-10-26 14:45:00,1982.36,停損,5.980000000000018,-6.160000000000018,-1.0301003344481603,True,2023-10-26|3.5|1
2023-10-26,8.5,40,1,1990.06,1987.86,1983.95,3.9099999999998545,29.275000000000023,0.1335610589239915,True,2023-10-26 11:00:00,0.18,0.03415883859948759,0.0,2023-10-26 14:45:00,1983.95,停損,6.1099999999999,-6.2899999999999,-1.0294599018003279,True,2023-10-26|8.5|1
2023-10-26,8.0,43,1,1992.21,1989.55,1984.76,4.789999999999964,29.275000000000023,0.1636208368915443,True,2023-10-26 11:45:00,0.18,0.03415883859948759,0.0,2023-10-26 14:45:00,1984.76,停損,7.4500000000000455,-7.630000000000045,-1.0241610738255031,True,2023-10-26|8.0|1
2023-10-30,2.0,11,1,2006.19,2003.59,2000.51,3.0799999999999272,26.607000000000017,0.11575901078663228,True,2023-10-30 03:45:00,0.18,0.15033637764498053,0.1,2023-10-30 07:45:00,2000.51,停損,5.680000000000064,-5.860000000000063,-1.03169014084507,True,2023-10-30|2.0|1
2023-11-01,2.0,11,-1,1980.07,1985.28,1983.11,2.1700000000000728,26.748,0.08112756093913835,True,2023-11-01 03:45:00,0.18,0.0,0.2,2023-11-01 15:30:00,1985.28,停損,5.210000000000036,-5.390000000000036,-1.0345489443378115,True,2023-11-01|2.0|-1
2023-11-01,3.0,24,-1,1977.07,1983.98,1978.71,5.269999999999982,26.748,0.19702407656647158,True,2023-11-01 07:00:00,0.18,0.0,0.08695652173913043,2023-11-01 13:15:00,1983.98,停損,6.910000000000082,-7.090000000000082,-1.026049204052098,True,2023-11-01|3.0|-1
2023-11-01,4.0,25,-1,1975.74,1981.42,1977.94,3.480000000000018,26.748,0.1301031852848818,True,2023-11-01 07:15:00,0.18,0.0,0.08333333333333333,2023-11-01 12:00:00,1981.42,停損,5.680000000000064,-5.860000000000063,-1.03169014084507,True,2023-11-01|4.0|-1
2023-11-01,9.0,38,-1,1977.25,1981.0,1979.01,1.990000000000009,26.748,0.07439808583819385,True,2023-11-01 10:30:00,0.18,0.0,0.05405405405405406,2023-11-01 12:00:00,1981.0,停損,3.75,-3.93,-1.048,True,2023-11-01|9.0|-1
2023-11-07,2.0,13,-1,1974.32,1976.98,1975.45,1.5299999999999727,22.177,0.06899039545474919,True,2023-11-07 04:15:00,0.18,0.0,0.0,2023-11-08 00:00:00,1969.03,收盤,2.660000000000082,5.109999999999964,1.9210526315788747,True,2023-11-07|2.0|-1
2023-11-07,2.5,15,-1,1973.19,1976.98,1974.73,2.25,22.177,0.10145646390404474,True,2023-11-07 04:45:00,0.18,0.0,0.0,2023-11-08 00:00:00,1969.03,收盤,3.7899999999999636,3.9800000000000817,1.0501319261214037,True,2023-11-07|2.5|-1
2023-11-07,3.5,16,-1,1972.89,1976.58,1974.23,2.349999999999909,22.177,0.10596564007755373,True,2023-11-07 05:00:00,0.18,0.0,0.0,2023-11-08 00:00:00,1969.03,收盤,3.689999999999827,3.680000000000127,0.9972899728998101,True,2023-11-07|3.5|-1
2023-11-07,4.0,23,-1,1971.74,1976.14,1972.86,3.2800000000002,22.177,0.14790097849123868,True,2023-11-07 06:45:00,0.18,0.0,0.0,2023-11-08 00:00:00,1969.03,收盤,4.400000000000091,2.530000000000036,0.5749999999999963,True,2023-11-07|4.0|-1
2023-11-07,5.0,32,-1,1971.06,1973.63,1972.24,1.3900000000001,22.177,0.06267754881183658,True,2023-11-07 09:00:00,0.18,0.0,0.0,2023-11-08 00:00:00,1969.03,收盤,2.5700000000001637,1.8499999999999728,0.7198443579765973,True,2023-11-07|5.0|-1
2023-11-07,5.5,33,-1,1969.8,1973.46,1971.5,1.9600000000000364,22.177,0.08837985300085839,True,2023-11-07 09:15:00,0.18,0.0,0.0,2023-11-08 00:00:00,1969.03,收盤,3.660000000000082,0.5899999999999819,0.16120218579234116,True,2023-11-07|5.5|-1
2023-11-07,8.5,41,-1,1965.83,1972.18,1967.14,5.039999999999964,22.177,0.22726247914505857,True,2023-11-07 11:15:00,0.18,0.0,0.0,2023-11-08 00:00:00,1969.03,收盤,6.350000000000136,-3.3800000000000456,-0.5322834645669249,True,2023-11-07|8.5|-1
2023-11-07,10.0,50,-1,1964.55,1970.21,1965.97,4.240000000000009,22.177,0.19118906975695582,True,2023-11-07 13:30:00,0.18,0.0,0.0,2023-11-08 00:00:00,1969.03,收盤,5.660000000000082,-4.660000000000018,-0.8233215547703093,True,2023-11-07|10.0|-1
2023-11-07,10.5,53,-1,1962.36,1969.02,1964.13,4.889999999999873,22.177,0.2204987148847848,True,2023-11-07 14:15:00,0.18,0.0,0.0,2023-11-07 21:00:00,1969.02,停損,6.660000000000082,-6.840000000000082,-1.0270270270270268,True,2023-11-07|10.5|-1
2023-11-09,3.0,16,-1,1950.02,1954.58,1951.4,3.1799999999998363,21.543999999999983,0.1476049015967248,True,2023-11-09 05:00:00,0.18,0.0,0.6,2023-11-09 16:45:00,1954.58,停損,4.559999999999945,-4.739999999999945,-1.0394736842105268,True,2023-11-09|3.0|-1
2023-11-09,3.5,19,-1,1949.05,1954.45,1950.44,4.009999999999991,21.543999999999983,0.18613070924619357,True,2023-11-09 05:45:00,0.18,0.0,0.5,2023-11-09 16:45:00,1954.45,停損,5.400000000000091,-5.580000000000091,-1.0333333333333328,True,2023-11-09|3.5|-1
2023-11-09,6.5,37,-1,1946.52,1949.82,1948.53,1.2899999999999636,21.543999999999983,0.05987746008169164,True,2023-11-09 10:15:00,0.18,0.0,0.25,2023-11-09 16:00:00,1949.82,停損,3.2999999999999545,-3.4799999999999547,-1.0545454545454553,True,2023-11-09|6.5|-1
2023-11-13,2.5,17,-1,1935.6,1940.67,1938.02,2.650000000000091,21.015999999999963,0.1260944042634229,True,2023-11-13 05:15:00,0.08,0.0,0.25,2023-11-13 09:45:00,1940.67,停損,5.070000000000164,-5.150000000000164,-1.015779092702169,True,2023-11-13|2.5|-1
2023-11-13,8.0,39,-1,1937.05,1940.11,1938.52,1.5899999999999181,21.015999999999963,0.07565664255804724,True,2023-11-13 10:45:00,0.08,0.0,0.10526315789473684,2023-11-13 11:45:00,1940.11,停損,3.0599999999999454,-3.1399999999999455,-1.0261437908496738,True,2023-11-13|8.0|-1
2023-11-13,8.5,40,-1,1936.57,1940.11,1938.02,2.089999999999918,21.015999999999963,0.09944803958888095,True,2023-11-13 11:00:00,0.08,0.0,0.10256410256410256,2023-11-13 11:45:00,1940.11,停損,3.5399999999999636,-3.6199999999999637,-1.0225988700564974,True,2023-11-13|8.5|-1
2023-11-14,8.0,43,1,1947.22,1946.0,1944.18,1.8199999999999363,21.18399999999997,0.0859138972809639,True,2023-11-14 11:45:00,0.08,0.0,0.5952380952380952,2023-11-15 00:00:00,1963.26,收盤,3.0399999999999636,15.959999999999964,5.250000000000051,True,2023-11-14|8.0|1
2023-11-14,8.5,45,1,1947.76,1946.56,1944.18,2.3799999999998818,21.18399999999997,0.1123489425981819,True,2023-11-14 12:15:00,0.08,0.0,0.5681818181818182,2023-11-15 00:00:00,1963.26,收盤,3.5799999999999272,15.42,4.307262569832489,True,2023-11-14|8.5|1
2023-11-15,5.0,30,1,1969.61,1967.04,1964.41,2.6299999999998818,20.998999999999977,0.12524405924091073,True,2023-11-15 08:30:00,0.08,0.0,0.1724137931034483,2023-11-15 15:45:00,1964.41,停損,5.199999999999818,-5.279999999999818,-1.015384615384616,True,2023-11-15|5.0|1
2023-11-15,7.5,38,1,1972.09,1969.68,1965.89,3.7899999999999636,20.998999999999977,0.18048478498975987,True,2023-11-15 10:30:00,0.08,0.0,0.13513513513513514,2023-11-15 15:45:00,1965.89,停損,6.199999999999818,-6.279999999999818,-1.012903225806452,True,2023-11-15|7.5|1
2023-11-15,9.5,47,1,1973.37,1972.22,1969.25,2.9700000000000273,20.998999999999977,0.1414353064431654,True,2023-11-15 12:45:00,0.08,0.0,0.10869565217391304,2023-11-15 15:45:00,1969.25,停損,4.119999999999891,-4.199999999999891,-1.0194174757281558,True,2023-11-15|9.5|1
2023-11-17,3.5,20,1,1986.68,1985.33,1982.69,2.6399999999998727,22.68199999999997,0.11639185257031462,True,2023-11-17 06:00:00,0.08,0.044087822943303115,0.0,2023-11-17 09:00:00,1982.69,停損,3.990000000000009,-4.070000000000009,-1.0200501253132832,True,2023-11-17|3.5|1
2023-11-17,7.5,36,1,1987.63,1985.22,1983.72,1.5,22.68199999999997,0.06613173441495468,True,2023-11-17 10:00:00,0.08,0.044087822943303115,0.0,2023-11-17 16:00:00,1983.72,停損,3.910000000000082,-3.990000000000082,-1.0204603580562657,True,2023-11-17|7.5|1
2023-11-17,9.0,41,1,1991.58,1987.63,1982.88,4.75,22.68199999999997,0.2094171589806898,True,2023-11-17 11:15:00,0.08,0.044087822943303115,0.0,2023-11-17 16:45:00,1982.88,停損,8.699999999999818,-8.779999999999818,-1.0091954022988507,True,2023-11-17|9.0|1
2023-11-20,10.0,50,-1,1974.69,1979.98,1975.89,4.089999999999918,22.079999999999995,0.18523550724637314,True,2023-11-20 13:30:00,0.08,0.04528985507246378,0.2857142857142857,2023-11-21 00:00:00,1977.75,收盤,5.289999999999964,-3.1399999999999455,-0.5935727788279711,True,2023-11-20|10.0|-1
2023-11-21,2.5,15,1,1992.46,1990.36,1982.81,7.5499999999999545,22.468999999999983,0.3360185143976127,False,2023-11-21 04:45:00,0.08,0.08901152699274563,0.0,2023-11-22 00:00:00,1998.39,收盤,9.650000000000091,5.850000000000064,0.6062176165803117,True,2023-11-21|2.5|1
2023-11-27,2.0,9,1,2006.02,2004.25,2001.79,2.4600000000000364,20.14100000000001,0.12213892060970336,True,2023-11-27 03:15:00,0.08,0.049649967727520956,0.0,2023-11-28 00:00:00,2014.03,收盤,4.230000000000018,7.929999999999991,1.874704491725758,True,2023-11-27|2.0|1
2023-11-27,4.5,23,1,2013.1,2011.93,2007.55,4.380000000000109,20.14100000000001,0.2174668586465472,True,2023-11-27 06:45:00,0.08,0.049649967727520956,0.0,2023-11-27 18:45:00,2007.55,停損,5.5499999999999545,-5.629999999999955,-1.0144144144144145,True,2023-11-27|4.5|1
2023-11-27,4.0,25,1,2013.69,2012.12,2007.37,4.75,20.14100000000001,0.23583734670572454,True,2023-11-27 07:15:00,0.08,0.049649967727520956,0.0,2023-11-27 18:45:00,2007.37,停損,6.320000000000164,-6.400000000000164,-1.012658227848101,True,2023-11-27|4.0|1
2023-11-27,8.5,37,1,2012.23,2011.15,2009.12,2.0300000000002,20.14100000000001,0.10078943448687748,True,2023-11-27 10:15:00,0.08,0.049649967727520956,0.0,2023-11-27 17:15:00,2009.12,停損,3.1100000000001273,-3.1900000000001274,-1.0257234726688094,True,2023-11-27|8.5|1
2023-11-27,9.0,38,1,2012.71,2011.31,2009.57,1.740000000000009,20.14100000000001,0.08639094384588691,True,2023-11-27 10:30:00,0.08,0.049649967727520956,0.0,2023-11-27 17:15:00,2009.57,停損,3.1400000000001,-3.2200000000001,-1.0254777070063685,True,2023-11-27|9.0|1
2023-11-27,7.5,40,1,2013.88,2012.47,2008.75,3.7200000000000273,20.14100000000001,0.18469787994637932,True,2023-11-27 11:00:00,0.08,0.049649967727520956,0.0,2023-11-27 18:00:00,2008.75,停損,5.130000000000109,-5.210000000000109,-1.0155945419103312,True,2023-11-27|7.5|1
2023-11-27,9.5,41,1,2015.32,2013.39,2009.57,3.8200000000001637,20.14100000000001,0.18966287671913817,True,2023-11-27 11:15:00,0.08,0.049649967727520956,0.0,2023-11-27 17:15:00,2009.57,停損,5.75,-5.83,-1.0139130434782608,True,2023-11-27|9.5|1
2023-11-29,5.5,24,1,2046.18,2044.88,2042.94,1.9400000000000546,20.557999999999993,0.09436715633816788,True,2023-11-29 07:00:00,0.08,0.0972857281836755,0.0,2023-11-29 09:45:00,2042.94,停損,3.240000000000009,-3.320000000000009,-1.0246913580246912,True,2023-11-29|5.5|1
2023-12-04,6.0,26,1,2088.65,2086.04,2081.69,4.349999999999909,21.40100000000002,0.20326152983505,True,2023-12-04 07:30:00,0.08,0.1401803654034857,0.0,2023-12-04 09:00:00,2081.69,停損,6.960000000000036,-7.0400000000000365,-1.011494252873563,True,2023-12-04|6.0|1
2023-12-04,10.0,42,1,2073.11,2070.2,2057.77,12.429999999999836,21.40100000000002,0.5808139806551014,True,2023-12-04 11:30:00,0.08,0.18690715387131424,0.8780487804878049,2023-12-04 16:00:00,2057.77,停損,15.340000000000146,-15.420000000000146,-1.0052151238591915,True,2023-12-04|10.0|1
2023-12-05,3.0,24,-1,2032.31,2038.41,2034.1,4.310000000000173,32.02200000000005,0.1345949659609071,True,2023-12-05 07:00:00,0.08,0.06245706077072004,0.2608695652173913,2023-12-05 10:30:00,2038.41,停損,6.100000000000136,-6.1800000000001365,-1.0131147540983603,True,2023-12-05|3.0|-1
2023-12-05,3.5,25,-1,2031.89,2038.01,2033.61,4.400000000000091,32.02200000000005,0.13740553369558692,True,2023-12-05 07:15:00,0.08,0.06245706077072004,0.25,2023-12-05 10:30:00,2038.01,停損,6.119999999999891,-6.199999999999891,-1.0130718954248368,True,2023-12-05|3.5|-1
2023-12-05,9.5,41,-1,2028.82,2039.56,2031.19,8.36999999999989,32.02200000000005,0.26138279932545994,True,2023-12-05 11:15:00,0.08,0.06245706077072004,0.15,2023-12-06 00:00:00,2019.24,收盤,10.740000000000009,9.499999999999927,0.8845437616387262,True,2023-12-05|9.5|-1
2023-12-05,10.5,46,-1,2023.65,2037.99,2028.5,9.490000000000009,32.02200000000005,0.29635875335706685,True,2023-12-05 12:30:00,0.08,0.06245706077072004,0.13333333333333333,2023-12-06 00:00:00,2019.24,收盤,14.339999999999918,4.330000000000082,0.30195258019526544,True,2023-12-05|10.5|-1
2023-12-11,2.5,14,-1,1999.33,2006.77,2002.21,4.559999999999945,35.832000000000036,0.12726054922973712,True,2023-12-11 04:30:00,0.08,0.0,0.3076923076923077,2023-12-12 00:00:00,1981.72,收盤,7.440000000000055,17.5299999999999,2.3561827956988943,True,2023-12-11|2.5|-1
2023-12-11,3.5,19,-1,1996.81,2004.16,1999.32,4.8400000000001455,35.832000000000036,0.13507479348069157,True,2023-12-11 05:45:00,0.08,0.0,0.2222222222222222,2023-12-12 00:00:00,1981.72,收盤,7.350000000000136,15.009999999999918,2.0421768707482504,True,2023-12-11|3.5|-1
2023-12-11,6.5,36,-1,1992.82,1998.47,1995.72,2.75,35.832000000000036,0.07674704175039064,True,2023-12-11 10:00:00,0.08,0.0,0.11428571428571428,2023-12-12 00:00:00,1981.72,收盤,5.650000000000091,11.019999999999909,1.9504424778760587,True,2023-12-11|6.5|-1
2023-12-14,6.0,28,1,2035.21,2032.09,2030.08,2.009999999999991,39.91400000000001,0.05035827028110414,True,2023-12-14 08:00:00,0.08,0.02505386581149471,0.0,2023-12-14 09:45:00,2030.08,停損,5.130000000000109,-5.210000000000109,-1.0155945419103312,True,2023-12-14|6.0|1
2023-12-14,5.5,29,1,2036.77,2034.33,2030.31,4.019999999999982,39.91400000000001,0.10071654056220827,True,2023-12-14 08:15:00,0.08,0.02505386581149471,0.0,2023-12-14 09:45:00,2030.31,停損,6.460000000000036,-6.5400000000000365,-1.0123839009287925,True,2023-12-14|5.5|1
2023-12-14,7.0,38,1,2040.11,2035.98,2030.38,5.599999999999909,39.91400000000001,0.14030164854436808,True,2023-12-14 10:30:00,0.08,0.02505386581149471,0.0,2023-12-14 15:45:00,2030.38,停損,9.72999999999979,-9.80999999999979,-1.0082219938335049,True,2023-12-14|7.0|1
2023-12-18,9.0,47,-1,2019.82,2024.36,2022.59,1.7699999999999818,39.41199999999999,0.04491017964071811,True,2023-12-18 12:45:00,0.03,0.0253729828478636,0.8913043478260869,2023-12-18 15:15:00,2024.36,停損,4.539999999999964,-4.569999999999964,-1.0066079295154187,True,2023-12-18|9.0|-1
2023-12-18,9.5,48,-1,2019.29,2024.56,2021.72,2.839999999999918,39.41199999999999,0.07205927128793055,True,2023-12-18 13:00:00,0.08,0.0253729828478636,0.8723404255319149,2023-12-18 15:15:00,2024.56,停損,5.269999999999982,-5.349999999999982,-1.015180265654649,True,2023-12-18|9.5|-1
2023-12-20,5.5,34,1,2042.69,2040.9,2039.81,1.0900000000001455,27.963999999999963,0.03897868688314071,True,2023-12-20 09:30:00,0.05,0.03576026319553716,0.36363636363636365,2023-12-20 10:15:00,2039.81,停損,2.880000000000109,-2.930000000000109,-1.0173611111111105,True,2023-12-20|5.5|1
2023-12-22,8.0,35,1,2050.46,2049.06,2047.12,1.9400000000000546,27.17299999999998,0.07139439885180349,True,2023-12-22 09:45:00,0.08,0.0,0.0,2023-12-23 00:00:00,2052.76,收盤,3.3400000000001455,2.220000000000182,0.6646706586826602,True,2023-12-22|8.0|1
2023-12-22,7.0,39,1,2051.54,2049.74,2047.62,2.119999999999891,27.17299999999998,0.07801862142567595,True,2023-12-22 10:45:00,0.08,0.0,0.0,2023-12-23 00:00:00,2052.76,收盤,3.9200000000000728,1.1400000000002546,0.2908163265306718,True,2023-12-22|7.0|1
2023-12-22,9.0,41,1,2053.37,2050.87,2047.51,3.3599999999999,27.17299999999998,0.12365215471239474,True,2023-12-22 11:15:00,0.08,0.0,0.0,2023-12-23 00:00:00,2052.76,收盤,5.8599999999999,-0.6899999999996725,-0.11774744027298367,True,2023-12-22|9.0|1
2023-12-22,10.0,43,1,2053.81,2052.14,2049.7,2.4400000000000546,27.17299999999998,0.08979501711257705,True,2023-12-22 11:45:00,0.06,0.0,0.0,2023-12-23 00:00:00,2052.76,收盤,4.110000000000127,-1.1099999999997272,-0.2700729927006552,True,2023-12-22|10.0|1
2023-12-22,10.5,46,1,2056.28,2053.55,2049.88,3.6700000000000728,27.17299999999998,0.13506053803408072,True,2023-12-22 12:30:00,0.05,0.0,0.0,2023-12-23 00:00:00,2052.76,收盤,6.400000000000091,-3.5699999999999816,-0.5578124999999892,True,2023-12-22|10.5|1
2023-12-28,2.0,10,1,2083.94,2081.12,2079.24,1.8800000000001091,24.490999999999985,0.07676289249112368,True,2023-12-28 03:30:00,0.08,0.04083132579314853,0.0,2023-12-28 10:30:00,2079.24,停損,4.700000000000273,-4.780000000000273,-1.0170212765957438,True,2023-12-28|2.0|1
2023-12-28,2.5,12,1,2087.03,2083.96,2079.24,4.720000000000255,24.490999999999985,0.19272385774367146,True,2023-12-28 04:00:00,0.08,0.04083132579314853,0.0,2023-12-28 10:30:00,2079.24,停損,7.790000000000418,-7.870000000000418,-1.0102695763799738,True,2023-12-28|2.5|1
2024-01-02,8.0,43,1,2078.33,2076.69,2072.96,3.730000000000018,20.68699999999999,0.18030647266399283,False,2024-01-02 11:45:00,0.0,0.04833953690723645,0.11904761904761904,2024-01-02 13:30:00,2072.96,停損,5.369999999999891,-5.369999999999891,-1.0,True,2024-01-02|8.0|1
2024-01-08,8.0,37,-1,2028.94,2033.33,2030.39,2.939999999999827,23.1,0.1272727272727198,False,2024-01-08 10:15:00,0.08,0.0,0.25,2024-01-08 17:45:00,2033.33,停損,4.389999999999873,-4.469999999999873,-1.0182232346241464,True,2024-01-08|8.0|-1
2024-01-08,9.0,47,-1,2027.4,2033.22,2028.65,4.569999999999936,23.1,0.19783549783549506,False,2024-01-08 12:45:00,0.08,0.0,0.1956521739130435,2024-01-08 17:45:00,2033.22,停損,5.819999999999936,-5.899999999999936,-1.0137457044673541,True,2024-01-08|9.0|-1
2024-01-08,9.5,49,-1,2025.69,2032.88,2027.9,4.980000000000018,23.1,0.21558441558441635,False,2024-01-08 13:15:00,0.0,0.0,0.1875,2024-01-08 17:45:00,2032.88,停損,7.190000000000055,-7.190000000000055,-1.0,True,2024-01-08|9.5|-1
2024-01-08,10.5,50,-1,2022.69,2030.74,2026.67,4.069999999999936,23.1,0.17619047619047343,False,2024-01-08 13:30:00,0.0,0.0,0.1836734693877551,2024-01-08 17:45:00,2030.74,停損,8.049999999999955,-8.049999999999955,-1.0,True,2024-01-08|10.5|-1
2024-01-15,6.5,30,1,2056.24,2054.85,2052.96,1.8899999999998727,25.378000000000043,0.07447395381826265,True,2024-01-15 08:30:00,0.08,0.03940420836945379,0.13793103448275862,2024-01-15 09:45:00,2052.96,停損,3.2799999999997453,-3.3599999999997454,-1.024390243902441,True,2024-01-15|6.5|1
2024-01-15,7.0,39,1,2057.96,2055.61,2052.96,2.650000000000091,25.378000000000043,0.10442115217905613,True,2024-01-15 10:45:00,0.08,0.03940420836945379,0.10526315789473684,2024-01-15 12:30:00,2052.96,停損,5.0,-5.08,-1.016,True,2024-01-15|7.0|1
2024-01-16,7.0,39,-1,2043.33,2049.51,2047.54,1.9700000000002547,25.008000000000038,0.07877479206654878,False,2024-01-16 10:45:00,0.08,0.0,0.02631578947368421,2024-01-17 00:00:00,2028.41,收盤,6.180000000000291,14.839999999999845,2.401294498381739,True,2024-01-16|7.0|-1
2024-01-16,10.0,41,-1,2040.35,2050.17,2042.13,8.039999999999964,25.008000000000038,0.3214971209213032,False,2024-01-16 11:15:00,0.08,0.0,0.025,2024-01-17 00:00:00,2028.41,收盤,9.820000000000164,11.859999999999827,1.2077393075356038,True,2024-01-16|10.0|-1
2024-01-16,10.5,53,-1,2036.29,2047.63,2038.72,8.910000000000082,25.008000000000038,0.356285988483688,False,2024-01-16 14:15:00,0.08,0.0,0.019230769230769232,2024-01-17 00:00:00,2028.41,收盤,11.340000000000146,7.799999999999882,0.6878306878306686,True,2024-01-16|10.5|-1
2024-01-18,2.0,17,-1,2006.71,2010.87,2008.27,2.599999999999909,25.439000000000032,0.10220527536459396,True,2024-01-18 05:15:00,0.08,0.03930972129407598,0.6875,2024-01-18 08:15:00,2010.87,停損,4.1599999999998545,-4.2399999999998546,-1.0192307692307698,True,2024-01-18|2.0|-1
2024-01-18,4.0,25,-1,2006.18,2011.91,2007.55,4.360000000000127,25.439000000000032,0.17139038484217625,True,2024-01-18 07:15:00,0.08,0.03930972129407598,0.4583333333333333,2024-01-18 08:30:00,2011.91,停損,5.730000000000018,-5.810000000000018,-1.013961605584642,True,2024-01-18|4.0|-1
2024-01-19,6.5,30,1,2023.27,2021.49,2020.48,1.009999999999991,25.731000000000016,0.039252263806303304,True,2024-01-19 08:30:00,0.08,0.0,0.896551724137931,2024-01-20 00:00:00,2029.34,收盤,2.7899999999999636,5.989999999999936,2.146953405017926,True,2024-01-19|6.5|1
2024-01-19,5.5,33,1,2024.6,2023.02,2020.82,2.2000000000000455,25.731000000000016,0.08549998056818794,True,2024-01-19 09:15:00,0.08,0.0,0.8125,2024-01-20 00:00:00,2029.34,收盤,3.7799999999999727,4.660000000000009,1.2328042328042441,True,2024-01-19|5.5|1
2024-01-19,7.5,34,1,2026.93,2023.57,2020.41,3.1599999999998545,25.731000000000016,0.1228090629979345,True,2024-01-19 09:30:00,0.08,0.0,0.7878787878787878,2024-01-20 00:00:00,2029.34,收盤,6.519999999999982,2.3299999999998544,0.3573619631901627,True,2024-01-19|7.5|1
2024-01-19,8.5,35,1,2028.43,2026.98,2022.28,4.7000000000000455,25.731000000000016,0.18265904939567223,True,2024-01-19 09:45:00,0.08,0.0,0.7647058823529411,2024-01-20 00:00:00,2029.34,收盤,6.150000000000091,0.8299999999998545,0.13495934959347028,True,2024-01-19|8.5|1
2024-01-19,10.0,51,1,2031.89,2030.11,2026.21,3.8999999999998636,25.731000000000016,0.1515681473708702,True,2024-01-19 13:45:00,0.08,0.0,0.52,2024-01-19 17:15:00,2026.21,停損,5.680000000000064,-5.760000000000064,-1.0140845070422533,True,2024-01-19|10.0|1
2024-01-19,10.5,53,1,2032.99,2030.87,2026.21,4.6599999999998545,25.731000000000016,0.18110450429442507,True,2024-01-19 14:15:00,0.08,0.0,0.5,2024-01-19 17:15:00,2026.21,停損,6.779999999999973,-6.859999999999973,-1.0117994100294987,True,2024-01-19|10.5|1
2024-01-23,6.5,32,1,2035.17,2030.18,2026.92,3.259999999999991,22.288000000000032,0.14626704953338057,False,2024-01-23 09:00:00,0.08,0.0,0.2903225806451613,2024-01-23 12:15:00,2026.92,停損,8.25,-8.33,-1.0096969696969698,True,2024-01-23|6.5|1
2024-01-25,6.5,38,-1,2013.41,2016.57,2014.84,1.7300000000000182,23.098000000000024,0.07489825958957556,True,2024-01-25 10:30:00,0.04,0.04329379167027444,0.918918918918919,2024-01-25 11:45:00,2016.57,停損,3.1599999999998545,-3.1999999999998545,-1.0126582278481018,True,2024-01-25|6.5|-1
2024-01-29,5.5,31,1,2027.9,2026.85,2024.77,2.0799999999999272,19.761000000000013,0.10525783108141926,False,2024-01-29 08:45:00,0.08,0.0,0.2,2024-01-29 16:45:00,2024.77,停損,3.130000000000109,-3.210000000000109,-1.0255591054313091,True,2024-01-29|5.5|1
2024-01-29,6.0,32,1,2028.85,2027.65,2025.49,2.160000000000082,19.761000000000013,0.10930620919994334,False,2024-01-29 09:00:00,0.08,0.0,0.1935483870967742,2024-01-29 16:45:00,2025.49,停損,3.3599999999999,-3.4399999999999,-1.0238095238095246,True,2024-01-29|6.0|1
2024-01-29,8.0,33,1,2030.98,2029.04,2024.9,4.139999999999873,19.761000000000013,0.20950356763321035,False,2024-01-29 09:15:00,0.08,0.0,0.1875,2024-01-29 16:45:00,2024.9,停損,6.079999999999927,-6.159999999999927,-1.0131578947368423,True,2024-01-29|8.0|1
2024-01-29,8.5,35,1,2032.74,2031.73,2026.8,4.930000000000064,19.761000000000013,0.24948130155356815,False,2024-01-29 09:45:00,0.08,0.0,0.17647058823529413,2024-01-29 12:45:00,2026.8,停損,5.940000000000055,-6.020000000000055,-1.0134680134680134,True,2024-01-29|8.5|1
2024-02-05,6.0,25,-1,2030.38,2033.38,2031.58,1.800000000000182,21.440999999999985,0.08395130824122864,True,2024-02-05 07:15:00,0.08,0.04663961568956675,0.0,2024-02-06 00:00:00,2024.73,收盤,3.0,5.570000000000091,1.8566666666666969,True,2024-02-05|6.0|-1
2024-02-05,5.5,33,-1,2029.09,2033.38,2030.4,2.980000000000018,21.440999999999985,0.13898605475490977,True,2024-02-05 09:15:00,0.08,0.04663961568956675,0.0,2024-02-06 00:00:00,2024.73,收盤,4.290000000000191,4.2799999999999,0.9976689976689299,True,2024-02-05|5.5|-1
2024-02-05,6.5,34,-1,2027.95,2032.94,2029.58,3.3600000000001273,21.440999999999985,0.15670910871695024,True,2024-02-05 09:30:00,0.08,0.04663961568956675,0.0,2024-02-06 00:00:00,2024.73,收盤,4.990000000000009,3.140000000000027,0.6292585170340724,True,2024-02-05|6.5|-1
2024-02-05,7.0,36,-1,2027.59,2032.06,2028.93,3.1299999999998818,21.440999999999985,0.14598199710833842,True,2024-02-05 10:00:00,0.08,0.04663961568956675,0.0,2024-02-06 00:00:00,2024.73,收盤,4.470000000000027,2.7799999999999,0.6219239373601527,True,2024-02-05|7.0|-1
2024-02-05,8.0,37,-1,2024.94,2031.23,2026.85,4.380000000000109,21.440999999999985,0.20428151672030745,True,2024-02-05 10:15:00,0.08,0.04663961568956675,0.0,2024-02-06 00:00:00,2024.73,收盤,6.289999999999964,0.13000000000003636,0.02066772655008539,True,2024-02-05|8.0|-1
2024-02-05,9.5,42,-1,2021.61,2029.75,2023.01,6.740000000000009,21.440999999999985,0.3143510097476803,True,2024-02-05 11:30:00,0.08,0.04663961568956675,0.0,2024-02-06 00:00:00,2024.73,收盤,8.1400000000001,-3.2000000000001183,-0.3931203931204028,True,2024-02-05|9.5|-1
2024-02-14,6.0,35,-1,1990.26,1992.92,1992.04,0.8800000000001091,24.049999999999955,0.0365904365904412,True,2024-02-14 09:45:00,0.08,0.0,0.35294117647058826,2024-02-14 13:00:00,1992.92,停損,2.660000000000082,-2.740000000000082,-1.030075187969924,True,2024-02-14|6.0|-1
2024-02-14,8.0,36,-1,1989.47,1992.99,1990.99,2.0,24.049999999999955,0.08316008316008332,True,2024-02-14 10:00:00,0.08,0.0,0.34285714285714286,2024-02-14 13:00:00,1992.99,停損,3.519999999999982,-3.599999999999982,-1.022727272727273,True,2024-02-14|8.0|-1
2024-02-14,8.5,37,-1,1988.22,1993.08,1989.69,3.3899999999998727,24.049999999999955,0.14095634095633594,True,2024-02-14 10:15:00,0.08,0.0,0.3333333333333333,2024-02-14 13:00:00,1993.08,停損,4.8599999999999,-4.9399999999999,-1.0164609053497946,True,2024-02-14|8.5|-1
2024-02-14,9.0,38,-1,1987.43,1993.08,1989.4,3.6799999999998363,24.049999999999955,0.1530145530145465,True,2024-02-14 10:30:00,0.08,0.0,0.32432432432432434,2024-02-14 13:00:00,1993.08,停損,5.649999999999864,-5.729999999999864,-1.0141592920353986,True,2024-02-14|9.0|-1
2024-02-19,2.0,15,1,2021.96,2020.09,2013.92,6.169999999999845,20.119999999999983,0.306660039761424,True,2024-02-19 04:45:00,0.08,0.049701789264413564,0.0,2024-02-19 18:15:00,2013.92,停損,8.039999999999964,-8.119999999999964,-1.0099502487562189,True,2024-02-19|2.0|1
2024-02-19,6.0,29,1,2021.35,2019.95,2018.27,1.6800000000000637,20.119999999999983,0.08349900596421794,True,2024-02-19 08:15:00,0.08,0.049701789264413564,0.0,2024-02-19 12:45:00,2018.27,停損,3.0799999999999272,-3.1599999999999273,-1.0259740259740266,True,2024-02-19|6.0|1
2024-02-19,6.5,31,1,2022.51,2020.91,2018.27,2.6400000000001,20.119999999999983,0.13121272365805678,True,2024-02-19 08:45:00,0.08,0.049701789264413564,0.0,2024-02-19 12:45:00,2018.27,停損,4.240000000000009,-4.320000000000009,-1.0188679245283019,True,2024-02-19|6.5|1
2024-02-26,4.0,23,1,2032.86,2031.88,2030.67,1.2100000000000364,18.905999999999995,0.06400084629218432,True,2024-02-26 06:45:00,0.08,0.0,0.36363636363636365,2024-02-26 16:15:00,2030.67,停損,2.189999999999827,-2.2699999999998273,-1.0365296803652997,True,2024-02-26|4.0|1
2024-02-26,5.0,31,1,2033.74,2032.58,2030.73,1.849999999999909,18.905999999999995,0.0978525335872162,True,2024-02-26 08:45:00,0.08,0.0,0.26666666666666666,2024-02-26 14:15:00,2030.73,停損,3.009999999999991,-3.089999999999991,-1.0265780730897012,True,2024-02-26|5.0|1
2024-02-26,5.5,33,1,2034.25,2032.97,2031.35,1.6200000000001182,18.905999999999995,0.08568708346557276,True,2024-02-26 09:15:00,0.06,0.0,0.25,2024-02-26 13:15:00,2031.35,停損,2.900000000000091,-2.960000000000091,-1.0206896551724132,True,2024-02-26|5.5|1
2024-02-26,6.5,34,1,2035.09,2033.46,2032.09,1.3700000000001182,18.905999999999995,0.0724637681159483,True,2024-02-26 09:30:00,0.07,0.0,0.24242424242424243,2024-02-26 13:00:00,2032.09,停損,3.0,-3.07,-1.0233333333333332,True,2024-02-26|6.5|1
2024-02-26,7.0,38,1,2036.26,2034.21,2032.19,2.019999999999982,18.905999999999995,0.10684438802496468,True,2024-02-26 10:30:00,0.0,0.0,0.21621621621621623,2024-02-26 13:00:00,2032.19,停損,4.069999999999936,-4.069999999999936,-1.0,True,2024-02-26|7.0|1
2024-02-28,9.5,41,-1,2026.28,2029.35,2027.6,1.75,15.400000000000023,0.11363636363636347,True,2024-02-28 11:15:00,0.03,0.0,0.275,2024-02-28 14:45:00,2029.35,停損,3.0699999999999363,-3.099999999999936,-1.0097719869706843,True,2024-02-28|9.5|-1
2024-02-28,10.0,42,-1,2025.74,2029.29,2026.7,2.589999999999918,15.400000000000023,0.1681818181818126,True,2024-02-28 11:30:00,0.05,0.0,0.2682926829268293,2024-02-28 14:30:00,2029.29,停損,3.5499999999999545,-3.5999999999999543,-1.0140845070422537,True,2024-02-28|10.0|-1
2024-03-04,3.5,15,1,2083.24,2081.81,2079.42,2.3899999999998727,18.846000000000025,0.12681736177437491,True,2024-03-04 04:45:00,0.08,0.0,0.7857142857142857,2024-03-05 00:00:00,2114.35,收盤,3.819999999999709,31.03000000000013,8.123036649215312,True,2024-03-04|3.5|1
2024-03-04,6.5,29,1,2082.5,2081.28,2080.5,0.7800000000002001,18.846000000000025,0.041388092964034756,True,2024-03-04 08:15:00,0.08,0.0,0.39285714285714285,2024-03-05 00:00:00,2114.35,收盤,2.0,31.76999999999991,15.884999999999955,True,2024-03-04|6.5|1
2024-03-04,5.0,32,1,2083.53,2081.95,2080.34,1.6099999999996726,18.846000000000025,0.08542926881034014,True,2024-03-04 09:00:00,0.08,0.0,0.3548387096774194,2024-03-05 00:00:00,2114.35,收盤,3.1900000000000546,30.73999999999971,9.636363636363381,True,2024-03-04|5.0|1
2024-03-04,7.5,33,1,2084.9,2083.03,2080.85,2.180000000000291,18.846000000000025,0.1156744136686983,True,2024-03-04 09:15:00,0.07,0.0,0.34375,2024-03-05 00:00:00,2114.35,收盤,4.050000000000182,29.379999999999818,7.2543209876539505,True,2024-03-04|7.5|1
2024-03-04,8.5,35,1,2086.8,2085.54,2081.37,4.170000000000073,18.846000000000025,0.22126711238459446,True,2024-03-04 09:45:00,0.0,0.0,0.3235294117647059,2024-03-04 15:30:00,2081.37,停損,5.430000000000291,-5.430000000000291,-1.0,True,2024-03-04|8.5|1
2024-03-05,3.5,23,1,2114.65,2113.06,2110.46,2.599999999999909,21.687000000000033,0.11988749020149883,True,2024-03-05 06:45:00,0.08,0.04611057315442424,0.45454545454545453,2024-03-06 00:00:00,2127.84,收盤,4.190000000000055,13.110000000000054,3.128878281622884,True,2024-03-05|3.5|1
2024-03-05,4.5,24,1,2115.89,2114.01,2111.23,2.7800000000002,21.687000000000033,0.12818739336930862,True,2024-03-05 07:00:00,0.08,0.04611057315442424,0.43478260869565216,2024-03-06 00:00:00,2127.84,收盤,4.6599999999998545,11.870000000000273,2.5472103004293225,True,2024-03-05|4.5|1
2024-03-05,5.5,27,1,2117.74,2115.27,2112.4,2.869999999999891,21.687000000000033,0.13233734495319252,True,2024-03-05 07:45:00,0.08,0.04611057315442424,0.38461538461538464,2024-03-06 00:00:00,2127.84,收盤,5.339999999999691,10.020000000000364,1.8764044943821991,True,2024-03-05|5.5|1
2024-03-05,6.5,28,1,2119.29,2116.75,2114.02,2.730000000000018,21.687000000000033,0.125881864711579,True,2024-03-05 08:00:00,0.08,0.04611057315442424,0.37037037037037035,2024-03-05 09:30:00,2114.02,停損,5.269999999999982,-5.349999999999982,-1.015180265654649,True,2024-03-05|6.5|1
2024-03-05,7.0,38,1,2120.85,2119.73,2115.36,4.369999999999891,21.687000000000033,0.20150320468482888,True,2024-03-05 10:30:00,0.08,0.04611057315442424,0.2702702702702703,2024-03-06 00:00:00,2127.84,收盤,5.489999999999782,6.910000000000236,1.2586520947177615,True,2024-03-05|7.0|1
2024-03-05,9.5,41,1,2122.41,2121.23,2114.26,6.9699999999998,21.687000000000033,0.3213906948863277,True,2024-03-05 11:15:00,0.03,0.04611057315442424,0.25,2024-03-06 00:00:00,2127.84,收盤,8.149999999999636,5.400000000000291,0.6625766871166296,True,2024-03-05|9.5|1
2024-03-05,10.0,42,1,2124.94,2123.32,2114.48,8.840000000000146,21.687000000000033,0.407617466685117,True,2024-03-05 11:30:00,0.02,0.04611057315442424,0.24390243902439024,2024-03-06 00:00:00,2127.84,收盤,10.460000000000036,2.880000000000091,0.27533460803060045,True,2024-03-05|10.0|1
2024-03-05,10.5,45,1,2126.67,2125.23,2119.05,6.179999999999836,21.687000000000033,0.28496334209433427,True,2024-03-05 12:15:00,0.06,0.04611057315442424,0.22727272727272727,2024-03-06 00:00:00,2127.84,收盤,7.619999999999891,1.1100000000000727,0.1456692913385943,True,2024-03-05|10.5|1
2024-03-07,4.0,21,1,2155.5,2152.12,2145.67,6.449999999999818,24.863000000000056,0.25942163053532574,True,2024-03-07 06:15:00,0.0,0.04022040783493536,0.45,2024-03-08 00:00:00,2159.83,收盤,9.829999999999927,4.329999999999927,0.44048830111901927,True,2024-03-07|4.0|1
2024-03-07,8.5,45,1,2157.94,2156.56,2152.72,3.8400000000001455,24.863000000000056,0.1544463660861576,True,2024-03-07 12:15:00,0.08,0.04022040783493536,0.20454545454545456,2024-03-07 16:45:00,2152.72,停損,5.220000000000255,-5.300000000000255,-1.0153256704980835,True,2024-03-07|8.5|1
2024-03-08,10.0,45,1,2170.37,2168.73,2161.18,7.550000000000182,25.39900000000007,0.2972557974723478,True,2024-03-08 12:15:00,0.08,0.03937162880428353,0.36363636363636365,2024-03-08 15:45:00,2161.18,停損,9.190000000000055,-9.270000000000055,-1.0087051142546246,True,2024-03-08|10.0|1
2024-03-18,2.5,13,-1,2153.08,2156.9,2154.52,2.380000000000109,27.607000000000063,0.08621001919803324,True,2024-03-18 04:15:00,0.08,0.036222697142029116,0.9166666666666666,2024-03-18 13:45:00,2156.9,停損,3.8200000000001637,-3.900000000000164,-1.0209424083769625,True,2024-03-18|2.5|-1
2024-03-18,2.0,14,-1,2151.64,2156.9,2153.91,2.9900000000002365,27.607000000000063,0.10830586445467562,True,2024-03-18 04:30:00,0.08,0.036222697142029116,0.8461538461538461,2024-03-18 13:45:00,2156.9,停損,5.260000000000218,-5.340000000000218,-1.0152091254752846,True,2024-03-18|2.0|-1
2024-03-18,4.5,19,-1,2149.97,2153.52,2151.43,2.0900000000001455,27.607000000000063,0.07570543702684612,True,2024-03-18 05:45:00,0.08,0.036222697142029116,0.6111111111111112,2024-03-18 11:30:00,2153.52,停損,3.550000000000182,-3.630000000000182,-1.0225352112676045,True,2024-03-18|4.5|-1
2024-03-18,3.5,20,-1,2147.93,2157.53,2150.2,7.330000000000382,27.607000000000063,0.26551237005108724,True,2024-03-18 06:00:00,0.08,0.036222697142029116,0.5789473684210527,2024-03-18 13:45:00,2157.53,停損,9.600000000000364,-9.680000000000364,-1.008333333333333,True,2024-03-18|3.5|-1
2024-03-21,3.0,13,1,2209.03,2204.03,2192.44,11.590000000000146,24.82199999999998,0.4669245024575036,True,2024-03-21 04:15:00,0.1,0.2417210539037952,0.0,2024-03-21 17:00:00,2192.44,停損,16.590000000000146,-16.690000000000147,-1.0060277275467149,True,2024-03-21|3.0|1
2024-03-21,5.5,33,1,2208.11,2205.03,2202.64,2.3900000000003274,24.82199999999998,0.09628555313835828,True,2024-03-21 09:15:00,0.08,0.2417210539037952,0.0,2024-03-21 11:45:00,2202.64,停損,5.470000000000255,-5.550000000000255,-1.014625228519195,True,2024-03-21|5.5|1
2024-03-22,3.5,15,-1,2181.64,2186.07,2183.41,2.6600000000003092,28.421999999999933,0.09358947294350557,True,2024-03-22 04:45:00,0.08,0.035184012384772444,0.7142857142857143,2024-03-23 00:00:00,2165.3,收盤,4.430000000000291,16.259999999999692,3.6704288939048815,True,2024-03-22|3.5|-1
2024-03-22,2.5,16,-1,2173.51,2184.56,2180.88,3.6799999999998363,28.421999999999933,0.12947716557595682,True,2024-03-22 05:00:00,0.08,0.035184012384772444,0.6666666666666666,2024-03-23 00:00:00,2165.3,收盤,11.049999999999727,8.130000000000036,0.7357466063348631,True,2024-03-22|2.5|-1
2024-03-22,6.0,36,-1,2170.13,2176.22,2172.25,3.9699999999998,28.421999999999933,0.13968052916753956,True,2024-03-22 10:00:00,0.08,0.035184012384772444,0.2857142857142857,2024-03-22 15:45:00,2176.22,停損,6.089999999999691,-6.169999999999691,-1.0131362889983586,True,2024-03-22|6.0|-1
2024-03-22,9.0,37,-1,2167.79,2176.29,2169.91,6.380000000000109,28.421999999999933,0.22447399901485202,True,2024-03-22 10:15:00,0.08,0.035184012384772444,0.2777777777777778,2024-03-22 16:45:00,2176.29,停損,8.5,-8.58,-1.0094117647058825,True,2024-03-22|9.0|-1
2024-03-28,6.5,36,1,2198.75,2196.9,2194.19,2.7100000000000364,27.416999999999963,0.09884378305431084,True,2024-03-28 10:00:00,0.08,0.0,0.22857142857142856,2024-03-28 10:30:00,2194.19,停損,4.559999999999945,-4.6399999999999455,-1.017543859649123,True,2024-03-28|6.5|1
2024-03-28,9.5,50,1,2204.4,2198.99,2194.08,4.9099999999998545,27.416999999999963,0.1790859685596477,True,2024-03-28 13:30:00,0.08,0.0,0.16326530612244897,2024-03-29 00:00:00,2232.46,收盤,10.320000000000164,27.979999999999947,2.7112403100774713,True,2024-03-28|9.5|1
2024-04-01,2.0,10,1,2249.88,2247.39,2235.69,11.699999999999818,29.886999999999944,0.39147455415397464,True,2024-04-01 03:30:00,0.11,0.0,0.0,2024-04-01 17:15:00,2235.69,停損,14.190000000000055,-14.300000000000054,-1.0077519379844961,True,2024-04-01|2.0|1
2024-04-01,2.5,11,1,2254.11,2250.51,2240.13,10.38000000000011,29.886999999999944,0.3473081941981507,True,2024-04-01 03:45:00,0.12,0.0,0.0,2024-04-01 17:00:00,2240.13,停損,13.980000000000018,-14.100000000000017,-1.0085836909871244,True,2024-04-01|2.5|1
2024-04-01,3.0,13,1,2259.37,2256.41,2243.88,12.529999999999745,29.886999999999944,0.4192458259443828,True,2024-04-01 04:15:00,0.12,0.0,0.0,2024-04-01 15:15:00,2243.88,停損,15.489999999999782,-15.609999999999781,-1.0077469335054874,True,2024-04-01|3.0|1
2024-04-01,3.5,23,1,2263.27,2259.59,2249.38,10.210000000000036,29.886999999999944,0.3416201023856545,True,2024-04-01 06:45:00,0.08,0.0,0.0,2024-04-01 13:30:00,2249.38,停損,13.889999999999873,-13.969999999999873,-1.005759539236861,True,2024-04-01|3.5|1
2024-04-03,4.0,21,1,2285.53,2283.48,2276.72,6.760000000000218,33.528999999999954,0.20161651107996742,True,2024-04-03 06:15:00,0.08,0.0,0.65,2024-04-03 10:15:00,2276.72,停損,8.8100000000004,-8.8900000000004,-1.009080590238365,True,2024-04-03|4.0|1
2024-04-03,4.5,25,1,2286.72,2284.62,2278.06,6.559999999999945,33.528999999999954,0.1956515255450492,True,2024-04-03 07:15:00,0.08,0.0,0.5416666666666666,2024-04-03 10:15:00,2278.06,停損,8.659999999999854,-8.739999999999855,-1.0092378752886837,True,2024-04-03|4.5|1
2024-04-08,4.5,19,1,2344.72,2333.39,2313.61,19.779999999999745,34.80900000000001,0.5682438449826119,True,2024-04-08 05:45:00,0.08,0.05745640495274209,0.6666666666666666,2024-04-09 00:00:00,2339.35,收盤,31.109999999999673,-5.449999999999891,-0.17518482802957083,True,2024-04-08|4.5|1
2024-04-08,10.0,51,1,2342.83,2338.93,2333.83,5.099999999999909,34.80900000000001,0.14651383262948972,True,2024-04-08 13:45:00,0.07,0.05745640495274209,0.24,2024-04-08 15:15:00,2333.83,停損,9.0,-9.07,-1.0077777777777779,True,2024-04-08|10.0|1
2024-04-09,9.5,45,1,2359.47,2356.97,2344.4,12.569999999999709,37.02900000000004,0.33946366361499625,True,2024-04-09 12:15:00,0.07,0.027005860271678925,0.0,2024-04-09 18:15:00,2344.4,停損,15.069999999999709,-15.13999999999971,-1.00464499004645,True,2024-04-09|9.5|1
2024-04-12,2.0,13,1,2386.58,2377.14,2373.93,3.2100000000000364,41.694,0.07698949489135214,True,2024-04-12 04:15:00,0.07,0.04796853264258646,0.0,2024-04-12 19:30:00,2373.93,停損,12.650000000000091,-12.720000000000091,-1.0055335968379446,True,2024-04-12|2.0|1
2024-04-12,3.5,17,1,2393.72,2389.56,2375.18,14.38000000000011,41.694,0.34489374970019926,True,2024-04-12 05:15:00,0.07,0.04796853264258646,0.0,2024-04-12 19:30:00,2375.18,停損,18.539999999999964,-18.609999999999964,-1.0037756202804746,True,2024-04-12|3.5|1
2024-04-12,7.0,31,1,2389.84,2387.15,2382.83,4.320000000000164,41.694,0.10361203050799069,True,2024-04-12 08:45:00,0.07,0.04796853264258646,0.0,2024-04-12 18:45:00,2382.83,停損,7.010000000000218,-7.080000000000219,-1.0099857346647643,True,2024-04-12|7.0|1
2024-04-12,6.5,35,1,2392.08,2389.11,2382.83,6.2800000000002,41.694,0.1506211924977263,True,2024-04-12 09:45:00,0.07,0.04796853264258646,0.0,2024-04-12 18:45:00,2382.83,停損,9.25,-9.32,-1.0075675675675675,True,2024-04-12|6.5|1
2024-04-12,6.0,36,1,2395.19,2391.22,2383.04,8.179999999999836,41.694,0.19619129850817468,True,2024-04-12 10:00:00,0.07,0.04796853264258646,0.0,2024-04-12 18:45:00,2383.04,停損,12.150000000000091,-12.220000000000091,-1.005761316872428,True,2024-04-12|6.0|1
2024-04-12,9.0,37,1,2398.13,2395.3,2384.7,10.600000000000364,41.694,0.254233223005717,True,2024-04-12 10:15:00,0.07,0.04796853264258646,0.0,2024-04-12 18:45:00,2384.7,停損,13.430000000000291,-13.500000000000291,-1.0052122114668651,True,2024-04-12|9.0|1
2024-04-15,2.5,12,-1,2353.32,2365.97,2358.21,7.7599999999997635,46.57800000000002,0.16660225857700547,True,2024-04-15 04:00:00,0.07,0.0858774528747477,0.0,2024-04-15 20:30:00,2365.97,停損,12.649999999999636,-12.719999999999636,-1.0055335968379449,True,2024-04-15|2.5|-1
2024-04-15,2.0,13,-1,2352.15,2365.56,2355.2,10.360000000000127,46.57800000000002,0.2224226029455993,True,2024-04-15 04:15:00,0.07,0.0858774528747477,0.0,2024-04-15 20:30:00,2365.56,停損,13.409999999999854,-13.479999999999855,-1.005219985085757,True,2024-04-15|2.0|-1
2024-04-15,6.5,37,-1,2353.42,2360.51,2355.94,4.570000000000164,46.57800000000002,0.09811498990940276,True,2024-04-15 10:15:00,0.07,0.0858774528747477,0.0,2024-04-15 14:15:00,2360.51,停損,7.0900000000001455,-7.160000000000146,-1.009873060648801,True,2024-04-15|6.5|-1
2024-04-15,8.0,42,-1,2349.79,2362.51,2352.12,10.390000000000327,46.57800000000002,0.2230666838421642,True,2024-04-15 11:30:00,0.07,0.0858774528747477,0.0,2024-04-15 20:30:00,2362.51,停損,12.720000000000255,-12.790000000000255,-1.0055031446540879,True,2024-04-15|8.0|-1
2024-04-15,9.5,43,-1,2346.27,2359.64,2350.0,9.639999999999873,46.57800000000002,0.20696466142813924,True,2024-04-15 11:45:00,0.07,0.0858774528747477,0.0,2024-04-15 14:15:00,2359.64,停損,13.36999999999989,-13.439999999999891,-1.005235602094241,True,2024-04-15|9.5|-1
2024-04-16,2.5,22,1,2389.27,2385.09,2380.2,4.890000000000327,49.194,0.09940236614221912,True,2024-04-16 06:30:00,0.07,0.0,0.6190476190476191,2024-04-16 09:45:00,2380.2,停損,9.070000000000164,-9.140000000000164,-1.0077177508269017,True,2024-04-16|2.5|1
2024-04-22,6.5,31,-1,2361.61,2372.95,2364.48,8.4699999999998,48.83700000000003,0.17343407662222893,False,2024-04-22 08:45:00,0.07,0.0614288346950058,0.0,2024-04-23 00:00:00,2326.44,收盤,11.33999999999969,35.10000000000007,3.095238095238186,True,2024-04-22|6.5|-1
2024-04-22,6.0,35,-1,2359.39,2372.7,2362.07,10.629999999999654,48.83700000000003,0.21766283760263014,False,2024-04-22 09:45:00,0.07,0.0614288346950058,0.0,2024-04-23 00:00:00,2326.44,收盤,13.309999999999945,32.87999999999982,2.470323065364384,True,2024-04-22|6.0|-1
2024-04-22,8.0,36,-1,2355.89,2370.53,2360.94,9.590000000000146,48.83700000000003,0.19636750824170485,False,2024-04-22 10:00:00,0.07,0.0614288346950058,0.0,2024-04-23 00:00:00,2326.44,收盤,14.640000000000327,29.379999999999818,2.006830601092839,True,2024-04-22|8.0|-1
2024-04-22,10.5,53,-1,2349.19,2363.15,2356.72,6.430000000000291,48.83700000000003,0.13166246902963505,False,2024-04-22 14:15:00,0.07,0.0614288346950058,0.0,2024-04-23 00:00:00,2326.44,收盤,13.960000000000036,22.68,1.624641833810884,True,2024-04-22|10.5|-1
2024-04-23,7.5,35,-1,2299.76,2314.83,2304.39,10.440000000000055,50.318000000000026,0.20748042450017984,True,2024-04-23 09:45:00,0.07,0.0,0.38235294117647056,2024-04-23 16:30:00,2314.83,停損,15.069999999999709,-15.13999999999971,-1.00464499004645,True,2024-04-23|7.5|-1
2024-04-23,8.5,45,-1,2297.34,2311.66,2301.35,10.309999999999945,50.318000000000026,0.2048968559958651,True,2024-04-23 12:15:00,0.07,0.0,0.29545454545454547,2024-04-23 15:45:00,2311.66,停損,14.319999999999709,-14.38999999999971,-1.0048882681564246,True,2024-04-23|8.5|-1
2024-04-23,9.0,46,-1,2295.56,2310.08,2298.88,11.199999999999818,50.318000000000026,0.22258436344846402,True,2024-04-23 12:30:00,0.07,0.0,0.28888888888888886,2024-04-23 15:30:00,2310.08,停損,14.519999999999982,-14.589999999999982,-1.0048209366391185,True,2024-04-23|9.0|-1
2024-04-26,9.0,39,1,2345.7,2343.22,2337.42,5.799999999999727,49.04900000000002,0.11824909784092896,True,2024-04-26 10:45:00,0.07,0.0203877754898163,0.3157894736842105,2024-04-26 17:00:00,2337.42,停損,8.279999999999745,-8.349999999999746,-1.0084541062801935,True,2024-04-26|9.0|1
2024-04-26,9.5,45,1,2352.13,2346.94,2338.18,8.760000000000218,49.04900000000002,0.17859691329079522,True,2024-04-26 12:15:00,0.07,0.0203877754898163,0.2727272727272727,2024-04-26 17:00:00,2338.18,停損,13.950000000000273,-14.020000000000273,-1.0050179211469534,True,2024-04-26|9.5|1
2024-04-30,8.0,38,-1,2317.08,2327.01,2321.8,5.210000000000036,38.26000000000008,0.13617354939885062,True,2024-04-30 10:30:00,0.07,0.0,0.0,2024-05-01 00:00:00,2285.47,收盤,9.930000000000291,31.540000000000127,3.1762336354480567,True,2024-04-30|8.0|-1
2024-04-30,9.0,39,-1,2316.5,2323.56,2318.83,4.730000000000018,38.26000000000008,0.12362780972294846,True,2024-04-30 10:45:00,0.07,0.0,0.0,2024-05-01 00:00:00,2285.47,收盤,7.059999999999945,30.9600000000002,4.385269121813093,True,2024-04-30|9.0|-1
2024-04-30,9.5,42,-1,2313.39,2323.22,2316.96,6.2599999999997635,38.26000000000008,0.16361735493987847,True,2024-04-30 11:30:00,0.07,0.0,0.0,2024-05-01 00:00:00,2285.47,收盤,9.829999999999927,27.850000000000072,2.833163784333701,True,2024-04-30|9.5|-1
2024-05-01,5.0,24,-1,2284.21,2288.71,2286.78,1.9299999999998363,39.853000000000065,0.04842797280003596,True,2024-05-01 07:00:00,0.07,0.025092213886031122,0.2608695652173913,2024-05-01 09:30:00,2288.71,停損,4.5,-4.57,-1.0155555555555555,True,2024-05-01|5.0|-1
2024-05-01,9.0,39,-1,2284.0,2289.83,2286.49,3.3400000000001455,39.853000000000065,0.0838079943793476,True,2024-05-01 10:45:00,0.07,0.025092213886031122,0.15789473684210525,2024-05-01 12:45:00,2289.83,停損,5.829999999999927,-5.8999999999999275,-1.012006861063465,True,2024-05-01|9.0|-1
2024-05-06,7.0,34,1,2314.0,2311.81,2308.16,3.650000000000091,40.97599999999998,0.08907653260445365,False,2024-05-06 09:30:00,0.07,0.024404529480671625,0.2727272727272727,2024-05-07 00:00:00,2323.98,收盤,5.8400000000001455,9.910000000000018,1.696917808219139,True,2024-05-06|7.0|1
2024-05-06,6.0,36,1,2314.17,2312.03,2308.4,3.630000000000109,40.97599999999998,0.08858844201484066,False,2024-05-06 10:00:00,0.07,0.024404529480671625,0.2571428571428571,2024-05-07 00:00:00,2323.98,收盤,5.769999999999982,9.739999999999945,1.6880415944540685,True,2024-05-06|6.0|1
2024-05-06,7.5,38,1,2316.66,2313.02,2308.69,4.329999999999927,40.97599999999998,0.10567161265130637,False,2024-05-06 10:30:00,0.07,0.024404529480671625,0.24324324324324326,2024-05-07 00:00:00,2323.98,收盤,7.9699999999998,7.250000000000163,0.9096612296110848,True,2024-05-06|7.5|1
2024-05-06,8.5,39,1,2323.22,2314.77,2310.45,4.320000000000164,40.97599999999998,0.10542756735650542,False,2024-05-06 10:45:00,0.07,0.024404529480671625,0.23684210526315788,2024-05-07 00:00:00,2323.98,收盤,12.769999999999982,0.6900000000002182,0.054032889584981925,True,2024-05-06|8.5|1
2024-05-10,2.0,13,1,2350.63,2348.38,2345.88,2.5,35.386999999999944,0.07064741289174002,True,2024-05-10 04:15:00,0.07,0.0,0.08333333333333333,2024-05-11 00:00:00,2360.51,收盤,4.75,9.810000000000109,2.06526315789476,True,2024-05-10|2.0|1
2024-05-10,3.0,14,1,2353.94,2349.06,2346.05,3.0099999999997635,35.386999999999944,0.08505948512164829,True,2024-05-10 04:30:00,0.07,0.0,0.07692307692307693,2024-05-11 00:00:00,2360.51,收盤,7.889999999999873,6.500000000000163,0.8238276299113141,True,2024-05-10|3.0|1
2024-05-10,5.0,27,1,2353.82,2351.82,2347.19,4.630000000000109,35.386999999999944,0.1308390086755056,True,2024-05-10 07:45:00,0.07,0.0,0.038461538461538464,2024-05-11 00:00:00,2360.51,收盤,6.630000000000109,6.620000000000054,0.9984917043740491,True,2024-05-10|5.0|1
2024-05-10,5.5,28,1,2354.01,2352.1,2347.19,4.9099999999998545,35.386999999999944,0.1387515189193733,True,2024-05-10 08:00:00,0.07,0.0,0.037037037037037035,2024-05-11 00:00:00,2360.51,收盤,6.820000000000164,6.43,0.9428152492668395,True,2024-05-10|5.5|1
2024-05-10,6.0,31,1,2357.11,2354.09,2349.16,4.930000000000291,35.386999999999944,0.13931669822251955,True,2024-05-10 08:45:00,0.07,0.0,0.03333333333333333,2024-05-11 00:00:00,2360.51,收盤,7.950000000000273,3.330000000000091,0.41886792452829896,True,2024-05-10|6.0|1
2024-05-10,7.5,33,1,2359.83,2356.63,2351.82,4.809999999999945,35.386999999999944,0.13592562240370626,True,2024-05-10 09:15:00,0.07,0.0,0.03125,2024-05-11 00:00:00,2360.51,收盤,8.009999999999764,0.610000000000291,0.07615480649192372,True,2024-05-10|7.5|1
2024-05-10,8.0,34,1,2362.59,2358.82,2353.8,5.019999999999982,35.386999999999944,0.14186000508661345,True,2024-05-10 09:30:00,0.07,0.0,0.030303030303030304,2024-05-11 00:00:00,2360.51,收盤,8.789999999999964,-2.149999999999927,-0.24459613196813834,True,2024-05-10|8.0|1
2024-05-10,8.5,35,1,2366.11,2362.59,2353.9,8.690000000000055,35.386999999999944,0.24557040721168985,True,2024-05-10 09:45:00,0.07,0.0,0.029411764705882353,2024-05-11 00:00:00,2360.51,收盤,12.210000000000036,-5.669999999999909,-0.46437346437345556,True,2024-05-10|8.5|1
2024-05-10,9.0,45,1,2373.97,2369.14,2356.08,13.059999999999945,35.386999999999944,0.3690620849464483,True,2024-05-10 12:15:00,0.07,0.0,0.022727272727272728,2024-05-11 00:00:00,2360.51,收盤,17.889999999999873,-13.529999999999582,-0.7562884292900882,True,2024-05-10|9.0|1
2024-05-13,8.0,39,-1,2346.92,2355.1,2351.34,3.7599999999997635,36.083999999999925,0.10420130805896717,False,2024-05-13 10:45:00,0.07,0.0,0.2894736842105263,2024-05-14 00:00:00,2336.2,收盤,8.179999999999836,10.650000000000254,1.301955990220106,True,2024-05-13|8.0|-1
2024-05-13,9.0,42,-1,2343.48,2354.51,2347.43,7.080000000000382,36.083999999999925,0.19620884602595046,False,2024-05-13 11:30:00,0.07,0.0,0.2682926829268293,2024-05-14 00:00:00,2336.2,收盤,11.0300000000002,7.2100000000002,0.6536718041704505,True,2024-05-13|9.0|-1
2024-05-13,10.5,46,-1,2341.5,2350.41,2343.36,7.049999999999727,36.083999999999925,0.19537745261056816,False,2024-05-13 12:30:00,0.07,0.0,0.24444444444444444,2024-05-14 00:00:00,2336.2,收盤,8.909999999999854,5.230000000000182,0.5869809203142836,True,2024-05-13|10.5|-1
2024-05-15,3.0,20,1,2358.69,2356.99,2354.96,2.0299999999997453,33.98999999999992,0.05972344807295529,True,2024-05-15 06:00:00,0.07,0.0,0.631578947368421,2024-05-15 17:00:00,2354.96,停損,3.730000000000018,-3.800000000000018,-1.0187667560321714,True,2024-05-15|3.0|1
2024-05-15,3.5,21,1,2359.01,2357.14,2354.93,2.2100000000000364,33.98999999999992,0.06501912327155168,True,2024-05-15 06:15:00,0.07,0.0,0.6,2024-05-15 17:00:00,2354.93,停損,4.080000000000382,-4.150000000000382,-1.0171568627450964,True,2024-05-15|3.5|1
2024-05-15,7.5,37,1,2362.09,2359.9,2355.74,4.160000000000309,33.98999999999992,0.1223889379229279,True,2024-05-15 10:15:00,0.07,0.0,0.3333333333333333,2024-05-15 17:00:00,2355.74,停損,6.350000000000364,-6.420000000000364,-1.0110236220472435,True,2024-05-15|7.5|1
2024-05-15,7.0,38,1,2363.25,2360.91,2356.21,4.699999999999818,33.98999999999992,0.13827596351867696,True,2024-05-15 10:30:00,0.07,0.0,0.32432432432432434,2024-05-15 17:00:00,2356.21,停損,7.039999999999964,-7.109999999999964,-1.0099431818181819,True,2024-05-15|7.0|1
2024-05-15,9.5,42,1,2368.85,2363.45,2356.89,6.559999999999945,33.98999999999992,0.19299794057075498,True,2024-05-15 11:30:00,0.07,0.0,0.2926829268292683,2024-05-15 17:00:00,2356.89,停損,11.960000000000036,-12.030000000000037,-1.0058528428093645,True,2024-05-15|9.5|1
2024-05-15,10.5,43,1,2372.4,2368.96,2361.53,7.429999999999836,33.98999999999992,0.21859370403059294,True,2024-05-15 11:45:00,0.07,0.0,0.2857142857142857,2024-05-15 15:15:00,2361.53,停損,10.86999999999989,-10.939999999999891,-1.0064397424103038,True,2024-05-15|10.5|1
2024-05-16,2.0,10,1,2394.04,2391.93,2388.99,2.9400000000000546,33.163999999999945,0.08865034374623265,True,2024-05-16 03:30:00,0.07,0.06030635628995306,0.0,2024-05-16 05:15:00,2388.99,停損,5.050000000000182,-5.120000000000182,-1.0138613861386134,True,2024-05-16|2.0|1
2024-05-16,6.0,31,1,2392.73,2390.76,2386.6,4.160000000000309,33.163999999999945,0.1254372210831117,True,2024-05-16 08:45:00,0.07,0.03015317814497653,0.0,2024-05-16 10:00:00,2386.6,停損,6.130000000000109,-6.200000000000109,-1.0114192495921694,True,2024-05-16|6.0|1
2024-05-20,2.0,11,1,2424.09,2420.63,2417.22,3.4100000000003092,32.24099999999994,0.10576595018765904,True,2024-05-20 03:45:00,0.07,0.031016407679662596,0.0,2024-05-20 15:30:00,2417.22,停損,6.870000000000346,-6.940000000000346,-1.0101892285298395,True,2024-05-20|2.0|1
2024-05-20,3.0,13,1,2434.28,2426.56,2416.57,9.989999999999782,32.24099999999994,0.30985391271982254,True,2024-05-20 04:15:00,0.07,0.031016407679662596,0.0,2024-05-20 15:30:00,2416.57,停損,17.710000000000036,-17.780000000000037,-1.0039525691699605,True,2024-05-20|3.0|1
2024-05-20,4.5,25,1,2439.0,2437.13,2428.76,8.36999999999989,32.24099999999994,0.25960733227877253,True,2024-05-20 07:15:00,0.07,0.031016407679662596,0.0,2024-05-20 14:45:00,2428.76,停損,10.239999999999782,-10.309999999999782,-1.0068359375000002,True,2024-05-20|4.5|1
2024-05-20,6.0,31,1,2449.0,2438.96,2430.98,7.980000000000018,32.24099999999994,0.24751093328370807,True,2024-05-20 08:45:00,0.07,0.031016407679662596,0.0,2024-05-20 14:30:00,2430.98,停損,18.019999999999982,-18.089999999999982,-1.0038845726970034,True,2024-05-20|6.0|1
2024-05-20,9.5,45,1,2446.52,2443.71,2431.96,11.75,32.24099999999994,0.3644427902360355,True,2024-05-20 12:15:00,0.07,0.031016407679662596,0.0,2024-05-20 14:30:00,2431.96,停損,14.559999999999945,-14.629999999999946,-1.0048076923076923,True,2024-05-20|9.5|1
2024-05-21,8.5,36,-1,2410.66,2418.05,2413.41,4.640000000000327,32.49399999999996,0.1427955930325701,False,2024-05-21 10:00:00,0.07,0.03077491229150001,0.37142857142857144,2024-05-21 10:45:00,2418.05,停損,7.390000000000327,-7.460000000000328,-1.0094722598105543,True,2024-05-21|8.5|-1
2024-05-23,2.0,13,-1,2375.52,2382.77,2380.46,2.3099999999999454,36.64199999999996,0.06304241034877867,True,2024-05-23 04:15:00,0.07,0.0,0.6666666666666666,2024-05-24 00:00:00,2328.38,收盤,7.25,47.06999999999987,6.492413793103431,True,2024-05-23|2.0|-1
2024-05-23,6.5,31,-1,2366.6,2373.62,2369.46,4.1599999999998545,36.64199999999996,0.11353092080126245,True,2024-05-23 08:45:00,0.07,0.0,0.26666666666666666,2024-05-24 00:00:00,2328.38,收盤,7.019999999999982,38.1499999999998,5.43447293447292,True,2024-05-23|6.5|-1
2024-05-23,5.0,32,-1,2359.98,2375.73,2368.18,7.550000000000182,36.64199999999996,0.2060477048196111,True,2024-05-23 09:00:00,0.07,0.0,0.25806451612903225,2024-05-24 00:00:00,2328.38,收盤,15.75,31.52999999999991,2.0019047619047563,True,2024-05-23|5.0|-1
2024-05-23,9.5,39,-1,2358.96,2367.19,2361.32,5.869999999999891,36.64199999999996,0.1601986791113994,True,2024-05-23 10:45:00,0.07,0.0,0.21052631578947367,2024-05-23 13:15:00,2367.19,停損,8.230000000000018,-8.300000000000018,-1.008505467800729,True,2024-05-23|9.5|-1
2024-05-23,8.0,40,-1,2356.15,2373.2,2358.36,14.83999999999969,36.64199999999996,0.4049997270891247,True,2024-05-23 11:00:00,0.07,0.0,0.20512820512820512,2024-05-24 00:00:00,2328.38,收盤,17.049999999999727,27.69999999999998,1.624633431085069,True,2024-05-23|8.0|-1
2024-05-24,2.0,18,-1,2326.21,2333.71,2330.57,3.1399999999998727,38.26399999999994,0.08206146769809423,True,2024-05-24 05:30:00,0.07,0.026134225381559732,0.8823529411764706,2024-05-24 07:30:00,2333.71,停損,7.5,-7.57,-1.0093333333333334,True,2024-05-24|2.0|-1
2024-05-28,2.0,16,1,2354.8,2352.87,2351.13,1.7399999999997817,36.532999999999994,0.04762817178988263,True,2024-05-28 05:00:00,0.07,0.0,0.8666666666666667,2024-05-28 06:30:00,2351.13,停損,3.6700000000000728,-3.7400000000000726,-1.0190735694822883,True,2024-05-28|2.0|1
2024-06-03,6.0,31,-1,2315.46,2328.23,2320.94,7.289999999999964,34.73099999999995,0.20989893754858696,True,2024-06-03 08:45:00,0.07,0.0,0.43333333333333335,2024-06-03 10:30:00,2328.23,停損,12.769999999999982,-12.839999999999982,-1.005481597494127,True,2024-06-03|6.0|-1
2024-06-04,6.0,28,1,2349.39,2347.04,2344.17,2.869999999999891,34.458999999999925,0.08328738500826771,True,2024-06-04 08:00:00,0.07,0.0,0.5185185185185185,2024-06-04 10:15:00,2344.17,停損,5.2199999999998,-5.2899999999998,-1.0134099616858243,True,2024-06-04|6.0|1
2024-06-04,5.5,33,1,2350.67,2347.78,2344.9,2.880000000000109,34.458999999999925,0.08357758495603805,True,2024-06-04 09:15:00,0.07,0.0,0.4375,2024-06-04 10:00:00,2344.9,停損,5.769999999999982,-5.839999999999982,-1.0121317157712306,True,2024-06-04|5.5|1
2024-06-06,2.0,13,1,2363.7,2357.58,2354.84,2.7399999999997817,33.41199999999994,0.08200646474319964,True,2024-06-06 04:15:00,0.07,0.0,0.8333333333333334,2024-06-06 16:15:00,2354.84,停損,8.859999999999673,-8.929999999999673,-1.0079006772009032,True,2024-06-06|2.0|1
2024-06-06,3.5,19,1,2371.51,2367.98,2354.54,13.440000000000055,33.41199999999994,0.4022506883754363,True,2024-06-06 05:45:00,0.07,0.0,0.5555555555555556,2024-06-06 16:15:00,2354.54,停損,16.970000000000255,-17.040000000000255,-1.004124926340601,True,2024-06-06|3.5|1
2024-06-07,6.0,26,1,2384.26,2381.99,2375.17,6.819999999999709,30.23399999999997,0.22557385724679882,True,2024-06-07 07:30:00,0.07,0.0,0.64,2024-06-07 09:00:00,2375.17,停損,9.090000000000146,-9.160000000000146,-1.0077007700770075,True,2024-06-07|6.0|1
2024-06-07,6.5,28,1,2386.68,2384.47,2377.31,7.1599999999998545,30.23399999999997,0.2368194747635067,True,2024-06-07 08:00:00,0.07,0.0,0.5925925925925926,2024-06-07 09:00:00,2377.31,停損,9.36999999999989,-9.439999999999891,-1.0074706510138742,True,2024-06-07|6.5|1
2024-06-10,5.0,29,-1,2293.63,2301.5,2295.56,5.940000000000055,38.121999999999936,0.15581553958344432,True,2024-06-10 08:15:00,0.07,0.026231572320444933,0.5714285714285714,2024-06-10 15:00:00,2301.5,停損,7.869999999999891,-7.939999999999891,-1.008894536213469,True,2024-06-10|5.0|-1
2024-06-10,5.5,34,-1,2290.6,2298.9,2294.9,4.0,38.121999999999936,0.10492628928177973,True,2024-06-10 09:30:00,0.07,0.026231572320444933,0.48484848484848486,2024-06-10 14:15:00,2298.9,停損,8.300000000000182,-8.370000000000182,-1.008433734939759,True,2024-06-10|5.5|-1
2024-06-10,7.5,35,-1,2288.9,2295.99,2292.19,3.799999999999727,38.121999999999936,0.09967997481768358,True,2024-06-10 09:45:00,0.07,0.026231572320444933,0.47058823529411764,2024-06-10 10:30:00,2295.99,停損,7.089999999999691,-7.159999999999691,-1.0098730606488016,True,2024-06-10|7.5|-1
2024-06-20,5.5,26,1,2338.35,2336.13,2332.43,3.700000000000273,33.18500000000008,0.11149615790267482,False,2024-06-20 07:30:00,0.07,0.0,0.36,2024-06-20 12:15:00,2332.43,停損,5.920000000000073,-5.990000000000073,-1.0118243243243241,True,2024-06-20|5.5|1
2024-06-20,5.0,27,1,2339.27,2337.34,2332.87,4.470000000000255,33.18500000000008,0.1346994123851211,False,2024-06-20 07:45:00,0.07,0.0,0.34615384615384615,2024-06-20 11:45:00,2332.87,停損,6.400000000000091,-6.470000000000091,-1.0109374999999998,True,2024-06-20|5.0|1
2024-06-20,6.5,28,1,2340.52,2338.49,2332.92,5.569999999999709,33.18500000000008,0.16784691878860014,False,2024-06-20 08:00:00,0.07,0.0,0.3333333333333333,2024-06-20 11:45:00,2332.92,停損,7.599999999999909,-7.669999999999909,-1.0092105263157896,True,2024-06-20|6.5|1
2024-06-20,4.5,29,1,2341.72,2339.02,2332.3,6.7199999999998,33.18500000000008,0.20250113002862088,False,2024-06-20 08:15:00,0.07,0.0,0.32142857142857145,2024-06-20 12:15:00,2332.3,停損,9.419999999999618,-9.489999999999618,-1.007430997876858,True,2024-06-20|4.5|1
2024-06-20,7.0,31,1,2342.71,2340.98,2333.8,7.179999999999836,33.18500000000008,0.21636281452462916,False,2024-06-20 08:45:00,0.07,0.0,0.3,2024-06-20 11:30:00,2333.8,停損,8.909999999999854,-8.979999999999855,-1.0078563411896746,True,2024-06-20|7.0|1
2024-06-20,7.5,34,1,2344.41,2342.27,2338.03,4.239999999999782,33.18500000000008,0.12776857013710324,False,2024-06-20 09:30:00,0.07,0.0,0.2727272727272727,2024-06-20 11:15:00,2338.03,停損,6.379999999999654,-6.449999999999655,-1.0109717868338564,True,2024-06-20|7.5|1
2024-06-21,2.0,10,1,2363.08,2361.13,2358.88,2.25,34.454000000000086,0.06530446392291155,True,2024-06-21 03:30:00,0.07,0.0,0.0,2024-06-21 04:45:00,2358.88,停損,4.199999999999818,-4.269999999999818,-1.0166666666666675,True,2024-06-21|2.0|1
2024-06-21,5.5,28,1,2362.97,2360.91,2358.2,2.7100000000000364,34.454000000000086,0.07865559876937452,True,2024-06-21 08:00:00,0.07,0.029024206187960686,0.5185185185185185,2024-06-21 10:00:00,2358.2,停損,4.769999999999982,-4.839999999999982,-1.0146750524109016,True,2024-06-21|5.5|1
2024-06-21,4.5,30,1,2363.52,2361.64,2357.14,4.5,34.454000000000086,0.1306089278458231,True,2024-06-21 08:30:00,0.07,0.029024206187960686,0.4827586206896552,2024-06-21 10:15:00,2357.14,停損,6.380000000000109,-6.450000000000109,-1.0109717868338557,True,2024-06-21|4.5|1
2024-06-21,6.0,31,1,2364.08,2362.19,2358.79,3.400000000000091,34.454000000000086,0.09868230103906897,True,2024-06-21 08:45:00,0.07,0.029024206187960686,0.4666666666666667,2024-06-21 09:45:00,2358.79,停損,5.289999999999964,-5.359999999999964,-1.0132325141776939,True,2024-06-21|6.0|1
2024-06-21,9.5,41,1,2364.83,2361.92,2355.17,6.75,34.454000000000086,0.19591339176873462,True,2024-06-21 11:15:00,0.07,0.029024206187960686,0.925,2024-06-21 16:30:00,2355.17,停損,9.659999999999854,-9.729999999999855,-1.0072463768115942,True,2024-06-21|9.5|1
2024-06-21,9.0,42,1,2367.68,2364.58,2357.99,6.5900000000001455,34.454000000000086,0.19126951877866516,True,2024-06-21 11:30:00,0.07,0.029024206187960686,0.9024390243902439,2024-06-21 16:30:00,2357.99,停損,9.690000000000055,-9.760000000000055,-1.0072239422084623,True,2024-06-21|9.0|1
2024-06-26,7.0,32,-1,2312.08,2317.72,2315.15,2.569999999999709,28.600000000000044,0.08986013986012954,True,2024-06-26 09:00:00,0.07,0.10489510489510473,0.2903225806451613,2024-06-26 11:45:00,2317.72,停損,5.639999999999873,-5.709999999999873,-1.0124113475177308,True,2024-06-26|7.0|-1
2024-06-26,9.5,50,-1,2308.36,2317.46,2312.06,5.400000000000091,28.600000000000044,0.1888111888111917,True,2024-06-26 13:30:00,0.07,0.10489510489510473,0.1836734693877551,2024-06-26 15:45:00,2317.46,停損,9.099999999999909,-9.16999999999991,-1.0076923076923079,True,2024-06-26|9.5|-1
2024-07-03,9.0,37,1,2342.75,2341.26,2333.01,8.25,26.28100000000004,0.3139149956242147,False,2024-07-03 10:15:00,0.07,0.03805030249990481,0.5277777777777778,2024-07-04 00:00:00,2356.2,收盤,9.739999999999782,13.379999999999818,1.373716632443544,True,2024-07-03|9.0|1
2024-07-03,9.5,41,1,2347.11,2344.38,2333.69,10.690000000000055,26.28100000000004,0.40675773372398455,False,2024-07-03 11:15:00,0.07,0.03805030249990481,0.475,2024-07-04 00:00:00,2356.2,收盤,13.420000000000073,9.01999999999969,0.6721311475409569,True,2024-07-03|9.5|1
2024-07-05,7.0,39,1,2366.86,2364.69,2361.37,3.3200000000001637,26.396000000000004,0.1257766328231612,True,2024-07-05 10:45:00,0.07,0.0,0.05263157894736842,2024-07-05 15:45:00,2361.37,停損,5.4900000000002365,-5.560000000000237,-1.0127504553734057,True,2024-07-05|7.0|1
2024-07-08,2.0,13,1,2389.87,2386.92,2384.86,2.0599999999999454,25.649999999999956,0.08031189083820464,True,2024-07-08 04:15:00,0.09,0.0,1.0,2024-07-08 05:00:00,2384.86,停損,5.0099999999997635,-5.099999999999763,-1.0179640718562883,True,2024-07-08|2.0|1
2024-07-09,7.0,32,-1,2364.58,2368.79,2366.39,2.400000000000091,27.94199999999996,0.085892205282374,True,2024-07-09 09:00:00,0.07,0.0,0.8064516129032258,2024-07-09 17:15:00,2368.79,停損,4.210000000000036,-4.280000000000037,-1.016627078384798,True,2024-07-09|7.0|-1
2024-07-09,7.5,35,-1,2363.31,2368.37,2364.78,3.5899999999996908,27.94199999999996,0.1284804237348685,True,2024-07-09 09:45:00,0.07,0.0,0.7352941176470589,2024-07-09 17:00:00,2368.37,停損,5.059999999999945,-5.129999999999946,-1.0138339920948618,True,2024-07-09|7.5|-1
2024-07-09,6.5,37,-1,2362.3,2368.79,2363.79,5.0,27.94199999999996,0.17894209433827238,True,2024-07-09 10:15:00,0.07,0.0,0.6944444444444444,2024-07-09 17:15:00,2368.79,停損,6.489999999999782,-6.559999999999782,-1.0107858243451469,True,2024-07-09|6.5|-1
2024-07-09,8.5,38,-1,2359.45,2366.32,2363.39,2.930000000000291,27.94199999999996,0.10486006728223804,True,2024-07-09 10:30:00,0.07,0.0,0.6756756756756757,2024-07-09 16:45:00,2366.32,停損,6.870000000000346,-6.940000000000346,-1.0101892285298395,True,2024-07-09|8.5|-1
2024-07-10,6.0,36,1,2371.97,2369.87,2366.48,3.3899999999998727,27.99699999999998,0.12108440190019913,True,2024-07-10 10:00:00,0.07,0.0,0.02857142857142857,2024-07-11 00:00:00,2371.23,收盤,5.489999999999782,-0.8099999999997818,-0.14754098360652348,True,2024-07-10|6.0|1
2024-07-10,9.0,38,1,2374.91,2372.81,2367.21,5.599999999999909,27.99699999999998,0.20002143086758986,True,2024-07-10 10:30:00,0.07,0.0,0.02702702702702703,2024-07-11 00:00:00,2371.23,收盤,7.699999999999818,-3.749999999999836,-0.48701298701297724,True,2024-07-10|9.0|1
2024-07-11,9.5,45,1,2384.42,2382.18,2378.51,3.669999999999618,27.314999999999962,0.13435841112940228,True,2024-07-11 12:15:00,0.07,0.03660992128866928,0.0,2024-07-11 15:30:00,2378.51,停損,5.9099999999998545,-5.979999999999855,-1.0118443316412864,True,2024-07-11|9.5|1
2024-07-16,6.5,31,1,2431.51,2428.8,2425.17,3.630000000000109,31.719999999999935,0.11443883984867959,True,2024-07-16 08:45:00,0.07,0.0,0.36666666666666664,2024-07-17 00:00:00,2468.89,收盤,6.3400000000001455,37.309999999999654,5.884858044163848,True,2024-07-16|6.5|1
2024-07-16,5.0,32,1,2431.95,2430.32,2426.09,4.230000000000018,31.719999999999935,0.13335435056746617,True,2024-07-16 09:00:00,0.07,0.0,0.3548387096774194,2024-07-17 00:00:00,2468.89,收盤,5.859999999999673,36.870000000000054,6.291808873720497,True,2024-07-16|5.0|1
2024-07-16,6.0,36,1,2433.89,2431.51,2426.64,4.870000000000346,31.719999999999935,0.15353089533418524,True,2024-07-16 10:00:00,0.07,0.0,0.3142857142857143,2024-07-17 00:00:00,2468.89,收盤,7.25,34.93,4.817931034482759,True,2024-07-16|6.0|1
2024-07-16,8.0,38,1,2435.28,2432.82,2428.19,4.630000000000109,31.719999999999935,0.145964691046662,True,2024-07-16 10:30:00,0.07,0.0,0.2972972972972973,2024-07-17 00:00:00,2468.89,收盤,7.0900000000001455,33.53999999999967,4.73060648801114,True,2024-07-16|8.0|1
2024-07-16,9.0,39,1,2437.14,2433.89,2428.17,5.7199999999998,31.719999999999935,0.18032786885245308,True,2024-07-16 10:45:00,0.07,0.0,0.2894736842105263,2024-07-17 00:00:00,2468.89,收盤,8.9699999999998,31.68,3.531772575250915,True,2024-07-16|9.0|1
2024-07-16,9.5,46,1,2439.12,2437.06,2430.2,6.860000000000127,31.719999999999935,0.21626733921816335,True,2024-07-16 12:30:00,0.07,0.0,0.24444444444444444,2024-07-16 16:00:00,2430.2,停損,8.920000000000073,-8.990000000000073,-1.007847533632287,True,2024-07-16|9.5|1
2024-07-16,10.0,47,1,2442.74,2439.35,2432.63,6.7199999999998,31.719999999999935,0.21185372005043548,True,2024-07-16 12:45:00,0.07,0.0,0.2391304347826087,2024-07-16 15:45:00,2432.63,停損,10.109999999999673,-10.179999999999673,-1.0069238377843721,True,2024-07-16|10.0|1
2024-07-17,2.0,11,1,2472.66,2469.82,2467.46,2.3600000000001273,34.913999999999895,0.06759466116744385,True,2024-07-17 03:45:00,0.07,0.0,0.9,2024-07-17 06:30:00,2467.46,停損,5.199999999999818,-5.269999999999818,-1.013461538461539,True,2024-07-17|2.0|1
2024-07-17,3.0,15,1,2477.75,2473.3,2466.24,7.0600000000004,34.913999999999895,0.20221114739074358,True,2024-07-17 04:45:00,0.07,0.0,0.6428571428571429,2024-07-17 06:30:00,2466.24,停損,11.510000000000218,-11.580000000000219,-1.0060816681146827,True,2024-07-17|3.0|1
2024-07-17,3.5,16,1,2479.51,2477.67,2467.63,10.039999999999964,34.913999999999895,0.28756372801741403,True,2024-07-17 05:00:00,0.07,0.0,0.6,2024-07-17 06:30:00,2467.63,停損,11.88000000000011,-11.95000000000011,-1.0058922558922558,True,2024-07-17|3.5|1
2024-07-17,9.0,39,1,2470.98,2467.52,2461.86,5.6599999999998545,34.913999999999895,0.1621126195795346,True,2024-07-17 10:45:00,0.07,0.05728361115884763,0.868421052631579,2024-07-17 18:00:00,2461.86,停損,9.11999999999989,-9.189999999999891,-1.0076754385964914,True,2024-07-17|9.0|1
2024-07-17,8.5,40,1,2474.23,2470.63,2461.86,8.769999999999982,34.913999999999895,0.2511886349315463,True,2024-07-17 11:00:00,0.07,0.05728361115884763,0.8461538461538461,2024-07-17 18:00:00,2461.86,停損,12.36999999999989,-12.439999999999891,-1.0056588520614391,True,2024-07-17|8.5|1
2024-07-17,10.0,41,1,2477.27,2474.41,2464.14,10.269999999999982,34.913999999999895,0.29415134330068204,True,2024-07-17 11:15:00,0.07,0.05728361115884763,0.825,2024-07-17 17:15:00,2464.14,停損,13.13000000000011,-13.20000000000011,-1.0053313023610053,True,2024-07-17|10.0|1
2024-07-19,2.0,9,-1,2431.11,2445.22,2441.29,3.9299999999998363,36.580999999999904,0.10743282031655359,True,2024-07-19 03:15:00,0.07,0.0,0.0,2024-07-20 00:00:00,2400.34,收盤,14.109999999999673,30.69999999999998,2.1757618710135147,True,2024-07-19|2.0|-1
2024-07-19,2.5,14,-1,2421.93,2445.09,2426.22,18.870000000000346,36.580999999999904,0.5158415570924905,True,2024-07-19 04:30:00,0.07,0.0,0.0,2024-07-20 00:00:00,2400.34,收盤,23.16000000000031,21.51999999999969,0.9291882556131003,True,2024-07-19|2.5|-1
2024-07-19,5.5,33,-1,2416.53,2429.47,2423.11,6.359999999999673,36.580999999999904,0.17386074738251248,True,2024-07-19 09:15:00,0.07,0.0,0.0,2024-07-20 00:00:00,2400.34,收盤,12.9399999999996,16.120000000000054,1.2457496136012791,True,2024-07-19|5.5|-1
2024-07-19,9.5,49,-1,2411.9,2422.42,2415.4,7.019999999999982,36.580999999999904,0.1919029004127826,True,2024-07-19 13:15:00,0.07,0.0,0.0,2024-07-20 00:00:00,2400.34,收盤,10.519999999999982,11.489999999999945,1.092205323193913,True,2024-07-19|9.5|-1
2024-07-25,2.0,14,-1,2388.05,2401.25,2397.06,4.190000000000055,37.445999999999955,0.11189446135768999,True,2024-07-25 04:30:00,0.07,0.026705122042407766,0.46153846153846156,2024-07-26 00:00:00,2365.08,收盤,13.199999999999818,22.900000000000254,1.734848484848528,True,2024-07-25|2.0|-1
2024-07-25,3.5,15,-1,2377.9,2400.1,2385.71,14.389999999999873,37.445999999999955,0.38428670619024435,True,2024-07-25 04:45:00,0.07,0.026705122042407766,0.42857142857142855,2024-07-26 00:00:00,2365.08,收盤,22.199999999999818,12.750000000000163,0.5743243243243364,True,2024-07-25|3.5|-1
2024-07-25,6.5,37,-1,2367.0,2376.03,2370.65,5.380000000000109,37.445999999999955,0.1436735565881567,True,2024-07-25 10:15:00,0.07,0.026705122042407766,0.16666666666666666,2024-07-25 10:45:00,2376.03,停損,9.0300000000002,-9.1000000000002,-1.007751937984496,True,2024-07-25|6.5|-1
2024-07-31,3.5,21,1,2415.16,2409.77,2403.9,5.869999999999891,35.862999999999964,0.1636784429634971,True,2024-07-31 06:15:00,0.07,0.027883891475894405,0.6,2024-08-01 00:00:00,2447.76,收盤,11.259999999999764,32.53000000000036,2.888987566607553,True,2024-07-31|3.5|1
2024-07-31,5.5,28,1,2421.21,2418.33,2404.08,14.25,35.862999999999964,0.39734545353149525,True,2024-07-31 08:00:00,0.07,0.027883891475894405,0.4444444444444444,2024-08-01 00:00:00,2447.76,收盤,17.13000000000011,26.48000000000018,1.5458260361938128,True,2024-07-31|5.5|1
2024-07-31,7.0,34,1,2423.9,2421.33,2414.45,6.880000000000109,35.862999999999964,0.19184117335415654,True,2024-07-31 09:30:00,0.07,0.027883891475894405,0.36363636363636365,2024-08-01 00:00:00,2447.76,收盤,9.450000000000273,23.790000000000127,2.5174603174602583,True,2024-07-31|7.0|1
2024-07-31,10.5,44,1,2421.47,2419.54,2416.01,3.5299999999997453,35.862999999999964,0.09843013690990014,True,2024-07-31 12:00:00,0.07,0.027883891475894405,0.27906976744186046,2024-08-01 00:00:00,2447.76,收盤,5.459999999999582,26.220000000000418,4.802197802198247,True,2024-07-31|10.5|1
2024-08-01,2.0,13,1,2452.08,2447.98,2444.35,3.630000000000109,37.34699999999998,0.0971965619728522,True,2024-08-01 04:15:00,0.07,0.0,0.4166666666666667,2024-08-01 05:45:00,2444.35,停損,7.730000000000018,-7.8000000000000185,-1.0090556274256146,True,2024-08-01|2.0|1
2024-08-01,6.0,30,1,2446.62,2444.63,2439.4,5.230000000000018,37.34699999999998,0.14003802179559324,True,2024-08-01 08:30:00,0.07,0.053551824778429354,0.6551724137931034,2024-08-01 11:30:00,2439.4,停損,7.2199999999998,-7.2899999999998,-1.009695290858726,True,2024-08-01|6.0|1
2024-08-09,6.5,38,1,2424.53,2422.21,2419.4,2.8099999999999454,45.68699999999994,0.06150546107207628,True,2024-08-09 10:30:00,0.07,0.021888064438461734,0.8648648648648649,2024-08-10 00:00:00,2431.11,收盤,5.130000000000109,6.509999999999927,1.2690058479531752,True,2024-08-09|6.5|1
2024-08-09,8.5,41,1,2425.37,2422.71,2416.92,5.789999999999964,45.68699999999994,0.12673189309869265,True,2024-08-09 11:15:00,0.07,0.021888064438461734,0.8,2024-08-10 00:00:00,2431.11,收盤,8.449999999999818,5.670000000000236,0.6710059171598057,True,2024-08-09|8.5|1
2024-08-09,10.0,51,1,2430.12,2427.06,2420.37,6.690000000000055,45.68699999999994,0.1464311510933102,True,2024-08-09 13:45:00,0.07,0.021888064438461734,0.64,2024-08-10 00:00:00,2431.11,收盤,9.75,0.9200000000002364,0.0943589743589986,True,2024-08-09|10.0|1
2024-08-12,9.0,39,1,2439.64,2437.27,2433.81,3.4600000000000364,44.205999999999946,0.07826991811066462,True,2024-08-12 10:45:00,0.07,0.02262136361579879,0.42105263157894735,2024-08-13 00:00:00,2472.45,收盤,5.829999999999927,32.739999999999945,5.615780445969186,True,2024-08-12|9.0|1
2024-08-12,9.5,40,1,2441.69,2439.28,2434.28,5.0,44.205999999999946,0.11310681807899393,True,2024-08-12 11:00:00,0.07,0.02262136361579879,0.41025641025641024,2024-08-13 00:00:00,2472.45,收盤,7.4099999999998545,30.689999999999763,4.141700404858349,True,2024-08-12|9.5|1
2024-08-19,8.0,41,1,2504.9,2502.42,2499.15,3.269999999999982,43.266000000000034,0.07557897656358294,True,2024-08-19 11:15:00,0.07,0.023112836869597357,0.325,2024-08-19 13:15:00,2499.15,停損,5.75,-5.82,-1.0121739130434784,True,2024-08-19|8.0|1
2024-08-19,7.5,42,1,2506.08,2503.2,2498.83,4.369999999999891,43.266000000000034,0.10100309712013793,True,2024-08-19 11:30:00,0.07,0.023112836869597357,0.3170731707317073,2024-08-19 13:15:00,2498.83,停損,7.25,-7.32,-1.0096551724137932,True,2024-08-19|7.5|1
2024-08-29,6.5,34,1,2520.9,2518.12,2514.65,3.4699999999998,33.61099999999997,0.10324001071077335,False,2024-08-29 09:30:00,0.07,0.0,0.0,2024-08-29 15:30:00,2514.65,停損,6.25,-6.32,-1.0112,True,2024-08-29|6.5|1
2024-08-29,9.0,48,1,2522.99,2521.26,2516.33,4.930000000000291,33.61099999999997,0.14667817083693718,False,2024-08-29 13:00:00,0.07,0.0,0.0,2024-08-29 15:30:00,2516.33,停損,6.6599999999998545,-6.729999999999855,-1.0105105105105108,True,2024-08-29|9.0|1
2024-09-02,2.0,15,-1,2497.73,2503.72,2502.0,1.7199999999998,29.704999999999973,0.057902709981477916,True,2024-09-02 04:45:00,0.07,0.0,0.0,2024-09-02 11:45:00,2503.72,停損,5.989999999999782,-6.059999999999782,-1.0116861435726214,True,2024-09-02|2.0|-1
2024-09-02,3.5,17,-1,2494.13,2505.02,2499.2,5.820000000000164,29.704999999999973,0.19592661168154077,True,2024-09-02 05:15:00,0.07,0.0,0.0,2024-09-02 11:45:00,2505.02,停損,10.889999999999873,-10.959999999999873,-1.0064279155188247,True,2024-09-02|3.5|-1
2024-09-02,4.5,19,-1,2490.85,2504.51,2492.51,12.0,29.704999999999973,0.40397239521966033,True,2024-09-02 05:45:00,0.07,0.0,0.0,2024-09-02 11:45:00,2504.51,停損,13.66000000000031,-13.73000000000031,-1.0051244509516837,True,2024-09-02|4.5|-1
2024-09-09,5.0,31,-1,2490.86,2499.19,2497.05,2.1399999999998727,28.58299999999999,0.07486967778049447,True,2024-09-09 08:45:00,0.07,0.0349858307385509,0.7666666666666667,2024-09-09 15:30:00,2499.19,停損,8.329999999999927,-8.399999999999928,-1.008403361344538,True,2024-09-09|5.0|-1
2024-09-11,5.5,33,1,2524.97,2520.2,2516.86,3.3399999999996908,28.517000000000007,0.11712311954271802,True,2024-09-11 09:15:00,0.07,0.07013360451660411,0.375,2024-09-11 15:45:00,2516.86,停損,8.109999999999673,-8.179999999999673,-1.0086313193588166,True,2024-09-11|5.5|1
2024-09-11,8.5,38,1,2527.69,2526.19,2519.81,6.380000000000109,28.517000000000007,0.22372619840797095,True,2024-09-11 10:30:00,0.07,0.07013360451660411,0.32432432432432434,2024-09-11 15:15:00,2519.81,停損,7.880000000000109,-7.950000000000109,-1.0088832487309645,True,2024-09-11|8.5|1
2024-09-13,2.0,11,1,2560.76,2558.61,2556.75,1.8600000000001273,30.187000000000033,0.061615927385965,True,2024-09-13 03:45:00,0.07,0.0,0.7,2024-09-14 00:00:00,2578.26,收盤,4.010000000000218,17.43,4.346633416458616,True,2024-09-13|2.0|1
2024-09-13,2.5,12,1,2561.63,2559.29,2556.75,2.5399999999999636,30.187000000000033,0.08414218040878393,True,2024-09-13 04:00:00,0.07,0.0,0.6363636363636364,2024-09-14 00:00:00,2578.26,收盤,4.880000000000109,16.56000000000011,3.393442622950766,True,2024-09-13|2.5|1
2024-09-13,3.0,20,1,2565.41,2562.81,2556.81,6.0,30.187000000000033,0.19876105608374445,True,2024-09-13 06:00:00,0.07,0.0,0.3684210526315789,2024-09-14 00:00:00,2578.26,收盤,8.599999999999909,12.780000000000364,1.4860465116279649,True,2024-09-13|3.0|1
2024-09-13,4.5,22,1,2567.31,2564.85,2559.98,4.869999999999891,30.187000000000033,0.16132772385463562,True,2024-09-13 06:30:00,0.07,0.0,0.3333333333333333,2024-09-14 00:00:00,2578.26,收盤,7.329999999999927,10.880000000000273,1.4843110504775416,True,2024-09-13|4.5|1
2024-09-13,5.5,30,1,2569.9,2567.76,2562.48,5.2800000000002,30.187000000000033,0.17490972935370175,True,2024-09-13 08:30:00,0.07,0.0,0.2413793103448276,2024-09-14 00:00:00,2578.26,收盤,7.420000000000073,8.290000000000127,1.1172506738544536,True,2024-09-13|5.5|1
2024-09-13,9.0,46,1,2570.94,2568.86,2563.13,5.730000000000018,30.187000000000033,0.18981680855997654,True,2024-09-13 12:30:00,0.07,0.0,0.15555555555555556,2024-09-14 00:00:00,2578.26,收盤,7.809999999999945,7.250000000000163,0.9282970550576458,True,2024-09-13|9.0|1
2024-09-16,6.5,31,1,2589.05,2587.23,2585.22,2.0100000000002183,29.84600000000005,0.06734570796757404,True,2024-09-16 08:45:00,0.07,0.0,0.0,2024-09-16 10:00:00,2585.22,停損,3.830000000000382,-3.900000000000382,-1.018276762402087,True,2024-09-16|6.5|1
2024-09-19,2.0,13,-1,2554.09,2559.74,2556.31,3.4299999999998363,31.397000000000027,0.10924610631588474,True,2024-09-19 04:15:00,0.07,0.0,0.16666666666666666,2024-09-19 05:15:00,2559.74,停損,5.649999999999636,-5.7199999999996365,-1.0123893805309743,True,2024-09-19|2.0|-1
2024-09-20,9.0,42,1,2609.41,2607.01,2594.35,12.66000000000031,32.81700000000005,0.3857756650516589,True,2024-09-20 11:30:00,0.07,0.030472011457476262,0.3170731707317073,2024-09-21 00:00:00,2622.26,收盤,15.059999999999945,12.780000000000364,0.8486055776892703,True,2024-09-20|9.0|1
2024-09-20,9.5,43,1,2612.45,2609.78,2597.53,12.25,32.81700000000005,0.3732821403540842,True,2024-09-20 11:45:00,0.07,0.030472011457476262,0.30952380952380953,2024-09-21 00:00:00,2622.26,收盤,14.919999999999618,9.7400000000004,0.6528150134048692,True,2024-09-20|9.5|1
2024-09-25,2.5,13,1,2660.93,2659.15,2656.63,2.519999999999982,34.77800000000006,0.07245960089711821,True,2024-09-25 04:15:00,0.07,0.0,0.6666666666666666,2024-09-25 04:45:00,2656.63,停損,4.299999999999727,-4.369999999999727,-1.0162790697674429,True,2024-09-25|2.5|1
2024-09-25,2.0,17,1,2661.8,2659.27,2656.75,2.519999999999982,34.77800000000006,0.07245960089711821,True,2024-09-25 05:15:00,0.07,0.028753809879809022,0.875,2024-09-25 08:45:00,2656.75,停損,5.050000000000182,-5.120000000000182,-1.0138613861386134,True,2024-09-25|2.0|1
2024-09-25,3.0,18,1,2664.81,2660.98,2656.63,4.349999999999909,34.77800000000006,0.12507907297716664,True,2024-09-25 05:30:00,0.07,0.028753809879809022,0.8235294117647058,2024-09-25 08:45:00,2656.63,停損,8.179999999999836,-8.249999999999837,-1.008557457212714,True,2024-09-25|3.0|1
2024-09-25,4.5,20,1,2670.13,2665.18,2655.55,9.629999999999654,34.77800000000006,0.27689918914255096,True,2024-09-25 06:00:00,0.07,0.028753809879809022,0.7368421052631579,2024-09-25 09:00:00,2655.55,停損,14.579999999999927,-14.649999999999928,-1.00480109739369,True,2024-09-25|4.5|1
2024-10-09,2.5,17,-1,2619.76,2623.31,2621.53,1.7799999999997453,32.198999999999934,0.05528121991365412,True,2024-10-09 05:15:00,0.07,0.031056865120034846,0.8125,2024-10-09 08:45:00,2623.31,停損,3.549999999999727,-3.619999999999727,-1.0197183098591565,True,2024-10-09|2.5|-1
2024-10-09,2.0,18,-1,2618.29,2623.77,2621.18,2.5900000000001455,32.198999999999934,0.08043728066089477,True,2024-10-09 05:30:00,0.07,0.031056865120034846,0.7647058823529411,2024-10-09 08:45:00,2623.77,停損,5.480000000000018,-5.5500000000000185,-1.0127737226277371,True,2024-10-09|2.0|-1
2024-10-09,7.5,35,-1,2612.31,2621.99,2615.5,6.489999999999782,32.198999999999934,0.20155905462901938,True,2024-10-09 09:45:00,0.07,0.0,0.8823529411764706,2024-10-09 14:15:00,2621.99,停損,9.679999999999836,-9.749999999999837,-1.007231404958678,True,2024-10-09|7.5|-1
2024-10-11,2.0,16,1,2637.88,2635.89,2628.29,7.599999999999909,31.70599999999995,0.23970226455560212,True,2024-10-11 05:00:00,0.07,0.0,0.06666666666666667,2024-10-12 00:00:00,2656.31,收盤,9.590000000000146,18.359999999999836,1.9144942648591823,True,2024-10-11|2.0|1
2024-10-11,3.5,18,1,2640.57,2636.78,2632.01,4.769999999999982,31.70599999999995,0.15044471078029362,True,2024-10-11 05:30:00,0.07,0.0,0.058823529411764705,2024-10-12 00:00:00,2656.31,收盤,8.559999999999945,15.669999999999781,1.8306074766355,True,2024-10-11|3.5|1
2024-10-11,4.5,20,1,2642.42,2640.6,2633.62,6.980000000000018,31.70599999999995,0.22014760613133252,True,2024-10-11 06:00:00,0.07,0.0,0.05263157894736842,2024-10-12 00:00:00,2656.31,收盤,8.800000000000182,13.819999999999872,1.5704545454544985,True,2024-10-11|4.5|1
2024-10-11,9.5,40,1,2645.37,2643.06,2638.07,4.989999999999782,31.70599999999995,0.15738346054373903,True,2024-10-11 11:00:00,0.07,0.0,0.02564102564102564,2024-10-11 12:30:00,2638.07,停損,7.299999999999727,-7.369999999999727,-1.0095890410958908,True,2024-10-11|9.5|1
2024-10-14,7.0,34,1,2665.65,2660.35,2655.32,5.029999999999745,31.91799999999994,0.157591327777422,True,2024-10-14 09:30:00,0.07,0.0,0.48484848484848486,2024-10-14 14:15:00,2655.32,停損,10.329999999999927,-10.399999999999928,-1.0067763794772508,True,2024-10-14|7.0|1
2024-10-15,7.0,30,-1,2639.48,2645.74,2642.97,2.769999999999982,30.150999999999932,0.09187091638751577,True,2024-10-15 08:30:00,0.07,0.0,0.5862068965517241,2024-10-15 09:45:00,2645.74,停損,6.2599999999997635,-6.329999999999764,-1.0111821086261985,True,2024-10-15|7.0|-1
2024-10-16,2.0,15,1,2665.12,2662.55,2660.45,2.100000000000364,29.126999999999907,0.0720980533525722,True,2024-10-16 04:45:00,0.07,0.0,0.7857142857142857,2024-10-17 00:00:00,2673.66,收盤,4.670000000000073,8.469999999999963,1.8137044967879725,True,2024-10-16|2.0|1
2024-10-16,5.5,33,1,2673.15,2669.19,2665.35,3.8400000000001455,29.126999999999907,0.1318364404161142,True,2024-10-16 09:15:00,0.07,0.0,0.34375,2024-10-17 00:00:00,2673.66,收盤,7.800000000000182,0.4399999999997635,0.05641025641022478,True,2024-10-16|5.5|1
2024-10-16,8.5,44,1,2679.56,2677.75,2666.4,11.349999999999909,29.126999999999907,0.38967281216740296,True,2024-10-16 12:00:00,0.07,0.0,0.2558139534883721,2024-10-17 00:00:00,2673.66,收盤,13.159999999999854,-5.970000000000091,-0.4536474164133858,True,2024-10-16|8.5|1
2024-10-18,2.0,13,1,2697.31,2694.39,2692.34,2.049999999999727,29.279999999999973,0.07001366120217654,True,2024-10-18 04:15:00,0.07,0.0,0.08333333333333333,2024-10-19 00:00:00,2721.78,收盤,4.9699999999998,24.400000000000254,4.909456740442905,True,2024-10-18|2.0|1
2024-10-18,3.0,14,1,2699.86,2695.85,2692.86,2.9899999999997817,29.279999999999973,0.10211748633879046,True,2024-10-18 04:30:00,0.07,0.0,0.07692307692307693,2024-10-19 00:00:00,2721.78,收盤,7.0,21.850000000000072,3.1214285714285817,True,2024-10-18|3.0|1
2024-10-18,3.5,15,1,2704.87,2700.72,2692.84,7.879999999999654,29.279999999999973,0.26912568306009776,True,2024-10-18 04:45:00,0.07,0.0,0.07142857142857142,2024-10-19 00:00:00,2721.78,收盤,12.029999999999745,16.84000000000031,1.3998337489609862,True,2024-10-18|3.5|1
2024-10-18,4.0,18,1,2708.54,2706.85,2692.84,14.009999999999764,29.279999999999973,0.47848360655736943,True,2024-10-18 05:30:00,0.07,0.0,0.058823529411764705,2024-10-19 00:00:00,2721.78,收盤,15.699999999999818,13.170000000000236,0.8388535031847382,True,2024-10-18|4.0|1
2024-10-18,4.5,29,1,2711.43,2709.96,2699.71,10.25,29.279999999999973,0.3500683060109293,True,2024-10-18 08:15:00,0.07,0.0,0.03571428571428571,2024-10-19 00:00:00,2721.78,收盤,11.7199999999998,10.280000000000364,0.8771331058020938,True,2024-10-18|4.5|1
2024-10-18,6.0,31,1,2712.81,2710.91,2707.09,3.819999999999709,29.279999999999973,0.13046448087430712,True,2024-10-18 08:45:00,0.07,0.0,0.03333333333333333,2024-10-18 09:30:00,2707.09,停損,5.7199999999998,-5.7899999999998,-1.0122377622377627,True,2024-10-18|6.0|1
2024-10-18,10.5,45,1,2709.39,2706.82,2702.22,4.600000000000364,29.279999999999973,0.1571038251366246,True,2024-10-18 12:15:00,0.07,0.0,0.022727272727272728,2024-10-19 00:00:00,2721.78,收盤,7.170000000000073,12.320000000000327,1.7182705718270854,True,2024-10-18|10.5|1
2024-10-18,9.5,46,1,2712.19,2709.22,2702.76,6.459999999999582,29.279999999999973,0.22062841530053237,True,2024-10-18 12:30:00,0.07,0.0,0.022222222222222223,2024-10-19 00:00:00,2721.78,收盤,9.429999999999836,9.520000000000145,1.009544008483596,True,2024-10-18|9.5|1
2024-10-21,2.0,13,1,2728.31,2725.17,2722.39,2.7800000000002,28.48600000000001,0.09759179948045352,True,2024-10-21 04:15:00,0.07,0.07020992768377446,0.0,2024-10-21 18:00:00,2722.39,停損,5.920000000000073,-5.990000000000073,-1.0118243243243241,True,2024-10-21|2.0|1
2024-10-21,3.5,20,1,2730.79,2728.88,2721.1,7.7800000000002,28.48600000000001,0.2731166186898897,True,2024-10-21 06:00:00,0.07,0.07020992768377446,0.0,2024-10-21 18:15:00,2721.1,停損,9.690000000000055,-9.760000000000055,-1.0072239422084623,True,2024-10-21|3.5|1
2024-10-21,4.5,22,1,2732.23,2729.94,2724.86,5.079999999999927,28.48600000000001,0.17833321631678456,True,2024-10-21 06:30:00,0.07,0.07020992768377446,0.0,2024-10-21 09:00:00,2724.86,停損,7.369999999999891,-7.439999999999891,-1.0094979647218456,True,2024-10-21|4.5|1
2024-10-21,8.5,36,1,2730.34,2728.16,2723.63,4.529999999999745,28.48600000000001,0.1590254862037402,True,2024-10-21 10:00:00,0.07,0.07020992768377446,0.0,2024-10-21 18:00:00,2723.63,停損,6.710000000000036,-6.780000000000037,-1.0104321907600595,True,2024-10-21|8.5|1
2024-10-21,8.0,42,1,2732.62,2730.45,2724.54,5.9099999999998545,28.48600000000001,0.20747033630554843,True,2024-10-21 11:30:00,0.07,0.07020992768377446,0.0,2024-10-21 18:00:00,2724.54,停損,8.079999999999927,-8.149999999999928,-1.0086633663366338,True,2024-10-21|8.0|1
2024-10-21,9.5,45,1,2734.06,2732.5,2726.45,6.050000000000182,28.48600000000001,0.21238503124342412,True,2024-10-21 12:15:00,0.07,0.07020992768377446,0.0,2024-10-21 17:45:00,2726.45,停損,7.610000000000127,-7.680000000000128,-1.0091984231274638,True,2024-10-21|9.5|1
2024-10-21,10.5,46,1,2735.42,2733.1,2725.41,7.690000000000055,28.48600000000001,0.2699571719441147,True,2024-10-21 12:30:00,0.07,0.07020992768377446,0.0,2024-10-21 17:45:00,2725.41,停損,10.010000000000218,-10.080000000000219,-1.0069930069930069,True,2024-10-21|10.5|1
2024-10-23,7.5,39,1,2754.62,2751.11,2748.85,2.2600000000002183,27.105000000000018,0.0833794502859331,True,2024-10-23 10:45:00,0.07,0.0,0.47368421052631576,2024-10-23 15:15:00,2748.85,停損,5.769999999999982,-5.839999999999982,-1.0121317157712306,True,2024-10-23|7.5|1
2024-10-23,10.0,42,1,2757.15,2755.6,2749.32,6.279999999999745,27.105000000000018,0.23169156982105668,True,2024-10-23 11:30:00,0.07,0.0,0.43902439024390244,2024-10-23 14:15:00,2749.32,停損,7.829999999999927,-7.8999999999999275,-1.008939974457216,True,2024-10-23|10.0|1
2024-10-29,3.5,16,1,2752.14,2750.12,2744.33,5.789999999999964,29.821999999999935,0.19415196834551593,True,2024-10-29 05:00:00,0.07,0.033532291596807796,0.06666666666666667,2024-10-30 00:00:00,2774.39,收盤,7.809999999999945,22.18,2.839948783610775,True,2024-10-29|3.5|1
2024-10-29,4.0,17,1,2757.26,2752.41,2745.58,6.829999999999927,29.821999999999935,0.22902555160619484,True,2024-10-29 05:15:00,0.07,0.033532291596807796,0.0625,2024-10-30 00:00:00,2774.39,收盤,11.680000000000291,17.059999999999654,1.4606164383560984,True,2024-10-29|4.0|1
2024-10-29,6.0,29,1,2756.64,2753.34,2748.68,4.660000000000309,29.821999999999935,0.1562604788411347,True,2024-10-29 08:15:00,0.07,0.033532291596807796,0.03571428571428571,2024-10-29 11:30:00,2748.68,停損,7.960000000000036,-8.030000000000037,-1.0087939698492463,True,2024-10-29|6.0|1
2024-10-30,2.0,9,1,2778.57,2775.2,2773.46,1.7399999999997817,30.22899999999995,0.05756062059610919,True,2024-10-30 03:15:00,0.07,0.0,0.125,2024-10-30 16:45:00,2773.46,停損,5.110000000000127,-5.180000000000128,-1.013698630136986,True,2024-10-30|2.0|1
2024-10-30,2.5,15,1,2780.45,2778.9,2773.46,5.440000000000055,30.22899999999995,0.17995964140395196,True,2024-10-30 04:45:00,0.07,0.0,0.07142857142857142,2024-10-30 16:45:00,2773.46,停損,6.989999999999782,-7.059999999999782,-1.0100143061516456,True,2024-10-30|2.5|1
2024-10-30,3.0,16,1,2781.67,2779.21,2774.9,4.309999999999945,30.22899999999995,0.14257831883290722,True,2024-10-30 05:00:00,0.07,0.0,0.06666666666666667,2024-10-30 15:30:00,2774.9,停損,6.769999999999982,-6.839999999999982,-1.0103397341211227,True,2024-10-30|3.0|1
2024-10-30,6.5,30,1,2781.38,2779.18,2777.27,1.9099999999998545,30.22899999999995,0.06318435938998504,True,2024-10-30 08:30:00,0.07,0.0,0.034482758620689655,2024-10-30 15:15:00,2777.27,停損,4.110000000000127,-4.180000000000128,-1.017031630170316,True,2024-10-30|6.5|1
2024-10-30,5.0,31,1,2783.51,2781.89,2776.13,5.7599999999997635,30.22899999999995,0.19054550266299822,True,2024-10-30 08:45:00,0.07,0.0,0.03333333333333333,2024-10-30 15:30:00,2776.13,停損,7.380000000000109,-7.450000000000109,-1.0094850948509484,True,2024-10-30|5.0|1
2024-10-30,8.0,35,1,2788.26,2784.93,2778.08,6.849999999999909,30.22899999999995,0.22660359257666216,True,2024-10-30 09:45:00,0.07,0.0,0.029411764705882353,2024-10-30 15:15:00,2778.08,停損,10.180000000000291,-10.250000000000291,-1.0068762278978387,True,2024-10-30|8.0|1
2024-11-04,5.5,29,-1,2737.98,2742.46,2739.81,2.650000000000091,32.84699999999989,0.08067707857643316,True,2024-11-04 08:15:00,0.07,0.030444180594879394,0.8928571428571429,2024-11-04 09:15:00,2742.46,停損,4.480000000000018,-4.5500000000000185,-1.015625,True,2024-11-04|5.5|-1
2024-11-04,7.0,36,-1,2735.86,2743.78,2737.72,6.0600000000004,32.84699999999989,0.18449173440498132,True,2024-11-04 10:00:00,0.07,0.030444180594879394,0.9142857142857143,2024-11-04 12:00:00,2743.78,停損,7.920000000000073,-7.990000000000073,-1.0088383838383839,True,2024-11-04|7.0|-1
2024-11-04,7.5,40,-1,2733.41,2741.66,2735.81,5.849999999999909,32.84699999999989,0.1780984564800417,True,2024-11-04 11:00:00,0.07,0.030444180594879394,0.8205128205128205,2024-11-04 11:30:00,2741.66,停損,8.25,-8.32,-1.0084848484848485,True,2024-11-04|7.5|-1
2024-11-06,9.5,43,-1,2717.93,2733.78,2719.71,14.070000000000164,31.524999999999864,0.4463124504361689,False,2024-11-06 11:45:00,0.07,0.03172085646312464,0.2619047619047619,2024-11-07 00:00:00,2659.02,收盤,15.850000000000364,58.839999999999854,3.712302839116625,True,2024-11-06|9.5|-1
2024-11-06,10.5,50,-1,2711.09,2730.9,2719.35,11.550000000000182,31.524999999999864,0.3663758921490954,False,2024-11-06 13:30:00,0.07,0.03172085646312464,0.22448979591836735,2024-11-07 00:00:00,2659.02,收盤,19.809999999999945,52.00000000000016,2.6249369005552907,True,2024-11-06|10.5|-1
2024-11-11,3.5,18,-1,2668.66,2678.45,2671.37,7.079999999999927,40.10299999999984,0.17654539560631263,True,2024-11-11 05:30:00,0.07,0.0,0.0,2024-11-12 00:00:00,2619.6,收盤,9.789999999999964,48.989999999999945,5.004085801838624,True,2024-11-11|3.5|-1
2024-11-11,8.0,42,-1,2665.57,2674.15,2668.49,5.660000000000309,40.10299999999984,0.14113657332369978,True,2024-11-11 11:30:00,0.07,0.0,0.0,2024-11-11 12:30:00,2674.15,停損,8.579999999999927,-8.649999999999928,-1.0081585081585083,True,2024-11-11|8.0|-1
2024-11-11,10.5,48,-1,2661.91,2670.83,2664.51,6.319999999999709,40.10299999999984,0.15759419494800225,True,2024-11-11 13:00:00,0.07,0.0,0.0,2024-11-12 00:00:00,2619.6,收盤,8.920000000000073,42.239999999999945,4.735426008968565,True,2024-11-11|10.5|-1
2024-11-12,2.0,10,-1,2619.39,2625.24,2622.27,2.9699999999998,45.44299999999989,0.06535660057654219,True,2024-11-12 03:30:00,0.07,0.0,0.8888888888888888,2024-11-12 04:00:00,2625.24,停損,5.849999999999909,-5.919999999999909,-1.0119658119658121,True,2024-11-12|2.0|-1
2024-11-12,5.5,26,-1,2612.7,2623.16,2615.72,7.440000000000055,45.44299999999989,0.1637215852826634,True,2024-11-12 07:30:00,0.07,0.04401117883942532,0.44,2024-11-13 00:00:00,2598.2,收盤,10.460000000000036,14.43,1.3795411089866108,True,2024-11-12|5.5|-1
2024-11-12,6.5,28,-1,2606.88,2618.2,2611.66,6.539999999999964,45.44299999999989,0.14391655480492,True,2024-11-12 08:00:00,0.07,0.04401117883942532,0.4074074074074074,2024-11-13 00:00:00,2598.2,收盤,11.319999999999709,8.61000000000029,0.7606007067138262,True,2024-11-12|6.5|-1
2024-11-12,7.0,35,-1,2596.96,2618.2,2605.4,12.799999999999727,45.44299999999989,0.281671544572316,True,2024-11-12 09:45:00,0.07,0.04401117883942532,0.3235294117647059,2024-11-13 00:00:00,2598.2,收盤,21.23999999999978,-1.3099999999997818,-0.0616760828625139,True,2024-11-12|7.0|-1
2024-11-12,10.0,41,-1,2594.4,2606.55,2598.21,8.340000000000146,45.44299999999989,0.1835266157604068,True,2024-11-12 11:15:00,0.07,0.04401117883942532,0.275,2024-11-12 14:45:00,2606.55,停損,12.150000000000091,-12.220000000000091,-1.005761316872428,True,2024-11-12|10.0|-1
2024-11-12,9.0,46,-1,2592.01,2609.12,2595.26,13.859999999999673,45.44299999999989,0.3049974693572103,True,2024-11-12 12:30:00,0.07,0.04401117883942532,0.24444444444444444,2024-11-12 15:15:00,2609.12,停損,17.109999999999673,-17.179999999999673,-1.0040911747516073,True,2024-11-12|9.0|-1
2024-11-14,2.0,11,-1,2566.89,2574.75,2569.62,5.130000000000109,48.4099999999999,0.10596984094195662,True,2024-11-14 03:45:00,0.07,0.0,0.2,2024-11-14 18:30:00,2574.75,停損,7.860000000000127,-7.930000000000128,-1.0089058524173027,True,2024-11-14|2.0|-1
2024-11-14,2.5,14,-1,2561.95,2574.01,2564.86,9.150000000000091,48.4099999999999,0.18901053501342926,True,2024-11-14 04:30:00,0.07,0.0,0.15384615384615385,2024-11-14 18:30:00,2574.01,停損,12.0600000000004,-12.1300000000004,-1.0058043117744608,True,2024-11-14|2.5|-1
2024-11-14,4.0,27,-1,2556.22,2564.65,2558.92,5.730000000000018,48.4099999999999,0.11836397438545818,True,2024-11-14 07:45:00,0.09,0.0,0.07692307692307693,2024-11-14 16:45:00,2564.65,停損,8.430000000000291,-8.520000000000291,-1.0106761565836295,True,2024-11-14|4.0|-1
2024-11-14,7.0,33,-1,2550.98,2565.18,2555.33,9.849999999999909,48.4099999999999,0.2034703573641795,True,2024-11-14 09:15:00,0.07,0.0,0.0625,2024-11-14 16:45:00,2565.18,停損,14.199999999999818,-14.269999999999818,-1.0049295774647888,True,2024-11-14|7.0|-1
2024-11-14,8.0,43,-1,2543.74,2560.54,2551.89,8.650000000000091,48.4099999999999,0.1786820904771764,True,2024-11-14 11:45:00,0.07,0.0,0.047619047619047616,2024-11-14 16:30:00,2560.54,停損,16.800000000000182,-16.870000000000182,-1.0041666666666667,True,2024-11-14|8.0|-1
2024-11-18,7.5,42,1,2591.72,2588.92,2580.4,8.519999999999982,46.278999999999954,0.184100780051427,False,2024-11-18 11:30:00,0.07,0.17286458220791304,0.0,2024-11-19 00:00:00,2611.62,收盤,11.319999999999709,19.83000000000009,1.75176678445235,True,2024-11-18|7.5|1
2024-11-18,9.5,43,1,2593.68,2590.05,2581.73,8.320000000000164,46.278999999999954,0.1797791654962331,False,2024-11-18 11:45:00,0.07,0.17286458220791304,0.0,2024-11-19 00:00:00,2611.62,收盤,11.949999999999818,17.870000000000054,1.4953974895397764,True,2024-11-18|9.5|1
2024-11-18,10.5,44,1,2595.73,2591.92,2583.71,8.210000000000036,46.278999999999954,0.17740227749087156,False,2024-11-18 12:00:00,0.07,0.17286458220791304,0.0,2024-11-19 00:00:00,2611.62,收盤,12.019999999999982,15.819999999999872,1.3161397670548998,True,2024-11-18|10.5|1
2024-11-19,2.0,9,1,2617.73,2613.74,2611.05,2.6899999999996,49.84399999999996,0.053968381349803425,True,2024-11-19 03:15:00,0.07,0.02006259529732768,0.0,2024-11-20 00:00:00,2632.04,收盤,6.679999999999836,14.239999999999945,2.1317365269461517,True,2024-11-19|2.0|1
2024-11-19,2.5,15,1,2623.31,2617.86,2612.0,5.860000000000127,49.84399999999996,0.11756680844234275,True,2024-11-19 04:45:00,0.07,0.02006259529732768,0.0,2024-11-20 00:00:00,2632.04,收盤,11.309999999999945,8.660000000000018,0.7656940760389089,True,2024-11-19|2.5|1
2024-11-19,7.0,39,1,2626.62,2623.46,2620.89,2.5700000000001637,49.84399999999996,0.05156086991413542,True,2024-11-19 10:45:00,0.07,0.02006259529732768,0.0,2024-11-20 00:00:00,2632.04,收盤,5.730000000000018,5.3500000000000725,0.9336823734729591,True,2024-11-19|7.0|1
2024-11-19,8.5,42,1,2630.52,2626.72,2617.72,9.0,49.84399999999996,0.1805633576759491,True,2024-11-19 11:30:00,0.07,0.02006259529732768,0.0,2024-11-20 00:00:00,2632.04,收盤,12.800000000000182,1.4499999999999817,0.11328124999999696,True,2024-11-19|8.5|1
2024-11-19,10.5,46,1,2634.83,2631.84,2618.87,12.970000000000255,49.84399999999996,0.2602118610063451,True,2024-11-19 12:30:00,0.07,0.02006259529732768,0.0,2024-11-20 00:00:00,2632.04,收盤,15.960000000000036,-2.8599999999999635,-0.17919799498746597,True,2024-11-19|10.5|1
2024-11-21,5.0,29,1,2659.43,2657.22,2650.36,6.859999999999673,44.15900000000001,0.15534772073642225,True,2024-11-21 08:15:00,0.07,0.0,0.0,2024-11-22 00:00:00,2669.45,收盤,9.069999999999709,9.949999999999982,1.0970231532525139,True,2024-11-21|5.0|1
2024-11-21,4.5,30,1,2660.46,2658.0,2650.36,7.639999999999873,44.15900000000001,0.17301116420208498,True,2024-11-21 08:30:00,0.07,0.0,0.0,2024-11-22 00:00:00,2669.45,收盤,10.099999999999909,8.919999999999781,0.8831683168316695,True,2024-11-21|4.5|1
2024-11-21,6.0,31,1,2661.82,2658.94,2656.84,2.099999999999909,44.15900000000001,0.04755542471523151,True,2024-11-21 08:45:00,0.07,0.0,0.0,2024-11-22 00:00:00,2669.45,收盤,4.980000000000018,7.559999999999654,1.5180722891565515,True,2024-11-21|6.0|1
2024-11-21,7.5,35,1,2664.08,2661.61,2654.75,6.860000000000127,44.15900000000001,0.15534772073643255,True,2024-11-21 09:45:00,0.07,0.0,0.0,2024-11-22 00:00:00,2669.45,收盤,9.329999999999927,5.299999999999891,0.5680600214362199,True,2024-11-21|7.5|1
2024-11-21,8.0,38,1,2666.82,2662.26,2656.59,5.670000000000073,44.15900000000001,0.1283996467311323,True,2024-11-21 10:30:00,0.07,0.0,0.0,2024-11-22 00:00:00,2669.45,收盤,10.230000000000018,2.5599999999996546,0.25024437927660315,True,2024-11-21|8.0|1
2024-11-21,9.0,39,1,2668.83,2664.66,2660.1,4.559999999999945,44.15900000000001,0.10326320795307738,True,2024-11-21 10:45:00,0.07,0.0,0.0,2024-11-22 00:00:00,2669.45,收盤,8.730000000000018,0.5499999999998908,0.06300114547535964,True,2024-11-21|9.0|1
2024-11-21,9.5,48,1,2669.96,2667.3,2662.03,5.269999999999982,44.15900000000001,0.11934147059489528,True,2024-11-21 13:00:00,0.07,0.0,0.0,2024-11-21 15:15:00,2662.03,停損,7.929999999999836,-7.999999999999837,-1.0088272383354353,True,2024-11-21|9.5|1
2024-11-21,10.0,50,1,2673.1,2670.32,2662.03,8.289999999999964,44.15900000000001,0.18773070042346884,True,2024-11-21 13:30:00,0.07,0.0,0.0,2024-11-21 15:15:00,2662.03,停損,11.069999999999709,-11.13999999999971,-1.0063233965672993,True,2024-11-21|10.0|1
2024-11-22,3.5,15,1,2686.19,2681.78,2675.78,6.0,39.95300000000007,0.15017645733737117,True,2024-11-22 04:45:00,0.07,0.0,0.07142857142857142,2024-11-23 00:00:00,2715.38,收盤,10.409999999999854,29.120000000000054,2.7973102785783346,True,2024-11-22|3.5|1
2024-11-22,4.0,17,1,2689.13,2686.42,2677.3,9.11999999999989,39.95300000000007,0.22826821515280143,True,2024-11-22 05:15:00,0.07,0.0,0.0625,2024-11-23 00:00:00,2715.38,收盤,11.829999999999927,26.18,2.2130177514793035,True,2024-11-22|4.0|1
2024-11-22,5.0,32,1,2692.94,2690.48,2681.47,9.010000000000218,39.95300000000007,0.2255149801016245,True,2024-11-22 09:00:00,0.07,0.0,0.03225806451612903,2024-11-23 00:00:00,2715.38,收盤,11.470000000000255,22.370000000000054,1.9503051438534924,True,2024-11-22|5.0|1
2024-11-22,6.0,36,1,2696.46,2692.34,2683.04,9.300000000000182,39.95300000000007,0.23277350887292986,True,2024-11-22 10:00:00,0.07,0.0,0.02857142857142857,2024-11-23 00:00:00,2715.38,收盤,13.420000000000073,18.850000000000072,1.4046199701937385,True,2024-11-22|6.0|1
2024-11-22,9.0,43,1,2704.9,2699.02,2690.48,8.539999999999964,39.95300000000007,0.2137511576101907,True,2024-11-22 11:45:00,0.07,0.0,0.023809523809523808,2024-11-22 15:45:00,2690.48,停損,14.420000000000073,-14.490000000000073,-1.0048543689320388,True,2024-11-22|9.0|1
2024-11-25,6.5,27,-1,2666.18,2674.06,2668.48,5.579999999999927,41.68300000000013,0.13386752393061704,False,2024-11-25 07:45:00,0.07,0.023990595686490822,0.07692307692307693,2024-11-25 11:15:00,2674.06,停損,7.880000000000109,-7.950000000000109,-1.0088832487309645,True,2024-11-25|6.5|-1
2024-11-26,3.5,25,-1,2621.97,2632.18,2625.69,6.489999999999782,44.6920000000001,0.1452161460664049,True,2024-11-26 07:15:00,0.07,0.022375369193591645,0.4166666666666667,2024-11-26 12:45:00,2632.18,停損,10.210000000000036,-10.280000000000037,-1.0068560235063664,True,2024-11-26|3.5|-1
2024-11-26,6.5,34,-1,2616.13,2628.43,2621.67,6.7599999999997635,44.6920000000001,0.15125749574867423,True,2024-11-26 09:30:00,0.07,0.022375369193591645,0.30303030303030304,2024-11-26 12:15:00,2628.43,停損,12.299999999999727,-12.369999999999727,-1.0056910569105693,True,2024-11-26|6.5|-1
2024-11-26,7.0,35,-1,2612.55,2626.48,2617.87,8.610000000000127,44.6920000000001,0.1926519287568269,True,2024-11-26 09:45:00,0.07,0.022375369193591645,0.29411764705882354,2024-11-26 11:45:00,2626.48,停損,13.929999999999836,-13.999999999999837,-1.0050251256281408,True,2024-11-26|7.0|-1
2024-11-27,7.0,39,1,2648.13,2645.75,2638.23,7.519999999999982,44.62000000000012,0.16853428955625194,True,2024-11-27 10:45:00,0.07,0.0,0.21052631578947367,2024-11-27 17:30:00,2638.23,停損,9.900000000000091,-9.970000000000091,-1.007070707070707,True,2024-11-27|7.0|1
2024-11-27,8.0,40,1,2653.48,2648.02,2639.03,8.989999999999782,44.62000000000012,0.2014791573285468,True,2024-11-27 11:00:00,0.07,0.0,0.20512820512820512,2024-11-27 17:30:00,2639.03,停損,14.449999999999818,-14.519999999999818,-1.0048442906574395,True,2024-11-27|8.0|1
2024-11-29,4.5,29,1,2665.95,2661.27,2654.86,6.4099999999998545,41.53700000000008,0.15432024460119514,False,2024-11-29 08:15:00,0.07,0.024074921154633173,0.2857142857142857,2024-11-29 11:00:00,2654.86,停損,11.08999999999969,-11.159999999999691,-1.0063119927862942,True,2024-11-29|4.5|1
2024-11-29,10.5,44,1,2664.2,2661.93,2654.6,7.329999999999927,41.53700000000008,0.1764691720634594,False,2024-11-29 12:00:00,0.07,0.024074921154633173,0.18604651162790697,2024-11-29 17:00:00,2654.6,停損,9.599999999999909,-9.66999999999991,-1.0072916666666667,True,2024-11-29|10.5|1
2024-12-02,2.0,10,-1,2627.35,2647.65,2630.08,17.570000000000164,42.59700000000007,0.41247036176256857,False,2024-12-02 03:30:00,0.07,0.0704274948940065,0.0,2024-12-02 15:45:00,2647.65,停損,20.300000000000182,-20.370000000000182,-1.0034482758620689,True,2024-12-02|2.0|-1
2024-12-02,3.5,26,-1,2624.42,2639.14,2627.36,11.779999999999745,42.59700000000007,0.27654529661712624,False,2024-12-02 07:30:00,0.07,0.0704274948940065,0.0,2024-12-02 13:15:00,2639.14,停損,14.7199999999998,-14.7899999999998,-1.0047554347826089,True,2024-12-02|3.5|-1
2024-12-02,4.0,28,-1,2623.22,2638.06,2625.6,12.460000000000036,42.59700000000007,0.29250886212644117,False,2024-12-02 08:00:00,0.08,0.0704274948940065,0.0,2024-12-02 13:15:00,2638.06,停損,14.840000000000146,-14.920000000000146,-1.0053908355795147,True,2024-12-02|4.0|-1
2024-12-06,2.0,9,-1,2615.74,2633.8,2628.19,5.610000000000127,39.18699999999999,0.14315972133616067,True,2024-12-06 03:15:00,0.07,0.0,0.375,2024-12-06 05:30:00,2633.8,停損,18.0600000000004,-18.1300000000004,-1.003875968992248,True,2024-12-06|2.0|-1
2024-12-09,9.0,42,1,2653.18,2651.2,2643.05,8.149999999999636,37.66999999999998,0.21635253517386888,True,2024-12-09 11:30:00,0.07,0.026546323334218226,0.14634146341463414,2024-12-10 00:00:00,2660.14,收盤,10.129999999999654,6.890000000000036,0.6801579466930179,True,2024-12-09|9.0|1
2024-12-09,10.5,45,1,2656.51,2654.21,2646.11,8.099999999999909,37.66999999999998,0.2150252190071652,True,2024-12-09 12:15:00,0.07,0.026546323334218226,0.13636363636363635,2024-12-10 00:00:00,2660.14,收盤,10.400000000000091,3.5599999999996546,0.3423076923076561,True,2024-12-09|10.5|1
2024-12-11,9.0,45,1,2698.42,2696.68,2688.23,8.449999999999818,32.066999999999965,0.2635107743162699,True,2024-12-11 12:15:00,0.12,0.0,0.5909090909090909,2024-12-12 00:00:00,2718.32,收盤,10.190000000000055,19.78000000000009,1.9411187438665343,True,2024-12-11|9.0|1
2024-12-11,8.5,46,1,2699.2,2697.06,2688.23,8.829999999999927,32.066999999999965,0.2753609629837508,True,2024-12-11 12:30:00,0.12,0.0,0.5777777777777777,2024-12-12 00:00:00,2718.32,收盤,10.9699999999998,19.000000000000345,1.73199635369195,True,2024-12-11|8.5|1
2024-12-12,5.5,31,1,2715.11,2713.11,2707.45,5.660000000000309,33.52199999999998,0.16884434102978083,True,2024-12-12 08:45:00,0.07,0.08949346697691074,0.3333333333333333,2024-12-12 13:15:00,2707.45,停損,7.660000000000309,-7.7300000000003095,-1.0091383812010442,True,2024-12-12|5.5|1
2024-12-12,6.0,32,1,2718.49,2715.2,2709.82,5.379999999999654,33.52199999999998,0.16049161744524962,True,2024-12-12 09:00:00,0.07,0.08949346697691074,0.3225806451612903,2024-12-12 13:15:00,2709.82,停損,8.669999999999618,-8.739999999999618,-1.0080738177623996,True,2024-12-12|6.0|1
2024-12-13,10.0,43,-1,2670.49,2684.81,2674.35,10.460000000000036,35.74699999999998,0.29261196743782814,True,2024-12-13 11:45:00,0.07,0.0,0.21428571428571427,2024-12-14 00:00:00,2648.89,收盤,14.320000000000164,21.52999999999991,1.5034916201117083,True,2024-12-13|10.0|-1
2024-12-13,10.5,46,-1,2668.69,2684.81,2670.81,14.0,35.74699999999998,0.39164125660894644,True,2024-12-13 12:30:00,0.07,0.0,0.2,2024-12-14 00:00:00,2648.89,收盤,16.11999999999989,19.73000000000018,1.2239454094292999,True,2024-12-13|10.5|-1
2024-12-16,5.5,25,-1,2650.61,2655.62,2652.92,2.699999999999818,37.177999999999976,0.07262359459895153,True,2024-12-16 07:15:00,0.17,0.0,0.375,2024-12-16 09:45:00,2655.62,停損,5.0099999999997635,-5.1799999999997635,-1.0339321357285445,True,2024-12-16|5.5|-1
2024-12-19,5.0,29,-1,2605.37,2613.3,2607.64,5.660000000000309,40.82199999999998,0.13865072754887833,True,2024-12-19 08:15:00,0.12,0.07348978491989616,0.39285714285714285,2024-12-19 08:45:00,2613.3,停損,7.930000000000291,-8.05000000000029,-1.0151324085750308,True,2024-12-19|5.0|-1
2024-12-26,2.5,17,1,2628.57,2626.33,2620.08,6.25,37.98999999999997,0.16451697815214544,True,2024-12-26 05:15:00,0.07,0.07896814951302981,0.0,2024-12-27 00:00:00,2633.46,收盤,8.490000000000236,4.819999999999872,0.5677267373380139,True,2024-12-26|2.5|1
2025-01-02,2.0,9,1,2629.66,2627.82,2622.7,5.120000000000346,32.30899999999997,0.1584697762233542,True,2025-01-02 03:15:00,0.13,0.0,0.375,2025-01-03 00:00:00,2657.51,收盤,6.960000000000036,27.720000000000365,3.982758620689687,True,2025-01-02|2.0|1
2025-01-02,2.5,14,1,2635.68,2633.09,2623.87,9.220000000000255,32.30899999999997,0.28536940171470065,True,2025-01-02 04:30:00,0.07,0.0,0.23076923076923078,2025-01-03 00:00:00,2657.51,收盤,11.809999999999945,21.76000000000038,1.8425063505504218,True,2025-01-02|2.5|1
2025-01-02,6.0,36,1,2636.04,2634.22,2631.1,3.119999999999891,32.30899999999997,0.09656751988609656,True,2025-01-02 10:00:00,0.07,0.0,0.08571428571428572,2025-01-03 00:00:00,2657.51,收盤,4.940000000000055,21.400000000000254,4.3319838056680195,True,2025-01-02|6.0|1
2025-01-02,7.5,41,1,2638.15,2636.47,2631.4,5.069999999999709,32.30899999999997,0.1569222198149034,True,2025-01-02 11:15:00,0.07,0.0,0.075,2025-01-03 00:00:00,2657.51,收盤,6.75,19.290000000000127,2.8577777777777964,True,2025-01-02|7.5|1
2025-01-02,9.5,45,1,2638.86,2637.07,2631.35,5.720000000000255,32.30899999999997,0.17704045312452443,True,2025-01-02 12:15:00,0.07,0.0,0.06818181818181818,2025-01-03 00:00:00,2657.51,收盤,7.510000000000218,18.58000000000009,2.474034620505932,True,2025-01-02|9.5|1
2025-01-02,10.0,46,1,2644.82,2637.71,2631.15,6.559999999999945,32.30899999999997,0.20303940078615715,True,2025-01-02 12:30:00,0.07,0.0,0.06666666666666667,2025-01-03 00:00:00,2657.51,收盤,13.670000000000073,12.620000000000054,0.9231894659839054,True,2025-01-02|10.0|1
2025-01-03,2.0,17,1,2663.12,2661.09,2658.41,2.680000000000291,33.621999999999936,0.07970971387782691,True,2025-01-03 05:15:00,0.07,0.0,0.75,2025-01-03 08:00:00,2658.41,停損,4.710000000000036,-4.780000000000037,-1.0148619957537155,True,2025-01-03|2.0|1
2025-01-06,5.5,27,-1,2633.01,2642.24,2635.11,7.129999999999654,29.694999999999983,0.24010776224952546,True,2025-01-06 07:45:00,0.07,0.06735140596059946,0.34615384615384615,2025-01-06 13:30:00,2642.24,停損,9.229999999999563,-9.299999999999564,-1.0075839653304446,True,2025-01-06|5.5|-1
2025-01-06,6.5,30,-1,2631.47,2638.51,2634.27,4.2400000000002365,29.694999999999983,0.14278498063647882,True,2025-01-06 08:30:00,0.07,0.06735140596059946,0.3103448275862069,2025-01-06 13:30:00,2638.51,停損,7.040000000000418,-7.110000000000419,-1.0099431818181812,True,2025-01-06|6.5|-1
2025-01-06,7.0,35,-1,2625.85,2636.24,2631.6,4.639999999999873,29.694999999999983,0.15625526182858648,True,2025-01-06 09:45:00,0.07,0.06735140596059946,0.2647058823529412,2025-01-06 13:15:00,2636.24,停損,10.389999999999873,-10.459999999999873,-1.0067372473532243,True,2025-01-06|7.0|-1
2025-01-09,9.0,47,1,2668.46,2666.79,2662.29,4.5,27.660999999999966,0.16268392321318845,True,2025-01-09 12:45:00,0.07,0.0,0.4782608695652174,2025-01-10 00:00:00,2670.26,收盤,6.170000000000073,1.7300000000001818,0.2803889789303341,True,2025-01-09|9.0|1
2025-01-10,8.0,40,1,2680.13,2678.49,2674.29,4.199999999999818,28.785999999999966,0.1459042590147927,True,2025-01-10 11:00:00,0.07,0.03473910928923787,0.07692307692307693,2025-01-10 15:45:00,2674.29,停損,5.8400000000001455,-5.910000000000146,-1.0119863013698627,True,2025-01-10|8.0|1
2025-01-10,8.5,45,1,2680.92,2678.7,2674.6,4.099999999999909,28.785999999999966,0.1424303480858721,True,2025-01-10 12:15:00,0.07,0.03473910928923787,0.06818181818181818,2025-01-10 15:45:00,2674.6,停損,6.320000000000164,-6.390000000000164,-1.0110759493670884,True,2025-01-10|8.5|1
2025-01-15,7.0,29,1,2681.6,2679.43,2674.67,4.7599999999997635,29.39999999999991,0.16190476190475436,True,2025-01-15 08:15:00,0.07,0.0,0.42857142857142855,2025-01-16 00:00:00,2696.64,收盤,6.929999999999836,14.969999999999963,2.1601731601732057,True,2025-01-15|7.0|1
2025-01-15,7.5,41,1,2685.04,2683.36,2675.23,8.13000000000011,29.39999999999991,0.2765306122449025,True,2025-01-15 11:15:00,0.07,0.0,0.3,2025-01-16 00:00:00,2696.64,收盤,9.809999999999945,11.529999999999909,1.1753312945973469,True,2025-01-15|7.5|1
2025-01-15,9.0,43,1,2688.12,2684.16,2680.05,4.109999999999673,29.39999999999991,0.13979591836733624,True,2025-01-15 11:45:00,0.07,0.0,0.2857142857142857,2025-01-15 16:45:00,2680.05,停損,8.069999999999709,-8.13999999999971,-1.0086741016109049,True,2025-01-15|9.0|1
2025-01-16,9.5,42,1,2705.18,2703.38,2696.25,7.130000000000109,29.72299999999991,0.2398815731924816,True,2025-01-16 11:30:00,0.07,0.0336439794098847,0.7073170731707317,2025-01-17 00:00:00,2714.59,收盤,8.929999999999836,9.340000000000309,1.0459126539754178,True,2025-01-16|9.5|1
2025-01-16,10.5,45,1,2708.13,2705.82,2697.53,8.289999999999964,29.72299999999991,0.278908589307943,True,2025-01-16 12:15:00,0.07,0.0336439794098847,0.6590909090909091,2025-01-17 00:00:00,2714.59,收盤,10.599999999999909,6.390000000000036,0.6028301886792539,True,2025-01-16|10.5|1
2025-01-20,2.0,9,-1,2690.11,2696.49,2692.64,3.849999999999909,28.2849999999999,0.13611454834717776,True,2025-01-20 03:15:00,0.07,0.03535442814212492,0.0,2025-01-20 04:15:00,2696.49,停損,6.379999999999654,-6.449999999999655,-1.0109717868338564,True,2025-01-20|2.0|-1
2025-01-21,3.5,15,1,2725.38,2722.44,2711.37,11.070000000000164,27.24899999999993,0.40625344049323614,True,2025-01-21 04:45:00,0.07,0.036698594443832895,0.5,2025-01-22 00:00:00,2744.7,收盤,14.010000000000218,19.24999999999971,1.3740185581726916,True,2025-01-21|3.5|1
2025-01-21,4.0,24,1,2727.42,2725.74,2717.84,7.899999999999636,27.24899999999993,0.28991889610626653,True,2025-01-21 07:00:00,0.07,0.036698594443832895,0.30434782608695654,2025-01-21 13:30:00,2717.84,停損,9.579999999999927,-9.649999999999928,-1.0073068893528185,True,2025-01-21|4.0|1
2025-01-21,6.0,35,1,2731.47,2727.97,2723.03,4.9399999999996,27.24899999999993,0.1812910565525198,True,2025-01-21 09:45:00,0.07,0.036698594443832895,0.20588235294117646,2025-01-21 10:45:00,2723.03,停損,8.4399999999996,-8.5099999999996,-1.0082938388625597,True,2025-01-21|6.0|1
2025-01-22,2.5,22,1,2751.8,2749.98,2743.38,6.599999999999909,28.42599999999993,0.23218180538942956,True,2025-01-22 06:30:00,0.07,0.03517906142264133,0.0,2025-01-23 00:00:00,2756.27,收盤,8.420000000000073,4.3999999999998,0.5225653206650548,True,2025-01-22|2.5|1
2025-01-22,5.0,26,1,2753.79,2751.27,2748.04,3.230000000000018,28.42599999999993,0.11362836839513213,True,2025-01-22 07:30:00,0.07,0.03517906142264133,0.0,2025-01-22 08:30:00,2748.04,停損,5.75,-5.82,-1.0121739130434784,True,2025-01-22|5.0|1
2025-01-22,6.0,27,1,2755.34,2752.93,2749.28,3.649999999999636,28.42599999999993,0.12840357419262804,True,2025-01-22 07:45:00,0.07,0.03517906142264133,0.0,2025-01-22 08:30:00,2749.28,停損,6.059999999999945,-6.129999999999946,-1.0115511551155116,True,2025-01-22|6.0|1
2025-01-22,6.5,28,1,2758.11,2754.02,2750.44,3.5799999999999272,28.42599999999993,0.1259410398930534,True,2025-01-22 08:00:00,0.07,0.03517906142264133,0.0,2025-01-22 08:30:00,2750.44,停損,7.670000000000073,-7.740000000000073,-1.0091264667535853,True,2025-01-22|6.5|1
2025-01-22,8.5,40,1,2753.29,2751.39,2746.13,5.2599999999997635,28.42599999999993,0.18504186308308507,True,2025-01-22 11:00:00,0.07,0.03517906142264133,0.0,2025-01-23 00:00:00,2756.27,收盤,7.1599999999998545,2.9100000000000183,0.4064245810055974,True,2025-01-22|8.5|1
2025-01-22,9.0,41,1,2755.72,2754.11,2746.64,7.470000000000255,28.42599999999993,0.2627875888271397,True,2025-01-22 11:15:00,0.07,0.03517906142264133,0.0,2025-01-23 00:00:00,2756.27,收盤,9.079999999999927,0.4800000000001819,0.052863436123368475,True,2025-01-22|9.0|1
2025-01-22,7.5,42,1,2761.86,2758.67,2745.55,13.11999999999989,28.42599999999993,0.4615492858650504,True,2025-01-22 11:30:00,0.07,0.03517906142264133,0.0,2025-01-23 00:00:00,2756.27,收盤,16.309999999999945,-5.660000000000146,-0.34702636419375626,True,2025-01-22|7.5|1
2025-01-24,3.5,16,1,2774.37,2771.54,2758.65,12.889999999999873,28.261999999999944,0.4560894487297395,False,2025-01-24 05:00:00,0.07,0.0,0.0,2025-01-25 00:00:00,2771.6,收盤,15.7199999999998,-2.8399999999999817,-0.18066157760814364,True,2025-01-24|3.5|1
2025-01-24,5.5,27,1,2776.0,2774.39,2770.56,3.8299999999999272,28.261999999999944,0.13551765621682593,False,2025-01-24 07:45:00,0.07,0.0,0.0,2025-01-24 10:30:00,2770.56,停損,5.440000000000055,-5.510000000000055,-1.0128676470588234,True,2025-01-24|5.5|1
2025-01-24,6.0,29,1,2777.94,2775.01,2770.56,4.450000000000273,28.261999999999944,0.15745524025193836,False,2025-01-24 08:15:00,0.07,0.0,0.0,2025-01-24 10:30:00,2770.56,停損,7.380000000000109,-7.450000000000109,-1.0094850948509484,True,2025-01-24|6.0|1
2025-01-24,9.0,42,1,2776.98,2775.49,2772.06,3.4299999999998363,28.261999999999944,0.12136437619417745,False,2025-01-24 11:30:00,0.07,0.0,0.0,2025-01-24 11:45:00,2772.06,停損,4.920000000000073,-4.990000000000073,-1.0142276422764227,True,2025-01-24|9.0|1
2025-01-27,5.5,25,-1,2755.81,2762.54,2757.48,5.059999999999945,28.13399999999997,0.17985355797255814,False,2025-01-27 07:15:00,0.07,0.0,0.0,2025-01-27 11:15:00,2762.54,停損,6.730000000000018,-6.8000000000000185,-1.0104011887072808,True,2025-01-27|5.5|-1
2025-01-27,5.0,27,-1,2753.84,2762.75,2755.27,7.480000000000018,28.13399999999997,0.26587047700291555,False,2025-01-27 07:45:00,0.07,0.0,0.0,2025-01-27 11:15:00,2762.75,停損,8.909999999999854,-8.979999999999855,-1.0078563411896746,True,2025-01-27|5.0|-1
2025-01-27,4.5,28,-1,2753.27,2762.75,2754.73,8.019999999999982,28.13399999999997,0.28506433496836536,False,2025-01-27 08:00:00,0.07,0.0,0.0,2025-01-27 11:15:00,2762.75,停損,9.480000000000018,-9.550000000000018,-1.0073839662447257,True,2025-01-27|4.5|-1
2025-01-27,7.0,34,-1,2748.71,2758.19,2752.89,5.300000000000182,28.13399999999997,0.18838416151276705,False,2025-01-27 09:30:00,0.07,0.0,0.0,2025-01-27 10:30:00,2758.19,停損,9.480000000000018,-9.550000000000018,-1.0073839662447257,True,2025-01-27|7.0|-1
2025-01-28,2.5,19,-1,2738.76,2745.16,2740.67,4.489999999999782,28.673999999999978,0.1565878496198572,True,2025-01-28 05:45:00,0.07,0.0,0.05555555555555555,2025-01-28 12:15:00,2745.16,停損,6.399999999999636,-6.4699999999996365,-1.0109375000000007,True,2025-01-28|2.5|-1
2025-01-28,7.0,31,-1,2739.64,2744.97,2741.33,3.6399999999998727,28.673999999999978,0.12694427007044276,True,2025-01-28 08:45:00,0.07,0.0,0.03333333333333333,2025-01-28 11:45:00,2744.97,停損,5.329999999999927,-5.3999999999999275,-1.0131332082551596,True,2025-01-28|7.0|-1
2025-01-28,7.5,36,-1,2738.63,2743.14,2740.64,2.5,28.673999999999978,0.08718699867475768,True,2025-01-28 10:00:00,0.07,0.0,0.02857142857142857,2025-01-28 11:15:00,2743.14,停損,4.5099999999997635,-4.579999999999764,-1.015521064301553,True,2025-01-28|7.5|-1
2025-01-28,6.5,37,-1,2738.06,2744.97,2739.63,5.339999999999691,28.673999999999978,0.18623142916927163,True,2025-01-28 10:15:00,0.07,0.0,0.027777777777777776,2025-01-28 11:45:00,2744.97,停損,6.9099999999998545,-6.979999999999855,-1.0101302460202608,True,2025-01-28|6.5|-1
2025-01-28,8.0,38,-1,2736.73,2742.92,2739.17,3.75,28.673999999999978,0.13078049801213654,True,2025-01-28 10:30:00,0.07,0.0,0.02702702702702703,2025-01-28 11:15:00,2742.92,停損,6.190000000000055,-6.260000000000055,-1.011308562197092,True,2025-01-28|8.0|-1
2025-01-29,8.0,38,1,2764.54,2762.39,2759.25,3.1399999999998727,29.87399999999993,0.1051081207739131,True,2025-01-29 10:30:00,0.07,0.0,0.918918918918919,2025-01-29 12:45:00,2759.25,停損,5.289999999999964,-5.359999999999964,-1.0132325141776939,True,2025-01-29|8.0|1
2025-01-30,9.5,40,1,2776.16,2773.02,2765.29,7.730000000000018,29.209999999999944,0.26463539883601617,False,2025-01-30 11:00:00,0.07,0.0,0.0,2025-01-31 00:00:00,2793.15,收盤,10.86999999999989,16.920000000000236,1.5565777368905618,True,2025-01-30|9.5|1
2025-01-30,10.0,47,1,2778.19,2776.52,2768.52,8.0,29.209999999999944,0.273878808627183,False,2025-01-30 12:45:00,0.07,0.0,0.0,2025-01-31 00:00:00,2793.15,收盤,9.670000000000073,14.890000000000036,1.5398138572905815,True,2025-01-30|10.0|1
2025-01-31,7.0,34,1,2800.03,2796.53,2794.03,2.5,29.74899999999993,0.08403643819960355,True,2025-01-31 09:30:00,0.07,0.0,0.9393939393939394,2025-01-31 10:30:00,2794.03,停損,6.0,-6.07,-1.0116666666666667,True,2025-01-31|7.0|1
2025-01-31,10.5,51,1,2797.32,2795.46,2791.75,3.7100000000000364,29.74899999999993,0.12471007428821287,True,2025-01-31 13:45:00,0.07,0.0,0.92,2025-02-01 00:00:00,2799.31,收盤,5.570000000000164,1.9199999999997817,0.3447037701974372,True,2025-01-31|10.5|1
2025-02-03,3.0,15,-1,2776.14,2792.37,2778.43,13.940000000000055,30.54699999999998,0.45634595868661615,False,2025-02-03 04:45:00,0.07,0.13094575572069278,0.0,2025-02-03 10:15:00,2792.37,停損,16.230000000000018,-16.30000000000002,-1.004313000616143,True,2025-02-03|3.0|-1
2025-02-03,3.5,19,-1,2773.85,2784.68,2776.5,8.179999999999836,30.54699999999998,0.2677840704488114,False,2025-02-03 05:45:00,0.07,0.13094575572069278,0.0,2025-02-03 07:30:00,2784.68,停損,10.829999999999927,-10.899999999999928,-1.0064635272391507,True,2025-02-03|3.5|-1
2025-02-05,2.0,13,1,2852.45,2848.31,2840.85,7.460000000000036,33.46599999999994,0.22291280702802996,True,2025-02-05 04:15:00,0.07,0.029881073328154005,0.9166666666666666,2025-02-06 00:00:00,2867.29,收盤,11.599999999999909,14.770000000000145,1.2732758620689881,True,2025-02-05|2.0|1
2025-02-05,3.5,21,1,2857.68,2853.89,2839.79,14.099999999999909,33.46599999999994,0.42132313392696874,True,2025-02-05 06:15:00,0.07,0.029881073328154005,0.55,2025-02-06 00:00:00,2867.29,收盤,17.889999999999873,9.540000000000127,0.5332588038010171,True,2025-02-05|3.5|1
2025-02-05,5.5,30,1,2861.08,2857.9,2851.9,6.0,33.46599999999994,0.17928643996892402,True,2025-02-05 08:30:00,0.07,0.029881073328154005,0.3793103448275862,2025-02-06 00:00:00,2867.29,收盤,9.179999999999836,6.140000000000036,0.6688453159041553,True,2025-02-05|5.5|1
2025-02-05,7.0,36,1,2864.17,2860.74,2853.8,6.9399999999996,33.46599999999994,0.20737464889737683,True,2025-02-05 10:00:00,0.07,0.029881073328154005,0.3142857142857143,2025-02-06 00:00:00,2867.29,收盤,10.36999999999989,3.049999999999891,0.2941176470588161,True,2025-02-05|7.0|1
2025-02-05,9.0,39,1,2869.57,2864.25,2855.0,9.25,33.46599999999994,0.27639992828542453,True,2025-02-05 10:45:00,0.07,0.029881073328154005,0.2894736842105263,2025-02-06 00:00:00,2867.29,收盤,14.570000000000164,-2.3500000000002,-0.16129032258065706,True,2025-02-05|9.0|1
2025-02-05,10.0,46,1,2872.04,2869.7,2863.69,6.0099999999997635,33.46599999999994,0.1795852507021985,True,2025-02-05 12:30:00,0.07,0.029881073328154005,0.24444444444444444,2025-02-05 15:45:00,2863.69,停損,8.349999999999909,-8.41999999999991,-1.0083832335329344,True,2025-02-05|10.0|1
2025-02-10,5.0,23,1,2878.39,2875.83,2871.36,4.4699999999998,37.24899999999993,0.12000322156298983,True,2025-02-10 06:45:00,0.07,0.21477086633198247,0.0,2025-02-11 00:00:00,2908.03,收盤,7.029999999999745,29.570000000000327,4.206258890469615,True,2025-02-10|5.0|1
2025-02-10,5.5,29,1,2882.31,2877.57,2872.53,5.039999999999964,37.24899999999993,0.13530564578914797,True,2025-02-10 08:15:00,0.07,0.21477086633198247,0.0,2025-02-11 00:00:00,2908.03,收盤,9.779999999999745,25.650000000000254,2.622699386503162,True,2025-02-10|5.5|1
2025-02-10,7.5,32,1,2888.46,2885.1,2876.13,8.9699999999998,37.24899999999993,0.24081183387472996,True,2025-02-10 09:00:00,0.07,0.21477086633198247,0.0,2025-02-11 00:00:00,2908.03,收盤,12.329999999999927,19.500000000000163,1.5815085158151077,True,2025-02-10|7.5|1
2025-02-10,8.0,36,1,2895.65,2892.39,2878.94,13.449999999999818,37.24899999999993,0.3610835190206406,True,2025-02-10 10:00:00,0.07,0.21477086633198247,0.0,2025-02-11 00:00:00,2908.03,收盤,16.710000000000036,12.310000000000109,0.736684619988036,True,2025-02-10|8.0|1
2025-02-10,9.0,41,1,2900.9,2896.69,2886.65,10.039999999999964,37.24899999999993,0.26953743724663703,True,2025-02-10 11:15:00,0.07,0.21477086633198247,0.0,2025-02-11 00:00:00,2908.03,收盤,14.25,7.060000000000109,0.4954385964912357,True,2025-02-10|9.0|1
2025-02-10,10.5,45,1,2905.58,2901.44,2894.36,7.079999999999927,37.24899999999993,0.19007221670380253,True,2025-02-10 12:15:00,0.07,0.21477086633198247,0.0,2025-02-11 00:00:00,2908.03,收盤,11.2199999999998,2.380000000000273,0.21212121212124024,True,2025-02-10|10.5|1
2025-02-11,2.0,9,1,2930.33,2925.26,2916.45,8.8100000000004,38.77999999999997,0.22717895822590012,True,2025-02-11 03:15:00,0.07,0.051572975760701426,0.0,2025-02-11 04:45:00,2916.45,停損,13.88000000000011,-13.95000000000011,-1.005043227665706,True,2025-02-11|2.0|1
2025-02-11,2.5,13,1,2939.8,2932.4,2917.51,14.889999999999873,38.77999999999997,0.38396080453841885,True,2025-02-11 04:15:00,0.07,0.051572975760701426,0.0,2025-02-11 04:45:00,2917.51,停損,22.289999999999964,-22.359999999999964,-1.003140421713773,True,2025-02-11|2.5|1
2025-02-11,6.5,27,1,2922.79,2919.8,2915.11,4.690000000000055,38.77999999999997,0.12093862815884626,True,2025-02-11 07:45:00,0.07,0.025786487880350713,0.5384615384615384,2025-02-11 09:15:00,2915.11,停損,7.679999999999836,-7.749999999999837,-1.0091145833333335,True,2025-02-11|6.5|1
2025-02-11,6.0,28,1,2922.97,2920.9,2915.11,5.789999999999964,38.77999999999997,0.1493037648272297,True,2025-02-11 08:00:00,0.07,0.025786487880350713,0.5185185185185185,2025-02-11 09:15:00,2915.11,停損,7.859999999999673,-7.929999999999673,-1.0089058524173031,True,2025-02-11|6.0|1
2025-02-11,7.0,29,1,2926.22,2923.81,2915.41,8.400000000000091,38.77999999999997,0.21660649819494834,True,2025-02-11 08:15:00,0.07,0.025786487880350713,0.5,2025-02-11 09:00:00,2915.41,停損,10.809999999999945,-10.879999999999946,-1.0064754856614246,True,2025-02-11|7.0|1
2025-02-12,9.0,44,-1,2886.83,2895.81,2890.91,4.900000000000091,41.867000000000004,0.1170372847349963,True,2025-02-12 12:00:00,0.07,0.0,0.06976744186046512,2025-02-12 16:30:00,2895.81,停損,8.980000000000018,-9.050000000000018,-1.0077951002227172,True,2025-02-12|9.0|-1
2025-02-12,9.5,47,-1,2881.15,2895.05,2888.0,7.050000000000182,41.867000000000004,0.1683903790574959,True,2025-02-12 12:45:00,0.07,0.0,0.06521739130434782,2025-02-12 16:30:00,2895.05,停損,13.900000000000091,-13.970000000000091,-1.0050359712230215,True,2025-02-12|9.5|-1
2025-02-13,2.0,18,1,2914.99,2909.11,2904.55,4.559999999999945,44.21600000000003,0.10313008865568894,True,2025-02-13 05:30:00,0.07,0.022616247512212757,0.11764705882352941,2025-02-14 00:00:00,2928.45,收盤,10.4399999999996,13.390000000000036,1.2825670498084818,True,2025-02-13|2.0|1
2025-02-13,4.5,25,1,2919.97,2917.31,2906.74,10.570000000000164,44.21600000000003,0.23905373620409257,True,2025-02-13 07:15:00,0.07,0.022616247512212757,0.08333333333333333,2025-02-13 16:00:00,2906.74,停損,13.230000000000018,-13.300000000000018,-1.0052910052910053,True,2025-02-13|4.5|1
2025-02-13,5.0,26,1,2922.43,2918.1,2907.29,10.809999999999945,44.21600000000003,0.2444816356070187,True,2025-02-13 07:30:00,0.07,0.022616247512212757,0.08,2025-02-13 16:00:00,2907.29,停損,15.139999999999873,-15.209999999999873,-1.0046235138705417,True,2025-02-13|5.0|1
2025-02-13,10.5,45,1,2917.1,2914.68,2909.4,5.279999999999745,44.21600000000003,0.11941378686447761,True,2025-02-13 12:15:00,0.07,0.022616247512212757,0.045454545454545456,2025-02-13 15:45:00,2909.4,停損,7.699999999999818,-7.769999999999818,-1.0090909090909093,True,2025-02-13|10.5|1
2025-02-14,5.5,29,1,2931.4,2929.11,2923.34,5.769999999999982,43.08400000000006,0.13392442670132704,True,2025-02-14 08:15:00,0.07,0.0,0.6785714285714286,2025-02-14 15:45:00,2923.34,停損,8.059999999999945,-8.129999999999946,-1.0086848635235732,True,2025-02-14|5.5|1
2025-02-14,4.5,30,1,2933.15,2930.41,2926.28,4.129999999999654,43.08400000000006,0.09585925169435634,True,2025-02-14 08:30:00,0.07,0.0,0.6551724137931034,2025-02-14 15:15:00,2926.28,停損,6.869999999999891,-6.939999999999891,-1.0101892285298402,True,2025-02-14|4.5|1
2025-02-14,7.0,31,1,2936.58,2932.45,2926.9,5.549999999999727,43.08400000000006,0.1288181227369724,True,2025-02-14 08:45:00,0.07,0.0,0.6333333333333333,2025-02-14 15:15:00,2926.9,停損,9.679999999999836,-9.749999999999837,-1.007231404958678,True,2025-02-14|7.0|1
2025-02-14,9.0,41,1,2937.64,2935.16,2930.63,4.529999999999745,43.08400000000006,0.10514344072044701,True,2025-02-14 11:15:00,0.07,0.0,0.475,2025-02-14 14:00:00,2930.63,停損,7.0099999999997635,-7.079999999999764,-1.009985734664765,True,2025-02-14|9.0|1
2025-02-20,7.5,37,1,2954.28,2947.16,2943.6,3.5599999999999454,42.94900000000007,0.0828890078930811,False,2025-02-20 10:15:00,0.07,0.0,0.0,2025-02-20 14:30:00,2943.6,停損,10.680000000000291,-10.750000000000291,-1.0065543071161047,True,2025-02-20|7.5|1
2025-02-21,8.5,37,-1,2923.96,2933.09,2928.72,4.370000000000346,42.113000000000056,0.10376843255052691,False,2025-02-21 10:15:00,0.07,0.07123691021774739,0.25,2025-02-21 13:15:00,2933.09,停損,9.13000000000011,-9.20000000000011,-1.0076670317634173,True,2025-02-21|8.5|-1
2025-02-21,6.5,38,-1,2919.46,2932.17,2925.41,6.760000000000218,42.113000000000056,0.1605205043573293,False,2025-02-21 10:30:00,0.07,0.07123691021774739,0.24324324324324326,2025-02-21 13:15:00,2932.17,停損,12.710000000000036,-12.780000000000037,-1.005507474429583,True,2025-02-21|6.5|-1
2025-02-27,6.0,26,-1,2893.97,2906.44,2896.34,10.099999999999909,39.63499999999999,0.2548252806862599,False,2025-02-27 07:30:00,0.07,0.0,0.08,2025-02-28 00:00:00,2877.2,收盤,12.470000000000255,16.69999999999998,1.3392141138732672,True,2025-02-27|6.0|-1
2025-02-27,6.5,37,-1,2885.26,2903.81,2890.93,12.88000000000011,39.63499999999999,0.3249653084395134,False,2025-02-27 10:15:00,0.07,0.0,0.05555555555555555,2025-02-28 00:00:00,2877.2,收盤,18.549999999999727,7.9900000000004,0.4307277628032624,True,2025-02-27|6.5|-1
2025-02-28,7.0,34,-1,2859.19,2867.07,2861.89,5.180000000000291,42.052999999999976,0.12317789456163161,True,2025-02-28 09:30:00,0.07,0.07133854897391391,0.24242424242424243,2025-03-01 00:00:00,2859.14,收盤,7.880000000000109,-0.019999999999818108,-0.0025380710659667297,True,2025-02-28|7.0|-1
2025-02-28,6.5,38,-1,2855.45,2866.06,2858.53,7.529999999999745,42.052999999999976,0.17905975792451786,True,2025-02-28 10:30:00,0.07,0.07133854897391391,0.21621621621621623,2025-03-01 00:00:00,2859.14,收盤,10.610000000000127,-3.7600000000000544,-0.3543826578699349,True,2025-02-28|6.5|-1
2025-02-28,8.5,39,-1,2852.27,2865.79,2857.47,8.320000000000164,42.052999999999976,0.1978455758209918,True,2025-02-28 10:45:00,0.07,0.07133854897391391,0.21052631578947367,2025-03-01 00:00:00,2859.14,收盤,13.519999999999982,-6.939999999999891,-0.5133136094674483,True,2025-02-28|8.5|-1
2025-03-04,3.5,18,1,2892.0,2889.48,2883.57,5.9099999999998545,42.19999999999995,0.1400473933649256,True,2025-03-04 05:30:00,0.07,0.023696682464455002,0.5294117647058824,2025-03-05 00:00:00,2917.7,收盤,8.429999999999836,25.629999999999818,3.0403321470937503,True,2025-03-04|3.5|1
2025-03-04,5.5,34,1,2899.48,2893.12,2886.75,6.369999999999891,42.19999999999995,0.1509478672985758,True,2025-03-04 09:30:00,0.07,0.023696682464455002,0.2727272727272727,2025-03-05 00:00:00,2917.7,收盤,12.730000000000018,18.1499999999998,1.4257659073055595,True,2025-03-04|5.5|1
2025-03-04,8.5,37,1,2905.54,2901.36,2884.45,16.91000000000031,42.19999999999995,0.4007109004739414,True,2025-03-04 10:15:00,0.07,0.023696682464455002,0.25,2025-03-05 00:00:00,2917.7,收盤,21.090000000000146,12.089999999999854,0.5732574679942992,True,2025-03-04|8.5|1
2025-03-04,9.5,42,1,2920.04,2914.01,2896.35,17.66000000000031,42.19999999999995,0.4184834123222827,True,2025-03-04 11:30:00,0.07,0.023696682464455002,0.21951219512195122,2025-03-05 00:00:00,2917.7,收盤,23.690000000000055,-2.4100000000001454,-0.10173068805403714,True,2025-03-04|9.5|1
2025-03-06,10.5,44,-1,2894.25,2908.13,2899.33,8.800000000000182,43.02399999999993,0.2045370026032028,False,2025-03-06 12:00:00,0.07,0.023242841204908927,0.27906976744186046,2025-03-06 15:30:00,2908.13,停損,13.88000000000011,-13.95000000000011,-1.005043227665706,True,2025-03-06|10.5|-1
2025-03-13,2.0,19,1,2941.96,2939.45,2934.76,4.6899999999996,40.98099999999995,0.11444327859250886,True,2025-03-13 05:45:00,0.07,0.02440155193870333,0.0,2025-03-13 10:30:00,2934.76,停損,7.199999999999818,-7.269999999999818,-1.0097222222222224,True,2025-03-13|2.0|1
2025-03-13,3.5,20,1,2944.31,2941.41,2937.59,3.819999999999709,40.98099999999995,0.09321392840583961,True,2025-03-13 06:00:00,0.07,0.02440155193870333,0.0,2025-03-13 09:15:00,2937.59,停損,6.7199999999998,-6.7899999999998,-1.010416666666667,True,2025-03-13|3.5|1
2025-03-13,9.5,41,1,2941.61,2939.24,2934.44,4.799999999999727,40.98099999999995,0.11712744930576932,True,2025-03-13 11:15:00,0.07,0.02440155193870333,0.975,2025-03-14 00:00:00,2989.06,收盤,7.170000000000073,47.37999999999982,6.608089260808834,True,2025-03-13|9.5|1
2025-03-13,9.0,43,1,2943.36,2940.33,2935.44,4.889999999999873,40.98099999999995,0.11932358898025618,True,2025-03-13 11:45:00,0.07,0.02440155193870333,0.9285714285714286,2025-03-14 00:00:00,2989.06,收盤,7.920000000000073,45.62999999999982,5.76136363636356,True,2025-03-13|9.0|1
2025-03-13,8.5,46,1,2946.05,2941.77,2935.44,6.329999999999927,40.98099999999995,0.1544618237719903,True,2025-03-13 12:30:00,0.07,0.02440155193870333,0.8666666666666667,2025-03-14 00:00:00,2989.06,收盤,10.610000000000127,42.93999999999976,4.04712535344008,True,2025-03-13|8.5|1
2025-03-14,3.0,24,1,2992.64,2988.77,2984.73,4.039999999999964,41.289999999999964,0.09784451441026804,True,2025-03-14 07:00:00,0.07,0.04843787842092521,0.6086956521739131,2025-03-14 08:00:00,2984.73,停損,7.9099999999998545,-7.979999999999855,-1.0088495575221241,True,2025-03-14|3.0|1
2025-03-14,8.0,41,1,2989.89,2986.76,2981.91,4.850000000000364,41.289999999999964,0.11746185517075243,True,2025-03-14 11:15:00,0.07,0.024218939210462604,0.925,2025-03-14 18:15:00,2981.91,停損,7.980000000000018,-8.050000000000018,-1.0087719298245614,True,2025-03-14|8.0|1
2025-03-14,10.5,45,1,2995.26,2993.01,2983.39,9.620000000000346,41.289999999999964,0.2329861952046586,True,2025-03-14 12:15:00,0.07,0.024218939210462604,0.8409090909090909,2025-03-14 16:45:00,2983.39,停損,11.870000000000346,-11.940000000000346,-1.0058972198820555,True,2025-03-14|10.5|1
2025-03-18,2.0,16,1,3005.78,3002.81,2999.63,3.1799999999998363,36.69799999999996,0.08665322360891166,True,2025-03-18 05:00:00,0.07,0.0,0.8,2025-03-19 00:00:00,3034.13,收盤,6.150000000000091,28.27999999999991,4.598373983739754,True,2025-03-18|2.0|1
2025-03-18,3.5,19,1,3007.25,3005.02,2999.45,5.570000000000164,36.69799999999996,0.15177938852253992,True,2025-03-18 05:45:00,0.07,0.0,0.6666666666666666,2025-03-19 00:00:00,3034.13,收盤,7.800000000000182,26.81000000000011,3.437179487179421,True,2025-03-18|3.5|1
2025-03-18,4.0,20,1,3010.92,3008.46,2999.45,9.010000000000218,36.69799999999996,0.24551746689193493,True,2025-03-18 06:00:00,0.07,0.0,0.631578947368421,2025-03-19 00:00:00,3034.13,收盤,11.470000000000255,23.140000000000036,2.017436791630298,True,2025-03-18|4.0|1
2025-03-18,5.0,28,1,3014.46,3012.26,3002.89,9.370000000000346,36.69799999999996,0.255327265791061,True,2025-03-18 08:00:00,0.07,0.0,0.4444444444444444,2025-03-19 00:00:00,3034.13,收盤,11.570000000000164,19.600000000000072,1.694036300777856,True,2025-03-18|5.0|1
2025-03-18,8.0,37,1,3018.3,3014.89,3006.16,8.730000000000018,36.69799999999996,0.23788762330372304,True,2025-03-18 10:15:00,0.07,0.0,0.3333333333333333,2025-03-19 00:00:00,3034.13,收盤,12.140000000000327,15.759999999999927,1.2981878088961698,True,2025-03-18|8.0|1
2025-03-18,7.5,41,1,3019.75,3017.21,3006.16,11.050000000000182,36.69799999999996,0.30110632732029524,True,2025-03-18 11:15:00,0.07,0.0,0.3,2025-03-19 00:00:00,3034.13,收盤,13.590000000000146,14.310000000000109,1.0529801324503278,True,2025-03-18|7.5|1
2025-03-18,9.5,42,1,3024.52,3018.93,3011.72,7.210000000000036,36.69799999999996,0.1964684723963171,True,2025-03-18 11:30:00,0.07,0.0,0.2926829268292683,2025-03-19 00:00:00,3034.13,收盤,12.800000000000182,9.540000000000127,0.7453124999999994,True,2025-03-18|9.5|1
2025-03-20,2.0,10,1,3053.9,3051.24,3048.8,2.4399999999996,35.35300000000002,0.06901818798969248,True,2025-03-20 03:30:00,0.07,0.0,0.0,2025-03-20 05:15:00,3048.8,停損,5.099999999999909,-5.169999999999909,-1.0137254901960788,True,2025-03-20|2.0|1
2025-03-20,5.5,26,1,3053.5,3051.49,3045.0,6.489999999999782,35.35300000000002,0.18357706559555845,True,2025-03-20 07:30:00,0.07,0.0,0.76,2025-03-20 08:45:00,3045.0,停損,8.5,-8.57,-1.0082352941176471,True,2025-03-20|5.5|1
2025-03-20,5.0,27,1,3056.94,3052.21,3045.0,7.210000000000036,35.35300000000002,0.203943088281052,True,2025-03-20 07:45:00,0.07,0.0,0.7307692307692307,2025-03-20 08:45:00,3045.0,停損,11.940000000000055,-12.010000000000055,-1.0058626465661642,True,2025-03-20|5.0|1
2025-03-21,7.0,31,-1,3025.02,3032.1,3027.96,4.139999999999873,34.99800000000005,0.11829247385564509,True,2025-03-21 08:45:00,0.07,0.02857306131778955,0.26666666666666666,2025-03-21 09:15:00,3032.1,停損,7.079999999999927,-7.1499999999999275,-1.0098870056497176,True,2025-03-21|7.0|-1
2025-03-27,6.0,26,1,3037.27,3034.27,3029.74,4.5300000000002,32.90300000000002,0.13767741543324916,False,2025-03-27 07:30:00,0.07,0.030392365437802004,0.16,2025-03-27 09:00:00,3029.74,停損,7.5300000000002,-7.6000000000002,-1.0092961487383796,True,2025-03-27|6.0|1
2025-03-27,8.5,41,1,3037.52,3035.58,3027.55,8.029999999999745,32.90300000000002,0.24405069446554237,False,2025-03-27 11:15:00,0.07,0.030392365437802004,0.1,2025-03-28 00:00:00,3056.79,收盤,9.9699999999998,19.19999999999998,1.9257773319960247,True,2025-03-27|8.5|1
2025-03-27,10.0,48,1,3039.98,3036.76,3029.31,7.450000000000273,32.90300000000002,0.22642312251163324,False,2025-03-27 13:00:00,0.07,0.030392365437802004,0.0851063829787234,2025-03-28 00:00:00,3056.79,收盤,10.670000000000073,16.739999999999945,1.568884723523883,True,2025-03-27|10.0|1
2025-03-28,3.5,15,1,3068.79,3066.51,3060.79,5.720000000000255,31.494999999999983,0.1816161295443803,True,2025-03-28 04:45:00,0.07,0.0,0.2857142857142857,2025-03-29 00:00:00,3084.62,收盤,8.0,15.759999999999927,1.9699999999999909,True,2025-03-28|3.5|1
2025-03-28,5.5,31,1,3078.0,3075.68,3069.96,5.7199999999998,31.494999999999983,0.18161612954436587,True,2025-03-28 08:45:00,0.07,0.0,0.13333333333333333,2025-03-28 11:30:00,3069.96,停損,8.039999999999964,-8.109999999999964,-1.0087064676616917,True,2025-03-28|5.5|1
2025-03-28,6.0,33,1,3080.49,3076.66,3069.65,7.0099999999997635,31.494999999999983,0.22257501190664447,True,2025-03-28 09:15:00,0.07,0.0,0.125,2025-03-28 11:30:00,3069.65,停損,10.83999999999969,-10.909999999999691,-1.006457564575646,True,2025-03-28|6.0|1
2025-03-28,8.0,36,1,3084.81,3082.14,3072.59,9.549999999999727,31.494999999999983,0.30322273376725617,True,2025-03-28 10:00:00,0.07,0.0,0.11428571428571428,2025-03-28 11:30:00,3072.59,停損,12.2199999999998,-12.2899999999998,-1.0057283142389526,True,2025-03-28|8.0|1
2025-03-31,4.5,21,1,3108.95,3106.77,3090.12,16.65000000000009,32.104999999999976,0.518610808285317,True,2025-03-31 06:15:00,0.07,0.031147796293412265,0.6,2025-04-01 00:00:00,3124.12,收盤,18.829999999999927,15.100000000000072,0.801911842804043,True,2025-03-31|4.5|1
2025-03-31,6.5,28,1,3113.4,3111.17,3105.9,5.269999999999982,32.104999999999976,0.16414888646628206,True,2025-03-31 08:00:00,0.07,0.031147796293412265,0.4444444444444444,2025-03-31 16:45:00,3105.9,停損,7.5,-7.57,-1.0093333333333334,True,2025-03-31|6.5|1
2025-03-31,5.5,31,1,3113.69,3111.84,3098.18,13.66000000000031,32.104999999999976,0.4254788973680212,True,2025-03-31 08:45:00,0.07,0.031147796293412265,0.4,2025-04-01 00:00:00,3124.12,收盤,15.510000000000218,10.359999999999836,0.6679561573178394,True,2025-03-31|5.5|1
2025-03-31,7.0,33,1,3124.87,3115.94,3105.95,9.990000000000236,32.104999999999976,0.31116648497119587,True,2025-03-31 09:15:00,0.07,0.031147796293412265,0.375,2025-03-31 16:45:00,3105.95,停損,18.920000000000073,-18.990000000000073,-1.0036997885835095,True,2025-03-31|7.0|1
2025-04-01,4.5,24,1,3146.08,3143.55,3129.86,13.690000000000055,35.254999999999974,0.3883137143667583,True,2025-04-01 07:00:00,0.07,0.0,0.30434782608695654,2025-04-01 09:15:00,3129.86,停損,16.2199999999998,-16.2899999999998,-1.0043156596794083,True,2025-04-01|4.5|1
2025-04-03,3.5,15,1,3160.04,3156.49,3144.47,12.019999999999982,37.080999999999946,0.32415522774466704,True,2025-04-03 04:45:00,0.07,0.21574391197648424,0.0,2025-04-03 06:00:00,3144.47,停損,15.570000000000164,-15.640000000000164,-1.0044958253050738,True,2025-04-03|3.5|1
2025-04-07,7.5,34,-1,3018.5,3040.17,3024.93,15.240000000000236,52.532999999999944,0.29010336360002764,True,2025-04-07 09:30:00,0.07,0.01903565377952908,0.48484848484848486,2025-04-07 14:15:00,3040.17,停損,21.670000000000073,-21.740000000000073,-1.0032302722658053,True,2025-04-07|7.5|-1
2025-04-09,10.5,54,1,3060.33,3051.04,3038.32,12.7199999999998,61.29499999999994,0.20752100497593298,False,2025-04-09 14:30:00,0.07,0.0,0.11320754716981132,2025-04-10 00:00:00,3082.97,收盤,22.009999999999764,22.569999999999872,1.0254429804634309,True,2025-04-09|10.5|1
2025-04-10,10.5,54,1,3122.28,3117.1,3106.65,10.449999999999818,72.27199999999993,0.14459264998892832,True,2025-04-10 14:30:00,0.07,0.027673234447642265,0.0,2025-04-11 00:00:00,3175.82,收盤,15.63000000000011,53.46999999999996,3.420985284708867,True,2025-04-10|10.5|1
2025-04-11,2.0,11,1,3212.45,3191.4,3183.17,8.230000000000018,78.55499999999998,0.10476736044809395,True,2025-04-11 03:45:00,0.07,0.025459868881675268,0.0,2025-04-12 00:00:00,3237.61,收盤,29.279999999999745,25.09000000000031,0.8568989071038431,True,2025-04-11|2.0|1
2025-04-11,9.0,41,1,3218.13,3209.71,3190.32,19.389999999999873,78.55499999999998,0.2468334288078401,True,2025-04-11 11:15:00,0.07,0.025459868881675268,0.0,2025-04-12 00:00:00,3237.61,收盤,27.809999999999945,19.410000000000018,0.69795037756203,True,2025-04-11|9.0|1
2025-04-11,10.5,49,1,3234.84,3227.32,3204.48,22.840000000000146,78.55499999999998,0.2907517026287334,True,2025-04-11 13:15:00,0.07,0.025459868881675268,0.0,2025-04-12 00:00:00,3237.61,收盤,30.360000000000127,2.699999999999982,0.0889328063241097,True,2025-04-11|10.5|1
2025-04-16,2.0,9,1,3255.92,3251.86,3238.37,13.490000000000236,79.88899999999998,0.16885929226802487,True,2025-04-16 03:15:00,0.07,0.025034735695777896,0.0,2025-04-17 00:00:00,3342.33,收盤,17.550000000000182,86.33999999999986,4.91965811965806,True,2025-04-16|2.0|1
2025-04-16,2.5,13,1,3269.66,3262.33,3240.67,21.659999999999854,79.88899999999998,0.2711261875852728,True,2025-04-16 04:15:00,0.07,0.025034735695777896,0.0,2025-04-17 00:00:00,3342.33,收盤,28.98999999999978,72.60000000000008,2.5043118316661133,True,2025-04-16|2.5|1
2025-04-16,3.0,21,1,3272.02,3268.0,3251.71,16.289999999999964,79.88899999999998,0.20390792224211052,True,2025-04-16 06:15:00,0.07,0.025034735695777896,0.0,2025-04-17 00:00:00,3342.33,收盤,20.309999999999945,70.23999999999995,3.4583948793697754,True,2025-04-16|3.0|1
2025-04-16,3.5,24,1,3281.54,3275.08,3261.26,13.819999999999709,79.88899999999998,0.17299002365782162,True,2025-04-16 07:00:00,0.07,0.025034735695777896,0.0,2025-04-17 00:00:00,3342.33,收盤,20.279999999999745,60.71999999999996,2.994082840236722,True,2025-04-16|3.5|1
2025-04-16,6.0,29,1,3287.39,3281.79,3266.26,15.529999999999745,79.88899999999998,0.19439472267771218,True,2025-04-16 08:15:00,0.07,0.025034735695777896,0.0,2025-04-17 00:00:00,3342.33,收盤,21.129999999999654,54.870000000000054,2.5967818267866045,True,2025-04-16|6.0|1
2025-04-16,6.5,30,1,3289.17,3283.77,3270.95,12.820000000000164,79.88899999999998,0.16047265580993839,True,2025-04-16 08:30:00,0.07,0.025034735695777896,0.0,2025-04-17 00:00:00,3342.33,收盤,18.220000000000255,53.089999999999854,2.913830954994463,True,2025-04-16|6.5|1
2025-04-16,7.0,36,1,3291.8,3287.65,3269.3,18.34999999999991,79.88899999999998,0.22969370000876108,True,2025-04-16 10:00:00,0.07,0.025034735695777896,0.0,2025-04-17 00:00:00,3342.33,收盤,22.5,50.459999999999745,2.2426666666666555,True,2025-04-16|7.0|1
2025-04-16,7.5,37,1,3297.13,3290.69,3269.3,21.389999999999873,79.88899999999998,0.267746498266343,True,2025-04-16 10:15:00,0.07,0.025034735695777896,0.0,2025-04-17 00:00:00,3342.33,收盤,27.829999999999927,45.12999999999982,1.6216313330937815,True,2025-04-16|7.5|1
2025-04-16,9.0,40,1,3300.47,3295.12,3286.06,9.059999999999945,79.88899999999998,0.11340735270187319,True,2025-04-16 11:00:00,0.07,0.025034735695777896,0.0,2025-04-17 00:00:00,3342.33,收盤,14.409999999999854,41.79000000000013,2.9000693962526403,True,2025-04-16|9.0|1
2025-04-16,9.5,41,1,3309.87,3298.12,3286.77,11.349999999999909,79.88899999999998,0.14207212507353842,True,2025-04-16 11:15:00,0.07,0.025034735695777896,0.0,2025-04-17 00:00:00,3342.33,收盤,23.09999999999991,32.390000000000036,1.4021645021645093,True,2025-04-16|9.5|1
2025-04-21,3.0,15,1,3376.43,3370.8,3347.58,23.220000000000255,83.36800000000002,0.2785241339602755,False,2025-04-21 04:45:00,0.07,0.1199501007580846,0.0,2025-04-22 00:00:00,3424.62,收盤,28.84999999999991,48.120000000000054,1.667937608318898,True,2025-04-21|3.0|1
2025-04-21,3.5,18,1,3381.61,3376.62,3355.44,21.179999999999836,83.36800000000002,0.25405431340562123,False,2025-04-21 05:30:00,0.07,0.1199501007580846,0.0,2025-04-22 00:00:00,3424.62,收盤,26.170000000000073,42.93999999999976,1.6408100878868799,True,2025-04-21|3.5|1
2025-04-21,4.0,20,1,3384.86,3378.65,3367.49,11.16000000000031,83.36800000000002,0.13386431244602612,False,2025-04-21 06:00:00,0.07,0.1199501007580846,0.0,2025-04-22 00:00:00,3424.62,收盤,17.370000000000346,39.68999999999976,2.2849740932641898,True,2025-04-21|4.0|1
2025-04-21,7.0,33,1,3388.12,3382.46,3369.37,13.090000000000146,83.36800000000002,0.1570146818923345,False,2025-04-21 09:15:00,0.07,0.1199501007580846,0.0,2025-04-22 00:00:00,3424.62,收盤,18.75,36.43,1.9429333333333334,True,2025-04-21|7.0|1
2025-04-21,6.5,34,1,3389.59,3385.08,3369.37,15.710000000000036,83.36800000000002,0.18844160829095136,False,2025-04-21 09:30:00,0.07,0.1199501007580846,0.0,2025-04-22 00:00:00,3424.62,收盤,20.220000000000255,34.959999999999745,1.7289812067259795,True,2025-04-21|6.5|1
2025-04-21,7.5,35,1,3391.18,3385.83,3373.53,12.299999999999727,83.36800000000002,0.1475386239324408,False,2025-04-21 09:45:00,0.07,0.1199501007580846,0.0,2025-04-22 00:00:00,3424.62,收盤,17.649999999999636,33.370000000000054,1.8906515580736964,True,2025-04-21|7.5|1
2025-04-21,8.5,46,1,3395.89,3391.1,3379.69,11.409999999999854,83.36800000000002,0.13686306496497277,False,2025-04-21 12:30:00,0.07,0.1199501007580846,0.0,2025-04-22 00:00:00,3424.62,收盤,16.199999999999818,28.660000000000018,1.7691358024691568,True,2025-04-21|8.5|1
2025-04-22,5.0,22,1,3488.64,3476.02,3442.46,33.559999999999945,81.65100000000007,0.4110176237890524,True,2025-04-22 06:30:00,0.07,0.036741742293419526,0.38095238095238093,2025-04-22 15:45:00,3442.46,停損,46.179999999999836,-46.24999999999984,-1.001515807708965,True,2025-04-22|5.0|1
2025-04-22,5.5,32,1,3494.3,3489.22,3453.53,35.6899999999996,81.65100000000007,0.437104260817376,True,2025-04-22 09:00:00,0.07,0.036741742293419526,0.25806451612903225,2025-04-22 11:45:00,3453.53,停損,40.76999999999998,-40.83999999999998,-1.0017169487368163,True,2025-04-22|5.5|1
2025-04-23,4.0,20,-1,3354.25,3386.69,3359.0,27.690000000000055,85.08300000000008,0.32544691654031976,True,2025-04-23 06:00:00,0.07,0.0,0.7894736842105263,2025-04-24 00:00:00,3288.21,收盤,32.440000000000055,65.96999999999997,2.0336004932182448,True,2025-04-23|4.0|-1
2025-04-23,5.0,21,-1,3336.45,3379.93,3348.75,31.179999999999836,85.08300000000008,0.3664656864473491,True,2025-04-23 06:15:00,0.07,0.0,0.75,2025-04-24 00:00:00,3288.21,收盤,43.48000000000002,48.16999999999978,1.1078656853725797,True,2025-04-23|5.0|-1
2025-04-23,6.5,31,-1,3325.85,3347.08,3335.25,11.829999999999927,85.08300000000008,0.13904070143271766,True,2025-04-23 08:45:00,0.07,0.0,0.5,2025-04-24 00:00:00,3288.21,收盤,21.230000000000018,37.56999999999987,1.7696655675930213,True,2025-04-23|6.5|-1
2025-04-23,5.5,32,-1,3319.28,3375.21,3329.33,45.88000000000011,85.08300000000008,0.5392381556832747,True,2025-04-23 09:00:00,0.07,0.0,0.4838709677419355,2025-04-24 00:00:00,3288.21,收盤,55.929999999999836,31.000000000000163,0.5542642588950519,True,2025-04-23|5.5|-1
2025-04-23,8.0,36,-1,3300.99,3349.49,3315.97,33.51999999999998,85.08300000000008,0.39396824277470177,True,2025-04-23 10:00:00,0.07,0.0,0.42857142857142855,2025-04-24 00:00:00,3288.21,收盤,48.5,12.709999999999745,0.2620618556700978,True,2025-04-23|8.0|-1
2025-04-25,10.0,41,-1,3295.67,3314.55,3303.16,11.390000000000327,87.92500000000004,0.12954222348592917,False,2025-04-25 11:15:00,0.07,0.022746659084446962,0.05,2025-04-26 00:00:00,3314.55,停損,18.88000000000011,-18.95000000000011,-1.003707627118644,True,2025-04-25|10.0|-1
2025-05-01,2.0,10,-1,3258.97,3285.15,3269.9,15.25,93.00200000000004,0.16397496828025196,True,2025-05-01 03:30:00,0.07,0.05376228468204983,0.0,2025-05-02 00:00:00,3237.8,收盤,26.18000000000029,21.099999999999618,0.8059587471351941,True,2025-05-01|2.0|-1
2025-05-01,2.5,16,-1,3238.95,3278.19,3243.96,34.23000000000002,93.00200000000004,0.3680566009333133,True,2025-05-01 05:00:00,0.07,0.05376228468204983,0.0,2025-05-02 00:00:00,3237.8,收盤,39.24000000000024,1.0799999999996361,0.027522935779807075,True,2025-05-01|2.5|-1
2025-05-01,3.0,21,-1,3232.07,3276.38,3241.17,35.210000000000036,93.00200000000004,0.37859400873099525,True,2025-05-01 06:15:00,0.07,0.05376228468204983,0.0,2025-05-02 00:00:00,3237.8,收盤,44.309999999999945,-5.8000000000000185,-0.13089596027984712,True,2025-05-01|3.0|-1
2025-05-01,3.5,24,-1,3229.52,3259.38,3235.72,23.66000000000031,93.00200000000004,0.2544031311154631,True,2025-05-01 07:00:00,0.07,0.05376228468204983,0.0,2025-05-02 00:00:00,3237.8,收盤,29.860000000000127,-8.3500000000002,-0.2796383121232473,True,2025-05-01|3.5|-1
2025-05-01,5.5,26,-1,3226.44,3248.46,3231.14,17.320000000000164,93.00200000000004,0.18623255413862236,True,2025-05-01 07:30:00,0.07,0.05376228468204983,0.0,2025-05-02 00:00:00,3237.8,收盤,22.019999999999982,-11.430000000000128,-0.5190735694822951,True,2025-05-01|5.5|-1
2025-05-01,9.0,46,-1,3225.83,3243.2,3233.86,9.33999999999969,93.00200000000004,0.10042794778606576,True,2025-05-01 12:30:00,0.07,0.05376228468204983,0.0,2025-05-02 00:00:00,3237.8,收盤,17.36999999999989,-12.040000000000255,-0.6931491076568987,True,2025-05-01|9.0|-1
2025-05-01,10.5,47,-1,3223.03,3236.74,3228.53,8.209999999999582,93.00200000000004,0.08827767144792131,True,2025-05-01 12:45:00,0.07,0.05376228468204983,0.0,2025-05-01 23:30:00,3236.74,停損,13.709999999999582,-13.779999999999582,-1.0051057622173598,True,2025-05-01|10.5|-1
2025-05-01,9.5,48,-1,3218.5,3240.37,3226.1,14.269999999999982,93.00200000000004,0.15343756048257,True,2025-05-01 13:00:00,0.07,0.05376228468204983,0.0,2025-05-02 00:00:00,3237.8,收盤,21.86999999999989,-19.370000000000182,-0.8856881572931083,True,2025-05-01|9.5|-1
2025-05-02,9.5,47,1,3265.96,3260.25,3246.32,13.929999999999836,90.56000000000003,0.15382067137809002,False,2025-05-02 12:45:00,0.07,0.04416961130742048,0.2391304347826087,2025-05-02 16:15:00,3246.32,停損,19.639999999999873,-19.709999999999873,-1.0035641547861507,True,2025-05-02|9.5|1
2025-05-06,6.5,38,1,3374.38,3364.22,3356.25,7.9699999999998,87.477,0.09110966311144414,True,2025-05-06 10:30:00,0.07,0.0,0.2972972972972973,2025-05-07 00:00:00,3430.26,收盤,18.13000000000011,55.81000000000011,3.0783232211803515,True,2025-05-06|6.5|1
2025-05-06,9.5,42,1,3380.8,3376.02,3362.0,14.019999999999982,87.477,0.16027069972678512,True,2025-05-06 11:30:00,0.07,0.0,0.2682926829268293,2025-05-07 00:00:00,3430.26,收盤,18.800000000000182,49.390000000000036,2.6271276595744446,True,2025-05-06|9.5|1
2025-05-08,10.5,48,-1,3331.98,3349.29,3336.13,13.159999999999854,80.415,0.16365106012559663,True,2025-05-08 13:00:00,0.07,0.012435490891002921,0.3404255319148936,2025-05-08 15:30:00,3349.29,停損,17.309999999999945,-17.379999999999946,-1.0040439052570769,True,2025-05-08|10.5|-1
2025-05-09,2.0,14,-1,3302.43,3324.01,3312.29,11.720000000000255,85.079,0.13775432245325234,True,2025-05-09 04:30:00,0.07,0.0,0.3076923076923077,2025-05-09 08:00:00,3324.01,停損,21.580000000000382,-21.650000000000382,-1.0032437442075997,True,2025-05-09|2.0|-1
2025-05-09,3.5,15,-1,3292.74,3323.04,3298.33,24.710000000000036,85.079,0.29043594776619425,True,2025-05-09 04:45:00,0.07,0.0,0.2857142857142857,2025-05-09 08:00:00,3323.04,停損,30.300000000000182,-30.370000000000182,-1.0023102310231022,True,2025-05-09|3.5|-1
2025-05-09,4.0,17,-1,3277.21,3322.47,3286.81,35.659999999999854,85.079,0.41913985824939004,True,2025-05-09 05:15:00,0.07,0.0,0.25,2025-05-09 08:00:00,3322.47,停損,45.25999999999976,-45.329999999999764,-1.0015466195315952,True,2025-05-09|4.0|-1
2025-05-12,2.0,13,-1,3261.74,3289.02,3266.0,23.019999999999982,81.78699999999999,0.28146282416520946,False,2025-05-12 04:15:00,0.07,0.28121828652475334,0.0,2025-05-13 00:00:00,3234.19,收盤,27.2800000000002,27.479999999999727,1.007331378299103,True,2025-05-12|2.0|-1
2025-05-12,6.5,31,-1,3271.12,3284.73,3278.22,6.510000000000218,81.78699999999999,0.07959700196853069,False,2025-05-12 08:45:00,0.07,0.28121828652475334,0.0,2025-05-13 00:00:00,3234.19,收盤,13.610000000000127,36.859999999999836,2.708302718589235,True,2025-05-12|6.5|-1
2025-05-12,7.5,37,-1,3246.57,3279.63,3272.16,7.470000000000255,81.78699999999999,0.09133480871043388,False,2025-05-12 10:15:00,0.07,0.28121828652475334,0.0,2025-05-13 00:00:00,3234.19,收盤,33.059999999999945,12.310000000000109,0.3723532970356966,True,2025-05-12|7.5|-1
2025-05-12,9.5,48,-1,3215.22,3280.54,3219.37,61.17000000000007,81.78699999999999,0.7479183733356166,False,2025-05-12 13:00:00,0.07,0.28121828652475334,0.0,2025-05-13 00:00:00,3234.19,收盤,65.32000000000016,-19.040000000000255,-0.29148805878751083,True,2025-05-12|9.5|-1
2025-05-12,10.0,51,-1,3211.52,3277.93,3216.21,61.7199999999998,81.78699999999999,0.7546431584481618,False,2025-05-12 13:45:00,0.07,0.28121828652475334,0.0,2025-05-13 00:00:00,3234.19,收盤,66.40999999999985,-22.740000000000073,-0.34241831049540916,True,2025-05-12|10.0|-1
2025-05-15,2.0,16,-1,3172.43,3187.29,3181.23,6.059999999999945,87.99599999999991,0.06886676667121178,True,2025-05-15 05:00:00,0.07,0.03409245874812495,0.8,2025-05-15 16:00:00,3187.29,停損,14.860000000000127,-14.930000000000128,-1.0047106325706594,True,2025-05-15|2.0|-1
2025-05-15,5.0,27,-1,3144.33,3175.58,3150.3,25.279999999999745,87.99599999999991,0.28728578571753,True,2025-05-15 07:45:00,0.07,0.03409245874812495,0.46153846153846156,2025-05-15 13:30:00,3175.58,停損,31.25,-31.32,-1.00224,True,2025-05-15|5.0|-1
2025-05-15,5.5,28,-1,3138.54,3165.98,3148.41,17.570000000000164,87.99599999999991,0.19966816673485366,True,2025-05-15 08:00:00,0.07,0.03409245874812495,0.4444444444444444,2025-05-15 12:15:00,3165.98,停損,27.440000000000055,-27.510000000000055,-1.0025510204081634,True,2025-05-15|5.5|-1
2025-05-15,7.0,32,-1,3129.04,3152.67,3135.62,17.050000000000182,87.99599999999991,0.19375880721851219,True,2025-05-15 09:00:00,0.07,0.03409245874812495,0.3870967741935484,2025-05-15 10:00:00,3152.67,停損,23.63000000000011,-23.70000000000011,-1.002962336013542,True,2025-05-15|7.0|-1
2025-05-15,9.5,39,-1,3132.3,3153.97,3137.79,16.179999999999836,87.99599999999991,0.18387199418155203,True,2025-05-15 10:45:00,0.07,0.03409245874812495,0.3157894736842105,2025-05-15 11:45:00,3153.97,停損,21.669999999999618,-21.73999999999962,-1.0032302722658053,True,2025-05-15|9.5|-1
2025-05-16,6.0,33,1,3228.58,3217.46,3206.55,10.909999999999854,91.13599999999988,0.11971120084269518,True,2025-05-16 09:15:00,0.07,0.0,0.625,2025-05-16 10:30:00,3206.55,停損,22.029999999999745,-22.099999999999746,-1.00317748524739,True,2025-05-16|6.0|1
2025-05-21,2.0,11,1,3302.16,3296.86,3288.63,8.230000000000018,89.16199999999985,0.0923038962786841,True,2025-05-21 03:45:00,0.07,0.0,0.6,2025-05-21 04:30:00,3288.63,停損,13.529999999999745,-13.599999999999746,-1.0051736881005175,True,2025-05-21|2.0|1
2025-05-21,4.5,22,1,3307.85,3299.44,3286.71,12.730000000000018,89.16199999999985,0.14277382741526704,True,2025-05-21 06:30:00,0.07,0.011215540252573986,0.6190476190476191,2025-05-22 00:00:00,3315.24,收盤,21.139999999999873,7.319999999999872,0.3462630085146602,True,2025-05-21|4.5|1
2025-05-21,5.0,31,1,3312.6,3305.34,3289.44,15.900000000000091,89.16199999999985,0.1783270900159274,True,2025-05-21 08:45:00,0.07,0.011215540252573986,0.43333333333333335,2025-05-22 00:00:00,3315.24,收盤,23.159999999999854,2.569999999999873,0.1109671848013769,True,2025-05-21|5.0|1
2025-05-21,5.5,32,1,3316.38,3308.2,3293.53,14.669999999999618,89.16199999999985,0.16453197550525608,True,2025-05-21 09:00:00,0.07,0.011215540252573986,0.41935483870967744,2025-05-21 15:30:00,3293.53,停損,22.84999999999991,-22.91999999999991,-1.0030634573304158,True,2025-05-21|5.5|1
2025-05-22,2.0,14,1,3338.36,3324.25,3317.42,6.829999999999927,85.31499999999987,0.08005626208755715,True,2025-05-22 04:30:00,0.07,0.011721268241223718,0.0,2025-05-22 11:45:00,3317.42,停損,20.940000000000055,-21.010000000000055,-1.0033428844317096,True,2025-05-22|2.0|1
2025-05-22,3.5,19,1,3343.59,3339.17,3319.82,19.34999999999991,85.31499999999987,0.22680654046767787,True,2025-05-22 05:45:00,0.07,0.011721268241223718,0.0,2025-05-22 11:30:00,3319.82,停損,23.769999999999982,-23.839999999999982,-1.0029448885149348,True,2025-05-22|3.5|1
2025-05-27,8.0,36,-1,3308.65,3332.75,3316.1,16.65000000000009,71.52199999999989,0.2327955034814479,True,2025-05-27 10:00:00,0.07,0.013981711920807605,0.2571428571428571,2025-05-28 00:00:00,3300.1,收盤,24.09999999999991,8.480000000000182,0.3518672199170213,True,2025-05-27|8.0|-1
2025-05-27,9.0,40,-1,3296.34,3328.37,3305.16,23.210000000000036,71.52199999999989,0.324515533681945,True,2025-05-27 11:00:00,0.07,0.013981711920807605,0.23076923076923078,2025-05-28 00:00:00,3300.1,收盤,32.029999999999745,-3.8299999999997634,-0.11957539806430827,True,2025-05-27|9.0|-1
2025-05-29,6.5,31,-1,3268.23,3280.2,3272.45,7.75,69.05299999999988,0.11223263290515999,True,2025-05-29 08:45:00,0.07,0.04344489015683613,0.0,2025-05-29 10:30:00,3280.2,停損,11.9699999999998,-12.0399999999998,-1.0058479532163744,True,2025-05-29|6.5|-1
2025-06-02,7.0,31,1,3322.58,3318.2,3308.66,9.539999999999964,61.00199999999991,0.15638831513720824,False,2025-06-02 08:45:00,0.07,0.06557162060260328,0.0,2025-06-03 00:00:00,3381.58,收盤,13.920000000000073,58.93,4.233477011494231,True,2025-06-02|7.0|1
2025-06-02,7.5,32,1,3323.78,3319.9,3312.91,6.9900000000002365,61.00199999999991,0.11458640700305313,False,2025-06-02 09:00:00,0.07,0.06557162060260328,0.0,2025-06-03 00:00:00,3381.58,收盤,10.870000000000346,57.72999999999973,5.310947562097322,True,2025-06-02|7.5|1
2025-06-02,8.0,34,1,3337.59,3325.74,3313.88,11.859999999999673,61.00199999999991,0.1944198550867134,False,2025-06-02 09:30:00,0.07,0.06557162060260328,0.0,2025-06-03 00:00:00,3381.58,收盤,23.710000000000036,43.91999999999978,1.8523829607760318,True,2025-06-02|8.0|1
2025-06-02,8.5,35,1,3345.12,3338.02,3316.57,21.449999999999818,61.00199999999991,0.35162781548145716,False,2025-06-02 09:45:00,0.07,0.06557162060260328,0.0,2025-06-03 00:00:00,3381.58,收盤,28.549999999999727,36.390000000000036,1.2746059544658628,True,2025-06-02|8.5|1
2025-06-02,9.0,37,1,3351.39,3345.46,3323.78,21.679999999999836,61.00199999999991,0.35539818366610715,False,2025-06-02 10:15:00,0.07,0.06557162060260328,0.0,2025-06-03 00:00:00,3381.58,收盤,27.609999999999673,30.120000000000054,1.0909090909091057,True,2025-06-02|9.0|1
2025-06-09,2.0,10,-1,3310.1,3318.54,3313.44,5.099999999999909,61.20399999999999,0.08332788706620335,True,2025-06-09 03:30:00,0.07,0.04901640415659108,0.0,2025-06-09 09:30:00,3318.54,停損,8.440000000000055,-8.510000000000055,-1.0082938388625593,True,2025-06-09|2.0|-1
2025-06-09,2.5,16,-1,3295.98,3318.68,3304.64,14.039999999999964,61.20399999999999,0.22939677145284565,True,2025-06-09 05:00:00,0.07,0.04901640415659108,0.0,2025-06-09 09:30:00,3318.68,停損,22.699999999999818,-22.76999999999982,-1.0030837004405286,True,2025-06-09|2.5|-1
2025-06-09,10.0,50,-1,3316.9,3328.61,3321.56,7.050000000000182,61.20399999999999,0.115188549767992,True,2025-06-09 13:30:00,0.07,0.016338801385530358,0.7551020408163265,2025-06-09 18:30:00,3328.61,停損,11.710000000000036,-11.780000000000037,-1.0059777967549104,True,2025-06-09|10.0|-1
2025-06-12,2.5,14,1,3375.47,3370.2,3357.5,12.699999999999818,60.15700000000002,0.2111142510431008,True,2025-06-12 04:30:00,0.07,0.016623169373472742,0.0,2025-06-12 10:45:00,3357.5,停損,17.9699999999998,-18.0399999999998,-1.0038953811908737,True,2025-06-12|2.5|1
2025-06-12,2.0,19,1,3377.19,3373.61,3357.5,16.110000000000127,60.15700000000002,0.267799258606648,True,2025-06-12 05:45:00,0.07,0.016623169373472742,0.0,2025-06-12 10:45:00,3357.5,停損,19.690000000000055,-19.760000000000055,-1.0035551041137634,True,2025-06-12|2.0|1
2025-06-13,3.5,19,1,3438.05,3430.4,3403.54,26.860000000000127,57.61999999999998,0.4661575841721648,True,2025-06-13 05:45:00,0.07,0.0347101700798334,0.1111111111111111,2025-06-14 00:00:00,3434.0,收盤,34.51000000000022,-4.120000000000182,-0.11938568530861073,True,2025-06-13|3.5|1
2025-06-13,4.5,20,1,3441.35,3436.09,3422.82,13.269999999999982,57.61999999999998,0.2303019784796943,True,2025-06-13 06:00:00,0.07,0.0347101700798334,0.10526315789473684,2025-06-13 07:15:00,3422.82,停損,18.529999999999745,-18.599999999999746,-1.0037776578521318,True,2025-06-13|4.5|1
2025-06-13,10.0,41,1,3422.61,3419.03,3407.95,11.080000000000382,57.61999999999998,0.19229434224228367,True,2025-06-13 11:15:00,0.07,0.0347101700798334,0.05,2025-06-14 00:00:00,3434.0,收盤,14.66000000000031,11.319999999999872,0.7721691678035221,True,2025-06-13|10.0|1
2025-06-17,2.0,20,-1,3390.06,3402.88,3393.1,9.7800000000002,56.649999999999956,0.1726390114739666,True,2025-06-17 06:00:00,0.07,0.017652250661959412,0.5263157894736842,2025-06-18 00:00:00,3388.49,收盤,12.820000000000164,1.5000000000001636,0.11700468018721875,True,2025-06-17|2.0|-1
2025-06-17,3.0,21,-1,3384.89,3403.32,3391.61,11.710000000000036,56.649999999999956,0.20670785525154536,True,2025-06-17 06:15:00,0.07,0.017652250661959412,0.5,2025-06-18 00:00:00,3388.49,收盤,18.43000000000029,-3.669999999999909,-0.19913185024415903,True,2025-06-17|3.0|-1
2025-06-17,7.0,35,-1,3381.95,3396.33,3387.13,9.199999999999818,56.649999999999956,0.16240070609002338,True,2025-06-17 09:45:00,0.07,0.017652250661959412,0.29411764705882354,2025-06-17 13:30:00,3396.33,停損,14.38000000000011,-14.45000000000011,-1.0048678720445063,True,2025-06-17|7.0|-1
2025-06-17,10.0,44,-1,3378.91,3391.89,3383.17,8.7199999999998,56.649999999999956,0.15392762577228256,True,2025-06-17 12:00:00,0.07,0.017652250661959412,0.23255813953488372,2025-06-17 13:15:00,3391.89,停損,12.980000000000018,-13.050000000000018,-1.005392912172573,True,2025-06-17|10.0|-1
2025-06-19,8.0,33,-1,3355.74,3375.34,3360.24,15.100000000000364,54.11499999999997,0.27903538760048735,True,2025-06-19 09:15:00,0.07,0.09239582370876842,0.375,2025-06-19 13:30:00,3375.34,停損,19.600000000000364,-19.670000000000364,-1.0035714285714286,True,2025-06-19|8.0|-1
2025-06-20,5.0,21,-1,3346.67,3360.58,3351.69,8.889999999999873,51.748000000000005,0.1717940789982197,False,2025-06-20 06:15:00,0.07,0.0,0.0,2025-06-20 16:45:00,3360.58,停損,13.909999999999854,-13.979999999999855,-1.0050323508267434,True,2025-06-20|5.0|-1
2025-06-20,7.0,30,-1,3349.26,3357.88,3352.57,5.309999999999945,51.748000000000005,0.10261266135889203,False,2025-06-20 08:30:00,0.07,0.0,0.0,2025-06-20 12:45:00,3357.88,停損,8.61999999999989,-8.689999999999891,-1.0081206496519723,True,2025-06-20|7.0|-1
2025-06-20,6.5,32,-1,3344.75,3357.3,3350.88,6.420000000000073,51.748000000000005,0.1240627657107535,False,2025-06-20 09:00:00,0.07,0.0,0.0,2025-06-20 12:45:00,3357.3,停損,12.550000000000182,-12.620000000000182,-1.005577689243028,True,2025-06-20|6.5|-1
2025-06-20,6.0,35,-1,3340.99,3356.29,3344.73,11.559999999999945,51.748000000000005,0.22339027595269276,False,2025-06-20 09:45:00,0.07,0.0,0.0,2025-06-20 12:30:00,3356.29,停損,15.300000000000182,-15.370000000000182,-1.0045751633986928,True,2025-06-20|6.0|-1
2025-06-24,6.0,26,-1,3349.01,3357.93,3351.61,6.319999999999709,48.80099999999997,0.12950554291919658,True,2025-06-24 07:30:00,0.07,0.16393106698633234,0.0,2025-06-25 00:00:00,3322.98,收盤,8.919999999999618,25.9600000000002,2.9103139013454387,True,2025-06-24|6.0|-1
2025-06-24,5.0,29,-1,3341.8,3352.93,3345.95,6.980000000000018,48.80099999999997,0.14302985594557532,True,2025-06-24 08:15:00,0.07,0.16393106698633234,0.0,2025-06-25 00:00:00,3322.98,收盤,11.129999999999654,18.750000000000163,1.6846361185984497,True,2025-06-24|5.0|-1
2025-06-24,4.5,30,-1,3338.55,3352.93,3342.22,10.710000000000036,48.80099999999997,0.21946271592795316,True,2025-06-24 08:30:00,0.07,0.16393106698633234,0.0,2025-06-25 00:00:00,3322.98,收盤,14.379999999999654,15.500000000000163,1.0778859527121374,True,2025-06-24|4.5|-1
2025-06-24,7.5,31,-1,3332.99,3349.6,3337.81,11.789999999999964,48.80099999999997,0.24159340997110654,True,2025-06-24 08:45:00,0.07,0.16393106698633234,0.0,2025-06-25 00:00:00,3322.98,收盤,16.610000000000127,9.939999999999763,0.5984346779048577,True,2025-06-24|7.5|-1
2025-06-24,8.0,34,-1,3322.55,3348.83,3326.71,22.11999999999989,48.80099999999997,0.4532694002172067,True,2025-06-24 09:30:00,0.07,0.16393106698633234,0.0,2025-06-25 00:00:00,3322.98,收盤,26.279999999999745,-0.4999999999998363,-0.019025875190252707,True,2025-06-24|8.0|-1
2025-06-24,8.5,35,-1,3317.64,3339.69,3322.01,17.679999999999836,48.80099999999997,0.3622876580397911,True,2025-06-24 09:45:00,0.07,0.16393106698633234,0.0,2025-06-25 00:00:00,3322.98,收盤,22.050000000000182,-5.410000000000146,-0.24535147392290707,True,2025-06-24|8.5|-1
2025-06-24,10.5,48,-1,3318.52,3332.41,3321.85,10.559999999999945,48.80099999999997,0.21638900842195757,True,2025-06-24 13:00:00,0.07,0.16393106698633234,0.0,2025-06-25 00:00:00,3322.98,收盤,13.889999999999873,-4.530000000000037,-0.32613390928726266,True,2025-06-24|10.5|-1
2025-06-27,2.0,19,-1,3311.81,3323.7,3316.31,7.389999999999873,47.52500000000005,0.15549710678589931,True,2025-06-27 05:45:00,0.07,0.08416622830089418,0.0,2025-06-28 00:00:00,3275.03,收盤,11.889999999999873,36.709999999999745,3.0874684608915173,True,2025-06-27|2.0|-1
2025-06-27,2.5,20,-1,3308.88,3322.02,3313.62,8.400000000000091,47.52500000000005,0.1767490794318797,True,2025-06-27 06:00:00,0.07,0.08416622830089418,0.0,2025-06-28 00:00:00,3275.03,收盤,13.139999999999873,33.77999999999991,2.5707762557077807,True,2025-06-27|2.5|-1
2025-06-27,5.0,21,-1,3304.98,3320.4,3308.59,11.809999999999945,47.52500000000005,0.24850078905838893,True,2025-06-27 06:15:00,0.07,0.08416622830089418,0.0,2025-06-28 00:00:00,3275.03,收盤,15.420000000000073,29.879999999999818,1.9377431906614577,True,2025-06-27|5.0|-1
2025-06-27,5.5,24,-1,3294.39,3314.1,3299.47,14.63000000000011,47.52500000000005,0.30783798001052276,True,2025-06-27 07:00:00,0.07,0.08416622830089418,0.0,2025-06-28 00:00:00,3275.03,收盤,19.710000000000036,19.289999999999672,0.9786910197868918,True,2025-06-27|5.5|-1
2025-06-27,6.0,35,-1,3288.39,3311.09,3292.63,18.460000000000036,47.52500000000005,0.3884271436086274,True,2025-06-27 09:45:00,0.07,0.08416622830089418,0.0,2025-06-28 00:00:00,3275.03,收盤,22.700000000000273,13.289999999999672,0.5854625550660578,True,2025-06-27|6.0|-1
2025-06-27,7.5,40,-1,3284.51,3299.59,3289.19,10.400000000000091,47.52500000000005,0.21883219358232678,True,2025-06-27 11:00:00,0.07,0.08416622830089418,0.0,2025-06-28 00:00:00,3275.03,收盤,15.079999999999927,9.410000000000018,0.624005305039792,True,2025-06-27|7.5|-1
2025-07-01,2.0,13,1,3318.86,3312.54,3308.64,3.900000000000091,47.360000000000085,0.08234797297297475,True,2025-07-01 04:15:00,0.07,0.04222972972972965,0.0,2025-07-02 00:00:00,3338.9,收盤,10.220000000000255,19.969999999999963,1.9540117416829224,True,2025-07-01|2.0|1
2025-07-01,5.0,26,1,3322.81,3319.41,3314.49,4.920000000000073,47.360000000000085,0.10388513513513649,True,2025-07-01 07:30:00,0.07,0.04222972972972965,0.0,2025-07-02 00:00:00,3338.9,收盤,8.320000000000164,16.020000000000145,1.9254807692307487,True,2025-07-01|5.0|1
2025-07-01,4.5,29,1,3328.41,3321.08,3314.49,6.5900000000001455,47.360000000000085,0.1391469594594623,True,2025-07-01 08:15:00,0.07,0.04222972972972965,0.0,2025-07-02 00:00:00,3338.9,收盤,13.920000000000073,10.420000000000236,0.7485632183908176,True,2025-07-01|4.5|1
2025-07-01,7.5,37,1,3336.29,3330.11,3322.05,8.059999999999945,47.360000000000085,0.17018581081080936,True,2025-07-01 10:15:00,0.07,0.04222972972972965,0.0,2025-07-02 00:00:00,3338.9,收盤,14.239999999999782,2.5400000000001275,0.1783707865168656,True,2025-07-01|7.5|1
2025-07-01,9.0,38,1,3338.71,3334.55,3325.1,9.450000000000273,47.360000000000085,0.19953547297297838,True,2025-07-01 10:30:00,0.07,0.04222972972972965,0.0,2025-07-02 00:00:00,3338.9,收盤,13.610000000000127,0.12000000000005456,0.008817046289496946,True,2025-07-01|9.0|1
2025-07-01,9.5,46,1,3343.12,3338.86,3327.4,11.460000000000036,47.360000000000085,0.24197635135135168,True,2025-07-01 12:30:00,0.07,0.04222972972972965,0.0,2025-07-02 00:00:00,3338.9,收盤,15.7199999999998,-4.2899999999998,-0.2729007633587694,True,2025-07-01|9.5|1
2025-07-01,10.5,47,1,3345.91,3342.17,3333.57,8.599999999999909,47.360000000000085,0.18158783783783558,True,2025-07-01 12:45:00,0.07,0.04222972972972965,0.0,2025-07-02 00:00:00,3338.9,收盤,12.33999999999969,-7.079999999999764,-0.5737439222042092,True,2025-07-01|10.5|1
2025-07-07,4.5,19,-1,3309.6,3320.0,3312.09,7.9099999999998545,48.80600000000013,0.1620702372659065,False,2025-07-07 05:45:00,0.07,0.08195713641765334,0.0,2025-07-07 18:00:00,3320.0,停損,10.400000000000091,-10.470000000000091,-1.0067307692307692,True,2025-07-07|4.5|-1
2025-07-07,7.0,40,-1,3302.26,3312.36,3305.31,7.050000000000182,48.80600000000013,0.14444945293611774,False,2025-07-07 11:00:00,0.07,0.08195713641765334,0.0,2025-07-07 11:45:00,3312.36,停損,10.099999999999909,-10.16999999999991,-1.006930693069307,True,2025-07-07|7.0|-1
2025-07-08,6.5,30,1,3335.75,3333.17,3329.53,3.6399999999998727,48.47400000000016,0.07509180179064778,True,2025-07-08 08:30:00,0.07,0.04125923175310462,0.9310344827586207,2025-07-08 11:15:00,3329.53,停損,6.2199999999998,-6.2899999999998,-1.011254019292605,True,2025-07-08|6.5|1
2025-07-09,7.5,32,-1,3289.43,3297.91,3291.91,6.0,46.89200000000019,0.1279535954960329,True,2025-07-09 09:00:00,0.07,0.02132559924933882,0.25806451612903225,2025-07-09 16:15:00,3297.91,停損,8.480000000000018,-8.550000000000018,-1.008254716981132,True,2025-07-09|7.5|-1
2025-07-09,7.0,33,-1,3288.01,3296.43,3291.23,5.199999999999818,46.89200000000019,0.11089311609655798,True,2025-07-09 09:15:00,0.07,0.02132559924933882,0.25,2025-07-09 16:00:00,3296.43,停損,8.419999999999618,-8.489999999999618,-1.0083135391923994,True,2025-07-09|7.0|-1
2025-07-09,6.5,34,-1,3287.48,3296.15,3289.95,6.200000000000273,46.89200000000019,0.1322187153459065,True,2025-07-09 09:30:00,0.07,0.02132559924933882,0.24242424242424243,2025-07-09 16:00:00,3296.15,停損,8.670000000000073,-8.740000000000073,-1.0080738177623991,True,2025-07-09|6.5|-1
2025-07-09,8.0,42,-1,3285.97,3297.91,3289.03,8.879999999999654,46.89200000000019,0.18937132133412135,True,2025-07-09 11:30:00,0.07,0.02132559924933882,0.1951219512195122,2025-07-09 16:15:00,3297.91,停損,11.940000000000055,-12.010000000000055,-1.0058626465661642,True,2025-07-09|8.0|-1
2025-07-10,2.0,14,1,3324.12,3319.74,3315.78,3.9599999999995816,47.7800000000002,0.08287986605273263,True,2025-07-10 04:30:00,0.07,0.06278777731268287,0.0,2025-07-10 07:00:00,3315.78,停損,8.33999999999969,-8.409999999999691,-1.008393285371703,True,2025-07-10|2.0|1
2025-07-10,6.0,29,1,3324.06,3320.21,3315.43,4.7800000000002,47.7800000000002,0.10004185851821222,True,2025-07-10 08:15:00,0.07,0.04185851820845524,0.0,2025-07-10 17:00:00,3315.43,停損,8.63000000000011,-8.70000000000011,-1.0081112398609502,True,2025-07-10|6.0|1
2025-07-10,7.0,36,1,3325.31,3322.58,3314.88,7.699999999999818,47.7800000000002,0.1611552951025489,True,2025-07-10 10:00:00,0.07,0.04185851820845524,0.0,2025-07-10 17:00:00,3314.88,停損,10.429999999999836,-10.499999999999837,-1.0067114093959733,True,2025-07-10|7.0|1
2025-07-10,8.0,44,1,3328.68,3325.07,3320.63,4.440000000000055,47.7800000000002,0.09292591042277179,True,2025-07-10 12:00:00,0.07,0.04185851820845524,0.0,2025-07-10 15:00:00,3320.63,停損,8.049999999999727,-8.119999999999727,-1.0086956521739134,True,2025-07-10|8.0|1
2025-07-11,4.5,22,1,3335.91,3332.69,3327.17,5.519999999999982,45.757000000000154,0.12063727954192721,True,2025-07-11 06:30:00,0.07,0.043709159254321596,0.14285714285714285,2025-07-12 00:00:00,3355.11,收盤,8.739999999999782,19.130000000000273,2.188787185354777,True,2025-07-11|4.5|1
2025-07-11,5.0,30,1,3340.28,3335.13,3327.17,7.960000000000036,45.757000000000154,0.17396245383220074,True,2025-07-11 08:30:00,0.07,0.043709159254321596,0.10344827586206896,2025-07-12 00:00:00,3355.11,收盤,13.110000000000127,14.759999999999927,1.1258581235697775,True,2025-07-11|5.0|1
2025-07-11,9.5,50,1,3345.8,3343.49,3331.19,12.299999999999727,45.757000000000154,0.2688113294140719,True,2025-07-11 13:30:00,0.07,0.043709159254321596,0.061224489795918366,2025-07-12 00:00:00,3355.11,收盤,14.610000000000127,9.239999999999945,0.6324435318275061,True,2025-07-11|9.5|1
2025-07-11,10.5,51,1,3347.27,3343.81,3334.48,9.329999999999927,45.757000000000154,0.20390322792140866,True,2025-07-11 13:45:00,0.07,0.043709159254321596,0.06,2025-07-12 00:00:00,3355.11,收盤,12.789999999999964,7.770000000000145,0.6075058639562289,True,2025-07-11|10.5|1
2025-07-14,9.0,38,1,3374.7,3369.71,3356.64,13.070000000000164,43.212000000000174,0.30246227899657757,True,2025-07-14 10:30:00,0.07,0.02314171989262233,0.7837837837837838,2025-07-14 15:45:00,3356.64,停損,18.059999999999945,-18.129999999999946,-1.003875968992248,True,2025-07-14|9.0|1
2025-07-16,2.5,20,-1,3326.22,3331.79,3328.86,2.9299999999998363,39.479000000000134,0.07421667215481209,True,2025-07-16 06:00:00,0.07,0.025329922237138647,0.7368421052631579,2025-07-16 06:30:00,3331.79,停損,5.570000000000164,-5.640000000000164,-1.0125673249551164,True,2025-07-16|2.5|-1
2025-07-21,10.5,54,1,3373.58,3367.62,3363.13,4.489999999999782,41.64000000000006,0.10782901056675734,True,2025-07-21 14:30:00,0.07,0.02401536983669545,0.018867924528301886,2025-07-22 00:00:00,3397.5,收盤,10.449999999999818,23.850000000000072,2.28229665071775,True,2025-07-21|10.5|1
2025-07-23,5.0,22,1,3427.93,3424.97,3419.33,5.639999999999873,41.78600000000006,0.1349734360790663,True,2025-07-23 06:30:00,0.07,0.023931460297707333,0.8571428571428571,2025-07-23 08:45:00,3419.33,停損,8.599999999999909,-8.66999999999991,-1.008139534883721,True,2025-07-23|5.0|1
2025-07-23,10.5,46,1,3431.75,3428.35,3420.01,8.33999999999969,41.78600000000006,0.19958837888287176,True,2025-07-23 12:30:00,0.07,0.023931460297707333,0.6888888888888889,2025-07-23 16:00:00,3420.01,停損,11.739999999999782,-11.809999999999782,-1.005962521294719,True,2025-07-23|10.5|1
2025-07-24,2.0,17,-1,3382.17,3391.5,3386.51,4.989999999999782,44.098,0.11315705927705977,True,2025-07-24 05:15:00,0.07,0.0,0.75,2025-07-25 00:00:00,3368.17,收盤,9.329999999999927,13.93,1.4930332261522088,True,2025-07-24|2.0|-1
2025-07-24,3.5,21,-1,3379.17,3393.42,3384.09,9.329999999999927,44.098,0.21157422105310733,True,2025-07-24 06:15:00,0.07,0.0,0.6,2025-07-25 00:00:00,3368.17,收盤,14.25,10.93,0.7670175438596492,True,2025-07-24|3.5|-1
2025-07-24,5.0,31,-1,3377.68,3388.99,3380.68,8.309999999999945,44.098,0.18844392035919874,True,2025-07-24 08:45:00,0.07,0.0,0.4,2025-07-25 00:00:00,3368.17,收盤,11.309999999999945,9.439999999999763,0.8346595932802661,True,2025-07-24|5.0|-1
2025-07-24,6.5,33,-1,3375.5,3386.04,3379.21,6.829999999999927,44.098,0.15488230758764404,True,2025-07-24 09:15:00,0.07,0.0,0.375,2025-07-25 00:00:00,3368.17,收盤,10.539999999999964,7.259999999999927,0.6888045540796919,True,2025-07-24|6.5|-1
2025-07-24,5.5,34,-1,3371.98,3388.66,3374.63,14.029999999999745,44.098,0.31815501836817417,True,2025-07-24 09:30:00,0.07,0.0,0.36363636363636365,2025-07-25 00:00:00,3368.17,收盤,16.679999999999836,3.7399999999999456,0.22422062350119798,True,2025-07-24|5.5|-1
2025-07-24,8.5,40,-1,3367.68,3381.89,3371.48,10.409999999999854,44.098,0.23606512767018584,True,2025-07-24 11:00:00,0.07,0.0,0.3076923076923077,2025-07-25 00:00:00,3368.17,收盤,14.210000000000036,-0.5600000000002365,-0.039408866995090434,True,2025-07-24|8.5|-1
2025-07-24,10.0,46,-1,3363.2,3377.56,3366.11,11.449999999999818,44.098,0.2596489636718177,True,2025-07-24 12:30:00,0.07,0.0,0.26666666666666666,2025-07-25 00:00:00,3368.17,收盤,14.360000000000127,-5.040000000000255,-0.3509749303621316,True,2025-07-24|10.0|-1
2025-07-25,10.5,52,-1,3342.89,3358.96,3345.59,13.36999999999989,46.277000000000044,0.2889124186961099,True,2025-07-25 14:00:00,0.07,0.0,0.21568627450980393,2025-07-26 00:00:00,3336.59,收盤,16.070000000000164,6.229999999999727,0.38767890479151607,True,2025-07-25|10.5|-1
2025-08-04,4.5,23,1,3357.95,3355.27,3346.63,8.639999999999873,51.28600000000006,0.16846702803883834,True,2025-08-04 06:45:00,0.07,0.019498498615606576,0.5909090909090909,2025-08-05 00:00:00,3373.48,收盤,11.319999999999709,15.4600000000002,1.3657243816254945,True,2025-08-04|4.5|1
2025-08-04,10.5,53,1,3363.86,3359.93,3351.73,8.199999999999818,51.28600000000006,0.15988768864797037,True,2025-08-04 14:15:00,0.07,0.019498498615606576,0.25,2025-08-05 00:00:00,3373.48,收盤,12.13000000000011,9.54999999999989,0.7873042044517563,True,2025-08-04|10.5|1
2025-08-11,7.0,33,-1,3373.38,3379.95,3375.62,4.329999999999927,43.617000000000054,0.09927321915766608,True,2025-08-11 09:15:00,0.07,0.1834147236169381,0.0,2025-08-12 00:00:00,3342.45,收盤,6.569999999999709,30.86000000000029,4.697108066971333,True,2025-08-11|7.0|-1
2025-08-11,5.5,34,-1,3366.52,3380.05,3374.03,6.019999999999982,43.617000000000054,0.1380195795217455,True,2025-08-11 09:30:00,0.07,0.1834147236169381,0.0,2025-08-12 00:00:00,3342.45,收盤,13.5300000000002,24.000000000000163,1.7738359201773695,True,2025-08-11|5.5|-1
2025-08-11,8.5,37,-1,3363.14,3378.89,3365.99,12.900000000000091,43.617000000000054,0.2957562418323148,True,2025-08-11 10:15:00,0.07,0.1834147236169381,0.0,2025-08-12 00:00:00,3342.45,收盤,15.75,20.620000000000054,1.3092063492063526,True,2025-08-11|8.5|-1
2025-08-11,9.0,40,-1,3360.24,3377.22,3363.76,13.459999999999582,43.617000000000054,0.3085952724854888,True,2025-08-11 11:00:00,0.07,0.1834147236169381,0.0,2025-08-12 00:00:00,3342.45,收盤,16.980000000000018,17.719999999999963,1.0435806831566516,True,2025-08-11|9.0|-1
2025-08-11,9.5,45,-1,3356.03,3369.42,3359.59,9.829999999999927,43.617000000000054,0.22537084164431104,True,2025-08-11 12:15:00,0.07,0.1834147236169381,0.0,2025-08-12 00:00:00,3342.45,收盤,13.389999999999873,13.510000000000382,1.0089619118745714,True,2025-08-11|9.5|-1
2025-08-11,10.0,48,-1,3353.43,3366.46,3357.15,9.309999999999945,43.617000000000054,0.2134488846092105,True,2025-08-11 13:00:00,0.07,0.1834147236169381,0.0,2025-08-12 00:00:00,3342.45,收盤,13.0300000000002,10.910000000000018,0.8372985418265426,True,2025-08-11|10.0|-1
2025-08-18,8.5,37,1,3353.78,3351.57,3346.22,5.350000000000364,35.96799999999998,0.1487433274021454,False,2025-08-18 10:15:00,0.07,0.05560498220640572,0.1388888888888889,2025-08-18 11:15:00,3346.22,停損,7.5600000000004,-7.6300000000004005,-1.0092592592592589,True,2025-08-18|8.5|1
2025-08-22,6.5,35,-1,3326.2,3335.4,3329.23,6.170000000000073,34.59699999999998,0.1783391623551197,True,2025-08-22 09:45:00,0.07,0.0,0.058823529411764705,2025-08-22 16:45:00,3335.4,停損,9.200000000000273,-9.270000000000273,-1.0076086956521737,True,2025-08-22|6.5|-1
2025-09-01,6.5,33,1,3482.48,3479.55,3471.33,8.220000000000255,36.056999999999974,0.22797237706964696,True,2025-09-01 09:15:00,0.07,0.027733865823557167,0.40625,2025-09-01 10:30:00,3471.33,停損,11.150000000000091,-11.220000000000091,-1.0062780269058296,True,2025-09-01|6.5|1
2025-09-01,8.0,34,1,3485.46,3482.93,3474.38,8.549999999999727,36.056999999999974,0.2371245527914062,True,2025-09-01 09:30:00,0.07,0.027733865823557167,0.3939393939393939,2025-09-01 10:30:00,3474.38,停損,11.079999999999927,-11.149999999999928,-1.006317689530686,True,2025-09-01|8.0|1
2025-09-03,2.0,10,1,3537.31,3533.11,3526.29,6.820000000000164,41.80799999999995,0.1631266743207083,True,2025-09-03 03:30:00,0.07,0.0,0.6666666666666666,2025-09-04 00:00:00,3559.73,收盤,11.019999999999982,22.350000000000072,2.028130671506362,True,2025-09-03|2.0|1
2025-09-03,6.0,27,1,3537.44,3533.51,3529.39,4.120000000000346,41.80799999999995,0.09854573287409947,True,2025-09-03 07:45:00,0.07,0.0,0.23076923076923078,2025-09-03 09:00:00,3529.39,停損,8.050000000000182,-8.120000000000182,-1.008695652173913,True,2025-09-03|6.0|1
2025-09-03,8.0,42,1,3541.06,3537.96,3526.93,11.0300000000002,41.80799999999995,0.2638251052430208,True,2025-09-03 11:30:00,0.07,0.0,0.14634146341463414,2025-09-04 00:00:00,3559.73,收盤,14.13000000000011,18.600000000000072,1.316348195329082,True,2025-09-03|8.0|1
2025-09-03,10.5,53,1,3546.31,3541.2,3531.7,9.5,41.80799999999995,0.22722923842326856,True,2025-09-03 14:15:00,0.07,0.0,0.11538461538461539,2025-09-04 00:00:00,3559.73,收盤,14.610000000000127,13.350000000000072,0.9137577002053358,True,2025-09-03|10.5|1
2025-09-08,9.0,37,1,3604.64,3598.82,3589.43,9.390000000000327,45.98499999999994,0.204197020767649,True,2025-09-08 10:15:00,0.07,0.04349244318799614,0.0,2025-09-09 00:00:00,3635.29,收盤,15.210000000000036,30.58000000000009,2.010519395134781,True,2025-09-08|9.0|1
2025-09-08,9.5,39,1,3612.94,3610.29,3593.31,16.980000000000018,45.98499999999994,0.3692508426660876,True,2025-09-08 10:45:00,0.07,0.04349244318799614,0.0,2025-09-09 00:00:00,3635.29,收盤,19.63000000000011,22.27999999999991,1.1349974528782367,True,2025-09-08|9.5|1
2025-09-08,10.0,49,1,3621.0,3613.62,3596.41,17.210000000000036,45.98499999999994,0.3742524736327076,True,2025-09-08 13:15:00,0.07,0.04349244318799614,0.0,2025-09-09 00:00:00,3635.29,收盤,24.590000000000146,14.219999999999963,0.5782838552256966,True,2025-09-08|10.0|1
2025-09-11,8.5,45,-1,3618.8,3634.33,3622.88,11.449999999999818,53.146999999999935,0.21544019417840768,False,2025-09-11 12:15:00,0.07,0.018815737482830663,0.3181818181818182,2025-09-11 15:45:00,3634.33,停損,15.529999999999745,-15.599999999999746,-1.004507405022537,True,2025-09-11|8.5|-1
2025-09-12,4.5,24,1,3652.96,3650.23,3642.52,7.710000000000036,52.93999999999992,0.14563656970154984,False,2025-09-12 07:00:00,0.07,0.0,0.43478260869565216,2025-09-12 12:00:00,3642.52,停損,10.440000000000055,-10.510000000000055,-1.0067049808429118,True,2025-09-12|4.5|1
2025-09-12,5.0,26,1,3654.72,3650.94,3644.93,6.010000000000218,52.93999999999992,0.1135247449943375,False,2025-09-12 07:30:00,0.07,0.0,0.4,2025-09-12 11:15:00,3644.93,停損,9.789999999999964,-9.859999999999964,-1.007150153217569,True,2025-09-12|5.0|1
2025-09-12,5.5,29,1,3656.07,3652.44,3646.19,6.25,52.93999999999992,0.1180581790706462,False,2025-09-12 08:15:00,0.07,0.0,0.35714285714285715,2025-09-12 11:15:00,3646.19,停損,9.88000000000011,-9.95000000000011,-1.007085020242915,True,2025-09-12|5.5|1
2025-09-15,2.0,11,-1,3634.15,3642.25,3636.91,5.3400000000001455,50.57799999999993,0.10557950096880368,False,2025-09-15 03:45:00,0.07,0.03954288425797783,0.0,2025-09-15 05:30:00,3642.25,停損,8.099999999999909,-8.16999999999991,-1.0086419753086422,True,2025-09-15|2.0|-1
2025-09-15,2.5,13,-1,3628.73,3642.6,3634.94,7.6599999999998545,50.57799999999993,0.1514492467080522,False,2025-09-15 04:15:00,0.07,0.03954288425797783,0.0,2025-09-15 05:30:00,3642.6,停損,13.86999999999989,-13.939999999999891,-1.0050468637346792,True,2025-09-15|2.5|-1
2025-09-16,2.0,10,1,3683.64,3680.5,3676.25,4.25,51.21299999999992,0.08298674164762866,True,2025-09-16 03:30:00,0.07,0.0,0.7777777777777778,2025-09-16 06:00:00,3676.25,停損,7.389999999999873,-7.459999999999873,-1.009472259810555,True,2025-09-16|2.0|1
2025-09-16,2.5,12,1,3686.42,3683.76,3676.25,7.510000000000218,51.21299999999992,0.14664245406440218,True,2025-09-16 04:00:00,0.07,0.0,0.6363636363636364,2025-09-16 06:00:00,3676.25,停損,10.170000000000073,-10.240000000000073,-1.0068829891838742,True,2025-09-16|2.5|1
2025-09-16,5.5,34,1,3685.36,3682.07,3674.63,7.440000000000055,51.21299999999992,0.14527561361373217,True,2025-09-16 09:30:00,0.07,0.03905258430476643,0.5757575757575758,2025-09-17 00:00:00,3690.12,收盤,10.730000000000018,4.689999999999763,0.43709226467844875,True,2025-09-16|5.5|1
2025-09-16,6.0,35,1,3689.96,3683.15,3677.05,6.099999999999909,51.21299999999992,0.11911038212953583,True,2025-09-16 09:45:00,0.07,0.03905258430476643,0.5588235294117647,2025-09-17 00:00:00,3690.12,收盤,12.909999999999854,0.08999999999985447,0.0069713400464644065,True,2025-09-16|6.0|1
2025-09-16,9.0,48,1,3698.38,3694.21,3681.72,12.490000000000236,51.21299999999992,0.24388338898327094,True,2025-09-16 13:00:00,0.07,0.03905258430476643,0.40425531914893614,2025-09-16 18:15:00,3681.72,停損,16.66000000000031,-16.73000000000031,-1.004201680672269,True,2025-09-16|9.0|1
2025-09-17,9.0,38,-1,3667.61,3680.08,3670.47,9.610000000000127,47.07199999999993,0.20415533650578138,False,2025-09-17 10:30:00,0.07,0.0,0.21621621621621623,2025-09-17 16:45:00,3680.08,停損,12.4699999999998,-12.5399999999998,-1.0056134723336008,True,2025-09-17|9.0|-1
2025-09-17,9.5,43,-1,3664.06,3677.32,3666.91,10.41000000000031,47.07199999999993,0.22115057783821218,False,2025-09-17 11:45:00,0.07,0.0,0.19047619047619047,2025-09-17 16:00:00,3677.32,停損,13.260000000000218,-13.330000000000219,-1.0052790346907994,True,2025-09-17|9.5|-1
2025-09-18,7.0,33,-1,3637.17,3659.31,3653.5,5.809999999999945,47.993999999999915,0.12105679876651156,True,2025-09-18 09:15:00,0.07,0.020835937825561566,0.15625,2025-09-18 11:00:00,3659.31,停損,22.139999999999873,-22.209999999999873,-1.0031616982836495,True,2025-09-18|7.0|-1
2025-09-22,2.0,13,1,3694.68,3690.47,3685.82,4.649999999999636,46.53099999999995,0.09993337774816018,True,2025-09-22 04:15:00,0.07,0.04298209795620129,0.0,2025-09-22 06:00:00,3685.82,停損,8.859999999999673,-8.929999999999673,-1.0079006772009032,True,2025-09-22|2.0|1
2025-09-22,4.5,30,1,3696.36,3693.38,3686.76,6.619999999999891,46.53099999999995,0.14227074423502392,True,2025-09-22 08:30:00,0.07,0.04298209795620129,0.0,2025-09-23 00:00:00,3747.05,收盤,9.599999999999909,50.620000000000054,5.272916666666722,True,2025-09-22|4.5|1
2025-09-22,7.0,31,1,3698.41,3695.9,3690.16,5.7400000000002365,46.53099999999995,0.12335862113430278,True,2025-09-22 08:45:00,0.07,0.04298209795620129,0.0,2025-09-23 00:00:00,3747.05,收盤,8.25,48.57000000000033,5.887272727272767,True,2025-09-22|7.0|1
2025-09-22,6.0,33,1,3700.62,3697.45,3686.08,11.36999999999989,46.53099999999995,0.24435322688100197,True,2025-09-22 09:15:00,0.07,0.04298209795620129,0.0,2025-09-23 00:00:00,3747.05,收盤,14.539999999999964,46.36000000000029,3.1884456671251997,True,2025-09-22|6.0|1
2025-09-22,8.0,34,1,3706.25,3700.24,3691.98,8.259999999999764,46.53099999999995,0.17751606455910623,True,2025-09-22 09:30:00,0.07,0.04298209795620129,0.0,2025-09-23 00:00:00,3747.05,收盤,14.269999999999982,40.73000000000018,2.8542396636300094,True,2025-09-22|8.0|1
2025-09-22,8.5,35,1,3717.03,3706.48,3695.59,10.889999999999873,46.53099999999995,0.2340375233715133,True,2025-09-22 09:45:00,0.07,0.04298209795620129,0.0,2025-09-23 00:00:00,3747.05,收盤,21.440000000000055,29.94999999999998,1.3969216417910404,True,2025-09-22|8.5|1
2025-09-22,10.0,43,1,3722.05,3716.33,3708.68,7.650000000000091,46.53099999999995,0.16440652468247188,True,2025-09-22 11:45:00,0.07,0.04298209795620129,0.0,2025-09-23 00:00:00,3747.05,收盤,13.370000000000346,24.93,1.8646222887060102,True,2025-09-22|10.0|1
2025-09-22,9.0,46,1,3725.35,3719.88,3695.59,24.289999999999964,46.53099999999995,0.5220175796780638,True,2025-09-22 12:30:00,0.07,0.04298209795620129,0.0,2025-09-23 00:00:00,3747.05,收盤,29.759999999999764,21.630000000000273,0.7268145161290472,True,2025-09-22|9.0|1
2025-09-23,9.5,42,1,3759.38,3756.92,3749.05,7.869999999999891,46.16399999999999,0.1704791612511891,True,2025-09-23 11:30:00,0.07,0.04332380209687203,0.4634146341463415,2025-09-24 00:00:00,3763.96,收盤,10.329999999999927,4.509999999999927,0.4365924491771499,True,2025-09-23|9.5|1
2025-09-29,2.0,10,1,3777.45,3772.5,3766.48,6.019999999999982,51.681,0.11648381416768216,True,2025-09-29 03:30:00,0.07,0.15479576633579073,0.0,2025-09-30 00:00:00,3833.97,收盤,10.9699999999998,56.44999999999998,5.145852324521514,True,2025-09-29|2.0|1
2025-09-29,4.5,27,1,3805.09,3798.71,3769.25,29.460000000000036,51.681,0.5700354095315501,True,2025-09-29 07:45:00,0.07,0.15479576633579073,0.0,2025-09-30 00:00:00,3833.97,收盤,35.840000000000146,28.809999999999654,0.8038504464285585,True,2025-09-29|4.5|1
2025-09-29,7.0,32,1,3813.64,3809.0,3792.56,16.440000000000055,51.681,0.318105299820051,True,2025-09-29 09:00:00,0.07,0.15479576633579073,0.0,2025-09-30 00:00:00,3833.97,收盤,21.079999999999927,20.259999999999927,0.9611005692599619,True,2025-09-29|7.0|1
2025-09-29,7.5,33,1,3816.78,3812.11,3798.44,13.670000000000073,51.681,0.2645072657262838,True,2025-09-29 09:15:00,0.07,0.15479576633579073,0.0,2025-09-30 00:00:00,3833.97,收盤,18.340000000000146,17.1199999999996,0.9334787350054233,True,2025-09-29|7.5|1
2025-09-29,8.0,35,1,3819.08,3814.56,3801.32,13.239999999999782,51.681,0.2561869932857294,True,2025-09-29 09:45:00,0.07,0.15479576633579073,0.0,2025-09-30 00:00:00,3833.97,收盤,17.759999999999764,14.819999999999872,0.8344594594594634,True,2025-09-29|8.0|1
2025-09-29,10.5,54,1,3823.64,3816.44,3805.12,11.320000000000164,51.681,0.21903600936514706,True,2025-09-29 14:30:00,0.07,0.15479576633579073,0.0,2025-09-30 00:00:00,3833.97,收盤,18.519999999999982,10.259999999999927,0.553995680345569,True,2025-09-29|10.5|1
2025-09-30,4.0,22,1,3858.28,3850.87,3838.06,12.809999999999945,53.49499999999998,0.23946163192821665,True,2025-09-30 06:30:00,0.07,0.03738667165155623,0.047619047619047616,2025-09-30 11:15:00,3838.06,停損,20.220000000000255,-20.290000000000255,-1.0034619188921858,True,2025-09-30|4.0|1
2025-09-30,5.5,23,1,3863.87,3859.45,3843.69,15.759999999999764,53.49499999999998,0.29460697261425867,True,2025-09-30 06:45:00,0.07,0.03738667165155623,0.045454545454545456,2025-09-30 11:00:00,3843.69,停損,20.179999999999836,-20.249999999999837,-1.0034687809712588,True,2025-09-30|5.5|1
2025-09-30,7.0,35,1,3869.92,3867.09,3862.06,5.0300000000002,53.49499999999998,0.09402747920366766,True,2025-09-30 09:45:00,0.07,0.03738667165155623,0.029411764705882353,2025-09-30 10:00:00,3862.06,停損,7.860000000000127,-7.930000000000128,-1.0089058524173027,True,2025-09-30|7.0|1
2025-10-01,2.0,15,1,3866.07,3863.07,3860.08,2.9900000000002365,58.487999999999964,0.05112159759267266,True,2025-10-01 04:45:00,0.07,0.0,0.14285714285714285,2025-10-01 06:00:00,3860.08,停損,5.9900000000002365,-6.060000000000237,-1.0116861435726205,True,2025-10-01|2.0|1
2025-10-01,2.5,16,1,3868.95,3865.36,3860.14,5.220000000000255,58.487999999999964,0.08924907673369337,True,2025-10-01 05:00:00,0.07,0.0,0.13333333333333333,2025-10-01 06:00:00,3860.14,停損,8.809999999999945,-8.879999999999946,-1.0079455164585698,True,2025-10-01|2.5|1
2025-10-06,2.5,16,1,3918.04,3911.67,3899.11,12.559999999999945,59.827,0.2099386564594572,True,2025-10-06 05:00:00,0.07,0.06685944473231151,0.0,2025-10-07 00:00:00,3961.15,收盤,18.929999999999836,43.04000000000013,2.2736397253037772,True,2025-10-06|2.5|1
2025-10-06,2.0,17,1,3923.9,3920.55,3898.21,22.340000000000146,59.827,0.3734099988299622,True,2025-10-06 05:15:00,0.07,0.06685944473231151,0.0,2025-10-07 00:00:00,3961.15,收盤,25.690000000000055,37.18,1.4472557415336675,True,2025-10-06|2.0|1
2025-10-06,4.5,23,1,3928.53,3924.65,3902.54,22.110000000000127,59.827,0.36956558075785395,True,2025-10-06 06:45:00,0.07,0.06685944473231151,0.0,2025-10-07 00:00:00,3961.15,收盤,25.990000000000236,32.54999999999989,1.2524047710657789,True,2025-10-06|4.5|1
2025-10-06,5.5,26,1,3933.78,3926.6,3918.84,7.7599999999997635,59.827,0.12970732278068037,True,2025-10-06 07:30:00,0.07,0.06685944473231151,0.0,2025-10-07 00:00:00,3961.15,收盤,14.940000000000055,27.29999999999989,1.8273092369477772,True,2025-10-06|5.5|1
2025-10-06,6.0,27,1,3939.97,3931.99,3920.01,11.979999999999563,59.827,0.20024403697326565,True,2025-10-06 07:45:00,0.07,0.06685944473231151,0.0,2025-10-07 00:00:00,3961.15,收盤,19.95999999999958,21.11000000000029,1.0576152304609585,True,2025-10-06|6.0|1
2025-10-06,8.5,40,1,3941.56,3937.16,3922.51,14.649999999999636,59.827,0.2448727163320848,True,2025-10-06 11:00:00,0.07,0.06685944473231151,0.0,2025-10-07 00:00:00,3961.15,收盤,19.049999999999727,19.520000000000145,1.0246719160105209,True,2025-10-06|8.5|1
2025-10-06,10.0,41,1,3947.28,3943.93,3929.36,14.569999999999709,59.827,0.24353552743743978,True,2025-10-06 11:15:00,0.07,0.06685944473231151,0.0,2025-10-06 15:30:00,3929.36,停損,17.920000000000073,-17.990000000000073,-1.00390625,True,2025-10-06|10.0|1
2025-10-08,2.0,16,1,4000.79,3996.01,3988.4,7.610000000000127,61.49300000000003,0.12375392321077397,True,2025-10-08 05:00:00,0.07,0.016262013562519304,0.0,2025-10-09 00:00:00,4041.62,收盤,12.389999999999873,40.75999999999993,3.2897497982244026,True,2025-10-08|2.0|1
2025-10-08,2.5,17,1,4004.78,3999.33,3988.4,10.929999999999836,61.49300000000003,0.17774380823833333,True,2025-10-08 05:15:00,0.07,0.016262013562519304,0.0,2025-10-09 00:00:00,4041.62,收盤,16.38000000000011,36.76999999999969,2.244810744810711,True,2025-10-08|2.5|1
2025-10-08,4.5,20,1,4011.69,4006.09,3991.11,14.980000000000018,61.49300000000003,0.24360496316653946,True,2025-10-08 06:00:00,0.07,0.016262013562519304,0.0,2025-10-09 00:00:00,4041.62,收盤,20.579999999999927,29.859999999999836,1.4509232264334277,True,2025-10-08|4.5|1
2025-10-08,5.0,25,1,4019.75,4011.74,3995.69,16.049999999999727,61.49300000000003,0.2610053176784304,True,2025-10-08 07:15:00,0.07,0.016262013562519304,0.0,2025-10-09 00:00:00,4041.62,收盤,24.059999999999945,21.79999999999989,0.9060681629260158,True,2025-10-08|5.0|1
2025-10-08,6.5,28,1,4026.79,4021.53,4010.49,11.040000000000418,61.49300000000003,0.1795326297302199,True,2025-10-08 08:00:00,0.07,0.016262013562519304,0.0,2025-10-09 00:00:00,4041.62,收盤,16.300000000000182,14.759999999999927,0.9055214723926235,True,2025-10-08|6.5|1
2025-10-08,7.0,30,1,4033.45,4027.23,4014.73,12.5,61.49300000000003,0.2032751695314913,True,2025-10-08 08:30:00,0.07,0.016262013562519304,0.0,2025-10-09 00:00:00,4041.62,收盤,18.7199999999998,8.100000000000072,0.4326923076923162,True,2025-10-08|7.0|1
2025-10-08,9.0,37,1,4036.94,4033.12,4021.44,11.679999999999836,61.49300000000003,0.1899403184102228,True,2025-10-08 10:15:00,0.07,0.016262013562519304,0.0,2025-10-09 00:00:00,4041.62,收盤,15.5,4.609999999999836,0.2974193548386991,True,2025-10-08|9.0|1
2025-10-08,7.5,42,1,4038.14,4034.66,4017.09,17.56999999999971,61.49300000000003,0.2857235782934594,True,2025-10-08 11:30:00,0.07,0.016262013562519304,0.0,2025-10-09 00:00:00,4041.62,收盤,21.049999999999727,3.4100000000000183,0.16199524940617874,True,2025-10-08|7.5|1
2025-10-08,9.5,48,1,4049.36,4039.08,4025.52,13.559999999999945,61.49300000000003,0.22051290390776085,True,2025-10-08 13:00:00,0.07,0.016262013562519304,0.0,2025-10-09 00:00:00,4041.62,收盤,23.840000000000146,-7.810000000000237,-0.32760067114094754,True,2025-10-08|9.5|1
2025-10-10,3.0,14,-1,3981.64,3994.47,3985.58,8.889999999999873,70.28400000000002,0.12648682488190585,True,2025-10-10 04:30:00,0.07,0.014227989300552042,0.8461538461538461,2025-10-10 12:00:00,3994.47,停損,12.829999999999927,-12.899999999999928,-1.005455962587685,True,2025-10-10|3.0|-1
2025-10-10,2.5,15,-1,3974.51,3993.07,3979.27,13.800000000000182,70.28400000000002,0.19634625234762076,True,2025-10-10 04:45:00,0.07,0.014227989300552042,0.7857142857142857,2025-10-10 12:00:00,3993.07,停損,18.559999999999945,-18.629999999999946,-1.003771551724138,True,2025-10-10|2.5|-1
2025-10-10,3.5,21,-1,3971.44,3994.47,3975.47,19.0,70.28400000000002,0.2703317967104888,True,2025-10-10 06:15:00,0.07,0.014227989300552042,0.55,2025-10-10 12:00:00,3994.47,停損,23.029999999999745,-23.099999999999746,-1.0030395136778116,True,2025-10-10|3.5|-1
2025-10-10,4.0,23,-1,3964.72,3992.48,3969.98,22.5,70.28400000000002,0.32012975926242093,True,2025-10-10 06:45:00,0.07,0.014227989300552042,0.5,2025-10-10 12:00:00,3992.48,停損,27.76000000000022,-27.83000000000022,-1.002521613832853,True,2025-10-10|4.0|-1
2025-10-10,5.5,25,-1,3948.04,3986.79,3961.98,24.809999999999945,70.28400000000002,0.3529964145466954,True,2025-10-10 07:15:00,0.07,0.014227989300552042,0.4583333333333333,2025-10-10 11:15:00,3986.79,停損,38.75,-38.82,-1.0018064516129033,True,2025-10-10|5.5|-1
2025-10-10,8.0,37,-1,3958.8,3977.79,3965.67,12.11999999999989,70.28400000000002,0.17244323032268918,True,2025-10-10 10:15:00,0.07,0.014227989300552042,0.3055555555555556,2025-10-10 11:15:00,3977.79,停損,18.98999999999978,-19.059999999999782,-1.0036861506055819,True,2025-10-10|8.0|-1
2025-10-13,2.5,11,1,4057.08,4049.88,4024.59,25.289999999999964,72.93500000000003,0.3467471035853836,True,2025-10-13 03:45:00,0.07,0.3290601220264618,0.0,2025-10-14 00:00:00,4111.42,收盤,32.48999999999978,54.270000000000145,1.6703601108033397,True,2025-10-13|2.5|1
2025-10-13,5.5,26,1,4056.73,4052.67,4041.71,10.960000000000036,72.93500000000003,0.15027078905875138,True,2025-10-13 07:30:00,0.07,0.3290601220264618,0.0,2025-10-14 00:00:00,4111.42,收盤,15.019999999999982,54.620000000000054,3.6364846870838963,True,2025-10-13|5.5|1
2025-10-13,4.5,29,1,4063.08,4055.87,4041.4,14.4699999999998,72.93500000000003,0.19839583190511817,True,2025-10-13 08:15:00,0.07,0.3290601220264618,0.0,2025-10-14 00:00:00,4111.42,收盤,21.679999999999836,48.270000000000145,2.226476014760171,True,2025-10-13|4.5|1
2025-10-13,9.0,44,1,4077.89,4073.64,4059.61,14.029999999999745,72.93500000000003,0.19236306300129896,True,2025-10-13 12:00:00,0.07,0.3290601220264618,0.0,2025-10-14 00:00:00,4111.42,收盤,18.279999999999745,33.4600000000002,1.83041575492345,True,2025-10-13|9.0|1
2025-10-13,10.5,53,1,4082.06,4077.49,4068.21,9.279999999999745,72.93500000000003,0.12723658051689507,True,2025-10-13 14:15:00,0.07,0.3290601220264618,0.0,2025-10-14 00:00:00,4111.42,收盤,13.849999999999909,29.290000000000127,2.1148014440433442,True,2025-10-13|10.5|1
2025-10-14,2.0,13,1,4140.55,4132.01,4112.91,19.100000000000364,77.35700000000006,0.24690719650452253,True,2025-10-14 04:15:00,0.07,0.025854156702043753,0.16666666666666666,2025-10-14 09:00:00,4112.91,停損,27.640000000000327,-27.710000000000328,-1.002532561505065,True,2025-10-14|2.0|1
2025-10-14,3.5,21,1,4154.72,4149.85,4123.42,26.43000000000029,77.35700000000006,0.34166268081751194,True,2025-10-14 06:15:00,0.07,0.025854156702043753,0.1,2025-10-14 08:45:00,4123.42,停損,31.300000000000182,-31.370000000000182,-1.0022364217252395,True,2025-10-14|3.5|1
2025-10-14,5.5,25,1,4167.5,4159.57,4141.88,17.6899999999996,77.35700000000006,0.2286800160295718,True,2025-10-14 07:15:00,0.07,0.025854156702043753,0.08333333333333333,2025-10-14 08:45:00,4141.88,停損,25.61999999999989,-25.68999999999989,-1.0027322404371586,True,2025-10-14|5.5|1
2025-10-14,6.0,29,1,4176.65,4166.37,4145.26,21.109999999999673,77.35700000000006,0.2728906239900676,True,2025-10-14 08:15:00,0.07,0.025854156702043753,0.07142857142857142,2025-10-14 08:45:00,4145.26,停損,31.389999999999418,-31.459999999999418,-1.0022300095571839,True,2025-10-14|6.0|1
2025-10-15,2.0,13,1,4178.98,4167.16,4157.2,9.960000000000036,78.42000000000007,0.1270084162203523,True,2025-10-15 04:15:00,0.07,0.12751849018107614,0.0,2025-10-16 00:00:00,4208.29,收盤,21.779999999999745,29.2400000000004,1.3425160697888312,True,2025-10-15|2.0|1
2025-10-15,5.0,29,1,4189.68,4184.54,4167.09,17.449999999999818,78.42000000000007,0.22251976536597554,True,2025-10-15 08:15:00,0.07,0.12751849018107614,0.0,2025-10-15 12:30:00,4167.09,停損,22.590000000000146,-22.660000000000146,-1.0030987162461267,True,2025-10-15|5.0|1
2025-10-15,5.5,30,1,4192.77,4185.83,4167.09,18.73999999999978,78.42000000000007,0.2389696505993339,True,2025-10-15 08:30:00,0.07,0.12751849018107614,0.0,2025-10-15 12:30:00,4167.09,停損,25.68000000000029,-25.75000000000029,-1.0027258566978192,True,2025-10-15|5.5|1
2025-10-15,6.0,36,1,4199.47,4190.67,4176.17,14.5,78.42000000000007,0.1849018107625604,True,2025-10-15 10:00:00,0.07,0.12751849018107614,0.0,2025-10-15 12:30:00,4176.17,停損,23.300000000000182,-23.370000000000182,-1.0030042918454936,True,2025-10-15|6.0|1
2025-10-15,9.0,39,1,4204.94,4200.37,4184.31,16.05999999999949,78.42000000000007,0.2047946952308018,True,2025-10-15 10:45:00,0.07,0.12751849018107614,0.0,2025-10-15 12:30:00,4184.31,停損,20.6299999999992,-20.6999999999992,-1.0033931168201649,True,2025-10-15|9.0|1
2025-10-15,10.0,43,1,4215.43,4209.83,4194.62,15.210000000000036,78.42000000000007,0.19395562356541726,True,2025-10-15 11:45:00,0.07,0.12751849018107614,0.0,2025-10-15 12:30:00,4194.62,停損,20.8100000000004,-20.8800000000004,-1.0033637674195097,True,2025-10-15|10.0|1
2025-10-16,4.0,20,1,4239.59,4233.02,4210.55,22.470000000000255,81.98800000000001,0.2740644972435021,True,2025-10-16 06:00:00,0.08,0.04878762745767672,0.05263157894736842,2025-10-16 08:45:00,4210.55,停損,29.039999999999964,-29.119999999999962,-1.002754820936639,True,2025-10-16|4.0|1
2025-10-16,9.5,48,1,4239.61,4234.03,4215.66,18.36999999999989,81.98800000000001,0.22405717909937903,True,2025-10-16 13:00:00,0.08,0.04878762745767672,0.02127659574468085,2025-10-17 00:00:00,4329.17,收盤,23.949999999999818,89.4800000000004,3.7361169102296903,True,2025-10-16|9.5|1
2025-10-16,10.5,52,1,4242.79,4236.03,4226.05,9.979999999999563,81.98800000000001,0.12172513050689811,True,2025-10-16 14:00:00,0.08,0.04878762745767672,0.0196078431372549,2025-10-17 00:00:00,4329.17,收盤,16.73999999999978,86.30000000000011,5.155316606929584,True,2025-10-16|10.5|1
2025-10-17,4.5,20,1,4342.45,4337.67,4279.15,58.52000000000044,87.35699999999997,0.6698947995009038,True,2025-10-17 06:00:00,0.08,0.0,0.7368421052631579,2025-10-17 16:45:00,4279.15,停損,63.30000000000018,-63.38000000000018,-1.0012638230647708,True,2025-10-17|4.5|1
2025-10-17,5.0,21,1,4359.48,4348.55,4312.52,36.029999999999745,87.35699999999997,0.4124454823311212,True,2025-10-17 06:15:00,0.08,0.0,0.7,2025-10-17 14:45:00,4312.52,停損,46.95999999999913,-47.039999999999125,-1.0017035775127767,True,2025-10-17|5.0|1
2025-10-17,4.0,24,1,4366.73,4362.31,4279.15,83.16000000000076,87.35699999999997,0.9519557677118123,True,2025-10-17 07:00:00,0.08,0.0,0.6086956521739131,2025-10-17 16:45:00,4279.15,停損,87.57999999999993,-87.65999999999993,-1.0009134505594885,True,2025-10-17|4.0|1
2025-10-17,6.0,28,1,4376.39,4366.76,4338.75,28.01000000000022,87.35699999999997,0.32063830030793444,True,2025-10-17 08:00:00,0.08,0.0,0.5185185185185185,2025-10-17 10:30:00,4338.75,停損,37.64000000000033,-37.720000000000326,-1.002125398512221,True,2025-10-17|6.0|1
2025-10-20,2.0,9,-1,4225.32,4256.2,4234.06,22.139999999999418,101.30199999999999,0.21855442143293735,True,2025-10-20 03:15:00,0.09,0.049357367080610455,0.0,2025-10-20 04:30:00,4256.2,停損,30.88000000000011,-30.97000000000011,-1.0029145077720207,True,2025-10-20|2.0|-1
2025-10-21,8.5,36,1,4343.18,4333.2,4317.23,15.970000000000255,108.94699999999993,0.1465850367609963,True,2025-10-21 10:00:00,0.09,0.0,0.9142857142857143,2025-10-21 10:45:00,4317.23,停損,25.950000000000728,-26.040000000000727,-1.0034682080924855,True,2025-10-21|8.5|1
2025-10-27,8.5,38,-1,4068.43,4084.93,4076.5,8.429999999999836,141.38599999999997,0.059624008034740626,True,2025-10-27 10:30:00,0.07,0.014145672131611336,0.02702702702702703,2025-10-28 00:00:00,3982.49,收盤,16.5,85.87000000000006,5.204242424242428,True,2025-10-27|8.5|-1
2025-10-27,9.0,41,-1,4066.66,4084.93,4074.01,10.919999999999618,141.38599999999997,0.07723536983859519,True,2025-10-27 11:15:00,0.07,0.014145672131611336,0.025,2025-10-28 00:00:00,3982.49,收盤,18.269999999999982,84.10000000000008,4.603174603174612,True,2025-10-27|9.0|-1
2025-10-27,8.0,42,-1,4058.53,4084.46,4068.8,15.659999999999854,141.38599999999997,0.11076061279051574,True,2025-10-27 11:30:00,0.07,0.014145672131611336,0.024390243902439025,2025-10-28 00:00:00,3982.49,收盤,25.929999999999836,75.97000000000043,2.9298110296953683,True,2025-10-27|8.0|-1
2025-10-27,10.0,44,-1,4043.4,4079.87,4064.13,15.739999999999782,141.38599999999997,0.11132643967577968,True,2025-10-27 12:00:00,0.07,0.014145672131611336,0.023255813953488372,2025-10-28 00:00:00,3982.49,收盤,36.4699999999998,60.84000000000031,1.6682204551686495,True,2025-10-27|10.0|-1
2025-10-28,4.5,20,-1,3983.95,4015.42,3997.46,17.960000000000036,143.3379999999999,0.12529824610361556,True,2025-10-28 06:00:00,0.07,0.0,0.6842105263157895,2025-10-29 00:00:00,3952.21,收盤,31.470000000000255,31.66999999999978,1.0063552589767881,True,2025-10-28|4.5|-1
2025-10-28,6.5,33,-1,3955.65,3994.2,3964.07,30.129999999999654,143.3379999999999,0.2102024585246039,True,2025-10-28 09:15:00,0.07,0.0,0.40625,2025-10-29 00:00:00,3952.21,收盤,38.54999999999973,3.3700000000000547,0.08741893644617584,True,2025-10-28|6.5|-1
2025-10-28,8.0,35,-1,3943.66,3980.22,3959.22,21.0,143.3379999999999,0.14650685791625398,True,2025-10-28 09:45:00,0.07,0.0,0.38235294117647056,2025-10-29 00:00:00,3952.21,收盤,36.559999999999945,-8.620000000000182,-0.23577680525164646,True,2025-10-28|8.0|-1
2025-10-28,9.0,39,-1,3931.06,3968.64,3938.67,29.9699999999998,143.3379999999999,0.20908621579762393,True,2025-10-28 10:45:00,0.07,0.0,0.34210526315789475,2025-10-28 19:00:00,3968.64,停損,37.57999999999993,-37.64999999999993,-1.0018626929217669,True,2025-10-28|9.0|-1
2025-10-28,9.5,41,-1,3921.86,3957.25,3930.77,26.480000000000018,143.3379999999999,0.18473817131535278,True,2025-10-28 11:15:00,0.07,0.0,0.325,2025-10-28 18:15:00,3957.25,停損,35.38999999999987,-35.45999999999987,-1.001977959875671,True,2025-10-28|9.5|-1
2025-10-28,10.0,42,-1,3914.82,3948.53,3922.16,26.370000000000346,143.3379999999999,0.18397075444055563,True,2025-10-28 11:30:00,0.07,0.0,0.3170731707317073,2025-10-28 17:30:00,3948.53,停損,33.710000000000036,-33.78000000000004,-1.0020765351527736,True,2025-10-28|10.0|-1
2025-10-28,10.5,44,-1,3897.47,3936.22,3911.03,25.1899999999996,143.3379999999999,0.17573846432906567,True,2025-10-28 12:00:00,0.07,0.0,0.3023255813953488,2025-10-28 17:00:00,3936.22,停損,38.75,-38.82,-1.0018064516129033,True,2025-10-28|10.5|-1
2025-11-10,2.0,10,1,4048.14,4023.83,4011.22,12.610000000000127,88.73699999999985,0.1421053224697719,True,2025-11-10 03:30:00,0.07,0.0901540507341922,0.0,2025-11-11 00:00:00,4115.58,收盤,36.92000000000007,67.37000000000006,1.8247562296858053,True,2025-11-10|2.0|1
2025-11-10,4.0,21,1,4056.23,4049.19,4037.89,11.300000000000182,88.73699999999985,0.12734259666204853,True,2025-11-10 06:15:00,0.07,0.0901540507341922,0.0,2025-11-11 00:00:00,4115.58,收盤,18.340000000000146,59.27999999999991,3.2322791712104384,True,2025-11-10|4.0|1
2025-11-10,4.5,27,1,4063.08,4051.85,4038.58,13.269999999999982,88.73699999999985,0.1495430316553411,True,2025-11-10 07:45:00,0.07,0.0901540507341922,0.0,2025-11-11 00:00:00,4115.58,收盤,24.5,52.43,2.14,True,2025-11-10|4.5|1
2025-11-10,7.0,32,1,4075.16,4069.92,4050.13,19.789999999999964,88.73699999999985,0.22301858300370755,True,2025-11-10 09:00:00,0.07,0.0901540507341922,0.0,2025-11-11 00:00:00,4115.58,收盤,25.029999999999745,40.35000000000007,1.61206552137437,True,2025-11-10|7.0|1
2025-11-10,7.5,33,1,4078.64,4073.74,4054.92,18.81999999999971,88.73699999999985,0.21208740435218387,True,2025-11-10 09:15:00,0.07,0.0901540507341922,0.0,2025-11-11 00:00:00,4115.58,收盤,23.7199999999998,36.870000000000054,1.55438448566612,True,2025-11-10|7.5|1
2025-11-10,10.5,54,1,4094.17,4085.13,4071.65,13.480000000000018,88.73699999999985,0.15190957548711406,True,2025-11-10 14:30:00,0.07,0.0901540507341922,0.0,2025-11-11 00:00:00,4115.58,收盤,22.519999999999982,21.339999999999854,0.9476021314387154,True,2025-11-10|10.5|1
2025-11-11,2.5,17,1,4143.18,4138.08,4124.86,13.220000000000255,86.63099999999994,0.1526012628273974,True,2025-11-11 05:15:00,0.07,0.023086424028350143,0.0,2025-11-11 07:45:00,4124.86,停損,18.32000000000062,-18.39000000000062,-1.0038209606986899,True,2025-11-11|2.5|1
2025-11-11,4.0,18,1,4144.4,4139.57,4129.35,10.219999999999345,86.63099999999994,0.11797162678486167,True,2025-11-11 05:30:00,0.07,0.023086424028350143,0.0,2025-11-11 07:45:00,4129.35,停損,15.049999999999272,-15.119999999999273,-1.004651162790698,True,2025-11-11|4.0|1
2025-11-11,3.0,20,1,4146.91,4141.2,4128.06,13.139999999999418,86.63099999999994,0.15167780586625373,True,2025-11-11 06:00:00,0.07,0.023086424028350143,0.0,2025-11-11 07:45:00,4128.06,停損,18.849999999999454,-18.919999999999455,-1.003713527851459,True,2025-11-11|3.0|1
2025-11-11,7.5,41,1,4143.23,4137.85,4124.78,13.070000000000618,86.63099999999994,0.15086978102527532,True,2025-11-11 11:15:00,0.07,0.023086424028350143,0.0,2025-11-11 16:45:00,4124.78,停損,18.449999999999818,-18.51999999999982,-1.0037940379403794,True,2025-11-11|7.5|1
2025-11-13,3.5,18,1,4200.78,4196.03,4180.49,15.539999999999964,78.55499999999998,0.19782318121061634,True,2025-11-13 05:30:00,0.07,0.0,0.5294117647058824,2025-11-13 20:45:00,4180.49,停損,20.289999999999964,-20.359999999999964,-1.003449975357319,True,2025-11-13|3.5|1
2025-11-13,2.0,20,1,4213.0,4208.81,4186.13,22.68000000000029,78.55499999999998,0.28871491311820124,True,2025-11-13 06:00:00,0.07,0.0,0.47368421052631576,2025-11-13 16:45:00,4186.13,停損,26.86999999999989,-26.93999999999989,-1.0026051358392258,True,2025-11-13|2.0|1
2025-11-13,2.5,21,1,4217.56,4209.2,4180.0,29.199999999999818,78.55499999999998,0.37171408567245656,True,2025-11-13 06:15:00,0.07,0.0,0.45,2025-11-13 20:45:00,4180.0,停損,37.5600000000004,-37.6300000000004,-1.001863684771033,True,2025-11-13|2.5|1
2025-11-13,8.0,34,1,4216.35,4212.09,4203.4,8.69000000000051,78.55499999999998,0.11062313029088551,True,2025-11-13 09:30:00,0.07,0.0,0.2727272727272727,2025-11-13 16:45:00,4203.4,停損,12.950000000000728,-13.020000000000728,-1.0054054054054051,True,2025-11-13|8.0|1
2025-11-13,6.5,37,1,4229.46,4217.66,4203.44,14.220000000000255,78.55499999999998,0.1810196677487144,True,2025-11-13 10:15:00,0.07,0.0,0.25,2025-11-13 16:45:00,4203.44,停損,26.020000000000437,-26.090000000000437,-1.0026902382782474,True,2025-11-13|6.5|1
2025-11-14,9.5,49,-1,4152.99,4184.28,4162.85,21.42999999999938,77.23100000000004,0.27747925056000017,True,2025-11-14 13:15:00,0.07,0.012948168481568276,0.375,2025-11-15 00:00:00,4084.64,收盤,31.289999999999964,68.27999999999992,2.182166826462128,True,2025-11-14|9.5|-1
2025-11-18,2.0,16,-1,4017.61,4041.37,4027.37,14.0,90.90000000000018,0.15401540154015372,True,2025-11-18 05:00:00,0.07,0.03300330033003294,0.0,2025-11-18 10:45:00,4041.37,停損,23.759999999999764,-23.829999999999764,-1.002946127946128,True,2025-11-18|2.0|-1
2025-11-18,3.5,17,-1,4014.76,4041.42,4019.32,22.09999999999991,90.90000000000018,0.24312431243124166,True,2025-11-18 05:15:00,0.07,0.03300330033003294,0.0,2025-11-18 10:45:00,4041.42,停損,26.659999999999854,-26.729999999999855,-1.0026256564141036,True,2025-11-18|3.5|-1
2025-11-18,4.0,23,-1,4010.33,4035.82,4015.29,20.5300000000002,90.90000000000018,0.2258525852585276,True,2025-11-18 06:45:00,0.07,0.03300330033003294,0.0,2025-11-18 10:45:00,4035.82,停損,25.490000000000236,-25.560000000000237,-1.0027461749705766,True,2025-11-18|4.0|-1
2025-11-18,6.5,34,-1,4002.37,4021.87,4007.84,14.029999999999745,90.90000000000018,0.15434543454345123,True,2025-11-18 09:30:00,0.07,0.03300330033003294,0.0,2025-11-18 10:15:00,4021.87,停損,19.5,-19.57,-1.0035897435897436,True,2025-11-18|6.5|-1
2025-11-19,6.5,29,1,4096.88,4092.29,4072.58,19.710000000000036,91.6260000000002,0.215113614039683,True,2025-11-19 08:15:00,0.07,0.01091393272651865,0.42857142857142855,2025-11-19 18:30:00,4072.58,停損,24.300000000000182,-24.370000000000182,-1.002880658436214,True,2025-11-19|6.5|1
2025-11-19,10.0,43,1,4098.54,4088.74,4078.33,10.409999999999854,91.6260000000002,0.11361403968305755,True,2025-11-19 11:45:00,0.07,0.01091393272651865,0.2857142857142857,2025-11-19 18:30:00,4078.33,停損,20.210000000000036,-20.280000000000037,-1.003463631865413,True,2025-11-19|10.0|1
2025-11-19,8.5,44,1,4113.43,4095.47,4084.93,10.539999999999964,91.6260000000002,0.11503285093750616,True,2025-11-19 12:00:00,0.07,0.01091393272651865,0.27906976744186046,2025-11-19 18:15:00,4084.93,停損,28.500000000000455,-28.570000000000455,-1.0024561403508772,True,2025-11-19|8.5|1
2025-11-25,2.5,14,1,4144.78,4137.04,4122.74,14.300000000000182,95.42100000000013,0.14986218966475054,True,2025-11-25 04:30:00,0.07,0.02095974680625855,0.6923076923076923,2025-11-25 10:45:00,4122.74,停損,22.039999999999964,-22.109999999999964,-1.0031760435571688,True,2025-11-25|2.5|1
2025-11-25,2.0,15,1,4152.05,4144.32,4127.62,16.699999999999818,95.42100000000013,0.175013885832257,True,2025-11-25 04:45:00,0.07,0.02095974680625855,0.6428571428571429,2025-11-25 10:45:00,4127.62,停損,24.43000000000029,-24.50000000000029,-1.002865329512894,True,2025-11-25|2.0|1
2025-11-26,9.0,38,1,4166.79,4161.56,4149.26,12.300000000000182,95.19400000000019,0.12920982414858245,False,2025-11-26 10:30:00,0.07,0.021009727503834234,0.05405405405405406,2025-11-26 15:00:00,4149.26,停損,17.529999999999745,-17.599999999999746,-1.003993154592128,True,2025-11-26|9.0|1
2025-11-28,2.0,10,1,4187.36,4182.87,4163.12,19.75,80.91700000000014,0.24407726435730395,False,2025-11-28 03:30:00,0.07,0.06179171249551999,0.0,2025-11-28 10:15:00,4163.12,停損,24.23999999999978,-24.309999999999782,-1.0028877887788779,True,2025-11-28|2.0|1
2025-12-01,2.0,10,1,4238.67,4233.68,4218.32,15.360000000000582,70.1270000000001,0.21903118627633525,True,2025-12-01 03:30:00,0.07,0.1283385857087853,0.0,2025-12-01 07:30:00,4218.32,停損,20.350000000000364,-20.420000000000364,-1.0034398034398033,True,2025-12-01|2.0|1
2025-12-01,2.5,12,1,4255.58,4239.27,4219.92,19.350000000000364,70.1270000000001,0.27592795927389363,True,2025-12-01 04:00:00,0.07,0.1283385857087853,0.0,2025-12-01 07:30:00,4219.92,停損,35.659999999999854,-35.729999999999855,-1.0019629837352777,True,2025-12-01|2.5|1
2025-12-01,5.5,24,1,4245.67,4240.85,4234.97,5.880000000000109,70.1270000000001,0.08384787599640796,True,2025-12-01 07:00:00,0.07,0.1283385857087853,0.0,2025-12-01 07:15:00,4234.97,停損,10.699999999999818,-10.769999999999818,-1.0065420560747664,True,2025-12-01|5.5|1
2025-12-01,7.5,34,1,4240.7,4233.97,4217.87,16.100000000000364,70.1270000000001,0.22958346999016557,True,2025-12-01 09:30:00,0.07,0.1283385857087853,0.0,2025-12-02 00:00:00,4232.08,收盤,22.829999999999927,-8.689999999999891,-0.38063950941742963,True,2025-12-01|7.5|1
2025-12-01,8.0,36,1,4245.37,4240.58,4226.4,14.180000000000291,70.1270000000001,0.20220457170562367,True,2025-12-01 10:00:00,0.07,0.1283385857087853,0.0,2025-12-01 16:45:00,4226.4,停損,18.970000000000255,-19.040000000000255,-1.003690036900369,True,2025-12-01|8.0|1
2025-12-01,6.5,37,1,4250.99,4246.97,4215.51,31.460000000000036,70.1270000000001,0.44861465626648783,True,2025-12-01 10:15:00,0.07,0.1283385857087853,0.0,2025-12-02 00:00:00,4232.08,收盤,35.47999999999956,-18.979999999999855,-0.5349492671927871,True,2025-12-01|6.5|1
2025-12-01,9.5,45,1,4258.78,4253.67,4238.19,15.480000000000473,70.1270000000001,0.22074236741911749,True,2025-12-01 12:15:00,0.07,0.1283385857087853,0.0,2025-12-01 16:45:00,4238.19,停損,20.590000000000146,-20.660000000000146,-1.003399708596406,True,2025-12-01|9.5|1
2025-12-02,10.5,45,-1,4187.0,4216.6,4192.3,24.300000000000182,66.05300000000003,0.36788639425915814,False,2025-12-02 12:15:00,0.07,0.015139357788442609,0.022727272727272728,2025-12-02 16:15:00,4216.6,停損,29.600000000000364,-29.670000000000364,-1.0023648648648649,True,2025-12-02|10.5|-1
2025-12-09,7.0,29,-1,4174.74,4187.33,4178.22,9.109999999999673,52.37499999999991,0.17393794749402747,True,2025-12-09 08:15:00,0.07,0.0,0.6428571428571429,2025-12-09 10:15:00,4187.33,停損,12.590000000000146,-12.660000000000146,-1.005559968228753,True,2025-12-09|7.0|-1
2025-12-12,6.0,26,1,4274.44,4271.09,4266.33,4.760000000000218,59.42499999999982,0.08010096760623026,True,2025-12-12 07:30:00,0.07,0.016827934371056005,0.36,2025-12-12 18:45:00,4266.33,停損,8.109999999999673,-8.179999999999673,-1.0086313193588166,True,2025-12-12|6.0|1
2025-12-12,5.0,27,1,4277.92,4274.64,4268.82,5.8200000000006185,59.42499999999982,0.09793857803955636,True,2025-12-12 07:45:00,0.07,0.016827934371056005,0.34615384615384615,2025-12-12 18:45:00,4268.82,停損,9.100000000000364,-9.170000000000364,-1.0076923076923074,True,2025-12-12|5.0|1
2025-12-12,6.5,28,1,4279.03,4275.73,4266.14,9.589999999999236,59.42499999999982,0.16137989061841423,True,2025-12-12 08:00:00,0.07,0.016827934371056005,0.3333333333333333,2025-12-12 18:45:00,4266.14,停損,12.889999999999418,-12.959999999999418,-1.005430566330489,True,2025-12-12|6.5|1
2025-12-12,4.5,30,1,4281.16,4276.88,4268.82,8.0600000000004,59.42499999999982,0.13563315103071813,True,2025-12-12 08:30:00,0.07,0.016827934371056005,0.3103448275862069,2025-12-12 18:45:00,4268.82,停損,12.340000000000146,-12.410000000000146,-1.005672609400324,True,2025-12-12|4.5|1
2025-12-12,7.0,33,1,4285.93,4280.55,4266.14,14.409999999999854,59.42499999999982,0.24249053428691456,True,2025-12-12 09:15:00,0.07,0.016827934371056005,0.28125,2025-12-12 18:45:00,4266.14,停損,19.789999999999964,-19.859999999999964,-1.0035371399696817,True,2025-12-12|7.0|1
2025-12-12,8.0,35,1,4287.69,4283.23,4276.65,6.579999999999927,59.42499999999982,0.11072780816154729,True,2025-12-12 09:45:00,0.07,0.016827934371056005,0.2647058823529412,2025-12-12 18:15:00,4276.65,停損,11.039999999999964,-11.109999999999964,-1.006340579710145,True,2025-12-12|8.0|1
2025-12-12,8.5,37,1,4293.52,4288.94,4279.37,9.569999999999709,59.42499999999982,0.16104333193100107,True,2025-12-12 10:15:00,0.07,0.016827934371056005,0.25,2025-12-12 18:15:00,4279.37,停損,14.150000000000546,-14.220000000000546,-1.0049469964664308,True,2025-12-12|8.5|1
2025-12-12,9.5,39,1,4304.02,4295.6,4284.25,11.350000000000364,59.42499999999982,0.19099705511149176,True,2025-12-12 10:45:00,0.07,0.016827934371056005,0.23684210526315788,2025-12-12 18:00:00,4284.25,停損,19.770000000000437,-19.840000000000437,-1.0035407182599898,True,2025-12-12|9.5|1
2025-12-12,10.0,41,1,4316.95,4309.48,4287.08,22.399999999999636,59.42499999999982,0.3769457299116484,True,2025-12-12 11:15:00,0.07,0.016827934371056005,0.225,2025-12-12 18:00:00,4287.08,停損,29.86999999999989,-29.93999999999989,-1.0023434884499498,True,2025-12-12|10.0|1
2025-12-12,10.5,47,1,4328.05,4317.82,4294.36,23.460000000000036,59.42499999999982,0.3947833403449745,True,2025-12-12 12:45:00,0.07,0.016827934371056005,0.1956521739130435,2025-12-12 18:00:00,4294.36,停損,33.69000000000051,-33.76000000000051,-1.002077767883645,True,2025-12-12|10.5|1
2025-12-15,4.0,27,1,4338.99,4329.22,4320.95,8.270000000000437,61.91099999999987,0.13357884705465028,True,2025-12-15 07:45:00,0.07,0.11306552955048399,0.0,2025-12-15 16:45:00,4320.95,停損,18.039999999999964,-18.109999999999964,-1.003880266075388,True,2025-12-15|4.0|1
2025-12-15,7.5,41,1,4349.19,4345.81,4329.57,16.24000000000069,61.91099999999987,0.26231202855713404,True,2025-12-15 11:15:00,0.07,0.11306552955048399,0.0,2025-12-15 16:15:00,4329.57,停損,19.61999999999989,-19.68999999999989,-1.0035677879714577,True,2025-12-15|7.5|1
2025-12-16,6.0,26,-1,4280.83,4292.34,4286.72,5.619999999999891,62.49599999999991,0.08992575524833428,False,2025-12-16 07:30:00,0.07,0.016001024065540218,0.4,2025-12-16 14:30:00,4292.34,停損,11.510000000000218,-11.580000000000219,-1.0060816681146827,True,2025-12-16|6.0|-1
2025-12-16,5.5,27,-1,4279.63,4292.34,4283.05,9.289999999999964,62.49599999999991,0.14864951356886805,False,2025-12-16 07:45:00,0.07,0.016001024065540218,0.38461538461538464,2025-12-16 14:30:00,4292.34,停損,12.710000000000036,-12.780000000000037,-1.005507474429583,True,2025-12-16|5.5|-1
2025-12-16,8.0,38,-1,4279.12,4292.22,4282.71,9.510000000000218,62.49599999999991,0.15216973886329097,False,2025-12-16 10:30:00,0.07,0.016001024065540218,0.2702702702702703,2025-12-16 14:30:00,4292.22,停損,13.100000000000364,-13.170000000000364,-1.0053435114503815,True,2025-12-16|8.0|-1
2025-12-22,2.0,11,1,4381.83,4366.24,4355.15,11.090000000000146,61.73000000000002,0.17965332901344797,True,2025-12-22 03:45:00,0.08,0.09719747286570546,0.0,2025-12-23 00:00:00,4443.76,收盤,26.68000000000029,61.85000000000029,2.3182158920539586,True,2025-12-22|2.0|1
2025-12-22,3.0,18,1,4389.11,4384.83,4361.36,23.470000000000255,61.73000000000002,0.380204114693022,True,2025-12-22 05:30:00,0.08,0.09719747286570546,0.0,2025-12-23 00:00:00,4443.76,收盤,27.75,54.57000000000055,1.9664864864865061,True,2025-12-22|3.0|1
2025-12-22,4.0,20,1,4392.7,4388.72,4378.63,10.090000000000146,61.73000000000002,0.16345375020249706,True,2025-12-22 06:00:00,0.08,0.09719747286570546,0.0,2025-12-23 00:00:00,4443.76,收盤,14.069999999999709,50.9800000000004,3.6233120113718162,True,2025-12-22|4.0|1
2025-12-22,4.5,21,1,4396.73,4391.01,4378.79,12.220000000000255,61.73000000000002,0.19795885306982425,True,2025-12-22 06:15:00,0.08,0.09719747286570546,0.0,2025-12-23 00:00:00,4443.76,收盤,17.9399999999996,46.95000000000066,2.617056856187386,True,2025-12-22|4.5|1
2025-12-22,5.0,24,1,4398.48,4394.96,4384.33,10.63000000000011,61.73000000000002,0.17220152276040995,True,2025-12-22 07:00:00,0.08,0.09719747286570546,0.0,2025-12-23 00:00:00,4443.76,收盤,14.149999999999636,45.20000000000066,3.1943462897527786,True,2025-12-22|5.0|1
2025-12-22,5.5,25,1,4401.24,4397.51,4388.03,9.480000000000473,61.73000000000002,0.1535720071278223,True,2025-12-22 07:15:00,0.08,0.09719747286570546,0.0,2025-12-23 00:00:00,4443.76,收盤,13.210000000000036,42.44000000000044,3.212717638152939,True,2025-12-22|5.5|1
2025-12-22,6.0,26,1,4405.0,4400.9,4391.45,9.449999999999818,61.73000000000002,0.15308601976348316,True,2025-12-22 07:30:00,0.08,0.09719747286570546,0.0,2025-12-23 00:00:00,4443.76,收盤,13.550000000000182,38.68000000000022,2.854612546125439,True,2025-12-22|6.0|1
2025-12-22,6.5,32,1,4419.24,4405.47,4394.11,11.360000000000582,61.73000000000002,0.18402721529241178,True,2025-12-22 09:00:00,0.08,0.09719747286570546,0.0,2025-12-23 00:00:00,4443.76,收盤,25.13000000000011,24.44000000000044,0.9725427775567184,True,2025-12-22|6.5|1
2025-12-23,2.0,9,1,4485.57,4470.61,4458.18,12.429999999999382,68.58500000000004,0.18123496391338303,True,2025-12-23 03:15:00,0.08,0.10206313333819343,0.0,2025-12-23 16:15:00,4458.18,停損,27.389999999999418,-27.469999999999416,-1.0029207740051114,True,2025-12-23|2.0|1
2025-12-23,2.5,15,1,4495.83,4486.75,4466.42,20.329999999999927,68.58500000000004,0.2964205001093521,True,2025-12-23 04:45:00,0.08,0.10206313333819343,0.0,2025-12-23 16:15:00,4466.42,停損,29.409999999999854,-29.489999999999853,-1.0027201632097926,True,2025-12-23|2.5|1
2025-12-23,8.0,36,1,4486.73,4481.56,4469.52,12.039999999999964,68.58500000000004,0.17554858934169218,True,2025-12-23 10:00:00,0.08,0.10206313333819343,0.0,2025-12-23 16:15:00,4469.52,停損,17.209999999999127,-17.289999999999125,-1.0046484601975596,True,2025-12-23|8.0|1
2025-12-23,7.5,39,1,4492.01,4485.62,4469.52,16.099999999999454,68.58500000000004,0.23474520667783694,True,2025-12-23 10:45:00,0.08,0.10206313333819343,0.0,2025-12-23 16:15:00,4469.52,停損,22.48999999999978,-22.56999999999978,-1.0035571365051132,True,2025-12-23|7.5|1
2025-12-26,7.0,31,1,4518.65,4514.91,4506.08,8.829999999999927,72.44400000000005,0.12188725084202863,False,2025-12-26 08:45:00,0.08,0.05521506266909609,0.0,2025-12-26 13:15:00,4506.08,停損,12.569999999999709,-12.649999999999709,-1.0063643595863168,True,2025-12-26|7.0|1
2025-12-26,9.0,46,1,4520.88,4515.66,4507.28,8.38000000000011,72.44400000000005,0.11567555629175783,False,2025-12-26 12:30:00,0.08,0.05521506266909609,0.0,2025-12-26 13:15:00,4507.28,停損,13.600000000000364,-13.680000000000364,-1.0058823529411762,True,2025-12-26|9.0|1
2025-12-29,10.0,52,-1,4446.81,4488.53,4452.68,35.849999999999454,71.31200000000017,0.5027204397576757,False,2025-12-29 14:00:00,0.08,0.09816019744222548,0.0,2025-12-30 00:00:00,4331.66,收盤,41.719999999999345,115.07000000000055,2.7581495685523096,True,2025-12-29|10.0|-1
2025-12-31,9.0,39,-1,4317.36,4334.98,4323.8,11.179999999999382,87.99100000000017,0.12705844915956585,False,2025-12-31 10:45:00,0.08,0.022729597345182987,0.2894736842105263,2025-12-31 11:45:00,4334.98,停損,17.61999999999989,-17.69999999999989,-1.0045402951191826,True,2025-12-31|9.0|-1
2025-12-31,9.5,40,-1,4307.39,4334.71,4320.24,14.470000000000255,87.99100000000017,0.1644486367924018,False,2025-12-31 11:00:00,0.08,0.022729597345182987,0.28205128205128205,2025-12-31 11:45:00,4334.71,停損,27.31999999999971,-27.399999999999707,-1.0029282576866765,True,2025-12-31|9.5|-1
2026-01-02,4.0,17,1,4369.09,4363.24,4345.11,18.13000000000011,91.52400000000016,0.19809011843888027,False,2026-01-02 05:15:00,0.08,0.043704383549669955,0.0,2026-01-02 17:15:00,4345.11,停損,23.980000000000473,-24.06000000000047,-1.0033361134278564,True,2026-01-02|4.0|1
2026-01-02,4.5,25,1,4377.81,4371.91,4345.94,25.970000000000255,91.52400000000016,0.283750710196235,False,2026-01-02 07:15:00,0.08,0.043704383549669955,0.0,2026-01-02 17:15:00,4345.94,停損,31.8700000000008,-31.9500000000008,-1.002510197678067,True,2026-01-02|4.5|1
2026-01-02,5.0,28,1,4380.67,4375.7,4362.28,13.420000000000073,91.52400000000016,0.1466282068091435,False,2026-01-02 08:00:00,0.08,0.043704383549669955,0.0,2026-01-02 16:00:00,4362.28,停損,18.390000000000327,-18.470000000000326,-1.0043501903208263,True,2026-01-02|5.0|1
2026-01-02,6.5,37,1,4385.12,4380.15,4371.19,8.960000000000036,91.52400000000016,0.0978978191512611,False,2026-01-02 10:15:00,0.08,0.043704383549669955,0.0,2026-01-02 15:45:00,4371.19,停損,13.930000000000291,-14.010000000000291,-1.005743000717875,True,2026-01-02|6.5|1
2026-01-02,7.0,39,1,4390.61,4381.78,4371.19,10.590000000000146,91.52400000000016,0.1157073554477528,False,2026-01-02 10:45:00,0.08,0.043704383549669955,0.0,2026-01-02 15:45:00,4371.19,停損,19.420000000000073,-19.50000000000007,-1.0041194644696187,True,2026-01-02|7.0|1
2026-01-02,9.5,47,1,4393.75,4386.68,4372.26,14.420000000000073,91.52400000000016,0.15755430269656098,False,2026-01-02 12:45:00,0.08,0.043704383549669955,0.0,2026-01-02 15:45:00,4372.26,停損,21.48999999999978,-21.56999999999978,-1.0037226617031176,True,2026-01-02|9.5|1
2026-01-05,9.0,40,1,4430.14,4425.17,4416.76,8.409999999999854,96.0050000000002,0.08759960418728022,True,2026-01-05 11:00:00,0.08,0.09374511744179971,0.0,2026-01-05 13:30:00,4416.76,停損,13.38000000000011,-13.46000000000011,-1.005979073243647,True,2026-01-05|9.0|1
2026-01-05,7.5,42,1,4432.71,4426.19,4401.13,25.05999999999949,96.0050000000002,0.2610280714546059,True,2026-01-05 11:30:00,0.08,0.09374511744179971,0.0,2026-01-05 15:30:00,4401.13,停損,31.579999999999927,-31.659999999999926,-1.0025332488917036,True,2026-01-05|7.5|1
2026-01-05,9.5,43,1,4437.72,4430.28,4418.64,11.639999999999418,96.0050000000002,0.12124368522472156,True,2026-01-05 11:45:00,0.08,0.09374511744179971,0.0,2026-01-05 13:30:00,4418.64,停損,19.079999999999927,-19.159999999999926,-1.0041928721174003,True,2026-01-05|9.5|1
2026-01-08,6.0,27,-1,4418.56,4440.58,4430.3,10.279999999999745,100.48800000000037,0.10230077223150733,True,2026-01-08 07:45:00,0.08,0.009951436987500959,0.19230769230769232,2026-01-08 17:15:00,4440.58,停損,22.019999999999527,-22.099999999999525,-1.0036330608537694,True,2026-01-08|6.0|-1
2026-01-08,8.5,39,-1,4421.18,4439.71,4426.27,13.4399999999996,100.48800000000037,0.1337473131120089,True,2026-01-08 10:45:00,0.08,0.009951436987500959,0.13157894736842105,2026-01-08 17:15:00,4439.71,停損,18.529999999999745,-18.609999999999744,-1.004317323259579,True,2026-01-08|8.5|-1
2026-01-08,10.5,53,-1,4412.4,4435.5,4419.99,15.510000000000218,100.48800000000037,0.15434678767614204,True,2026-01-08 14:15:00,0.08,0.009951436987500959,0.09615384615384616,2026-01-08 15:30:00,4435.5,停損,23.100000000000364,-23.180000000000362,-1.0034632034632034,True,2026-01-08|10.5|-1
2026-01-09,5.5,30,1,4473.65,4465.95,4460.57,5.380000000000109,100.73000000000039,0.05341010622456158,True,2026-01-09 08:30:00,0.08,0.009927529038022399,0.27586206896551724,2026-01-09 15:45:00,4460.57,停損,13.079999999999927,-13.159999999999927,-1.0061162079510704,True,2026-01-09|5.5|1
2026-01-09,5.0,31,1,4475.18,4470.02,4460.57,9.450000000000728,100.73000000000039,0.09381514940931888,True,2026-01-09 08:45:00,0.08,0.009927529038022399,0.26666666666666666,2026-01-09 15:45:00,4460.57,停損,14.610000000000582,-14.690000000000582,-1.005475701574264,True,2026-01-09|5.0|1
2026-01-12,6.0,27,1,4581.86,4572.19,4563.4,8.789999999999964,99.41700000000037,0.08841546214430059,True,2026-01-12 07:45:00,0.08,0.17099691199694153,0.0,2026-01-13 00:00:00,4596.9,收盤,18.460000000000036,14.959999999999964,0.8104008667388913,True,2026-01-12|6.0|1
2026-01-12,8.0,36,1,4587.77,4580.96,4569.87,11.090000000000146,99.41700000000037,0.11155033847330038,True,2026-01-12 10:00:00,0.08,0.17099691199694153,0.0,2026-01-13 00:00:00,4596.9,收盤,17.900000000000546,9.0499999999992,0.5055865921787108,True,2026-01-12|8.0|1
2026-01-12,7.0,40,1,4596.89,4585.06,4566.22,18.840000000000146,99.41700000000037,0.18950481306014139,True,2026-01-12 11:00:00,0.08,0.17099691199694153,0.0,2026-01-13 00:00:00,4596.9,收盤,30.670000000000073,-0.07000000000069122,-0.0022823606129993824,True,2026-01-12|7.0|1
2026-01-14,2.5,19,1,4624.17,4618.42,4604.78,13.640000000000327,86.26900000000015,0.1581100974857748,False,2026-01-14 05:45:00,0.08,0.06954989625473797,0.0,2026-01-14 17:15:00,4604.78,停損,19.390000000000327,-19.470000000000326,-1.004125838060856,True,2026-01-14|2.5|1
2026-01-14,3.0,20,1,4628.22,4620.01,4606.38,13.63000000000011,86.26900000000015,0.15799418099201434,False,2026-01-14 06:00:00,0.08,0.06954989625473797,0.0,2026-01-14 17:15:00,4606.38,停損,21.840000000000146,-21.920000000000144,-1.0036630036630036,True,2026-01-14|3.0|1
2026-01-14,5.0,27,1,4636.34,4630.03,4613.45,16.579999999999927,86.26900000000015,0.19218954665059174,False,2026-01-14 07:45:00,0.08,0.06954989625473797,0.0,2026-01-14 17:00:00,4613.45,停損,22.890000000000327,-22.970000000000326,-1.00349497597204,True,2026-01-14|5.0|1
2026-01-15,4.0,18,-1,4585.35,4614.76,4595.49,19.270000000000437,83.82700000000014,0.22987820153411676,False,2026-01-15 05:30:00,0.09,0.16701062903360464,0.0,2026-01-15 12:30:00,4614.76,停損,29.409999999999854,-29.499999999999854,-1.0030601836110167,True,2026-01-15|4.0|-1
2026-01-19,4.0,25,1,4669.56,4665.09,4653.33,11.760000000000218,78.27200000000002,0.15024529844644594,False,2026-01-19 07:15:00,0.09,0.42160670482420265,0.0,2026-01-19 21:30:00,4670.91,收盤,16.230000000000473,1.2599999999994542,0.07763401109053712,True,2026-01-19|4.0|1
2026-01-19,5.5,28,1,4670.04,4666.02,4658.3,7.720000000000255,78.27200000000002,0.09863041700736218,False,2026-01-19 08:00:00,0.09,0.42160670482420265,0.0,2026-01-19 21:30:00,4670.91,收盤,11.739999999999782,0.7799999999998909,0.06643952299828837,True,2026-01-19|5.5|1
2026-01-19,5.0,32,1,4678.08,4670.0,4658.3,11.699999999999818,78.27200000000002,0.1494787408013059,False,2026-01-19 09:00:00,0.09,0.42160670482420265,0.0,2026-01-19 21:30:00,4670.91,收盤,19.779999999999745,-7.260000000000073,-0.36703741152680314,True,2026-01-19|5.0|1
2026-01-20,6.0,27,1,4705.06,4697.07,4679.69,17.38000000000011,75.47699999999995,0.23026882361514264,True,2026-01-20 07:45:00,0.08,0.0,0.19230769230769232,2026-01-21 00:00:00,4763.17,收盤,25.3700000000008,58.029999999999674,2.2873472605438647,True,2026-01-20|6.0|1
2026-01-20,6.5,28,1,4714.67,4701.53,4684.42,17.109999999999673,75.47699999999995,0.2266915749168579,True,2026-01-20 08:00:00,0.08,0.0,0.18518518518518517,2026-01-21 00:00:00,4763.17,收盤,30.25,48.42,1.6006611570247935,True,2026-01-20|6.5|1
2026-01-20,7.0,37,1,4724.53,4716.67,4694.19,22.480000000000473,75.47699999999995,0.29783907680486094,True,2026-01-20 10:15:00,0.08,0.0,0.1388888888888889,2026-01-21 00:00:00,4763.17,收盤,30.340000000000146,38.56000000000033,1.270929466051422,True,2026-01-20|7.0|1
2026-01-20,8.5,40,1,4729.42,4722.07,4705.73,16.340000000000146,75.47699999999995,0.21648979159214274,True,2026-01-20 11:00:00,0.09,0.0,0.1282051282051282,2026-01-21 00:00:00,4763.17,收盤,23.69000000000051,33.66,1.4208526804558579,True,2026-01-20|8.5|1
2026-01-20,9.5,42,1,4733.61,4725.7,4714.92,10.779999999999745,75.47699999999995,0.14282496654609686,True,2026-01-20 11:30:00,0.09,0.0,0.12195121951219512,2026-01-21 00:00:00,4763.17,收盤,18.6899999999996,29.4700000000004,1.5767790262172836,True,2026-01-20|9.5|1
2026-01-21,2.0,9,1,4807.82,4787.82,4770.77,17.049999999999272,79.22799999999998,0.2152016963699611,True,2026-01-21 03:15:00,0.09,0.0,0.0,2026-01-21 21:45:00,4770.77,停損,37.04999999999927,-37.139999999999276,-1.002429149797571,True,2026-01-21|2.0|1
2026-01-21,2.5,12,1,4835.21,4827.63,4776.67,50.960000000000036,79.22799999999998,0.6432069470389262,True,2026-01-21 04:00:00,0.09,0.0,0.0,2026-01-21 21:45:00,4776.67,停損,58.539999999999964,-58.62999999999997,-1.0015374103177315,True,2026-01-21|2.5|1
2026-01-21,3.0,22,1,4849.91,4844.15,4783.49,60.659999999999854,79.22799999999998,0.7656384106628953,True,2026-01-21 06:30:00,0.09,0.0,0.0,2026-01-21 21:45:00,4783.49,停損,66.42000000000007,-66.51000000000008,-1.0013550135501355,True,2026-01-21|3.0|1
2026-01-21,4.5,23,1,4865.49,4849.74,4822.13,27.609999999999673,79.22799999999998,0.348487908315238,True,2026-01-21 06:45:00,0.09,0.0,0.0,2026-01-21 17:30:00,4822.13,停損,43.35999999999967,-43.449999999999676,-1.0020756457564577,True,2026-01-21|4.5|1
2026-01-21,6.0,30,1,4884.0,4870.86,4837.92,32.9399999999996,79.22799999999998,0.41576210430655336,True,2026-01-21 08:30:00,0.09,0.0,0.0,2026-01-21 09:15:00,4837.92,停損,46.07999999999993,-46.16999999999993,-1.001953125,True,2026-01-21|6.0|1
2026-01-21,9.0,38,1,4866.83,4857.18,4832.62,24.5600000000004,79.22799999999998,0.30999141717575107,True,2026-01-21 10:30:00,0.09,0.0,0.0,2026-01-21 17:30:00,4832.62,停損,34.210000000000036,-34.30000000000004,-1.0026308097047647,True,2026-01-21|9.0|1
2026-01-21,9.5,42,1,4875.71,4869.57,4838.91,30.659999999999854,79.22799999999998,0.3869843994547365,True,2026-01-21 11:30:00,0.09,0.0,0.0,2026-01-21 17:30:00,4838.91,停損,36.80000000000018,-36.890000000000185,-1.0024456521739131,True,2026-01-21|9.5|1
2026-01-22,3.5,15,-1,4781.95,4804.73,4786.62,18.109999999999673,84.79199999999992,0.21358146994999164,False,2026-01-22 04:45:00,0.1,0.2240777431833194,0.0,2026-01-22 08:00:00,4804.73,停損,22.779999999999745,-22.879999999999747,-1.0043898156277438,True,2026-01-22|3.5|-1
2026-01-23,5.5,27,1,4961.1,4954.49,4942.56,11.929999999999382,94.45499999999993,0.12630353078184733,True,2026-01-23 07:45:00,0.1,0.06352231221216458,0.07692307692307693,2026-01-23 10:15:00,4942.56,停損,18.539999999999964,-18.639999999999965,-1.005393743257821,True,2026-01-23|5.5|1
2026-01-23,10.5,53,1,4933.79,4926.31,4899.67,26.640000000000327,94.45499999999993,0.2820390662220142,True,2026-01-23 14:15:00,0.1,0.021174104070721525,0.7884615384615384,2026-01-24 00:00:00,4987.1,收盤,34.11999999999989,53.2100000000004,1.5594958968347177,True,2026-01-23|10.5|1
2026-01-26,2.0,9,1,5057.65,5052.1,5030.7,21.400000000000546,97.03599999999987,0.2205367080258932,True,2026-01-26 03:15:00,0.1,0.11335999010676465,0.0,2026-01-26 21:30:00,5030.7,停損,26.949999999999818,-27.04999999999982,-1.0037105751391466,True,2026-01-26|2.0|1
2026-01-26,2.5,11,1,5083.45,5075.38,5028.95,46.43000000000029,97.03599999999987,0.47848221278701053,True,2026-01-26 03:45:00,0.1,0.11335999010676465,0.0,2026-01-26 21:30:00,5028.95,停損,54.5,-54.6,-1.001834862385321,True,2026-01-26|2.5|1
2026-01-26,6.0,31,1,5092.11,5078.0,5058.5,19.5,97.03599999999987,0.2009563460983555,True,2026-01-26 08:45:00,0.1,0.11335999010676465,0.0,2026-01-26 15:45:00,5058.5,停損,33.60999999999967,-33.709999999999674,-1.0029753049687593,True,2026-01-26|6.0|1
2026-01-28,2.0,9,1,5190.88,5180.13,5157.41,22.720000000000255,109.05,0.20834479596515593,True,2026-01-28 03:15:00,0.1,0.018340210912425492,0.5,2026-01-29 00:00:00,5417.42,收盤,33.470000000000255,226.43999999999997,6.765461607409568,True,2026-01-28|2.0|1
2026-01-28,2.5,11,1,5215.5,5202.46,5163.05,39.409999999999854,109.05,0.361393856029343,True,2026-01-28 03:45:00,0.1,0.018340210912425492,0.4,2026-01-29 00:00:00,5417.42,收盤,52.44999999999982,201.82000000000008,3.8478551000953436,True,2026-01-28|2.5|1
2026-01-28,3.0,16,1,5231.97,5225.21,5168.71,56.5,109.05,0.5181109582760202,True,2026-01-28 05:00:00,0.1,0.018340210912425492,0.26666666666666666,2026-01-29 00:00:00,5417.42,收盤,63.26000000000022,185.34999999999982,2.9299715460006195,True,2026-01-28|3.0|1
2026-01-28,4.0,17,1,5243.6,5234.62,5201.65,32.970000000000255,109.05,0.3023383768913366,True,2026-01-28 05:15:00,0.1,0.018340210912425492,0.25,2026-01-29 00:00:00,5417.42,收盤,41.95000000000073,173.71999999999971,4.141120381406358,True,2026-01-28|4.0|1
2026-01-28,4.5,25,1,5253.99,5247.58,5216.67,30.909999999999854,109.05,0.2834479596515347,True,2026-01-28 07:15:00,0.1,0.018340210912425492,0.16666666666666666,2026-01-29 00:00:00,5417.42,收盤,37.31999999999971,163.3300000000003,4.376473740621693,True,2026-01-28|4.5|1
2026-01-28,6.0,26,1,5259.18,5248.92,5232.31,16.609999999999673,109.05,0.15231545162769072,True,2026-01-28 07:30:00,0.1,0.018340210912425492,0.16,2026-01-29 00:00:00,5417.42,收盤,26.86999999999989,158.1399999999998,5.8853740230740765,True,2026-01-28|6.0|1
2026-01-28,6.5,32,1,5269.92,5261.94,5233.76,28.17999999999938,109.05,0.25841357175606955,True,2026-01-28 09:00:00,0.1,0.018340210912425492,0.12903225806451613,2026-01-29 00:00:00,5417.42,收盤,36.159999999999854,147.4,4.076327433628335,True,2026-01-28|6.5|1
2026-01-28,7.0,33,1,5273.77,5266.4,5241.66,24.73999999999978,109.05,0.22686840898670135,True,2026-01-28 09:15:00,0.1,0.018340210912425492,0.125,2026-01-28 13:15:00,5241.66,停損,32.11000000000058,-32.21000000000058,-1.0031142946122704,True,2026-01-28|7.0|1
2026-01-28,8.0,34,1,5281.15,5271.48,5252.06,19.419999999999163,109.05,0.17808344795964387,True,2026-01-28 09:30:00,0.1,0.018340210912425492,0.12121212121212122,2026-01-28 13:15:00,5252.06,停損,29.089999999999236,-29.189999999999237,-1.0034376074252322,True,2026-01-28|8.0|1
2026-01-28,8.5,36,1,5290.46,5284.15,5255.15,29.0,109.05,0.26593305823016966,True,2026-01-28 10:00:00,0.1,0.018340210912425492,0.11428571428571428,2026-01-28 13:15:00,5255.15,停損,35.3100000000004,-35.4100000000004,-1.0028320589068254,True,2026-01-28|8.5|1
2026-01-28,9.0,38,1,5299.32,5292.86,5263.0,29.859999999999673,109.05,0.2738193489225096,True,2026-01-28 10:30:00,0.1,0.018340210912425492,0.10810810810810811,2026-01-28 13:15:00,5263.0,停損,36.31999999999971,-36.41999999999971,-1.0027533039647578,True,2026-01-28|9.0|1
2026-01-29,2.0,11,1,5540.14,5527.16,5454.62,72.53999999999996,129.433,0.5604443998053045,True,2026-01-29 03:45:00,0.1,0.23178014880285555,0.0,2026-01-29 17:15:00,5454.62,停損,85.52000000000044,-85.62000000000043,-1.0011693171188025,True,2026-01-29|2.0|1
2026-01-29,4.0,23,1,5557.27,5550.33,5504.39,45.9399999999996,129.433,0.3549326678667697,True,2026-01-29 06:45:00,0.1,0.23178014880285555,0.0,2026-01-29 10:45:00,5504.39,停損,52.88000000000011,-52.98000000000011,-1.001891074130106,True,2026-01-29|4.0|1
2026-01-29,3.0,24,1,5558.3,5551.43,5445.57,105.86000000000058,129.433,0.8178748850756807,True,2026-01-29 07:00:00,0.1,0.23178014880285555,0.0,2026-01-29 17:15:00,5445.57,停損,112.73000000000047,-112.83000000000047,-1.000887075312694,True,2026-01-29|3.0|1
2026-01-29,5.5,25,1,5559.89,5552.47,5520.28,32.19000000000051,129.433,0.24870009966546794,True,2026-01-29 07:15:00,0.1,0.23178014880285555,0.0,2026-01-29 07:30:00,5520.28,停損,39.61000000000058,-39.71000000000058,-1.002524614996213,True,2026-01-29|5.5|1
2026-01-29,6.0,29,1,5584.32,5564.6,5533.6,31.0,129.433,0.23950615376295073,True,2026-01-29 08:15:00,0.1,0.23178014880285555,0.0,2026-01-29 10:15:00,5533.6,停損,50.719999999999345,-50.81999999999935,-1.0019716088328077,True,2026-01-29|6.0|1
2026-01-29,10.5,54,1,5540.84,5530.36,5474.4,55.960000000000036,129.433,0.43234723756692683,True,2026-01-29 14:30:00,0.1,0.23178014880285555,0.0,2026-01-29 17:15:00,5474.4,停損,66.44000000000051,-66.5400000000005,-1.001505117399157,True,2026-01-29|10.5|1
2026-01-30,6.0,28,-1,5184.89,5230.46,5193.67,36.789999999999964,173.88199999999998,0.2115802670776732,True,2026-01-30 08:00:00,0.1,0.0,0.14814814814814814,2026-01-31 00:00:00,4885.55,收盤,45.56999999999971,299.2400000000001,6.566600833881984,True,2026-01-30|6.0|-1
2026-01-30,7.0,30,-1,5157.18,5241.09,5180.04,61.05000000000018,173.88199999999998,0.3511001713805925,True,2026-01-30 08:30:00,0.1,0.0,0.13793103448275862,2026-01-31 00:00:00,4885.55,收盤,83.90999999999985,271.5300000000001,3.2359671076153087,True,2026-01-30|7.0|-1
2026-01-30,7.5,35,-1,5146.86,5239.84,5156.91,82.93000000000029,173.88199999999998,0.47693263247489853,True,2026-01-30 09:45:00,0.1,0.0,0.11764705882352941,2026-01-31 00:00:00,4885.55,收盤,92.98000000000047,261.20999999999947,2.809313830931363,True,2026-01-30|7.5|-1
2026-01-30,8.0,39,-1,5096.12,5205.37,5145.55,59.81999999999971,173.88199999999998,0.3440264087139538,True,2026-01-30 10:45:00,0.1,0.0,0.10526315789473684,2026-01-31 00:00:00,4885.55,收盤,109.25,210.46999999999971,1.9264988558352376,True,2026-01-30|8.0|-1
2026-01-30,10.0,41,-1,5028.91,5181.33,5057.6,123.72999999999956,173.88199999999998,0.7115745160511127,True,2026-01-30 11:15:00,0.1,0.0,0.1,2026-01-31 00:00:00,4885.55,收盤,152.42000000000007,143.25999999999968,0.9399028998819027,True,2026-01-30|10.0|-1
2026-01-30,10.5,43,-1,4976.72,5155.01,5014.47,140.53999999999996,173.88199999999998,0.8082492724951403,True,2026-01-30 11:45:00,0.1,0.0,0.09523809523809523,2026-01-31 00:00:00,4885.55,收盤,178.28999999999996,91.07000000000008,0.51079701609737,True,2026-01-30|10.5|-1
2026-02-02,4.0,19,-1,4665.48,4773.0,4698.92,74.07999999999993,241.425,0.30684477581029274,True,2026-02-02 05:45:00,0.1,0.07041524282903593,0.2777777777777778,2026-02-02 13:45:00,4773.0,停損,107.52000000000044,-107.62000000000043,-1.0009300595238095,True,2026-02-02|4.0|-1
2026-02-02,4.5,20,-1,4646.7,4773.0,4664.68,108.31999999999971,241.425,0.44866935901418536,True,2026-02-02 06:00:00,0.1,0.07041524282903593,0.2631578947368421,2026-02-02 13:45:00,4773.0,停損,126.30000000000018,-126.40000000000018,-1.0007917656373713,True,2026-02-02|4.5|-1
2026-02-02,5.0,27,-1,4575.72,4729.41,4630.4,99.01000000000022,241.425,0.41010665838252136,True,2026-02-02 07:45:00,0.1,0.07041524282903593,0.19230769230769232,2026-02-02 12:00:00,4729.41,停損,153.6899999999996,-153.7899999999996,-1.0006506604203267,True,2026-02-02|5.0|-1
2026-02-02,7.0,30,-1,4486.38,4696.13,4498.55,197.57999999999993,241.425,0.8183908045977009,True,2026-02-02 08:30:00,0.1,0.07041524282903593,0.1724137931034483,2026-02-02 11:30:00,4696.13,停損,209.75,-209.85,-1.000476758045292,True,2026-02-02|7.0|-1
2026-02-03,6.5,30,1,4871.59,4841.87,4806.11,35.76000000000022,280.19000000000005,0.12762768121631826,False,2026-02-03 08:30:00,0.1,0.18201934401656017,0.0,2026-02-04 00:00:00,4946.45,收盤,65.48000000000047,74.75999999999968,1.1417226634086612,True,2026-02-03|6.5|1
2026-02-03,7.5,31,1,4891.63,4875.14,4813.5,61.64000000000033,280.19000000000005,0.21999357578785936,False,2026-02-03 08:45:00,0.1,0.18201934401656017,0.0,2026-02-04 00:00:00,4946.45,收盤,78.13000000000011,54.71999999999971,0.7003711762447156,True,2026-02-03|7.5|1
2026-02-03,8.0,35,1,4921.34,4893.9,4816.6,77.29999999999927,280.19000000000005,0.27588422142117586,False,2026-02-03 09:45:00,0.1,0.18201934401656017,0.0,2026-02-04 00:00:00,4946.45,收盤,104.73999999999978,25.00999999999967,0.2387817452740092,True,2026-02-03|8.0|1
2026-02-04,4.5,24,1,5080.6,5062.14,5035.6,26.539999999999964,303.059,0.08757370676996876,True,2026-02-04 07:00:00,0.1,0.03299687519591894,0.0,2026-02-04 13:30:00,5035.6,停損,45.0,-45.1,-1.0022222222222223,True,2026-02-04|4.5|1
2026-02-04,3.5,25,1,5082.98,5065.45,5010.73,54.720000000000255,303.059,0.1805589010720693,True,2026-02-04 07:15:00,0.1,0.03299687519591894,0.0,2026-02-04 16:45:00,5010.73,停損,72.25,-72.35,-1.0013840830449827,True,2026-02-04|3.5|1
2026-02-04,5.5,34,1,5089.5,5074.17,5051.65,22.520000000000437,303.059,0.07430896294121091,True,2026-02-04 09:30:00,0.1,0.03299687519591894,0.0,2026-02-04 11:45:00,5051.65,停損,37.850000000000364,-37.950000000000365,-1.0026420079260239,True,2026-02-04|5.5|1
2026-02-05,8.0,44,-1,4855.08,4934.01,4878.34,55.67000000000007,313.55300000000005,0.1775457418682011,False,2026-02-05 12:00:00,0.1,0.0,0.06976744186046512,2026-02-06 00:00:00,4776.55,收盤,78.93000000000029,78.42999999999975,0.9936652730267257,True,2026-02-05|8.0|-1
2026-02-09,4.0,28,1,5037.12,5017.51,4969.25,48.26000000000022,345.736,0.13958627391998582,True,2026-02-09 08:00:00,0.1,0.011569521253210542,0.0,2026-02-10 00:00:00,5060.3,收盤,67.86999999999989,23.08000000000029,0.3400618830116447,True,2026-02-09|4.0|1
2026-02-17,3.5,25,-1,4928.24,4971.12,4954.61,16.51000000000022,193.079,0.08550904034100144,True,2026-02-17 07:15:00,0.1,0.0051792271557238225,0.041666666666666664,2026-02-18 00:00:00,4878.15,收盤,42.88000000000011,49.990000000000144,1.1658115671641796,True,2026-02-17|3.5|-1
2026-02-20,9.5,40,1,5028.89,5019.89,5005.1,14.789999999999964,147.06000000000003,0.10057119543043629,True,2026-02-20 11:00:00,0.1,0.027199782401740782,0.46153846153846156,2026-02-20 17:15:00,5005.1,停損,23.789999999999964,-23.889999999999965,-1.0042034468263976,True,2026-02-20|9.5|1
2026-02-23,2.0,15,1,5174.45,5166.71,5129.76,36.94999999999982,128.0660000000001,0.28852310527384156,True,2026-02-23 04:45:00,0.1,0.23425421267159105,0.0,2026-02-23 09:30:00,5129.76,停損,44.6899999999996,-44.7899999999996,-1.0022376370552697,True,2026-02-23|2.0|1
2026-02-23,9.5,42,1,5149.19,5139.68,5122.6,17.079999999999927,128.0660000000001,0.13336873174769193,True,2026-02-23 11:30:00,0.1,0.17959489638155313,0.0,2026-02-24 00:00:00,5227.92,收盤,26.589999999999236,78.63000000000048,2.9571267393758083,True,2026-02-23|9.5|1
2026-02-23,10.5,46,1,5156.11,5149.48,5122.38,27.099999999999454,128.0660000000001,0.21160963877999966,True,2026-02-23 12:30:00,0.1,0.17959489638155313,0.0,2026-02-24 00:00:00,5227.92,收盤,33.72999999999956,71.7100000000004,2.1260005929440062,True,2026-02-23|10.5|1
2026-02-23,9.0,48,1,5162.94,5154.38,5125.15,29.230000000000473,128.0660000000001,0.22824168787969057,True,2026-02-23 13:00:00,0.1,0.17959489638155313,0.0,2026-02-24 00:00:00,5227.92,收盤,37.789999999999964,64.88000000000048,1.7168563111934518,True,2026-02-23|9.0|1
2026-03-02,3.5,15,1,5351.12,5339.2,5305.55,33.649999999999636,116.87000000000008,0.2879267562248619,True,2026-03-02 04:45:00,0.1,0.03422606314708648,0.0,2026-03-02 18:15:00,5305.55,停損,45.56999999999971,-45.66999999999971,-1.00219442615756,True,2026-03-02|3.5|1
2026-03-02,3.0,17,1,5355.16,5347.5,5303.39,44.10999999999967,116.87000000000008,0.3774279113544934,True,2026-03-02 05:15:00,0.1,0.03422606314708648,0.0,2026-03-02 18:15:00,5303.39,停損,51.76999999999953,-51.86999999999953,-1.0019316206297084,True,2026-03-02|3.0|1
2026-03-02,4.0,19,1,5362.26,5351.77,5317.15,34.6200000000008,116.87000000000008,0.29622657653804035,True,2026-03-02 05:45:00,0.1,0.03422606314708648,0.0,2026-03-02 16:30:00,5317.15,停損,45.11000000000058,-45.21000000000058,-1.002216803369541,True,2026-03-02|4.0|1
2026-03-02,4.5,20,1,5366.38,5359.45,5328.73,30.720000000000255,116.87000000000008,0.2628561649696264,True,2026-03-02 06:00:00,0.1,0.03422606314708648,0.0,2026-03-02 16:30:00,5328.73,停損,37.650000000000546,-37.75000000000055,-1.00265604249668,True,2026-03-02|4.5|1
2026-03-02,5.0,29,1,5375.52,5366.83,5344.51,22.31999999999971,116.87000000000008,0.19098143236074008,True,2026-03-02 08:15:00,0.1,0.03422606314708648,0.0,2026-03-02 16:30:00,5344.51,停損,31.01000000000022,-31.11000000000022,-1.0032247662044502,True,2026-03-02|5.0|1
2026-03-02,7.5,32,1,5387.56,5381.19,5348.98,32.210000000000036,116.87000000000008,0.2756053734919142,True,2026-03-02 09:00:00,0.1,0.03422606314708648,0.0,2026-03-02 16:30:00,5348.98,停損,38.58000000000084,-38.68000000000084,-1.0025920165889062,True,2026-03-02|7.5|1
2026-03-02,8.0,33,1,5406.06,5389.84,5363.74,26.100000000000364,116.87000000000008,0.22332506203474242,True,2026-03-02 09:15:00,0.1,0.03422606314708648,0.0,2026-03-02 16:15:00,5363.74,停損,42.32000000000062,-42.42000000000062,-1.0023629489603025,True,2026-03-02|8.0|1
2026-03-10,6.5,32,1,5177.92,5167.98,5154.41,13.569999999999709,154.38799999999983,0.08789543228748169,False,2026-03-10 09:00:00,0.1,0.02590874938466723,0.03225806451612903,2026-03-11 00:00:00,5192.77,收盤,23.51000000000022,14.750000000000364,0.6273925988940973,True,2026-03-10|6.5|1
2026-03-10,7.5,42,1,5184.05,5174.19,5161.53,12.659999999999854,154.38799999999983,0.08200119180247084,False,2026-03-10 11:30:00,0.1,0.02590874938466723,0.024390243902439025,2026-03-10 13:45:00,5161.53,停損,22.520000000000437,-22.620000000000438,-1.0044404973357015,True,2026-03-10|7.5|1
2026-03-10,8.0,43,1,5189.86,5179.31,5163.89,15.420000000000073,154.38799999999983,0.09987822887789265,False,2026-03-10 11:45:00,0.1,0.02590874938466723,0.023809523809523808,2026-03-10 13:45:00,5163.89,停損,25.969999999999345,-26.069999999999347,-1.0038505968425107,True,2026-03-10|8.0|1
2026-03-13,5.0,31,-1,5100.65,5128.46,5110.48,17.980000000000473,154.8039999999998,0.11614686958993628,True,2026-03-13 08:45:00,0.1,0.025839125603989595,0.5333333333333333,2026-03-14 00:00:00,5018.76,收盤,27.8100000000004,81.78999999999942,2.9410284070477615,True,2026-03-13|5.0|-1
2026-03-13,5.5,34,-1,5095.66,5121.84,5108.3,13.539999999999964,154.8039999999998,0.08746544016950454,True,2026-03-13 09:30:00,0.1,0.025839125603989595,0.48484848484848486,2026-03-13 16:00:00,5121.84,停損,26.18000000000029,-26.280000000000292,-1.0038197097020627,True,2026-03-13|5.5|-1
2026-03-13,7.0,35,-1,5091.74,5117.99,5102.74,15.25,154.8039999999998,0.09851166636521033,True,2026-03-13 09:45:00,0.1,0.025839125603989595,0.47058823529411764,2026-03-13 15:15:00,5117.99,停損,26.25,-26.35,-1.003809523809524,True,2026-03-13|7.0|-1
2026-03-13,8.0,36,-1,5088.32,5111.01,5098.28,12.730000000000473,154.8039999999998,0.08223301723469993,True,2026-03-13 10:00:00,0.1,0.025839125603989595,0.45714285714285713,2026-03-13 15:15:00,5111.01,停損,22.69000000000051,-22.79000000000051,-1.00440722785368,True,2026-03-13|8.0|-1
2026-03-13,8.5,41,-1,5078.31,5111.01,5088.95,22.0600000000004,154.8039999999998,0.1425027777060052,True,2026-03-13 11:15:00,0.1,0.025839125603989595,0.4,2026-03-13 15:15:00,5111.01,停損,32.69999999999982,-32.79999999999982,-1.0030581039755353,True,2026-03-13|8.5|-1
2026-03-13,9.0,42,-1,5070.88,5107.79,5085.86,21.93000000000029,154.8039999999998,0.14166300612387484,True,2026-03-13 11:30:00,0.1,0.025839125603989595,0.3902439024390244,2026-03-13 15:00:00,5107.79,停損,36.909999999999854,-37.009999999999856,-1.0027092928745598,True,2026-03-13|9.0|-1
2026-03-16,3.0,13,-1,4986.57,5030.87,4996.87,34.0,155.25899999999984,0.21898891529637596,True,2026-03-16 04:15:00,0.1,0.0,0.8333333333333334,2026-03-16 09:30:00,5030.87,停損,44.30000000000018,-44.40000000000018,-1.002257336343115,True,2026-03-16|3.0|-1
2026-03-16,6.5,38,-1,5002.31,5026.26,5010.29,15.970000000000255,155.25899999999984,0.1028603816847994,True,2026-03-16 10:30:00,0.1,0.03864510269936046,0.8918918918918919,2026-03-16 16:30:00,5026.26,停損,23.949999999999818,-24.04999999999982,-1.0041753653444678,True,2026-03-16|6.5|-1
2026-03-16,7.5,39,-1,4992.82,5024.86,5007.95,16.909999999999854,155.25899999999984,0.10891478110769663,True,2026-03-16 10:45:00,0.1,0.03864510269936046,0.868421052631579,2026-03-16 15:45:00,5024.86,停損,32.039999999999964,-32.139999999999965,-1.0031210986267167,True,2026-03-16|7.5|-1
2026-03-16,9.5,41,-1,4988.71,5029.56,4998.27,31.289999999999964,155.25899999999984,0.20153421057716459,True,2026-03-16 11:15:00,0.1,0.03864510269936046,0.825,2026-03-16 16:30:00,5029.56,停損,40.850000000000364,-40.950000000000365,-1.0024479804161568,True,2026-03-16|9.5|-1
2026-03-16,10.0,47,-1,4981.55,5016.44,4991.96,24.479999999999563,155.25899999999984,0.15767201901338787,True,2026-03-16 12:45:00,0.1,0.03864510269936046,0.717391304347826,2026-03-16 14:30:00,5016.44,停損,34.88999999999942,-34.98999999999942,-1.00286615075953,True,2026-03-16|10.0|-1
2026-03-16,10.5,48,-1,4975.38,5007.34,4987.89,19.449999999999818,155.25899999999984,0.12527454125042567,True,2026-03-16 13:00:00,0.1,0.03864510269936046,0.7021276595744681,2026-03-16 14:30:00,5007.34,停損,31.960000000000036,-32.06000000000004,-1.0031289111389237,True,2026-03-16|10.5|-1
2026-03-19,5.5,30,-1,4846.68,4866.15,4853.51,12.639999999999418,123.96499999999996,0.10196426410679968,True,2026-03-19 08:30:00,0.1,0.008066793046424396,0.4827586206896552,2026-03-20 00:00:00,4657.69,收盤,19.469999999999345,188.8900000000007,9.701592193117978,True,2026-03-19|5.5|-1
2026-03-19,5.0,31,-1,4833.72,4862.03,4841.8,20.229999999999563,123.96499999999996,0.16319122332916203,True,2026-03-19 08:45:00,0.1,0.008066793046424396,0.4666666666666667,2026-03-20 00:00:00,4657.69,收盤,28.30999999999949,175.93000000000066,6.214411868597804,True,2026-03-19|5.0|-1
2026-03-19,8.0,34,-1,4813.48,4853.85,4827.09,26.76000000000022,123.96499999999996,0.2158673819223186,True,2026-03-19 09:30:00,0.1,0.008066793046424396,0.42424242424242425,2026-03-20 00:00:00,4657.69,收盤,40.3700000000008,155.68999999999997,3.856576665840894,True,2026-03-19|8.0|-1
2026-03-19,8.5,35,-1,4786.3,4846.72,4813.48,33.24000000000069,123.96499999999996,0.2681402008631525,True,2026-03-19 09:45:00,0.1,0.008066793046424396,0.4117647058823529,2026-03-20 00:00:00,4657.69,收盤,60.42000000000007,128.5100000000006,2.1269447202913017,True,2026-03-19|8.5|-1
2026-03-19,9.0,39,-1,4739.84,4842.25,4747.88,94.36999999999989,123.96499999999996,0.7612632597910695,True,2026-03-19 10:45:00,0.1,0.008066793046424396,0.3684210526315789,2026-03-20 00:00:00,4657.69,收盤,102.40999999999985,82.05000000000055,0.801191289913101,True,2026-03-19|9.0|-1
2026-03-19,10.0,41,-1,4714.65,4784.34,4727.51,56.82999999999993,123.96499999999996,0.45843584882829785,True,2026-03-19 11:15:00,0.1,0.008066793046424396,0.35,2026-03-20 00:00:00,4657.69,收盤,69.69000000000051,56.860000000000035,0.8158989812024626,True,2026-03-19|10.0|-1
2026-03-19,10.5,43,-1,4688.59,4771.67,4701.41,70.26000000000022,123.96499999999996,0.5667728794417799,True,2026-03-19 11:45:00,0.1,0.008066793046424396,0.3333333333333333,2026-03-20 00:00:00,4657.69,收盤,83.07999999999993,30.800000000000544,0.3707270101107435,True,2026-03-19|10.5|-1
2026-03-23,2.0,9,-1,4436.57,4510.79,4452.33,58.460000000000036,160.68500000000003,0.3638174067274483,True,2026-03-23 03:15:00,0.1,0.06223356256028875,0.125,2026-03-23 17:30:00,4510.79,停損,74.22000000000025,-74.32000000000025,-1.001347345728914,True,2026-03-23|2.0|-1
2026-03-23,2.5,11,-1,4361.99,4493.63,4404.59,89.03999999999996,160.68500000000003,0.5541276410368108,True,2026-03-23 03:45:00,0.1,0.06223356256028875,0.1,2026-03-23 17:30:00,4493.63,停損,131.64000000000033,-131.74000000000032,-1.000759647523549,True,2026-03-23|2.5|-1
2026-03-23,4.5,20,-1,4360.66,4454.26,4381.23,73.03000000000065,160.68500000000003,0.4544917073777928,True,2026-03-23 06:00:00,0.1,0.06223356256028875,0.05263157894736842,2026-03-23 14:15:00,4454.26,停損,93.60000000000036,-93.70000000000036,-1.001068376068376,True,2026-03-23|4.5|-1
2026-03-23,5.0,23,-1,4342.15,4422.04,4354.94,67.10000000000036,160.68500000000003,0.4175872047795398,True,2026-03-23 06:45:00,0.1,0.06223356256028875,0.045454545454545456,2026-03-23 14:15:00,4422.04,停損,79.89000000000033,-79.99000000000032,-1.0012517211165353,True,2026-03-23|5.0|-1
2026-03-23,5.5,31,-1,4322.02,4400.85,4347.09,53.76000000000022,160.68500000000003,0.3345676323241137,True,2026-03-23 08:45:00,0.1,0.06223356256028875,0.03333333333333333,2026-03-23 14:15:00,4400.85,停損,78.82999999999993,-78.92999999999992,-1.0012685525815044,True,2026-03-23|5.5|-1
2026-03-23,8.0,34,-1,4243.63,4380.19,4302.45,77.73999999999978,160.68500000000003,0.4838037153436834,True,2026-03-23 09:30:00,0.1,0.06223356256028875,0.030303030303030304,2026-03-23 14:15:00,4380.19,停損,136.5599999999995,-136.65999999999948,-1.0007322788517867,True,2026-03-23|8.0|-1
2026-03-23,8.5,35,-1,4183.21,4356.31,4239.08,117.23000000000047,160.68500000000003,0.7295640538942679,True,2026-03-23 09:45:00,0.1,0.06223356256028875,0.029411764705882353,2026-03-23 14:15:00,4356.31,停損,173.10000000000036,-173.20000000000036,-1.000577700751011,True,2026-03-23|8.5|-1
2026-03-23,9.0,37,-1,4129.96,4310.36,4163.42,146.9399999999996,160.68500000000003,0.9144599682608804,True,2026-03-23 10:15:00,0.1,0.06223356256028875,0.027777777777777776,2026-03-23 14:15:00,4310.36,停損,180.39999999999964,-180.49999999999963,-1.0005543237250554,True,2026-03-23|9.0|-1
2026-03-25,2.0,11,1,4567.86,4551.64,4472.63,79.01000000000022,191.7970000000001,0.41194596370120584,True,2026-03-25 03:45:00,0.1,0.05213845889143206,0.2,2026-03-26 00:00:00,4505.76,收盤,95.22999999999956,-62.199999999999456,-0.6531555182190459,True,2026-03-25|2.0|1
2026-03-25,3.0,15,1,4585.31,4572.07,4537.55,34.51999999999953,191.7970000000001,0.17998196009322098,True,2026-03-25 04:45:00,0.1,0.05213845889143206,0.14285714285714285,2026-03-25 09:15:00,4537.55,停損,47.76000000000022,-47.86000000000022,-1.0020938023450587,True,2026-03-25|3.0|1
2026-03-25,3.5,16,1,4594.85,4578.76,4546.89,31.86999999999989,191.7970000000001,0.1661652684869934,True,2026-03-25 05:00:00,0.1,0.05213845889143206,0.13333333333333333,2026-03-25 09:15:00,4546.89,停損,47.960000000000036,-48.06000000000004,-1.0020850708924103,True,2026-03-25|3.5|1
2026-03-25,10.5,54,1,4579.86,4567.8,4535.95,31.850000000000364,191.7970000000001,0.166060991569213,True,2026-03-25 14:30:00,0.1,0.05213845889143206,0.03773584905660377,2026-03-25 15:45:00,4535.95,停損,43.909999999999854,-44.009999999999856,-1.0022773855613756,True,2026-03-25|10.5|1
2026-03-26,7.5,32,-1,4439.13,4524.32,4489.1,35.219999999999345,199.06700000000018,0.1769253567894192,False,2026-03-26 09:00:00,0.1,0.02511717160553982,0.3870967741935484,2026-03-27 00:00:00,4380.84,收盤,85.1899999999996,58.18999999999996,0.6830613921821838,True,2026-03-26|7.5|-1
2026-03-26,8.0,33,-1,4420.98,4522.3,4439.07,83.23000000000047,199.06700000000018,0.41810043854581824,False,2026-03-26 09:15:00,0.1,0.02511717160553982,0.375,2026-03-27 00:00:00,4380.84,收盤,101.32000000000062,40.03999999999942,0.3951835767864111,True,2026-03-26|8.0|-1
2026-03-26,10.0,42,-1,4428.4,4463.94,4439.09,24.849999999999454,199.06700000000018,0.12483234287953017,False,2026-03-26 11:30:00,0.1,0.02511717160553982,0.2926829268292683,2026-03-26 17:30:00,4463.94,停損,35.539999999999964,-35.639999999999965,-1.0028137310073157,True,2026-03-26|10.0|-1
2026-03-26,9.5,43,-1,4420.17,4460.61,4430.67,29.9399999999996,199.06700000000018,0.15040162357397044,False,2026-03-26 11:45:00,0.1,0.02511717160553982,0.2857142857142857,2026-03-26 17:30:00,4460.61,停損,40.4399999999996,-40.5399999999996,-1.0024727992087044,True,2026-03-26|9.5|-1
2026-03-30,8.0,35,1,4540.14,4528.54,4496.87,31.670000000000073,210.82000000000016,0.1502229390000951,True,2026-03-30 09:45:00,0.1,0.009486765961483724,0.23529411764705882,2026-03-30 22:15:00,4496.87,停損,43.27000000000044,-43.37000000000044,-1.0023110700254219,True,2026-03-30|8.0|1
2026-04-01,2.0,10,1,4721.85,4699.9,4672.15,27.75,233.22400000000007,0.1189843240832847,True,2026-04-01 03:30:00,0.1,0.008575446780777275,0.3333333333333333,2026-04-01 07:30:00,4672.15,停損,49.70000000000073,-49.80000000000073,-1.0020120724346075,True,2026-04-01|2.0|1
2026-04-01,6.5,31,1,4702.17,4688.81,4667.11,21.700000000000728,233.22400000000007,0.09304359757143656,True,2026-04-01 08:45:00,0.1,0.008575446780777275,0.1,2026-04-02 00:00:00,4756.81,收盤,35.0600000000004,54.540000000000326,1.5556189389617714,True,2026-04-01|6.5|1
2026-04-01,5.5,34,1,4709.39,4694.28,4678.18,16.099999999999454,233.22400000000007,0.06903234658525473,True,2026-04-01 09:30:00,0.1,0.008575446780777275,0.09090909090909091,2026-04-02 00:00:00,4756.81,收盤,31.210000000000036,47.32000000000007,1.516180711310478,True,2026-04-01|5.5|1
2026-04-01,8.0,36,1,4730.61,4703.51,4674.93,28.579999999999927,233.22400000000007,0.12254313449730696,True,2026-04-01 10:00:00,0.1,0.008575446780777275,0.08571428571428572,2026-04-02 00:00:00,4756.81,收盤,55.67999999999938,26.100000000000726,0.46875000000001826,True,2026-04-01|8.0|1
2026-04-08,6.0,30,1,4815.8,4805.95,4795.19,10.760000000000218,165.68499999999995,0.0649425113921008,True,2026-04-08 08:30:00,0.1,0.036213296315297114,0.06896551724137931,2026-04-08 11:45:00,4795.19,停損,20.610000000000582,-20.710000000000583,-1.004852013585638,True,2026-04-08|6.0|1
2026-04-08,7.5,32,1,4827.66,4816.47,4797.84,18.63000000000011,165.68499999999995,0.11244228505899818,True,2026-04-08 09:00:00,0.1,0.036213296315297114,0.06451612903225806,2026-04-08 11:45:00,4797.84,停損,29.81999999999971,-29.91999999999971,-1.0033534540576794,True,2026-04-08|7.5|1
2026-04-08,5.5,34,1,4836.67,4820.67,4796.53,24.140000000000327,165.68499999999995,0.14569816217521403,True,2026-04-08 09:30:00,0.1,0.036213296315297114,0.06060606060606061,2026-04-08 11:45:00,4796.53,停損,40.14000000000033,-40.24000000000033,-1.0024912805181863,True,2026-04-08|5.5|1
2026-04-13,10.5,45,-1,4719.13,4739.96,4727.46,12.5,146.41799999999995,0.0853720171017225,True,2026-04-13 12:15:00,0.13,0.0068297613681378,0.8863636363636364,2026-04-13 17:00:00,4739.96,停損,20.829999999999927,-20.959999999999926,-1.0062409985597696,True,2026-04-13|10.5|-1
2026-04-13,10.0,46,-1,4715.22,4739.96,4724.87,15.090000000000146,146.41799999999995,0.10306109904520039,True,2026-04-13 12:30:00,0.13,0.0068297613681378,0.8666666666666667,2026-04-13 17:00:00,4739.96,停損,24.73999999999978,-24.86999999999978,-1.0052546483427647,True,2026-04-13|10.0|-1
2026-04-13,9.5,50,-1,4712.49,4738.63,4720.88,17.75,146.41799999999995,0.12122826428444594,True,2026-04-13 13:30:00,0.13,0.0068297613681378,0.7959183673469388,2026-04-13 17:00:00,4738.63,停損,26.140000000000327,-26.270000000000326,-1.0049732211170619,True,2026-04-13|9.5|-1
2026-04-14,2.0,13,1,4775.97,4765.72,4754.54,11.180000000000291,140.1,0.07980014275517695,True,2026-04-14 04:15:00,0.13,0.007137758743754462,0.0,2026-04-14 13:45:00,4754.54,停損,21.43000000000029,-21.56000000000029,-1.0060662622491832,True,2026-04-14|2.0|1
2026-04-14,8.0,36,1,4782.0,4774.24,4758.1,16.139999999999418,140.1,0.11520342612419285,True,2026-04-14 10:00:00,0.13,0.007137758743754462,0.0,2026-04-14 13:45:00,4758.1,停損,23.899999999999636,-24.029999999999635,-1.005439330543933,True,2026-04-14|8.0|1
2026-04-14,6.5,37,1,4790.1,4776.89,4765.83,11.0600000000004,140.1,0.0789436117059272,True,2026-04-14 10:15:00,0.13,0.007137758743754462,0.0,2026-04-14 13:45:00,4765.83,停損,24.270000000000437,-24.400000000000436,-1.0053564070869385,True,2026-04-14|6.5|1
2026-04-15,3.0,13,1,4850.24,4840.05,4827.18,12.86999999999989,134.55,0.09565217391304266,True,2026-04-15 04:15:00,0.13,0.007432181345224823,0.8333333333333334,2026-04-15 05:45:00,4827.18,停損,23.05999999999949,-23.18999999999949,-1.0056374674761492,True,2026-04-15|3.0|1
2026-04-15,2.0,14,1,4850.92,4844.08,4833.8,10.279999999999745,134.55,0.07640282422890929,True,2026-04-15 04:30:00,0.13,0.007432181345224823,0.7692307692307693,2026-04-15 05:30:00,4833.8,停損,17.11999999999989,-17.24999999999989,-1.0075934579439252,True,2026-04-15|2.0|1
2026-04-23,2.0,9,-1,4699.34,4729.97,4723.57,6.400000000000546,97.68900000000022,0.06551402921516784,False,2026-04-23 03:15:00,0.1,0.08189253651895281,0.0,2026-04-23 03:30:00,4729.97,停損,30.63000000000011,-30.73000000000011,-1.0032647730982698,True,2026-04-23|2.0|-1
2026-04-23,9.0,44,-1,4703.34,4721.28,4708.58,12.699999999999818,97.68900000000022,0.13000440172383573,False,2026-04-23 12:00:00,0.13,0.020473134129738203,0.2558139534883721,2026-04-23 15:15:00,4721.28,停損,17.9399999999996,-18.0699999999996,-1.0072463768115942,True,2026-04-23|9.0|-1
2026-04-23,9.5,45,-1,4697.03,4721.28,4703.08,18.199999999999818,97.68900000000022,0.1863055205806158,False,2026-04-23 12:15:00,0.13,0.020473134129738203,0.25,2026-04-23 15:15:00,4721.28,停損,24.25,-24.38,-1.005360824742268,True,2026-04-23|9.5|-1
2026-04-28,7.5,31,-1,4624.87,4669.97,4649.04,20.93000000000029,92.82000000000025,0.2254901960784339,True,2026-04-28 08:45:00,0.13,0.021547080370609723,0.26666666666666666,2026-04-29 00:00:00,4596.48,收盤,45.100000000000364,28.26000000000033,0.626607538802663,True,2026-04-28|7.5|-1
2026-04-28,8.5,46,-1,4618.29,4658.56,4623.47,35.090000000000146,92.82000000000025,0.3780435251023492,True,2026-04-28 12:30:00,0.13,0.021547080370609723,0.17777777777777778,2026-04-29 00:00:00,4596.48,收盤,40.27000000000044,21.6800000000004,0.5383660293022142,True,2026-04-28|8.5|-1
2026-04-28,10.0,47,-1,4613.02,4639.43,4620.65,18.780000000000655,92.82000000000025,0.20232708468003238,True,2026-04-28 12:45:00,0.13,0.021547080370609723,0.17391304347826086,2026-04-29 00:00:00,4596.48,收盤,26.409999999999854,16.410000000000874,0.621355547141271,True,2026-04-28|10.0|-1
2026-04-28,10.5,48,-1,4604.78,4635.3,4614.67,20.63000000000011,92.82000000000025,0.22225813402284048,True,2026-04-28 13:00:00,0.13,0.021547080370609723,0.1702127659574468,2026-04-29 00:00:00,4596.48,收盤,30.520000000000437,8.170000000000181,0.26769331585845557,True,2026-04-28|10.5|-1
2026-05-04,10.0,49,-1,4542.0,4593.41,4578.05,15.359999999999673,100.52400000000034,0.1527993315029209,True,2026-05-04 13:15:00,0.13,0.079582985157773,0.0,2026-05-05 00:00:00,4523.21,收盤,51.409999999999854,18.659999999999965,0.3629644038124882,True,2026-05-04|10.0|-1
2026-05-06,2.5,11,1,4610.41,4604.24,4579.58,24.659999999999854,95.53600000000024,0.2581225925305622,True,2026-05-06 03:45:00,0.13,0.0,0.2,2026-05-07 00:00:00,4690.66,收盤,30.829999999999927,80.12,2.59876743431723,True,2026-05-06|2.5|1
2026-05-06,3.0,14,1,4624.99,4619.82,4588.29,31.529999999999745,95.53600000000024,0.3300326578462534,True,2026-05-06 04:30:00,0.13,0.0,0.15384615384615385,2026-05-07 00:00:00,4690.66,收盤,36.69999999999982,65.54000000000008,1.7858310626703107,True,2026-05-06|3.0|1
2026-05-06,3.5,17,1,4633.42,4625.64,4602.11,23.530000000000655,95.53600000000024,0.246294590520857,True,2026-05-06 05:15:00,0.13,0.0,0.125,2026-05-07 00:00:00,4690.66,收盤,31.3100000000004,57.10999999999978,1.8240178856595033,True,2026-05-06|3.5|1
2026-05-06,4.5,21,1,4647.81,4636.38,4620.43,15.949999999999818,95.53600000000024,0.16695277173002615,True,2026-05-06 06:15:00,0.13,0.0,0.1,2026-05-07 00:00:00,4690.66,收盤,27.38000000000011,42.71999999999945,1.5602629656683449,True,2026-05-06|4.5|1
2026-05-06,5.5,32,1,4663.0,4651.19,4626.84,24.349999999999454,95.53600000000024,0.2548777424216985,True,2026-05-06 09:00:00,0.13,0.0,0.06451612903225806,2026-05-07 00:00:00,4690.66,收盤,36.159999999999854,27.529999999999855,0.7613384955752203,True,2026-05-06|5.5|1
2026-05-06,8.0,36,1,4669.26,4663.85,4644.67,19.18000000000029,95.53600000000024,0.20076201641266372,True,2026-05-06 10:00:00,0.13,0.0,0.05714285714285714,2026-05-07 00:00:00,4690.66,收盤,24.590000000000146,21.269999999999637,0.8649857665717573,True,2026-05-06|8.0|1
2026-05-06,8.5,40,1,4681.66,4666.67,4644.67,22.0,95.53600000000024,0.23027968514486627,True,2026-05-06 11:00:00,0.13,0.0,0.05128205128205128,2026-05-07 00:00:00,4690.66,收盤,36.98999999999978,8.87,0.23979453906461345,True,2026-05-06|8.5|1
2026-05-06,10.0,44,1,4700.18,4681.84,4657.48,24.360000000000582,95.53600000000024,0.2549824150058671,True,2026-05-06 12:00:00,0.13,0.0,0.046511627906976744,2026-05-07 00:00:00,4690.66,收盤,42.70000000000073,-9.650000000000437,-0.22599531615925697,True,2026-05-06|10.0|1
2026-05-11,2.0,9,-1,4682.69,4698.59,4688.91,9.680000000000291,105.53999999999996,0.09171877960962947,False,2026-05-11 03:15:00,0.13,0.018950161076369154,0.0,2026-05-11 04:15:00,4698.59,停損,15.900000000000546,-16.030000000000545,-1.0081761006289305,True,2026-05-11|2.0|-1
2026-05-11,4.5,26,-1,4671.8,4701.76,4678.47,23.289999999999964,105.53999999999996,0.22067462573431848,False,2026-05-11 07:30:00,0.13,0.03790032215273831,0.52,2026-05-11 16:15:00,4701.76,停損,29.960000000000036,-30.090000000000035,-1.0043391188251,True,2026-05-11|4.5|-1
2026-05-11,5.0,30,-1,4670.83,4700.22,4676.64,23.579999999999927,105.53999999999996,0.22342239909039166,False,2026-05-11 08:30:00,0.13,0.03790032215273831,0.4482758620689655,2026-05-11 16:00:00,4700.22,停損,29.390000000000327,-29.520000000000326,-1.0044232732221843,True,2026-05-11|5.0|-1
2026-05-11,5.5,31,-1,4663.72,4700.22,4675.1,25.11999999999989,105.53999999999996,0.23801402311919556,False,2026-05-11 08:45:00,0.13,0.03790032215273831,0.43333333333333335,2026-05-11 16:00:00,4700.22,停損,36.5,-36.63,-1.0035616438356165,True,2026-05-11|5.5|-1
2026-05-11,7.0,32,-1,4652.34,4679.82,4668.54,11.279999999999745,105.53999999999996,0.10687890847071962,False,2026-05-11 09:00:00,0.13,0.03790032215273831,0.41935483870967744,2026-05-11 10:00:00,4679.82,停損,27.479999999999563,-27.609999999999562,-1.004730713245997,True,2026-05-11|7.0|-1
2026-05-11,9.5,46,-1,4657.55,4680.46,4667.41,13.050000000000182,105.53999999999996,0.12364980102331047,False,2026-05-11 12:30:00,0.13,0.03790032215273831,0.28888888888888886,2026-05-11 15:30:00,4680.46,停損,22.909999999999854,-23.039999999999853,-1.005674378000873,True,2026-05-11|9.5|-1
2026-05-15,2.0,10,-1,4629.88,4665.36,4646.98,18.38000000000011,100.58399999999992,0.18273284021315642,True,2026-05-15 03:30:00,0.13,0.009941939075797351,0.6666666666666666,2026-05-16 00:00:00,4538.63,收盤,35.47999999999956,91.12,2.5682074408117566,True,2026-05-15|2.0|-1
2026-05-15,2.5,11,-1,4618.68,4665.36,4629.85,35.50999999999931,100.58399999999992,0.3530382565815571,True,2026-05-15 03:45:00,0.13,0.009941939075797351,0.6,2026-05-16 00:00:00,4538.63,收盤,46.67999999999938,79.92000000000019,1.7120822622108236,True,2026-05-15|2.5|-1
2026-05-15,4.5,29,-1,4592.15,4624.46,4607.26,17.199999999999818,100.58399999999992,0.17100135210371264,True,2026-05-15 08:15:00,0.13,0.009941939075797351,0.21428571428571427,2026-05-16 00:00:00,4538.63,收盤,32.3100000000004,53.389999999999525,1.6524295883627007,True,2026-05-15|4.5|-1
2026-05-15,7.5,31,-1,4568.73,4614.97,4580.9,34.07000000000062,100.58399999999992,0.3387218643124219,True,2026-05-15 08:45:00,0.13,0.009941939075797351,0.2,2026-05-16 00:00:00,4538.63,收盤,46.24000000000069,29.969999999999455,0.648140138408283,True,2026-05-15|7.5|-1
2026-05-15,9.5,42,-1,4558.32,4588.72,4564.39,24.329999999999927,100.58399999999992,0.24188737771414884,True,2026-05-15 11:30:00,0.13,0.009941939075797351,0.14634146341463414,2026-05-16 00:00:00,4538.63,收盤,30.400000000000546,19.5599999999996,0.6434210526315542,True,2026-05-15|9.5|-1
2026-05-15,8.5,45,-1,4547.23,4589.92,4556.38,33.539999999999964,100.58399999999992,0.33345263660224284,True,2026-05-15 12:15:00,0.13,0.009941939075797351,0.13636363636363635,2026-05-16 00:00:00,4538.63,收盤,42.69000000000051,8.469999999999454,0.1984071211056302,True,2026-05-15|8.5|-1
2026-05-20,2.5,14,-1,4473.63,4502.04,4479.73,22.3100000000004,107.77199999999985,0.20701109750213814,True,2026-05-20 04:30:00,0.13,0.009278847938240001,0.8461538461538461,2026-05-20 15:45:00,4502.04,停損,28.409999999999854,-28.539999999999853,-1.0045758535726856,True,2026-05-20|2.5|-1
2026-05-21,2.0,13,1,4559.92,4547.33,4534.66,12.670000000000073,100.02199999999985,0.12667213213093212,True,2026-05-21 04:15:00,0.13,0.009997800483893558,0.4166666666666667,2026-05-21 05:45:00,4534.66,停損,25.26000000000022,-25.390000000000217,-1.0051464766429137,True,2026-05-21|2.0|1
2026-05-21,10.0,41,1,4534.23,4524.42,4512.05,12.36999999999989,100.02199999999985,0.12367279198576223,True,2026-05-21 11:15:00,0.13,0.0,0.925,2026-05-21 13:30:00,4512.05,停損,22.17999999999938,-22.30999999999938,-1.0058611361587015,True,2026-05-21|10.0|1
2026-05-25,9.5,49,1,4571.96,4564.77,4552.62,12.150000000000546,98.45299999999989,0.12340913938631184,False,2026-05-25 13:15:00,0.13,0.1828283546463797,0.0,2026-05-25 21:30:00,4570.86,收盤,19.340000000000146,-1.2300000000003637,-0.06359875904862225,True,2026-05-25|9.5|1
2026-05-26,6.0,27,-1,4526.25,4545.43,4532.12,13.3100000000004,95.61099999999979,0.13920992354436654,False,2026-05-26 07:45:00,0.13,0.010459047599125646,0.19230769230769232,2026-05-27 00:00:00,4507.1,收盤,19.18000000000029,19.019999999999637,0.991657977059403,True,2026-05-26|6.0|-1
2026-05-26,9.0,45,-1,4520.53,4536.22,4527.12,9.100000000000364,95.61099999999979,0.09517733315204718,False,2026-05-26 12:15:00,0.13,0.010459047599125646,0.11363636363636363,2026-05-26 13:45:00,4536.22,停損,15.69000000000051,-15.82000000000051,-1.0082855321861055,True,2026-05-26|9.0|-1
2026-05-26,9.5,47,-1,4513.3,4534.06,4522.14,11.920000000000073,95.61099999999979,0.12467184738157847,False,2026-05-26 12:45:00,0.13,0.010459047599125646,0.10869565217391304,2026-05-26 13:30:00,4534.06,停損,20.76000000000022,-20.890000000000217,-1.00626204238921,True,2026-05-26|9.5|-1
2026-05-29,2.0,13,1,4514.94,4497.03,4489.09,7.9399999999996,107.40399999999973,0.07392648318498027,True,2026-05-29 04:15:00,0.13,0.0,0.5833333333333334,2026-05-30 00:00:00,4541.22,收盤,25.849999999999454,26.150000000000656,1.0116054158607817,True,2026-05-29|2.0|1
2026-05-29,6.0,26,1,4509.27,4501.98,4494.94,7.039999999999964,107.40399999999973,0.06554690700532552,True,2026-05-29 07:30:00,0.13,0.0,0.28,2026-05-30 00:00:00,4541.22,收盤,14.330000000000837,31.81999999999982,2.2205163991624537,True,2026-05-29|6.0|1
2026-05-29,5.5,28,1,4514.18,4508.22,4495.04,13.180000000000291,107.40399999999973,0.12271423783099628,True,2026-05-29 08:00:00,0.13,0.0,0.25925925925925924,2026-05-30 00:00:00,4541.22,收盤,19.140000000000327,26.909999999999965,1.4059561128526388,True,2026-05-29|5.5|1
2026-05-29,6.5,36,1,4523.71,4511.76,4494.94,16.82000000000062,107.40399999999973,0.15660496815761668,True,2026-05-29 10:00:00,0.13,0.0,0.2,2026-05-30 00:00:00,4541.22,收盤,28.770000000000437,17.38000000000022,0.604101494612442,True,2026-05-29|6.5|1
2026-05-29,8.5,45,1,4529.06,4522.46,4502.74,19.720000000000255,107.40399999999973,0.1836058247365117,True,2026-05-29 12:15:00,0.13,0.0,0.1590909090909091,2026-05-30 00:00:00,4541.22,收盤,26.32000000000062,12.029999999999854,0.4570668693008956,True,2026-05-29|8.5|1
2026-05-29,9.0,47,1,4532.46,4524.08,4510.15,13.930000000000291,107.40399999999973,0.1296972179807114,True,2026-05-29 12:45:00,0.13,0.0,0.15217391304347827,2026-05-30 00:00:00,4541.22,收盤,22.3100000000004,8.630000000000217,0.38682205289108307,True,2026-05-29|9.0|1
2026-06-08,2.5,13,-1,4327.01,4353.42,4333.09,20.329999999999927,107.15199999999996,0.18973047633268567,True,2026-06-08 04:15:00,0.13,0.009332536956846353,0.75,2026-06-09 00:00:00,4329.87,收盤,26.409999999999854,-2.9899999999996725,-0.11321469140475915,True,2026-06-08|2.5|-1
2026-06-08,2.0,20,-1,4310.62,4346.97,4317.29,29.68000000000029,107.15199999999996,0.27698969687920244,True,2026-06-08 06:00:00,0.13,0.009332536956846353,0.47368421052631576,2026-06-09 00:00:00,4329.87,收盤,36.350000000000364,-19.38,-0.5331499312242037,True,2026-06-08|2.0|-1
2026-06-08,3.5,21,-1,4304.86,4352.45,4311.5,40.94999999999982,107.15199999999996,0.38216738838285647,True,2026-06-08 06:15:00,0.13,0.009332536956846353,0.45,2026-06-09 00:00:00,4329.87,收盤,47.590000000000146,-25.140000000000217,-0.5282622399663824,True,2026-06-08|3.5|-1
2026-06-08,5.0,31,-1,4288.04,4330.77,4307.34,23.43000000000029,107.15199999999996,0.21866134089891276,True,2026-06-08 08:45:00,0.13,0.009332536956846353,0.3,2026-06-08 14:30:00,4330.77,停損,42.73000000000047,-42.860000000000475,-1.003042358998362,True,2026-06-08|5.0|-1
2026-06-08,10.0,42,-1,4288.06,4316.93,4294.44,22.49000000000069,107.15199999999996,0.2098887561594809,True,2026-06-08 11:30:00,0.13,0.009332536956846353,0.21951219512195122,2026-06-08 14:15:00,4316.93,停損,28.86999999999989,-28.99999999999989,-1.0045029442327675,True,2026-06-08|10.0|-1
2026-06-08,9.0,46,-1,4279.78,4311.37,4292.03,19.340000000000146,107.15199999999996,0.18049126474540983,True,2026-06-08 12:30:00,0.13,0.009332536956846353,0.2,2026-06-08 14:15:00,4311.37,停損,31.590000000000146,-31.720000000000145,-1.0041152263374484,True,2026-06-08|9.0|-1
2026-06-10,2.0,11,-1,4204.35,4247.26,4210.51,36.75,111.35900000000011,0.3300137393475154,True,2026-06-10 03:45:00,0.13,0.0,0.0,2026-06-11 00:00:00,4070.5,收盤,42.909999999999854,133.72000000000037,3.116289909112114,True,2026-06-10|2.0|-1
2026-06-10,3.0,15,-1,4187.24,4228.36,4199.2,29.159999999999854,111.35900000000011,0.26185579971084355,True,2026-06-10 04:45:00,0.13,0.0,0.0,2026-06-11 00:00:00,4070.5,收盤,41.11999999999989,116.60999999999979,2.8358463035019477,True,2026-06-10|3.0|-1
2026-06-10,3.5,20,-1,4174.1,4220.73,4187.28,33.44999999999982,111.35900000000011,0.3003798525489613,True,2026-06-10 06:00:00,0.13,0.0,0.0,2026-06-10 09:15:00,4220.73,停損,46.6299999999992,-46.7599999999992,-1.0027879047823292,True,2026-06-10|3.5|-1
2026-06-10,9.0,38,-1,4194.92,4221.86,4201.84,20.019999999999527,111.35900000000011,0.17977891324454698,True,2026-06-10 10:30:00,0.13,0.0,0.0,2026-06-11 00:00:00,4070.5,收盤,26.9399999999996,124.29000000000008,4.613585746102522,True,2026-06-10|9.0|-1
2026-06-10,9.5,40,-1,4186.15,4213.59,4193.59,20.0,111.35900000000011,0.17959931393062062,True,2026-06-10 11:00:00,0.13,0.0,0.0,2026-06-11 00:00:00,4070.5,收盤,27.44000000000051,115.51999999999964,4.209912536443057,True,2026-06-10|9.5|-1
2026-06-10,8.0,41,-1,4166.33,4209.06,4173.55,35.51000000000022,111.35900000000011,0.31887858188381885,True,2026-06-10 11:15:00,0.13,0.0,0.0,2026-06-11 00:00:00,4070.5,收盤,42.73000000000047,95.69999999999993,2.2396442780247807,True,2026-06-10|8.0|-1
2026-06-11,4.0,19,-1,4059.61,4118.09,4066.36,51.73000000000002,116.95400000000014,0.4423106520512335,True,2026-06-11 05:45:00,0.13,0.008550370231030995,0.7777777777777778,2026-06-11 20:45:00,4118.09,停損,58.48000000000002,-58.61000000000002,-1.0022229822161424,True,2026-06-11|4.0|-1
2026-06-11,10.5,43,-1,4090.66,4112.67,4097.24,15.430000000000291,116.95400000000014,0.13193221266481073,True,2026-06-11 11:45:00,0.13,0.008550370231030995,0.3333333333333333,2026-06-11 20:45:00,4112.67,停損,22.01000000000022,-22.140000000000217,-1.0059064061790095,True,2026-06-11|10.5|-1
2026-06-11,10.0,44,-1,4084.57,4110.59,4091.87,18.720000000000255,116.95400000000014,0.16006293072490238,True,2026-06-11 12:00:00,0.13,0.008550370231030995,0.32558139534883723,2026-06-11 20:45:00,4110.59,停損,26.019999999999982,-26.14999999999998,-1.0049961568024597,True,2026-06-11|10.0|-1
2026-06-12,8.5,40,1,4194.22,4187.78,4170.77,17.00999999999931,121.56400000000012,0.13992629396860332,True,2026-06-12 11:00:00,0.13,0.0,0.9743589743589743,2026-06-13 00:00:00,4218.65,收盤,23.449999999999818,24.299999999999383,1.0362473347547791,True,2026-06-12|8.5|1
2026-06-12,8.0,41,1,4203.77,4192.91,4170.77,22.139999999999418,121.56400000000012,0.1821262873877085,True,2026-06-12 11:15:00,0.13,0.0,0.95,2026-06-13 00:00:00,4218.65,收盤,33.0,14.749999999999199,0.4469696969696727,True,2026-06-12|8.0|1
2026-06-15,2.0,14,1,4303.55,4295.11,4281.14,13.969999999999345,118.54600000000009,0.11784454979501066,True,2026-06-15 04:30:00,0.13,0.1518397921481955,0.0,2026-06-16 00:00:00,4308.77,收盤,22.409999999999854,5.090000000000255,0.2271307452030472,True,2026-06-15|2.0|1
2026-06-15,2.5,15,1,4317.87,4308.2,4281.64,26.55999999999949,118.54600000000009,0.22404804885866642,True,2026-06-15 04:45:00,0.13,0.1518397921481955,0.0,2026-06-16 00:00:00,4308.77,收盤,36.22999999999956,-9.229999999999455,-0.25476124758486246,True,2026-06-15|2.5|1
2026-06-15,4.0,17,1,4326.58,4319.64,4285.58,34.0600000000004,118.54600000000009,0.28731462892042225,True,2026-06-15 05:15:00,0.13,0.1518397921481955,0.0,2026-06-16 00:00:00,4308.77,收盤,41.0,-17.93999999999949,-0.43756097560974366,True,2026-06-15|4.0|1
2026-06-15,9.0,40,1,4323.21,4313.38,4300.95,12.430000000000291,118.54600000000009,0.10485381202233969,True,2026-06-15 11:00:00,0.13,0.1518397921481955,0.0,2026-06-16 00:00:00,4308.77,收盤,22.26000000000022,-14.5699999999996,-0.6545372866127339,True,2026-06-15|9.0|1
2026-06-15,9.5,41,1,4329.05,4318.81,4300.95,17.860000000000582,118.54600000000009,0.1506588159870478,True,2026-06-15 11:15:00,0.13,0.1518397921481955,0.0,2026-06-16 00:00:00,4308.77,收盤,28.100000000000364,-20.409999999999744,-0.7263345195729353,True,2026-06-15|9.5|1
2026-06-15,8.0,43,1,4341.03,4333.0,4307.54,25.460000000000036,118.54600000000009,0.21476895044961464,True,2026-06-15 11:45:00,0.13,0.1518397921481955,0.0,2026-06-16 00:00:00,4307.54,停損,33.48999999999978,-33.619999999999784,-1.0038817557479847,True,2026-06-15|8.0|1
2026-06-18,10.0,44,-1,4266.74,4309.47,4287.48,21.99000000000069,130.0960000000001,0.1690290247202118,True,2026-06-18 12:00:00,0.13,0.0,0.37209302325581395,2026-06-19 00:00:00,4208.15,收盤,42.73000000000047,58.46000000000014,1.3681254388017667,True,2026-06-18|10.0|-1
2026-06-19,2.0,17,-1,4179.96,4208.35,4186.89,21.460000000000036,133.77900000000008,0.1604138168172884,True,2026-06-19 05:15:00,0.13,0.02242504428946246,0.0,2026-06-19 20:00:00,4155.57,收盤,28.390000000000327,24.26000000000033,0.8545262416343801,True,2026-06-19|2.0|-1
2026-06-19,2.5,20,-1,4176.35,4199.23,4184.44,14.789999999999964,133.77900000000008,0.11055546834704964,True,2026-06-19 06:00:00,0.13,0.02242504428946246,0.0,2026-06-19 20:00:00,4155.57,收盤,22.8799999999992,20.650000000000656,0.9025349650350253,True,2026-06-19|2.5|-1
2026-06-19,4.5,21,-1,4166.11,4190.93,4175.13,15.800000000000182,133.77900000000008,0.11810523325783698,True,2026-06-19 06:15:00,0.13,0.02242504428946246,0.0,2026-06-19 20:00:00,4155.57,收盤,24.82000000000062,10.409999999999963,0.41941982272359807,True,2026-06-19|4.5|-1
2026-06-19,5.0,23,-1,4162.25,4186.19,4171.94,14.25,133.77900000000008,0.10651896037494668,True,2026-06-19 06:45:00,0.13,0.02242504428946246,0.0,2026-06-19 20:00:00,4155.57,收盤,23.9399999999996,6.550000000000291,0.27360066833752716,True,2026-06-19|5.0|-1
2026-06-19,5.5,24,-1,4153.56,4183.68,4165.22,18.460000000000036,133.77900000000008,0.13798877252782593,True,2026-06-19 07:00:00,0.13,0.02242504428946246,0.0,2026-06-19 20:00:00,4155.57,收盤,30.11999999999989,-2.1399999999993087,-0.07104913678616588,True,2026-06-19|5.5|-1
2026-06-19,6.0,27,-1,4135.41,4177.29,4146.29,31.0,133.77900000000008,0.23172545765777874,True,2026-06-19 07:45:00,0.13,0.02242504428946246,0.0,2026-06-19 11:30:00,4177.29,停損,41.88000000000011,-42.01000000000011,-1.003104106972302,True,2026-06-19|6.0|-1
2026-06-19,6.5,28,-1,4125.81,4167.78,4141.51,26.269999999999527,133.77900000000008,0.19636863782805605,True,2026-06-19 08:00:00,0.13,0.02242504428946246,0.0,2026-06-19 11:30:00,4167.78,停損,41.969999999999345,-42.09999999999935,-1.003097450559924,True,2026-06-19|6.5|-1
2026-06-19,10.5,54,-1,4144.23,4177.68,4151.13,26.550000000000182,133.77900000000008,0.19846164196174412,True,2026-06-19 14:30:00,0.13,0.02242504428946246,0.0,2026-06-19 16:00:00,4177.68,停損,33.45000000000073,-33.58000000000073,-1.0038863976083707,True,2026-06-19|10.5|-1
2026-06-22,10.5,47,1,4206.87,4199.77,4188.71,11.0600000000004,125.95300000000016,0.0878105325002214,False,2026-06-22 12:45:00,0.13,0.023818408453947077,0.15217391304347827,2026-06-22 16:30:00,4188.71,停損,18.159999999999854,-18.289999999999853,-1.00715859030837,True,2026-06-22|10.5|1
2026-06-22,10.0,48,1,4208.24,4201.88,4188.85,13.029999999999745,125.95300000000016,0.10345128738497478,False,2026-06-22 13:00:00,0.13,0.023818408453947077,0.14893617021276595,2026-06-22 16:15:00,4188.85,停損,19.389999999999418,-19.519999999999417,-1.0067044868488912,True,2026-06-22|10.0|1
2026-06-23,5.0,23,-1,4138.93,4163.51,4146.65,16.860000000000582,125.92100000000019,0.1338934728917381,False,2026-06-23 06:45:00,0.13,0.023824461368635856,0.5454545454545454,2026-06-24 00:00:00,4109.67,收盤,24.579999999999927,29.13000000000022,1.1851098454027789,True,2026-06-23|5.0|-1
2026-06-23,5.5,28,-1,4118.19,4162.32,4130.9,31.420000000000073,125.92100000000019,0.24952152540084677,False,2026-06-23 08:00:00,0.13,0.023824461368635856,0.4444444444444444,2026-06-24 00:00:00,4109.67,收盤,44.13000000000011,8.389999999999526,0.1901200997054046,True,2026-06-23|5.5|-1
2026-06-23,7.0,39,-1,4104.97,4146.97,4114.89,32.07999999999993,125.92100000000019,0.2547629069019455,False,2026-06-23 10:45:00,0.13,0.023824461368635856,0.3157894736842105,2026-06-24 00:00:00,4109.67,收盤,42.0,-4.829999999999818,-0.11499999999999566,True,2026-06-23|7.0|-1
2026-06-23,8.5,40,-1,4098.82,4133.63,4111.26,22.36999999999989,125.92100000000019,0.17765106693879382,False,2026-06-23 11:00:00,0.13,0.023824461368635856,0.3076923076923077,2026-06-23 17:00:00,4133.63,停損,34.8100000000004,-34.9400000000004,-1.0037345590347602,True,2026-06-23|8.5|-1
2026-06-24,2.0,18,-1,4073.63,4104.43,4080.92,23.51000000000022,123.9900000000002,0.18961206548915382,True,2026-06-24 05:30:00,0.13,0.0,0.058823529411764705,2026-06-25 00:00:00,4001.02,收盤,30.800000000000182,72.48000000000013,2.3532467532467436,True,2026-06-24|2.0|-1
2026-06-24,3.5,19,-1,4057.3,4100.81,4068.54,32.27000000000044,123.9900000000002,0.2602629244293926,True,2026-06-24 05:45:00,0.13,0.0,0.05555555555555555,2026-06-25 00:00:00,4001.02,收盤,43.51000000000022,56.1500000000002,1.2905079292116735,True,2026-06-24|3.5|-1
2026-06-24,9.5,40,-1,4074.88,4094.63,4083.28,11.349999999999909,123.9900000000002,0.09153964029357119,True,2026-06-24 11:00:00,0.13,0.0,0.02564102564102564,2026-06-25 00:00:00,4001.02,收盤,19.75,73.73000000000013,3.733164556962032,True,2026-06-24|9.5|-1
2026-06-24,9.0,46,-1,4069.36,4097.59,4075.91,21.68000000000029,123.9900000000002,0.17485281071054323,True,2026-06-24 12:30:00,0.13,0.0,0.022222222222222223,2026-06-25 00:00:00,4001.02,收盤,28.230000000000018,68.21000000000015,2.416223875309958,True,2026-06-24|9.0|-1
2026-06-24,10.0,48,-1,4064.64,4090.83,4073.77,17.059999999999945,123.9900000000002,0.13759174126945656,True,2026-06-24 13:00:00,0.13,0.0,0.02127659574468085,2026-06-25 00:00:00,4001.02,收盤,26.190000000000055,63.48999999999989,2.4242077128674975,True,2026-06-24|10.0|-1
2026-06-25,7.0,36,-1,3977.29,3997.63,3983.66,13.970000000000255,120.24300000000021,0.11618139933301923,True,2026-06-25 10:00:00,0.13,0.008316492436150114,0.17142857142857143,2026-06-25 11:30:00,3997.63,停損,20.340000000000146,-20.470000000000145,-1.0063913470993116,True,2026-06-25|7.0|-1
2026-06-26,9.5,46,1,4048.26,4039.76,4020.99,18.770000000000437,108.6780000000002,0.17271204843666982,True,2026-06-26 12:30:00,0.13,0.027604482968033958,0.4222222222222222,2026-06-27 00:00:00,4087.98,收盤,27.270000000000437,39.5899999999998,1.451778511184421,True,2026-06-26|9.5|1
2026-06-30,2.0,10,-1,4006.26,4022.4,4013.47,8.930000000000291,106.0720000000003,0.0841880986499761,True,2026-06-30 03:30:00,0.13,0.0,0.5555555555555556,2026-06-30 09:45:00,4022.4,停損,16.139999999999873,-16.26999999999987,-1.0080545229244113,True,2026-06-30|2.0|-1
2026-06-30,2.5,11,-1,3991.91,4021.8,4003.34,18.460000000000036,106.0720000000003,0.1740327324835959,True,2026-06-30 03:45:00,0.13,0.0,0.5,2026-06-30 09:45:00,4021.8,停損,29.890000000000327,-30.020000000000326,-1.004349280695885,True,2026-06-30|2.5|-1
2026-06-30,3.0,13,-1,3958.09,4015.14,3980.11,35.029999999999745,106.0720000000003,0.3302473791386949,True,2026-06-30 04:15:00,0.13,0.0,0.4166666666666667,2026-06-30 09:45:00,4015.14,停損,57.04999999999973,-57.17999999999973,-1.0022787028921998,True,2026-06-30|3.0|-1
2026-07-01,5.5,29,-1,3971.95,3986.97,3978.48,8.489999999999782,113.2380000000002,0.07497483177025174,True,2026-07-01 08:15:00,0.13,0.0,0.14285714285714285,2026-07-01 13:15:00,3986.97,停損,15.019999999999982,-15.149999999999983,-1.0086551264980028,True,2026-07-01|5.5|-1
2026-07-01,6.0,33,-1,3965.23,3986.97,3976.73,10.239999999999782,113.2380000000002,0.09042900793019802,True,2026-07-01 09:15:00,0.13,0.0,0.125,2026-07-01 13:15:00,3986.97,停損,21.73999999999978,-21.86999999999978,-1.0059797608095675,True,2026-07-01|6.0|-1
2026-07-01,7.5,37,-1,3961.59,3982.8,3969.93,12.870000000000346,113.2380000000002,0.11365442695915084,True,2026-07-01 10:15:00,0.13,0.0,0.1111111111111111,2026-07-01 11:30:00,3982.8,停損,21.210000000000036,-21.340000000000035,-1.0061291843470062,True,2026-07-01|7.5|-1
2026-07-03,2.0,12,1,4147.2,4132.43,4121.2,11.230000000000473,110.96200000000022,0.10120581820803924,True,2026-07-03 04:00:00,0.13,0.009012094230457256,0.5454545454545454,2026-07-03 20:00:00,4174.94,收盤,26.0,27.609999999999783,1.0619230769230685,True,2026-07-03|2.0|1
2026-07-03,3.0,13,1,4176.17,4151.06,4122.98,28.080000000000837,110.96200000000022,0.25305960599124727,True,2026-07-03 04:15:00,0.13,0.009012094230457256,0.5,2026-07-03 20:00:00,4174.94,收盤,53.19000000000051,-1.3600000000004728,-0.02556871592405452,True,2026-07-03|3.0|1
2026-07-03,9.0,41,1,4184.02,4174.46,4160.49,13.970000000000255,110.96200000000022,0.12589895639949017,True,2026-07-03 11:15:00,0.13,0.009012094230457256,0.15,2026-07-03 17:15:00,4160.49,停損,23.530000000000655,-23.660000000000654,-1.005524861878453,True,2026-07-03|9.0|1
2026-07-06,9.0,47,-1,4139.47,4159.56,4145.81,13.75,109.23800000000014,0.12587194932166446,False,2026-07-06 12:45:00,0.13,0.009154323587030142,0.32608695652173914,2026-07-06 14:30:00,4159.56,停損,20.090000000000146,-20.220000000000145,-1.0064708810353409,True,2026-07-06|9.0|-1
2026-07-13,2.5,21,-1,4058.12,4091.15,4071.87,19.2800000000002,97.08599999999979,0.19858681993284555,True,2026-07-13 06:15:00,0.13,0.12360175514492333,0.0,2026-07-14 00:00:00,4002.0,收盤,33.0300000000002,55.98999999999989,1.6951256433545125,True,2026-07-13|2.5|-1
2026-07-13,3.5,25,-1,4054.64,4082.01,4061.17,20.840000000000146,97.08599999999979,0.214655048101685,True,2026-07-13 07:15:00,0.13,0.12360175514492333,0.0,2026-07-14 00:00:00,4002.0,收盤,27.370000000000346,52.50999999999987,1.918523931311626,True,2026-07-13|3.5|-1
2026-07-14,8.5,41,-1,4017.33,4034.1,4022.68,11.420000000000073,101.64799999999983,0.11234849677317893,True,2026-07-14 11:15:00,0.13,0.009837871871556762,0.75,2026-07-14 15:15:00,4034.1,停損,16.769999999999982,-16.89999999999998,-1.0077519379844961,True,2026-07-14|8.5|-1
2026-07-14,9.0,44,-1,4015.94,4033.2,4021.79,11.409999999999854,101.64799999999983,0.11225011805446122,True,2026-07-14 12:00:00,0.13,0.009837871871556762,0.6976744186046512,2026-07-14 15:15:00,4033.2,停損,17.259999999999764,-17.389999999999763,-1.0075318655851682,True,2026-07-14|9.0|-1
2026-07-21,5.5,31,1,4065.95,4051.25,4028.06,23.190000000000055,88.15399999999981,0.2630623681285036,True,2026-07-21 08:45:00,0.13,0.011343784740340791,0.1,2026-07-22 00:00:00,4077.82,收盤,37.88999999999987,11.740000000000345,0.30984428609132714,True,2026-07-21|5.5|1
2026-07-21,8.0,34,1,4072.4,4067.96,4046.46,21.5,88.15399999999981,0.24389137191732702,True,2026-07-21 09:30:00,0.13,0.011343784740340791,0.09090909090909091,2026-07-21 16:45:00,4046.46,停損,25.940000000000055,-26.070000000000054,-1.0050115651503468,True,2026-07-21|8.0|1
2026-07-22,3.5,19,1,4128.24,4121.66,4089.65,32.00999999999976,88.06099999999984,0.36349802977481316,True,2026-07-22 05:45:00,0.13,0.011355764753977378,0.4444444444444444,2026-07-23 00:00:00,4129.94,收盤,38.58999999999969,1.5699999999998182,0.040684115055709534,True,2026-07-22|3.5|1
2026-07-22,4.5,20,1,4130.48,4126.02,4112.98,13.040000000000873,88.06099999999984,0.14807917239187493,True,2026-07-22 06:00:00,0.13,0.011355764753977378,0.42105263157894735,2026-07-22 10:15:00,4112.98,停損,17.5,-17.63,-1.0074285714285713,True,2026-07-22|4.5|1
2026-07-22,5.0,21,1,4137.32,4130.86,4119.0,11.859999999999673,88.06099999999984,0.13467936998216798,True,2026-07-22 06:15:00,0.13,0.011355764753977378,0.4,2026-07-22 09:30:00,4119.0,停損,18.31999999999971,-18.449999999999708,-1.0070960698689957,True,2026-07-22|5.0|1
2026-07-23,10.5,54,-1,4084.4,4108.8,4088.69,20.110000000000127,85.76399999999981,0.23448066787929867,False,2026-07-23 14:30:00,0.13,0.02331980784478341,0.24528301886792453,2026-07-24 00:00:00,4049.09,收盤,24.40000000000009,35.17999999999994,1.4418032786885169,True,2026-07-23|10.5|-1
2026-07-27,2.0,9,1,4115.61,4096.38,4083.69,12.690000000000055,87.37199999999989,0.14524103831891305,True,2026-07-27 03:15:00,0.13,0.0,0.625,2026-07-27 15:30:00,4083.69,停損,31.919999999999618,-32.04999999999962,-1.0040726817042607,True,2026-07-27|2.0|1
2026-07-27,6.5,35,1,4098.67,4092.89,4085.17,7.7199999999998,87.37199999999989,0.08835782630590819,True,2026-07-27 09:45:00,0.13,0.0,0.14705882352941177,2026-07-27 15:30:00,4085.17,停損,13.5,-13.63,-1.0096296296296297,True,2026-07-27|6.5|1
2026-07-27,7.5,37,1,4102.01,4094.79,4086.2,8.590000000000146,87.37199999999989,0.09831524973675956,True,2026-07-27 10:15:00,0.13,0.0,0.1388888888888889,2026-07-27 15:30:00,4086.2,停損,15.8100000000004,-15.940000000000401,-1.008222643896268,True,2026-07-27|7.5|1
2026-07-28,2.0,10,-1,4062.06,4075.0,4069.92,5.079999999999927,80.37399999999984,0.06320451887426204,True,2026-07-28 03:30:00,0.13,0.062209172120337546,0.0,2026-07-29 00:00:00,4028.7,收盤,12.940000000000055,33.230000000000125,2.5680061823802154,True,2026-07-28|2.0|-1
2026-07-28,2.5,14,-1,4047.38,4074.19,4059.2,14.990000000000236,80.37399999999984,0.18650309801677492,True,2026-07-28 04:30:00,0.13,0.062209172120337546,0.0,2026-07-29 00:00:00,4028.7,收盤,26.809999999999945,18.550000000000292,0.6919060052219445,True,2026-07-28|2.5|-1
2026-07-28,3.5,20,-1,4042.07,4066.2,4046.47,19.730000000000018,80.37399999999984,0.2454773931868522,True,2026-07-28 06:00:00,0.13,0.062209172120337546,0.0,2026-07-29 00:00:00,4028.7,收盤,24.129999999999654,13.240000000000345,0.5486945710733748,True,2026-07-28|3.5|-1
2026-07-28,9.5,45,-1,4040.96,4052.41,4046.92,5.489999999999782,80.37399999999984,0.06830567098812791,True,2026-07-28 12:15:00,0.13,0.062209172120337546,0.0,2026-07-29 00:00:00,4028.7,收盤,11.449999999999818,12.130000000000217,1.0593886462882454,True,2026-07-28|9.5|-1
2026-07-28,9.0,47,-1,4033.33,4052.37,4042.95,9.420000000000073,80.37399999999984,0.11720208027471685,True,2026-07-28 12:45:00,0.13,0.062209172120337546,0.0,2026-07-29 00:00:00,4028.7,收盤,19.039999999999964,4.500000000000109,0.23634453781513223,True,2026-07-28|9.0|-1
2026-08-05,5.0,30,1,4139.6,4135.33,4095.53,39.79999999999973,81.61699999999996,0.48764350564220377,True,2026-08-05 08:30:00,0.13,0.0,0.1724137931034483,2026-08-06 00:00:00,4246.23,收盤,44.070000000000164,106.4999999999992,2.4166099387338056,True,2026-08-05|5.0|1
2026-08-05,5.5,31,1,4157.18,4136.57,4101.53,35.039999999999964,81.61699999999996,0.42932232255534974,True,2026-08-05 08:45:00,0.13,0.0,0.16666666666666666,2026-08-06 00:00:00,4246.23,收盤,55.650000000000546,88.91999999999928,1.5978436657681654,True,2026-08-05|5.5|1
2026-08-05,8.0,36,1,4177.57,4172.91,4134.74,38.17000000000007,81.61699999999996,0.4676721761397759,True,2026-08-05 10:00:00,0.13,0.0,0.14285714285714285,2026-08-06 00:00:00,4246.23,收盤,42.82999999999993,68.52999999999986,1.600046696240952,True,2026-08-05|8.0|1
2026-08-11,2.0,10,1,4414.03,4402.59,4394.74,7.850000000000364,100.94200000000005,0.07776743080185017,True,2026-08-11 03:30:00,0.12,0.02972003724911334,0.0,2026-08-11 04:15:00,4394.74,停損,19.289999999999964,-19.409999999999965,-1.006220839813375,True,2026-08-11|2.0|1
2026-08-11,2.5,16,1,4429.67,4416.11,4395.36,20.75,100.94200000000005,0.20556359097303392,True,2026-08-11 05:00:00,0.12,0.02972003724911334,0.0,2026-08-11 08:30:00,4395.36,停損,34.3100000000004,-34.4300000000004,-1.0034975225881666,True,2026-08-11|2.5|1
2026-08-11,9.5,43,1,4374.82,4369.32,4357.67,11.649999999999636,100.94200000000005,0.11541281131738652,True,2026-08-11 11:45:00,0.12,0.0,0.9285714285714286,2026-08-12 00:00:00,4367.92,收盤,17.149999999999636,-7.019999999999636,-0.4093294460641274,True,2026-08-11|9.5|1
2026-08-14,6.5,31,-1,4317.77,4328.18,4322.8,5.380000000000109,98.96799999999993,0.054361005577561565,True,2026-08-14 08:45:00,0.12,0.010104276129658078,0.23333333333333334,2026-08-14 09:00:00,4328.18,停損,10.409999999999854,-10.529999999999854,-1.0115273775216138,True,2026-08-14|6.5|-1
2026-08-19,6.0,27,-1,4346.67,4360.38,4351.9,8.480000000000473,102.44399999999987,0.08277693178712744,True,2026-08-19 07:45:00,0.12,0.019522861270547837,0.6538461538461539,2026-08-19 10:45:00,4360.38,停損,13.710000000000036,-13.830000000000036,-1.0087527352297592,True,2026-08-19|6.0|-1
2026-08-19,5.0,29,-1,4338.97,4362.1,4351.59,10.510000000000218,102.44399999999987,0.102592635976731,True,2026-08-19 08:15:00,0.12,0.019522861270547837,0.6071428571428571,2026-08-19 10:45:00,4362.1,停損,23.13000000000011,-23.25000000000011,-1.0051880674448768,True,2026-08-19|5.0|-1
2026-08-19,7.0,32,-1,4335.65,4356.25,4343.93,12.319999999999709,102.44399999999987,0.12026082542657182,True,2026-08-19 09:00:00,0.12,0.019522861270547837,0.5483870967741935,2026-08-19 10:30:00,4356.25,停損,20.600000000000364,-20.720000000000365,-1.0058252427184466,True,2026-08-19|7.0|-1
2026-08-21,6.0,26,1,4546.84,4538.38,4526.79,11.590000000000146,103.14300000000003,0.11236826541791631,False,2026-08-21 07:30:00,0.12,0.009695277430363667,0.48,2026-08-22 00:00:00,4603.37,收盤,20.050000000000182,56.40999999999975,2.8134663341645503,True,2026-08-21|6.0|1
2026-08-21,5.0,32,1,4553.65,4542.94,4518.35,24.589999999999236,103.14300000000003,0.23840687201263516,False,2026-08-21 09:00:00,0.12,0.009695277430363667,0.3870967741935484,2026-08-22 00:00:00,4603.37,收盤,35.29999999999927,49.60000000000026,1.4050991501416794,True,2026-08-21|5.0|1
2026-08-21,8.0,35,1,4562.56,4556.3,4529.18,27.11999999999989,103.14300000000003,0.2629359239114616,False,2026-08-21 09:45:00,0.12,0.009695277430363667,0.35294117647058826,2026-08-22 00:00:00,4603.37,收盤,33.38000000000011,40.68999999999949,1.218993409227063,True,2026-08-21|8.0|1
2026-08-21,8.5,39,1,4564.37,4558.09,4529.18,28.909999999999854,103.14300000000003,0.2802904705118122,False,2026-08-21 10:45:00,0.12,0.009695277430363667,0.3157894736842105,2026-08-22 00:00:00,4603.37,收盤,35.1899999999996,38.88,1.1048593350383757,True,2026-08-21|8.5|1
2026-08-21,9.0,42,1,4579.41,4567.63,4545.58,22.050000000000182,103.14300000000003,0.21378086733952062,False,2026-08-21 11:30:00,0.12,0.009695277430363667,0.2926829268292683,2026-08-22 00:00:00,4603.37,收盤,33.82999999999993,23.840000000000035,0.7046999704404401,True,2026-08-21|9.0|1
2026-08-21,10.5,45,1,4599.36,4581.86,4559.19,22.670000000000073,103.14300000000003,0.21979193934634503,False,2026-08-21 12:15:00,0.12,0.009695277430363667,0.2727272727272727,2026-08-22 00:00:00,4603.37,收盤,40.17000000000007,3.890000000000218,0.09683843664426714,True,2026-08-21|10.5|1
2026-08-24,7.0,33,1,4652.38,4642.59,4632.62,9.970000000000255,101.26900000000005,0.09845066111051012,True,2026-08-24 09:15:00,0.12,0.06912283127116883,0.28125,2026-08-24 11:00:00,4632.62,停損,19.76000000000022,-19.88000000000022,-1.0060728744939271,True,2026-08-24|7.0|1
2026-08-31,3.0,13,-1,4443.79,4472.08,4452.33,19.75,111.38300000000008,0.1773161074849841,True,2026-08-31 04:15:00,0.12,0.03591212303493349,0.8333333333333334,2026-09-01 00:00:00,4448.43,收盤,28.289999999999964,-4.7600000000003275,-0.1682573347472723,True,2026-08-31|3.0|-1
2026-08-31,2.0,17,-1,4424.39,4466.9,4435.94,30.960000000000036,111.38300000000008,0.27795983229038557,True,2026-08-31 05:15:00,0.12,0.03591212303493349,0.625,2026-09-01 00:00:00,4448.43,收盤,42.50999999999931,-24.159999999999965,-0.568336861914852,True,2026-08-31|2.0|-1
2026-08-31,4.5,19,-1,4403.11,4453.87,4418.59,35.279999999999745,111.38300000000008,0.3167449251681111,True,2026-08-31 05:45:00,0.12,0.03591212303493349,0.5555555555555556,2026-08-31 14:00:00,4453.87,停損,50.76000000000022,-50.880000000000216,-1.0023640661938533,True,2026-08-31|4.5|-1
2026-09-03,2.0,12,1,4395.49,4388.86,4381.18,7.6799999999993815,107.49099999999999,0.07144784214491802,True,2026-09-03 04:00:00,0.12,0.009303104445953616,0.5454545454545454,2026-09-04 00:00:00,4473.33,收盤,14.30999999999949,77.72000000000014,5.431167016072879,True,2026-09-03|2.0|1
2026-09-03,2.5,13,1,4401.47,4392.57,4381.18,11.389999999999418,107.49099999999999,0.10596235963940627,True,2026-09-03 04:15:00,0.12,0.009303104445953616,0.5,2026-09-04 00:00:00,4473.33,收盤,20.289999999999964,71.73999999999967,3.535731887629364,True,2026-09-03|2.5|1
2026-09-03,3.0,16,1,4410.35,4397.8,4382.55,15.25,107.49099999999999,0.14187234280079264,True,2026-09-03 05:00:00,0.12,0.009303104445953616,0.4,2026-09-04 00:00:00,4473.33,收盤,27.800000000000182,62.859999999999566,2.2611510791366602,True,2026-09-03|3.0|1
2026-09-03,3.5,20,1,4420.41,4409.34,4382.55,26.789999999999964,107.49099999999999,0.24923016810709703,True,2026-09-03 06:00:00,0.12,0.009303104445953616,0.3157894736842105,2026-09-04 00:00:00,4473.33,收盤,37.85999999999967,52.800000000000075,1.3946117274168128,True,2026-09-03|3.5|1
2026-09-03,4.5,21,1,4428.83,4415.48,4400.25,15.229999999999563,107.49099999999999,0.1416862807118695,True,2026-09-03 06:15:00,0.12,0.009303104445953616,0.3,2026-09-04 00:00:00,4473.33,收盤,28.579999999999927,44.38,1.5528341497550775,True,2026-09-03|4.5|1
2026-09-03,5.5,27,1,4438.02,4431.31,4409.5,21.8100000000004,107.49099999999999,0.2029007079662521,True,2026-09-03 07:45:00,0.12,0.009303104445953616,0.23076923076923078,2026-09-04 00:00:00,4473.33,收盤,28.520000000000437,35.18999999999949,1.2338709677418989,True,2026-09-03|5.5|1
2026-09-03,9.5,42,1,4438.38,4431.62,4419.14,12.479999999999563,107.49099999999999,0.11610274348549707,True,2026-09-03 11:30:00,0.12,0.009303104445953616,0.14634146341463414,2026-09-03 13:30:00,4419.14,停損,19.23999999999978,-19.359999999999783,-1.0062370062370063,True,2026-09-03|9.5|1
2026-09-07,4.5,27,-1,4396.76,4416.87,4402.96,13.909999999999854,111.60899999999992,0.12463152613140395,True,2026-09-07 07:45:00,0.12,0.008959850908080895,0.11538461538461539,2026-09-07 11:15:00,4416.87,停損,20.109999999999673,-20.229999999999674,-1.0059671805072106,True,2026-09-07|4.5|-1
2026-09-07,6.0,32,-1,4394.09,4410.43,4401.29,9.140000000000327,111.60899999999992,0.08189303729986232,True,2026-09-07 09:00:00,0.12,0.008959850908080895,0.0967741935483871,2026-09-07 11:15:00,4410.43,停損,16.340000000000146,-16.460000000000147,-1.00734394124847,True,2026-09-07|6.0|-1
2026-09-11,3.5,22,-1,4309.3,4340.45,4319.88,20.56999999999971,113.48499999999986,0.18125743490328886,True,2026-09-11 06:30:00,0.12,0.02643521170198708,0.5714285714285714,2026-09-11 08:45:00,4340.45,停損,31.149999999999636,-31.269999999999637,-1.003852327447833,True,2026-09-11|3.5|-1
2026-09-11,3.0,24,-1,4304.04,4333.85,4312.73,21.1200000000008,113.48499999999986,0.1861038903819961,True,2026-09-11 07:00:00,0.12,0.02643521170198708,0.5217391304347826,2026-09-11 08:00:00,4333.85,停損,29.8100000000004,-29.9300000000004,-1.0040254948004026,True,2026-09-11|3.0|-1
2026-09-16,7.0,37,1,4335.5,4328.5,4320.64,7.859999999999673,100.21399999999994,0.07843215518789468,False,2026-09-16 10:15:00,0.12,0.009978645698205845,0.3055555555555556,2026-09-16 21:15:00,4320.64,停損,14.859999999999673,-14.979999999999672,-1.0080753701211307,True,2026-09-16|7.0|1
2026-09-16,9.0,48,1,4338.18,4333.12,4321.55,11.569999999999709,100.21399999999994,0.11545293072823873,False,2026-09-16 13:00:00,0.12,0.009978645698205845,0.23404255319148937,2026-09-16 21:15:00,4321.55,停損,16.63000000000011,-16.75000000000011,-1.0072158749248346,True,2026-09-16|9.0|1
2026-09-16,9.5,49,1,4342.81,4337.58,4323.8,13.779999999999745,100.21399999999994,0.137505737721274,False,2026-09-16 13:15:00,0.12,0.009978645698205845,0.22916666666666666,2026-09-16 21:15:00,4323.8,停損,19.01000000000022,-19.13000000000022,-1.006312467122567,True,2026-09-16|9.5|1
2026-09-16,10.0,50,1,4348.1,4339.12,4328.52,10.599999999999454,100.21399999999994,0.10577364440097652,False,2026-09-16 13:30:00,0.12,0.009978645698205845,0.22448979591836735,2026-09-16 17:15:00,4328.52,停損,19.579999999999927,-19.69999999999993,-1.0061287027579162,True,2026-09-16|10.0|1
2026-09-22,8.5,40,-1,4301.19,4333.22,4315.16,18.0600000000004,96.00199999999995,0.1881210808108207,True,2026-09-22 11:00:00,0.12,0.06249869794379287,0.20512820512820512,2026-09-22 12:00:00,4333.22,停損,32.030000000000655,-32.15000000000065,-1.0037464876678113,True,2026-09-22|8.5|-1
2026-09-28,2.0,10,-1,4249.93,4266.25,4257.51,8.739999999999782,83.86400000000012,0.10421635028140525,False,2026-09-28 03:30:00,0.12,0.11924067537918517,0.0,2026-09-29 00:00:00,4114.22,收盤,16.31999999999971,135.59000000000003,8.308210784313875,True,2026-09-28|2.0|-1
2026-09-28,2.5,11,-1,4237.04,4265.04,4249.93,15.109999999999673,83.86400000000012,0.1801726604979449,False,2026-09-28 03:45:00,0.12,0.11924067537918517,0.0,2026-09-29 00:00:00,4114.22,收盤,28.0,122.6999999999997,4.3821428571428465,True,2026-09-28|2.5|-1
2026-09-28,3.0,13,-1,4220.89,4261.01,4227.34,33.67000000000007,83.86400000000012,0.40148335400171736,False,2026-09-28 04:15:00,0.12,0.11924067537918517,0.0,2026-09-29 00:00:00,4114.22,收盤,40.11999999999989,106.55000000000007,2.6557826520438774,True,2026-09-28|3.0|-1
2026-09-28,3.5,15,-1,4209.75,4250.33,4214.42,35.909999999999854,83.86400000000012,0.42819326528665225,False,2026-09-28 04:45:00,0.12,0.11924067537918517,0.0,2026-09-29 00:00:00,4114.22,收盤,40.57999999999993,95.40999999999974,2.351158206012812,True,2026-09-28|3.5|-1
2026-09-28,4.0,20,-1,4196.82,4231.53,4205.98,25.550000000000182,83.86400000000012,0.3046599255938203,False,2026-09-28 06:00:00,0.12,0.11924067537918517,0.0,2026-09-29 00:00:00,4114.22,收盤,34.710000000000036,82.47999999999945,2.3762604436761556,True,2026-09-28|4.0|-1
2026-09-28,5.0,31,-1,4183.47,4217.42,4194.21,23.210000000000036,83.86400000000012,0.2767576075550892,False,2026-09-28 08:45:00,0.12,0.11924067537918517,0.0,2026-09-29 00:00:00,4114.22,收盤,33.94999999999982,69.13,2.0362297496318225,True,2026-09-28|5.0|-1
2026-09-28,7.5,32,-1,4179.41,4200.18,4185.42,14.760000000000218,83.86400000000012,0.17599923685967994,False,2026-09-28 09:00:00,0.12,0.11924067537918517,0.0,2026-09-29 00:00:00,4114.22,收盤,20.770000000000437,65.0699999999996,3.1328839672603865,True,2026-09-28|7.5|-1
2026-09-28,8.0,34,-1,4169.93,4197.99,4179.0,18.98999999999978,83.86400000000012,0.22643804254507005,False,2026-09-28 09:30:00,0.12,0.11924067537918517,0.0,2026-09-29 00:00:00,4114.22,收盤,28.05999999999949,55.59000000000004,1.9811119030648983,True,2026-09-28|8.0|-1
2026-09-28,8.5,36,-1,4164.2,4190.57,4169.28,21.289999999999964,83.86400000000012,0.2538633978822848,False,2026-09-28 10:00:00,0.12,0.11924067537918517,0.0,2026-09-29 00:00:00,4114.22,收盤,26.36999999999989,49.859999999999566,1.8907849829351449,True,2026-09-28|8.5|-1
2026-09-28,9.0,39,-1,4153.94,4181.45,4161.95,19.5,83.86400000000012,0.2325193169894111,False,2026-09-28 10:45:00,0.12,0.11924067537918517,0.0,2026-09-29 00:00:00,4114.22,收盤,27.51000000000022,39.59999999999935,1.4394765539803356,True,2026-09-28|9.0|-1
2026-09-28,9.5,42,-1,4145.01,4177.41,4156.52,20.889999999999418,83.86400000000012,0.2490937708671109,False,2026-09-28 11:30:00,0.12,0.11924067537918517,0.0,2026-09-29 00:00:00,4114.22,收盤,32.399999999999636,30.669999999999963,0.9466049382716144,True,2026-09-28|9.5|-1
2026-09-30,6.0,36,1,4190.87,4182.34,4171.37,10.970000000000255,92.78200000000015,0.11823414024272204,True,2026-09-30 10:00:00,0.12,0.02155590524024053,0.8285714285714286,2026-09-30 17:30:00,4171.37,停損,19.5,-19.62,-1.0061538461538462,True,2026-09-30|6.0|1
2026-10-01,2.0,10,-1,4143.9,4156.69,4152.06,4.6299999999992,86.72700000000013,0.05338591211501831,True,2026-10-01 03:30:00,0.12,0.057652172910396905,0.0,2026-10-01 04:15:00,4156.69,停損,12.789999999999964,-12.909999999999963,-1.0093823299452698,True,2026-10-01|2.0|-1
2026-10-09,3.5,15,1,4169.21,4163.78,4142.45,21.329999999999927,80.7090000000002,0.2642827937404735,True,2026-10-09 04:45:00,0.12,0.03717057577221862,0.0,2026-10-10 00:00:00,4195.1,收盤,26.76000000000022,25.770000000000326,0.9630044843049371,True,2026-10-09|3.5|1
2026-10-09,4.0,25,1,4179.46,4175.2,4143.12,32.07999999999993,80.7090000000002,0.39747735692425684,True,2026-10-09 07:15:00,0.12,0.03717057577221862,0.0,2026-10-10 00:00:00,4195.1,收盤,36.340000000000146,15.520000000000328,0.4270776004402935,True,2026-10-09|4.0|1
2026-10-09,4.5,26,1,4182.34,4176.95,4161.45,15.5,80.7090000000002,0.19204797482312952,True,2026-10-09 07:30:00,0.12,0.03717057577221862,0.0,2026-10-10 00:00:00,4195.1,收盤,20.890000000000327,12.640000000000219,0.6050741981809489,True,2026-10-09|4.5|1
2026-10-09,5.0,29,1,4187.13,4179.94,4169.71,10.229999999999563,80.7090000000002,0.12675166338326008,True,2026-10-09 08:15:00,0.12,0.03717057577221862,0.0,2026-10-09 16:00:00,4169.71,停損,17.420000000000073,-17.540000000000074,-1.0068886337543055,True,2026-10-09|5.0|1
2026-10-09,6.5,30,1,4192.26,4183.18,4174.74,8.44000000000051,80.7090000000002,0.10457321983918136,True,2026-10-09 08:30:00,0.12,0.03717057577221862,0.0,2026-10-09 16:00:00,4174.74,停損,17.520000000000437,-17.640000000000438,-1.006849315068493,True,2026-10-09|6.5|1
2026-10-09,7.5,31,1,4201.69,4192.47,4177.05,15.420000000000073,80.7090000000002,0.1910567594692046,True,2026-10-09 08:45:00,0.12,0.03717057577221862,0.0,2026-10-09 14:15:00,4177.05,停損,24.639999999999418,-24.75999999999942,-1.0048701298701301,True,2026-10-09|7.5|1
