day,h,i,side,lvl,ibh,ibl,rng,atr,ib_atr,aligned,t_in,spread,tail,ext_letter,exit_time,exit_px,exit_reason,risk,pnl,R,ow,key,fakeback
2026-01-19,4.0,254,1,4669.36,4665.09,4653.33,11.760000000000218,78.27200000000002,0.15024529844644594,False,2026-01-19 05:14:00,0.09,0.42160670482420265,0.0,2026-01-19 21:30:00,4670.91,收盤,16.029999999999745,1.4600000000001818,0.09107922645041829,True,2026-01-19|4.0|1,True
2026-01-19,5.5,367,1,4670.76,4666.02,4658.3,7.720000000000255,78.27200000000002,0.09863041700736218,False,2026-01-19 07:07:00,0.09,0.42160670482420265,0.0,2026-01-19 21:30:00,4670.91,收盤,12.460000000000036,0.059999999999636205,0.004815409309762121,True,2026-01-19|5.5|1,False
2026-01-19,3.5,385,1,4671.74,4667.62,4653.33,14.289999999999964,78.27200000000002,0.18256847914963154,False,2026-01-19 07:25:00,0.09,0.42160670482420265,0.0,2026-01-19 21:30:00,4670.91,收盤,18.409999999999854,-0.9199999999999272,-0.049972840847362004,True,2026-01-19|3.5|1,True
2026-01-19,5.0,453,1,4674.46,4670.0,4658.3,11.699999999999818,78.27200000000002,0.1494787408013059,False,2026-01-19 08:33:00,0.09,0.42160670482420265,0.0,2026-01-19 21:30:00,4670.91,收盤,16.159999999999854,-3.6400000000001818,-0.22524752475248852,True,2026-01-19|5.0|1,False
2026-01-19,6.5,474,1,4676.51,4672.34,4659.27,13.069999999999709,78.27200000000002,0.16698180703188503,False,2026-01-19 08:54:00,0.09,0.42160670482420265,0.0,2026-01-19 21:30:00,4670.91,收盤,17.23999999999978,-5.690000000000364,-0.33004640371232224,True,2026-01-19|6.5|1,False
2026-01-19,7.0,478,1,4678.36,4674.34,4663.18,11.159999999999854,78.27200000000002,0.14257972199509214,False,2026-01-19 08:58:00,0.09,0.42160670482420265,0.0,2026-01-19 09:47:00,4663.18,停損,15.179999999999382,-15.269999999999381,-1.005928853754941,True,2026-01-19|7.0|1,True
2026-01-20,6.0,373,1,4701.19,4697.07,4679.69,17.38000000000011,75.47699999999995,0.23026882361514264,True,2026-01-20 07:13:00,0.08,0.0,0.20833333333333334,2026-01-20 23:58:00,4763.17,收盤,21.5,61.900000000000475,2.8790697674418824,True,2026-01-20|6.0|1,True
2026-01-20,6.5,404,1,4705.6,4701.53,4684.42,17.109999999999673,75.47699999999995,0.2266915749168579,True,2026-01-20 07:44:00,0.08,0.0,0.19230769230769232,2026-01-20 23:58:00,4763.17,收盤,21.18000000000029,57.48999999999971,2.714353163361611,True,2026-01-20|6.5|1,False
2026-01-20,7.0,516,1,4720.93,4716.67,4694.19,22.480000000000473,75.47699999999995,0.29783907680486094,True,2026-01-20 09:36:00,0.08,0.0,0.14705882352941177,2026-01-20 23:58:00,4763.17,收盤,26.74000000000069,42.15999999999978,1.5766641735227633,True,2026-01-20|7.0|1,False
2026-01-20,8.5,592,1,4725.9,4722.07,4705.73,16.340000000000146,75.47699999999995,0.21648979159214274,True,2026-01-20 10:52:00,0.09,0.0,0.1282051282051282,2026-01-20 23:58:00,4763.17,收盤,20.170000000000073,37.18000000000043,1.8433316807139464,True,2026-01-20|8.5|1,False
2026-01-20,9.0,594,1,4727.75,4722.75,4711.49,11.260000000000218,75.47699999999995,0.14918451978748792,True,2026-01-20 10:54:00,0.09,0.0,0.1282051282051282,2026-01-20 23:58:00,4763.17,收盤,16.26000000000022,35.33000000000007,2.172816728167257,True,2026-01-20|9.0|1,False
2026-01-20,9.5,597,1,4729.87,4725.7,4714.92,10.779999999999745,75.47699999999995,0.14282496654609686,True,2026-01-20 10:57:00,0.09,0.0,0.1282051282051282,2026-01-20 23:58:00,4763.17,收盤,14.949999999999818,33.21000000000018,2.2214046822742866,True,2026-01-20|9.5|1,False
2026-01-20,10.0,633,1,4735.71,4731.66,4715.03,16.63000000000011,75.47699999999995,0.2203320216754789,True,2026-01-20 11:33:00,0.09,0.0,0.11904761904761904,2026-01-20 15:34:00,4715.03,停損,20.68000000000029,-20.77000000000029,-1.0043520309477756,True,2026-01-20|10.0|1,False
2026-01-21,2.0,125,1,4792.6,4787.82,4770.77,17.049999999999272,79.22799999999998,0.2152016963699611,True,2026-01-21 03:05:00,0.12,0.0,0.0,2026-01-21 21:41:00,4770.77,停損,21.829999999999927,-21.94999999999993,-1.005497022446175,True,2026-01-21|2.0|1,False
2026-01-21,2.5,172,1,4831.6,4827.63,4776.67,50.960000000000036,79.22799999999998,0.6432069470389262,True,2026-01-21 03:52:00,0.14,0.0,0.0,2026-01-21 21:38:00,4776.67,停損,54.93000000000029,-55.07000000000029,-1.002548698343346,True,2026-01-21|2.5|1,False
2026-01-21,4.0,253,1,4847.58,4842.06,4817.47,24.590000000000146,79.22799999999998,0.31037007118695603,True,2026-01-21 05:13:00,0.16,0.0,0.0,2026-01-21 17:24:00,4817.47,停損,30.109999999999673,-30.269999999999673,-1.0053138492195284,True,2026-01-21|4.0|1,True
2026-01-21,3.0,319,1,4848.74,4844.15,4783.49,60.659999999999854,79.22799999999998,0.7656384106628953,True,2026-01-21 06:19:00,0.09,0.0,0.0,2026-01-21 21:37:00,4783.49,停損,65.25,-65.34,-1.0013793103448276,True,2026-01-21|3.0|1,False
2026-01-21,4.5,324,1,4854.04,4849.74,4822.13,27.609999999999673,79.22799999999998,0.348487908315238,True,2026-01-21 06:24:00,0.1,0.0,0.0,2026-01-21 17:22:00,4822.13,停損,31.909999999999854,-32.009999999999856,-1.0031338138514574,True,2026-01-21|4.5|1,False
2026-01-21,5.5,337,1,4858.92,4854.17,4831.75,22.420000000000073,79.22799999999998,0.2829807643762316,True,2026-01-21 06:37:00,0.15,0.0,0.0,2026-01-21 17:20:00,4831.75,停損,27.170000000000073,-27.32000000000007,-1.005520794994479,True,2026-01-21|5.5|1,False
2026-01-21,6.0,395,1,4876.25,4870.86,4837.92,32.9399999999996,79.22799999999998,0.41576210430655336,True,2026-01-21 07:35:00,0.12,0.0,0.0,2026-01-21 09:05:00,4837.92,停損,38.32999999999993,-38.449999999999925,-1.0031307070180016,True,2026-01-21|6.0|1,True
2026-01-21,6.5,443,1,4879.78,4874.13,4849.88,24.25,79.22799999999998,0.30607865905992837,True,2026-01-21 08:23:00,0.12,0.0,0.0,2026-01-21 08:58:00,4849.88,停損,29.899999999999636,-30.019999999999637,-1.0040133779264215,True,2026-01-21|6.5|1,False
2026-01-21,7.0,446,1,4883.47,4878.23,4858.97,19.25999999999931,79.22799999999998,0.24309587519562925,True,2026-01-21 08:26:00,0.09,0.0,0.0,2026-01-21 08:46:00,4858.97,停損,24.5,-24.59,-1.0036734693877551,True,2026-01-21|7.0|1,True
2026-01-21,9.0,546,1,4862.66,4857.18,4832.62,24.5600000000004,79.22799999999998,0.30999141717575107,True,2026-01-21 10:06:00,0.09,0.0,0.0,2026-01-21 17:20:00,4832.62,停損,30.039999999999964,-30.129999999999963,-1.0029960053262317,True,2026-01-21|9.0|1,True
2026-01-21,9.5,628,1,4875.06,4869.57,4838.91,30.659999999999854,79.22799999999998,0.3869843994547365,True,2026-01-21 11:28:00,0.12,0.0,0.0,2026-01-21 17:20:00,4838.91,停損,36.150000000000546,-36.27000000000054,-1.0033195020746888,True,2026-01-21|9.5|1,True
2026-01-22,3.5,214,-1,4780.74,4804.73,4786.62,18.109999999999673,84.79199999999992,0.21358146994999164,False,2026-01-22 04:34:00,0.1,0.2240777431833194,0.0,2026-01-22 07:46:00,4804.73,停損,23.98999999999978,-24.089999999999783,-1.004168403501459,True,2026-01-22|3.5|-1,True
2026-01-23,5.5,391,1,4960.51,4954.49,4942.56,11.929999999999382,94.45499999999993,0.12630353078184733,True,2026-01-23 07:31:00,0.1,0.06352231221216458,0.07692307692307693,2026-01-23 10:01:00,4942.56,停損,17.949999999999818,-18.04999999999982,-1.0055710306406687,True,2026-01-23|5.5|1,False
2026-01-23,6.0,407,1,4963.25,4958.34,4950.16,8.180000000000291,94.45499999999993,0.08660208564925412,True,2026-01-23 07:47:00,0.1,0.06352231221216458,0.07407407407407407,2026-01-23 08:12:00,4950.16,停損,13.090000000000146,-13.190000000000145,-1.0076394194041252,True,2026-01-23|6.0|1,False
2026-01-23,5.0,408,1,4965.54,4959.0,4938.16,20.840000000000146,94.45499999999993,0.22063416441691983,True,2026-01-23 07:48:00,0.13,0.06352231221216458,0.07407407407407407,2026-01-23 10:19:00,4938.16,停損,27.38000000000011,-27.510000000000108,-1.0047479912344777,True,2026-01-23|5.0|1,False
2026-01-23,10.5,687,1,4931.11,4926.31,4899.67,26.640000000000327,94.45499999999993,0.2820390662220142,True,2026-01-23 12:27:00,0.1,0.021174104070721525,0.9111111111111111,2026-01-23 23:57:00,4987.1,收盤,31.4399999999996,55.89000000000069,1.7776717557252355,True,2026-01-23|10.5|1,False
2026-01-26,2.0,134,1,5058.17,5052.1,5030.7,21.400000000000546,97.03599999999987,0.2205367080258932,True,2026-01-26 03:14:00,0.1,0.11335999010676465,0.0,2026-01-26 21:22:00,5030.7,停損,27.470000000000255,-27.570000000000256,-1.0036403349108118,True,2026-01-26|2.0|1,False
2026-01-26,2.5,155,1,5083.88,5075.38,5028.95,46.43000000000029,97.03599999999987,0.47848221278701053,True,2026-01-26 03:35:00,0.1,0.11335999010676465,0.0,2026-01-26 21:22:00,5028.95,停損,54.93000000000029,-55.03000000000029,-1.0018204988166757,True,2026-01-26|2.5|1,True
2026-01-26,3.0,211,1,5091.0,5085.64,5028.95,56.69000000000051,97.03599999999987,0.5842161671956859,True,2026-01-26 04:31:00,0.1,0.11335999010676465,0.0,2026-01-26 21:22:00,5028.95,停損,62.05000000000018,-62.15000000000018,-1.0016116035455278,True,2026-01-26|3.0|1,True
2026-01-26,6.5,422,1,5082.08,5073.27,5052.37,20.900000000000546,97.03599999999987,0.21538398120285845,True,2026-01-26 08:02:00,0.1,0.11335999010676465,0.0,2026-01-26 21:03:00,5052.37,停損,29.710000000000036,-29.810000000000038,-1.003365870077415,True,2026-01-26|6.5|1,True
2026-01-26,6.0,459,1,5083.29,5078.0,5058.5,19.5,97.03599999999987,0.2009563460983555,True,2026-01-26 08:39:00,0.1,0.11335999010676465,0.0,2026-01-26 15:33:00,5058.5,停損,24.789999999999964,-24.889999999999965,-1.0040338846308996,True,2026-01-26|6.0|1,False
2026-01-26,7.5,463,1,5089.12,5082.21,5053.15,29.0600000000004,97.03599999999987,0.2994764829547842,True,2026-01-26 08:43:00,0.1,0.11335999010676465,0.0,2026-01-26 21:03:00,5053.15,停損,35.970000000000255,-36.070000000000256,-1.0027800945232137,True,2026-01-26|7.5|1,False
2026-01-28,2.0,124,1,5186.55,5180.13,5157.41,22.720000000000255,109.05,0.20834479596515593,True,2026-01-28 03:04:00,0.1,0.018340210912425492,0.5,2026-01-28 23:58:00,5417.42,收盤,29.140000000000327,230.7699999999999,7.919354838709585,True,2026-01-28|2.0|1,True
2026-01-28,2.5,163,1,5210.06,5202.46,5163.05,39.409999999999854,109.05,0.361393856029343,True,2026-01-28 03:43:00,0.1,0.018340210912425492,0.4,2026-01-28 23:58:00,5417.42,收盤,47.01000000000022,207.25999999999968,4.408849181025286,True,2026-01-28|2.5|1,False
2026-01-28,3.0,235,1,5234.58,5225.21,5168.71,56.5,109.05,0.5181109582760202,True,2026-01-28 04:55:00,0.1,0.018340210912425492,0.26666666666666666,2026-01-28 23:58:00,5417.42,收盤,65.86999999999989,182.74000000000015,2.7742523151662435,True,2026-01-28|3.0|1,False
2026-01-28,4.0,247,1,5241.36,5234.62,5201.65,32.970000000000255,109.05,0.3023383768913366,True,2026-01-28 05:07:00,0.1,0.018340210912425492,0.25,2026-01-28 23:58:00,5417.42,收盤,39.710000000000036,175.9600000000004,4.4311256610425644,True,2026-01-28|4.0|1,False
2026-01-28,5.5,367,1,5251.08,5244.74,5224.6,20.139999999999418,109.05,0.18468592388811939,True,2026-01-28 07:07:00,0.1,0.018340210912425492,0.16666666666666666,2026-01-28 23:58:00,5417.42,收盤,26.479999999999563,166.24000000000015,6.277945619335457,True,2026-01-28|5.5|1,False
2026-01-28,4.5,370,1,5253.87,5247.58,5216.67,30.909999999999854,109.05,0.2834479596515347,True,2026-01-28 07:10:00,0.1,0.018340210912425492,0.16666666666666666,2026-01-28 23:58:00,5417.42,收盤,37.19999999999982,163.4500000000002,4.393817204301102,True,2026-01-28|4.5|1,False
2026-01-28,6.0,371,1,5256.05,5248.92,5232.31,16.609999999999673,109.05,0.15231545162769072,True,2026-01-28 07:11:00,0.1,0.018340210912425492,0.16666666666666666,2026-01-28 23:58:00,5417.42,收盤,23.73999999999978,161.2699999999999,6.793176074136537,True,2026-01-28|6.0|1,False
2026-01-28,6.5,473,1,5269.46,5261.94,5233.76,28.17999999999938,109.05,0.25841357175606955,True,2026-01-28 08:53:00,0.1,0.018340210912425492,0.12903225806451613,2026-01-28 23:58:00,5417.42,收盤,35.69999999999982,147.86000000000004,4.141736694677894,True,2026-01-28|6.5|1,False
2026-01-28,7.0,490,1,5272.53,5266.4,5241.66,24.73999999999978,109.05,0.22686840898670135,True,2026-01-28 09:10:00,0.1,0.018340210912425492,0.125,2026-01-28 13:07:00,5241.66,停損,30.86999999999989,-30.969999999999892,-1.003239390994493,True,2026-01-28|7.0|1,False
2026-01-28,8.0,499,1,5278.71,5271.48,5252.06,19.419999999999163,109.05,0.17808344795964387,True,2026-01-28 09:19:00,0.1,0.018340210912425492,0.12121212121212122,2026-01-28 13:05:00,5252.06,停損,26.649999999999636,-26.749999999999638,-1.00375234521576,True,2026-01-28|8.0|1,False
2026-01-28,8.5,532,1,5290.18,5284.15,5255.15,29.0,109.05,0.26593305823016966,True,2026-01-28 09:52:00,0.1,0.018340210912425492,0.11428571428571428,2026-01-28 13:05:00,5255.15,停損,35.030000000000655,-35.130000000000656,-1.0028546959748788,True,2026-01-28|8.5|1,False
2026-01-28,9.0,568,1,5299.77,5292.86,5263.0,29.859999999999673,109.05,0.2738193489225096,True,2026-01-28 10:28:00,0.1,0.018340210912425492,0.10810810810810811,2026-01-28 13:05:00,5263.0,停損,36.77000000000044,-36.87000000000044,-1.0027196083763938,True,2026-01-28|9.0|1,False
2026-01-28,9.5,573,1,5311.02,5300.99,5272.12,28.86999999999989,109.05,0.264740944520861,True,2026-01-28 10:33:00,0.1,0.018340210912425492,0.10526315789473684,2026-01-28 11:19:00,5272.12,停損,38.900000000000546,-39.00000000000055,-1.0025706940874035,True,2026-01-28|9.5|1,True
2026-01-29,2.5,161,1,5536.0,5527.16,5445.57,81.59000000000015,129.433,0.6303647446941673,True,2026-01-29 03:41:00,0.1,0.23178014880285555,0.0,2026-01-29 17:05:00,5445.57,停損,90.43000000000029,-90.53000000000029,-1.0011058277120424,True,2026-01-29|2.5|1,False
2026-01-29,4.0,334,1,5557.55,5550.33,5504.39,45.9399999999996,129.433,0.3549326678667697,True,2026-01-29 06:34:00,0.1,0.23178014880285555,0.0,2026-01-29 10:44:00,5504.39,停損,53.159999999999854,-53.259999999999856,-1.0018811136192627,True,2026-01-29|4.0|1,False
2026-01-29,3.0,335,1,5561.99,5551.43,5445.57,105.86000000000058,129.433,0.8178748850756807,True,2026-01-29 06:35:00,0.1,0.23178014880285555,0.0,2026-01-29 17:05:00,5445.57,停損,116.42000000000007,-116.52000000000007,-1.0008589589417625,True,2026-01-29|3.0|1,False
2026-01-29,6.5,423,1,5580.48,5564.6,5516.36,48.24000000000069,129.433,0.37270247927499706,True,2026-01-29 08:03:00,0.1,0.23178014880285555,0.0,2026-01-29 10:40:00,5516.36,停損,64.11999999999989,-64.21999999999989,-1.0015595757953835,True,2026-01-29|6.5|1,False
2026-01-29,10.5,794,1,5538.48,5530.36,5474.4,55.960000000000036,129.433,0.43234723756692683,True,2026-01-29 14:14:00,0.1,0.23178014880285555,0.0,2026-01-29 17:02:00,5474.4,停損,64.07999999999993,-64.17999999999992,-1.0015605493133581,True,2026-01-29|10.5|1,True
2026-01-30,6.5,419,-1,5187.16,5241.09,5200.7,40.39000000000033,173.88199999999998,0.2322839626873416,True,2026-01-30 07:59:00,0.1,0.0,0.14814814814814814,2026-01-30 23:57:00,4885.55,收盤,53.93000000000029,301.50999999999965,5.590765807528241,True,2026-01-30|6.5|-1,True
2026-01-30,7.0,438,-1,5166.48,5241.09,5180.04,61.05000000000018,173.88199999999998,0.3511001713805925,True,2026-01-30 08:18:00,0.1,0.0,0.13793103448275862,2026-01-30 23:57:00,4885.55,收盤,74.61000000000058,280.82999999999936,3.7639726578206294,True,2026-01-30|7.0|-1,True
2026-01-30,7.5,481,-1,5131.4,5239.84,5156.91,82.93000000000029,173.88199999999998,0.47693263247489853,True,2026-01-30 09:01:00,0.1,0.0,0.125,2026-01-30 23:57:00,4885.55,收盤,108.44000000000051,245.74999999999946,2.2662301733677452,True,2026-01-30|7.5|-1,True
2026-01-30,8.5,574,-1,5078.13,5186.52,5125.72,60.80000000000018,173.88199999999998,0.3496624147410324,True,2026-01-30 10:34:00,0.1,0.0,0.10526315789473684,2026-01-30 23:57:00,4885.55,收盤,108.39000000000033,192.47999999999993,1.7758095765291941,True,2026-01-30|8.5|-1,False
2026-01-30,10.0,614,-1,5027.55,5181.33,5057.6,123.72999999999956,173.88199999999998,0.7115745160511127,True,2026-01-30 11:14:00,0.1,0.0,0.1,2026-01-30 23:57:00,4885.55,收盤,153.77999999999975,141.9,0.9227467811158814,True,2026-01-30|10.0|-1,True
2026-01-30,10.5,643,-1,4997.2,5155.01,5014.47,140.53999999999996,173.88199999999998,0.8082492724951403,True,2026-01-30 11:43:00,0.1,0.0,0.09523809523809523,2026-01-30 23:57:00,4885.55,收盤,157.8100000000004,111.54999999999964,0.7068626829731915,True,2026-01-30|10.5|-1,True
2026-02-02,4.0,256,-1,4674.46,4773.0,4698.92,74.07999999999993,241.425,0.30684477581029274,True,2026-02-02 05:16:00,0.1,0.07041524282903593,0.29411764705882354,2026-02-02 13:39:00,4773.0,停損,98.53999999999996,-98.63999999999996,-1.0010148163182464,True,2026-02-02|4.0|-1,True
2026-02-02,4.5,279,-1,4649.73,4773.0,4664.68,108.31999999999971,241.425,0.44866935901418536,True,2026-02-02 05:39:00,0.1,0.07041524282903593,0.2777777777777778,2026-02-02 13:39:00,4773.0,停損,123.27000000000044,-123.37000000000043,-1.0008112273870364,True,2026-02-02|4.5|-1,True
2026-02-02,5.0,303,-1,4614.49,4729.41,4630.4,99.01000000000022,241.425,0.41010665838252136,True,2026-02-02 06:03:00,0.1,0.07041524282903593,0.25,2026-02-02 11:56:00,4729.41,停損,114.92000000000007,-115.02000000000007,-1.0008701705534284,True,2026-02-02|5.0|-1,True
2026-02-02,6.5,391,-1,4637.07,4713.45,4649.78,63.67000000000007,241.425,0.2637257947602778,True,2026-02-02 07:31:00,0.1,0.07041524282903593,0.19230769230769232,2026-02-02 11:49:00,4713.45,停損,76.38000000000011,-76.4800000000001,-1.0013092432573971,True,2026-02-02|6.5|-1,False
2026-02-02,5.5,405,-1,4575.72,4704.98,4603.4,101.57999999999993,241.425,0.4207517862690273,True,2026-02-02 07:45:00,0.1,0.07041524282903593,0.19230769230769232,2026-02-02 11:42:00,4704.98,停損,129.2599999999993,-129.3599999999993,-1.0007736345350455,True,2026-02-02|5.5|-1,False
2026-02-02,7.0,444,-1,4481.62,4696.13,4498.55,197.57999999999993,241.425,0.8183908045977009,True,2026-02-02 08:24:00,0.1,0.07041524282903593,0.1724137931034483,2026-02-02 11:29:00,4696.13,停損,214.51000000000022,-214.6100000000002,-1.000466178732926,True,2026-02-02|7.0|-1,False
2026-02-02,7.5,459,-1,4405.67,4658.45,4433.67,224.77999999999975,241.425,0.9310551931241575,True,2026-02-02 08:39:00,0.1,0.07041524282903593,0.16666666666666666,2026-02-02 11:26:00,4658.45,停損,252.77999999999975,-252.87999999999974,-1.0003956009177941,True,2026-02-02|7.5|-1,True
2026-02-03,6.0,390,1,4839.74,4825.13,4800.97,24.159999999999854,280.19000000000005,0.08622720296941308,False,2026-02-03 07:30:00,0.1,0.18201934401656017,0.0,2026-02-03 23:58:00,4946.45,收盤,38.76999999999953,106.61000000000004,2.749806551457347,True,2026-02-03|6.0|1,True
2026-02-03,6.5,440,1,4856.88,4841.87,4806.11,35.76000000000022,280.19000000000005,0.12762768121631826,False,2026-02-03 08:20:00,0.1,0.18201934401656017,0.0,2026-02-03 23:58:00,4946.45,收盤,50.77000000000044,89.46999999999971,1.7622611778609207,True,2026-02-03|6.5|1,False
2026-02-03,7.5,462,1,4890.83,4875.14,4813.5,61.64000000000033,280.19000000000005,0.21999357578785936,False,2026-02-03 08:42:00,0.1,0.18201934401656017,0.0,2026-02-03 23:58:00,4946.45,收盤,77.32999999999993,55.51999999999989,0.7179619811198751,True,2026-02-03|7.5|1,True
2026-02-03,8.0,512,1,4908.54,4893.9,4816.6,77.29999999999927,280.19000000000005,0.27588422142117586,False,2026-02-03 09:32:00,0.1,0.18201934401656017,0.0,2026-02-03 23:58:00,4946.45,收盤,91.9399999999996,37.80999999999985,0.41124646508592577,True,2026-02-03|8.0|1,False
2026-02-03,8.5,514,1,4921.16,4901.73,4865.13,36.599999999999454,280.19000000000005,0.13062564688247064,False,2026-02-03 09:34:00,0.1,0.18201934401656017,0.0,2026-02-03 23:58:00,4946.45,收盤,56.029999999999745,25.189999999999962,0.44958058183116323,True,2026-02-03|8.5|1,False
2026-02-04,4.5,351,1,5078.35,5062.14,5035.6,26.539999999999964,303.059,0.08757370676996876,True,2026-02-04 06:51:00,0.1,0.03299687519591894,0.0,2026-02-04 13:17:00,5035.6,停損,42.75,-42.85,-1.0023391812865496,True,2026-02-04|4.5|1,False
2026-02-04,3.5,367,1,5080.69,5065.45,5010.73,54.720000000000255,303.059,0.1805589010720693,True,2026-02-04 07:07:00,0.1,0.03299687519591894,0.0,2026-02-04 16:33:00,5010.73,停損,69.96000000000004,-70.06000000000003,-1.001429388221841,True,2026-02-04|3.5|1,False
2026-02-04,5.0,409,1,5088.79,5073.62,5036.31,37.30999999999949,303.059,0.1231113413559719,True,2026-02-04 07:49:00,0.1,0.03299687519591894,0.0,2026-02-04 13:17:00,5036.31,停損,52.47999999999956,-52.579999999999565,-1.001905487804878,True,2026-02-04|5.0|1,False
2026-02-04,5.5,510,1,5089.5,5074.17,5051.65,22.520000000000437,303.059,0.07430896294121091,True,2026-02-04 09:30:00,0.1,0.03299687519591894,0.0,2026-02-04 11:33:00,5051.65,停損,37.850000000000364,-37.950000000000365,-1.0026420079260239,True,2026-02-04|5.5|1,True
2026-02-05,6.0,382,-1,4845.16,4891.21,4863.54,27.670000000000073,313.55300000000005,0.08824664410801386,False,2026-02-05 07:22:00,0.1,0.0,0.12,2026-02-05 07:46:00,4891.21,停損,46.05000000000018,-46.15000000000018,-1.002171552660152,True,2026-02-05|6.0|-1,True
2026-02-05,8.0,621,-1,4858.71,4934.01,4878.34,55.67000000000007,313.55300000000005,0.1775457418682011,False,2026-02-05 11:21:00,0.1,0.0,0.07317073170731707,2026-02-05 23:58:00,4776.55,收盤,75.30000000000018,82.05999999999986,1.0897742363877778,True,2026-02-05|8.0|-1,True
2026-02-05,10.5,794,-1,4837.24,4929.8,4853.94,75.86000000000058,313.55300000000005,0.24193676986028062,False,2026-02-05 14:14:00,0.1,0.0,0.057692307692307696,2026-02-05 23:58:00,4776.55,收盤,92.5600000000004,60.5899999999996,0.6546024200518511,True,2026-02-05|10.5|-1,False
2026-02-09,4.0,401,1,5034.92,5017.51,4969.25,48.26000000000022,345.736,0.13958627391998582,True,2026-02-09 07:41:00,0.1,0.011569521253210542,0.0,2026-02-09 23:58:00,5060.3,收盤,65.67000000000007,25.280000000000108,0.38495507842241633,True,2026-02-09|4.0|1,False
2026-02-09,4.5,425,1,5044.03,5026.74,4986.35,40.38999999999942,345.736,0.11682324085429177,True,2026-02-09 08:05:00,0.1,0.011569521253210542,0.0,2026-02-09 12:28:00,4986.35,停損,57.67999999999938,-57.77999999999938,-1.001733703190014,True,2026-02-09|4.5|1,False
2026-02-17,3.5,367,-1,4942.48,4971.12,4954.61,16.51000000000022,193.079,0.08550904034100144,True,2026-02-17 07:07:00,0.1,0.0051792271557238225,0.041666666666666664,2026-02-17 23:58:00,4878.15,收盤,28.640000000000327,64.22999999999993,2.242667597765335,True,2026-02-17|3.5|-1,False
2026-02-17,5.0,373,-1,4938.33,4970.15,4950.12,20.029999999999745,193.079,0.10373991992914684,True,2026-02-17 07:13:00,0.1,0.0051792271557238225,0.041666666666666664,2026-02-17 23:58:00,4878.15,收盤,31.81999999999971,60.08000000000029,1.8881206788183795,True,2026-02-17|5.0|-1,False
2026-02-17,5.5,374,-1,4935.78,4960.45,4946.78,13.670000000000073,193.079,0.07080003521874503,True,2026-02-17 07:14:00,0.1,0.0051792271557238225,0.041666666666666664,2026-02-17 23:58:00,4878.15,收盤,24.670000000000073,57.53000000000011,2.3319821645723526,True,2026-02-17|5.5|-1,False
2026-02-17,6.5,393,-1,4872.01,4960.19,4888.69,71.5,193.079,0.3703147416342533,True,2026-02-17 07:33:00,0.1,0.0051792271557238225,0.038461538461538464,2026-02-17 23:58:00,4878.15,收盤,88.17999999999938,-6.239999999999418,-0.07076434565660537,True,2026-02-17|6.5|-1,False
2026-02-20,9.5,592,1,5028.17,5019.89,5005.1,14.789999999999964,147.06000000000003,0.10057119543043629,True,2026-02-20 10:52:00,0.1,0.027199782401740782,0.46153846153846156,2026-02-20 17:07:00,5005.1,停損,23.06999999999971,-23.16999999999971,-1.0043346337234504,True,2026-02-20|9.5|1,False
2026-02-20,8.0,607,1,5038.36,5030.03,5011.92,18.109999999999673,147.06000000000003,0.12314701482387916,True,2026-02-20 11:07:00,0.1,0.027199782401740782,0.45,2026-02-20 14:30:00,5011.92,停損,26.4399999999996,-26.5399999999996,-1.0037821482602118,True,2026-02-20|8.0|1,False
2026-02-23,2.5,217,1,5167.46,5160.9,5135.04,25.859999999999673,128.0660000000001,0.20192713132290893,True,2026-02-23 04:37:00,0.1,0.23425421267159105,0.0,2026-02-23 09:26:00,5135.04,停損,32.42000000000007,-32.520000000000074,-1.0030845157310302,True,2026-02-23|2.5|1,False
2026-02-23,2.0,222,1,5175.0,5166.71,5129.76,36.94999999999982,128.0660000000001,0.28852310527384156,True,2026-02-23 04:42:00,0.1,0.23425421267159105,0.0,2026-02-23 09:27:00,5129.76,停損,45.23999999999978,-45.33999999999978,-1.002210433244916,True,2026-02-23|2.0|1,True
2026-02-23,9.5,613,1,5146.63,5139.68,5122.6,17.079999999999927,128.0660000000001,0.13336873174769193,True,2026-02-23 11:13:00,0.1,0.17959489638155313,0.0,2026-02-23 23:58:00,5227.92,收盤,24.029999999999745,81.18999999999997,3.378693300041649,True,2026-02-23|9.5|1,False
2026-02-23,10.0,626,1,5149.13,5142.13,5122.38,19.75,128.0660000000001,0.1542173566754641,True,2026-02-23 11:26:00,0.1,0.17959489638155313,0.0,2026-02-23 23:58:00,5227.92,收盤,26.75,78.68999999999997,2.941682242990653,True,2026-02-23|10.0|1,False
2026-02-23,10.5,690,1,5156.11,5149.48,5122.38,27.099999999999454,128.0660000000001,0.21160963877999966,True,2026-02-23 12:30:00,0.1,0.17959489638155313,0.0,2026-02-23 23:58:00,5227.92,收盤,33.72999999999956,71.7100000000004,2.1260005929440062,True,2026-02-23|10.5|1,True
2026-02-23,9.0,716,1,5161.62,5154.38,5125.15,29.230000000000473,128.0660000000001,0.22824168787969057,True,2026-02-23 12:56:00,0.1,0.17959489638155313,0.0,2026-02-23 23:58:00,5227.92,收盤,36.470000000000255,66.20000000000019,1.8151905675897924,True,2026-02-23|9.0|1,False
2026-03-02,3.5,224,1,5348.32,5339.2,5305.55,33.649999999999636,116.87000000000008,0.2879267562248619,True,2026-03-02 04:44:00,0.1,0.03422606314708648,0.0,2026-03-02 18:01:00,5305.55,停損,42.76999999999953,-42.86999999999953,-1.0023380874444705,True,2026-03-02|3.5|1,False
2026-03-02,3.0,244,1,5353.98,5347.5,5303.39,44.10999999999967,116.87000000000008,0.3774279113544934,True,2026-03-02 05:04:00,0.1,0.03422606314708648,0.0,2026-03-02 18:01:00,5303.39,停損,50.589999999999236,-50.68999999999924,-1.0019766752322594,True,2026-03-02|3.0|1,False
2026-03-02,4.0,260,1,5358.77,5351.77,5317.15,34.6200000000008,116.87000000000008,0.29622657653804035,True,2026-03-02 05:20:00,0.1,0.03422606314708648,0.0,2026-03-02 16:27:00,5317.15,停損,41.6200000000008,-41.7200000000008,-1.0024026910139356,True,2026-03-02|4.0|1,False
2026-03-02,4.5,296,1,5365.78,5359.45,5328.73,30.720000000000255,116.87000000000008,0.2628561649696264,True,2026-03-02 05:56:00,0.1,0.03422606314708648,0.0,2026-03-02 16:26:00,5328.73,停損,37.05000000000018,-37.15000000000018,-1.0026990553306343,True,2026-03-02|4.5|1,True
2026-03-02,5.0,427,1,5374.73,5366.83,5344.51,22.31999999999971,116.87000000000008,0.19098143236074008,True,2026-03-02 08:07:00,0.1,0.03422606314708648,0.0,2026-03-02 16:25:00,5344.51,停損,30.219999999999345,-30.319999999999347,-1.0033090668431504,True,2026-03-02|5.0|1,False
2026-03-02,7.5,476,1,5387.45,5381.19,5348.98,32.210000000000036,116.87000000000008,0.2756053734919142,True,2026-03-02 08:56:00,0.1,0.03422606314708648,0.0,2026-03-02 16:23:00,5348.98,停損,38.470000000000255,-38.570000000000256,-1.0025994281258124,True,2026-03-02|7.5|1,False
2026-03-02,8.0,488,1,5398.09,5389.84,5363.74,26.100000000000364,116.87000000000008,0.22332506203474242,True,2026-03-02 09:08:00,0.1,0.03422606314708648,0.0,2026-03-02 16:11:00,5363.74,停損,34.350000000000364,-34.450000000000365,-1.002911208151383,True,2026-03-02|8.0|1,False
2026-03-10,7.0,471,1,5174.75,5166.58,5154.41,12.170000000000073,154.38799999999983,0.07882737000285052,False,2026-03-10 08:51:00,0.1,0.02590874938466723,0.03225806451612903,2026-03-10 23:58:00,5192.77,收盤,20.340000000000146,17.920000000000435,0.881022615535905,True,2026-03-10|7.0|1,False
2026-03-10,6.5,474,1,5176.32,5167.98,5154.41,13.569999999999709,154.38799999999983,0.08789543228748169,False,2026-03-10 08:54:00,0.1,0.02590874938466723,0.03225806451612903,2026-03-10 23:58:00,5192.77,收盤,21.909999999999854,16.350000000000726,0.7462345960748897,True,2026-03-10|6.5|1,False
2026-03-10,7.5,601,1,5182.46,5174.19,5161.53,12.659999999999854,154.38799999999983,0.08200119180247084,False,2026-03-10 11:01:00,0.1,0.02590874938466723,0.025,2026-03-10 13:38:00,5161.53,停損,20.93000000000029,-21.030000000000292,-1.0047778308647874,True,2026-03-10|7.5|1,False
2026-03-10,8.0,631,1,5188.15,5179.31,5163.89,15.420000000000073,154.38799999999983,0.09987822887789265,False,2026-03-10 11:31:00,0.1,0.02590874938466723,0.023809523809523808,2026-03-10 13:38:00,5163.89,停損,24.25999999999931,-24.35999999999931,-1.0041220115416325,True,2026-03-10|8.0|1,False
2026-03-10,8.5,640,1,5190.64,5180.92,5167.04,13.88000000000011,154.38799999999983,0.089903360364796,False,2026-03-10 11:40:00,0.1,0.02590874938466723,0.023809523809523808,2026-03-10 13:34:00,5167.04,停損,23.600000000000364,-23.700000000000365,-1.0042372881355932,True,2026-03-10|8.5|1,False
2026-03-10,10.5,641,1,5193.19,5185.35,5165.67,19.68000000000029,154.38799999999983,0.12747104697256464,False,2026-03-10 11:41:00,0.1,0.02590874938466723,0.023809523809523808,2026-03-10 13:38:00,5165.67,停損,27.519999999999527,-27.61999999999953,-1.0036337209302326,True,2026-03-10|10.5|1,False
2026-03-12,6.0,446,-1,5137.99,5155.62,5147.39,8.229999999999563,148.64799999999977,0.055365696141216676,True,2026-03-12 08:26:00,0.1,0.04036381249663641,0.0,2026-03-12 08:46:00,5155.62,停損,17.63000000000011,-17.73000000000011,-1.0056721497447534,True,2026-03-12|6.0|-1,True
2026-03-13,5.0,465,-1,5100.65,5128.46,5110.48,17.980000000000473,154.8039999999998,0.11614686958993628,True,2026-03-13 08:45:00,0.1,0.025839125603989595,0.5333333333333333,2026-03-13 23:57:00,5018.76,收盤,27.8100000000004,81.78999999999942,2.9410284070477615,True,2026-03-13|5.0|-1,False
2026-03-13,5.5,466,-1,5099.08,5121.84,5108.3,13.539999999999964,154.8039999999998,0.08746544016950454,True,2026-03-13 08:46:00,0.1,0.025839125603989595,0.5161290322580645,2026-03-13 15:50:00,5121.84,停損,22.76000000000022,-22.86000000000022,-1.0043936731107206,True,2026-03-13|5.5|-1,False
2026-03-13,6.0,476,-1,5098.62,5116.78,5106.4,10.38000000000011,154.8039999999998,0.0670525309423537,True,2026-03-13 08:56:00,0.1,0.025839125603989595,0.5161290322580645,2026-03-13 15:02:00,5116.78,停損,18.159999999999854,-18.259999999999856,-1.0055066079295156,True,2026-03-13|6.0|-1,True
2026-03-13,6.5,504,-1,5096.11,5117.99,5103.9,14.090000000000146,154.8039999999998,0.09101831994005428,True,2026-03-13 09:24:00,0.1,0.025839125603989595,0.48484848484848486,2026-03-13 15:03:00,5117.99,停損,21.88000000000011,-21.98000000000011,-1.0045703839122486,True,2026-03-13|6.5|-1,False
2026-03-13,7.0,506,-1,5093.38,5117.99,5102.74,15.25,154.8039999999998,0.09851166636521033,True,2026-03-13 09:26:00,0.1,0.025839125603989595,0.48484848484848486,2026-03-13 15:03:00,5117.99,停損,24.609999999999673,-24.709999999999674,-1.0040633888663146,True,2026-03-13|7.0|-1,False
2026-03-13,8.0,518,-1,5089.48,5111.01,5098.28,12.730000000000473,154.8039999999998,0.08223301723469993,True,2026-03-13 09:38:00,0.1,0.025839125603989595,0.47058823529411764,2026-03-13 15:01:00,5111.01,停損,21.530000000000655,-21.630000000000656,-1.004644681839294,True,2026-03-13|8.0|-1,False
2026-03-13,8.5,559,-1,5079.38,5111.01,5088.95,22.0600000000004,154.8039999999998,0.1425027777060052,True,2026-03-13 10:19:00,0.1,0.025839125603989595,0.43243243243243246,2026-03-13 15:01:00,5111.01,停損,31.63000000000011,-31.73000000000011,-1.0031615554852988,True,2026-03-13|8.5|-1,False
2026-03-13,9.0,560,-1,5078.07,5107.79,5085.86,21.93000000000029,154.8039999999998,0.14166300612387484,True,2026-03-13 10:20:00,0.1,0.025839125603989595,0.43243243243243246,2026-03-13 15:00:00,5107.79,停損,29.720000000000255,-29.820000000000256,-1.003364737550471,True,2026-03-13|9.0|-1,True
2026-03-16,3.0,195,-1,4986.57,5030.87,4996.87,34.0,155.25899999999984,0.21898891529637596,True,2026-03-16 04:15:00,0.1,0.0,0.8333333333333334,2026-03-16 09:16:00,5030.87,停損,44.30000000000018,-44.40000000000018,-1.002257336343115,True,2026-03-16|3.0|-1,True
2026-03-16,7.0,455,-1,5004.07,5026.26,5012.49,13.770000000000437,155.25899999999984,0.08869051069503507,True,2026-03-16 08:35:00,0.1,0.0,0.3333333333333333,2026-03-16 09:15:00,5026.26,停損,22.19000000000051,-22.29000000000051,-1.0045065344749886,True,2026-03-16|7.0|-1,True
2026-03-16,6.5,564,-1,5001.98,5026.26,5010.29,15.970000000000255,155.25899999999984,0.1028603816847994,True,2026-03-16 10:24:00,0.1,0.03864510269936046,0.8918918918918919,2026-03-16 16:16:00,5026.26,停損,24.280000000000655,-24.380000000000656,-1.0041186161449753,True,2026-03-16|6.5|-1,False
2026-03-16,9.0,578,-1,4996.2,5036.0,5005.5,30.5,155.25899999999984,0.196445938721749,True,2026-03-16 10:38:00,0.1,0.03864510269936046,0.868421052631579,2026-03-16 17:09:00,5036.0,停損,39.80000000000018,-39.90000000000018,-1.0025125628140703,True,2026-03-16|9.0|-1,False
2026-03-16,8.5,582,-1,4993.95,5036.0,5003.27,32.72999999999956,155.25899999999984,0.21080903522500852,True,2026-03-16 10:42:00,0.1,0.03864510269936046,0.868421052631579,2026-03-16 17:09:00,5036.0,停損,42.05000000000018,-42.15000000000018,-1.0023781212841856,True,2026-03-16|8.5|-1,False
2026-03-16,9.5,614,-1,4989.46,5029.56,4998.27,31.289999999999964,155.25899999999984,0.20153421057716459,True,2026-03-16 11:14:00,0.1,0.03864510269936046,0.825,2026-03-16 16:17:00,5029.56,停損,40.100000000000364,-40.200000000000365,-1.0024937655860349,True,2026-03-16|9.5|-1,True
2026-03-16,10.0,666,-1,4981.26,5016.44,4991.96,24.479999999999563,155.25899999999984,0.15767201901338787,True,2026-03-16 12:06:00,0.1,0.03864510269936046,0.75,2026-03-16 14:24:00,5016.44,停損,35.17999999999938,-35.27999999999938,-1.0028425241614554,True,2026-03-16|10.0|-1,False
2026-03-16,10.5,706,-1,4978.32,5007.34,4987.89,19.449999999999818,155.25899999999984,0.12527454125042567,True,2026-03-16 12:46:00,0.1,0.03864510269936046,0.7021276595744681,2026-03-16 14:19:00,5007.34,停損,29.020000000000437,-29.120000000000438,-1.0034458993797382,True,2026-03-16|10.5|-1,False
2026-03-17,6.5,436,1,5041.37,5033.59,5026.05,7.539999999999964,146.44199999999992,0.051487961104054625,True,2026-03-17 08:16:00,0.1,0.0273145682249628,0.41379310344827586,2026-03-17 08:55:00,5026.05,停損,15.319999999999709,-15.419999999999709,-1.0065274151436032,True,2026-03-17|6.5|1,False
2026-03-18,6.5,399,-1,4983.82,4997.68,4989.61,8.070000000000618,115.16299999999993,0.07007458992906249,True,2026-03-18 07:39:00,0.12,0.0,0.46153846153846156,2026-03-18 08:38:00,4997.68,停損,13.860000000000582,-13.980000000000581,-1.0086580086580081,True,2026-03-18|6.5|-1,False
2026-03-19,5.5,408,-1,4846.44,4866.15,4853.51,12.639999999999418,123.96499999999996,0.10196426410679968,True,2026-03-19 07:48:00,0.1,0.008066793046424396,0.5185185185185185,2026-03-19 23:58:00,4657.69,收盤,19.710000000000036,188.65,9.571283612379485,True,2026-03-19|5.5|-1,False
2026-03-19,6.0,451,-1,4841.96,4866.15,4850.86,15.289999999999964,123.96499999999996,0.12334126567982873,True,2026-03-19 08:31:00,0.1,0.008066793046424396,0.4666666666666667,2026-03-19 23:58:00,4657.69,收盤,24.1899999999996,184.17000000000044,7.613476643241153,True,2026-03-19|6.0|-1,False
2026-03-19,6.5,452,-1,4840.77,4860.21,4847.28,12.930000000000291,123.96499999999996,0.1043036340902698,True,2026-03-19 08:32:00,0.1,0.008066793046424396,0.4666666666666667,2026-03-19 23:58:00,4657.69,收盤,19.4399999999996,182.98000000000084,9.412551440329455,True,2026-03-19|6.5|-1,False
2026-03-19,7.0,458,-1,4838.88,4853.68,4845.81,7.869999999999891,123.96499999999996,0.06348566127535912,True,2026-03-19 08:38:00,0.1,0.008066793046424396,0.4666666666666667,2026-03-19 23:58:00,4657.69,收盤,14.800000000000182,181.09000000000052,12.235810810810696,True,2026-03-19|7.0|-1,False
2026-03-19,5.0,460,-1,4832.98,4862.03,4841.8,20.229999999999563,123.96499999999996,0.16319122332916203,True,2026-03-19 08:40:00,0.1,0.008066793046424396,0.4666666666666667,2026-03-19 23:58:00,4657.69,收盤,29.050000000000182,175.18999999999997,6.030636833046433,True,2026-03-19|5.0|-1,False
2026-03-19,8.0,501,-1,4819.42,4853.85,4827.09,26.76000000000022,123.96499999999996,0.2158673819223186,True,2026-03-19 09:21:00,0.1,0.008066793046424396,0.42424242424242425,2026-03-19 23:58:00,4657.69,收盤,34.43000000000029,161.63000000000048,4.694452512343861,True,2026-03-19|8.0|-1,False
2026-03-19,8.5,516,-1,4802.91,4846.72,4813.48,33.24000000000069,123.96499999999996,0.2681402008631525,True,2026-03-19 09:36:00,0.1,0.008066793046424396,0.4117647058823529,2026-03-19 23:58:00,4657.69,收盤,43.8100000000004,145.12000000000026,3.3124857338506946,True,2026-03-19|8.5|-1,False
2026-03-19,9.0,585,-1,4739.84,4842.25,4747.88,94.36999999999989,123.96499999999996,0.7612632597910695,True,2026-03-19 10:45:00,0.1,0.008066793046424396,0.3684210526315789,2026-03-19 23:58:00,4657.69,收盤,102.40999999999985,82.05000000000055,0.801191289913101,True,2026-03-19|9.0|-1,True
2026-03-19,10.0,607,-1,4720.62,4784.34,4727.51,56.82999999999993,123.96499999999996,0.45843584882829785,True,2026-03-19 11:07:00,0.1,0.008066793046424396,0.35,2026-03-19 23:58:00,4657.69,收盤,63.720000000000255,62.83000000000029,0.9860326428123044,True,2026-03-19|10.0|-1,True
2026-03-19,10.5,643,-1,4691.12,4771.67,4701.41,70.26000000000022,123.96499999999996,0.5667728794417799,True,2026-03-19 11:43:00,0.1,0.008066793046424396,0.3333333333333333,2026-03-19 23:58:00,4657.69,收盤,80.55000000000018,33.33000000000029,0.4137802607076377,True,2026-03-19|10.5|-1,True
2026-03-23,2.0,124,-1,4435.82,4510.79,4452.33,58.460000000000036,160.68500000000003,0.3638174067274483,True,2026-03-23 03:04:00,0.1,0.06223356256028875,0.125,2026-03-23 17:26:00,4510.79,停損,74.97000000000025,-75.07000000000025,-1.0013338668800853,True,2026-03-23|2.0|-1,False
2026-03-23,2.5,156,-1,4367.13,4493.63,4404.59,89.03999999999996,160.68500000000003,0.5541276410368108,True,2026-03-23 03:36:00,0.1,0.06223356256028875,0.1,2026-03-23 17:19:00,4493.63,停損,126.5,-126.6,-1.000790513833992,True,2026-03-23|2.5|-1,False
2026-03-23,4.5,281,-1,4370.21,4454.26,4381.23,73.03000000000065,160.68500000000003,0.4544917073777928,True,2026-03-23 05:41:00,0.1,0.06223356256028875,0.05555555555555555,2026-03-23 14:12:00,4454.26,停損,84.05000000000018,-84.15000000000018,-1.0011897679952408,True,2026-03-23|4.5|-1,True
2026-03-23,5.0,337,-1,4346.64,4422.04,4354.94,67.10000000000036,160.68500000000003,0.4175872047795398,True,2026-03-23 06:37:00,0.13,0.06223356256028875,0.045454545454545456,2026-03-23 14:11:00,4422.04,停損,75.39999999999964,-75.52999999999963,-1.0017241379310344,True,2026-03-23|5.0|-1,True
2026-03-23,5.5,341,-1,4338.69,4400.85,4347.09,53.76000000000022,160.68500000000003,0.3345676323241137,True,2026-03-23 06:41:00,0.1,0.06223356256028875,0.045454545454545456,2026-03-23 14:08:00,4400.85,停損,62.160000000000764,-62.260000000000765,-1.0016087516087515,True,2026-03-23|5.5|-1,True
2026-03-23,7.0,451,-1,4331.39,4381.96,4350.1,31.859999999999673,160.68500000000003,0.19827613031707791,True,2026-03-23 08:31:00,0.1,0.06223356256028875,0.03333333333333333,2026-03-23 14:08:00,4381.96,停損,50.56999999999971,-50.66999999999971,-1.0019774569903106,True,2026-03-23|7.0|-1,False
2026-03-23,6.0,452,-1,4326.68,4377.93,4335.07,42.86000000000058,160.68500000000003,0.26673304913340123,True,2026-03-23 08:32:00,0.1,0.06223356256028875,0.03333333333333333,2026-03-23 14:07:00,4377.93,停損,51.25,-51.35,-1.0019512195121951,True,2026-03-23|6.0|-1,True
2026-03-23,8.0,483,-1,4293.41,4380.19,4302.45,77.73999999999978,160.68500000000003,0.4838037153436834,True,2026-03-23 09:03:00,0.1,0.06223356256028875,0.03125,2026-03-23 14:07:00,4380.19,停損,86.77999999999975,-86.87999999999974,-1.0011523392486747,True,2026-03-23|8.0|-1,False
2026-03-23,8.5,513,-1,4226.26,4356.31,4239.08,117.23000000000047,160.68500000000003,0.7295640538942679,True,2026-03-23 09:33:00,0.13,0.06223356256028875,0.029411764705882353,2026-03-23 14:07:00,4356.31,停損,130.05000000000018,-130.18000000000018,-1.0009996155324874,True,2026-03-23|8.5|-1,False
2026-03-23,9.0,547,-1,4151.7,4310.36,4163.42,146.9399999999996,160.68500000000003,0.9144599682608804,True,2026-03-23 10:07:00,0.1,0.06223356256028875,0.027777777777777776,2026-03-23 14:06:00,4310.36,停損,158.65999999999985,-158.75999999999985,-1.0006302785831338,True,2026-03-23|9.0|-1,True
2026-03-25,2.0,157,1,4561.72,4551.64,4472.63,79.01000000000022,191.7970000000001,0.41194596370120584,True,2026-03-25 03:37:00,0.1,0.05213845889143206,0.2,2026-03-25 23:58:00,4505.76,收盤,89.09000000000015,-56.06000000000004,-0.6292513188910085,True,2026-03-25|2.0|1,False
2026-03-25,2.5,161,1,4567.48,4557.0,4504.99,52.01000000000022,191.7970000000001,0.27117212469433927,True,2026-03-25 03:41:00,0.1,0.05213845889143206,0.2,2026-03-25 22:10:00,4504.99,停損,62.48999999999978,-62.58999999999978,-1.0016002560409665,True,2026-03-25|2.5|1,False
2026-03-25,3.0,214,1,4584.28,4572.07,4537.55,34.51999999999953,191.7970000000001,0.17998196009322098,True,2026-03-25 04:34:00,0.13,0.05213845889143206,0.14285714285714285,2026-03-25 09:14:00,4537.55,停損,46.72999999999956,-46.859999999999566,-1.0027819387973465,True,2026-03-25|3.0|1,False
2026-03-25,3.5,218,1,4588.41,4578.76,4546.89,31.86999999999989,191.7970000000001,0.1661652684869934,True,2026-03-25 04:38:00,0.1,0.05213845889143206,0.14285714285714285,2026-03-25 09:03:00,4546.89,停損,41.51999999999953,-41.61999999999953,-1.002408477842004,True,2026-03-25|3.5|1,False
2026-03-25,9.0,621,1,4566.67,4557.03,4533.25,23.779999999999745,191.7970000000001,0.1239852552438241,True,2026-03-25 11:21:00,0.1,0.05213845889143206,0.04878048780487805,2026-03-25 12:49:00,4533.25,停損,33.42000000000007,-33.520000000000074,-1.0029922202274089,True,2026-03-25|9.0|1,False
2026-03-25,10.5,803,1,4577.88,4567.8,4535.95,31.850000000000364,191.7970000000001,0.166060991569213,True,2026-03-25 14:23:00,0.1,0.05213845889143206,0.03773584905660377,2026-03-25 15:32:00,4535.95,停損,41.93000000000029,-42.03000000000029,-1.0023849272597185,True,2026-03-25|10.5|1,False
2026-03-26,7.0,446,-1,4500.83,4524.32,4511.64,12.679999999999382,199.06700000000018,0.06369714719164588,False,2026-03-26 08:26:00,0.1,0.02511717160553982,0.41379310344827586,2026-03-26 23:58:00,4380.84,收盤,23.48999999999978,119.88999999999979,5.103873988931499,True,2026-03-26|7.0|-1,False
2026-03-26,6.5,447,-1,4494.92,4522.05,4506.42,15.63000000000011,199.06700000000018,0.07851627843891802,False,2026-03-26 08:27:00,0.1,0.02511717160553982,0.41379310344827586,2026-03-26 23:58:00,4380.84,收盤,27.13000000000011,113.97999999999993,4.201253225211923,True,2026-03-26|6.5|-1,False
2026-03-26,6.0,451,-1,4487.93,4518.9,4500.05,18.849999999999454,199.06700000000018,0.09469173695288238,False,2026-03-26 08:31:00,0.1,0.02511717160553982,0.4,2026-03-26 23:58:00,4380.84,收盤,30.969999999999345,106.99000000000015,3.4546335163061808,True,2026-03-26|6.0|-1,False
2026-03-26,7.5,466,-1,4477.39,4524.32,4489.1,35.219999999999345,199.06700000000018,0.1769253567894192,False,2026-03-26 08:46:00,0.1,0.02511717160553982,0.3870967741935484,2026-03-26 23:58:00,4380.84,收盤,46.92999999999938,96.45000000000019,2.0551885787343163,True,2026-03-26|7.5|-1,False
2026-03-26,8.0,487,-1,4425.66,4522.3,4439.07,83.23000000000047,199.06700000000018,0.41810043854581824,False,2026-03-26 09:07:00,0.1,0.02511717160553982,0.375,2026-03-26 23:58:00,4380.84,收盤,96.64000000000033,44.71999999999971,0.4627483443708563,True,2026-03-26|8.0|-1,False
2026-03-26,10.0,630,-1,4428.4,4463.94,4439.09,24.849999999999454,199.06700000000018,0.12483234287953017,False,2026-03-26 11:30:00,0.1,0.02511717160553982,0.2926829268292683,2026-03-26 17:23:00,4463.94,停損,35.539999999999964,-35.639999999999965,-1.0028137310073157,True,2026-03-26|10.0|-1,False
2026-03-26,9.5,644,-1,4413.73,4460.61,4430.67,29.9399999999996,199.06700000000018,0.15040162357397044,False,2026-03-26 11:44:00,0.1,0.02511717160553982,0.2857142857142857,2026-03-26 17:17:00,4460.61,停損,46.88000000000011,-46.98000000000011,-1.0021331058020477,True,2026-03-26|9.5|-1,True
2026-03-30,8.0,516,1,4540.22,4528.54,4496.87,31.670000000000073,210.82000000000016,0.1502229390000951,True,2026-03-30 09:36:00,0.1,0.009486765961483724,0.23529411764705882,2026-03-30 22:02:00,4496.87,停損,43.350000000000364,-43.450000000000365,-1.0023068050749713,True,2026-03-30|8.0|1,False
2026-03-30,8.5,529,1,4548.25,4535.29,4503.48,31.8100000000004,210.82000000000016,0.1508870126174005,True,2026-03-30 09:49:00,0.1,0.009486765961483724,0.22857142857142856,2026-03-30 21:58:00,4503.48,停損,44.77000000000044,-44.87000000000044,-1.002233638597275,True,2026-03-30|8.5|1,True
2026-04-01,2.0,145,1,4714.62,4699.9,4672.15,27.75,233.22400000000007,0.1189843240832847,True,2026-04-01 03:25:00,0.1,0.008575446780777275,0.3333333333333333,2026-04-01 07:17:00,4672.15,停損,42.470000000000255,-42.570000000000256,-1.0023546032493524,True,2026-04-01|2.0|1,False
2026-04-01,7.0,454,1,4693.81,4682.1,4667.11,14.990000000000691,233.22400000000007,0.06427297362192864,True,2026-04-01 08:34:00,0.1,0.008575446780777275,0.1,2026-04-01 23:58:00,4756.81,收盤,26.700000000000728,62.9,2.3558052434456287,True,2026-04-01|7.0|1,False
2026-04-01,6.5,462,1,4702.93,4688.81,4667.11,21.700000000000728,233.22400000000007,0.09304359757143656,True,2026-04-01 08:42:00,0.1,0.008575446780777275,0.1,2026-04-01 23:58:00,4756.81,收盤,35.82000000000062,53.78000000000011,1.5013958682300161,True,2026-04-01|6.5|1,False
2026-04-01,5.5,505,1,4709.2,4694.28,4678.18,16.099999999999454,233.22400000000007,0.06903234658525473,True,2026-04-01 09:25:00,0.1,0.008575446780777275,0.09090909090909091,2026-04-01 23:58:00,4756.81,收盤,31.019999999999527,47.51000000000058,1.5315925209542651,True,2026-04-01|5.5|1,False
2026-04-01,8.0,526,1,4717.24,4703.51,4674.93,28.579999999999927,233.22400000000007,0.12254313449730696,True,2026-04-01 09:46:00,0.1,0.008575446780777275,0.08571428571428572,2026-04-01 23:58:00,4756.81,收盤,42.30999999999949,39.47000000000062,0.9328763885606498,True,2026-04-01|8.0|1,False
2026-04-01,8.5,529,1,4727.43,4711.5,4682.81,28.6899999999996,233.22400000000007,0.12301478407024831,True,2026-04-01 09:49:00,0.1,0.008575446780777275,0.08571428571428572,2026-04-01 23:58:00,4756.81,收盤,44.61999999999989,29.280000000000108,0.6562079784849884,True,2026-04-01|8.5|1,False
2026-04-01,9.0,579,1,4745.02,4733.2,4682.81,50.38999999999942,233.22400000000007,0.21605838164168098,True,2026-04-01 10:39:00,0.1,0.008575446780777275,0.07894736842105263,2026-04-01 23:58:00,4756.81,收盤,62.210000000000036,11.689999999999964,0.18791191126828416,True,2026-04-01|9.0|1,True
2026-04-02,7.0,451,-1,4644.81,4681.55,4657.32,24.230000000000473,225.40500000000003,0.10749539717397781,False,2026-04-02 08:34:00,0.1,0.008872917637142033,0.2,2026-04-02 17:36:00,4681.55,停損,36.73999999999978,-36.83999999999978,-1.0027218290691344,True,2026-04-02|7.0|-1,False
2026-04-02,8.0,486,-1,4567.33,4680.59,4586.19,94.40000000000055,225.40500000000003,0.4188017124731063,False,2026-04-02 09:09:00,0.1,0.008872917637142033,0.1875,2026-04-02 17:36:00,4680.59,停損,113.26000000000022,-113.36000000000021,-1.0008829242450996,True,2026-04-02|8.0|-1,True
2026-04-02,10.5,740,-1,4607.1,4651.09,4619.37,31.720000000000255,225.40500000000003,0.14072447372507377,False,2026-04-02 13:23:00,0.1,0.008872917637142033,0.12244897959183673,2026-04-02 16:59:00,4651.09,停損,43.98999999999978,-44.08999999999978,-1.0022732439190725,True,2026-04-02|10.5|-1,True
2026-04-23,2.0,130,-1,4715.4,4729.97,4723.57,6.400000000000546,142.46400000000003,0.04492362982929403,False,2026-04-23 03:10:00,0.13,0.056154537286612745,0.0,2026-04-23 03:21:00,4729.97,停損,14.570000000000618,-14.70000000000062,-1.0089224433768014,True,2026-04-23|2.0|-1,True
2026-04-23,9.0,663,-1,4698.98,4721.28,4708.58,12.699999999999818,142.46400000000003,0.08914532794249647,False,2026-04-23 12:03:00,0.13,0.014038634321653186,0.25,2026-04-23 15:01:00,4721.28,停損,22.300000000000182,-22.43000000000018,-1.0058295964125559,True,2026-04-23|9.0|-1,False
2026-04-23,9.5,669,-1,4695.46,4721.28,4703.08,18.199999999999818,142.46400000000003,0.12775157232704273,False,2026-04-23 12:09:00,0.13,0.014038634321653186,0.25,2026-04-23 15:01:00,4721.28,停損,25.81999999999971,-25.949999999999708,-1.0050348567002323,True,2026-04-23|9.5|-1,False
2026-04-24,5.5,384,-1,4661.82,4690.97,4668.74,22.230000000000473,135.32700000000006,0.16426877119865557,True,2026-04-24 07:24:00,0.13,0.007389508376007741,0.52,2026-04-24 10:50:00,4690.97,停損,29.150000000000546,-29.280000000000545,-1.004459691252144,True,2026-04-24|5.5|-1,False
2026-04-28,7.0,427,-1,4652.14,4671.32,4666.77,4.549999999999272,116.28700000000018,0.03912733151598429,True,2026-04-28 08:07:00,0.13,0.017198827039995847,0.2857142857142857,2026-04-28 23:58:00,4596.48,收盤,19.17999999999938,55.53000000000076,2.8952033368093093,True,2026-04-28|7.0|-1,False
2026-04-28,7.5,456,-1,4641.75,4669.97,4649.04,20.93000000000029,116.28700000000018,0.17998572497355902,True,2026-04-28 08:36:00,0.13,0.017198827039995847,0.26666666666666666,2026-04-28 23:58:00,4596.48,收盤,28.220000000000255,45.140000000000434,1.5995747696669038,True,2026-04-28|7.5|-1,False
2026-04-28,8.0,612,-1,4617.28,4668.04,4623.93,44.10999999999967,116.28700000000018,0.37932013036710555,True,2026-04-28 11:12:00,0.13,0.017198827039995847,0.2,2026-04-28 23:58:00,4596.48,收盤,50.76000000000022,20.670000000000183,0.4072104018912548,True,2026-04-28|8.0|-1,False
2026-04-28,10.0,686,-1,4614.44,4639.43,4620.65,18.780000000000655,116.28700000000018,0.16149698590556663,True,2026-04-28 12:26:00,0.13,0.017198827039995847,0.17777777777777778,2026-04-28 23:58:00,4596.48,收盤,24.99000000000069,17.830000000000037,0.7134853941576448,True,2026-04-28|10.0|-1,False
2026-04-28,10.5,703,-1,4608.64,4635.3,4614.67,20.63000000000011,116.28700000000018,0.1774059009175581,True,2026-04-28 12:43:00,0.13,0.017198827039995847,0.17391304347826086,2026-04-28 23:58:00,4596.48,收盤,26.659999999999854,12.030000000000763,0.45123780945239417,True,2026-04-28|10.5|-1,False
2026-05-04,10.0,722,-1,4570.47,4593.41,4578.05,15.359999999999673,100.52400000000034,0.1527993315029209,True,2026-05-04 13:02:00,0.13,0.079582985157773,0.0,2026-05-04 23:58:00,4523.21,收盤,22.9399999999996,47.130000000000216,2.054489973844858,True,2026-05-04|10.0|-1,False
2026-05-04,10.5,723,-1,4567.29,4590.87,4574.21,16.659999999999854,100.52400000000034,0.1657315665910608,True,2026-05-04 13:03:00,0.13,0.079582985157773,0.0,2026-05-04 23:58:00,4523.21,收盤,23.579999999999927,43.949999999999925,1.8638676844783741,True,2026-05-04|10.5|-1,False
2026-05-06,2.5,156,1,4609.13,4604.24,4579.58,24.659999999999854,95.53600000000024,0.2581225925305622,True,2026-05-06 03:36:00,0.13,0.0,0.2,2026-05-06 23:58:00,4690.66,收盤,29.550000000000182,81.39999999999975,2.7546531302876227,True,2026-05-06|2.5|1,False
2026-05-06,3.0,210,1,4624.99,4619.82,4588.29,31.529999999999745,95.53600000000024,0.3300326578462534,True,2026-05-06 04:30:00,0.13,0.0,0.15384615384615385,2026-05-06 23:58:00,4690.66,收盤,36.69999999999982,65.54000000000008,1.7858310626703107,True,2026-05-06|3.0|1,False
2026-05-06,3.5,249,1,4631.03,4625.64,4602.11,23.530000000000655,95.53600000000024,0.246294590520857,True,2026-05-06 05:09:00,0.13,0.0,0.125,2026-05-06 23:58:00,4690.66,收盤,28.920000000000073,59.50000000000011,2.0573997233748256,True,2026-05-06|3.5|1,False
2026-05-06,4.0,254,1,4634.26,4628.64,4609.58,19.0600000000004,95.53600000000024,0.1995059454027838,True,2026-05-06 05:14:00,0.13,0.0,0.125,2026-05-06 23:58:00,4690.66,收盤,24.68000000000029,56.269999999999634,2.2799837925445288,True,2026-05-06|4.0|1,False
2026-05-06,4.5,304,1,4641.44,4636.38,4620.43,15.949999999999818,95.53600000000024,0.16695277173002615,True,2026-05-06 06:04:00,0.13,0.0,0.1,2026-05-06 23:58:00,4690.66,收盤,21.00999999999931,49.09000000000025,2.33650642551175,True,2026-05-06|4.5|1,False
2026-05-06,5.0,315,1,4647.81,4641.9,4625.36,16.539999999999964,95.53600000000024,0.17312845419527637,True,2026-05-06 06:15:00,0.13,0.0,0.1,2026-05-06 23:58:00,4690.66,收盤,22.450000000000728,42.71999999999945,1.9028953229397803,True,2026-05-06|5.0|1,False
2026-05-06,5.5,477,1,4658.71,4651.19,4626.84,24.349999999999454,95.53600000000024,0.2548777424216985,True,2026-05-06 08:57:00,0.13,0.0,0.06451612903225806,2026-05-06 23:58:00,4690.66,收盤,31.86999999999989,31.81999999999982,0.9984311264512058,True,2026-05-06|5.5|1,False
2026-05-06,7.5,479,1,4662.81,4656.45,4646.06,10.389999999999418,95.53600000000024,0.10875481493886484,True,2026-05-06 08:59:00,0.13,0.0,0.06451612903225806,2026-05-06 23:58:00,4690.66,收盤,16.75,27.719999999999455,1.6549253731342959,True,2026-05-06|7.5|1,False
2026-05-06,8.0,540,1,4669.26,4663.85,4644.67,19.18000000000029,95.53600000000024,0.20076201641266372,True,2026-05-06 10:00:00,0.13,0.0,0.05714285714285714,2026-05-06 23:58:00,4690.66,收盤,24.590000000000146,21.269999999999637,0.8649857665717573,True,2026-05-06|8.0|1,True
2026-05-06,8.5,586,1,4673.51,4666.67,4644.67,22.0,95.53600000000024,0.23027968514486627,True,2026-05-06 10:46:00,0.13,0.0,0.05128205128205128,2026-05-06 23:58:00,4690.66,收盤,28.840000000000146,17.019999999999637,0.5901525658807056,True,2026-05-06|8.5|1,False
2026-05-06,9.0,587,1,4676.05,4669.59,4657.14,12.449999999999818,95.53600000000024,0.13031736727516105,True,2026-05-06 10:47:00,0.13,0.0,0.05128205128205128,2026-05-06 23:58:00,4690.66,收盤,18.909999999999854,14.479999999999672,0.7657324167107236,True,2026-05-06|9.0|1,False
2026-05-06,10.0,651,1,4696.23,4681.84,4657.48,24.360000000000582,95.53600000000024,0.2549824150058671,True,2026-05-06 11:51:00,0.13,0.0,0.046511627906976744,2026-05-06 23:58:00,4690.66,收盤,38.75,-5.699999999999709,-0.14709677419354086,True,2026-05-06|10.0|1,False
2026-05-11,2.0,121,-1,4683.31,4698.59,4688.91,9.680000000000291,105.53999999999996,0.09171877960962947,False,2026-05-11 03:01:00,0.13,0.018950161076369154,0.0,2026-05-11 04:06:00,4698.59,停損,15.279999999999745,-15.409999999999746,-1.0085078534031415,True,2026-05-11|2.0|-1,True
2026-05-11,4.5,382,-1,4670.86,4701.76,4678.47,23.289999999999964,105.53999999999996,0.22067462573431848,False,2026-05-11 07:22:00,0.13,0.03790032215273831,0.52,2026-05-11 16:01:00,4701.76,停損,30.900000000000546,-31.030000000000545,-1.0042071197411002,True,2026-05-11|4.5|-1,False
2026-05-11,5.5,391,-1,4669.66,4700.22,4675.1,25.11999999999989,105.53999999999996,0.23801402311919556,False,2026-05-11 07:31:00,0.13,0.03790032215273831,0.5,2026-05-11 15:58:00,4700.22,停損,30.5600000000004,-30.6900000000004,-1.0042539267015707,True,2026-05-11|5.5|-1,False
2026-05-11,6.5,465,-1,4663.72,4690.42,4670.39,20.029999999999745,105.53999999999996,0.18978586317983467,False,2026-05-11 08:45:00,0.13,0.03790032215273831,0.43333333333333335,2026-05-11 15:24:00,4690.42,停損,26.699999999999818,-26.829999999999817,-1.0048689138576778,True,2026-05-11|6.5|-1,False
2026-05-11,7.0,466,-1,4661.51,4679.82,4668.54,11.279999999999745,105.53999999999996,0.10687890847071962,False,2026-05-11 08:46:00,0.13,0.03790032215273831,0.41935483870967744,2026-05-11 09:54:00,4679.82,停損,18.30999999999949,-18.43999999999949,-1.0070999453850356,True,2026-05-11|7.0|-1,False
2026-05-11,9.5,685,-1,4659.15,4680.46,4667.41,13.050000000000182,105.53999999999996,0.12364980102331047,False,2026-05-11 12:25:00,0.13,0.03790032215273831,0.28888888888888886,2026-05-11 15:22:00,4680.46,停損,21.3100000000004,-21.4400000000004,-1.0061004223369308,True,2026-05-11|9.5|-1,False
2026-05-11,10.0,689,-1,4658.84,4680.35,4664.39,15.960000000000036,105.53999999999996,0.1512222853894262,False,2026-05-11 12:29:00,0.13,0.03790032215273831,0.28888888888888886,2026-05-11 15:22:00,4680.35,停損,21.51000000000022,-21.640000000000217,-1.0060437006043699,True,2026-05-11|10.0|-1,False
2026-05-15,2.0,146,-1,4631.88,4665.36,4646.98,18.38000000000011,100.58399999999992,0.18273284021315642,True,2026-05-15 03:26:00,0.13,0.009941939075797351,0.6666666666666666,2026-05-15 23:57:00,4538.63,收盤,33.47999999999956,93.12,2.7813620071684952,True,2026-05-15|2.0|-1,False
2026-05-15,2.5,151,-1,4623.13,4665.36,4629.85,35.50999999999931,100.58399999999992,0.3530382565815571,True,2026-05-15 03:31:00,0.13,0.009941939075797351,0.6,2026-05-15 23:57:00,4538.63,收盤,42.22999999999956,84.37,1.9978688136396134,True,2026-05-15|2.5|-1,False
2026-05-15,3.0,193,-1,4607.82,4658.21,4613.6,44.60999999999967,100.58399999999992,0.4435099021713166,True,2026-05-15 04:13:00,0.13,0.009941939075797351,0.5,2026-05-15 23:57:00,4538.63,收盤,50.39000000000033,69.0599999999996,1.3705100218297113,True,2026-05-15|3.0|-1,True
2026-05-15,4.5,422,-1,4601.46,4624.46,4607.26,17.199999999999818,100.58399999999992,0.17100135210371264,True,2026-05-15 08:02:00,0.13,0.009941939075797351,0.21428571428571427,2026-05-15 23:57:00,4538.63,收盤,23.0,62.699999999999925,2.726086956521736,True,2026-05-15|4.5|-1,False
2026-05-15,7.0,427,-1,4599.31,4621.61,4604.42,17.1899999999996,100.58399999999992,0.1709019327129525,True,2026-05-15 08:07:00,0.13,0.009941939075797351,0.21428571428571427,2026-05-15 23:57:00,4538.63,收盤,22.299999999999272,60.55000000000029,2.715246636771402,True,2026-05-15|7.0|-1,False
2026-05-15,7.5,454,-1,4574.23,4614.97,4580.9,34.07000000000062,100.58399999999992,0.3387218643124219,True,2026-05-15 08:34:00,0.13,0.009941939075797351,0.2,2026-05-15 23:57:00,4538.63,收盤,40.74000000000069,35.46999999999945,0.8706431026018373,True,2026-05-15|7.5|-1,False
2026-05-15,10.0,617,-1,4560.19,4588.72,4566.01,22.710000000000036,100.58399999999992,0.22578143641135823,True,2026-05-15 11:17:00,0.13,0.009941939075797351,0.14634146341463414,2026-05-15 23:57:00,4538.63,收盤,28.530000000000655,21.42999999999949,0.7511391517700315,True,2026-05-15|10.0|-1,False
2026-05-15,9.5,618,-1,4556.03,4588.72,4564.39,24.329999999999927,100.58399999999992,0.24188737771414884,True,2026-05-15 11:18:00,0.13,0.009941939075797351,0.14634146341463414,2026-05-15 23:57:00,4538.63,收盤,32.69000000000051,17.269999999999637,0.5282961150198644,True,2026-05-15|9.5|-1,False
2026-05-15,8.0,631,-1,4552.52,4606.56,4558.02,48.539999999999964,100.58399999999992,0.4825817227392031,True,2026-05-15 11:31:00,0.13,0.009941939075797351,0.14285714285714285,2026-05-15 23:57:00,4538.63,收盤,54.039999999999964,13.760000000000327,0.2546262028127375,True,2026-05-15|8.0|-1,True
2026-05-15,8.5,671,-1,4548.52,4589.92,4556.38,33.539999999999964,100.58399999999992,0.33345263660224284,True,2026-05-15 12:11:00,0.13,0.009941939075797351,0.13636363636363635,2026-05-15 23:57:00,4538.63,收盤,41.399999999999636,9.760000000000327,0.23574879227054135,True,2026-05-15|8.5|-1,False
2026-05-15,10.5,675,-1,4547.23,4582.56,4552.86,29.700000000000728,100.58399999999992,0.29527559055118857,True,2026-05-15 12:15:00,0.13,0.009941939075797351,0.13636363636363635,2026-05-15 23:57:00,4538.63,收盤,35.33000000000084,8.469999999999454,0.23973959807526898,True,2026-05-15|10.5|-1,True
2026-05-20,2.5,210,-1,4473.63,4502.04,4479.73,22.3100000000004,107.77199999999985,0.20701109750213814,True,2026-05-20 04:30:00,0.13,0.009278847938240001,0.8461538461538461,2026-05-20 15:31:00,4502.04,停損,28.409999999999854,-28.539999999999853,-1.0045758535726856,True,2026-05-20|2.5|-1,False
2026-05-21,2.0,191,1,4554.79,4547.33,4534.66,12.670000000000073,100.02199999999985,0.12667213213093212,True,2026-05-21 04:11:00,0.13,0.009997800483893558,0.4166666666666667,2026-05-21 05:34:00,4534.66,停損,20.13000000000011,-20.260000000000108,-1.0064580228514655,True,2026-05-21|2.0|1,False
2026-05-21,2.5,192,1,4559.63,4553.25,4537.39,15.859999999999673,100.02199999999985,0.15856511567454856,True,2026-05-21 04:12:00,0.13,0.009997800483893558,0.4166666666666667,2026-05-21 05:31:00,4537.39,停損,22.23999999999978,-22.36999999999978,-1.0058453237410072,True,2026-05-21|2.5|1,False
2026-05-21,10.0,611,1,4530.5,4524.42,4512.05,12.36999999999989,100.02199999999985,0.12367279198576223,True,2026-05-21 11:11:00,0.13,0.0,0.925,2026-05-21 13:28:00,4512.05,停損,18.449999999999818,-18.579999999999817,-1.0070460704607047,True,2026-05-21|10.0|1,False
2026-05-21,9.5,680,1,4540.64,4535.09,4512.05,23.039999999999964,100.02199999999985,0.23034932314890721,True,2026-05-21 12:20:00,0.13,0.0,0.8222222222222222,2026-05-21 13:28:00,4512.05,停損,28.590000000000146,-28.720000000000145,-1.0045470444211262,True,2026-05-21|9.5|1,True
2026-05-25,9.0,716,1,4568.35,4563.28,4550.47,12.80999999999949,98.45299999999989,0.13011284572333504,False,2026-05-25 12:56:00,0.13,0.1828283546463797,0.0,2026-05-25 21:30:00,4570.86,收盤,17.88000000000011,2.379999999999309,0.13310961968676144,True,2026-05-25|9.0|1,False
2026-05-25,9.5,726,1,4569.74,4564.77,4552.62,12.150000000000546,98.45299999999989,0.12340913938631184,False,2026-05-25 13:06:00,0.13,0.1828283546463797,0.0,2026-05-25 21:30:00,4570.86,收盤,17.11999999999989,0.9899999999998909,0.05782710280373231,True,2026-05-25|9.5|1,False
2026-05-25,10.0,729,1,4570.65,4565.09,4552.62,12.470000000000255,98.45299999999989,0.12665942124668897,False,2026-05-25 13:09:00,0.13,0.1828283546463797,0.0,2026-05-25 21:30:00,4570.86,收盤,18.029999999999745,0.08000000000003638,0.0044370493621762345,True,2026-05-25|10.0|1,False
2026-05-26,3.5,220,-1,4529.72,4553.02,4539.64,13.38000000000011,95.61099999999979,0.1399420568763023,False,2026-05-26 04:40:00,0.13,0.010459047599125646,0.35714285714285715,2026-05-26 23:58:00,4507.1,收盤,23.300000000000182,22.489999999999892,0.9652360515021338,True,2026-05-26|3.5|-1,False
2026-05-26,6.0,398,-1,4526.13,4545.43,4532.12,13.3100000000004,95.61099999999979,0.13920992354436654,False,2026-05-26 07:38:00,0.13,0.010459047599125646,0.19230769230769232,2026-05-26 23:58:00,4507.1,收盤,19.300000000000182,18.899999999999746,0.9792746113989413,True,2026-05-26|6.0|-1,False
2026-05-26,5.5,418,-1,4524.75,4543.69,4530.09,13.599999999999454,95.61099999999979,0.14224304734810309,False,2026-05-26 07:58:00,0.13,0.010459047599125646,0.18518518518518517,2026-05-26 23:58:00,4507.1,收盤,18.9399999999996,17.519999999999637,0.9250263991552274,True,2026-05-26|5.5|-1,True
2026-05-26,9.0,631,-1,4520.99,4536.22,4527.12,9.100000000000364,95.61099999999979,0.09517733315204718,False,2026-05-26 11:31:00,0.13,0.010459047599125646,0.11904761904761904,2026-05-26 13:35:00,4536.22,停損,15.230000000000473,-15.360000000000474,-1.0085357846355874,True,2026-05-26|9.0|-1,False
2026-05-26,9.5,696,-1,4517.03,4534.06,4522.14,11.920000000000073,95.61099999999979,0.12467184738157847,False,2026-05-26 12:36:00,0.13,0.010459047599125646,0.10869565217391304,2026-05-26 13:29:00,4534.06,停損,17.030000000000655,-17.160000000000654,-1.0076335877862592,True,2026-05-26|9.5|-1,False
2026-05-26,10.0,700,-1,4516.76,4539.02,4521.73,17.290000000000873,95.61099999999979,0.18083693298889156,False,2026-05-26 12:40:00,0.13,0.010459047599125646,0.10869565217391304,2026-05-26 13:51:00,4539.02,停損,22.26000000000022,-22.390000000000217,-1.0058400718778076,True,2026-05-26|10.0|-1,False
2026-05-26,10.5,703,-1,4513.5,4539.02,4520.65,18.3700000000008,95.61099999999979,0.19213270439594649,False,2026-05-26 12:43:00,0.13,0.010459047599125646,0.10869565217391304,2026-05-26 13:51:00,4539.02,停損,25.520000000000437,-25.650000000000436,-1.0050940438871472,True,2026-05-26|10.5|-1,False
2026-05-29,2.0,189,1,4505.07,4497.03,4489.09,7.9399999999996,107.40399999999973,0.07392648318498027,True,2026-05-29 04:09:00,0.13,0.0,0.5833333333333334,2026-05-29 23:57:00,4541.22,收盤,15.979999999999563,36.02000000000054,2.2540675844806963,True,2026-05-29|2.0|1,False
2026-05-29,2.5,190,1,4508.84,4500.6,4489.09,11.510000000000218,107.40399999999973,0.10716546869762995,True,2026-05-29 04:10:00,0.13,0.0,0.5833333333333334,2026-05-29 23:57:00,4541.22,收盤,19.75,32.25000000000011,1.6329113924050687,True,2026-05-29|2.5|1,False
2026-05-29,6.0,384,1,4510.45,4501.98,4494.94,7.039999999999964,107.40399999999973,0.06554690700532552,True,2026-05-29 07:24:00,0.13,0.0,0.28,2026-05-29 23:57:00,4541.22,收盤,15.510000000000218,30.640000000000438,1.9754996776273377,True,2026-05-29|6.0|1,False
2026-05-29,5.5,418,1,4513.99,4508.22,4495.04,13.180000000000291,107.40399999999973,0.12271423783099628,True,2026-05-29 07:58:00,0.13,0.0,0.25925925925925924,2026-05-29 23:57:00,4541.22,收盤,18.949999999999818,27.100000000000474,1.430079155672862,True,2026-05-29|5.5|1,False
2026-05-29,6.5,481,1,4519.99,4511.76,4494.94,16.82000000000062,107.40399999999973,0.15660496815761668,True,2026-05-29 09:01:00,0.13,0.0,0.21875,2026-05-29 23:57:00,4541.22,收盤,25.050000000000182,21.100000000000474,0.8423153692614899,True,2026-05-29|6.5|1,True
2026-05-29,7.0,483,1,4520.39,4514.86,4501.09,13.769999999999527,107.40399999999973,0.12820751554876506,True,2026-05-29 09:03:00,0.13,0.0,0.21875,2026-05-29 23:57:00,4541.22,收盤,19.300000000000182,20.69999999999993,1.0725388601036132,True,2026-05-29|7.0|1,True
2026-05-29,7.5,533,1,4520.98,4515.46,4508.29,7.170000000000073,107.40399999999973,0.06675729023127715,True,2026-05-29 09:53:00,0.13,0.0,0.2,2026-05-29 23:57:00,4541.22,收盤,12.6899999999996,20.110000000000692,1.584712371946519,True,2026-05-29|7.5|1,False
2026-05-29,8.0,534,1,4521.31,4515.79,4502.74,13.050000000000182,107.40399999999973,0.12150385460504465,True,2026-05-29 09:54:00,0.13,0.0,0.2,2026-05-29 23:57:00,4541.22,收盤,18.57000000000062,19.779999999999855,1.0651588583736777,True,2026-05-29|8.0|1,False
2026-05-29,8.5,674,1,4530.08,4522.46,4502.74,19.720000000000255,107.40399999999973,0.1836058247365117,True,2026-05-29 12:14:00,0.13,0.0,0.1590909090909091,2026-05-29 23:57:00,4541.22,收盤,27.340000000000146,11.010000000000327,0.40270665691295787,True,2026-05-29|8.5|1,False
2026-05-29,10.0,705,1,4532.46,4526.17,4510.77,15.399999999999636,107.40399999999973,0.1433838590741469,True,2026-05-29 12:45:00,0.13,0.0,0.15217391304347827,2026-05-29 23:57:00,4541.22,收盤,21.6899999999996,8.630000000000217,0.39787920700785506,True,2026-05-29|10.0|1,False
2026-06-03,8.5,624,-1,4450.92,4470.91,4456.7,14.210000000000036,97.53399999999984,0.14569278405479177,False,2026-06-03 11:24:00,0.13,0.0,0.24390243902439024,2026-06-03 23:58:00,4433.99,收盤,19.98999999999978,16.800000000000292,0.8404202101050763,True,2026-06-03|8.5|-1,True
2026-06-03,9.0,652,-1,4443.52,4470.91,4455.33,15.579999999999927,97.53399999999984,0.15973916787991832,False,2026-06-03 11:52:00,0.13,0.0,0.23255813953488372,2026-06-03 23:58:00,4433.99,收盤,27.389999999999418,9.400000000000654,0.3431909456006153,True,2026-06-03|9.0|-1,False
2026-06-05,7.0,497,-1,4432.4,4446.58,4437.6,8.979999999999563,95.59399999999997,0.0939389501433099,False,2026-06-05 09:17:00,0.13,0.010460907588342368,0.06060606060606061,2026-06-05 09:34:00,4446.58,停損,14.180000000000291,-14.310000000000292,-1.0091678420310295,True,2026-06-05|7.0|-1,True
2026-06-05,5.5,499,-1,4430.12,4451.82,4435.26,16.55999999999949,95.59399999999997,0.17323262966294428,False,2026-06-05 09:19:00,0.13,0.010460907588342368,0.06060606060606061,2026-06-05 09:47:00,4451.82,停損,21.699999999999818,-21.829999999999817,-1.0059907834101383,True,2026-06-05|5.5|-1,True
2026-06-08,3.0,187,-1,4333.62,4353.42,4339.84,13.579999999999927,107.15199999999996,0.1267358518739728,True,2026-06-08 04:07:00,0.13,0.009332536956846353,0.75,2026-06-08 23:58:00,4329.87,收盤,19.800000000000182,3.62,0.18282828282828115,True,2026-06-08|3.0|-1,False
2026-06-08,2.5,195,-1,4327.01,4353.42,4333.09,20.329999999999927,107.15199999999996,0.18973047633268567,True,2026-06-08 04:15:00,0.13,0.009332536956846353,0.75,2026-06-08 23:58:00,4329.87,收盤,26.409999999999854,-2.9899999999996725,-0.11321469140475915,True,2026-06-08|2.5|-1,False
2026-06-08,3.5,211,-1,4302.47,4352.45,4311.5,40.94999999999982,107.15199999999996,0.38216738838285647,True,2026-06-08 04:31:00,0.13,0.009332536956846353,0.6428571428571429,2026-06-08 23:58:00,4329.87,收盤,49.97999999999956,-27.529999999999635,-0.55082032813125,True,2026-06-08|3.5|-1,True
2026-06-08,5.0,454,-1,4301.81,4330.77,4307.34,23.43000000000029,107.15199999999996,0.21866134089891276,True,2026-06-08 08:34:00,0.13,0.009332536956846353,0.3,2026-06-08 14:21:00,4330.77,停損,28.960000000000036,-29.090000000000035,-1.004488950276243,True,2026-06-08|5.0|-1,False
2026-06-08,5.5,455,-1,4287.05,4320.9,4303.63,17.269999999999527,107.15199999999996,0.1611729132447321,True,2026-06-08 08:35:00,0.13,0.009332536956846353,0.3,2026-06-08 14:16:00,4320.9,停損,33.849999999999454,-33.97999999999946,-1.00384047267356,True,2026-06-08|5.5|-1,False
2026-06-08,10.0,625,-1,4288.8,4316.93,4294.44,22.49000000000069,107.15199999999996,0.2098887561594809,True,2026-06-08 11:25:00,0.13,0.009332536956846353,0.21951219512195122,2026-06-08 14:15:00,4316.93,停損,28.13000000000011,-28.260000000000108,-1.0046214006398861,True,2026-06-08|10.0|-1,False
2026-06-08,9.0,628,-1,4285.47,4311.37,4292.03,19.340000000000146,107.15199999999996,0.18049126474540983,True,2026-06-08 11:28:00,0.13,0.009332536956846353,0.21951219512195122,2026-06-08 14:11:00,4311.37,停損,25.899999999999636,-26.029999999999635,-1.005019305019305,True,2026-06-08|9.0|-1,False
2026-06-08,10.5,690,-1,4279.78,4311.75,4285.41,26.340000000000146,107.15199999999996,0.24581902344333428,True,2026-06-08 12:30:00,0.13,0.009332536956846353,0.2,2026-06-08 14:11:00,4311.75,停損,31.970000000000255,-32.10000000000026,-1.0040663121676572,True,2026-06-08|10.5|-1,True
2026-06-10,2.0,158,-1,4202.46,4247.26,4210.51,36.75,111.35900000000011,0.3300137393475154,True,2026-06-10 03:38:00,0.13,0.0,0.0,2026-06-10 23:58:00,4070.5,收盤,44.80000000000018,131.83000000000004,2.9426339285714174,True,2026-06-10|2.0|-1,False
2026-06-10,3.0,186,-1,4187.94,4228.36,4199.2,29.159999999999854,111.35900000000011,0.26185579971084355,True,2026-06-10 04:06:00,0.13,0.0,0.0,2026-06-10 23:58:00,4070.5,收盤,40.42000000000007,117.3099999999996,2.9022761009401137,True,2026-06-10|3.0|-1,True
2026-06-10,3.5,249,-1,4181.56,4220.73,4187.28,33.44999999999982,111.35900000000011,0.3003798525489613,True,2026-06-10 05:09:00,0.13,0.0,0.0,2026-06-10 09:09:00,4220.73,停損,39.16999999999916,-39.299999999999166,-1.0033188664794488,True,2026-06-10|3.5|-1,False
2026-06-10,4.0,273,-1,4177.93,4218.88,4183.83,35.05000000000018,111.35900000000011,0.31474779766341426,True,2026-06-10 05:33:00,0.13,0.0,0.0,2026-06-10 09:08:00,4218.88,停損,40.94999999999982,-41.07999999999982,-1.0031746031746032,True,2026-06-10|4.0|-1,True
2026-06-10,9.0,567,-1,4195.01,4221.86,4201.84,20.019999999999527,111.35900000000011,0.17977891324454698,True,2026-06-10 10:27:00,0.13,0.0,0.0,2026-06-10 23:58:00,4070.5,收盤,26.849999999999454,124.38000000000022,4.632402234636974,True,2026-06-10|9.0|-1,False
2026-06-10,9.5,592,-1,4188.02,4213.59,4193.59,20.0,111.35900000000011,0.17959931393062062,True,2026-06-10 10:52:00,0.13,0.0,0.0,2026-06-10 23:58:00,4070.5,收盤,25.56999999999971,117.39000000000044,4.590926867422831,True,2026-06-10|9.5|-1,False
2026-06-10,8.5,603,-1,4174.59,4221.86,4181.79,40.06999999999971,111.35900000000011,0.3598272254599958,True,2026-06-10 11:03:00,0.13,0.0,0.0,2026-06-10 23:58:00,4070.5,收盤,47.26999999999953,103.96000000000015,2.1992807277343176,True,2026-06-10|8.5|-1,False
2026-06-11,4.5,272,-1,4072.99,4118.09,4081.68,36.41000000000031,116.95400000000014,0.3113189801118411,True,2026-06-11 05:32:00,0.13,0.008550370231030995,0.7777777777777778,2026-06-11 20:31:00,4118.09,停損,45.100000000000364,-45.230000000000366,-1.0028824833702883,True,2026-06-11|4.5|-1,False
2026-06-11,4.0,282,-1,4057.36,4118.09,4066.36,51.73000000000002,116.95400000000014,0.4423106520512335,True,2026-06-11 05:42:00,0.13,0.008550370231030995,0.7777777777777778,2026-06-11 20:31:00,4118.09,停損,60.73000000000002,-60.86000000000002,-1.0021406224271365,True,2026-06-11|4.0|-1,True
2026-06-11,10.5,645,-1,4090.66,4112.67,4097.24,15.430000000000291,116.95400000000014,0.13193221266481073,True,2026-06-11 11:45:00,0.13,0.008550370231030995,0.3333333333333333,2026-06-11 20:31:00,4112.67,停損,22.01000000000022,-22.140000000000217,-1.0059064061790095,True,2026-06-11|10.5|-1,False
2026-06-11,10.0,659,-1,4085.72,4110.59,4091.87,18.720000000000255,116.95400000000014,0.16006293072490238,True,2026-06-11 11:59:00,0.13,0.008550370231030995,0.32558139534883723,2026-06-11 20:31:00,4110.59,停損,24.870000000000346,-25.000000000000345,-1.0052271813429834,True,2026-06-11|10.0|-1,False
2026-06-12,8.5,600,1,4194.22,4187.78,4170.77,17.00999999999931,121.56400000000012,0.13992629396860332,True,2026-06-12 11:00:00,0.13,0.0,0.9743589743589743,2026-06-12 23:57:00,4218.65,收盤,23.449999999999818,24.299999999999383,1.0362473347547791,True,2026-06-12|8.5|1,False
2026-06-12,8.0,604,1,4200.69,4192.91,4170.77,22.139999999999418,121.56400000000012,0.1821262873877085,True,2026-06-12 11:04:00,0.13,0.0,0.95,2026-06-12 23:57:00,4218.65,收盤,29.919999999999163,17.830000000000037,0.595922459893066,True,2026-06-12|8.0|1,False
2026-06-12,10.5,703,1,4227.5,4220.61,4170.26,50.349999999999454,121.56400000000012,0.4141851205949081,True,2026-06-12 12:43:00,0.13,0.0,0.8260869565217391,2026-06-12 23:57:00,4218.65,收盤,57.23999999999978,-8.980000000000365,-0.15688329839273932,True,2026-06-12|10.5|1,False
2026-06-15,2.0,137,1,4303.32,4295.11,4281.14,13.969999999999345,118.54600000000009,0.11784454979501066,True,2026-06-15 03:17:00,0.13,0.1518397921481955,0.0,2026-06-15 23:58:00,4308.77,收盤,22.17999999999938,5.320000000000728,0.23985572587920992,True,2026-06-15|2.0|1,False
2026-06-15,3.5,215,1,4312.55,4306.55,4285.58,20.970000000000255,118.54600000000009,0.17689335785264992,True,2026-06-15 04:35:00,0.13,0.1518397921481955,0.0,2026-06-15 23:58:00,4308.77,收盤,26.970000000000255,-3.9099999999997452,-0.14497589914718978,True,2026-06-15|3.5|1,False
2026-06-15,2.5,218,1,4314.6,4308.2,4281.64,26.55999999999949,118.54600000000009,0.22404804885866642,True,2026-06-15 04:38:00,0.13,0.1518397921481955,0.0,2026-06-15 23:58:00,4308.77,收盤,32.960000000000036,-5.959999999999927,-0.1808252427184442,True,2026-06-15|2.5|1,False
2026-06-15,4.0,255,1,4326.58,4319.64,4285.58,34.0600000000004,118.54600000000009,0.28731462892042225,True,2026-06-15 05:15:00,0.13,0.1518397921481955,0.0,2026-06-15 23:58:00,4308.77,收盤,41.0,-17.93999999999949,-0.43756097560974366,True,2026-06-15|4.0|1,False
2026-06-15,9.0,593,1,4320.3,4313.38,4300.95,12.430000000000291,118.54600000000009,0.10485381202233969,True,2026-06-15 10:53:00,0.13,0.1518397921481955,0.0,2026-06-15 23:58:00,4308.77,收盤,19.350000000000364,-11.659999999999746,-0.6025839793281409,True,2026-06-15|9.0|1,False
2026-06-15,9.5,603,1,4325.89,4318.81,4300.95,17.860000000000582,118.54600000000009,0.1506588159870478,True,2026-06-15 11:03:00,0.13,0.1518397921481955,0.0,2026-06-15 23:58:00,4308.77,收盤,24.94000000000051,-17.24999999999989,-0.6916599839614891,True,2026-06-15|9.5|1,False
2026-06-15,10.0,632,1,4332.78,4325.32,4305.36,19.960000000000036,118.54600000000009,0.16837345840433268,True,2026-06-15 11:32:00,0.13,0.1518397921481955,0.0,2026-06-15 23:58:00,4308.77,收盤,27.420000000000073,-24.139999999999308,-0.880379285193262,True,2026-06-15|10.0|1,False
2026-06-15,8.0,634,1,4340.14,4333.0,4307.54,25.460000000000036,118.54600000000009,0.21476895044961464,True,2026-06-15 11:34:00,0.13,0.1518397921481955,0.0,2026-06-15 23:53:00,4307.54,停損,32.600000000000364,-32.730000000000366,-1.0039877300613498,True,2026-06-15|8.0|1,False
2026-06-18,9.5,594,-1,4292.22,4309.47,4299.19,10.280000000000655,130.0960000000001,0.07901857090149311,True,2026-06-18 10:54:00,0.13,0.0,0.41025641025641024,2026-06-18 23:58:00,4208.15,收盤,17.25,83.94000000000062,4.866086956521775,True,2026-06-18|9.5|-1,False
2026-06-18,9.0,598,-1,4288.69,4309.92,4296.28,13.640000000000327,130.0960000000001,0.10484565244127658,True,2026-06-18 10:58:00,0.13,0.0,0.41025641025641024,2026-06-18 23:58:00,4208.15,收盤,21.230000000000473,80.40999999999997,3.787564766839292,True,2026-06-18|9.0|-1,False
2026-06-18,10.0,646,-1,4279.2,4309.47,4287.48,21.99000000000069,130.0960000000001,0.1690290247202118,True,2026-06-18 11:46:00,0.13,0.0,0.37209302325581395,2026-06-18 23:58:00,4208.15,收盤,30.270000000000437,70.92000000000019,2.3429137760158296,True,2026-06-18|10.0|-1,False
2026-06-18,10.5,651,-1,4277.49,4307.75,4284.05,23.699999999999818,130.0960000000001,0.1821731644324176,True,2026-06-18 11:51:00,0.13,0.0,0.37209302325581395,2026-06-18 23:58:00,4208.15,收盤,30.26000000000022,69.21000000000015,2.287177792465289,True,2026-06-18|10.5|-1,False
2026-06-19,2.0,249,-1,4179.84,4208.35,4186.89,21.460000000000036,133.77900000000008,0.1604138168172884,True,2026-06-19 05:09:00,0.13,0.02242504428946246,0.0,2026-06-19 20:00:00,4155.57,收盤,28.51000000000022,24.140000000000438,0.8467204489652842,True,2026-06-19|2.0|-1,False
2026-06-19,2.5,256,-1,4176.1,4199.23,4184.44,14.789999999999964,133.77900000000008,0.11055546834704964,True,2026-06-19 05:16:00,0.13,0.02242504428946246,0.0,2026-06-19 20:00:00,4155.57,收盤,23.1299999999992,20.400000000000656,0.881971465629112,True,2026-06-19|2.5|-1,False
2026-06-19,4.5,306,-1,4166.89,4190.93,4175.13,15.800000000000182,133.77900000000008,0.11810523325783698,True,2026-06-19 06:06:00,0.13,0.02242504428946246,0.0,2026-06-19 20:00:00,4155.57,收盤,24.039999999999964,11.190000000000618,0.46547420965060876,True,2026-06-19|4.5|-1,False
2026-06-19,5.0,332,-1,4162.41,4186.19,4171.94,14.25,133.77900000000008,0.10651896037494668,True,2026-06-19 06:32:00,0.13,0.02242504428946246,0.0,2026-06-19 20:00:00,4155.57,收盤,23.779999999999745,6.710000000000146,0.28216989066443304,True,2026-06-19|5.0|-1,False
2026-06-19,5.5,358,-1,4157.72,4183.68,4165.22,18.460000000000036,133.77900000000008,0.13798877252782593,True,2026-06-19 06:58:00,0.13,0.02242504428946246,0.0,2026-06-19 20:00:00,4155.57,收盤,25.960000000000036,2.020000000000546,0.0778120184900055,True,2026-06-19|5.5|-1,False
2026-06-19,6.0,397,-1,4139.1,4177.29,4146.29,31.0,133.77900000000008,0.23172545765777874,True,2026-06-19 07:37:00,0.13,0.02242504428946246,0.0,2026-06-19 11:26:00,4177.29,停損,38.1899999999996,-38.3199999999996,-1.0034040324692328,True,2026-06-19|6.0|-1,False
2026-06-19,6.5,404,-1,4134.72,4167.78,4141.51,26.269999999999527,133.77900000000008,0.19636863782805605,True,2026-06-19 07:44:00,0.13,0.02242504428946246,0.0,2026-06-19 11:16:00,4167.78,停損,33.05999999999949,-33.18999999999949,-1.0039322444041139,True,2026-06-19|6.5|-1,False
2026-06-19,10.5,788,-1,4144.34,4177.68,4151.13,26.550000000000182,133.77900000000008,0.19846164196174412,True,2026-06-19 14:08:00,0.13,0.02242504428946246,0.0,2026-06-19 15:57:00,4177.68,停損,33.340000000000146,-33.47000000000015,-1.0038992201559689,True,2026-06-19|10.5|-1,False
2026-06-22,8.5,667,1,4207.97,4200.82,4189.43,11.389999999999418,125.95300000000016,0.09043055743014779,False,2026-06-22 12:07:00,0.13,0.023818408453947077,0.1590909090909091,2026-06-22 16:08:00,4189.43,停損,18.539999999999964,-18.669999999999963,-1.0070118662351673,True,2026-06-22|8.5|1,False
2026-06-22,10.0,669,1,4208.72,4201.88,4188.85,13.029999999999745,125.95300000000016,0.10345128738497478,False,2026-06-22 12:09:00,0.13,0.023818408453947077,0.1590909090909091,2026-06-22 16:08:00,4188.85,停損,19.86999999999989,-19.99999999999989,-1.0065425264217414,True,2026-06-22|10.0|1,False
2026-06-23,4.5,304,-1,4141.76,4178.7,4149.06,29.639999999999418,125.92100000000019,0.23538567832211763,False,2026-06-23 06:04:00,0.13,0.023824461368635856,0.6,2026-06-23 23:58:00,4109.67,收盤,36.9399999999996,31.960000000000147,0.8651867893882104,True,2026-06-23|4.5|-1,False
2026-06-23,5.0,312,-1,4139.5,4163.51,4146.65,16.860000000000582,125.92100000000019,0.1338934728917381,False,2026-06-23 06:12:00,0.13,0.023824461368635856,0.6,2026-06-23 23:58:00,4109.67,收盤,24.01000000000022,29.69999999999993,1.2369845897542548,True,2026-06-23|5.0|-1,False
2026-06-23,6.5,419,-1,4126.44,4146.97,4133.65,13.320000000000618,125.92100000000019,0.10578060847674811,False,2026-06-23 07:59:00,0.13,0.023824461368635856,0.4444444444444444,2026-06-23 23:58:00,4109.67,收盤,20.530000000000655,16.639999999999528,0.8105211885045785,True,2026-06-23|6.5|-1,True
2026-06-23,5.5,420,-1,4118.19,4162.32,4130.9,31.420000000000073,125.92100000000019,0.24952152540084677,False,2026-06-23 08:00:00,0.13,0.023824461368635856,0.4444444444444444,2026-06-23 23:58:00,4109.67,收盤,44.13000000000011,8.389999999999526,0.1901200997054046,True,2026-06-23|5.5|-1,True
2026-06-23,8.0,582,-1,4108.83,4137.5,4115.46,22.039999999999964,125.92100000000019,0.17503037618824446,False,2026-06-23 10:42:00,0.13,0.023824461368635856,0.3157894736842105,2026-06-23 16:53:00,4137.5,停損,28.670000000000073,-28.80000000000007,-1.0045343564701779,True,2026-06-23|8.0|-1,False
2026-06-23,7.0,583,-1,4106.61,4146.97,4114.89,32.07999999999993,125.92100000000019,0.2547629069019455,False,2026-06-23 10:43:00,0.13,0.023824461368635856,0.3157894736842105,2026-06-23 23:58:00,4109.67,收盤,40.36000000000058,-3.1900000000004,-0.07903865213083137,True,2026-06-23|7.0|-1,False
2026-06-23,8.5,586,-1,4104.85,4133.63,4111.26,22.36999999999989,125.92100000000019,0.17765106693879382,False,2026-06-23 10:46:00,0.13,0.023824461368635856,0.3076923076923077,2026-06-23 16:49:00,4133.63,停損,28.779999999999745,-28.909999999999744,-1.0045170257123002,True,2026-06-23|8.5|-1,False
2026-06-23,9.0,591,-1,4102.52,4126.95,4110.39,16.55999999999949,125.92100000000019,0.13151102675486587,False,2026-06-23 10:51:00,0.13,0.023824461368635856,0.3076923076923077,2026-06-23 13:01:00,4126.95,停損,24.42999999999938,-24.55999999999938,-1.0053213262382317,True,2026-06-23|9.0|-1,False
2026-06-24,4.5,279,-1,4062.73,4102.29,4071.37,30.920000000000073,123.9900000000002,0.24937494959270928,True,2026-06-24 05:39:00,0.13,0.0,0.05555555555555555,2026-06-24 23:58:00,4001.02,收盤,39.559999999999945,61.580000000000034,1.5566228513650182,True,2026-06-24|4.5|-1,False
2026-06-24,3.5,280,-1,4060.77,4100.81,4068.54,32.27000000000044,123.9900000000002,0.2602629244293926,True,2026-06-24 05:40:00,0.13,0.0,0.05555555555555555,2026-06-24 23:58:00,4001.02,收盤,40.04000000000042,59.62,1.4890109890109733,True,2026-06-24|3.5|-1,False
2026-06-24,9.5,594,-1,4076.45,4094.63,4083.28,11.349999999999909,123.9900000000002,0.09153964029357119,True,2026-06-24 10:54:00,0.13,0.0,0.02564102564102564,2026-06-24 23:58:00,4001.02,收盤,18.18000000000029,75.29999999999984,4.141914191419067,True,2026-06-24|9.5|-1,False
2026-06-24,9.0,690,-1,4069.36,4097.59,4075.91,21.68000000000029,123.9900000000002,0.17485281071054323,True,2026-06-24 12:30:00,0.13,0.0,0.022222222222222223,2026-06-24 23:58:00,4001.02,收盤,28.230000000000018,68.21000000000015,2.416223875309958,True,2026-06-24|9.0|-1,False
2026-06-24,10.0,701,-1,4066.18,4090.83,4073.77,17.059999999999945,123.9900000000002,0.13759174126945656,True,2026-06-24 12:41:00,0.13,0.0,0.021739130434782608,2026-06-24 23:58:00,4001.02,收盤,24.65000000000009,65.02999999999986,2.6381338742393354,True,2026-06-24|10.0|-1,False
2026-06-25,3.5,247,-1,3971.74,4005.91,3978.61,27.299999999999727,120.24300000000021,0.22704024350689586,True,2026-06-25 05:07:00,0.13,0.008316492436150114,0.375,2026-06-25 15:31:00,4005.91,停損,34.17000000000007,-34.300000000000075,-1.003804506877378,True,2026-06-25|3.5|-1,True
2026-06-25,4.0,250,-1,3965.87,4005.91,3972.55,33.35999999999967,120.24300000000021,0.2774381876699651,True,2026-06-25 05:10:00,0.13,0.008316492436150114,0.375,2026-06-25 15:31:00,4005.91,停損,40.039999999999964,-40.169999999999966,-1.0032467532467533,True,2026-06-25|4.0|-1,True
2026-06-25,7.0,497,-1,3976.76,3997.63,3983.66,13.970000000000255,120.24300000000021,0.11618139933301923,True,2026-06-25 09:17:00,0.13,0.008316492436150114,0.18181818181818182,2026-06-25 11:22:00,3997.63,停損,20.86999999999989,-20.99999999999989,-1.0062290368950646,True,2026-06-25|7.0|-1,True
2026-06-25,8.0,541,-1,3974.24,4000.03,3980.46,19.570000000000164,120.24300000000021,0.1627537569754591,True,2026-06-25 10:01:00,0.13,0.008316492436150114,0.16666666666666666,2026-06-25 11:23:00,4000.03,停損,25.79000000000042,-25.920000000000417,-1.0050407134548274,True,2026-06-25|8.0|-1,True
2026-06-26,9.5,680,1,4046.48,4039.76,4020.99,18.770000000000437,108.6780000000002,0.17271204843666982,True,2026-06-26 12:20:00,0.13,0.027604482968033958,0.4222222222222222,2026-06-26 23:57:00,4087.98,收盤,25.490000000000236,41.37,1.6229894076108127,True,2026-06-26|9.5|1,False
2026-06-30,2.0,126,-1,4006.88,4022.4,4013.47,8.930000000000291,106.0720000000003,0.0841880986499761,True,2026-06-30 03:06:00,0.13,0.0,0.625,2026-06-30 09:33:00,4022.4,停損,15.519999999999982,-15.649999999999983,-1.0083762886597938,True,2026-06-30|2.0|-1,False
2026-06-30,2.5,158,-1,3996.54,4021.8,4003.34,18.460000000000036,106.0720000000003,0.1740327324835959,True,2026-06-30 03:38:00,0.13,0.0,0.5,2026-06-30 09:33:00,4021.8,停損,25.26000000000022,-25.390000000000217,-1.0051464766429137,True,2026-06-30|2.5|-1,False
2026-06-30,3.0,187,-1,3967.41,4015.14,3980.11,35.029999999999745,106.0720000000003,0.3302473791386949,True,2026-06-30 04:07:00,0.13,0.0,0.4166666666666667,2026-06-30 09:32:00,4015.14,停損,47.73000000000002,-47.86000000000002,-1.0027236538864446,True,2026-06-30|3.0|-1,False
2026-07-01,5.5,424,-1,3972.72,3986.97,3978.48,8.489999999999782,113.2380000000002,0.07497483177025174,True,2026-07-01 08:04:00,0.13,0.0,0.14285714285714285,2026-07-01 13:03:00,3986.97,停損,14.25,-14.38,-1.009122807017544,True,2026-07-01|5.5|-1,False
2026-07-01,6.0,433,-1,3970.46,3986.97,3976.73,10.239999999999782,113.2380000000002,0.09042900793019802,True,2026-07-01 08:13:00,0.13,0.0,0.14285714285714285,2026-07-01 13:03:00,3986.97,停損,16.509999999999764,-16.639999999999763,-1.0078740157480315,True,2026-07-01|6.0|-1,False
2026-07-01,6.5,488,-1,3966.98,3982.27,3974.13,8.139999999999873,113.2380000000002,0.07188399653826329,True,2026-07-01 09:08:00,0.13,0.0,0.125,2026-07-01 11:20:00,3982.27,停損,15.289999999999964,-15.419999999999964,-1.0085022890778288,True,2026-07-01|6.5|-1,False
2026-07-01,7.0,489,-1,3966.05,3982.8,3972.49,10.3100000000004,113.2380000000002,0.09104717497660134,True,2026-07-01 09:09:00,0.13,0.0,0.125,2026-07-01 11:20:00,3982.8,停損,16.75,-16.88,-1.0077611940298508,True,2026-07-01|7.0|-1,False
2026-07-01,7.5,498,-1,3963.5,3982.8,3969.93,12.870000000000346,113.2380000000002,0.11365442695915084,True,2026-07-01 09:18:00,0.13,0.0,0.12121212121212122,2026-07-01 11:20:00,3982.8,停損,19.300000000000182,-19.43000000000018,-1.0067357512953368,True,2026-07-01|7.5|-1,False
2026-07-03,2.0,144,1,4140.16,4132.43,4121.2,11.230000000000473,110.96200000000022,0.10120581820803924,True,2026-07-03 03:24:00,0.13,0.009012094230457256,0.6666666666666666,2026-07-03 20:00:00,4174.94,收盤,18.960000000000036,34.64999999999974,1.8275316455696031,True,2026-07-03|2.0|1,False
2026-07-03,2.5,172,1,4147.49,4140.89,4121.2,19.69000000000051,110.96200000000022,0.17744813539770796,True,2026-07-03 03:52:00,0.13,0.009012094230457256,0.5454545454545454,2026-07-03 20:00:00,4174.94,收盤,26.289999999999964,27.31999999999982,1.0391783948269249,True,2026-07-03|2.5|1,False
2026-07-03,3.0,184,1,4159.68,4151.06,4122.98,28.080000000000837,110.96200000000022,0.25305960599124727,True,2026-07-03 04:04:00,0.13,0.009012094230457256,0.5,2026-07-03 20:00:00,4174.94,收盤,36.70000000000073,15.129999999999308,0.41226158038144434,True,2026-07-03|3.0|1,False
2026-07-03,9.0,550,1,4180.42,4174.46,4160.49,13.970000000000255,110.96200000000022,0.12589895639949017,True,2026-07-03 10:10:00,0.13,0.009012094230457256,0.16666666666666666,2026-07-03 17:09:00,4160.49,停損,19.93000000000029,-20.06000000000029,-1.0065228299046662,True,2026-07-03|9.0|1,True
2026-07-13,2.5,155,-1,4062.34,4091.15,4071.87,19.2800000000002,97.08599999999979,0.19858681993284555,True,2026-07-13 03:35:00,0.13,0.12360175514492333,0.0,2026-07-13 23:58:00,4002.0,收盤,28.809999999999945,60.21000000000014,2.0898993405067774,True,2026-07-13|2.5|-1,True
2026-07-13,4.5,307,-1,4060.67,4089.77,4066.6,23.170000000000073,97.08599999999979,0.23865438889232354,True,2026-07-13 06:07:00,0.13,0.12360175514492333,0.0,2026-07-13 23:58:00,4002.0,收盤,29.09999999999991,58.54000000000007,2.0116838487972597,True,2026-07-13|4.5|-1,False
2026-07-13,4.0,311,-1,4059.41,4089.77,4065.51,24.259999999999764,97.08599999999979,0.24988154831798423,True,2026-07-13 06:11:00,0.13,0.12360175514492333,0.0,2026-07-13 23:58:00,4002.0,收盤,30.360000000000127,57.27999999999985,1.886693017127787,True,2026-07-13|4.0|-1,False
2026-07-13,3.0,312,-1,4055.17,4091.15,4061.17,29.980000000000018,97.08599999999979,0.30879838493706696,True,2026-07-13 06:12:00,0.13,0.12360175514492333,0.0,2026-07-13 23:58:00,4002.0,收盤,35.98000000000002,53.04000000000007,1.474152306837133,True,2026-07-13|3.0|-1,True
2026-07-13,5.5,486,-1,4048.13,4077.52,4053.08,24.440000000000055,97.08599999999979,0.25173557464516105,True,2026-07-13 09:06:00,0.13,0.12360175514492333,0.0,2026-07-13 11:16:00,4077.52,停損,29.389999999999873,-29.51999999999987,-1.0044232732221845,True,2026-07-13|5.5|-1,True
2026-07-13,7.5,487,-1,4044.35,4073.13,4052.73,20.40000000000009,97.08599999999979,0.2101229837463706,True,2026-07-13 09:07:00,0.13,0.12360175514492333,0.0,2026-07-13 11:12:00,4073.13,停損,28.7800000000002,-28.9100000000002,-1.0045170257123002,True,2026-07-13|7.5|-1,True
2026-07-13,10.5,767,-1,4050.66,4080.69,4056.14,24.550000000000182,97.08599999999979,0.2528685907339909,True,2026-07-13 13:47:00,0.13,0.12360175514492333,0.0,2026-07-13 23:58:00,4002.0,收盤,30.0300000000002,48.52999999999985,1.6160506160506003,True,2026-07-13|10.5|-1,True
2026-07-14,2.0,141,-1,3987.47,4003.12,3992.74,10.38000000000011,101.64799999999983,0.10211711002676026,True,2026-07-14 03:21:00,0.13,0.009837871871556762,0.0,2026-07-14 03:35:00,4003.12,停損,15.650000000000091,-15.780000000000092,-1.0083067092651756,True,2026-07-14|2.0|-1,True
2026-07-14,8.5,610,-1,4016.0,4034.1,4022.68,11.420000000000073,101.64799999999983,0.11234849677317893,True,2026-07-14 11:10:00,0.13,0.009837871871556762,0.75,2026-07-14 15:04:00,4034.1,停損,18.09999999999991,-18.229999999999908,-1.007182320441989,True,2026-07-14|8.5|-1,False
2026-07-14,9.5,691,-1,4014.59,4029.84,4020.77,9.070000000000164,101.64799999999983,0.08922949787502144,True,2026-07-14 12:31:00,0.13,0.009837871871556762,0.6521739130434783,2026-07-14 14:36:00,4029.84,停損,15.25,-15.38,-1.0085245901639346,True,2026-07-14|9.5|-1,False
2026-07-21,5.5,451,1,4057.36,4051.25,4028.06,23.190000000000055,88.15399999999981,0.2630623681285036,True,2026-07-21 08:31:00,0.13,0.011343784740340791,0.1,2026-07-21 23:58:00,4077.82,收盤,29.300000000000182,20.330000000000037,0.6938566552900993,True,2026-07-21|5.5|1,False
2026-07-21,7.5,457,1,4061.41,4056.47,4044.45,12.019999999999982,88.15399999999981,0.1363522925788961,True,2026-07-21 08:37:00,0.13,0.011343784740340791,0.1,2026-07-21 23:58:00,4077.82,收盤,16.960000000000036,16.28000000000031,0.9599056603773747,True,2026-07-21|7.5|1,False
2026-07-21,8.0,503,1,4072.51,4067.96,4046.46,21.5,88.15399999999981,0.24389137191732702,True,2026-07-21 09:23:00,0.13,0.011343784740340791,0.09090909090909091,2026-07-21 16:44:00,4046.46,停損,26.050000000000182,-26.18000000000018,-1.0049904030710173,True,2026-07-21|8.0|1,False
2026-07-21,8.5,522,1,4078.88,4074.46,4054.57,19.889999999999873,88.15399999999981,0.2256278784853769,True,2026-07-21 09:42:00,0.13,0.011343784740340791,0.08823529411764706,2026-07-21 14:46:00,4054.57,停損,24.309999999999945,-24.439999999999944,-1.0053475935828877,True,2026-07-21|8.5|1,False
2026-07-22,3.5,273,1,4129.13,4121.66,4089.65,32.00999999999976,88.06099999999984,0.36349802977481316,True,2026-07-22 05:33:00,0.13,0.011355764753977378,0.4444444444444444,2026-07-22 23:58:00,4129.94,收盤,39.48000000000002,0.6799999999994907,0.017223910840919208,True,2026-07-22|3.5|1,False
2026-07-22,4.5,300,1,4130.48,4126.02,4112.98,13.040000000000873,88.06099999999984,0.14807917239187493,True,2026-07-22 06:00:00,0.13,0.011355764753977378,0.42105263157894735,2026-07-22 10:05:00,4112.98,停損,17.5,-17.63,-1.0074285714285713,True,2026-07-22|4.5|1,False
2026-07-22,5.0,307,1,4137.18,4130.86,4119.0,11.859999999999673,88.06099999999984,0.13467936998216798,True,2026-07-22 06:07:00,0.13,0.011355764753977378,0.4,2026-07-22 09:27:00,4119.0,停損,18.18000000000029,-18.31000000000029,-1.0071507150715069,True,2026-07-22|5.0|1,False
2026-07-22,7.5,484,1,4134.45,4129.99,4123.22,6.769999999999527,88.06099999999984,0.07687852738442148,True,2026-07-22 09:04:00,0.13,0.011355764753977378,0.25,2026-07-22 09:26:00,4123.22,停損,11.229999999999563,-11.359999999999564,-1.011576135351737,True,2026-07-22|7.5|1,True
2026-07-23,10.5,803,-1,4084.17,4108.8,4088.69,20.110000000000127,85.76399999999981,0.23448066787929867,False,2026-07-23 14:23:00,0.13,0.02331980784478341,0.24528301886792453,2026-07-23 23:58:00,4049.09,收盤,24.63000000000011,34.949999999999925,1.4190012180267872,True,2026-07-23|10.5|-1,False
2026-07-24,6.5,476,-1,4022.4,4033.2,4027.1,6.099999999999909,87.48099999999985,0.06972942696128209,True,2026-07-24 08:56:00,0.13,0.0,0.3548387096774194,2026-07-24 09:20:00,4033.2,停損,10.799999999999727,-10.929999999999728,-1.0120370370370375,True,2026-07-24|6.5|-1,True
2026-07-27,2.0,121,1,4101.34,4096.38,4083.69,12.690000000000055,87.37199999999989,0.14524103831891305,True,2026-07-27 03:01:00,0.13,0.0,0.625,2026-07-27 15:20:00,4083.69,停損,17.65000000000009,-17.78000000000009,-1.0073654390934843,True,2026-07-27|2.0|1,False
2026-07-27,6.5,516,1,4097.44,4092.89,4085.17,7.7199999999998,87.37199999999989,0.08835782630590819,True,2026-07-27 09:36:00,0.13,0.0,0.14705882352941177,2026-07-27 15:20:00,4085.17,停損,12.269999999999527,-12.399999999999528,-1.0105949470252653,True,2026-07-27|6.5|1,False
2026-07-27,7.5,542,1,4100.42,4094.79,4086.2,8.590000000000146,87.37199999999989,0.09831524973675956,True,2026-07-27 10:02:00,0.13,0.0,0.1388888888888889,2026-07-27 15:19:00,4086.2,停損,14.220000000000255,-14.350000000000255,-1.0091420534458508,True,2026-07-27|7.5|1,False
2026-07-27,8.5,554,1,4100.98,4096.5,4084.5,12.0,87.37199999999989,0.13734377145996446,True,2026-07-27 10:14:00,0.13,0.0,0.1388888888888889,2026-07-27 15:20:00,4084.5,停損,16.479999999999563,-16.609999999999562,-1.0078883495145632,True,2026-07-27|8.5|1,False
2026-07-27,9.0,560,1,4103.96,4099.31,4091.31,8.000000000000455,87.37199999999989,0.09156251430664819,True,2026-07-27 10:20:00,0.13,0.0,0.13513513513513514,2026-07-27 10:59:00,4091.31,停損,12.650000000000091,-12.780000000000092,-1.0102766798418972,True,2026-07-27|9.0|1,False
2026-07-28,2.0,125,-1,4065.42,4075.0,4069.92,5.079999999999927,80.37399999999984,0.06320451887426204,True,2026-07-28 03:05:00,0.13,0.062209172120337546,0.0,2026-07-28 23:58:00,4028.7,收盤,9.579999999999927,36.59000000000025,3.8194154488518297,True,2026-07-28|2.0|-1,False
2026-07-28,2.5,200,-1,4053.44,4074.19,4059.2,14.990000000000236,80.37399999999984,0.18650309801677492,True,2026-07-28 04:20:00,0.13,0.062209172120337546,0.0,2026-07-28 23:58:00,4028.7,收盤,20.75,24.610000000000237,1.1860240963855535,True,2026-07-28|2.5|-1,False
2026-07-28,3.5,283,-1,4041.8,4066.2,4046.47,19.730000000000018,80.37399999999984,0.2454773931868522,True,2026-07-28 05:43:00,0.13,0.062209172120337546,0.0,2026-07-28 23:58:00,4028.7,收盤,24.399999999999636,12.970000000000363,0.5315573770492031,True,2026-07-28|3.5|-1,False
2026-07-28,6.5,453,-1,4038.83,4051.16,4043.53,7.629999999999654,80.37399999999984,0.0949311966556308,True,2026-07-28 08:33:00,0.13,0.062209172120337546,0.0,2026-07-28 09:41:00,4051.16,停損,12.329999999999927,-12.459999999999928,-1.010543390105434,True,2026-07-28|6.5|-1,False
2026-07-28,7.0,457,-1,4037.05,4049.62,4041.6,8.019999999999982,80.37399999999984,0.0997835120810212,True,2026-07-28 08:37:00,0.13,0.062209172120337546,0.0,2026-07-28 09:33:00,4049.62,停損,12.569999999999709,-12.69999999999971,-1.0103420843277648,True,2026-07-28|7.0|-1,True
2026-07-28,5.0,459,-1,4036.66,4049.04,4040.77,8.269999999999982,80.37399999999984,0.10289397068703808,True,2026-07-28 08:39:00,0.13,0.062209172120337546,0.0,2026-07-28 09:32:00,4049.04,停損,12.38000000000011,-12.51000000000011,-1.0105008077544426,True,2026-07-28|5.0|-1,True
2026-07-28,9.5,644,-1,4042.79,4052.41,4046.92,5.489999999999782,80.37399999999984,0.06830567098812791,True,2026-07-28 11:44:00,0.13,0.062209172120337546,0.0,2026-07-28 23:58:00,4028.7,收盤,9.61999999999989,13.960000000000145,1.4511434511434826,True,2026-07-28|9.5|-1,False
2026-07-28,10.0,669,-1,4041.54,4052.41,4046.15,6.2599999999997635,80.37399999999984,0.07788588349465966,True,2026-07-28 12:09:00,0.13,0.062209172120337546,0.0,2026-07-28 23:58:00,4028.7,收盤,10.86999999999989,12.710000000000145,1.1692732290708623,True,2026-07-28|10.0|-1,False
2026-07-28,9.0,691,-1,4038.37,4052.37,4042.95,9.420000000000073,80.37399999999984,0.11720208027471685,True,2026-07-28 12:31:00,0.13,0.062209172120337546,0.0,2026-07-28 23:58:00,4028.7,收盤,14.0,9.540000000000072,0.6814285714285766,True,2026-07-28|9.0|-1,False
2026-07-30,3.0,187,1,4092.04,4086.66,4064.98,21.679999999999836,81.14599999999992,0.26717275035121707,True,2026-07-30 04:07:00,0.13,0.012323466344613426,0.0,2026-07-30 06:00:00,4064.98,停損,27.059999999999945,-27.189999999999944,-1.0048041389504805,True,2026-07-30|3.0|1,True
2026-08-05,4.5,277,1,4112.93,4108.5,4080.21,28.289999999999964,81.61699999999996,0.34661896418638244,True,2026-08-05 05:37:00,0.13,0.0,0.2777777777777778,2026-08-05 23:58:00,4246.23,收盤,32.720000000000255,133.16999999999928,4.069987775061071,True,2026-08-05|4.5|1,False
2026-08-05,5.0,368,1,4139.77,4135.33,4095.53,39.79999999999973,81.61699999999996,0.48764350564220377,True,2026-08-05 07:08:00,0.13,0.0,0.20833333333333334,2026-08-05 23:58:00,4246.23,收盤,44.24000000000024,106.32999999999913,2.4034810126581956,True,2026-08-05|5.0|1,False
2026-08-05,5.5,373,1,4140.73,4136.57,4101.53,35.039999999999964,81.61699999999996,0.42932232255534974,True,2026-08-05 07:13:00,0.13,0.0,0.20833333333333334,2026-08-05 23:58:00,4246.23,收盤,39.19999999999982,105.37,2.688010204081645,True,2026-08-05|5.5|1,False
2026-08-05,6.5,456,1,4145.51,4141.42,4127.55,13.86999999999989,81.61699999999996,0.16994008601149144,True,2026-08-05 08:36:00,0.13,0.0,0.16666666666666666,2026-08-05 23:58:00,4246.23,收盤,17.960000000000036,100.58999999999935,5.600779510022224,True,2026-08-05|6.5|1,False
2026-08-05,7.5,457,1,4147.49,4142.17,4132.53,9.640000000000327,81.61699999999996,0.1181126481002773,True,2026-08-05 08:37:00,0.13,0.0,0.16666666666666666,2026-08-05 23:58:00,4246.23,收盤,14.960000000000036,98.60999999999979,6.591577540106922,True,2026-08-05|7.5|1,False
2026-08-05,8.0,517,1,4177.81,4172.91,4134.74,38.17000000000007,81.61699999999996,0.4676721761397759,True,2026-08-05 09:37:00,0.13,0.0,0.14705882352941177,2026-08-05 23:58:00,4246.23,收盤,43.07000000000062,68.28999999999917,1.585558393313169,True,2026-08-05|8.0|1,False
2026-08-05,8.5,541,1,4178.84,4174.29,4139.56,34.72999999999956,81.61699999999996,0.4255240942450663,True,2026-08-05 10:01:00,0.13,0.0,0.1388888888888889,2026-08-05 23:58:00,4246.23,收盤,39.279999999999745,67.25999999999942,1.7123217922606888,True,2026-08-05|8.5|1,True
2026-08-07,9.5,634,1,4311.39,4298.77,4280.09,18.68000000000029,90.89399999999996,0.20551411534315026,False,2026-08-07 11:34:00,0.13,0.01100182630316633,0.2619047619047619,2026-08-07 23:57:00,4341.32,收盤,31.300000000000182,29.799999999999383,0.9520766773162687,True,2026-08-07|9.5|1,False
2026-08-11,2.0,132,1,4407.83,4402.59,4394.74,7.850000000000364,100.94200000000005,0.07776743080185017,True,2026-08-11 03:12:00,0.12,0.02972003724911334,0.0,2026-08-11 04:03:00,4394.74,停損,13.090000000000146,-13.210000000000145,-1.0091673032849502,True,2026-08-11|2.0|1,False
2026-08-11,2.5,228,1,4421.74,4416.11,4395.36,20.75,100.94200000000005,0.20556359097303392,True,2026-08-11 04:48:00,0.12,0.02972003724911334,0.0,2026-08-11 08:26:00,4395.36,停損,26.38000000000011,-26.50000000000011,-1.0045489006823352,True,2026-08-11|2.5|1,False
2026-08-11,3.0,230,1,4426.51,4419.28,4396.5,22.779999999999745,100.94200000000005,0.2256741495115981,True,2026-08-11 04:50:00,0.12,0.02972003724911334,0.0,2026-08-11 08:22:00,4396.5,停損,30.01000000000022,-30.13000000000022,-1.003998667110963,True,2026-08-11|3.0|1,False
2026-08-11,10.0,638,1,4373.02,4367.72,4356.76,10.960000000000036,100.94200000000005,0.10857720275009441,True,2026-08-11 11:38:00,0.12,0.0,0.9285714285714286,2026-08-11 23:58:00,4367.92,收盤,16.26000000000022,-5.220000000000364,-0.3210332103321214,True,2026-08-11|10.0|1,False
2026-08-11,9.5,640,1,4374.98,4369.32,4357.67,11.649999999999636,100.94200000000005,0.11541281131738652,True,2026-08-11 11:40:00,0.12,0.0,0.9285714285714286,2026-08-11 23:58:00,4367.92,收盤,17.30999999999949,-7.179999999999491,-0.4147891392258638,True,2026-08-11|9.5|1,False
2026-08-13,10.0,612,-1,4364.22,4381.72,4369.33,12.390000000000327,97.54099999999994,0.1270235080632794,False,2026-08-13 11:12:00,0.12,0.09226889205564845,0.25,2026-08-13 12:21:00,4381.72,停損,17.5,-17.62,-1.006857142857143,True,2026-08-13|10.0|-1,True
2026-08-14,6.5,443,-1,4317.82,4328.18,4322.8,5.380000000000109,98.96799999999993,0.054361005577561565,True,2026-08-14 08:23:00,0.12,0.010104276129658078,0.2413793103448276,2026-08-14 08:52:00,4328.18,停損,10.360000000000582,-10.480000000000581,-1.011583011583011,True,2026-08-14|6.5|-1,False
2026-08-14,7.5,451,-1,4311.78,4327.04,4317.19,9.850000000000364,98.96799999999993,0.09952711987713575,True,2026-08-14 08:31:00,0.12,0.010104276129658078,0.23333333333333334,2026-08-14 08:51:00,4327.04,停損,15.260000000000218,-15.380000000000217,-1.0078636959370904,True,2026-08-14|7.5|-1,True
2026-08-19,6.0,400,-1,4346.64,4360.38,4351.9,8.480000000000473,102.44399999999987,0.08277693178712744,True,2026-08-19 07:40:00,0.12,0.019522861270547837,0.6538461538461539,2026-08-19 10:33:00,4360.38,停損,13.739999999999782,-13.859999999999781,-1.0087336244541485,True,2026-08-19|6.0|-1,False
2026-08-19,5.0,403,-1,4345.83,4362.1,4351.59,10.510000000000218,102.44399999999987,0.102592635976731,True,2026-08-19 07:43:00,0.12,0.019522861270547837,0.6538461538461539,2026-08-19 10:37:00,4362.1,停損,16.270000000000437,-16.390000000000438,-1.0073755377996312,True,2026-08-19|5.0|-1,False
2026-08-19,6.5,414,-1,4344.86,4360.38,4350.11,10.270000000000437,102.44399999999987,0.1002498926242674,True,2026-08-19 07:54:00,0.12,0.019522861270547837,0.6296296296296297,2026-08-19 10:33:00,4360.38,停損,15.520000000000437,-15.640000000000436,-1.0077319587628863,True,2026-08-19|6.5|-1,False
2026-08-19,7.0,436,-1,4338.62,4356.25,4343.93,12.319999999999709,102.44399999999987,0.12026082542657182,True,2026-08-19 08:16:00,0.12,0.019522861270547837,0.5862068965517241,2026-08-19 10:27:00,4356.25,停損,17.63000000000011,-17.75000000000011,-1.006806579693704,True,2026-08-19|7.0|-1,True
2026-08-21,6.0,384,1,4543.77,4538.38,4526.79,11.590000000000146,103.14300000000003,0.11236826541791631,False,2026-08-21 07:24:00,0.12,0.009695277430363667,0.48,2026-08-21 23:57:00,4603.37,收盤,16.980000000000473,59.47999999999946,3.5029446407536984,True,2026-08-21|6.0|1,False
2026-08-21,5.0,472,1,4548.33,4542.94,4518.35,24.589999999999236,103.14300000000003,0.23840687201263516,False,2026-08-21 08:52:00,0.12,0.009695277430363667,0.3870967741935484,2026-08-21 23:57:00,4603.37,收盤,29.979999999999563,54.919999999999966,1.8318879252835478,True,2026-08-21|5.0|1,False
2026-08-21,6.5,478,1,4553.22,4547.3,4526.79,20.51000000000022,103.14300000000003,0.19885014009676094,False,2026-08-21 08:58:00,0.12,0.009695277430363667,0.3870967741935484,2026-08-21 23:57:00,4603.37,收盤,26.43000000000029,50.02999999999964,1.8929247067725723,True,2026-08-21|6.5|1,True
2026-08-21,8.0,514,1,4561.52,4556.3,4529.18,27.11999999999989,103.14300000000003,0.2629359239114616,False,2026-08-21 09:34:00,0.12,0.009695277430363667,0.35294117647058826,2026-08-21 23:57:00,4603.37,收盤,32.340000000000146,41.72999999999946,1.2903525046381963,True,2026-08-21|8.0|1,False
2026-08-21,8.5,516,1,4564.94,4558.09,4529.18,28.909999999999854,103.14300000000003,0.2802904705118122,False,2026-08-21 09:36:00,0.12,0.009695277430363667,0.35294117647058826,2026-08-21 23:57:00,4603.37,收盤,35.75999999999931,38.310000000000294,1.0713087248322437,True,2026-08-21|8.5|1,False
2026-08-21,9.0,621,1,4573.97,4567.63,4545.58,22.050000000000182,103.14300000000003,0.21378086733952062,False,2026-08-21 11:21:00,0.12,0.009695277430363667,0.2926829268292683,2026-08-21 23:57:00,4603.37,收盤,28.390000000000327,29.279999999999635,1.031349066572712,True,2026-08-21|9.0|1,False
2026-08-21,10.5,667,1,4587.79,4581.86,4559.19,22.670000000000073,103.14300000000003,0.21979193934634503,False,2026-08-21 12:07:00,0.12,0.009695277430363667,0.2727272727272727,2026-08-21 23:57:00,4603.37,收盤,28.600000000000364,15.459999999999928,0.5405594405594312,True,2026-08-21|10.5|1,False
2026-08-24,7.0,487,1,4649.25,4642.59,4632.62,9.970000000000255,101.26900000000005,0.09845066111051012,True,2026-08-24 09:07:00,0.12,0.06912283127116883,0.28125,2026-08-24 10:46:00,4632.62,停損,16.63000000000011,-16.75000000000011,-1.0072158749248346,True,2026-08-24|7.0|1,False
2026-08-24,7.5,494,1,4651.68,4646.55,4633.13,13.420000000000073,101.26900000000005,0.13251834223701298,True,2026-08-24 09:14:00,0.12,0.06912283127116883,0.28125,2026-08-24 10:46:00,4633.13,停損,18.550000000000182,-18.670000000000183,-1.0064690026954177,True,2026-08-24|7.5|1,True
2026-08-24,6.0,496,1,4655.53,4650.18,4633.5,16.68000000000029,101.26900000000005,0.1647098322290166,True,2026-08-24 09:16:00,0.12,0.06912283127116883,0.2727272727272727,2026-08-24 10:46:00,4633.5,停損,22.029999999999745,-22.149999999999746,-1.0054471175669542,True,2026-08-24|6.0|1,True
2026-08-27,10.0,698,-1,4583.59,4605.88,4593.54,12.340000000000146,104.1960000000001,0.11843064992898128,True,2026-08-27 12:38:00,0.12,0.028791892203155565,0.34782608695652173,2026-08-27 18:51:00,4605.88,停損,22.289999999999964,-22.409999999999965,-1.0053835800807538,True,2026-08-27|10.0|-1,False
2026-08-28,7.0,464,-1,4572.56,4585.4,4577.98,7.420000000000073,101.3920000000001,0.07318131608016476,False,2026-08-28 08:44:00,0.12,0.009862711062016718,0.13333333333333333,2026-08-28 09:24:00,4585.4,停損,12.839999999999236,-12.959999999999235,-1.009345794392524,True,2026-08-28|7.0|-1,False
2026-08-31,3.0,181,-1,4445.53,4472.08,4452.33,19.75,111.38300000000008,0.1773161074849841,True,2026-08-31 04:01:00,0.12,0.03591212303493349,0.8333333333333334,2026-08-31 23:58:00,4448.43,收盤,26.550000000000182,-3.020000000000546,-0.11374764595105556,True,2026-08-31|3.0|-1,True
2026-08-31,2.0,243,-1,4430.18,4466.9,4435.94,30.960000000000036,111.38300000000008,0.27795983229038557,True,2026-08-31 05:03:00,0.12,0.03591212303493349,0.625,2026-08-31 23:58:00,4448.43,收盤,36.719999999999345,-18.37,-0.500272331154693,True,2026-08-31|2.0|-1,False
2026-08-31,4.5,274,-1,4411.28,4453.87,4418.59,35.279999999999745,111.38300000000008,0.3167449251681111,True,2026-08-31 05:34:00,0.12,0.03591212303493349,0.5555555555555556,2026-08-31 13:53:00,4453.87,停損,42.590000000000146,-42.71000000000014,-1.0028175628081708,True,2026-08-31|4.5|-1,False
2026-08-31,6.0,394,-1,4413.46,4434.04,4419.89,14.149999999999636,111.38300000000008,0.12703913523607396,True,2026-08-31 07:34:00,0.12,0.03591212303493349,0.38461538461538464,2026-08-31 08:25:00,4434.04,停損,20.579999999999927,-20.69999999999993,-1.0058309037900874,True,2026-08-31|6.0|-1,True
2026-09-03,2.0,179,1,4394.29,4388.86,4381.18,7.6799999999993815,107.49099999999999,0.07144784214491802,True,2026-09-03 03:59:00,0.12,0.009303104445953616,0.5454545454545454,2026-09-03 23:58:00,4473.33,收盤,13.109999999999673,78.91999999999996,6.019832189168721,True,2026-09-03|2.0|1,False
2026-09-03,2.5,188,1,4398.69,4392.57,4381.18,11.389999999999418,107.49099999999999,0.10596235963940627,True,2026-09-03 04:08:00,0.12,0.009303104445953616,0.5,2026-09-03 23:58:00,4473.33,收盤,17.50999999999931,74.52000000000032,4.255853797829998,True,2026-09-03|2.5|1,False
2026-09-03,3.0,191,1,4405.05,4397.8,4382.55,15.25,107.49099999999999,0.14187234280079264,True,2026-09-03 04:11:00,0.12,0.009303104445953616,0.5,2026-09-03 23:58:00,4473.33,收盤,22.5,68.15999999999974,3.0293333333333217,True,2026-09-03|3.0|1,True
2026-09-03,3.5,243,1,4415.28,4409.34,4382.55,26.789999999999964,107.49099999999999,0.24923016810709703,True,2026-09-03 05:03:00,0.12,0.009303104445953616,0.375,2026-09-03 23:58:00,4473.33,收盤,32.72999999999956,57.930000000000184,1.7699358386801392,True,2026-09-03|3.5|1,False
2026-09-03,4.0,291,1,4418.57,4412.44,4387.36,25.079999999999927,107.49099999999999,0.233321859504516,True,2026-09-03 05:51:00,0.12,0.009303104445953616,0.3157894736842105,2026-09-03 23:58:00,4473.33,收盤,31.210000000000036,54.64000000000022,1.7507209227811649,True,2026-09-03|4.0|1,False
2026-09-03,4.5,301,1,4420.95,4415.48,4400.25,15.229999999999563,107.49099999999999,0.1416862807118695,True,2026-09-03 06:01:00,0.12,0.009303104445953616,0.3,2026-09-03 23:58:00,4473.33,收盤,20.699999999999818,52.26000000000011,2.5246376811594478,True,2026-09-03|4.5|1,False
2026-09-03,5.0,313,1,4428.09,4420.52,4406.79,13.730000000000473,107.49099999999999,0.12773162404294755,True,2026-09-03 06:13:00,0.12,0.009303104445953616,0.3,2026-09-03 23:58:00,4473.33,收盤,21.300000000000182,45.119999999999784,2.1183098591549014,True,2026-09-03|5.0|1,False
2026-09-03,5.5,395,1,4437.12,4431.31,4409.5,21.8100000000004,107.49099999999999,0.2029007079662521,True,2026-09-03 07:35:00,0.12,0.009303104445953616,0.23076923076923078,2026-09-03 23:58:00,4473.33,收盤,27.61999999999989,36.09000000000004,1.3066618392469291,True,2026-09-03|5.5|1,False
2026-09-03,6.0,400,1,4438.2,4432.59,4419.51,13.079999999999927,107.49099999999999,0.12168460615307262,True,2026-09-03 07:40:00,0.12,0.009303104445953616,0.23076923076923078,2026-09-03 09:25:00,4419.51,停損,18.6899999999996,-18.8099999999996,-1.0064205457463886,True,2026-09-03|6.0|1,False
2026-09-03,9.5,604,1,4438.61,4431.62,4419.14,12.479999999999563,107.49099999999999,0.11610274348549707,True,2026-09-03 11:04:00,0.12,0.009303104445953616,0.15,2026-09-03 13:25:00,4419.14,停損,19.469999999999345,-19.589999999999346,-1.0061633281972269,True,2026-09-03|9.5|1,True
2026-09-03,9.0,608,1,4442.21,4436.28,4418.84,17.4399999999996,107.49099999999999,0.16224614153742734,True,2026-09-03 11:08:00,0.12,0.009303104445953616,0.15,2026-09-03 23:58:00,4473.33,收盤,23.36999999999989,30.99999999999989,1.3264869490800186,True,2026-09-03|9.0|1,True
2026-09-07,5.5,395,-1,4398.1,4419.04,4404.69,14.350000000000364,111.60899999999992,0.12857386053096412,True,2026-09-07 07:35:00,0.12,0.008959850908080895,0.11538461538461539,2026-09-07 11:16:00,4419.04,停損,20.9399999999996,-21.0599999999996,-1.0057306590257882,True,2026-09-07|5.5|-1,False
2026-09-07,4.5,396,-1,4397.07,4416.87,4402.96,13.909999999999854,111.60899999999992,0.12463152613140395,True,2026-09-07 07:36:00,0.12,0.008959850908080895,0.11538461538461539,2026-09-07 11:14:00,4416.87,停損,19.800000000000182,-19.920000000000183,-1.006060606060606,True,2026-09-07|4.5|-1,False
2026-09-07,6.0,398,-1,4395.29,4410.43,4401.29,9.140000000000327,111.60899999999992,0.08189303729986232,True,2026-09-07 07:38:00,0.12,0.008959850908080895,0.11538461538461539,2026-09-07 08:30:00,4410.43,停損,15.140000000000327,-15.260000000000327,-1.0079260237780712,True,2026-09-07|6.0|-1,False
2026-09-07,6.5,480,-1,4394.09,4408.85,4400.23,8.6200000000008,111.60899999999992,0.0772339148276645,True,2026-09-07 09:00:00,0.12,0.008959850908080895,0.0967741935483871,2026-09-07 11:02:00,4408.85,停損,14.760000000000218,-14.880000000000217,-1.008130081300813,True,2026-09-07|6.5|-1,False
2026-09-07,7.0,485,-1,4387.69,4407.26,4394.46,12.800000000000182,111.60899999999992,0.1146860916234371,True,2026-09-07 09:05:00,0.12,0.008959850908080895,0.09375,2026-09-07 11:01:00,4407.26,停損,19.57000000000062,-19.69000000000062,-1.00613183444047,True,2026-09-07|7.0|-1,True
2026-09-07,8.0,489,-1,4387.27,4413.26,4393.15,20.110000000000582,111.60899999999992,0.18018260176151202,True,2026-09-07 09:09:00,0.12,0.008959850908080895,0.09375,2026-09-07 11:03:00,4413.26,停損,25.98999999999978,-26.109999999999783,-1.0046171604463257,True,2026-09-07|8.0|-1,True
2026-09-09,2.0,143,-1,4343.48,4359.98,4349.31,10.669999999999163,108.95899999999992,0.09792674308684157,True,2026-09-09 03:23:00,0.12,0.009177764113106772,0.6666666666666666,2026-09-09 03:54:00,4359.98,停損,16.5,-16.62,-1.0072727272727273,True,2026-09-09|2.0|-1,False
2026-09-11,4.5,308,-1,4315.77,4334.85,4322.62,12.230000000000473,113.48499999999986,0.1077675463717715,True,2026-09-11 06:08:00,0.12,0.02643521170198708,0.6,2026-09-11 07:55:00,4334.85,停損,19.079999999999927,-19.19999999999993,-1.0062893081761006,True,2026-09-11|4.5|-1,False
2026-09-11,4.0,320,-1,4314.92,4340.45,4320.93,19.519999999999527,113.48499999999986,0.17200511080759176,True,2026-09-11 06:20:00,0.12,0.02643521170198708,0.5714285714285714,2026-09-11 08:35:00,4340.45,停損,25.529999999999745,-25.649999999999746,-1.0047003525264395,True,2026-09-11|4.0|-1,False
2026-09-11,3.5,322,-1,4309.5,4340.45,4319.88,20.56999999999971,113.48499999999986,0.18125743490328886,True,2026-09-11 06:22:00,0.12,0.02643521170198708,0.5714285714285714,2026-09-11 08:35:00,4340.45,停損,30.949999999999818,-31.06999999999982,-1.0038772213247174,True,2026-09-11|3.5|-1,False
2026-09-16,7.0,541,1,4333.9,4328.5,4320.64,7.859999999999673,100.21399999999994,0.07843215518789468,False,2026-09-16 10:01:00,0.12,0.009978645698205845,0.3055555555555556,2026-09-16 21:02:00,4320.64,停損,13.259999999999309,-13.379999999999308,-1.0090497737556565,True,2026-09-16|7.0|1,False
2026-09-16,9.0,577,1,4338.61,4333.12,4321.55,11.569999999999709,100.21399999999994,0.11545293072823873,False,2026-09-16 10:37:00,0.12,0.009978645698205845,0.2894736842105263,2026-09-16 21:02:00,4321.55,停損,17.05999999999949,-17.17999999999949,-1.0070339976553344,True,2026-09-16|9.0|1,True
2026-09-16,9.5,729,1,4342.72,4337.58,4323.8,13.779999999999745,100.21399999999994,0.137505737721274,False,2026-09-16 13:09:00,0.12,0.009978645698205845,0.22916666666666666,2026-09-16 21:02:00,4323.8,停損,18.920000000000073,-19.040000000000074,-1.0063424947145878,True,2026-09-16|9.5|1,False
2026-09-16,10.0,730,1,4345.22,4339.12,4328.52,10.599999999999454,100.21399999999994,0.10577364440097652,False,2026-09-16 13:10:00,0.12,0.009978645698205845,0.22916666666666666,2026-09-16 17:06:00,4328.52,停損,16.699999999999818,-16.81999999999982,-1.0071856287425152,True,2026-09-16|10.0|1,False
2026-09-22,8.5,573,-1,4309.89,4333.22,4315.16,18.0600000000004,96.00199999999995,0.1881210808108207,True,2026-09-22 10:33:00,0.12,0.06249869794379287,0.21052631578947367,2026-09-22 11:53:00,4333.22,停損,23.329999999999927,-23.44999999999993,-1.005143591941706,True,2026-09-22|8.5|-1,True
2026-09-22,10.0,634,-1,4293.67,4324.27,4299.67,24.600000000000364,96.00199999999995,0.25624466156955455,True,2026-09-22 11:34:00,0.12,0.06249869794379287,0.19047619047619047,2026-09-22 11:50:00,4324.27,停損,30.600000000000364,-30.720000000000365,-1.003921568627451,True,2026-09-22|10.0|-1,True
2026-09-28,2.0,143,-1,4252.69,4266.25,4257.51,8.739999999999782,83.86400000000012,0.10421635028140525,False,2026-09-28 03:23:00,0.12,0.11924067537918517,0.0,2026-09-28 23:58:00,4114.22,收盤,13.5600000000004,138.34999999999934,10.202802359881655,True,2026-09-28|2.0|-1,False
2026-09-28,2.5,152,-1,4239.2,4265.04,4249.93,15.109999999999673,83.86400000000012,0.1801726604979449,False,2026-09-28 03:32:00,0.12,0.11924067537918517,0.0,2026-09-28 23:58:00,4114.22,收盤,25.840000000000146,124.85999999999956,4.832043343653207,True,2026-09-28|2.5|-1,False
2026-09-28,3.0,182,-1,4220.93,4261.01,4227.34,33.67000000000007,83.86400000000012,0.40148335400171736,False,2026-09-28 04:02:00,0.12,0.11924067537918517,0.0,2026-09-28 23:58:00,4114.22,收盤,40.07999999999993,106.59000000000003,2.6594311377245563,True,2026-09-28|3.0|-1,False
2026-09-28,3.5,220,-1,4210.09,4250.33,4214.42,35.909999999999854,83.86400000000012,0.42819326528665225,False,2026-09-28 04:40:00,0.12,0.11924067537918517,0.0,2026-09-28 23:58:00,4114.22,收盤,40.23999999999978,95.74999999999989,2.379473161033807,True,2026-09-28|3.5|-1,True
2026-09-28,4.0,292,-1,4201.31,4231.53,4205.98,25.550000000000182,83.86400000000012,0.3046599255938203,False,2026-09-28 05:52:00,0.12,0.11924067537918517,0.0,2026-09-28 23:58:00,4114.22,收盤,30.219999999999345,86.97000000000014,2.8778954334878235,True,2026-09-28|4.0|-1,False
2026-09-28,5.0,440,-1,4189.49,4217.42,4194.21,23.210000000000036,83.86400000000012,0.2767576075550892,False,2026-09-28 08:20:00,0.12,0.11924067537918517,0.0,2026-09-28 23:58:00,4114.22,收盤,27.93000000000029,75.14999999999952,2.690655209452157,True,2026-09-28|5.0|-1,False
2026-09-28,6.0,443,-1,4185.56,4203.08,4191.4,11.680000000000291,83.86400000000012,0.13927310884289176,False,2026-09-28 08:23:00,0.12,0.11924067537918517,0.0,2026-09-28 23:58:00,4114.22,收盤,17.519999999999527,71.22000000000014,4.065068493150803,True,2026-09-28|6.0|-1,True
2026-09-28,7.5,462,-1,4180.53,4200.18,4185.42,14.760000000000218,83.86400000000012,0.17599923685967994,False,2026-09-28 08:42:00,0.12,0.11924067537918517,0.0,2026-09-28 23:58:00,4114.22,收盤,19.650000000000546,66.18999999999949,3.3684478371500077,True,2026-09-28|7.5|-1,False
2026-09-28,8.0,500,-1,4174.47,4197.99,4179.0,18.98999999999978,83.86400000000012,0.22643804254507005,False,2026-09-28 09:20:00,0.12,0.11924067537918517,0.0,2026-09-28 23:58:00,4114.22,收盤,23.519999999999527,60.13,2.5565476190476706,True,2026-09-28|8.0|-1,False
2026-09-28,8.5,536,-1,4164.15,4190.57,4169.28,21.289999999999964,83.86400000000012,0.2538633978822848,False,2026-09-28 09:56:00,0.12,0.11924067537918517,0.0,2026-09-28 23:58:00,4114.22,收盤,26.420000000000073,49.809999999999384,1.8853141559424393,True,2026-09-28|8.5|-1,False
2026-09-28,9.0,563,-1,4157.32,4181.45,4161.95,19.5,83.86400000000012,0.2325193169894111,False,2026-09-28 10:23:00,0.12,0.11924067537918517,0.0,2026-09-28 23:58:00,4114.22,收盤,24.13000000000011,42.97999999999946,1.781185246580989,True,2026-09-28|9.0|-1,False
2026-09-28,9.5,598,-1,4151.49,4177.41,4156.52,20.889999999999418,83.86400000000012,0.2490937708671109,False,2026-09-28 10:58:00,0.12,0.11924067537918517,0.0,2026-09-28 23:58:00,4114.22,收盤,25.920000000000073,37.14999999999953,1.433256172839484,True,2026-09-28|9.5|-1,True
2026-09-28,10.0,629,-1,4146.47,4166.34,4151.05,15.289999999999964,83.86400000000012,0.1823189926547737,False,2026-09-28 11:29:00,0.12,0.11924067537918517,0.0,2026-09-28 15:08:00,4166.34,停損,19.86999999999989,-19.989999999999892,-1.0060392551585304,True,2026-09-28|10.0|-1,False
2026-09-30,8.0,532,1,4188.16,4182.4,4165.71,16.6899999999996,92.78200000000015,0.1798840292298029,True,2026-09-30 09:52:00,0.12,0.02155590524024053,0.8285714285714286,2026-09-30 17:38:00,4165.71,停損,22.449999999999818,-22.56999999999982,-1.0053452115812918,True,2026-09-30|8.0|1,False
2026-09-30,7.5,533,1,4190.67,4185.05,4165.71,19.340000000000146,92.78200000000015,0.20844560367312748,True,2026-09-30 09:53:00,0.12,0.02155590524024053,0.8285714285714286,2026-09-30 17:38:00,4165.71,停損,24.960000000000036,-25.080000000000037,-1.0048076923076923,True,2026-09-30|7.5|1,False
2026-09-30,9.0,564,1,4200.87,4194.98,4176.2,18.779999999999745,92.78200000000015,0.2024099502058558,True,2026-09-30 10:24:00,0.12,0.02155590524024053,0.7837837837837838,2026-09-30 17:02:00,4176.2,停損,24.670000000000073,-24.790000000000074,-1.0048642075395218,True,2026-09-30|9.0|1,True
2026-10-01,2.0,137,-1,4147.29,4156.69,4152.06,4.6299999999992,86.72700000000013,0.05338591211501831,True,2026-10-01 03:17:00,0.12,0.057652172910396905,0.0,2026-10-01 04:07:00,4156.69,停損,9.399999999999636,-9.519999999999635,-1.0127659574468089,True,2026-10-01|2.0|-1,False
2026-10-06,7.5,483,-1,4113.85,4128.2,4120.33,7.869999999999891,81.86700000000027,0.09613153040907649,True,2026-10-06 09:03:00,0.12,0.012214933978281807,0.375,2026-10-06 09:18:00,4128.2,停損,14.349999999999454,-14.469999999999454,-1.0083623693379793,True,2026-10-06|7.5|-1,True
