day,h,i,side,lvl,ibh,ibl,rng,atr,ib_atr,aligned,t_in,spread,tail,ext_letter,exit_time,exit_px,exit_reason,risk,pnl,R,ow,key
2026-01-19,2.0833333333333335,83,1,4677.93,4670.33,4665.25,5.079999999999927,78.27200000000002,0.06490188062142178,False,2026-01-19 02:23:00,0.09,0.42160670482420265,0.0,2026-01-19 03:12:00,4665.25,停損,12.680000000000291,-12.770000000000291,-1.007097791798107,True,2026-01-19|2.083|1
2026-01-19,2.0,99,1,4680.43,4676.19,4665.67,10.519999999999527,78.27200000000002,0.13440310711364886,False,2026-01-19 02:39:00,0.09,0.42160670482420265,0.0,2026-01-19 03:12:00,4665.67,停損,14.760000000000218,-14.850000000000218,-1.0060975609756098,True,2026-01-19|2.0|1
2026-01-19,4.75,241,1,4665.48,4661.35,4655.02,6.329999999999927,78.27200000000002,0.0808718315617325,False,2026-01-19 05:01:00,0.09,0.42160670482420265,0.0,2026-01-19 21:30:00,4670.91,收盤,10.459999999999127,5.340000000000291,0.5105162523901278,True,2026-01-19|4.75|1
2026-01-19,4.583333333333333,242,1,4667.47,4662.42,4656.68,5.739999999999782,78.27200000000002,0.07333401471790398,False,2026-01-19 05:02:00,0.09,0.42160670482420265,0.0,2026-01-19 21:30:00,4670.91,收盤,10.789999999999964,3.3499999999996,0.3104726598702142,True,2026-01-19|4.583|1
2026-01-19,4.833333333333333,253,1,4668.55,4664.5,4657.47,7.029999999999745,78.27200000000002,0.08981500408830416,False,2026-01-19 05:13:00,0.09,0.42160670482420265,0.0,2026-01-19 21:30:00,4670.91,收盤,11.079999999999927,2.2699999999996727,0.20487364620935808,True,2026-01-19|4.833|1
2026-01-19,6.5,362,1,4667.07,4663.15,4659.27,3.8799999999991996,78.27200000000002,0.04957072771871421,False,2026-01-19 07:02:00,0.09,0.42160670482420265,0.0,2026-01-19 21:30:00,4670.91,收盤,7.799999999999272,3.7500000000001457,0.4807692307692943,True,2026-01-19|6.5|1
2026-01-19,6.666666666666667,363,1,4668.69,4664.33,4659.74,4.5900000000001455,78.27200000000002,0.058641659852822776,False,2026-01-19 07:03:00,0.09,0.42160670482420265,0.0,2026-01-19 21:30:00,4670.91,收盤,8.949999999999818,2.130000000000255,0.23798882681567576,True,2026-01-19|6.667|1
2026-01-19,6.416666666666667,365,1,4669.04,4664.92,4660.39,4.529999999999745,78.27200000000002,0.05787510220768275,False,2026-01-19 07:05:00,0.09,0.42160670482420265,0.0,2026-01-19 13:42:00,4660.39,停損,8.649999999999636,-8.739999999999636,-1.0104046242774571,True,2026-01-19|6.417|1
2026-01-19,6.75,367,1,4670.76,4666.01,4661.21,4.800000000000182,78.27200000000002,0.06132461161079544,False,2026-01-19 07:07:00,0.09,0.42160670482420265,0.0,2026-01-19 13:42:00,4661.21,停損,9.550000000000182,-9.640000000000182,-1.0094240837696333,True,2026-01-19|6.75|1
2026-01-19,8.0,453,1,4674.46,4670.43,4666.85,3.5799999999999272,78.27200000000002,0.04573793949304893,False,2026-01-19 08:33:00,0.09,0.42160670482420265,0.0,2026-01-19 09:17:00,4666.85,停損,7.609999999999673,-7.699999999999672,-1.0118265440210255,True,2026-01-19|8.0|1
2026-01-19,8.083333333333334,454,1,4674.66,4670.59,4666.85,3.7399999999997817,78.27200000000002,0.047782093213406845,False,2026-01-19 08:34:00,0.09,0.42160670482420265,0.0,2026-01-19 09:17:00,4666.85,停損,7.809999999999491,-7.8999999999994905,-1.0115236875800264,True,2026-01-19|8.083|1
2026-01-19,8.333333333333334,476,1,4678.04,4672.68,4669.47,3.2100000000000364,78.27200000000002,0.04101083401471836,False,2026-01-19 08:56:00,0.09,0.42160670482420265,0.0,2026-01-19 09:13:00,4669.47,停損,8.569999999999709,-8.659999999999709,-1.0105017502917155,True,2026-01-19|8.333|1
2026-01-19,9.75,547,1,4670.34,4666.39,4663.11,3.280000000000655,78.27200000000002,0.041905151267383665,False,2026-01-19 10:07:00,0.09,0.42160670482420265,0.0,2026-01-19 10:56:00,4663.11,停損,7.230000000000473,-7.320000000000473,-1.012448132780082,True,2026-01-19|9.75|1
2026-01-19,9.583333333333334,548,1,4672.4,4667.61,4664.8,2.8099999999994907,78.27200000000002,0.03590044971381196,False,2026-01-19 10:08:00,0.09,0.42160670482420265,0.0,2026-01-19 10:54:00,4664.8,停損,7.599999999999454,-7.689999999999454,-1.0118421052631588,True,2026-01-19|9.583|1
2026-01-19,10.916666666666666,611,1,4670.17,4666.21,4661.89,4.319999999999709,78.27200000000002,0.055192150449710084,False,2026-01-19 11:11:00,0.09,0.42160670482420265,0.0,2026-01-19 12:45:00,4661.89,停損,8.279999999999745,-8.369999999999745,-1.0108695652173916,True,2026-01-19|10.917|1
2026-01-19,10.833333333333334,618,1,4672.05,4667.93,4661.89,6.039999999999964,78.27200000000002,0.07716680294358087,False,2026-01-19 11:18:00,0.09,0.42160670482420265,0.0,2026-01-19 12:45:00,4661.89,停損,10.159999999999854,-10.249999999999854,-1.0088582677165356,True,2026-01-19|10.833|1
2026-01-20,5.833333333333333,328,1,4685.6,4681.47,4677.75,3.7200000000002547,75.47699999999995,0.04928653762073555,True,2026-01-20 06:28:00,0.13,0.0,0.23809523809523808,2026-01-20 23:58:00,4763.17,收盤,7.850000000000364,77.43999999999971,9.864968152865748,True,2026-01-20|5.833|1
2026-01-20,6.0,335,1,4687.49,4682.53,4679.69,2.8400000000001455,75.47699999999995,0.03762735667819531,True,2026-01-20 06:35:00,0.1,0.0,0.22727272727272727,2026-01-20 23:58:00,4763.17,收盤,7.800000000000182,75.5800000000003,9.689743589743403,True,2026-01-20|6.0|1
2026-01-20,6.25,336,1,4690.3,4684.39,4680.42,3.9700000000002547,75.47699999999995,0.0525988049339568,True,2026-01-20 06:36:00,0.14,0.0,0.22727272727272727,2026-01-20 23:58:00,4763.17,收盤,9.88000000000011,72.72999999999989,7.3613360323885715,True,2026-01-20|6.25|1
2026-01-20,6.333333333333333,337,1,4691.13,4687.21,4682.03,5.180000000000291,75.47699999999995,0.06863017872994813,True,2026-01-20 06:37:00,0.15,0.0,0.22727272727272727,2026-01-20 23:58:00,4763.17,收盤,9.100000000000364,71.88999999999996,7.89999999999968,True,2026-01-20|6.333|1
2026-01-20,6.416666666666667,343,1,4693.12,4687.92,4683.59,4.329999999999927,75.47699999999995,0.05736846986499106,True,2026-01-20 06:43:00,0.08,0.0,0.22727272727272727,2026-01-20 23:58:00,4763.17,收盤,9.529999999999745,69.97000000000018,7.342077649528022,True,2026-01-20|6.417|1
2026-01-20,6.5,361,1,4696.32,4691.73,4684.42,7.309999999999491,75.47699999999995,0.09685069623858256,True,2026-01-20 07:01:00,0.12,0.0,0.20833333333333334,2026-01-20 23:58:00,4763.17,收盤,11.899999999999636,66.73000000000036,5.607563025210285,True,2026-01-20|6.5|1
2026-01-20,6.583333333333333,366,1,4698.5,4693.45,4687.25,6.199999999999818,75.47699999999995,0.08214422936788456,True,2026-01-20 07:06:00,0.08,0.0,0.20833333333333334,2026-01-20 23:58:00,4763.17,收盤,11.25,64.59000000000007,5.74133333333334,True,2026-01-20|6.583|1
2026-01-20,6.833333333333333,373,1,4701.19,4697.07,4691.66,5.4099999999998545,75.47699999999995,0.07167746465810589,True,2026-01-20 07:13:00,0.08,0.0,0.20833333333333334,2026-01-20 23:58:00,4763.17,收盤,9.529999999999745,61.900000000000475,6.495278069255208,True,2026-01-20|6.833|1
2026-01-20,6.916666666666667,395,1,4704.8,4697.61,4692.43,5.1799999999993815,75.47699999999995,0.06863017872993607,True,2026-01-20 07:35:00,0.11,0.0,0.19230769230769232,2026-01-20 23:58:00,4763.17,收盤,12.36999999999989,58.25999999999989,4.709781729991949,True,2026-01-20|6.917|1
2026-01-20,7.083333333333333,404,1,4705.6,4701.53,4694.76,6.769999999999527,75.47699999999995,0.08969619884202515,True,2026-01-20 07:44:00,0.08,0.0,0.19230769230769232,2026-01-20 23:58:00,4763.17,收盤,10.840000000000146,57.48999999999971,5.303505535055253,True,2026-01-20|7.083|1
2026-01-20,7.416666666666667,414,1,4709.8,4705.15,4694.19,10.960000000000036,75.47699999999995,0.14520979901162,True,2026-01-20 07:54:00,0.08,0.0,0.18518518518518517,2026-01-20 23:58:00,4763.17,收盤,15.610000000000582,53.28999999999989,3.4138372837923066,True,2026-01-20|7.417|1
2026-01-20,7.583333333333333,415,1,4710.03,4706.19,4701.14,5.049999999999272,75.47699999999995,0.06690779972705958,True,2026-01-20 07:55:00,0.08,0.0,0.18518518518518517,2026-01-20 23:58:00,4763.17,收盤,8.889999999999418,53.06000000000033,5.968503937008302,True,2026-01-20|7.583|1
2026-01-20,7.666666666666667,416,1,4713.22,4707.85,4701.14,6.710000000000036,75.47699999999995,0.08890125468685879,True,2026-01-20 07:56:00,0.08,0.0,0.18518518518518517,2026-01-20 23:58:00,4763.17,收盤,12.079999999999927,49.86999999999982,4.128311258278155,True,2026-01-20|7.667|1
2026-01-20,7.75,419,1,4714.93,4710.23,4704.94,5.289999999999964,75.47699999999995,0.07008757634776114,True,2026-01-20 07:59:00,0.11,0.0,0.18518518518518517,2026-01-20 23:58:00,4763.17,收盤,9.990000000000691,48.12999999999978,4.817817817817462,True,2026-01-20|7.75|1
2026-01-20,8.583333333333334,491,1,4715.55,4711.27,4705.73,5.540000000000873,75.47699999999995,0.07339984366099443,True,2026-01-20 09:11:00,0.08,0.0,0.15625,2026-01-20 23:58:00,4763.17,收盤,9.820000000000618,47.53999999999989,4.841140529531252,True,2026-01-20|8.583|1
2026-01-20,8.75,505,1,4719.14,4715.27,4709.37,5.900000000000546,75.47699999999995,0.07816950859202869,True,2026-01-20 09:25:00,0.11,0.0,0.15151515151515152,2026-01-20 23:58:00,4763.17,收盤,9.770000000000437,43.919999999999746,4.495394063459344,True,2026-01-20|8.75|1
2026-01-20,8.916666666666666,513,1,4720.07,4715.91,4711.49,4.420000000000073,75.47699999999995,0.05856088609775264,True,2026-01-20 09:33:00,0.08,0.0,0.14705882352941177,2026-01-20 23:58:00,4763.17,收盤,8.579999999999927,43.020000000000366,5.013986013986099,True,2026-01-20|8.917|1
2026-01-20,9.166666666666666,527,1,4721.53,4717.71,4713.82,3.8900000000003274,75.47699999999995,0.051538879393726963,True,2026-01-20 09:47:00,0.08,0.0,0.14285714285714285,2026-01-20 23:58:00,4763.17,收盤,7.710000000000036,41.56000000000033,5.390402075226995,True,2026-01-20|9.167|1
2026-01-20,9.833333333333334,552,1,4725.28,4720.94,4714.92,6.019999999999527,75.47699999999995,0.0797593969023614,True,2026-01-20 10:12:00,0.09,0.0,0.1388888888888889,2026-01-20 23:58:00,4763.17,收盤,10.359999999999673,37.800000000000324,3.6486486486487952,True,2026-01-20|9.833|1
2026-01-20,10.583333333333334,594,1,4727.75,4723.82,4716.12,7.699999999999818,75.47699999999995,0.10201783324721204,True,2026-01-20 10:54:00,0.09,0.0,0.1282051282051282,2026-01-20 15:23:00,4716.12,停損,11.63000000000011,-11.720000000000109,-1.0077386070507308,True,2026-01-20|10.583|1
2026-01-20,10.416666666666666,595,1,4728.39,4724.51,4718.22,6.289999999999964,75.47699999999995,0.08333664560064613,True,2026-01-20 10:55:00,0.09,0.0,0.1282051282051282,2026-01-20 15:23:00,4718.22,停損,10.170000000000073,-10.260000000000073,-1.008849557522124,True,2026-01-20|10.417|1
2026-01-20,10.333333333333334,597,1,4729.87,4725.11,4718.22,6.889999999999418,75.47699999999995,0.0912860871523699,True,2026-01-20 10:57:00,0.09,0.0,0.1282051282051282,2026-01-20 15:23:00,4718.22,停損,11.649999999999636,-11.739999999999636,-1.0077253218884124,True,2026-01-20|10.333|1
2026-01-21,2.0,94,1,4783.63,4776.24,4770.77,5.469999999999345,79.22799999999998,0.0690412480436127,True,2026-01-21 02:34:00,0.14,0.0,0.0,2026-01-21 21:41:00,4770.77,停損,12.859999999999673,-12.999999999999673,-1.0108864696734063,True,2026-01-21|2.0|1
2026-01-21,2.3333333333333335,103,1,4785.76,4779.9,4773.84,6.059999999999491,79.22799999999998,0.07648811026404165,True,2026-01-21 02:43:00,0.09,0.0,0.0,2026-01-21 21:40:00,4773.84,停損,11.920000000000073,-12.010000000000073,-1.0075503355704698,True,2026-01-21|2.333|1
2026-01-21,2.4166666666666665,123,1,4789.31,4783.83,4773.84,9.989999999999782,79.22799999999998,0.12609178573231414,True,2026-01-21 03:03:00,0.15,0.0,0.0,2026-01-21 21:40:00,4773.84,停損,15.470000000000255,-15.620000000000255,-1.0096961861667744,True,2026-01-21|2.417|1
2026-01-21,2.5833333333333335,125,1,4792.6,4785.89,4779.96,5.930000000000291,79.22799999999998,0.07484727621548307,True,2026-01-21 03:05:00,0.12,0.0,0.0,2026-01-21 21:38:00,4779.96,停損,12.640000000000327,-12.760000000000327,-1.0094936708860756,True,2026-01-21|2.583|1
2026-01-21,2.9166666666666665,129,1,4799.7,4794.82,4783.49,11.329999999999927,79.22799999999998,0.14300499823294707,True,2026-01-21 03:09:00,0.11,0.0,0.0,2026-01-21 21:37:00,4783.49,停損,16.210000000000036,-16.320000000000036,-1.0067859346082664,True,2026-01-21|2.917|1
2026-01-21,3.0,134,1,4806.25,4800.06,4783.49,16.57000000000062,79.22799999999998,0.20914323219064754,True,2026-01-21 03:14:00,0.09,0.0,0.0,2026-01-21 21:37:00,4783.49,停損,22.76000000000022,-22.850000000000218,-1.0039543057996485,True,2026-01-21|3.0|1
2026-01-21,3.0833333333333335,141,1,4813.97,4809.93,4791.91,18.020000000000437,79.22799999999998,0.22744484273237292,True,2026-01-21 03:21:00,0.09,0.0,0.0,2026-01-21 21:36:00,4791.91,停損,22.0600000000004,-22.1500000000004,-1.0040797824116046,True,2026-01-21|3.083|1
2026-01-21,3.1666666666666665,147,1,4819.52,4813.8,4794.27,19.529999999999745,79.22799999999998,0.2465037612965082,True,2026-01-21 03:27:00,0.12,0.0,0.0,2026-01-21 21:36:00,4794.27,停損,25.25,-25.37,-1.0047524752475248,True,2026-01-21|3.167|1
2026-01-21,3.25,148,1,4822.49,4818.01,4805.16,12.850000000000364,79.22799999999998,0.16219013480083264,True,2026-01-21 03:28:00,0.09,0.0,0.0,2026-01-21 19:33:00,4805.16,停損,17.329999999999927,-17.419999999999927,-1.005193306405078,True,2026-01-21|3.25|1
2026-01-21,3.3333333333333335,172,1,4831.6,4827.63,4810.36,17.270000000000437,79.22799999999998,0.21797849245216894,True,2026-01-21 03:52:00,0.14,0.0,0.0,2026-01-21 19:32:00,4810.36,停損,21.24000000000069,-21.380000000000692,-1.0065913370998114,True,2026-01-21|3.333|1
2026-01-21,3.4166666666666665,175,1,4843.91,4836.41,4814.86,21.550000000000182,79.22799999999998,0.2719997980511964,True,2026-01-21 03:55:00,0.09,0.0,0.0,2026-01-21 17:24:00,4814.86,停損,29.050000000000182,-29.14000000000018,-1.0030981067125646,True,2026-01-21|3.417|1
2026-01-21,4.25,214,1,4832.39,4828.25,4817.47,10.779999999999745,79.22799999999998,0.13606300802746185,True,2026-01-21 04:34:00,0.09,0.0,0.0,2026-01-21 17:24:00,4817.47,停損,14.920000000000073,-15.010000000000073,-1.0060321715817695,True,2026-01-21|4.25|1
2026-01-21,4.416666666666667,219,1,4837.47,4832.88,4818.58,14.300000000000182,79.22799999999998,0.180491745342558,True,2026-01-21 04:39:00,0.14,0.0,0.0,2026-01-21 17:24:00,4818.58,停損,18.890000000000327,-19.030000000000328,-1.0074113287453679,True,2026-01-21|4.417|1
2026-01-21,4.75,241,1,4838.6,4833.15,4827.63,5.519999999999527,79.22799999999998,0.06967233806229525,True,2026-01-21 05:01:00,0.09,0.0,0.0,2026-01-21 05:16:00,4827.63,停損,10.970000000000255,-11.060000000000255,-1.0082041932543298,True,2026-01-21|4.75|1
2026-01-21,4.833333333333333,243,1,4842.19,4837.07,4827.63,9.4399999999996,79.22799999999998,0.11914979552682893,True,2026-01-21 05:03:00,0.09,0.0,0.0,2026-01-21 05:16:00,4827.63,停損,14.55999999999949,-14.64999999999949,-1.0061813186813189,True,2026-01-21|4.833|1
2026-01-21,4.5,244,1,4844.53,4839.46,4822.13,17.329999999999927,79.22799999999998,0.21873580047457883,True,2026-01-21 05:04:00,0.09,0.0,0.0,2026-01-21 17:22:00,4822.13,停損,22.399999999999636,-22.489999999999636,-1.0040178571428573,True,2026-01-21|4.5|1
2026-01-21,5.333333333333333,276,1,4840.36,4835.35,4827.1,8.25,79.22799999999998,0.10412985308224368,True,2026-01-21 05:36:00,0.09,0.0,0.0,2026-01-21 17:22:00,4827.1,停損,13.259999999999309,-13.349999999999309,-1.0067873303167425,True,2026-01-21|5.333|1
2026-01-21,5.25,279,1,4841.23,4836.99,4827.1,9.889999999999418,79.22799999999998,0.12482960569494901,True,2026-01-21 05:39:00,0.09,0.0,0.0,2026-01-21 17:22:00,4827.1,停損,14.1299999999992,-14.2199999999992,-1.0063694267515928,True,2026-01-21|5.25|1
2026-01-21,5.416666666666667,281,1,4845.91,4838.14,4828.11,10.030000000000655,79.22799999999998,0.12659665774726936,True,2026-01-21 05:41:00,0.09,0.0,0.0,2026-01-21 17:21:00,4828.11,停損,17.800000000000182,-17.89000000000018,-1.0050561797752808,True,2026-01-21|5.417|1
2026-01-21,5.5,297,1,4846.28,4842.22,4831.75,10.470000000000255,79.22799999999998,0.13215024991165064,True,2026-01-21 05:57:00,0.12,0.0,0.0,2026-01-21 17:20:00,4831.75,停損,14.529999999999745,-14.649999999999745,-1.0082587749483827,True,2026-01-21|5.5|1
2026-01-21,5.75,319,1,4848.74,4844.26,4840.1,4.1599999999998545,79.22799999999998,0.052506689554196184,True,2026-01-21 06:19:00,0.09,0.0,0.0,2026-01-21 09:05:00,4840.1,停損,8.639999999999418,-8.729999999999418,-1.0104166666666674,True,2026-01-21|5.75|1
2026-01-21,5.666666666666667,320,1,4850.24,4846.23,4839.48,6.75,79.22799999999998,0.08519715252183574,True,2026-01-21 06:20:00,0.11,0.0,0.0,2026-01-21 09:05:00,4839.48,停損,10.760000000000218,-10.870000000000218,-1.0102230483271373,True,2026-01-21|5.667|1
2026-01-21,5.833333333333333,324,1,4854.04,4847.04,4840.36,6.680000000000291,79.22799999999998,0.08431362649568704,True,2026-01-21 06:24:00,0.1,0.0,0.0,2026-01-21 09:05:00,4840.36,停損,13.680000000000291,-13.78000000000029,-1.0073099415204676,True,2026-01-21|5.833|1
2026-01-21,6.166666666666667,334,1,4855.15,4850.9,4837.92,12.979999999999563,79.22799999999998,0.16383096884939122,True,2026-01-21 06:34:00,0.1,0.0,0.0,2026-01-21 09:05:00,4837.92,停損,17.229999999999563,-17.329999999999565,-1.0058038305281487,True,2026-01-21|6.167|1
2026-01-21,6.25,337,1,4858.92,4854.17,4843.98,10.19000000000051,79.22799999999998,0.12861614580704436,True,2026-01-21 06:37:00,0.15,0.0,0.0,2026-01-21 09:01:00,4843.98,停損,14.94000000000051,-15.09000000000051,-1.01004016064257,True,2026-01-21|6.25|1
2026-01-21,6.416666666666667,338,1,4860.04,4855.39,4849.62,5.770000000000437,79.22799999999998,0.07282778815570806,True,2026-01-21 06:38:00,0.11,0.0,0.0,2026-01-21 08:58:00,4849.62,停損,10.420000000000073,-10.530000000000072,-1.010556621880998,True,2026-01-21|6.417|1
2026-01-21,6.5,345,1,4865.49,4861.11,4849.88,11.229999999999563,79.22799999999998,0.14174281819558193,True,2026-01-21 06:45:00,0.09,0.0,0.0,2026-01-21 08:58:00,4849.88,停損,15.609999999999673,-15.699999999999672,-1.005765534913517,True,2026-01-21|6.5|1
2026-01-21,6.666666666666667,378,1,4870.18,4866.1,4859.37,6.730000000000473,79.22799999999998,0.0849447165143696,True,2026-01-21 07:18:00,0.09,0.0,0.0,2026-01-21 08:44:00,4859.37,停損,10.8100000000004,-10.9000000000004,-1.0083256244218313,True,2026-01-21|6.667|1
2026-01-21,6.75,379,1,4872.45,4867.04,4862.38,4.6599999999998545,79.22799999999998,0.058817589740998835,True,2026-01-21 07:19:00,0.09,0.0,0.0,2026-01-21 08:43:00,4862.38,停損,10.069999999999709,-10.159999999999709,-1.0089374379344591,True,2026-01-21|6.75|1
2026-01-21,6.916666666666667,395,1,4876.25,4870.86,4859.62,11.239999999999782,79.22799999999998,0.14186903619932076,True,2026-01-21 07:35:00,0.12,0.0,0.0,2026-01-21 08:44:00,4859.62,停損,16.63000000000011,-16.75000000000011,-1.0072158749248346,True,2026-01-21|6.917|1
2026-01-21,7.916666666666667,443,1,4879.78,4875.38,4867.39,7.989999999999782,79.22799999999998,0.10084818498510355,True,2026-01-21 08:23:00,0.12,0.0,0.0,2026-01-21 08:41:00,4867.39,停損,12.389999999999418,-12.509999999999417,-1.0096852300242134,True,2026-01-21|7.917|1
2026-01-21,7.833333333333333,446,1,4883.47,4877.01,4869.17,7.8400000000001455,79.22799999999998,0.09895491492906734,True,2026-01-21 08:26:00,0.09,0.0,0.0,2026-01-21 08:40:00,4869.17,停損,14.300000000000182,-14.390000000000182,-1.0062937062937063,True,2026-01-21|7.833|1
2026-01-21,8.25,448,1,4884.45,4880.38,4870.33,10.050000000000182,79.22799999999998,0.1268490937547355,True,2026-01-21 08:28:00,0.09,0.0,0.0,2026-01-21 08:39:00,4870.33,停損,14.11999999999989,-14.20999999999989,-1.006373937677054,True,2026-01-21|8.25|1
2026-01-21,9.166666666666666,509,1,4847.82,4842.08,4833.48,8.600000000000364,79.22799999999998,0.10854748321301012,True,2026-01-21 09:29:00,0.09,0.0,0.0,2026-01-21 17:20:00,4833.48,停損,14.340000000000146,-14.430000000000145,-1.006276150627615,True,2026-01-21|9.167|1
2026-01-21,9.083333333333334,510,1,4849.12,4844.29,4835.13,9.159999999999854,79.22799999999998,0.11561569142222265,True,2026-01-21 09:30:00,0.09,0.0,0.0,2026-01-21 17:20:00,4835.13,停損,13.989999999999782,-14.079999999999782,-1.0064331665475341,True,2026-01-21|9.083|1
2026-01-21,9.333333333333334,532,1,4855.09,4850.55,4832.62,17.93000000000029,79.22799999999998,0.2263088806987466,True,2026-01-21 09:52:00,0.09,0.0,0.0,2026-01-21 17:20:00,4832.62,停損,22.470000000000255,-22.560000000000255,-1.0040053404539386,True,2026-01-21|9.333|1
2026-01-21,9.416666666666666,533,1,4856.16,4851.86,4839.25,12.609999999999673,79.22799999999998,0.15916090271115862,True,2026-01-21 09:53:00,0.09,0.0,0.0,2026-01-21 17:20:00,4839.25,停損,16.909999999999854,-16.999999999999854,-1.0053222945002958,True,2026-01-21|9.417|1
2026-01-21,9.75,546,1,4862.66,4856.96,4847.63,9.329999999999927,79.22799999999998,0.11776139748573648,True,2026-01-21 10:06:00,0.09,0.0,0.0,2026-01-21 16:06:00,4847.63,停損,15.029999999999745,-15.119999999999745,-1.005988023952096,True,2026-01-21|9.75|1
2026-01-21,9.916666666666666,559,1,4866.22,4859.94,4853.8,6.139999999999418,79.22799999999998,0.07749785429392916,True,2026-01-21 10:19:00,0.09,0.0,0.0,2026-01-21 10:59:00,4853.8,停損,12.420000000000073,-12.510000000000073,-1.0072463768115942,True,2026-01-21|9.917|1
2026-01-21,10.0,569,1,4868.25,4863.97,4853.8,10.170000000000073,79.22799999999998,0.12836370979956677,True,2026-01-21 10:29:00,0.1,0.0,0.0,2026-01-21 10:59:00,4853.8,停損,14.449999999999818,-14.549999999999818,-1.0069204152249136,True,2026-01-21|10.0|1
2026-01-21,10.75,623,1,4867.41,4863.12,4855.02,8.099999999999454,79.22799999999998,0.102236583026196,True,2026-01-21 11:23:00,0.09,0.0,0.0,2026-01-21 13:47:00,4855.02,停損,12.389999999999418,-12.479999999999418,-1.00726392251816,True,2026-01-21|10.75|1
2026-01-22,2.75,122,-1,4781.84,4794.87,4787.62,7.25,84.79199999999992,0.0855033493725824,False,2026-01-22 03:02:00,0.16,0.2240777431833194,0.0,2026-01-22 03:18:00,4794.87,停損,13.029999999999745,-13.189999999999745,-1.0122793553338452,True,2026-01-22|2.75|-1
2026-01-22,2.5833333333333335,124,-1,4774.41,4795.64,4784.25,11.390000000000327,84.79199999999992,0.1343287102556885,False,2026-01-22 03:04:00,0.14,0.2240777431833194,0.0,2026-01-22 03:18:00,4795.64,停損,21.230000000000473,-21.370000000000474,-1.0065944418276023,True,2026-01-22|2.583|-1
2026-01-22,3.6666666666666665,182,-1,4791.87,4804.73,4798.71,6.019999999999527,84.79199999999992,0.07099726389281456,False,2026-01-22 04:02:00,0.12,0.2240777431833194,0.0,2026-01-22 07:46:00,4804.73,停損,12.859999999999673,-12.979999999999672,-1.0093312597200623,True,2026-01-22|3.667|-1
2026-01-22,3.5,187,-1,4787.68,4803.0,4793.39,9.609999999999673,84.79199999999992,0.11333616378903295,False,2026-01-22 04:07:00,0.12,0.2240777431833194,0.0,2026-01-22 07:46:00,4803.0,停損,15.319999999999709,-15.439999999999708,-1.007832898172324,True,2026-01-22|3.5|-1
2026-01-22,3.9166666666666665,213,-1,4783.09,4804.65,4789.28,15.36999999999989,84.79199999999992,0.18126710066987342,False,2026-01-22 04:33:00,0.1,0.2240777431833194,0.0,2026-01-22 07:46:00,4804.65,停損,21.55999999999949,-21.659999999999492,-1.0046382189239333,True,2026-01-22|3.917|-1
2026-01-22,4.333333333333333,214,-1,4780.74,4795.73,4786.62,9.109999999999673,84.79199999999992,0.10743938107368244,False,2026-01-22 04:34:00,0.1,0.2240777431833194,0.0,2026-01-22 05:28:00,4795.73,停損,14.989999999999782,-15.089999999999781,-1.0066711140760507,True,2026-01-22|4.333|-1
2026-01-23,2.4166666666666665,116,1,4962.35,4955.19,4948.02,7.169999999999163,94.45499999999993,0.0759091630935278,True,2026-01-23 02:56:00,0.1,0.0846964162828861,0.2857142857142857,2026-01-23 03:03:00,4948.02,停損,14.329999999999927,-14.429999999999927,-1.0069783670621075,True,2026-01-23|2.417|1
2026-01-23,2.3333333333333335,120,1,4965.14,4958.26,4948.24,10.020000000000437,94.45499999999993,0.10608226139431946,True,2026-01-23 03:00:00,0.14,0.0846964162828861,0.2857142857142857,2026-01-23 03:03:00,4948.24,停損,16.900000000000546,-17.040000000000546,-1.0082840236686388,True,2026-01-23|2.333|1
2026-01-23,3.0833333333333335,155,1,4955.88,4950.37,4936.72,13.649999999999636,94.45499999999993,0.14451326028267056,True,2026-01-23 03:35:00,0.1,0.06352231221216458,0.2,2026-01-23 10:21:00,4936.72,停損,19.159999999999854,-19.259999999999856,-1.0052192066805847,True,2026-01-23|3.083|1
2026-01-23,3.3333333333333335,168,1,4959.1,4952.29,4943.5,8.789999999999964,94.45499999999993,0.09306018739082071,True,2026-01-23 03:48:00,0.13,0.06352231221216458,0.18181818181818182,2026-01-23 05:20:00,4943.5,停損,15.600000000000364,-15.730000000000365,-1.008333333333333,True,2026-01-23|3.333|1
2026-01-23,3.1666666666666665,169,1,4960.37,4954.43,4942.22,12.210000000000036,94.45499999999993,0.12926790535175528,True,2026-01-23 03:49:00,0.1,0.06352231221216458,0.18181818181818182,2026-01-23 05:20:00,4942.22,停損,18.149999999999636,-18.249999999999638,-1.0055096418732785,True,2026-01-23|3.167|1
2026-01-23,3.4166666666666665,171,1,4962.41,4956.19,4945.65,10.539999999999964,94.45499999999993,0.11158752845270205,True,2026-01-23 03:51:00,0.1,0.06352231221216458,0.18181818181818182,2026-01-23 05:19:00,4945.65,停損,16.76000000000022,-16.86000000000022,-1.005966587112172,True,2026-01-23|3.417|1
2026-01-23,4.166666666666667,211,1,4956.34,4951.04,4947.18,3.8599999999996726,94.45499999999993,0.04086602085648908,True,2026-01-23 04:31:00,0.1,0.06352231221216458,0.14285714285714285,2026-01-23 05:19:00,4947.18,停損,9.159999999999854,-9.259999999999854,-1.0109170305676858,True,2026-01-23|4.167|1
2026-01-23,4.25,226,1,4958.62,4953.52,4948.08,5.440000000000509,94.45499999999993,0.05759356307236794,True,2026-01-23 04:46:00,0.1,0.06352231221216458,0.13333333333333333,2026-01-23 05:19:00,4948.08,停損,10.539999999999964,-10.639999999999963,-1.0094876660341556,True,2026-01-23|4.25|1
2026-01-23,5.333333333333333,275,1,4950.68,4945.94,4938.16,7.779999999999745,94.45499999999993,0.08236726483510404,True,2026-01-23 05:35:00,0.1,0.06352231221216458,0.1111111111111111,2026-01-23 10:19:00,4938.16,停損,12.520000000000437,-12.620000000000436,-1.007987220447284,True,2026-01-23|5.333|1
2026-01-23,6.333333333333333,348,1,4957.89,4952.97,4950.16,2.8100000000004,94.45499999999993,0.029749616219367978,True,2026-01-23 06:48:00,0.1,0.06352231221216458,0.08695652173913043,2026-01-23 08:12:00,4950.16,停損,7.730000000000473,-7.830000000000473,-1.0129366106080198,True,2026-01-23|6.333|1
2026-01-23,6.25,351,1,4958.09,4953.26,4950.16,3.100000000000364,94.45499999999993,0.032819861309622216,True,2026-01-23 06:51:00,0.1,0.06352231221216458,0.08695652173913043,2026-01-23 08:12:00,4950.16,停損,7.930000000000291,-8.03000000000029,-1.0126103404791924,True,2026-01-23|6.25|1
2026-01-23,7.166666666666667,407,1,4963.25,4957.9,4955.46,2.4399999999996,94.45499999999993,0.025832406966276023,True,2026-01-23 07:47:00,0.1,0.06352231221216458,0.07407407407407407,2026-01-23 08:11:00,4955.46,停損,7.789999999999964,-7.889999999999963,-1.012836970474968,True,2026-01-23|7.167|1
2026-01-23,7.25,408,1,4965.54,4960.09,4955.55,4.539999999999964,94.45499999999993,0.04806521624053747,True,2026-01-23 07:48:00,0.13,0.06352231221216458,0.07407407407407407,2026-01-23 08:10:00,4955.55,停損,9.989999999999782,-10.119999999999783,-1.0130130130130133,True,2026-01-23|7.25|1
2026-01-23,7.583333333333333,409,1,4966.14,4961.37,4956.64,4.729999999999563,94.45499999999993,0.050076756127251786,True,2026-01-23 07:49:00,0.11,0.06352231221216458,0.07407407407407407,2026-01-23 08:09:00,4956.64,停損,9.5,-9.61,-1.011578947368421,True,2026-01-23|7.583|1
2026-01-26,2.25,93,1,5045.49,5039.94,5030.7,9.239999999999782,97.03599999999987,0.09522239168968005,True,2026-01-26 02:33:00,0.1,0.11335999010676465,0.0,2026-01-26 03:02:00,5030.7,停損,14.789999999999964,-14.889999999999963,-1.0067613252197432,True,2026-01-26|2.25|1
2026-01-26,2.1666666666666665,94,1,5048.03,5042.74,5033.11,9.63000000000011,97.03599999999987,0.09924151861165054,True,2026-01-26 02:34:00,0.1,0.11335999010676465,0.0,2026-01-26 03:02:00,5033.11,停損,14.920000000000073,-15.020000000000072,-1.0067024128686326,True,2026-01-26|2.167|1
2026-01-26,2.0,99,1,5049.64,5043.84,5034.48,9.360000000000582,97.03599999999987,0.09645904612721665,True,2026-01-26 02:39:00,0.1,0.11335999010676465,0.0,2026-01-26 03:02:00,5034.48,停損,15.160000000000764,-15.260000000000764,-1.0065963060686012,True,2026-01-26|2.0|1
2026-01-26,2.9166666666666665,132,1,5052.46,5046.34,5028.95,17.390000000000327,97.03599999999987,0.17921183890515222,True,2026-01-26 03:12:00,0.1,0.11335999010676465,0.0,2026-01-26 21:22:00,5028.95,停損,23.51000000000022,-23.61000000000022,-1.0042535091450446,True,2026-01-26|2.917|1
2026-01-26,3.0,133,1,5056.66,5049.39,5028.95,20.44000000000051,97.03599999999987,0.2106434725256661,True,2026-01-26 03:13:00,0.1,0.11335999010676465,0.0,2026-01-26 21:22:00,5028.95,停損,27.710000000000036,-27.810000000000038,-1.0036088054853844,True,2026-01-26|3.0|1
2026-01-26,3.0833333333333335,139,1,5064.72,5059.02,5042.26,16.76000000000022,97.03599999999987,0.1727194031081273,True,2026-01-26 03:19:00,0.1,0.11335999010676465,0.0,2026-01-26 21:04:00,5042.26,停損,22.460000000000036,-22.560000000000038,-1.0044523597506678,True,2026-01-26|3.083|1
2026-01-26,3.1666666666666665,147,1,5070.96,5066.06,5046.72,19.340000000000146,97.03599999999987,0.1993074735149859,True,2026-01-26 03:27:00,0.16,0.11335999010676465,0.0,2026-01-26 21:03:00,5046.72,停損,24.23999999999978,-24.399999999999782,-1.0066006600660067,True,2026-01-26|3.167|1
2026-01-26,3.25,149,1,5075.21,5069.26,5056.35,12.909999999999854,97.03599999999987,0.13304340657075592,True,2026-01-26 03:29:00,0.1,0.11335999010676465,0.0,2026-01-26 07:13:00,5056.35,停損,18.859999999999673,-18.959999999999674,-1.005302226935313,True,2026-01-26|3.25|1
2026-01-26,3.3333333333333335,155,1,5083.88,5075.38,5061.74,13.640000000000327,97.03599999999987,0.14056638773239152,True,2026-01-26 03:35:00,0.1,0.11335999010676465,0.0,2026-01-26 06:46:00,5061.74,停損,22.140000000000327,-22.24000000000033,-1.004516711833785,True,2026-01-26|3.333|1
2026-01-26,3.8333333333333335,203,1,5087.62,5082.2,5067.66,14.539999999999964,97.03599999999987,0.14984129601385035,True,2026-01-26 04:23:00,0.11,0.11335999010676465,0.0,2026-01-26 06:33:00,5067.66,停損,19.960000000000036,-20.070000000000036,-1.0055110220440882,True,2026-01-26|3.833|1
2026-01-26,6.666666666666667,362,1,5072.37,5067.38,5058.5,8.88000000000011,97.03599999999987,0.0915124283770984,True,2026-01-26 07:02:00,0.1,0.11335999010676465,0.0,2026-01-26 07:13:00,5058.5,停損,13.86999999999989,-13.96999999999989,-1.007209805335256,True,2026-01-26|6.667|1
2026-01-26,7.166666666666667,409,1,5070.3,5064.94,5052.37,12.569999999999709,97.03599999999987,0.1295395523310908,True,2026-01-26 07:49:00,0.1,0.11335999010676465,0.0,2026-01-26 21:03:00,5052.37,停損,17.93000000000029,-18.030000000000292,-1.0055772448410485,True,2026-01-26|7.167|1
2026-01-26,7.333333333333333,410,1,5072.03,5067.01,5053.99,13.020000000000437,97.03599999999987,0.13417700647182956,True,2026-01-26 07:50:00,0.1,0.11335999010676465,0.0,2026-01-26 21:03:00,5053.99,停損,18.039999999999964,-18.139999999999965,-1.0055432372505544,True,2026-01-26|7.333|1
2026-01-26,7.5,412,1,5073.11,5067.94,5055.12,12.819999999999709,97.03599999999987,0.13211591574260817,True,2026-01-26 07:52:00,0.1,0.11335999010676465,0.0,2026-01-26 15:33:00,5055.12,停損,17.98999999999978,-18.089999999999783,-1.0055586436909396,True,2026-01-26|7.5|1
2026-01-26,7.666666666666667,422,1,5082.08,5072.19,5053.15,19.039999999999964,97.03599999999987,0.19621583742116316,True,2026-01-26 08:02:00,0.1,0.11335999010676465,0.0,2026-01-26 21:03:00,5053.15,停損,28.93000000000029,-29.030000000000292,-1.0034566194262011,True,2026-01-26|7.667|1
2026-01-26,8.25,453,1,5079.49,5073.22,5065.49,7.730000000000473,97.03599999999987,0.07966115668412221,True,2026-01-26 08:33:00,0.1,0.11335999010676465,0.0,2026-01-26 15:31:00,5065.49,停損,14.0,-14.1,-1.0071428571428571,True,2026-01-26|8.25|1
2026-01-26,8.166666666666666,457,1,5082.19,5076.11,5065.49,10.61999999999989,97.03599999999987,0.10944391772125711,True,2026-01-26 08:37:00,0.1,0.11335999010676465,0.0,2026-01-26 15:31:00,5065.49,停損,16.699999999999818,-16.79999999999982,-1.005988023952096,True,2026-01-26|8.167|1
2026-01-26,8.083333333333334,460,1,5084.41,5079.29,5067.48,11.8100000000004,97.03599999999987,0.12170740756008508,True,2026-01-26 08:40:00,0.1,0.11335999010676465,0.0,2026-01-26 15:03:00,5067.48,停損,16.93000000000029,-17.030000000000292,-1.0059066745422327,True,2026-01-26|8.083|1
2026-01-26,8.416666666666666,463,1,5089.12,5079.85,5072.55,7.300000000000182,97.03599999999987,0.07522981161630932,True,2026-01-26 08:43:00,0.1,0.11335999010676465,0.0,2026-01-26 15:03:00,5072.55,停損,16.56999999999971,-16.66999999999971,-1.0060350030175016,True,2026-01-26|8.417|1
2026-01-26,8.5,465,1,5092.11,5085.75,5074.88,10.86999999999989,97.03599999999987,0.11202028113277449,True,2026-01-26 08:45:00,0.1,0.11335999010676465,0.0,2026-01-26 09:02:00,5074.88,停損,17.229999999999563,-17.329999999999565,-1.0058038305281487,True,2026-01-26|8.5|1
2026-01-26,8.583333333333334,466,1,5098.36,5092.62,5078.03,14.590000000000146,97.03599999999987,0.1503565686961557,True,2026-01-26 08:46:00,0.1,0.11335999010676465,0.0,2026-01-26 08:59:00,5078.03,停損,20.329999999999927,-20.42999999999993,-1.0049188391539599,True,2026-01-26|8.583|1
2026-01-26,9.0,499,1,5095.53,5090.2,5074.02,16.17999999999938,97.03599999999987,0.16674223999339835,True,2026-01-26 09:19:00,0.1,0.11335999010676465,0.0,2026-01-26 15:03:00,5074.02,停損,21.50999999999931,-21.60999999999931,-1.0046490004649002,True,2026-01-26|9.0|1
2026-01-26,10.833333333333334,629,1,5096.7,5089.6,5080.18,9.420000000000073,97.03599999999987,0.09707737334597556,True,2026-01-26 11:29:00,0.1,0.11335999010676465,0.0,2026-01-26 11:52:00,5080.18,停損,16.519999999999527,-16.61999999999953,-1.0060532687651333,True,2026-01-26|10.833|1
2026-01-27,2.5,103,-1,5032.31,5049.67,5039.09,10.579999999999927,97.36799999999994,0.1086599293402343,False,2026-01-27 02:43:00,0.1,0.041081258729767506,0.5,2026-01-27 03:09:00,5049.67,停損,17.359999999999673,-17.459999999999674,-1.0057603686635948,True,2026-01-27|2.5|-1
2026-01-27,2.5833333333333335,110,-1,5023.52,5046.13,5028.85,17.279999999999745,97.36799999999994,0.177471037712593,False,2026-01-27 02:50:00,0.1,0.041081258729767506,0.42857142857142855,2026-01-27 03:08:00,5046.13,停損,22.609999999999673,-22.709999999999674,-1.004422821760283,True,2026-01-27|2.583|-1
2026-01-27,2.6666666666666665,112,-1,5015.06,5042.82,5022.22,20.599999999999454,97.36799999999994,0.21156848245829704,False,2026-01-27 02:52:00,0.1,0.041081258729767506,0.42857142857142855,2026-01-27 03:06:00,5042.82,停損,27.75999999999931,-27.85999999999931,-1.0036023054755046,True,2026-01-27|2.667|-1
2026-01-28,2.3333333333333335,106,1,5171.15,5164.56,5160.55,4.010000000000218,109.05,0.036772122879415114,True,2026-01-28 02:46:00,0.1,0.018340210912425492,0.5714285714285714,2026-01-28 23:58:00,5417.42,收盤,10.599999999999454,246.17000000000044,23.223584905661614,True,2026-01-28|2.333|1
2026-01-28,2.25,112,1,5174.84,5166.99,5160.55,6.4399999999996,109.05,0.05905547913800642,True,2026-01-28 02:52:00,0.1,0.018340210912425492,0.5714285714285714,2026-01-28 23:58:00,5417.42,收盤,14.289999999999964,242.47999999999993,16.96850944716589,True,2026-01-28|2.25|1
2026-01-28,2.5,114,1,5177.01,5170.69,5163.05,7.639999999999418,109.05,0.07005960568546005,True,2026-01-28 02:54:00,0.1,0.018340210912425492,0.5714285714285714,2026-01-28 23:58:00,5417.42,收盤,13.960000000000036,240.30999999999986,17.21418338108877,True,2026-01-28|2.5|1
2026-01-28,2.6666666666666665,116,1,5179.09,5172.7,5166.12,6.579999999999927,109.05,0.060339293901879205,True,2026-01-28 02:56:00,0.1,0.018340210912425492,0.5714285714285714,2026-01-28 23:58:00,5417.42,收盤,12.970000000000255,238.22999999999993,18.367771781032786,True,2026-01-28|2.667|1
2026-01-28,2.75,124,1,5186.55,5178.26,5168.25,10.010000000000218,109.05,0.09179275561669159,True,2026-01-28 03:04:00,0.1,0.018340210912425492,0.5,2026-01-28 23:58:00,5417.42,收盤,18.300000000000182,230.7699999999999,12.61038251366107,True,2026-01-28|2.75|1
2026-01-28,2.9166666666666665,127,1,5195.6,5187.52,5168.71,18.8100000000004,109.05,0.17248968363136544,True,2026-01-28 03:07:00,0.1,0.018340210912425492,0.5,2026-01-28 23:58:00,5417.42,收盤,26.890000000000327,221.71999999999971,8.245444403123727,True,2026-01-28|2.917|1
2026-01-28,3.25,158,1,5200.25,5193.4,5181.82,11.579999999999927,109.05,0.10618982118294294,True,2026-01-28 03:38:00,0.1,0.018340210912425492,0.4,2026-01-28 23:58:00,5417.42,收盤,18.43000000000029,217.07000000000008,11.778079218665038,True,2026-01-28|3.25|1
2026-01-28,3.1666666666666665,161,1,5206.99,5197.03,5175.2,21.829999999999927,109.05,0.20018340210912358,True,2026-01-28 03:41:00,0.1,0.018340210912425492,0.4,2026-01-28 23:58:00,5417.42,收盤,31.789999999999964,210.3300000000003,6.616231519345723,True,2026-01-28|3.167|1
2026-01-28,3.5,162,1,5207.8,5201.56,5186.5,15.0600000000004,109.05,0.13810178817056765,True,2026-01-28 03:42:00,0.1,0.018340210912425492,0.4,2026-01-28 23:58:00,5417.42,收盤,21.300000000000182,209.5199999999999,9.83661971830977,True,2026-01-28|3.5|1
2026-01-28,3.0833333333333335,163,1,5210.06,5202.46,5175.2,27.26000000000022,109.05,0.24997707473636147,True,2026-01-28 03:43:00,0.1,0.018340210912425492,0.4,2026-01-28 23:58:00,5417.42,收盤,34.86000000000058,207.25999999999968,5.945496270797367,True,2026-01-28|3.083|1
2026-01-28,3.5833333333333335,168,1,5223.67,5215.59,5186.8,28.789999999999964,109.05,0.26400733608436466,True,2026-01-28 03:48:00,0.1,0.018340210912425492,0.36363636363636365,2026-01-28 23:58:00,5417.42,收盤,36.86999999999989,193.65,5.252237591537852,True,2026-01-28|3.583|1
2026-01-28,4.083333333333333,207,1,5219.75,5213.95,5201.65,12.300000000000182,109.05,0.11279229711141846,True,2026-01-28 04:27:00,0.1,0.018340210912425492,0.3076923076923077,2026-01-28 23:58:00,5417.42,收盤,18.100000000000364,197.57000000000008,10.915469613259454,True,2026-01-28|4.083|1
2026-01-28,3.9166666666666665,213,1,5229.58,5220.11,5203.35,16.75999999999931,109.05,0.1536909674461193,True,2026-01-28 04:33:00,0.1,0.018340210912425492,0.2857142857142857,2026-01-28 23:58:00,5417.42,收盤,26.229999999999563,187.74000000000015,7.157453297750792,True,2026-01-28|3.917|1
2026-01-28,4.583333333333333,235,1,5234.58,5227.2,5219.2,8.0,109.05,0.07336084364970197,True,2026-01-28 04:55:00,0.1,0.018340210912425492,0.26666666666666666,2026-01-28 23:58:00,5417.42,收盤,15.38000000000011,182.74000000000015,11.88166449934973,True,2026-01-28|4.583|1
2026-01-28,4.416666666666667,244,1,5235.98,5229.69,5214.55,15.139999999999418,109.05,0.13883539660705566,True,2026-01-28 05:04:00,0.1,0.018340210912425492,0.25,2026-01-28 23:58:00,5417.42,收盤,21.42999999999938,181.34000000000052,8.461969202053465,True,2026-01-28|4.417|1
2026-01-28,4.75,247,1,5241.36,5234.62,5221.09,13.529999999999745,109.05,0.12407152682255612,True,2026-01-28 05:07:00,0.1,0.018340210912425492,0.25,2026-01-28 23:58:00,5417.42,收盤,20.269999999999527,175.9600000000004,8.680809077454589,True,2026-01-28|4.75|1
2026-01-28,4.916666666666667,249,1,5246.12,5237.47,5227.54,9.930000000000291,109.05,0.09105914718019524,True,2026-01-28 05:09:00,0.1,0.018340210912425492,0.25,2026-01-28 05:41:00,5227.54,停損,18.579999999999927,-18.67999999999993,-1.0053821313240043,True,2026-01-28|4.917|1
2026-01-28,5.583333333333333,291,1,5243.32,5237.0,5224.6,12.399999999999636,109.05,0.11370930765703473,True,2026-01-28 05:51:00,0.1,0.018340210912425492,0.21052631578947367,2026-01-28 23:58:00,5417.42,收盤,18.719999999999345,174.00000000000037,9.29487179487214,True,2026-01-28|5.583|1
2026-01-28,6.333333333333333,358,1,5246.92,5241.23,5233.64,7.589999999999236,109.05,0.06960110041264775,True,2026-01-28 06:58:00,0.1,0.018340210912425492,0.17391304347826086,2026-01-28 23:58:00,5417.42,收盤,13.279999999999745,170.4,12.831325301205066,True,2026-01-28|6.333|1
2026-01-28,6.75,366,1,5249.48,5243.93,5233.76,10.170000000000073,109.05,0.0932599724896843,True,2026-01-28 07:06:00,0.1,0.018340210912425492,0.16666666666666666,2026-01-28 23:58:00,5417.42,收盤,15.719999999999345,167.84000000000052,10.67684478371549,True,2026-01-28|6.75|1
2026-01-28,6.833333333333333,371,1,5256.05,5248.92,5238.66,10.260000000000218,109.05,0.09408528198074478,True,2026-01-28 07:11:00,0.1,0.018340210912425492,0.16666666666666666,2026-01-28 17:09:00,5238.66,停損,17.390000000000327,-17.49000000000033,-1.0057504312823462,True,2026-01-28|6.833|1
2026-01-28,7.0,384,1,5259.69,5253.92,5241.66,12.260000000000218,109.05,0.11242549289317028,True,2026-01-28 07:24:00,0.1,0.018340210912425492,0.16,2026-01-28 13:07:00,5241.66,停損,18.029999999999745,-18.129999999999747,-1.005546311702718,True,2026-01-28|7.0|1
2026-01-28,7.083333333333333,402,1,5266.08,5257.48,5247.57,9.909999999999854,109.05,0.09087574507106698,True,2026-01-28 07:42:00,0.1,0.018340210912425492,0.15384615384615385,2026-01-28 13:05:00,5247.57,停損,18.51000000000022,-18.61000000000022,-1.0054024851431658,True,2026-01-28|7.083|1
2026-01-28,8.416666666666666,473,1,5269.46,5262.3,5252.06,10.239999999999782,109.05,0.09390187987161652,True,2026-01-28 08:53:00,0.1,0.018340210912425492,0.12903225806451613,2026-01-28 13:05:00,5252.06,停損,17.399999999999636,-17.499999999999638,-1.0057471264367819,True,2026-01-28|8.417|1
2026-01-28,8.5,490,1,5272.53,5264.68,5255.15,9.530000000000655,109.05,0.08739110499771348,True,2026-01-28 09:10:00,0.1,0.018340210912425492,0.125,2026-01-28 13:05:00,5255.15,停損,17.38000000000011,-17.48000000000011,-1.005753739930955,True,2026-01-28|8.5|1
2026-01-28,8.916666666666666,497,1,5276.16,5270.11,5262.88,7.229999999999563,109.05,0.06629986244841415,True,2026-01-28 09:17:00,0.1,0.018340210912425492,0.12121212121212122,2026-01-28 13:05:00,5262.88,停損,13.279999999999745,-13.379999999999745,-1.0075301204819278,True,2026-01-28|8.917|1
2026-01-28,8.75,499,1,5278.71,5271.48,5257.26,14.219999999999345,109.05,0.13039889958733925,True,2026-01-28 09:19:00,0.1,0.018340210912425492,0.12121212121212122,2026-01-28 13:05:00,5257.26,停損,21.449999999999818,-21.54999999999982,-1.0046620046620047,True,2026-01-28|8.75|1
2026-01-28,9.0,500,1,5280.17,5273.98,5263.0,10.979999999999563,109.05,0.10068775790921196,True,2026-01-28 09:20:00,0.1,0.018340210912425492,0.12121212121212122,2026-01-28 13:05:00,5263.0,停損,17.170000000000073,-17.270000000000074,-1.005824111822947,True,2026-01-28|9.0|1
2026-01-28,9.083333333333334,501,1,5283.11,5275.49,5265.28,10.210000000000036,109.05,0.09362677670793247,True,2026-01-28 09:21:00,0.1,0.018340210912425492,0.12121212121212122,2026-01-28 11:45:00,5265.28,停損,17.829999999999927,-17.92999999999993,-1.005608524957936,True,2026-01-28|9.083|1
2026-01-28,9.166666666666666,530,1,5288.29,5281.78,5270.21,11.569999999999709,109.05,0.10609812012837881,True,2026-01-28 09:50:00,0.1,0.018340210912425492,0.11428571428571428,2026-01-28 11:23:00,5270.21,停損,18.079999999999927,-18.17999999999993,-1.0055309734513276,True,2026-01-28|9.167|1
2026-01-28,9.25,532,1,5290.18,5283.26,5272.75,10.510000000000218,109.05,0.09637780834479796,True,2026-01-28 09:52:00,0.1,0.018340210912425492,0.11428571428571428,2026-01-28 11:19:00,5272.75,停損,17.43000000000029,-17.530000000000292,-1.0057372346528972,True,2026-01-28|9.25|1
2026-01-28,9.416666666666666,539,1,5291.28,5285.66,5278.73,6.930000000000291,109.05,0.063548830811557,True,2026-01-28 09:59:00,0.1,0.018340210912425492,0.11428571428571428,2026-01-28 11:17:00,5278.73,停損,12.550000000000182,-12.650000000000182,-1.0079681274900396,True,2026-01-28|9.417|1
2026-01-28,9.666666666666666,543,1,5294.74,5288.81,5277.71,11.100000000000364,109.05,0.10178817056396483,True,2026-01-28 10:03:00,0.1,0.018340210912425492,0.1111111111111111,2026-01-28 11:17:00,5277.71,停損,17.029999999999745,-17.129999999999747,-1.0058719906048152,True,2026-01-28|9.667|1
2026-01-28,9.833333333333334,568,1,5299.77,5292.86,5284.56,8.299999999999272,109.05,0.07611187528655912,True,2026-01-28 10:28:00,0.1,0.018340210912425492,0.10810810810810811,2026-01-28 10:46:00,5284.56,停損,15.210000000000036,-15.310000000000036,-1.0065746219592373,True,2026-01-28|9.833|1
2026-01-28,10.25,571,1,5300.57,5294.66,5289.0,5.6599999999998545,109.05,0.05190279688216281,True,2026-01-28 10:31:00,0.1,0.018340210912425492,0.10526315789473684,2026-01-28 10:46:00,5289.0,停損,11.569999999999709,-11.669999999999709,-1.0086430423509076,True,2026-01-28|10.25|1
2026-01-28,9.916666666666666,572,1,5302.67,5296.55,5286.52,10.029999999999745,109.05,0.09197615772581151,True,2026-01-28 10:32:00,0.1,0.018340210912425492,0.10526315789473684,2026-01-28 10:46:00,5286.52,停損,16.149999999999636,-16.249999999999638,-1.0061919504643966,True,2026-01-28|9.917|1
2026-01-28,10.0,573,1,5311.02,5299.72,5286.52,13.199999999999818,109.05,0.12104539202200659,True,2026-01-28 10:33:00,0.1,0.018340210912425492,0.10526315789473684,2026-01-28 10:46:00,5286.52,停損,24.5,-24.6,-1.0040816326530613,True,2026-01-28|10.0|1
2026-01-29,2.25,93,1,5508.02,5501.39,5463.38,38.01000000000022,129.433,0.2936654485332197,True,2026-01-29 02:33:00,0.1,0.3013141934437122,0.0,2026-01-29 03:10:00,5463.38,停損,44.64000000000033,-44.74000000000033,-1.0022401433691757,True,2026-01-29|2.25|1
2026-01-29,2.3333333333333335,94,1,5512.91,5501.67,5463.38,38.289999999999964,129.433,0.29582872992204434,True,2026-01-29 02:34:00,0.1,0.3013141934437122,0.0,2026-01-29 03:10:00,5463.38,停損,49.529999999999745,-49.62999999999975,-1.002018978396931,True,2026-01-29|2.333|1
2026-01-29,2.0,95,1,5521.43,5513.08,5454.62,58.460000000000036,129.433,0.4516622499671648,True,2026-01-29 02:35:00,0.1,0.3013141934437122,0.0,2026-01-29 03:10:00,5454.62,停損,66.8100000000004,-66.9100000000004,-1.0014967819188743,True,2026-01-29|2.0|1
2026-01-29,3.0833333333333335,136,1,5493.84,5482.02,5445.57,36.45000000000073,129.433,0.2816128807954751,True,2026-01-29 03:16:00,0.1,0.23178014880285555,0.0,2026-01-29 17:05:00,5445.57,停損,48.27000000000044,-48.37000000000044,-1.0020716801325875,True,2026-01-29|3.083|1
2026-01-29,3.1666666666666665,146,1,5508.79,5501.01,5447.43,53.57999999999993,129.433,0.41395934576189947,True,2026-01-29 03:26:00,0.1,0.23178014880285555,0.0,2026-01-29 17:05:00,5447.43,停損,61.35999999999967,-61.459999999999674,-1.0016297262059974,True,2026-01-29|3.167|1
2026-01-29,3.25,153,1,5520.91,5513.67,5480.0,33.67000000000007,129.433,0.26013458700640546,True,2026-01-29 03:33:00,0.1,0.23178014880285555,0.0,2026-01-29 10:45:00,5480.0,停損,40.909999999999854,-41.009999999999856,-1.002444390124664,True,2026-01-29|3.25|1
2026-01-29,3.4166666666666665,161,1,5536.0,5523.08,5501.63,21.449999999999818,129.433,0.1657228063940403,True,2026-01-29 03:41:00,0.1,0.23178014880285555,0.0,2026-01-29 10:44:00,5501.63,停損,34.36999999999989,-34.46999999999989,-1.0029095141111435,True,2026-01-29|3.417|1
2026-01-29,4.25,211,1,5535.97,5522.83,5510.17,12.659999999999854,129.433,0.09781122279480392,True,2026-01-29 04:31:00,0.1,0.23178014880285555,0.0,2026-01-29 05:05:00,5510.17,停損,25.800000000000182,-25.900000000000183,-1.003875968992248,True,2026-01-29|4.25|1
2026-01-29,4.083333333333333,217,1,5546.93,5536.47,5507.85,28.61999999999989,129.433,0.22111826195792333,True,2026-01-29 04:37:00,0.1,0.23178014880285555,0.0,2026-01-29 10:44:00,5507.85,停損,39.07999999999993,-39.17999999999993,-1.0025588536335721,True,2026-01-29|4.083|1
2026-01-29,5.333333333333333,295,1,5544.27,5535.61,5521.87,13.739999999999782,129.433,0.10615530815170615,True,2026-01-29 05:55:00,0.1,0.23178014880285555,0.0,2026-01-29 07:24:00,5521.87,停損,22.400000000000546,-22.500000000000547,-1.0044642857142856,True,2026-01-29|5.333|1
2026-01-29,5.5,296,1,5546.64,5538.07,5520.28,17.789999999999964,129.433,0.13744562824009307,True,2026-01-29 05:56:00,0.1,0.23178014880285555,0.0,2026-01-29 07:24:00,5520.28,停損,26.360000000000582,-26.460000000000583,-1.003793626707132,True,2026-01-29|5.5|1
2026-01-29,5.916666666666667,334,1,5557.55,5550.98,5536.35,14.6299999999992,129.433,0.11303145256618637,True,2026-01-29 06:34:00,0.1,0.23178014880285555,0.0,2026-01-29 07:22:00,5536.35,停損,21.199999999999818,-21.29999999999982,-1.0047169811320755,True,2026-01-29|5.917|1
2026-01-29,6.0,335,1,5561.99,5552.47,5536.35,16.11999999999989,129.433,0.12454319995673353,True,2026-01-29 06:35:00,0.1,0.23178014880285555,0.0,2026-01-29 07:22:00,5536.35,停損,25.639999999999418,-25.73999999999942,-1.0039001560062404,True,2026-01-29|6.0|1
2026-01-29,7.333333333333333,417,1,5562.08,5554.66,5516.36,38.30000000000018,129.433,0.29590598997164697,True,2026-01-29 07:57:00,0.1,0.23178014880285555,0.0,2026-01-29 10:40:00,5516.36,停損,45.720000000000255,-45.820000000000256,-1.0021872265966754,True,2026-01-29|7.333|1
2026-01-29,7.666666666666667,421,1,5570.0,5563.08,5543.67,19.409999999999854,129.433,0.14996175627544642,True,2026-01-29 08:01:00,0.1,0.23178014880285555,0.0,2026-01-29 09:29:00,5543.67,停損,26.329999999999927,-26.42999999999993,-1.003797949107482,True,2026-01-29|7.667|1
2026-01-29,7.833333333333333,423,1,5580.48,5564.4,5552.07,12.329999999999927,129.433,0.09526164115797307,True,2026-01-29 08:03:00,0.1,0.23178014880285555,0.0,2026-01-29 09:24:00,5552.07,停損,28.409999999999854,-28.509999999999856,-1.0035198873636044,True,2026-01-29|7.833|1
2026-01-29,7.916666666666667,442,1,5591.73,5585.17,5552.07,33.100000000000364,129.433,0.2557307641791534,True,2026-01-29 08:22:00,0.1,0.23178014880285555,0.0,2026-01-29 09:24:00,5552.07,停損,39.659999999999854,-39.759999999999856,-1.0025214321734746,True,2026-01-29|7.917|1
2026-01-30,4.0,193,-1,5220.84,5312.86,5271.13,41.72999999999956,173.88199999999998,0.2399903382753797,True,2026-01-30 04:13:00,0.1,0.0,0.3333333333333333,2026-01-30 23:57:00,4885.55,收盤,92.01999999999953,335.18999999999994,3.6425777004999094,True,2026-01-30|4.0|-1
2026-01-30,4.083333333333333,199,-1,5172.97,5306.86,5196.06,110.79999999999927,173.88199999999998,0.6372137426530595,True,2026-01-30 04:19:00,0.1,0.0,0.3076923076923077,2026-01-30 23:57:00,4885.55,收盤,133.88999999999942,287.32000000000005,2.1459406975875814,True,2026-01-30|4.083|-1
2026-01-30,4.166666666666667,202,-1,5128.17,5275.2,5140.41,134.78999999999996,173.88199999999998,0.7751808697852566,True,2026-01-30 04:22:00,0.1,0.0,0.3076923076923077,2026-01-30 23:57:00,4885.55,收盤,147.02999999999975,242.5199999999999,1.6494592940216304,True,2026-01-30|4.167|-1
2026-01-30,4.666666666666667,246,-1,5190.34,5244.76,5205.51,39.25,173.88199999999998,0.22572779241094537,True,2026-01-30 05:06:00,0.1,0.0,0.25,2026-01-30 23:57:00,4885.55,收盤,54.42000000000007,304.68999999999994,5.598860712973163,True,2026-01-30|4.667|-1
2026-01-30,5.0,280,-1,5171.4,5229.76,5182.23,47.530000000000655,173.88199999999998,0.2733462923131817,True,2026-01-30 05:40:00,0.1,0.0,0.2222222222222222,2026-01-30 06:18:00,5229.76,停損,58.36000000000058,-58.46000000000058,-1.0017135023989034,True,2026-01-30|5.0|-1
2026-01-30,5.083333333333333,284,-1,5157.93,5208.12,5167.4,40.720000000000255,173.88199999999998,0.2341818014515606,True,2026-01-30 05:44:00,0.1,0.0,0.2222222222222222,2026-01-30 06:01:00,5208.12,停損,50.1899999999996,-50.2899999999996,-1.0019924287706714,True,2026-01-30|5.083|-1
2026-01-30,5.5,291,-1,5151.83,5222.04,5161.61,60.43000000000029,173.88199999999998,0.34753453491448394,True,2026-01-30 05:51:00,0.1,0.0,0.21052631578947367,2026-01-30 06:08:00,5222.04,停損,70.21000000000004,-70.31000000000003,-1.0014242985329724,True,2026-01-30|5.5|-1
2026-01-30,7.333333333333333,395,-1,5217.55,5241.09,5227.17,13.920000000000073,173.88199999999998,0.08005428969071023,True,2026-01-30 07:35:00,0.1,0.0,0.15384615384615385,2026-01-30 23:57:00,4885.55,收盤,23.539999999999964,331.9,14.099405267629587,True,2026-01-30|7.333|-1
2026-01-30,7.25,412,-1,5212.87,5241.09,5223.58,17.51000000000022,173.88199999999998,0.10070047503479498,True,2026-01-30 07:52:00,0.1,0.0,0.14814814814814814,2026-01-30 23:57:00,4885.55,收盤,28.220000000000255,327.2199999999997,11.595322466335816,True,2026-01-30|7.25|-1
2026-01-30,7.416666666666667,417,-1,5201.02,5239.09,5213.14,25.949999999999818,173.88199999999998,0.14923913918634374,True,2026-01-30 07:57:00,0.1,0.0,0.14814814814814814,2026-01-30 23:57:00,4885.55,收盤,38.06999999999971,315.37000000000023,8.28395061728402,True,2026-01-30|7.417|-1
2026-01-30,7.833333333333333,438,-1,5166.48,5219.81,5180.04,39.77000000000044,173.88199999999998,0.22871832622123303,True,2026-01-30 08:18:00,0.1,0.0,0.13793103448275862,2026-01-30 23:57:00,4885.55,收盤,53.33000000000084,280.82999999999936,5.2658916182260445,True,2026-01-30|7.833|-1
2026-01-30,8.0,450,-1,5157.18,5203.83,5174.77,29.05999999999949,173.88199999999998,0.16712483178247026,True,2026-01-30 08:30:00,0.1,0.0,0.13793103448275862,2026-01-30 23:57:00,4885.55,收盤,46.649999999999636,271.5300000000001,5.820578778135095,True,2026-01-30|8.0|-1
2026-01-30,8.416666666666666,481,-1,5131.4,5197.93,5152.66,45.27000000000044,173.88199999999998,0.26034897229155657,True,2026-01-30 09:01:00,0.1,0.0,0.125,2026-01-30 23:57:00,4885.55,收盤,66.53000000000065,245.74999999999946,3.6938223357883215,True,2026-01-30|8.417|-1
2026-01-30,9.333333333333334,514,-1,5161.31,5185.49,5172.85,12.639999999999418,173.88199999999998,0.07269297569615843,True,2026-01-30 09:34:00,0.1,0.0,0.11764705882352941,2026-01-30 23:57:00,4885.55,收盤,24.17999999999938,275.6600000000002,11.400330851944055,True,2026-01-30|9.333|-1
2026-01-30,9.166666666666666,515,-1,5151.42,5186.52,5165.42,21.100000000000364,173.88199999999998,0.12134666037887974,True,2026-01-30 09:35:00,0.1,0.0,0.11764705882352941,2026-01-30 23:57:00,4885.55,收盤,35.100000000000364,265.76999999999987,7.57179487179479,True,2026-01-30|9.167|-1
2026-01-30,9.416666666666666,516,-1,5133.58,5181.59,5151.09,30.5,173.88199999999998,0.17540631002633972,True,2026-01-30 09:36:00,0.1,0.0,0.11764705882352941,2026-01-30 10:00:00,5181.59,停損,48.01000000000022,-48.11000000000022,-1.0020828993959592,True,2026-01-30|9.417|-1
2026-01-30,9.916666666666666,550,-1,5147.31,5184.97,5157.52,27.449999999999818,173.88199999999998,0.1578656790237047,True,2026-01-30 10:10:00,0.1,0.0,0.1111111111111111,2026-01-30 23:57:00,4885.55,收盤,37.659999999999854,261.6600000000002,6.947955390334605,True,2026-01-30|9.917|-1
2026-01-30,9.833333333333334,556,-1,5135.1,5184.97,5144.14,40.82999999999993,173.88199999999998,0.23481441437296519,True,2026-01-30 10:16:00,0.1,0.0,0.10810810810810811,2026-01-30 23:57:00,4885.55,收盤,49.86999999999989,249.4500000000002,5.002005213555258,True,2026-01-30|9.833|-1
2026-01-30,10.333333333333334,572,-1,5135.0,5170.81,5149.03,21.780000000000655,173.88199999999998,0.12525735843848504,True,2026-01-30 10:32:00,0.1,0.0,0.10526315789473684,2026-01-30 23:57:00,4885.55,收盤,35.8100000000004,249.34999999999982,6.9631387880479485,True,2026-01-30|10.333|-1
2026-01-30,10.0,573,-1,5127.96,5181.33,5142.94,38.39000000000033,173.88199999999998,0.2207819095708603,True,2026-01-30 10:33:00,0.1,0.0,0.10526315789473684,2026-01-30 23:57:00,4885.55,收盤,53.36999999999989,242.30999999999986,4.540191118605965,True,2026-01-30|10.0|-1
2026-01-30,10.166666666666666,574,-1,5078.13,5161.76,5132.93,28.829999999999927,173.88199999999998,0.16580209567407742,True,2026-01-30 10:34:00,0.1,0.0,0.10526315789473684,2026-01-30 23:57:00,4885.55,收盤,83.63000000000011,192.47999999999993,2.3015664235322215,True,2026-01-30|10.167|-1
2026-01-30,10.833333333333334,607,-1,5089.42,5128.84,5104.23,24.610000000000582,173.88199999999998,0.14153276359830566,True,2026-01-30 11:07:00,0.1,0.0,0.1,2026-01-30 13:24:00,5128.84,停損,39.42000000000007,-39.520000000000074,-1.0025367833587011,True,2026-01-30|10.833|-1
2026-01-30,10.75,609,-1,5074.67,5128.84,5091.54,37.30000000000018,173.88199999999998,0.21451329062237717,True,2026-01-30 11:09:00,0.1,0.0,0.1,2026-01-30 13:24:00,5128.84,停損,54.17000000000007,-54.270000000000074,-1.0018460402436773,True,2026-01-30|10.75|-1
2026-01-30,10.666666666666666,610,-1,5061.13,5127.41,5075.55,51.85999999999967,173.88199999999998,0.29824823731035804,True,2026-01-30 11:10:00,0.1,0.0,0.1,2026-01-30 13:16:00,5127.41,停損,66.27999999999975,-66.37999999999974,-1.0015087507543754,True,2026-01-30|10.667|-1
2026-02-02,2.5833333333333335,108,-1,4783.05,4844.66,4795.24,49.42000000000007,241.425,0.20470125297711533,True,2026-02-02 02:48:00,0.1,0.07041524282903593,0.7142857142857143,2026-02-02 23:58:00,4658.41,收盤,61.60999999999967,124.54000000000033,2.021425093329021,True,2026-02-02|2.583|-1
2026-02-02,2.6666666666666665,117,-1,4765.58,4839.87,4777.78,62.090000000000146,241.425,0.25718131925028537,True,2026-02-02 02:57:00,0.1,0.07041524282903593,0.7142857142857143,2026-02-02 23:58:00,4658.41,收盤,74.28999999999996,107.07000000000008,1.4412437743976327,True,2026-02-02|2.667|-1
2026-02-02,2.8333333333333335,121,-1,4738.64,4799.32,4759.95,39.36999999999989,241.425,0.16307341824583158,True,2026-02-02 03:01:00,0.1,0.07041524282903593,0.625,2026-02-02 14:46:00,4799.32,停損,60.67999999999938,-60.77999999999938,-1.0016479894528676,True,2026-02-02|2.833|-1
2026-02-02,2.9166666666666665,128,-1,4701.88,4795.45,4731.76,63.6899999999996,241.425,0.2638086362224277,True,2026-02-02 03:08:00,0.1,0.07041524282903593,0.625,2026-02-02 14:45:00,4795.45,停損,93.56999999999971,-93.6699999999997,-1.001068718606391,True,2026-02-02|2.917|-1
2026-02-02,3.0,131,-1,4597.2,4784.59,4650.61,133.98000000000047,241.425,0.5549549549549568,True,2026-02-02 03:11:00,0.1,0.07041524282903593,0.625,2026-02-02 14:24:00,4784.59,停損,187.39000000000033,-187.49000000000032,-1.0005336464058914,True,2026-02-02|3.0|-1
2026-02-02,3.8333333333333335,191,-1,4699.6,4750.07,4717.43,32.63999999999942,241.425,0.13519726623174658,True,2026-02-02 04:11:00,0.1,0.07041524282903593,0.4166666666666667,2026-02-02 04:33:00,4750.07,停損,50.469999999999345,-50.56999999999935,-1.0019813750743016,True,2026-02-02|3.833|-1
2026-02-02,4.583333333333333,230,-1,4729.13,4773.0,4745.63,27.36999999999989,241.425,0.1133685409547474,True,2026-02-02 04:50:00,0.1,0.07041524282903593,0.3333333333333333,2026-02-02 13:39:00,4773.0,停損,43.86999999999989,-43.96999999999989,-1.002279462046957,True,2026-02-02|4.583|-1
2026-02-02,4.416666666666667,238,-1,4704.14,4771.52,4723.99,47.530000000000655,241.425,0.196872734803772,True,2026-02-02 04:58:00,0.1,0.07041524282903593,0.3333333333333333,2026-02-02 13:38:00,4771.52,停損,67.38000000000011,-67.4800000000001,-1.0014841199168891,True,2026-02-02|4.417|-1
2026-02-02,4.833333333333333,256,-1,4674.46,4739.34,4698.92,40.42000000000007,241.425,0.1674225950088022,True,2026-02-02 05:16:00,0.1,0.07041524282903593,0.29411764705882354,2026-02-02 13:14:00,4739.34,停損,64.88000000000011,-64.9800000000001,-1.0015413070283599,True,2026-02-02|4.833|-1
2026-02-02,5.333333333333333,273,-1,4679.98,4729.41,4694.11,35.30000000000018,241.425,0.14621518069794007,True,2026-02-02 05:33:00,0.1,0.07041524282903593,0.2777777777777778,2026-02-02 11:56:00,4729.41,停損,49.43000000000029,-49.53000000000029,-1.0020230629172568,True,2026-02-02|5.333|-1
2026-02-02,5.416666666666667,276,-1,4659.68,4718.3,4672.23,46.07000000000062,241.425,0.19082530806668993,True,2026-02-02 05:36:00,0.1,0.07041524282903593,0.2777777777777778,2026-02-02 11:51:00,4718.3,停損,58.61999999999989,-58.71999999999989,-1.0017059024223816,True,2026-02-02|5.417|-1
2026-02-02,5.166666666666667,279,-1,4649.73,4722.23,4664.68,57.54999999999927,241.425,0.23837630734182155,True,2026-02-02 05:39:00,0.1,0.07041524282903593,0.2777777777777778,2026-02-02 11:56:00,4722.23,停損,72.5,-72.6,-1.0013793103448274,True,2026-02-02|5.167|-1
2026-02-02,5.75,299,-1,4645.26,4694.66,4658.82,35.840000000000146,241.425,0.1484519001760387,True,2026-02-02 05:59:00,0.1,0.07041524282903593,0.2631578947368421,2026-02-02 06:20:00,4694.66,停損,49.399999999999636,-49.49999999999964,-1.0020242914979758,True,2026-02-02|5.75|-1
2026-02-02,5.5,302,-1,4622.21,4700.43,4646.23,54.20000000000073,241.425,0.22450036243139992,True,2026-02-02 06:02:00,0.1,0.07041524282903593,0.25,2026-02-02 06:21:00,4700.43,停損,78.22000000000025,-78.32000000000025,-1.001278445410381,True,2026-02-02|5.5|-1
2026-02-02,5.583333333333333,303,-1,4614.49,4679.95,4630.4,49.55000000000018,241.425,0.20523972248110253,True,2026-02-02 06:03:00,0.1,0.07041524282903593,0.25,2026-02-02 06:20:00,4679.95,停損,65.46000000000004,-65.56000000000003,-1.0015276504735715,True,2026-02-02|5.583|-1
2026-02-02,6.75,373,-1,4661.14,4713.45,4675.01,38.4399999999996,241.425,0.15922129025577134,True,2026-02-02 07:13:00,0.1,0.07041524282903593,0.20833333333333334,2026-02-02 11:49:00,4713.45,停損,52.30999999999949,-52.40999999999949,-1.0019116803670427,True,2026-02-02|6.75|-1
2026-02-02,6.833333333333333,374,-1,4651.51,4691.73,4672.29,19.4399999999996,241.425,0.08052190121155473,True,2026-02-02 07:14:00,0.1,0.07041524282903593,0.20833333333333334,2026-02-02 11:29:00,4691.73,停損,40.219999999999345,-40.31999999999935,-1.0024863252113376,True,2026-02-02|6.833|-1
2026-02-02,7.0,391,-1,4637.07,4696.13,4661.42,34.710000000000036,241.425,0.14377135756446116,True,2026-02-02 07:31:00,0.1,0.07041524282903593,0.19230769230769232,2026-02-02 11:29:00,4696.13,停損,59.0600000000004,-59.1600000000004,-1.001693193362682,True,2026-02-02|7.0|-1
2026-02-02,7.416666666666667,398,-1,4606.36,4670.18,4619.72,50.460000000000036,241.425,0.20900900900900915,True,2026-02-02 07:38:00,0.1,0.07041524282903593,0.19230769230769232,2026-02-02 11:27:00,4670.18,停損,63.82000000000062,-63.92000000000062,-1.0015669069257287,True,2026-02-02|7.417|-1
2026-02-02,7.5,405,-1,4575.72,4658.45,4603.94,54.51000000000022,241.425,0.2257844050947508,True,2026-02-02 07:45:00,0.1,0.07041524282903593,0.19230769230769232,2026-02-02 11:26:00,4658.45,停損,82.72999999999956,-82.82999999999956,-1.0012087513598453,True,2026-02-02|7.5|-1
2026-02-02,7.583333333333333,408,-1,4556.45,4642.77,4573.19,69.58000000000084,241.425,0.2882054468261399,True,2026-02-02 07:48:00,0.1,0.07041524282903593,0.18518518518518517,2026-02-02 10:22:00,4642.77,停損,86.32000000000062,-86.42000000000061,-1.0011584800741427,True,2026-02-02|7.583|-1
2026-02-02,7.916666666666667,441,-1,4507.23,4573.88,4521.77,52.10999999999967,241.425,0.21584342963653172,True,2026-02-02 08:21:00,0.1,0.07041524282903593,0.1724137931034483,2026-02-02 09:27:00,4573.88,停損,66.65000000000055,-66.75000000000054,-1.0015003750937734,True,2026-02-02|7.917|-1
2026-02-02,8.166666666666666,442,-1,4488.82,4563.36,4514.78,48.57999999999993,241.425,0.20122191156673885,True,2026-02-02 08:22:00,0.1,0.07041524282903593,0.1724137931034483,2026-02-02 09:26:00,4563.36,停損,74.53999999999996,-74.63999999999996,-1.0013415615776764,True,2026-02-02|8.167|-1
2026-02-02,7.75,444,-1,4481.62,4579.39,4498.55,80.84000000000015,241.425,0.3348451900176044,True,2026-02-02 08:24:00,0.1,0.07041524282903593,0.1724137931034483,2026-02-02 09:41:00,4579.39,停損,97.77000000000044,-97.87000000000043,-1.0010228086325048,True,2026-02-02|7.75|-1
2026-02-02,8.25,458,-1,4428.86,4549.57,4450.81,98.75999999999931,241.425,0.40907114010561996,True,2026-02-02 08:38:00,0.1,0.07041524282903593,0.16666666666666666,2026-02-02 09:08:00,4549.57,停損,120.71000000000004,-120.81000000000003,-1.000828431778643,True,2026-02-02|8.25|-1
2026-02-02,8.333333333333334,459,-1,4405.67,4531.27,4433.67,97.60000000000036,241.425,0.40426633530081957,True,2026-02-02 08:39:00,0.1,0.07041524282903593,0.16666666666666666,2026-02-02 09:04:00,4531.27,停損,125.60000000000036,-125.70000000000036,-1.000796178343949,True,2026-02-02|8.333|-1
2026-02-03,3.0833333333333335,142,1,4846.65,4830.49,4790.18,40.30999999999949,280.19000000000005,0.14386666190798916,False,2026-02-03 03:22:00,0.1,0.18201934401656017,0.0,2026-02-03 04:15:00,4790.18,停損,56.469999999999345,-56.56999999999935,-1.0017708517797062,True,2026-02-03|3.083|1
2026-02-03,6.833333333333333,390,1,4839.74,4822.89,4808.24,14.650000000000546,280.19000000000005,0.05228594882044521,False,2026-02-03 07:30:00,0.1,0.18201934401656017,0.0,2026-02-03 23:58:00,4946.45,收盤,31.5,106.61000000000004,3.384444444444446,True,2026-02-03|6.833|1
2026-02-03,7.75,436,1,4845.72,4830.44,4813.5,16.9399999999996,280.19000000000005,0.06045897426745993,False,2026-02-03 08:16:00,0.1,0.18201934401656017,0.0,2026-02-03 23:58:00,4946.45,收盤,32.220000000000255,100.62999999999957,3.1232153941650767,True,2026-02-03|7.75|1
2026-02-03,7.666666666666667,438,1,4851.91,4836.58,4813.5,23.079999999999927,280.19000000000005,0.08237267568435677,False,2026-02-03 08:18:00,0.1,0.18201934401656017,0.0,2026-02-03 23:58:00,4946.45,收盤,38.409999999999854,94.43999999999997,2.4587347045040437,True,2026-02-03|7.667|1
2026-02-03,8.083333333333334,446,1,4864.63,4848.8,4818.0,30.800000000000182,280.19000000000005,0.10992540775902129,False,2026-02-03 08:26:00,0.1,0.18201934401656017,0.0,2026-02-03 23:58:00,4946.45,收盤,46.63000000000011,81.71999999999971,1.7525198370147872,True,2026-02-03|8.083|1
2026-02-03,8.166666666666666,449,1,4874.18,4856.95,4825.14,31.80999999999949,280.19000000000005,0.1135301045718958,False,2026-02-03 08:29:00,0.1,0.18201934401656017,0.0,2026-02-03 23:58:00,4946.45,收盤,49.039999999999964,72.16999999999953,1.471655791190856,True,2026-02-03|8.167|1
2026-02-03,8.25,456,1,4877.53,4862.47,4841.83,20.640000000000327,280.19000000000005,0.0736642992255267,False,2026-02-03 08:36:00,0.1,0.18201934401656017,0.0,2026-02-03 23:58:00,4946.45,收盤,35.69999999999982,68.82000000000008,1.9277310924369868,True,2026-02-03|8.25|1
2026-02-03,8.333333333333334,462,1,4890.83,4875.14,4847.77,27.36999999999989,280.19000000000005,0.09768371462222022,False,2026-02-03 08:42:00,0.1,0.18201934401656017,0.0,2026-02-03 23:58:00,4946.45,收盤,43.05999999999949,55.51999999999989,1.2893636785880294,True,2026-02-03|8.333|1
2026-02-03,8.833333333333334,506,1,4900.11,4884.2,4865.13,19.06999999999971,280.19000000000005,0.06806095863521076,False,2026-02-03 09:26:00,0.1,0.18201934401656017,0.0,2026-02-03 23:58:00,4946.45,收盤,34.97999999999956,46.240000000000144,1.3218982275586255,True,2026-02-03|8.833|1
2026-02-03,9.0,512,1,4908.54,4889.42,4872.19,17.230000000000473,280.19000000000005,0.06149398622363564,False,2026-02-03 09:32:00,0.1,0.18201934401656017,0.0,2026-02-03 23:58:00,4946.45,收盤,36.350000000000364,37.80999999999985,1.0401650618981975,True,2026-02-03|9.0|1
2026-02-03,9.333333333333334,514,1,4921.16,4901.73,4881.63,20.099999999999454,280.19000000000005,0.0717370355829953,False,2026-02-03 09:34:00,0.1,0.18201934401656017,0.0,2026-02-03 21:10:00,4881.63,停損,39.529999999999745,-39.62999999999975,-1.0025297242600557,True,2026-02-03|9.333|1
2026-02-03,10.0,556,1,4935.44,4920.72,4898.51,22.210000000000036,280.19000000000005,0.07926763981583937,False,2026-02-03 10:16:00,0.1,0.18201934401656017,0.0,2026-02-03 11:28:00,4898.51,停損,36.92999999999938,-37.02999999999938,-1.0027078256160304,True,2026-02-03|10.0|1
2026-02-03,9.75,559,1,4939.91,4925.59,4913.21,12.38000000000011,280.19000000000005,0.044184303508334015,False,2026-02-03 10:19:00,0.1,0.18201934401656017,0.0,2026-02-03 11:00:00,4913.21,停損,26.699999999999818,-26.79999999999982,-1.00374531835206,True,2026-02-03|9.75|1
2026-02-04,2.8333333333333335,128,1,5036.6,5016.14,4993.83,22.3100000000004,303.059,0.07361602856209648,True,2026-02-04 03:08:00,0.1,0.03299687519591894,0.0,2026-02-04 16:39:00,4993.83,停損,42.77000000000044,-42.87000000000044,-1.0023380874444705,True,2026-02-04|2.833|1
2026-02-04,3.5,183,1,5062.29,5039.21,5010.73,28.480000000000473,303.059,0.09397510055797871,True,2026-02-04 04:03:00,0.1,0.03299687519591894,0.0,2026-02-04 16:33:00,5010.73,停損,51.5600000000004,-51.6600000000004,-1.0019394879751746,True,2026-02-04|3.5|1
2026-02-04,3.6666666666666665,188,1,5064.51,5049.32,5018.52,30.799999999999272,303.059,0.10163037560342794,True,2026-02-04 04:08:00,0.1,0.03299687519591894,0.0,2026-02-04 13:18:00,5018.52,停損,45.98999999999978,-46.08999999999978,-1.0021743857360297,True,2026-02-04|3.667|1
2026-02-04,5.0,279,1,5070.43,5053.25,5036.31,16.9399999999996,303.059,0.05589670658188537,True,2026-02-04 05:39:00,0.1,0.03299687519591894,0.0,2026-02-04 13:17:00,5036.31,停損,34.11999999999989,-34.21999999999989,-1.0029308323563892,True,2026-02-04|5.0|1
2026-02-04,9.083333333333334,507,1,5086.68,5070.83,5063.18,7.649999999999636,303.059,0.02524260952487679,True,2026-02-04 09:27:00,0.1,0.03299687519591894,0.0,2026-02-04 11:17:00,5063.18,停損,23.5,-23.6,-1.0042553191489363,True,2026-02-04|9.083|1
2026-02-05,4.666666666666667,232,-1,4815.57,4916.48,4831.93,84.54999999999927,313.55300000000005,0.2696513827008488,False,2026-02-05 04:52:00,0.1,0.0,0.2,2026-02-05 08:10:00,4916.48,停損,100.90999999999985,-101.00999999999985,-1.0009909820632246,True,2026-02-05|4.667|-1
2026-02-05,6.75,368,-1,4860.0,4888.01,4877.8,10.210000000000036,313.55300000000005,0.032562278147554115,False,2026-02-05 07:08:00,0.1,0.0,0.125,2026-02-05 07:46:00,4888.01,停損,28.01000000000022,-28.11000000000022,-1.0035701535166013,True,2026-02-05|6.75|-1
2026-02-05,6.583333333333333,374,-1,4853.29,4887.26,4870.04,17.220000000000255,313.55300000000005,0.05491894512251597,False,2026-02-05 07:14:00,0.1,0.0,0.125,2026-02-05 07:45:00,4887.26,停損,33.970000000000255,-34.070000000000256,-1.002943773918163,True,2026-02-05|6.583|-1
2026-02-05,6.833333333333333,382,-1,4845.16,4887.45,4863.74,23.710000000000036,313.55300000000005,0.07561720028193011,False,2026-02-05 07:22:00,0.1,0.0,0.12,2026-02-05 07:46:00,4887.45,停損,42.289999999999964,-42.389999999999965,-1.0023646252069047,True,2026-02-05|6.833|-1
2026-02-05,7.0,393,-1,4834.44,4876.1,4855.13,20.970000000000255,313.55300000000005,0.0668786457153982,False,2026-02-05 07:33:00,0.1,0.0,0.11538461538461539,2026-02-05 07:43:00,4876.1,停損,41.660000000000764,-41.760000000000765,-1.0024003840614497,True,2026-02-05|7.0|-1
2026-02-05,9.083333333333334,521,-1,4903.85,4931.25,4921.03,10.220000000000255,313.55300000000005,0.03259417068246916,False,2026-02-05 09:41:00,0.1,0.0,0.08823529411764706,2026-02-05 10:12:00,4931.25,停損,27.399999999999636,-27.499999999999638,-1.0036496350364965,True,2026-02-05|9.083|-1
2026-02-05,9.166666666666666,522,-1,4899.96,4931.25,4917.5,13.75,313.55300000000005,0.04385223550723481,False,2026-02-05 09:42:00,0.1,0.0,0.08823529411764706,2026-02-05 10:12:00,4931.25,停損,31.289999999999964,-31.389999999999965,-1.0031959092361777,True,2026-02-05|9.167|-1
2026-02-05,10.416666666666666,601,-1,4901.57,4935.66,4917.4,18.26000000000022,313.55300000000005,0.05823576875360853,False,2026-02-05 11:01:00,0.1,0.0,0.075,2026-02-05 23:58:00,4776.55,收盤,34.090000000000146,124.91999999999953,3.6644177178057786,True,2026-02-05|10.417|-1
2026-02-05,10.666666666666666,602,-1,4891.91,4924.7,4908.85,15.849999999999454,313.55300000000005,0.050549667839247116,False,2026-02-05 11:02:00,0.1,0.0,0.075,2026-02-05 23:58:00,4776.55,收盤,32.789999999999964,115.25999999999968,3.515096065873736,True,2026-02-05|10.667|-1
2026-02-05,10.75,605,-1,4883.98,4923.36,4901.29,22.06999999999971,313.55300000000005,0.07038682455597524,False,2026-02-05 11:05:00,0.1,0.0,0.075,2026-02-05 23:58:00,4776.55,收盤,39.38000000000011,107.32999999999939,2.7254951752158223,True,2026-02-05|10.75|-1
2026-02-05,10.916666666666666,612,-1,4866.1,4918.44,4881.81,36.6299999999992,313.55300000000005,0.11682235539127099,False,2026-02-05 11:12:00,0.1,0.0,0.075,2026-02-05 23:58:00,4776.55,收盤,52.339999999999236,89.45000000000019,1.7090179594956343,True,2026-02-05|10.917|-1
2026-02-06,2.0,77,-1,4667.53,4707.01,4684.87,22.140000000000327,323.117,0.06852007167682396,True,2026-02-06 02:17:00,0.1,0.06808679209079063,0.0,2026-02-06 02:27:00,4707.01,停損,39.48000000000047,-39.580000000000474,-1.002532928064843,True,2026-02-06|2.0|-1
2026-02-06,2.0833333333333335,78,-1,4656.97,4705.88,4680.39,25.48999999999978,323.117,0.07888783319973812,True,2026-02-06 02:18:00,0.1,0.06808679209079063,0.0,2026-02-06 02:27:00,4705.88,停損,48.909999999999854,-49.009999999999856,-1.0020445716622368,True,2026-02-06|2.083|-1
2026-02-06,2.6666666666666665,122,-1,4718.29,4760.47,4740.36,20.110000000000582,323.117,0.062237517679356334,True,2026-02-06 03:02:00,0.1,0.06808679209079063,0.0,2026-02-06 03:16:00,4760.47,停損,42.18000000000029,-42.28000000000029,-1.002370791844476,True,2026-02-06|2.667|-1
2026-02-06,2.5833333333333335,123,-1,4696.65,4760.47,4730.26,30.210000000000036,323.117,0.09349554495739944,True,2026-02-06 03:03:00,0.1,0.06808679209079063,0.0,2026-02-06 03:16:00,4760.47,停損,63.82000000000062,-63.92000000000062,-1.0015669069257287,True,2026-02-06|2.583|-1
2026-02-06,3.0833333333333335,144,-1,4708.36,4759.62,4730.73,28.890000000000327,323.117,0.0894103374319529,True,2026-02-06 03:24:00,0.1,0.06808679209079063,0.0,2026-02-06 03:52:00,4759.62,停損,51.26000000000022,-51.36000000000022,-1.0019508388607101,True,2026-02-06|3.083|-1
2026-02-09,4.666666666666667,244,1,5019.0,4999.88,4986.35,13.529999999999745,345.736,0.039133905638983925,True,2026-02-09 05:04:00,0.1,0.011569521253210542,0.0,2026-02-09 12:28:00,4986.35,停損,32.649999999999636,-32.74999999999964,-1.003062787136294,True,2026-02-09|4.667|1
2026-02-09,7.083333333333333,403,1,5037.76,5020.06,5013.26,6.800000000000182,345.736,0.019668186130458447,True,2026-02-09 07:43:00,0.1,0.011569521253210542,0.0,2026-02-09 09:15:00,5013.26,停損,24.5,-24.6,-1.0040816326530613,True,2026-02-09|7.083|1
2026-02-09,9.833333333333334,557,1,5025.92,5008.29,5001.02,7.269999999999527,345.736,0.021027604877708793,True,2026-02-09 10:17:00,0.1,0.011569521253210542,0.0,2026-02-09 12:02:00,5001.02,停損,24.899999999999636,-24.999999999999638,-1.0040160642570282,True,2026-02-09|9.833|1
2026-02-09,9.75,558,1,5030.92,5013.0,5001.02,11.979999999999563,345.736,0.03465071615336431,True,2026-02-09 10:18:00,0.1,0.011569521253210542,0.0,2026-02-09 12:02:00,5001.02,停損,29.899999999999636,-29.999999999999638,-1.0033444816053512,True,2026-02-09|9.75|1
2026-02-17,2.25,113,-1,4951.17,4981.47,4975.25,6.220000000000255,193.079,0.0322147929086035,True,2026-02-17 02:53:00,0.1,0.0051792271557238225,0.14285714285714285,2026-02-17 23:58:00,4878.15,收盤,30.300000000000182,72.92000000000044,2.406600660066007,True,2026-02-17|2.25|-1
2026-02-17,2.75,119,-1,4933.57,4970.43,4949.55,20.88000000000011,193.079,0.10814226301151399,True,2026-02-17 02:59:00,0.1,0.0051792271557238225,0.14285714285714285,2026-02-17 04:22:00,4970.43,停損,36.86000000000058,-36.96000000000058,-1.0027129679869777,True,2026-02-17|2.75|-1
2026-02-17,5.0,279,-1,4950.81,4970.15,4960.66,9.489999999999782,193.079,0.049150865707817945,True,2026-02-17 05:39:00,0.1,0.0051792271557238225,0.05555555555555555,2026-02-17 23:58:00,4878.15,收盤,19.339999999999236,72.56000000000077,3.751809720786124,True,2026-02-17|5.0|-1
2026-02-17,6.583333333333333,373,-1,4938.33,4955.45,4950.42,5.029999999999745,193.079,0.02605151259328951,True,2026-02-17 07:13:00,0.1,0.0051792271557238225,0.041666666666666664,2026-02-17 23:58:00,4878.15,收盤,17.11999999999989,60.08000000000029,3.5093457943925626,True,2026-02-17|6.583|-1
2026-02-17,7.0,376,-1,4919.1,4954.27,4937.53,16.74000000000069,193.079,0.08670026258682037,True,2026-02-17 07:16:00,0.1,0.0051792271557238225,0.04,2026-02-17 23:58:00,4878.15,收盤,35.17000000000007,40.850000000000726,1.1615012794995918,True,2026-02-17|7.0|-1
2026-02-17,7.083333333333333,377,-1,4911.77,4949.71,4927.38,22.329999999999927,193.079,0.11565214238731258,True,2026-02-17 07:17:00,0.1,0.0051792271557238225,0.04,2026-02-17 23:58:00,4878.15,收盤,37.9399999999996,33.5200000000008,0.8835002635740947,True,2026-02-17|7.083|-1
2026-02-17,7.166666666666667,392,-1,4881.15,4945.1,4896.35,48.75,193.079,0.2524873238415364,True,2026-02-17 07:32:00,0.1,0.0051792271557238225,0.038461538461538464,2026-02-17 23:58:00,4878.15,收盤,63.95000000000073,2.9,0.04534792806880324,True,2026-02-17|7.167|-1
2026-02-17,7.25,393,-1,4872.01,4928.33,4890.01,38.31999999999971,193.079,0.1984679846073354,True,2026-02-17 07:33:00,0.1,0.0051792271557238225,0.038461538461538464,2026-02-17 10:13:00,4928.33,停損,56.31999999999971,-56.41999999999971,-1.0017755681818181,True,2026-02-17|7.25|-1
2026-02-19,8.333333333333334,466,1,5012.48,5002.39,4997.33,5.0600000000004,167.304,0.030244345622342562,True,2026-02-19 08:46:00,0.1,0.0,0.22580645161290322,2026-02-19 11:37:00,4997.33,停損,15.149999999999636,-15.249999999999636,-1.0066006600660067,True,2026-02-19|8.333|1
2026-02-19,8.416666666666666,471,1,5016.78,5007.94,4998.83,9.109999999999673,167.304,0.0544517764070176,True,2026-02-19 08:51:00,0.1,0.0,0.22580645161290322,2026-02-19 11:37:00,4998.83,停損,17.949999999999818,-18.04999999999982,-1.0055710306406687,True,2026-02-19|8.417|1
2026-02-19,8.5,473,1,5019.28,5008.88,5001.09,7.789999999999964,167.304,0.04656194711423495,True,2026-02-19 08:53:00,0.1,0.0,0.22580645161290322,2026-02-19 11:30:00,5001.09,停損,18.1899999999996,-18.2899999999996,-1.0054975261132493,True,2026-02-19|8.5|1
2026-02-20,7.833333333333333,433,1,5019.77,5011.92,5006.4,5.520000000000437,147.06000000000003,0.03753569971440524,True,2026-02-20 08:13:00,0.1,0.027199782401740782,0.6428571428571429,2026-02-20 10:00:00,5006.4,停損,13.3700000000008,-13.4700000000008,-1.0074794315632007,True,2026-02-20|7.833|1
2026-02-20,7.916666666666667,451,1,5025.12,5017.76,5007.12,10.640000000000327,147.06000000000003,0.0723514211886327,True,2026-02-20 08:31:00,0.1,0.027199782401740782,0.6,2026-02-20 10:00:00,5007.12,停損,18.0,-18.1,-1.0055555555555555,True,2026-02-20|7.917|1
2026-02-20,8.083333333333334,459,1,5027.68,5020.16,5012.09,8.069999999999709,147.06000000000003,0.054875560995510046,True,2026-02-20 08:39:00,0.1,0.027199782401740782,0.6,2026-02-20 09:24:00,5012.09,停損,15.590000000000146,-15.690000000000145,-1.0064143681847337,True,2026-02-20|8.083|1
2026-02-20,10.166666666666666,572,1,5021.86,5013.87,5005.1,8.769999999999527,147.06000000000003,0.05963552291581344,True,2026-02-20 10:32:00,0.1,0.027199782401740782,0.47368421052631576,2026-02-20 17:07:00,5005.1,停損,16.75999999999931,-16.85999999999931,-1.0059665871121721,True,2026-02-20|10.167|1
2026-02-20,10.0,578,1,5024.7,5016.46,5006.44,10.020000000000437,147.06000000000003,0.06813545491636362,True,2026-02-20 10:38:00,0.1,0.027199782401740782,0.47368421052631576,2026-02-20 17:07:00,5006.44,停損,18.26000000000022,-18.36000000000022,-1.0054764512595837,True,2026-02-20|10.0|1
2026-02-20,10.333333333333334,592,1,5028.17,5019.89,5012.1,7.789999999999964,147.06000000000003,0.052971576227389926,True,2026-02-20 10:52:00,0.1,0.027199782401740782,0.46153846153846156,2026-02-20 14:30:00,5012.1,停損,16.06999999999971,-16.16999999999971,-1.0062227753578097,True,2026-02-20|10.333|1
2026-02-20,10.416666666666666,595,1,5030.4,5022.67,5015.06,7.609999999999673,147.06000000000003,0.05174758601930961,True,2026-02-20 10:55:00,0.1,0.027199782401740782,0.46153846153846156,2026-02-20 14:03:00,5015.06,停損,15.339999999999236,-15.439999999999236,-1.00651890482399,True,2026-02-20|10.417|1
2026-02-20,10.666666666666666,605,1,5034.63,5026.8,5021.67,5.130000000000109,147.06000000000003,0.03488372093023329,True,2026-02-20 11:05:00,0.1,0.027199782401740782,0.45,2026-02-20 12:12:00,5021.67,停損,12.960000000000036,-13.060000000000036,-1.007716049382716,True,2026-02-20|10.667|1
2026-02-20,10.5,607,1,5038.36,5027.41,5017.79,9.61999999999989,147.06000000000003,0.06541547667618583,True,2026-02-20 11:07:00,0.1,0.027199782401740782,0.45,2026-02-20 13:49:00,5017.79,停損,20.56999999999971,-20.66999999999971,-1.0048614487117162,True,2026-02-20|10.5|1
2026-02-23,2.25,90,1,5153.32,5145.83,5129.76,16.06999999999971,128.0660000000001,0.12548217325441333,True,2026-02-23 02:30:00,0.1,0.23425421267159105,0.0,2026-02-23 09:27:00,5129.76,停損,23.55999999999949,-23.659999999999492,-1.004244482173175,True,2026-02-23|2.25|1
2026-02-23,2.0833333333333335,91,1,5159.52,5151.56,5132.7,18.860000000000582,128.0660000000001,0.1472678150328781,True,2026-02-23 02:31:00,0.1,0.23425421267159105,0.0,2026-02-23 09:27:00,5132.7,停損,26.82000000000062,-26.92000000000062,-1.0037285607755406,True,2026-02-23|2.083|1
2026-02-23,2.75,127,1,5152.93,5144.73,5135.04,9.6899999999996,128.0660000000001,0.07566411069292078,True,2026-02-23 03:07:00,0.1,0.23425421267159105,0.0,2026-02-23 09:26:00,5135.04,停損,17.890000000000327,-17.99000000000033,-1.0055897149245387,True,2026-02-23|2.75|1
2026-02-23,2.9166666666666665,142,1,5156.56,5149.66,5140.38,9.279999999999745,128.0660000000001,0.07246263645307684,True,2026-02-23 03:22:00,0.1,0.23425421267159105,0.0,2026-02-23 09:04:00,5140.38,停損,16.18000000000029,-16.280000000000292,-1.0061804697156984,True,2026-02-23|2.917|1
2026-02-23,3.1666666666666665,161,1,5163.11,5155.27,5145.73,9.540000000000873,128.0660000000001,0.07449283962957277,True,2026-02-23 03:41:00,0.1,0.23425421267159105,0.0,2026-02-23 08:56:00,5145.73,停損,17.38000000000011,-17.48000000000011,-1.005753739930955,True,2026-02-23|3.167|1
2026-02-23,3.0833333333333335,163,1,5164.89,5158.19,5145.73,12.460000000000036,128.0660000000001,0.09729358299626777,True,2026-02-23 03:43:00,0.1,0.23425421267159105,0.0,2026-02-23 08:56:00,5145.73,停損,19.160000000000764,-19.260000000000765,-1.0052192066805845,True,2026-02-23|3.083|1
2026-02-23,3.25,165,1,5166.18,5159.25,5146.53,12.720000000000255,128.0660000000001,0.0993237861727566,True,2026-02-23 03:45:00,0.1,0.23425421267159105,0.0,2026-02-23 08:46:00,5146.53,停損,19.650000000000546,-19.750000000000547,-1.005089058524173,True,2026-02-23|3.25|1
2026-02-23,4.333333333333333,221,1,5169.74,5163.24,5157.67,5.569999999999709,128.0660000000001,0.04349319881935647,True,2026-02-23 04:41:00,0.1,0.23425421267159105,0.0,2026-02-23 05:13:00,5157.67,停損,12.069999999999709,-12.169999999999709,-1.0082850041425022,True,2026-02-23|4.333|1
2026-02-23,4.083333333333333,222,1,5175.0,5167.13,5159.24,7.890000000000327,128.0660000000001,0.061608857932631,True,2026-02-23 04:42:00,0.1,0.23425421267159105,0.0,2026-02-23 05:12:00,5159.24,停損,15.760000000000218,-15.860000000000218,-1.0063451776649746,True,2026-02-23|4.083|1
2026-02-23,5.25,276,1,5169.94,5162.32,5153.78,8.539999999999964,128.0660000000001,0.06668436587384596,True,2026-02-23 05:36:00,0.1,0.23425421267159105,0.0,2026-02-23 07:06:00,5153.78,停損,16.159999999999854,-16.259999999999856,-1.0061881188118813,True,2026-02-23|5.25|1
2026-02-23,10.416666666666666,596,1,5139.68,5132.43,5122.38,10.050000000000182,128.0660000000001,0.07847516124498442,True,2026-02-23 10:56:00,0.1,0.17959489638155313,0.0,2026-02-23 23:58:00,5227.92,收盤,17.300000000000182,88.13999999999979,5.094797687861206,True,2026-02-23|10.417|1
2026-02-23,10.666666666666666,601,1,5141.59,5134.69,5125.07,9.61999999999989,128.0660000000001,0.07511751753002267,True,2026-02-23 11:01:00,0.1,0.17959489638155313,0.0,2026-02-23 23:58:00,5227.92,收盤,16.520000000000437,86.22999999999993,5.219733656174192,True,2026-02-23|10.667|1
2026-02-23,10.75,612,1,5145.01,5137.98,5127.8,10.179999999999382,128.0660000000001,0.07949026283322173,True,2026-02-23 11:12:00,0.1,0.17959489638155313,0.0,2026-02-23 23:58:00,5227.92,收盤,17.210000000000036,82.80999999999986,4.811737361998819,True,2026-02-23|10.75|1
2026-02-23,10.833333333333334,626,1,5149.13,5142.13,5132.99,9.140000000000327,128.0660000000001,0.07136945012728063,True,2026-02-23 11:26:00,0.1,0.17959489638155313,0.0,2026-02-23 23:58:00,5227.92,收盤,16.140000000000327,78.68999999999997,4.875464684014769,True,2026-02-23|10.833|1
2026-02-25,7.166666666666667,404,1,5203.33,5194.84,5186.92,7.920000000000073,136.28600000000006,0.05811308571680194,False,2026-02-25 07:44:00,0.1,0.051362575759799224,0.0,2026-02-25 08:09:00,5186.92,停損,16.409999999999854,-16.509999999999856,-1.0060938452163317,True,2026-02-25|7.167|1
2026-02-25,7.416666666666667,410,1,5209.37,5199.53,5188.27,11.259999999999309,136.28600000000006,0.0826203718650434,False,2026-02-25 07:50:00,0.1,0.051362575759799224,0.0,2026-02-25 08:08:00,5188.27,停損,21.099999999999454,-21.199999999999456,-1.0047393364928912,True,2026-02-25|7.417|1
2026-02-25,10.083333333333334,578,1,5196.97,5189.58,5186.25,3.3299999999999272,136.28600000000006,0.02443391104001824,False,2026-02-25 10:38:00,0.1,0.051362575759799224,0.0,2026-02-25 10:59:00,5186.25,停損,10.720000000000255,-10.820000000000254,-1.009328358208955,True,2026-02-25|10.083|1
2026-03-02,3.4166666666666665,163,1,5337.19,5330.73,5303.39,27.339999999999236,116.87000000000008,0.23393514161032958,True,2026-03-02 03:43:00,0.1,0.03422606314708648,0.0,2026-03-02 18:01:00,5303.39,停損,33.79999999999927,-33.899999999999274,-1.002958579881657,True,2026-03-02|3.417|1
2026-03-02,4.0,219,1,5338.19,5331.76,5317.15,14.610000000000582,116.87000000000008,0.12501069564473835,True,2026-03-02 04:39:00,0.1,0.03422606314708648,0.0,2026-03-02 16:27:00,5317.15,停損,21.039999999999964,-21.139999999999965,-1.0047528517110267,True,2026-03-02|4.0|1
2026-03-02,4.083333333333333,221,1,5341.83,5335.62,5317.15,18.470000000000255,116.87000000000008,0.15803884658167403,True,2026-03-02 04:41:00,0.1,0.03422606314708648,0.0,2026-03-02 16:27:00,5317.15,停損,24.68000000000029,-24.780000000000292,-1.0040518638573743,True,2026-03-02|4.083|1
2026-03-02,4.25,222,1,5344.3,5336.24,5326.46,9.779999999999745,116.87000000000008,0.08368272439462428,True,2026-03-02 04:42:00,0.1,0.03422606314708648,0.0,2026-03-02 16:26:00,5326.46,停損,17.840000000000146,-17.940000000000147,-1.0056053811659194,True,2026-03-02|4.25|1
2026-03-02,4.5,225,1,5351.12,5342.65,5328.73,13.920000000000073,116.87000000000008,0.11910669975186158,True,2026-03-02 04:45:00,0.1,0.03422606314708648,0.0,2026-03-02 16:26:00,5328.73,停損,22.390000000000327,-22.49000000000033,-1.0044662795891022,True,2026-03-02|4.5|1
2026-03-02,4.833333333333333,248,1,5355.6,5349.1,5341.1,8.0,116.87000000000008,0.06845212629417297,True,2026-03-02 05:08:00,0.1,0.03422606314708648,0.0,2026-03-02 07:17:00,5341.1,停損,14.5,-14.6,-1.006896551724138,True,2026-03-02|4.833|1
2026-03-02,4.666666666666667,260,1,5358.77,5351.77,5338.23,13.540000000000873,116.87000000000008,0.11585522375289523,True,2026-03-02 05:20:00,0.1,0.03422606314708648,0.0,2026-03-02 16:26:00,5338.23,停損,20.540000000000873,-20.640000000000875,-1.0048685491723466,True,2026-03-02|4.667|1
2026-03-02,5.0,278,1,5361.9,5356.01,5344.51,11.5,116.87000000000008,0.09839993154787365,True,2026-03-02 05:38:00,0.1,0.03422606314708648,0.0,2026-03-02 07:17:00,5344.51,停損,17.389999999999418,-17.48999999999942,-1.0057504312823464,True,2026-03-02|5.0|1
2026-03-02,5.083333333333333,279,1,5363.77,5357.5,5349.99,7.510000000000218,116.87000000000008,0.06425943355865674,True,2026-03-02 05:39:00,0.1,0.03422606314708648,0.0,2026-03-02 06:38:00,5349.99,停損,13.780000000000655,-13.880000000000654,-1.0072568940493465,True,2026-03-02|5.083|1
2026-03-02,5.333333333333333,296,1,5365.78,5359.45,5354.45,5.0,116.87000000000008,0.042782578933858104,True,2026-03-02 05:56:00,0.1,0.03422606314708648,0.0,2026-03-02 06:37:00,5354.45,停損,11.329999999999927,-11.429999999999927,-1.0088261253309798,True,2026-03-02|5.333|1
2026-03-02,5.416666666666667,298,1,5366.47,5360.55,5353.86,6.690000000000509,116.87000000000008,0.057243090613506506,True,2026-03-02 05:58:00,0.1,0.03422606314708648,0.0,2026-03-02 06:37:00,5353.86,停損,12.610000000000582,-12.710000000000582,-1.0079302141157807,True,2026-03-02|5.417|1
2026-03-02,7.25,399,1,5358.81,5351.68,5341.05,10.63000000000011,116.87000000000008,0.09095576281338326,True,2026-03-02 07:39:00,0.1,0.03422606314708648,0.0,2026-03-02 16:26:00,5341.05,停損,17.76000000000022,-17.86000000000022,-1.0056306306306306,True,2026-03-02|7.25|1
2026-03-02,7.333333333333333,402,1,5360.52,5354.35,5348.29,6.0600000000004,116.87000000000008,0.05185248566783945,True,2026-03-02 07:42:00,0.1,0.03422606314708648,0.0,2026-03-02 16:23:00,5348.29,停損,12.230000000000473,-12.330000000000473,-1.0081766148814388,True,2026-03-02|7.333|1
2026-03-02,7.083333333333333,403,1,5360.73,5354.84,5346.25,8.590000000000146,116.87000000000008,0.07350047060836946,True,2026-03-02 07:43:00,0.1,0.03422606314708648,0.0,2026-03-02 16:25:00,5346.25,停損,14.479999999999563,-14.579999999999563,-1.0069060773480665,True,2026-03-02|7.083|1
2026-03-02,7.416666666666667,412,1,5365.1,5358.45,5348.98,9.470000000000255,116.87000000000008,0.08103020450072942,True,2026-03-02 07:52:00,0.1,0.03422606314708648,0.0,2026-03-02 16:23:00,5348.98,停損,16.1200000000008,-16.220000000000802,-1.006203473945409,True,2026-03-02|7.417|1
2026-03-02,7.5,413,1,5365.12,5359.27,5348.98,10.290000000000873,116.87000000000008,0.08804654744588745,True,2026-03-02 07:53:00,0.1,0.03422606314708648,0.0,2026-03-02 16:23:00,5348.98,停損,16.140000000000327,-16.24000000000033,-1.0061957868649318,True,2026-03-02|7.5|1
2026-03-02,7.583333333333333,426,1,5369.93,5363.74,5353.37,10.36999999999989,116.87000000000008,0.08873106870882078,True,2026-03-02 08:06:00,0.1,0.03422606314708648,0.0,2026-03-02 16:23:00,5353.37,停損,16.5600000000004,-16.6600000000004,-1.0060386473429952,True,2026-03-02|7.583|1
2026-03-02,7.666666666666667,427,1,5374.73,5365.18,5357.28,7.900000000000546,116.87000000000008,0.06759647471550048,True,2026-03-02 08:07:00,0.1,0.03422606314708648,0.0,2026-03-02 16:23:00,5357.28,停損,17.449999999999818,-17.54999999999982,-1.0057306590257882,True,2026-03-02|7.667|1
2026-03-02,8.25,472,1,5386.4,5379.41,5373.79,5.619999999999891,116.87000000000008,0.048087618721655574,True,2026-03-02 08:52:00,0.1,0.03422606314708648,0.0,2026-03-02 16:10:00,5373.79,停損,12.609999999999673,-12.709999999999672,-1.0079302141157813,True,2026-03-02|8.25|1
2026-03-02,8.333333333333334,476,1,5387.45,5381.19,5377.07,4.119999999999891,116.87000000000008,0.03525284504149814,True,2026-03-02 08:56:00,0.1,0.03422606314708648,0.0,2026-03-02 13:46:00,5377.07,停損,10.38000000000011,-10.480000000000109,-1.0096339113680153,True,2026-03-02|8.333|1
2026-03-02,8.416666666666666,478,1,5389.0,5382.29,5374.82,7.470000000000255,116.87000000000008,0.06391717292718618,True,2026-03-02 08:58:00,0.1,0.03422606314708648,0.0,2026-03-02 16:10:00,5374.82,停損,14.180000000000291,-14.28000000000029,-1.0070521861777149,True,2026-03-02|8.417|1
2026-03-02,8.666666666666666,488,1,5398.09,5387.21,5374.25,12.960000000000036,116.87000000000008,0.11089244459656052,True,2026-03-02 09:08:00,0.1,0.03422606314708648,0.0,2026-03-02 16:10:00,5374.25,停損,23.840000000000146,-23.940000000000147,-1.0041946308724832,True,2026-03-02|8.667|1
2026-03-02,9.0,496,1,5409.06,5400.85,5385.04,15.8100000000004,116.87000000000008,0.13527851458886275,True,2026-03-02 09:16:00,0.1,0.03422606314708648,0.0,2026-03-02 12:03:00,5385.04,停損,24.020000000000437,-24.120000000000438,-1.0041631973355536,True,2026-03-02|9.0|1
2026-03-02,9.083333333333334,498,1,5415.63,5406.77,5388.15,18.6200000000008,116.87000000000008,0.15932232394969442,True,2026-03-02 09:18:00,0.1,0.03422606314708648,0.0,2026-03-02 11:21:00,5388.15,停損,27.480000000000473,-27.580000000000474,-1.0036390101892285,True,2026-03-02|9.083|1
2026-03-09,3.5833333333333335,168,-1,5039.08,5060.3,5048.28,12.020000000000437,149.90699999999987,0.08018304682236618,False,2026-03-09 03:48:00,0.1,0.2268072871847214,0.0,2026-03-09 04:12:00,5060.3,停損,21.220000000000255,-21.320000000000256,-1.0047125353440152,True,2026-03-09|3.583|-1
2026-03-09,3.4166666666666665,181,-1,5019.64,5058.49,5041.1,17.389999999999418,149.90699999999987,0.11600525659241685,False,2026-03-09 04:01:00,0.1,0.2268072871847214,0.0,2026-03-09 04:08:00,5058.49,停損,38.849999999999454,-38.949999999999456,-1.0025740025740026,True,2026-03-09|3.417|-1
2026-03-10,4.166666666666667,202,1,5161.16,5151.16,5139.28,11.88000000000011,154.38799999999983,0.07694898567246237,False,2026-03-10 04:22:00,0.1,0.02590874938466723,0.07692307692307693,2026-03-10 23:58:00,5192.77,收盤,21.88000000000011,31.51000000000058,1.4401279707495622,True,2026-03-10|4.167|1
2026-03-10,4.25,230,1,5170.65,5161.54,5142.16,19.38000000000011,154.38799999999983,0.12552789076871343,False,2026-03-10 04:50:00,0.1,0.02590874938466723,0.06666666666666667,2026-03-10 23:58:00,5192.77,收盤,28.48999999999978,22.0200000000008,0.7729027729028068,True,2026-03-10|4.25|1
2026-03-10,4.333333333333333,236,1,5175.53,5167.74,5150.06,17.67999999999938,154.38799999999983,0.11451667228022515,False,2026-03-10 04:56:00,0.1,0.02590874938466723,0.06666666666666667,2026-03-10 23:58:00,5192.77,收盤,25.469999999999345,17.14000000000069,0.6729485669415441,True,2026-03-10|4.333|1
2026-03-10,4.583333333333333,237,1,5176.88,5168.94,5159.93,9.009999999999309,154.38799999999983,0.05835945798895846,False,2026-03-10 04:57:00,0.1,0.02590874938466723,0.06666666666666667,2026-03-10 06:46:00,5159.93,停損,16.949999999999818,-17.04999999999982,-1.0058997050147493,True,2026-03-10|4.583|1
2026-03-10,4.666666666666667,238,1,5180.59,5171.17,5160.6,10.569999999999709,154.38799999999983,0.06846387024898128,False,2026-03-10 04:58:00,0.1,0.02590874938466723,0.06666666666666667,2026-03-10 06:36:00,5160.6,停損,19.98999999999978,-20.089999999999783,-1.0050025012506254,True,2026-03-10|4.667|1
2026-03-10,4.75,240,1,5184.29,5175.15,5164.39,10.759999999999309,154.38799999999983,0.06969453584475037,False,2026-03-10 05:00:00,0.1,0.02590874938466723,0.06666666666666667,2026-03-10 06:00:00,5164.39,停損,19.899999999999636,-19.999999999999638,-1.0050251256281408,True,2026-03-10|4.75|1
2026-03-10,7.666666666666667,435,1,5172.92,5164.6,5161.54,3.0600000000004,154.38799999999983,0.01982019327927302,False,2026-03-10 08:15:00,0.1,0.02590874938466723,0.03571428571428571,2026-03-10 10:24:00,5161.54,停損,11.38000000000011,-11.480000000000109,-1.008787346221441,True,2026-03-10|7.667|1
2026-03-10,7.75,437,1,5173.46,5165.47,5161.62,3.850000000000364,154.38799999999983,0.024937171282744565,False,2026-03-10 08:17:00,0.1,0.02590874938466723,0.034482758620689655,2026-03-10 10:23:00,5161.62,停損,11.840000000000146,-11.940000000000145,-1.0084459459459458,True,2026-03-10|7.75|1
2026-03-10,8.583333333333334,495,1,5179.61,5171.85,5167.51,4.3400000000001455,154.38799999999983,0.028110993082364887,False,2026-03-10 09:15:00,0.1,0.02590874938466723,0.03125,2026-03-10 10:21:00,5167.51,停損,12.099999999999454,-12.199999999999454,-1.0082644628099178,True,2026-03-10|8.583|1
2026-03-10,10.333333333333334,584,1,5177.45,5169.61,5158.63,10.979999999999563,154.38799999999983,0.07111951706090872,False,2026-03-10 10:44:00,0.1,0.02590874938466723,0.02631578947368421,2026-03-10 13:38:00,5158.63,停損,18.81999999999971,-18.91999999999971,-1.0053134962805528,True,2026-03-10|10.333|1
2026-03-10,10.416666666666666,590,1,5178.62,5170.07,5159.79,10.279999999999745,154.38799999999983,0.06658548591859313,False,2026-03-10 10:50:00,0.1,0.02590874938466723,0.02564102564102564,2026-03-10 13:38:00,5159.79,停損,18.829999999999927,-18.92999999999993,-1.005310674455656,True,2026-03-10|10.417|1
2026-03-10,10.5,601,1,5182.46,5174.14,5165.67,8.470000000000255,154.38799999999983,0.05486177682203451,False,2026-03-10 11:01:00,0.1,0.02590874938466723,0.025,2026-03-10 13:38:00,5165.67,停損,16.789999999999964,-16.889999999999965,-1.0059559261465159,True,2026-03-10|10.5|1
2026-03-12,2.25,106,-1,5142.73,5155.38,5150.22,5.1599999999998545,148.64799999999977,0.03471287874710634,True,2026-03-12 02:46:00,0.1,0.04036381249663641,0.0,2026-03-12 03:28:00,5155.38,停損,12.650000000000546,-12.750000000000545,-1.0079051383399207,True,2026-03-12|2.25|-1
2026-03-12,2.5,118,-1,5137.08,5157.97,5146.04,11.930000000000291,148.64799999999977,0.08025671384748069,True,2026-03-12 02:58:00,0.1,0.04036381249663641,0.0,2026-03-12 03:38:00,5157.97,停損,20.890000000000327,-20.99000000000033,-1.0047869794159885,True,2026-03-12|2.5|-1
2026-03-12,2.6666666666666665,121,-1,5128.08,5153.02,5138.11,14.910000000000764,148.64799999999977,0.10030407405414662,True,2026-03-12 03:01:00,0.1,0.04036381249663641,0.0,2026-03-12 03:26:00,5153.02,停損,24.94000000000051,-25.04000000000051,-1.004009623095429,True,2026-03-12|2.667|-1
2026-03-12,5.583333333333333,292,-1,5146.4,5165.9,5155.61,10.289999999999964,148.64799999999977,0.0692239384317312,True,2026-03-12 05:52:00,0.1,0.04036381249663641,0.0,2026-03-12 09:41:00,5165.9,停損,19.5,-19.6,-1.005128205128205,True,2026-03-12|5.583|-1
2026-03-12,7.083333333333333,405,-1,5144.05,5153.19,5151.72,1.4699999999993452,148.64799999999977,0.009889134061671516,True,2026-03-12 07:45:00,0.1,0.04036381249663641,0.0,2026-03-12 08:42:00,5153.19,停損,9.139999999999418,-9.239999999999418,-1.0109409190371998,True,2026-03-12|7.083|-1
2026-03-12,7.25,414,-1,5143.09,5153.97,5150.69,3.280000000000655,148.64799999999977,0.022065550831498977,True,2026-03-12 07:54:00,0.1,0.04036381249663641,0.0,2026-03-12 08:42:00,5153.97,停損,10.88000000000011,-10.980000000000109,-1.009191176470588,True,2026-03-12|7.25|-1
2026-03-12,7.333333333333333,415,-1,5142.89,5153.86,5150.33,3.5299999999997453,148.64799999999977,0.02374737635218604,True,2026-03-12 07:55:00,0.1,0.04036381249663641,0.0,2026-03-12 08:42:00,5153.86,停損,10.969999999999345,-11.069999999999345,-1.0091157702825895,True,2026-03-12|7.333|-1
2026-03-13,5.416666666666667,301,-1,5110.3,5122.35,5118.09,4.260000000000218,154.8039999999998,0.027518668768250328,True,2026-03-13 06:01:00,0.1,0.025839125603989595,0.8,2026-03-13 23:57:00,5018.76,收盤,12.050000000000182,91.43999999999997,7.5883817427384725,True,2026-03-13|5.417|-1
2026-03-13,5.5,302,-1,5109.54,5121.84,5117.4,4.440000000000509,154.8039999999998,0.02868142942043174,True,2026-03-13 06:02:00,0.1,0.025839125603989595,0.8,2026-03-13 15:50:00,5121.84,停損,12.300000000000182,-12.400000000000182,-1.008130081300813,True,2026-03-13|5.5|-1
2026-03-13,6.833333333333333,385,-1,5104.99,5116.4,5113.86,2.5399999999999636,154.8039999999998,0.016407844758533158,True,2026-03-13 07:25:00,0.1,0.025839125603989595,0.64,2026-03-13 15:02:00,5116.4,停損,11.409999999999854,-11.509999999999854,-1.0087642418930762,True,2026-03-13|6.833|-1
2026-03-13,7.083333333333333,396,-1,5104.56,5117.39,5112.53,4.860000000000582,154.8039999999998,0.031394537608851115,True,2026-03-13 07:36:00,0.1,0.025839125603989595,0.6153846153846154,2026-03-13 15:02:00,5117.39,停損,12.829999999999927,-12.929999999999927,-1.0077942322681217,True,2026-03-13|7.083|-1
2026-03-13,7.166666666666667,399,-1,5102.75,5116.23,5110.98,5.25,154.8039999999998,0.03391385235523634,True,2026-03-13 07:39:00,0.1,0.025839125603989595,0.6153846153846154,2026-03-13 15:02:00,5116.23,停損,13.479999999999563,-13.579999999999563,-1.007418397626113,True,2026-03-13|7.167|-1
2026-03-13,8.25,466,-1,5099.08,5110.21,5107.34,2.869999999999891,154.8039999999998,0.018539572620861828,True,2026-03-13 08:46:00,0.1,0.025839125603989595,0.5161290322580645,2026-03-13 15:01:00,5110.21,停損,11.13000000000011,-11.230000000000109,-1.008984725965858,True,2026-03-13|8.25|-1
2026-03-13,9.0,506,-1,5093.38,5107.79,5101.61,6.180000000000291,154.8039999999998,0.0399214490581658,True,2026-03-13 09:26:00,0.1,0.025839125603989595,0.48484848484848486,2026-03-13 15:00:00,5107.79,停損,14.409999999999854,-14.509999999999854,-1.006939625260236,True,2026-03-13|9.0|-1
2026-03-13,9.166666666666666,509,-1,5090.86,5107.06,5098.72,8.340000000000146,154.8039999999998,0.05387457688431924,True,2026-03-13 09:29:00,0.1,0.025839125603989595,0.48484848484848486,2026-03-13 15:00:00,5107.06,停損,16.200000000000728,-16.30000000000073,-1.0061728395061726,True,2026-03-13|9.167|-1
2026-03-13,9.25,533,-1,5086.15,5103.99,5094.93,9.05999999999949,154.8039999999998,0.05852561949303314,True,2026-03-13 09:53:00,0.1,0.025839125603989595,0.45714285714285713,2026-03-13 14:59:00,5103.99,停損,17.840000000000146,-17.940000000000147,-1.0056053811659194,True,2026-03-13|9.25|-1
2026-03-13,9.666666666666666,559,-1,5079.38,5094.81,5088.83,5.980000000000473,154.8039999999998,0.0386294927779675,True,2026-03-13 10:19:00,0.1,0.025839125603989595,0.43243243243243246,2026-03-13 12:06:00,5094.81,停損,15.430000000000291,-15.53000000000029,-1.0064808813998702,True,2026-03-13|9.667|-1
2026-03-13,9.75,560,-1,5078.07,5094.81,5085.86,8.950000000000728,154.8039999999998,0.05781504353893142,True,2026-03-13 10:20:00,0.1,0.025839125603989595,0.43243243243243246,2026-03-13 12:06:00,5094.81,停損,16.74000000000069,-16.840000000000693,-1.0059737156511348,True,2026-03-13|9.75|-1
2026-03-13,9.916666666666666,562,-1,5074.17,5090.74,5083.75,6.989999999999782,154.8039999999998,0.045153871992970405,True,2026-03-13 10:22:00,0.1,0.025839125603989595,0.43243243243243246,2026-03-13 10:35:00,5090.74,停損,16.56999999999971,-16.66999999999971,-1.0060350030175016,True,2026-03-13|9.917|-1
2026-03-13,10.583333333333334,602,-1,5078.62,5092.92,5087.44,5.480000000000473,154.8039999999998,0.0353996020774688,True,2026-03-13 11:02:00,0.1,0.025839125603989595,0.4,2026-03-13 12:05:00,5092.92,停損,14.300000000000182,-14.400000000000182,-1.0069930069930069,True,2026-03-13|10.583|-1
2026-03-13,10.5,603,-1,5075.05,5092.92,5083.88,9.039999999999964,154.8039999999998,0.05839642386501625,True,2026-03-13 11:03:00,0.1,0.025839125603989595,0.4,2026-03-13 12:05:00,5092.92,停損,17.86999999999989,-17.969999999999892,-1.0055959709009514,True,2026-03-13|10.5|-1
2026-03-13,10.833333333333334,604,-1,5070.38,5086.89,5082.39,4.5,154.8039999999998,0.029069016304488292,True,2026-03-13 11:04:00,0.1,0.025839125603989595,0.4,2026-03-13 11:52:00,5086.89,停損,16.51000000000022,-16.61000000000022,-1.0060569351907935,True,2026-03-13|10.833|-1
2026-03-13,10.416666666666666,605,-1,5068.46,5091.06,5076.32,14.740000000000691,154.8039999999998,0.09521717785070612,True,2026-03-13 11:05:00,0.1,0.025839125603989595,0.4,2026-03-13 12:03:00,5091.06,停損,22.600000000000364,-22.700000000000365,-1.0044247787610618,True,2026-03-13|10.417|-1
2026-03-16,2.0,81,-1,4986.46,5026.19,5002.36,23.829999999999927,155.25899999999984,0.1534854662209595,True,2026-03-16 02:21:00,0.1,0.02576340179957364,0.0,2026-03-16 03:08:00,5026.19,停損,39.72999999999956,-39.829999999999565,-1.0025169896803423,True,2026-03-16|2.0|-1
2026-03-16,3.5833333333333335,190,-1,5013.75,5030.74,5022.22,8.519999999999527,155.25899999999984,0.05487604583308881,True,2026-03-16 04:10:00,0.1,0.0,0.8333333333333334,2026-03-16 09:16:00,5030.74,停損,16.98999999999978,-17.089999999999783,-1.0058858151854033,True,2026-03-16|3.583|-1
2026-03-16,3.75,193,-1,5004.73,5030.19,5017.07,13.11999999999989,155.25899999999984,0.08450395790260085,True,2026-03-16 04:13:00,0.1,0.0,0.8333333333333334,2026-03-16 09:16:00,5030.19,停損,25.460000000000036,-25.560000000000038,-1.0039277297721918,True,2026-03-16|3.75|-1
2026-03-16,3.9166666666666665,194,-1,4994.35,5028.61,5011.68,16.92999999999938,155.25899999999984,0.10904359811669145,True,2026-03-16 04:14:00,0.1,0.0,0.8333333333333334,2026-03-16 09:16:00,5028.61,停損,34.25999999999931,-34.35999999999931,-1.0029188558085231,True,2026-03-16|3.917|-1
2026-03-16,5.25,280,-1,5003.57,5018.69,5012.52,6.169999999999163,155.25899999999984,0.03974004727583695,True,2026-03-16 05:40:00,0.1,0.0,0.5555555555555556,2026-03-16 06:45:00,5018.69,停損,15.11999999999989,-15.21999999999989,-1.0066137566137567,True,2026-03-16|5.25|-1
2026-03-16,5.166666666666667,289,-1,4999.72,5017.9,5010.76,7.139999999999418,155.25899999999984,0.0459876722122352,True,2026-03-16 05:49:00,0.1,0.0,0.5263157894736842,2026-03-16 06:45:00,5017.9,停損,18.17999999999938,-18.279999999999383,-1.0055005500550058,True,2026-03-16|5.167|-1
2026-03-16,7.333333333333333,420,-1,5012.82,5026.19,5020.81,5.3799999999992,155.25899999999984,0.034651775420421395,True,2026-03-16 08:00:00,0.1,0.0,0.37037037037037035,2026-03-16 09:15:00,5026.19,停損,13.36999999999989,-13.46999999999989,-1.0074794315632012,True,2026-03-16|7.333|-1
2026-03-16,7.916666666666667,455,-1,5004.07,5015.85,5012.25,3.600000000000364,155.25899999999984,0.023187061619618622,True,2026-03-16 08:35:00,0.1,0.0,0.3333333333333333,2026-03-16 08:42:00,5015.85,停損,11.780000000000655,-11.880000000000654,-1.0084889643463493,True,2026-03-16|7.917|-1
2026-03-16,9.25,528,-1,5015.56,5036.0,5026.1,9.899999999999636,155.25899999999984,0.06376441945394241,True,2026-03-16 09:48:00,0.1,0.03864510269936046,0.9428571428571428,2026-03-16 17:09:00,5036.0,停損,20.4399999999996,-20.5399999999996,-1.0048923679060666,True,2026-03-16|9.25|-1
2026-03-16,9.166666666666666,529,-1,5011.81,5036.0,5020.78,15.220000000000255,155.25899999999984,0.09802974384737935,True,2026-03-16 09:49:00,0.1,0.03864510269936046,0.9428571428571428,2026-03-16 17:09:00,5036.0,停損,24.1899999999996,-24.2899999999996,-1.0041339396444813,True,2026-03-16|9.167|-1
2026-03-16,9.916666666666666,569,-1,5000.07,5015.73,5008.97,6.759999999999309,155.25899999999984,0.043540149041275004,True,2026-03-16 10:29:00,0.1,0.03864510269936046,0.8918918918918919,2026-03-16 14:24:00,5015.73,停損,15.659999999999854,-15.759999999999854,-1.0063856960408686,True,2026-03-16|9.917|-1
2026-03-16,10.166666666666666,585,-1,4992.82,5015.38,5001.08,14.300000000000182,155.25899999999984,0.09210416143347694,True,2026-03-16 10:45:00,0.1,0.03864510269936046,0.868421052631579,2026-03-16 14:23:00,5015.38,停損,22.5600000000004,-22.6600000000004,-1.0044326241134751,True,2026-03-16|10.167|-1
2026-03-17,7.083333333333333,405,1,5039.78,5030.57,5027.6,2.969999999999345,146.44199999999992,0.020281066907030406,True,2026-03-17 07:45:00,0.1,0.0273145682249628,0.46153846153846156,2026-03-17 08:48:00,5027.6,停損,12.179999999999382,-12.279999999999381,-1.008210180623974,True,2026-03-17|7.083|1
2026-03-18,7.25,398,-1,4984.8,4993.59,4990.61,2.980000000000473,115.16299999999993,0.025876366541341185,True,2026-03-18 07:38:00,0.1,0.0,0.46153846153846156,2026-03-18 08:36:00,4993.59,停損,8.789999999999964,-8.889999999999963,-1.0113765642775883,True,2026-03-18|7.25|-1
2026-03-18,7.0,399,-1,4983.82,4992.84,4989.61,3.230000000000473,115.16299999999993,0.02804720266058087,True,2026-03-18 07:39:00,0.12,0.0,0.46153846153846156,2026-03-18 08:35:00,4992.84,停損,9.020000000000437,-9.140000000000436,-1.0133037694013296,True,2026-03-18|7.0|-1
2026-03-19,4.666666666666667,243,-1,4846.25,4867.24,4853.79,13.449999999999818,123.96499999999996,0.10849836647440667,True,2026-03-19 05:03:00,0.12,0.016133586092848793,0.875,2026-03-19 23:58:00,4657.69,收盤,20.98999999999978,188.4400000000004,8.977608384945324,True,2026-03-19|4.667|-1
2026-03-19,4.75,246,-1,4844.39,4865.76,4851.79,13.970000000000255,123.96499999999996,0.11269309885855087,True,2026-03-19 05:06:00,0.1,0.016133586092848793,0.875,2026-03-19 06:20:00,4865.76,停損,21.36999999999989,-21.469999999999892,-1.004679457182967,True,2026-03-19|4.75|-1
2026-03-19,6.166666666666667,333,-1,4854.67,4866.15,4861.22,4.9299999999993815,123.96499999999996,0.039769289718867284,True,2026-03-19 06:33:00,0.12,0.008066793046424396,0.6363636363636364,2026-03-19 23:58:00,4657.69,收盤,11.479999999999563,196.86000000000047,17.148083623694074,True,2026-03-19|6.167|-1
2026-03-19,6.666666666666667,367,-1,4847.81,4857.52,4854.43,3.0900000000001455,123.96499999999996,0.024926390513452558,True,2026-03-19 07:07:00,0.1,0.008066793046424396,0.5833333333333334,2026-03-19 23:58:00,4657.69,收盤,9.710000000000036,190.0200000000008,19.56951596292483,True,2026-03-19|6.667|-1
2026-03-19,8.25,451,-1,4841.96,4853.85,4849.24,4.610000000000582,123.96499999999996,0.03718791594402116,True,2026-03-19 08:31:00,0.1,0.008066793046424396,0.4666666666666667,2026-03-19 23:58:00,4657.69,收盤,11.890000000000327,184.17000000000044,15.489486963834766,True,2026-03-19|8.25|-1
2026-03-19,7.916666666666667,452,-1,4840.77,4853.0,4847.12,5.880000000000109,123.96499999999996,0.04743274311297633,True,2026-03-19 08:32:00,0.1,0.008066793046424396,0.4666666666666667,2026-03-19 23:58:00,4657.69,收盤,12.229999999999563,182.98000000000084,14.96156991005784,True,2026-03-19|7.917|-1
2026-03-19,8.083333333333334,457,-1,4840.31,4853.77,4846.73,7.040000000000873,123.96499999999996,0.056790223046834794,True,2026-03-19 08:37:00,0.1,0.008066793046424396,0.4666666666666667,2026-03-19 23:58:00,4657.69,收盤,13.460000000000036,182.5200000000008,13.560178306092148,True,2026-03-19|8.083|-1
2026-03-19,8.416666666666666,460,-1,4832.98,4851.31,4839.32,11.990000000000691,123.96499999999996,0.09672084862663409,True,2026-03-19 08:40:00,0.1,0.008066793046424396,0.4666666666666667,2026-03-19 23:58:00,4657.69,收盤,18.330000000000837,175.18999999999997,9.55755591925761,True,2026-03-19|8.417|-1
2026-03-19,9.083333333333334,499,-1,4824.6,4840.0,4831.08,8.920000000000073,123.96499999999996,0.0719557939741062,True,2026-03-19 09:19:00,0.1,0.008066793046424396,0.42424242424242425,2026-03-19 23:58:00,4657.69,收盤,15.399999999999636,166.81000000000077,10.831818181818488,True,2026-03-19|9.083|-1
2026-03-19,8.666666666666666,500,-1,4821.96,4838.96,4829.38,9.579999999999927,123.96499999999996,0.07727987738474514,True,2026-03-19 09:20:00,0.1,0.008066793046424396,0.42424242424242425,2026-03-19 23:58:00,4657.69,收盤,17.0,164.17000000000044,9.657058823529438,True,2026-03-19|8.667|-1
2026-03-19,8.833333333333334,501,-1,4819.42,4840.29,4827.09,13.199999999999818,123.96499999999996,0.10648166821280057,True,2026-03-19 09:21:00,0.1,0.008066793046424396,0.42424242424242425,2026-03-19 23:58:00,4657.69,收盤,20.86999999999989,161.63000000000048,7.744609487302411,True,2026-03-19|8.833|-1
2026-03-19,9.166666666666666,510,-1,4813.48,4835.91,4821.7,14.210000000000036,123.96499999999996,0.11462912918969097,True,2026-03-19 09:30:00,0.1,0.008066793046424396,0.42424242424242425,2026-03-19 23:58:00,4657.69,收盤,22.43000000000029,155.68999999999997,6.94115024520722,True,2026-03-19|9.167|-1
2026-03-19,9.25,515,-1,4808.16,4833.65,4816.45,17.199999999999818,123.96499999999996,0.13874884039849816,True,2026-03-19 09:35:00,0.1,0.008066793046424396,0.4117647058823529,2026-03-19 23:58:00,4657.69,收盤,25.48999999999978,150.37000000000026,5.8991761475088875,True,2026-03-19|9.25|-1
2026-03-19,9.333333333333334,516,-1,4802.91,4826.45,4813.48,12.970000000000255,123.96499999999996,0.10462630581212648,True,2026-03-19 09:36:00,0.1,0.008066793046424396,0.4117647058823529,2026-03-19 23:58:00,4657.69,收盤,23.539999999999964,145.12000000000026,6.164825828377251,True,2026-03-19|9.333|-1
2026-03-19,9.416666666666666,518,-1,4796.16,4823.73,4807.55,16.17999999999938,123.96499999999996,0.13052071149114175,True,2026-03-19 09:38:00,0.1,0.008066793046424396,0.4117647058823529,2026-03-19 23:58:00,4657.69,收盤,27.56999999999971,138.37000000000026,5.018861080885082,True,2026-03-19|9.417|-1
2026-03-19,9.5,523,-1,4780.74,4820.0,4791.41,28.590000000000146,123.96499999999996,0.23062961319727468,True,2026-03-19 09:43:00,0.1,0.008066793046424396,0.4117647058823529,2026-03-19 23:58:00,4657.69,收盤,39.26000000000022,122.95000000000019,3.131686194600089,True,2026-03-19|9.5|-1
2026-03-19,9.583333333333334,528,-1,4766.1,4808.59,4780.32,28.270000000000437,123.96499999999996,0.22804823942242122,True,2026-03-19 09:48:00,0.1,0.008066793046424396,0.4,2026-03-19 23:58:00,4657.69,收盤,42.48999999999978,108.31000000000077,2.549070369498737,True,2026-03-19|9.583|-1
2026-03-19,9.666666666666666,531,-1,4752.53,4796.51,4759.41,37.100000000000364,123.96499999999996,0.29927802202234804,True,2026-03-19 09:51:00,0.1,0.008066793046424396,0.4,2026-03-19 23:58:00,4657.69,收盤,43.98000000000047,94.74000000000015,2.154160982264646,True,2026-03-19|9.667|-1
2026-03-19,10.166666666666666,564,-1,4766.64,4784.34,4773.45,10.890000000000327,123.96499999999996,0.08784737627556433,True,2026-03-19 10:24:00,0.1,0.008066793046424396,0.3783783783783784,2026-03-19 23:58:00,4657.69,收盤,17.699999999999818,108.85000000000073,6.149717514124398,True,2026-03-19|10.167|-1
2026-03-19,10.083333333333334,583,-1,4754.07,4784.34,4764.23,20.110000000000582,123.96499999999996,0.1622232081635993,True,2026-03-19 10:43:00,0.1,0.008066793046424396,0.3684210526315789,2026-03-19 23:58:00,4657.69,收盤,30.270000000000437,96.28000000000011,3.18070697059791,True,2026-03-19|10.083|-1
2026-03-19,10.333333333333334,584,-1,4750.17,4776.21,4756.98,19.230000000000473,123.96499999999996,0.15512443028274497,True,2026-03-19 10:44:00,0.1,0.008066793046424396,0.3684210526315789,2026-03-19 23:58:00,4657.69,收盤,26.039999999999964,92.38000000000048,3.547619047619071,True,2026-03-19|10.333|-1
2026-03-19,10.583333333333334,600,-1,4728.04,4771.67,4735.9,35.77000000000044,123.96499999999996,0.2885491872706042,True,2026-03-19 11:00:00,0.1,0.008066793046424396,0.358974358974359,2026-03-19 23:58:00,4657.69,收盤,43.63000000000011,70.25000000000037,1.610130644052262,True,2026-03-19|10.583|-1
2026-03-19,10.833333333333334,607,-1,4720.62,4755.06,4727.51,27.550000000000182,123.96499999999996,0.2222401484289936,True,2026-03-19 11:07:00,0.1,0.008066793046424396,0.35,2026-03-19 23:58:00,4657.69,收盤,34.44000000000051,62.83000000000029,1.824332171893129,True,2026-03-19|10.833|-1
2026-03-23,2.0,97,-1,4478.48,4510.79,4487.91,22.88000000000011,160.68500000000003,0.14239039113794133,True,2026-03-23 02:37:00,0.1,0.06223356256028875,0.16666666666666666,2026-03-23 17:26:00,4510.79,停損,32.3100000000004,-32.4100000000004,-1.0030950170225936,True,2026-03-23|2.0|-1
2026-03-23,2.0833333333333335,98,-1,4476.05,4505.94,4485.47,20.469999999999345,160.68500000000003,0.127392102560907,True,2026-03-23 02:38:00,0.1,0.06223356256028875,0.16666666666666666,2026-03-23 17:26:00,4505.94,停損,29.889999999999418,-29.98999999999942,-1.003345600535296,True,2026-03-23|2.083|-1
2026-03-23,2.3333333333333335,109,-1,4461.03,4492.85,4482.68,10.170000000000073,160.68500000000003,0.06329153312381411,True,2026-03-23 02:49:00,0.1,0.06223356256028875,0.14285714285714285,2026-03-23 17:19:00,4492.85,停損,31.82000000000062,-31.92000000000062,-1.0031426775612822,True,2026-03-23|2.333|-1
2026-03-23,2.6666666666666665,124,-1,4435.82,4493.63,4459.63,34.0,160.68500000000003,0.21159411270498177,True,2026-03-23 03:04:00,0.1,0.06223356256028875,0.125,2026-03-23 17:19:00,4493.63,停損,57.8100000000004,-57.9100000000004,-1.001729804532088,True,2026-03-23|2.667|-1
2026-03-23,2.9166666666666665,126,-1,4425.38,4473.3,4435.01,38.289999999999964,160.68500000000003,0.23829231104334542,True,2026-03-23 03:06:00,0.1,0.06223356256028875,0.125,2026-03-23 15:51:00,4473.3,停損,47.92000000000007,-48.020000000000074,-1.0020868113522539,True,2026-03-23|2.917|-1
2026-03-23,3.0,136,-1,4415.41,4473.3,4425.38,47.92000000000007,160.68500000000003,0.29822323178890414,True,2026-03-23 03:16:00,0.1,0.06223356256028875,0.1111111111111111,2026-03-23 15:51:00,4473.3,停損,57.89000000000033,-57.99000000000033,-1.0017274140611505,True,2026-03-23|3.0|-1
2026-03-23,3.3333333333333335,155,-1,4401.46,4445.25,4420.88,24.36999999999989,160.68500000000003,0.15166319195942302,True,2026-03-23 03:35:00,0.1,0.06223356256028875,0.1,2026-03-23 04:32:00,4445.25,停損,43.789999999999964,-43.889999999999965,-1.0022836263987212,True,2026-03-23|3.333|-1
2026-03-23,3.1666666666666665,156,-1,4367.13,4449.09,4404.59,44.5,160.68500000000003,0.27693935339328496,True,2026-03-23 03:36:00,0.1,0.06223356256028875,0.1,2026-03-23 04:34:00,4449.09,停損,81.96000000000004,-82.06000000000003,-1.0012201073694484,True,2026-03-23|3.167|-1
2026-03-23,3.5,173,-1,4321.88,4436.82,4330.03,106.78999999999996,160.68500000000003,0.6645922145813233,True,2026-03-23 03:53:00,0.13,0.06223356256028875,0.09090909090909091,2026-03-23 04:23:00,4436.82,停損,114.9399999999996,-115.0699999999996,-1.0011310248825473,True,2026-03-23|3.5|-1
2026-03-23,4.583333333333333,229,-1,4418.26,4449.68,4428.16,21.520000000000437,160.68500000000003,0.1339266266297441,True,2026-03-23 04:49:00,0.11,0.06223356256028875,0.06666666666666667,2026-03-23 14:12:00,4449.68,停損,31.420000000000073,-31.530000000000072,-1.0035009548058562,True,2026-03-23|4.583|-1
2026-03-23,4.333333333333333,231,-1,4410.36,4443.72,4420.54,23.18000000000029,160.68500000000003,0.14425739801475113,True,2026-03-23 04:51:00,0.12,0.06223356256028875,0.06666666666666667,2026-03-23 14:12:00,4443.72,停損,33.36000000000058,-33.48000000000058,-1.003597122302158,True,2026-03-23|4.333|-1
2026-03-23,4.416666666666667,233,-1,4404.86,4454.26,4417.01,37.25,160.68500000000003,0.2318200205370756,True,2026-03-23 04:53:00,0.13,0.06223356256028875,0.06666666666666667,2026-03-23 14:12:00,4454.26,停損,49.400000000000546,-49.53000000000055,-1.0026315789473685,True,2026-03-23|4.417|-1
2026-03-23,4.666666666666667,237,-1,4402.45,4445.2,4410.97,34.22999999999956,160.68500000000003,0.21302548464386567,True,2026-03-23 04:57:00,0.12,0.06223356256028875,0.06666666666666667,2026-03-23 14:12:00,4445.2,停損,42.75,-42.87,-1.0028070175438595,True,2026-03-23|4.667|-1
2026-03-23,4.75,238,-1,4390.8,4436.83,4404.16,32.67000000000007,160.68500000000003,0.2033170488844638,True,2026-03-23 04:58:00,0.1,0.06223356256028875,0.06666666666666667,2026-03-23 14:11:00,4436.83,停損,46.029999999999745,-46.12999999999975,-1.0021724961981318,True,2026-03-23|4.75|-1
2026-03-23,5.25,273,-1,4384.15,4417.08,4394.59,22.48999999999978,160.68500000000003,0.13996328219808804,True,2026-03-23 05:33:00,0.12,0.06223356256028875,0.05555555555555555,2026-03-23 14:08:00,4417.08,停損,32.93000000000029,-33.05000000000029,-1.003644093531734,True,2026-03-23|5.25|-1
2026-03-23,5.0,278,-1,4374.27,4422.04,4383.32,38.720000000000255,160.68500000000003,0.24096835423343962,True,2026-03-23 05:38:00,0.12,0.06223356256028875,0.05555555555555555,2026-03-23 14:11:00,4422.04,停損,47.76999999999953,-47.889999999999525,-1.002512036843207,True,2026-03-23|5.0|-1
2026-03-23,5.416666666666667,281,-1,4370.21,4414.25,4381.67,32.57999999999993,160.68500000000003,0.20275694682142031,True,2026-03-23 05:41:00,0.1,0.06223356256028875,0.05555555555555555,2026-03-23 14:08:00,4414.25,停損,44.039999999999964,-44.139999999999965,-1.0022706630336058,True,2026-03-23|5.417|-1
2026-03-23,5.5,294,-1,4357.58,4400.85,4370.51,30.340000000000146,160.68500000000003,0.18881662880791697,True,2026-03-23 05:54:00,0.1,0.06223356256028875,0.05263157894736842,2026-03-23 14:08:00,4400.85,停損,43.27000000000044,-43.37000000000044,-1.0023110700254219,True,2026-03-23|5.5|-1
2026-03-23,5.916666666666667,313,-1,4348.12,4377.93,4357.38,20.550000000000182,160.68500000000003,0.12788997106139452,True,2026-03-23 06:13:00,0.1,0.06223356256028875,0.05,2026-03-23 07:37:00,4377.93,停損,29.8100000000004,-29.9100000000004,-1.0033545790003355,True,2026-03-23|5.917|-1
2026-03-23,6.0,340,-1,4346.01,4377.93,4354.29,23.640000000000327,160.68500000000003,0.14712014189252465,True,2026-03-23 06:40:00,0.11,0.06223356256028875,0.045454545454545456,2026-03-23 07:37:00,4377.93,停損,31.920000000000073,-32.03000000000007,-1.0034461152882206,True,2026-03-23|6.0|-1
2026-03-23,6.083333333333333,341,-1,4338.69,4373.99,4347.9,26.090000000000146,160.68500000000003,0.16236736471979427,True,2026-03-23 06:41:00,0.1,0.06223356256028875,0.045454545454545456,2026-03-23 07:37:00,4373.99,停損,35.30000000000018,-35.40000000000018,-1.0028328611898016,True,2026-03-23|6.083|-1
2026-03-23,6.5,342,-1,4336.97,4364.74,4345.13,19.609999999999673,160.68500000000003,0.1220400161807242,True,2026-03-23 06:42:00,0.12,0.06223356256028875,0.045454545454545456,2026-03-23 07:01:00,4364.74,停損,27.769999999999527,-27.889999999999528,-1.004321209938783,True,2026-03-23|6.5|-1
2026-03-23,7.333333333333333,413,-1,4355.15,4370.62,4366.15,4.470000000000255,160.68500000000003,0.027818402464450658,True,2026-03-23 07:53:00,0.13,0.06223356256028875,0.037037037037037035,2026-03-23 08:02:00,4370.62,停損,15.470000000000255,-15.600000000000255,-1.0084033613445378,True,2026-03-23|7.333|-1
2026-03-23,8.083333333333334,443,-1,4359.11,4379.36,4369.48,9.88000000000011,160.68500000000003,0.061486759809565965,True,2026-03-23 08:23:00,0.12,0.06223356256028875,0.034482758620689655,2026-03-23 14:07:00,4379.36,停損,20.25,-20.37,-1.005925925925926,True,2026-03-23|8.083|-1
2026-03-23,8.0,445,-1,4354.67,4380.19,4366.16,14.029999999999745,160.68500000000003,0.08731368827208354,True,2026-03-23 08:25:00,0.13,0.06223356256028875,0.034482758620689655,2026-03-23 14:07:00,4380.19,停損,25.519999999999527,-25.649999999999526,-1.0050940438871474,True,2026-03-23|8.0|-1
2026-03-23,7.916666666666667,451,-1,4331.39,4380.19,4352.48,27.710000000000036,160.68500000000003,0.17244920185456036,True,2026-03-23 08:31:00,0.1,0.06223356256028875,0.03333333333333333,2026-03-23 14:07:00,4380.19,停損,48.79999999999927,-48.899999999999274,-1.0020491803278688,True,2026-03-23|7.917|-1
2026-03-23,8.416666666666666,473,-1,4306.99,4359.27,4321.59,37.68000000000029,160.68500000000003,0.23449606372716983,True,2026-03-23 08:53:00,0.1,0.06223356256028875,0.03225806451612903,2026-03-23 14:07:00,4359.27,停損,52.280000000000655,-52.380000000000656,-1.001912777352716,True,2026-03-23|8.417|-1
2026-03-23,8.75,483,-1,4293.41,4326.54,4303.71,22.829999999999927,160.68500000000003,0.14207922332513878,True,2026-03-23 09:03:00,0.1,0.06223356256028875,0.03125,2026-03-23 14:06:00,4326.54,停損,33.13000000000011,-33.23000000000011,-1.0030184123151222,True,2026-03-23|8.75|-1
2026-03-23,8.916666666666666,487,-1,4277.72,4322.06,4286.24,35.82000000000062,160.68500000000003,0.22292062109095817,True,2026-03-23 09:07:00,0.1,0.06223356256028875,0.03125,2026-03-23 14:06:00,4322.06,停損,44.340000000000146,-44.44000000000015,-1.002255299954894,True,2026-03-23|8.917|-1
2026-03-23,9.0,509,-1,4251.67,4310.36,4270.52,39.839999999999236,160.68500000000003,0.24793851324018562,True,2026-03-23 09:29:00,0.1,0.06223356256028875,0.030303030303030304,2026-03-23 14:06:00,4310.36,停損,58.6899999999996,-58.7899999999996,-1.0017038677798604,True,2026-03-23|9.0|-1
2026-03-23,9.333333333333334,513,-1,4226.26,4285.82,4239.08,46.73999999999978,160.68500000000003,0.2908796714067883,True,2026-03-23 09:33:00,0.13,0.06223356256028875,0.029411764705882353,2026-03-23 12:17:00,4285.82,停損,59.55999999999949,-59.68999999999949,-1.0021826729348557,True,2026-03-23|9.333|-1
2026-03-23,9.416666666666666,524,-1,4197.86,4282.91,4222.45,60.460000000000036,160.68500000000003,0.37626411923950603,True,2026-03-23 09:44:00,0.1,0.06223356256028875,0.029411764705882353,2026-03-23 12:17:00,4282.91,停損,85.05000000000018,-85.15000000000018,-1.0011757789535567,True,2026-03-23|9.417|-1
2026-03-23,9.583333333333334,528,-1,4169.99,4243.8,4182.74,61.0600000000004,160.68500000000003,0.3799981329931256,True,2026-03-23 09:48:00,0.11,0.06223356256028875,0.02857142857142857,2026-03-23 11:12:00,4243.8,停損,73.8100000000004,-73.9200000000004,-1.0014903129657229,True,2026-03-23|9.583|-1
2026-03-23,9.833333333333334,542,-1,4191.16,4230.11,4203.83,26.279999999999745,160.68500000000003,0.16354980240843725,True,2026-03-23 10:02:00,0.12,0.06223356256028875,0.027777777777777776,2026-03-23 10:49:00,4230.11,停損,38.94999999999982,-39.069999999999816,-1.0030808729139922,True,2026-03-23|9.833|-1
2026-03-23,9.666666666666666,547,-1,4151.7,4243.8,4163.42,80.38000000000011,160.68500000000003,0.5002333758596017,True,2026-03-23 10:07:00,0.1,0.06223356256028875,0.027777777777777776,2026-03-23 11:12:00,4243.8,停損,92.10000000000036,-92.20000000000036,-1.001085776330076,True,2026-03-23|9.667|-1
2026-03-23,10.0,559,-1,4115.6,4221.96,4132.19,89.77000000000044,160.68500000000003,0.5586706911037148,True,2026-03-23 10:19:00,0.1,0.06223356256028875,0.02702702702702703,2026-03-23 10:47:00,4221.96,停損,106.35999999999967,-106.45999999999967,-1.000940203083866,True,2026-03-23|10.0|-1
2026-03-23,10.166666666666666,562,-1,4102.31,4171.11,4113.56,57.54999999999927,160.68500000000003,0.35815415253445726,True,2026-03-23 10:22:00,0.1,0.06223356256028875,0.02702702702702703,2026-03-23 10:37:00,4171.11,停損,68.79999999999927,-68.89999999999927,-1.001453488372093,True,2026-03-23|10.167|-1
2026-03-25,2.0,77,1,4498.1,4485.04,4472.63,12.409999999999854,191.7970000000001,0.06470382748426642,True,2026-03-25 02:17:00,0.1,0.05213845889143206,0.4,2026-03-25 23:58:00,4505.76,收盤,25.470000000000255,7.559999999999855,0.29681978798585706,True,2026-03-25|2.0|1
2026-03-25,2.1666666666666665,90,1,4510.03,4499.4,4479.71,19.6899999999996,191.7970000000001,0.10266062555722763,True,2026-03-25 02:30:00,0.1,0.05213845889143206,0.4,2026-03-25 23:58:00,4505.76,收盤,30.31999999999971,-4.369999999999527,-0.14412928759893037,True,2026-03-25|2.167|1
2026-03-25,2.25,97,1,4525.17,4502.81,4483.43,19.38000000000011,191.7970000000001,0.10104433333159589,True,2026-03-25 02:37:00,0.1,0.05213845889143206,0.3333333333333333,2026-03-25 23:58:00,4505.76,收盤,41.73999999999978,-19.509999999999856,-0.46741734547196834,True,2026-03-25|2.25|1
2026-03-25,3.25,157,1,4561.72,4551.78,4538.69,13.090000000000146,191.7970000000001,0.06824924268888533,True,2026-03-25 03:37:00,0.1,0.05213845889143206,0.2,2026-03-25 09:14:00,4538.69,停損,23.030000000000655,-23.130000000000656,-1.0043421623968736,True,2026-03-25|3.25|1
2026-03-25,3.0,160,1,4566.32,4554.84,4537.55,17.289999999999964,191.7970000000001,0.09014739542328584,True,2026-03-25 03:40:00,0.1,0.05213845889143206,0.2,2026-03-25 09:14:00,4537.55,停損,28.769999999999527,-28.86999999999953,-1.0034758428919013,True,2026-03-25|3.0|1
2026-03-25,3.3333333333333335,161,1,4567.48,4557.0,4540.73,16.270000000000437,191.7970000000001,0.08482927261636224,True,2026-03-25 03:41:00,0.1,0.05213845889143206,0.2,2026-03-25 09:10:00,4540.73,停損,26.75,-26.85,-1.0037383177570094,True,2026-03-25|3.333|1
2026-03-25,3.4166666666666665,166,1,4571.59,4561.36,4542.03,19.329999999999927,191.7970000000001,0.10078364103713779,True,2026-03-25 03:46:00,0.1,0.05213845889143206,0.18181818181818182,2026-03-25 09:10:00,4542.03,停損,29.5600000000004,-29.6600000000004,-1.003382949932341,True,2026-03-25|3.417|1
2026-03-25,3.9166666666666665,212,1,4581.35,4570.57,4552.43,18.139999999999418,191.7970000000001,0.09457916442905472,True,2026-03-25 04:32:00,0.1,0.05213845889143206,0.14285714285714285,2026-03-25 08:33:00,4552.43,停損,28.920000000000073,-29.020000000000074,-1.0034578146611342,True,2026-03-25|3.917|1
2026-03-25,4.0,216,1,4586.1,4576.4,4552.43,23.969999999999345,191.7970000000001,0.12497588596275923,True,2026-03-25 04:36:00,0.1,0.05213845889143206,0.14285714285714285,2026-03-25 08:33:00,4552.43,停損,33.67000000000007,-33.770000000000074,-1.002970002970003,True,2026-03-25|4.0|1
2026-03-25,4.083333333333333,218,1,4588.41,4578.76,4563.48,15.280000000000655,191.7970000000001,0.0796675651861116,True,2026-03-25 04:38:00,0.1,0.05213845889143206,0.14285714285714285,2026-03-25 08:21:00,4563.48,停損,24.93000000000029,-25.030000000000292,-1.0040112314480545,True,2026-03-25|4.083|1
2026-03-25,4.416666666666667,229,1,4595.17,4585.24,4572.68,12.55999999999949,191.7970000000001,0.065485904367636,True,2026-03-25 04:49:00,0.1,0.05213845889143206,0.13333333333333333,2026-03-25 06:17:00,4572.68,停損,22.48999999999978,-22.589999999999783,-1.004446420631392,True,2026-03-25|4.417|1
2026-03-25,4.5,237,1,4600.42,4590.21,4574.27,15.9399999999996,191.7970000000001,0.08310870347294061,True,2026-03-25 04:57:00,0.1,0.05213845889143206,0.13333333333333333,2026-03-25 06:04:00,4574.27,停損,26.149999999999636,-26.249999999999638,-1.0038240917782029,True,2026-03-25|4.5|1
2026-03-25,5.166666666666667,286,1,4600.08,4588.4,4580.08,8.319999999999709,191.7970000000001,0.04337919779766995,True,2026-03-25 05:46:00,0.1,0.05213845889143206,0.10526315789473684,2026-03-25 06:04:00,4580.08,停損,20.0,-20.1,-1.0050000000000001,True,2026-03-25|5.167|1
2026-03-25,9.666666666666666,558,1,4560.86,4550.67,4543.8,6.869999999999891,191.7970000000001,0.03581912125841325,True,2026-03-25 10:18:00,0.1,0.05213845889143206,0.05405405405405406,2026-03-25 10:38:00,4543.8,停損,17.05999999999949,-17.159999999999492,-1.0058616647127787,True,2026-03-25|9.667|1
2026-03-25,10.0,560,1,4562.23,4552.35,4544.79,7.5600000000004,191.7970000000001,0.03941667492192472,True,2026-03-25 10:20:00,0.1,0.05213845889143206,0.05405405405405406,2026-03-25 10:37:00,4544.79,停損,17.4399999999996,-17.5399999999996,-1.0057339449541287,True,2026-03-25|10.0|1
2026-03-25,10.833333333333334,611,1,4557.56,4546.38,4537.07,9.3100000000004,191.7970000000001,0.048540905227925334,True,2026-03-25 11:11:00,0.1,0.05213845889143206,0.05,2026-03-25 12:49:00,4537.07,停損,20.49000000000069,-20.590000000000693,-1.004880429477794,True,2026-03-25|10.833|1
2026-03-25,10.666666666666666,616,1,4563.99,4552.54,4539.79,12.75,191.7970000000001,0.06647653508657587,True,2026-03-25 11:16:00,0.1,0.05213845889143206,0.04878048780487805,2026-03-25 12:48:00,4539.79,停損,24.199999999999818,-24.29999999999982,-1.0041322314049588,True,2026-03-25|10.667|1
2026-03-26,2.1666666666666665,98,-1,4491.89,4514.49,4506.3,8.1899999999996,199.06700000000018,0.041141927089872216,False,2026-03-26 02:38:00,0.1,0.005023434321107964,0.3333333333333333,2026-03-26 03:06:00,4514.49,停損,22.599999999999454,-22.699999999999456,-1.004424778761062,True,2026-03-26|2.167|-1
2026-03-26,5.666666666666667,303,-1,4502.81,4521.03,4514.08,6.949999999999818,199.06700000000018,0.034912868531699434,False,2026-03-26 06:03:00,0.1,0.02511717160553982,0.6,2026-03-26 07:27:00,4521.03,停損,18.219999999999345,-18.319999999999347,-1.0054884742041714,True,2026-03-26|5.667|-1
2026-03-26,7.833333333333333,434,-1,4508.26,4522.4,4519.26,3.139999999999418,199.06700000000018,0.015773583768276082,False,2026-03-26 08:14:00,0.1,0.02511717160553982,0.42857142857142855,2026-03-26 23:58:00,4380.84,收盤,14.139999999999418,127.32000000000008,9.00424328147138,True,2026-03-26|7.833|-1
2026-03-26,7.75,437,-1,4507.32,4524.32,4517.92,6.399999999999636,199.06700000000018,0.032149979655089145,False,2026-03-26 08:17:00,0.11,0.02511717160553982,0.41379310344827586,2026-03-26 23:58:00,4380.84,收盤,17.0,126.36999999999956,7.43352941176468,True,2026-03-26|7.75|-1
2026-03-26,8.0,446,-1,4500.83,4522.3,4511.87,10.430000000000291,199.06700000000018,0.05239441996915753,False,2026-03-26 08:26:00,0.1,0.02511717160553982,0.41379310344827586,2026-03-26 23:58:00,4380.84,收盤,21.470000000000255,119.88999999999979,5.584070796460101,True,2026-03-26|8.0|-1
2026-03-26,8.083333333333334,447,-1,4494.92,4518.82,4507.75,11.069999999999709,199.06700000000018,0.0556094179346637,False,2026-03-26 08:27:00,0.1,0.02511717160553982,0.41379310344827586,2026-03-26 23:58:00,4380.84,收盤,23.899999999999636,113.97999999999993,4.769037656903835,True,2026-03-26|8.083|-1
2026-03-26,8.25,449,-1,4490.79,4511.34,4501.59,9.75,199.06700000000018,0.04897848463080265,False,2026-03-26 08:29:00,0.11,0.02511717160553982,0.41379310344827586,2026-03-26 23:58:00,4380.84,收盤,20.550000000000182,109.83999999999982,5.345012165450066,True,2026-03-26|8.25|-1
2026-03-26,8.333333333333334,466,-1,4477.39,4511.34,4489.1,22.23999999999978,199.06700000000018,0.11172117930144003,False,2026-03-26 08:46:00,0.1,0.02511717160553982,0.3870967741935484,2026-03-26 23:58:00,4380.84,收盤,33.94999999999982,96.45000000000019,2.8409425625920677,True,2026-03-26|8.333|-1
2026-03-26,8.416666666666666,472,-1,4467.9,4505.36,4480.27,25.089999999999236,199.06700000000018,0.12603796711659498,False,2026-03-26 08:52:00,0.1,0.02511717160553982,0.3870967741935484,2026-03-26 23:58:00,4380.84,收盤,37.460000000000036,86.9599999999995,2.3214095034703526,True,2026-03-26|8.417|-1
2026-03-26,8.666666666666666,477,-1,4453.14,4495.19,4467.99,27.199999999999818,199.06700000000018,0.13663741353413572,False,2026-03-26 08:57:00,0.1,0.02511717160553982,0.3870967741935484,2026-03-26 23:58:00,4380.84,收盤,42.04999999999927,72.20000000000019,1.7170035671819603,True,2026-03-26|8.667|-1
2026-03-26,8.75,478,-1,4449.46,4484.24,4460.07,24.170000000000073,199.06700000000018,0.12141640754117985,False,2026-03-26 08:58:00,0.1,0.02511717160553982,0.3870967741935484,2026-03-26 23:58:00,4380.84,收盤,34.779999999999745,68.5199999999999,1.9700977573318113,True,2026-03-26|8.75|-1
2026-03-26,8.833333333333334,487,-1,4425.66,4476.23,4439.07,37.159999999999854,199.06700000000018,0.1866708193723712,False,2026-03-26 09:07:00,0.1,0.02511717160553982,0.375,2026-03-26 17:36:00,4476.23,停損,50.56999999999971,-50.66999999999971,-1.0019774569903106,True,2026-03-26|8.833|-1
2026-03-26,8.916666666666666,496,-1,4415.98,4463.29,4428.1,35.1899999999996,199.06700000000018,0.17677465375978724,False,2026-03-26 09:16:00,0.1,0.02511717160553982,0.36363636363636365,2026-03-26 10:41:00,4463.29,停損,47.3100000000004,-47.4100000000004,-1.0021137180300148,True,2026-03-26|8.917|-1
2026-03-26,9.916666666666666,561,-1,4441.31,4460.61,4451.58,9.029999999999745,199.06700000000018,0.04536161191960364,False,2026-03-26 10:21:00,0.1,0.02511717160553982,0.32432432432432434,2026-03-26 10:41:00,4460.61,停損,19.299999999999272,-19.399999999999274,-1.0051813471502593,True,2026-03-26|9.917|-1
2026-03-26,10.666666666666666,616,-1,4441.73,4463.94,4452.28,11.659999999999854,199.06700000000018,0.058573244184118134,False,2026-03-26 11:16:00,0.1,0.02511717160553982,0.2926829268292683,2026-03-26 17:23:00,4463.94,停損,22.210000000000036,-22.310000000000038,-1.0045024763619992,True,2026-03-26|10.667|-1
2026-03-26,10.833333333333334,617,-1,4435.49,4460.05,4450.51,9.539999999999964,199.06700000000018,0.04792356342336979,False,2026-03-26 11:17:00,0.1,0.02511717160553982,0.2926829268292683,2026-03-26 16:46:00,4460.05,停損,24.5600000000004,-24.6600000000004,-1.004071661237785,True,2026-03-26|10.833|-1
2026-03-30,8.25,474,1,4528.04,4515.78,4504.81,10.969999999999345,210.82000000000016,0.052034911298735116,True,2026-03-30 08:54:00,0.1,0.009486765961483724,0.25806451612903225,2026-03-30 21:56:00,4504.81,停損,23.229999999999563,-23.329999999999565,-1.0043047783039174,True,2026-03-30|8.25|1
2026-03-30,8.666666666666666,491,1,4533.32,4521.52,4504.72,16.800000000000182,210.82000000000016,0.07968883407646414,True,2026-03-30 09:11:00,0.1,0.009486765961483724,0.25,2026-03-30 21:56:00,4504.72,停損,28.599999999999454,-28.699999999999456,-1.0034965034965035,True,2026-03-30|8.667|1
2026-03-30,9.333333333333334,528,1,4545.04,4533.48,4527.08,6.399999999999636,210.82000000000016,0.03035765107674619,True,2026-03-30 09:48:00,0.1,0.009486765961483724,0.22857142857142856,2026-03-30 10:03:00,4527.08,停損,17.960000000000036,-18.060000000000038,-1.0055679287305124,True,2026-03-30|9.333|1
2026-03-30,9.166666666666666,529,1,4548.25,4535.29,4526.74,8.550000000000182,210.82000000000016,0.04055592448534378,True,2026-03-30 09:49:00,0.1,0.009486765961483724,0.22857142857142856,2026-03-30 10:03:00,4526.74,停損,21.51000000000022,-21.61000000000022,-1.0046490004649,True,2026-03-30|9.167|1
2026-03-30,10.583333333333334,609,1,4535.5,4524.5,4516.11,8.390000000000327,210.82000000000016,0.03979698320842577,True,2026-03-30 11:09:00,0.1,0.009486765961483724,0.2,2026-03-30 17:22:00,4516.11,停損,19.390000000000327,-19.49000000000033,-1.00515729757607,True,2026-03-30|10.583|1
2026-03-31,4.416666666666667,222,1,4606.72,4591.85,4575.89,15.960000000000036,219.8680000000001,0.07258900795022481,True,2026-03-31 04:42:00,0.1,0.0454818345552786,0.6428571428571429,2026-03-31 05:48:00,4575.89,停損,30.829999999999927,-30.92999999999993,-1.0032435939020434,True,2026-03-31|4.417|1
2026-04-01,2.25,100,1,4692.16,4679.66,4672.15,7.510000000000218,233.22400000000007,0.03220080266181961,True,2026-04-01 02:40:00,0.1,0.008575446780777275,0.5,2026-04-01 07:17:00,4672.15,停損,20.01000000000022,-20.11000000000022,-1.0049975012493753,True,2026-04-01|2.25|1
2026-04-01,2.0833333333333335,101,1,4693.28,4680.53,4672.85,7.6799999999993815,233.22400000000007,0.03292971563818209,True,2026-04-01 02:41:00,0.1,0.008575446780777275,0.5,2026-04-01 07:16:00,4672.85,停損,20.42999999999938,-20.529999999999383,-1.004894762604014,True,2026-04-01|2.083|1
2026-04-01,2.3333333333333335,116,1,4697.71,4684.48,4672.15,12.329999999999927,233.22400000000007,0.052867629403491594,True,2026-04-01 02:56:00,0.1,0.008575446780777275,0.42857142857142855,2026-04-01 07:17:00,4672.15,停損,25.5600000000004,-25.6600000000004,-1.0039123630672926,True,2026-04-01|2.333|1
2026-04-01,2.75,136,1,4705.0,4693.33,4688.58,4.75,233.22400000000007,0.02036668610434603,True,2026-04-01 03:16:00,0.1,0.008575446780777275,0.3333333333333333,2026-04-01 04:40:00,4688.58,停損,16.420000000000073,-16.520000000000074,-1.0060901339829478,True,2026-04-01|2.75|1
2026-04-01,2.6666666666666665,138,1,4710.68,4695.15,4688.58,6.569999999999709,233.22400000000007,0.028170342674852102,True,2026-04-01 03:18:00,0.1,0.008575446780777275,0.3333333333333333,2026-04-01 04:40:00,4688.58,停損,22.100000000000364,-22.200000000000365,-1.004524886877828,True,2026-04-01|2.667|1
2026-04-01,2.8333333333333335,145,1,4714.62,4699.9,4689.19,10.710000000000036,233.22400000000007,0.045921517511062465,True,2026-04-01 03:25:00,0.1,0.008575446780777275,0.3333333333333333,2026-04-01 04:40:00,4689.19,停損,25.43000000000029,-25.530000000000292,-1.0039323633503736,True,2026-04-01|2.833|1
2026-04-01,3.0,147,1,4717.49,4704.86,4693.56,11.299999999999272,233.22400000000007,0.04845127431138849,True,2026-04-01 03:27:00,0.1,0.008575446780777275,0.3333333333333333,2026-04-01 04:07:00,4693.56,停損,23.92999999999938,-24.029999999999383,-1.0041788549937318,True,2026-04-01|3.0|1
2026-04-01,7.916666666666667,451,1,4690.37,4678.64,4672.9,5.740000000000691,233.22400000000007,0.024611532260833745,True,2026-04-01 08:31:00,0.1,0.008575446780777275,0.1,2026-04-01 23:58:00,4756.81,收盤,17.470000000000255,66.34000000000052,3.7973669147109073,True,2026-04-01|7.917|1
2026-04-01,8.0,453,1,4693.16,4680.79,4674.93,5.859999999999673,233.22400000000007,0.025126059067676013,True,2026-04-01 08:33:00,0.1,0.008575446780777275,0.1,2026-04-01 23:58:00,4756.81,收盤,18.229999999999563,63.550000000000544,3.486012068019861,True,2026-04-01|8.0|1
2026-04-01,8.083333333333334,458,1,4696.71,4684.88,4675.72,9.159999999999854,233.22400000000007,0.0392755462559593,True,2026-04-01 08:38:00,0.1,0.008575446780777275,0.1,2026-04-01 23:58:00,4756.81,收盤,20.98999999999978,60.00000000000036,2.8585040495474505,True,2026-04-01|8.083|1
2026-04-01,8.166666666666666,460,1,4700.43,4688.09,4680.08,8.010000000000218,233.22400000000007,0.03434466435701392,True,2026-04-01 08:40:00,0.1,0.008575446780777275,0.1,2026-04-01 23:58:00,4756.81,收盤,20.350000000000364,56.28000000000011,2.7656019656019213,True,2026-04-01|8.167|1
2026-04-01,8.333333333333334,462,1,4702.93,4690.01,4680.54,9.470000000000255,233.22400000000007,0.04060474050698149,True,2026-04-01 08:42:00,0.1,0.008575446780777275,0.1,2026-04-01 23:58:00,4756.81,收盤,22.390000000000327,53.78000000000011,2.4019651630191747,True,2026-04-01|8.333|1
2026-04-01,9.0,503,1,4702.57,4689.45,4682.81,6.639999999999418,233.22400000000007,0.02847048331217806,True,2026-04-01 09:23:00,0.1,0.008575446780777275,0.09090909090909091,2026-04-01 23:58:00,4756.81,收盤,19.75999999999931,54.14000000000069,2.7398785425102523,True,2026-04-01|9.0|1
2026-04-01,8.916666666666666,505,1,4709.2,4695.64,4682.81,12.829999999999927,233.22400000000007,0.05501149109868591,True,2026-04-01 09:25:00,0.1,0.008575446780777275,0.09090909090909091,2026-04-01 23:58:00,4756.81,收盤,26.389999999999418,47.51000000000058,1.8003031451307931,True,2026-04-01|8.917|1
2026-04-01,9.166666666666666,526,1,4717.24,4699.35,4686.6,12.75,233.22400000000007,0.05466847322745513,True,2026-04-01 09:46:00,0.1,0.008575446780777275,0.08571428571428572,2026-04-01 23:58:00,4756.81,收盤,30.639999999999418,39.47000000000062,1.288185378590123,True,2026-04-01|9.167|1
2026-04-01,9.25,528,1,4721.62,4709.46,4692.72,16.73999999999978,233.22400000000007,0.07177648955510486,True,2026-04-01 09:48:00,0.1,0.008575446780777275,0.08571428571428572,2026-04-01 23:58:00,4756.81,收盤,28.899999999999636,35.09000000000051,1.2141868512111056,True,2026-04-01|9.25|1
2026-04-01,9.333333333333334,529,1,4727.43,4711.5,4695.75,15.75,233.22400000000007,0.06753164339862104,True,2026-04-01 09:49:00,0.1,0.008575446780777275,0.08571428571428572,2026-04-01 23:58:00,4756.81,收盤,31.68000000000029,29.280000000000108,0.9242424242424192,True,2026-04-01|9.333|1
2026-04-01,10.166666666666666,574,1,4734.76,4721.68,4713.18,8.5,233.22400000000007,0.03644564881830342,True,2026-04-01 10:34:00,0.1,0.008575446780777275,0.07894736842105263,2026-04-01 10:53:00,4713.18,停損,21.579999999999927,-21.67999999999993,-1.004633920296571,True,2026-04-01|10.167|1
2026-04-01,10.083333333333334,577,1,4740.48,4723.4,4714.35,9.049999999999272,233.22400000000007,0.03880389668301405,True,2026-04-01 10:37:00,0.1,0.008575446780777275,0.07894736842105263,2026-04-01 10:53:00,4714.35,停損,26.1299999999992,-26.2299999999992,-1.003827018752392,True,2026-04-01|10.083|1
2026-04-01,10.0,579,1,4745.02,4732.61,4714.35,18.25999999999931,233.22400000000007,0.07829382910849357,True,2026-04-01 10:39:00,0.1,0.008575446780777275,0.07894736842105263,2026-04-01 10:53:00,4714.35,停損,30.670000000000073,-30.770000000000074,-1.0032605151613956,True,2026-04-01|10.0|1
2026-04-02,6.75,379,-1,4663.83,4687.55,4675.91,11.640000000000327,225.40500000000003,0.05164038064816808,False,2026-04-02 07:22:00,0.1,0.008872917637142033,0.24,2026-04-02 17:37:00,4687.55,停損,23.720000000000255,-23.820000000000256,-1.0042158516020236,True,2026-04-02|6.75|-1
2026-04-02,7.916666666666667,451,-1,4644.81,4675.21,4665.1,10.109999999999673,225.40500000000003,0.044852598655751516,False,2026-04-02 08:34:00,0.1,0.008872917637142033,0.2,2026-04-02 17:25:00,4675.21,停損,30.399999999999636,-30.499999999999638,-1.0032894736842106,True,2026-04-02|7.917|-1
2026-04-02,8.416666666666666,463,-1,4627.39,4680.59,4638.8,41.789999999999964,225.40500000000003,0.1853996140280826,False,2026-04-02 08:46:00,0.1,0.008872917637142033,0.1935483870967742,2026-04-02 17:36:00,4680.59,停損,53.19999999999982,-53.29999999999982,-1.0018796992481203,True,2026-04-02|8.417|-1
2026-04-02,8.583333333333334,464,-1,4617.26,4652.99,4629.17,23.81999999999971,225.40500000000003,0.10567644905836031,False,2026-04-02 08:47:00,0.1,0.008872917637142033,0.1935483870967742,2026-04-02 17:12:00,4652.99,停損,35.72999999999956,-35.829999999999565,-1.0027987685418416,True,2026-04-02|8.583|-1
2026-04-02,8.666666666666666,485,-1,4576.27,4647.81,4591.86,55.95000000000073,225.40500000000003,0.24821987089905156,False,2026-04-02 09:08:00,0.1,0.008872917637142033,0.1875,2026-04-02 10:49:00,4647.81,停損,71.53999999999996,-71.63999999999996,-1.0013978194017332,True,2026-04-02|8.667|-1
2026-04-02,8.75,486,-1,4567.33,4635.44,4586.19,49.25,225.40500000000003,0.21849559681462255,False,2026-04-02 09:09:00,0.1,0.008872917637142033,0.1875,2026-04-02 10:40:00,4635.44,停損,68.10999999999967,-68.20999999999967,-1.0014682131845543,True,2026-04-02|8.75|-1
2026-04-02,8.916666666666666,488,-1,4558.13,4608.06,4577.25,30.8100000000004,225.40500000000003,0.13668729620017478,False,2026-04-02 09:11:00,0.1,0.008872917637142033,0.1875,2026-04-02 09:54:00,4608.06,停損,49.93000000000029,-50.03000000000029,-1.0020028039254958,True,2026-04-02|8.917|-1
2026-04-17,3.9166666666666665,202,-1,4778.03,4795.95,4786.94,9.010000000000218,168.37299999999996,0.05351214268321061,True,2026-04-17 04:22:00,0.13,0.017817583579314976,0.8461538461538461,2026-04-17 06:07:00,4795.95,停損,17.920000000000073,-18.05000000000007,-1.0072544642857142,True,2026-04-17|3.917|-1
2026-04-17,4.0,204,-1,4774.41,4795.47,4783.23,12.240000000000691,168.37299999999996,0.07269574100360922,True,2026-04-17 04:24:00,0.13,0.017817583579314976,0.8461538461538461,2026-04-17 06:07:00,4795.47,停損,21.0600000000004,-21.1900000000004,-1.0061728395061726,True,2026-04-17|4.0|-1
2026-04-17,9.0,517,-1,4779.44,4795.31,4789.94,5.3700000000008,168.37299999999996,0.03189347460697856,True,2026-04-17 09:37:00,0.13,0.005939194526438326,0.8235294117647058,2026-04-17 11:44:00,4795.31,停損,15.8700000000008,-16.0000000000008,-1.0081915563957147,True,2026-04-17|9.0|-1
2026-04-17,10.416666666666666,590,-1,4780.15,4794.78,4788.91,5.869999999999891,168.37299999999996,0.03486307187019232,True,2026-04-17 10:50:00,0.13,0.005939194526438326,0.717948717948718,2026-04-17 11:44:00,4794.78,停損,14.63000000000011,-14.76000000000011,-1.008885850991114,True,2026-04-17|10.417|-1
2026-04-21,2.8333333333333335,134,1,4830.15,4821.98,4819.9,2.0799999999999272,157.63099999999994,0.013195374006381537,True,2026-04-21 03:14:00,0.13,0.006343929810760576,0.875,2026-04-21 03:27:00,4819.9,停損,10.25,-10.38,-1.0126829268292683,True,2026-04-21|2.833|1
2026-04-23,2.5,130,-1,4715.4,4728.28,4724.68,3.5999999999994543,142.46400000000003,0.025269541778971907,False,2026-04-23 03:10:00,0.13,0.056154537286612745,0.0,2026-04-23 03:21:00,4728.28,停損,12.88000000000011,-13.01000000000011,-1.0100931677018634,True,2026-04-23|2.5|-1
2026-04-23,2.9166666666666665,131,-1,4711.61,4729.26,4720.47,8.789999999999964,142.46400000000003,0.0616997978436655,False,2026-04-23 03:11:00,0.13,0.056154537286612745,0.0,2026-04-23 03:21:00,4729.26,停損,17.650000000000546,-17.780000000000545,-1.007365439093484,True,2026-04-23|2.917|-1
2026-04-23,3.0,134,-1,4703.88,4728.29,4714.23,14.0600000000004,142.46400000000003,0.09869159928122472,False,2026-04-23 03:14:00,0.13,0.056154537286612745,0.0,2026-04-23 03:21:00,4728.29,停損,24.409999999999854,-24.539999999999853,-1.0053256861941826,True,2026-04-23|3.0|-1
2026-04-23,4.916666666666667,251,-1,4710.18,4728.2,4720.2,8.0,142.46400000000003,0.056154537286612745,False,2026-04-23 05:11:00,0.13,0.014038634321653186,0.6875,2026-04-23 15:02:00,4728.2,停損,18.019999999999527,-18.149999999999526,-1.007214206437292,True,2026-04-23|4.917|-1
2026-04-23,5.333333333333333,285,-1,4701.35,4718.17,4710.59,7.579999999999927,142.46400000000003,0.05320642407906507,False,2026-04-23 05:45:00,0.13,0.014038634321653186,0.6111111111111112,2026-04-23 09:02:00,4718.17,停損,16.81999999999971,-16.949999999999708,-1.007728894173603,True,2026-04-23|5.333|-1
2026-04-23,5.416666666666667,296,-1,4699.91,4717.98,4708.41,9.569999999999709,142.46400000000003,0.06717486522910845,False,2026-04-23 05:56:00,0.13,0.014038634321653186,0.5789473684210527,2026-04-23 09:02:00,4717.98,停損,18.06999999999971,-18.199999999999708,-1.0071942446043165,True,2026-04-23|5.417|-1
2026-04-23,8.083333333333334,451,-1,4697.14,4710.24,4706.34,3.899999999999636,142.46400000000003,0.02737533692722116,False,2026-04-23 08:31:00,0.13,0.014038634321653186,0.36666666666666664,2026-04-23 08:50:00,4710.24,停損,13.099999999999454,-13.229999999999455,-1.0099236641221379,True,2026-04-23|8.083|-1
2026-04-23,9.75,563,-1,4705.02,4721.28,4713.76,7.519999999999527,142.46400000000003,0.052785265049412666,False,2026-04-23 10:23:00,0.13,0.014038634321653186,0.2972972972972973,2026-04-23 11:01:00,4721.28,停損,16.25999999999931,-16.389999999999308,-1.0079950799507997,True,2026-04-23|9.75|-1
2026-04-23,9.833333333333334,564,-1,4704.68,4721.28,4712.03,9.25,142.46400000000003,0.06492868373764599,False,2026-04-23 10:24:00,0.13,0.014038634321653186,0.2972972972972973,2026-04-23 11:01:00,4721.28,停損,16.599999999999454,-16.729999999999453,-1.007831325301205,True,2026-04-23|9.833|-1
2026-04-24,5.25,290,-1,4675.98,4696.26,4684.89,11.36999999999989,135.32700000000006,0.08401871023520721,True,2026-04-24 05:50:00,0.13,0.007389508376007741,0.6842105263157895,2026-04-24 11:22:00,4696.26,停損,20.280000000000655,-20.410000000000654,-1.0064102564102562,True,2026-04-24|5.25|-1
2026-04-24,5.333333333333333,296,-1,4674.44,4692.38,4682.16,10.220000000000255,135.32700000000006,0.075520775602801,True,2026-04-24 05:56:00,0.13,0.007389508376007741,0.6842105263157895,2026-04-24 10:51:00,4692.38,停損,17.94000000000051,-18.07000000000051,-1.007246376811594,True,2026-04-24|5.333|-1
2026-04-24,5.583333333333333,304,-1,4672.13,4689.44,4680.23,9.210000000000036,135.32700000000006,0.06805737214303156,True,2026-04-24 06:04:00,0.13,0.007389508376007741,0.65,2026-04-24 10:47:00,4689.44,停損,17.30999999999949,-17.43999999999949,-1.007510109763143,True,2026-04-24|5.583|-1
2026-04-24,6.75,383,-1,4662.87,4676.87,4673.93,2.9399999999996,135.32700000000006,0.021725154625459802,True,2026-04-24 07:23:00,0.13,0.007389508376007741,0.52,2026-04-24 07:50:00,4676.87,停損,14.0,-14.13,-1.0092857142857143,True,2026-04-24|6.75|-1
2026-04-24,7.083333333333333,384,-1,4661.82,4674.72,4669.39,5.329999999999927,135.32700000000006,0.03938607964412072,True,2026-04-24 07:24:00,0.13,0.007389508376007741,0.52,2026-04-24 07:48:00,4674.72,停損,12.900000000000546,-13.030000000000546,-1.0100775193798446,True,2026-04-24|7.083|-1
2026-04-24,7.166666666666667,387,-1,4661.36,4674.72,4668.15,6.5700000000006185,135.32700000000006,0.04854907003037543,True,2026-04-24 07:27:00,0.13,0.007389508376007741,0.52,2026-04-24 07:48:00,4674.72,停損,13.360000000000582,-13.490000000000583,-1.0097305389221554,True,2026-04-24|7.167|-1
2026-04-24,6.916666666666667,388,-1,4659.85,4674.02,4667.47,6.550000000000182,135.32700000000006,0.04840127986285205,True,2026-04-24 07:28:00,0.13,0.007389508376007741,0.52,2026-04-24 07:48:00,4674.02,停損,14.170000000000073,-14.300000000000074,-1.0091743119266054,True,2026-04-24|6.917|-1
2026-04-24,8.916666666666666,501,-1,4675.24,4688.06,4682.96,5.100000000000364,135.32700000000006,0.03768649271764217,True,2026-04-24 09:21:00,0.13,0.007389508376007741,0.3939393939393939,2026-04-24 10:46:00,4688.06,停損,12.820000000000618,-12.95000000000062,-1.0101404056162242,True,2026-04-24|8.917|-1
2026-04-24,9.083333333333334,503,-1,4674.02,4685.18,4680.84,4.3400000000001455,135.32700000000006,0.032070466351874674,True,2026-04-24 09:23:00,0.13,0.007389508376007741,0.3939393939393939,2026-04-24 10:36:00,4685.18,停損,11.159999999999854,-11.289999999999855,-1.0116487455197134,True,2026-04-24|9.083|-1
2026-04-24,8.833333333333334,506,-1,4671.73,4686.83,4680.42,6.4099999999998545,135.32700000000006,0.04736674869020854,True,2026-04-24 09:26:00,0.13,0.007389508376007741,0.3939393939393939,2026-04-24 10:46:00,4686.83,停損,15.100000000000364,-15.230000000000365,-1.0086092715231787,True,2026-04-24|8.833|-1
2026-04-24,9.166666666666666,527,-1,4669.34,4684.07,4676.76,7.309999999999491,135.32700000000006,0.054017306228612824,True,2026-04-24 09:47:00,0.13,0.007389508376007741,0.37142857142857144,2026-04-24 10:23:00,4684.07,停損,14.729999999999563,-14.859999999999564,-1.0088255261371355,True,2026-04-24|9.167|-1
2026-04-27,6.25,342,1,4727.25,4718.56,4716.25,2.3100000000004,123.12400000000017,0.018761573698063718,True,2026-04-27 06:42:00,0.13,0.024365680127351255,0.36363636363636365,2026-04-27 08:18:00,4716.25,停損,11.0,-11.13,-1.011818181818182,True,2026-04-27|6.25|1
2026-04-27,6.083333333333333,344,1,4728.33,4721.82,4716.43,5.389999999999418,123.12400000000017,0.04377700529546969,True,2026-04-27 06:44:00,0.13,0.024365680127351255,0.36363636363636365,2026-04-27 08:18:00,4716.43,停損,11.899999999999636,-12.029999999999637,-1.0109243697478996,True,2026-04-27|6.083|1
2026-04-28,7.5,427,-1,4652.14,4669.16,4666.87,2.2899999999999636,116.28700000000018,0.019692656960794933,True,2026-04-28 08:07:00,0.13,0.017198827039995847,0.2857142857142857,2026-04-28 23:58:00,4596.48,收盤,17.019999999999527,55.53000000000076,3.2626321974149417,True,2026-04-28|7.5|-1
2026-04-28,8.333333333333334,451,-1,4647.51,4659.59,4655.1,4.489999999999782,116.28700000000018,0.0386113667047888,True,2026-04-28 08:31:00,0.13,0.017198827039995847,0.26666666666666666,2026-04-28 23:58:00,4596.48,收盤,12.079999999999927,50.90000000000065,4.2135761589404765,True,2026-04-28|8.333|-1
2026-04-28,8.25,455,-1,4644.48,4659.59,4651.24,8.350000000000364,116.28700000000018,0.07180510289198579,True,2026-04-28 08:35:00,0.13,0.017198827039995847,0.26666666666666666,2026-04-28 23:58:00,4596.48,收盤,15.110000000000582,47.87,3.1681005956319095,True,2026-04-28|8.25|-1
2026-04-28,8.0,456,-1,4641.75,4668.04,4649.1,18.9399999999996,116.28700000000018,0.1628728920687572,True,2026-04-28 08:36:00,0.13,0.017198827039995847,0.26666666666666666,2026-04-28 23:58:00,4596.48,收盤,26.289999999999964,45.140000000000434,1.717002662609376,True,2026-04-28|8.0|-1
2026-04-28,8.416666666666666,461,-1,4632.72,4659.27,4642.87,16.400000000000546,116.28700000000018,0.14103038172797064,True,2026-04-28 08:41:00,0.13,0.017198827039995847,0.26666666666666666,2026-04-28 23:58:00,4596.48,收盤,26.550000000000182,36.11000000000069,1.3600753295668717,True,2026-04-28|8.417|-1
2026-04-28,8.5,462,-1,4630.12,4658.56,4637.33,21.230000000000473,116.28700000000018,0.18256554902956,True,2026-04-28 08:42:00,0.13,0.017198827039995847,0.26666666666666666,2026-04-28 23:58:00,4596.48,收盤,28.44000000000051,33.510000000000325,1.178270042194083,True,2026-04-28|8.5|-1
2026-04-28,9.083333333333334,503,-1,4626.58,4642.97,4634.11,8.860000000000582,116.28700000000018,0.07619080378718661,True,2026-04-28 09:23:00,0.13,0.017198827039995847,0.24242424242424243,2026-04-28 23:58:00,4596.48,收盤,16.390000000000327,29.970000000000365,1.828553996339217,True,2026-04-28|9.083|-1
2026-04-28,10.416666666666666,603,-1,4620.12,4635.3,4626.24,9.0600000000004,116.28700000000018,0.07791068649118463,True,2026-04-28 11:03:00,0.13,0.017198827039995847,0.2,2026-04-28 11:34:00,4635.3,停損,15.180000000000291,-15.310000000000292,-1.0085638998682476,True,2026-04-28|10.417|-1
2026-04-28,10.75,612,-1,4617.28,4629.5,4623.43,6.069999999999709,116.28700000000018,0.05219844006638489,True,2026-04-28 11:12:00,0.13,0.017198827039995847,0.2,2026-04-28 11:31:00,4629.5,停損,12.220000000000255,-12.350000000000255,-1.0106382978723403,True,2026-04-28|10.75|-1
2026-05-04,10.416666666666666,601,-1,4578.05,4589.15,4583.11,6.039999999999964,100.52400000000034,0.06008515379411825,True,2026-05-04 11:01:00,0.13,0.079582985157773,0.0,2026-05-04 23:58:00,4523.21,收盤,11.099999999999454,54.71000000000014,4.928828828829084,True,2026-05-04|10.417|-1
2026-05-04,10.5,605,-1,4575.5,4588.2,4582.8,5.399999999999636,100.52400000000034,0.05371851498149315,True,2026-05-04 11:05:00,0.13,0.079582985157773,0.0,2026-05-04 23:58:00,4523.21,收盤,12.699999999999818,52.15999999999996,4.1070866141732845,True,2026-05-04|10.5|-1
2026-05-05,3.0833333333333335,147,-1,4516.54,4528.58,4522.5,6.079999999999927,104.69200000000028,0.05807511557712061,True,2026-05-05 03:27:00,0.13,0.009551828219921267,0.8888888888888888,2026-05-05 03:55:00,4528.58,停損,12.039999999999964,-12.169999999999964,-1.010797342192691,True,2026-05-05|3.083|-1
2026-05-06,2.4166666666666665,110,1,4593.75,4585.69,4579.58,6.109999999999673,95.53600000000024,0.06395494891977534,True,2026-05-06 02:50:00,0.13,0.0,0.2857142857142857,2026-05-06 23:58:00,4690.66,收盤,14.170000000000073,96.77999999999986,6.82992237120673,True,2026-05-06|2.417|1
2026-05-06,2.25,111,1,4594.76,4589.52,4583.39,6.130000000000109,95.53600000000024,0.06416429408809343,True,2026-05-06 02:51:00,0.13,0.0,0.2857142857142857,2026-05-06 23:58:00,4690.66,收盤,11.36999999999989,95.76999999999964,8.423043095866364,True,2026-05-06|2.25|1
2026-05-06,2.75,143,1,4600.04,4594.95,4584.72,10.229999999999563,95.53600000000024,0.10708005359235824,True,2026-05-06 03:23:00,0.13,0.0,0.2222222222222222,2026-05-06 23:58:00,4690.66,收盤,15.319999999999709,90.4899999999999,5.90665796344658,True,2026-05-06|2.75|1
2026-05-06,2.8333333333333335,144,1,4602.23,4595.74,4591.24,4.5,95.53600000000024,0.04710266287054083,True,2026-05-06 03:24:00,0.13,0.0,0.2222222222222222,2026-05-06 23:58:00,4690.66,收盤,10.989999999999782,88.3000000000003,8.03457688808026,True,2026-05-06|2.833|1
2026-05-06,3.1666666666666665,145,1,4602.45,4597.46,4588.29,9.170000000000073,95.53600000000024,0.0959847596717473,True,2026-05-06 03:25:00,0.13,0.0,0.2222222222222222,2026-05-06 23:58:00,4690.66,收盤,14.159999999999854,88.08000000000004,6.220338983050914,True,2026-05-06|3.167|1
2026-05-06,2.9166666666666665,146,1,4603.04,4598.06,4591.24,6.8200000000006185,95.53600000000024,0.07138670239491501,True,2026-05-06 03:26:00,0.13,0.0,0.2222222222222222,2026-05-06 23:58:00,4690.66,收盤,11.800000000000182,87.4899999999999,7.414406779660894,True,2026-05-06|2.917|1
2026-05-06,3.25,155,1,4608.89,4602.9,4588.29,14.609999999999673,95.53600000000024,0.15292664545301912,True,2026-05-06 03:35:00,0.13,0.0,0.2,2026-05-06 23:58:00,4690.66,收盤,20.600000000000364,81.63999999999953,3.963106796116412,True,2026-05-06|3.25|1
2026-05-06,3.3333333333333335,156,1,4609.13,4604.24,4596.22,8.019999999999527,95.53600000000024,0.08394741249371448,True,2026-05-06 03:36:00,0.13,0.0,0.2,2026-05-06 23:58:00,4690.66,收盤,12.909999999999854,81.39999999999975,6.3051897753679835,True,2026-05-06|3.333|1
2026-05-06,3.4166666666666665,176,1,4616.16,4609.04,4600.04,9.0,95.53600000000024,0.09420532574108166,True,2026-05-06 03:56:00,0.13,0.0,0.18181818181818182,2026-05-06 23:58:00,4690.66,收盤,16.11999999999989,74.37,4.613523573201024,True,2026-05-06|3.417|1
2026-05-06,4.083333333333333,205,1,4623.61,4615.72,4609.58,6.140000000000327,95.53600000000024,0.06426896667225247,True,2026-05-06 04:25:00,0.13,0.0,0.15384615384615385,2026-05-06 23:58:00,4690.66,收盤,14.029999999999745,66.92000000000019,4.769779044903878,True,2026-05-06|4.083|1
2026-05-06,3.8333333333333335,210,1,4624.99,4619.82,4609.95,9.86999999999989,95.53600000000024,0.1033118405627184,True,2026-05-06 04:30:00,0.13,0.0,0.15384615384615385,2026-05-06 23:58:00,4690.66,收盤,15.039999999999964,65.54000000000008,4.357712765957462,True,2026-05-06|3.833|1
2026-05-06,4.5,249,1,4631.03,4626.14,4620.43,5.710000000000036,95.53600000000024,0.059768045553508856,True,2026-05-06 05:09:00,0.13,0.0,0.125,2026-05-06 23:58:00,4690.66,收盤,10.599999999999454,59.50000000000011,5.61320754717011,True,2026-05-06|4.5|1
2026-05-06,4.666666666666667,254,1,4634.26,4628.64,4621.85,6.789999999999964,95.53600000000024,0.07107268464243789,True,2026-05-06 05:14:00,0.13,0.0,0.125,2026-05-06 23:58:00,4690.66,收盤,12.409999999999854,56.269999999999634,4.53424657534249,True,2026-05-06|4.667|1
2026-05-06,5.416666666666667,297,1,4639.77,4634.5,4626.84,7.6599999999998545,95.53600000000024,0.08017919946407465,True,2026-05-06 05:57:00,0.13,0.0,0.10526315789473684,2026-05-06 23:58:00,4690.66,收盤,12.930000000000291,50.759999999999415,3.9257540603246923,True,2026-05-06|5.417|1
2026-05-06,5.583333333333333,298,1,4640.58,4635.06,4630.12,4.940000000000509,95.53600000000024,0.05170825657344348,True,2026-05-06 05:58:00,0.13,0.0,0.10526315789473684,2026-05-06 23:58:00,4690.66,收盤,10.460000000000036,49.949999999999925,4.775334608030569,True,2026-05-06|5.583|1
2026-05-06,5.333333333333333,300,1,4640.77,4635.82,4629.78,6.039999999999964,95.53600000000024,0.06322224083068109,True,2026-05-06 06:00:00,0.13,0.0,0.10526315789473684,2026-05-06 23:58:00,4690.66,收盤,10.990000000000691,49.759999999999415,4.527752502274457,True,2026-05-06|5.333|1
2026-05-06,5.666666666666667,307,1,4644.28,4638.55,4630.12,8.430000000000291,95.53600000000024,0.08823898844414953,True,2026-05-06 06:07:00,0.13,0.0,0.1,2026-05-06 23:58:00,4690.66,收盤,14.159999999999854,46.25000000000011,3.2662429378531486,True,2026-05-06|5.667|1
2026-05-06,5.833333333333333,315,1,4647.81,4641.9,4634.61,7.289999999999964,95.53600000000024,0.07630631385027577,True,2026-05-06 06:15:00,0.13,0.0,0.1,2026-05-06 23:58:00,4690.66,收盤,13.200000000000728,42.71999999999945,3.2363636363634165,True,2026-05-06|5.833|1
2026-05-06,6.0,340,1,4651.4,4645.59,4638.62,6.970000000000255,95.53600000000024,0.07295679115726257,True,2026-05-06 06:40:00,0.13,0.0,0.09090909090909091,2026-05-06 23:58:00,4690.66,收盤,12.779999999999745,39.130000000000216,3.061815336463302,True,2026-05-06|6.0|1
2026-05-06,6.833333333333333,388,1,4651.53,4646.67,4643.01,3.6599999999998545,95.53600000000024,0.038310165801371684,True,2026-05-06 07:28:00,0.13,0.0,0.08,2026-05-06 23:58:00,4690.66,收盤,8.519999999999527,39.00000000000011,4.577464788732661,True,2026-05-06|6.833|1
2026-05-06,7.0,390,1,4653.45,4647.85,4643.48,4.3700000000008,95.53600000000024,0.04574191927651136,True,2026-05-06 07:30:00,0.13,0.0,0.08,2026-05-06 23:58:00,4690.66,收盤,9.970000000000255,37.080000000000034,3.71915747241716,True,2026-05-06|7.0|1
2026-05-06,8.5,477,1,4658.71,4652.04,4644.67,7.369999999999891,95.53600000000024,0.07714369452352905,True,2026-05-06 08:57:00,0.13,0.0,0.06451612903225806,2026-05-06 23:58:00,4690.66,收盤,14.039999999999964,31.81999999999982,2.2663817663817594,True,2026-05-06|8.5|1
2026-05-06,8.416666666666666,479,1,4662.81,4655.38,4644.94,10.44000000000051,95.53600000000024,0.10927817785966006,True,2026-05-06 08:59:00,0.13,0.0,0.06451612903225806,2026-05-06 23:58:00,4690.66,收盤,17.8700000000008,27.719999999999455,1.5512031337436045,True,2026-05-06|8.417|1
2026-05-06,10.25,585,1,4670.5,4665.58,4657.48,8.100000000000364,95.53600000000024,0.0847847931669773,True,2026-05-06 10:45:00,0.13,0.0,0.05263157894736842,2026-05-06 23:58:00,4690.66,收盤,13.020000000000437,20.029999999999855,1.5384024577572337,True,2026-05-06|10.25|1
2026-05-06,10.166666666666666,586,1,4673.51,4668.01,4657.48,10.530000000000655,95.53600000000024,0.1102202311170724,True,2026-05-06 10:46:00,0.13,0.0,0.05128205128205128,2026-05-06 23:58:00,4690.66,收盤,16.030000000000655,17.019999999999637,1.0617592014971267,True,2026-05-06|10.167|1
2026-05-06,10.333333333333334,587,1,4676.05,4670.01,4659.66,10.350000000000364,95.53600000000024,0.10833612460224772,True,2026-05-06 10:47:00,0.13,0.0,0.05128205128205128,2026-05-06 23:58:00,4690.66,收盤,16.390000000000327,14.479999999999672,0.8834655277607921,True,2026-05-06|10.333|1
2026-05-07,9.833333333333334,551,1,4747.19,4740.29,4735.89,4.399999999999636,107.52800000000016,0.04091957443642242,True,2026-05-07 10:11:00,0.13,0.0,0.3333333333333333,2026-05-07 11:20:00,4735.89,停損,11.299999999999272,-11.429999999999273,-1.011504424778762,True,2026-05-07|9.833|1
2026-05-07,10.416666666666666,602,1,4750.29,4743.01,4737.87,5.140000000000327,107.52800000000016,0.04780150286437319,True,2026-05-07 11:02:00,0.13,0.0,0.3,2026-05-07 11:19:00,4737.87,停損,12.420000000000073,-12.550000000000074,-1.0104669887278583,True,2026-05-07|10.417|1
2026-05-11,2.4166666666666665,121,-1,4683.31,4697.42,4694.2,3.2200000000002547,105.53999999999996,0.030509759332956753,False,2026-05-11 03:01:00,0.13,0.018950161076369154,0.0,2026-05-11 04:06:00,4697.42,停損,14.109999999999673,-14.239999999999673,-1.0092133238837706,True,2026-05-11|2.417|-1
2026-05-11,3.4166666666666665,173,-1,4676.05,4693.32,4681.79,11.529999999999745,105.53999999999996,0.10924767860526577,False,2026-05-11 03:53:00,0.13,0.018950161076369154,0.0,2026-05-11 04:06:00,4693.32,停損,17.269999999999527,-17.399999999999526,-1.0075275043427911,True,2026-05-11|3.417|-1
2026-05-11,4.583333333333333,236,-1,4683.08,4698.84,4690.92,7.920000000000073,105.53999999999996,0.07504263786242255,False,2026-05-11 04:56:00,0.13,0.03790032215273831,0.8666666666666667,2026-05-11 05:38:00,4698.84,停損,15.760000000000218,-15.890000000000219,-1.008248730964467,True,2026-05-11|4.583|-1
2026-05-11,5.5,291,-1,4682.64,4700.22,4688.49,11.730000000000473,105.53999999999996,0.11114269471290958,False,2026-05-11 05:51:00,0.13,0.03790032215273831,0.6842105263157895,2026-05-11 15:58:00,4700.22,停損,17.579999999999927,-17.709999999999926,-1.0073947667804324,True,2026-05-11|5.5|-1
2026-05-11,5.416666666666667,294,-1,4679.0,4695.47,4685.04,10.430000000000291,105.53999999999996,0.0988250900132679,False,2026-05-11 05:54:00,0.13,0.03790032215273831,0.6842105263157895,2026-05-11 15:32:00,4695.47,停損,16.470000000000255,-16.600000000000254,-1.0078931390406798,True,2026-05-11|5.417|-1
2026-05-11,6.416666666666667,353,-1,4680.78,4690.45,4686.18,4.269999999999527,105.53999999999996,0.04045859389804367,False,2026-05-11 06:53:00,0.13,0.03790032215273831,0.5652173913043478,2026-05-11 15:24:00,4690.45,停損,9.670000000000073,-9.800000000000074,-1.0134436401240952,True,2026-05-11|6.417|-1
2026-05-11,6.25,354,-1,4678.44,4689.29,4683.92,5.369999999999891,105.53999999999996,0.05088118249005015,False,2026-05-11 06:54:00,0.13,0.03790032215273831,0.5652173913043478,2026-05-11 15:24:00,4689.29,停損,10.850000000000364,-10.980000000000365,-1.011981566820276,True,2026-05-11|6.25|-1
2026-05-11,6.5,362,-1,4676.8,4690.42,4682.27,8.149999999999636,105.53999999999996,0.07722190638620086,False,2026-05-11 07:02:00,0.13,0.03790032215273831,0.5416666666666666,2026-05-11 15:24:00,4690.42,停損,13.61999999999989,-13.749999999999892,-1.009544787077827,True,2026-05-11|6.5|-1
2026-05-11,6.666666666666667,364,-1,4675.69,4688.09,4681.34,6.75,105.53999999999996,0.0639567936327459,False,2026-05-11 07:04:00,0.13,0.03790032215273831,0.5416666666666666,2026-05-11 15:24:00,4688.09,停損,12.400000000000546,-12.530000000000546,-1.0104838709677415,True,2026-05-11|6.667|-1
2026-05-11,6.75,382,-1,4670.86,4687.87,4677.36,10.510000000000218,105.53999999999996,0.09958309645632198,False,2026-05-11 07:22:00,0.13,0.03790032215273831,0.52,2026-05-11 15:24:00,4687.87,停損,17.01000000000022,-17.140000000000217,-1.0076425631981185,True,2026-05-11|6.75|-1
2026-05-11,7.083333333333333,392,-1,4668.87,4679.09,4674.86,4.230000000000473,105.53999999999996,0.040079590676525244,False,2026-05-11 07:32:00,0.13,0.03790032215273831,0.5,2026-05-11 08:35:00,4679.09,停損,10.220000000000255,-10.350000000000255,-1.0127201565557729,True,2026-05-11|7.083|-1
2026-05-11,8.083333333333334,464,-1,4665.32,4676.01,4670.82,5.190000000000509,105.53999999999996,0.049175667993182785,False,2026-05-11 08:44:00,0.13,0.03790032215273831,0.43333333333333335,2026-05-11 09:49:00,4676.01,停損,10.69000000000051,-10.82000000000051,-1.0121608980355468,True,2026-05-11|8.083|-1
2026-05-11,8.583333333333334,472,-1,4655.86,4680.66,4662.16,18.5,105.53999999999996,0.1752889899564147,False,2026-05-11 08:52:00,0.13,0.03790032215273831,0.41935483870967744,2026-05-11 15:22:00,4680.66,停損,24.800000000000182,-24.93000000000018,-1.0052419354838709,True,2026-05-11|8.583|-1
2026-05-11,8.666666666666666,476,-1,4648.57,4674.46,4658.9,15.5600000000004,105.53999999999996,0.14743225317415581,False,2026-05-11 08:56:00,0.13,0.03790032215273831,0.41935483870967744,2026-05-11 09:45:00,4674.46,停損,25.890000000000327,-26.020000000000326,-1.0050212437234451,True,2026-05-11|8.667|-1
2026-05-11,10.333333333333334,591,-1,4667.03,4678.11,4672.85,5.259999999999309,105.53999999999996,0.04983892363084433,False,2026-05-11 10:51:00,0.13,0.03790032215273831,0.3333333333333333,2026-05-11 11:24:00,4678.11,停損,11.079999999999927,-11.209999999999928,-1.0117328519855597,True,2026-05-11|10.333|-1
2026-05-11,10.25,593,-1,4665.75,4677.06,4672.17,4.890000000000327,105.53999999999996,0.04633314383172569,False,2026-05-11 10:53:00,0.13,0.03790032215273831,0.3333333333333333,2026-05-11 11:23:00,4677.06,停損,11.3100000000004,-11.440000000000401,-1.0114942528735629,True,2026-05-11|10.25|-1
2026-05-12,2.1666666666666665,109,1,4760.31,4754.22,4746.16,8.0600000000004,109.29399999999995,0.07374604278368807,True,2026-05-12 02:49:00,0.13,0.018299266199425412,0.0,2026-05-12 04:05:00,4746.16,停損,14.150000000000546,-14.280000000000546,-1.0091872791519432,True,2026-05-12|2.167|1
2026-05-12,2.4166666666666665,113,1,4768.74,4757.91,4750.89,7.019999999999527,109.29399999999995,0.06423042435997886,True,2026-05-12 02:53:00,0.13,0.018299266199425412,0.0,2026-05-12 04:00:00,4750.89,停損,17.849999999999454,-17.979999999999453,-1.0072829131652663,True,2026-05-12|2.417|1
2026-05-12,6.75,377,1,4729.99,4724.48,4719.12,5.359999999999673,109.29399999999995,0.049042033414457106,True,2026-05-12 07:17:00,0.13,0.009149633099712706,0.92,2026-05-12 07:49:00,4719.12,停損,10.86999999999989,-10.999999999999892,-1.0119595216191355,True,2026-05-12|6.75|1
2026-05-15,2.0,93,-1,4655.81,4663.33,4660.9,2.430000000000291,100.58399999999992,0.024158911954190457,True,2026-05-15 02:33:00,0.13,0.009941939075797351,1.0,2026-05-15 23:57:00,4538.63,收盤,7.519999999999527,117.0500000000003,15.565159574469103,True,2026-05-15|2.0|-1
2026-05-15,2.0833333333333335,94,-1,4652.86,4663.31,4658.82,4.490000000000691,100.58399999999992,0.04463930645033698,True,2026-05-15 02:34:00,0.13,0.009941939075797351,1.0,2026-05-15 23:57:00,4538.63,收盤,10.450000000000728,114.09999999999957,10.918660287080538,True,2026-05-15|2.083|-1
2026-05-15,2.1666666666666665,95,-1,4651.18,4663.02,4656.33,6.690000000000509,100.58399999999992,0.06651157241708934,True,2026-05-15 02:35:00,0.13,0.009941939075797351,1.0,2026-05-15 23:57:00,4538.63,收盤,11.840000000000146,112.42000000000019,9.494932432432332,True,2026-05-15|2.167|-1
2026-05-15,2.25,97,-1,4648.92,4660.42,4655.71,4.710000000000036,100.58399999999992,0.04682653304700589,True,2026-05-15 02:37:00,0.13,0.009941939075797351,1.0,2026-05-15 23:57:00,4538.63,收盤,11.5,110.15999999999997,9.579130434782606,True,2026-05-15|2.25|-1
2026-05-15,2.6666666666666665,122,-1,4645.69,4657.58,4652.26,5.319999999999709,100.58399999999992,0.05289111588323902,True,2026-05-15 03:02:00,0.13,0.009941939075797351,0.75,2026-05-15 03:16:00,4657.58,停損,11.890000000000327,-12.020000000000328,-1.010933557611438,True,2026-05-15|2.667|-1
2026-05-15,2.8333333333333335,146,-1,4631.88,4655.39,4648.27,7.119999999999891,100.58399999999992,0.07078660621967606,True,2026-05-15 03:26:00,0.13,0.009941939075797351,0.6666666666666666,2026-05-15 23:57:00,4538.63,收盤,23.51000000000022,93.12,3.9608677158655525,True,2026-05-15|2.833|-1
2026-05-15,3.3333333333333335,151,-1,4623.13,4654.36,4629.85,24.50999999999931,100.58399999999992,0.2436769267477862,True,2026-05-15 03:31:00,0.13,0.009941939075797351,0.6,2026-05-15 23:57:00,4538.63,收盤,31.229999999999563,84.37,2.701569004162702,True,2026-05-15|3.333|-1
2026-05-15,3.4166666666666665,161,-1,4617.24,4644.89,4622.56,22.329999999999927,100.58399999999992,0.22200349956255414,True,2026-05-15 03:41:00,0.13,0.009941939075797351,0.6,2026-05-15 23:57:00,4538.63,收盤,27.650000000000546,78.47999999999968,2.838336347197039,True,2026-05-15|3.417|-1
2026-05-15,3.5,188,-1,4612.29,4630.7,4618.65,12.050000000000182,100.58399999999992,0.11980036586335989,True,2026-05-15 04:08:00,0.13,0.009941939075797351,0.5,2026-05-15 23:57:00,4538.63,收盤,18.409999999999854,73.52999999999986,3.9940249864204476,True,2026-05-15|3.5|-1
2026-05-15,3.6666666666666665,193,-1,4607.82,4627.69,4613.6,14.089999999999236,100.58399999999992,0.14008192157797708,True,2026-05-15 04:13:00,0.13,0.009941939075797351,0.5,2026-05-15 23:57:00,4538.63,收盤,19.86999999999989,69.0599999999996,3.475591343734272,True,2026-05-15|3.667|-1
2026-05-15,6.083333333333333,321,-1,4611.22,4622.33,4616.55,5.779999999999745,100.58399999999992,0.05746440785810616,True,2026-05-15 06:21:00,0.13,0.009941939075797351,0.2857142857142857,2026-05-15 23:57:00,4538.63,收盤,11.109999999999673,72.46000000000015,6.522052205220728,True,2026-05-15|6.083|-1
2026-05-15,5.916666666666667,335,-1,4609.09,4623.49,4614.91,8.579999999999927,100.58399999999992,0.08530183727034055,True,2026-05-15 06:35:00,0.13,0.009941939075797351,0.2727272727272727,2026-05-15 23:57:00,4538.63,收盤,14.399999999999636,70.33000000000004,4.884027777777904,True,2026-05-15|5.917|-1
2026-05-15,7.083333333333333,404,-1,4605.23,4621.61,4614.36,7.25,100.58399999999992,0.0720790582995308,True,2026-05-15 07:44:00,0.13,0.009941939075797351,0.23076923076923078,2026-05-15 23:57:00,4538.63,收盤,16.38000000000011,66.46999999999946,4.057997557997498,True,2026-05-15|7.083|-1
2026-05-15,7.416666666666667,422,-1,4601.46,4614.97,4609.57,5.400000000000546,100.58399999999992,0.05368647100931112,True,2026-05-15 08:02:00,0.13,0.009941939075797351,0.21428571428571427,2026-05-15 23:57:00,4538.63,收盤,13.510000000000218,62.699999999999925,4.64100666173197,True,2026-05-15|7.417|-1
2026-05-15,7.75,424,-1,4599.79,4612.56,4605.03,7.530000000000655,100.58399999999992,0.07486280124076057,True,2026-05-15 08:04:00,0.13,0.009941939075797351,0.21428571428571427,2026-05-15 23:57:00,4538.63,收盤,12.770000000000437,61.02999999999985,4.779169929522143,True,2026-05-15|7.75|-1
2026-05-15,7.583333333333333,427,-1,4599.31,4614.96,4604.42,10.539999999999964,100.58399999999992,0.10478803785890373,True,2026-05-15 08:07:00,0.13,0.009941939075797351,0.21428571428571427,2026-05-15 23:57:00,4538.63,收盤,15.649999999999636,60.55000000000029,3.8690095846646453,True,2026-05-15|7.583|-1
2026-05-15,7.916666666666667,429,-1,4593.86,4608.42,4599.21,9.210000000000036,100.58399999999992,0.09156525888809397,True,2026-05-15 08:09:00,0.13,0.009941939075797351,0.21428571428571427,2026-05-15 23:57:00,4538.63,收盤,14.5600000000004,55.09999999999956,3.784340659340525,True,2026-05-15|7.917|-1
2026-05-15,8.0,439,-1,4584.59,4606.56,4592.64,13.920000000000073,100.58399999999992,0.13839179193509984,True,2026-05-15 08:19:00,0.13,0.009941939075797351,0.20689655172413793,2026-05-15 23:57:00,4538.63,收盤,21.970000000000255,45.830000000000034,2.0860263996358444,True,2026-05-15|8.0|-1
2026-05-15,8.083333333333334,440,-1,4583.05,4601.38,4588.68,12.699999999999818,100.58399999999992,0.12626262626262455,True,2026-05-15 08:20:00,0.13,0.009941939075797351,0.20689655172413793,2026-05-15 23:57:00,4538.63,收盤,18.329999999999927,44.29000000000007,2.416257501363898,True,2026-05-15|8.083|-1
2026-05-15,8.166666666666666,453,-1,4576.46,4595.41,4581.62,13.789999999999964,100.58399999999992,0.1370993398552451,True,2026-05-15 08:33:00,0.13,0.009941939075797351,0.2,2026-05-15 23:57:00,4538.63,收盤,18.949999999999818,37.699999999999925,1.9894459102902526,True,2026-05-15|8.167|-1
2026-05-15,8.25,454,-1,4574.23,4595.41,4580.9,14.510000000000218,100.58399999999992,0.14425753598982174,True,2026-05-15 08:34:00,0.13,0.009941939075797351,0.2,2026-05-15 23:57:00,4538.63,收盤,21.18000000000029,35.46999999999945,1.6746931067043893,True,2026-05-15|8.25|-1
2026-05-15,8.416666666666666,480,-1,4559.0,4590.26,4567.42,22.840000000000146,100.58399999999992,0.22707388849121296,True,2026-05-15 09:00:00,0.13,0.009941939075797351,0.1935483870967742,2026-05-15 23:57:00,4538.63,收盤,31.26000000000022,20.239999999999892,0.6474728087012076,True,2026-05-15|8.417|-1
2026-05-15,9.333333333333334,529,-1,4565.35,4578.34,4572.57,5.770000000000437,100.58399999999992,0.057364988467355056,True,2026-05-15 09:49:00,0.13,0.009941939075797351,0.17142857142857143,2026-05-15 10:11:00,4578.34,停損,12.989999999999782,-13.119999999999783,-1.0100076982294075,True,2026-05-15|9.333|-1
2026-05-15,10.25,580,-1,4577.15,4588.72,4582.22,6.5,100.58399999999992,0.06462260399268278,True,2026-05-15 10:40:00,0.13,0.009941939075797351,0.15789473684210525,2026-05-15 23:57:00,4538.63,收盤,11.570000000000618,38.389999999999525,3.318063958513178,True,2026-05-15|10.25|-1
2026-05-15,10.333333333333334,591,-1,4571.43,4588.72,4579.17,9.550000000000182,100.58399999999992,0.09494551817386651,True,2026-05-15 10:51:00,0.13,0.009941939075797351,0.15384615384615385,2026-05-15 23:57:00,4538.63,收盤,17.289999999999964,32.67000000000018,1.8895315211104828,True,2026-05-15|10.333|-1
2026-05-15,10.5,594,-1,4568.78,4582.56,4574.81,7.75,100.58399999999992,0.07705002783742948,True,2026-05-15 10:54:00,0.13,0.009941939075797351,0.15384615384615385,2026-05-15 23:57:00,4538.63,收盤,13.780000000000655,30.019999999999637,2.1785195936138035,True,2026-05-15|10.5|-1
2026-05-15,10.75,603,-1,4561.59,4578.64,4568.37,10.270000000000437,100.58399999999992,0.10210371430844314,True,2026-05-15 11:03:00,0.13,0.009941939075797351,0.15,2026-05-15 23:57:00,4538.63,收盤,17.050000000000182,22.830000000000037,1.3390029325513075,True,2026-05-15|10.75|-1
2026-05-15,10.916666666666666,632,-1,4552.03,4572.97,4557.42,15.550000000000182,100.58399999999992,0.15459715262865062,True,2026-05-15 11:32:00,0.13,0.009941939075797351,0.14285714285714285,2026-05-15 23:57:00,4538.63,收盤,20.94000000000051,13.269999999999635,0.633715377268353,True,2026-05-15|10.917|-1
2026-05-18,3.4166666666666665,165,-1,4481.65,4520.97,4487.67,33.30000000000018,105.95299999999989,0.3142902985285949,True,2026-05-18 03:45:00,0.13,0.009438147102960757,0.0,2026-05-18 04:48:00,4520.97,停損,39.32000000000062,-39.45000000000062,-1.0033062054933877,True,2026-05-18|3.417|-1
2026-05-19,2.0,82,1,4588.11,4581.68,4573.8,7.880000000000109,102.63399999999983,0.07677767601379779,True,2026-05-19 02:22:00,0.13,0.03897343960091204,0.0,2026-05-19 03:25:00,4573.8,停損,14.30999999999949,-14.439999999999491,-1.009084556254368,True,2026-05-19|2.0|1
2026-05-19,2.8333333333333335,122,1,4588.76,4583.56,4579.14,4.420000000000073,102.63399999999983,0.04306565075900852,True,2026-05-19 03:02:00,0.13,0.03897343960091204,0.0,2026-05-19 03:05:00,4579.14,停損,9.61999999999989,-9.749999999999892,-1.0135135135135138,True,2026-05-19|2.833|1
2026-05-20,2.5833333333333335,121,-1,4483.32,4496.43,4489.34,7.0900000000001455,107.77199999999985,0.06578703188212295,True,2026-05-20 03:01:00,0.1,0.018557695876480002,0.75,2026-05-20 03:26:00,4496.43,停損,13.110000000000582,-13.210000000000582,-1.0076277650648355,True,2026-05-20|2.583|-1
2026-05-20,2.8333333333333335,129,-1,4480.99,4494.61,4488.24,6.369999999999891,107.77199999999985,0.059106261366587795,True,2026-05-20 03:09:00,0.13,0.018557695876480002,0.75,2026-05-20 03:26:00,4494.61,停損,13.61999999999989,-13.749999999999892,-1.009544787077827,True,2026-05-20|2.833|-1
2026-05-20,4.166666666666667,205,-1,4484.76,4500.45,4491.32,9.13000000000011,107.77199999999985,0.08471588167613223,True,2026-05-20 04:25:00,0.13,0.009278847938240001,0.8461538461538461,2026-05-20 14:30:00,4500.45,停損,15.6899999999996,-15.8199999999996,-1.0082855321861062,True,2026-05-20|4.167|-1
2026-05-20,3.9166666666666665,206,-1,4484.2,4506.13,4489.92,16.210000000000036,107.77199999999985,0.15041012507887075,True,2026-05-20 04:26:00,0.13,0.009278847938240001,0.8461538461538461,2026-05-20 16:15:00,4506.13,停損,21.93000000000029,-22.06000000000029,-1.0059279525763793,True,2026-05-20|3.917|-1
2026-05-20,4.0,207,-1,4480.59,4506.13,4488.04,18.090000000000146,107.77199999999985,0.16785435920276298,True,2026-05-20 04:27:00,0.13,0.009278847938240001,0.8461538461538461,2026-05-20 16:15:00,4506.13,停損,25.539999999999964,-25.669999999999963,-1.005090054815975,True,2026-05-20|4.0|-1
2026-05-20,4.25,209,-1,4477.13,4496.56,4483.21,13.350000000000364,107.77199999999985,0.12387261997550739,True,2026-05-20 04:29:00,0.13,0.009278847938240001,0.8461538461538461,2026-05-20 13:37:00,4496.56,停損,19.43000000000029,-19.56000000000029,-1.006690684508492,True,2026-05-20|4.25|-1
2026-05-20,4.333333333333333,217,-1,4460.53,4496.56,4472.85,23.710000000000036,107.77199999999985,0.22000148461567076,True,2026-05-20 04:37:00,0.13,0.009278847938240001,0.7857142857142857,2026-05-20 13:37:00,4496.56,停損,36.030000000000655,-36.16000000000066,-1.0036081043574798,True,2026-05-20|4.333|-1
2026-05-20,4.916666666666667,272,-1,4469.93,4485.19,4478.72,6.469999999999345,107.77199999999985,0.06003414616040673,True,2026-05-20 05:32:00,0.13,0.009278847938240001,0.6111111111111112,2026-05-20 10:13:00,4485.19,停損,15.259999999999309,-15.38999999999931,-1.0085190039318483,True,2026-05-20|4.917|-1
2026-05-20,5.416666666666667,297,-1,4459.21,4484.91,4465.84,19.06999999999971,107.77199999999985,0.1769476301822341,True,2026-05-20 05:57:00,0.13,0.009278847938240001,0.5789473684210527,2026-05-20 10:13:00,4484.91,停損,25.699999999999818,-25.829999999999817,-1.0050583657587548,True,2026-05-20|5.417|-1
2026-05-20,5.583333333333333,308,-1,4454.83,4471.64,4460.72,10.920000000000073,107.77199999999985,0.1013250194855815,True,2026-05-20 06:08:00,0.13,0.009278847938240001,0.55,2026-05-20 08:05:00,4471.64,停損,16.8100000000004,-16.9400000000004,-1.0077334919690657,True,2026-05-20|5.583|-1
2026-05-20,7.166666666666667,408,-1,4457.91,4470.71,4465.36,5.350000000000364,107.77199999999985,0.049641836469587385,True,2026-05-20 07:48:00,0.13,0.009278847938240001,0.4074074074074074,2026-05-20 08:02:00,4470.71,停損,12.800000000000182,-12.930000000000183,-1.0101562499999999,True,2026-05-20|7.167|-1
2026-05-20,8.583333333333334,469,-1,4464.07,4478.69,4471.67,7.019999999999527,107.77199999999985,0.06513751252644041,True,2026-05-20 08:49:00,0.13,0.009278847938240001,0.3548387096774194,2026-05-20 10:02:00,4478.69,停損,14.61999999999989,-14.749999999999892,-1.0088919288645692,True,2026-05-20|8.583|-1
2026-05-20,9.0,516,-1,4463.54,4477.63,4469.07,8.5600000000004,107.77199999999985,0.07942693835133813,True,2026-05-20 09:36:00,0.13,0.009278847938240001,0.3235294117647059,2026-05-20 09:52:00,4477.63,停損,14.090000000000146,-14.220000000000146,-1.0092264017033357,True,2026-05-20|9.0|-1
2026-05-21,2.3333333333333335,100,1,4545.44,4539.31,4534.66,4.650000000000546,100.02199999999985,0.0464897722501105,True,2026-05-21 02:40:00,0.13,0.009997800483893558,0.8333333333333334,2026-05-21 05:34:00,4534.66,停損,10.779999999999745,-10.909999999999746,-1.0120593692022266,True,2026-05-21|2.333|1
2026-05-21,2.1666666666666665,107,1,4545.88,4540.72,4538.03,2.6900000000005093,100.02199999999985,0.026894083301678764,True,2026-05-21 02:47:00,0.13,0.009997800483893558,0.7142857142857143,2026-05-21 03:27:00,4538.03,停損,7.850000000000364,-7.980000000000364,-1.0165605095541392,True,2026-05-21|2.167|1
2026-05-21,2.4166666666666665,120,1,4546.56,4541.23,4534.66,6.569999999999709,100.02199999999985,0.06568554917917777,True,2026-05-21 03:00:00,0.13,0.009997800483893558,0.7142857142857143,2026-05-21 05:34:00,4534.66,停損,11.900000000000546,-12.030000000000546,-1.0109243697478987,True,2026-05-21|2.417|1
2026-05-21,3.5833333333333335,191,1,4554.79,4545.09,4541.5,3.5900000000001455,100.02199999999985,0.03589210373717933,True,2026-05-21 04:11:00,0.13,0.009997800483893558,0.4166666666666667,2026-05-21 05:29:00,4541.5,停損,13.289999999999964,-13.419999999999964,-1.0097817908201656,True,2026-05-21|3.583|1
2026-05-21,4.0,192,1,4559.63,4550.96,4539.93,11.029999999999745,100.02199999999985,0.1102757393373434,True,2026-05-21 04:12:00,0.13,0.009997800483893558,0.4166666666666667,2026-05-21 05:30:00,4539.93,停損,19.699999999999818,-19.829999999999817,-1.0065989847715737,True,2026-05-21|4.0|1
2026-05-21,4.083333333333333,205,1,4565.18,4560.09,4541.14,18.949999999999818,100.02199999999985,0.18945831916978112,True,2026-05-21 04:25:00,0.13,0.009997800483893558,0.38461538461538464,2026-05-21 05:30:00,4541.14,停損,24.039999999999964,-24.169999999999963,-1.0054076539101497,True,2026-05-21|4.083|1
2026-05-21,4.166666666666667,209,1,4566.43,4561.22,4549.53,11.69000000000051,100.02199999999985,0.1168742876567208,True,2026-05-21 04:29:00,0.13,0.009997800483893558,0.38461538461538464,2026-05-21 05:19:00,4549.53,停損,16.900000000000546,-17.030000000000545,-1.0076923076923074,True,2026-05-21|4.167|1
2026-05-21,6.833333333333333,386,1,4538.14,4532.07,4527.25,4.819999999999709,100.02199999999985,0.04818939833236404,True,2026-05-21 07:26:00,0.13,0.0,0.92,2026-05-21 08:19:00,4527.25,停損,10.890000000000327,-11.020000000000328,-1.0119375573921026,True,2026-05-21|6.833|1
2026-05-21,7.0,387,1,4538.92,4533.68,4527.43,6.25,100.02199999999985,0.06248625302433474,True,2026-05-21 07:27:00,0.13,0.0,0.92,2026-05-21 08:19:00,4527.43,停損,11.489999999999782,-11.619999999999783,-1.0113141862489123,True,2026-05-21|7.0|1
2026-05-21,8.5,482,1,4532.57,4527.25,4518.54,8.710000000000036,100.02199999999985,0.08708084221471325,True,2026-05-21 09:02:00,0.13,0.0,0.9375,2026-05-21 10:07:00,4518.54,停損,14.029999999999745,-14.159999999999746,-1.009265858873842,True,2026-05-21|8.5|1
2026-05-21,8.416666666666666,484,1,4535.0,4528.18,4518.54,9.640000000000327,100.02199999999985,0.09637879666473717,True,2026-05-21 09:04:00,0.13,0.0,0.9375,2026-05-21 10:07:00,4518.54,停損,16.460000000000036,-16.590000000000035,-1.0078979343863912,True,2026-05-21|8.417|1
2026-05-21,8.75,502,1,4535.96,4530.0,4518.62,11.38000000000011,100.02199999999985,0.11377496950670979,True,2026-05-21 09:22:00,0.13,0.0,0.9090909090909091,2026-05-21 10:07:00,4518.62,停損,17.340000000000146,-17.470000000000145,-1.0074971164936561,True,2026-05-21|8.75|1
2026-05-21,10.5,592,1,4522.58,4517.41,4512.13,5.279999999999745,100.02199999999985,0.05278838655495544,True,2026-05-21 10:52:00,0.13,0.0,0.9487179487179487,2026-05-21 13:28:00,4512.13,停損,10.449999999999818,-10.579999999999819,-1.01244019138756,True,2026-05-21|10.5|1
2026-05-21,10.666666666666666,605,1,4523.42,4518.22,4514.3,3.9200000000000728,100.02199999999985,0.03919137789686348,True,2026-05-21 11:05:00,0.13,0.0,0.925,2026-05-21 13:27:00,4514.3,停損,9.11999999999989,-9.249999999999892,-1.0142543859649125,True,2026-05-21|10.667|1
2026-05-21,10.75,610,1,4528.71,4523.36,4514.3,9.05999999999949,100.02199999999985,0.09058007238407055,True,2026-05-21 11:10:00,0.13,0.0,0.925,2026-05-21 13:27:00,4514.3,停損,14.409999999999854,-14.539999999999855,-1.0090215128383069,True,2026-05-21|10.75|1
2026-05-21,10.916666666666666,611,1,4530.5,4523.77,4518.36,5.410000000000764,100.02199999999985,0.05408810061787179,True,2026-05-21 11:11:00,0.13,0.0,0.925,2026-05-21 13:27:00,4518.36,停損,12.140000000000327,-12.270000000000328,-1.0107084019769355,True,2026-05-21|10.917|1
2026-05-25,4.166666666666667,204,1,4572.85,4566.86,4561.68,5.1799999999993815,98.45299999999989,0.05261393761489632,False,2026-05-25 04:24:00,0.13,0.1828283546463797,0.0,2026-05-25 04:47:00,4561.68,停損,11.170000000000073,-11.300000000000074,-1.0116383169203222,True,2026-05-25|4.167|1
2026-05-25,5.25,285,1,4569.56,4563.42,4558.87,4.550000000000182,98.45299999999989,0.04621494520228116,False,2026-05-25 05:45:00,0.13,0.1828283546463797,0.0,2026-05-25 06:45:00,4558.87,停損,10.69000000000051,-10.82000000000051,-1.0121608980355468,True,2026-05-25|5.25|1
2026-05-25,9.333333333333334,539,1,4562.42,4557.37,4552.27,5.099999999999454,98.45299999999989,0.05180136714980204,False,2026-05-25 09:59:00,0.13,0.1828283546463797,0.0,2026-05-25 21:30:00,4570.86,收盤,10.149999999999636,8.309999999999599,0.81871921182265,True,2026-05-25|9.333|1
2026-05-25,10.333333333333334,590,1,4562.26,4557.05,4552.62,4.430000000000291,98.45299999999989,0.044996089504639736,False,2026-05-25 10:50:00,0.13,0.1828283546463797,0.0,2026-05-25 21:30:00,4570.86,收盤,9.640000000000327,8.469999999999454,0.8786307053941044,True,2026-05-25|10.333|1
2026-05-26,3.5,173,-1,4540.38,4553.02,4546.24,6.780000000000655,95.61099999999979,0.07091234272207873,False,2026-05-26 03:53:00,0.13,0.010459047599125646,0.45454545454545453,2026-05-26 23:58:00,4507.1,收盤,12.640000000000327,33.14999999999974,2.6226265822783925,True,2026-05-26|3.5|-1
2026-05-26,4.166666666666667,213,-1,4540.08,4549.35,4545.58,3.7700000000004366,95.61099999999979,0.039430609448708256,False,2026-05-26 04:33:00,0.13,0.010459047599125646,0.35714285714285715,2026-05-26 23:58:00,4507.1,收盤,9.270000000000437,32.84999999999956,3.5436893203881352,True,2026-05-26|4.167|-1
2026-05-26,4.0,217,-1,4535.08,4550.24,4542.37,7.869999999999891,95.61099999999979,0.08231270460511769,False,2026-05-26 04:37:00,0.13,0.010459047599125646,0.35714285714285715,2026-05-26 23:58:00,4507.1,收盤,15.159999999999854,27.849999999999564,1.8370712401055298,True,2026-05-26|4.0|-1
2026-05-26,4.416666666666667,220,-1,4529.72,4546.46,4537.3,9.159999999999854,95.61099999999979,0.0958048760079894,False,2026-05-26 04:40:00,0.13,0.010459047599125646,0.35714285714285715,2026-05-26 23:58:00,4507.1,收盤,16.73999999999978,22.489999999999892,1.3434886499402738,True,2026-05-26|4.417|-1
2026-05-26,5.166666666666667,287,-1,4531.76,4539.59,4536.55,3.0399999999999636,95.61099999999979,0.031795504701341584,False,2026-05-26 05:47:00,0.13,0.010459047599125646,0.2631578947368421,2026-05-26 06:21:00,4539.59,停損,7.829999999999927,-7.959999999999927,-1.016602809706258,True,2026-05-26|5.167|-1
2026-05-26,5.333333333333333,292,-1,4531.28,4538.68,4536.43,2.25,95.61099999999979,0.023532857098032704,False,2026-05-26 05:52:00,0.13,0.010459047599125646,0.2631578947368421,2026-05-26 06:18:00,4538.68,停損,7.400000000000546,-7.530000000000546,-1.0175675675675662,True,2026-05-26|5.333|-1
2026-05-26,6.833333333333333,384,-1,4536.48,4543.77,4541.28,2.490000000000691,95.61099999999979,0.02604302852183009,False,2026-05-26 07:24:00,0.13,0.010459047599125646,0.2,2026-05-26 23:58:00,4507.1,收盤,7.290000000000873,29.2499999999992,4.012345679011755,True,2026-05-26|6.833|-1
2026-05-26,6.75,385,-1,4535.46,4543.77,4540.85,2.9200000000000728,95.61099999999979,0.03054041898944765,False,2026-05-26 07:25:00,0.13,0.010459047599125646,0.2,2026-05-26 23:58:00,4507.1,收盤,8.3100000000004,28.229999999999674,3.3971119133571976,True,2026-05-26|6.75|-1
2026-05-26,7.0,387,-1,4534.3,4543.22,4539.09,4.130000000000109,95.61099999999979,0.043195866584390064,False,2026-05-26 07:27:00,0.13,0.010459047599125646,0.2,2026-05-26 23:58:00,4507.1,收盤,8.920000000000073,27.06999999999982,3.0347533632286545,True,2026-05-26|7.0|-1
2026-05-26,7.083333333333333,392,-1,4531.04,4540.7,4536.26,4.4399999999996,95.61099999999979,0.04643817134011369,False,2026-05-26 07:32:00,0.13,0.010459047599125646,0.19230769230769232,2026-05-26 23:58:00,4507.1,收盤,9.659999999999854,23.8099999999996,2.4648033126293956,True,2026-05-26|7.083|-1
2026-05-26,7.25,395,-1,4530.38,4539.49,4535.19,4.300000000000182,95.61099999999979,0.04497390467624218,False,2026-05-26 07:35:00,0.13,0.010459047599125646,0.19230769230769232,2026-05-26 13:51:00,4539.49,停損,9.109999999999673,-9.239999999999673,-1.0142700329308458,True,2026-05-26|7.25|-1
2026-05-26,7.333333333333333,398,-1,4526.13,4538.53,4532.58,5.949999999999818,95.61099999999979,0.062231333214795695,False,2026-05-26 07:38:00,0.13,0.010459047599125646,0.19230769230769232,2026-05-26 10:58:00,4538.53,停損,12.399999999999636,-12.529999999999637,-1.0104838709677424,True,2026-05-26|7.333|-1
2026-05-26,7.416666666666667,418,-1,4524.75,4535.62,4529.82,5.800000000000182,95.61099999999979,0.06066247607493065,False,2026-05-26 07:58:00,0.13,0.010459047599125646,0.18518518518518517,2026-05-26 09:26:00,4535.62,停損,10.86999999999989,-10.999999999999892,-1.0119595216191355,True,2026-05-26|7.417|-1
2026-05-26,8.5,472,-1,4525.63,4535.1,4530.52,4.579999999999927,95.61099999999979,0.0479024380039947,False,2026-05-26 08:52:00,0.13,0.010459047599125646,0.16129032258064516,2026-05-26 09:26:00,4535.1,停損,9.470000000000255,-9.600000000000255,-1.0137275607180567,True,2026-05-26|8.5|-1
2026-05-26,8.25,473,-1,4524.05,4531.4,4528.97,2.4299999999993815,95.61099999999979,0.02541548566586885,False,2026-05-26 08:53:00,0.13,0.010459047599125646,0.16129032258064516,2026-05-26 09:06:00,4531.4,停損,7.349999999999454,-7.479999999999454,-1.0176870748299334,True,2026-05-26|8.25|-1
2026-05-26,9.666666666666666,558,-1,4522.69,4534.06,4528.84,5.220000000000255,95.61099999999979,0.054596228467438536,False,2026-05-26 10:18:00,0.13,0.010459047599125646,0.13513513513513514,2026-05-26 10:51:00,4534.06,停損,11.3700000000008,-11.500000000000801,-1.0114335971855752,True,2026-05-26|9.667|-1
2026-05-26,10.833333333333334,626,-1,4526.48,4539.02,4531.59,7.430000000000291,95.61099999999979,0.0777107236615066,False,2026-05-26 11:26:00,0.13,0.010459047599125646,0.12195121951219512,2026-05-26 13:51:00,4539.02,停損,12.540000000000873,-12.670000000000874,-1.0103668261562992,True,2026-05-26|10.833|-1
2026-05-27,8.833333333333334,499,-1,4488.15,4502.33,4496.4,5.930000000000291,91.8529999999998,0.06455967687501012,True,2026-05-27 09:19:00,0.13,0.11975656755903481,0.0,2026-05-27 23:58:00,4456.07,收盤,14.180000000000291,31.94999999999993,2.2531734837799204,True,2026-05-27|8.833|-1
2026-05-27,8.75,502,-1,4484.83,4502.33,4491.95,10.38000000000011,91.8529999999998,0.1130066519329813,True,2026-05-27 09:22:00,0.13,0.11975656755903481,0.0,2026-05-27 23:58:00,4456.07,收盤,17.5,28.63000000000022,1.6360000000000126,True,2026-05-27|8.75|-1
2026-05-27,9.75,551,-1,4482.08,4490.19,4486.74,3.449999999999818,91.8529999999998,0.03756001437078621,True,2026-05-27 10:11:00,0.13,0.11975656755903481,0.0,2026-05-27 11:20:00,4490.19,停損,8.109999999999673,-8.239999999999673,-1.0160295930949452,True,2026-05-27|9.75|-1
2026-05-27,10.416666666666666,590,-1,4479.51,4488.61,4484.81,3.7999999999992724,91.8529999999998,0.04137045061129501,True,2026-05-27 10:50:00,0.13,0.11975656755903481,0.0,2026-05-27 11:03:00,4488.61,停損,9.099999999999454,-9.229999999999455,-1.0142857142857151,True,2026-05-27|10.417|-1
2026-05-27,10.333333333333334,591,-1,4476.05,4489.24,4483.0,6.239999999999782,91.8529999999998,0.06793463468803192,True,2026-05-27 10:51:00,0.13,0.11975656755903481,0.0,2026-05-27 11:03:00,4489.24,停損,13.1899999999996,-13.3199999999996,-1.0098559514783931,True,2026-05-27|10.333|-1
2026-05-28,5.833333333333333,319,-1,4386.86,4398.91,4392.64,6.269999999999527,99.83999999999969,0.06280048076922623,True,2026-05-28 06:19:00,0.13,0.05008012820512836,0.0,2026-05-28 12:22:00,4398.91,停損,12.050000000000182,-12.180000000000183,-1.0107883817427386,True,2026-05-28|5.833|-1
2026-05-28,5.916666666666667,320,-1,4384.54,4398.91,4390.28,8.63000000000011,99.83999999999969,0.08643830128205264,True,2026-05-28 06:20:00,0.13,0.05008012820512836,0.0,2026-05-28 12:22:00,4398.91,停損,14.36999999999989,-14.499999999999892,-1.0090466249130134,True,2026-05-28|5.917|-1
2026-05-28,6.166666666666667,336,-1,4377.92,4397.43,4382.98,14.450000000000728,99.83999999999969,0.14473157051282826,True,2026-05-28 06:36:00,0.13,0.05008012820512836,0.0,2026-05-28 12:22:00,4397.43,停損,19.51000000000022,-19.640000000000217,-1.0066632496155816,True,2026-05-28|6.167|-1
2026-05-28,6.25,338,-1,4375.2,4394.5,4382.38,12.11999999999989,99.83999999999969,0.12139423076923005,True,2026-05-28 06:38:00,0.13,0.05008012820512836,0.0,2026-05-28 08:47:00,4394.5,停損,19.300000000000182,-19.43000000000018,-1.0067357512953368,True,2026-05-28|6.25|-1
2026-05-28,6.416666666666667,339,-1,4371.38,4388.31,4379.83,8.480000000000473,99.83999999999969,0.08493589743590244,True,2026-05-28 06:39:00,0.13,0.05008012820512836,0.0,2026-05-28 08:36:00,4388.31,停損,16.93000000000029,-17.06000000000029,-1.0076786769049024,True,2026-05-28|6.417|-1
2026-05-28,7.083333333333333,381,-1,4368.8,4382.09,4373.82,8.270000000000437,99.83999999999969,0.08283253205128668,True,2026-05-28 07:21:00,0.13,0.05008012820512836,0.0,2026-05-28 08:31:00,4382.09,停損,13.289999999999964,-13.419999999999964,-1.0097817908201656,True,2026-05-28|7.083|-1
2026-05-28,8.666666666666666,487,-1,4383.61,4394.9,4389.33,5.569999999999709,99.83999999999969,0.055789262820510076,True,2026-05-28 09:07:00,0.13,0.05008012820512836,0.0,2026-05-28 10:20:00,4394.9,停損,11.289999999999964,-11.419999999999964,-1.0115146147032774,True,2026-05-28|8.667|-1
2026-05-28,8.833333333333334,488,-1,4382.2,4395.84,4387.73,8.110000000000582,99.83999999999969,0.08122996794872403,True,2026-05-28 09:08:00,0.13,0.05008012820512836,0.0,2026-05-28 10:22:00,4395.84,停損,13.640000000000327,-13.770000000000328,-1.009530791788856,True,2026-05-28|8.833|-1
2026-05-28,8.583333333333334,489,-1,4379.85,4393.54,4386.66,6.880000000000109,99.83999999999969,0.06891025641025772,True,2026-05-28 09:09:00,0.13,0.05008012820512836,0.0,2026-05-28 10:20:00,4393.54,停損,13.6899999999996,-13.8199999999996,-1.0094959824689558,True,2026-05-28|8.583|-1
2026-05-28,10.333333333333334,582,-1,4386.29,4396.33,4391.85,4.479999999999563,99.83999999999969,0.04487179487179064,True,2026-05-28 10:42:00,0.13,0.05008012820512836,0.0,2026-05-28 12:22:00,4396.33,停損,10.039999999999964,-10.169999999999964,-1.012948207171315,True,2026-05-28|10.333|-1
2026-05-28,10.416666666666666,593,-1,4383.18,4396.1,4389.33,6.770000000000437,99.83999999999969,0.06780849358974818,True,2026-05-28 10:53:00,0.13,0.05008012820512836,0.0,2026-05-28 12:22:00,4396.1,停損,12.920000000000073,-13.050000000000074,-1.0100619195046439,True,2026-05-28|10.417|-1
2026-05-29,2.6666666666666665,133,1,4497.67,4492.24,4489.09,3.149999999999636,107.40399999999973,0.029328516628800084,True,2026-05-29 03:13:00,0.13,0.0,0.875,2026-05-29 23:57:00,4541.22,收盤,8.579999999999927,43.42000000000018,5.0606060606061245,True,2026-05-29|2.667|1
2026-05-29,2.75,141,1,4500.01,4494.55,4489.09,5.460000000000036,107.40399999999973,0.050836095489926354,True,2026-05-29 03:21:00,0.13,0.0,0.7777777777777778,2026-05-29 23:57:00,4541.22,收盤,10.920000000000073,41.080000000000034,3.76190476190474,True,2026-05-29|2.75|1
2026-05-29,3.5833333333333335,189,1,4505.07,4498.54,4493.36,5.180000000000291,107.40399999999973,0.048229116234035085,True,2026-05-29 04:09:00,0.13,0.0,0.5833333333333334,2026-05-29 23:57:00,4541.22,收盤,11.710000000000036,36.02000000000054,3.0760034158838967,True,2026-05-29|3.583|1
2026-05-29,3.5,190,1,4508.84,4500.46,4493.36,7.100000000000364,107.40399999999973,0.06610554541730645,True,2026-05-29 04:10:00,0.13,0.0,0.5833333333333334,2026-05-29 23:57:00,4541.22,收盤,15.480000000000473,32.25000000000011,2.0833333333332766,True,2026-05-29|3.5|1
2026-05-29,3.9166666666666665,191,1,4509.86,4503.49,4492.49,11.0,107.40399999999973,0.10241704219582165,True,2026-05-29 04:11:00,0.13,0.0,0.5833333333333334,2026-05-29 23:57:00,4541.22,收盤,17.36999999999989,31.230000000000583,1.7979274611399412,True,2026-05-29|3.917|1
2026-05-29,4.0,195,1,4514.94,4509.34,4492.49,16.850000000000364,107.40399999999973,0.1568842873636029,True,2026-05-29 04:15:00,0.13,0.0,0.5833333333333334,2026-05-29 23:57:00,4541.22,收盤,22.449999999999818,26.150000000000656,1.1648106904232012,True,2026-05-29|4.0|1
2026-05-29,6.416666666666667,362,1,4504.43,4498.41,4495.3,3.1099999999996726,107.40399999999973,0.028956091020815616,True,2026-05-29 07:02:00,0.13,0.0,0.2916666666666667,2026-05-29 23:57:00,4541.22,收盤,9.13000000000011,36.65999999999996,4.015334063526782,True,2026-05-29|6.417|1
2026-05-29,6.75,382,1,4506.38,4500.55,4496.58,3.9700000000002547,107.40399999999973,0.03696324159249437,True,2026-05-29 07:22:00,0.13,0.0,0.28,2026-05-29 23:57:00,4541.22,收盤,9.800000000000182,34.71000000000014,3.541836734693826,True,2026-05-29|6.75|1
2026-05-29,6.833333333333333,384,1,4510.45,4501.8,4496.58,5.220000000000255,107.40399999999973,0.04860154184201955,True,2026-05-29 07:24:00,0.13,0.0,0.28,2026-05-29 23:57:00,4541.22,收盤,13.86999999999989,30.640000000000438,2.209084354722471,True,2026-05-29|6.833|1
2026-05-29,6.916666666666667,386,1,4511.18,4505.38,4498.81,6.569999999999709,107.40399999999973,0.06117090611150167,True,2026-05-29 07:26:00,0.13,0.0,0.28,2026-05-29 23:57:00,4541.22,收盤,12.36999999999989,29.909999999999965,2.4179466451091534,True,2026-05-29|6.917|1
2026-05-29,8.583333333333334,475,1,4515.08,4508.5,4502.74,5.760000000000218,107.40399999999973,0.053629287549814095,True,2026-05-29 08:55:00,0.13,0.0,0.22580645161290322,2026-05-29 23:57:00,4541.22,收盤,12.340000000000146,26.01000000000033,2.1077795786061606,True,2026-05-29|8.583|1
2026-05-29,8.416666666666666,481,1,4519.99,4512.89,4507.57,5.3200000000006185,107.40399999999973,0.049532605861984956,True,2026-05-29 09:01:00,0.13,0.0,0.21875,2026-05-29 23:57:00,4541.22,收盤,12.420000000000073,21.100000000000474,1.6988727858293358,True,2026-05-29|8.417|1
2026-05-29,10.25,576,1,4523.78,4517.12,4511.9,5.220000000000255,107.40399999999973,0.04860154184201955,True,2026-05-29 10:36:00,0.13,0.0,0.18421052631578946,2026-05-29 11:49:00,4511.9,停損,11.88000000000011,-12.01000000000011,-1.0109427609427608,True,2026-05-29|10.25|1
2026-06-03,7.916666666666667,451,-1,4462.39,4471.65,4467.77,3.8799999999991996,97.53399999999984,0.039780999446338776,False,2026-06-03 08:31:00,0.13,0.0,0.3333333333333333,2026-06-03 10:13:00,4471.65,停損,9.259999999999309,-9.38999999999931,-1.0140388768898498,True,2026-06-03|7.917|-1
2026-06-03,8.333333333333334,452,-1,4460.23,4473.08,4466.21,6.869999999999891,97.53399999999984,0.07043697582381428,False,2026-06-03 08:32:00,0.13,0.0,0.3333333333333333,2026-06-03 23:58:00,4433.99,收盤,12.850000000000364,26.109999999999783,2.031906614785918,True,2026-06-03|8.333|-1
2026-06-03,9.166666666666666,526,-1,4456.58,4470.91,4462.87,8.039999999999964,97.53399999999984,0.08243279266717224,False,2026-06-03 09:46:00,0.13,0.0,0.2857142857142857,2026-06-03 10:11:00,4470.91,停損,14.329999999999927,-14.459999999999928,-1.0090718771807399,True,2026-06-03|9.167|-1
2026-06-03,10.083333333333334,567,-1,4458.99,4472.22,4464.38,7.8400000000001455,97.53399999999984,0.08038222568540364,False,2026-06-03 10:27:00,0.13,0.0,0.2702702702702703,2026-06-03 23:58:00,4433.99,收盤,13.230000000000473,24.87,1.8798185941042413,True,2026-06-03|10.083|-1
2026-06-03,10.166666666666666,570,-1,4456.24,4472.22,4462.8,9.420000000000073,97.53399999999984,0.09658170484138956,False,2026-06-03 10:30:00,0.13,0.0,0.2702702702702703,2026-06-03 23:58:00,4433.99,收盤,15.980000000000473,22.12,1.3842302878597839,True,2026-06-03|10.167|-1
2026-06-03,10.75,624,-1,4450.92,4463.96,4455.8,8.159999999999854,97.53399999999984,0.0836631328562334,False,2026-06-03 11:24:00,0.13,0.0,0.24390243902439024,2026-06-03 13:08:00,4463.96,停損,13.039999999999964,-13.169999999999964,-1.0099693251533743,True,2026-06-03|10.75|-1
2026-06-05,5.083333333333333,282,-1,4439.09,4450.55,4444.77,5.779999999999745,95.59399999999997,0.060464045860616225,False,2026-06-05 05:42:00,0.13,0.010460907588342368,0.1111111111111111,2026-06-05 09:47:00,4450.55,停損,11.460000000000036,-11.590000000000037,-1.0113438045375218,True,2026-06-05|5.083|-1
2026-06-05,5.75,322,-1,4437.35,4449.96,4442.39,7.569999999999709,95.59399999999997,0.07918907044374868,False,2026-06-05 06:22:00,0.13,0.010460907588342368,0.09523809523809523,2026-06-05 08:04:00,4449.96,停損,12.609999999999673,-12.739999999999673,-1.0103092783505159,True,2026-06-05|5.75|-1
2026-06-05,5.833333333333333,323,-1,4435.36,4449.96,4440.18,9.779999999999745,95.59399999999997,0.1023076762139857,False,2026-06-05 06:23:00,0.13,0.010460907588342368,0.09523809523809523,2026-06-05 08:04:00,4449.96,停損,14.600000000000364,-14.730000000000365,-1.008904109589041,True,2026-06-05|5.833|-1
2026-06-05,8.083333333333334,453,-1,4441.13,4449.85,4446.5,3.350000000000364,95.59399999999997,0.03504404042095074,False,2026-06-05 08:33:00,0.13,0.010460907588342368,0.06666666666666667,2026-06-05 09:37:00,4449.85,停損,8.720000000000255,-8.850000000000255,-1.0149082568807335,True,2026-06-05|8.083|-1
2026-06-05,8.583333333333334,484,-1,4436.56,4447.98,4442.29,5.6899999999996,95.59399999999997,0.05952256417766389,False,2026-06-05 09:04:00,0.13,0.010460907588342368,0.0625,2026-06-05 09:34:00,4447.98,停損,11.419999999999163,-11.549999999999164,-1.0113835376532407,True,2026-06-05|8.583|-1
2026-06-05,8.833333333333334,497,-1,4432.4,4447.96,4438.73,9.230000000000473,95.59399999999997,0.096554177040405,False,2026-06-05 09:17:00,0.13,0.010460907588342368,0.06060606060606061,2026-06-05 09:34:00,4447.96,停損,15.5600000000004,-15.690000000000401,-1.0083547557840615,True,2026-06-05|8.833|-1
2026-06-05,8.916666666666666,499,-1,4430.12,4444.91,4435.37,9.539999999999964,95.59399999999997,0.09979705839278581,False,2026-06-05 09:19:00,0.13,0.010460907588342368,0.06060606060606061,2026-06-05 09:25:00,4444.91,停損,14.789999999999964,-14.919999999999964,-1.0087897227856661,True,2026-06-05|8.917|-1
2026-06-08,3.3333333333333335,169,-1,4341.21,4353.42,4347.46,5.960000000000036,107.15199999999996,0.0556219202628046,True,2026-06-08 03:49:00,0.13,0.009332536956846353,0.8181818181818182,2026-06-08 23:58:00,4329.87,收盤,12.210000000000036,11.210000000000145,0.9180999180999272,True,2026-06-08|3.333|-1
2026-06-08,3.4166666666666665,172,-1,4340.57,4353.42,4346.36,7.0600000000004,107.15199999999996,0.06588771091533899,True,2026-06-08 03:52:00,0.13,0.009332536956846353,0.8181818181818182,2026-06-08 23:58:00,4329.87,收盤,12.850000000000364,10.569999999999817,0.8225680933851766,True,2026-06-08|3.417|-1
2026-06-08,3.5833333333333335,186,-1,4335.96,4351.99,4342.11,9.88000000000011,107.15199999999996,0.09220546513364299,True,2026-06-08 04:06:00,0.13,0.009332536956846353,0.75,2026-06-08 23:58:00,4329.87,收盤,16.029999999999745,5.960000000000146,0.3718028696194785,True,2026-06-08|3.583|-1
2026-06-08,3.6666666666666665,187,-1,4333.62,4348.83,4339.84,8.989999999999782,107.15199999999996,0.08389950724204667,True,2026-06-08 04:07:00,0.13,0.009332536956846353,0.75,2026-06-08 23:58:00,4329.87,收盤,15.210000000000036,3.62,0.23800131492439128,True,2026-06-08|3.667|-1
2026-06-08,3.9166666666666665,195,-1,4327.01,4345.83,4336.39,9.4399999999996,107.15199999999996,0.08809914887262583,True,2026-06-08 04:15:00,0.13,0.009332536956846353,0.75,2026-06-08 16:39:00,4345.83,停損,18.81999999999971,-18.949999999999708,-1.0069075451647185,True,2026-06-08|3.917|-1
2026-06-08,4.0,196,-1,4323.39,4345.83,4330.98,14.850000000000364,107.15199999999996,0.13858817380917174,True,2026-06-08 04:16:00,0.13,0.009332536956846353,0.6923076923076923,2026-06-08 16:39:00,4345.83,停損,22.4399999999996,-22.5699999999996,-1.0057932263814617,True,2026-06-08|4.0|-1
2026-06-08,4.083333333333333,198,-1,4321.2,4341.01,4326.69,14.320000000000618,107.15199999999996,0.13364192922204554,True,2026-06-08 04:18:00,0.13,0.009332536956846353,0.6923076923076923,2026-06-08 16:38:00,4341.01,停損,19.8100000000004,-19.9400000000004,-1.006562342251388,True,2026-06-08|4.083|-1
2026-06-08,4.166666666666667,211,-1,4302.47,4337.78,4314.54,23.23999999999978,107.15199999999996,0.2168881588771072,True,2026-06-08 04:31:00,0.13,0.009332536956846353,0.6428571428571429,2026-06-08 15:43:00,4337.78,停損,35.30999999999949,-35.43999999999949,-1.003681676578873,True,2026-06-08|4.167|-1
2026-06-08,4.916666666666667,257,-1,4315.68,4330.77,4321.16,9.610000000000582,107.15199999999996,0.08968568015529889,True,2026-06-08 05:17:00,0.13,0.009332536956846353,0.5294117647058824,2026-06-08 14:21:00,4330.77,停損,15.090000000000146,-15.220000000000146,-1.0086149768058317,True,2026-06-08|4.917|-1
2026-06-08,4.75,258,-1,4313.92,4329.78,4319.43,10.349999999999454,107.15199999999996,0.09659175750335466,True,2026-06-08 05:18:00,0.13,0.009332536956846353,0.5294117647058824,2026-06-08 14:21:00,4329.78,停損,15.859999999999673,-15.989999999999673,-1.0081967213114755,True,2026-06-08|4.75|-1
2026-06-08,5.0,272,-1,4311.3,4330.77,4316.7,14.070000000000618,107.15199999999996,0.13130879498283396,True,2026-06-08 05:32:00,0.13,0.009332536956846353,0.5,2026-06-08 14:21:00,4330.77,停損,19.470000000000255,-19.600000000000254,-1.0066769388803285,True,2026-06-08|5.0|-1
2026-06-08,5.083333333333333,276,-1,4308.48,4324.6,4314.74,9.860000000000582,107.15199999999996,0.09201881439451047,True,2026-06-08 05:36:00,0.13,0.009332536956846353,0.5,2026-06-08 14:20:00,4324.6,停損,16.1200000000008,-16.2500000000008,-1.0080645161290318,True,2026-06-08|5.083|-1
2026-06-08,7.166666666666667,400,-1,4311.18,4321.81,4316.66,5.150000000000546,107.15199999999996,0.04806256532776381,True,2026-06-08 07:40:00,0.13,0.009332536956846353,0.34615384615384615,2026-06-08 14:16:00,4321.81,停損,10.63000000000011,-10.76000000000011,-1.0122295390404514,True,2026-06-08|7.167|-1
2026-06-08,7.25,401,-1,4310.1,4321.81,4316.05,5.760000000000218,107.15199999999996,0.05375541287143703,True,2026-06-08 07:41:00,0.13,0.009332536956846353,0.34615384615384615,2026-06-08 14:16:00,4321.81,停損,11.710000000000036,-11.840000000000037,-1.0111016225448335,True,2026-06-08|7.25|-1
2026-06-08,7.083333333333333,405,-1,4307.74,4319.52,4313.62,5.900000000000546,107.15199999999996,0.05506196804539858,True,2026-06-08 07:45:00,0.13,0.009332536956846353,0.34615384615384615,2026-06-08 14:16:00,4319.52,停損,11.780000000000655,-11.910000000000656,-1.011035653650254,True,2026-06-08|7.083|-1
2026-06-08,7.916666666666667,451,-1,4303.39,4316.16,4308.85,7.309999999999491,107.15199999999996,0.06822084515454209,True,2026-06-08 08:31:00,0.13,0.009332536956846353,0.3,2026-06-08 10:26:00,4316.16,停損,12.769999999999527,-12.899999999999528,-1.0101801096319503,True,2026-06-08|7.917|-1
2026-06-08,8.083333333333334,455,-1,4287.05,4315.46,4305.24,10.220000000000255,107.15199999999996,0.09537852769897211,True,2026-06-08 08:35:00,0.13,0.009332536956846353,0.3,2026-06-08 10:26:00,4315.46,停損,28.409999999999854,-28.539999999999853,-1.0045758535726856,True,2026-06-08|8.083|-1
2026-06-08,8.416666666666666,457,-1,4280.42,4313.23,4286.75,26.479999999999563,107.15199999999996,0.24712557861728734,True,2026-06-08 08:37:00,0.13,0.009332536956846353,0.3,2026-06-08 10:25:00,4313.23,停損,32.80999999999949,-32.93999999999949,-1.003962206644316,True,2026-06-08|8.417|-1
2026-06-08,9.333333333333334,516,-1,4296.21,4311.37,4302.86,8.510000000000218,107.15199999999996,0.0794198895027645,True,2026-06-08 09:36:00,0.13,0.009332536956846353,0.2647058823529412,2026-06-08 10:25:00,4311.37,停損,15.159999999999854,-15.289999999999855,-1.0085751978891822,True,2026-06-08|9.333|-1
2026-06-08,10.333333333333334,587,-1,4299.38,4316.93,4305.76,11.170000000000073,107.15199999999996,0.10424443780797443,True,2026-06-08 10:47:00,0.13,0.009332536956846353,0.23076923076923078,2026-06-08 14:15:00,4316.93,停損,17.550000000000182,-17.68000000000018,-1.0074074074074073,True,2026-06-08|10.333|-1
2026-06-08,10.5,590,-1,4298.59,4311.75,4304.16,7.5900000000001455,107.15199999999996,0.07083395550246517,True,2026-06-08 10:50:00,0.13,0.009332536956846353,0.23076923076923078,2026-06-08 14:11:00,4311.75,停損,13.159999999999854,-13.289999999999855,-1.0098784194528878,True,2026-06-08|10.5|-1
2026-06-08,10.583333333333334,600,-1,4294.49,4311.75,4301.48,10.270000000000437,107.15199999999996,0.09584515454681612,True,2026-06-08 11:00:00,0.13,0.009332536956846353,0.23076923076923078,2026-06-08 14:11:00,4311.75,停損,17.26000000000022,-17.390000000000217,-1.007531865585168,True,2026-06-08|10.583|-1
2026-06-08,10.666666666666666,602,-1,4292.57,4307.99,4298.19,9.800000000000182,107.15199999999996,0.09145886217709595,True,2026-06-08 11:02:00,0.13,0.009332536956846353,0.225,2026-06-08 14:11:00,4307.99,停損,15.420000000000073,-15.550000000000074,-1.0084306095979247,True,2026-06-08|10.667|-1
2026-06-08,10.75,618,-1,4289.97,4302.7,4295.74,6.960000000000036,107.15199999999996,0.06495445721965096,True,2026-06-08 11:18:00,0.13,0.009332536956846353,0.21951219512195122,2026-06-08 13:35:00,4302.7,停損,12.729999999999563,-12.859999999999564,-1.0102120974076987,True,2026-06-08|10.75|-1
2026-06-08,10.833333333333334,625,-1,4288.8,4299.5,4294.44,5.0600000000004,107.15199999999996,0.04722263700164628,True,2026-06-08 11:25:00,0.13,0.009332536956846353,0.21951219512195122,2026-06-08 12:48:00,4299.5,停損,10.699999999999818,-10.829999999999819,-1.0121495327102807,True,2026-06-08|10.833|-1
2026-06-10,2.0,78,-1,4229.42,4247.26,4235.66,11.600000000000364,111.35900000000011,0.10416760207976322,True,2026-06-10 02:18:00,0.13,0.0,0.0,2026-06-10 23:58:00,4070.5,收盤,17.840000000000146,158.79000000000008,8.90078475336316,True,2026-06-10|2.0|-1
2026-06-10,2.1666666666666665,92,-1,4222.1,4242.74,4227.9,14.840000000000146,111.35900000000011,0.1332626909365218,True,2026-06-10 02:32:00,0.13,0.0,0.0,2026-06-10 23:58:00,4070.5,收盤,20.639999999999418,151.47000000000037,7.338662790697899,True,2026-06-10|2.167|-1
2026-06-10,2.25,105,-1,4218.61,4236.55,4225.44,11.110000000000582,111.35900000000011,0.09976741888846498,True,2026-06-10 02:45:00,0.13,0.0,0.0,2026-06-10 23:58:00,4070.5,收盤,17.94000000000051,147.97999999999968,8.248606465997518,True,2026-06-10|2.25|-1
2026-06-10,2.3333333333333335,106,-1,4213.57,4234.43,4223.07,11.360000000000582,111.35900000000011,0.10201241031259774,True,2026-06-10 02:46:00,0.13,0.0,0.0,2026-06-10 23:58:00,4070.5,收盤,20.860000000000582,142.9399999999997,6.852348993288386,True,2026-06-10|2.333|-1
2026-06-10,2.9166666666666665,153,-1,4208.62,4224.6,4217.95,6.650000000000546,111.35900000000011,0.059716771881936255,True,2026-06-10 03:33:00,0.13,0.0,0.0,2026-06-10 23:58:00,4070.5,收盤,15.980000000000473,137.9899999999999,8.63516896120124,True,2026-06-10|2.917|-1
2026-06-10,3.4166666666666665,164,-1,4200.22,4225.57,4206.06,19.50999999999931,111.35900000000011,0.1751991307393142,True,2026-06-10 03:44:00,0.13,0.0,0.0,2026-06-10 23:58:00,4070.5,收盤,25.349999999999454,129.59000000000026,5.1120315581855245,True,2026-06-10|3.417|-1
2026-06-10,3.5,185,-1,4194.67,4218.98,4201.83,17.149999999999636,111.35900000000011,0.15400641169550391,True,2026-06-10 04:05:00,0.13,0.0,0.0,2026-06-10 09:08:00,4218.98,停損,24.30999999999949,-24.43999999999949,-1.0053475935828877,True,2026-06-10|3.5|-1
2026-06-10,3.9166666666666665,186,-1,4187.94,4220.73,4194.67,26.05999999999949,111.35900000000011,0.2340179060515941,True,2026-06-10 04:06:00,0.13,0.0,0.0,2026-06-10 09:09:00,4220.73,停損,32.789999999999964,-32.919999999999966,-1.0039646233607809,True,2026-06-10|3.917|-1
2026-06-10,4.25,222,-1,4192.83,4216.53,4199.32,17.210000000000036,111.35900000000011,0.15454520963729937,True,2026-06-10 04:42:00,0.13,0.0,0.0,2026-06-10 09:08:00,4216.53,停損,23.699999999999818,-23.829999999999817,-1.0054852320675105,True,2026-06-10|4.25|-1
2026-06-10,4.166666666666667,223,-1,4187.96,4216.53,4194.11,22.420000000000073,111.35900000000011,0.20133083091622636,True,2026-06-10 04:43:00,0.13,0.0,0.0,2026-06-10 09:08:00,4216.53,停損,28.56999999999971,-28.699999999999708,-1.0045502275113756,True,2026-06-10|4.167|-1
2026-06-10,4.916666666666667,273,-1,4177.93,4192.89,4183.92,8.970000000000255,111.35900000000011,0.08055029229788563,True,2026-06-10 05:33:00,0.13,0.0,0.0,2026-06-10 08:34:00,4192.89,停損,14.960000000000036,-15.090000000000037,-1.0086898395721926,True,2026-06-10|4.917|-1
2026-06-10,5.666666666666667,299,-1,4173.78,4190.61,4180.4,10.210000000000036,111.35900000000011,0.09168544976158215,True,2026-06-10 05:59:00,0.13,0.0,0.0,2026-06-10 08:33:00,4190.61,停損,16.829999999999927,-16.959999999999926,-1.0077243018419488,True,2026-06-10|5.667|-1
2026-06-10,6.833333333333333,389,-1,4173.89,4185.95,4181.92,4.029999999999745,111.35900000000011,0.03618926175701777,True,2026-06-10 07:29:00,0.13,0.0,0.0,2026-06-10 08:30:00,4185.95,停損,12.05999999999949,-12.189999999999491,-1.010779436152571,True,2026-06-10|6.833|-1
2026-06-10,9.166666666666666,530,-1,4203.28,4216.04,4209.24,6.800000000000182,111.35900000000011,0.06106376673641264,True,2026-06-10 09:50:00,0.13,0.0,0.0,2026-06-10 23:58:00,4070.5,收盤,12.760000000000218,132.64999999999975,10.395768025078173,True,2026-06-10|9.167|-1
2026-06-10,9.25,535,-1,4202.19,4216.72,4208.36,8.360000000000582,111.35900000000011,0.07507251322300464,True,2026-06-10 09:55:00,0.13,0.0,0.0,2026-06-10 23:58:00,4070.5,收盤,14.530000000000655,131.5599999999996,9.05437026840975,True,2026-06-10|9.25|-1
2026-06-10,9.583333333333334,554,-1,4198.51,4212.17,4205.05,7.119999999999891,111.35900000000011,0.06393735575929996,True,2026-06-10 10:14:00,0.13,0.0,0.0,2026-06-10 23:58:00,4070.5,收盤,13.659999999999854,127.88000000000022,9.361639824304655,True,2026-06-10|9.583|-1
2026-06-10,9.833333333333334,567,-1,4195.01,4206.62,4201.84,4.779999999999745,111.35900000000011,0.04292423602941604,True,2026-06-10 10:27:00,0.13,0.0,0.0,2026-06-10 23:58:00,4070.5,收盤,11.609999999999673,124.38000000000022,10.713178294573964,True,2026-06-10|9.833|-1
2026-06-10,10.083333333333334,579,-1,4191.82,4207.91,4197.4,10.510000000000218,111.35900000000011,0.09437943947054309,True,2026-06-10 10:39:00,0.13,0.0,0.0,2026-06-10 23:58:00,4070.5,收盤,16.090000000000146,121.18999999999971,7.532007458048391,True,2026-06-10|10.083|-1
2026-06-10,10.333333333333334,592,-1,4188.02,4203.8,4193.59,10.210000000000036,111.35900000000011,0.09168544976158215,True,2026-06-10 10:52:00,0.13,0.0,0.0,2026-06-10 23:58:00,4070.5,收盤,15.779999999999745,117.39000000000044,7.439163498099007,True,2026-06-10|10.333|-1
2026-06-10,10.416666666666666,593,-1,4181.88,4199.21,4191.81,7.399999999999636,111.35900000000011,0.06645174615432636,True,2026-06-10 10:53:00,0.13,0.0,0.0,2026-06-10 23:58:00,4070.5,收盤,17.329999999999927,111.25000000000011,6.419503750721326,True,2026-06-10|10.417|-1
2026-06-10,10.75,603,-1,4174.59,4193.02,4181.6,11.420000000000073,111.35900000000011,0.10255120825438502,True,2026-06-10 11:03:00,0.13,0.0,0.0,2026-06-10 23:58:00,4070.5,收盤,18.43000000000029,103.96000000000015,5.640803038524065,True,2026-06-10|10.75|-1
2026-06-11,2.0,74,-1,4024.75,4053.71,4039.04,14.670000000000073,116.95400000000014,0.1254339312892253,True,2026-06-11 02:14:00,0.13,0.02565111069309298,0.0,2026-06-11 02:27:00,4053.71,停損,28.960000000000036,-29.090000000000035,-1.004488950276243,True,2026-06-11|2.0|-1
2026-06-11,2.5,106,-1,4049.3,4063.91,4056.35,7.559999999999945,116.95400000000014,0.06464079894659384,True,2026-06-11 02:46:00,0.13,0.02565111069309298,0.0,2026-06-11 03:18:00,4063.91,停損,14.609999999999673,-14.739999999999673,-1.0088980150581797,True,2026-06-11|2.5|-1
2026-06-11,2.5833333333333335,117,-1,4048.78,4064.27,4054.76,9.509999999999764,116.95400000000014,0.08131402089710273,True,2026-06-11 02:57:00,0.13,0.02565111069309298,0.0,2026-06-11 03:18:00,4064.27,停損,15.489999999999782,-15.619999999999783,-1.0083925112976115,True,2026-06-11|2.583|-1
2026-06-11,2.6666666666666665,130,-1,4043.11,4064.27,4049.07,15.199999999999818,116.95400000000014,0.12996562751166954,True,2026-06-11 03:10:00,0.13,0.02565111069309298,0.0,2026-06-11 03:18:00,4064.27,停損,21.159999999999854,-21.289999999999853,-1.0061436672967863,True,2026-06-11|2.667|-1
2026-06-11,2.8333333333333335,131,-1,4036.81,4052.31,4044.64,7.670000000000073,116.95400000000014,0.06558133967200834,True,2026-06-11 03:11:00,0.13,0.02565111069309298,0.0,2026-06-11 03:14:00,4052.31,停損,15.5,-15.63,-1.0083870967741937,True,2026-06-11|2.833|-1
2026-06-11,4.583333333333333,236,-1,4099.27,4118.09,4109.66,8.430000000000291,116.95400000000014,0.07207962104759376,True,2026-06-11 04:56:00,0.13,0.008550370231030995,0.9333333333333333,2026-06-11 20:31:00,4118.09,停損,18.81999999999971,-18.949999999999708,-1.0069075451647185,True,2026-06-11|4.583|-1
2026-06-11,4.416666666666667,243,-1,4096.15,4112.51,4102.01,10.5,116.95400000000014,0.08977888742582543,True,2026-06-11 05:03:00,0.13,0.008550370231030995,0.875,2026-06-11 11:11:00,4112.51,停損,16.360000000000582,-16.49000000000058,-1.0079462102689483,True,2026-06-11|4.417|-1
2026-06-11,4.833333333333333,253,-1,4091.59,4111.4,4098.04,13.359999999999673,116.95400000000014,0.11423294628657128,True,2026-06-11 05:13:00,0.13,0.008550370231030995,0.875,2026-06-11 11:02:00,4111.4,停損,19.80999999999949,-19.93999999999949,-1.0065623422513883,True,2026-06-11|4.833|-1
2026-06-11,4.916666666666667,258,-1,4088.29,4103.88,4094.66,9.220000000000255,116.95400000000014,0.07883441353010794,True,2026-06-11 05:18:00,0.13,0.008550370231030995,0.8235294117647058,2026-06-11 08:49:00,4103.88,停損,15.590000000000146,-15.720000000000146,-1.0083386786401538,True,2026-06-11|4.917|-1
2026-06-11,5.0,268,-1,4085.8,4102.64,4092.29,10.350000000000364,116.95400000000014,0.0884963318911739,True,2026-06-11 05:28:00,0.13,0.008550370231030995,0.8235294117647058,2026-06-11 08:48:00,4102.64,停損,16.840000000000146,-16.970000000000145,-1.0077197149643704,True,2026-06-11|5.0|-1
2026-06-11,5.083333333333333,270,-1,4082.49,4100.93,4089.37,11.5600000000004,116.95400000000014,0.09884227987072171,True,2026-06-11 05:30:00,0.13,0.008550370231030995,0.8235294117647058,2026-06-11 08:48:00,4100.93,停損,18.44000000000051,-18.57000000000051,-1.0070498915401298,True,2026-06-11|5.083|-1
2026-06-11,5.166666666666667,271,-1,4081.98,4097.66,4087.83,9.829999999999927,116.95400000000014,0.08405013937103405,True,2026-06-11 05:31:00,0.13,0.008550370231030995,0.7777777777777778,2026-06-11 08:43:00,4097.66,停損,15.679999999999836,-15.809999999999837,-1.0082908163265307,True,2026-06-11|5.167|-1
2026-06-11,5.333333333333333,272,-1,4072.99,4094.42,4081.68,12.740000000000236,116.95400000000014,0.10893171674333688,True,2026-06-11 05:32:00,0.13,0.008550370231030995,0.7777777777777778,2026-06-11 08:35:00,4094.42,停損,21.43000000000029,-21.56000000000029,-1.0060662622491832,True,2026-06-11|5.333|-1
2026-06-11,5.416666666666667,281,-1,4062.53,4090.16,4071.42,18.73999999999978,116.95400000000014,0.16023393812951894,True,2026-06-11 05:41:00,0.13,0.008550370231030995,0.7777777777777778,2026-06-11 08:33:00,4090.16,停損,27.629999999999654,-27.759999999999653,-1.0047050307636627,True,2026-06-11|5.417|-1
2026-06-11,5.5,282,-1,4057.36,4085.09,4065.17,19.920000000000073,116.95400000000014,0.170323375002138,True,2026-06-11 05:42:00,0.13,0.008550370231030995,0.7777777777777778,2026-06-11 07:21:00,4085.09,停損,27.730000000000018,-27.860000000000017,-1.0046880634691668,True,2026-06-11|5.5|-1
2026-06-11,6.0,321,-1,4061.67,4078.51,4067.91,10.600000000000364,116.95400000000014,0.09063392444893165,True,2026-06-11 06:21:00,0.13,0.008550370231030995,0.6666666666666666,2026-06-11 07:10:00,4078.51,停損,16.840000000000146,-16.970000000000145,-1.0077197149643704,True,2026-06-11|6.0|-1
2026-06-11,7.833333333333333,449,-1,4073.25,4085.41,4079.66,5.75,116.95400000000014,0.04916462882842822,True,2026-06-11 08:29:00,0.13,0.008550370231030995,0.4827586206896552,2026-06-11 08:33:00,4085.41,停損,12.159999999999854,-12.289999999999855,-1.0106907894736843,True,2026-06-11|7.833|-1
2026-06-11,8.583333333333334,485,-1,4084.62,4099.61,4090.99,8.61999999999989,116.95400000000014,0.07370419139148623,True,2026-06-11 09:05:00,0.13,0.008550370231030995,0.4375,2026-06-11 10:16:00,4099.61,停損,14.989999999999782,-15.119999999999783,-1.008672448298866,True,2026-06-11|8.583|-1
2026-06-11,8.916666666666666,492,-1,4077.4,4098.58,4084.6,13.980000000000018,116.95400000000014,0.11953417582981345,True,2026-06-11 09:12:00,0.13,0.008550370231030995,0.4375,2026-06-11 10:16:00,4098.58,停損,21.179999999999836,-21.309999999999835,-1.006137865911237,True,2026-06-11|8.917|-1
2026-06-11,10.416666666666666,591,-1,4100.27,4110.59,4106.22,4.369999999999891,116.95400000000014,0.037365117909604506,True,2026-06-11 10:51:00,0.13,0.008550370231030995,0.358974358974359,2026-06-11 11:02:00,4110.59,停損,10.319999999999709,-10.44999999999971,-1.0125968992248067,True,2026-06-11|10.417|-1
2026-06-11,10.916666666666666,631,-1,4096.64,4111.98,4102.68,9.299999999999272,116.95400000000014,0.07951844314858202,True,2026-06-11 11:31:00,0.13,0.008550370231030995,0.3333333333333333,2026-06-11 20:31:00,4111.98,停損,15.339999999999236,-15.469999999999237,-1.0084745762711869,True,2026-06-11|10.917|-1
2026-06-12,3.1666666666666665,146,1,4225.19,4218.96,4207.5,11.460000000000036,121.56400000000012,0.09427133032805786,True,2026-06-12 03:26:00,0.13,0.0,0.0,2026-06-12 03:43:00,4207.5,停損,17.6899999999996,-17.8199999999996,-1.0073487846240816,True,2026-06-12|3.167|1
2026-06-12,4.583333333333333,228,1,4189.84,4183.74,4171.46,12.279999999999745,121.56400000000012,0.10101674837945225,True,2026-06-12 04:48:00,0.13,0.06580895659899305,0.9333333333333333,2026-06-12 08:59:00,4171.46,停損,18.38000000000011,-18.510000000000108,-1.0070729053318823,True,2026-06-12|4.583|1
2026-06-12,4.5,243,1,4192.98,4186.75,4171.46,15.289999999999964,121.56400000000012,0.1257773682998252,True,2026-06-12 05:03:00,0.13,0.06580895659899305,0.875,2026-06-12 08:59:00,4171.46,停損,21.519999999999527,-21.649999999999526,-1.0060408921933086,True,2026-06-12|4.5|1
2026-06-12,4.666666666666667,251,1,4199.33,4191.54,4176.8,14.739999999999782,121.56400000000012,0.1212530025336429,True,2026-06-12 05:11:00,0.13,0.06580895659899305,0.875,2026-06-12 08:36:00,4176.8,停損,22.529999999999745,-22.659999999999744,-1.0057700843320019,True,2026-06-12|4.667|1
2026-06-12,5.666666666666667,316,1,4197.48,4191.24,4183.71,7.529999999999745,121.56400000000012,0.06194268039880012,True,2026-06-12 06:16:00,0.13,0.06580895659899305,0.6666666666666666,2026-06-12 08:12:00,4183.71,停損,13.769999999999527,-13.899999999999528,-1.0094408133623824,True,2026-06-12|5.667|1
2026-06-12,5.75,318,1,4199.98,4192.43,4183.71,8.720000000000255,121.56400000000012,0.07173176269290453,True,2026-06-12 06:18:00,0.13,0.06580895659899305,0.6666666666666666,2026-06-12 08:12:00,4183.71,停損,16.269999999999527,-16.399999999999526,-1.0079901659496007,True,2026-06-12|5.75|1
2026-06-12,5.916666666666667,330,1,4203.43,4196.16,4187.68,8.479999999999563,121.56400000000012,0.06975749399492905,True,2026-06-12 06:30:00,0.13,0.06580895659899305,0.6666666666666666,2026-06-12 08:05:00,4187.68,停損,15.75,-15.88,-1.0082539682539684,True,2026-06-12|5.917|1
2026-06-12,10.333333333333334,600,1,4194.22,4180.04,4173.95,6.0900000000001455,121.56400000000012,0.05009706821098466,True,2026-06-12 11:00:00,0.13,0.0,0.9743589743589743,2026-06-12 23:57:00,4218.65,收盤,20.270000000000437,24.299999999999383,1.1988159842130666,True,2026-06-12|10.333|1
2026-06-12,10.833333333333334,604,1,4200.69,4194.22,4173.82,20.400000000000546,121.56400000000012,0.1678128393274368,True,2026-06-12 11:04:00,0.13,0.0,0.95,2026-06-12 23:57:00,4218.65,收盤,26.86999999999989,17.830000000000037,0.6635653144771161,True,2026-06-12|10.833|1
2026-06-12,10.916666666666666,618,1,4211.14,4202.89,4175.45,27.44000000000051,121.56400000000012,0.2257247211345504,True,2026-06-12 11:18:00,0.13,0.0,0.926829268292683,2026-06-12 23:57:00,4218.65,收盤,35.69000000000051,7.379999999999309,0.20678061081533214,True,2026-06-12|10.917|1
2026-06-15,2.1666666666666665,107,1,4292.12,4284.45,4281.28,3.1700000000000728,118.54600000000009,0.02674067450609949,True,2026-06-15 02:47:00,0.13,0.1518397921481955,0.0,2026-06-15 23:58:00,4308.77,收盤,10.840000000000146,16.520000000000547,1.5239852398524285,True,2026-06-15|2.167|1
2026-06-15,2.6666666666666665,134,1,4300.99,4294.15,4282.23,11.920000000000073,118.54600000000009,0.10055168457813898,True,2026-06-15 03:14:00,0.13,0.1518397921481955,0.0,2026-06-15 23:58:00,4308.77,收盤,18.76000000000022,7.650000000000655,0.4077825159915014,True,2026-06-15|2.667|1
2026-06-15,2.8333333333333335,137,1,4303.32,4295.11,4291.99,3.119999999999891,118.54600000000009,0.026318897305686303,True,2026-06-15 03:17:00,0.13,0.1518397921481955,0.0,2026-06-15 04:00:00,4291.99,停損,11.329999999999927,-11.459999999999928,-1.0114739629302738,True,2026-06-15|2.833|1
2026-06-15,3.8333333333333335,203,1,4304.66,4297.07,4291.79,5.279999999999745,118.54600000000009,0.044539672363468535,True,2026-06-15 04:23:00,0.13,0.1518397921481955,0.0,2026-06-15 23:58:00,4308.77,收盤,12.86999999999989,3.980000000000582,0.3092463092463571,True,2026-06-15|3.833|1
2026-06-15,3.9166666666666665,212,1,4306.84,4300.4,4285.58,14.819999999999709,118.54600000000009,0.12501476220201185,True,2026-06-15 04:32:00,0.13,0.1518397921481955,0.0,2026-06-15 23:58:00,4308.77,收盤,21.26000000000022,1.8000000000002911,0.08466603951083126,True,2026-06-15|3.917|1
2026-06-15,4.25,215,1,4312.55,4306.55,4289.45,17.100000000000364,118.54600000000009,0.1442478025407888,True,2026-06-15 04:35:00,0.13,0.1518397921481955,0.0,2026-06-15 23:58:00,4308.77,收盤,23.100000000000364,-3.9099999999997452,-0.16926406926405557,True,2026-06-15|4.25|1
2026-06-15,4.416666666666667,244,1,4322.99,4315.5,4297.0,18.5,118.54600000000009,0.15605756415231206,True,2026-06-15 05:04:00,0.13,0.1518397921481955,0.0,2026-06-15 23:58:00,4308.77,收盤,25.98999999999978,-14.349999999999346,-0.552135436706405,True,2026-06-15|4.417|1
2026-06-15,4.583333333333333,255,1,4326.58,4319.64,4308.5,11.140000000000327,118.54600000000009,0.09397196025171932,True,2026-06-15 05:15:00,0.13,0.1518397921481955,0.0,2026-06-15 08:53:00,4308.5,停損,18.079999999999927,-18.209999999999926,-1.0071902654867257,True,2026-06-15|4.583|1
2026-06-15,4.916666666666667,272,1,4331.36,4324.31,4315.41,8.900000000000546,118.54600000000009,0.07507634167327905,True,2026-06-15 05:32:00,0.13,0.1518397921481955,0.0,2026-06-15 08:45:00,4315.41,停損,15.949999999999818,-16.079999999999817,-1.0081504702194357,True,2026-06-15|4.917|1
2026-06-15,5.083333333333333,279,1,4333.98,4326.72,4320.23,6.490000000000691,118.54600000000009,0.05474668061343855,True,2026-06-15 05:39:00,0.13,0.1518397921481955,0.0,2026-06-15 08:38:00,4320.23,停損,13.75,-13.88,-1.0094545454545456,True,2026-06-15|5.083|1
2026-06-15,9.5,549,1,4313.03,4307.08,4302.72,4.359999999999673,118.54600000000009,0.03677897187589348,True,2026-06-15 10:09:00,0.13,0.1518397921481955,0.0,2026-06-15 23:58:00,4308.77,收盤,10.30999999999949,-4.389999999999309,-0.4258001939863749,True,2026-06-15|9.5|1
2026-06-15,9.666666666666666,557,1,4314.35,4307.84,4300.95,6.890000000000327,118.54600000000009,0.058120898216728716,True,2026-06-15 10:17:00,0.13,0.1518397921481955,0.0,2026-06-15 23:58:00,4308.77,收盤,13.400000000000546,-5.709999999999927,-0.42611940298505185,True,2026-06-15|9.667|1
2026-06-15,9.833333333333334,562,1,4317.75,4309.81,4305.33,4.480000000000473,118.54600000000009,0.03779123715688821,True,2026-06-15 10:22:00,0.13,0.1518397921481955,0.0,2026-06-15 23:58:00,4308.77,收盤,12.420000000000073,-9.109999999999564,-0.7334943639291072,True,2026-06-15|9.833|1
2026-06-15,10.5,595,1,4323.13,4317.04,4312.07,4.970000000000255,118.54600000000009,0.04192465372092058,True,2026-06-15 10:55:00,0.13,0.1518397921481955,0.0,2026-06-15 23:26:00,4312.07,停損,11.0600000000004,-11.190000000000401,-1.0117540687160937,True,2026-06-15|10.5|1
2026-06-15,10.583333333333334,598,1,4323.51,4317.46,4312.07,5.390000000000327,118.54600000000009,0.04546758220437909,True,2026-06-15 10:58:00,0.13,0.1518397921481955,0.0,2026-06-15 23:26:00,4312.07,停損,11.44000000000051,-11.57000000000051,-1.011363636363636,True,2026-06-15|10.583|1
2026-06-15,10.416666666666666,599,1,4324.52,4318.22,4312.5,5.720000000000255,118.54600000000009,0.04825131172709539,True,2026-06-15 10:59:00,0.13,0.1518397921481955,0.0,2026-06-15 23:25:00,4312.5,停損,12.020000000000437,-12.150000000000437,-1.0108153078202993,True,2026-06-15|10.417|1
2026-06-15,10.75,618,1,4329.72,4323.19,4312.61,10.579999999999927,118.54600000000009,0.08924805560710541,True,2026-06-15 11:18:00,0.13,0.1518397921481955,0.0,2026-06-15 23:24:00,4312.61,停損,17.110000000000582,-17.24000000000058,-1.0075978959672702,True,2026-06-15|10.75|1
2026-06-15,10.916666666666666,633,1,4337.73,4329.25,4320.49,8.760000000000218,118.54600000000009,0.07389536551212367,True,2026-06-15 11:33:00,0.13,0.1518397921481955,0.0,2026-06-15 21:02:00,4320.49,停損,17.23999999999978,-17.36999999999978,-1.00754060324826,True,2026-06-15|10.917|1
2026-06-18,2.25,103,-1,4268.6,4283.61,4275.6,8.009999999999309,130.0960000000001,0.06156991759930592,True,2026-06-18 02:43:00,0.13,0.007686631410650591,0.8333333333333334,2026-06-18 03:02:00,4283.61,停損,15.009999999999309,-15.13999999999931,-1.008660892738175,True,2026-06-18|2.25|-1
2026-06-18,8.916666666666666,488,-1,4298.37,4310.03,4306.42,3.6099999999996726,130.0960000000001,0.02774873939244612,True,2026-06-18 09:08:00,0.13,0.0,0.5,2026-06-18 23:58:00,4208.15,收盤,11.659999999999854,90.09000000000026,7.726415094339742,True,2026-06-18|8.917|-1
2026-06-18,10.166666666666666,576,-1,4294.87,4309.47,4304.3,5.170000000000073,130.0960000000001,0.03973988439306412,True,2026-06-18 10:36:00,0.13,0.0,0.42105263157894735,2026-06-18 23:58:00,4208.15,收盤,14.600000000000364,86.59000000000026,5.930821917808089,True,2026-06-18|10.167|-1
2026-06-18,10.416666666666666,598,-1,4288.69,4307.85,4295.86,11.990000000000691,130.0960000000001,0.0921627106137059,True,2026-06-18 10:58:00,0.13,0.0,0.41025641025641024,2026-06-18 23:58:00,4208.15,收盤,19.160000000000764,80.40999999999997,4.196764091857869,True,2026-06-18|10.417|-1
2026-06-18,10.5,601,-1,4286.12,4307.75,4293.8,13.949999999999818,130.0960000000001,0.10722850817857435,True,2026-06-18 11:01:00,0.13,0.0,0.4,2026-06-18 23:58:00,4208.15,收盤,21.63000000000011,77.84000000000026,3.5987055016181166,True,2026-06-18|10.5|-1
2026-06-19,2.5,117,-1,4187.86,4199.23,4194.77,4.459999999999127,133.77900000000008,0.033338565843660996,True,2026-06-19 02:57:00,0.13,0.02242504428946246,0.0,2026-06-19 20:00:00,4155.57,收盤,11.36999999999989,32.15999999999996,2.8284960422163827,True,2026-06-19|2.5|-1
2026-06-19,2.5833333333333335,127,-1,4185.41,4198.4,4194.04,4.359999999999673,133.77900000000008,0.03259106436734966,True,2026-06-19 03:07:00,0.13,0.02242504428946246,0.0,2026-06-19 20:00:00,4155.57,收盤,12.989999999999782,29.710000000000147,2.287143956889965,True,2026-06-19|2.583|-1
2026-06-19,4.666666666666667,256,-1,4176.1,4187.38,4184.28,3.100000000000364,133.77900000000008,0.02317254576578059,True,2026-06-19 05:16:00,0.13,0.02242504428946246,0.0,2026-06-19 20:00:00,4155.57,收盤,11.279999999999745,20.400000000000656,1.8085106382979712,True,2026-06-19|4.667|-1
2026-06-19,5.416666666666667,305,-1,4169.65,4179.93,4177.15,2.780000000000655,133.77900000000008,0.02078054104157344,True,2026-06-19 06:05:00,0.13,0.02242504428946246,0.0,2026-06-19 16:00:00,4179.93,停損,10.280000000000655,-10.410000000000656,-1.0126459143968864,True,2026-06-19|5.417|-1
2026-06-19,5.666666666666667,306,-1,4166.89,4183.68,4175.78,7.900000000000546,133.77900000000008,0.05905261662892188,True,2026-06-19 06:06:00,0.13,0.02242504428946246,0.0,2026-06-19 20:00:00,4155.57,收盤,16.789999999999964,11.190000000000618,0.6664681357951544,True,2026-06-19|5.667|-1
2026-06-19,5.916666666666667,332,-1,4162.41,4177.29,4169.46,7.829999999999927,133.77900000000008,0.05852936559549647,True,2026-06-19 06:32:00,0.13,0.02242504428946246,0.0,2026-06-19 11:26:00,4177.29,停損,14.88000000000011,-15.01000000000011,-1.008736559139785,True,2026-06-19|5.917|-1
2026-06-19,6.083333333333333,343,-1,4158.61,4169.92,4166.1,3.819999999999709,133.77900000000008,0.028554556395246688,True,2026-06-19 06:43:00,0.13,0.02242504428946246,0.0,2026-06-19 11:20:00,4169.92,停損,11.3100000000004,-11.440000000000401,-1.0114942528735629,True,2026-06-19|6.083|-1
2026-06-19,6.416666666666667,359,-1,4150.14,4169.33,4161.74,7.5900000000001455,133.77900000000008,0.05673536205234111,True,2026-06-19 06:59:00,0.13,0.02242504428946246,0.0,2026-06-19 11:20:00,4169.33,停損,19.1899999999996,-19.3199999999996,-1.006774361646691,True,2026-06-19|6.417|-1
2026-06-19,7.333333333333333,401,-1,4137.61,4149.85,4144.42,5.430000000000291,133.77900000000008,0.040589330163929224,True,2026-06-19 07:41:00,0.13,0.02242504428946246,0.0,2026-06-19 09:58:00,4149.85,停損,12.240000000000691,-12.370000000000692,-1.0106209150326793,True,2026-06-19|7.333|-1
2026-06-19,7.083333333333333,402,-1,4136.16,4147.63,4143.66,3.9700000000002547,133.77900000000008,0.02967580860972389,True,2026-06-19 07:42:00,0.13,0.02242504428946246,0.0,2026-06-19 09:15:00,4147.63,停損,11.470000000000255,-11.600000000000255,-1.0113339145597209,True,2026-06-19|7.083|-1
2026-06-19,7.166666666666667,404,-1,4134.72,4149.44,4141.51,7.9299999999993815,133.77900000000008,0.05927686707180781,True,2026-06-19 07:44:00,0.13,0.02242504428946246,0.0,2026-06-19 09:58:00,4149.44,停損,14.719999999999345,-14.849999999999346,-1.0088315217391308,True,2026-06-19|7.167|-1
2026-06-19,7.5,415,-1,4128.27,4147.43,4137.89,9.539999999999964,133.77900000000008,0.07131164084049034,True,2026-06-19 07:55:00,0.13,0.02242504428946246,0.0,2026-06-19 09:15:00,4147.43,停損,19.159999999999854,-19.289999999999853,-1.0067849686847599,True,2026-06-19|7.5|-1
2026-06-19,7.583333333333333,416,-1,4126.49,4143.34,4133.61,9.730000000000473,133.77900000000008,0.07273189364549344,True,2026-06-19 07:56:00,0.13,0.02242504428946246,0.0,2026-06-19 09:10:00,4143.34,停損,16.850000000000364,-16.980000000000363,-1.007715133531157,True,2026-06-19|7.583|-1
2026-06-22,3.8333333333333335,181,1,4208.19,4201.02,4181.52,19.5,125.95300000000016,0.154819654950656,False,2026-06-22 04:01:00,0.13,0.023818408453947077,0.5833333333333334,2026-06-22 06:11:00,4181.52,停損,26.669999999999163,-26.799999999999162,-1.0048743907011626,True,2026-06-22|3.833|1
2026-06-22,5.25,277,1,4196.55,4190.02,4183.61,6.410000000000764,125.95300000000016,0.05089199939660632,False,2026-06-22 05:37:00,0.13,0.023818408453947077,0.3888888888888889,2026-06-22 06:10:00,4183.61,停損,12.94000000000051,-13.07000000000051,-1.0100463678516225,True,2026-06-22|5.25|1
2026-06-22,5.166666666666667,279,1,4199.37,4191.84,4183.61,8.230000000000473,125.95300000000016,0.06534183385866524,False,2026-06-22 05:39:00,0.13,0.023818408453947077,0.3888888888888889,2026-06-22 06:10:00,4183.61,停損,15.760000000000218,-15.890000000000219,-1.008248730964467,True,2026-06-22|5.167|1
2026-06-22,8.166666666666666,457,1,4196.19,4188.03,4182.55,5.479999999999563,125.95300000000016,0.043508292775873196,False,2026-06-22 08:37:00,0.13,0.023818408453947077,0.23333333333333334,2026-06-22 18:40:00,4182.55,停損,13.639999999999418,-13.769999999999419,-1.0095307917888567,True,2026-06-22|8.167|1
2026-06-23,4.5,225,-1,4154.48,4178.7,4160.86,17.840000000000146,125.92100000000019,0.1416761302721557,False,2026-06-23 04:45:00,0.13,0.023824461368635856,0.8571428571428571,2026-06-23 23:58:00,4109.67,收盤,24.220000000000255,44.67999999999949,1.8447563996696539,True,2026-06-23|4.5|-1
2026-06-23,4.916666666666667,251,-1,4149.51,4163.2,4155.98,7.220000000000255,125.92100000000019,0.057337537027185644,False,2026-06-23 05:11:00,0.13,0.023824461368635856,0.75,2026-06-23 05:30:00,4163.2,停損,13.6899999999996,-13.8199999999996,-1.0094959824689558,True,2026-06-23|4.917|-1
2026-06-23,5.333333333333333,298,-1,4150.52,4163.51,4157.69,5.8200000000006185,125.92100000000019,0.04621945505515847,False,2026-06-23 05:58:00,0.13,0.023824461368635856,0.631578947368421,2026-06-23 23:58:00,4109.67,收盤,12.989999999999782,40.72000000000036,3.1347190146267163,True,2026-06-23|5.333|-1
2026-06-23,5.416666666666667,300,-1,4146.97,4163.51,4156.67,6.8400000000001455,125.92100000000019,0.0543197719204909,False,2026-06-23 06:00:00,0.13,0.023824461368635856,0.631578947368421,2026-06-23 23:58:00,4109.67,收盤,16.539999999999964,37.17000000000018,2.247279322853704,True,2026-06-23|5.417|-1
2026-06-23,5.583333333333333,302,-1,4144.19,4159.3,4152.42,6.880000000000109,125.92100000000019,0.05463743140540576,False,2026-06-23 06:02:00,0.13,0.023824461368635856,0.6,2026-06-23 23:58:00,4109.67,收盤,15.110000000000582,34.389999999999525,2.2759761747186102,True,2026-06-23|5.583|-1
2026-06-23,5.833333333333333,312,-1,4139.5,4155.92,4146.65,9.270000000000437,125.92100000000019,0.07361758562908825,False,2026-06-23 06:12:00,0.13,0.023824461368635856,0.6,2026-06-23 23:58:00,4109.67,收盤,16.420000000000073,29.69999999999993,1.8087697929354323,True,2026-06-23|5.833|-1
2026-06-23,5.916666666666667,320,-1,4133.26,4155.04,4140.09,14.949999999999818,125.92100000000019,0.1187252324870339,False,2026-06-23 06:20:00,0.13,0.023824461368635856,0.5714285714285714,2026-06-23 23:58:00,4109.67,收盤,21.779999999999745,23.460000000000147,1.0771349862259147,True,2026-06-23|5.917|-1
2026-06-23,6.083333333333333,322,-1,4132.4,4143.15,4138.85,4.299999999999272,125.92100000000019,0.03414839462837228,False,2026-06-23 06:22:00,0.13,0.023824461368635856,0.5714285714285714,2026-06-23 06:58:00,4143.15,停損,10.75,-10.88,-1.012093023255814,True,2026-06-23|6.083|-1
2026-06-23,7.0,395,-1,4136.6,4146.97,4143.03,3.9400000000005093,125.92100000000019,0.0312894592641458,False,2026-06-23 07:35:00,0.13,0.023824461368635856,0.46153846153846156,2026-06-23 23:58:00,4109.67,收盤,10.36999999999989,26.800000000000292,2.5843780135005376,True,2026-06-23|7.0|-1
2026-06-23,7.333333333333333,417,-1,4128.46,4140.61,4137.27,3.339999999999236,125.92100000000019,0.02652456699040852,False,2026-06-23 07:57:00,0.13,0.023824461368635856,0.4444444444444444,2026-06-23 17:01:00,4140.61,停損,12.149999999999636,-12.279999999999637,-1.0106995884773666,True,2026-06-23|7.333|-1
2026-06-23,7.75,419,-1,4126.44,4140.26,4134.4,5.860000000000582,125.92100000000019,0.046537114540073324,False,2026-06-23 07:59:00,0.13,0.023824461368635856,0.4444444444444444,2026-06-23 16:55:00,4140.26,停損,13.820000000000618,-13.95000000000062,-1.009406657018813,True,2026-06-23|7.75|-1
2026-06-23,8.083333333333334,452,-1,4119.67,4137.5,4126.72,10.779999999999745,125.92100000000019,0.08560923118462949,False,2026-06-23 08:32:00,0.13,0.023824461368635856,0.4,2026-06-23 16:53:00,4137.5,停損,17.829999999999927,-17.959999999999926,-1.007291082445317,True,2026-06-23|8.083|-1
2026-06-23,8.583333333333334,490,-1,4113.61,4133.63,4121.17,12.460000000000036,125.92100000000019,0.09895092955106786,False,2026-06-23 09:10:00,0.13,0.023824461368635856,0.375,2026-06-23 16:49:00,4133.63,停損,20.020000000000437,-20.150000000000436,-1.0064935064935063,True,2026-06-23|8.583|-1
2026-06-23,10.333333333333334,581,-1,4109.21,4122.93,4117.33,5.600000000000364,125.92100000000019,0.04447232788812315,False,2026-06-23 10:41:00,0.13,0.023824461368635856,0.3157894736842105,2026-06-23 13:01:00,4122.93,停損,13.720000000000255,-13.850000000000255,-1.009475218658892,True,2026-06-23|10.333|-1
2026-06-23,10.416666666666666,582,-1,4108.83,4120.2,4115.18,5.019999999999527,125.92100000000019,0.039866265356846904,False,2026-06-23 10:42:00,0.13,0.023824461368635856,0.3157894736842105,2026-06-23 12:58:00,4120.2,停損,11.36999999999989,-11.499999999999892,-1.0114335971855763,True,2026-06-23|10.417|-1
2026-06-23,10.25,583,-1,4106.61,4122.93,4113.73,9.200000000000728,125.92100000000019,0.07306168153048906,False,2026-06-23 10:43:00,0.13,0.023824461368635856,0.3157894736842105,2026-06-23 13:01:00,4122.93,停損,16.32000000000062,-16.450000000000617,-1.0079656862745094,True,2026-06-23|10.25|-1
2026-06-23,10.083333333333334,584,-1,4105.83,4124.82,4112.18,12.639999999999418,125.92100000000019,0.10038039723318111,False,2026-06-23 10:44:00,0.13,0.023824461368635856,0.3157894736842105,2026-06-23 13:01:00,4124.82,停損,18.98999999999978,-19.11999999999978,-1.0068457082675093,True,2026-06-23|10.083|-1
2026-06-23,10.5,591,-1,4102.52,4119.42,4110.86,8.5600000000004,125.92100000000019,0.06797912977184414,False,2026-06-23 10:51:00,0.13,0.023824461368635856,0.3076923076923077,2026-06-23 12:40:00,4119.42,停損,16.899999999999636,-17.029999999999635,-1.0076923076923079,True,2026-06-23|10.5|-1
2026-06-23,10.583333333333334,601,-1,4097.56,4119.22,4103.9,15.320000000000618,125.92100000000019,0.12166358272250534,False,2026-06-23 11:01:00,0.13,0.023824461368635856,0.3,2026-06-23 12:40:00,4119.22,停損,21.659999999999854,-21.789999999999853,-1.0060018467220684,True,2026-06-23|10.583|-1
2026-06-23,10.75,603,-1,4091.96,4108.16,4098.49,9.670000000000073,125.92100000000019,0.07679418047823681,False,2026-06-23 11:03:00,0.13,0.023824461368635856,0.3,2026-06-23 11:42:00,4108.16,停損,16.199999999999818,-16.329999999999817,-1.0080246913580246,True,2026-06-23|10.75|-1
2026-06-24,2.0,99,-1,4085.91,4104.43,4095.11,9.320000000000164,123.9900000000002,0.07516735220582425,True,2026-06-24 02:39:00,0.13,0.0,0.16666666666666666,2026-06-24 03:02:00,4104.43,停損,18.520000000000437,-18.650000000000436,-1.0070194384449243,True,2026-06-24|2.0|-1
2026-06-24,3.4166666666666665,182,-1,4086.33,4100.44,4093.8,6.639999999999418,123.9900000000002,0.0535527058633713,True,2026-06-24 04:02:00,0.13,0.0,0.08333333333333333,2026-06-24 04:26:00,4100.44,停損,14.109999999999673,-14.239999999999673,-1.0092133238837706,True,2026-06-24|3.417|-1
2026-06-24,4.5,230,-1,4086.09,4102.29,4092.81,9.480000000000018,123.9900000000002,0.07645777885313335,True,2026-06-24 04:50:00,0.13,0.0,0.06666666666666667,2026-06-24 23:58:00,4001.02,收盤,16.199999999999818,84.94000000000017,5.243209876543279,True,2026-06-24|4.5|-1
2026-06-24,4.583333333333333,232,-1,4083.4,4099.28,4091.91,7.369999999999891,123.9900000000002,0.059440277441728195,True,2026-06-24 04:52:00,0.13,0.0,0.06666666666666667,2026-06-24 23:58:00,4001.02,收盤,15.879999999999654,82.25000000000011,5.179471032745711,True,2026-06-24|4.583|-1
2026-06-24,4.666666666666667,257,-1,4079.33,4098.52,4085.84,12.680000000000291,123.9900000000002,0.10226631179934084,True,2026-06-24 05:17:00,0.13,0.0,0.058823529411764705,2026-06-24 23:58:00,4001.02,收盤,19.19000000000051,78.17999999999995,4.073996873371437,True,2026-06-24|4.667|-1
2026-06-24,4.916666666666667,258,-1,4076.59,4095.97,4084.57,11.399999999999636,123.9900000000002,0.09194289862085345,True,2026-06-24 05:18:00,0.13,0.0,0.058823529411764705,2026-06-24 09:13:00,4095.97,停損,19.379999999999654,-19.509999999999653,-1.0067079463364295,True,2026-06-24|4.917|-1
2026-06-24,4.75,259,-1,4074.99,4093.07,4082.41,10.66000000000031,123.9900000000002,0.08597467537704889,True,2026-06-24 05:19:00,0.13,0.0,0.058823529411764705,2026-06-24 09:11:00,4093.07,停損,18.080000000000382,-18.21000000000038,-1.0071902654867255,True,2026-06-24|4.75|-1
2026-06-24,5.0,262,-1,4073.85,4095.97,4080.19,15.779999999999745,123.9900000000002,0.12726832809097283,True,2026-06-24 05:22:00,0.13,0.0,0.058823529411764705,2026-06-24 09:13:00,4095.97,停損,22.11999999999989,-22.24999999999989,-1.005877034358047,True,2026-06-24|5.0|-1
2026-06-24,5.083333333333333,267,-1,4073.19,4087.76,4079.88,7.880000000000109,123.9900000000002,0.06355351238003143,True,2026-06-24 05:27:00,0.13,0.0,0.058823529411764705,2026-06-24 09:08:00,4087.76,停損,14.570000000000164,-14.700000000000164,-1.0089224433768016,True,2026-06-24|5.083|-1
2026-06-24,5.166666666666667,277,-1,4066.15,4084.48,4073.08,11.400000000000091,123.9900000000002,0.09194289862085711,True,2026-06-24 05:37:00,0.13,0.0,0.05555555555555555,2026-06-24 08:34:00,4084.48,停損,18.329999999999927,-18.459999999999926,-1.0070921985815602,True,2026-06-24|5.167|-1
2026-06-24,5.333333333333333,279,-1,4062.73,4076.66,4071.37,5.289999999999964,123.9900000000002,0.04266473102669534,True,2026-06-24 05:39:00,0.13,0.0,0.05555555555555555,2026-06-24 08:31:00,4076.66,停損,13.929999999999836,-14.059999999999837,-1.0093323761665471,True,2026-06-24|5.333|-1
2026-06-24,5.416666666666667,283,-1,4056.27,4076.66,4063.47,13.190000000000055,123.9900000000002,0.10637954673764041,True,2026-06-24 05:43:00,0.13,0.0,0.05555555555555555,2026-06-24 08:31:00,4076.66,停損,20.389999999999873,-20.51999999999987,-1.0063756743501717,True,2026-06-24|5.417|-1
2026-06-24,5.5,307,-1,4053.43,4076.54,4060.03,16.509999999999764,123.9900000000002,0.13315589966932606,True,2026-06-24 06:07:00,0.13,0.0,0.05,2026-06-24 08:31:00,4076.54,停損,23.110000000000127,-23.240000000000126,-1.0056252704456945,True,2026-06-24|5.5|-1
2026-06-24,6.75,373,-1,4056.35,4070.67,4062.82,7.849999999999909,123.9900000000002,0.06331155738365914,True,2026-06-24 07:13:00,0.13,0.0,0.041666666666666664,2026-06-24 08:22:00,4070.67,停損,14.320000000000164,-14.450000000000164,-1.0090782122905027,True,2026-06-24|6.75|-1
2026-06-24,6.833333333333333,380,-1,4055.66,4068.12,4062.05,6.069999999999709,123.9900000000002,0.048955560932330826,True,2026-06-24 07:20:00,0.13,0.0,0.04,2026-06-24 08:10:00,4068.12,停損,12.460000000000036,-12.590000000000037,-1.0104333868378812,True,2026-06-24|6.833|-1
2026-06-24,10.0,576,-1,4078.52,4090.83,4085.45,5.380000000000109,123.9900000000002,0.04339059601580854,True,2026-06-24 10:36:00,0.13,0.0,0.02631578947368421,2026-06-24 23:58:00,4001.02,收盤,12.309999999999945,77.37,6.285134037368022,True,2026-06-24|10.0|-1
2026-06-24,10.166666666666666,577,-1,4077.51,4089.08,4084.64,4.440000000000055,123.9900000000002,0.035809339462860294,True,2026-06-24 10:37:00,0.13,0.0,0.02631578947368421,2026-06-24 23:58:00,4001.02,收盤,11.569999999999709,76.36000000000024,6.599827139153168,True,2026-06-24|10.167|-1
2026-06-24,10.333333333333334,594,-1,4076.45,4087.06,4083.28,3.7799999999997453,123.9900000000002,0.030486329542702955,True,2026-06-24 10:54:00,0.13,0.0,0.02564102564102564,2026-06-24 11:32:00,4087.06,停損,10.610000000000127,-10.740000000000128,-1.0122525918944392,True,2026-06-24|10.333|-1
2026-06-25,3.3333333333333335,154,-1,3989.02,4005.4,3995.42,9.980000000000018,120.24300000000021,0.0829985945127783,True,2026-06-25 03:34:00,0.13,0.008316492436150114,0.6,2026-06-25 04:03:00,4005.4,停損,16.38000000000011,-16.510000000000108,-1.007936507936508,True,2026-06-25|3.333|-1
2026-06-25,3.4166666666666665,167,-1,3981.69,4002.61,3987.86,14.75,120.24300000000021,0.1226682634332142,True,2026-06-25 03:47:00,0.13,0.008316492436150114,0.5454545454545454,2026-06-25 04:03:00,4002.61,停損,20.920000000000073,-21.05000000000007,-1.0062141491395793,True,2026-06-25|3.417|-1
2026-06-25,4.333333333333333,215,-1,3983.52,4000.08,3990.48,9.599999999999909,120.24300000000021,0.07983832738704034,True,2026-06-25 04:35:00,0.13,0.008316492436150114,0.42857142857142855,2026-06-25 06:57:00,4000.08,停損,16.559999999999945,-16.689999999999944,-1.0078502415458936,True,2026-06-25|4.333|-1
2026-06-25,4.0,217,-1,3979.77,4005.91,3987.77,18.139999999999873,120.24300000000021,0.15086117279176203,True,2026-06-25 04:37:00,0.13,0.008316492436150114,0.42857142857142855,2026-06-25 15:31:00,4005.91,停損,26.139999999999873,-26.26999999999987,-1.0049732211170619,True,2026-06-25|4.0|-1
2026-06-25,4.416666666666667,239,-1,3974.9,4000.08,3982.3,17.779999999999745,120.24300000000021,0.14786723551474693,True,2026-06-25 04:59:00,0.13,0.008316492436150114,0.4,2026-06-25 06:57:00,4000.08,停損,25.179999999999836,-25.309999999999835,-1.005162827640985,True,2026-06-25|4.417|-1
2026-06-25,4.666666666666667,247,-1,3971.74,3987.37,3978.32,9.049999999999727,120.24300000000021,0.07526425654715627,True,2026-06-25 05:07:00,0.13,0.008316492436150114,0.375,2026-06-25 05:23:00,3987.37,停損,15.63000000000011,-15.76000000000011,-1.0083173384516955,True,2026-06-25|4.667|-1
2026-06-25,4.5,249,-1,3967.19,3995.85,3977.2,18.65000000000009,120.24300000000021,0.1551025839342004,True,2026-06-25 05:09:00,0.13,0.008316492436150114,0.375,2026-06-25 06:52:00,3995.85,停損,28.659999999999854,-28.789999999999853,-1.0045359385903698,True,2026-06-25|4.5|-1
2026-06-25,4.833333333333333,250,-1,3965.87,3988.65,3972.55,16.09999999999991,120.24300000000021,0.13389552822201609,True,2026-06-25 05:10:00,0.13,0.008316492436150114,0.375,2026-06-25 05:23:00,3988.65,停損,22.7800000000002,-22.9100000000002,-1.0057067603160665,True,2026-06-25|4.833|-1
2026-06-25,5.916666666666667,312,-1,3971.12,3989.32,3977.51,11.809999999999945,120.24300000000021,0.0982177756709324,True,2026-06-25 06:12:00,0.13,0.008316492436150114,0.3,2026-06-25 06:51:00,3989.32,停損,18.200000000000273,-18.330000000000272,-1.007142857142857,True,2026-06-25|5.917|-1
2026-06-25,5.75,313,-1,3969.52,3984.13,3975.74,8.390000000000327,120.24300000000021,0.06977537153930219,True,2026-06-25 06:13:00,0.13,0.008316492436150114,0.3,2026-06-25 06:48:00,3984.13,停損,14.610000000000127,-14.740000000000128,-1.0088980150581792,True,2026-06-25|5.75|-1
2026-06-25,5.583333333333333,314,-1,3967.31,3988.2,3974.72,13.480000000000018,120.24300000000021,0.1121063180393037,True,2026-06-25 06:14:00,0.13,0.008316492436150114,0.3,2026-06-25 06:51:00,3988.2,停損,20.889999999999873,-21.01999999999987,-1.006223073240785,True,2026-06-25|5.583|-1
2026-06-25,8.0,458,-1,3986.22,3999.25,3992.27,6.980000000000018,120.24300000000021,0.058049117204327955,True,2026-06-25 08:38:00,0.13,0.008316492436150114,0.2,2026-06-25 11:23:00,3999.25,停損,13.0300000000002,-13.1600000000002,-1.009976976208749,True,2026-06-25|8.0|-1
2026-06-25,8.333333333333334,461,-1,3984.59,3999.01,3990.8,8.210000000000036,120.24300000000021,0.06827840290079275,True,2026-06-25 08:41:00,0.13,0.008316492436150114,0.2,2026-06-25 11:23:00,3999.01,停損,14.420000000000073,-14.550000000000074,-1.0090152565880721,True,2026-06-25|8.333|-1
2026-06-25,8.166666666666666,464,-1,3983.06,4000.03,3989.19,10.840000000000146,120.24300000000021,0.09015077800786846,True,2026-06-25 08:44:00,0.13,0.008316492436150114,0.2,2026-06-25 11:23:00,4000.03,停損,16.970000000000255,-17.100000000000254,-1.0076605774896874,True,2026-06-25|8.167|-1
2026-06-25,8.833333333333334,500,-1,3974.77,3991.75,3982.62,9.13000000000011,120.24300000000021,0.07592957594205146,True,2026-06-25 09:20:00,0.13,0.008316492436150114,0.18181818181818182,2026-06-25 11:02:00,3991.75,停損,16.980000000000018,-17.110000000000017,-1.0076560659599527,True,2026-06-25|8.833|-1
2026-06-25,10.416666666666666,585,-1,3974.59,3989.81,3982.09,7.7199999999998,120.24300000000021,0.06420332160707723,True,2026-06-25 10:45:00,0.13,0.008316492436150114,0.15789473684210525,2026-06-25 11:01:00,3989.81,停損,15.2199999999998,-15.3499999999998,-1.0085413929040739,True,2026-06-25|10.417|-1
2026-06-26,9.583333333333334,540,1,4032.12,4026.43,4020.99,5.440000000000055,108.6780000000002,0.05005612911536875,True,2026-06-26 10:00:00,0.13,0.027604482968033958,0.5428571428571428,2026-06-26 23:57:00,4087.98,收盤,11.13000000000011,55.730000000000125,5.007187780772648,True,2026-06-26|9.583|1
2026-06-26,10.166666666666666,568,1,4037.38,4031.62,4027.02,4.599999999999909,108.6780000000002,0.0423268738843179,True,2026-06-26 10:28:00,0.13,0.027604482968033958,0.5135135135135135,2026-06-26 11:03:00,4027.02,停損,10.360000000000127,-10.490000000000128,-1.0125482625482625,True,2026-06-26|10.167|1
2026-06-26,10.083333333333334,570,1,4037.91,4032.34,4027.12,5.220000000000255,108.6780000000002,0.048031800364381434,True,2026-06-26 10:30:00,0.13,0.027604482968033958,0.5135135135135135,2026-06-26 11:03:00,4027.12,停損,10.789999999999964,-10.919999999999964,-1.0120481927710845,True,2026-06-26|10.083|1
2026-06-30,2.1666666666666665,103,-1,4013.72,4022.4,4019.33,3.0700000000001637,106.0720000000003,0.028942605023004706,True,2026-06-30 02:43:00,0.13,0.0,0.8333333333333334,2026-06-30 09:33:00,4022.4,停損,8.680000000000291,-8.810000000000292,-1.0149769585253452,True,2026-06-30|2.167|-1
2026-06-30,2.4166666666666665,123,-1,4009.26,4021.8,4015.5,6.300000000000182,106.0720000000003,0.05939361942831439,True,2026-06-30 03:03:00,0.13,0.0,0.625,2026-06-30 09:33:00,4021.8,停損,12.539999999999964,-12.669999999999964,-1.0103668261563,True,2026-06-30|2.417|-1
2026-06-30,2.8333333333333335,125,-1,4008.53,4018.1,4013.97,4.130000000000109,106.0720000000003,0.03893581718078378,True,2026-06-30 03:05:00,0.13,0.0,0.625,2026-06-30 09:32:00,4018.1,停損,9.569999999999709,-9.69999999999971,-1.0135841170323934,True,2026-06-30|2.833|-1
2026-06-30,2.5833333333333335,126,-1,4006.88,4019.61,4013.47,6.140000000000327,106.0720000000003,0.05788521004600941,True,2026-06-30 03:06:00,0.13,0.0,0.625,2026-06-30 09:33:00,4019.61,停損,12.730000000000018,-12.860000000000019,-1.0102120974076985,True,2026-06-30|2.583|-1
2026-06-30,2.9166666666666665,153,-1,4001.66,4015.8,4007.53,8.269999999999982,106.0720000000003,0.07796590994795949,True,2026-06-30 03:33:00,0.13,0.0,0.5,2026-06-30 09:32:00,4015.8,停損,14.140000000000327,-14.270000000000328,-1.009193776520509,True,2026-06-30|2.917|-1
2026-06-30,3.0,158,-1,3996.54,4015.14,4003.34,11.799999999999727,106.0720000000003,0.11124519194509101,True,2026-06-30 03:38:00,0.13,0.0,0.5,2026-06-30 09:32:00,4015.14,停損,18.59999999999991,-18.729999999999908,-1.006989247311828,True,2026-06-30|3.0|-1
2026-06-30,3.4166666666666665,163,-1,3992.28,4008.55,4000.89,7.660000000000309,106.0720000000003,0.0722150991779196,True,2026-06-30 03:43:00,0.13,0.0,0.5,2026-06-30 09:29:00,4008.55,停損,16.269999999999982,-16.39999999999998,-1.0079901659496004,True,2026-06-30|3.417|-1
2026-06-30,3.5,176,-1,3987.83,4006.76,3995.45,11.3100000000004,106.0720000000003,0.10662568821178414,True,2026-06-30 03:56:00,0.13,0.0,0.45454545454545453,2026-06-30 09:29:00,4006.76,停損,18.93000000000029,-19.06000000000029,-1.0068674062334917,True,2026-06-30|3.5|-1
2026-06-30,3.5833333333333335,177,-1,3980.19,4002.48,3991.02,11.460000000000036,106.0720000000003,0.10803982200769292,True,2026-06-30 03:57:00,0.13,0.0,0.45454545454545453,2026-06-30 09:25:00,4002.48,停損,22.289999999999964,-22.419999999999963,-1.0058322117541498,True,2026-06-30|3.583|-1
2026-06-30,3.8333333333333335,187,-1,3967.41,3994.0,3980.11,13.889999999999873,106.0720000000003,0.13094878950146913,True,2026-06-30 04:07:00,0.13,0.0,0.4166666666666667,2026-06-30 07:34:00,3994.0,停損,26.590000000000146,-26.720000000000145,-1.0048890560361037,True,2026-06-30|3.833|-1
2026-06-30,4.5,228,-1,3964.26,3979.51,3970.23,9.2800000000002,106.0720000000003,0.0874877441737704,True,2026-06-30 04:48:00,0.13,0.0,0.3333333333333333,2026-06-30 07:27:00,3979.51,停損,15.25,-15.38,-1.0085245901639346,True,2026-06-30|4.5|-1
2026-06-30,4.416666666666667,230,-1,3962.49,3980.78,3968.34,12.440000000000055,106.0720000000003,0.11727882947431952,True,2026-06-30 04:50:00,0.13,0.0,0.3333333333333333,2026-06-30 07:30:00,3980.78,停損,18.29000000000042,-18.420000000000417,-1.0071077091306724,True,2026-06-30|4.417|-1
2026-06-30,4.583333333333333,250,-1,3959.29,3977.43,3966.42,11.009999999999764,106.0720000000003,0.10379742061995373,True,2026-06-30 05:10:00,0.13,0.0,0.3125,2026-06-30 07:22:00,3977.43,停損,18.139999999999873,-18.26999999999987,-1.0071664829106945,True,2026-06-30|4.583|-1
2026-06-30,4.666666666666667,252,-1,3954.96,3973.53,3961.51,12.019999999999982,106.0720000000003,0.11331925484576465,True,2026-06-30 05:12:00,0.13,0.0,0.3125,2026-06-30 07:02:00,3973.53,停損,18.570000000000164,-18.700000000000163,-1.0070005385029617,True,2026-06-30|4.667|-1
2026-06-30,7.916666666666667,451,-1,3977.39,3988.82,3984.17,4.650000000000091,106.0720000000003,0.04383814767327926,True,2026-06-30 08:31:00,0.13,0.0,0.16666666666666666,2026-06-30 09:07:00,3988.82,停損,11.430000000000291,-11.560000000000292,-1.011373578302712,True,2026-06-30|7.917|-1
2026-07-01,6.166666666666667,333,-1,3977.64,3986.97,3983.31,3.6599999999998545,113.2380000000002,0.032321305568800654,True,2026-07-01 06:33:00,0.13,0.0,0.18181818181818182,2026-07-01 13:03:00,3986.97,停損,9.329999999999927,-9.459999999999928,-1.0139335476956057,True,2026-07-01|6.167|-1
2026-07-01,7.833333333333333,433,-1,3970.46,3982.8,3976.63,6.170000000000073,113.2380000000002,0.054487009661068384,True,2026-07-01 08:13:00,0.13,0.0,0.14285714285714285,2026-07-01 11:20:00,3982.8,停損,12.340000000000146,-12.470000000000146,-1.0105348460291734,True,2026-07-01|7.833|-1
2026-07-01,8.75,488,-1,3966.98,3977.4,3973.62,3.7800000000002,113.2380000000002,0.033381020505485734,True,2026-07-01 09:08:00,0.13,0.0,0.125,2026-07-01 10:58:00,3977.4,停損,10.420000000000073,-10.550000000000074,-1.0124760076775432,True,2026-07-01|8.75|-1
2026-07-01,8.583333333333334,489,-1,3966.05,3978.11,3971.89,6.220000000000255,113.2380000000002,0.054928557551354174,True,2026-07-01 09:09:00,0.13,0.0,0.125,2026-07-01 10:58:00,3978.11,停損,12.059999999999945,-12.189999999999946,-1.0107794361525706,True,2026-07-01|8.583|-1
2026-07-01,9.75,548,-1,3961.77,3973.6,3969.12,4.480000000000018,113.2380000000002,0.03956269096946264,True,2026-07-01 10:08:00,0.13,0.0,0.1111111111111111,2026-07-01 10:51:00,3973.6,停損,11.829999999999927,-11.959999999999928,-1.0109890109890112,True,2026-07-01|9.75|-1
2026-07-01,9.666666666666666,554,-1,3961.05,3973.56,3967.23,6.329999999999927,113.2380000000002,0.055899962909976474,True,2026-07-01 10:14:00,0.13,0.0,0.1111111111111111,2026-07-01 10:51:00,3973.56,停損,12.509999999999764,-12.639999999999764,-1.0103916866506797,True,2026-07-01|9.667|-1
2026-07-02,10.25,583,1,4074.61,4068.51,4061.51,7.0,112.46300000000019,0.062242693152414465,True,2026-07-02 10:43:00,0.13,0.02667543992246334,0.21052631578947367,2026-07-02 11:01:00,4061.51,停損,13.099999999999909,-13.22999999999991,-1.0099236641221376,True,2026-07-02|10.25|1
2026-07-02,10.916666666666666,611,1,4072.79,4066.92,4061.34,5.579999999999927,112.46300000000019,0.04961631825578117,True,2026-07-02 11:11:00,0.13,0.02667543992246334,0.2,2026-07-02 14:03:00,4061.34,停損,11.449999999999818,-11.579999999999819,-1.0113537117903932,True,2026-07-02|10.917|1
2026-07-02,10.833333333333334,623,1,4077.28,4070.52,4063.65,6.869999999999891,112.46300000000019,0.06108675742244008,True,2026-07-02 11:23:00,0.13,0.02667543992246334,0.1951219512195122,2026-07-02 13:04:00,4063.65,停損,13.63000000000011,-13.76000000000011,-1.0095377842993396,True,2026-07-02|10.833|1
2026-07-03,2.5833333333333335,134,1,4134.64,4127.74,4121.2,6.539999999999964,110.96200000000022,0.05893909626719013,True,2026-07-03 03:14:00,0.13,0.009012094230457256,0.75,2026-07-03 20:00:00,4174.94,收盤,13.44000000000051,40.16999999999927,2.988839285714118,True,2026-07-03|2.583|1
2026-07-03,2.75,141,1,4136.62,4130.86,4124.5,6.359999999999673,110.96200000000022,0.0573169193057052,True,2026-07-03 03:21:00,0.13,0.009012094230457256,0.6666666666666666,2026-07-03 20:00:00,4174.94,收盤,12.11999999999989,38.189999999999706,3.1509900990099053,True,2026-07-03|2.75|1
2026-07-03,2.8333333333333335,142,1,4137.3,4131.67,4124.5,7.170000000000073,110.96200000000022,0.06461671563237918,True,2026-07-03 03:22:00,0.13,0.009012094230457256,0.6666666666666666,2026-07-03 20:00:00,4174.94,收盤,12.800000000000182,37.509999999999415,2.9304687499999127,True,2026-07-03|2.833|1
2026-07-03,2.9166666666666665,144,1,4140.16,4132.74,4122.98,9.760000000000218,110.96200000000022,0.08795803968926479,True,2026-07-03 03:24:00,0.13,0.009012094230457256,0.6666666666666666,2026-07-03 20:00:00,4174.94,收盤,17.18000000000029,34.64999999999974,2.016880093131499,True,2026-07-03|2.917|1
2026-07-03,3.25,172,1,4147.49,4140.89,4131.81,9.079999999999927,110.96200000000022,0.08182981561255123,True,2026-07-03 03:52:00,0.13,0.009012094230457256,0.5454545454545454,2026-07-03 20:00:00,4174.94,收盤,15.679999999999382,27.31999999999982,1.7423469387755675,True,2026-07-03|3.25|1
2026-07-03,3.75,184,1,4159.68,4148.62,4135.47,13.149999999999636,110.96200000000022,0.11850903913050964,True,2026-07-03 04:04:00,0.13,0.009012094230457256,0.5,2026-07-03 20:00:00,4174.94,收盤,24.210000000000036,15.129999999999308,0.6249483684427627,True,2026-07-03|3.75|1
2026-07-03,3.9166666666666665,189,1,4170.29,4161.66,4146.69,14.970000000000255,110.96200000000022,0.13491105062994743,True,2026-07-03 04:09:00,0.13,0.009012094230457256,0.5,2026-07-03 20:00:00,4174.94,收盤,23.600000000000364,4.519999999999636,0.1915254237287952,True,2026-07-03|3.917|1
2026-07-03,4.0,201,1,4185.92,4176.04,4146.69,29.350000000000364,110.96200000000022,0.26450496566392373,True,2026-07-03 04:21:00,0.13,0.009012094230457256,0.46153846153846156,2026-07-03 20:00:00,4174.94,收盤,39.23000000000047,-11.110000000000474,-0.283201631404546,True,2026-07-03|4.0|1
2026-07-03,4.166666666666667,202,1,4187.33,4181.46,4167.62,13.840000000000146,110.96200000000022,0.12472738414952973,True,2026-07-03 04:22:00,0.13,0.009012094230457256,0.46153846153846156,2026-07-03 09:03:00,4167.62,停損,19.710000000000036,-19.840000000000035,-1.006595636732623,True,2026-07-03|4.167|1
2026-07-03,5.333333333333333,280,1,4186.21,4180.59,4176.52,4.069999999999709,110.96200000000022,0.03667922351795841,True,2026-07-03 05:40:00,0.13,0.009012094230457256,0.3333333333333333,2026-07-03 06:51:00,4176.52,停損,9.6899999999996,-9.8199999999996,-1.0134158926728591,True,2026-07-03|5.333|1
2026-07-03,9.25,517,1,4172.77,4167.21,4160.49,6.720000000000255,110.96200000000022,0.06056127322867506,True,2026-07-03 09:37:00,0.13,0.009012094230457256,0.17647058823529413,2026-07-03 17:09:00,4160.49,停損,12.280000000000655,-12.410000000000656,-1.0105863192182405,True,2026-07-03|9.25|1
2026-07-03,9.5,550,1,4180.42,4173.68,4164.47,9.210000000000036,110.96200000000022,0.08300138786251166,True,2026-07-03 10:10:00,0.13,0.009012094230457256,0.16666666666666666,2026-07-03 16:49:00,4164.47,停損,15.949999999999818,-16.079999999999817,-1.0081504702194357,True,2026-07-03|9.5|1
2026-07-03,10.25,589,1,4180.48,4174.72,4169.25,5.470000000000255,110.96200000000022,0.049296155440603485,True,2026-07-03 10:49:00,0.13,0.009012094230457256,0.15384615384615385,2026-07-03 12:34:00,4169.25,停損,11.229999999999563,-11.359999999999564,-1.011576135351737,True,2026-07-03|10.25|1
2026-07-03,10.416666666666666,603,1,4184.5,4178.42,4172.74,5.680000000000291,110.96200000000022,0.05118869522899984,True,2026-07-03 11:03:00,0.13,0.009012094230457256,0.15,2026-07-03 12:27:00,4172.74,停損,11.760000000000218,-11.890000000000219,-1.0110544217687074,True,2026-07-03|10.417|1
2026-07-03,10.5,606,1,4185.38,4179.48,4173.87,5.609999999999673,110.96200000000022,0.05055784863286226,True,2026-07-03 11:06:00,0.13,0.009012094230457256,0.15,2026-07-03 12:24:00,4173.87,停損,11.510000000000218,-11.640000000000219,-1.0112945264986966,True,2026-07-03|10.5|1
2026-07-06,2.0,89,1,4200.91,4191.49,4188.22,3.269999999999527,109.23800000000014,0.029934638129584235,True,2026-07-06 02:29:00,0.13,0.03661729434812057,0.0,2026-07-06 02:47:00,4188.22,停損,12.6899999999996,-12.8199999999996,-1.0102442868400319,True,2026-07-06|2.0|1
2026-07-06,7.583333333333333,434,-1,4152.18,4160.98,4157.81,3.1699999999991633,109.23800000000014,0.029019205770877892,False,2026-07-06 08:14:00,0.13,0.009154323587030142,0.5357142857142857,2026-07-06 10:42:00,4160.98,停損,8.799999999999272,-8.929999999999273,-1.0147727272727285,True,2026-07-06|7.583|-1
2026-07-06,8.583333333333334,482,-1,4147.61,4160.46,4153.4,7.0600000000004,109.23800000000014,0.06462952452443647,False,2026-07-06 09:02:00,0.13,0.009154323587030142,0.46875,2026-07-06 10:42:00,4160.46,停損,12.850000000000364,-12.980000000000365,-1.0101167315175095,True,2026-07-06|8.583|-1
2026-07-06,8.666666666666666,484,-1,4147.06,4158.02,4152.69,5.330000000000837,109.23800000000014,0.04879254471887832,False,2026-07-06 09:04:00,0.13,0.009154323587030142,0.46875,2026-07-06 09:31:00,4158.02,停損,10.960000000000036,-11.090000000000037,-1.0118613138686132,True,2026-07-06|8.667|-1
2026-07-06,9.5,538,-1,4149.19,4159.56,4154.94,4.6200000000008,109.23800000000014,0.04229297497208658,False,2026-07-06 09:58:00,0.13,0.009154323587030142,0.42857142857142855,2026-07-06 10:41:00,4159.56,停損,10.3700000000008,-10.500000000000801,-1.0125361620057851,True,2026-07-06|9.5|-1
2026-07-06,9.583333333333334,554,-1,4147.55,4159.56,4153.28,6.280000000000655,109.23800000000014,0.05748915212655529,False,2026-07-06 10:14:00,0.13,0.009154323587030142,0.4166666666666667,2026-07-06 10:41:00,4159.56,停損,12.010000000000218,-12.140000000000219,-1.0108243130724395,True,2026-07-06|9.583|-1
2026-07-07,7.416666666666667,422,-1,4123.21,4134.54,4129.51,5.029999999999745,108.22900000000004,0.04647552873998414,True,2026-07-07 08:02:00,0.13,0.00923966774154801,0.07142857142857142,2026-07-07 11:12:00,4134.54,停損,11.329999999999927,-11.459999999999928,-1.0114739629302738,True,2026-07-07|7.417|-1
2026-07-07,7.75,436,-1,4121.86,4131.28,4127.66,3.619999999999891,108.22900000000004,0.03344759722440279,True,2026-07-07 08:16:00,0.13,0.00923966774154801,0.06896551724137931,2026-07-07 09:41:00,4131.28,停損,9.420000000000073,-9.550000000000074,-1.01380042462845,True,2026-07-07|7.75|-1
2026-07-08,4.166666666666667,215,-1,4098.11,4111.81,4103.58,8.230000000000473,106.296,0.07742530292767812,True,2026-07-08 04:35:00,0.13,0.009407691728757432,0.7142857142857143,2026-07-08 04:47:00,4111.81,停損,13.700000000000728,-13.830000000000728,-1.00948905109489,True,2026-07-08|4.167|-1
2026-07-13,3.0833333333333335,147,-1,4076.79,4091.15,4083.7,7.450000000000273,97.08599999999979,0.07673608965247604,True,2026-07-13 03:27:00,0.13,0.12360175514492333,0.0,2026-07-13 23:58:00,4002.0,收盤,14.360000000000127,74.65999999999997,5.199164345403851,True,2026-07-13|3.083|-1
2026-07-13,2.9166666666666665,150,-1,4074.71,4086.41,4079.68,6.730000000000018,97.08599999999979,0.06931998434377802,True,2026-07-13 03:30:00,0.13,0.12360175514492333,0.0,2026-07-13 04:33:00,4086.41,停損,11.699999999999818,-11.829999999999819,-1.0111111111111113,True,2026-07-13|2.917|-1
2026-07-13,3.3333333333333335,155,-1,4062.34,4083.44,4074.4,9.039999999999964,97.08599999999979,0.0931133222091752,True,2026-07-13 03:35:00,0.13,0.12360175514492333,0.0,2026-07-13 04:32:00,4083.44,停損,21.09999999999991,-21.229999999999908,-1.0061611374407582,True,2026-07-13|3.333|-1
2026-07-13,4.583333333333333,235,-1,4074.22,4088.72,4082.32,6.399999999999636,97.08599999999979,0.0659209360772887,True,2026-07-13 04:55:00,0.13,0.12360175514492333,0.0,2026-07-13 23:58:00,4002.0,收盤,14.5,72.0899999999998,4.971724137931021,True,2026-07-13|4.583|-1
2026-07-13,4.5,236,-1,4070.41,4089.77,4077.72,12.050000000000182,97.08599999999979,0.12411676245802905,True,2026-07-13 04:56:00,0.13,0.12360175514492333,0.0,2026-07-13 23:58:00,4002.0,收盤,19.360000000000127,68.27999999999986,3.526859504132201,True,2026-07-13|4.5|-1
2026-07-13,5.583333333333333,302,-1,4066.44,4077.52,4071.35,6.170000000000073,97.08599999999979,0.0635519024370155,True,2026-07-13 06:02:00,0.13,0.12360175514492333,0.0,2026-07-13 11:16:00,4077.52,停損,11.079999999999927,-11.209999999999928,-1.0117328519855597,True,2026-07-13|5.583|-1
2026-07-13,5.666666666666667,306,-1,4063.53,4075.54,4068.44,7.099999999999909,97.08599999999979,0.07313103846074537,True,2026-07-13 06:06:00,0.13,0.12360175514492333,0.0,2026-07-13 11:16:00,4075.54,停損,12.009999999999764,-12.139999999999764,-1.01082431307244,True,2026-07-13|5.667|-1
2026-07-13,5.916666666666667,312,-1,4055.17,4071.87,4063.82,8.049999999999727,97.08599999999979,0.08291617740971659,True,2026-07-13 06:12:00,0.13,0.12360175514492333,0.0,2026-07-13 08:11:00,4071.87,停損,16.699999999999818,-16.829999999999817,-1.0077844311377246,True,2026-07-13|5.917|-1
2026-07-13,6.666666666666667,376,-1,4051.35,4060.82,4057.5,3.3200000000001637,97.08599999999979,0.03419648559009714,True,2026-07-13 07:16:00,0.13,0.12360175514492333,0.0,2026-07-13 08:06:00,4060.82,停損,9.470000000000255,-9.600000000000255,-1.0137275607180567,True,2026-07-13|6.667|-1
2026-07-13,8.166666666666666,450,-1,4058.2,4073.13,4063.96,9.170000000000073,97.08599999999979,0.09445234122324633,True,2026-07-13 08:30:00,0.13,0.12360175514492333,0.0,2026-07-13 11:12:00,4073.13,停損,14.930000000000291,-15.060000000000292,-1.0087073007367715,True,2026-07-13|8.167|-1
2026-07-13,8.583333333333334,478,-1,4055.3,4065.7,4060.19,5.5099999999997635,97.08599999999979,0.05675380590404153,True,2026-07-13 08:58:00,0.13,0.12360175514492333,0.0,2026-07-13 11:01:00,4065.7,停損,10.399999999999636,-10.529999999999637,-1.0125000000000006,True,2026-07-13|8.583|-1
2026-07-13,8.666666666666666,480,-1,4053.77,4065.37,4058.83,6.539999999999964,97.08599999999979,0.06736295655398285,True,2026-07-13 09:00:00,0.13,0.12360175514492333,0.0,2026-07-13 11:01:00,4065.37,停損,11.599999999999909,-11.72999999999991,-1.0112068965517242,True,2026-07-13|8.667|-1
2026-07-13,8.75,482,-1,4052.79,4064.28,4057.7,6.580000000000382,97.08599999999979,0.06777496240447023,True,2026-07-13 09:02:00,0.13,0.12360175514492333,0.0,2026-07-13 10:59:00,4064.28,停損,11.490000000000236,-11.620000000000237,-1.011314186248912,True,2026-07-13|8.75|-1
2026-07-13,8.5,487,-1,4044.35,4065.7,4052.27,13.429999999999836,97.08599999999979,0.1383309642996917,True,2026-07-13 09:07:00,0.13,0.12360175514492333,0.0,2026-07-13 11:01:00,4065.7,停損,21.34999999999991,-21.479999999999908,-1.006088992974239,True,2026-07-13|8.5|-1
2026-07-13,9.583333333333334,534,-1,4053.8,4063.59,4059.13,4.460000000000036,97.08599999999979,0.045938652328863544,True,2026-07-13 09:54:00,0.13,0.12360175514492333,0.0,2026-07-13 10:59:00,4063.59,停損,9.789999999999964,-9.919999999999964,-1.0132788559754853,True,2026-07-13|9.583|-1
2026-07-13,9.5,538,-1,4052.56,4063.59,4058.63,4.960000000000036,97.08599999999979,0.05108872545990202,True,2026-07-13 09:58:00,0.13,0.12360175514492333,0.0,2026-07-13 10:59:00,4063.59,停損,11.0300000000002,-11.1600000000002,-1.011786038077969,True,2026-07-13|9.5|-1
2026-07-13,9.416666666666666,542,-1,4049.81,4062.37,4055.19,7.179999999999836,97.08599999999979,0.07395505016171078,True,2026-07-13 10:02:00,0.13,0.12360175514492333,0.0,2026-07-13 10:36:00,4062.37,停損,12.559999999999945,-12.689999999999946,-1.0103503184713376,True,2026-07-13|9.417|-1
2026-07-14,2.0,94,-1,3994.38,4003.12,4000.38,2.7399999999997817,101.64799999999983,0.02695576892806338,True,2026-07-14 02:34:00,0.13,0.009837871871556762,0.0,2026-07-14 03:01:00,4003.12,停損,8.739999999999782,-8.869999999999783,-1.0148741418764307,True,2026-07-14|2.0|-1
2026-07-14,2.8333333333333335,128,-1,3990.38,4002.01,3995.52,6.4900000000002365,101.64799999999983,0.0638477884464057,True,2026-07-14 03:08:00,0.13,0.009837871871556762,0.0,2026-07-14 03:34:00,4002.01,停損,11.63000000000011,-11.76000000000011,-1.0111779879621667,True,2026-07-14|2.833|-1
2026-07-14,2.9166666666666665,140,-1,3987.86,4004.73,3993.11,11.61999999999989,101.64799999999983,0.1143160711474885,True,2026-07-14 03:20:00,0.13,0.009837871871556762,0.0,2026-07-14 03:35:00,4004.73,停損,16.86999999999989,-16.99999999999989,-1.007705986959099,True,2026-07-14|2.917|-1
2026-07-14,2.75,141,-1,3987.47,4000.68,3992.74,7.940000000000055,101.64799999999983,0.07811270266016122,True,2026-07-14 03:21:00,0.13,0.009837871871556762,0.0,2026-07-14 03:34:00,4000.68,停損,13.210000000000036,-13.340000000000037,-1.0098410295230886,True,2026-07-14|2.75|-1
2026-07-14,3.75,182,-1,3994.59,4007.26,4000.73,6.5300000000002,101.64799999999983,0.06424130332126762,True,2026-07-14 04:02:00,0.13,0.0,0.9166666666666666,2026-07-14 04:58:00,4007.26,停損,12.670000000000073,-12.800000000000074,-1.01026045777427,True,2026-07-14|3.75|-1
2026-07-14,3.5833333333333335,183,-1,3993.41,4007.24,3999.23,8.009999999999764,101.64799999999983,0.07880135369116734,True,2026-07-14 04:03:00,0.13,0.0,0.9166666666666666,2026-07-14 04:58:00,4007.24,停損,13.829999999999927,-13.959999999999928,-1.0093998553868404,True,2026-07-14|3.583|-1
2026-07-14,8.833333333333334,510,-1,4023.11,4032.48,4029.18,3.300000000000182,101.64799999999983,0.0324649771761391,True,2026-07-14 09:30:00,0.13,0.009837871871556762,0.9090909090909091,2026-07-14 15:03:00,4032.48,停損,9.36999999999989,-9.499999999999892,-1.0138740661686234,True,2026-07-14|8.833|-1
2026-07-14,9.166666666666666,519,-1,4023.05,4033.2,4028.19,5.0099999999997635,101.64799999999983,0.04928773807649705,True,2026-07-14 09:39:00,0.13,0.009837871871556762,0.8823529411764706,2026-07-14 15:03:00,4033.2,停損,10.149999999999636,-10.279999999999637,-1.0128078817733996,True,2026-07-14|9.167|-1
2026-07-14,10.333333333333334,599,-1,4020.36,4029.84,4026.05,3.7899999999999636,101.64799999999983,0.03728553439319977,True,2026-07-14 10:59:00,0.13,0.009837871871556762,0.7692307692307693,2026-07-14 14:36:00,4029.84,停損,9.480000000000018,-9.610000000000019,-1.0137130801687764,True,2026-07-14|10.333|-1
2026-07-14,10.5,609,-1,4017.7,4029.61,4022.97,6.640000000000327,101.64799999999983,0.06532346922714012,True,2026-07-14 11:09:00,0.13,0.009837871871556762,0.75,2026-07-14 14:36:00,4029.61,停損,11.91000000000031,-12.04000000000031,-1.010915197313182,True,2026-07-14|10.5|-1
2026-07-14,10.666666666666666,610,-1,4016.0,4026.62,4022.25,4.369999999999891,101.64799999999983,0.04299150007870198,True,2026-07-14 11:10:00,0.13,0.009837871871556762,0.75,2026-07-14 14:25:00,4026.62,停損,10.61999999999989,-10.749999999999892,-1.0122410546139362,True,2026-07-14|10.667|-1
2026-07-17,5.0,277,-1,3975.08,3987.34,3980.13,7.210000000000036,90.80499999999975,0.07940091404658396,True,2026-07-17 05:37:00,0.13,0.011012609437806319,0.7222222222222222,2026-07-17 06:05:00,3987.34,停損,12.260000000000218,-12.390000000000219,-1.0106035889070146,True,2026-07-17|5.0|-1
2026-07-17,7.083333333333333,401,-1,3982.04,3990.49,3987.34,3.149999999999636,90.80499999999975,0.0346897197290859,True,2026-07-17 07:41:00,0.13,0.07708826606464422,0.8076923076923077,2026-07-17 08:53:00,3990.49,停損,8.449999999999818,-8.579999999999819,-1.0153846153846158,True,2026-07-17|7.083|-1
2026-07-17,7.25,402,-1,3980.64,3990.28,3985.99,4.290000000000418,90.80499999999975,0.047244094488193715,True,2026-07-17 07:42:00,0.13,0.07708826606464422,0.8076923076923077,2026-07-17 08:42:00,3990.28,停損,9.640000000000327,-9.770000000000328,-1.013485477178423,True,2026-07-17|7.25|-1
2026-07-20,10.666666666666666,617,1,4027.45,4021.84,4016.08,5.760000000000218,89.78699999999976,0.06415182598817461,True,2026-07-20 11:17:00,0.13,0.07796228852729258,0.1951219512195122,2026-07-20 12:07:00,4016.08,停損,11.36999999999989,-11.499999999999892,-1.0114335971855763,True,2026-07-20|10.667|1
2026-07-21,5.75,303,1,4041.36,4036.33,4031.05,5.279999999999745,88.15399999999981,0.05989518342899649,True,2026-07-21 06:03:00,0.13,0.011343784740340791,0.15,2026-07-21 23:58:00,4077.82,收盤,10.309999999999945,36.330000000000034,3.5237633365664625,True,2026-07-21|5.75|1
2026-07-21,5.833333333333333,327,1,4047.66,4038.36,4031.05,7.309999999999945,88.15399999999981,0.08292306645189057,True,2026-07-21 06:27:00,0.13,0.011343784740340791,0.14285714285714285,2026-07-21 23:58:00,4077.82,收盤,16.609999999999673,30.03000000000031,1.807947019867604,True,2026-07-21|5.833|1
2026-07-21,6.583333333333333,366,1,4049.82,4045.25,4041.85,3.400000000000091,88.15399999999981,0.038568868117159726,True,2026-07-21 07:06:00,0.13,0.011343784740340791,0.125,2026-07-21 23:58:00,4077.82,收盤,7.970000000000255,27.87,3.4968632371391606,True,2026-07-21|6.583|1
2026-07-21,7.833333333333333,446,1,4054.86,4049.75,4045.53,4.2199999999998,88.15399999999981,0.04787077160423587,True,2026-07-21 08:26:00,0.13,0.011343784740340791,0.10344827586206896,2026-07-21 16:45:00,4045.53,停損,9.329999999999927,-9.459999999999928,-1.0139335476956057,True,2026-07-21|7.833|1
2026-07-21,8.083333333333334,451,1,4057.36,4051.8,4046.46,5.3400000000001455,88.15399999999981,0.06057581051342148,True,2026-07-21 08:31:00,0.13,0.011343784740340791,0.1,2026-07-21 16:44:00,4046.46,停損,10.900000000000091,-11.030000000000092,-1.011926605504587,True,2026-07-21|8.083|1
2026-07-21,8.166666666666666,454,1,4058.55,4053.55,4048.34,5.210000000000036,88.15399999999981,0.05910111849717593,True,2026-07-21 08:34:00,0.13,0.011343784740340791,0.1,2026-07-21 16:32:00,4048.34,停損,10.210000000000036,-10.340000000000037,-1.0127326150832519,True,2026-07-21|8.167|1
2026-07-21,8.333333333333334,457,1,4061.41,4056.47,4048.14,8.329999999999927,88.15399999999981,0.09449372688703797,True,2026-07-21 08:37:00,0.13,0.011343784740340791,0.1,2026-07-21 16:32:00,4048.14,停損,13.269999999999982,-13.399999999999983,-1.009796533534288,True,2026-07-21|8.333|1
2026-07-21,8.416666666666666,464,1,4065.5,4060.58,4051.03,9.549999999999727,88.15399999999981,0.10833314427025147,True,2026-07-21 08:44:00,0.13,0.011343784740340791,0.1,2026-07-21 16:29:00,4051.03,停損,14.4699999999998,-14.5999999999998,-1.0089841050449206,True,2026-07-21|8.417|1
2026-07-21,8.5,467,1,4067.6,4061.81,4054.57,7.239999999999782,88.15399999999981,0.08212900152006486,True,2026-07-21 08:47:00,0.13,0.011343784740340791,0.0967741935483871,2026-07-21 14:46:00,4054.57,停損,13.029999999999745,-13.159999999999746,-1.0099769762087494,True,2026-07-21|8.5|1
2026-07-21,8.583333333333334,495,1,4071.42,4066.56,4058.94,7.619999999999891,88.15399999999981,0.0864396397213956,True,2026-07-21 09:15:00,0.13,0.011343784740340791,0.09375,2026-07-21 14:05:00,4058.94,停損,12.480000000000018,-12.610000000000019,-1.0104166666666667,True,2026-07-21|8.583|1
2026-07-21,8.75,503,1,4072.51,4067.96,4062.31,5.650000000000091,88.15399999999981,0.0640923837829265,True,2026-07-21 09:23:00,0.13,0.011343784740340791,0.09090909090909091,2026-07-21 11:35:00,4062.31,停損,10.200000000000273,-10.330000000000274,-1.0127450980392154,True,2026-07-21|8.75|1
2026-07-21,9.083333333333334,522,1,4078.88,4072.49,4064.05,8.4399999999996,88.15399999999981,0.09574154320847174,True,2026-07-21 09:42:00,0.13,0.011343784740340791,0.08823529411764706,2026-07-21 11:24:00,4064.05,停損,14.829999999999927,-14.959999999999928,-1.0087660148347943,True,2026-07-21|9.083|1
2026-07-21,9.416666666666666,527,1,4079.21,4074.68,4071.17,3.5099999999997635,88.15399999999981,0.03981668443859349,True,2026-07-21 09:47:00,0.13,0.011343784740340791,0.08571428571428572,2026-07-21 10:16:00,4071.17,停損,8.039999999999964,-8.169999999999964,-1.0161691542288558,True,2026-07-21|9.417|1
2026-07-21,9.5,529,1,4081.95,4076.03,4071.95,4.080000000000382,88.15399999999981,0.046282641740594765,True,2026-07-21 09:49:00,0.13,0.011343784740340791,0.08571428571428572,2026-07-21 10:13:00,4071.95,停損,10.0,-10.13,-1.0130000000000001,True,2026-07-21|9.5|1
2026-07-22,3.4166666666666665,181,1,4107.83,4102.38,4090.45,11.930000000000291,88.06099999999984,0.13547427351495342,True,2026-07-22 04:01:00,0.13,0.011355764753977378,0.6666666666666666,2026-07-22 23:58:00,4129.94,收盤,17.38000000000011,21.979999999999674,1.2646720368239088,True,2026-07-22|3.417|1
2026-07-22,3.9166666666666665,195,1,4121.37,4113.72,4093.17,20.550000000000182,88.06099999999984,0.23336096569423717,True,2026-07-22 04:15:00,0.13,0.011355764753977378,0.6666666666666666,2026-07-22 23:58:00,4129.94,收盤,28.199999999999818,8.439999999999708,0.2992907801418356,True,2026-07-22|3.917|1
2026-07-22,4.333333333333333,223,1,4121.69,4116.72,4111.8,4.920000000000073,88.06099999999984,0.055870362589569525,True,2026-07-22 04:43:00,0.13,0.011355764753977378,0.5714285714285714,2026-07-22 10:42:00,4111.8,停損,9.889999999999418,-10.019999999999419,-1.0131445904954508,True,2026-07-22|4.333|1
2026-07-22,4.916666666666667,273,1,4129.13,4122.95,4117.39,5.559999999999491,88.06099999999984,0.06313805203210844,True,2026-07-22 05:33:00,0.13,0.011355764753977378,0.4444444444444444,2026-07-22 09:27:00,4117.39,停損,11.739999999999782,-11.869999999999783,-1.0110732538330496,True,2026-07-22|4.917|1
2026-07-22,5.166666666666667,275,1,4130.17,4125.14,4119.98,5.160000000000764,88.06099999999984,0.058595746130531944,True,2026-07-22 05:35:00,0.13,0.011355764753977378,0.4444444444444444,2026-07-22 09:27:00,4119.98,停損,10.19000000000051,-10.32000000000051,-1.0127576054955834,True,2026-07-22|5.167|1
2026-07-22,5.333333333333333,300,1,4130.48,4126.02,4120.35,5.670000000000073,88.06099999999984,0.06438718615505255,True,2026-07-22 06:00:00,0.13,0.011355764753977378,0.42105263157894735,2026-07-22 09:27:00,4120.35,停損,10.1299999999992,-10.2599999999992,-1.0128331688055292,True,2026-07-22|5.333|1
2026-07-22,5.5,307,1,4137.18,4130.44,4122.22,8.219999999999345,88.06099999999984,0.09334438627768661,True,2026-07-22 06:07:00,0.13,0.011355764753977378,0.4,2026-07-22 09:26:00,4122.22,停損,14.960000000000036,-15.090000000000037,-1.0086898395721926,True,2026-07-22|5.5|1
2026-07-22,5.916666666666667,308,1,4140.14,4133.51,4126.78,6.730000000000473,88.06099999999984,0.07642429679427312,True,2026-07-22 06:08:00,0.13,0.011355764753977378,0.4,2026-07-22 07:05:00,4126.78,停損,13.360000000000582,-13.490000000000583,-1.0097305389221554,True,2026-07-22|5.917|1
2026-07-22,8.333333333333334,458,1,4131.6,4126.37,4123.22,3.149999999999636,88.06099999999984,0.035770658975024607,True,2026-07-22 08:38:00,0.13,0.011355764753977378,0.26666666666666666,2026-07-22 09:26:00,4123.22,停損,8.38000000000011,-8.51000000000011,-1.0155131264916466,True,2026-07-22|8.333|1
2026-07-22,8.416666666666666,481,1,4133.94,4128.85,4123.14,5.710000000000036,88.06099999999984,0.06484141674521124,True,2026-07-22 09:01:00,0.13,0.011355764753977378,0.25,2026-07-22 09:26:00,4123.14,停損,10.799999999999272,-10.929999999999273,-1.012037037037038,True,2026-07-22|8.417|1
2026-07-22,10.083333333333334,562,1,4121.05,4116.48,4112.48,4.0,88.06099999999984,0.04542305901590951,True,2026-07-22 10:22:00,0.13,0.011355764753977378,0.21621621621621623,2026-07-22 10:42:00,4112.48,停損,8.570000000000618,-8.70000000000062,-1.01516919486581,True,2026-07-22|10.083|1
2026-07-24,8.083333333333334,439,-1,4022.95,4032.22,4027.45,4.769999999999982,87.48099999999985,0.05452612567300316,True,2026-07-24 08:19:00,0.13,0.0,0.3793103448275862,2026-07-24 09:20:00,4032.22,停損,9.269999999999982,-9.399999999999983,-1.0140237324703345,True,2026-07-24|8.083|-1
2026-07-27,2.25,106,1,4091.67,4086.34,4083.69,2.650000000000091,87.37199999999989,0.030330082864076527,True,2026-07-27 02:46:00,0.13,0.0,0.7142857142857143,2026-07-27 15:20:00,4083.69,停損,7.980000000000018,-8.110000000000019,-1.0162907268170427,True,2026-07-27|2.25|1
2026-07-27,2.1666666666666665,107,1,4092.19,4087.67,4084.38,3.2899999999999636,87.37199999999989,0.03765508400860651,True,2026-07-27 02:47:00,0.13,0.0,0.7142857142857143,2026-07-27 15:20:00,4084.38,停損,7.809999999999945,-7.939999999999945,-1.0166453265044815,True,2026-07-27|2.167|1
2026-07-27,2.5833333333333335,110,1,4094.57,4089.26,4086.15,3.1100000000001273,87.37199999999989,0.03559492743670892,True,2026-07-27 02:50:00,0.13,0.0,0.7142857142857143,2026-07-27 06:30:00,4086.15,停損,8.420000000000073,-8.550000000000074,-1.015439429928741,True,2026-07-27|2.583|1
2026-07-27,2.6666666666666665,121,1,4101.34,4094.69,4086.32,8.36999999999989,87.37199999999989,0.09579728059332397,True,2026-07-27 03:01:00,0.13,0.0,0.625,2026-07-27 06:27:00,4086.32,停損,15.019999999999982,-15.149999999999983,-1.0086551264980028,True,2026-07-27|2.667|1
2026-07-27,2.9166666666666665,131,1,4109.65,4104.94,4092.67,12.269999999999527,87.37199999999989,0.14043400631780825,True,2026-07-27 03:11:00,0.13,0.0,0.625,2026-07-27 03:28:00,4092.67,停損,16.979999999999563,-17.109999999999562,-1.007656065959953,True,2026-07-27|2.917|1
2026-07-27,3.0,132,1,4113.74,4108.31,4094.07,14.240000000000236,87.37199999999989,0.16298127546582722,True,2026-07-27 03:12:00,0.13,0.0,0.625,2026-07-27 03:27:00,4094.07,停損,19.669999999999618,-19.799999999999617,-1.0066090493136757,True,2026-07-27|3.0|1
2026-07-27,3.4166666666666665,171,1,4109.18,4102.88,4090.69,12.190000000000055,87.37199999999989,0.13951838117474785,True,2026-07-27 03:51:00,0.13,0.0,0.45454545454545453,2026-07-27 06:11:00,4090.69,停損,18.490000000000236,-18.620000000000235,-1.0070308274743103,True,2026-07-27|3.417|1
2026-07-27,4.333333333333333,235,1,4108.05,4103.15,4096.95,6.199999999999818,87.37199999999989,0.07096094858764623,True,2026-07-27 04:55:00,0.13,0.0,0.3333333333333333,2026-07-27 05:43:00,4096.95,停損,11.100000000000364,-11.230000000000365,-1.0117117117117114,True,2026-07-27|4.333|1
2026-07-27,4.416666666666667,239,1,4108.72,4103.82,4096.95,6.869999999999891,87.37199999999989,0.07862930916082841,True,2026-07-27 04:59:00,0.13,0.0,0.3333333333333333,2026-07-27 05:43:00,4096.95,停損,11.770000000000437,-11.900000000000437,-1.0110450297366183,True,2026-07-27|4.417|1
2026-07-27,8.75,481,1,4093.86,4089.38,4084.5,4.880000000000109,87.37199999999989,0.055853133727053465,True,2026-07-27 09:01:00,0.13,0.0,0.15625,2026-07-27 15:20:00,4084.5,停損,9.360000000000127,-9.490000000000128,-1.0138888888888888,True,2026-07-27|8.75|1
2026-07-27,8.583333333333334,487,1,4094.47,4090.08,4085.76,4.319999999999709,87.37199999999989,0.049443757725583876,True,2026-07-27 09:07:00,0.13,0.0,0.15625,2026-07-27 15:20:00,4085.76,停損,8.709999999999582,-8.839999999999582,-1.014925373134329,True,2026-07-27|8.583|1
2026-07-27,9.833333333333334,557,1,4102.62,4097.85,4095.15,2.700000000000273,87.37199999999989,0.03090234857849513,True,2026-07-27 10:17:00,0.13,0.0,0.13513513513513514,2026-07-27 10:52:00,4095.15,停損,7.4699999999998,-7.5999999999998,-1.017402945113789,True,2026-07-27|9.833|1
2026-07-27,9.666666666666666,560,1,4103.96,4099.31,4096.39,2.9200000000000728,87.37199999999989,0.03342031772192552,True,2026-07-27 10:20:00,0.13,0.0,0.13513513513513514,2026-07-27 10:43:00,4096.39,停損,7.569999999999709,-7.699999999999709,-1.0171730515191553,True,2026-07-27|9.667|1
2026-07-28,2.4166666666666665,125,-1,4065.42,4073.67,4072.0,1.6700000000000728,80.37399999999984,0.020777863488193646,True,2026-07-28 03:05:00,0.13,0.062209172120337546,0.0,2026-07-28 23:58:00,4028.7,收盤,8.25,36.59000000000025,4.435151515151546,True,2026-07-28|2.417|-1
2026-07-28,2.9166666666666665,145,-1,4060.88,4074.19,4065.42,8.769999999999982,80.37399999999984,0.10911488789907182,True,2026-07-28 03:25:00,0.13,0.062209172120337546,0.0,2026-07-28 23:58:00,4028.7,收盤,13.309999999999945,32.05000000000029,2.407963936889588,True,2026-07-28|2.917|-1
2026-07-28,3.5833333333333335,180,-1,4057.98,4066.2,4062.22,3.980000000000018,80.37399999999984,0.049518501007788915,True,2026-07-28 04:00:00,0.13,0.062209172120337546,0.0,2026-07-28 23:58:00,4028.7,收盤,8.2199999999998,29.1500000000002,3.546228710462398,True,2026-07-28|3.583|-1
2026-07-28,3.5,182,-1,4055.71,4065.04,4060.47,4.570000000000164,80.37399999999984,0.05685918331799056,True,2026-07-28 04:02:00,0.13,0.062209172120337546,0.0,2026-07-28 23:58:00,4028.7,收盤,9.329999999999927,26.88000000000022,2.8810289389067982,True,2026-07-28|3.5|-1
2026-07-28,3.6666666666666665,200,-1,4053.44,4066.2,4058.98,7.2199999999998,80.37399999999984,0.08983004454176492,True,2026-07-28 04:20:00,0.13,0.062209172120337546,0.0,2026-07-28 23:58:00,4028.7,收盤,12.759999999999764,24.610000000000237,1.9286833855799916,True,2026-07-28|3.667|-1
2026-07-28,4.083333333333333,205,-1,4050.15,4059.48,4054.42,5.059999999999945,80.37399999999984,0.06295568218578092,True,2026-07-28 04:25:00,0.13,0.062209172120337546,0.0,2026-07-28 23:58:00,4028.7,收盤,9.329999999999927,21.320000000000274,2.285101822079361,True,2026-07-28|4.083|-1
2026-07-28,3.9166666666666665,206,-1,4049.13,4061.51,4053.89,7.620000000000346,80.37399999999984,0.09480677831139872,True,2026-07-28 04:26:00,0.13,0.062209172120337546,0.0,2026-07-28 23:58:00,4028.7,收盤,12.38000000000011,20.300000000000292,1.6397415185783613,True,2026-07-28|3.917|-1
2026-07-28,4.25,232,-1,4044.06,4059.17,4049.07,10.099999999999909,80.37399999999984,0.12566252768308073,True,2026-07-28 04:52:00,0.13,0.062209172120337546,0.0,2026-07-28 23:58:00,4028.7,收盤,15.110000000000127,15.230000000000127,1.0079417604235605,True,2026-07-28|4.25|-1
2026-07-28,5.416666666666667,302,-1,4040.89,4048.45,4045.18,3.269999999999982,80.37399999999984,0.04068479856670053,True,2026-07-28 06:02:00,0.13,0.062209172120337546,0.0,2026-07-28 06:19:00,4048.45,停損,7.559999999999945,-7.689999999999945,-1.0171957671957672,True,2026-07-28|5.417|-1
2026-07-28,6.75,375,-1,4044.02,4050.77,4048.09,2.6799999999998363,80.37399999999984,0.03334411625649889,True,2026-07-28 07:15:00,0.13,0.062209172120337546,0.0,2026-07-28 09:41:00,4050.77,停損,6.75,-6.88,-1.0192592592592593,True,2026-07-28|6.75|-1
2026-07-28,8.25,455,-1,4037.62,4043.8,4042.03,1.7699999999999818,80.37399999999984,0.022022046930599264,True,2026-07-28 08:35:00,0.13,0.062209172120337546,0.0,2026-07-28 08:46:00,4043.8,停損,6.180000000000291,-6.310000000000291,-1.0210355987055006,True,2026-07-28|8.25|-1
2026-07-28,8.166666666666666,457,-1,4037.05,4044.01,4041.12,2.8900000000003274,80.37399999999984,0.035956901485559176,True,2026-07-28 08:37:00,0.13,0.062209172120337546,0.0,2026-07-28 08:55:00,4044.01,停損,6.960000000000036,-7.090000000000036,-1.01867816091954,True,2026-07-28|8.167|-1
2026-07-28,8.333333333333334,459,-1,4036.66,4043.8,4040.87,2.930000000000291,80.37399999999984,0.036454574862521426,True,2026-07-28 08:39:00,0.13,0.062209172120337546,0.0,2026-07-28 08:46:00,4043.8,停損,7.140000000000327,-7.270000000000327,-1.0182072829131643,True,2026-07-28|8.333|-1
2026-07-28,10.583333333333334,612,-1,4044.11,4050.99,4048.46,2.5299999999997453,80.37399999999984,0.03147784109288763,True,2026-07-28 11:12:00,0.13,0.062209172120337546,0.0,2026-07-28 11:25:00,4050.99,停損,6.879999999999654,-7.009999999999654,-1.0188953488372103,True,2026-07-28|10.583|-1
2026-07-30,3.75,181,1,4073.99,4068.27,4064.98,3.2899999999999636,81.14599999999992,0.04054420427377772,True,2026-07-30 04:01:00,0.13,0.012323466344613426,0.0,2026-07-30 06:00:00,4064.98,停損,9.009999999999764,-9.139999999999764,-1.0144284128745842,True,2026-07-30|3.75|1
2026-07-30,3.6666666666666665,182,1,4076.49,4071.15,4064.98,6.170000000000073,81.14599999999992,0.07603578734626573,True,2026-07-30 04:02:00,0.13,0.012323466344613426,0.0,2026-07-30 06:00:00,4064.98,停損,11.509999999999764,-11.639999999999764,-1.011294526498697,True,2026-07-30|3.667|1
2026-07-30,3.5,183,1,4081.73,4076.93,4068.32,8.609999999999673,81.14599999999992,0.10610504522711756,True,2026-07-30 04:03:00,0.13,0.012323466344613426,0.0,2026-07-30 05:58:00,4068.32,停損,13.409999999999854,-13.539999999999855,-1.0096942580164059,True,2026-07-30|3.5|1
2026-07-30,4.25,213,1,4085.95,4081.41,4073.23,8.179999999999836,81.14599999999992,0.1008059546989358,True,2026-07-30 04:33:00,0.13,0.012323466344613426,0.0,2026-07-30 05:51:00,4073.23,停損,12.7199999999998,-12.8499999999998,-1.0102201257861638,True,2026-07-30|4.25|1
2026-07-30,4.333333333333333,221,1,4088.95,4084.69,4073.81,10.88000000000011,81.14599999999992,0.13407931382939542,True,2026-07-30 04:41:00,0.13,0.012323466344613426,0.0,2026-07-30 05:43:00,4073.81,停損,15.139999999999873,-15.269999999999873,-1.0085865257595774,True,2026-07-30|4.333|1
2026-08-05,4.166666666666667,225,1,4093.12,4088.68,4081.85,6.829999999999927,81.61699999999996,0.083683546320006,True,2026-08-05 04:45:00,0.13,0.0,0.35714285714285715,2026-08-05 23:58:00,4246.23,收盤,11.269999999999982,152.97999999999968,13.574090505767519,True,2026-08-05|4.167|1
2026-08-05,4.5,226,1,4094.31,4090.09,4080.21,9.88000000000011,81.61699999999996,0.12105321195339346,True,2026-08-05 04:46:00,0.13,0.0,0.3333333333333333,2026-08-05 23:58:00,4246.23,收盤,14.099999999999909,151.78999999999962,10.765248226950398,True,2026-08-05|4.5|1
2026-08-05,4.583333333333333,236,1,4098.9,4093.13,4084.42,8.710000000000036,81.61699999999996,0.10671796316943824,True,2026-08-05 04:56:00,0.13,0.0,0.3333333333333333,2026-08-05 23:58:00,4246.23,收盤,14.479999999999563,147.19999999999993,10.165745856353892,True,2026-08-05|4.583|1
2026-08-05,4.666666666666667,237,1,4099.93,4094.85,4089.58,5.269999999999982,81.61699999999996,0.06456988127473423,True,2026-08-05 04:57:00,0.13,0.0,0.3333333333333333,2026-08-05 23:58:00,4246.23,收盤,10.350000000000364,146.16999999999928,14.122705314009096,True,2026-08-05|4.667|1
2026-08-05,4.75,239,1,4101.28,4096.05,4092.79,3.2600000000002183,81.61699999999996,0.039942659004866876,True,2026-08-05 04:59:00,0.13,0.0,0.3333333333333333,2026-08-05 23:58:00,4246.23,收盤,8.489999999999782,144.81999999999982,17.057714958775446,True,2026-08-05|4.75|1
2026-08-05,4.833333333333333,266,1,4107.5,4102.67,4093.08,9.590000000000146,81.61699999999996,0.1175000306308753,True,2026-08-05 05:26:00,0.13,0.0,0.29411764705882354,2026-08-05 23:58:00,4246.23,收盤,14.420000000000073,138.59999999999957,9.611650485436815,True,2026-08-05|4.833|1
2026-08-05,5.25,275,1,4107.8,4103.7,4095.53,8.169999999999618,81.61699999999996,0.10010169449991572,True,2026-08-05 05:35:00,0.13,0.0,0.2777777777777778,2026-08-05 23:58:00,4246.23,收盤,12.269999999999982,138.2999999999994,11.271393643031752,True,2026-08-05|5.25|1
2026-08-05,5.333333333333333,277,1,4112.93,4108.5,4098.37,10.13000000000011,81.61699999999996,0.12411629930039225,True,2026-08-05 05:37:00,0.13,0.0,0.2777777777777778,2026-08-05 23:58:00,4246.23,收盤,14.5600000000004,133.16999999999928,9.146291208790908,True,2026-08-05|5.333|1
2026-08-05,5.5,282,1,4127.47,4121.81,4101.53,20.280000000000655,81.61699999999996,0.24847764558854973,True,2026-08-05 05:42:00,0.13,0.0,0.2777777777777778,2026-08-05 23:58:00,4246.23,收盤,25.94000000000051,118.62999999999931,4.573245952197262,True,2026-08-05|5.5|1
2026-08-05,5.583333333333333,296,1,4134.91,4128.82,4107.77,21.049999999999272,81.61699999999996,0.25791195461728905,True,2026-08-05 05:56:00,0.13,0.0,0.2631578947368421,2026-08-05 23:58:00,4246.23,收盤,27.139999999999418,111.18999999999971,4.096904937361905,True,2026-08-05|5.583|1
2026-08-05,5.666666666666667,315,1,4135.84,4131.26,4119.99,11.270000000000437,81.61699999999996,0.13808397760271074,True,2026-08-05 06:15:00,0.13,0.0,0.25,2026-08-05 23:58:00,4246.23,收盤,15.850000000000364,110.25999999999942,6.956466876971413,True,2026-08-05|5.667|1
2026-08-05,6.583333333333333,363,1,4133.85,4129.22,4127.56,1.6599999999998545,81.61699999999996,0.020338899984070173,True,2026-08-05 07:03:00,0.13,0.0,0.20833333333333334,2026-08-05 23:58:00,4246.23,收盤,6.289999999999964,112.2499999999992,17.845786963433998,True,2026-08-05|6.583|1
2026-08-05,6.5,365,1,4134.99,4130.84,4127.65,3.1900000000005093,81.61699999999996,0.039084994547710784,True,2026-08-05 07:05:00,0.13,0.0,0.20833333333333334,2026-08-05 23:58:00,4246.23,收盤,7.3400000000001455,111.10999999999979,15.137602179836183,True,2026-08-05|6.5|1
2026-08-05,6.916666666666667,372,1,4140.5,4136.27,4127.65,8.6200000000008,81.61699999999996,0.10561525172452803,True,2026-08-05 07:12:00,0.13,0.0,0.20833333333333334,2026-08-05 23:58:00,4246.23,收盤,12.850000000000364,105.59999999999957,8.21789883268456,True,2026-08-05|6.917|1
2026-08-05,7.75,444,1,4140.31,4135.52,4132.53,2.990000000000691,81.61699999999996,0.03663452467011398,True,2026-08-05 08:24:00,0.13,0.0,0.1724137931034483,2026-08-05 23:58:00,4246.23,收盤,7.780000000000655,105.78999999999917,13.597686375320086,True,2026-08-05|7.75|1
2026-08-05,7.916666666666667,445,1,4141.48,4137.28,4134.0,3.2799999999997453,81.61699999999996,0.04018770599262098,True,2026-08-05 08:25:00,0.13,0.0,0.1724137931034483,2026-08-05 23:58:00,4246.23,收盤,7.479999999999563,104.62,13.986631016043598,True,2026-08-05|7.917|1
2026-08-05,8.0,452,1,4142.35,4138.23,4134.74,3.4899999999997817,81.61699999999996,0.042760699364100416,True,2026-08-05 08:32:00,0.13,0.0,0.16666666666666666,2026-08-05 23:58:00,4246.23,收盤,7.610000000000582,103.7499999999992,13.633377135347079,True,2026-08-05|8.0|1
2026-08-05,8.25,457,1,4147.49,4142.17,4135.66,6.510000000000218,81.61699999999996,0.07976279451585112,True,2026-08-05 08:37:00,0.13,0.0,0.16666666666666666,2026-08-05 23:58:00,4246.23,收盤,11.829999999999927,98.60999999999979,8.335587489433676,True,2026-08-05|8.25|1
2026-08-05,8.416666666666666,458,1,4151.75,4146.48,4138.32,8.159999999999854,81.61699999999996,0.09997917100603868,True,2026-08-05 08:38:00,0.13,0.0,0.16666666666666666,2026-08-05 23:58:00,4246.23,收盤,13.430000000000291,94.34999999999957,7.025316455696018,True,2026-08-05|8.417|1
2026-08-05,8.5,466,1,4160.22,4154.12,4139.56,14.55999999999949,81.61699999999996,0.1783942070892032,True,2026-08-05 08:46:00,0.13,0.0,0.16129032258064516,2026-08-05 23:58:00,4246.23,收盤,20.659999999999854,85.87999999999931,4.156824782187798,True,2026-08-05|8.5|1
2026-08-05,8.583333333333334,467,1,4166.99,4159.39,4142.8,16.590000000000146,81.61699999999996,0.2032664763468414,True,2026-08-05 08:47:00,0.13,0.0,0.16129032258064516,2026-08-05 23:58:00,4246.23,收盤,24.1899999999996,79.10999999999979,3.270359652749115,True,2026-08-05|8.583|1
2026-08-05,9.333333333333334,515,1,4173.12,4169.03,4161.16,7.869999999999891,81.61699999999996,0.09642598968352052,True,2026-08-05 09:35:00,0.13,0.0,0.14705882352941177,2026-08-05 11:48:00,4161.16,停損,11.960000000000036,-12.090000000000037,-1.0108695652173914,True,2026-08-05|9.333|1
2026-08-05,9.0,516,1,4175.58,4170.04,4160.24,9.800000000000182,81.61699999999996,0.12007302400235474,True,2026-08-05 09:36:00,0.13,0.0,0.14705882352941177,2026-08-05 11:48:00,4160.24,停損,15.340000000000146,-15.470000000000146,-1.0084745762711864,True,2026-08-05|9.0|1
2026-08-05,9.25,517,1,4177.81,4173.38,4161.16,12.220000000000255,81.61699999999996,0.1497237095213039,True,2026-08-05 09:37:00,0.13,0.0,0.14705882352941177,2026-08-05 11:48:00,4161.16,停損,16.650000000000546,-16.780000000000545,-1.0078078078078074,True,2026-08-05|9.25|1
2026-08-05,9.416666666666666,541,1,4178.84,4173.91,4163.75,10.159999999999854,81.61699999999996,0.12448386978202898,True,2026-08-05 10:01:00,0.13,0.0,0.1388888888888889,2026-08-05 10:30:00,4163.75,停損,15.090000000000146,-15.220000000000146,-1.0086149768058317,True,2026-08-05|9.417|1
2026-08-05,10.5,598,1,4170.8,4166.63,4162.34,4.289999999999964,81.61699999999996,0.052562578874498764,True,2026-08-05 10:58:00,0.13,0.0,0.1282051282051282,2026-08-05 11:25:00,4162.34,停損,8.460000000000036,-8.590000000000037,-1.0153664302600474,True,2026-08-05|10.5|1
2026-08-06,3.0,144,1,4283.28,4278.2,4264.93,13.269999999999527,92.91300000000001,0.14282177951416405,True,2026-08-06 03:24:00,0.13,0.021525513114418863,0.0,2026-08-06 06:18:00,4264.93,停損,18.349999999999454,-18.479999999999453,-1.0070844686648504,True,2026-08-06|3.0|1
2026-08-06,2.9166666666666665,154,1,4284.5,4279.68,4264.93,14.75,92.91300000000001,0.1587506592188391,True,2026-08-06 03:34:00,0.13,0.021525513114418863,0.0,2026-08-06 06:18:00,4264.93,停損,19.56999999999971,-19.699999999999708,-1.0066428206438427,True,2026-08-06|2.917|1
2026-08-06,3.25,166,1,4290.91,4283.95,4270.72,13.229999999999563,92.91300000000001,0.1423912692518761,True,2026-08-06 03:46:00,0.13,0.021525513114418863,0.0,2026-08-06 06:16:00,4270.72,停損,20.1899999999996,-20.3199999999996,-1.0064388311045072,True,2026-08-06|3.25|1
2026-08-06,3.4166666666666665,167,1,4294.34,4286.87,4272.63,14.239999999999782,92.91300000000001,0.15326165337465994,True,2026-08-06 03:47:00,0.13,0.021525513114418863,0.0,2026-08-06 06:16:00,4272.63,停損,21.710000000000036,-21.840000000000035,-1.0059880239520957,True,2026-08-06|3.417|1
2026-08-06,3.5,175,1,4296.63,4291.13,4274.0,17.13000000000011,92.91300000000001,0.18436601982499873,True,2026-08-06 03:55:00,0.13,0.021525513114418863,0.0,2026-08-06 04:23:00,4274.0,停損,22.63000000000011,-22.760000000000108,-1.0057445868316393,True,2026-08-06|3.5|1
2026-08-06,3.6666666666666665,182,1,4302.16,4295.34,4284.33,11.010000000000218,92.91300000000001,0.11849794969487819,True,2026-08-06 04:02:00,0.13,0.021525513114418863,0.0,2026-08-06 04:13:00,4284.33,停損,17.829999999999927,-17.959999999999926,-1.007291082445317,True,2026-08-06|3.667|1
2026-08-06,4.333333333333333,219,1,4292.03,4285.96,4272.99,12.970000000000255,92.91300000000001,0.13959295254700907,True,2026-08-06 04:39:00,0.13,0.021525513114418863,0.0,2026-08-06 06:16:00,4272.99,停損,19.039999999999964,-19.169999999999963,-1.006827731092437,True,2026-08-06|4.333|1
2026-08-06,4.25,229,1,4295.22,4287.87,4272.99,14.88000000000011,92.91300000000001,0.1601498175712775,True,2026-08-06 04:49:00,0.13,0.021525513114418863,0.0,2026-08-06 06:16:00,4272.99,停損,22.230000000000473,-22.360000000000472,-1.005847953216374,True,2026-08-06|4.25|1
2026-08-06,4.666666666666667,246,1,4300.93,4295.4,4283.17,12.229999999999563,92.91300000000001,0.13162851269466663,True,2026-08-06 05:06:00,0.13,0.021525513114418863,0.0,2026-08-06 05:31:00,4283.17,停損,17.76000000000022,-17.890000000000217,-1.0073198198198197,True,2026-08-06|4.667|1
2026-08-06,4.5,247,1,4302.05,4297.26,4275.81,21.449999999999818,92.91300000000001,0.23086112815214035,True,2026-08-06 05:07:00,0.13,0.021525513114418863,0.0,2026-08-06 05:50:00,4275.81,停損,26.23999999999978,-26.36999999999978,-1.0049542682926829,True,2026-08-06|4.5|1
2026-08-07,9.416666666666666,518,1,4292.73,4287.54,4280.09,7.449999999999818,90.89399999999996,0.08196360595858716,False,2026-08-07 09:38:00,0.13,0.01100182630316633,0.3235294117647059,2026-08-07 23:57:00,4341.32,收盤,12.639999999999418,48.46000000000014,3.833860759493859,True,2026-08-07|9.417|1
2026-08-07,9.333333333333334,538,1,4296.3,4291.32,4283.22,8.099999999999454,90.89399999999996,0.08911479305564127,False,2026-08-07 09:58:00,0.13,0.01100182630316633,0.3142857142857143,2026-08-07 10:50:00,4283.22,停損,13.079999999999927,-13.209999999999928,-1.0099388379204894,True,2026-08-07|9.333|1
2026-08-07,9.5,539,1,4298.17,4293.62,4280.09,13.529999999999745,90.89399999999996,0.14885470988183763,False,2026-08-07 09:59:00,0.13,0.01100182630316633,0.3142857142857143,2026-08-07 23:57:00,4341.32,收盤,18.079999999999927,43.019999999999634,2.3794247787610514,True,2026-08-07|9.5|1
2026-08-07,10.75,602,1,4292.15,4286.96,4282.94,4.020000000000437,90.89399999999996,0.04422734173873345,False,2026-08-07 11:02:00,0.13,0.01100182630316633,0.275,2026-08-07 23:57:00,4341.32,收盤,9.210000000000036,49.04000000000007,5.324647122692712,True,2026-08-07|10.75|1
2026-08-07,10.416666666666666,603,1,4293.21,4288.31,4283.95,4.360000000000582,90.89399999999996,0.0479679626818116,False,2026-08-07 11:03:00,0.13,0.01100182630316633,0.275,2026-08-07 23:57:00,4341.32,收盤,9.260000000000218,47.97999999999967,5.181425485960966,True,2026-08-07|10.417|1
2026-08-07,10.5,606,1,4293.58,4288.78,4283.95,4.829999999999927,90.89399999999996,0.05313882104429257,False,2026-08-07 11:06:00,0.13,0.01100182630316633,0.275,2026-08-07 23:57:00,4341.32,收盤,9.63000000000011,47.60999999999978,4.943925233644781,True,2026-08-07|10.5|1
2026-08-07,10.833333333333334,608,1,4296.47,4291.22,4284.33,6.890000000000327,90.89399999999996,0.07580258322881962,False,2026-08-07 11:08:00,0.13,0.01100182630316633,0.275,2026-08-07 23:57:00,4341.32,收盤,12.140000000000327,44.71999999999945,3.683690280065753,True,2026-08-07|10.833|1
2026-08-07,10.916666666666666,614,1,4299.34,4293.67,4286.6,7.069999999999709,90.89399999999996,0.07778291196338276,False,2026-08-07 11:14:00,0.13,0.01100182630316633,0.275,2026-08-07 23:57:00,4341.32,收盤,12.739999999999782,41.84999999999956,3.28492935635795,True,2026-08-07|10.917|1
2026-08-11,2.3333333333333335,117,1,4401.39,4396.13,4394.76,1.3699999999998909,100.94200000000005,0.013572150343760676,True,2026-08-11 02:57:00,0.12,0.02972003724911334,0.0,2026-08-11 04:03:00,4394.76,停損,6.630000000000109,-6.750000000000109,-1.018099547511312,True,2026-08-11|2.333|1
2026-08-11,2.5,125,1,4404.41,4398.88,4395.36,3.5200000000004366,100.94200000000005,0.034871510372297305,True,2026-08-11 03:05:00,0.12,0.02972003724911334,0.0,2026-08-11 04:03:00,4395.36,停損,9.050000000000182,-9.170000000000181,-1.0132596685082869,True,2026-08-11|2.5|1
2026-08-11,2.8333333333333335,132,1,4407.83,4402.59,4396.57,6.020000000000437,100.94200000000005,0.05963820807989176,True,2026-08-11 03:12:00,0.12,0.02972003724911334,0.0,2026-08-11 04:03:00,4396.57,停損,11.260000000000218,-11.380000000000217,-1.0106571936056836,True,2026-08-11|2.833|1
2026-08-11,2.9166666666666665,144,1,4410.9,4404.77,4396.5,8.270000000000437,100.94200000000005,0.08192823601672676,True,2026-08-11 03:24:00,0.12,0.02972003724911334,0.0,2026-08-11 04:03:00,4396.5,停損,14.399999999999636,-14.519999999999635,-1.0083333333333335,True,2026-08-11|2.917|1
2026-08-11,3.0,145,1,4412.35,4406.27,4396.5,9.770000000000437,100.94200000000005,0.09678825464128343,True,2026-08-11 03:25:00,0.12,0.02972003724911334,0.0,2026-08-11 04:03:00,4396.5,停損,15.850000000000364,-15.970000000000363,-1.007570977917981,True,2026-08-11|3.0|1
2026-08-11,3.0833333333333335,146,1,4414.25,4408.99,4402.85,6.139999999999418,100.94200000000005,0.0608270095698462,True,2026-08-11 03:26:00,0.12,0.02972003724911334,0.0,2026-08-11 04:02:00,4402.85,停損,11.399999999999636,-11.519999999999635,-1.010526315789474,True,2026-08-11|3.083|1
2026-08-11,4.0,192,1,4415.05,4409.99,4393.77,16.219999999999345,100.94200000000005,0.1606863347268663,True,2026-08-11 04:12:00,0.12,0.02972003724911334,0.0,2026-08-11 08:27:00,4393.77,停損,21.279999999999745,-21.399999999999746,-1.005639097744361,True,2026-08-11|4.0|1
2026-08-11,3.9166666666666665,201,1,4417.5,4411.87,4393.77,18.099999999999454,100.94200000000005,0.1793108914029784,True,2026-08-11 04:21:00,0.12,0.02972003724911334,0.0,2026-08-11 08:27:00,4393.77,停損,23.729999999999563,-23.849999999999564,-1.0050568900126424,True,2026-08-11|3.917|1
2026-08-11,4.083333333333333,212,1,4420.58,4415.28,4399.06,16.219999999999345,100.94200000000005,0.1606863347268663,True,2026-08-11 04:32:00,0.12,0.02972003724911334,0.0,2026-08-11 08:18:00,4399.06,停損,21.519999999999527,-21.639999999999528,-1.0055762081784387,True,2026-08-11|4.083|1
2026-08-11,4.166666666666667,230,1,4426.51,4419.57,4408.56,11.009999999999309,100.94200000000005,0.1090725367042391,True,2026-08-11 04:50:00,0.12,0.02972003724911334,0.0,2026-08-11 05:56:00,4408.56,停損,17.949999999999818,-18.06999999999982,-1.0066852367688024,True,2026-08-11|4.167|1
2026-08-11,4.416666666666667,233,1,4427.78,4421.62,4413.68,7.9399999999996,100.94200000000005,0.078659031919316,True,2026-08-11 04:53:00,0.12,0.02972003724911334,0.0,2026-08-11 05:51:00,4413.68,停損,14.099999999999454,-14.219999999999454,-1.0085106382978726,True,2026-08-11|4.417|1
2026-08-11,4.666666666666667,254,1,4432.7,4427.3,4414.62,12.680000000000291,100.94200000000005,0.12561669077292192,True,2026-08-11 05:14:00,0.12,0.02972003724911334,0.0,2026-08-11 05:40:00,4414.62,停損,18.079999999999927,-18.19999999999993,-1.006637168141593,True,2026-08-11|4.667|1
2026-08-11,5.916666666666667,327,1,4419.42,4414.35,4408.05,6.300000000000182,100.94200000000005,0.06241207822313981,True,2026-08-11 06:27:00,0.12,0.02972003724911334,0.0,2026-08-11 07:50:00,4408.05,停損,11.36999999999989,-11.48999999999989,-1.0105540897097625,True,2026-08-11|5.917|1
2026-08-11,6.0,328,1,4420.18,4414.9,4409.85,5.049999999999272,100.94200000000005,0.05002872936933358,True,2026-08-11 06:28:00,0.12,0.02972003724911334,0.0,2026-08-11 07:43:00,4409.85,停損,10.329999999999927,-10.449999999999926,-1.0116166505324298,True,2026-08-11|6.0|1
2026-08-11,5.833333333333333,330,1,4420.4,4415.22,4408.05,7.170000000000073,100.94200000000005,0.0710308890253816,True,2026-08-11 06:30:00,0.12,0.02972003724911334,0.0,2026-08-11 07:50:00,4408.05,停損,12.349999999999454,-12.469999999999454,-1.0097165991902837,True,2026-08-11|5.833|1
2026-08-11,8.833333333333334,488,1,4380.75,4375.49,4367.54,7.949999999999818,100.94200000000005,0.07875809871014854,True,2026-08-11 09:08:00,0.12,0.03962671633215112,0.96875,2026-08-11 09:29:00,4367.54,停損,13.210000000000036,-13.330000000000036,-1.0090840272520816,True,2026-08-11|8.833|1
2026-08-11,10.666666666666666,606,1,4365.4,4359.8,4356.89,2.9099999999998545,100.94200000000005,0.028828436131638494,True,2026-08-11 11:06:00,0.12,0.0,0.975,2026-08-11 23:58:00,4367.92,收盤,8.509999999999309,2.4000000000004365,0.2820211515864432,True,2026-08-11|10.667|1
2026-08-11,10.833333333333334,627,1,4367.81,4361.6,4356.76,4.8400000000001455,100.94200000000005,0.047948326761904296,True,2026-08-11 11:27:00,0.12,0.0,0.9512195121951219,2026-08-11 23:58:00,4367.92,收盤,11.050000000000182,-0.010000000000327414,-0.0009049773755952262,True,2026-08-11|10.833|1
2026-08-11,10.916666666666666,631,1,4369.84,4364.22,4356.76,7.460000000000036,100.94200000000005,0.0739038259594622,True,2026-08-11 11:31:00,0.12,0.0,0.9285714285714286,2026-08-11 23:58:00,4367.92,收盤,13.079999999999927,-2.040000000000073,-0.15596330275230003,True,2026-08-11|10.917|1
2026-08-13,8.833333333333334,494,-1,4375.41,4389.31,4380.6,8.710000000000036,97.54099999999994,0.08929578331163349,False,2026-08-13 09:14:00,0.12,0.09226889205564845,0.3125,2026-08-13 13:44:00,4389.31,停損,13.900000000000546,-14.020000000000545,-1.0086330935251795,True,2026-08-13|8.833|-1
2026-08-13,8.916666666666666,514,-1,4370.81,4386.22,4376.47,9.75,97.54099999999994,0.09995796639361916,False,2026-08-13 09:34:00,0.12,0.09226889205564845,0.29411764705882354,2026-08-13 13:23:00,4386.22,停損,15.409999999999854,-15.529999999999854,-1.0077871512005192,True,2026-08-13|8.917|-1
2026-08-13,9.0,517,-1,4369.63,4385.6,4375.57,10.030000000000655,97.54099999999994,0.10282855414646827,False,2026-08-13 09:37:00,0.12,0.09226889205564845,0.29411764705882354,2026-08-13 13:20:00,4385.6,停損,15.970000000000255,-16.090000000000256,-1.007514088916719,True,2026-08-13|9.0|-1
2026-08-13,9.916666666666666,574,-1,4372.97,4381.72,4378.52,3.199999999999818,97.54099999999994,0.032806717175339804,False,2026-08-13 10:34:00,0.12,0.09226889205564845,0.2631578947368421,2026-08-13 12:21:00,4381.72,停損,8.75,-8.87,-1.0137142857142856,True,2026-08-13|9.917|-1
2026-08-13,10.416666666666666,604,-1,4366.27,4377.33,4372.16,5.170000000000073,97.54099999999994,0.05300335243641213,False,2026-08-13 11:04:00,0.12,0.09226889205564845,0.25,2026-08-13 11:49:00,4377.33,停損,11.05999999999949,-11.17999999999949,-1.0108499095840873,True,2026-08-13|10.417|-1
2026-08-13,10.75,612,-1,4364.22,4378.78,4369.9,8.88000000000011,97.54099999999994,0.09103864016157426,False,2026-08-13 11:12:00,0.12,0.09226889205564845,0.25,2026-08-13 11:50:00,4378.78,停損,14.55999999999949,-14.67999999999949,-1.0082417582417584,True,2026-08-13|10.75|-1
2026-08-14,3.0833333333333335,146,-1,4345.64,4360.33,4350.59,9.739999999999782,98.96799999999993,0.09841564950286748,True,2026-08-14 03:26:00,0.12,0.010104276129658078,0.7777777777777778,2026-08-14 14:31:00,4360.33,停損,14.6899999999996,-14.809999999999599,-1.0081688223281144,True,2026-08-14|3.083|-1
2026-08-14,3.1666666666666665,147,-1,4342.22,4358.2,4348.01,10.1899999999996,98.96799999999993,0.10296257376121178,True,2026-08-14 03:27:00,0.12,0.010104276129658078,0.7777777777777778,2026-08-14 13:08:00,4358.2,停損,15.979999999999563,-16.099999999999564,-1.007509386733417,True,2026-08-14|3.167|-1
2026-08-14,3.25,150,-1,4339.53,4352.23,4345.69,6.539999999999964,98.96799999999993,0.06608196588796346,True,2026-08-14 03:30:00,0.12,0.010104276129658078,0.7777777777777778,2026-08-14 12:22:00,4352.23,停損,12.699999999999818,-12.819999999999817,-1.0094488188976378,True,2026-08-14|3.25|-1
2026-08-14,3.3333333333333335,169,-1,4331.69,4349.73,4339.53,10.199999999999818,98.96799999999993,0.10306361652251056,True,2026-08-14 03:49:00,0.12,0.010104276129658078,0.6363636363636364,2026-08-14 11:57:00,4349.73,停損,18.039999999999964,-18.159999999999965,-1.0066518847006654,True,2026-08-14|3.333|-1
2026-08-14,3.5,185,-1,4329.63,4346.97,4334.69,12.280000000000655,98.96799999999993,0.12408051087220781,True,2026-08-14 04:05:00,0.12,0.010104276129658078,0.5833333333333334,2026-08-14 11:01:00,4346.97,停損,17.340000000000146,-17.460000000000147,-1.0069204152249136,True,2026-08-14|3.5|-1
2026-08-14,3.6666666666666665,191,-1,4324.39,4342.77,4329.43,13.340000000000146,98.96799999999993,0.13479104356964022,True,2026-08-14 04:11:00,0.12,0.010104276129658078,0.5833333333333334,2026-08-14 10:46:00,4342.77,停損,18.38000000000011,-18.50000000000011,-1.0065288356909685,True,2026-08-14|3.667|-1
2026-08-14,4.0,197,-1,4322.97,4341.5,4328.37,13.13000000000011,98.96799999999993,0.13266914558241166,True,2026-08-14 04:17:00,0.12,0.010104276129658078,0.5384615384615384,2026-08-14 10:46:00,4341.5,停損,18.529999999999745,-18.649999999999746,-1.0064759848893687,True,2026-08-14|4.0|-1
2026-08-14,4.083333333333333,205,-1,4316.84,4333.68,4322.27,11.409999999999854,98.96799999999993,0.1152897906393972,True,2026-08-14 04:25:00,0.12,0.010104276129658078,0.5384615384615384,2026-08-14 09:01:00,4333.68,停損,16.840000000000146,-16.960000000000147,-1.007125890736342,True,2026-08-14|4.083|-1
2026-08-14,5.583333333333333,298,-1,4313.14,4322.69,4318.1,4.589999999999236,98.96799999999993,0.04637862743512286,True,2026-08-14 05:58:00,0.12,0.010104276129658078,0.3684210526315789,2026-08-14 06:09:00,4322.69,停損,9.549999999999272,-9.669999999999272,-1.012565445026179,True,2026-08-14|5.583|-1
2026-08-14,7.666666666666667,436,-1,4319.12,4326.48,4324.15,2.3299999999999272,98.96799999999993,0.023542963382102586,True,2026-08-14 08:16:00,0.12,0.010104276129658078,0.2413793103448276,2026-08-14 08:51:00,4326.48,停損,7.359999999999673,-7.479999999999673,-1.0163043478260878,True,2026-08-14|7.667|-1
2026-08-14,7.75,439,-1,4318.34,4325.39,4323.83,1.5600000000004002,98.96799999999993,0.015762670762270645,True,2026-08-14 08:19:00,0.12,0.010104276129658078,0.2413793103448276,2026-08-14 08:51:00,4325.39,停損,7.050000000000182,-7.170000000000182,-1.0170212765957443,True,2026-08-14|7.75|-1
2026-08-14,8.0,451,-1,4311.78,4327.04,4320.12,6.920000000000073,98.96799999999993,0.06992159081723463,True,2026-08-14 08:31:00,0.12,0.010104276129658078,0.23333333333333334,2026-08-14 08:51:00,4327.04,停損,15.260000000000218,-15.380000000000217,-1.0078636959370904,True,2026-08-14|8.0|-1
2026-08-17,3.9166666666666665,204,1,4415.17,4409.12,4397.59,11.529999999999745,98.50099999999993,0.11705464919137626,True,2026-08-17 04:24:00,0.12,0.010152181196129996,0.46153846153846156,2026-08-17 04:48:00,4397.59,停損,17.579999999999927,-17.69999999999993,-1.006825938566553,True,2026-08-17|3.917|1
2026-08-17,10.0,577,1,4409.47,4404.02,4399.51,4.510000000000218,98.50099999999993,0.04578633719454849,True,2026-08-17 10:37:00,0.12,0.010152181196129996,0.15789473684210525,2026-08-17 11:07:00,4399.51,停損,9.960000000000036,-10.080000000000036,-1.0120481927710843,True,2026-08-17|10.0|1
2026-08-18,2.75,144,1,4430.44,4424.34,4421.66,2.680000000000291,98.12399999999984,0.027312380253559736,True,2026-08-18 03:24:00,0.12,0.010191186661774914,0.4444444444444444,2026-08-18 04:26:00,4421.66,停損,8.779999999999745,-8.899999999999745,-1.0136674259681095,True,2026-08-18|2.75|1
2026-08-18,2.8333333333333335,150,1,4431.5,4426.04,4422.6,3.4399999999996,98.12399999999984,0.03505768211650163,True,2026-08-18 03:30:00,0.12,0.010191186661774914,0.4444444444444444,2026-08-18 04:22:00,4422.6,停損,8.899999999999636,-9.019999999999635,-1.0134831460674163,True,2026-08-18|2.833|1
2026-08-18,3.1666666666666665,158,1,4433.18,4428.24,4419.09,9.149999999999636,98.12399999999984,0.09324935795523676,True,2026-08-18 03:38:00,0.12,0.010191186661774914,0.4,2026-08-18 04:42:00,4419.09,停損,14.090000000000146,-14.210000000000145,-1.0085166784953867,True,2026-08-18|3.167|1
2026-08-19,3.6666666666666665,179,-1,4337.26,4347.21,4342.42,4.789999999999964,102.44399999999987,0.04675725274296171,True,2026-08-19 03:59:00,0.12,0.009761430635273918,0.9090909090909091,2026-08-19 04:34:00,4347.21,停損,9.949999999999818,-10.069999999999817,-1.0120603015075378,True,2026-08-19|3.667|-1
2026-08-19,3.4166666666666665,181,-1,4332.26,4345.83,4339.29,6.539999999999964,102.44399999999987,0.06383975635469107,True,2026-08-19 04:01:00,0.12,0.009761430635273918,0.8333333333333334,2026-08-19 04:16:00,4345.83,停損,13.569999999999709,-13.689999999999708,-1.0088430361090643,True,2026-08-19|3.417|-1
2026-08-19,3.8333333333333335,182,-1,4330.65,4344.79,4337.2,7.5900000000001455,102.44399999999987,0.07408925852173046,True,2026-08-19 04:02:00,0.12,0.009761430635273918,0.8333333333333334,2026-08-19 04:16:00,4344.79,停損,14.140000000000327,-14.260000000000327,-1.0084865629420083,True,2026-08-19|3.833|-1
2026-08-19,5.333333333333333,297,-1,4351.85,4362.1,4358.06,4.039999999999964,102.44399999999987,0.03943617976650627,True,2026-08-19 05:57:00,0.12,0.019522861270547837,0.8947368421052632,2026-08-19 10:37:00,4362.1,停損,10.25,-10.37,-1.0117073170731707,True,2026-08-19|5.333|-1
2026-08-19,6.666666666666667,378,-1,4350.63,4358.9,4356.38,2.519999999999527,102.44399999999987,0.024598805200885657,True,2026-08-19 07:18:00,0.12,0.019522861270547837,0.68,2026-08-19 10:33:00,4358.9,停損,8.269999999999527,-8.389999999999526,-1.0145102781136646,True,2026-08-19|6.667|-1
2026-08-19,7.0,399,-1,4347.31,4356.25,4353.12,3.130000000000109,102.44399999999987,0.030553277888408427,True,2026-08-19 07:39:00,0.12,0.019522861270547837,0.6538461538461539,2026-08-19 10:27:00,4356.25,停損,8.9399999999996,-9.059999999999599,-1.0134228187919467,True,2026-08-19|7.0|-1
2026-08-19,7.333333333333333,411,-1,4345.1,4352.85,4350.29,2.5600000000004,102.44399999999987,0.024989262426305135,True,2026-08-19 07:51:00,0.12,0.019522861270547837,0.6296296296296297,2026-08-19 10:10:00,4352.85,停損,7.75,-7.87,-1.0154838709677418,True,2026-08-19|7.333|-1
2026-08-19,7.25,414,-1,4344.86,4355.02,4350.11,4.910000000000764,102.44399999999987,0.04792862441920239,True,2026-08-19 07:54:00,0.12,0.019522861270547837,0.6296296296296297,2026-08-19 10:26:00,4355.02,停損,10.160000000000764,-10.280000000000763,-1.0118110236220463,True,2026-08-19|7.25|-1
2026-08-19,7.583333333333333,433,-1,4339.63,4350.68,4345.02,5.6599999999998545,102.44399999999987,0.05524969739564895,True,2026-08-19 08:13:00,0.12,0.019522861270547837,0.6071428571428571,2026-08-19 10:03:00,4350.68,停損,11.050000000000182,-11.170000000000181,-1.010859728506787,True,2026-08-19|7.583|-1
2026-08-19,7.916666666666667,434,-1,4339.41,4350.71,4344.56,6.149999999999636,102.44399999999987,0.06003279840693104,True,2026-08-19 08:14:00,0.12,0.019522861270547837,0.6071428571428571,2026-08-19 10:03:00,4350.71,停損,11.300000000000182,-11.420000000000181,-1.0106194690265484,True,2026-08-19|7.917|-1
2026-08-19,7.75,436,-1,4338.62,4347.15,4343.93,3.219999999999345,102.44399999999987,0.03143180664557562,True,2026-08-19 08:16:00,0.12,0.019522861270547837,0.5862068965517241,2026-08-19 09:21:00,4347.15,停損,8.529999999999745,-8.649999999999745,-1.0140679953106686,True,2026-08-19|7.75|-1
2026-08-19,8.0,438,-1,4337.28,4350.71,4342.48,8.230000000000473,102.44399999999987,0.08033657412830895,True,2026-08-19 08:18:00,0.12,0.019522861270547837,0.5862068965517241,2026-08-19 10:03:00,4350.71,停損,13.430000000000291,-13.55000000000029,-1.008935219657483,True,2026-08-19|8.0|-1
2026-08-20,2.8333333333333335,138,1,4520.38,4515.17,4511.42,3.75,102.18099999999995,0.036699582114091675,True,2026-08-20 03:18:00,0.12,0.009786555230424447,0.8888888888888888,2026-08-20 03:22:00,4511.42,停損,8.960000000000036,-9.080000000000036,-1.013392857142857,True,2026-08-20|2.833|1
2026-08-20,4.833333333333333,244,1,4497.11,4490.72,4484.54,6.180000000000291,102.18099999999995,0.06048091132402593,True,2026-08-20 05:04:00,0.12,0.03914622092169779,0.9375,2026-08-20 08:15:00,4484.54,停損,12.569999999999709,-12.689999999999708,-1.0095465393794751,True,2026-08-20|4.833|1
2026-08-20,8.583333333333334,485,1,4488.63,4482.3,4478.1,4.199999999999818,102.18099999999995,0.041103531967780896,True,2026-08-20 09:05:00,0.12,0.009786555230424447,0.96875,2026-08-20 14:42:00,4478.1,停損,10.529999999999745,-10.649999999999745,-1.0113960113960117,True,2026-08-20|8.583|1
2026-08-20,8.916666666666666,496,1,4493.9,4488.76,4477.94,10.820000000000618,102.18099999999995,0.10589052759319857,True,2026-08-20 09:16:00,0.12,0.009786555230424447,0.9393939393939394,2026-08-20 14:42:00,4477.94,停損,15.960000000000036,-16.080000000000037,-1.0075187969924813,True,2026-08-20|8.917|1
2026-08-20,10.833333333333334,617,1,4497.99,4492.34,4488.4,3.9400000000005093,102.18099999999995,0.03855902760787731,True,2026-08-20 11:17:00,0.12,0.009786555230424447,0.7560975609756098,2026-08-20 11:32:00,4488.4,停損,9.590000000000146,-9.710000000000145,-1.0125130344108444,True,2026-08-20|10.833|1
2026-08-21,4.25,214,1,4535.6,4529.95,4520.38,9.569999999999709,103.14300000000003,0.09278380500857747,False,2026-08-21 04:34:00,0.12,0.009695277430363667,0.8571428571428571,2026-08-21 05:11:00,4520.38,停損,15.220000000000255,-15.340000000000254,-1.007884362680683,True,2026-08-21|4.25|1
2026-08-21,4.333333333333333,215,1,4537.34,4530.66,4522.73,7.930000000000291,103.14300000000003,0.0768835500227867,False,2026-08-21 04:35:00,0.12,0.009695277430363667,0.8571428571428571,2026-08-21 05:05:00,4522.73,停損,14.610000000000582,-14.730000000000581,-1.008213552361396,True,2026-08-21|4.333|1
2026-08-21,5.166666666666667,266,1,4529.04,4523.52,4518.35,5.170000000000073,103.14300000000003,0.05012458431498087,False,2026-08-21 05:26:00,0.12,0.009695277430363667,0.7058823529411765,2026-08-21 23:57:00,4603.37,收盤,10.6899999999996,74.20999999999992,6.942001870907642,True,2026-08-21|5.167|1
2026-08-21,5.083333333333333,280,1,4531.37,4525.28,4518.35,6.9299999999993815,103.14300000000003,0.06718827259241422,False,2026-08-21 05:40:00,0.12,0.009695277430363667,0.6666666666666666,2026-08-21 23:57:00,4603.37,收盤,13.019999999999527,71.88,5.52073732718914,True,2026-08-21|5.083|1
2026-08-21,5.25,281,1,4532.85,4527.41,4520.24,7.170000000000073,103.14300000000003,0.0695151391757082,False,2026-08-21 05:41:00,0.12,0.009695277430363667,0.6666666666666666,2026-08-21 23:57:00,4603.37,收盤,12.610000000000582,70.39999999999952,5.582870737509618,True,2026-08-21|5.25|1
2026-08-21,5.333333333333333,284,1,4535.92,4529.43,4522.32,7.110000000000582,103.14300000000003,0.06893342252989132,False,2026-08-21 05:44:00,0.12,0.009695277430363667,0.6666666666666666,2026-08-21 23:57:00,4603.37,收盤,13.600000000000364,67.32999999999981,4.950735294117501,True,2026-08-21|5.333|1
2026-08-21,5.416666666666667,285,1,4538.16,4530.81,4525.32,5.490000000000691,103.14300000000003,0.053227073092703234,False,2026-08-21 05:45:00,0.12,0.009695277430363667,0.6666666666666666,2026-08-21 23:57:00,4603.37,收盤,12.840000000000146,65.09000000000003,5.069314641744493,True,2026-08-21|5.417|1
2026-08-21,6.666666666666667,366,1,4539.05,4533.86,4526.79,7.069999999999709,103.14300000000003,0.06854561143266831,False,2026-08-21 07:06:00,0.12,0.009695277430363667,0.5,2026-08-21 23:57:00,4603.37,收盤,12.260000000000218,64.1999999999997,5.236541598694825,True,2026-08-21|6.667|1
2026-08-21,6.833333333333333,380,1,4541.38,4535.74,4531.56,4.1799999999993815,103.14300000000003,0.040526259658914134,False,2026-08-21 07:20:00,0.12,0.009695277430363667,0.48,2026-08-21 08:18:00,4531.56,停損,9.819999999999709,-9.939999999999708,-1.0122199592668026,True,2026-08-21|6.833|1
2026-08-21,6.916666666666667,387,1,4545.6,4539.25,4532.48,6.770000000000437,103.14300000000003,0.06563702820356626,False,2026-08-21 07:27:00,0.12,0.009695277430363667,0.48,2026-08-21 08:18:00,4532.48,停損,13.1200000000008,-13.2400000000008,-1.009146341463414,True,2026-08-21|6.917|1
2026-08-21,7.083333333333333,389,1,4546.77,4541.47,4536.1,5.369999999999891,103.14300000000003,0.05206363980105183,False,2026-08-21 07:29:00,0.12,0.009695277430363667,0.48,2026-08-21 08:09:00,4536.1,停損,10.670000000000073,-10.790000000000072,-1.0112464854732894,True,2026-08-21|7.083|1
2026-08-21,8.333333333333334,456,1,4540.62,4534.62,4530.54,4.079999999999927,103.14300000000003,0.039556731915883055,False,2026-08-21 08:36:00,0.12,0.009695277430363667,0.4,2026-08-21 23:57:00,4603.37,收盤,10.079999999999927,62.63,6.2132936507936956,True,2026-08-21|8.333|1
2026-08-21,8.166666666666666,469,1,4544.25,4538.72,4531.0,7.720000000000255,103.14300000000003,0.07484754176240999,False,2026-08-21 08:49:00,0.12,0.009695277430363667,0.3870967741935484,2026-08-21 23:57:00,4603.37,收盤,13.25,58.99999999999989,4.452830188679237,True,2026-08-21|8.167|1
2026-08-21,8.5,470,1,4546.17,4540.79,4529.18,11.609999999999673,103.14300000000003,0.112562170966519,False,2026-08-21 08:50:00,0.12,0.009695277430363667,0.3870967741935484,2026-08-21 23:57:00,4603.37,收盤,16.98999999999978,57.07999999999982,3.359623307828167,True,2026-08-21|8.5|1
2026-08-21,8.583333333333334,473,1,4548.72,4543.42,4535.35,8.069999999999709,103.14300000000003,0.07824088886303197,False,2026-08-21 08:53:00,0.12,0.009695277430363667,0.3870967741935484,2026-08-21 23:57:00,4603.37,收盤,13.36999999999989,54.52999999999964,4.078534031413619,True,2026-08-21|8.583|1
2026-08-21,8.666666666666666,476,1,4551.74,4546.51,4535.92,10.590000000000146,103.14300000000003,0.10267298798755264,False,2026-08-21 08:56:00,0.12,0.009695277430363667,0.3870967741935484,2026-08-21 23:57:00,4603.37,收盤,15.819999999999709,51.51000000000011,3.25600505689008,True,2026-08-21|8.667|1
2026-08-21,8.75,479,1,4555.04,4549.22,4541.71,7.510000000000218,103.14300000000003,0.07281153350203326,False,2026-08-21 08:59:00,0.12,0.009695277430363667,0.3870967741935484,2026-08-21 23:57:00,4603.37,收盤,13.329999999999927,48.20999999999993,3.6166541635408995,True,2026-08-21|8.75|1
2026-08-21,9.083333333333334,508,1,4557.33,4551.56,4545.58,5.980000000000473,103.14300000000003,0.05797775903357932,False,2026-08-21 09:28:00,0.12,0.009695277430363667,0.36363636363636365,2026-08-21 23:57:00,4603.37,收盤,11.75,45.919999999999966,3.908085106382976,True,2026-08-21|9.083|1
2026-08-21,8.916666666666666,514,1,4561.52,4556.3,4547.59,8.710000000000036,103.14300000000003,0.0844458664184679,False,2026-08-21 09:34:00,0.12,0.009695277430363667,0.35294117647058826,2026-08-21 23:57:00,4603.37,收盤,13.930000000000291,41.72999999999946,2.995692749461492,True,2026-08-21|8.917|1
2026-08-21,9.166666666666666,516,1,4564.94,4556.64,4545.58,11.0600000000004,103.14300000000003,0.10722976837982603,False,2026-08-21 09:36:00,0.12,0.009695277430363667,0.35294117647058826,2026-08-21 23:57:00,4603.37,收盤,19.359999999999673,38.310000000000294,1.9788223140496355,True,2026-08-21|9.167|1
2026-08-21,10.833333333333334,620,1,4572.74,4567.14,4560.88,6.260000000000218,103.14300000000003,0.060692436714078674,False,2026-08-21 11:20:00,0.12,0.009695277430363667,0.2926829268292683,2026-08-21 23:57:00,4603.37,收盤,11.859999999999673,30.510000000000108,2.5725126475548863,True,2026-08-21|10.833|1
2026-08-21,10.75,621,1,4573.97,4568.0,4560.88,7.119999999999891,103.14300000000003,0.06903037530418825,False,2026-08-21 11:21:00,0.12,0.009695277430363667,0.2926829268292683,2026-08-21 23:57:00,4603.37,收盤,13.090000000000146,29.279999999999635,2.2368220015278313,True,2026-08-21|10.75|1
2026-08-24,6.083333333333333,327,1,4647.4,4640.43,4633.5,6.930000000000291,101.26900000000005,0.06843160295846001,True,2026-08-24 06:27:00,0.12,0.06912283127116883,0.42857142857142855,2026-08-24 07:07:00,4633.5,停損,13.899999999999636,-14.019999999999635,-1.00863309352518,True,2026-08-24|6.083|1
2026-08-24,6.0,338,1,4649.68,4644.03,4634.76,9.269999999999527,101.26900000000005,0.09153837798338606,True,2026-08-24 06:38:00,0.12,0.06912283127116883,0.4090909090909091,2026-08-24 07:07:00,4634.76,停損,14.920000000000073,-15.040000000000072,-1.0080428954423593,True,2026-08-24|6.0|1
2026-08-24,7.666666666666667,437,1,4644.28,4639.07,4635.1,3.969999999999345,101.26900000000005,0.03920252002092786,True,2026-08-24 08:17:00,0.12,0.06912283127116883,0.3103448275862069,2026-08-24 08:31:00,4635.1,停損,9.179999999999382,-9.29999999999938,-1.0130718954248374,True,2026-08-24|7.667|1
2026-08-24,7.75,438,1,4645.61,4640.5,4635.96,4.539999999999964,101.26900000000005,0.04483109342444343,True,2026-08-24 08:18:00,0.12,0.06912283127116883,0.3103448275862069,2026-08-24 08:31:00,4635.96,停損,9.649999999999636,-9.769999999999635,-1.0124352331606221,True,2026-08-24|7.75|1
2026-08-24,8.75,487,1,4649.25,4643.25,4630.28,12.970000000000255,101.26900000000005,0.12807473165529676,True,2026-08-24 09:07:00,0.12,0.06912283127116883,0.28125,2026-08-24 10:51:00,4630.28,停損,18.970000000000255,-19.090000000000256,-1.0063257775434897,True,2026-08-24|8.75|1
2026-08-24,8.916666666666666,494,1,4651.68,4645.93,4637.56,8.36999999999989,101.26900000000005,0.08265115681995365,True,2026-08-24 09:14:00,0.12,0.06912283127116883,0.28125,2026-08-24 10:44:00,4637.56,停損,14.11999999999989,-14.23999999999989,-1.0084985835694051,True,2026-08-24|8.917|1
2026-08-24,9.0,499,1,4659.04,4651.73,4639.38,12.349999999999454,101.26900000000005,0.12195242374269963,True,2026-08-24 09:19:00,0.12,0.06912283127116883,0.2727272727272727,2026-08-24 10:43:00,4639.38,停損,19.659999999999854,-19.779999999999855,-1.0061037639877926,True,2026-08-24|9.0|1
2026-08-24,10.75,599,1,4643.33,4637.09,4630.24,6.850000000000364,101.26900000000005,0.06764162774393309,True,2026-08-24 10:59:00,0.12,0.06912283127116883,0.23076923076923078,2026-08-24 11:30:00,4630.24,停損,13.090000000000146,-13.210000000000145,-1.0091673032849502,True,2026-08-24|10.75|1
2026-08-25,2.3333333333333335,111,1,4681.68,4675.47,4669.24,6.230000000000473,101.70699999999997,0.061254387603611106,True,2026-08-25 02:51:00,0.12,0.03932865977759644,0.0,2026-08-25 04:24:00,4669.24,停損,12.44000000000051,-12.560000000000509,-1.0096463022508033,True,2026-08-25|2.333|1
2026-08-25,2.5,121,1,4688.59,4676.95,4667.71,9.239999999999782,101.70699999999997,0.09084920408624564,True,2026-08-25 03:01:00,0.12,0.03932865977759644,0.0,2026-08-25 04:25:00,4667.71,停損,20.88000000000011,-21.00000000000011,-1.0057471264367817,True,2026-08-25|2.5|1
2026-08-25,3.3333333333333335,152,1,4690.47,4683.78,4676.73,7.050000000000182,101.70699999999997,0.06931676285801552,True,2026-08-25 03:32:00,0.12,0.03932865977759644,0.0,2026-08-25 04:01:00,4676.73,停損,13.740000000000691,-13.86000000000069,-1.008733624454148,True,2026-08-25|3.333|1
2026-08-25,3.0,159,1,4695.37,4689.33,4675.48,13.850000000000364,101.70699999999997,0.13617548447993125,True,2026-08-25 03:39:00,0.12,0.03932865977759644,0.0,2026-08-25 04:01:00,4675.48,停損,19.890000000000327,-20.01000000000033,-1.0060331825037707,True,2026-08-25|3.0|1
2026-08-27,9.666666666666666,559,-1,4598.09,4609.72,4603.66,6.0600000000004,104.1960000000001,0.05815962225037808,True,2026-08-27 10:19:00,0.12,0.028791892203155565,0.43243243243243246,2026-08-27 18:55:00,4609.72,停損,11.63000000000011,-11.750000000000108,-1.0103181427343078,True,2026-08-27|9.667|-1
2026-08-27,10.083333333333334,566,-1,4595.65,4605.88,4601.22,4.6599999999998545,104.1960000000001,0.044723405888900246,True,2026-08-27 10:26:00,0.12,0.028791892203155565,0.43243243243243246,2026-08-27 11:04:00,4605.88,停損,10.230000000000473,-10.350000000000472,-1.0117302052785917,True,2026-08-27|10.083|-1
2026-08-28,8.333333333333334,459,-1,4575.46,4586.31,4580.7,5.610000000000582,101.3920000000001,0.05532980905791953,False,2026-08-28 08:39:00,0.12,0.009862711062016718,0.13333333333333333,2026-08-28 09:36:00,4586.31,停損,10.850000000000364,-10.970000000000363,-1.011059907834101,True,2026-08-28|8.333|-1
2026-08-28,8.25,463,-1,4573.63,4584.52,4579.11,5.410000000000764,101.3920000000001,0.053357266845517975,False,2026-08-28 08:43:00,0.12,0.009862711062016718,0.13333333333333333,2026-08-28 09:18:00,4584.52,停損,10.890000000000327,-11.010000000000327,-1.0110192837465561,True,2026-08-28|8.25|-1
2026-08-28,8.083333333333334,464,-1,4572.56,4582.92,4578.44,4.480000000000473,101.3920000000001,0.04418494555783956,False,2026-08-28 08:44:00,0.12,0.009862711062016718,0.13333333333333333,2026-08-28 09:13:00,4582.92,停損,10.359999999999673,-10.479999999999672,-1.0115830115830118,True,2026-08-28|8.083|-1
2026-08-31,2.0,91,-1,4451.47,4466.9,4459.82,7.079999999999927,111.38300000000008,0.06356445777183163,True,2026-08-31 02:31:00,0.12,0.0,0.6666666666666666,2026-08-31 03:36:00,4466.9,停損,15.429999999999382,-15.54999999999938,-1.0077770576798448,True,2026-08-31|2.0|-1
2026-08-31,2.3333333333333335,102,-1,4447.93,4465.23,4455.26,9.969999999999345,111.38300000000008,0.08951096666456584,True,2026-08-31 02:42:00,0.12,0.0,0.6666666666666666,2026-08-31 03:33:00,4465.23,停損,17.299999999999272,-17.419999999999273,-1.0069364161849714,True,2026-08-31|2.333|-1
2026-08-31,2.4166666666666665,106,-1,4443.81,4459.8,4451.38,8.420000000000073,111.38300000000008,0.07559501898853566,True,2026-08-31 02:46:00,0.12,0.0,0.5714285714285714,2026-08-31 03:00:00,4459.8,停損,15.989999999999782,-16.109999999999783,-1.00750469043152,True,2026-08-31|2.417|-1
2026-08-31,2.5833333333333335,109,-1,4440.39,4454.79,4446.63,8.159999999999854,111.38300000000008,0.07326073099126301,True,2026-08-31 02:49:00,0.12,0.0,0.5714285714285714,2026-08-31 02:58:00,4454.79,停損,14.399999999999636,-14.519999999999635,-1.0083333333333335,True,2026-08-31|2.583|-1
2026-08-31,3.5833333333333335,180,-1,4456.35,4472.08,4462.61,9.470000000000255,111.38300000000008,0.08502195128520733,True,2026-08-31 04:00:00,0.12,0.03591212303493349,0.9090909090909091,2026-08-31 23:58:00,4448.43,收盤,15.729999999999563,7.800000000000073,0.4958677685950597,True,2026-08-31|3.583|-1
2026-08-31,3.4166666666666665,181,-1,4445.53,4466.11,4452.33,13.779999999999745,111.38300000000008,0.1237172638553436,True,2026-08-31 04:01:00,0.12,0.03591212303493349,0.8333333333333334,2026-08-31 23:58:00,4448.43,收盤,20.579999999999927,-3.020000000000546,-0.14674441205056155,True,2026-08-31|3.417|-1
2026-08-31,4.333333333333333,230,-1,4437.54,4454.35,4443.26,11.090000000000146,111.38300000000008,0.09956636111435441,True,2026-08-31 04:50:00,0.12,0.03591212303493349,0.6666666666666666,2026-08-31 13:53:00,4454.35,停損,16.8100000000004,-16.9300000000004,-1.0071386079714455,True,2026-08-31|4.333|-1
2026-08-31,4.583333333333333,241,-1,4433.5,4453.87,4439.64,14.229999999999563,111.38300000000008,0.12775737769677198,True,2026-08-31 05:01:00,0.12,0.03591212303493349,0.625,2026-08-31 13:53:00,4453.87,停損,20.36999999999989,-20.489999999999892,-1.0058910162002945,True,2026-08-31|4.583|-1
2026-08-31,4.416666666666667,243,-1,4430.18,4450.48,4436.57,13.909999999999854,111.38300000000008,0.12488440785397992,True,2026-08-31 05:03:00,0.12,0.03591212303493349,0.625,2026-08-31 13:07:00,4450.48,停損,20.299999999999272,-20.419999999999273,-1.0059113300492613,True,2026-08-31|4.417|-1
2026-08-31,4.916666666666667,274,-1,4411.28,4446.76,4418.59,28.170000000000073,111.38300000000008,0.25291112647351977,True,2026-08-31 05:34:00,0.12,0.03591212303493349,0.5555555555555556,2026-08-31 10:28:00,4446.76,停損,35.48000000000047,-35.60000000000047,-1.0033821871476887,True,2026-08-31|4.917|-1
2026-08-31,5.416666666666667,281,-1,4403.53,4428.14,4411.19,16.950000000000728,111.38300000000008,0.1521776213605372,True,2026-08-31 05:41:00,0.12,0.03591212303493349,0.5555555555555556,2026-08-31 06:15:00,4428.14,停損,24.610000000000582,-24.730000000000583,-1.0048760666395773,True,2026-08-31|5.417|-1
2026-08-31,6.25,339,-1,4420.89,4434.04,4427.64,6.399999999999636,111.38300000000008,0.05745939685589032,True,2026-08-31 06:39:00,0.12,0.03591212303493349,0.45454545454545453,2026-08-31 08:25:00,4434.04,停損,13.149999999999636,-13.269999999999635,-1.0091254752851713,True,2026-08-31|6.25|-1
2026-08-31,6.333333333333333,340,-1,4420.73,4434.04,4426.39,7.649999999999636,111.38300000000008,0.06868193530430704,True,2026-08-31 06:40:00,0.12,0.03591212303493349,0.45454545454545453,2026-08-31 08:25:00,4434.04,停損,13.3100000000004,-13.4300000000004,-1.0090157776108186,True,2026-08-31|6.333|-1
2026-08-31,6.833333333333333,390,-1,4415.98,4426.98,4421.55,5.4299999999993815,111.38300000000008,0.04875070701991666,True,2026-08-31 07:30:00,0.12,0.03591212303493349,0.4,2026-08-31 08:04:00,4426.98,停損,11.0,-11.12,-1.0109090909090908,True,2026-08-31|6.833|-1
2026-09-01,10.75,605,-1,4411.36,4423.3,4417.02,6.279999999999745,112.78000000000011,0.05568363184961641,False,2026-09-01 11:05:00,0.12,0.0,0.225,2026-09-01 23:58:00,4328.87,收盤,11.94000000000051,82.36999999999978,6.898659966498849,True,2026-09-01|10.75|-1
2026-09-01,10.916666666666666,609,-1,4404.47,4422.29,4410.48,11.8100000000004,112.78000000000011,0.10471714843057624,False,2026-09-01 11:09:00,0.12,0.0,0.225,2026-09-01 23:58:00,4328.87,收盤,17.81999999999971,75.48000000000036,4.235690235690325,True,2026-09-01|10.917|-1
2026-09-02,5.666666666666667,298,-1,4301.51,4313.78,4308.98,4.800000000000182,115.93700000000008,0.04140179580289449,True,2026-09-02 05:58:00,0.12,0.008625374125602691,0.3157894736842105,2026-09-02 08:19:00,4313.78,停損,12.269999999999527,-12.389999999999526,-1.0097799511002448,True,2026-09-02|5.667|-1
2026-09-02,5.583333333333333,303,-1,4299.92,4314.8,4306.54,8.260000000000218,115.93700000000008,0.07124559027748012,True,2026-09-02 06:03:00,0.12,0.008625374125602691,0.3,2026-09-02 08:31:00,4314.8,停損,14.88000000000011,-15.000000000000108,-1.0080645161290323,True,2026-09-02|5.583|-1
2026-09-02,5.75,306,-1,4298.25,4311.21,4305.48,5.730000000000473,115.93700000000008,0.04942339373970751,True,2026-09-02 06:06:00,0.12,0.008625374125602691,0.3,2026-09-02 08:16:00,4311.21,停損,12.960000000000036,-13.080000000000036,-1.009259259259259,True,2026-09-02|5.75|-1
2026-09-02,5.833333333333333,321,-1,4294.25,4310.82,4300.31,10.509999999999309,115.93700000000008,0.09065268206007833,True,2026-09-02 06:21:00,0.12,0.008625374125602691,0.2857142857142857,2026-09-02 08:16:00,4310.82,停損,16.56999999999971,-16.68999999999971,-1.007242003621002,True,2026-09-02|5.833|-1
2026-09-02,5.916666666666667,324,-1,4291.21,4306.22,4299.14,7.079999999999927,115.93700000000008,0.061067648809266434,True,2026-09-02 06:24:00,0.12,0.008625374125602691,0.2857142857142857,2026-09-02 07:09:00,4306.22,停損,15.010000000000218,-15.130000000000217,-1.0079946702198532,True,2026-09-02|5.917|-1
2026-09-02,6.0,333,-1,4290.72,4304.25,4296.94,7.3100000000004,115.93700000000008,0.06305148485815913,True,2026-09-02 06:33:00,0.12,0.008625374125602691,0.2727272727272727,2026-09-02 07:04:00,4304.25,停損,13.529999999999745,-13.649999999999745,-1.008869179600887,True,2026-09-02|6.0|-1
2026-09-03,2.4166666666666665,125,1,4389.34,4383.79,4381.73,2.0600000000004,107.49099999999999,0.019164395158668173,True,2026-09-03 03:05:00,0.12,0.009303104445953616,0.75,2026-09-03 23:58:00,4473.33,收盤,7.610000000000582,83.86999999999978,11.021024967147616,True,2026-09-03|2.417|1
2026-09-03,2.5833333333333335,132,1,4392.29,4385.45,4381.18,4.269999999999527,107.49099999999999,0.03972425598421754,True,2026-09-03 03:12:00,0.12,0.009303104445953616,0.75,2026-09-03 23:58:00,4473.33,收盤,11.109999999999673,80.91999999999996,7.283528352835495,True,2026-09-03|2.583|1
2026-09-03,3.5,180,1,4395.49,4389.67,4382.55,7.119999999999891,107.49099999999999,0.06623810365518873,True,2026-09-03 04:00:00,0.12,0.009303104445953616,0.5454545454545454,2026-09-03 23:58:00,4473.33,收盤,12.9399999999996,77.72000000000014,6.00618238021658,True,2026-09-03|3.5|1
2026-09-03,3.4166666666666665,185,1,4395.65,4390.27,4382.79,7.480000000000473,107.49099999999999,0.06958722125573745,True,2026-09-03 04:05:00,0.12,0.009303104445953616,0.5,2026-09-03 23:58:00,4473.33,收盤,12.859999999999673,77.56000000000029,6.03110419906705,True,2026-09-03|3.417|1
2026-09-03,3.75,189,1,4401.29,4393.92,4385.82,8.100000000000364,107.49099999999999,0.07535514601222768,True,2026-09-03 04:09:00,0.12,0.009303104445953616,0.5,2026-09-03 23:58:00,4473.33,收盤,15.470000000000255,71.91999999999996,4.648998060762687,True,2026-09-03|3.75|1
2026-09-03,3.8333333333333335,191,1,4405.05,4397.8,4389.37,8.430000000000291,107.49099999999999,0.0784251704793917,True,2026-09-03 04:11:00,0.12,0.009303104445953616,0.5,2026-09-03 23:58:00,4473.33,收盤,15.680000000000291,68.15999999999974,4.3469387755101065,True,2026-09-03|3.833|1
2026-09-03,4.0,212,1,4408.9,4403.03,4387.36,15.670000000000073,107.49099999999999,0.14577964666809384,True,2026-09-03 04:32:00,0.12,0.009303104445953616,0.42857142857142855,2026-09-03 23:58:00,4473.33,收盤,21.539999999999964,64.31000000000029,2.9856081708449578,True,2026-09-03|4.0|1
2026-09-03,4.25,215,1,4409.16,4403.71,4395.27,8.4399999999996,107.49099999999999,0.0785182015238448,True,2026-09-03 04:35:00,0.12,0.009303104445953616,0.42857142857142855,2026-09-03 23:58:00,4473.33,收盤,13.889999999999418,64.05000000000007,4.611231101512077,True,2026-09-03|4.25|1
2026-09-03,4.416666666666667,243,1,4415.28,4409.27,4394.05,15.220000000000255,107.49099999999999,0.1415932496674164,True,2026-09-03 05:03:00,0.12,0.009303104445953616,0.375,2026-09-03 23:58:00,4473.33,收盤,21.229999999999563,57.930000000000184,2.7286858219501355,True,2026-09-03|4.417|1
2026-09-03,5.333333333333333,291,1,4418.57,4412.52,4406.79,5.730000000000473,107.49099999999999,0.05330678847531862,True,2026-09-03 05:51:00,0.12,0.009303104445953616,0.3157894736842105,2026-09-03 23:58:00,4473.33,收盤,11.779999999999745,54.64000000000022,4.63837011884562,True,2026-09-03|5.333|1
2026-09-03,5.25,295,1,4419.77,4413.24,4406.79,6.449999999999818,107.49099999999999,0.06000502367639913,True,2026-09-03 05:55:00,0.12,0.009303104445953616,0.3157894736842105,2026-09-03 23:58:00,4473.33,收盤,12.980000000000473,53.43999999999949,4.1171032357471145,True,2026-09-03|5.25|1
2026-09-03,5.416666666666667,304,1,4422.69,4417.31,4407.75,9.5600000000004,107.49099999999999,0.0889376785033203,True,2026-09-03 06:04:00,0.12,0.009303104445953616,0.3,2026-09-03 23:58:00,4473.33,收盤,14.9399999999996,50.52000000000033,3.3815261044177833,True,2026-09-03|5.417|1
2026-09-03,5.5,305,1,4424.38,4418.12,4409.5,8.61999999999989,107.49099999999999,0.08019276032411915,True,2026-09-03 06:05:00,0.12,0.009303104445953616,0.3,2026-09-03 23:58:00,4473.33,收盤,14.88000000000011,48.82999999999982,3.28158602150534,True,2026-09-03|5.5|1
2026-09-03,5.75,308,1,4425.75,4420.13,4411.57,8.5600000000004,107.49099999999999,0.07963457405736668,True,2026-09-03 06:08:00,0.12,0.009303104445953616,0.3,2026-09-03 23:58:00,4473.33,收盤,14.180000000000291,47.45999999999993,3.3469675599435087,True,2026-09-03|5.75|1
2026-09-03,5.833333333333333,313,1,4428.09,4420.52,4415.96,4.5600000000004,107.49099999999999,0.04242215627355221,True,2026-09-03 06:13:00,0.12,0.009303104445953616,0.3,2026-09-03 23:58:00,4473.33,收盤,12.13000000000011,45.119999999999784,3.719703215168951,True,2026-09-03|5.833|1
2026-09-03,5.916666666666667,331,1,4431.49,4425.24,4419.01,6.229999999999563,107.49099999999999,0.05795834069828697,True,2026-09-03 06:31:00,0.12,0.009303104445953616,0.2727272727272727,2026-09-03 09:25:00,4419.01,停損,12.479999999999563,-12.599999999999563,-1.0096153846153848,True,2026-09-03|5.917|1
2026-09-03,6.0,333,1,4431.62,4426.24,4419.51,6.729999999999563,107.49099999999999,0.06260989292126377,True,2026-09-03 06:33:00,0.12,0.009303104445953616,0.2727272727272727,2026-09-03 09:25:00,4419.51,停損,12.109999999999673,-12.229999999999672,-1.0099091659785304,True,2026-09-03|6.0|1
2026-09-03,8.333333333333334,469,1,4435.85,4428.73,4422.79,5.9399999999996,107.49099999999999,0.055260440408960755,True,2026-09-03 08:49:00,0.12,0.009303104445953616,0.1935483870967742,2026-09-03 09:24:00,4422.79,停損,13.0600000000004,-13.1800000000004,-1.0091883614088817,True,2026-09-03|8.333|1
2026-09-03,8.25,471,1,4438.67,4430.78,4422.79,7.989999999999782,107.49099999999999,0.07433180452316736,True,2026-09-03 08:51:00,0.12,0.009303104445953616,0.1935483870967742,2026-09-03 09:24:00,4422.79,停損,15.88000000000011,-16.00000000000011,-1.0075566750629723,True,2026-09-03|8.25|1
2026-09-03,9.416666666666666,545,1,4431.33,4423.96,4418.84,5.119999999999891,107.49099999999999,0.0476318947632815,True,2026-09-03 10:05:00,0.12,0.009303104445953616,0.16666666666666666,2026-09-03 23:58:00,4473.33,收盤,12.489999999999782,41.88,3.353082465972837,True,2026-09-03|9.417|1
2026-09-03,10.416666666666666,604,1,4438.61,4430.14,4425.42,4.720000000000255,107.49099999999999,0.04391065298490344,True,2026-09-03 11:04:00,0.12,0.009303104445953616,0.15,2026-09-03 13:10:00,4425.42,停損,13.1899999999996,-13.309999999999599,-1.0090978013646705,True,2026-09-03|10.417|1
2026-09-07,3.3333333333333335,178,-1,4413.68,4427.36,4422.27,5.089999999999236,111.60899999999992,0.04560564112212492,True,2026-09-07 03:58:00,0.12,0.008959850908080895,0.2727272727272727,2026-09-07 21:30:00,4406.25,收盤,13.679999999999382,7.310000000000291,0.5343567251462442,True,2026-09-07|3.333|-1
2026-09-07,3.4166666666666665,179,-1,4413.02,4427.21,4418.63,8.579999999999927,111.60899999999992,0.07687552079133343,True,2026-09-07 03:59:00,0.12,0.008959850908080895,0.2727272727272727,2026-09-07 21:30:00,4406.25,收盤,14.1899999999996,6.6500000000004365,0.4686398872445824,True,2026-09-07|3.417|-1
2026-09-07,3.5,180,-1,4412.64,4423.93,4418.51,5.420000000000073,111.60899999999992,0.048562391921799106,True,2026-09-07 04:00:00,0.12,0.008959850908080895,0.2727272727272727,2026-09-07 21:30:00,4406.25,收盤,11.289999999999964,6.270000000000327,0.5553587245350174,True,2026-09-07|3.5|-1
2026-09-07,3.8333333333333335,190,-1,4403.05,4427.49,4410.21,17.279999999999745,111.60899999999992,0.1548262236916356,True,2026-09-07 04:10:00,0.12,0.008959850908080895,0.25,2026-09-07 21:30:00,4406.25,收盤,24.4399999999996,-3.319999999999818,-0.13584288052372637,True,2026-09-07|3.833|-1
2026-09-07,3.9166666666666665,193,-1,4399.86,4422.68,4407.32,15.360000000000582,111.60899999999992,0.13762330994812777,True,2026-09-07 04:13:00,0.12,0.008959850908080895,0.25,2026-09-07 11:20:00,4422.68,停損,22.82000000000062,-22.94000000000062,-1.0052585451358456,True,2026-09-07|3.917|-1
2026-09-07,4.0,194,-1,4395.77,4415.88,4401.6,14.279999999999745,111.60899999999992,0.1279466709673929,True,2026-09-07 04:14:00,0.12,0.008959850908080895,0.25,2026-09-07 04:53:00,4415.88,停損,20.109999999999673,-20.229999999999674,-1.0059671805072106,True,2026-09-07|4.0|-1
2026-09-07,5.666666666666667,302,-1,4407.79,4419.04,4413.67,5.369999999999891,111.60899999999992,0.04811439937639343,True,2026-09-07 06:02:00,0.12,0.008959850908080895,0.15,2026-09-07 11:16:00,4419.04,停損,11.25,-11.37,-1.0106666666666666,True,2026-09-07|5.667|-1
2026-09-07,5.583333333333333,307,-1,4406.38,4418.58,4412.86,5.720000000000255,111.60899999999992,0.051250347194225006,True,2026-09-07 06:07:00,0.12,0.008959850908080895,0.15,2026-09-07 11:16:00,4418.58,停損,12.199999999999818,-12.319999999999817,-1.0098360655737706,True,2026-09-07|5.583|-1
2026-09-07,7.166666666666667,396,-1,4397.07,4407.26,4402.82,4.440000000000509,111.60899999999992,0.03978173803188374,True,2026-09-07 07:36:00,0.12,0.008959850908080895,0.11538461538461539,2026-09-07 08:28:00,4407.26,停損,10.19000000000051,-10.310000000000509,-1.0117762512266921,True,2026-09-07|7.167|-1
2026-09-07,7.0,398,-1,4395.29,4405.21,4401.46,3.75,111.60899999999992,0.03359944090530336,True,2026-09-07 07:38:00,0.12,0.008959850908080895,0.11538461538461539,2026-09-07 08:19:00,4405.21,停損,9.920000000000073,-10.040000000000072,-1.0120967741935483,True,2026-09-07|7.0|-1
2026-09-07,8.416666666666666,471,-1,4398.8,4413.26,4404.48,8.780000000000655,111.60899999999992,0.07866749097295613,True,2026-09-07 08:51:00,0.12,0.008959850908080895,0.0967741935483871,2026-09-07 11:03:00,4413.26,停損,14.460000000000036,-14.580000000000036,-1.008298755186722,True,2026-09-07|8.417|-1
2026-09-07,8.333333333333334,475,-1,4396.28,4411.69,4402.43,9.259999999999309,111.60899999999992,0.0829682194088229,True,2026-09-07 08:55:00,0.12,0.008959850908080895,0.0967741935483871,2026-09-07 11:03:00,4411.69,停損,15.409999999999854,-15.529999999999854,-1.0077871512005192,True,2026-09-07|8.333|-1
2026-09-07,8.583333333333334,477,-1,4395.39,4410.55,4401.54,9.010000000000218,111.60899999999992,0.08072825668181083,True,2026-09-07 08:57:00,0.12,0.008959850908080895,0.0967741935483871,2026-09-07 11:02:00,4410.55,停損,15.159999999999854,-15.279999999999854,-1.007915567282322,True,2026-09-07|8.583|-1
2026-09-07,8.75,485,-1,4387.69,4406.58,4395.38,11.199999999999818,111.60899999999992,0.1003503301705044,True,2026-09-07 09:05:00,0.12,0.008959850908080895,0.09375,2026-09-07 11:00:00,4406.58,停損,18.890000000000327,-19.01000000000033,-1.0063525674960296,True,2026-09-07|8.75|-1
2026-09-07,8.833333333333334,489,-1,4387.27,4403.19,4393.15,10.039999999999964,111.60899999999992,0.08995690311713186,True,2026-09-07 09:09:00,0.12,0.008959850908080895,0.09375,2026-09-07 10:56:00,4403.19,停損,15.919999999999163,-16.039999999999164,-1.0075376884422116,True,2026-09-07|8.833|-1
2026-09-08,3.9166666666666665,206,1,4434.81,4428.73,4417.18,11.549999999999272,108.39799999999995,0.10655178139817412,False,2026-09-08 04:26:00,0.12,0.009225262458716955,0.0,2026-09-08 09:02:00,4417.18,停損,17.63000000000011,-17.75000000000011,-1.006806579693704,True,2026-09-08|3.917|1
2026-09-08,4.166666666666667,228,1,4437.8,4431.49,4421.24,10.25,108.39799999999995,0.09455894020184878,False,2026-09-08 04:48:00,0.12,0.009225262458716955,0.0,2026-09-08 08:30:00,4421.24,停損,16.5600000000004,-16.6800000000004,-1.007246376811594,True,2026-09-08|4.167|1
2026-09-08,5.916666666666667,311,1,4430.92,4425.45,4422.3,3.149999999999636,108.39799999999995,0.02905957674495505,False,2026-09-08 06:11:00,0.12,0.009225262458716955,0.0,2026-09-08 08:29:00,4422.3,停損,8.61999999999989,-8.73999999999989,-1.0139211136890953,True,2026-09-08|5.917|1
2026-09-08,5.833333333333333,319,1,4433.26,4425.72,4421.27,4.449999999999818,108.39799999999995,0.04105241794128877,False,2026-09-08 06:19:00,0.12,0.009225262458716955,0.0,2026-09-08 08:30:00,4421.27,停損,11.989999999999782,-12.109999999999781,-1.0100083402835698,True,2026-09-08|5.833|1
2026-09-08,5.666666666666667,320,1,4435.26,4428.06,4422.65,5.410000000000764,108.39799999999995,0.04990866990166577,False,2026-09-08 06:20:00,0.12,0.009225262458716955,0.0,2026-09-08 08:28:00,4422.65,停損,12.610000000000582,-12.730000000000581,-1.0095162569389369,True,2026-09-08|5.667|1
2026-09-08,6.0,321,1,4439.1,4430.54,4422.61,7.930000000000291,108.39799999999995,0.07315633129762814,False,2026-09-08 06:21:00,0.12,0.009225262458716955,0.0,2026-09-08 08:28:00,4422.61,停損,16.49000000000069,-16.610000000000692,-1.0072771376591871,True,2026-09-08|6.0|1
2026-09-08,6.5,361,1,4441.06,4435.06,4430.62,4.440000000000509,108.39799999999995,0.04096016531670798,False,2026-09-08 07:01:00,0.12,0.009225262458716955,0.0,2026-09-08 08:10:00,4430.62,停損,10.44000000000051,-10.560000000000509,-1.0114942528735626,True,2026-09-08|6.5|1
2026-09-09,2.5,114,-1,4350.76,4359.98,4356.83,3.149999999999636,108.95899999999992,0.02890995695628299,True,2026-09-09 02:54:00,0.12,0.009177764113106772,0.8571428571428571,2026-09-09 03:54:00,4359.98,停損,9.219999999999345,-9.339999999999344,-1.0130151843817796,True,2026-09-09|2.5|-1
2026-09-09,2.4166666666666665,121,-1,4347.05,4359.98,4353.73,6.25,108.95899999999992,0.057361025706917326,True,2026-09-09 03:01:00,0.12,0.009177764113106772,0.75,2026-09-09 03:54:00,4359.98,停損,12.929999999999382,-13.04999999999938,-1.009280742459397,True,2026-09-09|2.417|-1
2026-09-09,2.75,143,-1,4343.48,4358.62,4350.39,8.229999999999563,108.95899999999992,0.07553299865086473,True,2026-09-09 03:23:00,0.12,0.009177764113106772,0.6666666666666666,2026-09-09 03:53:00,4358.62,停損,15.140000000000327,-15.260000000000327,-1.0079260237780712,True,2026-09-09|2.75|-1
2026-09-09,6.666666666666667,371,-1,4370.9,4380.0,4377.12,2.880000000000109,108.95899999999992,0.026431960645748504,True,2026-09-09 07:11:00,0.12,0.018355528226213544,0.7916666666666666,2026-09-09 07:29:00,4380.0,停損,9.100000000000364,-9.220000000000363,-1.0131868131868125,True,2026-09-09|6.667|-1
2026-09-11,2.3333333333333335,116,-1,4312.11,4320.55,4317.79,2.7600000000002183,113.48499999999986,0.024320394765830037,True,2026-09-11 02:56:00,0.12,0.02643521170198708,0.0,2026-09-11 03:03:00,4320.55,停損,8.44000000000051,-8.560000000000509,-1.0142180094786721,True,2026-09-11|2.333|-1
2026-09-11,4.083333333333333,204,-1,4324.69,4340.4,4332.74,7.6599999999998545,113.48499999999986,0.06749790721240573,True,2026-09-11 04:24:00,0.12,0.02643521170198708,0.9230769230769231,2026-09-11 08:35:00,4340.4,停損,15.710000000000036,-15.830000000000036,-1.0076384468491406,True,2026-09-11|4.083|-1
2026-09-11,3.9166666666666665,205,-1,4321.42,4340.45,4328.09,12.359999999999673,113.48499999999986,0.10891307221218388,True,2026-09-11 04:25:00,0.12,0.02643521170198708,0.9230769230769231,2026-09-11 08:35:00,4340.45,停損,19.029999999999745,-19.149999999999746,-1.0063058328954284,True,2026-09-11|3.917|-1
2026-09-11,5.166666666666667,271,-1,4322.67,4334.62,4328.97,5.649999999999636,113.48499999999986,0.04978631537207246,True,2026-09-11 05:31:00,0.12,0.02643521170198708,0.6666666666666666,2026-09-11 07:52:00,4334.62,停損,11.949999999999818,-12.069999999999817,-1.0100418410041843,True,2026-09-11|5.167|-1
2026-09-11,4.916666666666667,272,-1,4318.43,4332.99,4324.38,8.609999999999673,113.48499999999986,0.07586905758470003,True,2026-09-11 05:32:00,0.12,0.02643521170198708,0.6666666666666666,2026-09-11 07:51:00,4332.99,停損,14.55999999999949,-14.67999999999949,-1.0082417582417584,True,2026-09-11|4.917|-1
2026-09-11,5.333333333333333,276,-1,4317.26,4333.84,4323.56,10.279999999999745,113.48499999999986,0.09058465876547349,True,2026-09-11 05:36:00,0.12,0.02643521170198708,0.6666666666666666,2026-09-11 07:52:00,4333.84,停損,16.579999999999927,-16.69999999999993,-1.0072376357056696,True,2026-09-11|5.333|-1
2026-09-11,5.833333333333333,312,-1,4315.32,4326.83,4321.05,5.779999999999745,113.48499999999986,0.05093184121249286,True,2026-09-11 06:12:00,0.12,0.02643521170198708,0.6,2026-09-11 07:25:00,4326.83,停損,11.510000000000218,-11.630000000000217,-1.0104257167680275,True,2026-09-11|5.833|-1
2026-09-11,5.75,322,-1,4309.5,4326.83,4315.99,10.840000000000146,113.48499999999986,0.0955192316165146,True,2026-09-11 06:22:00,0.12,0.02643521170198708,0.5714285714285714,2026-09-11 07:25:00,4326.83,停損,17.329999999999927,-17.44999999999993,-1.006924408540104,True,2026-09-11|5.75|-1
2026-09-11,6.0,323,-1,4305.55,4326.53,4315.04,11.489999999999782,113.48499999999986,0.10124686081860859,True,2026-09-11 06:23:00,0.12,0.02643521170198708,0.5714285714285714,2026-09-11 07:25:00,4326.53,停損,20.979999999999563,-21.099999999999564,-1.0057197330791232,True,2026-09-11|6.0|-1
2026-09-11,9.916666666666666,575,-1,4345.03,4356.21,4350.84,5.369999999999891,113.48499999999986,0.04731902894655591,True,2026-09-11 10:35:00,0.12,0.0,0.8421052631578947,2026-09-11 11:25:00,4356.21,停損,11.180000000000291,-11.30000000000029,-1.0107334525939173,True,2026-09-11|9.917|-1
2026-09-11,10.0,578,-1,4344.12,4356.21,4349.9,6.3100000000004,113.48499999999986,0.05560206194651635,True,2026-09-11 10:38:00,0.12,0.0,0.8421052631578947,2026-09-11 11:25:00,4356.21,停損,12.090000000000146,-12.210000000000145,-1.009925558312655,True,2026-09-11|10.0|-1
2026-09-11,10.25,592,-1,4340.8,4352.36,4347.8,4.559999999999491,113.48499999999986,0.040181521787015874,True,2026-09-11 10:52:00,0.12,0.0,0.8205128205128205,2026-09-11 11:25:00,4352.36,停損,11.55999999999949,-11.67999999999949,-1.0103806228373706,True,2026-09-11|10.25|-1
2026-09-16,5.75,301,1,4324.14,4316.95,4310.89,6.059999999999491,100.21399999999994,0.06047059293112234,False,2026-09-16 06:01:00,0.12,0.009978645698205845,0.55,2026-09-16 21:13:00,4310.89,停損,13.25,-13.37,-1.0090566037735849,True,2026-09-16|5.75|1
2026-09-16,5.833333333333333,306,1,4328.72,4323.49,4313.74,9.75,100.21399999999994,0.09729179555750699,False,2026-09-16 06:06:00,0.12,0.009978645698205845,0.55,2026-09-16 21:13:00,4313.74,停損,14.980000000000473,-15.100000000000472,-1.0080106809078768,True,2026-09-16|5.833|1
2026-09-16,5.916666666666667,313,1,4333.71,4328.63,4315.95,12.680000000000291,100.21399999999994,0.126529227453253,False,2026-09-16 06:13:00,0.12,0.009978645698205845,0.55,2026-09-16 21:03:00,4315.95,停損,17.76000000000022,-17.88000000000022,-1.0067567567567568,True,2026-09-16|5.917|1
2026-09-16,6.0,314,1,4337.25,4330.72,4321.5,9.220000000000255,100.21399999999994,0.09200311333746043,False,2026-09-16 06:14:00,0.12,0.009978645698205845,0.55,2026-09-16 07:49:00,4321.5,停損,15.75,-15.87,-1.0076190476190476,True,2026-09-16|6.0|1
2026-09-16,7.916666666666667,454,1,4328.37,4322.95,4320.8,2.149999999999636,100.21399999999994,0.021454088251138936,False,2026-09-16 08:34:00,0.12,0.009978645698205845,0.36666666666666664,2026-09-16 21:02:00,4320.8,停損,7.569999999999709,-7.689999999999709,-1.0158520475561432,True,2026-09-16|7.917|1
2026-09-16,8.0,459,1,4329.93,4324.45,4320.8,3.649999999999636,100.21399999999994,0.036422056798447705,False,2026-09-16 08:39:00,0.12,0.009978645698205845,0.36666666666666664,2026-09-16 21:02:00,4320.8,停損,9.13000000000011,-9.250000000000108,-1.0131434830230008,True,2026-09-16|8.0|1
2026-09-16,8.166666666666666,463,1,4331.07,4325.9,4321.14,4.759999999999309,100.21399999999994,0.04749835352345293,False,2026-09-16 08:43:00,0.12,0.009978645698205845,0.36666666666666664,2026-09-16 21:02:00,4321.14,停損,9.929999999999382,-10.04999999999938,-1.0120845921450157,True,2026-09-16|8.167|1
2026-09-16,8.25,465,1,4332.85,4326.33,4321.57,4.760000000000218,100.21399999999994,0.047498353523462,False,2026-09-16 08:45:00,0.12,0.009978645698205845,0.36666666666666664,2026-09-16 09:07:00,4321.57,停損,11.280000000000655,-11.400000000000654,-1.0106382978723398,True,2026-09-16|8.25|1
2026-09-16,9.5,540,1,4332.96,4327.4,4323.8,3.5999999999994543,100.21399999999994,0.0359231245135356,False,2026-09-16 10:00:00,0.12,0.009978645698205845,0.3142857142857143,2026-09-16 11:12:00,4323.8,停損,9.159999999999854,-9.279999999999854,-1.0131004366812228,True,2026-09-16|9.5|1
2026-09-16,9.416666666666666,541,1,4333.9,4328.1,4324.65,3.4500000000007276,100.21399999999994,0.034426327658817424,False,2026-09-16 10:01:00,0.12,0.009978645698205845,0.3055555555555556,2026-09-16 11:07:00,4324.65,停損,9.25,-9.37,-1.0129729729729728,True,2026-09-16|9.417|1
2026-09-16,9.75,558,1,4337.08,4330.83,4325.41,5.420000000000073,100.21399999999994,0.05408425968427641,False,2026-09-16 10:18:00,0.12,0.009978645698205845,0.2972972972972973,2026-09-16 11:04:00,4325.41,停損,11.670000000000073,-11.790000000000072,-1.0102827763496143,True,2026-09-16|9.75|1
2026-09-16,10.916666666666666,623,1,4336.72,4330.65,4325.0,5.649999999999636,100.21399999999994,0.056379348194859395,False,2026-09-16 11:23:00,0.12,0.009978645698205845,0.2682926829268293,2026-09-16 11:39:00,4325.0,停損,11.720000000000255,-11.840000000000254,-1.010238907849829,True,2026-09-16|10.917|1
2026-09-17,3.3333333333333335,179,-1,4277.38,4289.55,4283.32,6.230000000000473,101.93199999999997,0.06111917749088092,True,2026-09-17 03:59:00,0.12,0.029431385629635452,0.9090909090909091,2026-09-17 04:01:00,4289.55,停損,12.170000000000073,-12.290000000000072,-1.0098603122432208,True,2026-09-17|3.333|-1
2026-09-17,5.583333333333333,295,-1,4276.14,4290.91,4281.53,9.38000000000011,101.93199999999997,0.09202213240199458,True,2026-09-17 05:55:00,0.12,0.058862771259270905,0.7368421052631579,2026-09-17 06:31:00,4290.91,停損,14.769999999999527,-14.889999999999526,-1.0081245768449563,True,2026-09-17|5.583|-1
2026-09-22,8.833333333333334,488,-1,4316.02,4333.14,4323.03,10.110000000000582,96.00199999999995,0.10531030603529705,True,2026-09-22 09:08:00,0.12,0.06249869794379287,0.25,2026-09-22 11:53:00,4333.14,停損,17.11999999999989,-17.239999999999892,-1.0070093457943927,True,2026-09-22|8.833|-1
2026-09-22,10.166666666666666,571,-1,4312.3,4324.27,4317.94,6.330000000000837,96.00199999999995,0.06593612633071019,True,2026-09-22 10:31:00,0.12,0.06249869794379287,0.21052631578947367,2026-09-22 11:50:00,4324.27,停損,11.970000000000255,-12.090000000000254,-1.0100250626566414,True,2026-09-22|10.167|-1
2026-09-22,9.916666666666666,573,-1,4309.89,4321.34,4315.26,6.079999999999927,96.00199999999995,0.06333201391637601,True,2026-09-22 10:33:00,0.12,0.06249869794379287,0.21052631578947367,2026-09-22 11:43:00,4321.34,停損,11.449999999999818,-11.569999999999817,-1.0104803493449783,True,2026-09-22|9.917|-1
2026-09-22,10.416666666666666,592,-1,4302.33,4322.72,4309.07,13.650000000000546,96.00199999999995,0.14218453782213447,True,2026-09-22 10:52:00,0.12,0.06249869794379287,0.20512820512820512,2026-09-22 11:50:00,4322.72,停損,20.390000000000327,-20.51000000000033,-1.005885237861697,True,2026-09-22|10.417|-1
2026-09-28,2.0833333333333335,102,-1,4259.61,4266.25,4263.88,2.369999999999891,83.86400000000012,0.028260040064865585,False,2026-09-28 02:42:00,0.12,0.11924067537918517,0.0,2026-09-28 23:58:00,4114.22,收盤,6.640000000000327,145.2699999999994,21.878012048191604,True,2026-09-28|2.083|-1
2026-09-28,2.4166666666666665,123,-1,4255.38,4265.47,4260.38,5.0900000000001455,83.86400000000012,0.060693503768006994,False,2026-09-28 03:03:00,0.12,0.11924067537918517,0.0,2026-09-28 23:58:00,4114.22,收盤,10.090000000000146,141.03999999999985,13.97819623389473,True,2026-09-28|2.417|-1
2026-09-28,2.5833333333333335,131,-1,4254.27,4261.87,4259.05,2.819999999999709,83.86400000000012,0.03362587045692675,False,2026-09-28 03:11:00,0.12,0.11924067537918517,0.0,2026-09-28 23:58:00,4114.22,收盤,7.599999999999454,139.93000000000018,18.411842105264505,True,2026-09-28|2.583|-1
2026-09-28,2.9166666666666665,150,-1,4249.93,4262.45,4254.4,8.050000000000182,83.86400000000012,0.09598874368024624,False,2026-09-28 03:30:00,0.12,0.11924067537918517,0.0,2026-09-28 23:58:00,4114.22,收盤,12.519999999999527,135.59000000000003,10.829872204473254,True,2026-09-28|2.917|-1
2026-09-28,3.0,151,-1,4249.12,4261.01,4253.39,7.619999999999891,83.86400000000012,0.0908613946389378,False,2026-09-28 03:31:00,0.12,0.11924067537918517,0.0,2026-09-28 23:58:00,4114.22,收盤,11.890000000000327,134.77999999999963,11.33557611438149,True,2026-09-28|3.0|-1
2026-09-28,3.1666666666666665,152,-1,4239.2,4257.34,4253.25,4.0900000000001455,83.86400000000012,0.048769436230088475,False,2026-09-28 03:32:00,0.12,0.11924067537918517,0.0,2026-09-28 23:58:00,4114.22,收盤,18.140000000000327,124.85999999999956,6.883131201763908,True,2026-09-28|3.167|-1
2026-09-28,3.4166666666666665,182,-1,4220.93,4254.39,4229.15,25.24000000000069,83.86400000000012,0.30096346465707163,False,2026-09-28 04:02:00,0.12,0.11924067537918517,0.0,2026-09-28 23:58:00,4114.22,收盤,33.460000000000036,106.59000000000003,3.185594739988043,True,2026-09-28|3.417|-1
2026-09-28,4.0,216,-1,4214.67,4231.53,4218.92,12.609999999999673,83.86400000000012,0.1503624916531486,False,2026-09-28 04:36:00,0.12,0.11924067537918517,0.0,2026-09-28 23:58:00,4114.22,收盤,16.859999999999673,100.32999999999981,5.950771055753367,True,2026-09-28|4.0|-1
2026-09-28,4.083333333333333,220,-1,4210.09,4228.17,4214.42,13.75,83.86400000000012,0.16395592864637962,False,2026-09-28 04:40:00,0.12,0.11924067537918517,0.0,2026-09-28 23:58:00,4114.22,收盤,18.079999999999927,95.74999999999989,5.295907079646033,True,2026-09-28|4.083|-1
2026-09-28,5.333333333333333,273,-1,4209.98,4217.3,4214.23,3.0700000000006185,83.86400000000012,0.036606887341417226,False,2026-09-28 05:33:00,0.12,0.11924067537918517,0.0,2026-09-28 23:58:00,4114.22,收盤,7.3200000000006185,95.6399999999993,13.065573770490605,True,2026-09-28|5.333|-1
2026-09-28,5.25,275,-1,4209.04,4217.12,4214.15,2.9700000000002547,83.86400000000012,0.03541448058762103,False,2026-09-28 05:35:00,0.12,0.11924067537918517,0.0,2026-09-28 23:58:00,4114.22,收盤,8.079999999999927,94.6999999999997,11.720297029703039,True,2026-09-28|5.25|-1
2026-09-28,5.166666666666667,277,-1,4206.91,4217.11,4213.09,4.019999999999527,83.86400000000012,0.047934751502426806,False,2026-09-28 05:37:00,0.12,0.11924067537918517,0.0,2026-09-28 23:58:00,4114.22,收盤,10.199999999999818,92.5699999999996,9.075490196078553,True,2026-09-28|5.167|-1
2026-09-28,5.0,280,-1,4206.36,4217.42,4210.63,6.789999999999964,83.86400000000012,0.08096441858246631,False,2026-09-28 05:40:00,0.12,0.11924067537918517,0.0,2026-09-28 23:58:00,4114.22,收盤,11.0600000000004,92.01999999999941,8.320072332730206,True,2026-09-28|5.0|-1
2026-09-28,5.416666666666667,289,-1,4204.27,4217.3,4209.0,8.300000000000182,83.86400000000012,0.09896976056472587,False,2026-09-28 05:49:00,0.12,0.11924067537918517,0.0,2026-09-28 23:58:00,4114.22,收盤,13.029999999999745,89.93000000000018,6.901765157329389,True,2026-09-28|5.417|-1
2026-09-28,5.5,293,-1,4201.18,4215.59,4205.42,10.170000000000073,83.86400000000012,0.12126776686063219,False,2026-09-28 05:53:00,0.12,0.11924067537918517,0.0,2026-09-28 23:58:00,4114.22,收盤,14.409999999999854,86.84000000000003,6.02637057598896,True,2026-09-28|5.5|-1
2026-09-28,5.583333333333333,296,-1,4195.35,4209.7,4205.25,4.449999999999818,83.86400000000012,0.05306210054373524,False,2026-09-28 05:56:00,0.12,0.11924067537918517,0.0,2026-09-28 23:58:00,4114.22,收盤,14.349999999999454,81.0100000000001,5.645296167247609,True,2026-09-28|5.583|-1
2026-09-28,6.083333333333333,333,-1,4193.97,4203.08,4198.63,4.449999999999818,83.86400000000012,0.05306210054373524,False,2026-09-28 06:33:00,0.12,0.11924067537918517,0.0,2026-09-28 23:58:00,4114.22,收盤,9.109999999999673,79.63,8.74094401756343,True,2026-09-28|6.083|-1
2026-09-28,7.5,427,-1,4191.47,4200.18,4196.12,4.0600000000004,83.86400000000012,0.04841171420395395,False,2026-09-28 08:07:00,0.12,0.11924067537918517,0.0,2026-09-28 23:58:00,4114.22,收盤,8.710000000000036,77.13,8.855338691159549,True,2026-09-28|7.5|-1
2026-09-28,7.75,429,-1,4190.46,4198.76,4195.35,3.4099999999998545,83.86400000000012,0.04066107030430041,False,2026-09-28 08:09:00,0.12,0.11924067537918517,0.0,2026-09-28 23:58:00,4114.22,收盤,8.300000000000182,76.11999999999978,9.17108433734917,True,2026-09-28|7.75|-1
2026-09-28,7.833333333333333,440,-1,4189.49,4197.71,4194.17,3.5399999999999636,83.86400000000012,0.04221119908423112,False,2026-09-28 08:20:00,0.12,0.11924067537918517,0.0,2026-09-28 23:58:00,4114.22,收盤,8.220000000000255,75.14999999999952,9.142335766423017,True,2026-09-28|7.833|-1
2026-09-28,8.0,443,-1,4185.56,4197.99,4189.84,8.149999999999636,83.86400000000012,0.09718115043403158,False,2026-09-28 08:23:00,0.12,0.11924067537918517,0.0,2026-09-28 23:58:00,4114.22,收盤,12.429999999999382,71.22000000000014,5.7296862429608755,True,2026-09-28|8.0|-1
2026-09-28,8.166666666666666,454,-1,4184.34,4194.62,4188.89,5.729999999999563,83.86400000000012,0.0683249069922679,False,2026-09-28 08:34:00,0.12,0.11924067537918517,0.0,2026-09-28 23:58:00,4114.22,收盤,10.279999999999745,69.99999999999989,6.809338521400936,True,2026-09-28|8.167|-1
2026-09-28,8.25,462,-1,4180.53,4194.62,4185.42,9.199999999999818,83.86400000000012,0.1097014213488482,False,2026-09-28 08:42:00,0.12,0.11924067537918517,0.0,2026-09-28 23:58:00,4114.22,收盤,14.090000000000146,66.18999999999949,4.697657913413684,True,2026-09-28|8.25|-1
2026-09-28,8.416666666666666,481,-1,4176.0,4192.07,4183.56,8.509999999999309,83.86400000000012,0.10147381474767835,False,2026-09-28 09:01:00,0.12,0.11924067537918517,0.0,2026-09-28 23:58:00,4114.22,收盤,16.06999999999971,61.65999999999975,3.8369632856254428,True,2026-09-28|8.417|-1
2026-09-28,8.666666666666666,500,-1,4174.47,4184.26,4179.62,4.640000000000327,83.86400000000012,0.05532767337594583,False,2026-09-28 09:20:00,0.12,0.11924067537918517,0.0,2026-09-28 23:58:00,4114.22,收盤,9.789999999999964,60.13,6.141981613891749,True,2026-09-28|8.667|-1
2026-09-28,8.916666666666666,508,-1,4170.09,4184.73,4175.12,9.609999999999673,83.86400000000012,0.11459028903939306,False,2026-09-28 09:28:00,0.12,0.11924067537918517,0.0,2026-09-28 23:58:00,4114.22,收盤,14.639999999999418,55.74999999999989,3.8080601092897615,True,2026-09-28|8.917|-1
2026-09-28,9.166666666666666,509,-1,4169.61,4181.27,4174.01,7.260000000000218,83.86400000000012,0.08656873032529104,False,2026-09-28 09:29:00,0.12,0.11924067537918517,0.0,2026-09-28 23:58:00,4114.22,收盤,11.660000000000764,55.26999999999942,4.740137221268936,True,2026-09-28|9.167|-1
2026-09-28,9.25,535,-1,4167.36,4179.8,4171.6,8.199999999999818,83.86400000000012,0.09777735381092968,False,2026-09-28 09:55:00,0.12,0.11924067537918517,0.0,2026-09-28 23:58:00,4114.22,收盤,12.44000000000051,53.01999999999942,4.262057877813284,True,2026-09-28|9.25|-1
2026-09-28,9.333333333333334,536,-1,4164.15,4177.62,4169.28,8.340000000000146,83.86400000000012,0.09944672326624218,False,2026-09-28 09:56:00,0.12,0.11924067537918517,0.0,2026-09-28 23:58:00,4114.22,收盤,13.470000000000255,49.809999999999384,3.6978470675574195,True,2026-09-28|9.333|-1
2026-09-28,9.75,544,-1,4161.79,4176.61,4166.75,9.859999999999673,83.86400000000012,0.11757130592387269,False,2026-09-28 10:04:00,0.12,0.11924067537918517,0.0,2026-09-28 23:58:00,4114.22,收盤,14.819999999999709,47.44999999999971,3.2017543859649558,True,2026-09-28|9.75|-1
2026-09-28,9.833333333333334,563,-1,4157.32,4175.92,4161.95,13.970000000000255,83.86400000000012,0.16657922350472473,False,2026-09-28 10:23:00,0.12,0.11924067537918517,0.0,2026-09-28 23:58:00,4114.22,收盤,18.600000000000364,42.97999999999946,2.3107526881719687,True,2026-09-28|9.833|-1
2026-09-28,9.916666666666666,573,-1,4156.67,4167.67,4161.2,6.470000000000255,83.86400000000012,0.07714871697033585,False,2026-09-28 10:33:00,0.12,0.11924067537918517,0.0,2026-09-28 15:20:00,4167.67,停損,11.0,-11.12,-1.0109090909090908,True,2026-09-28|9.917|-1
2026-09-28,10.083333333333334,578,-1,4155.29,4166.34,4160.32,6.020000000000437,83.86400000000012,0.07178288657827468,False,2026-09-28 10:38:00,0.12,0.11924067537918517,0.0,2026-09-28 15:08:00,4166.34,停損,11.050000000000182,-11.170000000000181,-1.010859728506787,True,2026-09-28|10.083|-1
2026-09-28,10.333333333333334,598,-1,4151.49,4162.74,4156.52,6.219999999999345,83.86400000000012,0.07416770008584538,False,2026-09-28 10:58:00,0.12,0.11924067537918517,0.0,2026-09-28 15:06:00,4162.74,停損,11.25,-11.37,-1.0106666666666666,True,2026-09-28|10.333|-1
2026-09-28,10.833333333333334,629,-1,4146.47,4160.56,4151.05,9.510000000000218,83.86400000000012,0.11339788228560771,False,2026-09-28 11:29:00,0.12,0.11924067537918517,0.0,2026-09-28 15:06:00,4160.56,停損,14.090000000000146,-14.210000000000145,-1.0085166784953867,True,2026-09-28|10.833|-1
2026-09-30,2.5,114,1,4186.02,4180.83,4178.76,2.069999999999709,92.78200000000015,0.02231036192364581,True,2026-09-30 02:54:00,0.12,0.010777952620120265,0.2857142857142857,2026-09-30 03:38:00,4178.76,停損,7.260000000000218,-7.380000000000218,-1.0165289256198342,True,2026-09-30|2.5|1
2026-09-30,2.4166666666666665,115,1,4186.97,4181.83,4178.76,3.069999999999709,92.78200000000015,0.033088314543766074,True,2026-09-30 02:55:00,0.12,0.010777952620120265,0.2857142857142857,2026-09-30 03:38:00,4178.76,停損,8.210000000000036,-8.330000000000036,-1.0146163215590742,True,2026-09-30|2.417|1
2026-09-30,2.3333333333333335,116,1,4187.63,4182.76,4179.93,2.8299999999999272,92.78200000000015,0.030501605914939563,True,2026-09-30 02:56:00,0.12,0.010777952620120265,0.2857142857142857,2026-09-30 03:38:00,4179.93,停損,7.699999999999818,-7.819999999999818,-1.015584415584416,True,2026-09-30|2.333|1
2026-09-30,4.583333333333333,248,1,4177.62,4171.81,4167.7,4.110000000000582,92.78200000000015,0.044297385268700556,True,2026-09-30 05:08:00,0.12,0.0,0.875,2026-09-30 08:17:00,4167.7,停損,9.920000000000073,-10.040000000000072,-1.0120967741935483,True,2026-09-30|4.583|1
2026-09-30,4.833333333333333,258,1,4178.15,4173.41,4170.17,3.2399999999997817,92.78200000000015,0.0349205664891873,True,2026-09-30 05:18:00,0.12,0.0,0.8235294117647058,2026-09-30 08:17:00,4170.17,停損,7.979999999999563,-8.099999999999563,-1.0150375939849632,True,2026-09-30|4.833|1
2026-09-30,5.416666666666667,291,1,4183.61,4178.74,4171.32,7.420000000000073,92.78200000000015,0.07997240844129315,True,2026-09-30 05:51:00,0.12,0.0,0.7368421052631579,2026-09-30 08:16:00,4171.32,停損,12.289999999999964,-12.409999999999963,-1.0097640358014646,True,2026-09-30|5.417|1
2026-09-30,7.0,396,1,4181.67,4176.12,4172.3,3.819999999999709,92.78200000000015,0.041171779008856275,True,2026-09-30 07:36:00,0.12,0.0,0.5384615384615384,2026-09-30 08:16:00,4172.3,停損,9.36999999999989,-9.48999999999989,-1.0128068303094984,True,2026-09-30|7.0|1
2026-09-30,7.166666666666667,400,1,4182.95,4177.99,4172.19,5.800000000000182,92.78200000000015,0.06251212519669949,True,2026-09-30 07:40:00,0.12,0.0,0.5384615384615384,2026-09-30 08:16:00,4172.19,停損,10.760000000000218,-10.880000000000217,-1.011152416356877,True,2026-09-30|7.167|1
2026-09-30,8.25,452,1,4178.49,4172.62,4165.71,6.9099999999998545,92.78200000000015,0.07447565260502946,True,2026-09-30 08:32:00,0.12,0.02155590524024053,0.9666666666666667,2026-09-30 17:38:00,4165.71,停損,12.779999999999745,-12.899999999999745,-1.0093896713615025,True,2026-09-30|8.25|1
2026-09-30,8.333333333333334,479,1,4180.31,4175.07,4168.53,6.539999999999964,92.78200000000015,0.07048781013558614,True,2026-09-30 08:59:00,0.12,0.02155590524024053,0.9354838709677419,2026-09-30 17:31:00,4168.53,停損,11.780000000000655,-11.900000000000654,-1.0101867572156191,True,2026-09-30|8.333|1
2026-09-30,8.75,491,1,4182.31,4177.15,4174.33,2.819999999999709,92.78200000000015,0.030393826388736007,True,2026-09-30 09:11:00,0.12,0.02155590524024053,0.90625,2026-09-30 17:02:00,4174.33,停損,7.980000000000473,-8.100000000000472,-1.0150375939849614,True,2026-09-30|8.75|1
2026-09-30,8.666666666666666,492,1,4183.07,4177.8,4173.69,4.110000000000582,92.78200000000015,0.044297385268700556,True,2026-09-30 09:12:00,0.12,0.02155590524024053,0.90625,2026-09-30 17:23:00,4173.69,停損,9.38000000000011,-9.500000000000108,-1.0127931769722813,True,2026-09-30|8.667|1
2026-09-30,9.333333333333334,532,1,4188.16,4183.16,4178.95,4.210000000000036,92.78200000000015,0.0453751805307067,True,2026-09-30 09:52:00,0.12,0.02155590524024053,0.8285714285714286,2026-09-30 14:16:00,4178.95,停損,9.210000000000036,-9.330000000000036,-1.0130293159609118,True,2026-09-30|9.333|1
2026-09-30,9.25,533,1,4190.67,4184.88,4178.95,5.930000000000291,92.78200000000015,0.0639132590373163,True,2026-09-30 09:53:00,0.12,0.02155590524024053,0.8285714285714286,2026-09-30 14:16:00,4178.95,停損,11.720000000000255,-11.840000000000254,-1.010238907849829,True,2026-09-30|9.25|1
2026-09-30,9.75,563,1,4198.7,4193.62,4179.71,13.909999999999854,92.78200000000015,0.1499213209458713,True,2026-09-30 10:23:00,0.12,0.02155590524024053,0.7837837837837838,2026-09-30 14:11:00,4179.71,停損,18.98999999999978,-19.109999999999783,-1.0063191153238549,True,2026-09-30|9.75|1
2026-09-30,9.833333333333334,564,1,4200.87,4194.98,4181.72,13.259999999999309,92.78200000000015,0.14291565174278725,True,2026-09-30 10:24:00,0.12,0.02155590524024053,0.7837837837837838,2026-09-30 13:53:00,4181.72,停損,19.149999999999636,-19.269999999999637,-1.006266318537859,True,2026-09-30|9.833|1
2026-10-01,2.6666666666666665,137,-1,4147.29,4156.14,4154.54,1.6000000000003638,86.72700000000013,0.018448695331331203,True,2026-10-01 03:17:00,0.12,0.057652172910396905,0.0,2026-10-01 04:07:00,4156.14,停損,8.850000000000364,-8.970000000000363,-1.0135593220338976,True,2026-10-01|2.667|-1
2026-10-01,2.9166666666666665,138,-1,4146.17,4156.69,4150.91,5.779999999999745,86.72700000000013,0.06664591188441589,True,2026-10-01 03:18:00,0.12,0.057652172910396905,0.0,2026-10-01 04:07:00,4156.69,停損,10.519999999999527,-10.639999999999526,-1.0114068441064643,True,2026-10-01|2.917|-1
2026-10-01,3.0,139,-1,4142.73,4156.07,4150.49,5.579999999999927,86.72700000000013,0.06433982496800211,True,2026-10-01 03:19:00,0.12,0.057652172910396905,0.0,2026-10-01 04:07:00,4156.07,停損,13.340000000000146,-13.460000000000145,-1.0089955022488755,True,2026-10-01|3.0|-1
2026-10-01,4.583333333333333,242,-1,4156.34,4163.48,4161.04,2.4399999999996,86.72700000000013,0.028134260380269074,True,2026-10-01 05:02:00,0.12,0.0,0.8125,2026-10-01 06:06:00,4163.48,停損,7.139999999999418,-7.259999999999418,-1.0168067226890771,True,2026-10-01|4.583|-1
2026-10-01,4.666666666666667,246,-1,4154.94,4163.15,4159.97,3.1799999999993815,86.72700000000013,0.0366667819710053,True,2026-10-01 05:06:00,0.12,0.0,0.8125,2026-10-01 06:04:00,4163.15,停損,8.210000000000036,-8.330000000000036,-1.0146163215590742,True,2026-10-01|4.667|-1
2026-10-01,4.5,247,-1,4153.88,4164.52,4159.15,5.3700000000008,86.72700000000013,0.0619184337057755,True,2026-10-01 05:07:00,0.12,0.0,0.8125,2026-10-01 06:07:00,4164.52,停損,10.640000000000327,-10.760000000000327,-1.0112781954887213,True,2026-10-01|4.5|-1
2026-10-01,4.833333333333333,261,-1,4151.82,4163.66,4156.63,7.029999999999745,86.72700000000013,0.08105895511201511,True,2026-10-01 05:21:00,0.12,0.0,0.7647058823529411,2026-10-01 06:06:00,4163.66,停損,11.840000000000146,-11.960000000000145,-1.0101351351351349,True,2026-10-01|4.833|-1
2026-10-01,10.75,620,-1,4156.39,4166.77,4161.85,4.920000000000073,86.72700000000013,0.05672973814383139,True,2026-10-01 11:20:00,0.12,0.0,0.7317073170731707,2026-10-01 13:30:00,4166.77,停損,10.38000000000011,-10.500000000000108,-1.0115606936416184,True,2026-10-01|10.75|-1
2026-10-02,7.666666666666667,429,1,4187.88,4183.61,4181.93,1.6799999999993815,79.72100000000019,0.021073493809653385,True,2026-10-02 08:09:00,0.12,0.07526247789164695,0.42857142857142855,2026-10-02 09:42:00,4181.93,停損,5.949999999999818,-6.069999999999818,-1.0201680672268914,True,2026-10-02|7.667|1
2026-10-02,7.583333333333333,432,1,4191.58,4187.24,4181.95,5.289999999999964,79.72100000000019,0.06635641800780159,True,2026-10-02 08:12:00,0.12,0.07526247789164695,0.42857142857142855,2026-10-02 09:42:00,4181.95,停損,9.63000000000011,-9.750000000000108,-1.012461059190031,True,2026-10-02|7.583|1
2026-10-02,8.416666666666666,485,1,4194.6,4188.32,4185.52,2.7999999999992724,79.72100000000019,0.035122489682759446,True,2026-10-02 09:05:00,0.12,0.07526247789164695,0.375,2026-10-02 09:35:00,4185.52,停損,9.079999999999927,-9.199999999999926,-1.013215859030837,True,2026-10-02|8.417|1
2026-10-02,10.666666666666666,598,1,4190.2,4184.13,4180.63,3.5,79.72100000000019,0.04390311210346071,True,2026-10-02 10:58:00,0.12,0.07526247789164695,0.3076923076923077,2026-10-02 11:45:00,4180.63,停損,9.569999999999709,-9.689999999999708,-1.0125391849529783,True,2026-10-02|10.667|1
2026-10-02,10.583333333333334,607,1,4190.57,4186.57,4181.54,5.029999999999745,79.72100000000019,0.06309504396582749,True,2026-10-02 11:07:00,0.12,0.07526247789164695,0.3,2026-10-02 11:33:00,4181.54,停損,9.029999999999745,-9.149999999999745,-1.0132890365448508,True,2026-10-02|10.583|1
2026-10-02,10.5,608,1,4195.23,4187.29,4181.81,5.479999999999563,79.72100000000019,0.06873972980769873,True,2026-10-02 11:08:00,0.12,0.07526247789164695,0.3,2026-10-02 11:33:00,4181.81,停損,13.419999999999163,-13.539999999999162,-1.0089418777943373,True,2026-10-02|10.5|1
2026-10-05,7.0,377,-1,4133.57,4143.62,4138.52,5.099999999999454,83.21300000000028,0.06128850059485221,True,2026-10-05 07:17:00,0.12,0.012017353057815445,0.64,2026-10-05 09:02:00,4143.62,停損,10.050000000000182,-10.170000000000181,-1.0119402985074624,True,2026-10-05|7.0|-1
2026-10-05,7.083333333333333,387,-1,4130.46,4141.15,4135.0,6.149999999999636,83.21300000000028,0.07390672130556061,True,2026-10-05 07:27:00,0.12,0.012017353057815445,0.64,2026-10-05 09:02:00,4141.15,停損,10.6899999999996,-10.809999999999599,-1.0112254443405055,True,2026-10-05|7.083|-1
2026-10-05,7.166666666666667,390,-1,4126.37,4139.86,4130.99,8.86999999999989,83.21300000000028,0.10659392162282169,True,2026-10-05 07:30:00,0.12,0.012017353057815445,0.64,2026-10-05 08:15:00,4139.86,停損,13.489999999999782,-13.609999999999781,-1.0088954781319497,True,2026-10-05|7.167|-1
2026-10-06,7.416666666666667,408,-1,4121.44,4128.2,4125.58,2.619999999999891,81.86700000000027,0.032003127023097,True,2026-10-06 07:48:00,0.12,0.012214933978281807,0.4444444444444444,2026-10-06 09:18:00,4128.2,停損,6.760000000000218,-6.880000000000218,-1.0177514792899403,True,2026-10-06|7.417|-1
2026-10-06,8.583333333333334,482,-1,4117.17,4125.17,4121.51,3.6599999999998545,81.86700000000027,0.04470665836050963,True,2026-10-06 09:02:00,0.12,0.012214933978281807,0.375,2026-10-06 09:16:00,4125.17,停損,8.0,-8.12,-1.015,True,2026-10-06|8.583|-1
2026-10-06,8.416666666666666,483,-1,4113.85,4124.47,4120.19,4.280000000000655,81.86700000000027,0.05227991742705413,True,2026-10-06 09:03:00,0.12,0.012214933978281807,0.375,2026-10-06 09:16:00,4124.47,停損,10.61999999999989,-10.73999999999989,-1.0112994350282487,True,2026-10-06|8.417|-1
