day,lvl,off,fwd15,fwd30,fwd60,bracket,win,hour
2026-01-16,POC,0.0,-0.03902111274776196,-0.06460449130423356,-0.09884487169548538,-0.10116288084347624,0.0,1
2026-01-16,POC,0.25,0.09016848851332543,0.1331950797219453,0.09972995322634946,0.08590459208724684,0.0,3
2026-01-16,POC,0.5,-0.284427733416024,-0.030144455642549577,0.2423572886787056,-0.10116288084347624,0.0,17
2026-01-16,VAH,0.0,0.0860531824172416,0.15647207793885587,0.15828100369537867,0.19883711915652377,1.0,1
2026-01-16,VAH,0.25,-0.03748998630384519,0.006182649817819374,0.03990619427862604,-0.10116288084347624,0.0,2
2026-01-16,VAH,0.5,-0.431338346641854,-0.14346073339018417,0.13472620616585032,-0.10116288084347624,0.0,17
2026-01-16,VAL,0.0,-0.07067731348683497,0.003230224565213652,0.048711786443389284,-0.10116288084347624,0.0,2
2026-01-16,VAL,0.25,0.09055611546114756,0.16097501098276182,0.16278393673928465,0.19883711915652377,1.0,1
2026-01-16,VAL,0.25,-0.43584127968576,-0.14796366643409012,0.13022327312194434,-0.10116288084347624,0.0,17
2026-01-16,VAL,0.5,0.012752926583458989,0.16457348114841225,0.41859834095666404,-0.10116288084347624,0.0,17
2026-01-19,POC,0.5,-0.20641387234931374,-0.4537240154601411,-0.3582732685678464,-0.10117518019429646,0.0,1
2026-01-19,VAH,0.5,-0.173769978063301,-0.4210801211741283,-0.3256293742818337,-0.10117518019429646,0.0,1
2026-01-20,POC,0.0,0.03373122409923814,-0.02368069610232414,-0.06649869893849603,-0.10123910619140061,0.0,1
2026-01-20,POC,0.25,-0.0776747483925958,-0.10548579846625979,-0.23738176861756746,-0.1013767846571118,0.0,6
2026-01-20,POC,0.5,-0.10303167981496496,-0.10798810458056286,-0.02634477441383023,-0.10110142772568943,0.0,7
2026-01-20,VAH,0.0,-0.02698497927938941,-0.11110652182891473,-0.13258436247986402,-0.10123910619140061,0.0,1
2026-01-20,VAH,0.25,-0.02246568364241638,-0.1254491759943716,-0.14086916415403458,-0.10110142772568943,0.0,6
2026-01-20,VAH,0.5,-0.04603279501053271,-0.015743532554076026,-0.05690939380171528,-0.10110142772568943,0.0,7
2026-01-20,VAL,0.0,0.01872427133671772,0.033042831770679744,0.14456238899673904,0.1987608938085994,1.0,2
2026-01-20,VAL,0.25,-0.033342282433598956,-0.049450662921807796,-0.18107127614168708,-0.10110142772568943,0.0,5
2026-01-20,VAL,0.5,-0.027033166742389123,0.03258160891055,-0.16402324012500885,-0.10165214158853414,0.0,7
2026-01-21,POC,0.5,-0.12133431085043833,-0.13115312107247437,-0.24256388772517934,-0.10117825722664432,0.0,1
2026-01-21,VAH,0.0,0.03587138667783733,0.03128927524088242,-0.1521260997067415,-0.10117825722664432,0.0,1
2026-01-21,VAH,0.25,-0.00463447842481215,-0.0851487222455028,-0.5391705069124525,-0.10183284457478006,0.0,2
2026-01-21,VAH,0.5,-0.31640134059489455,-0.23483975701717574,-0.3408829074151696,-0.10117825722664432,0.0,3
2026-01-22,POC,0.0,0.011592717332945068,-0.0904231951969591,-0.1743788744081565,-0.10122028603504662,0.0,17
2026-01-22,POC,0.25,0.04743251818226293,0.14871625909113426,-0.09900180602333095,-0.10122028603504662,0.0,18
2026-01-22,POC,0.25,0.0029652950651609675,0.08692097427636947,-0.19655147166495404,0.19829159955093476,1.0,16
2026-01-22,POC,0.5,-0.08415092497681799,-0.04192902816420464,-0.14138234002049938,-0.10122028603504662,0.0,19
2026-01-22,POC,0.5,-0.2152096451408196,-0.29757895250646615,-0.47830331429687484,-0.10183042905256993,0.0,1
2026-01-22,VAH,0.0,-0.001708400449064818,-0.0909113096109773,-0.13642797871821075,-0.10122028603504662,0.0,17
2026-01-22,VAH,0.25,-0.019805242348805596,-0.14976570508126572,-0.24738858788499496,-0.10134231463855128,0.0,19
2026-01-22,VAH,0.25,-0.14981451652266908,-0.23169570947429746,-0.338714794747891,-0.10122028603504662,0.0,17
2026-01-22,VAH,0.5,0.002733440718510812,-0.03668179821350065,-0.13162005174012423,-0.10122028603504662,0.0,20
2026-01-22,VAH,0.5,-0.2054473568604467,-0.3537121101186061,-0.5596963928344761,-0.10122028603504662,0.0,1
2026-01-22,VAL,0.0,-0.2035437106457804,-0.318738712354176,-0.49812075950602624,-0.10146434324205594,0.0,1
2026-01-22,VAL,0.25,-0.0747181139259033,0.042429345438576245,-0.2054107482793963,-0.10134231463855128,0.0,16
2026-01-22,VAL,0.25,-0.0658100258700599,-0.09119197539902861,-0.18649631473617417,-0.10122028603504662,0.0,1
2026-01-22,VAL,0.5,-0.03143456826279665,-0.1334504807927008,-0.21740616000389823,-0.10122028603504662,0.0,17
2026-01-22,VAL,0.5,0.13440230390003707,0.04300287987504824,0.23165910089325548,0.19841362815443941,1.0,1
2026-01-26,VAH,0.5,0.16544929505690728,0.144853066077805,0.27830388992696115,0.1989383387124172,1.0,1
2026-01-27,POC,0.0,0.050650847529320704,0.055092049191599816,-0.04642113166048034,-0.10105742896720914,0.0,8
2026-01-27,POC,0.25,0.020384586915376045,0.054010828072629406,0.042061880743165095,-0.10105742896720914,0.0,3
2026-01-27,POC,0.5,-0.0005762987871271284,-0.17357167782253705,-0.09627362031955515,-0.10105742896720914,0.0,1
2026-01-27,VAH,0.0,0.06661802493417124,0.20218041853038798,0.19329801520582976,0.1989425710327909,1.0,9
2026-01-27,VAH,0.25,0.05453954255622627,0.18206547600165135,0.07050671996108641,0.1989425710327909,1.0,3
2026-01-27,VAH,0.5,0.0209952521439387,0.041297888314354735,0.11711554526324999,-0.10105742896720914,0.0,1
2026-01-27,VAL,0.0,0.0028550582114634923,0.02315769438187952,0.09897535133077479,-0.10105742896720914,0.0,1
2026-01-27,VAL,0.25,0.036399348623751056,0.16392528206917614,0.05236652602861121,0.1989425710327909,1.0,3
2026-01-27,VAL,0.25,-0.18602554748385042,-0.17883503050682525,-0.21721970201651777,-0.10105742896720914,0.0,1
2026-01-27,VAL,0.5,0.051438632109888506,0.12789074643910386,0.23363364316001667,0.1989425710327909,1.0,9
2026-01-29,POC,0.0,-0.9052034747903485,-0.6708847728478541,0.0904332401548961,-0.10079188476492901,0.0,17
2026-01-29,POC,0.25,-0.997222464187011,-1.1171138175972581,-0.5076001140314064,-0.10079188476492901,0.0,17
2026-01-29,POC,0.25,-0.6552034747903505,-0.42088477284785614,0.3404332401548941,-0.10079188476492901,0.0,17
2026-01-29,POC,0.5,-1.2472224641870162,-1.3671138175972632,-0.7576001140314116,-0.10079188476492901,0.0,17
2026-01-29,POC,0.5,-0.7164933758839412,-0.3109691877637963,0.591225124919824,-0.10079188476492901,0.0,17
2026-01-29,VAH,0.0,-1.0204227080875206,-1.1403140614977676,-0.5308003579319158,-0.10079188476492901,0.0,17
2026-01-29,VAH,0.25,-1.2704227080875186,-1.3903140614977656,-0.7808003579319139,-0.10079188476492901,0.0,17
2026-01-29,VAH,0.25,-1.0669835525534344,-0.9839148407123831,-0.20612562459911019,0.199208115235071,1.0,17
2026-01-29,VAH,0.5,-1.48241223937093,-2.0121039586319456,-0.8133488014824134,-0.10079188476492901,0.0,17
2026-01-29,VAH,0.5,-0.6784037186908528,-0.44408501674835843,0.31723299625439183,-0.10079188476492901,0.0,17
2026-01-29,VAL,0.0,-0.8165915695947957,-0.4110673814746509,0.49112693120896944,-0.10079188476492901,0.0,17
2026-01-29,VAL,0.25,-0.7553016685011978,-0.5209829665587035,0.24033504644404674,-0.10079188476492901,0.0,17
2026-01-29,VAL,0.25,-0.5665915695947977,-0.16106738147465285,0.7411269312089676,-0.10079188476492901,0.0,17
2026-01-29,VAL,0.5,-1.1438815023637794,-1.0608127905227283,-0.28302357440945525,0.199208115235071,1.0,17
2026-01-29,VAL,0.5,-0.31659156959479257,0.0889326185253524,0.9911269312089728,-0.10079188476492901,0.0,17
2026-01-30,POC,0.5,0.17949393779652015,0.05280267088385041,-0.0651027938850783,0.1994142798570843,1.0,1
2026-01-30,VAL,0.0,0.12528553856967012,0.1452000234288076,-0.3864581502957892,-0.10058572014291572,0.0,3
2026-01-30,VAL,0.25,-0.21286534293914536,-0.11938440812979707,-0.44340479119076875,-0.10058572014291572,0.0,3
2026-01-30,VAL,0.25,-0.5294763661922314,-0.6889093890938904,-0.42428102852457406,-0.10058572014291572,0.0,4
2026-01-30,VAL,0.5,0.11471328999003975,-0.024395243952442504,-0.10627891993205689,-0.10058572014291572,0.0,1
2026-01-30,VAL,0.5,-0.36622151935805175,-0.15694371229426943,-0.34396415392725355,-0.10058572014291572,0.0,4
2026-02-02,VAL,0.25,0.4076489992571542,0.3941350887427432,0.23104485191356125,-0.1004196866619382,0.0,1
2026-02-02,VAL,0.5,-0.11756892304205917,0.0252924166817029,0.27458629387299416,-0.1004196866619382,0.0,1
2026-02-03,POC,0.25,0.01872798602559858,-0.07186936227484918,-0.2224950602789152,-0.10035795080324161,0.0,1
2026-02-03,POC,0.5,-0.025686549640617465,0.050199020646601596,-0.10754989834197155,-0.10035795080324161,0.0,2
2026-02-03,VAH,0.0,-0.05068583373901233,-0.17059935282494915,-0.026953695484093702,-0.10035795080324161,0.0,1
2026-02-03,VAH,0.25,-0.03335385584605522,0.011461584719794964,0.18306319979381772,0.1996420491967584,1.0,3
2026-02-03,VAH,0.25,-0.13330803814323694,-0.08430457317945976,-0.30014890753414664,-0.10035795080324161,0.0,1
2026-02-03,VAH,0.5,-0.03313192634804254,0.0025199736548211934,-0.07075255576873574,-0.10035795080324161,0.0,9
2026-02-03,VAL,0.25,-0.10208041006844223,-0.10580309842215477,-0.30732940064717756,-0.10035795080324161,0.0,1
2026-02-03,VAL,0.5,-0.042116491509407536,-0.1304229546691111,-0.15283067495203295,-0.10035795080324161,0.0,1
2026-02-04,POC,0.0,0.07446547389230596,0.046669452902661106,0.142595577845444,0.19966830523878706,1.0,1
2026-02-04,POC,0.25,0.023618325472168678,0.018344378768882428,-0.17413809116298967,-0.10033169476121295,0.0,2
2026-02-04,POC,0.5,0.005210924698656227,0.011844819922915055,-0.004408223376520885,-0.020130555058013585,0.0,5
2026-02-04,VAH,0.0,0.05877631168693225,-0.017148619154708104,-0.1864124558016743,-0.10033169476121295,0.0,2
2026-02-04,VAH,0.25,-0.012005691882103526,0.0019254880888424284,0.004280520893454433,-0.00941847274464041,0.0,5
2026-02-04,VAH,0.25,0.07071898156440576,0.0429229605747609,0.1388490855175438,0.19966830523878706,1.0,1
2026-02-04,VAL,0.25,0.13330646605767463,0.0752930523215319,0.06696751381508635,-0.10033169476121295,0.0,17
2026-02-04,VAL,0.5,-0.03061210951234205,-0.04912067718802394,-0.2451191115887515,-0.10033169476121295,0.0,2
2026-02-05,POC,0.25,0.1360168730928009,0.14438290124881184,0.13293971331127913,-0.10032053747724184,0.0,1
2026-02-05,POC,0.5,-0.31198553734902673,-0.17620586198938185,-0.08459625099366445,-0.10032053747724184,0.0,4
2026-02-05,VAH,0.25,-0.008795548375513896,-0.030527989332512686,0.008417314152372514,0.19967946252275817,1.0,1
2026-02-05,VAH,0.5,-0.02391850655178629,-0.029527912403518475,-0.3108636561786791,-0.10032053747724184,0.0,4
2026-02-05,VAL,0.0,0.10798907608277548,0.10673897992153125,0.010738005487601027,-0.10032053747724184,0.0,3
2026-02-05,VAL,0.25,-0.012584301356514675,-0.02665589660743246,-0.0012372746621536854,0.19967946252275817,1.0,1
2026-02-05,VAL,0.25,-0.14474190322332647,-0.012424032617896087,0.02687386209195409,-0.10032053747724184,0.0,4
2026-02-06,POC,0.0,-0.07258816943459534,-0.037600298563164096,0.08440629470672321,-0.10031100329663495,0.0,7
2026-02-06,POC,0.25,0.006577719723829526,-0.044520121913292736,0.0008552590657460971,-0.04856316476954475,0.0,16
2026-02-06,POC,0.25,-0.02138147664365412,-0.03718044411270907,-0.11726379299620725,-0.10031100329663495,0.0,3
2026-02-06,POC,0.5,-0.06627480251290394,0.06251166262362608,0.18448715556384923,-0.10031100329663495,0.0,1
2026-02-06,VAH,0.0,0.09852584437394958,0.12744915096099996,0.1944081607265027,0.19968899670336507,1.0,8
2026-02-06,VAH,0.25,-0.020106363127448474,0.03136468246563256,0.024802512906636247,-0.10031100329663495,0.0,4
2026-02-06,VAH,0.5,-0.09538471107793654,-0.13985818249673415,-0.018007090875162033,-0.10031100329663495,0.0,1
2026-02-06,VAL,0.0,-0.04568638427567378,-0.04077253218884189,-0.011818125272127321,-0.10031100329663495,0.0,4
2026-02-06,VAL,0.25,0.04287180444112776,0.10174472849412362,0.12398146420352102,0.0703644958636573,0.0,7
2026-02-06,VAL,0.25,-0.11070162343720812,-0.1867730297941156,0.05167319773589645,-0.10031100329663495,0.0,1
2026-02-06,VAL,0.5,0.03231324252037287,0.014243950985881357,0.029700814828638886,0.03915531504634108,0.0,19
2026-02-09,POC,0.25,0.0025852876141543037,0.029782019357332847,0.012725949343180082,0.19970943662667548,1.0,1
2026-02-09,VAH,0.0,0.04094037930142638,0.1973506431620282,0.19546198123541708,0.19970943662667548,1.0,1
2026-02-09,VAH,0.25,-0.020688838589141903,-0.040853936697863746,-0.041260725420519055,-0.07284496410089614,0.0,17
2026-02-09,VAL,0.5,-0.021006279074497567,0.11201363323347564,0.13412550594347475,0.0673830990908274,0.0,1
2026-02-10,POC,0.0,-0.014293641363240675,0.028935908125587658,0.05856906704938052,0.04845893047537905,0.0,1
2026-02-10,VAH,0.0,-0.0753902425561225,-0.05299106066372562,0.006681986816148434,-0.10029052116591955,0.0,1
2026-02-10,VAL,0.0,0.08114256164132765,0.1156274240359771,0.13924679482523628,0.12382012091491001,0.0,1
2026-02-10,VAL,0.25,0.1577014255873602,0.1712106598026179,0.09468738469941246,0.19970947883408047,1.0,1
2026-02-11,POC,0.0,0.11409121932755362,0.10890525481266548,0.13292759618622926,0.18183660635250756,0.0,15
2026-02-11,POC,0.25,-0.004857371073642767,0.012160937765446406,0.12404663195448368,0.1997019560623627,1.0,13
2026-02-11,VAH,0.0,0.019730508671589132,0.01278608492464057,0.022204273353978392,-0.008673078585246232,0.0,1
2026-02-11,VAL,0.25,0.019135165906159345,0.029894552054864416,-0.027061644427620074,0.1997019560623627,1.0,12
2026-02-12,POC,0.0,0.04200168382309355,0.03377035532423088,0.002378634851381245,0.059278084322605396,0.0,1
2026-02-12,POC,0.25,-0.2399048859037738,-0.06382331124750144,-0.047642334692703396,-0.10031297826991872,0.0,18
2026-02-12,POC,0.5,0.2131867134464863,0.17434611014957363,0.24385858389852139,0.1996870217300813,1.0,18
2026-02-12,VAH,0.0,-0.059841445208460575,-0.06378497140943427,-0.07661708047610293,-0.10031297826991872,0.0,1
2026-02-12,VAH,0.25,-0.35739692843126103,-0.1491411876273451,-0.13630907856067648,-0.10031297826991872,0.0,18
2026-02-12,VAH,0.5,0.05237847836224776,0.04270744982175887,0.10868326912062475,-0.10031297826991872,0.0,18
2026-02-12,VAL,0.0,-0.39278772874799206,-0.2550772899837554,-0.2570803509112362,-0.10031297826991872,0.0,18
2026-02-12,VAL,0.25,-0.18826347136718508,-0.012181896710912687,0.003999079843885348,-0.10031297826991872,0.0,18
2026-02-13,POC,0.25,0.022654123367172253,0.04025354813305652,0.02422916916334091,0.11777319340535225,0.0,4
2026-02-13,POC,0.5,-0.0027306500487929274,0.02760610159045199,-0.08093509784116132,-0.10034240126003664,0.0,1
2026-02-13,VAH,0.25,0.033919124822380596,0.04045898888907987,0.029057026929860105,-0.010524558730376504,0.0,18
2026-02-13,VAH,0.5,-0.03337556282207131,-0.059295338206843747,-0.08706408039581699,-0.10034240126003664,0.0,3
2026-02-13,VAL,0.0,-0.05040146547739259,-0.07632124086216502,-0.10408998305113827,-0.10034240126003664,0.0,3
2026-02-13,VAL,0.25,0.02682285870812055,0.02035147489342699,0.02370700724178765,-0.03230983890020816,0.0,18
2026-02-16,POC,0.0,0.035705507186380644,-0.02108694808470987,-0.005649059711854991,0.11599977576251529,0.0,5
2026-02-16,VAH,0.0,0.06416641871175378,0.06153594052531898,0.0022854974406745637,-0.06869429099988326,0.0,1
2026-02-16,VAL,0.25,-0.02390824374614793,-0.009979646136000006,-0.04180411993255671,-0.10043122593220266,0.0,4
2026-02-17,POC,0.0,0.02989746469499576,0.008891246022339388,0.028701566107193547,0.199480044092261,1.0,1
2026-02-17,POC,0.25,0.018983590191552817,0.033074395291280555,0.05990412013061342,-0.10051995590773903,0.0,2
2026-02-17,POC,0.5,-0.14261350637465695,-0.10564464133441406,-0.046993614941453495,-0.10051995590773903,0.0,7
2026-02-17,VAH,0.25,0.018775607828457396,-0.11604895904827299,-0.10382999521640404,-0.10051995590773903,0.0,2
2026-02-17,VAH,0.5,0.13384704977018236,0.1633285497389854,0.18048709469436938,0.199480044092261,1.0,3
2026-02-17,VAL,0.0,-0.02974147792267159,-0.04627607578877406,-0.26424159231297323,-0.10051995590773903,0.0,2
2026-02-17,VAL,0.25,0.062243921715438084,0.09666500280776089,0.10628418710093471,0.08054636966785399,0.0,2
2026-02-17,VAL,0.5,-0.04402986626733785,-0.005033173186911064,0.028347996089934643,-0.10051995590773903,0.0,7
2026-02-18,POC,0.0,0.009293150435008168,0.016704865505876604,0.08637498717203158,-0.10057013192852826,0.0,1
2026-02-18,POC,0.25,-0.028395420700346067,-0.06608114117606746,-0.05638889839108805,-0.10057013192852826,0.0,6
2026-02-18,POC,0.5,0.08163719084596098,0.06704181347563522,-0.08467029270573324,-0.10057013192852826,0.0,15
2026-02-18,VAH,0.0,-0.0050171609710472475,-0.03888299752562887,-0.028905688776384296,-0.0017674089784378176,0.0,6
2026-02-18,VAH,0.25,-0.0844964024675278,-0.1482371520769891,-0.18660703086693858,-0.10057013192852826,0.0,16
2026-02-18,VAH,0.25,0.03084698799301822,0.05963865038369645,0.09920580622356068,-0.10057013192852826,0.0,1
2026-02-18,VAL,0.0,0.04013728776839146,0.07959041722254756,0.1378579003181321,0.19942986807147176,1.0,1
2026-02-18,VAL,0.25,0.01185589345374627,-0.042534692527849645,-0.08369821776759157,-0.10057013192852826,0.0,4
2026-02-18,VAL,0.5,-0.0858675697556428,-0.07839884149192548,-0.06739529527132837,-0.10057013192852826,0.0,14
2026-02-19,POC,0.25,0.032898197293551076,0.023394539281787186,0.07157031511499794,0.09494094582317444,0.0,2
2026-02-19,POC,0.5,-0.05605365083919241,-0.09819251183474108,-0.09054176827810317,-0.10059771434036247,0.0,8
2026-02-19,VAH,0.0,-0.008368000765075443,-0.0008965715105447682,-0.10848515277578649,-0.10059771434036247,0.0,7
2026-02-19,VAL,0.5,-0.028020848276190273,-0.013675704107493556,0.06964567493903558,0.0533878448811753,0.0,1
2026-02-20,POC,0.0,0.05718754249966148,0.058479532163741445,0.11328709370325182,0.19932000543995648,1.0,5
2026-02-20,POC,0.25,-0.032741738066090265,-0.047089623283012486,-0.029953760369912825,-0.10067999456004352,0.0,8
2026-02-20,POC,0.5,0.021419828641370865,0.1706106351149163,0.050863593091254766,0.19932000543995648,1.0,16
2026-02-20,VAH,0.0,-0.02869577043383578,-0.04032367741058021,-0.08846729226166089,-0.10067999456004352,0.0,1
2026-02-20,VAH,0.25,0.03586971304229566,0.04504963960288565,0.0950292397660868,0.19932000543995648,1.0,11
2026-02-20,VAH,0.5,-0.02699578403372698,-0.06575547395621253,-0.07758737930096829,-0.10067999456004352,0.0,21
2026-02-20,VAL,0.25,0.030021759825923616,0.03546171630627301,0.09251325989392034,0.0994492044063672,0.0,1
2026-02-20,VAL,0.5,0.031007751937983503,-0.0007479940160493558,-0.09322725418197048,-0.10067999456004352,0.0,15
2026-02-23,VAH,0.5,-0.2262661440194859,-0.27795824028234944,-0.2895928661783772,-0.10078084737557197,0.0,1
2026-02-24,POC,0.0,0.13616398243045716,0.21622871233721075,0.1573553209524576,0.19922940587192728,1.0,3
2026-02-24,POC,0.25,-0.12107960237343125,-0.03238421823225677,-0.06736919164675906,-0.10077059412807275,0.0,3
2026-02-24,POC,0.25,-0.09376204053325192,-0.01192494413192739,0.08802111427910943,-0.10077059412807275,0.0,15
2026-02-24,POC,0.5,-0.4341142020497846,-0.37107960237343196,-0.2809200893889224,-0.10077059412807275,0.0,3
2026-02-24,VAH,0.0,-0.21368575171457269,-0.13184865531324813,-0.15635354858595663,-0.10077059412807275,0.0,3
2026-02-24,VAH,0.25,0.060087077136472475,0.0428257686676447,-0.0884064113431486,-0.10077059412807275,0.0,2
2026-02-24,VAH,0.25,0.0514178931956541,0.14011327733682857,0.1051283039223263,-0.10077059412807275,0.0,3
2026-02-24,VAH,0.5,-0.06985435770979534,-0.19453648763196052,0.04496416737304768,-0.10077059412807275,0.0,15
2026-02-24,VAL,0.0,-0.13955459659397557,-0.057717500192651025,0.042228558218385795,-0.10077059412807275,0.0,15
2026-02-24,VAL,0.25,0.09037142636973354,0.17043615627648712,0.11156276489173399,0.19922940587192728,1.0,3
2026-02-24,VAL,0.5,-0.21595900439238783,-0.09805810279725663,-0.11701471834784641,-0.10077059412807275,0.0,3
2026-02-25,POC,0.0,-0.09582789134613996,-0.05914033723199766,-0.11960142641210258,-0.10073375108228286,0.0,3
2026-02-25,POC,0.25,0.09165651644336503,0.09334414393261237,0.10552441189850655,0.19926624891771716,1.0,7
2026-02-25,POC,0.25,-0.028752036159255617,-0.05795532923410968,0.04557694847599749,-0.10073375108228286,0.0,1
2026-02-25,VAH,0.0,0.050775574893976154,0.07242123182131878,-0.02032490497923537,-0.05136257575979655,0.0,3
2026-02-25,VAH,0.25,0.040418678367552606,-0.11029379393334371,-0.2026730551927551,-0.10073375108228286,0.0,2
2026-02-25,VAL,0.0,-0.05613195779463905,0.022526158226083906,-0.09230588615117882,-0.10073375108228286,0.0,1
2026-02-25,VAL,0.25,-0.069621971442408,-0.0329344173282657,-0.09339550650837061,-0.10073375108228286,0.0,3
2026-02-25,VAL,0.5,0.18470715994306183,0.12710769998385577,0.12204481751610706,0.19926624891771716,1.0,7
2026-02-26,POC,0.0,-0.020753606123051608,-0.023991757433028053,0.031351192228434424,-0.10073594347954078,0.0,2
2026-02-26,POC,0.25,0.15874300853694476,0.11429202237268249,-0.040035325287018995,-0.10073594347954078,0.0,16
2026-02-26,VAH,0.0,0.008242566970858504,0.05225198704739338,0.027818663526641935,0.19926405652045925,1.0,7
2026-02-26,VAH,0.25,0.005813953488367805,0.0076538121872197305,0.04842508095377816,-0.10073594347954078,0.0,1
2026-02-26,VAH,0.5,0.29732116573447803,0.4029290550485746,0.33926994406830063,0.19926405652045925,1.0,17
2026-02-26,VAL,0.0,-0.0017662643509002592,7.359434795166741e-05,0.0408448631145101,-0.10073594347954078,0.0,1
2026-02-26,VAL,0.25,-0.001177509567261485,0.02215189873418148,0.017957020900794537,0.19926405652045925,1.0,7
2026-02-26,VAL,0.25,0.3049013835737461,0.41050927288784267,0.3468501619075687,0.19926405652045925,1.0,17
2026-02-27,POC,0.0,-0.00824721862551554,-0.03026729235565064,-0.02449423931778916,-0.10082472186255186,0.0,1
2026-02-27,POC,0.25,-0.062157224975875586,-0.00525141645980067,-0.0914348510964679,-0.10082472186255186,0.0,15
2026-02-27,POC,0.5,-0.06072839434900594,0.10116450726992388,0.12153513727495677,0.19917527813744815,1.0,17
2026-02-27,VAH,0.0,0.11620331043355292,0.13838832853620198,0.1140590335909238,0.19917527813744815,1.0,2
2026-02-27,VAH,0.25,0.023943737474534658,0.08522057186213981,-0.05638417193801411,-0.10082472186255186,0.0,15
2026-02-27,VAH,0.5,0.15477142833579438,0.14306037788755743,0.1861108591127663,0.19917527813744815,1.0,18
2026-02-27,VAL,0.25,0.02229429374943245,0.09660173356535628,0.11029211648371587,-0.005333888646050155,0.0,4
2026-02-27,VAL,0.5,0.0852473753226782,0.09943259135856469,-0.047615316734430264,-0.10082472186255186,0.0,15
2026-03-02,VAH,0.5,0.07302986224008988,0.16971849063061073,0.0699495165568549,-0.10085565157867717,0.0,18
2026-03-03,POC,0.0,-0.06742822157058968,-0.0004833564270295846,-0.06903940966068585,-0.10080559404504882,0.0,1
2026-03-03,POC,0.25,-0.07570167241323407,-0.10647536493409662,0.11538523507234788,-0.10080559404504882,0.0,3
2026-03-03,POC,0.25,0.11232397770116148,0.09033126027132492,0.10539586891373695,-0.10080559404504882,0.0,8
2026-03-03,POC,0.5,-0.06472142557922371,0.028244127219409724,0.04677279025553403,-0.10080559404504882,0.0,11
2026-03-03,VAH,0.25,-0.11304901234170073,-0.029750588083658987,0.11026165694582667,-0.10080559404504882,0.0,3
2026-03-03,VAH,0.5,-0.047820062514099836,0.019124802629460255,-0.04943125060419601,-0.10080559404504882,0.0,1
2026-03-03,VAL,0.0,-0.06299745432281971,-0.07097283536880125,-0.11624722070054401,-0.10080559404504882,0.0,7
2026-03-03,VAL,0.25,-0.0800518802564974,-0.057817484613148236,-0.16471981439113006,-0.10080559404504882,0.0,2
2026-03-03,VAL,0.25,0.24774433667386386,0.19626687719524902,0.23300196564947107,0.1991944059549512,1.0,8
2026-03-03,VAL,0.5,0.08383011632777532,0.1398189024586741,0.19314922824090505,0.1991944059549512,1.0,3
2026-03-03,VAL,0.5,0.05208971095285507,0.1450552637514885,0.1635839267876128,-0.10080559404504882,0.0,11
2026-03-04,POC,0.0,-0.08565076853834538,-0.07119379168314774,-0.016230002318570035,-0.10068193287052823,0.0,1
2026-03-04,POC,0.25,-0.0491639503007357,0.010027822861116267,-0.17443501861677002,-0.10068193287052823,0.0,3
2026-03-04,POC,0.5,0.05653905429549261,0.09820515268477116,0.21242890849824894,0.19931806712947178,1.0,4
2026-03-04,VAL,0.5,0.22871346544646243,0.21425648859126478,0.15929269922668707,0.19931806712947178,1.0,1
2026-03-05,POC,0.0,-0.06148901233273815,-0.04010760577158459,-0.10348321280089467,-0.10069873877650841,0.0,2
2026-03-05,POC,0.25,0.06672081892184813,0.15594976068197416,0.23658421549104358,0.19930126122349162,1.0,8
2026-03-05,POC,0.5,0.2377633371763939,0.213866471019806,0.0876043741047397,0.19930126122349162,1.0,15
2026-03-05,VAH,0.0,0.048003353946129035,0.042553191489358926,0.04597701149425493,0.04017747964923569,0.0,3
2026-03-05,VAH,0.25,0.06504384585822949,0.07203123362331351,0.18117423051392523,0.19930126122349162,1.0,1
2026-03-05,VAH,0.5,0.15042099011284354,0.12652412395625567,0.00026202704118937994,-0.10069873877650841,0.0,15
2026-03-05,VAL,0.0,0.07176047234741219,0.16098941410753823,0.24162386891660764,0.19930126122349162,1.0,8
2026-03-05,VAL,0.25,-0.06422282779582499,-0.027539042029133858,-0.06198686371100014,-0.10069873877650841,0.0,2
2026-03-05,VAL,0.25,0.24280299060196428,0.2189061244453764,0.09264402753031012,0.19930126122349162,1.0,15
2026-03-05,VAL,0.5,0.032823254026479926,0.11017363658596441,0.1479055305174156,0.19930126122349162,1.0,18
2026-03-06,POC,0.0,0.051341350601294425,0.14490551077044908,0.158186864014801,0.1993392361569975,1.0,17
2026-03-06,POC,0.25,-0.007962204308183389,-0.02943702920576501,0.01212501651909873,-0.10066076384300252,0.0,3
2026-03-06,POC,0.5,-0.04843398969208722,0.0050218052068169245,0.030262984009516953,-0.10066076384300252,0.0,1
2026-03-06,VAH,0.25,0.020252411788026736,-0.04602220166512348,0.05963393683097667,-0.10066076384300252,0.0,17
2026-03-06,VAH,0.5,-0.14602880930355505,-0.10862957578961387,-0.06581207876304798,-0.10066076384300252,0.0,3
2026-03-06,VAL,0.0,0.006607638430027519,-0.030064754856613068,0.025175102418394726,-0.10066076384300252,0.0,1
2026-03-06,VAL,0.25,-0.02666182106515398,-0.048136645962735605,-0.0065746002378718645,-0.10066076384300252,0.0,3
2026-03-06,VAL,0.5,0.03264173384432383,0.12620589401347848,0.1394872472578304,0.1993392361569975,1.0,17
2026-03-09,POC,0.0,-0.14108747423402646,-0.20019078495333695,-0.21299872587670993,-0.10066708025642565,0.0,2
2026-03-09,POC,0.25,0.17746502831756023,0.12463227200864818,-0.04780797427738506,0.19933291974357437,1.0,1
2026-03-09,POC,0.25,0.15854329684404436,-0.024703649596083704,0.00918402743033889,-0.10066708025642565,0.0,2
2026-03-09,POC,0.5,-0.14838199683803452,-0.12470064773492877,-0.32042199497020973,-0.10066708025642565,0.0,1
2026-03-09,VAH,0.0,0.09058949882260538,0.03775674251369331,-0.13468350377233995,-0.10066708025642565,0.0,1
2026-03-09,VAH,0.25,-0.2396602560254038,-0.12812443715103322,-0.38941977359296126,-0.10066708025642565,0.0,1
2026-03-09,VAH,0.25,-0.03190811636548025,-0.2121532016516941,-0.3726527113477024,-0.10066708025642565,0.0,2
2026-03-09,VAH,0.5,0.0716677673490895,-0.1115791790910386,-0.07769150206461599,-0.10066708025642565,0.0,2
2026-03-09,VAL,0.0,-0.07264503992475317,-0.15422895528561348,-0.13234872287484775,-0.10066708025642565,0.0,2
2026-03-09,VAL,0.25,0.11976258613673776,-0.0953040885348907,-0.36620538066934544,-0.10066708025642565,0.0,1
2026-03-09,VAL,0.25,0.03459978520015887,0.08276297971408651,0.2026373017937777,-0.10066708025642565,0.0,3
2026-03-09,VAL,0.5,-0.06499696478482812,-0.04131561568172236,-0.23703696291700332,-0.10066708025642565,0.0,1
2026-03-10,POC,0.25,-0.03541078322149516,-0.014036064979143519,0.08292742959297524,-0.10064771873461668,0.0,1
2026-03-10,POC,0.5,-0.004896753633707667,-0.02167266886027475,-0.006645594217169643,-0.017656812705652038,0.0,4
2026-03-10,VAH,0.0,0.018265668316190867,0.05408451434049167,0.10344068191828203,0.19935228126538332,1.0,1
2026-03-10,VAH,0.25,0.011121330673368455,-0.07793999533642515,-0.08104904526258827,-0.10064771873461668,0.0,4
2026-03-10,VAH,0.5,-0.14506308780475363,-0.08786952353810117,0.10366090628804943,-0.10064771873461668,0.0,16
2026-03-10,VAL,0.5,-0.11376531854807344,-0.09239060030572178,0.0045728942663969705,-0.10064771873461668,0.0,1
2026-03-11,POC,0.0,0.05713603945170787,0.027109791340772092,0.10572155791818144,-0.02545271363045699,0.0,11
2026-03-11,POC,0.25,0.043726966619821395,-0.006714478882204753,0.00581302860778868,0.04995757881061407,0.0,3
2026-03-11,VAH,0.0,0.006429461516025333,-0.026844658907122926,0.04513879682901518,0.08729485377946582,0.0,3
2026-03-11,VAH,0.25,0.03868945038046441,0.008663202269528623,0.08727496884693797,-0.043899302701700456,0.0,11
2026-03-11,VAL,0.0,0.20720099689794855,0.2332502585041228,0.25638306334013694,0.1993371689158735,1.0,16
2026-03-11,VAL,0.25,-0.0017697589946142444,0.012215976880453196,-0.0017034758862001453,0.1993371689158735,1.0,1
2026-03-12,POC,0.0,-0.01749098541520911,-0.08207308540982981,-0.20202088154566722,-0.10067273020827727,0.0,1
2026-03-12,POC,0.25,0.05827189064098164,0.10576664334535373,-0.002072009041491506,0.19932726979172274,1.0,1
2026-03-12,POC,0.5,0.02263064420644709,0.0016414617081968901,-0.03219686776815437,-0.10067273020827727,0.0,20
2026-03-12,VAH,0.25,-0.011759324040687672,-0.09907970507507484,-0.09006512028415839,-0.10067273020827727,0.0,1
2026-03-12,VAH,0.5,0.13336203648888656,0.23232065012647374,0.19787686346267194,0.19932726979172274,1.0,3
2026-03-12,VAL,0.0,-0.0534147785372165,-0.23680103331360275,-0.07400032291049764,-0.10067273020827727,0.0,1
2026-03-12,VAL,0.25,0.1393358807383882,0.1759996770895045,0.04804639147516415,0.19932726979172274,1.0,1
2026-03-12,VAL,0.5,-0.036367795059472734,-0.04141327162155228,0.014086970561322779,-0.10067273020827727,0.0,21
2026-03-13,POC,0.25,-0.028558693573808934,-0.030496627994109328,-0.022744890312913626,0.056322834035298995,0.0,3
2026-03-13,POC,0.5,0.07488178600036165,0.10621172579520138,0.09794320560192048,0.19909563060386037,1.0,1
2026-03-13,VAH,0.5,0.0032169711376964227,-0.05511485491330844,-0.06073486473217547,-0.10064597814009975,0.0,3
2026-03-13,VAL,0.25,0.04120694555696414,0.007616082271772971,-0.020160977752511144,-0.10064597814009975,0.0,1
2026-03-13,VAL,0.5,0.06054107129014602,0.021976176326195782,-0.10502312601741802,-0.10064597814009975,0.0,17
2026-03-16,POC,0.5,-0.052618527750401684,-0.024536419788868526,-0.050493047101937326,-0.10064408504498934,0.0,1
2026-03-16,VAL,0.25,0.0009355335278525009,0.029017641489385664,0.0030610141763168577,0.19935591495501068,1.0,1
2026-03-16,VAL,0.5,0.005342685448187803,-0.027956511377761596,0.2370844846353499,0.19935591495501068,1.0,2
2026-03-17,POC,0.0,0.04957594132830524,0.07313475642234063,0.0626186476557302,-0.08105598120758008,0.0,1
2026-03-17,POC,0.25,0.12052894661367715,0.14087829994127146,0.15870105570805745,0.19931713579437593,1.0,18
2026-03-17,VAH,0.0,-0.0035508938692456605,0.02820229169227111,0.010106390243235739,-0.10068286420562407,0.0,4
2026-03-17,VAH,0.25,0.03305404187323107,0.04377500990152698,0.09505811174389613,-0.10068286420562407,0.0,18
2026-03-17,VAL,0.0,0.0017071605140626593,0.0311386077764566,0.07559306756258505,-0.10068286420562407,0.0,18
2026-03-17,VAL,0.25,0.046369893882899194,0.024518239302930196,0.03510263449010453,-0.10068286420562407,0.0,5
2026-03-18,POC,0.0,-0.015630020058524173,-0.04272205482663453,-0.024921198648875407,-0.10086833444769588,0.0,1
2026-03-18,POC,0.25,-0.02439368547189536,-0.17383404392035579,-0.20318374825247731,-0.10086833444769588,0.0,13
2026-03-18,POC,0.5,-0.0434036973680725,-0.11781995953561437,-0.40254682493509153,-0.10086833444769588,0.0,14
2026-03-18,VAH,0.25,0.06608676397801547,0.053843248265504885,0.07147043755372894,0.0600952562889095,0.0,1
2026-03-18,VAH,0.5,0.06496444170436892,-0.0844759167440915,-0.11382562107621302,-0.10086833444769588,0.0,13
2026-03-18,VAL,0.0,0.009985846148502562,-0.0032996709012421137,0.0032996709012405347,-0.016064187282373688,0.0,1
2026-03-18,VAL,0.25,0.014681364674419018,-0.1347589937740414,-0.16410869810616294,-0.10086833444769588,0.0,13
2026-03-18,VAL,0.5,-0.08699408664240922,-0.26343964641420853,-0.4667167406198116,-0.10086833444769588,0.0,14
2026-03-19,VAL,0.25,0.06500826846286938,-0.02041906989875882,-0.006140846206591452,-0.10080667930464245,0.0,2
2026-03-19,VAL,0.5,0.03373936191666828,0.12384544024522938,0.1867664260073411,0.19903198483442908,1.0,1
2026-03-20,POC,0.0,-0.21863423786145122,-0.2667022726183409,-0.29251658758036936,-0.1006847298398417,0.0,17
2026-03-20,POC,0.25,-0.07340817430483154,-0.05759091500448576,-0.07854364810364423,0.19917832419218998,1.0,1
2026-03-20,POC,0.25,-0.01670227261833838,0.02349136898037432,-0.00841704155625368,-0.1006847298398417,0.0,17
2026-03-20,POC,0.5,0.04095711537012906,-0.02395527344686019,-0.0024547564758351003,-0.10082167580781004,0.0,4
2026-03-20,POC,0.5,0.02685168066939074,-0.1705559321569681,-0.3093506706928817,-0.1006847298398417,0.0,21
2026-03-20,VAH,0.0,-0.00034236491991959965,0.03211382948857503,0.07018480858377575,0.19931527016015832,1.0,6
2026-03-20,VAH,0.25,0.0978427586395737,0.06648213197482479,0.07017967310996966,-0.1006847298398417,0.0,4
2026-03-20,VAH,0.5,0.10949857233828077,0.036506371411157576,-0.09044254089549156,-0.1006847298398417,0.0,1
2026-03-20,VAL,0.0,-0.07593653923844196,-0.15406421396437783,-0.09298631225049855,-0.1006847298398417,0.0,21
2026-03-20,VAL,0.25,0.10297823243838637,0.0021175270297083847,-0.1116845723519798,-0.1006847298398417,0.0,17
2026-03-20,VAL,0.25,0.08251508117472728,-0.006842162924614553,0.16399793211588592,0.07169634970522906,0.0,21
2026-03-20,VAL,0.5,-0.2832145327061181,-0.16783755469279701,-0.1296296296296312,-0.1006847298398417,0.0,17
2026-03-23,VAL,0.5,-0.17607430687369785,-0.06318262438933203,-0.0007623611413639901,-0.10087126987584405,0.0,1
2026-03-24,POC,0.0,-0.06153201276856649,-0.007308605883429099,0.11586289915198568,-0.10075235648799992,0.0,1
2026-03-24,POC,0.25,0.03960888210573533,-0.014184606786259655,0.008923485345167233,-0.10053739749142851,0.0,3
2026-03-24,POC,0.5,0.08168979267204982,0.005809266882344846,0.3500123601423013,0.1994626025085715,1.0,4
2026-03-24,VAH,0.5,-0.0772293934931922,-0.07002826710804938,-0.10248707559033117,-0.10064487698971422,0.0,1
2026-03-24,VAL,0.0,0.2663341967519709,0.12118313431712929,0.09345342375941898,0.1993551230102858,1.0,3
2026-03-24,VAL,0.25,0.10204909663481823,0.14976999387367046,0.2618711105856558,0.19940886275942865,1.0,1
2026-03-24,VAL,0.5,-0.03804236841822447,-0.09796218871250131,-0.09796218871250131,-0.10059113724057137,0.0,1
2026-03-25,POC,0.25,0.11705475059568356,0.11648122754787951,0.2715410042909973,0.1994786154110857,1.0,1
2026-03-25,POC,0.5,-0.16231484329786197,-0.2160174559560332,-0.2614821921093633,-0.10052138458891433,0.0,2
2026-03-25,VAH,0.25,0.022319170789951145,-0.07851660870607921,0.019086586338682925,-0.10052138458891433,0.0,1
2026-03-25,VAH,0.5,-0.07159392482676735,-0.11241833813875828,-0.19250301099600095,-0.10052138458891433,0.0,2
2026-03-26,POC,0.25,0.033389512073821036,0.10085423500630245,0.00817187178186143,0.12511742277725355,0.0,1
2026-03-26,POC,0.5,-0.152041774879811,-0.13616772242511055,-0.014801549227142862,-0.1005023434321108,0.0,8
2026-03-26,VAH,0.25,0.10329813580352247,0.0583383986296071,0.13846217605127822,0.19944742222467812,1.0,1
2026-03-26,VAH,0.5,-0.0159569391209955,-0.17238668388029915,-0.2024268211205226,-0.1005023434321108,0.0,8
2026-03-26,VAL,0.0,0.0028633575630319054,0.032350917027935105,0.05550894924824118,0.07459799966845236,0.0,3
2026-03-26,VAL,0.25,-0.04994926331335625,-0.2063790080726599,-0.23641914531288336,-0.1005023434321108,0.0,8
2026-03-26,VAL,0.5,-0.07422877724584752,0.0023283618078367577,0.08245213922950786,-0.10060281211853296,0.0,9
2026-03-27,POC,0.0,0.0391279498615118,0.054710741379395404,0.025010624630581596,-0.10048848876231603,0.0,5
2026-03-27,POC,0.25,-0.09394493754671393,-0.27248758017321656,-0.19218002764846445,-0.10048848876231603,0.0,17
2026-03-27,POC,0.25,-0.07404634781376869,-0.08484194946095297,-0.039168250184403085,-0.10048848876231603,0.0,1
2026-03-27,POC,0.5,0.026312447182152445,0.05781997235153501,0.06260716222223434,0.19951151123768399,1.0,18
2026-03-27,VAH,0.0,0.054173403740844936,0.07009813739234834,0.04459902399945072,0.19951151123768399,1.0,8
2026-03-27,VAH,0.25,-0.11836937566251506,-0.0382572186426847,-0.024628382174067848,-0.10048848876231603,0.0,18
2026-03-27,VAH,0.25,-0.06398347931005667,-0.030228905834020228,-0.056460752370390103,-0.10048848876231603,0.0,5
2026-03-27,VAL,0.25,-0.05735712924924046,-0.023602555773204022,-0.049834402309573894,-0.10048848876231603,0.0,5
2026-03-27,VAL,0.5,0.060799753801661145,0.07672448745316454,0.05122537406026693,0.19951151123768399,1.0,8
2026-03-30,POC,0.0,0.13158144388577991,0.09619580684944547,0.08846409259083571,0.19952566170192582,1.0,3
2026-03-30,POC,0.25,0.086495588653828,0.11097144483445533,0.03199411820510507,-0.10047433829807419,0.0,1
2026-03-30,POC,0.5,-0.04956835214875418,0.05412199981026568,0.08817948961198929,0.022199032349870706,0.0,9
2026-03-30,VAH,0.0,-0.05995636087657696,-0.08443221705720427,-0.0054548904278540035,-0.10047433829807419,0.0,1
2026-03-30,VAH,0.25,0.042809031401195304,0.0345555450147055,0.09650412674319178,0.03986813395313586,0.0,9
2026-03-30,VAH,0.25,-0.047220377573287474,0.060644151408785735,0.03303766246086517,0.19952566170192582,1.0,3
2026-03-30,VAL,0.25,0.1400958163362119,0.10471017929987744,0.0969784650412677,0.19952566170192582,1.0,3
2026-03-30,VAL,0.5,0.09500996110426,0.11948581728488732,0.04050849065553705,-0.10047433829807419,0.0,1
2026-03-31,POC,0.0,-0.06908690668946885,-0.05239507340768128,-0.387459748576419,-0.1004548183455528,0.0,3
2026-03-31,POC,0.25,-0.07678698127967849,-0.03689941237469716,0.028730874888567043,-0.1004548183455528,0.0,4
2026-03-31,POC,0.5,0.013890152273184136,-0.013489912129095567,-0.04137027671148184,-0.1004548183455528,0.0,19
2026-03-31,VAH,0.0,-0.15250059126385046,-0.25633561955355116,-0.1625520767005672,-0.1004548183455528,0.0,4
2026-03-31,VAH,0.25,0.0008505103061807645,0.05010733712954716,0.1135544963341641,0.19954518165444723,1.0,4
2026-03-31,VAH,0.25,0.04756035439445387,0.06329706915058043,0.12092255353211874,0.19954518165444723,1.0,2
2026-03-31,VAH,0.5,0.03913257045136459,-0.011488711408660993,-0.015945931195080445,-0.1004548183455528,0.0,20
2026-03-31,VAL,0.25,-0.06696290501573897,-0.050271071733951386,-0.3853357469026891,-0.1004548183455528,0.0,3
2026-03-31,VAL,0.5,-0.07466297960594447,-0.034775410700963134,0.03085487656230107,-0.1004548183455528,0.0,4
2026-04-01,POC,0.5,-0.02629231982986378,-0.009698830309060222,0.010110451754534816,0.044583747813259314,0.0,1
2026-04-01,VAH,0.25,-0.038349398003636195,0.0699156176036769,0.017305251603606454,-0.10042877233903887,0.0,1
2026-04-01,VAH,0.5,0.126496415463245,0.10046993448358721,0.025434775151786056,-0.02151579597296875,0.0,10
2026-04-02,POC,0.0,-0.04156961913001236,-0.24178700561211877,-0.17093675827954255,-0.10044364588185711,0.0,4
2026-04-02,POC,0.25,-0.029585634746347074,0.04756438410860435,-0.008423726181761394,0.1995563541181429,1.0,2
2026-04-02,POC,0.25,0.05816752068498649,0.05439653068920355,-0.0027450588939916232,-0.10044364588185711,0.0,4
2026-04-02,POC,0.5,-0.14049155963709814,-0.1796211264168932,-0.1669772187839642,-0.10044364588185711,0.0,8
2026-04-02,VAH,0.0,-0.0020407710565412147,-0.020318981389053314,-0.09746900024400475,-0.10044364588185711,0.0,1
2026-04-02,VAH,0.25,-0.17660987999379202,-0.047908209667045856,-0.10469488254475567,-0.10044364588185711,0.0,4
2026-04-02,VAH,0.5,0.11944056254297833,0.1517823473303609,0.051607107207027665,0.1995563541181429,1.0,4
2026-04-02,VAL,0.0,0.056831037465894074,0.04547370289035453,0.005545573523215384,-0.10044364588185711,0.0,4
2026-04-02,VAL,0.25,-0.08527428406645879,-0.28549167054856517,-0.21464142321598897,-0.10044364588185711,0.0,4
2026-04-02,VAL,0.25,-0.1700439209423048,-0.2538042634369261,-0.22279341629511565,-0.10044364588185711,0.0,8
2026-04-02,VAL,0.5,0.03878574122136001,0.07192608859608259,0.1020940085623663,-0.10044364588185711,0.0,9
2026-04-15,VAH,0.5,0.022971606233143812,0.027981720107884495,0.006161971830985506,-0.038507641594246564,0.0,10
2026-04-16,POC,0.0,0.0012851752464971733,-0.02596053997923194,-0.06775443899530234,-0.10066829112817824,0.0,1
2026-04-16,VAH,0.0,-0.005294922015564172,-0.03747571018784046,-0.053977360352857155,0.01156657721847007,0.0,2
2026-04-16,VAH,0.25,0.07506194544688513,0.18867143723718283,0.16579531784954407,0.07732385388071712,0.0,17
2026-04-16,VAL,0.0,0.0285822974820826,0.038246815335737684,0.09063055838294222,0.19933170887182178,1.0,1
2026-04-17,POC,0.0,-0.03470897856434464,-0.17386274061077794,-0.26705571236046555,-0.10082640425153203,0.0,15
2026-04-17,POC,0.25,-0.011016604368500429,-0.042547105042337975,-0.08043456149719111,-0.10082640425153203,0.0,16
2026-04-17,POC,0.25,-0.04267424415795528,-0.024493350624252782,0.07009815139725985,0.16964807892796305,0.0,4
2026-04-17,VAH,0.0,-0.053334859002722175,-0.21740788771073127,-0.1399801662979653,-0.10082640425153203,0.0,15
2026-04-17,VAH,0.25,0.07512014646426193,0.033545655656420224,0.0076728456276886365,-0.10082640425153203,0.0,16
2026-04-17,VAH,0.25,0.020704604978771746,-0.0025618531797501607,0.007037150049584765,-0.10082640425153203,0.0,1
2026-04-17,VAL,0.0,0.024474279756907236,0.005276273298243169,0.01150608996363567,0.03032267907544204,0.0,1
2026-04-17,VAL,0.25,-0.029388206575631775,-0.2279159356167516,-0.15818013069900896,-0.10082640425153203,0.0,15
2026-04-17,VAL,0.5,0.10262669412871783,0.0610522033208761,0.03517939329214452,0.0898492130088751,0.0,16
2026-04-20,POC,0.0,0.053007726997020464,0.07245707956433381,0.1053561539070102,0.19914290988686412,1.0,1
2026-04-20,POC,0.25,-0.01846699543764523,-0.03844378807458019,0.05728658456182592,-0.1008570901131359,0.0,2
2026-04-20,VAH,0.25,0.003303093436010398,0.03336717740446614,-0.0025646773385375058,0.10621983702101843,0.0,16
2026-04-20,VAH,0.5,-0.03730319892401791,-0.02906194783617276,0.04181281151929551,0.19914290988686412,1.0,1
2026-04-20,VAL,0.0,-0.14530973918088466,-0.129354677074816,-0.05294179698831483,-0.1008570901131359,0.0,1
2026-04-20,VAL,0.25,-0.03771855797885197,-0.01306073472402073,0.04621034309976613,0.09018565890450832,0.0,4
2026-04-21,POC,0.0,0.0009583986527683113,0.005134278496957833,-0.01588203481725118,-0.10088994160613923,0.0,6
2026-04-21,POC,0.25,-0.002401130910406827,0.012796333440581667,0.04093217960391048,0.1599789836866848,0.0,1
2026-04-21,POC,0.25,-0.15382811804732707,-0.0772246828727301,-0.10871492432073605,-0.10088994160613923,0.0,17
2026-04-21,POC,0.5,0.013270398488464332,-0.07757210238435981,-0.14821977450249355,-0.10088994160613923,0.0,19
2026-04-21,VAH,0.0,0.04497627963334283,0.008762501968139099,-0.007461818082244547,-0.10088994160613923,0.0,3
2026-04-21,VAH,0.25,0.0322381346823935,-0.017393224121525004,-0.013765000650337514,0.021490378362098654,0.0,9
2026-04-21,VAH,0.5,-0.0342387918700425,0.027235636000187358,0.012038171649198865,-0.10088994160613923,0.0,17
2026-04-21,VAL,0.0,0.03210635486763632,0.04360713870082219,-0.0466877057989937,-0.01218535429944233,0.0,8
2026-04-21,VAL,0.25,0.06195876147510927,0.03621891194369626,0.0251288703902697,-0.10088994160613923,0.0,1
2026-04-21,VAL,0.25,-0.07202194732914542,-0.010547519458915557,-0.02574498380990405,-0.10088994160613923,0.0,17
2026-04-21,VAL,0.5,-0.022121894617227016,-0.059020242748687966,-0.02575011808840828,-0.10088994160613923,0.0,19
2026-04-22,POC,0.25,-0.010089372992602357,-0.035574640413351115,-0.05917469627147226,-0.10090769445608155,0.0,4
2026-04-22,VAH,0.5,0.025066331517946204,0.024228459712333224,0.039379974863848886,-0.03211841921518884,0.0,6
2026-04-22,VAL,0.0,-0.06416701577992182,-0.058581203742495605,-0.06263091746962818,-0.10090769445608155,0.0,2
2026-04-22,VAL,0.25,0.02007401200949665,-0.0026183493925421796,0.03773914257785125,0.06636642926965662,0.0,8
2026-04-23,POC,0.25,0.024883507753416984,0.020071041173322958,-0.021025895653505457,-0.10099304865938431,0.0,2
2026-04-23,POC,0.5,-0.016843633030324785,0.02975326560231942,0.04663509281185296,0.1990069513406157,1.0,13
2026-04-23,VAH,0.25,-0.005977389045910514,-0.003914903368724383,-0.004755175311284783,-0.10099304865938431,0.0,1
2026-04-23,VAH,0.5,0.3685356351692001,0.4053548239248315,0.3032235887250768,0.1990069513406157,1.0,3
2026-04-23,VAL,0.0,-0.02192345886486732,-0.05102742342067207,-0.051638530287984936,-0.10099304865938431,0.0,1
2026-04-23,VAL,0.25,0.30660377358490504,0.33165915514475336,0.27131235199755577,0.1990069513406157,1.0,3
2026-04-23,VAL,0.5,0.3569246046902418,0.34821633183102996,0.3046749675349501,0.1990069513406157,1.0,20
2026-04-24,POC,0.0,0.031024536853758517,0.015835440685772702,0.04677918447480525,0.1989496901585968,1.0,3
2026-04-24,POC,0.25,0.1173377877243041,0.0653070540424866,0.1050572418863553,0.1160450986887321,0.0,17
2026-04-24,POC,0.25,-0.023969282476788006,-0.01645552745752386,-0.003205464842896062,-0.10105030984140322,0.0,5
2026-04-24,VAH,0.0,0.05590880078854176,0.020763817633892828,0.06285700435474499,0.061887487578065975,0.0,17
2026-04-24,VAH,0.25,-0.03067510684882332,-0.046025789146259315,-0.05095416609437944,-0.10105030984140322,0.0,1
2026-04-24,VAH,0.5,0.06888820663634271,0.06589886324157325,0.03665177381173081,0.06702996614770244,0.0,6
2026-04-24,VAL,0.0,-0.004120446300890411,-0.014946716973817017,-0.04524411624506356,-0.018582404886365134,0.0,1
2026-04-24,VAL,0.25,-0.054185888683316814,-0.03027114152521258,0.023133074256909365,-0.10105030984140322,0.0,17
2026-04-24,VAL,0.25,0.015053767784576953,0.08922180120058348,0.09019131797726984,0.1989496901585968,1.0,7
2026-04-27,POC,0.0,0.06749126109169154,0.08470018822264135,0.11024468943263911,-0.10161333691852649,0.0,1
2026-04-27,POC,0.25,0.01355651160706216,0.04178990768127235,-0.023639867347850722,0.05550327148875333,0.0,5
2026-04-27,VAH,0.0,-0.0976068835708542,-0.06784978040691574,-0.1098861701174159,-0.10116518777449135,0.0,5
2026-04-27,VAH,0.25,0.004235009411133323,0.016693555615304837,-0.008044277135428376,-0.10161333691852649,0.0,1
2026-04-27,VAL,0.0,0.049654925159093526,0.072510531504887,-0.010576319799230797,0.07878461952137726,0.0,18
2026-04-27,VAL,0.25,0.11510710764542456,0.11842341131128357,0.15848794478802686,0.19838666308147354,1.0,1
2026-04-27,VAL,0.5,0.008470018822262407,-0.004615936183563839,-0.012324101460965213,0.10365689701532395,0.0,6
2026-04-28,POC,0.0,-0.04506697984398554,-0.025588878385992737,-0.10245099443346745,-0.10124125156349957,0.0,4
2026-04-28,POC,0.25,0.045002530243570704,-0.13698404514336043,-0.13421509934786177,-0.10124125156349957,0.0,8
2026-04-28,POC,0.5,0.04732510288066162,0.12791097361862946,0.023836804063669535,-0.10124125156349957,0.0,8
2026-04-28,VAH,0.25,-0.061554142438390434,-0.03987998052189389,-0.11282738009987137,-0.10124125156349957,0.0,4
2026-04-28,VAH,0.5,0.0228819951686664,-0.15910458021826474,-0.15633563442276605,-0.10124125156349957,0.0,8
2026-04-28,VAL,0.0,0.05260997011448463,0.03656918067848749,-0.021196757468993934,-0.10124125156349957,0.0,4
2026-04-28,VAL,0.25,-0.0004463731584153998,0.036886654636078764,0.07297843086706364,0.19875874843650046,1.0,3
2026-04-28,VAL,0.25,-0.1974234481968385,-0.14863271366235878,-0.1091991062988716,-0.10124125156349957,0.0,8
2026-04-28,VAL,0.5,0.03758605215166088,0.1551230271261234,0.04388779085865727,-0.10124125156349957,0.0,11
2026-04-29,POC,0.0,0.018891023070268815,0.008653988222133088,-0.038731874116129925,-0.10189965595119996,0.0,1
2026-04-29,POC,0.25,0.01665892732761295,-0.007192308504122008,-0.021650801021587108,-0.1013719737425333,0.0,10
2026-04-29,POC,0.5,0.0069337442218825665,-0.11274458070371557,-0.2783312577833066,-0.1013719737425333,0.0,15
2026-04-29,VAH,0.25,0.062176794647189795,0.05922177427865923,0.24433269307892025,0.19862802625746673,1.0,3
2026-04-29,VAH,0.5,0.01970365367161592,0.026563522384288153,0.09199611625895102,0.19862802625746673,1.0,4
2026-04-29,VAL,0.0,0.155771787998399,0.16389809401186045,0.0982544272537263,0.19862802625746673,1.0,11
2026-04-29,VAL,0.25,0.04011967832492222,0.04697954703759445,0.11241214091225732,0.19862802625746673,1.0,4
2026-04-29,VAL,0.25,-0.2510870253498545,-0.16043122190092227,-0.023128311205857188,-0.1013719737425333,0.0,16
2026-04-29,VAL,0.5,0.04650990987188144,0.03648394790721698,0.23869177026827634,0.19862802625746673,1.0,3
2026-04-29,VAL,0.5,0.08956877809907944,0.16449965172974781,0.26665892732761465,0.19862802625746673,1.0,16
2026-04-30,POC,0.0,-0.04379159691314833,-0.034298313666247644,-0.058695030827647876,-0.10183740966069169,0.0,1
2026-04-30,POC,0.25,-0.010197623616835624,-0.01162672001959916,-0.05266220244171777,-0.10132701808827733,0.0,3
2026-04-30,POC,0.5,0.06351312727124095,0.04370993426156805,-0.2603813645829044,-0.10132701808827733,0.0,10
2026-04-30,VAH,0.0,-0.09033930831734348,-0.02010942795312708,-0.12943530276428233,-0.10132701808827733,0.0,9
2026-04-30,VAH,0.25,-0.04194397942101446,-0.06725940141276202,-0.06950512433138778,-0.10132701808827733,0.0,11
2026-04-30,VAH,0.25,0.034798497407208286,-0.02256951533216412,-0.08779755828671278,-0.10132701808827733,0.0,2
2026-04-30,VAH,0.5,-0.030603078681968748,-0.022334735208852107,-0.01641419296884633,-0.10132701808827733,0.0,13
2026-04-30,VAL,0.25,-0.04388346739618306,-0.034390184149282375,-0.05878690131068261,-0.10183740966069169,0.0,1
2026-04-30,VAL,0.5,-0.010289494099870355,-0.01171859050263389,-0.0527540729247525,-0.10132701808827733,0.0,3
2026-05-01,POC,0.0,0.005283602242596318,-0.008218936821815744,0.023776210091684142,-0.08218936821815814,0.0,4
2026-05-01,POC,0.25,-0.06819026838742479,0.07476052562058424,0.11517029832784428,-0.10127197831766191,0.0,17
2026-05-01,POC,0.25,0.004214651233335146,0.011063765251512857,-0.06965793567703112,-0.10127197831766191,0.0,9
2026-05-01,POC,0.5,0.05412267741651563,0.012930148821464347,0.0328904239601585,0.1987280216823381,1.0,11
2026-05-01,VAH,0.0,-0.039333483361548266,0.10361731064646075,0.1440270833537208,-0.10127197831766191,0.0,17
2026-05-01,VAH,0.25,0.013314188428910417,-0.021420604091849874,-0.0015581734391318471,-0.04098950128664841,0.0,3
2026-05-01,VAH,0.5,-0.017499486316453077,-0.012998639961649058,-0.0403950960343688,-0.10127197831766191,0.0,9
2026-05-01,VAL,0.0,-0.06271831550932683,-0.04608475289374985,-0.07641654354569115,-0.10127197831766191,0.0,11
2026-05-01,VAL,0.25,-0.07358639178889526,-0.06673727777071754,-0.027795172353063828,-0.10127197831766191,0.0,9
2026-05-01,VAL,0.5,0.03824251734293348,0.025424889680345418,0.026403334540080006,-0.10176120074753188,0.0,1
2026-05-04,POC,0.25,0.04177287949217907,0.032276203328838085,0.0014869795571589915,-0.10129954515919429,0.0,3
2026-05-04,POC,0.5,-0.004523416804120726,-0.05610536312290754,-0.035512570600286515,-0.10129954515919429,0.0,10
2026-05-04,VAH,0.25,0.013707702304197855,-0.0015869445694028869,0.03669965512070473,0.19820062977957717,1.0,1
2026-05-04,VAH,0.5,0.009671614934771346,0.036262308192129736,0.08744439446193404,0.19870045484080573,1.0,4
2026-05-04,VAL,0.0,0.08766931573948726,0.23001949317739048,-0.006097865746984171,0.19870045484080573,1.0,4
2026-05-04,VAL,0.25,0.02780276903084203,0.09487929224771628,-0.038773929124801834,-0.10179937022042285,0.0,1
2026-05-04,VAL,0.25,-0.2931099115309618,-0.17934972759533852,-0.01460738741440673,-0.10129954515919429,0.0,13
2026-05-04,VAL,0.5,-0.12758034687858918,0.1362273204378434,0.21469985505073233,-0.10129954515919429,0.0,13
2026-05-05,POC,0.25,0.016496007335803753,0.052219844878315894,0.09100026745119137,0.19875826233141025,1.0,16
2026-05-05,POC,0.5,0.08361670423718222,0.06842929736751471,0.034997898597790275,-0.026038283727509756,0.0,10
2026-05-05,VAH,0.5,-0.03597218507622752,0.02754747258624543,-0.05708172544225387,0.19875826233141025,1.0,16
2026-05-05,VAL,0.0,-0.005157987238756095,0.051293317540977205,0.0357238375425045,-0.10124173766858977,0.0,8
2026-05-05,VAL,0.25,0.06326175830053571,0.09755282161005444,-0.048017040461543585,-0.10124173766858977,0.0,15
2026-05-05,VAL,0.25,-0.013725977152031795,-0.0027413746991171257,-0.040662132732206986,0.19307110380926887,0.0,1
2026-05-06,POC,0.0,-0.06876988779099304,-0.10027633562216977,0.18411907553174084,-0.10188410651482163,0.0,1
2026-05-06,POC,0.25,-0.045700050242838984,-0.0684140010048561,-0.12881008206330968,-0.10136074359403785,0.0,2
2026-05-06,POC,0.5,-0.06889549489198007,-0.1565064478311849,-0.21868196282029456,-0.10136074359403785,0.0,3
2026-05-06,VAH,0.0,-0.0977641936024118,-0.14622760006699162,-0.2221152235806407,-0.10136074359403785,0.0,1
2026-05-06,VAH,0.25,0.0077876402612606175,-0.043501925975546696,-0.17162116898341545,-0.10136074359403785,0.0,2
2026-05-06,VAH,0.25,0.023279182716467565,0.22592530564394647,0.3828295092949235,0.19811589348517838,1.0,1
2026-05-06,VAH,0.5,0.07921621168983735,-0.057695528387200566,-0.07193099983252565,-0.10136074359403785,0.0,3
2026-05-06,VAL,0.25,-0.06232205660693693,-0.09382850443811368,0.19056690671579693,0.19811589348517838,1.0,1
2026-05-06,VAL,0.5,-0.05214788142689509,-0.07486183218891221,-0.1352579132473658,-0.10136074359403785,0.0,2
2026-05-07,POC,0.0,0.008183914887288882,0.002882970017109788,0.020552786251026002,-0.10167398259058107,0.0,1
2026-05-07,POC,0.25,-0.16179971728294026,-0.13120303548843135,-0.1456178855739921,-0.10120898742653077,0.0,9
2026-05-07,POC,0.5,0.10094115021204116,0.10122014731046897,0.22853582322743554,0.19879101257346926,1.0,11
2026-05-07,VAH,0.0,-0.1839520868982926,-0.15335540510378365,-0.1677702551893444,-0.10120898742653077,0.0,9
2026-05-07,VAH,0.25,0.08929767130421802,0.018060412171706012,0.05981697790342877,0.19879101257346926,1.0,9
2026-05-07,VAH,0.25,0.022338367680970736,0.013968454728068845,-0.00863031024477811,0.19832601740941896,1.0,1
2026-05-07,VAL,0.5,-0.02888549959080103,-0.10151774421546056,-0.06766609627259616,-0.10120898742653077,0.0,4
2026-05-08,POC,0.0,0.06757898293630606,0.03707458091644538,-0.10258865048525626,-0.10122017608079444,0.0,3
2026-05-08,POC,0.25,0.02220251168553238,0.07307446828480842,0.2626710593005562,0.1987798239192056,1.0,9
2026-05-08,VAH,0.0,-0.04824388504064325,-0.03332019297554081,0.16772728125997244,-0.10122017608079444,0.0,16
2026-05-08,VAH,0.25,-0.017415667060881754,-0.018635843141677204,-0.09954290326819899,-0.10122017608079444,0.0,4
2026-05-08,VAH,0.5,0.020189221152221163,0.07697433875842506,0.1341348951587107,0.1987798239192056,1.0,1
2026-05-08,VAL,0.0,0.017645623322259923,0.07443074092846383,0.13159129732874944,0.1987798239192056,1.0,1
2026-05-08,VAL,0.25,-0.014872069230911977,-0.01609224531170743,-0.09699930543822921,-0.10122017608079444,0.0,4
2026-05-08,VAL,0.5,-0.04570028721068201,-0.030776595145579573,0.17027087908993369,-0.10122017608079444,0.0,16
2026-05-11,POC,0.0,-0.11635398900890317,-0.2099677847261678,-0.05059693007390599,-0.101231760469964,0.0,16
2026-05-11,POC,0.25,-0.0679837028614733,-0.0670361948076514,-0.034536668561684164,-0.10170551449687323,0.0,1
2026-05-11,POC,0.5,0.22446465794959852,0.32101572863369554,0.1760469963994698,0.19876823953003603,1.0,3
2026-05-11,VAH,0.0,-0.06424104604888799,-0.1028046238393051,-0.027382982755355497,-0.101231760469964,0.0,16
2026-05-11,VAH,0.25,0.06277240856547386,0.11564335796854311,0.1561967026719707,0.19876823953003603,1.0,4
2026-05-11,VAH,0.5,0.20172446465795035,0.25952245594087975,0.13189312109153103,0.19876823953003603,1.0,3
2026-05-11,VAL,0.0,-0.17888952056092483,-0.25459541406101754,-0.2220958878150503,-0.101231760469964,0.0,16
2026-05-11,VAL,0.25,-0.053771082054198165,-0.07186848588212934,0.011985976880807629,-0.101231760469964,0.0,16
2026-05-11,VAL,0.25,0.017197271176803974,0.10825279514876329,0.12161265870760216,0.19829448550312678,1.0,1
2026-05-11,VAL,0.5,0.05561872275914347,0.11284820920978658,0.2251279135872687,0.19876823953003603,1.0,8
2026-05-12,POC,0.0,0.057368199535195334,-0.04620564715354983,-0.12315406152213236,-0.10118945230296265,0.0,17
2026-05-12,POC,0.25,-0.028395886324958913,0.019090709462546367,-0.052184932384215274,-0.10118945230296265,0.0,9
2026-05-12,POC,0.25,0.15347137079803427,0.18366516002708785,0.21138854831921502,0.19881054769703735,1.0,18
2026-05-12,POC,0.5,-0.007749739235453399,-0.005004849305546245,-0.030349332991746112,-0.10118945230296265,0.0,4
2026-05-12,VAH,0.0,-0.018116273537434485,0.010888063388655457,0.006770728493786403,-0.10118945230296265,0.0,7
2026-05-12,VAH,0.25,-0.020069720204220022,-0.00844968616758921,0.12184108917231772,0.19835306604205172,1.0,1
2026-05-12,VAH,0.25,0.06471992973082268,0.057217230589060926,0.17067268102549515,0.19881054769703735,1.0,13
2026-05-12,VAH,0.5,0.055236335022969,0.026963968744855408,0.10043552253554609,0.19881054769703735,1.0,2
2026-05-12,VAH,0.5,0.03263674126667629,0.06182407085475616,0.12953135579263517,-0.10118945230296265,0.0,18
2026-05-12,VAL,0.0,0.12763738174099157,0.15783117097004518,0.18555455926217235,-0.10118945230296265,0.0,18
2026-05-12,VAL,0.25,0.1413298076747051,0.052852855600482584,-0.04147986165755074,-0.10118945230296265,0.0,16
2026-05-12,VAL,0.5,-0.0023514557066215717,-0.06081761121378875,-0.08524713159002235,-0.10118945230296265,0.0,9
2026-05-13,POC,0.0,0.033468006619638904,-0.042805765372632074,-0.09337758752993411,-0.10120188974048427,0.0,5
2026-05-13,POC,0.25,0.017295655630854858,0.05788254763644208,0.16032053474848534,0.19879811025951574,1.0,3
2026-05-13,POC,0.25,0.03023908360529748,0.06537124525022397,0.06010142100348794,0.19879811025951574,1.0,16
2026-05-13,VAH,0.0,0.012296256575724022,0.05288314858131124,0.1553211356933545,0.19879811025951574,1.0,3
2026-05-13,VAH,0.25,-0.04178184776679805,-0.05851585107661279,0.00786544382089732,-0.10120188974048427,0.0,5
2026-05-13,VAH,0.5,0.03237243789466285,0.028212050331449745,0.08192727642539586,0.19879811025951574,1.0,16
2026-05-13,VAL,0.25,-0.012950361953715048,0.029023325906273736,0.05592716548172797,0.19879811025951574,1.0,5
2026-05-13,VAL,0.5,0.0177648548949333,0.0011233046420724977,-0.014408808927265373,0.10883111600085178,0.0,1
2026-05-14,POC,0.0,-0.004235208054599534,-0.02271611592919082,0.0192509457027087,0.06381688500447795,0.0,1
2026-05-14,POC,0.25,0.08809954664023165,0.2801277300247387,0.2809940225813619,0.198748688529324,1.0,7
2026-05-14,VAH,0.0,0.022716115929192923,0.06564572484623132,0.07016969708637008,0.198748688529324,1.0,7
2026-05-14,VAH,0.25,0.05027143833440832,0.009074414530616408,-0.050411007690753025,-0.10125131147067601,0.0,5
2026-05-14,VAL,0.0,0.06015920532096245,0.018962181517170534,-0.040523240704198896,-0.10125131147067601,0.0,5
2026-05-14,VAL,0.25,0.13786324128172286,0.12852653261591596,0.1810816143843082,0.198748688529324,1.0,4
2026-05-15,POC,0.5,0.034021315517384396,-0.21939871152468793,-0.20021076910840518,-0.10129245207985366,0.0,3
2026-05-15,VAH,0.5,-0.03929054322755048,-0.057881969299299486,-0.07458442694663289,-0.10178954903364353,0.0,1
2026-05-15,VAL,0.25,-0.017955141970883,-0.036546568042632004,-0.0532490256899654,0.19821045096635648,1.0,1
2026-05-15,VAL,0.5,-0.14513242662848821,-0.10347570190089227,-0.12962300167024038,-0.10129245207985366,0.0,3
2026-05-18,POC,0.0,0.0681434220833801,0.09523090426887643,0.10910498051022256,0.19877304087661513,1.0,10
2026-05-18,POC,0.25,0.1649622946023277,0.14863430011420112,0.14117816390286247,0.19830113352146708,1.0,1
2026-05-18,POC,0.5,-0.13226147442733974,-0.10394703311845747,0.04272177286155235,-0.1012269591233849,0.0,3
2026-05-18,VAH,0.25,0.0922272139533567,0.023423121572773133,0.05730606967239504,0.19877304087661513,1.0,16
2026-05-18,VAH,0.5,0.04760129491378313,0.01277453210386171,0.07129104414221668,0.19830113352146708,1.0,1
2026-05-18,VAL,0.0,-0.2810680207261679,-0.2685152850792308,-0.12750936736100085,-0.1012269591233849,0.0,3
2026-05-18,VAL,0.25,0.014235085368042005,-0.020591677441879414,0.03792483459647557,0.19830113352146708,1.0,1
2026-05-18,VAL,0.25,0.006684567685678548,0.038868649306773355,0.15599605485451498,-0.1012269591233849,0.0,3
2026-05-18,VAL,0.5,0.006196143573095248,0.05886100440761558,0.027620737496811702,-0.1012269591233849,0.0,15
2026-05-19,POC,0.0,-0.002435839975055939,-0.007892121519187525,0.04140927957597011,0.03936317399692187,0.0,7
2026-05-19,POC,0.25,-0.017036264785544635,-0.10190092951653097,0.011901514118135038,-0.10126663678702964,0.0,3
2026-05-19,POC,0.25,-0.31316620223318375,-0.2193376463939869,-0.2871514312995742,-0.10126663678702964,0.0,16
2026-05-19,POC,0.5,-0.07359159732641997,0.08629693863632026,0.07626127793908791,-0.10126663678702964,0.0,16
2026-05-19,VAH,0.0,0.07599820722178133,-0.0180252158154243,0.03546583003683421,-0.10126663678702964,0.0,4
2026-05-19,VAH,0.25,-0.011998947717137316,-0.009660541341084721,0.04636377808522634,0.19873336321297036,1.0,2
2026-05-19,VAH,0.25,0.06438899390065171,0.04460997330319132,0.12167995011399346,0.19873336321297036,1.0,8
2026-05-19,VAH,0.5,-0.24010561802131808,-0.1167546816844329,-0.20541925677651132,-0.10126663678702964,0.0,16
2026-05-19,VAL,0.0,0.11243837324863194,0.08661846951303126,0.11614085001071965,-0.10126663678702964,0.0,13
2026-05-19,VAL,0.25,0.08312547498879683,0.10300192918526162,0.029244694740538417,-0.10126663678702964,0.0,4
2026-05-19,VAL,0.25,-0.20550207533566242,0.0003751193561565098,-0.173543854862917,-0.10126663678702964,0.0,16
2026-05-19,VAL,0.5,-0.06745328058927526,-0.04504355281875792,-0.025264532221288678,0.19873336321297036,1.0,2
2026-05-19,VAL,0.5,-0.01181869555897296,0.21296061733928442,0.17272054095134168,-0.10126663678702964,0.0,16
2026-05-20,POC,0.0,0.08824184389266544,0.031919236907542906,0.07590097613480691,-0.1012062502319712,0.0,18
2026-05-20,POC,0.25,-0.03528745870912463,-0.18309950636529054,-0.16175815610733685,-0.1012062502319712,0.0,17
2026-05-20,POC,0.5,-0.008035482314514694,-0.08217347734105028,-0.012210963886721006,-0.1012062502319712,0.0,2
2026-05-20,VAH,0.5,0.10164050031548785,0.00903759789184826,0.022027985005389324,-0.1012062502319712,0.0,17
2026-05-20,VAL,0.0,-0.0015774041495004627,0.045559143376758066,0.30759380915265366,0.1987937497680288,1.0,3
2026-05-20,VAL,0.25,0.06293842556508625,-0.02966447685855335,-0.016674089745012284,-0.1012062502319712,0.0,17
2026-05-20,VAL,0.25,-0.09767843224585189,0.022111494636825182,0.03194707345136329,-0.1012062502319712,0.0,4
2026-05-21,POC,0.25,0.07192917558136937,0.048634300453898105,0.06093159504908282,-0.10129971406290617,0.0,13
2026-05-21,POC,0.5,-0.014206874487605325,0.014986702925364593,-0.0036092059746832468,-0.10129971406290617,0.0,5
2026-05-21,VAH,0.0,-0.021995161064562917,-0.05858711083561189,0.0970786426986079,-0.10129971406290617,0.0,15
2026-05-21,VAH,0.25,0.024839535302230348,0.061131551058765055,0.08192697606526292,-0.10129971406290617,0.0,6
2026-05-21,VAH,0.5,-0.10786626942073321,-0.14635780128372705,-0.01308712083341754,-0.10129971406290617,0.0,4
2026-05-21,VAL,0.5,0.014886724920523474,0.034682369878628355,0.019385735138273758,-0.10129971406290617,0.0,13
2026-05-22,POC,0.0,0.01206573331738193,-0.0028917873239965803,0.027122970763029403,-0.10179490247696543,0.0,1
2026-05-22,POC,0.25,0.0663216465238718,0.07988313190538504,0.1140859957720068,0.19870368154441387,1.0,8
2026-05-22,VAH,0.25,0.08845877707311453,0.0044972278728424445,0.004297794264286378,0.01646324438594344,0.0,4
2026-05-22,VAH,0.5,0.0008176777950573817,0.05536276973395356,0.1218738781859507,0.19870368154441387,1.0,17
2026-05-22,VAL,0.0,0.10051453871006394,0.11407602409157719,0.14827888795819896,0.19870368154441387,1.0,8
2026-05-22,VAL,0.25,-0.027432092856289128,-0.049369789796975795,-0.008186749631045879,-0.10129631845558615,0.0,2
2026-05-25,POC,0.25,-0.03318080708560925,-0.10113201222918554,-0.19640589926157784,-0.1018282835464638,0.0,1
2026-05-25,POC,0.5,-0.03700750611967158,-0.051938488415795174,0.0173331437335524,0.11027089067880096,0.0,2
2026-05-25,VAH,0.25,0.04563852802861,-0.004740840807281667,-0.16217636841944197,-0.1018282835464638,0.0,1
2026-05-25,VAL,0.5,-0.06859618295024643,-0.1441652362040793,-0.15523650879100045,-0.10132042700577941,0.0,1
2026-05-26,POC,0.0,-0.053149310987762106,-0.14369602023102557,-0.1376952915711223,-0.10139302629605024,0.0,2
2026-05-26,POC,0.25,0.05819099462077111,0.050475772058038354,-0.06868155418871921,-0.10139302629605024,0.0,3
2026-05-26,POC,0.5,0.007404470542850709,0.03740811384239622,0.20317824307237717,0.19860697370394978,1.0,12
2026-05-26,VAH,0.0,-0.002464584985321599,0.0034289878056621217,-0.04800582927927165,0.19807119435931506,1.0,1
2026-05-26,VAH,0.25,-0.0017091361093808934,0.013721309016094368,-0.05003643299543376,-0.10139302629605024,0.0,3
2026-05-26,VAH,0.5,-0.006204324810865769,1.0715586896046627e-05,0.0748055120978964,-0.05956794753648761,0.0,7
2026-05-26,VAL,0.0,0.002035961509608766,-0.08840359186472542,-0.08636763035511782,-0.10139302629605024,0.0,2
2026-05-26,VAL,0.25,-0.03364158504961447,0.022722402005958996,0.027437260238740126,-0.10139302629605024,0.0,4
2026-05-26,VAL,0.5,0.10995263710593041,0.18163991341805963,0.22257345534814807,0.19860697370394978,1.0,12
2026-05-27,POC,0.0,-0.02835960877137775,-0.06464650975838152,0.03249073288374961,-0.10200973605466483,0.0,1
2026-05-27,POC,0.25,-0.013387075164133096,0.02546782189272545,-0.03460095574114662,-0.10145147603948015,0.0,9
2026-05-27,POC,0.5,-0.21189317136349411,-0.15830020990576346,-0.2533160644901973,-0.10145147603948015,0.0,13
2026-05-27,VAH,0.25,-0.0521526506185439,-0.048468134518325864,-0.036967978205524436,-0.10145147603948015,0.0,2
2026-05-27,VAH,0.5,0.006833102585862514,0.008396230628383254,-0.11107141262114498,-0.10145147603948015,0.0,8
2026-05-27,VAL,0.0,0.04421419320262978,0.007927292215626018,0.10506453485775714,0.1979902639453352,1.0,1
2026-05-27,VAL,0.25,0.050701174579064964,0.024239649859312668,0.06164307087668985,0.19854852396051986,1.0,2
2026-05-27,VAL,0.25,0.0749296592380806,0.1127796882676051,0.18769818230538868,0.19854852396051986,1.0,10
2026-05-27,VAL,0.5,-0.10370238042069875,-0.09209057210485795,-0.15059622169621945,-0.10145147603948015,0.0,13
2026-05-28,POC,0.0,-0.019476991522387688,-0.009225943352712313,-0.05955858986581692,-0.10133263626205781,0.0,2
2026-05-28,POC,0.25,0.018838863773818836,0.04067359637522851,-0.03251888755625704,-0.10133263626205781,0.0,17
2026-05-28,POC,0.25,-0.06809002470502387,-0.20576160162376717,-0.2609122407766218,-0.10133263626205781,0.0,4
2026-05-28,POC,0.5,0.01758567313507244,-0.07979928447684363,-0.04012772806020105,-0.10133263626205781,0.0,19
2026-05-28,POC,0.5,0.004361820996191577,0.05264425787536297,-0.08759008108578985,-0.10133263626205781,0.0,5
2026-05-28,VAH,0.0,-0.005330545048234552,-0.09789751002040059,-0.05289540855552233,-0.10133263626205781,0.0,19
2026-05-28,VAH,0.25,0.013656958924055093,0.02483060142899342,-0.049694518764541715,-0.10133263626205781,0.0,17
2026-05-28,VAH,0.5,0.011332533751573818,-0.05201894393702299,0.03162960912752659,-0.10133263626205781,0.0,2
2026-05-28,VAL,0.0,0.015684103699601836,0.03229080173447482,-0.11983475310350926,-0.10133263626205781,0.0,5
2026-05-28,VAL,0.25,-0.07091418847576676,-0.20858576539451004,-0.2637364045473647,-0.10133263626205781,0.0,4
2026-05-28,VAL,0.25,-0.06183688532152525,-0.03405654478170461,-0.071677891564414,-0.10133263626205781,0.0,6
2026-05-28,VAL,0.5,-0.022301155293130568,-0.012050107123455193,-0.0623827536365598,-0.10133263626205781,0.0,2
2026-05-29,VAH,0.5,-0.04216810160300424,0.013675498263807375,0.024235361270986893,-0.10123674071255293,0.0,4
2026-06-01,POC,0.0,0.07142643674725994,-0.03187790761383616,0.025701563013658103,-0.10129503999681222,0.0,6
2026-06-01,POC,0.25,-0.007414103981746216,-0.0032301286074291145,-0.014188159349689913,0.1987049600031878,1.0,2
2026-06-01,POC,0.25,0.06142225277188605,0.07467150812388718,0.14231244334200155,0.1987049600031878,1.0,12
2026-06-01,POC,0.5,0.07542611796818324,-0.10697528465975611,-0.10139665082733029,-0.10129503999681222,0.0,16
2026-06-01,VAH,0.0,0.02490461532331285,-0.0032874092226753407,0.033372184533233415,0.1987049600031878,1.0,2
2026-06-01,VAH,0.25,0.1731941663429136,0.16552354482332923,0.20507207395675084,0.19820686769672158,1.0,1
2026-06-01,VAH,0.5,0.06695854875825362,0.011471065817917906,0.06954862875188021,0.13778727473775806,0.0,10
2026-06-01,VAL,0.0,0.07501270135381358,0.019525218413477874,0.07760278134744018,0.14584142733331804,0.0,10
2026-06-01,VAL,0.25,0.00880876243984805,0.025544663937116456,-0.02147524979329869,-0.10129503999681222,0.0,6
2026-06-01,VAL,0.25,0.03930695436478267,-0.09079475608419292,-0.08272566071944498,-0.10129503999681222,0.0,16
2026-06-01,VAL,0.5,-0.016720958728070286,0.018344739647147966,0.023923373479573788,0.1987049600031878,1.0,2
2026-06-02,POC,0.0,-0.018833146337554115,-0.05459608911684279,-0.14144895015226597,-0.10130229203397981,0.0,7
2026-06-02,POC,0.25,-0.07376983490943538,-0.055938451674945204,-0.09350456803974731,-0.10130229203397981,0.0,9
2026-06-02,POC,0.25,0.10063712133355102,0.11205722070844502,0.053253726558742574,-0.10130229203397981,0.0,3
2026-06-02,VAH,0.25,-0.05726077897099141,-0.05816236576374812,-0.013083026125985605,-0.10130229203397981,0.0,8
2026-06-02,VAH,0.5,0.06709809264304704,0.1522479564032651,0.05718063792274147,0.1986977079660202,1.0,3
2026-06-02,VAL,0.0,-0.00500881551530403,-0.026847251162045234,-0.013924507132553674,-0.10180317358551051,0.0,1
2026-06-02,VAL,0.25,0.03742586953037336,-0.03259737137361556,-0.09650985734893329,-0.10130229203397981,0.0,7
2026-06-02,VAL,0.5,-0.008595127424267376,-0.02432280814232827,0.020956884116050897,0.06393252123738413,0.0,9
2026-06-03,POC,0.0,0.002834794477396572,-0.1071972282009548,-0.16389311774895882,-0.10136490104467427,0.0,1
2026-06-03,POC,0.25,0.08474198120636339,0.11970444642763413,0.21178277074911597,0.19863509895532575,1.0,2
2026-06-03,POC,0.5,0.056302168092806845,0.16664916793532067,0.08989973226940216,-0.10136490104467427,0.0,16
2026-06-03,VAH,0.5,-0.10244632264161396,-0.12596461756522973,-0.019817313244796266,-0.10136490104467427,0.0,2
2026-06-03,VAL,0.0,-0.1089820987978373,-0.13250039372145306,-0.026353089401019603,-0.10136490104467427,0.0,2
2026-06-03,VAL,0.25,0.029201007926926478,0.022586487479657753,-0.12261798519607267,-0.10136490104467427,0.0,10
2026-06-03,VAL,0.5,0.17000892435297735,0.25211297180954334,0.18628274450101856,0.19863509895532575,1.0,16
2026-06-04,POC,0.0,0.015697907306563112,0.1071788154034335,0.17278524180190488,0.1985926014138943,1.0,2
2026-06-04,POC,0.25,-0.047285885957412496,-0.23100553215906305,-0.1304306639673541,-0.10140739858610573,0.0,14
2026-06-04,POC,0.25,-0.0747247453149865,-0.11077580140523247,-0.21037631672963591,-0.10140739858610573,0.0,1
2026-06-04,POC,0.5,0.17629832519568114,0.11101668308631814,0.05158115818077858,0.1985926014138943,1.0,14
2026-06-04,VAH,0.0,0.0502333033810092,0.1560047201983346,0.1163810369279749,-0.10140739858610573,0.0,4
2026-06-04,VAH,0.25,-0.12047061243491276,0.03022929770810145,-0.04761067024651106,-0.10140739858610573,0.0,14
2026-06-04,VAH,0.25,0.025525338587623923,-0.018645324730155087,-0.09756790698177595,-0.10140739858610573,0.0,1
2026-06-04,VAH,0.5,0.11361495739912833,0.13418462904221798,0.24287910446146002,0.19805129426539209,1.0,1
2026-06-04,VAL,0.0,-0.1206032326862913,-0.007470038649332769,0.11681408264677824,-0.10194870573460793,0.0,1
2026-06-04,VAL,0.25,-0.021194881399607866,0.07028602669726253,0.13589245309573392,-0.10140739858610573,0.0,2
2026-06-04,VAL,0.5,0.037398910890016526,0.06110816399441855,0.10354664443699206,0.1985926014138943,1.0,7
2026-06-05,POC,0.0,-0.016183484272010364,0.04951503134880426,0.08638336637907701,0.19807084293446225,1.0,1
2026-06-05,POC,0.25,-0.010114677670009694,0.11067198971116424,0.0884866834574832,-0.10139328010288838,0.0,3
2026-06-05,POC,0.5,0.17461550827930528,0.24127860243288057,0.3203740421199296,0.19860671989711162,1.0,9
2026-06-05,VAH,0.25,0.05215422538985204,0.00028133540539092213,-0.042803172391613804,-0.10139328010288838,0.0,2
2026-06-05,VAH,0.5,0.03250093778468853,-0.02387331868602812,-0.022694389368203005,-0.10139328010288838,0.0,5
2026-06-05,VAL,0.0,-0.018970044477791402,0.10181662290338252,0.07963131664970151,-0.10139328010288838,0.0,3
2026-06-05,VAL,0.25,-0.0002545415572584533,0.10091902899094912,0.08194898451315655,0.19807084293446225,1.0,1
2026-06-05,VAL,0.25,0.12021059964632663,0.21388189271743516,0.31141149991961564,0.19860671989711162,1.0,9
2026-06-05,VAL,0.5,0.0979851026204387,0.010315631530997751,-0.3465784255934786,-0.10139328010288838,0.0,15
2026-06-08,VAL,0.25,-0.030856927610316557,-0.08254341378751989,-0.16426909396069542,-0.1012397127680879,0.0,2
2026-06-08,VAL,0.5,0.18530368194691926,0.19941733499899258,0.03062567349779752,0.19876028723191214,1.0,4
2026-06-09,POC,0.0,-0.012173079051240609,-0.007930945442475659,-0.0039654727212364875,-0.10165996532516877,0.0,1
2026-06-09,POC,0.25,0.23967132686562195,0.43471725257294813,0.6618558412335415,0.1988011361540448,1.0,16
2026-06-09,POC,0.25,0.0018351838872757468,-0.032839647349584854,-0.1945940462576961,-0.10119886384595522,0.0,17
2026-06-09,POC,0.5,0.10382160905972106,0.06306023829724301,-0.10579512339076089,-0.10119886384595522,0.0,18
2026-06-09,VAH,0.0,0.02416171751078976,0.005164336567188014,0.06584529123169826,0.1988011361540448,1.0,8
2026-06-09,VAH,0.25,-0.038188424508461306,-0.0037902541591348705,0.009766129329745703,0.1988011361540448,1.0,2
2026-06-09,VAH,0.5,0.09044966616252993,0.03686967427791231,-0.10302851451547794,-0.10119886384595522,0.0,17
2026-06-09,VAL,0.0,-0.10909660998192308,-0.10845106791102681,-0.33236194621712195,-0.10119886384595522,0.0,17
2026-06-09,VAL,0.25,-0.019836585635764223,-0.017899959423066998,-0.0016691873547482019,-0.0006547641004814224,0.0,4
2026-06-09,VAL,0.25,0.12587148179571767,0.13509351137998857,0.031991220627837234,0.1988011361540448,1.0,17
2026-06-09,VAL,0.5,0.2834667453613142,0.4488177358072941,0.7007635840495725,0.1988011361540448,1.0,16
2026-06-09,VAL,0.5,-0.07093585156221083,0.08971190379578893,0.1289977498247766,-0.10119886384595522,0.0,19
2026-06-10,VAL,0.5,-0.02263400353810215,-0.1188992358049171,-0.057206871469749884,-0.10116739554054904,0.0,2
2026-06-11,POC,0.0,0.11005965850648225,0.21514777480627742,0.06763011725982679,0.19888568881574437,1.0,20
2026-06-11,POC,0.25,-0.16488376877185554,0.01692038675169948,-0.13196873071384937,-0.10111431118425565,0.0,20
2026-06-11,POC,0.5,-0.03267503257217905,0.11904272097647964,0.29270383323047183,0.19888568881574437,1.0,4
2026-06-11,VAH,0.5,0.11149969142151744,0.21658780772131261,0.06907015017486197,0.19888568881574437,1.0,20
2026-06-11,VAL,0.0,-0.23751971473633604,-0.1005451553178389,-0.14460330521840303,-0.10111431118425565,0.0,20
2026-06-11,VAL,0.25,0.1299115408352195,0.18588424878282753,0.030480696701644053,0.19888568881574437,1.0,20
2026-06-11,VAL,0.25,-0.08756771583350678,0.046578207501880554,0.1514948913117982,-0.10111431118425565,0.0,4
2026-06-11,VAL,0.5,0.044469587876296096,-0.04578961804841241,-0.2715662072275947,-0.10111431118425565,0.0,3
2026-06-15,POC,0.5,-0.22596739277499966,-0.06580638614531067,-0.0778142335272623,-0.10152212149912056,0.0,1
2026-06-15,VAH,0.5,-0.12846705452577983,0.03203220132593564,0.018671357055878086,-0.10152212149912056,0.0,1
2026-06-16,POC,0.0,0.032501070771711486,0.03863176370797381,0.09632746298489471,0.015368723388173952,0.0,4
2026-06-16,POC,0.25,0.06406364163160301,0.1612309255666733,0.13460860144617517,0.19890823276477457,1.0,15
2026-06-16,VAH,0.0,0.006046710841251703,0.05828357394203314,0.013521117297790285,-0.050809167485492725,0.0,11
2026-06-16,VAH,0.25,0.0002666431516818339,0.00967263779362326,0.06274932184458118,-0.06742292543229944,0.0,2
2026-06-16,VAL,0.25,0.0406326371217648,0.0768289200742427,0.12049960948325919,0.018629328227222026,0.0,4
2026-06-17,POC,0.0,0.006114733061760056,0.03083203431140386,-0.08353931084374452,0.07294618173675955,0.0,3
2026-06-17,POC,0.25,-0.056425637094894794,0.33241971183244,0.7653600372051411,-0.10111959901130796,0.0,20
2026-06-17,POC,0.25,-0.09294178946370606,-0.2626902241781655,-0.31892854374617824,-0.10111959901130796,0.0,21
2026-06-17,POC,0.5,0.06473435360381552,0.3182804681646278,-0.08830621894189801,0.19888040098869206,1.0,21
2026-06-17,VAH,0.0,0.04986521750363932,0.07725233178025166,0.05554933556104766,0.19888040098869206,1.0,4
2026-06-17,VAH,0.25,0.016778913644471163,0.405624262571806,0.8385645879445071,0.19888040098869206,1.0,20
2026-06-17,VAH,0.25,0.037017818848879405,0.05648161704546564,0.09325613841689205,0.03650108084366474,0.0,7
2026-06-17,VAH,0.5,0.08626510382127608,0.10280071998828644,-0.12749218433766998,-0.10111959901130796,0.0,21
2026-06-17,VAL,0.0,0.03677452137141953,0.05623831956800577,0.09301284093943218,0.03625778336620486,0.0,7
2026-06-17,VAL,0.25,0.050108514981099195,0.07749562925771154,0.05579263303850753,0.19888040098869206,1.0,4
2026-06-17,VAL,0.25,0.08602180634382404,0.1025574225108344,-0.12773548181512204,-0.10111959901130796,0.0,21
2026-06-17,VAL,0.5,0.017022211121923203,0.405867560049258,0.838807885421959,0.19888040098869206,1.0,20
2026-06-18,POC,0.25,0.017545993189738186,-0.06650571376167265,-0.2204144371167248,-0.10103669088270242,0.0,3
2026-06-18,POC,0.5,-0.011479357889617275,0.0048684598760760905,-0.0511128477898505,-0.10143541814528027,0.0,1
2026-06-18,VAH,0.5,-0.05111284778985195,-0.14066699096484117,-0.12910390035007768,-0.10103669088270242,0.0,3
2026-06-18,VAL,0.0,-0.0535091986379471,-0.14306334181293634,-0.13150025119817282,-0.10103669088270242,0.0,3
2026-06-18,VAL,0.25,-0.04617062337020801,-0.017701496822144475,-0.16459262035582556,-0.10103669088270242,0.0,2
2026-06-18,VAL,0.5,0.05669502946594217,0.020969066738970144,0.06913532005837432,0.1989633091172976,1.0,14
2026-06-19,POC,0.5,0.006127887699295476,0.049201282905439576,-0.05391146712941807,-0.10139446243473142,0.0,1
2026-06-19,VAL,0.25,-0.007200849072688739,-0.016032444492649837,-0.04849243116779052,-0.10139446243473142,0.0,1
2026-06-19,VAL,0.5,-0.045002401574193836,-0.0337692319610811,-0.11999349250863385,-0.10100711175841713,0.0,5
2026-06-22,POC,0.0,0.015421917265951221,-0.014597215807878743,-0.028947021178332834,-0.10148446262452993,0.0,1
2026-06-22,POC,0.25,-0.19451408590090488,-0.21315233885333038,-0.10396186580457589,-0.10107211189549384,0.0,3
2026-06-22,POC,0.5,-0.011232433858942818,0.07437157748895011,0.1941182292010264,0.19892788810450618,1.0,4
2026-06-22,VAH,0.0,-0.2094741703503367,-0.2281124233027622,-0.11892195025400772,-0.10107211189549384,0.0,3
2026-06-22,VAH,0.25,-0.02619251830836714,0.059411493039525795,0.17915814475160208,0.19892788810450618,1.0,4
2026-06-22,VAH,0.25,0.0004618328165193994,-0.029557300257310567,-0.043907105627764655,-0.10148446262452993,0.0,1
2026-06-22,VAL,0.0,0.06185260935541422,0.23528732598799107,0.3163554793164855,0.19892788810450618,1.0,2
2026-06-22,VAL,0.25,0.004651316223530502,-0.0710562776274978,-0.3681962129709013,-0.10107211189549384,0.0,3
2026-06-22,VAL,0.5,-0.10953684766114699,-0.07341492379758471,0.06241340634689754,-0.10107211189549384,0.0,3
2026-06-23,POC,0.0,0.01889064871642788,-0.020457995116480075,-0.0067643370949673895,-0.10148485448426055,0.0,1
2026-06-23,POC,0.25,-0.055632548010298974,-0.07782287335841155,-0.02931762687256629,-0.10107239490529929,0.0,4
2026-06-23,POC,0.5,-0.022668778459706673,-0.03982709694450205,-0.10846037088365358,-0.10107239490529929,0.0,7
2026-06-23,VAH,0.25,0.023477199234472185,0.047399854814222354,0.05375173233022938,-0.10107239490529929,0.0,3
2026-06-23,VAH,0.5,0.08638553421764547,0.040437537121363346,-0.06564706658747042,-0.10107239490529929,0.0,5
2026-06-23,VAL,0.0,0.02920213819045792,0.05312479377020809,0.059476671286215116,-0.10107239490529929,0.0,3
2026-06-23,VAL,0.25,-0.055550056094504925,-0.06610902131591112,-0.039134164851848514,-0.10107239490529929,0.0,5
2026-06-23,VAL,0.5,0.09380980663895268,0.055121098132382154,0.022371807562855887,-0.10107239490529929,0.0,7
2026-06-24,POC,0.25,0.08242939652787873,0.16709488402504494,0.05149715406603682,-0.10108975379946854,0.0,2
2026-06-24,POC,0.5,0.07181058402420937,-0.006064899030118687,0.04490204789887064,0.19891024620053147,1.0,5
2026-06-24,VAH,0.25,0.002793541951331503,-0.056807608158060234,-0.08463824365217729,-0.10159271709153093,0.0,1
2026-06-24,VAH,0.5,0.11414332777279629,0.23317797356089626,0.12160394993838368,0.19891024620053147,1.0,2
2026-06-24,VAL,0.0,-0.07544449380935765,-0.0012574082301581363,-0.08575524129664083,-0.10150888987618721,0.0,1
2026-06-24,VAL,0.25,0.050072091405196556,0.16231673275045458,0.06809494270409619,-0.10108975379946854,0.0,4
2026-06-24,VAL,0.5,-0.04655344404114514,-0.03691331427661503,-0.08184470170085724,-0.10108975379946854,0.0,14
2026-06-25,POC,0.5,0.06346904243931041,0.030664042266650992,0.29750681998687845,0.1988777236783038,1.0,2
2026-06-25,VAL,0.0,0.0533512897544815,0.045409026554784765,0.08865982941399742,0.1984460789391899,1.0,1
2026-06-25,VAL,0.25,0.07630615698055905,-0.015634172450706495,-0.058971304257743815,-0.01727442245933986,0.0,18
2026-06-25,VAL,0.25,0.21840360509685763,0.1060896439794179,0.046867985772987106,0.1988777236783038,1.0,3
2026-06-26,POC,0.0,0.12083896768996173,0.10520662504435455,0.21002963431826846,0.19875324874605596,1.0,5
2026-06-26,POC,0.25,-0.06442587104756003,-0.1579322150933636,-0.1067195097390452,-0.10124675125394406,0.0,5
2026-06-26,POC,0.5,0.12367292919411649,0.10957504963028955,0.11504157435911835,0.19875324874605596,1.0,1
2026-06-26,VAH,0.0,-0.04545846879765343,0.020619347661384253,0.030209741922492313,-0.10124675125394406,0.0,2
2026-06-26,VAH,0.25,-0.04097256188201773,-0.030614936080021717,-0.006159430714194419,-0.10124675125394406,0.0,12
2026-06-26,VAH,0.25,-0.04749402997956964,-0.001939657239306349,0.05915115420395095,0.19875324874605596,1.0,5
2026-06-26,VAH,0.5,-0.0998791610323119,-0.1619290119016791,-0.1389120656750189,-0.10124675125394406,0.0,16
2026-06-26,VAL,0.25,-0.058479826605674086,-0.0608774251709511,-0.026352005830962952,-0.10124675125394406,0.0,5
2026-06-26,VAL,0.5,-0.028344410238702364,0.09690613881136839,-0.023261501280317533,-0.10172627096699946,0.0,1
2026-06-29,POC,0.0,0.19368822772029526,0.1941513750845253,0.09911353594486602,0.1987958168530063,1.0,3
2026-06-29,POC,0.25,-0.12031873801606396,-0.16663347443889887,-0.0697430458423279,-0.10166733051122206,0.0,1
2026-06-29,POC,0.25,-0.03520614689181583,0.04445519975545937,0.018426317885826656,-0.10120418314699371,0.0,17
2026-06-29,VAH,0.25,-0.08365136119010384,-0.030574673249534872,-0.046414313106144744,-0.10166733051122206,0.0,1
2026-06-29,VAH,0.5,0.08214844799318366,0.12994525598154794,0.17487055031170118,0.1987958168530063,1.0,8
2026-06-29,VAL,0.0,-0.03973804385079101,0.0399233027964842,0.013894420926851486,-0.10120418314699371,0.0,17
2026-06-29,VAL,0.25,0.1891563307613201,0.18961947812555013,0.09458163898589085,0.1987958168530063,1.0,3
2026-06-29,VAL,0.5,-0.12485063497503913,-0.17116537139787405,-0.07427494280130308,-0.10166733051122206,0.0,1
2026-06-30,POC,0.0,0.12265253789878418,0.17554114186590192,0.32789048947884225,0.1987744173768761,1.0,17
2026-06-30,POC,0.25,0.1171091334188108,0.09702843351685643,0.18168791009880073,0.1987744173768761,1.0,11
2026-06-30,POC,0.5,-0.023795158005880637,-0.07479825024511713,-0.2992684214495809,-0.10122558262312392,0.0,3
2026-06-30,VAH,0.25,-0.1724111923976153,-0.04721321366619034,0.08590391432234862,-0.10122558262312392,0.0,17
2026-06-30,VAH,0.5,0.012029564823894405,-0.035956708650727844,-0.010879402669886084,-0.10169696055509465,0.0,1
2026-06-30,VAL,0.0,-0.021683384870654517,0.025454408326419032,-0.014329889131909159,0.02960253412776202,0.0,9
2026-06-30,VAL,0.25,0.09859340825100085,0.11377177766045544,0.27903688060939724,0.1987744173768761,1.0,17
2026-06-30,VAL,0.25,0.042593709932876964,-0.07327098574552948,-0.377215476280262,-0.10122558262312392,0.0,3
2026-06-30,VAL,0.5,-0.12825250773059924,-0.007296930386904894,-0.062353872841088176,-0.10122558262312392,0.0,4
2026-07-01,POC,0.0,-0.0008830957805665919,0.07329694978717234,0.02949539907098142,-0.10114802451473887,0.0,14
2026-07-01,POC,0.25,-0.2487724968650101,-0.29866740846712325,-0.4296305127254102,-0.10114802451473887,0.0,16
2026-07-01,POC,0.25,0.0086499231706673,-0.0580238082622454,-0.18448312403963582,-0.10114802451473887,0.0,3
2026-07-01,POC,0.5,-0.010694289902679966,-0.06306186969038621,-0.06897861142019486,-0.10114802451473887,0.0,16
2026-07-01,POC,0.5,0.052270439251840974,0.08247231494727948,0.07434783376604993,0.007497483177027744,0.0,5
2026-07-01,VAH,0.0,-0.28585810416997587,-0.32736360585669116,-0.4857909888906552,-0.10114802451473887,0.0,16
2026-07-01,VAH,0.25,-0.044335823663434235,-0.0967034034511405,-0.10262014518094914,-0.10114802451473887,0.0,16
2026-07-01,VAH,0.25,-0.024192408908670415,-0.03452462954131684,0.0035367986011789437,-0.10114802451473887,0.0,14
2026-07-01,VAH,0.5,0.2029265794167985,0.1863243787421164,0.29326727776894174,0.19885197548526115,1.0,17
2026-07-01,VAH,0.5,-0.014844840071353501,-0.13194334057471582,-0.20347409880075606,-0.10114802451473887,0.0,3
2026-07-01,VAL,0.0,-0.051572793585192477,-0.0721489252724346,-0.1524223317260997,-0.10114802451473887,0.0,4
2026-07-01,VAL,0.25,0.02057171620833693,0.0054707783606176745,0.01218230629293913,0.19841042759497696,1.0,1
2026-07-01,VAL,0.5,-0.23111499673254265,-0.38159451774139075,-0.5320740387502387,-0.10114802451473887,0.0,16
2026-07-02,POC,0.5,-0.012995385148891418,0.0829472804389014,0.06960956047766974,0.1988440642700266,1.0,2
2026-07-02,VAH,0.0,-0.017250117816525808,0.055662751304872374,0.09034082320407552,-0.10115593572997342,0.0,4
2026-07-02,VAH,0.25,-0.3927002658652146,-0.30609400425028555,-0.25327663320381166,-0.10115593572997342,0.0,15
2026-07-02,VAH,0.25,0.10613046068484507,0.11600037345615764,0.30566275130487136,0.1988440642700266,1.0,3
2026-07-02,VAH,0.5,-0.14270026586521556,-0.05609400425028654,-0.003276633203812676,-0.10115593572997342,0.0,15
2026-07-03,VAH,0.25,-0.12877832050611673,-0.36696797101710465,-0.26729420882825194,-0.10117157224995944,0.0,3
2026-07-03,VAH,0.5,-0.15986553955408467,-0.09551918674861692,-0.04586254753879547,-0.10117157224995944,0.0,4
2026-07-06,POC,0.0,-0.0024716673684954745,-0.05968618978743387,-0.10701404273238035,-0.10183086471740603,0.0,1
2026-07-06,POC,0.25,-0.003391676888993602,0.06810359032571547,-0.04046668741646734,-0.03030538823485856,0.0,8
2026-07-06,VAH,0.0,-0.028653032827404345,-0.04687013676559233,-0.137681026748932,-0.10119006206631392,0.0,1
2026-07-06,VAH,0.25,0.01564931617202843,-0.025911312913088083,-0.01785550815650056,-0.10119006206631392,0.0,7
2026-07-06,VAH,0.5,0.060775554294286924,0.074873212618313,0.16879657262124428,0.1988099379336861,1.0,17
2026-07-06,VAL,0.0,0.008971237115286542,-0.017118585107744368,-0.011534447719658978,-0.10119006206631392,0.0,6
2026-07-06,VAL,0.25,-0.05547977809919145,0.07359618447792855,0.15149947820355708,0.1988099379336861,1.0,2
2026-07-06,VAL,0.25,0.02608524506124579,0.04329537340486345,0.11643841886523229,0.1988099379336861,1.0,12
2026-07-07,POC,0.0,0.026795036450486878,-0.04573635532065996,-0.12935534838167115,-0.10120115680640125,0.0,3
2026-07-07,POC,0.25,0.10900267026397477,0.1342269631984052,0.14697770468173407,0.0009909543652822342,0.0,4
2026-07-07,VAH,0.0,0.06375370741667892,0.059318666900739905,0.013305121547826447,0.19879884319359878,1.0,15
2026-07-07,VAH,0.25,-0.04040275711685722,-0.12392935350045091,-0.03873961692337589,-0.10120115680640125,0.0,3
2026-07-07,VAH,0.5,0.07081743340509446,0.03275000230991766,0.11599940866125884,0.09613412301693398,0.0,8
2026-07-07,VAL,0.0,0.06818874793262633,0.09526097441535628,0.12103964741427489,-0.10120115680640125,0.0,4
2026-07-07,VAL,0.25,-0.052733093717952435,-0.015312439364681314,-0.08571870755527615,-0.10120115680640125,0.0,2
2026-07-08,POC,0.0,0.020602844885976038,-0.008655076390456495,0.051648227590877276,0.038195228418751406,0.0,6
2026-07-08,POC,0.25,-0.019699706480015806,0.018589598856024205,0.029408444344100382,-0.10169338451117635,0.0,1
2026-07-08,POC,0.5,-0.12645819221795646,-0.20614134116052998,-0.18271618875592605,-0.10122299992473847,0.0,11
2026-07-08,VAH,0.25,0.0781402874990649,0.048223827801613536,0.0761646722360255,0.19877700007526156,1.0,8
2026-07-08,VAH,0.5,0.029370813577177687,0.03746142846391456,0.0176111989162309,-0.10169338451117635,0.0,1
2026-07-08,VAL,0.0,0.06067961165048475,0.1673628358545954,0.2042409874313252,0.19877700007526156,1.0,3
2026-07-08,VAL,0.25,-0.08084970271694339,-0.04256039738090338,-0.0317415518928272,-0.10169338451117635,0.0,1
2026-07-08,VAL,0.5,-0.04997365846315749,-0.1607962670279219,-0.14706103710393573,-0.10122299992473847,0.0,11
2026-07-09,POC,0.0,0.03227198713044233,0.027563612108367185,0.05100739607242981,-0.10127518490181077,0.0,16
2026-07-09,POC,0.25,-0.03066819688855078,-0.03390520471622354,-0.048618876660193884,-0.10127518490181077,0.0,9
2026-07-09,POC,0.5,0.015822101897083954,0.019059109724756718,0.00797481019363132,-0.10176564063327645,0.0,1
2026-07-09,VAH,0.0,0.16253702940772397,0.09102858376002843,0.07288172169580369,0.015204127675438876,0.0,17
2026-07-09,VAH,0.25,0.05594628528828726,0.01082435799345023,0.010726266847154952,0.09135718910011494,0.0,10
2026-07-09,VAH,0.5,0.06922292193906482,0.0557844348969063,0.07295038549820504,0.19872481509818926,1.0,3
2026-07-09,VAL,0.0,0.12428148235340461,0.10946971926313899,0.15115845643772163,0.03501853922664763,0.0,4
2026-07-09,VAL,0.25,0.09864536126968984,0.11208384831185281,0.13778372864065327,0.19872481509818926,1.0,3
2026-07-09,VAL,0.5,0.004443528927075404,0.042895258273985284,0.024257940478293084,0.06643713338434318,0.0,11
2026-07-10,POC,0.0,0.2637472251288459,0.21465523142669896,0.24986064523700405,0.19872869339018356,1.0,17
2026-07-10,POC,0.25,-0.06253117146014632,-0.036322696734705666,-0.0018996254535176738,0.008564205873430215,0.0,11
2026-07-10,POC,0.5,0.022184300341299305,0.05514047938038606,0.0816423325542523,0.11205589837370404,0.0,3
2026-07-10,VAH,0.0,0.017798292537428442,-0.023959239954230143,0.07138875578200318,-0.10127130660981645,0.0,3
2026-07-10,VAH,0.25,0.028499271443514565,0.057934909101574374,0.07827581485863676,0.19872869339018356,1.0,11
2026-07-10,VAL,0.25,0.21422249821528588,0.16513050451313893,0.20033591832344402,0.19872869339018356,1.0,17
2026-07-10,VAL,0.5,0.011260842778490005,-0.008786684530155707,-0.05474930811582538,-0.10127130660981645,0.0,10
2026-07-13,POC,0.0,0.1638753270296455,0.19559977751684174,0.3096223966380352,0.19793997074758463,1.0,1
2026-07-13,POC,0.25,-0.003692602434956308,-0.08001668623694497,-0.004928619986404418,-0.10133901901407001,0.0,1
2026-07-13,POC,0.5,0.061831778011245946,0.04607255423026616,0.015996127145000736,-0.10133901901407001,0.0,6
2026-07-13,VAH,0.25,-0.1085480913829009,-0.14027254187009713,-0.2542951609912906,-0.10206002925241539,0.0,1
2026-07-13,VAH,0.5,-0.01212327215046951,-0.018406361370333073,0.03680242259439598,-0.10133901901407001,0.0,1
2026-07-13,VAL,0.0,-0.12164472735513002,-0.15336917784232626,-0.2673917969635197,-0.10206002925241539,0.0,1
2026-07-13,VAL,0.25,-0.025219908122698618,-0.031502997342562185,0.023705786622166866,-0.10133901901407001,0.0,1
2026-07-13,VAL,0.5,0.04071647817398634,0.10241435428382967,0.04092248109922769,0.19866098098593002,1.0,9
2026-07-14,POC,0.0,-0.34047276217902755,-0.15738740900728143,-0.23698104151668123,-0.10169986401087915,0.0,15
2026-07-14,POC,0.25,-0.09047276217902746,0.0926125909927187,0.01301895848331889,-0.10169986401087915,0.0,15
2026-07-14,POC,0.25,0.08307335413167068,-0.6091712662986967,-0.3999880009599226,-0.10129989600831935,0.0,15
2026-07-14,POC,0.5,-0.04563634909207016,-0.075733941284697,-0.03433725301975937,-0.10129989600831935,0.0,4
2026-07-14,VAH,0.0,0.0823934085273169,0.12009039276857751,0.1659867210623156,0.19870010399168067,1.0,15
2026-07-14,VAH,0.25,-0.2455003599712035,-0.06241500679945735,-0.14200863930885715,-0.10169986401087915,0.0,15
2026-07-14,VAH,0.5,-0.4955003599712036,-0.3124150067994575,-0.39200863930885727,-0.10169986401087915,0.0,15
2026-07-14,VAL,0.0,-0.5854531637469027,-0.4023678105751566,-0.48196144308455635,-0.10169986401087915,0.0,15
2026-07-14,VAL,0.25,-0.3354531637469026,-0.15236781057515644,-0.23196144308455627,-0.10169986401087915,0.0,15
2026-07-14,VAL,0.25,-0.04061675065994519,-0.07071434285257203,-0.0293176545876344,-0.10129989600831935,0.0,4
2026-07-14,VAL,0.5,-0.08545316374690248,0.09763218942484365,0.01803855691544386,-0.10169986401087915,0.0,15
2026-07-14,VAL,0.5,0.028337732981360976,0.18792496600272002,0.0697344212462986,0.19870010399168067,1.0,3
2026-07-15,POC,0.0,0.004003442960948426,0.038433052425083665,0.032527974057690784,0.09177892987969859,0.0,10
2026-07-15,POC,0.25,-0.05993654542907191,-0.06163800868747487,-0.07865264127149535,-0.10130111896230759,0.0,4
2026-07-15,POC,0.5,0.07013031206837614,0.144694437216006,0.0606221350361302,0.19869888103769243,1.0,15
2026-07-15,VAH,0.0,0.0005004303701166644,-0.09738375002502085,0.03923374101727677,-0.10130111896230759,0.0,15
2026-07-15,VAH,0.25,-0.0039183697980224525,-0.024536101046900537,0.025907280261024034,-0.10130111896230759,0.0,4
2026-07-15,VAL,0.5,-0.003272814620570315,0.06568649038173056,0.010338891446644249,-0.10130111896230759,0.0,5
2026-07-16,POC,0.0,0.03383069226191598,-0.042315914751063936,-0.01928459656623869,0.0036365239239199232,0.0,5
2026-07-16,POC,0.25,-0.10663279924183935,-0.10035153064597656,-0.1336312344345732,-0.10143257003063497,0.0,3
2026-07-16,POC,0.25,-0.14406695611928189,-0.22517245939215003,-0.2554768254248127,-0.10143257003063497,0.0,15
2026-07-16,POC,0.5,0.08532607497851223,0.15662398342626552,0.09281951821567792,-0.10143257003063497,0.0,16
2026-07-16,VAH,0.0,0.0327287153152747,-0.006611861679851473,0.016860247283625274,-0.10143257003063497,0.0,2
2026-07-16,VAH,0.25,-0.0019119300024268006,-0.06714896524365055,-0.008193198598289599,0.025086505190307043,0.0,5
2026-07-16,VAH,0.5,-0.15865162100808708,-0.2628986401604471,-0.2691799087563099,-0.10143257003063497,0.0,15
2026-07-16,VAL,0.0,0.048817578736252386,-0.13609415291031934,-0.2929054724175159,-0.10143257003063497,0.0,15
2026-07-16,VAL,0.25,-0.008226257906680568,-0.038200030855353374,-0.050762568047073964,-0.10143257003063497,0.0,4
2026-07-16,VAL,0.25,-0.16886143741873316,-0.05855354505983857,-0.044778833226810075,-0.10143257003063497,0.0,15
2026-07-16,VAL,0.5,0.21491856390364672,0.19343001344411925,0.23420316046988662,0.19856742996936505,1.0,16
2026-07-17,POC,0.25,0.05056636572646317,-0.010107665563839902,-0.07941737228732847,-0.10145797117703136,0.0,18
2026-07-17,POC,0.5,0.06008523523804408,0.011523579879995553,-0.08773061178713773,-0.10145797117703136,0.0,3
2026-07-17,VAH,0.5,0.04662703975775162,0.08173049963550769,0.150591599842987,0.19854202882296865,1.0,6
2026-07-17,VAL,0.0,0.06101048617731377,0.012448830819265245,-0.08680536084786804,-0.10145797117703136,0.0,3
2026-07-17,VAL,0.25,0.05149161666572776,-0.00918241462457531,-0.07849212134806387,-0.10145797117703136,0.0,18
2026-07-17,VAL,0.25,0.00999551393483749,0.04734200639263975,0.20076543486793705,0.19854202882296865,1.0,15
2026-07-20,POC,0.0,0.04435772062577445,0.028361713955095763,-0.008281620474890835,-0.10226893711640783,0.0,1
2026-07-20,POC,0.25,0.15765425936219704,0.17966294939135358,0.13712037845870684,0.19852519087433493,1.0,4
2026-07-20,POC,0.5,0.13402044312341765,0.28331650538305614,0.30226213030505716,0.19852519087433493,1.0,14
2026-07-20,VAH,0.0,0.06942947576207949,-0.10573246962460534,0.0503704039842556,-0.10147480912566509,0.0,3
2026-07-20,VAH,0.25,0.07869524771120945,0.02696348145710647,0.014711221028505035,0.19852519087433493,1.0,5
2026-07-20,VAH,0.25,0.13507833505394165,0.18057052423792105,0.3432533154843587,0.19852519087433493,1.0,3
2026-07-20,VAL,0.25,0.026923775057578578,0.010927768386899895,-0.025715566043086707,-0.10226893711640783,0.0,1
2026-07-20,VAL,0.5,0.1683948404369985,0.20208855661565248,0.1410541481842807,0.19852519087433493,1.0,4
2026-07-21,POC,0.0,-0.018262940102181307,-0.0048547055967797246,-0.05039646762373566,-0.10231176456989621,0.0,1
2026-07-21,POC,0.25,0.0011385440506705606,0.06598354023626067,0.06367177566636657,-0.10150264697043254,0.0,4
2026-07-21,POC,0.5,-0.03367085096053714,-0.16555701967311415,-0.22878378065977836,-0.10150264697043254,0.0,8
2026-07-21,VAH,0.0,-0.022308528099500513,-0.0530549968791184,-0.032249115750050426,-0.10150264697043254,0.0,3
2026-07-21,VAH,0.25,0.1310597128788402,0.0354682479136322,0.011888249300691295,-0.10150264697043254,0.0,5
2026-07-21,VAH,0.25,0.0543091291582823,0.054771482072261124,0.05708324664216049,0.19849735302956747,1.0,1
2026-07-21,VAH,0.5,0.046778556071851336,-0.054476732089605115,-0.139087315347803,-0.10150264697043254,0.0,8
2026-07-21,VAL,0.0,0.025544998497354785,0.05004970293825333,0.055597937906004445,0.19849735302956747,1.0,1
2026-07-21,VAL,0.25,-0.015043807938603947,-0.045790276718221834,-0.02498439558915386,-0.10150264697043254,0.0,3
2026-07-21,VAL,0.5,0.01834385186212755,-0.011709087546522107,0.011639734609429386,-0.10150264697043254,0.0,6
2026-07-22,POC,0.25,-0.0818637831082738,-0.0698296710290342,-0.30900764860393065,-0.101504264009905,0.0,3
2026-07-22,POC,0.5,-0.037600814616815324,-0.08330729799469602,-0.14174216914870022,-0.101504264009905,0.0,4
2026-07-22,VAH,0.0,0.021291121370960817,0.05160782680135797,0.0387637264090907,-0.101504264009905,0.0,1
2026-07-22,VAH,0.25,-0.1333558972934867,-0.09702213582346976,-0.17454958864165915,-0.101504264009905,0.0,4
2026-07-22,VAH,0.5,0.0011629117922793656,-0.04570069774707093,-0.08168732136865121,-0.101504264009905,0.0,5
2026-07-22,VAL,0.5,-0.09221716943798983,-0.08018305735875021,-0.31936103493364665,-0.101504264009905,0.0,3
2026-07-23,POC,0.0,-0.07429508820312547,-0.1212495839475116,-0.035067281631882045,-0.10213969854025012,0.0,1
2026-07-23,POC,0.25,0.03270172602349295,0.10366839427511391,0.2447696257904951,0.19845466216537494,1.0,4
2026-07-23,POC,0.25,-0.02875517093814157,-0.021503970329514673,-0.06869621035613979,-0.10154533783462509,0.0,10
2026-07-23,POC,0.5,0.10142171080785306,0.11437877419048048,-0.04930816413865295,-0.10154533783462509,0.0,14
2026-07-23,VAH,0.25,0.04765584137701866,0.04123674575626875,0.07024154819076553,-0.10213969854025012,0.0,1
2026-07-23,VAH,0.5,0.048761352289477235,-0.07652988445627897,-0.13406400076078376,-0.10154533783462509,0.0,10
2026-07-23,VAL,0.0,-0.06347772336075379,-0.12398364319338373,-0.17997242166326213,-0.10154533783462509,0.0,10
2026-07-23,VAL,0.25,0.050889163615615886,-0.007595929817888075,0.03852646093861566,-0.10154533783462509,0.0,2
2026-07-23,VAL,0.25,0.03151300461223856,-0.006763824830011085,0.08096381532023945,-0.10154533783462509,0.0,11
2026-07-23,VAL,0.5,-0.022086443821026945,-0.1573629404212854,-0.07177499881127763,-0.10154533783462509,0.0,15
2026-07-24,POC,0.0,-0.00465977796157781,-0.009552544821237805,-0.0038443168183046757,0.06034412460246431,0.0,1
2026-07-24,POC,0.25,-0.04170210039491356,-0.09820190817907702,-0.05882678440372355,-0.10151442783751355,0.0,18
2026-07-24,POC,0.25,-0.01584033270814611,0.012118335061335797,0.03972751948369686,0.07537482088978431,0.0,5
2026-07-24,VAH,0.5,0.05276616069244554,0.07711350054170348,0.04006826574713796,0.19848557216248647,1.0,18
2026-07-24,VAL,0.0,-0.18219731829778607,-0.09482648151815842,-0.10612644307498793,-0.10151442783751355,0.0,5
2026-07-24,VAL,0.25,0.020156452045062175,-0.0030259433138017824,-0.011413543644643705,-0.0422845726401132,0.0,13
2026-07-27,POC,0.25,-0.01636495124341134,0.04732188681005816,0.06831754770680833,0.19848364671301266,1.0,17
2026-07-27,POC,0.5,-0.07833714365697585,-0.04521065646433253,-0.03179676200252022,0.1977837913497877,1.0,1
2026-07-27,VAH,0.0,-0.005482200345263688,0.05820463770820582,0.07920029860495599,0.19848364671301266,1.0,17
2026-07-27,VAH,0.25,-0.0674543927588282,-0.03432790556618488,-0.02091401110437257,0.1977837913497877,1.0,1
2026-07-27,VAH,0.5,0.1707180516026647,0.13840806233378572,0.020365791069847983,0.19848364671301266,1.0,3
2026-07-27,VAL,0.5,0.026407875705687076,0.06968226566509599,0.0005132272663668194,0.19790043391032522,1.0,1
2026-07-28,POC,0.25,-0.06682842988575362,-0.07845516125770886,-0.14177029622889192,-0.10164290769386311,0.0,3
2026-07-28,POC,0.5,0.003462743908603742,-0.0759023354564783,-0.027120614700233553,-0.10164290769386311,0.0,4
2026-07-28,VAH,0.5,0.014963097765643682,-0.006015569709837284,-0.10029319583459781,-0.10164290769386311,0.0,3
2026-07-28,VAL,0.0,-0.07570013143261496,-0.05813365685977254,-0.062304114851885674,-0.10227479526842585,0.0,1
2026-07-28,VAL,0.25,0.05841168739257863,0.004574866039836593,-0.1464462642806548,-0.10164290769386311,0.0,3
2026-07-28,VAL,0.5,0.011171772318264972,0.0875037913254429,0.12149934283691873,-0.02598321706601879,0.0,8
2026-07-29,POC,0.0,-0.049975079811956376,-0.1220415695677374,-0.12729501461535345,-0.10242466694505437,0.0,1
2026-07-29,POC,0.25,0.001336934412757325,-0.015501030483453481,0.07380753532605011,0.1982488516507941,1.0,10
2026-07-29,POC,0.25,-0.11073655993642403,-0.007688214771612648,-0.08770222395840714,-0.10175114834920593,0.0,16
2026-07-29,POC,0.5,-0.2144685264760138,-0.10239503212683859,-0.5712986785565104,-0.10175114834920593,0.0,21
2026-07-29,VAH,0.0,0.12029042121852927,0.02424666945054136,-0.4627072753478704,-0.10175114834920593,0.0,20
2026-07-29,VAH,0.25,-0.18832590217816025,-0.07625240782898501,-0.5451560542586568,-0.10175114834920593,0.0,21
2026-07-29,VAH,0.25,0.0638596656653697,0.08487344585584006,0.18846060589732966,0.1982488516507941,1.0,3
2026-07-29,VAH,0.5,0.06167409782184345,0.17374759217101865,-0.29515605425865304,0.1982488516507941,1.0,21
2026-07-29,VAH,0.5,0.07298921023209294,0.17751929630777258,0.22251033851044982,0.1982488516507941,1.0,4
2026-07-29,VAL,0.0,-0.07570349017336453,-0.06290663685224064,-0.047281005428558974,-0.10242466694505437,0.0,1
2026-07-29,VAL,0.25,0.08566146261297787,0.02706534477416548,-0.045405256139127305,-0.10175114834920593,0.0,8
2026-07-29,VAL,0.25,0.07811805433947616,0.08458383285962136,0.07448105392189487,0.1982488516507941,1.0,17
2026-07-29,VAL,0.5,-0.30202594393631,-0.1899524495871348,-0.6588560960168065,-0.10175114834920593,0.0,21
2026-07-30,POC,0.25,-0.02296620775969874,-0.057634543178972646,-0.18016270337922266,-0.1016270337922403,0.0,7
2026-07-30,POC,0.5,0.08523153942428341,0.12916145181476862,0.39148936170212856,0.19774718397997498,1.0,1
2026-07-30,VAH,0.0,-0.0229036295369189,-0.048560700876095174,-0.16933667083854953,-0.1016270337922403,0.0,7
2026-07-30,VAH,0.25,0.058010012515645075,0.12196495619524626,0.3212140175219057,0.19749687108886108,1.0,1
2026-07-30,VAH,0.25,0.02158948685857347,0.10506883604505757,0.08679599499374296,0.1983729662077597,1.0,8
2026-07-30,VAH,0.5,-0.05707133917397117,-0.06595744680851481,0.013016270337917638,-0.1016270337922403,0.0,1
2026-07-30,VAL,0.5,-0.019274092615767912,-0.009011264080096266,-0.15481852315393987,-0.1016270337922403,0.0,7
2026-07-31,POC,0.0,-0.005294540320445294,-0.047398741916372875,0.0011345443543787103,0.019287254024479124,0.0,5
2026-07-31,POC,0.25,-0.0412438387938562,-0.021578403317915523,-0.05637109685227608,-0.10163878628966179,0.0,3
2026-07-31,POC,0.25,0.04742080250103718,0.05864018556102777,-0.04863728616990581,-0.10163878628966179,0.0,11
2026-07-31,POC,0.5,-0.013318290115597882,0.03647560099335966,-0.11832667313777108,-0.10163878628966179,0.0,16
2026-07-31,VAH,0.0,0.0006303024191043537,0.0538278265911939,0.024329673377291482,0.19836121371033824,1.0,1
2026-07-31,VAH,0.25,0.03267172589408024,0.029646274282399705,-0.06842878212966938,-0.10163878628966179,0.0,3
2026-07-31,VAH,0.5,0.007355629230908707,-0.05454006832478244,-0.15778360457347532,-0.10163878628966179,0.0,10
2026-07-31,VAL,0.0,0.026094520150766062,-0.0859732499653341,-0.044247229820869455,-0.10163878628966179,0.0,11
2026-07-31,VAL,0.25,0.018130649085434502,-0.01754446783566334,-0.08284379845449796,-0.10163878628966179,0.0,4
2026-07-31,VAL,0.25,0.014645076707802717,-0.09628814905392011,-0.2092383425567633,-0.10163878628966179,0.0,15
2026-07-31,VAL,0.5,0.04874128606906073,0.05101037477782687,0.0879460965371192,-0.10226908870876247,0.0,1
2026-07-31,VAL,0.5,0.04416529050638389,0.07631071388052112,0.21434694366356882,0.19836121371033824,1.0,16
2026-08-03,POC,0.0,0.007684519961458091,0.000243953014650488,0.019638217679272322,0.19841430540477906,1.0,4
2026-08-03,POC,0.25,0.006394618396494088,-0.07045058121805686,-0.10301830867374981,-0.10219557713184442,0.0,1
2026-08-03,POC,0.25,-0.018226339606992725,0.008486515497114907,0.03690704170376664,-0.10158569459522097,0.0,16
2026-08-03,VAH,0.0,0.10148445409414154,0.11673151750972771,0.15808155349279585,0.1978044228681556,1.0,1
2026-08-03,VAH,0.25,-0.006272641889172949,-0.050428137540709156,-0.10470768330019371,-0.10158569459522097,0.0,3
2026-08-03,VAH,0.5,-0.08634107070978095,-0.0662149470012061,-0.04694265884390607,-0.10158569459522097,0.0,16
2026-08-03,VAL,0.0,0.08672529670785147,0.07745508215117795,0.12917312125684358,0.19841430540477906,1.0,16
2026-08-03,VAL,0.25,0.046158959784343256,0.006028688874520907,-0.1448562506861185,-0.10158569459522097,0.0,15
2026-08-03,VAL,0.5,0.03267140748691586,0.015106790432159936,0.0937816376565879,-0.10219557713184442,0.0,1
2026-08-04,POC,0.0,-0.05875454864175467,-0.0007253647980443721,0.1341924876385752,-0.10157162372910043,0.0,3
2026-08-04,POC,0.25,0.1555816821209704,0.14736088107644157,0.04943663334018526,0.19842837627089957,1.0,14
2026-08-04,POC,0.5,0.03794262364447614,0.08388239418741392,0.16814560489379596,0.19842837627089957,1.0,20
2026-08-04,VAH,0.0,0.052105371326330224,0.1129151202292129,0.22268699300023204,0.19842837627089957,1.0,11
2026-08-04,VAH,0.25,0.03408307844820438,0.08667202630656375,0.15340558772682783,0.19842837627089957,1.0,16
2026-08-04,VAH,0.25,0.0013207684031126086,0.01619074676306303,0.0021670273341631665,0.19782390560586097,1.0,1
2026-08-04,VAL,0.0,0.062139584365970536,0.07979012778509885,0.14023719428896145,0.19842837627089957,1.0,4
2026-08-04,VAL,0.25,0.0756706602028625,0.0902988502967977,0.2507253647980488,0.19842837627089957,1.0,3
2026-08-04,VAL,0.5,0.0033669016042651907,-0.037978891884377704,0.05583495532961419,-0.10157162372910043,0.0,16
2026-08-05,POC,0.25,0.03437496111781588,0.16128640927697557,0.1754706299535862,0.19838250115091266,1.0,1
2026-08-05,POC,0.5,-0.20908661084222033,-0.3433390153164706,-0.3483159348521308,-0.10161749884908737,0.0,5
2026-08-05,VAH,0.0,-0.04056189421557665,0.12380087344937767,0.13462567343942247,-0.10161749884908737,0.0,1
2026-08-05,VAH,0.25,0.009117094474377987,-0.0761126525736912,-0.42934951661669607,-0.10161749884908737,0.0,4
2026-08-05,VAH,0.5,-0.08777419716066845,-0.15359395801968437,-0.10519341553546219,-0.10161749884908737,0.0,5
2026-08-05,VAL,0.25,0.023854997449329705,0.06404362269973121,0.12837030769805244,0.19838250115091266,1.0,2
2026-08-05,VAL,0.5,0.050584165930500656,-0.08565900635801485,-0.13903646837789158,-0.10161749884908737,0.0,4
2026-08-06,VAH,0.0,-0.01734539147130731,0.002618172297550916,0.03818167933934587,0.19781818975203727,1.0,1
2026-08-06,VAH,0.25,-0.03341715121035971,0.04480074617910512,-0.15767124483183112,-0.10141817666117578,0.0,2
2026-08-06,VAH,0.25,0.05636434049331198,0.07229155530344034,0.15181853884168162,0.19858182333882424,1.0,19
2026-08-06,VAH,0.5,-0.081343340569672,0.09778328078806929,0.06920156653975867,0.19858182333882424,1.0,3
2026-08-07,POC,0.0,-0.03993396394788305,-0.044395859361060656,-0.03982241656255133,-0.10145011600928075,0.0,6
2026-08-07,POC,0.25,-0.02184097804746922,-0.09434677851150639,-0.08129573442797888,-0.10145011600928075,0.0,9
2026-08-07,POC,0.25,0.0009816169908903481,-0.037056041406395214,-0.01943155452436853,-0.10211940032125648,0.0,1
2026-08-07,POC,0.5,-0.008321434945564718,0.014434231661609617,0.03473585579153678,-0.10145011600928075,0.0,11
2026-08-07,VAH,0.0,-0.08154113867571273,-0.06001249330715691,-0.15538550776370014,-0.10145011600928075,0.0,9
2026-08-07,VAH,0.25,-0.051958772086374935,-0.029203105479200603,-0.008901481349273445,-0.10145011600928075,0.0,11
2026-08-07,VAH,0.25,0.01838300910225927,-0.003145636266286407,0.09624308406210752,-0.10145011600928075,0.0,4
2026-08-07,VAH,0.5,0.016888274138846648,0.02413885418525645,0.07411208281277258,0.19854988399071927,1.0,14
2026-08-07,VAH,0.5,0.05358736391218401,0.0719926824915226,0.04901392111368482,0.19799214706407284,1.0,1
2026-08-07,VAL,0.0,0.0156166339460995,-0.0037926111011941667,-0.04673835445297408,-0.10200785293592719,0.0,1
2026-08-07,VAL,0.25,-0.018606103872920277,-0.02306799928609788,-0.018494556487588555,-0.10145011600928075,0.0,6
2026-08-07,VAL,0.5,0.0192307692307621,-0.08082723540960188,-0.05059789398536444,-0.10145011600928075,0.0,9
2026-08-10,POC,0.0,-0.03975635181815915,-0.05641518304273766,-0.054575557508741566,-0.1020440283711138,0.0,1
2026-08-10,POC,0.25,-0.01173783292111522,-0.06937943298652748,-0.16555096784742987,-0.10122641702266828,0.0,21
2026-08-10,POC,0.25,-0.019811744987021384,-0.05169858757639541,-0.04893914927538733,-0.10132861844122397,0.0,4
2026-08-10,VAH,0.0,-0.03178464117081722,-0.08942624123622946,-0.18559777609713185,-0.10122641702266828,0.0,21
2026-08-10,VAH,0.25,-0.019709543568457145,-0.03636837479303566,-0.034528749259039565,-0.1020440283711138,0.0,1
2026-08-10,VAH,0.5,-0.07263454816752715,-0.05096784743372208,0.02333258385625939,0.12440978680783969,0.0,4
2026-08-10,VAL,0.5,-0.043261860474624055,-0.12951985773562194,-0.07095844490321629,-0.10132861844122397,0.0,4
2026-08-11,POC,0.25,0.05631451724753013,0.012328862118846354,0.0028184501991297263,0.19881119851003548,1.0,9
2026-08-11,POC,0.5,-0.11165817994492623,-0.12691446573280404,-0.20557349765212007,-0.10118880148996454,0.0,8
2026-08-11,VAH,0.25,-0.06474510114719406,-0.08000138693507186,-0.1586604188543879,-0.10118880148996454,0.0,8
2026-08-11,VAH,0.5,-0.07825285807691088,-0.02346892274771448,-0.030898932059992817,-0.10118880148996454,0.0,3
2026-08-11,VAL,0.5,0.04516454993956109,0.0496225555269353,-0.11829565493056225,-0.10118880148996454,0.0,8
2026-08-12,POC,0.0,-0.023401012732902206,-0.046015436802517094,0.07492257017845912,-0.10176982449240451,0.0,1
2026-08-12,POC,0.25,-0.04565901381445733,-0.017636792684724723,-0.15420824934859986,-0.10117988299493634,0.0,5
2026-08-12,POC,0.5,0.07101420775772821,0.1126050833292387,0.040533897055211564,0.19882011700506366,1.0,12
2026-08-12,VAH,0.0,-0.01671500909493071,-0.04808023204365998,-0.12526424462907323,-0.10117988299493634,0.0,5
2026-08-12,VAH,0.25,0.03349147042919032,-0.0474288383068647,0.07400078658867011,0.19882011700506366,1.0,15
2026-08-12,VAH,0.25,-0.00851728036970526,0.012228995624597703,0.025895973649271202,-0.10167150090949315,0.0,1
2026-08-12,VAL,0.25,-0.039562951673954,-0.01694852760433911,-0.08970797895875185,-0.10117988299493634,0.0,4
2026-08-12,VAL,0.5,0.023032299296982812,0.06432820411976171,0.09402192615898819,0.19882011700506366,1.0,5
2026-08-13,POC,0.0,-0.0616151156949356,-0.07114956787402225,-0.05792436001271301,-0.10194789883228592,0.0,1
2026-08-13,POC,0.25,-0.05458986477481141,0.004667268123146875,0.09714120216114569,-0.10123025189407532,0.0,3
2026-08-13,POC,0.25,-0.014401636235017116,-0.06145877118339932,-0.09621338719102092,-0.10123025189407532,0.0,8
2026-08-13,POC,0.5,0.22216811392132618,0.24431264801468033,0.02163705518704613,0.1987697481059247,1.0,17
2026-08-13,VAH,0.0,-0.1614705610973859,-0.008099158302663221,0.01742856849939728,-0.10123025189407532,0.0,3
2026-08-13,VAH,0.25,-0.028754574999232826,-0.056537763607091354,-0.014914241190881828,0.19825714315006,1.0,1
2026-08-13,VAH,0.5,-0.04930747070463098,-0.08467721265929434,-0.006966301350204517,-0.10123025189407532,0.0,9
2026-08-13,VAL,0.0,-0.009636973170253632,0.03465209501645464,-0.0211193241816221,-0.10123025189407532,0.0,7
2026-08-13,VAL,0.25,-0.12245876093129836,-0.21277975415466502,-0.12522682769296298,-0.10123025189407532,0.0,3
2026-08-13,VAL,0.25,0.07017818148266063,0.09457817738182213,0.01266390543464312,0.14399329512717754,0.0,9
2026-08-13,VAL,0.5,0.1535815708266223,0.1138034262515194,0.1664992157144153,0.1987697481059247,1.0,3
2026-08-14,POC,0.0,-0.030716999434161295,-0.0077802926198330445,-0.0060625656777904356,-0.10121251313555897,0.0,15
2026-08-14,POC,0.25,0.06569800339503984,0.09601083178401408,0.08428987147361218,-0.10121251313555897,0.0,2
2026-08-14,POC,0.5,-0.09322205157222307,-0.08180421954570834,-0.12030151159970966,-0.10121251313555897,0.0,4
2026-08-14,VAH,0.25,0.15215018996039018,0.11971546358418737,-0.01558079379193761,-0.10121251313555897,0.0,15
2026-08-14,VAH,0.5,0.04795489451135709,0.020168135154797377,-0.003677956511201569,0.19878748686444103,1.0,1
2026-08-14,VAL,0.0,0.05284536415811542,0.02505860480155571,0.0012125131355567639,0.19878748686444103,1.0,1
2026-08-14,VAL,0.25,0.1570406596071485,0.12460593323094571,-0.010690324145179278,-0.10121251313555897,0.0,15
2026-08-14,VAL,0.25,-0.016954975345566184,-0.07636811898795678,-0.1927693800016131,-0.10121251313555897,0.0,3
2026-08-14,VAL,0.5,0.06612238299248922,0.0330814000485029,0.04975345566244424,0.1500889176299427,0.0,4
2026-08-17,POC,0.0,-0.018883057024797728,-0.013603922802814932,0.07035461568918457,0.1982741291966579,1.0,1
2026-08-17,POC,0.25,-0.09781372777941627,-0.07811849625891892,0.051626379427619835,-0.1012182617435356,0.0,3
2026-08-17,POC,0.5,0.08538491995004978,0.0791920894204138,0.019598785799131834,0.11919168333316191,0.0,17
2026-08-17,VAH,0.0,-0.04010111572471274,-0.12700378676358956,-0.06680135227053574,-0.1012182617435356,0.0,3
2026-08-17,VAH,0.25,0.015890701617247052,0.02350483751434455,-0.020555628876861107,0.08715901361407483,0.0,17
2026-08-17,VAH,0.25,0.004317215053652582,0.04827615963289472,0.11842773169815152,0.1980710855727353,1.0,1
2026-08-17,VAL,0.5,0.01239073714987917,0.06903990822428381,0.11675515984609294,-0.1012182617435356,0.0,1
2026-08-18,POC,0.0,0.0080510374628007,0.07205168969874456,0.008764420529121977,-0.0025477966654448405,0.0,5
2026-08-18,POC,0.25,-0.005798785210545996,-0.03800293506176251,-0.08202886144062717,-0.101222942399413,0.0,2
2026-08-18,POC,0.25,-0.07295870531164417,-0.13369817781582302,-0.07041090864620043,-0.101222942399413,0.0,17
2026-08-18,VAH,0.0,0.010395010395010784,-0.03801312624842006,-0.03943989238107188,0.19806367453426277,1.0,1
2026-08-18,VAH,0.25,0.0011312217194546427,0.009691818515347053,0.03302963597081123,0.06961599608658466,0.0,6
2026-08-18,VAH,0.5,-0.07192939545880839,-0.12339488810077354,-0.022400228282585637,-0.101222942399413,0.0,17
2026-08-18,VAL,0.0,0.18099547511312358,0.16825649178590493,0.09314744608862495,0.19877705760058703,1.0,16
2026-08-18,VAL,0.25,-0.061564958623785075,-0.05453303982715519,-0.12556561085972892,-0.101222942399413,0.0,4
2026-08-18,VAL,0.25,0.01427785251314391,0.05545024662671419,0.08806204394439207,-0.02607924666748512,0.0,18
2026-08-18,VAL,0.5,0.019587460763925896,-0.013737719620073252,0.09724430312665891,0.19877705760058703,1.0,3
2026-08-19,POC,0.0,-0.2862051462262295,-0.34643317324587025,-0.4981258053180266,-0.10117137167623287,0.0,15
2026-08-19,POC,0.25,-0.19375463667955464,-0.24754011947991605,-0.3583323571902696,-0.10117137167623287,0.0,15
2026-08-19,POC,0.25,-0.0014739760259258644,-0.016506579204247345,-0.03056303931903788,-0.10117137167623287,0.0,13
2026-08-19,POC,0.5,-0.15782281051111538,-0.12336496036859204,-0.27603373550427934,-0.10117137167623287,0.0,16
2026-08-19,POC,0.5,0.02204131037445163,0.05230174534380432,0.05073991644215304,-0.10185467182070206,0.0,1
2026-08-19,VAH,0.0,-0.1532544609737998,-0.27136777166061776,-0.45683495373082217,-0.10117137167623287,0.0,15
2026-08-19,VAH,0.25,-0.08647651399789638,-0.2450021475147427,-0.20205185271953213,-0.10117137167623287,0.0,15
2026-08-19,VAH,0.25,-0.33433876068877,-0.4326363671859755,-0.7662820662996409,-0.10117137167623287,0.0,15
2026-08-19,VAH,0.5,0.009683339190192508,-0.03531685603842594,-0.1439615790090257,-0.10117137167623287,0.0,16
2026-08-19,VAH,0.5,0.009839522080362074,0.009253836242241733,0.03424309866854687,0.19882862832376713,1.0,5
2026-08-19,VAL,0.0,0.012006559681390468,0.011420873843270127,0.03641013626957526,0.19882862832376713,1.0,5
2026-08-19,VAL,0.25,-0.33217172308774157,-0.4304693295849471,-0.7641150286986125,-0.10117137167623287,0.0,15
2026-08-19,VAL,0.25,-0.01472999882862955,-0.014339541603218948,0.10884971301393684,0.19882862832376713,1.0,2
2026-08-19,VAL,0.5,-0.1510874233727714,-0.2692007340595894,-0.4546679161297938,-0.10117137167623287,0.0,15
2026-08-20,VAH,0.0,-0.08866619038764156,-0.07271410536205757,-0.05137941495972942,-0.10117438662765094,0.0,14
2026-08-20,VAH,0.25,-0.008174220256213942,0.0216747731965824,-0.01796077548663839,-0.10117438662765094,0.0,4
2026-08-20,VAH,0.5,-0.02721151681820187,-0.034649298793317684,-0.04022763527466567,-0.10166371438917216,0.0,1
2026-08-21,POC,0.25,-0.006551583723572551,-0.04446011847629308,0.0847779296704539,0.19883656670835637,1.0,3
2026-08-21,POC,0.5,0.13497280474681042,0.1917871304887383,0.13671795468426987,0.19883656670835637,1.0,4
2026-08-21,VAH,0.0,-0.006786694201258799,0.02394733525299473,0.07775612499151485,0.19825485006253454,1.0,1
2026-08-21,VAH,0.25,0.015277333410894206,0.027978146844674492,0.11368439932909073,-0.10116343329164365,0.0,7
2026-08-21,VAH,0.5,-0.1005254840367227,-0.10275539784571094,-0.22094082972184018,-0.10116343329164365,0.0,11
2026-08-21,VAL,0.5,-0.026453564468749947,-0.035373219704685224,-0.027907856083300972,-0.10116343329164365,0.0,1
2026-08-24,POC,0.25,0.06865625216008392,0.048709377993265586,-0.03650919827390507,0.19832130266912876,1.0,1
2026-08-24,POC,0.5,0.08753419111475848,0.2668585648125322,0.09810010960906285,0.19881503717820856,1.0,3
2026-08-24,VAH,0.0,0.04670728455895053,0.22603165825672422,0.057273203053254895,0.19881503717820856,1.0,3
2026-08-24,VAH,0.25,0.2164260533825781,0.12972627358816274,0.10740947377776362,0.19881503717820856,1.0,5
2026-08-24,VAH,0.25,0.014093651561678508,0.10987814632316252,0.14858693183501778,0.19881503717820856,1.0,2
2026-08-25,POC,0.0,-0.0791489278024157,-0.037558870087602815,-0.030184746379303483,-0.1011798597933279,0.0,5
2026-08-25,POC,0.25,-0.05745179781136017,-0.11939443696107635,-0.18556490703688702,-0.1011798597933279,0.0,1
2026-08-25,POC,0.25,0.07351263924803311,-0.0161567050448857,0.1419445072610513,0.19882014020667213,1.0,16
2026-08-25,POC,0.5,0.03031748060605988,0.02372993009331176,0.12736094860727804,0.19882014020667213,1.0,3
2026-08-25,VAH,0.0,-0.0588946680169496,-0.07324962883577266,-0.1256550679894192,-0.1011798597933279,0.0,1
2026-08-25,VAH,0.25,0.08727767017018831,-0.02185936071263647,0.12817947633888718,0.19882014020667213,1.0,3
2026-08-25,VAH,0.25,0.12542647015445793,0.03634705575820698,-0.06767724935353489,-0.1011798597933279,0.0,5
2026-08-25,VAH,0.5,0.03828153421101815,-0.055517319358549005,0.06836795894088336,0.19882014020667213,1.0,16
2026-08-25,VAL,0.0,0.04611285358923576,0.04857089482533554,0.04512963709479227,-0.1011798597933279,0.0,5
2026-08-25,VAL,0.25,0.04339180194087517,0.03798411122145387,0.1356175091193399,0.19832853195945216,1.0,1
2026-08-25,VAL,0.5,0.007703501233940137,-0.022677888444254547,-0.1367310017992878,-0.1011798597933279,0.0,2
2026-08-26,POC,0.0,-0.01135767953870524,0.04708097928437157,0.06358359057992186,0.19883510979090221,1.0,3
2026-08-26,POC,0.25,-0.03617469470169681,-0.06791795289960706,-0.04850311608131052,-0.1016502611295552,0.0,1
2026-08-26,POC,0.25,-0.026661424660728683,-0.025981905372091132,0.11662007105830187,-0.1011648902090978,0.0,15
2026-08-26,POC,0.5,0.10112217756809122,0.19518706195274285,0.11519793426135444,0.19883510979090221,1.0,18
2026-08-26,VAH,0.0,-0.029801774516083415,-0.04251849263207153,-0.20230259964665237,-0.1011648902090978,0.0,2
2026-08-26,VAH,0.25,0.13263731143339297,0.1178820354514922,0.22165433824528327,0.19883510979090221,1.0,4
2026-08-26,VAH,0.5,0.08054245054069796,0.14820315685246385,0.14830023103655746,0.19883510979090221,1.0,16
2026-08-26,VAL,0.0,-0.0006795192886386129,0.030384219620634076,-0.04397460539344024,-0.1011648902090978,0.0,12
2026-08-26,VAL,0.25,-0.043814432989691975,-0.08070262294444833,0.011129555206094632,-0.1011648902090978,0.0,3
2026-08-26,VAL,0.25,-0.07335410720872691,0.017313180732710494,0.015759993787248187,-0.1011648902090978,0.0,18
2026-08-26,VAL,0.5,0.0016211388743214746,0.048313821422328526,0.16072572660026474,0.19883510979090221,1.0,1
2026-08-27,POC,0.0,0.019098621828090048,0.06698913585934543,0.07812200084456421,-0.10115167568812623,0.0,10
2026-08-27,POC,0.25,-0.0060558946600677704,-0.028417597604517893,0.010931321739798201,-0.10115167568812623,0.0,2
2026-08-27,POC,0.25,0.02801451111366806,0.12417943107221184,0.25095972974010716,0.1988483243118738,1.0,16
2026-08-27,VAH,0.0,-0.005470459518597812,0.01612345963376886,0.09242197397212937,0.1988483243118738,1.0,4
2026-08-27,VAH,0.25,0.028417597604517546,0.05183500326308023,-0.0892452685323803,-0.10163154055817882,0.0,1
2026-08-27,VAH,0.5,-0.016142654228568244,-0.11710622288763793,-0.07593381703712583,-0.10115167568812623,0.0,12
2026-08-27,VAL,0.0,-0.02668048677492276,-0.12764405543399246,-0.08647164958348035,-0.10115167568812623,0.0,12
2026-08-27,VAL,0.25,-0.05980076010595292,-0.08475373334869123,-0.03955046258973665,-0.10115167568812623,0.0,2
2026-08-27,VAL,0.5,0.004587508157702367,0.055069292487237215,0.1020000767783752,0.1988483243118738,1.0,4
2026-08-28,POC,0.0,0.008383304402713851,0.03244831939403069,0.04931355531007964,-0.10187391510178319,0.0,1
2026-08-28,POC,0.25,0.7433328073220785,0.7024025564147037,0.4860146757140609,0.19842196623007732,1.0,17
2026-08-28,POC,0.25,-0.013137131134610647,0.023059018462991427,0.08115038661827313,-0.043415654094999104,0.0,4
2026-08-28,POC,0.5,0.12284992898848046,0.19169165220135284,0.22088527694492266,0.198816474672558,1.0,17
2026-08-28,VAH,0.0,0.7102138235758249,0.8716664036610375,0.4296196938614511,0.198816474672558,1.0,16
2026-08-28,VAH,0.25,0.019508442480668638,-0.030199621271895263,-0.10239466624585476,-0.10118352532744201,0.0,2
2026-08-28,VAH,0.5,0.03014044500551792,0.0942480669086266,0.1429698595549942,0.198816474672558,1.0,8
2026-08-28,VAL,0.0,0.07919756982799066,-0.017851507022246315,-0.10040239861133413,-0.10118352532744201,0.0,3
2026-08-28,VAL,0.25,0.08302430172005236,0.09988953763610131,0.1495976013886652,0.198816474672558,1.0,2
2026-08-28,VAL,0.25,0.00718005365314774,0.14289095786649994,0.16705459996843908,-0.10118352532744201,0.0,17
2026-08-28,VAL,0.5,0.25530613855136786,0.43293356477828215,0.2816395770869442,0.198816474672558,1.0,17
2026-09-01,POC,0.0,0.06880652597978455,0.07536797304486507,0.027309806703314548,-0.10106401844298635,0.0,4
2026-09-01,POC,0.25,-0.10059407696400383,-0.30594963646036694,-0.3566678489093849,-0.10106401844298635,0.0,11
2026-09-01,POC,0.5,-0.024915765206593343,-0.08139741088845079,-0.1118992729207305,-0.10106401844298635,0.0,11
2026-09-01,VAH,0.0,0.022965064727790526,0.022433055506293806,0.0598510374179825,0.06836318496187357,0.0,1
2026-09-01,VAH,0.25,0.17649405923035658,0.13659336761836868,0.037639652420639984,-0.10106401844298635,0.0,8
2026-09-01,VAH,0.5,-0.10258911154459838,-0.19595672991664784,-0.23754211739670195,-0.10106401844298635,0.0,11
2026-09-01,VAL,0.0,-0.04397942897677018,-0.04823550274871168,-0.3958148607909238,-0.10106401844298635,0.0,10
2026-09-01,VAL,0.25,-0.0064284447597117425,0.005187089909559395,0.030546196134064358,-0.10150735946089733,0.0,1
2026-09-01,VAL,0.25,-0.0879145238517473,-0.11752970384820184,-0.1956463912041195,-0.10106401844298635,0.0,11
2026-09-01,VAL,0.5,0.11181060471715251,0.17104096471006155,0.110657918070583,-0.10106401844298635,0.0,12
2026-09-02,POC,0.0,-0.05779000664153741,-0.17449131856093963,-0.11868514796829585,-0.10103504489507233,0.0,16
2026-09-02,POC,0.25,0.09354865142275014,0.03817374953638021,-0.0066781959167522146,-0.10103504489507233,0.0,15
2026-09-02,POC,0.5,0.09417614739039004,0.01283886938596199,-0.1557009410283143,-0.10103504489507233,0.0,4
2026-09-02,VAH,0.5,-0.06605742774092527,-0.13204153980179056,-0.09150228141145948,-0.10103504489507233,0.0,16
2026-09-02,VAL,0.0,0.05986009643168613,0.010609210174494448,-0.05830752908907702,-0.10103504489507233,0.0,3
2026-09-02,VAL,0.25,-0.1638454505464108,-0.21965162113906242,-0.3108218256466803,-0.10103504489507233,0.0,16
2026-09-02,VAL,0.25,0.06317439643944953,0.0746461440265005,0.129158508500307,0.19896495510492768,1.0,4
2026-09-02,VAL,0.5,-0.09282196365267098,-0.07505369295393383,0.026466960504413616,-0.10103504489507233,0.0,16
2026-09-03,VAH,0.25,-0.012119619316973994,-0.01602692318426673,-0.01565479900642892,0.19888362746648558,1.0,1
2026-09-03,VAH,0.5,0.0008884464745908718,-0.030556046552733366,-0.06739634015871003,-0.10111637253351444,0.0,5
2026-09-04,POC,0.0,-0.3516234990038273,-0.5726670615475712,-0.12151562471954587,-0.10143593057275681,0.0,15
2026-09-04,POC,0.25,-0.6016234990038263,-0.8226670615475702,-0.3715156247195448,-0.10143593057275681,0.0,15
2026-09-04,POC,0.25,-0.10162349900382832,-0.32266706154757224,0.12848437528045312,-0.10143593057275681,0.0,15
2026-09-04,POC,0.5,0.06257964927395628,0.09991384416563198,0.10072155511280899,0.10511909249187475,0.0,3
2026-09-04,POC,0.5,0.17565918187855,0.3788433579236413,0.38153572774756195,0.1989230520704324,1.0,16
2026-09-04,VAH,0.0,-0.022346669538525214,-0.0016154218943533682,-0.00637194191660801,-0.10152567623355412,0.0,1
2026-09-04,VAH,0.25,-0.5009916895518155,-0.7220352520955595,-0.27088381526753413,-0.10143593057275681,0.0,15
2026-09-04,VAH,0.5,-0.2509916895518166,-0.4720352520955605,-0.02088381526753516,-0.10143593057275681,0.0,15
2026-09-04,VAL,0.0,0.006820670220595818,0.029257085419920944,0.3247895464254342,0.1989230520704324,1.0,15
2026-09-04,VAL,0.25,-0.16635704413691882,-0.3874006066806628,0.0637508301473626,-0.10143593057275681,0.0,15
2026-09-04,VAL,0.5,-0.41635704413691776,-0.6374006066806618,-0.18624916985263637,-0.10143593057275681,0.0,15
2026-09-07,POC,0.5,0.08256054619251638,0.10065944502683555,0.10639374960801025,-0.10170237167253537,0.0,1
2026-09-07,VAH,0.5,0.044490139684076925,0.05667553691906401,0.06912972968129939,0.1989248178910303,1.0,1
2026-09-07,VAL,0.0,0.013798170398444906,-0.012633389780392107,0.0010751821089693813,0.19847682534562625,1.0,1
2026-09-07,VAL,0.25,-0.054814127892907794,0.0915002374360526,0.023405370534634515,-0.10107518210896971,0.0,4
2026-09-08,POC,0.0,-0.010978062325877202,-0.04409675455266402,-0.044465765051012365,0.19843170538201813,1.0,1
2026-09-08,POC,0.25,0.061251130094652294,0.1288723039170469,0.1561790807948494,0.19889296850495397,1.0,4
2026-09-08,POC,0.25,0.14695381833613247,0.09483108544438504,0.19206535175926137,0.19889296850495397,1.0,15
2026-09-08,POC,0.5,0.1130002398568211,0.08191110537094597,0.025544751748179998,-0.10110703149504605,0.0,21
2026-09-08,VAH,0.0,-0.09880256093285991,-0.03247292385468033,-0.08782449860698205,-0.10110703149504605,0.0,2
2026-09-08,VAH,0.25,0.03117677447923301,0.066878540194475,0.051841362386765365,0.14741508145906998,0.0,11
2026-09-08,VAH,0.5,0.0899370837100287,0.058847949224153574,0.0024815956013876117,-0.10110703149504605,0.0,21
2026-09-08,VAL,0.0,-0.015406188306058994,-0.046310817542755754,0.026199745382756486,0.11983615933873021,0.0,10
2026-09-08,VAL,0.25,-0.05157382977545203,0.0003643978671254279,-0.045946419675637715,-0.10110703149504605,0.0,2
2026-09-08,VAL,0.25,0.0803474233841937,0.016693112419050072,-9.686525581209789e-05,-0.10110703149504605,0.0,21
2026-09-09,POC,0.0,-0.056535026936737384,-0.03790416578713297,-0.02276085500050179,-0.10110133169357281,0.0,8
2026-09-09,POC,0.25,0.02009700896667041,0.06626116245560348,0.1233468552391216,0.1988986683064272,1.0,16
2026-09-09,POC,0.25,-0.05506429023761289,-0.0422154204792584,-0.025328334511140606,-0.10110133169357281,0.0,4
2026-09-09,POC,0.5,0.055887994566763084,0.15858717499243252,0.24852926330088057,0.1988986683064272,1.0,3
2026-09-09,VAH,0.0,0.03166328619021569,0.07782743967914878,0.1349131324626669,0.1988986683064272,1.0,16
2026-09-09,VAH,0.25,-0.048639855358431475,-0.00036481612349619446,-0.03000899420882706,-0.10110133169357281,0.0,8
2026-09-09,VAH,0.5,-0.06038509898218541,-0.023765820170891388,-0.0185344946264232,-0.10110133169357281,0.0,4
2026-09-09,VAL,0.0,0.022118411512584982,0.03460017070641554,0.04625593113005679,-0.10110133169357281,0.0,5
2026-09-09,VAL,0.25,-0.004866509420973998,-0.015512715792184866,0.06479272019749939,0.1988986683064272,1.0,10
2026-09-09,VAL,0.25,-0.022575005277209573,-0.011286355418092251,-0.0024757018695094166,-0.10174377518149029,0.0,1
2026-09-10,POC,0.0,0.031050495983588323,0.021249896956315,-0.05605576266063372,0.17192265770263288,0.0,1
2026-09-10,POC,0.25,-0.0032584701906063166,-0.015990089487714035,0.09300722679684821,0.1989008673988111,1.0,8
2026-09-10,POC,0.25,0.005534590618905188,-0.11042389880652205,-0.26769145515996734,-0.1010991326011889,0.0,15
2026-09-10,POC,0.5,0.04047097831960636,0.05549245720252428,0.17007703087646872,-0.1010991326011889,0.0,15
2026-09-10,VAH,0.0,-0.03672934775639863,-0.029676580232099205,0.07739725400038214,0.1989008673988111,1.0,8
2026-09-10,VAH,0.25,-0.02478315029722554,-0.02377561207947205,-0.015348928803689843,0.1989008673988111,1.0,2
2026-09-10,VAH,0.5,-0.15260998195590914,-0.2507075666120185,-0.23119796294091455,-0.1010991326011889,0.0,15
2026-09-10,VAL,0.0,-0.01492988449948451,0.02418091722615772,0.08151900125484716,-0.1010991326011889,0.0,13
2026-09-10,VAL,0.25,0.017075482931383938,0.02889115839416424,0.02852478086043494,-0.10155710451835094,0.0,1
2026-09-10,VAL,0.25,-0.09934097841120867,0.0200980975846594,0.08109995695064183,-0.1010991326011889,0.0,15
2026-09-10,VAL,0.5,0.17648863771673562,0.14223233831301701,0.09542760837905119,0.1989008673988111,1.0,9
2026-09-10,VAL,0.5,0.1720921073119757,0.20900464383524214,0.41472562902443094,0.1989008673988111,1.0,15
2026-09-11,POC,0.25,-0.016312728554432925,-0.0947371899369994,-0.09799753271357683,-0.1010574084680795,0.0,15
2026-09-11,POC,0.5,0.026589417103580402,0.05866414063532761,0.028263647178036058,0.08413006124157003,0.0,9
2026-09-11,VAH,0.25,0.06299290655152831,0.1085495880512867,0.2508591443803139,0.19894259153192054,1.0,16
2026-09-11,VAH,0.5,-0.13669207384235754,-0.10787769308719579,-0.16806185839538576,-0.1010574084680795,0.0,15
2026-09-11,VAL,0.0,0.0479358505529401,0.06599991188262486,0.07260871480812163,0.09710534431863542,0.0,9
2026-09-11,VAL,0.25,-0.019022337753885638,-0.026512314402785186,-0.1280235273384114,-0.1010574084680795,0.0,15
2026-09-11,VAL,0.25,-0.018956249724633237,-0.04327664449046327,0.04792483588139536,0.19894259153192054,1.0,3
2026-09-11,VAL,0.5,0.0715733356831326,0.1875357976825146,0.2702780103097371,0.19894259153192054,1.0,6
2026-09-14,POC,0.0,0.11337975604455729,0.09089277109571886,0.15986545602282687,0.19886620243955444,1.0,3
2026-09-14,POC,0.25,0.0083121533650162,-0.0004747777284398189,-0.10913037727114153,-0.10113379756044559,0.0,9
2026-09-14,POC,0.5,-0.06567049953230882,-0.1213210631241826,-0.043561447103618575,-0.10113379756044559,0.0,12
2026-09-14,VAH,0.25,0.06689641814453634,0.013230000283451254,-0.036373642986043,-0.10179517947070552,0.0,1
2026-09-14,VAH,0.5,0.03334782074660131,0.011144285187880465,-0.035435897920428325,-0.10113379756044559,0.0,10
2026-09-14,VAL,0.0,0.02588837763017105,-0.02418768128950199,-0.07426374020918362,-0.10113379756044559,0.0,10
2026-09-14,VAL,0.25,0.009256984665390957,0.010863197876022886,0.09221317283799038,-0.10113379756044559,0.0,2
2026-09-14,VAL,0.25,-0.00860032691163007,-0.06425089050350387,0.013508725517060173,-0.10113379756044559,0.0,12
2026-09-14,VAL,0.5,0.12112264855110512,0.08276249775602579,0.06783416321015961,0.19886620243955444,1.0,16
2026-09-15,POC,0.25,0.006871260107504524,0.027063222047043988,-0.028994827538513058,-0.10110640887339917,0.0,4
2026-09-15,POC,0.5,-0.1039148433970417,-0.044721968670185686,-0.08473708959145683,-0.10110640887339917,0.0,10
2026-09-15,VAH,0.5,-0.033740860601709166,0.008302676587462816,-0.06112448021833247,-0.10110640887339917,0.0,4
2026-09-15,VAL,0.0,0.006822854719291835,-0.011340690952338429,-0.04536276380936746,0.19889359112660085,1.0,2
2026-09-15,VAL,0.25,0.04033551849085685,0.041995131800958284,0.06550632036068384,0.19889359112660085,1.0,5
2026-09-15,VAL,0.25,0.011661088521931496,0.037846098525704704,0.04826478208354785,0.19889359112660085,1.0,11
2026-09-16,POC,0.0,-0.020256650767359316,0.002394874967572307,-0.07723471770411507,-0.10189594268265911,0.0,1
2026-09-16,POC,0.25,-0.09705729738359783,-0.1517402758097706,-0.06562456343425306,-0.10119743748378471,0.0,5
2026-09-16,POC,0.25,0.1559013710659149,-0.035888199253594925,-0.12370028139780817,0.1988025625162153,1.0,21
2026-09-16,POC,0.5,0.032799808410004135,-0.022681461672024356,-0.043636617638251184,-0.10119743748378471,0.0,13
2026-09-16,VAH,0.0,-0.08042788432753512,-0.20506116909813304,-0.2394874967569414,-0.10119743748378471,0.0,5
2026-09-16,VAH,0.25,-0.04696449597860922,0.03366296126289328,0.03246552377910967,-0.10119743748378471,0.0,6
2026-09-16,VAH,0.25,0.04294310176222762,-0.0030584549064980584,0.0034276647973321105,0.1988025625162153,1.0,3
2026-09-16,VAH,0.5,0.0387869958289222,0.1537409942722579,0.15902967649230446,0.1988025625162153,1.0,16
2026-09-16,VAL,0.0,0.04240924421737375,-0.003592312451351926,0.002893807252478243,0.1988025625162153,1.0,3
2026-09-16,VAL,0.25,-0.07989402678268125,-0.20452731155327916,-0.2389536392120875,-0.10119743748378471,0.0,5
2026-09-16,VAL,0.5,-0.046430638433755354,0.034196818807747144,0.03299938132396354,-0.016594487796112983,0.0,6
2026-09-17,POC,0.0,-0.05650826040890328,-0.30226033041635214,-0.2408468390691863,-0.10117725542518542,0.0,14
2026-09-17,POC,0.25,0.07086096613428412,-0.004287171840050302,0.05280971628144854,0.19882274457481458,1.0,15
2026-09-17,POC,0.25,-0.06311070125181595,-0.08361456657379673,0.0251834556370904,-0.10117725542518542,0.0,10
2026-09-17,POC,0.5,-0.053820193854726556,-0.1641878899658595,-0.01143899854805436,-0.10117725542518542,0.0,4
2026-09-17,VAH,0.0,-0.09633873562767159,-0.009221834163949586,-0.10036102499705367,-0.10117725542518542,0.0,15
2026-09-17,VAH,0.25,0.06491582623710004,0.09356237491661261,-0.1741651296943042,-0.10117725542518542,0.0,14
2026-09-17,VAH,0.5,0.03417964917787702,-0.04950359062905061,0.2156731938939623,0.19882274457481458,1.0,4
2026-09-17,VAL,0.0,0.13332417690224896,-0.04051720755013361,-0.17864851077188862,-0.10117725542518542,0.0,3
2026-09-17,VAL,0.25,0.10137150257034526,0.2757034101165479,0.31828081466075536,0.19882274457481458,1.0,4
2026-09-17,VAL,0.25,-0.05908841188243387,0.026949338774871382,-0.06095239963897352,-0.10117725542518542,0.0,1
2026-09-17,VAL,0.5,-0.08303574932307864,-0.2688458972648399,-0.2889573441117592,-0.10117725542518542,0.0,14
2026-09-18,POC,0.0,0.046772315525642594,0.04114779657002983,0.14811233249787953,0.1988158907461862,1.0,4
2026-09-18,POC,0.25,0.016829152769828104,-0.0437577707169732,-0.0661571707682889,-0.10118410925381383,0.0,9
2026-09-18,POC,0.25,0.166618973377279,0.21595685895285477,0.19158394347851782,0.1988158907461862,1.0,6
2026-09-18,VAH,0.0,-0.032563004479882876,-0.10508969627597387,-0.10755659055475265,-0.10118410925381383,0.0,9
2026-09-18,VAH,0.25,-0.025808647944583613,0.0248120226559582,-0.053635215409205475,0.1988158907461862,1.0,3
2026-09-18,VAL,0.5,-0.052979021531051246,-0.08554202601093304,-0.12303881904837242,-0.10118410925381383,0.0,3
2026-09-21,POC,0.0,0.057582177843968844,0.040695601099200805,0.012691153951038663,-0.10125862683811962,0.0,8
2026-09-21,POC,0.25,-0.010745526630440545,0.01075601518742854,0.0316282435862527,0.024076482557532353,0.0,1
2026-09-21,POC,0.25,0.0730580436743528,0.12749365442302185,0.14878542510121884,0.1987413731618804,1.0,17
2026-09-21,VAH,0.0,0.056847978855070695,0.06167271506786293,0.0840133414444872,0.1982169453126639,1.0,1
2026-09-21,VAH,0.25,0.023132512428939208,0.04778062134211877,-0.03224706844832108,-0.10125862683811962,0.0,6
2026-09-21,VAH,0.5,0.024134169620946472,0.07856978036961552,0.09986155104781251,-0.10125862683811962,0.0,17
2026-09-21,VAL,0.0,0.05485515302805027,0.07646158041576494,0.1028927440162814,0.1987413731618804,1.0,12
2026-09-21,VAL,0.25,0.04504310796920419,0.058783117618680825,0.14908959325375962,-0.041592372721364776,0.0,3
2026-09-22,POC,0.0,-0.024478656694655238,-0.02708276910897994,-0.09947709422720478,-0.10177079644174081,0.0,1
2026-09-22,POC,0.25,0.1270858940438722,0.1704183246182337,0.15625195308431075,0.19875002604112416,1.0,3
2026-09-22,POC,0.25,-0.025931751421843195,-0.013015353846794942,-0.07863898668777934,-0.10124997395887586,0.0,8
2026-09-22,POC,0.5,0.040426241119978806,0.02000999979167276,0.291671006854025,-0.10124997395887586,0.0,10
2026-09-22,VAH,0.0,-0.010728943147016261,-0.06270702693693506,0.17353805129059555,0.19875002604112416,1.0,2
2026-09-22,VAH,0.25,0.03646278202537441,0.10864877815045822,-0.015723630757694906,-0.10124997395887586,0.0,5
2026-09-22,VAH,0.5,0.11729963959084518,-0.002593695964666419,-0.0010312285160659128,-0.10124997395887586,0.0,8
2026-09-22,VAL,0.0,0.13833045144892445,0.04156163413261885,0.052707235265935015,-0.10124997395887586,0.0,5
2026-09-22,VAL,0.25,-0.01884856565487697,0.04094185537801593,-0.029473344305326304,-0.10124997395887586,0.0,1
2026-09-22,VAL,0.25,0.021879752505159868,0.032504531155599724,0.020733943042850932,-0.10124997395887586,0.0,9
2026-09-22,VAL,0.5,0.294587612758066,0.3144830316035147,0.2315680923314158,0.19875002604112416,1.0,11
2026-09-23,POC,0.0,0.026704665400038366,-0.01709943001899936,0.018471606502004325,-0.10126662444585181,0.0,8
2026-09-23,POC,0.25,-0.0896664555625923,-0.13526493561326378,-0.15257546970656563,-0.10126662444585181,0.0,4
2026-09-23,POC,0.25,-0.08143339666454867,0.010924635845478722,0.04639012032932579,-0.10126662444585181,0.0,14
2026-09-23,POC,0.5,0.05794806839771659,0.02206037576525264,0.015093941313069252,0.056470339877562295,0.0,16
2026-09-23,VAH,0.0,-0.0630145661811311,-0.13014566181127327,-0.1464006755330377,-0.10126662444585181,0.0,4
2026-09-23,VAH,0.25,0.039212581802829154,-0.004591513616208566,0.030979522904795116,-0.10126662444585181,0.0,8
2026-09-23,VAH,0.5,-0.06892548026176748,0.023432552248259915,0.05889803673210697,-0.10126662444585181,0.0,14
2026-09-23,VAL,0.0,-0.05636478784040798,0.036098796706776036,0.011294067975507697,-0.10126662444585181,0.0,12
2026-09-23,VAL,0.25,-0.035201604390966264,-0.0183132784462813,-0.05166772218704394,-0.10126662444585181,0.0,5
2026-09-23,VAL,0.25,-0.05135106607557408,-0.0645450707198637,-0.04639012032931849,-0.10126662444585181,0.0,16
2026-09-23,VAL,0.5,-0.01551614946168652,-0.01857715853916133,-0.005594257969175347,0.1982056153683766,1.0,1
2026-09-24,POC,0.0,0.08513238718378066,0.08723962449030802,0.13612753000179056,-0.10126434238391757,0.0,3
2026-09-24,POC,0.25,0.02283981835614851,-0.05512796198544029,-0.05755128488794435,-0.10126434238391757,0.0,11
2026-09-24,VAH,0.5,0.05589973764895824,0.025660882300264344,0.07770964377153314,-0.10126434238391757,0.0,2
2026-09-24,VAL,0.0,0.08776643381694225,0.11284255776464173,0.16815753706103512,0.19873565761608245,1.0,5
2026-09-24,VAL,0.25,0.013251888611432276,0.0787869688444953,0.22945443626134013,0.19873565761608245,1.0,4
2026-09-24,VAL,0.25,0.023050542086796456,-0.004659628494064615,0.07309742811686666,0.19873565761608245,1.0,12
2026-09-25,POC,0.0,-0.04081356543699615,-0.01815188960042839,0.018602868224042862,0.19808334084964374,1.0,1
2026-09-25,POC,0.25,0.05607919184630694,0.03589789843961487,0.07806439974745033,0.19864706412916028,1.0,4
2026-09-25,VAH,0.0,-0.05501939208081772,-0.06978894200414558,-0.025593036890047258,0.19864706412916028,1.0,4
2026-09-25,VAH,0.25,-0.044150807251739296,0.026991070623253795,0.07930459096238306,0.19864706412916028,1.0,13
2026-09-25,VAH,0.25,0.01887345539821261,0.03567240912780333,0.08347614323081454,0.19864706412916028,1.0,2
2026-09-25,VAL,0.0,0.037769459727611705,0.1852394696491403,0.14566609542707606,0.19864706412916028,1.0,8
2026-09-25,VAL,0.25,-0.09928294398845129,-0.15452782538107931,-0.09759177414990575,-0.10135293587083972,0.0,3
2026-09-25,VAL,0.5,-0.06349779020474097,-0.013213673671864318,-0.140051411563088,-0.10135293587083972,0.0,13
2026-09-28,POC,0.25,0.03224267862252925,0.05406372221691926,0.13419345607173475,0.19797290851855387,1.0,1
2026-09-28,POC,0.5,-0.16273967375751489,-0.2358342077649567,-0.3579366593532397,-0.10143088810455023,0.0,3
2026-09-28,VAH,0.25,0.08399313173709735,0.13109319851187332,0.10020986358866263,0.19797290851855387,1.0,1
2026-09-28,VAH,0.5,-0.19898883907278675,-0.24883144138128963,-0.41576838691214885,-0.10143088810455023,0.0,3
2026-09-28,VAL,0.0,0.005842793093578338,-0.01597825050081168,-0.09610798435562716,-0.10202709148144615,0.0,1
2026-09-28,VAL,0.25,-0.14134789659447977,-0.31269674711436757,-0.2925450729752901,-0.10143088810455023,0.0,3
2026-09-28,VAL,0.5,-0.028951635982066078,-0.06365067251740723,-0.155823714585523,-0.10143088810455023,0.0,4
2026-09-29,POC,0.0,-0.035859694806413975,0.05053458529641967,0.04049387075062571,-0.10132405026977524,0.0,14
2026-09-29,POC,0.25,-0.016856814997079406,0.020216592556623718,-0.030207655217313483,-0.03760026922355937,0.0,4
2026-09-29,VAH,0.25,-0.061874524169436784,0.03864295881099662,0.04791131069942491,0.19867594973022476,1.0,17
2026-09-29,VAH,0.5,0.0319371958822061,0.014724542375133595,0.016269267689864954,-0.04585075746709129,0.0,9
2026-09-29,VAL,0.25,-0.001569551257295906,0.028000904767687677,-0.03478114552415056,-0.04338747227769685,0.0,4
2026-09-29,VAL,0.5,-0.007000915801439073,0.06615286160364417,0.015838951352180615,-0.10132405026977524,0.0,14
2026-09-30,POC,0.0,-0.003796177791270558,0.021583982298961687,0.050977244625693634,-0.02136705785375345,0.0,18
2026-09-30,POC,0.25,-0.01940931473567722,0.008682400919761529,0.008248552029330461,-0.10130154667129439,0.0,1
2026-09-30,POC,0.5,-0.14719408230113454,-0.11693312219354045,0.09597822078570076,-0.10130154667129439,0.0,15
2026-09-30,VAH,0.0,-0.03145404455627824,-0.052604177964810046,-0.01952320006941895,-0.10130154667129439,0.0,18
2026-09-30,VAH,0.25,-0.031351005444799504,0.01311850582441944,0.047284105945902995,0.10379292392460134,0.0,2
2026-09-30,VAH,0.5,-0.09838608212759505,-0.06812512202000097,0.14478622095924024,-0.10130154667129439,0.0,15
2026-09-30,VAL,0.5,0.014327859606496903,0.04469728193670122,0.08200828651380263,0.06020737976962915,0.0,4
2026-10-01,POC,0.0,-0.039701426697470225,-0.06396340967925798,-0.07731330462138485,-0.10139303251570064,0.0,7
2026-10-01,POC,0.25,-0.02257002890542923,-0.029070847312026284,-0.060530164958266054,-0.1019734627305759,0.0,1
2026-10-01,VAH,0.25,-0.026534367273024082,-0.07796048431097592,-0.08922083047954846,-0.10139303251570064,0.0,7
2026-10-01,VAH,0.5,-0.040844874220773056,-0.03271885121252146,-0.06185644799925173,-0.1019734627305759,0.0,1
2026-10-01,VAL,0.0,-0.0009286883438008459,0.0024378069024752675,0.10517395493540137,-0.10139303251570064,0.0,4
2026-10-01,VAL,0.25,-0.08026479226402507,-0.034178633202926086,-0.05704758366901447,0.19860696748429937,1.0,8
2026-10-01,VAL,0.25,-0.008755789791394129,0.031642153163929786,0.25742950675040566,0.19860696748429937,1.0,3
2026-10-02,POC,0.0,0.05395706180420778,0.03133805931485438,-0.025146265337322674,0.1978518265792234,1.0,1
2026-10-02,POC,0.25,0.07839885262266262,0.11946687390221572,0.20943743129003525,0.1984836422912165,1.0,9
2026-10-02,POC,0.25,-0.19871551865752543,-0.08726322706193049,-0.0679296662749441,-0.1015163577087835,0.0,3
2026-10-02,POC,0.5,0.09058341862846142,-0.023017046387911088,0.3148779963860206,-0.1015163577087835,0.0,15
2026-10-02,POC,0.5,0.11876239938334927,0.1779003500259094,0.24613644692116224,0.1984836422912165,1.0,4
2026-10-02,VAH,0.0,-0.0037908942719624243,-0.02729443875810252,-0.04258437898833659,0.1984836422912165,1.0,1
2026-10-02,VAH,0.25,-0.12782579577188952,-0.24142626078826207,0.09646878198566966,-0.1015163577087835,0.0,15
2026-10-02,VAH,0.25,-0.020669851017861136,-0.26442435270480813,-0.09977317815940308,-0.1015163577087835,0.0,3
2026-10-02,VAH,0.5,0.12217420422811766,0.008573739211745136,0.3464687819856768,0.1984836422912165,1.0,15
2026-10-02,VAH,0.5,0.09778611774517937,0.13114598733842048,0.2062056939231986,0.1984836422912165,1.0,4
2026-10-02,VAL,0.0,-0.16439844826061512,-0.05294615666502016,-0.033612595878033766,-0.1015163577087835,0.0,3
2026-10-02,VAL,0.25,-0.022546343682469955,0.025724376713801074,0.07298419197088403,-0.10214817342077663,0.0,1
2026-10-02,VAL,0.25,0.1530794697802481,0.21221742042280822,0.28045351731806106,0.1984836422912165,1.0,4
2026-10-02,VAL,0.5,0.06935441070548877,0.0984179334571748,0.16804402491881987,0.1984836422912165,1.0,9
2026-10-05,POC,0.25,0.030773094192105638,0.11113229011605856,0.3063422043108334,0.1985477253748684,1.0,5
2026-10-05,POC,0.5,0.031774558569016405,0.0076910043689198855,-0.03067325031164096,-0.10205738905226978,0.0,1
2026-10-05,VAH,0.5,0.04000411477809683,0.013863171525729658,0.036010359558985794,0.1985477253748684,1.0,3
2026-10-05,VAL,0.0,0.06583644967262892,0.0417528954725324,0.003388640791971549,-0.10205738905226978,0.0,1
2026-10-05,VAL,0.25,0.05515315446151624,-0.033314574786089034,0.05454804003437586,0.1338180299894783,0.0,10
2026-10-05,VAL,0.25,0.15778056130414456,0.16988284984690796,0.05890486390976672,0.1985477253748684,1.0,18
2026-10-06,POC,0.0,-0.015378369400736993,-0.004059889521794659,-0.06741877145282106,-0.10147632346247062,0.0,2
2026-10-06,POC,0.25,-0.053384471537714986,-0.14516258012130578,-0.20975173160439553,-0.10147632346247062,0.0,14
2026-10-06,POC,0.25,0.10901110933405124,0.14468892634376468,0.05746281510279026,-0.10147632346247062,0.0,5
2026-10-06,VAH,0.0,0.005905293849886965,0.03875349088985921,0.05966807327485745,-0.10147632346247062,0.0,12
2026-10-06,VAH,0.25,-0.023488921422681306,0.03125807364393537,0.08551296088972896,0.1985236765375294,1.0,15
2026-10-06,VAH,0.25,-0.005157905097007095,-0.005526985962621618,0.04134628397081438,-0.10147632346247062,0.0,2
2026-10-06,VAH,0.5,0.15601663324433812,0.19169445025405155,0.10446833901307716,-0.10147632346247062,0.0,5
2026-10-06,VAL,0.0,-0.013286911162236051,-0.06311282802062179,0.023621175399529508,-0.10147632346247062,0.0,5
2026-10-06,VAL,0.25,-0.014877034558271579,0.14702643849267155,0.22096563857141124,0.1985236765375294,1.0,3
2026-10-06,VAL,0.25,0.2627948033414077,0.29847262035112115,0.21124650911014675,0.1985236765375294,1.0,5
2026-10-06,VAL,0.5,-0.06887664087201689,-0.09877219098705056,-0.03688963251849345,-0.10147632346247062,0.0,14
2026-10-07,POC,0.0,-0.011998119882249728,0.008163669198225563,0.03723127922222623,-0.10148430349058704,0.0,1
2026-10-07,POC,0.25,0.004224080350299844,0.05456670707270663,-0.028677980357711047,-0.10148430349058704,0.0,5
2026-10-07,POC,0.5,-0.008250253568518896,-0.020743141280951255,-0.060200875739063,-0.10148430349058704,0.0,11
2026-10-07,VAH,0.25,0.03489968582242657,-0.03498627019270866,-0.021256462904782603,-0.10148430349058704,0.0,3
2026-10-07,VAH,0.5,-0.0166613066818378,-0.023340672389479022,-0.08642357073943266,-0.10148430349058704,0.0,7
2026-10-07,VAL,0.0,0.001360611533032719,0.04081834599114446,0.015090418820970024,-0.10148430349058704,0.0,8
2026-10-07,VAL,0.25,-0.009790218440001688,0.015566632857529137,-0.09649828068179722,-0.10148430349058704,0.0,4
2026-10-07,VAL,0.25,-0.001218365781847681,0.055556242733097096,0.07979986641268584,-0.10148430349058704,0.0,13
2026-10-07,VAL,0.5,-0.1689261064245575,-0.057108576800334376,-0.04374984538505193,-0.10148430349058704,0.0,15
