day,h,i,side,lvl,ibh,ibl,rng,atr,ib_atr,aligned,t_in,spread,pnl,t_out,ext_age,ext_letter,n_ext,skew,bimodal,bim_above,va_mig,va_ovl,last_z,comp_z,init_sgl,day_rng,tail
2026-01-20,3,295,1,4680.24,4676.08,4660.11,15.970000000000255,75.47699999999995,0.21158763596857674,True,2026-01-20 05:54:00,0.12,82.81000000000029,2026-01-20 23:57:00,3.433333333333333,0.2631578947368421,-2,0.14719160316583663,0,0,0.013249069252884995,1.0,-0.6629307096968384,2.3465404659296247,0.02649813850576999,0.2906845794083035,0.0
2026-01-20,4,295,1,4680.24,4674.87,4665.57,9.300000000000182,75.47699999999995,0.12321634405183285,True,2026-01-20 05:54:00,0.12,82.81000000000029,2026-01-20 23:57:00,3.433333333333333,0.2631578947368421,-2,0.14719160316583663,0,0,0.013249069252884995,1.0,-0.6629307096968384,2.3465404659296247,0.02649813850576999,0.2906845794083035,0.0
2026-01-20,5,330,1,4685.95,4681.47,4666.15,15.320000000000618,75.47699999999995,0.2029757409542063,True,2026-01-20 06:29:00,0.13,77.09000000000026,2026-01-20 23:57:00,4.016666666666667,0.23809523809523808,0,0.6467985725259362,0,0,0.013249069252884995,1.0,0.224143833738808,2.5506590800046043,0.039747207758654986,0.3667342369198605,0.0
2026-01-20,6,395,1,4704.8,4697.07,4679.69,17.38000000000011,75.47699999999995,0.23026882361514264,True,2026-01-20 07:34:00,0.11,58.25999999999989,2026-01-20 23:57:00,5.1,0.19230769230769232,4,0.9112759352594624,0,0,0.02649813850576999,0.7142857142857143,1.6876760615651913,3.2245007394290197,0.05299627701153998,0.6044225393166119,0.0
2026-01-20,7,530,1,4720.72,4716.67,4694.19,22.480000000000473,75.47699999999995,0.29783907680486094,True,2026-01-20 09:49:00,0.08,42.36999999999982,2026-01-20 23:57:00,7.35,0.14285714285714285,9,0.43195770093303665,1,1,0.15898883103461994,0.36585365853658536,-1.4426377443352096,3.793602024205494,0.039747207758654986,0.8376061581673927,0.0
2026-01-20,8,550,1,4724.59,4717.04,4705.73,11.3100000000004,75.47699999999995,0.14984697325013457,True,2026-01-20 10:09:00,0.11,38.46999999999993,2026-01-20 23:57:00,7.683333333333334,0.1388888888888889,10,0.3300365148161276,1,1,0.19873603879327492,0.3191489361702128,1.2297025631110652,3.9319451129042933,0.06624534626442496,0.8696689057593754,0.0
2026-01-20,9,595,1,4728.39,4722.75,4711.49,11.260000000000218,75.47699999999995,0.14918451978748792,True,2026-01-20 10:54:00,0.09,34.68999999999974,2026-01-20 23:57:00,8.433333333333334,0.1282051282051282,11,0.2061250176203649,1,1,0.2252341772990449,0.29411764705882354,-0.39737787780669576,4.067785871833357,0.07949441551730997,0.9161731388370046,0.0
2026-01-20,10,650,1,4736.29,4731.66,4715.03,16.63000000000011,75.47699999999995,0.2203320216754789,True,2026-01-20 11:49:00,0.09,-21.350000000000218,2026-01-20 15:33:00,9.35,0.11627906976744186,14,0.1210051197303483,1,1,0.25173231580481487,0.2727272727272727,-1.0770104412972947,4.350191660133226,0.05299627701153998,1.0327649482623829,0.0
2026-01-21,2,125,1,4792.6,4787.82,4770.77,17.049999999999272,79.22799999999998,0.2152016963699611,True,2026-01-21 03:04:00,0.12,-21.94999999999993,2026-01-21 21:40:00,1.9,0.0,5,-0.02752784614630481,1,1,0.555359216438633,0.0,0.9311218489177427,3.0756068036313544,0.06310900186802647,0.46688039581965707,0.0
2026-01-21,3,320,1,4850.24,4844.15,4783.49,60.659999999999854,79.22799999999998,0.7656384106628953,True,2026-01-21 06:19:00,0.11,-66.86,2026-01-21 21:36:00,5.15,0.0,10,-0.6958714498619512,0,0,1.0980966325036605,0.0,-0.8729802176465365,4.236814430449602,0.012621800373605295,1.174710960771441,0.0
2026-01-21,4,320,1,4850.24,4842.06,4817.47,24.590000000000146,79.22799999999998,0.31037007118695603,True,2026-01-21 06:19:00,0.11,-32.87999999999953,2026-01-21 17:23:00,5.15,0.0,10,-0.6958714498619512,0,0,1.0980966325036605,0.0,-0.8729802176465365,4.236814430449602,0.012621800373605295,1.174710960771441,0.0
2026-01-21,5,335,1,4854.15,4849.74,4827.1,22.639999999999418,79.22799999999998,0.2857575604584165,True,2026-01-21 06:34:00,0.1,-27.149999999999274,2026-01-21 17:21:00,5.4,0.0,11,-0.694054718918697,0,0,1.161205634371687,0.0,-1.070368031946053,4.3155847604436905,0.0,1.2313828444489376,0.0
2026-01-21,6,395,1,4876.25,4870.86,4837.92,32.9399999999996,79.22799999999998,0.41576210430655336,True,2026-01-21 07:34:00,0.12,-38.449999999999925,2026-01-21 09:04:00,6.4,0.0,14,-0.500200535789479,1,1,1.375776240722977,0.0,0.23977731878896497,4.760808364758124,0.06310900186802647,1.515247134851318,0.0
2026-01-21,7,450,1,4884.0,4878.23,4858.97,19.25999999999931,79.22799999999998,0.24309587519562925,True,2026-01-21 08:29:00,0.1,-25.129999999999747,2026-01-21 08:45:00,7.316666666666666,0.0,15,-0.4514597606150136,1,1,1.375776240722977,0.0,0.9185959503013523,4.916938814234903,0.11359620336244765,1.647144948755491,0.0
2026-01-21,8,485,-1,4841.52,4888.33,4845.6,42.72999999999956,79.22799999999998,0.5393295299641487,False,2026-01-21 09:04:00,0.09,12.60000000000051,2026-01-21 23:57:00,0.6333333333333333,0.90625,-15,0.5977892761968795,1,0,-1.375776240722977,0.0,-0.05172316068414804,-4.061142492457678,0.0,1.647144948755491,0.012621800373605295
2026-01-21,9,560,1,4865.33,4857.18,4832.62,24.5600000000004,79.22799999999998,0.30999141717575107,True,2026-01-21 10:19:00,0.09,-32.80000000000004,2026-01-21 17:19:00,9.15,0.0,15,-0.7577753920314063,0,0,1.4010198414701878,0.0,-0.8448117786460163,4.540815524979229,0.0,1.647144948755491,0.0
2026-01-21,10,630,1,4875.71,4869.57,4851.51,18.05999999999949,79.22799999999998,0.2279497147473052,True,2026-01-21 11:29:00,0.09,-24.289999999999818,2026-01-21 16:05:00,10.316666666666666,0.0,15,-0.890519974015639,0,0,1.413641641843793,0.0,0.9234215621806282,4.749929597955871,0.0,1.647144948755491,0.0
2026-01-22,2,145,1,4807.87,4798.85,4778.11,20.74000000000069,84.79199999999992,0.24459854703274733,True,2026-01-22 03:24:00,0.1,-29.86000000000022,2026-01-22 04:39:00,0.35,0.8888888888888888,-3,0.9180918941515505,0,0,-0.6250589678271541,0.0,0.22180813963441046,0.9925451419046911,0.0,0.72789885838287,0.058967827153505105
2026-01-22,4,410,1,4807.85,4798.38,4774.57,23.8100000000004,84.79199999999992,0.28080479290499605,True,2026-01-22 07:49:00,0.1,128.24999999999946,2026-01-22 23:57:00,4.766666666666667,0.2962962962962963,-3,1.0465590807817022,0,0,-0.6250589678271541,0.0,-0.6380835549252829,0.9923488836387486,0.0,0.72789885838287,0.02358713086140204
2026-01-22,5,410,1,4807.85,4796.88,4784.38,12.5,84.79199999999992,0.14741956788376276,True,2026-01-22 07:49:00,0.1,128.24999999999946,2026-01-22 23:57:00,4.766666666666667,0.2962962962962963,-3,1.0465590807817022,0,0,-0.6250589678271541,0.0,-0.6380835549252829,0.9923488836387486,0.0,0.72789885838287,0.02358713086140204
2026-01-22,7,445,1,4827.52,4821.72,4793.72,28.0,84.79199999999992,0.33021983205962857,True,2026-01-22 08:24:00,0.1,108.57999999999939,2026-01-22 23:57:00,5.35,0.27586206896551724,-3,0.8030626447802036,0,0,-0.6250589678271541,0.0,-0.19725259486783875,1.1853688881977875,0.0,0.72789885838287,0.02358713086140204
2026-01-22,8,490,1,4834.38,4829.24,4816.24,13.0,84.79199999999992,0.15331635059911328,True,2026-01-22 09:09:00,0.1,-18.24000000000033,2026-01-22 11:42:00,6.1,0.25,-2,0.75295605152438,0,0,-0.6250589678271541,0.0,-0.36304554894503765,1.2526854734176625,0.0,0.7375695820360414,0.02358713086140204
2026-01-22,9,640,-1,4820.64,4838.55,4825.78,12.770000000000437,84.79199999999992,0.1506038305500572,False,2026-01-22 11:39:00,0.1,-18.009999999999856,2026-01-22 16:32:00,1.95,0.8095238095238095,0,-0.4200277469397194,1,0,0.554297575242948,0.046511627906976744,0.5945960227266244,-1.1178560447119612,0.0,0.7809699028210246,0.0
2026-01-22,10,645,-1,4816.33,4835.59,4822.35,13.239999999999782,84.79199999999992,0.15614680630247896,False,2026-01-22 11:44:00,0.1,-19.36000000000022,2026-01-22 13:54:00,2.033333333333333,0.8095238095238095,0,-0.41349597844997676,1,0,0.554297575242948,0.046511627906976744,0.9135795935972572,-1.075562388400343,0.0,0.7809699028210246,0.0
2026-01-23,2,260,-1,4939.35,4965.73,4947.49,18.23999999999978,94.45499999999993,0.19310782912497798,False,2026-01-23 05:19:00,0.12,-26.4999999999992,2026-01-23 07:48:00,2.3333333333333335,0.47058823529411764,-3,0.393212058081279,0,0,-1.4821872849505067,0.0,0.5859703732246818,-1.8536220977573896,0.0,0.38600391720925376,0.021174104070721525
2026-01-23,4,260,-1,4939.35,4962.24,4946.88,15.359999999999673,94.45499999999993,0.16261711926313785,False,2026-01-23 05:19:00,0.12,-23.00999999999942,2026-01-23 07:45:00,2.3333333333333335,0.47058823529411764,-3,0.393212058081279,0,0,-1.4821872849505067,0.0,0.5859703732246818,-1.8536220977573896,0.0,0.38600391720925376,0.021174104070721525
2026-01-23,5,410,1,4966.59,4959.0,4938.16,20.840000000000146,94.45499999999993,0.22063416441691983,True,2026-01-23 07:49:00,0.1,-28.530000000000292,2026-01-23 10:18:00,6.316666666666666,0.07407407407407407,3,-0.4549136313697843,0,0,1.5139484410565889,0.0,-0.5901733018429741,2.1226676109779135,0.0,0.38600391720925376,0.06352231221216458
2026-01-23,7,525,-1,4946.3,4967.22,4954.54,12.680000000000291,94.45499999999993,0.13424381980837755,False,2026-01-23 09:44:00,0.11,-21.030000000000072,2026-01-23 18:09:00,6.75,0.23529411764705882,-3,0.5404850959011793,0,0,-1.5033613890212283,0.0,0.4331714994288207,-1.9222662356752533,0.0,0.38600391720925376,0.0
2026-01-23,8,560,-1,4939.13,4963.12,4945.54,17.579999999999927,94.45499999999993,0.18612037478164142,False,2026-01-23 10:19:00,0.1,-24.089999999999783,2026-01-23 17:47:00,7.333333333333333,0.21621621621621623,-3,0.4311275810111239,0,0,-1.4927743369858675,0.0,-0.7269316027256331,-1.8514491897945193,0.0,0.38600391720925376,0.0
2026-01-23,9,565,-1,4920.92,4959.61,4943.34,16.269999999999527,94.45499999999993,0.17225133661531458,False,2026-01-23 10:24:00,0.11,-38.7999999999996,2026-01-23 17:43:00,7.416666666666667,0.21621621621621623,-2,0.9708651724693145,0,0,-1.4927743369858675,0.0,2.057690890725566,-1.671591671595335,0.10587052035360763,0.4964268699380696,0.0
2026-01-27,2,135,1,5071.48,5054.07,5013.82,40.25,97.36799999999994,0.41338016596828553,True,2026-01-27 03:14:00,0.1,109.37000000000026,2026-01-27 23:57:00,2.25,0.0,4,-0.11459606437355836,0,0,-0.32865006983814005,0.2413793103448276,2.561085188104516,1.4437599120565512,0.10270314682441876,0.6030728781529896,0.010270314682441876
2026-01-27,5,445,1,5087.42,5079.24,5060.44,18.800000000000182,97.36799999999994,0.19308191602990915,True,2026-01-27 08:24:00,0.1,-27.080000000000474,2026-01-27 16:05:00,7.416666666666667,0.0,9,-0.6117068300819992,0,0,-0.1335140908717444,0.8108108108108109,-0.7926138928329942,1.5773229645583748,0.010270314682441876,0.7673979130720596,0.010270314682441876
2026-01-27,6,425,1,5083.8,5078.74,5061.62,17.11999999999989,97.36799999999994,0.1758277873634038,True,2026-01-27 08:04:00,0.1,-22.280000000000292,2026-01-27 16:05:00,7.083333333333333,0.0,8,-0.6319355927419189,0,0,-0.14378440555418628,0.8,-1.1664825087455148,1.5469905774782888,0.020540629364883753,0.7614411305562441,0.010270314682441876
2026-01-27,7,490,1,5093.51,5085.29,5057.38,27.909999999999854,97.36799999999994,0.28664448278695126,True,2026-01-27 09:09:00,0.1,-36.23000000000011,2026-01-27 16:13:00,8.166666666666666,0.0,12,-0.492568058380085,0,0,-0.15405472023662814,0.7317073170731707,-0.27031534870793084,1.6283517593975279,0.0,0.8398036315832768,0.010270314682441876
2026-01-27,9,575,-1,5076.36,5100.84,5081.61,19.230000000000473,97.36799999999994,0.19749815134336215,False,2026-01-27 10:34:00,0.1,-24.580000000000474,2026-01-27 18:18:00,0.8833333333333333,0.8947368421052632,-13,0.48821161852437717,0,0,0.06162188809465126,0.9302325581395349,-0.9813409057721623,-1.484649980827498,0.0,0.9039930983485385,0.041081258729767506
2026-01-27,10,655,1,5095.46,5088.32,5073.37,14.949999999999818,97.36799999999994,0.1535412045025042,True,2026-01-27 11:54:00,0.1,-22.190000000000147,2026-01-27 13:51:00,10.916666666666666,0.0,13,-0.5608271334450183,0,0,-0.020540629364883753,1.0,0.19783954318982372,1.6446910286809986,0.0,0.9039930983485385,0.010270314682441876
2026-01-28,2,125,1,5186.33,5180.13,5157.41,22.720000000000255,109.05,0.20834479596515593,True,2026-01-28 03:04:00,0.1,230.99000000000015,2026-01-28 23:57:00,1.0,0.5,-1,0.36513066926591103,0,0,0.8895002292526364,0.0,1.5092892099587647,2.024596327828868,0.018340210912425492,0.27611187528657116,0.018340210912425492
2026-01-28,3,235,1,5234.58,5225.21,5168.71,56.5,109.05,0.5181109582760202,True,2026-01-28 04:54:00,0.1,182.74000000000015,2026-01-28 23:57:00,2.8333333333333335,0.26666666666666666,3,0.2591491527457292,0,0,1.0270518110958275,0.0,-0.27849084788483874,2.452529274747784,0.04585052728106374,0.7080238422741865,0.018340210912425492
2026-01-28,4,250,1,5245.03,5234.62,5201.65,32.970000000000255,109.05,0.3023383768913366,True,2026-01-28 05:09:00,0.1,172.29000000000033,2026-01-28 23:57:00,3.0833333333333335,0.25,4,0.31314405851364846,0,0,1.045392022008253,0.0,0.10273342119782986,2.54521112542763,0.10087116001834022,0.8174232003668073,0.018340210912425492
2026-01-28,5,370,1,5253.87,5247.58,5224.6,22.979999999999563,109.05,0.21072902338376492,True,2026-01-28 07:09:00,0.1,163.4500000000002,2026-01-28 23:57:00,5.083333333333333,0.16666666666666666,6,-0.09945639864588332,1,1,1.30215497478221,0.0,-0.3167701193456388,2.623613762749149,0.04585052728106374,0.8850068775790941,0.018340210912425492
2026-01-28,6,380,1,5257.7,5248.92,5232.31,16.609999999999673,109.05,0.15231545162769072,True,2026-01-28 07:19:00,0.1,159.62000000000026,2026-01-28 23:57:00,5.25,0.16,7,-0.09560282236764084,1,1,1.2929848693259973,0.0,-1.4269324954757656,2.657582326204059,0.02751031636863824,0.9207702888583206,0.018340210912425492
2026-01-28,7,490,1,5272.53,5266.4,5241.66,24.73999999999978,109.05,0.22686840898670135,True,2026-01-28 09:09:00,0.1,-30.969999999999892,2026-01-28 13:06:00,7.083333333333333,0.125,11,-0.19527596316206652,1,1,1.237964236588721,0.0,-0.48472869359660736,2.789110732479862,0.02751031636863824,1.0689591930307172,0.018340210912425492
2026-01-28,8,500,1,5280.17,5271.48,5252.06,19.419999999999163,109.05,0.17808344795964387,True,2026-01-28 09:19:00,0.1,-28.209999999999674,2026-01-28 13:04:00,7.25,0.12121212121212122,12,-0.1813959958929084,1,1,1.2287941311325081,0.0,-0.8211926416569352,2.8568704778572847,0.06419073819348922,1.1404860155891783,0.018340210912425492
2026-01-28,9,570,1,5299.32,5292.86,5263.0,29.859999999999673,109.05,0.2738193489225096,True,2026-01-28 10:29:00,0.1,-36.41999999999971,2026-01-28 13:04:00,8.416666666666666,0.10810810810810811,16,-0.0872275552654247,1,1,1.2287941311325081,0.0,-0.31642020805229193,3.026713295131836,0.018340210912425492,1.3166437414030254,0.018340210912425492
2026-01-28,10,625,-1,5269.61,5311.55,5280.78,30.770000000000437,109.05,0.2821641448876702,False,2026-01-28 11:24:00,0.1,-42.04000000000051,2026-01-28 20:18:00,0.8666666666666667,0.926829268292683,-17,0.16126369354977577,1,0,-1.265474552957359,0.0,-0.09938494668960472,-2.7632130287492243,0.018340210912425492,1.4134800550206357,0.10087116001834022
2026-01-29,2,130,-1,5447.17,5527.16,5454.62,72.53999999999996,129.433,0.5604443998053045,False,2026-01-29 03:09:00,0.1,-80.08999999999978,2026-01-29 03:40:00,1.5166666666666666,0.25,-2,-0.3533729964169836,0,0,-1.676543076340655,0.0,1.0183274631086618,-2.535254220092596,0.0,1.4124682268045994,0.42493027280523515
2026-01-29,3,335,1,5561.99,5551.43,5445.57,105.86000000000058,129.433,0.8178748850756807,True,2026-01-29 06:34:00,0.1,-116.52000000000007,2026-01-29 17:04:00,5.583333333333333,0.0,2,-0.4068607944283782,0,0,1.8851452102632251,0.0,-0.8414331051223303,3.2975561477909268,0.0,1.4124682268045994,0.23178014880285555
2026-01-29,4,335,1,5561.99,5550.33,5504.39,45.9399999999996,129.433,0.3549326678667697,True,2026-01-29 06:34:00,0.1,-57.699999999999456,2026-01-29 10:43:00,5.583333333333333,0.0,2,-0.4068607944283782,0,0,1.8851452102632251,0.0,-0.8414331051223303,3.2975561477909268,0.0,1.4124682268045994,0.23178014880285555
2026-01-29,5,335,1,5561.99,5549.03,5508.33,40.69999999999982,129.433,0.31444840187587264,True,2026-01-29 06:34:00,0.1,-53.759999999999856,2026-01-29 10:43:00,5.583333333333333,0.0,2,-0.4068607944283782,0,0,1.8851452102632251,0.0,-0.8414331051223303,3.2975561477909268,0.0,1.4124682268045994,0.23178014880285555
2026-01-29,6,385,-1,5521.37,5564.6,5533.6,31.0,129.433,0.23950615376295073,False,2026-01-29 07:24:00,0.1,-43.330000000000474,2026-01-29 08:00:00,5.766666666666667,0.08,-2,0.4898040417635918,0,0,-1.8928712152233202,0.0,0.3925556549038019,-3.0278757410403063,0.0,1.4124682268045994,0.2626841686432363
2026-01-29,7,425,1,5582.54,5564.4,5516.36,48.039999999999964,129.433,0.3711572782829724,True,2026-01-29 08:04:00,0.1,-66.28000000000029,2026-01-29 10:39:00,7.083333333333333,0.0,2,-0.48404323405062566,0,0,1.9083232251435107,0.0,-0.4752645512687961,3.433989736139654,0.0,1.4124682268045994,0.23178014880285555
2026-01-29,8,510,-1,5541.59,5595.46,5554.71,40.75,129.433,0.31483470212387876,False,2026-01-29 09:29:00,0.1,163.59000000000052,2026-01-29 23:57:00,7.85,0.06060606060606061,-2,0.44319744429678665,0,0,-1.9469532499439866,0.0,-0.1596772182537786,-3.1621184250505876,0.0,1.4124682268045994,0.023178014880285553
2026-01-29,9,550,-1,5529.44,5575.06,5536.97,38.090000000000146,129.433,0.29428352893002674,False,2026-01-29 10:09:00,0.1,151.43999999999997,2026-01-29 23:57:00,8.516666666666667,0.05555555555555555,-2,0.5133140430518124,0,0,-1.9546792549040817,0.0,0.05801473875253429,-3.08145331077141,0.0,1.4124682268045994,0.023178014880285553
2026-01-30,2,130,-1,5366.73,5450.95,5390.08,60.86999999999989,173.88199999999998,0.35006498660010754,True,2026-01-30 03:09:00,0.1,481.07999999999936,2026-01-30 23:56:00,0.9833333333333333,0.5,0,0.3008357217554763,0,0,0.18978387642194133,1.0,0.5233156178842817,-0.7292156907201036,0.06901231869888776,0.4843514567350287,0.0
2026-01-30,3,190,-1,5273.21,5409.72,5291.51,118.21000000000004,173.88199999999998,0.6798288494496271,True,2026-01-30 04:09:00,0.1,387.55999999999983,2026-01-30 23:56:00,1.9833333333333334,0.3333333333333333,2,0.324646320862593,1,1,0.3565636466109201,1.0,-0.0831645104476085,-0.24353642123830915,0.12652258428129423,1.0341495957028315,0.0
2026-01-30,6,420,-1,5184.89,5230.46,5193.67,36.789999999999964,173.88199999999998,0.2115802670776732,True,2026-01-30 07:59:00,0.1,299.2400000000001,2026-01-30 23:56:00,5.816666666666666,0.14814814814814814,3,-0.41316084730822983,0,0,1.2249686569052578,0.14883720930232558,0.2872220273228787,0.21513758518419046,0.0,1.9465499591677131,0.0
2026-01-30,7,450,-1,5157.18,5241.09,5180.04,61.05000000000018,173.88199999999998,0.3511001713805925,True,2026-01-30 08:29:00,0.1,271.5300000000001,2026-01-30 23:56:00,6.316666666666666,0.13793103448275862,3,-0.4960982119250956,0,0,1.2422217365799797,0.12077294685990338,-0.19409216686226305,0.3590444773713227,0.0,1.9465499591677131,0.0
2026-01-30,8,575,-1,5077.81,5205.37,5145.55,59.81999999999971,173.88199999999998,0.3440264087139538,True,2026-01-30 10:34:00,0.1,192.16000000000022,2026-01-30 23:56:00,8.4,0.10526315789473684,4,-0.7227559912466133,0,0,1.4205035598854396,0.0,1.382205795589929,0.7712382714129199,0.20128592953842264,2.1686546048469664,0.0
2026-01-30,9,575,-1,5077.81,5186.52,5118.05,68.47000000000025,173.88199999999998,0.39377278844273855,True,2026-01-30 10:34:00,0.1,192.16000000000022,2026-01-30 23:56:00,8.4,0.10526315789473684,4,-0.7227559912466133,0,0,1.4205035598854396,0.0,1.382205795589929,0.7712382714129199,0.20128592953842264,2.1686546048469664,0.0
2026-01-30,10,615,-1,5028.91,5181.33,5057.6,123.72999999999956,173.88199999999998,0.7115745160511127,True,2026-01-30 11:14:00,0.1,143.25999999999968,2026-01-30 23:56:00,9.066666666666666,0.1,5,-0.5922830770471419,0,0,1.627540515982103,0.0,2.4945108979681385,1.0251916105666852,0.16677977018897874,2.510208072140875,0.0
2026-02-03,2,150,1,4853.84,4830.3,4766.27,64.02999999999975,280.19000000000005,0.22852350190941764,False,2026-02-03 03:29:00,0.1,-87.6699999999997,2026-02-03 04:26:00,2.5,0.0,7,-0.36694991476742367,1,1,0.2926585531246653,0.5051546391752577,-0.767352869141202,-0.6331370282097711,0.0820871551447232,0.6767907491345161,0.18201934401656017
2026-02-03,5,390,1,4839.74,4813.35,4752.04,61.3100000000004,280.19000000000005,0.2188158035618701,False,2026-02-03 07:29:00,0.1,106.61000000000004,2026-02-03 23:57:00,6.5,0.0,8,-0.758115682374987,0,0,0.3426246475605838,0.32,-0.29961665243921426,-0.6798944978604359,0.0,0.6778614511581436,0.18201934401656017
2026-02-03,6,390,1,4839.74,4825.13,4800.97,24.159999999999854,280.19000000000005,0.08622720296941308,False,2026-02-03 07:29:00,0.1,106.61000000000004,2026-02-03 23:57:00,6.5,0.0,8,-0.758115682374987,0,0,0.3426246475605838,0.32,-0.29961665243921426,-0.6798944978604359,0.0,0.6778614511581436,0.18201934401656017
2026-02-03,7,440,1,4856.88,4841.87,4809.22,32.649999999999636,280.19000000000005,0.11652807023805142,False,2026-02-03 08:19:00,0.1,89.46999999999971,2026-02-03 23:57:00,7.333333333333333,0.0,9,-0.8156760079339012,0,0,0.36403868803312034,0.24,-1.277088216537607,-0.6230559851077841,0.0035690067454227483,0.6816445983082899,0.18201934401656017
2026-02-03,8,515,1,4917.89,4893.9,4816.6,77.29999999999927,280.19000000000005,0.27588422142117586,False,2026-02-03 09:34:00,0.1,28.45999999999949,2026-02-03 23:57:00,8.583333333333334,0.0,13,-0.15462479248752814,0,0,0.36403868803312034,0.29473684210526313,-0.6477311625388319,-0.42073873522218175,0.10350119561725969,0.9148434990542128,0.18201934401656017
2026-02-04,2,130,1,5031.5,5016.14,4946.41,69.73000000000047,303.059,0.23008721074114435,True,2026-02-04 03:09:00,0.1,-85.19000000000014,2026-02-04 17:31:00,2.033333333333333,0.0,4,0.17244019572497715,0,0,0.2375775014106164,0.6883116883116883,1.41973660319786,0.053219096007615214,0.049495312793878414,0.42546170877617756,0.03299687519591894
2026-02-04,3,280,1,5070.44,5053.43,4985.33,68.10000000000036,303.059,0.2247087200842092,True,2026-02-04 05:39:00,0.1,-85.20999999999967,2026-02-04 16:38:00,4.533333333333333,0.0,7,-0.3147062018871479,1,1,0.36626531467470025,0.24742268041237114,-0.5648969970340928,0.18426803662961036,0.01649843759795947,0.5291378906417551,0.03299687519591894
2026-02-04,9,685,-1,5042.78,5091.44,5062.28,29.159999999999854,303.059,0.09621888807129916,False,2026-02-04 12:24:00,0.1,77.47999999999993,2026-02-04 23:57:00,2.4,0.8,-18,0.95004354459272,0,0,-0.48505406538000845,0.0,-0.5656105073236843,-0.09118088466236834,0.0,0.5975074160477,0.0
2026-02-04,10,635,-1,5050.85,5091.85,5069.06,22.789999999999964,303.059,0.07519987857149915,False,2026-02-04 11:34:00,0.1,85.55000000000055,2026-02-04 23:57:00,1.5666666666666667,0.8571428571428571,-18,0.8647560910670411,0,0,-0.47845469034082466,0.0,-0.53429537296628,-0.11833971750313858,0.0,0.5975074160477,0.0
2026-02-05,2,135,-1,4967.39,5020.54,4997.24,23.300000000000182,313.55300000000005,0.07430960635044212,False,2026-02-05 03:14:00,0.1,190.74000000000015,2026-02-05 23:57:00,1.5,0.375,-3,0.8082638954652088,0,0,0.012757013965741037,1.0,1.8124793573974676,0.08099845785677177,0.0,0.1857421233411888,0.0
2026-02-05,3,195,-1,4915.12,5012.09,4936.1,75.98999999999978,313.55300000000005,0.24235137281416466,False,2026-02-05 04:14:00,0.1,138.46999999999971,2026-02-05 23:57:00,2.5,0.25,-1,0.560506904595042,1,1,0.06378506982870519,1.0,2.066647446860579,0.26686277652828894,0.06697432332014044,0.37645948212901786,0.0
2026-02-05,5,415,1,4905.44,4887.89,4789.89,98.0,313.55300000000005,0.3125468421606554,True,2026-02-05 07:54:00,0.1,-115.64999999999927,2026-02-05 23:33:00,2.9166666666666665,0.5925925925925926,-2,0.2939330640291682,1,0,-0.36995340500649004,0.2206896551724138,-0.7200745167350967,-0.3012834117825519,0.0,0.7460620692514482,0.05102805586296415
2026-02-05,6,395,-1,4841.5,4891.21,4863.54,27.670000000000073,313.55300000000005,0.08824664410801386,False,2026-02-05 07:34:00,0.1,-49.81000000000004,2026-02-05 07:45:00,5.833333333333333,0.11538461538461539,2,-0.24871543824479758,1,1,0.4146029538865837,0.16149068322981366,0.41968486102256036,0.5286445086996484,0.0,0.7460620692514482,0.0
2026-02-05,7,450,1,4929.62,4906.53,4826.84,79.6899999999996,313.55300000000005,0.25415161073247455,True,2026-02-05 08:29:00,0.1,-102.87999999999974,2026-02-05 14:19:00,3.5,0.5517241379310345,-2,0.3155246367804654,1,0,-0.37952116548079584,0.19148936170212766,-0.31401650858220914,-0.21530294066188418,0.0,0.7460620692514482,0.05102805586296415
2026-02-05,8,660,-1,4855.08,4934.01,4878.34,55.67000000000007,313.55300000000005,0.1775457418682011,False,2026-02-05 11:59:00,0.1,78.42999999999975,2026-02-05 23:57:00,10.25,0.06976744186046512,2,-0.3894063205282977,1,1,0.39546743293797215,0.02912621359223301,0.7267405070885389,0.48035605552269856,0.0,0.7460620692514482,0.0
2026-02-05,9,610,-1,4879.52,4940.74,4895.99,44.75,313.55300000000005,0.14271909374172784,False,2026-02-05 11:09:00,0.1,102.87000000000026,2026-02-05 23:57:00,9.416666666666666,0.075,2,-0.26720092298868625,1,0,0.40184593992084267,0.04504504504504504,0.46332141907993785,0.3934510632071842,0.0,0.7460620692514482,0.0
2026-02-05,10,605,-1,4883.98,4943.52,4901.29,42.23000000000047,313.55300000000005,0.1346821749433125,False,2026-02-05 11:04:00,0.1,107.32999999999939,2026-02-05 23:57:00,9.333333333333334,0.075,2,-0.2589139892361124,1,0,0.4050351934122779,0.04424778761061947,0.041367871362584505,0.3775919688648311,0.0,0.7460620692514482,0.0
2026-02-06,2,190,1,4790.02,4764.54,4655.22,109.31999999999971,323.117,0.33832945960750965,False,2026-02-06 04:09:00,0.1,175.8899999999998,2026-02-06 23:56:00,1.8833333333333333,0.4166666666666667,-5,-0.31028920179787167,0,0,-0.3868567732431286,0.0,-0.7902136977441195,-0.5131381436472282,0.0,0.42962765809288805,0.07737135464862573
2026-02-06,3,210,1,4820.47,4784.74,4693.79,90.94999999999982,323.117,0.2814769882116998,False,2026-02-06 04:29:00,0.1,145.43999999999997,2026-02-06 23:56:00,2.216666666666667,0.38461538461538464,-3,-0.013047211357765098,0,0,-0.3744773564993485,0.0,-0.22075102934737953,-0.3521650496381887,0.0742765004626807,0.5151075307086894,0.07737135464862573
2026-02-06,4,405,1,4865.99,4846.5,4761.33,85.17000000000007,323.117,0.26358873101693836,False,2026-02-06 07:44:00,0.1,99.92000000000044,2026-02-06 23:56:00,5.466666666666667,0.19230769230769232,0,-0.06108494139099929,1,1,-0.1733118344129216,0.45185185185185184,0.05673286334685723,-0.1115248118946271,0.04023310441728538,0.6690765264594546,0.07737135464862573
2026-02-06,5,400,1,4858.27,4839.43,4801.2,38.23000000000047,323.117,0.11831627552867992,False,2026-02-06 07:39:00,0.1,107.63999999999979,2026-02-06 23:56:00,5.383333333333334,0.19230769230769232,0,-0.0865590944264053,1,1,-0.1918809595285918,0.4015748031496063,-0.5432356696628297,-0.15233638121317186,0.018569125115670174,0.6384065214767398,0.07737135464862573
2026-02-06,6,390,1,4852.22,4831.86,4807.25,24.609999999999673,323.117,0.07616436151610616,False,2026-02-06 07:29:00,0.1,113.68999999999997,2026-02-06 23:56:00,5.216666666666667,0.2,-1,-0.09554473003498243,1,1,-0.20426037627237192,0.36134453781512604,-0.009779305997578416,-0.18431954110659465,0.018569125115670174,0.6102433483846389,0.07737135464862573
2026-02-06,9,575,1,4880.09,4861.83,4838.6,23.229999999999563,323.117,0.07189346273950167,False,2026-02-06 10:34:00,0.1,85.82000000000008,2026-02-06 23:56:00,8.3,0.13157894736842105,2,-0.2135711739525139,1,1,-0.105225042322131,0.6,-1.1260606487217368,-0.03698554668846847,0.0,0.7673071983213491,0.07737135464862573
2026-02-11,9,705,1,5100.02,5069.34,5049.09,20.25,336.383,0.06019923717904888,False,2026-02-11 12:44:00,0.1,-51.03000000000029,2026-02-11 15:30:00,11.75,0.0,12,0.9254402789788244,0,0,0.05053763121204104,0.4782608695652174,4.258404093343876,1.6900537186495774,0.07134724406405794,0.2231385058103424,0.008918405508007243
2026-02-11,10,705,1,5100.02,5060.51,5045.96,14.550000000000182,336.383,0.043254266713835664,False,2026-02-11 12:44:00,0.1,-54.1600000000004,2026-02-11 15:30:00,11.75,0.0,12,0.9254402789788244,0,0,0.05053763121204104,0.4782608695652174,4.258404093343876,1.6900537186495774,0.07134724406405794,0.2231385058103424,0.008918405508007243
2026-02-13,2,130,1,4963.34,4948.56,4913.69,34.8700000000008,292.91700000000003,0.11904396125865278,False,2026-02-13 03:09:00,0.1,79.87000000000026,2026-02-13 23:56:00,2.1,0.0,2,-0.10792551772596697,0,0,-0.3345657643632838,0.0,1.2529930518377108,-0.17364072495061553,0.05120904556580874,0.2588787950170182,0.06145085467897049
2026-02-13,8,550,1,4986.22,4968.78,4946.22,22.55999999999949,292.91700000000003,0.07701840453097461,False,2026-02-13 10:09:00,0.1,-40.1,2026-02-13 13:00:00,9.1,0.0,8,-0.7043468207346705,0,0,-0.20825011863428888,0.7755102040816326,-0.12132069737644953,0.054728781496261585,0.0,0.3726311549005368,0.06145085467897049
2026-02-17,8,545,1,4925.98,4914.33,4886.84,27.48999999999978,193.079,0.14237695451084675,False,2026-02-17 10:04:00,0.1,-39.23999999999942,2026-02-17 15:57:00,2.55,0.7222222222222222,-7,-0.1399345713411242,1,0,-0.3159328564991532,0.0,-0.44755131904709283,-1.9325289994158843,0.0,0.7336893188798407,0.07250918018013351
2026-02-17,9,675,1,4936.28,4922.21,4904.04,18.170000000000073,193.079,0.09410655741950223,False,2026-02-17 12:14:00,0.1,-32.33999999999978,2026-02-17 15:56:00,4.716666666666667,0.5909090909090909,-7,-0.0017071935568024887,0,0,-0.3418289922777723,0.0,0.23102352957692066,-1.7164300829132708,0.0,0.7336893188798407,0.07250918018013351
2026-02-18,2,185,1,4895.8,4882.65,4858.44,24.210000000000036,175.39800000000005,0.13802893989669227,False,2026-02-18 04:04:00,0.1,80.4599999999995,2026-02-18 23:57:00,2.2,0.25,5,-0.021386952124424118,0,0,-0.10262374713508703,1.0,-0.7913794777916993,-1.459045429986738,0.017103957855847837,0.24418750498865388,0.02280527714113045
2026-02-18,3,215,1,4905.15,4892.74,4874.57,18.170000000000073,175.39800000000005,0.10359297141358549,False,2026-02-18 04:34:00,0.1,71.11000000000004,2026-02-18 23:57:00,2.7,0.21428571428571427,7,0.2727366149293152,0,0,-0.10262374713508703,1.0,-1.7649171922256774,-1.3159249921741418,0.017103957855847837,0.2917365078279117,0.02280527714113045
2026-02-18,4,265,1,4919.05,4907.41,4886.64,20.769999999999527,175.39800000000005,0.11841640155531717,False,2026-02-18 05:24:00,0.1,57.20999999999949,2026-02-18 23:57:00,3.533333333333333,0.17647058823529413,10,0.5428354075357258,0,0,-0.11402638570565225,1.0,-1.0975605326836926,-1.1031577102922938,0.05131187356754351,0.3722391361361016,0.02280527714113045
2026-02-18,5,330,1,4933.17,4922.16,4904.33,17.829999999999927,175.39800000000005,0.10165452285658858,False,2026-02-18 06:29:00,0.1,43.0899999999996,2026-02-18 23:57:00,4.616666666666666,0.14285714285714285,14,0.607561724340546,1,1,-0.10832506642036964,0.975609756097561,-0.5778562188848412,-0.8870228886972179,0.05131187356754351,0.45165851378009003,0.02280527714113045
2026-02-19,9,640,-1,4999.95,5021.72,5008.96,12.760000000000218,167.304,0.07626834983025044,False,2026-02-19 11:39:00,0.1,-21.870000000000438,2026-02-19 17:34:00,0.8666666666666667,0.9285714285714286,-10,-0.38879284500263017,1,0,-0.20322287572323436,0.8372093023255814,1.1693945067584635,-0.5584062889321261,0.0,0.36604026203797096,0.0
2026-02-19,10,660,-1,4995.81,5021.93,5006.48,15.450000000000728,167.304,0.09234686558600348,False,2026-02-19 11:59:00,0.1,-26.219999999999892,2026-02-19 17:34:00,1.2,0.9069767441860465,-10,-0.3407770409224822,1,0,-0.20322287572323436,0.8372093023255814,0.47252383491329514,-0.4873392998696686,0.0,0.36604026203797096,0.0
2026-02-20,3,285,-1,4987.38,5014.81,4995.43,19.38000000000011,147.06000000000003,0.13178294573643481,False,2026-02-20 05:44:00,0.1,-27.530000000000292,2026-02-20 08:01:00,2.533333333333333,0.4444444444444444,3,-0.25693465120658343,0,0,-0.08159934720522234,0.8666666666666667,1.869672820913382,-0.5947646466349619,0.0,0.22473820209438444,0.0067999456004351954
2026-02-20,9,610,1,5039.16,5028.19,5006.14,22.049999999999272,147.06000000000003,0.1499388004895911,True,2026-02-20 11:09:00,0.1,-33.11999999999953,2026-02-20 17:06:00,5.466666666666667,0.45,2,0.5440582127789821,0,0,0.10199918400652792,0.5925925925925926,0.4524732019681473,1.6967899956308568,0.06119951040391675,0.39031687746497773,0.027199782401740782
2026-02-20,10,610,1,5039.16,5030.9,5005.1,25.799999999999272,147.06000000000003,0.1754385964912231,True,2026-02-20 11:09:00,0.1,-34.15999999999949,2026-02-20 17:06:00,5.466666666666667,0.45,2,0.5440582127789821,0,0,0.10199918400652792,0.5925925925925926,0.4524732019681473,1.6967899956308568,0.06119951040391675,0.39031687746497773,0.027199782401740782
2026-02-24,2,130,-1,5207.9,5238.21,5218.03,20.18000000000029,129.77000000000007,0.15550589504508192,False,2026-02-24 03:09:00,0.1,62.93999999999996,2026-02-24 23:57:00,1.9166666666666667,0.125,1,0.7307831132368898,0,0,-0.6087693611774675,0.0,1.7453218368953844,-2.0694578860212274,0.0847653540880018,0.41026431378592704,0.0
2026-02-24,5,305,-1,5164.13,5191.86,5171.25,20.609999999999673,129.77000000000007,0.15881944979578996,False,2026-02-24 06:04:00,0.1,19.170000000000435,2026-02-24 23:57:00,4.833333333333333,0.05,2,-0.22547293165502363,1,1,-0.30823765122909746,0.391304347826087,-0.43928046492520295,-1.6238619960504919,0.0,0.8038067349926821,0.0
2026-02-25,2,130,1,5168.86,5156.37,5137.17,19.199999999999818,136.28600000000006,0.1408802077983051,False,2026-02-25 03:09:00,0.1,0.21000000000040017,2026-02-25 23:57:00,2.15,0.0,5,0.30620146504139356,0,0,-0.1320751948109123,0.7391304347826086,1.8908339825059504,1.0373289935164614,0.08805012987394152,0.3706176716610671,0.051362575759799224
2026-02-25,4,405,1,5203.08,5193.91,5166.64,27.269999999999527,136.28600000000006,0.20009392013852864,False,2026-02-25 07:44:00,0.1,-36.5399999999996,2026-02-25 13:10:00,6.733333333333333,0.0,10,-0.43298678595987633,0,0,0.11006266234242691,0.6491228070175439,-0.03838710859136015,1.388621660517255,0.051362575759799224,0.6057115184244908,0.051362575759799224
2026-02-25,5,395,1,5197.52,5190.15,5178.38,11.769999999999527,136.28600000000006,0.08636250238468751,False,2026-02-25 07:34:00,0.1,-19.24000000000033,2026-02-25 11:03:00,6.566666666666666,0.0,10,-0.45365263666124295,0,0,0.08805012987394152,0.7254901960784313,-0.7646597749035542,1.3315443014136834,0.007337510822828461,0.5718855935312472,0.051362575759799224
2026-02-25,6,380,1,5192.56,5185.23,5172.93,12.299999999999272,136.28600000000006,0.09025138312078472,False,2026-02-25 07:19:00,0.1,-19.73000000000011,2026-02-25 12:25:00,6.316666666666666,0.0,9,-0.44431424614191783,0,0,0.07337510822828461,0.7872340425531915,-0.8551238271266517,1.2806263695514994,0.0,0.5374726677721847,0.051362575759799224
2026-02-26,4,385,1,5202.86,5195.65,5174.3,21.349999999999454,135.8800000000001,0.15712393288195053,True,2026-02-26 07:24:00,0.1,-28.659999999999492,2026-02-26 10:33:00,5.416666666666667,0.16,6,-0.4598695545213221,0,0,0.0073594347954077065,1.0,-0.7959505009255753,1.1098999899305502,0.02207830438622312,0.3500147188695868,0.029437739181630826
2026-02-26,6,530,-1,5181.92,5199.27,5190.47,8.800000000000182,135.8800000000001,0.06476302619958915,False,2026-02-26 09:49:00,0.1,-17.450000000000365,2026-02-26 22:38:00,2.4166666666666665,0.7142857142857143,-6,0.6058226483108121,0,0,-0.029437739181630826,1.0,-0.9826237711265261,-0.8545659651586602,0.0,0.36664704150720984,0.014718869590815413
2026-02-26,7,530,-1,5181.92,5205.5,5190.21,15.289999999999964,135.8800000000001,0.11252575802178356,False,2026-02-26 09:49:00,0.1,-3.0799999999995635,2026-02-26 23:57:00,2.4166666666666665,0.7142857142857143,-6,0.6058226483108121,0,0,-0.029437739181630826,1.0,-0.9826237711265261,-0.8545659651586602,0.0,0.36664704150720984,0.014718869590815413
2026-02-26,8,530,-1,5181.92,5199.62,5190.47,9.149999999999636,135.8800000000001,0.06733882837797783,False,2026-02-26 09:49:00,0.1,-17.79999999999982,2026-02-26 22:45:00,2.4166666666666665,0.7142857142857143,-6,0.6058226483108121,0,0,-0.029437739181630826,1.0,-0.9826237711265261,-0.8545659651586602,0.0,0.36664704150720984,0.014718869590815413
2026-02-26,9,705,-1,5172.14,5194.81,5179.73,15.080000000000837,135.8800000000001,0.11098027671475437,False,2026-02-26 12:44:00,0.1,-22.770000000000074,2026-02-26 22:05:00,5.333333333333333,0.5434782608695652,-6,0.4034970325961047,0,0,-0.014718869590815413,1.0,-0.44085081484068656,-0.7353125381162025,0.0,0.36664704150720984,0.014718869590815413
2026-02-27,7,565,-1,5174.98,5200.49,5181.5,18.98999999999978,121.25300000000007,0.15661468169859524,False,2026-02-27 10:24:00,0.1,-25.61000000000022,2026-02-27 15:07:00,2.45,0.7297297297297297,-1,-0.03257191699074052,0,0,-0.016494437251037077,1.0,-0.768314978346194,-0.4879414249928773,0.0,0.2759519352098506,0.008247218625518539
2026-02-27,8,500,-1,5177.81,5199.25,5185.2,14.050000000000182,121.25300000000007,0.11587342168853697,False,2026-02-27 09:19:00,0.1,-21.5399999999996,2026-02-27 15:07:00,1.3666666666666667,0.8181818181818182,-1,0.12173618313216619,0,0,-0.06597774900414831,0.9333333333333333,-0.7226734242353067,-0.533980530956439,0.0,0.2759519352098506,0.008247218625518539
2026-03-03,2,130,1,5368.34,5362.06,5337.03,25.030000000000655,124.13199999999998,0.2016401894757247,True,2026-03-03 03:09:00,0.1,-31.4100000000004,2026-03-03 04:00:00,2.1666666666666665,0.0,4,-0.08817439889243711,0,0,0.032223761801952765,1.0,1.2331351157027965,1.694747217056135,0.04833564270292915,0.456771823542679,0.11278316630683469
2026-03-03,4,410,-1,5326.4,5368.11,5333.06,35.04999999999927,124.13199999999998,0.28236071278960523,False,2026-03-03 07:49:00,0.1,235.98999999999924,2026-03-03 23:57:00,4.416666666666667,0.3333333333333333,-5,0.37824863072406567,0,0,-0.12083910675732287,1.0,1.450155723261406,-1.1813084424074558,0.0,0.5194470402474824,0.008055940450488191
2026-03-03,5,395,-1,5348.6,5373.54,5359.42,14.11999999999989,124.13199999999998,0.11374987916089238,False,2026-03-03 07:34:00,0.1,258.18999999999994,2026-03-03 23:57:00,4.166666666666667,0.34615384615384615,-5,0.5251554164637544,0,0,-0.12889504720781106,1.0,0.509581450062789,-1.4530857623216407,0.0,0.5194470402474824,0.008055940450488191
2026-03-03,6,395,-1,5348.6,5375.65,5359.43,16.219999999999345,124.13199999999998,0.13066735410691319,False,2026-03-03 07:34:00,0.1,258.18999999999994,2026-03-03 23:57:00,4.166666666666667,0.34615384615384615,-5,0.5251554164637544,0,0,-0.12889504720781106,1.0,0.509581450062789,-1.4530857623216407,0.0,0.5194470402474824,0.008055940450488191
2026-03-03,7,435,-1,5289.91,5367.23,5305.16,62.06999999999971,124.13199999999998,0.5000322237617997,False,2026-03-03 08:14:00,0.1,199.49999999999946,2026-03-03 23:57:00,4.833333333333333,0.32142857142857145,-3,1.0132876544573912,0,0,-0.0966712854058583,1.0,2.83260942460458,-0.734589775575554,0.12889504720781106,0.8078497083749612,0.008055940450488191
2026-03-03,8,535,1,5329.78,5323.04,5279.61,43.43000000000029,124.13199999999998,0.3498694937647045,True,2026-03-03 09:54:00,0.1,-50.270000000000074,2026-03-03 11:25:00,1.6833333333333333,0.8,3,-0.4074319359004991,1,0,0.04833564270292915,1.0,-0.9425715339149927,1.2226871514754714,0.0,0.8078497083749612,0.07250346405439373
2026-03-03,9,600,-1,5295.78,5331.18,5306.08,25.100000000000364,124.13199999999998,0.20220410530725655,False,2026-03-03 10:59:00,0.1,205.36999999999935,2026-03-03 23:57:00,7.583333333333333,0.23076923076923078,-3,0.21136815612208698,0,0,-0.016111880900976382,1.0,0.518926964699011,-0.8064516164717785,0.0,0.8078497083749612,0.008055940450488191
2026-03-03,10,630,-1,5241.82,5335.98,5290.34,45.63999999999942,124.13199999999998,0.36767312216027637,False,2026-03-03 11:29:00,0.1,151.40999999999931,2026-03-03 23:57:00,8.083333333333334,0.21951219512195122,-2,0.695576625687096,0,0,0.016111880900976382,1.0,4.596690938575797,-0.145861337977682,0.3061257371185513,1.235781265104893,0.008055940450488191
2026-03-04,2,125,1,5154.72,5140.37,5106.03,34.340000000000146,146.6419999999999,0.23417574773939367,False,2026-03-04 03:04:00,0.1,-15.570000000000254,2026-03-04 23:57:00,2.05,0.0,6,-0.11902607156482899,0,0,-0.25913449080072576,1.0,0.45392247776378186,-0.7830221081810508,0.09547060187395158,0.5022435591440357,0.15002523151620964
2026-03-04,3,195,1,5189.85,5178.64,5138.7,39.94000000000051,146.6419999999999,0.2723639884889768,False,2026-03-04 04:14:00,0.1,-51.25000000000055,2026-03-04 08:06:00,3.216666666666667,0.0,9,0.108917355854148,1,1,-0.19776053245318542,1.0,0.7173246311421718,-0.40920642229080345,0.10228993057923384,0.7227806494728648,0.15002523151620964
2026-03-04,4,245,-1,5143.08,5190.74,5154.14,36.599999999999454,146.6419999999999,0.24958743061332686,True,2026-03-04 05:04:00,0.1,-47.759999999999856,2026-03-04 12:08:00,0.8666666666666667,0.75,-9,0.22615191439132776,1,0,0.14320590281092738,1.0,0.038585396378575214,0.9068824720797867,0.0,0.7227806494728648,0.006819328705282257
2026-03-04,6,425,-1,5141.79,5180.89,5152.18,28.710000000000036,146.6419999999999,0.19578292712865383,True,2026-03-04 08:04:00,0.1,-39.200000000000365,2026-03-04 10:49:00,3.8666666666666667,0.42857142857142855,-9,0.8009592402183305,0,0,-0.006819328705282257,1.0,0.32812602684657344,0.9206092649860891,0.0,0.7227806494728648,0.006819328705282257
2026-03-04,8,490,1,5174.98,5160.8,5122.4,38.400000000000546,146.6419999999999,0.26186222228284234,False,2026-03-04 09:09:00,0.1,-52.67999999999993,2026-03-04 19:23:00,8.133333333333333,0.0,9,-0.7131647641246942,0,0,-0.03409664352641128,1.0,-0.11052141095885124,-0.5674369730789691,0.0,0.7227806494728648,0.15002523151620964
2026-03-04,10,670,1,5194.9,5182.13,5147.74,34.39000000000033,146.6419999999999,0.23451671417465902,False,2026-03-04 12:09:00,0.1,-47.259999999999856,2026-03-04 16:48:00,11.133333333333333,0.0,10,-0.9111718929948566,0,0,0.0,1.0,-0.630868769856474,-0.3554697523862924,0.027277314821129026,0.7511490568868381,0.15002523151620964
2026-03-05,2,235,1,5187.75,5179.86,5159.5,20.359999999999673,143.11499999999995,0.14226321489710847,True,2026-03-05 04:54:00,0.1,-28.35,2026-03-05 07:51:00,3.683333333333333,0.0,7,-0.7392815293481874,0,0,0.15372253083184856,0.6666666666666666,1.8991573280902285,-0.3484788463057729,0.0,0.31506131432763973,0.013974775530168052
2026-03-05,4,415,-1,5158.06,5192.49,5171.68,20.80999999999949,143.11499999999995,0.145407539391395,False,2026-03-05 07:54:00,0.1,74.66000000000022,2026-03-05 23:57:00,2.8333333333333335,0.5925925925925926,-8,0.6630100359852502,0,0,-0.16769730636201663,0.5714285714285714,0.972038431340903,0.6598478907080987,0.0,0.3495091360094997,0.013974775530168052
2026-03-05,5,350,-1,5170.04,5194.94,5178.46,16.479999999999563,143.11499999999995,0.11515215036858169,False,2026-03-05 06:49:00,0.1,86.63999999999979,2026-03-05 23:57:00,1.75,0.6956521739130435,-8,0.8644002809208362,0,0,-0.16769730636201663,0.5714285714285714,-1.358102420357455,0.5342095898680927,0.0,0.3495091360094997,0.013974775530168052
2026-03-05,6,415,-1,5158.06,5186.68,5166.4,20.280000000000655,143.11499999999995,0.1417042238759086,False,2026-03-05 07:54:00,0.1,74.66000000000022,2026-03-05 23:57:00,2.8333333333333335,0.5925925925925926,-8,0.6630100359852502,0,0,-0.16769730636201663,0.5714285714285714,0.972038431340903,0.6598478907080987,0.0,0.3495091360094997,0.013974775530168052
2026-03-05,7,430,-1,5139.71,5176.88,5148.37,28.51000000000022,143.11499999999995,0.19921042518254709,False,2026-03-05 08:09:00,0.1,-37.270000000000074,2026-03-05 11:08:00,3.0833333333333335,0.5714285714285714,-7,0.7476754515946746,0,0,-0.16769730636201663,0.56,2.8047271513604963,0.8522905301416747,0.03493693882542013,0.43049296020682454,0.013974775530168052
2026-03-05,8,610,1,5176.58,5168.85,5120.84,48.01000000000022,143.11499999999995,0.3354644866016856,True,2026-03-05 11:09:00,0.1,-55.83999999999978,2026-03-05 15:20:00,2.966666666666667,0.7,7,-0.548101479505489,0,0,0.11878559200642844,0.7428571428571429,1.1699161806246923,-0.4656224039337301,0.0,0.5177654333927225,0.027949551060336104
2026-03-05,9,550,-1,5148.8,5172.69,5159.02,13.669999999999163,143.11499999999995,0.09551759074869279,False,2026-03-05 10:09:00,0.1,-23.98999999999942,2026-03-05 11:06:00,5.083333333333333,0.4444444444444444,-7,0.6828234905244855,0,0,-0.12577297977151247,0.7272727272727273,0.5887367677871086,0.7569606340952878,0.0,0.5177654333927225,0.013974775530168052
2026-03-05,10,615,1,5179.55,5170.19,5137.63,32.55999999999949,143.11499999999995,0.22750934563113231,True,2026-03-05 11:14:00,0.1,-42.020000000000074,2026-03-05 15:17:00,3.05,0.7,7,-0.548101479505489,0,0,0.11878559200642844,0.7428571428571429,1.1699161806246923,-0.4344750121561956,0.0,0.5177654333927225,0.027949551060336104
2026-03-06,2,160,1,5108.7,5092.32,5074.3,18.019999999999527,151.33999999999986,0.11906964450904944,False,2026-03-06 03:39:00,0.1,-34.49999999999964,2026-03-06 13:55:00,0.6666666666666666,0.8,1,0.1990975090874283,0,0,-0.3634201136513813,0.29411764705882354,2.25276652886893,-1.0090132588925003,0.0462534690101758,0.28280692480507014,0.05286110744020092
2026-03-06,10,660,-1,5085.78,5123.07,5096.39,26.67999999999938,151.33999999999986,0.176291793313066,True,2026-03-06 11:59:00,0.1,-37.389999999999965,2026-03-06 15:31:00,8.05,0.2558139534883721,-2,0.11500076010669057,1,1,0.171798599180653,1.0,0.38463463954156646,1.2363863945956903,0.0,0.510241839566535,0.01321527686005023
2026-03-10,2,225,1,5166.23,5156.07,5135.73,20.340000000000146,154.38799999999983,0.13174599062103381,False,2026-03-10 04:44:00,0.1,26.44000000000087,2026-03-10 23:57:00,3.35,0.07142857142857142,4,0.32321148944963307,0,0,0.22022436976967144,0.30434782608695654,0.008619942697804257,0.2868670738058637,0.0,0.3311138171360465,0.02590874938466723
2026-03-10,3,200,1,5150.74,5141.31,5125.03,16.280000000000655,154.38799999999983,0.10544860999559987,False,2026-03-10 04:19:00,0.1,41.93000000000065,2026-03-10 23:57:00,2.933333333333333,0.07692307692307693,2,-0.10152340647632488,0,0,0.22022436976967144,0.2857142857142857,-0.8530036466773357,0.07571062358777102,0.0,0.24775241599088038,0.02590874938466723
2026-03-10,5,365,-1,5155.62,5187.0,5163.96,23.039999999999964,154.38799999999983,0.149234396455683,True,2026-03-10 07:04:00,0.1,-31.48000000000011,2026-03-10 11:30:00,2.066666666666667,0.6666666666666666,-6,-0.2452809074426541,0,0,-0.2655646811928391,0.21951219512195122,-1.3706762554548284,-0.14223376607094274,0.0,0.4480918206078216,0.006477187346166808
2026-03-10,7,475,1,5175.57,5166.58,5154.41,12.170000000000073,154.38799999999983,0.07882737000285052,False,2026-03-10 08:54:00,0.1,17.100000000000726,2026-03-10 23:57:00,7.516666666666667,0.03225806451612903,6,-0.0165461154446132,1,1,0.3562453040391744,0.0,-0.4624910376289612,0.4141880063453759,0.0,0.4480918206078216,0.02590874938466723
2026-03-10,8,640,1,5190.64,5179.31,5163.89,15.420000000000073,154.38799999999983,0.09987822887789265,False,2026-03-10 11:39:00,0.1,-26.85,2026-03-10 13:37:00,10.266666666666667,0.023809523809523808,7,-0.3202423464332553,1,1,0.3756768660776748,0.0,-0.6345453785583479,0.6196191041366497,0.01943156203850042,0.4716687825478709,0.02590874938466723
2026-03-10,10,640,1,5190.64,5181.33,5158.63,22.699999999999818,154.38799999999983,0.14703215275798534,False,2026-03-10 11:39:00,0.1,-32.11000000000022,2026-03-10 13:37:00,10.266666666666667,0.023809523809523808,7,-0.3202423464332553,1,1,0.3756768660776748,0.0,-0.6345453785583479,0.6196191041366497,0.01943156203850042,0.4716687825478709,0.02590874938466723
2026-03-11,4,250,-1,5197.61,5223.16,5208.62,14.539999999999964,150.86799999999985,0.09637563963199604,False,2026-03-11 05:09:00,0.1,20.309999999999853,2026-03-11 23:57:00,1.1166666666666667,0.75,-5,-0.34666941554155106,1,0,-0.09279635177771306,1.0,0.6564642221313484,-1.5386533442067083,0.0,0.26380677148235687,0.0
2026-03-11,7,575,-1,5191.79,5208.65,5199.57,9.079999999999927,150.86799999999985,0.0601850624386877,False,2026-03-11 10:34:00,0.1,14.490000000000146,2026-03-11 23:57:00,6.533333333333333,0.3157894736842105,-5,-0.19031297565075653,0,0,-0.09942466261897828,1.0,-0.1793495487794956,-1.400136066753513,0.0,0.26380677148235687,0.0
2026-03-11,8,645,-1,5181.66,5208.27,5191.1,17.170000000000073,150.86799999999985,0.11380809714452428,False,2026-03-11 11:44:00,0.1,4.360000000000037,2026-03-11 23:57:00,7.7,0.2857142857142857,-3,-0.12370794515608702,0,0,-0.08616804093644784,1.0,0.6748446097211989,-1.1590398432825586,0.0,0.31564016226104896,0.0
2026-03-11,9,640,-1,5183.56,5210.8,5191.61,19.19000000000051,150.86799999999985,0.12719728504388292,False,2026-03-11 11:39:00,0.1,6.260000000000582,2026-03-11 23:57:00,7.616666666666666,0.2857142857142857,-3,-0.12370794515608702,0,0,-0.08616804093644784,1.0,0.6748446097211989,-1.2042602603205588,0.0,0.31564016226104896,0.0
2026-03-12,2,225,1,5169.88,5157.97,5133.1,24.86999999999989,148.64799999999977,0.1673080027985572,False,2026-03-12 04:44:00,0.1,-36.87999999999975,2026-03-12 18:03:00,1.6333333333333333,0.5714285714285714,-4,0.0116012277274445,0,0,-0.20181906248318207,0.06896551724137931,0.0913184928187863,0.7282850191507726,0.0,0.3900489747591664,0.02690920833109094
2026-03-12,3,225,1,5169.88,5161.6,5125.53,36.07000000000062,148.64799999999977,0.24265378612561672,False,2026-03-12 04:44:00,0.1,-44.450000000000365,2026-03-12 18:11:00,1.6333333333333333,0.5714285714285714,-4,0.0116012277274445,0,0,-0.20181906248318207,0.06896551724137931,0.0913184928187863,0.7282850191507726,0.0,0.3900489747591664,0.02690920833109094
2026-03-12,4,405,-1,5144.05,5172.87,5151.58,21.289999999999964,148.64799999999977,0.1432242613422313,True,2026-03-12 07:44:00,0.1,-28.91999999999971,2026-03-12 10:31:00,6.75,0.0,4,0.056199178841823814,0,0,0.1883644583176366,0.1111111111111111,-0.41178567681214456,-0.1717975278534435,0.0,0.3900489747591664,0.04036381249663641
2026-03-12,6,520,1,5164.68,5155.62,5147.39,8.229999999999563,148.64799999999977,0.055365696141216676,False,2026-03-12 09:39:00,0.1,-17.389999999999965,2026-03-12 16:56:00,6.55,0.23529411764705882,-4,0.1046649834578558,0,0,-0.23545557289704575,0.0,-0.37013319648610576,0.6162550170312984,0.0,0.3900489747591664,0.02690920833109094
2026-03-12,7,520,1,5164.68,5153.97,5140.58,13.390000000000327,148.64799999999977,0.09007857488832913,False,2026-03-12 09:39:00,0.1,-24.200000000000365,2026-03-12 17:38:00,6.55,0.23529411764705882,-4,0.1046649834578558,0,0,-0.23545557289704575,0.0,-0.37013319648610576,0.6162550170312984,0.0,0.3900489747591664,0.02690920833109094
2026-03-12,8,525,1,5168.5,5157.73,5137.26,20.469999999999345,148.64799999999977,0.1377078736343535,False,2026-03-12 09:44:00,0.1,-31.339999999999783,2026-03-12 18:01:00,6.633333333333334,0.23529411764705882,-4,0.08119259557151615,0,0,-0.228728270814273,0.0,0.413856294101424,0.698553980126755,0.0,0.3900489747591664,0.02690920833109094
2026-03-12,9,585,1,5178.76,5170.28,5147.32,22.960000000000036,148.64799999999977,0.15445885582046226,False,2026-03-12 10:44:00,0.1,-31.54000000000051,2026-03-12 16:56:00,7.633333333333334,0.21052631578947367,-4,0.0038213180007110083,0,0,-0.22200096873150027,0.0,0.14823942779422616,0.9195977920009606,0.0,0.3900489747591664,0.02690920833109094
2026-03-13,2,155,1,5109.17,5101.32,5089.01,12.30999999999949,154.8039999999998,0.07951990904627468,False,2026-03-13 03:34:00,0.1,-20.259999999999856,2026-03-13 09:28:00,2.566666666666667,0.0,8,-0.12340086996135716,1,1,-0.43280535386682567,0.0,-1.2018744983347949,-0.6805134378647159,0.019379344202992196,0.2424355959794307,0.05167825120797919
2026-03-13,3,240,1,5124.28,5115.34,5097.42,17.920000000000073,154.8039999999998,0.11575928270587385,False,2026-03-13 04:59:00,0.1,-26.959999999999674,2026-03-13 09:21:00,3.9833333333333334,0.0,12,-0.05861259160263515,1,1,-0.3940466654608413,0.0,2.145003078782774,-0.34427407545015176,0.03229890700498699,0.3309991989871053,0.05167825120797919
2026-03-13,9,560,-1,5078.07,5107.79,5085.86,21.93000000000029,154.8039999999998,0.14166300612387484,True,2026-03-13 10:19:00,0.1,-29.820000000000256,2026-03-13 14:59:00,5.333333333333333,0.43243243243243246,-13,0.2100763992391646,0,0,0.32944885145086733,0.0,2.1817416922227477,1.3725746007431598,0.0,0.3580010852432763,0.025839125603989595
2026-03-17,4,405,1,5039.78,5027.91,4994.87,33.039999999999964,146.44199999999992,0.22561833353819247,True,2026-03-17 07:44:00,0.1,-45.009999999999856,2026-03-17 13:42:00,3.7,0.46153846153846156,1,0.29831626695596536,1,1,0.0341432102812035,0.9259259259259259,0.4030671833002045,-0.9887208796974718,0.0409718523374442,0.31882929760588175,0.0273145682249628
2026-03-17,6,490,-1,5008.38,5033.59,5020.62,12.970000000000255,146.44199999999992,0.08856748746944361,False,2026-03-17 09:09:00,0.1,4.8499999999998185,2026-03-17 23:57:00,0.8833333333333333,0.90625,-3,-0.16832711395575242,0,0,-0.047800494393684896,0.8064516129032258,2.0889915076094567,1.4055370367315543,0.0,0.33945179661572544,0.0204859261687221
2026-03-17,7,485,-1,5018.47,5041.95,5026.32,15.63000000000011,146.44199999999992,0.10673167533904288,False,2026-03-17 09:04:00,0.1,14.939999999999964,2026-03-17 23:57:00,0.8,0.90625,-3,-0.1567225125484054,0,0,-0.047800494393684896,0.8064516129032258,1.4483510870189398,1.2715983416846115,0.0,0.33945179661572544,0.0204859261687221
2026-03-17,8,490,-1,5008.38,5044.58,5020.16,24.420000000000073,146.44199999999992,0.16675543901339837,False,2026-03-17 09:09:00,0.1,4.8499999999998185,2026-03-17 23:57:00,0.8833333333333333,0.90625,-3,-0.16832711395575242,0,0,-0.047800494393684896,0.8064516129032258,2.0889915076094567,1.4055370367315543,0.0,0.33945179661572544,0.0204859261687221
2026-03-17,10,730,-1,5001.62,5028.07,5009.0,19.06999999999971,146.44199999999992,0.13022220401250814,False,2026-03-17 13:09:00,0.1,-26.54999999999982,2026-03-17 16:40:00,4.883333333333334,0.6041666666666666,-3,-0.23757341894345813,0,0,-0.0546291364499256,0.84,2.164595096999728,1.4952719800930359,0.0,0.33945179661572544,0.0204859261687221
2026-03-18,2,130,1,5012.12,5003.84,4998.88,4.960000000000036,115.16299999999993,0.04306938860571572,False,2026-03-18 03:09:00,0.1,-13.339999999999781,2026-03-18 04:01:00,1.4,0.375,-1,0.49327563790110734,0,0,-0.08683344476958751,0.7777777777777778,1.6187192534678227,-0.9439050739236131,0.0521000668617525,0.16394154372498218,0.017366688953917502
2026-03-18,4,400,-1,4983.23,5015.86,4991.39,24.469999999999345,115.16299999999993,0.21248143935117494,True,2026-03-18 07:39:00,0.12,-32.75000000000011,2026-03-18 09:36:00,3.5,0.46153846153846156,4,0.16900186476276835,0,0,0.09551678924654626,0.6,0.41508711210223,1.3300370068918168,0.02605003343087625,0.288113369745486,0.0
2026-03-18,5,400,-1,4983.23,5007.03,4990.59,16.4399999999996,115.16299999999993,0.1427541832011984,True,2026-03-18 07:39:00,0.12,-23.920000000000183,2026-03-18 09:13:00,3.5,0.46153846153846156,4,0.16900186476276835,0,0,0.09551678924654626,0.6,0.41508711210223,1.3300370068918168,0.02605003343087625,0.288113369745486,0.0
2026-03-18,6,495,1,5009.27,4997.68,4986.23,11.450000000000728,115.16299999999993,0.09942429426118402,False,2026-03-18 09:14:00,0.1,-23.140000000000875,2026-03-18 11:21:00,1.5833333333333333,0.8125,-4,-0.1530322499906584,0,0,-0.104200133723505,0.5294117647058824,1.497250352050032,-0.9819970091593057,0.0,0.294799544992748,0.008683344476958751
2026-03-18,7,475,1,5000.91,4993.59,4981.91,11.680000000000291,115.16299999999993,0.10142146349088074,False,2026-03-18 08:54:00,0.12,-19.12,2026-03-18 11:45:00,1.25,0.8387096774193549,-4,-0.11858489876351605,0,0,-0.12156682267742251,0.4117647058823529,-0.5933681345270345,-1.0937333525173663,0.0,0.294799544992748,0.008683344476958751
2026-03-18,8,495,1,5009.27,5002.62,4984.75,17.86999999999989,115.16299999999993,0.15517136580325194,False,2026-03-18 09:14:00,0.1,-24.620000000000438,2026-03-18 11:21:00,1.5833333333333333,0.8125,-4,-0.1530322499906584,0,0,-0.104200133723505,0.5294117647058824,1.497250352050032,-0.9819970091593057,0.0,0.294799544992748,0.008683344476958751
2026-03-18,9,625,-1,4985.44,5016.35,4996.43,19.920000000000073,115.16299999999993,0.17297222198101894,True,2026-03-18 11:24:00,0.1,166.69999999999928,2026-03-18 23:57:00,1.8166666666666667,0.8292682926829268,3,0.08458299625923628,0,0,0.09551678924654626,0.5789473684210527,1.349864595569565,1.3004990500950104,0.0,0.2990543837864638,0.008683344476958751
2026-03-18,10,750,-1,4982.54,5014.87,4990.42,24.449999999999818,115.16299999999993,0.21230777246163987,True,2026-03-18 13:29:00,0.1,163.79999999999964,2026-03-18 23:57:00,3.9,0.6938775510204082,4,-0.04607872045434497,0,0,0.12156682267742251,0.42857142857142855,0.8269122529807442,1.339259264896244,0.0,0.33726109948507915,0.008683344476958751
2026-03-19,2,220,1,4862.25,4842.61,4828.31,14.299999999999272,123.96499999999996,0.115355140563863,False,2026-03-19 04:39:00,0.12,-34.0599999999996,2026-03-19 08:56:00,3.316666666666667,0.07142857142857142,6,-0.35866801958626815,0,0,-0.8712136490138348,0.0,1.0870762245231516,-1.9911929547133753,0.07260113741781957,0.46496995119590484,0.032267172185697586
2026-03-19,3,220,1,4862.25,4848.79,4835.33,13.460000000000036,123.96499999999996,0.10857903440487267,False,2026-03-19 04:39:00,0.12,-27.040000000000074,2026-03-19 08:39:00,3.316666666666667,0.07142857142857142,6,-0.35866801958626815,0,0,-0.8712136490138348,0.0,1.0870762245231516,-1.9911929547133753,0.07260113741781957,0.46496995119590484,0.032267172185697586
2026-03-19,5,460,-1,4832.98,4862.03,4841.8,20.229999999999563,123.96499999999996,0.16319122332916203,True,2026-03-19 08:39:00,0.1,175.18999999999997,2026-03-19 23:57:00,3.9833333333333334,0.4666666666666667,-6,0.535802856074962,0,0,0.7905457185495909,0.0,0.5791909014502947,2.339277658784805,0.0,0.5052232484975608,0.008066793046424396
2026-03-19,6,455,-1,4840.78,4866.15,4850.86,15.289999999999964,123.96499999999996,0.12334126567982873,True,2026-03-19 08:34:00,0.1,182.99000000000015,2026-03-19 23:57:00,3.9,0.4666666666666667,-6,0.5595769873516135,0,0,0.7905457185495909,0.0,-0.6141826772823769,2.246518496100925,0.0,0.5052232484975608,0.008066793046424396
2026-03-19,8,505,-1,4819.57,4853.85,4827.09,26.76000000000022,123.96499999999996,0.2158673819223186,True,2026-03-19 09:24:00,0.1,161.78000000000011,2026-03-19 23:57:00,4.733333333333333,0.42424242424242425,-6,0.34048182007644495,0,0,0.8147460976888641,0.0,1.0893155844725384,2.498752065399009,0.0,0.5052232484975608,0.008066793046424396
2026-03-19,9,585,-1,4739.84,4842.25,4747.88,94.36999999999989,123.96499999999996,0.7612632597910695,True,2026-03-19 10:44:00,0.1,82.05000000000055,2026-03-19 23:57:00,6.066666666666666,0.3684210526315789,-3,0.8518206341631961,0,0,0.8631468559674105,0.0,2.361367376285195,3.4469171988330545,0.18553624006776112,1.0594925987173813,0.008066793046424396
2026-03-19,10,610,-1,4715.07,4784.34,4727.51,56.82999999999993,123.96499999999996,0.45843584882829785,True,2026-03-19 11:09:00,0.1,57.28000000000011,2026-03-19 23:57:00,6.483333333333333,0.35,-1,0.7632077264354782,0,0,0.9438147864316544,0.0,1.2469560198738054,3.741487001356093,0.2178034122534587,1.2366393740168615,0.008066793046424396
2026-03-20,2,130,1,4657.02,4647.9,4634.27,13.6299999999992,146.04300000000003,0.0933286771704169,False,2026-03-20 03:09:00,0.12,-22.87,2026-03-20 16:51:00,0.5,0.75,-2,0.4848775488089637,0,0,0.07532028238258594,1.0,0.1818691690827916,-1.4198169777437084,0.0,0.29333826338817487,0.006847298398416903
2026-03-20,3,215,1,4676.71,4665.08,4642.2,22.88000000000011,146.04300000000003,0.15666618735577947,False,2026-03-20 04:34:00,0.11,-34.62000000000022,2026-03-20 13:56:00,1.9166666666666667,0.42857142857142855,-1,0.2905848749970084,0,0,0.10955677437467044,1.0,-0.22925241129834573,-1.3038137611608143,0.0,0.31559198318302983,0.006847298398416903
2026-03-20,4,305,1,4707.26,4699.5,4639.23,60.27000000000044,146.04300000000003,0.4126866744725897,False,2026-03-20 06:04:00,0.12,-68.15000000000066,2026-03-20 13:56:00,3.4166666666666665,0.3,3,0.3723977830670845,0,0,0.15064056476517187,1.0,-0.48470969589629065,-1.123829085355456,0.02738919359366761,0.5000582020363847,0.006847298398416903
2026-03-20,5,310,1,4716.13,4703.68,4670.4,33.280000000000655,146.04300000000003,0.22787809069931902,False,2026-03-20 06:09:00,0.1,-45.830000000000474,2026-03-20 09:38:00,3.5,0.3,3,0.4993902337614282,0,0,0.15748786316358876,1.0,0.9616448423427542,-1.0715716688450305,0.08901487917941973,0.578459768698257,0.006847298398416903
2026-03-20,6,515,-1,4685.36,4735.75,4693.29,42.460000000000036,146.04300000000003,0.29073628999678197,True,2026-03-20 09:34:00,0.13,187.16999999999928,2026-03-20 23:56:00,3.1333333333333333,0.6176470588235294,-4,-0.2143729451739036,1,0,-0.2465027423430085,1.0,-0.5733594747311505,1.252852469975339,0.0,0.6948638414713443,0.0
2026-03-20,8,520,-1,4668.01,4723.61,4685.78,37.82999999999993,146.04300000000003,0.2590332984121109,True,2026-03-20 09:39:00,0.1,-55.699999999999456,2026-03-20 11:19:00,3.216666666666667,0.6176470588235294,-4,-0.23094240503030392,1,0,-0.2259608471477578,1.0,0.7326440009495321,1.3550696262837791,0.0,0.6948638414713443,0.0
2026-03-20,9,615,1,4716.24,4701.09,4661.37,39.720000000000255,146.04300000000003,0.2719746923851211,False,2026-03-20 11:14:00,0.1,-54.96999999999989,2026-03-20 12:58:00,8.583333333333334,0.15,4,0.1641031210937327,1,0,0.2328081455461747,1.0,-0.05332180461804684,-1.070923606182558,0.0,0.6948638414713443,0.006847298398416903
2026-03-20,10,615,1,4716.24,4707.94,4668.06,39.8799999999992,146.04300000000003,0.2730702601288606,False,2026-03-20 11:14:00,0.1,-48.27999999999938,2026-03-20 12:47:00,8.583333333333334,0.15,4,0.1641031210937327,1,0,0.2328081455461747,1.0,-0.05332180461804684,-1.070923606182558,0.0,0.6948638414713443,0.006847298398416903
2026-03-24,2,140,-1,4411.84,4448.38,4421.89,26.48999999999978,186.08200000000016,0.142356595479411,True,2026-03-24 03:19:00,0.12,-36.65999999999996,2026-03-24 23:24:00,0.8833333333333333,0.5555555555555556,-3,0.6279136782696433,0,0,-0.032243849485710574,1.0,-0.26780350906845585,0.8028078536916752,0.0,0.4655474468245184,0.010747949828570191
2026-03-24,3,225,-1,4321.66,4446.68,4331.53,115.15000000000055,186.08200000000016,0.6188132113799316,True,2026-03-24 04:44:00,0.1,-125.12000000000043,2026-03-24 23:24:00,2.3,0.35714285714285715,0,-0.05940269424459951,0,0,0.2525768209713995,1.0,0.8427682795570441,1.1802345280403972,0.03761782439999567,0.6816349781279223,0.010747949828570191
2026-03-24,6,505,1,4385.65,4368.25,4335.11,33.14000000000033,186.08200000000016,0.17809352865940983,False,2026-03-24 09:24:00,0.1,91.03000000000011,2026-03-24 23:57:00,4.216666666666667,0.48484848484848486,-2,0.6591833314298321,0,0,-0.3493083694285312,0.9230769230769231,0.26699350073102324,-0.9124197920504376,0.0,0.7645016713061988,0.005373974914285096
2026-03-24,7,490,1,4369.29,4357.28,4326.55,30.729999999999563,186.08200000000016,0.16514224911597863,False,2026-03-24 09:09:00,0.1,107.38999999999979,2026-03-24 23:57:00,3.966666666666667,0.5,-2,0.6743268322711121,0,0,-0.3546823443428163,0.8955223880597015,-0.06741915403428538,-0.9808906325066912,0.0,0.7645016713061988,0.005373974914285096
2026-03-24,8,505,1,4385.65,4374.23,4319.91,54.31999999999971,186.08200000000016,0.29191431734396484,False,2026-03-24 09:24:00,0.1,91.03000000000011,2026-03-24 23:57:00,4.216666666666667,0.48484848484848486,-2,0.6591833314298321,0,0,-0.3493083694285312,0.9230769230769231,0.26699350073102324,-0.9124197920504376,0.0,0.7645016713061988,0.005373974914285096
2026-03-24,9,550,1,4415.42,4405.18,4343.0,62.18000000000029,186.08200000000016,0.3341537601702488,False,2026-03-24 10:09:00,0.1,61.25999999999967,2026-03-24 23:57:00,4.966666666666667,0.4444444444444444,-2,0.5259861968235057,0,0,-0.33318644468567593,0.9295774647887324,-0.9585346118636572,-0.7878246257678739,0.0,0.7645016713061988,0.005373974914285096
2026-03-25,2,160,1,4566.32,4551.64,4472.63,79.01000000000022,191.7970000000001,0.41194596370120584,True,2026-03-25 03:39:00,0.1,-60.65999999999949,2026-03-25 23:57:00,2.1333333333333333,0.2,5,0.004574222845529878,1,1,0.5787368936948958,0.0,0.028198335689538008,0.17328641263971456,0.25026460267887385,0.579988216708289,0.05213845889143206
2026-03-25,3,215,1,4584.63,4572.07,4537.55,34.51999999999953,191.7970000000001,0.17998196009322098,True,2026-03-25 04:34:00,0.12,-47.199999999999925,2026-03-25 09:13:00,3.05,0.14285714285714285,8,-0.20562227279746403,1,1,0.735152270369192,0.0,-1.0086974669618232,0.2631269832409527,0.03128307533485923,0.6734203350417357,0.05213845889143206
2026-03-25,5,345,-1,4569.92,4602.59,4580.08,22.51000000000022,191.7970000000001,0.1173636709646147,False,2026-03-25 06:44:00,0.11,64.04999999999986,2026-03-25 23:57:00,0.9833333333333333,0.8636363636363636,-10,0.5036024149944626,1,0,-0.8602845717086289,0.0,-1.2362091541819162,-0.1909503151063712,0.0,0.7638805612183722,0.005213845889143206
2026-03-25,6,450,-1,4554.79,4586.24,4567.73,18.51000000000022,191.7970000000001,0.09650828740804188,False,2026-03-25 08:29:00,0.1,48.929999999999744,2026-03-25 23:57:00,2.7333333333333334,0.6551724137931034,-10,0.7131683164868939,0,0,-0.9019953388217746,0.0,0.32908689088568915,-0.11671285835067961,0.0,0.7638805612183722,0.005213845889143206
2026-03-25,7,450,-1,4554.79,4574.59,4565.71,8.88000000000011,191.7970000000001,0.04629895149559224,False,2026-03-25 08:29:00,0.1,-19.900000000000183,2026-03-25 14:22:00,2.7333333333333334,0.6551724137931034,-10,0.7131683164868939,0,0,-0.9019953388217746,0.0,0.32908689088568915,-0.11671285835067961,0.0,0.7638805612183722,0.005213845889143206
2026-03-25,8,495,-1,4534.51,4573.35,4549.49,23.860000000000582,191.7970000000001,0.12440236291495992,False,2026-03-25 09:14:00,0.1,-38.94000000000015,2026-03-25 14:22:00,3.4833333333333334,0.59375,-10,0.7998800386492133,0,0,-0.8967814929326314,0.0,1.120385708693417,-0.017206207788525243,0.0,0.7638805612183722,0.005213845889143206
2026-03-26,2,170,1,4535.11,4518.17,4489.04,29.13000000000011,199.06700000000018,0.14633264177387553,True,2026-03-26 03:49:00,0.12,-46.189999999999706,2026-03-26 08:30:00,1.1666666666666667,0.5454545454545454,-1,-0.14443907882218512,0,0,-0.18586706988099466,0.037037037037037035,-1.1669516760976026,0.2751120334588718,0.0,0.2395675827736368,0.010046868642215928
2026-03-26,4,300,-1,4508.97,4544.25,4522.63,21.61999999999989,199.06700000000018,0.10860665002235363,False,2026-03-26 05:59:00,0.12,128.0100000000001,2026-03-26 23:57:00,1.95,0.631578947368421,0,0.34694293715843194,0,0,0.16074989827545486,0.2222222222222222,-0.060256422002608695,-0.10307789778572322,0.0,0.2773438088683709,0.02511717160553982
2026-03-26,5,450,-1,4493.67,4535.84,4505.81,30.029999999999745,199.06700000000018,0.1508537326628709,False,2026-03-26 08:29:00,0.1,112.72999999999993,2026-03-26 23:57:00,4.45,0.41379310344827586,0,0.11384474388024485,0,0,0.18084363555988672,0.07407407407407407,1.328621909020035,-0.002384620211153114,0.0,0.2773438088683709,0.02511717160553982
2026-03-26,6,465,-1,4483.17,4518.9,4500.05,18.849999999999454,199.06700000000018,0.09469173695288238,False,2026-03-26 08:44:00,0.1,102.22999999999993,2026-03-26 23:57:00,4.7,0.4,1,0.28167972046093626,0,0,0.17582020123877876,0.13793103448275862,0.252164959463169,0.06671860949688438,0.030140605926647784,0.32139932786448533,0.02511717160553982
2026-03-26,7,450,-1,4493.67,4524.32,4511.64,12.679999999999382,199.06700000000018,0.06369714719164588,False,2026-03-26 08:29:00,0.1,112.72999999999993,2026-03-26 23:57:00,4.45,0.41379310344827586,0,0.11384474388024485,0,0,0.18084363555988672,0.07407407407407407,1.328621909020035,-0.002384620211153114,0.0,0.2773438088683709,0.02511717160553982
2026-03-26,8,495,-1,4420.98,4522.3,4439.07,83.23000000000047,199.06700000000018,0.41810043854581824,False,2026-03-26 09:14:00,0.1,40.03999999999942,2026-03-26 23:57:00,5.2,0.375,3,1.4843306225665853,0,0,0.18084363555988672,0.17142857142857143,1.9511139829074184,0.4760071671676355,0.26121858469761416,0.6316466315361143,0.02511717160553982
2026-03-26,10,630,-1,4428.4,4463.94,4439.09,24.849999999999454,199.06700000000018,0.12483234287953017,False,2026-03-26 11:29:00,0.1,-35.639999999999965,2026-03-26 17:22:00,7.45,0.2926829268292683,4,0.5471487840745348,1,1,0.2662420190187221,0.16470588235294117,0.8142345948905845,0.42717421817395523,0.10046868642215928,0.6449587324870532,0.02511717160553982
2026-03-27,3,245,1,4430.46,4411.15,4375.59,35.55999999999949,204.7130000000002,0.1737066038795751,False,2026-03-27 05:04:00,0.1,65.0199999999999,2026-03-27 23:56:00,1.1,0.6875,4,0.26909191487082385,0,0,-0.09281286484004427,1.0,0.23248738311440337,-0.17555335276523856,0.048848876231602244,0.2852774371925553,0.00976977524632045
2026-03-27,4,250,1,4435.75,4420.56,4377.42,43.14000000000033,204.7130000000002,0.2107340520631337,False,2026-03-27 05:09:00,0.1,59.729999999999926,2026-03-27 23:56:00,1.1833333333333333,0.6875,4,0.43737687118493573,0,0,-0.09281286484004427,1.0,0.7892908349418543,-0.1315764029898628,0.07327331434740336,0.3023745438736161,0.00976977524632045
2026-03-27,5,455,1,4459.41,4440.62,4417.12,23.5,204.7130000000002,0.11479485914426528,False,2026-03-27 08:34:00,0.11,-42.39999999999996,2026-03-27 13:42:00,4.6,0.36666666666666664,8,0.20876075330022084,1,1,-0.06838842672424314,1.0,0.6826475807100155,0.06511445366143982,0.048848876231602244,0.4126753064045736,0.00976977524632045
2026-03-27,6,455,1,4459.41,4446.32,4421.32,25.0,204.7130000000002,0.12212219057900561,False,2026-03-27 08:34:00,0.11,-38.200000000000145,2026-03-27 12:10:00,4.6,0.36666666666666664,8,0.20876075330022084,1,1,-0.06838842672424314,1.0,0.6826475807100155,0.06511445366143982,0.048848876231602244,0.4126753064045736,0.00976977524632045
2026-03-27,7,460,1,4473.87,4449.57,4431.47,18.099999999999454,204.7130000000002,0.0884164659791974,False,2026-03-27 08:39:00,0.11,-42.509999999999636,2026-03-27 11:27:00,4.683333333333334,0.36666666666666664,8,0.3783972530056013,1,1,0.014654662869480674,1.0,2.687551823179312,0.18532365852948127,0.11723730295584539,0.48389696795024933,0.00976977524632045
2026-03-27,8,660,-1,4424.16,4475.12,4440.52,34.599999999999454,204.7130000000002,0.1690171117613411,True,2026-03-27 11:59:00,0.1,-51.06000000000004,2026-03-27 17:47:00,3.3333333333333335,0.6976744186046512,-8,0.04521515552101575,1,0,-0.09281286484004427,0.9710144927536232,0.28888275419022624,0.22792665779073518,0.0,0.4861928651331359,0.014654662869480674
2026-03-31,2,165,1,4536.5,4521.17,4492.73,28.44000000000051,219.8680000000001,0.12935033747521466,True,2026-03-31 03:44:00,0.1,131.62999999999957,2026-03-31 23:57:00,0.36666666666666664,0.9,-1,-0.20715960585538995,0,0,-0.0227409172776393,1.0,1.6379240349008708,1.086772312066249,0.03638546764422288,0.2476940709880474,0.0454818345552786
2026-03-31,3,200,1,4569.03,4548.11,4482.71,65.39999999999964,219.8680000000001,0.29745119799152037,True,2026-03-31 04:19:00,0.1,99.09999999999982,2026-03-31 23:57:00,0.95,0.6923076923076923,2,0.7124992994156318,0,0,-0.02728910073316716,1.0,1.1971137073244718,1.5658793662552186,0.10006003602161292,0.3995124347335679,0.0454818345552786
2026-03-31,5,345,-1,4552.4,4607.52,4565.72,41.80000000000018,219.8680000000001,0.19011406844106538,False,2026-03-31 06:44:00,0.1,-55.2200000000008,2026-03-31 16:54:00,2.0,0.6818181818181818,-4,-0.19481760386758962,0,0,-0.08186730219950147,0.7471264367816092,-0.386832106809739,-1.3209500606553821,0.01364455036658358,0.6217366783706576,0.0
2026-04-01,3,280,-1,4680.45,4722.54,4693.56,28.979999999999563,233.22400000000007,0.12425822385346086,False,2026-04-01 05:39:00,0.1,-42.19000000000015,2026-04-01 09:48:00,1.6666666666666667,0.6666666666666666,-6,-0.11967500366645743,0,0,-0.4759372963331388,0.0,-0.8754830749111355,-2.616413243293744,0.0,0.26768257126196393,0.008575446780777275
2026-04-01,4,380,-1,4668.91,4724.22,4681.51,42.710000000000036,233.22400000000007,0.1831286660034989,False,2026-04-01 07:19:00,0.1,-55.4100000000004,2026-04-01 09:48:00,3.3333333333333335,0.48,-6,-0.3110000945202931,0,0,-0.4630741261619729,0.0,-1.187905646656336,-2.4426786889659082,0.0,0.26768257126196393,0.008575446780777275
2026-04-02,2,182,-1,4744.22,4800.38,4773.69,26.69000000000051,225.40500000000003,0.11840908586766268,False,2026-04-02 04:04:00,0.1,68.4,2026-04-02 23:57:00,1.5833333333333333,0.5,-5,0.8101984809340119,0,0,-0.2440052350214059,0.0,3.3072800720730826,-1.8961085191545084,0.03549167054856813,0.2910760630864429,0.008872917637142033
2026-04-02,3,182,-1,4744.22,4798.72,4775.25,23.470000000000255,225.40500000000003,0.10412368847186287,False,2026-04-02 04:04:00,0.1,68.4,2026-04-02 23:57:00,1.5833333333333333,0.5,-5,0.8101984809340119,0,0,-0.2440052350214059,0.0,3.3072800720730826,-1.8961085191545084,0.03549167054856813,0.2910760630864429,0.008872917637142033
2026-04-02,5,462,-1,4634.18,4704.22,4655.56,48.659999999999854,225.40500000000003,0.215878086111665,False,2026-04-02 08:44:00,0.1,-41.639999999999965,2026-04-02 23:57:00,6.25,0.2,-2,-0.4110618534883079,1,1,0.1109114704642754,0.6306306306306306,1.8548066520161144,-0.88570142509836,0.07098334109713626,0.7595661143275438,0.008872917637142033
2026-04-02,6,402,-1,4661.9,4699.38,4675.76,23.61999999999989,225.40500000000003,0.10478915729464691,False,2026-04-02 07:44:00,0.1,-37.580000000000474,2026-04-02 17:43:00,5.25,0.23076923076923078,-3,-0.2822606783770534,1,1,0.08872917637142032,0.6788990825688074,-0.5177528438830727,-1.1402314564254754,0.0,0.664049155963711,0.008872917637142033
2026-04-02,7,462,-1,4634.18,4681.55,4657.32,24.230000000000473,225.40500000000003,0.10749539717397781,False,2026-04-02 08:44:00,0.1,-47.46999999999989,2026-04-02 17:35:00,6.25,0.2,-2,-0.4110618534883079,1,1,0.1109114704642754,0.6306306306306306,1.8548066520161144,-0.88570142509836,0.07098334109713626,0.7595661143275438,0.008872917637142033
2026-04-02,8,487,-1,4567.98,4680.59,4586.19,94.40000000000055,225.40500000000003,0.4188017124731063,False,2026-04-02 09:09:00,0.1,-112.71000000000058,2026-04-02 17:35:00,6.666666666666667,0.1875,0,0.0854613535675075,1,1,0.06654688227856524,0.6124031007751938,0.8294816944787261,-0.2778411049736984,0.288369823207116,1.0593820012865727,0.008872917637142033
2026-04-02,9,552,1,4621.2,4608.67,4554.13,54.539999999999964,225.40500000000003,0.24196446396486304,True,2026-04-02 10:14:00,0.1,54.420000000000435,2026-04-02 23:57:00,1.0666666666666667,0.8888888888888888,0,-0.010556841818480489,1,0,-0.039928129367139145,0.5602836879432624,0.20815611926330274,0.7665167278896242,0.08872917637142032,1.0924779840731127,0.08872917637142032
2026-04-16,5,425,1,4836.54,4825.02,4812.49,12.530000000000655,205.59099999999998,0.06094624764703054,False,2026-04-16 08:04:00,0.13,-24.18000000000018,2026-04-16 11:05:00,6.883333333333334,0.0,9,-0.9463091055717444,0,0,0.06809636608606409,0.5789473684210527,-1.1392646929144137,1.8844112429363222,0.0,0.2275391432504329,0.009728052298009155
2026-04-17,5,420,1,4803.25,4794.7,4784.55,10.149999999999636,168.37299999999996,0.060282824443346844,False,2026-04-17 07:59:00,0.13,-18.829999999999817,2026-04-17 09:21:00,3.5,0.5185185185185185,-1,-0.912748324004617,0,0,-0.12472308505520484,0.26666666666666666,-0.2104756238321997,1.1815888251538,0.011878389052876652,0.21820600690134279,0.0
2026-04-21,2,235,-1,4809.68,4831.8,4819.9,11.900000000000546,157.63099999999994,0.07549276474805432,False,2026-04-21 04:54:00,0.13,90.7399999999999,2026-04-21 23:57:00,3.566666666666667,0.06666666666666667,5,0.4891397567791485,0,0,-0.13956645583673266,0.07692307692307693,-0.5605912465782427,-0.6410607298206528,0.0,0.15295214773744117,0.006343929810760576
2026-04-21,3,245,-1,4807.12,4830.82,4816.98,13.840000000000146,157.63099999999994,0.0877999885809273,False,2026-04-21 05:04:00,0.13,88.1799999999995,2026-04-21 23:57:00,3.7333333333333334,0.0625,5,0.5973613576894273,0,0,-0.1332225260259721,0.2,-1.0981676717042934,-0.6094067690809873,0.0,0.17236457295836533,0.006343929810760576
2026-04-21,4,320,-1,4797.75,4824.64,4805.85,18.789999999999964,157.63099999999994,0.119202441144191,False,2026-04-21 06:19:00,0.13,78.8099999999996,2026-04-21 23:57:00,4.983333333333333,0.047619047619047616,10,0.45968180139297593,1,1,-0.12687859621521153,0.3333333333333333,-0.34135512254545664,-0.49354832684246563,0.019031789432281728,0.23091904511168843,0.006343929810760576
2026-04-21,5,325,-1,4794.36,4810.44,4802.62,7.819999999999709,157.63099999999994,0.04960953112014586,False,2026-04-21 06:24:00,0.13,75.41999999999928,2026-04-21 23:57:00,5.066666666666666,0.047619047619047616,10,0.49177441028544755,1,1,-0.12053466640445094,0.391304347826087,0.48928502359103265,-0.45163155851923925,0.038063578864563456,0.24525632648400872,0.006343929810760576
2026-04-21,6,480,-1,4784.14,4807.65,4792.69,14.960000000000036,157.63099999999994,0.09490518996897845,False,2026-04-21 08:59:00,0.13,65.19999999999993,2026-04-21 23:57:00,7.65,0.03225806451612903,16,0.10308292582788664,1,1,-0.012687859621521152,0.8461538461538461,2.421623050444738,-0.3252630121288839,0.006343929810760576,0.3150395544023751,0.006343929810760576
2026-04-21,7,500,-1,4780.55,4797.91,4788.79,9.11999999999989,157.63099999999994,0.05785663987413576,False,2026-04-21 09:19:00,0.13,-17.48999999999967,2026-04-21 14:48:00,7.983333333333333,0.030303030303030304,17,0.06580650984382973,1,1,-0.006343929810760576,0.8048780487804879,-0.10678068365136498,-0.2808732781228738,0.0,0.36401469254144253,0.006343929810760576
2026-04-21,8,545,-1,4774.72,4796.98,4783.36,13.61999999999989,157.63099999999994,0.08640432402255835,False,2026-04-21 10:04:00,0.13,-22.389999999999308,2026-04-21 14:48:00,8.733333333333333,0.027777777777777776,20,0.02056037294301306,1,1,0.025375719243042303,0.7021276595744681,-0.03999881759688912,-0.20878632846966347,0.0,0.3819045746077913,0.006343929810760576
2026-04-22,2,215,1,4748.33,4740.57,4718.12,22.449999999999818,154.77399999999997,0.14505020223034762,False,2026-04-22 04:34:00,0.13,-9.01000000000011,2026-04-22 23:57:00,2.75,0.21428571428571427,4,-0.2959072854311059,1,1,-0.2584413402767907,1.0,-1.2205423839897613,-1.2894239552180682,0.0,0.22322870766407915,0.006461033506919768
2026-04-22,3,255,1,4755.69,4747.4,4738.07,9.329999999999927,154.77399999999997,0.06028144261956096,False,2026-04-22 05:14:00,0.13,-17.74999999999989,2026-04-22 16:17:00,3.4166666666666665,0.1875,6,-0.2654228144147293,0,0,-0.2390582397560314,1.0,-0.5904919210316255,-1.097629293257577,0.006461033506919768,0.26134880535490934,0.006461033506919768
2026-04-22,4,330,1,4763.18,4754.7,4735.98,18.720000000000255,154.77399999999997,0.1209505472495397,False,2026-04-22 06:29:00,0.13,-27.330000000000727,2026-04-22 17:32:00,4.666666666666667,0.14285714285714285,10,-0.30991167036256817,1,1,-0.20675307222143258,1.0,-0.2630624560710437,-0.9024469538439527,0.012922067013839536,0.30870818096063074,0.006461033506919768
2026-04-22,5,440,1,4768.57,4758.75,4750.15,8.600000000000364,154.77399999999997,0.055564888159512354,False,2026-04-22 08:19:00,0.13,-18.55000000000007,2026-04-22 13:03:00,6.5,0.10344827586206896,12,-0.5377714622887724,0,0,-0.1809089381937535,1.0,2.299072255327282,-0.7619886348266997,0.019383100520759304,0.3479912646827025,0.006461033506919768
2026-04-22,7,440,1,4768.57,4759.66,4752.28,7.380000000000109,154.77399999999997,0.04768242728106859,False,2026-04-22 08:19:00,0.13,-16.419999999999963,2026-04-22 11:36:00,6.5,0.10344827586206896,12,-0.5377714622887724,0,0,-0.1809089381937535,1.0,2.299072255327282,-0.7619886348266997,0.019383100520759304,0.3479912646827025,0.006461033506919768
2026-04-23,2,130,-1,4715.4,4729.97,4723.57,6.400000000000546,142.46400000000003,0.04492362982929403,False,2026-04-23 03:09:00,0.13,-14.70000000000062,2026-04-23 03:20:00,2.15,0.0,5,-0.35433145515388564,0,0,0.1052897574123989,0.4666666666666667,2.422177037778574,1.7256048713304137,0.056154537286612745,0.22342486522911634,0.056154537286612745
2026-04-23,4,250,-1,4714.46,4749.85,4722.58,27.270000000000437,142.46400000000003,0.19141677897574427,False,2026-04-23 05:09:00,0.13,21.390000000000438,2026-04-23 23:57:00,1.3,0.6875,4,0.39958969916876574,0,0,0.07721248876909252,0.6206896551724138,0.06328454945051369,1.7481629560103453,0.0,0.41596473495058545,0.014038634321653186
2026-04-23,9,665,-1,4696.82,4721.28,4708.58,12.699999999999818,142.46400000000003,0.08914532794249647,False,2026-04-23 12:04:00,0.13,-24.590000000000035,2026-04-23 15:00:00,8.216666666666667,0.25,5,-0.6475853270548717,0,0,0.23163746630727758,0.0,-0.20363191041347095,2.1714870131956316,0.0,0.42895047169811085,0.014038634321653186
2026-04-23,10,670,-1,4695.48,4720.55,4703.08,17.470000000000255,142.46400000000003,0.12262747079964237,False,2026-04-23 12:09:00,0.13,-25.200000000000617,2026-04-23 14:59:00,8.3,0.25,5,-0.6445480775667874,0,0,0.23163746630727758,0.0,-0.13203200711861512,2.203644282845764,0.0,0.42895047169811085,0.014038634321653186
2026-04-24,2,195,1,4709.41,4700.82,4686.99,13.829999999999927,135.32700000000006,0.10219690084018652,False,2026-04-24 04:14:00,0.13,-22.55000000000007,2026-04-24 05:24:00,1.9666666666666666,0.4166666666666667,-2,0.27089670322578363,0,0,-0.1256216423921316,0.6153846153846154,2.7623951429643654,-1.1883483487744948,0.014779016752015482,0.17062374840201983,0.022168525128023222
2026-04-24,3,270,-1,4683.73,4707.96,4691.05,16.909999999999854,135.32700000000006,0.12495658663828983,True,2026-04-24 05:29:00,0.13,-24.360000000000472,2026-04-24 14:23:00,1.25,0.7647058823529411,2,-0.15998564014823363,0,0,0.1404006591441471,0.46153846153846156,1.8390867008919858,1.7177195144260062,0.022168525128023222,0.21400016256918444,0.007389508376007741
2026-04-24,4,280,-1,4683.58,4711.12,4690.37,20.75,135.32700000000006,0.15333229880216062,True,2026-04-24 05:39:00,0.13,-27.669999999999963,2026-04-24 14:24:00,1.4166666666666667,0.7222222222222222,2,-0.0664553378467262,0,0,0.1404006591441471,0.46153846153846156,-0.29613129366248203,1.7208116357206922,0.0,0.21400016256918444,0.007389508376007741
2026-04-24,5,385,-1,4661.77,4700.69,4673.22,27.469999999999345,135.32700000000006,0.2029897950889278,True,2026-04-24 07:24:00,0.13,-39.049999999999166,2026-04-24 14:07:00,3.1666666666666665,0.52,7,0.6142793402988508,0,0,0.1404006591441471,0.48,0.1728015789437098,2.170406071969098,0.051726558632054186,0.3657806646123832,0.007389508376007741
2026-04-24,7,455,1,4684.52,4676.94,4657.82,19.11999999999989,135.32700000000006,0.14128740014926722,False,2026-04-24 08:34:00,0.13,22.7499999999992,2026-04-24 23:56:00,1.0666666666666667,0.8666666666666667,-8,-0.36544068973322114,1,0,-0.17734820102418578,0.3225806451612903,-0.2098434878390502,-1.7014343422739364,0.0,0.39386079644121397,0.014779016752015482
2026-04-24,8,600,1,4694.47,4687.36,4669.66,17.699999999999818,135.32700000000006,0.13079429825533567,False,2026-04-24 10:59:00,0.13,12.79999999999938,2026-04-24 23:56:00,3.4833333333333334,0.6666666666666666,-8,-0.08984349390964946,1,0,-0.19212721777620126,0.25806451612903225,0.5271307256910428,-1.4963236297259466,0.0,0.39386079644121397,0.014779016752015482
2026-04-24,9,675,1,4695.36,4688.06,4666.85,21.210000000000036,135.32700000000006,0.15673147265512447,False,2026-04-24 12:14:00,0.13,11.909999999999963,2026-04-24 23:56:00,4.733333333333333,0.5909090909090909,-8,-0.19743080983572933,0,0,-0.19212721777620126,0.2413793103448276,-1.067439936751835,-1.4779770433774444,0.0,0.39386079644121397,0.014779016752015482
2026-04-28,9,685,-1,4616.15,4642.97,4623.41,19.5600000000004,116.28700000000018,0.16820452845116282,True,2026-04-28 12:24:00,0.13,19.540000000000074,2026-04-28 23:57:00,9.266666666666667,0.17777777777777778,6,-0.22440421131735588,1,1,0.4041724354399024,0.03278688524590164,0.6792186646752145,3.0159961468240453,0.0,0.7548565187854155,0.017198827039995847
2026-04-28,10,695,-1,4611.85,4639.43,4620.65,18.780000000000655,116.28700000000018,0.16149698590556663,True,2026-04-28 12:34:00,0.13,15.2400000000008,2026-04-28 23:57:00,9.433333333333334,0.17391304347826086,7,-0.23781465720767994,1,1,0.4041724354399024,0.03278688524590164,0.00758017555918914,3.135740170300731,0.017198827039995847,0.7779029470190124,0.017198827039995847
2026-04-29,2,125,1,4606.59,4596.2,4587.99,8.210000000000036,106.30800000000018,0.0772284305978856,False,2026-04-29 03:04:00,0.13,-18.730000000000363,2026-04-29 04:02:00,0.43333333333333335,0.75,-3,0.6227596297295083,0,0,-0.009406629792677864,1.0,2.327826819952762,-1.7037304456601876,0.056439778756067184,0.17816156827332352,0.009406629792677864
2026-04-29,3,185,-1,4582.63,4610.34,4594.8,15.539999999999964,106.30800000000018,0.14617902697821367,True,2026-04-29 04:04:00,0.13,38.98999999999989,2026-04-29 23:57:00,0.8833333333333333,0.6666666666666666,4,0.10701642864092413,0,0,-0.018813259585355728,1.0,2.5762048497701904,2.1835595237485212,0.04703314896338932,0.28257515897204266,0.028219889378033592
2026-04-29,8,505,-1,4584.7,4607.73,4590.8,16.92999999999938,106.30800000000018,0.15925424239003041,True,2026-04-29 09:24:00,0.13,41.0599999999996,2026-04-29 23:57:00,6.216666666666667,0.24242424242424243,4,0.4794052481991398,0,0,-0.028219889378033592,1.0,0.048838965346286005,2.142105175182465,0.0,0.32170673890958124,0.028219889378033592
2026-04-29,9,570,-1,4575.26,4598.69,4580.85,17.839999999999236,106.30800000000018,0.1678142755013659,True,2026-04-29 10:29:00,0.13,31.62,2026-04-29 23:57:00,7.3,0.21621621621621623,5,0.5135632780836608,0,0,-0.009406629792677864,1.0,0.8503964751702046,2.3311530256479767,0.009406629792677864,0.3823795010723603,0.028219889378033592
2026-04-29,10,705,-1,4559.0,4588.9,4567.31,21.589999999999236,106.30800000000018,0.2030891372239079,True,2026-04-29 12:44:00,0.13,15.359999999999781,2026-04-29 23:57:00,9.55,0.17391304347826086,9,0.5727162333201281,0,0,0.018813259585355728,1.0,0.6351875727917186,2.656779937572701,0.0,0.49845731271399796,0.028219889378033592
2026-04-30,2,165,1,4566.97,4562.0,4549.75,12.25,98.45300000000024,0.12442485246767462,False,2026-04-30 03:44:00,0.13,-17.350000000000254,2026-04-30 07:23:00,2.683333333333333,0.0,7,-0.0007835457326863249,0,0,-0.2132997470874422,1.0,-0.586242076198009,-1.3947689087924509,0.0,0.29699450499223606,0.07109991569581407
2026-04-30,3,210,1,4579.88,4574.09,4556.54,17.550000000000182,98.45300000000024,0.1782576457802214,False,2026-04-30 04:29:00,0.13,-23.470000000000145,2026-04-30 06:52:00,3.433333333333333,0.0,9,0.08552968435533032,0,0,-0.14219983139162815,1.0,2.6013285241364157,-1.1939728983494953,0.05078565406843862,0.42385706885519353,0.07109991569581407
2026-04-30,4,340,-1,4558.96,4582.47,4564.6,17.86999999999989,98.45300000000024,0.18150792764059853,True,2026-04-30 06:39:00,0.13,-23.640000000000217,2026-04-30 09:52:00,1.7666666666666666,0.6818181818181818,-11,0.2654300568242833,0,0,0.060942784882126344,1.0,-0.3751063860304982,1.519352645713298,0.0,0.43828019461063084,0.010157130813687723
2026-04-30,5,365,-1,4553.53,4581.94,4559.93,22.00999999999931,98.45300000000024,0.2235584492092598,True,2026-04-30 07:04:00,0.13,-28.539999999999853,2026-04-30 09:52:00,2.183333333333333,0.625,-11,0.14172304119696633,0,0,0.07109991569581407,1.0,-0.534973512218801,1.6038082875959718,0.0,0.43828019461063084,0.010157130813687723
2026-04-30,6,385,-1,4550.14,4569.13,4555.75,13.38000000000011,98.45300000000024,0.13590241028714287,True,2026-04-30 07:24:00,0.13,-19.11999999999978,2026-04-30 08:51:00,2.5166666666666666,0.6,-11,0.059742310633415445,0,0,0.1320427005779404,1.0,0.11446641931501741,1.6565347380530988,0.0,0.43828019461063084,0.010157130813687723
2026-04-30,7,455,1,4562.3,4557.01,4540.89,16.11999999999989,98.45300000000024,0.163732948716645,False,2026-04-30 08:34:00,0.13,58.189999999999706,2026-04-30 23:57:00,7.516666666666667,0.0,11,0.13200988710525424,0,0,-0.17267122383269132,1.0,0.4073190439719363,-1.4674038715165894,0.0,0.43828019461063084,0.010157130813687723
2026-04-30,8,515,1,4577.03,4569.64,4541.97,27.670000000000073,98.45300000000024,0.2810478096147401,False,2026-04-30 09:34:00,0.13,43.46000000000014,2026-04-30 23:57:00,8.516666666666667,0.0,11,-0.039909154197954114,0,0,-0.15235696220531586,1.0,0.4335463047967629,-1.2383004451939958,0.0,0.43828019461063084,0.010157130813687723
2026-04-30,9,585,1,4596.75,4591.59,4560.2,31.390000000000327,98.45300000000024,0.31883233624166096,False,2026-04-30 10:44:00,0.13,23.739999999999892,2026-04-30 23:57:00,9.683333333333334,0.0,14,0.3207734197669986,0,0,-0.12188556976425269,1.0,0.6394278674624092,-0.931584928080504,0.020314261627375447,0.5963251500716067,0.010157130813687723
2026-04-30,10,605,1,4626.46,4605.5,4584.88,20.61999999999989,98.45300000000024,0.20944003737823977,False,2026-04-30 11:04:00,0.13,-5.970000000000145,2026-04-30 23:57:00,10.016666666666667,0.0,16,0.8565491123074993,0,0,-0.12188556976425269,1.0,4.746372505176135,-0.4694896941331543,0.22345687790112995,0.9003280753252833,0.010157130813687723
2026-05-01,2,160,-1,4621.12,4634.04,4626.39,7.649999999999636,102.69200000000028,0.07449460522727784,False,2026-05-01 03:39:00,0.13,-13.050000000000074,2026-05-01 05:12:00,2.6666666666666665,0.0,2,0.5207023782639707,0,0,-0.18501928095664655,1.0,0.3057859737912212,0.16394761674404298,0.0,0.1684649242394747,0.009737856892455082
2026-05-01,5,410,-1,4610.88,4636.02,4616.57,19.450000000000728,102.69200000000028,0.18940131655825843,False,2026-05-01 07:49:00,0.13,-25.270000000000326,2026-05-01 17:00:00,2.55,0.6296296296296297,5,0.22701551885601995,0,0,-0.1655435671717364,1.0,-0.7693643436013482,0.33439472497884715,0.019475713784910163,0.24743894363729108,0.009737856892455082
2026-05-01,6,410,-1,4610.88,4632.07,4617.84,14.229999999999563,102.69200000000028,0.13856970357963158,False,2026-05-01 07:49:00,0.13,-21.3199999999996,2026-05-01 17:00:00,2.55,0.6296296296296297,5,0.22701551885601995,0,0,-0.1655435671717364,1.0,-0.7693643436013482,0.33439472497884715,0.019475713784910163,0.24743894363729108,0.009737856892455082
2026-05-01,7,490,-1,4603.02,4628.73,4609.22,19.50999999999931,102.69200000000028,0.18998558797179194,False,2026-05-01 09:09:00,0.13,-25.839999999999126,2026-05-01 16:55:00,3.8833333333333333,0.53125,8,0.5282630115731327,0,0,-0.14606785338682624,1.0,0.0596795611830783,0.46522619672938753,0.0,0.336053441358627,0.009737856892455082
2026-05-01,8,500,-1,4596.86,4616.17,4602.98,13.19000000000051,102.69200000000028,0.1284423324114875,False,2026-05-01 09:19:00,0.13,-19.4400000000004,2026-05-01 16:54:00,4.05,0.5151515151515151,9,0.6931213660779616,0,0,-0.14606785338682624,1.0,-0.11936567900052375,0.5677607852769018,0.04868928446227541,0.38815097573326524,0.009737856892455082
2026-05-01,9,580,-1,4584.96,4607.86,4590.87,16.98999999999978,102.69200000000028,0.1654461886028097,False,2026-05-01 10:39:00,0.13,-23.029999999999635,2026-05-01 16:41:00,5.383333333333334,0.4473684210526316,13,0.8114900387627554,0,0,-0.13632999649437116,1.0,0.8626979119478994,0.7658389676982056,0.029213570677365245,0.5084135083550801,0.009737856892455082
2026-05-01,10,625,-1,4568.77,4598.1,4575.92,22.18000000000029,102.69200000000028,0.21598566587465656,False,2026-05-01 11:24:00,0.13,-29.459999999999926,2026-05-01 15:24:00,6.133333333333334,0.4146341463414634,16,0.8490303003458967,0,0,-0.10711642581700591,1.0,0.7662638330455351,1.0353251671436616,0.06816499824718558,0.6599345616016852,0.009737856892455082
2026-05-05,2,135,1,4527.97,4521.6,4516.22,5.380000000000109,104.69200000000028,0.051388835823177464,False,2026-05-05 03:14:00,0.13,-11.88,2026-05-05 03:27:00,1.3666666666666667,0.375,0,0.7464086159681413,0,0,-0.5635578649753548,0.0,2.3934081651612122,-1.6461494538320838,0.019103656439842534,0.12312306575478826,0.009551828219921267
2026-05-05,3,195,1,4538.8,4530.41,4513.64,16.769999999999527,104.69200000000028,0.16018415924807514,False,2026-05-05 04:14:00,0.13,17.330000000000037,2026-05-05 23:57:00,0.8,0.75,1,1.020278221696267,0,0,-0.5444542085355123,0.0,1.8591787073863506,-1.3621081179707657,0.07641462575937014,0.24701027776716086,0.019103656439842534
2026-05-05,6,460,1,4548.45,4542.71,4532.47,10.239999999999782,104.69200000000028,0.0978107209719917,False,2026-05-05 08:39:00,0.13,7.6800000000004,2026-05-05 23:57:00,5.216666666666667,0.3,7,-0.19319704257624606,1,1,-0.42983226989645706,0.30434782608695654,1.4899953103564336,-1.1090149609013629,0.019103656439842534,0.35762044855384845,0.019103656439842534
2026-05-05,7,430,1,4543.11,4536.65,4528.06,8.589999999999236,104.69200000000028,0.0820502044091164,False,2026-05-05 08:09:00,0.13,13.020000000000545,2026-05-05 23:57:00,4.716666666666667,0.32142857142857145,6,-0.1810087411228378,1,1,-0.4489359263362996,0.21739130434782608,2.375341327919124,-1.2490685835698292,0.0,0.31549688610399707,0.019103656439842534
2026-05-05,8,655,1,4557.24,4551.7,4531.53,20.170000000000073,104.69200000000028,0.19266037519581267,False,2026-05-05 11:54:00,0.13,-1.1099999999995633,2026-05-05 23:57:00,8.466666666666667,0.20930232558139536,11,-0.32537811441745834,1,1,-0.34386581591716564,0.68,0.856161850223332,-0.8784772561718162,0.0,0.42753983112366933,0.019103656439842534
2026-05-05,9,660,1,4558.4,4552.08,4533.83,18.25,104.69200000000028,0.17432086501356314,False,2026-05-05 11:59:00,0.13,-2.269999999999418,2026-05-05 23:57:00,8.55,0.20930232558139536,12,-0.30930640305702795,1,1,-0.34386581591716564,0.68,1.4038776314005799,-0.8480536227831652,0.0,0.4399572078095687,0.019103656439842534
2026-05-06,2,145,1,4602.45,4595.74,4569.54,26.199999999999818,95.53600000000024,0.2742421704907025,True,2026-05-06 03:24:00,0.13,88.08000000000004,2026-05-06 23:57:00,1.8666666666666667,0.2222222222222222,3,-0.34067665848830325,1,1,0.3140177524702722,0.23076923076923078,0.31767271599752744,0.6593409186294292,0.041869033662702955,0.5920281359906145,0.0
2026-05-06,3,210,1,4624.99,4619.82,4588.29,31.529999999999745,95.53600000000024,0.3300326578462534,True,2026-05-06 04:29:00,0.13,65.54000000000008,2026-05-06 23:57:00,2.95,0.15384615384615385,7,-0.16391430576254723,1,1,0.42915759504270534,0.09433962264150944,0.5416883440928314,1.299684118442891,0.09420532574108166,0.8300535923630881,0.0
2026-05-06,4,255,1,4633.42,4628.64,4609.58,19.0600000000004,95.53600000000024,0.1995059454027838,True,2026-05-06 05:14:00,0.13,57.10999999999978,2026-05-06 23:57:00,3.7,0.125,10,-0.17062471114189529,1,1,0.46055937028973254,0.07017543859649122,-0.3473781356355595,1.5391736115408357,0.12560710098810887,0.9215374309160917,0.0
2026-05-06,5,315,1,4647.81,4641.9,4625.36,16.539999999999964,95.53600000000024,0.17312845419527637,True,2026-05-06 06:14:00,0.13,42.71999999999945,2026-05-06 23:57:00,4.7,0.1,13,-0.17502329285500035,1,1,0.5024284039524355,0.06153846153846154,0.16997307635246228,1.9479818921670975,0.14654161781946035,1.0889088929827446,0.0
2026-05-06,6,480,1,4663.0,4652.07,4638.62,13.449999999999818,95.53600000000024,0.1407846256908368,True,2026-05-06 08:59:00,0.13,27.529999999999855,2026-05-06 23:57:00,7.45,0.06451612903225806,18,-0.3936237542624463,0,0,0.764109864344329,0.0,0.9276774291914067,2.3795175268239848,0.07327080890973017,1.2300075364260585,0.0
2026-05-06,8,540,1,4669.26,4663.85,4644.67,19.18000000000029,95.53600000000024,0.20076201641266372,True,2026-05-06 09:59:00,0.13,21.269999999999637,2026-05-06 23:57:00,8.45,0.05714285714285714,22,-0.43130110200267757,0,0,0.8164461564227077,0.0,-0.5514498974431848,2.5573590721137993,0.010467258415675739,1.290089599732035,0.0
2026-05-06,9,590,1,4675.33,4669.59,4657.14,12.449999999999818,95.53600000000024,0.13031736727516105,True,2026-05-06 10:49:00,0.13,15.199999999999926,2026-05-06 23:57:00,9.283333333333333,0.05128205128205128,25,-0.5059499282632112,1,1,0.8792497069167621,0.0,-0.5028078885769823,2.7298028708213207,0.0523362920783787,1.3717342153743075,0.0
2026-05-06,10,655,1,4697.42,4681.84,4657.48,24.360000000000582,95.53600000000024,0.2549824150058671,True,2026-05-06 11:54:00,0.13,-6.890000000000218,2026-05-06 23:57:00,10.366666666666667,0.046511627906976744,27,-0.43650812124542965,1,1,1.0676603583989255,0.0,2.934809144019183,3.3573619339925487,0.1570088762351361,1.634357729023604,0.0
2026-05-07,3,195,1,4709.77,4701.26,4685.6,15.659999999999854,107.52800000000016,0.14563648538055046,True,2026-05-07 04:14:00,0.13,-21.480000000000363,2026-05-07 23:57:00,0.23333333333333334,1.0,1,0.6256170740480544,0,0,0.09299903281005864,1.0,3.1984894686256546,2.176448055380817,0.0743992262480469,0.23919351238746472,0.0
2026-05-07,5,395,-1,4693.79,4718.55,4699.95,18.600000000000364,107.52800000000016,0.17297820102671244,False,2026-05-07 07:34:00,0.13,-24.890000000000217,2026-05-07 09:31:00,2.7,0.5769230769230769,-4,-0.33072573252747006,0,0,-0.13949854921508795,1.0,-0.7440816045316248,-1.8593083332966678,0.0,0.335168514247451,0.02789970984301759
2026-05-08,2,185,1,4712.97,4705.6,4684.61,20.99000000000069,106.5420000000001,0.19701150719904517,False,2026-05-08 04:04:00,0.13,2.62,2026-05-08 23:56:00,3.0833333333333335,0.0,4,-0.17856296440136876,0,0,-0.3378949146815337,0.05263157894736842,1.187709919025633,1.2401804168823294,0.028157909556794477,0.3621107169003763,0.046929849261324125
2026-05-08,3,200,1,4717.51,4709.5,4694.0,15.5,106.5420000000001,0.1454825327101048,False,2026-05-08 04:19:00,0.13,-1.9199999999999635,2026-05-08 23:56:00,3.3333333333333335,0.0,4,0.06897557547057444,0,0,-0.3472808845337986,0.047619047619047616,-0.8224054182679956,1.3053652788228451,0.009385969852264826,0.398622139625681,0.046929849261324125
2026-05-08,4,245,1,4731.84,4725.42,4700.58,24.840000000000146,106.5420000000001,0.23314749113025962,False,2026-05-08 05:04:00,0.13,-31.390000000000217,2026-05-08 10:25:00,4.083333333333333,0.0,6,0.28873253819140543,0,0,-0.30973700512473923,0.2962962962962963,0.1901295688733353,1.51111397300954,0.06570178896585378,0.5240186968519446,0.046929849261324125
2026-05-08,7,470,1,4728.85,4723.32,4709.07,14.25,106.5420000000001,0.13375007039477377,False,2026-05-08 08:49:00,0.13,-19.910000000000654,2026-05-08 10:22:00,7.833333333333333,0.0,6,-0.4512914279017316,0,0,-0.1877193970452965,0.7586206896551724,-1.030546903253081,1.4681838546830797,0.0,0.5240186968519446,0.046929849261324125
2026-05-08,9,565,-1,4706.38,4734.61,4712.71,21.899999999999636,106.5420000000001,0.20555273976459626,True,2026-05-08 10:24:00,0.13,-28.359999999999562,2026-05-08 16:30:00,0.9333333333333333,0.8918918918918919,-7,0.5513874425354649,0,0,0.15956148748850205,0.8620689655172413,1.2432177637287796,-1.1455618617748378,0.0,0.5413827410786294,0.0
2026-05-12,2,210,-1,4735.2,4769.55,4746.16,23.390000000000327,109.29399999999995,0.21400991820228318,False,2026-05-12 04:29:00,0.13,19.989999999999892,2026-05-12 23:57:00,1.2,0.6923076923076923,-4,0.010416024665032206,0,0,-0.649623950079602,0.0,1.5789404065254231,-0.9460268503294856,0.0,0.3629659450656037,0.036598532398850823
2026-05-12,3,210,-1,4735.2,4773.54,4748.83,24.710000000000036,109.29399999999995,0.2260874338939013,False,2026-05-12 04:29:00,0.13,19.989999999999892,2026-05-12 23:57:00,1.2,0.6923076923076923,-4,0.010416024665032206,0,0,-0.649623950079602,0.0,1.5789404065254231,-0.9460268503294856,0.0,0.3629659450656037,0.036598532398850823
2026-05-12,4,415,-1,4713.56,4755.57,4720.38,35.1899999999996,109.29399999999995,0.32197558877888643,False,2026-05-12 07:54:00,0.13,-1.649999999999527,2026-05-12 23:57:00,4.616666666666666,0.3333333333333333,-1,-0.21085767640754438,1,1,-0.5123794535839115,0.0,0.7039491974572428,-0.6061221083533358,0.045748165498563524,0.5553827291525596,0.036598532398850823
2026-05-12,5,415,-1,4713.56,4733.94,4722.28,11.659999999999854,109.29399999999995,0.10668472194264882,False,2026-05-12 07:54:00,0.13,-1.649999999999527,2026-05-12 23:57:00,4.616666666666666,0.3333333333333333,-1,-0.21085767640754438,1,1,-0.5123794535839115,0.0,0.7039491974572428,-0.6061221083533358,0.045748165498563524,0.5553827291525596,0.036598532398850823
2026-05-12,6,430,-1,4711.15,4733.29,4718.18,15.109999999999673,109.29399999999995,0.13825095613665597,False,2026-05-12 08:09:00,0.13,-4.060000000000291,2026-05-12 23:57:00,4.866666666666666,0.32142857142857145,0,-0.17888983842864822,1,1,-0.5215290866836242,0.0,-0.03031979568378194,-0.5682676523384188,0.0,0.584936044064636,0.036598532398850823
2026-05-12,7,490,-1,4704.68,4730.41,4711.16,19.25,109.29399999999995,0.17613043716946958,False,2026-05-12 09:09:00,0.13,-10.529999999999637,2026-05-12 23:57:00,5.866666666666666,0.28125,1,-0.19605785466618458,1,1,-0.45748165498563526,0.06976744186046512,0.5669007650617123,-0.466641789095095,0.036598532398850823,0.6465130748256984,0.036598532398850823
2026-05-12,8,505,-1,4698.56,4722.15,4708.77,13.3799999999992,109.29399999999995,0.12242209087414868,False,2026-05-12 09:24:00,0.13,-16.649999999999526,2026-05-12 23:57:00,6.116666666666666,0.2727272727272727,2,-0.12347865333665291,1,1,-0.45748165498563526,0.06976744186046512,0.07125164110196593,-0.37051346095766174,0.036598532398850823,0.6956466045711547,0.036598532398850823
2026-05-13,4,280,-1,4695.0,4717.08,4701.18,15.899999999999636,108.16299999999993,0.14700036056691887,True,2026-05-13 05:39:00,0.13,6.189999999999709,2026-05-13 23:57:00,2.5833333333333335,0.4444444444444444,3,0.5649211141276109,0,0,-0.14792489113652554,1.0,-1.045447381555359,0.13549026221983757,0.036981222784131386,0.2952950639312938,0.0
2026-05-13,6,500,1,4712.97,4705.93,4688.93,17.0,108.16299999999993,0.15717019683255837,False,2026-05-13 09:19:00,0.13,-24.169999999999963,2026-05-13 12:22:00,3.4166666666666665,0.5757575757575758,-4,0.08477556668552887,1,0,0.04622652848016423,1.0,-1.3110265710097457,0.37148796845164184,0.0,0.36223107717056957,0.009245305696032846
2026-05-13,7,485,1,4709.72,4703.43,4695.52,7.9099999999998545,108.16299999999993,0.07313036805561847,False,2026-05-13 09:04:00,0.13,-14.329999999999819,2026-05-13 11:26:00,3.1666666666666665,0.59375,-4,0.12262264844989569,1,0,0.036981222784131386,1.0,-0.30948843451300917,0.27979741476871,0.0,0.36223107717056957,0.009245305696032846
2026-05-13,8,500,1,4712.97,4707.35,4693.75,13.600000000000364,108.16299999999993,0.12573615746605007,False,2026-05-13 09:19:00,0.13,-19.350000000000254,2026-05-13 12:14:00,3.4166666666666665,0.5757575757575758,-4,0.08477556668552887,1,0,0.04622652848016423,1.0,-1.3110265710097457,0.37148796845164184,0.0,0.36223107717056957,0.009245305696032846
2026-05-13,9,680,-1,4690.7,4715.44,4699.19,16.25,108.16299999999993,0.15023621756053374,True,2026-05-13 12:19:00,0.13,1.8899999999995272,2026-05-13 23:57:00,9.25,0.17777777777777778,4,-0.35381390945414637,1,1,-0.036981222784131386,1.0,-1.0695678375001412,0.25680391786187556,0.0,0.36223107717056957,0.0
2026-05-14,3,290,-1,4682.73,4706.89,4689.57,17.32000000000062,103.89099999999999,0.16671318978545419,True,2026-05-14 05:49:00,0.13,-24.290000000000763,2026-05-14 07:27:00,1.8333333333333333,0.631578947368421,-3,-0.0362035531368439,0,0,0.019250945702707647,1.0,1.0513243224686504,1.0545552278564965,0.009625472851353824,0.2530536812621004,0.009625472851353824
2026-05-14,4,345,-1,4676.37,4707.02,4683.63,23.390000000000327,103.89099999999999,0.2251398099931691,True,2026-05-14 06:44:00,0.13,-30.780000000000545,2026-05-14 07:27:00,2.75,0.5454545454545454,-2,0.05435313485732176,0,0,0.019250945702707647,1.0,1.577567956974633,1.3254848373012704,0.038501891405415295,0.2999297340481925,0.009625472851353824
2026-05-14,5,365,-1,4672.79,4699.69,4680.03,19.659999999999854,103.89099999999999,0.18923679625761478,True,2026-05-14 07:04:00,0.13,-27.029999999999635,2026-05-14 07:25:00,3.0833333333333335,0.5,0,0.5228009241727791,0,0,0.02887641855406147,1.0,-0.42133403773116135,1.4779892401019499,0.038501891405415295,0.36836684602131503,0.009625472851353824
2026-05-14,6,390,1,4702.37,4693.43,4674.0,19.43000000000029,103.89099999999999,0.1870229375018076,False,2026-05-14 07:29:00,0.13,-28.49999999999989,2026-05-14 16:41:00,0.5,0.96,1,-0.4003245051996932,0,0,-0.02887641855406147,1.0,2.960385250171095,-0.2179109622125145,0.0,0.37260205407590685,0.05775283710812294
2026-05-14,8,575,1,4710.35,4704.3,4689.26,15.039999999999964,103.89099999999999,0.14476711168436115,False,2026-05-14 10:34:00,0.13,-21.220000000000145,2026-05-14 12:31:00,3.5833333333333335,0.631578947368421,2,-0.43682066759829996,0,0,-0.009625472851353824,1.0,-0.28391352562579497,0.12202901944936227,0.0,0.4231357865455144,0.05775283710812294
2026-05-14,9,575,1,4710.35,4702.44,4686.23,16.210000000000036,103.89099999999999,0.15602891492044582,False,2026-05-14 10:34:00,0.13,-24.2500000000008,2026-05-14 16:30:00,3.5833333333333335,0.631578947368421,2,-0.43682066759829996,0,0,-0.009625472851353824,1.0,-0.28391352562579497,0.12202901944936227,0.0,0.4231357865455144,0.05775283710812294
2026-05-15,2,150,-1,4629.88,4665.36,4646.98,18.38000000000011,100.58399999999992,0.18273284021315642,True,2026-05-15 03:29:00,0.13,91.12,2026-05-15 23:56:00,1.0,0.6666666666666666,-4,0.8009446974738981,0,0,0.38773562395609673,0.0,2.4012216267960707,3.2272572545599307,0.12924520798536557,0.3530382565815571,0.009941939075797351
2026-05-15,5,425,-1,4600.1,4623.49,4609.4,14.090000000000146,100.58399999999992,0.14008192157798613,True,2026-05-15 08:04:00,0.13,61.34000000000025,2026-05-15 23:56:00,5.583333333333333,0.21428571428571427,1,-0.7002971054911009,0,0,0.6959357353058147,0.0,-0.6453971936693731,4.580699733616756,0.039767756303189405,0.6576592698639911,0.009941939075797351
2026-05-15,6,425,-1,4600.1,4622.33,4607.48,14.850000000000364,100.58399999999992,0.14763779527559429,True,2026-05-15 08:04:00,0.13,61.34000000000025,2026-05-15 23:56:00,5.583333333333333,0.21428571428571427,1,-0.7002971054911009,0,0,0.6959357353058147,0.0,-0.6453971936693731,4.580699733616756,0.039767756303189405,0.6576592698639911,0.009941939075797351
2026-05-15,7,430,-1,4593.21,4621.61,4604.42,17.1899999999996,100.58399999999992,0.1709019327129525,True,2026-05-15 08:09:00,0.13,54.449999999999925,2026-05-15 23:56:00,5.666666666666667,0.21428571428571427,1,-0.6501432796988096,0,0,0.6859937962300172,0.0,0.44380396712508896,4.893836694016422,0.10936132983377087,0.7229778095919769,0.009941939075797351
2026-05-15,9,555,1,4585.93,4580.49,4556.38,24.109999999999673,100.58399999999992,0.2397001511174709,False,2026-05-15 10:14:00,0.13,-29.68000000000018,2026-05-15 11:17:00,1.2333333333333334,0.8888888888888888,-5,-0.056163238414720755,0,0,-0.5865744054720438,0.0,1.3024483924247285,-5.224698388023589,0.07953551260637881,1.083472520480391,0.019883878151594703
2026-05-15,10,620,-1,4556.84,4588.72,4566.01,22.710000000000036,100.58399999999992,0.22578143641135823,True,2026-05-15 11:19:00,0.13,18.080000000000037,2026-05-15 23:56:00,8.833333333333334,0.14634146341463414,6,-0.06950143016962208,1,1,0.6859937962300172,0.0,0.10408752365115916,6.5467817230055765,0.07953551260637881,1.1184681460272021,0.009941939075797351
2026-05-19,2,175,-1,4566.28,4588.96,4573.8,15.159999999999854,102.63399999999983,0.14770933608745523,False,2026-05-19 03:54:00,0.13,84.19999999999993,2026-05-19 23:57:00,0.8833333333333333,0.7272727272727273,-4,-0.06679329044472487,0,0,-0.34101759650798036,0.0,-0.3544713084846984,0.8764757397604825,0.00974335990022801,0.22672798487831006,0.00974335990022801
2026-05-19,3,205,-1,4555.83,4589.27,4561.32,27.950000000000728,102.63399999999983,0.27232690921138,False,2026-05-19 04:24:00,0.13,73.75000000000011,2026-05-19 23:57:00,1.3833333333333333,0.6153846153846154,-2,0.2406687924223852,0,0,-0.33127423660775235,0.0,1.30179026274024,1.0155584394203707,0.01948671980045602,0.34169963170100237,0.00974335990022801
2026-05-19,4,300,-1,4547.16,4572.35,4554.2,18.150000000000546,102.63399999999983,0.1768419821891437,False,2026-05-19 05:59:00,0.13,65.08000000000004,2026-05-19 23:57:00,2.966666666666667,0.42105263157894735,2,-0.041866618092471886,0,0,-0.22409727770524424,0.16,0.5760046492892028,1.1309504974157067,0.03897343960091204,0.4213028820858659,0.00974335990022801
2026-05-19,5,375,-1,4540.24,4563.9,4546.03,17.86999999999989,102.63399999999983,0.17411384141707348,False,2026-05-19 07:14:00,0.13,58.15999999999996,2026-05-19 23:57:00,4.216666666666667,0.3333333333333333,4,0.008891708952073172,0,0,-0.1851238381043322,0.3448275862068966,-0.6279647457274632,1.22305119422398,0.02923007970068403,0.49164994056550576,0.00974335990022801
2026-05-19,6,445,-1,4535.42,4555.06,4543.75,11.3100000000004,102.63399999999983,0.1101974004715827,False,2026-05-19 08:24:00,0.13,-19.770000000000326,2026-05-19 10:09:00,5.383333333333334,0.27586206896551724,7,0.03690282378402155,0,0,-0.15589375840364816,0.45714285714285713,1.4482011728395499,1.2872022576077724,0.01948671980045602,0.5677455813862904,0.00974335990022801
2026-05-19,8,520,1,4552.28,4546.58,4531.0,15.579999999999927,102.63399999999983,0.1518015472455517,True,2026-05-19 09:39:00,0.13,-21.409999999999744,2026-05-19 13:43:00,1.2666666666666666,0.8529411764705882,-7,0.1861143515367842,0,0,0.10717695890250811,0.6,-0.3997149559493589,-1.0628066292569867,0.0,0.5677455813862904,0.01948671980045602
2026-05-19,10,765,-1,4529.21,4559.37,4541.43,17.9399999999996,102.63399999999983,0.1747958766100866,False,2026-05-19 13:44:00,0.13,47.130000000000216,2026-05-19 23:57:00,10.716666666666667,0.16,8,-0.6385520937893667,0,0,-0.05846015940136806,0.7931034482758621,2.136821344048903,1.3698533164487223,0.01948671980045602,0.6213340608375445,0.00974335990022801
2026-05-20,2,150,1,4502.04,4496.43,4479.88,16.550000000000182,107.77199999999985,0.15356493337787372,False,2026-05-20 03:29:00,0.13,-22.289999999999853,2026-05-20 04:27:00,1.9666666666666666,0.2222222222222222,2,0.6904022270281034,0,0,-0.5845674201091201,0.0,2.6681604655182944,-1.304555695976714,0.05567308762944,0.22816687080132297,0.009278847938240001
2026-05-20,3,210,-1,4473.63,4508.86,4479.73,29.13000000000011,107.77199999999985,0.27029284044093227,True,2026-05-20 04:29:00,0.13,-35.359999999999566,2026-05-20 17:22:00,0.7166666666666667,0.8461538461538461,-3,-0.35051494847238274,0,0,0.5567308762944001,0.0,2.255251329498155,1.6898318161152786,0.037115391752960004,0.334131314256016,0.009278847938240001
2026-05-20,6,455,1,4477.08,4467.18,4453.64,13.539999999999964,107.77199999999985,0.12563560108376928,False,2026-05-20 08:34:00,0.13,66.62,2026-05-20 23:57:00,2.45,0.6666666666666666,1,0.2718884428462043,0,0,-0.6959135953680001,0.0,-0.008190796211622919,-1.643045381251569,0.0,0.5123779831496068,0.02783654381472
2026-05-20,7,455,1,4477.08,4470.71,4456.82,13.890000000000327,107.77199999999985,0.12888319786215666,False,2026-05-20 08:34:00,0.13,66.62,2026-05-20 23:57:00,2.45,0.6666666666666666,1,0.2718884428462043,0,0,-0.6959135953680001,0.0,-0.008190796211622919,-1.643045381251569,0.0,0.5123779831496068,0.02783654381472
2026-05-20,8,630,1,4486.09,4478.99,4461.71,17.279999999999745,107.77199999999985,0.16033849237278486,False,2026-05-20 11:29:00,0.13,57.60999999999978,2026-05-20 23:57:00,5.366666666666666,0.4878048780487805,1,0.383659106514364,0,0,-0.6959135953680001,0.0,-0.482350622573432,-1.5208581991872054,0.0,0.5123779831496068,0.02783654381472
2026-05-20,9,625,1,4484.34,4478.47,4461.48,16.99000000000069,107.77199999999985,0.15764762647070404,False,2026-05-20 11:24:00,0.13,59.35999999999978,2026-05-20 23:57:00,5.283333333333333,0.4878048780487805,1,0.383659106514364,0,0,-0.6959135953680001,0.0,-0.482350622573432,-1.5445904487557551,0.0,0.5123779831496068,0.02783654381472
2026-05-20,10,745,1,4491.54,4486.03,4472.04,13.989999999999782,107.77199999999985,0.1298110826559756,False,2026-05-20 13:24:00,0.13,-19.63,2026-05-20 17:12:00,7.283333333333333,0.40816326530612246,1,0.2076112437067425,0,0,-0.6773558994915201,0.0,-1.0190794781174664,-1.446949193388011,0.0,0.5123779831496068,0.02783654381472
2026-05-21,2,195,1,4559.92,4547.33,4534.66,12.670000000000073,100.02199999999985,0.12667213213093212,True,2026-05-21 04:14:00,0.13,-25.390000000000217,2026-05-21 05:33:00,1.7833333333333334,0.4166666666666667,0,0.9682758431771206,0,0,0.5898702285497199,0.0,2.6597179304374188,-0.0629928438606741,0.05998680290336135,0.2542440663054161,0.009997800483893558
2026-05-21,3,195,1,4559.92,4553.25,4537.39,15.859999999999673,100.02199999999985,0.15856511567454856,True,2026-05-21 04:14:00,0.13,-22.659999999999744,2026-05-21 05:30:00,1.7833333333333334,0.4166666666666667,0,0.9682758431771206,0,0,0.5898702285497199,0.0,2.6597179304374188,-0.0629928438606741,0.05998680290336135,0.2542440663054161,0.009997800483893558
2026-05-21,4,290,-1,4534.41,4570.73,4539.93,30.799999999999272,100.02199999999985,0.30793225490391435,False,2026-05-21 05:49:00,0.13,-8.340000000000037,2026-05-21 23:57:00,1.15,0.7368421052631579,0,-0.7078763084103259,0,0,-0.5998680290336135,0.0,-0.7859066286842672,0.4354828201986092,0.0,0.3917138229589434,0.019995600967787117
2026-05-21,5,445,-1,4525.07,4564.94,4531.55,33.38999999999942,100.02199999999985,0.3338265581572001,False,2026-05-21 08:24:00,0.13,-17.68000000000018,2026-05-21 23:57:00,3.7333333333333334,0.4827586206896552,2,-0.7690703609160158,0,0,-0.5698746275819329,0.0,-0.5773071667261775,0.5718629212960744,0.019995600967787117,0.45769930615264454,0.019995600967787117
2026-05-21,6,540,-1,4521.59,4540.3,4527.25,13.050000000000182,100.02199999999985,0.13047129631481275,False,2026-05-21 09:59:00,0.13,-18.840000000000035,2026-05-21 12:13:00,5.316666666666666,0.4,3,-0.5512785742412827,0,0,-0.5298834256463586,0.0,-0.34129582955257015,0.6226769204201764,0.0,0.5217852072544008,0.019995600967787117
2026-05-21,7,540,-1,4521.59,4540.31,4527.43,12.88000000000011,100.02199999999985,0.12877167023255012,False,2026-05-21 09:59:00,0.13,-18.850000000000254,2026-05-21 12:13:00,5.316666666666666,0.4,3,-0.5512785742412827,0,0,-0.5298834256463586,0.0,-0.34129582955257015,0.6226769204201764,0.0,0.5217852072544008,0.019995600967787117
2026-05-21,8,570,-1,4512.93,4540.35,4518.54,21.8100000000004,100.02199999999985,0.21805202855372252,False,2026-05-21 10:29:00,0.13,-27.55000000000007,2026-05-21 12:13:00,5.816666666666666,0.3783783783783784,5,-0.41710157038023576,0,0,-0.5198856251624651,0.0,0.8411119652474646,0.7491278492749955,0.05998680290336135,0.5866709323948678,0.019995600967787117
2026-05-21,9,570,-1,4512.93,4539.95,4518.92,21.029999999999745,100.02199999999985,0.21025374417627898,False,2026-05-21 10:29:00,0.13,-27.149999999999526,2026-05-21 12:13:00,5.816666666666666,0.3783783783783784,5,-0.41710157038023576,0,0,-0.5198856251624651,0.0,0.8411119652474646,0.7491278492749955,0.05998680290336135,0.5866709323948678,0.019995600967787117
2026-05-21,10,615,1,4534.23,4524.42,4512.05,12.36999999999989,100.02199999999985,0.12367279198576223,True,2026-05-21 11:14:00,0.13,-22.30999999999938,2026-05-21 13:27:00,0.7666666666666667,0.925,-5,0.39454694859356293,0,0,0.5098878246785715,0.0,2.4276194740112707,-0.43811113049813627,0.0,0.5866709323948678,0.0
2026-05-22,2,180,-1,4526.78,4545.14,4532.66,12.480000000000473,100.28399999999984,0.12444657173627392,True,2026-05-22 03:59:00,0.13,18.639999999999528,2026-05-22 23:56:00,2.966666666666667,0.0,7,0.3673811871278515,0,0,-0.07977344342068539,1.0,2.677963937052977,0.25323305064551105,0.039886721710342694,0.20282397989709405,0.009971680427585674
2026-05-22,3,275,-1,4520.11,4541.1,4525.7,15.400000000000546,100.28399999999984,0.15356387858482481,True,2026-05-22 05:34:00,0.13,11.969999999999454,2026-05-22 23:56:00,4.55,0.0,10,-0.018236515747672717,0,0,-0.0,1.0,-0.1700606391607928,0.43330983610658175,0.009971680427585674,0.2732240437158438,0.009971680427585674
2026-05-22,10,715,1,4533.16,4527.43,4516.18,11.25,100.28399999999984,0.11218140481033882,False,2026-05-22 12:54:00,0.13,-17.109999999999562,2026-05-22 13:37:00,3.95,0.6595744680851063,-11,0.32903948131073113,0,0,-0.049858402137928366,1.0,1.0442854603114617,-0.08098569063926842,0.0,0.3846077140919765,0.02991504128275702
2026-05-26,2,130,-1,4549.71,4580.16,4555.2,24.960000000000036,95.61099999999979,0.2610578280741765,False,2026-05-26 03:09:00,0.13,42.47999999999967,2026-05-26 23:57:00,0.8666666666666667,0.625,0,0.3906179658127541,1,1,-0.052295237995628234,0.6666666666666666,1.0130901385791289,-0.8232900525445299,0.10459047599125647,0.327054418424654,0.010459047599125646
2026-05-26,3,220,-1,4529.72,4560.07,4539.64,20.42999999999938,95.61099999999979,0.21367834245013048,False,2026-05-26 04:39:00,0.13,22.489999999999892,2026-05-26 23:57:00,2.3666666666666667,0.35714285714285715,3,-0.14747959586646098,1,1,0.09413142839213082,0.48484848484848486,1.895250981176328,-0.14386092301514186,0.10459047599125647,0.5461714656263439,0.010459047599125646
2026-05-26,6,405,-1,4526.25,4545.43,4532.12,13.3100000000004,95.61099999999979,0.13920992354436654,False,2026-05-26 07:44:00,0.13,19.019999999999637,2026-05-26 23:57:00,5.45,0.19230769230769232,4,-0.6198898443317289,1,1,0.2300990471807642,0.06451612903225806,0.2254514337038222,-0.025920999079815422,0.010459047599125646,0.5745154846199748,0.010459047599125646
2026-05-26,9,635,-1,4521.39,4536.22,4527.12,9.100000000000364,95.61099999999979,0.09517733315204718,False,2026-05-26 11:34:00,0.13,-14.959999999999928,2026-05-26 13:34:00,9.283333333333333,0.11904761904761904,10,-0.9778735764077785,0,0,0.30331238037464375,0.0,-1.2662446076704954,0.13926287133102197,0.0,0.6271244940435742,0.010459047599125646
2026-05-26,10,700,-1,4516.76,4539.02,4521.73,17.290000000000873,95.61099999999979,0.18083693298889156,False,2026-05-26 12:39:00,0.13,-22.390000000000217,2026-05-26 13:50:00,10.366666666666667,0.10869565217391304,13,-0.9856408482948239,0,0,0.3137714279737694,0.0,0.6369210364835934,0.29662939808045546,0.02091809519825129,0.671366265387871,0.010459047599125646
2026-05-27,2,260,-1,4499.69,4527.99,4504.52,23.469999999999345,91.8529999999998,0.25551696732822443,True,2026-05-27 05:19:00,0.13,43.48999999999989,2026-05-27 23:57:00,4.333333333333333,0.0,1,-0.35893069277384426,0,0,0.08709568549747987,1.0,-0.4770900698332418,0.8915239352397616,0.0,0.4428815607546784,0.11975656755903481
2026-05-27,3,235,-1,4507.65,4525.89,4514.19,11.700000000000728,91.8529999999998,0.12737744004007223,True,2026-05-27 04:54:00,0.13,51.449999999999925,2026-05-27 23:57:00,3.9166666666666665,0.0,1,-0.29257862641946103,0,0,0.08709568549747987,1.0,-0.8250197435090677,0.6034493097368574,0.0,0.4428815607546784,0.11975656755903481
2026-05-27,4,260,-1,4499.69,4521.16,4506.93,14.229999999999563,91.8529999999998,0.15492145057863754,True,2026-05-27 05:19:00,0.13,43.48999999999989,2026-05-27 23:57:00,4.333333333333333,0.0,1,-0.35893069277384426,0,0,0.08709568549747987,1.0,-0.4770900698332418,0.8915239352397616,0.0,0.4428815607546784,0.11975656755903481
2026-05-27,5,410,1,4516.6,4509.68,4498.15,11.530000000000655,91.8529999999998,0.12552665672324997,False,2026-05-27 07:49:00,0.13,-18.580000000000727,2026-05-27 08:32:00,0.8333333333333334,0.8888888888888888,-3,0.5899998741012208,0,0,-0.14153048893340478,0.7894736842105263,0.01311056592897922,-0.2795463074439943,0.0,0.46585304780464504,0.010886960687184984
2026-05-27,6,410,1,4516.6,4511.97,4496.74,15.230000000000473,91.8529999999998,0.16580841126583243,False,2026-05-27 07:49:00,0.13,-19.99000000000058,2026-05-27 08:33:00,0.8333333333333334,0.8888888888888888,-3,0.5899998741012208,0,0,-0.14153048893340478,0.7894736842105263,0.01311056592897922,-0.2795463074439943,0.0,0.46585304780464504,0.010886960687184984
2026-05-27,7,500,-1,4489.5,4517.32,4495.91,21.409999999999854,91.8529999999998,0.2330898283126289,True,2026-05-27 09:19:00,0.13,33.30000000000029,2026-05-27 23:57:00,8.333333333333334,0.0,5,-0.39992633566265834,0,0,0.1306435282462198,0.8095238095238095,0.12021188984303462,1.2603028842189659,0.021773921374369967,0.5688436959054154,0.11975656755903481
2026-05-27,8,505,-1,4486.89,4513.88,4491.76,22.11999999999989,91.8529999999998,0.24081957040053062,True,2026-05-27 09:24:00,0.13,30.69000000000062,2026-05-27 23:57:00,8.416666666666666,0.0,5,-0.300527745347671,0,0,0.1306435282462198,0.8095238095238095,0.5481770031342073,1.3547595139378705,0.05443480343592491,0.5968231848714776,0.11975656755903481
2026-05-27,10,645,1,4496.27,4489.24,4475.85,13.389999999999418,91.8529999999998,0.1457764036014006,False,2026-05-27 11:44:00,0.13,-20.55000000000007,2026-05-27 13:30:00,0.8833333333333333,0.9285714285714286,-7,-0.025119143672691413,0,0,-0.1306435282462198,0.7241379310344828,0.35748996755633833,-1.0152946914231393,0.0,0.6842454791895702,0.05443480343592491
2026-05-28,2,195,-1,4438.25,4457.88,4443.92,13.960000000000036,99.83999999999969,0.13982371794871876,True,2026-05-28 04:14:00,0.13,-19.760000000000108,2026-05-28 17:13:00,3.25,0.0,7,-0.01892581225374587,0,0,-0.010016025641025671,1.0,3.0006020092842163,2.2094650565641487,0.05008012820512836,0.292267628205132,0.05008012820512836
2026-05-28,3,195,-1,4438.25,4457.94,4443.56,14.3799999999992,99.83999999999969,0.14403044871794116,True,2026-05-28 04:14:00,0.13,-19.8199999999996,2026-05-28 17:13:00,3.25,0.0,7,-0.01892581225374587,0,0,-0.010016025641025671,1.0,3.0006020092842163,2.2094650565641487,0.05008012820512836,0.292267628205132,0.05008012820512836
2026-05-28,4,290,-1,4396.19,4458.95,4406.99,51.960000000000036,99.83999999999969,0.5204326923076943,True,2026-05-28 05:49:00,0.13,-62.89000000000022,2026-05-28 17:13:00,4.833333333333333,0.0,12,0.4178239968998955,1,1,0.09014423076923105,1.0,-0.2546739479818129,3.366734797514727,0.15024038461538508,0.7338741987179553,0.05008012820512836
2026-05-28,5,320,-1,4384.54,4412.69,4392.64,20.049999999999272,99.83999999999969,0.20082131410255744,True,2026-05-28 06:19:00,0.13,-28.279999999999635,2026-05-28 15:51:00,5.333333333333333,0.0,14,0.33048856908345436,1,1,0.13020833333333373,1.0,0.3410903586570339,3.6872814566225176,0.2103365384615391,0.8421474358974469,0.05008012820512836
2026-05-28,7,460,1,4391.08,4382.09,4366.42,15.670000000000073,99.83999999999969,0.156951121794873,False,2026-05-28 08:39:00,0.13,105.14999999999975,2026-05-28 23:57:00,1.3333333333333333,0.8333333333333334,-17,0.09376075756766036,1,0,-0.45072115384615524,0.5443037974683544,1.246618390297179,-3.5073350917671524,0.0,1.008012820512827,0.010016025641025671
2026-05-28,9,690,1,4396.48,4390.69,4374.35,16.339999999999236,99.83999999999969,0.16366185897435184,False,2026-05-28 12:29:00,0.13,99.75000000000011,2026-05-28 23:57:00,5.166666666666667,0.5555555555555556,-17,0.6514546597072107,1,0,-0.580929487179489,0.32727272727272727,0.18051243675888393,-3.358755524455392,0.0,1.008012820512827,0.010016025641025671
2026-05-28,10,730,1,4401.45,4396.33,4382.97,13.359999999999673,99.83999999999969,0.1338141025640997,False,2026-05-28 13:09:00,0.13,-18.609999999999562,2026-05-28 13:49:00,5.833333333333333,0.5208333333333334,-17,0.7152140649235874,0,0,-0.5909455128205147,0.29411764705882354,0.11722889626883219,-3.2220072930591814,0.0,1.008012820512827,0.010016025641025671
2026-05-29,7,535,1,4522.05,4514.86,4501.09,13.769999999999527,107.40399999999973,0.12820751554876506,True,2026-05-29 09:54:00,0.13,19.040000000000074,2026-05-29 23:56:00,7.166666666666667,0.2,2,0.1785215316552725,0,0,0.8379576179658135,0.0,0.17227713971263628,0.5131382803770461,0.0,0.31693419239506954,0.0
2026-05-29,9,705,1,4532.46,4524.08,4510.15,13.930000000000291,107.40399999999973,0.1296972179807114,True,2026-05-29 12:44:00,0.13,8.630000000000217,2026-05-29 23:56:00,10.0,0.15217391304347827,7,0.08078721478288771,0,0,0.9310640199620149,0.0,0.05993812664901623,0.7010025500021252,0.0,0.40575769989944543,0.0
2026-05-29,10,705,1,4532.46,4526.17,4510.77,15.399999999999636,107.40399999999973,0.1433838590741469,True,2026-05-29 12:44:00,0.13,8.630000000000217,2026-05-29 23:56:00,10.0,0.15217391304347827,7,0.08078721478288771,0,0,0.9310640199620149,0.0,0.05993812664901623,0.7010025500021252,0.0,0.40575769989944543,0.0
2026-06-02,2,150,1,4493.78,4488.31,4479.44,8.8700000000008,102.11299999999983,0.08686455201591194,False,2026-06-02 03:29:00,0.13,-14.470000000000146,2026-06-02 04:00:00,0.36666666666666664,0.8888888888888888,-3,0.3979781597091443,0,0,-0.2742060266567435,0.8571428571428571,2.4096594576434316,0.11202976121465953,0.048965361902989904,0.1664822304701657,0.029379217141793944
2026-06-02,4,350,1,4498.16,4492.4,4462.96,29.4399999999996,102.11299999999983,0.28830805088480066,False,2026-06-02 06:49:00,0.13,-10.050000000000074,2026-06-02 23:57:00,1.9666666666666666,0.6521739130434783,-1,-0.25991270829586494,0,0,-0.2742060266567435,0.6666666666666666,-1.1260182507972583,0.19940414295980993,0.0,0.3567616268251873,0.09793072380597981
2026-06-02,5,330,1,4495.3,4486.62,4472.39,14.229999999999563,102.11299999999983,0.139355419975905,False,2026-06-02 06:29:00,0.13,-7.1900000000004,2026-06-02 23:57:00,1.6333333333333333,0.7142857142857143,-3,-0.5152946404929235,0,0,-0.28399909903734144,0.6153846153846154,0.5859804294061409,0.1423514644686923,0.0,0.33531479831167277,0.09793072380597981
2026-06-02,6,375,1,4504.72,4499.39,4485.74,13.650000000000546,102.11299999999983,0.1336754379951678,False,2026-06-02 07:14:00,0.13,-19.110000000000472,2026-06-02 20:36:00,2.3833333333333333,0.625,0,0.052560156030875216,0,0,-0.2742060266567435,0.6666666666666666,-0.23045428485310285,0.33026623068771116,0.048965361902989904,0.41600971472779796,0.09793072380597981
2026-06-02,7,455,1,4524.98,4518.22,4497.79,20.43000000000029,102.11299999999983,0.2000724687356196,False,2026-06-02 08:34:00,0.13,-27.3199999999996,2026-06-02 17:16:00,3.716666666666667,0.5,6,0.99799406842272,0,0,-0.28399909903734144,0.5714285714285714,-0.2691928492244358,0.7344226174814651,0.08813765142538184,0.6252876715011847,0.09793072380597981
2026-06-02,8,515,1,4535.57,4528.22,4515.23,12.990000000000691,102.11299999999983,0.12721201022397455,False,2026-06-02 09:34:00,0.13,-20.470000000000145,2026-06-02 15:54:00,4.716666666666667,0.4411764705882353,8,0.807365946683366,0,0,-0.24482680951494953,0.6666666666666666,-1.0872523784648351,0.9456771158104907,0.11751686856717578,0.727037693535592,0.09793072380597981
2026-06-03,2,165,1,4495.88,4488.69,4462.27,26.419999999999163,97.53399999999984,0.2708798982918696,True,2026-06-03 03:44:00,0.13,-33.739999999999675,2026-06-03 08:30:00,1.2666666666666666,0.5,-4,-0.14660449048799673,0,0,-0.18455102835934167,0.8095238095238095,1.4901614765808782,0.24682801178306052,0.02050566981770463,0.3535177476572233,0.0
2026-06-03,3,205,-1,4466.34,4496.75,4473.9,22.850000000000364,97.53399999999984,0.23427727766727913,False,2026-06-03 04:24:00,0.13,32.22000000000036,2026-06-03 23:57:00,0.7,0.7692307692307693,4,0.06840780613750501,0,0,0.194803863268194,0.7391304347826086,-0.6318266636379678,0.36813456281962803,0.0,0.3535177476572233,0.0
2026-06-03,5,455,-1,4465.06,4485.14,4472.86,12.280000000000655,97.53399999999984,0.12590481268071313,False,2026-06-03 08:34:00,0.13,30.94000000000062,2026-06-03 23:57:00,4.866666666666666,0.3333333333333333,5,-0.06868492545749691,0,0,0.21530953308589862,0.6842105263157895,0.3729236709199946,0.39478155318832425,0.0,0.3858141776201137,0.0
2026-06-03,6,395,-1,4474.8,4487.6,4481.91,5.690000000000509,97.53399999999984,0.05833863063137489,False,2026-06-03 07:34:00,0.13,40.6800000000004,2026-06-03 23:57:00,3.8666666666666667,0.38461538461538464,4,0.05747195227170082,0,0,0.194803863268194,0.7894736842105263,-1.0594711449206609,0.19201461085149082,0.0,0.3535177476572233,0.0
2026-06-03,7,465,-1,4462.01,4488.18,4468.36,19.82000000000062,97.53399999999984,0.2032111878934592,False,2026-06-03 08:44:00,0.13,27.890000000000438,2026-06-03 23:57:00,5.033333333333333,0.3333333333333333,5,-0.06868492545749691,0,0,0.21530953308589862,0.6842105263157895,0.3970317694021191,0.4582763349262496,0.0,0.3858141776201137,0.0
2026-06-03,8,625,-1,4451.48,4474.22,4456.7,17.520000000000437,97.53399999999984,0.17962966760309704,False,2026-06-03 11:24:00,0.13,17.359999999999783,2026-06-03 23:57:00,7.7,0.24390243902439024,11,-0.08198685322855,0,0,0.2768265425390125,0.4074074074074074,-0.6374737691485386,0.6774894666312842,0.0,0.47152787745811575,0.0
2026-06-03,9,655,-1,4444.88,4470.91,4455.33,15.579999999999927,97.53399999999984,0.15973916787991832,False,2026-06-03 11:54:00,0.13,10.760000000000327,2026-06-03 23:57:00,8.2,0.23255813953488372,12,0.027720692207374255,0,0,0.29733221235671714,0.3333333333333333,1.6105544700719292,0.8148880107198899,0.06151700945311389,0.5518075747944287,0.0
2026-06-03,10,655,-1,4444.88,4472.22,4452.9,19.32000000000062,97.53399999999984,0.19808477043903305,False,2026-06-03 11:54:00,0.13,10.760000000000327,2026-06-03 23:57:00,8.2,0.23255813953488372,12,0.027720692207374255,0,0,0.29733221235671714,0.3333333333333333,1.6105544700719292,0.8148880107198899,0.06151700945311389,0.5518075747944287,0.0
2026-06-04,2,205,1,4469.85,4464.72,4445.43,19.289999999999964,94.6579999999999,0.20378626212258852,False,2026-06-04 04:24:00,0.13,5.639999999999527,2026-06-04 23:57:00,3.15,0.07692307692307693,6,-0.19085440378007074,0,0,0.031693042320775876,1.0,0.688972174627752,-0.2585516210828209,0.021128694880517253,0.5249424243064469,0.05282173720129313
2026-06-04,3,290,1,4470.41,4465.28,4444.19,21.090000000000146,94.6579999999999,0.22280208751505595,False,2026-06-04 05:49:00,0.13,5.0800000000000365,2026-06-04 23:57:00,4.566666666666666,0.05263157894736842,6,-0.5808389758018382,0,0,0.042257389761034506,1.0,-0.35523945482741315,-0.24670886332873432,0.0,0.5249424243064469,0.05282173720129313
2026-06-04,4,395,1,4480.18,4473.7,4443.45,30.25,94.6579999999999,0.3195715100678234,False,2026-06-04 07:34:00,0.13,-4.6900000000004,2026-06-04 23:57:00,6.316666666666666,0.038461538461538464,9,-0.4718687964244216,0,0,0.06338608464155175,0.9259259259259259,-0.07246689041458014,-0.0400950360831336,0.031693042320775876,0.6341777768387227,0.05282173720129313
2026-06-04,5,405,1,4482.83,4476.48,4455.63,20.849999999999454,94.6579999999999,0.2202666441293866,False,2026-06-04 07:44:00,0.13,-7.340000000000036,2026-06-04 23:57:00,6.483333333333333,0.038461538461538464,9,-0.4718687964244216,0,0,0.06338608464155175,0.9259259259259259,-0.07246689041458014,0.01594658543178373,0.05282173720129313,0.6341777768387227,0.05282173720129313
2026-06-04,6,405,1,4482.83,4477.3,4458.44,18.860000000000582,94.6579999999999,0.19924359272328385,False,2026-06-04 07:44:00,0.13,-24.520000000000326,2026-06-04 17:53:00,6.483333333333333,0.038461538461538464,9,-0.4718687964244216,0,0,0.06338608464155175,0.9259259259259259,-0.07246689041458014,0.01594658543178373,0.05282173720129313,0.6341777768387227,0.05282173720129313
2026-06-04,8,585,-1,4461.43,4482.42,4466.95,15.470000000000255,94.6579999999999,0.16343045490080363,True,2026-06-04 10:44:00,0.13,-21.11999999999978,2026-06-04 14:26:00,3.183333333333333,0.6842105263157895,-9,0.7284240408515236,0,0,-0.1162078218428449,0.76,-0.28646578726250244,0.4366159430283578,0.0,0.6341777768387227,0.010564347440258626
2026-06-05,2,135,-1,4455.33,4474.06,4460.63,13.430000000000291,95.59399999999997,0.14048998891144104,False,2026-06-05 03:14:00,0.13,-18.860000000000472,2026-06-05 14:51:00,1.7333333333333334,0.25,3,0.1900862999491389,0,0,0.04184363035336947,1.0,1.7699603199497387,1.1480893504244338,0.05230453794171184,0.28296755026466297,0.010460907588342368
2026-06-05,3,275,-1,4444.95,4466.92,4450.7,16.220000000000255,95.59399999999997,0.16967592108291588,False,2026-06-05 05:34:00,0.13,-22.100000000000254,2026-06-05 10:29:00,4.066666666666666,0.1111111111111111,9,-0.13413544849345344,0,0,0.1673745214134779,0.6086956521739131,0.18930531305381498,1.4601777665085938,0.0,0.41111366822185696,0.010460907588342368
2026-06-05,4,305,-1,4438.5,4470.01,4444.16,25.850000000000364,95.59399999999997,0.27041446115865403,False,2026-06-05 06:04:00,0.13,-31.640000000000217,2026-06-05 14:51:00,4.566666666666666,0.1,10,-0.05682207505144201,0,0,0.15691361382513552,0.64,-1.1981468752369722,1.654105539508859,0.0,0.4712638868548256,0.010460907588342368
2026-06-05,9,560,1,4461.81,4456.25,4428.85,27.399999999999636,95.59399999999997,0.28662886792057707,True,2026-06-05 10:19:00,0.13,-33.09000000000004,2026-06-05 15:51:00,1.0333333333333334,0.8918918918918919,-12,0.43732965932224066,0,0,-0.24060087453187448,0.32,-0.8701482916228351,-0.9532595877822873,0.0,0.5512898299056409,0.07322635311839658
2026-06-09,2,210,1,4335.46,4328.9,4313.02,15.8799999999992,108.43600000000006,0.14644582979821452,False,2026-06-09 04:29:00,0.13,-22.5699999999996,2026-06-09 17:17:00,1.65,0.5384615384615384,-3,0.5179992631945503,0,0,-0.0184440591685418,1.0,2.6861204369868896,-1.2318280166124145,0.0184440591685418,0.23091962079014303,0.0184440591685418
2026-06-09,3,210,1,4335.46,4323.84,4315.16,8.680000000000291,108.43600000000006,0.0800472167914741,False,2026-06-09 04:29:00,0.13,-20.43000000000018,2026-06-09 17:17:00,1.65,0.5384615384615384,-3,0.5179992631945503,0,0,-0.0184440591685418,1.0,2.6861204369868896,-1.2318280166124145,0.0184440591685418,0.23091962079014303,0.0184440591685418
2026-06-09,5,465,1,4348.2,4340.99,4328.28,12.710000000000036,108.43600000000006,0.11721199601608348,False,2026-06-09 08:44:00,0.13,-20.05000000000007,2026-06-09 10:14:00,5.9,0.23333333333333334,3,-0.05950495653019372,0,0,0.055332177505625406,1.0,3.6539008843110587,-1.0571512161626044,0.055332177505625406,0.35449481721936976,0.0184440591685418
2026-06-09,7,465,1,4348.2,4339.39,4324.27,15.11999999999989,108.43600000000006,0.139437087314175,False,2026-06-09 08:44:00,0.13,-24.05999999999938,2026-06-09 10:15:00,5.9,0.23333333333333334,3,-0.05950495653019372,0,0,0.055332177505625406,1.0,3.6539008843110587,-1.0571512161626044,0.055332177505625406,0.35449481721936976,0.0184440591685418
2026-06-09,8,605,-1,4323.21,4351.46,4330.96,20.5,108.43600000000006,0.18905160647755348,True,2026-06-09 11:04:00,0.13,-28.38,2026-06-09 16:48:00,2.3666666666666667,0.75,-3,-0.002063753549649522,0,0,-0.0645542070898963,1.0,-0.9587682186432085,1.399786478583389,0.0,0.35449481721936976,0.0184440591685418
2026-06-09,9,605,-1,4323.21,4348.86,4330.28,18.579999999999927,108.43600000000006,0.17134530967575268,True,2026-06-09 11:04:00,0.13,-25.779999999999635,2026-06-09 16:48:00,2.3666666666666667,0.75,-3,-0.002063753549649522,0,0,-0.0645542070898963,1.0,-0.9587682186432085,1.399786478583389,0.0,0.35449481721936976,0.0184440591685418
2026-06-10,2,165,-1,4204.35,4247.26,4210.51,36.75,111.35900000000011,0.3300137393475154,True,2026-06-10 03:44:00,0.13,133.72000000000037,2026-06-10 23:57:00,2.75,0.0,6,-0.14855761968043235,1,1,0.8441167754739168,0.0,1.832415538912061,2.454471191721583,0.05387979417918618,0.5229932021659652,0.0
2026-06-10,3,225,-1,4187.24,4228.36,4199.2,29.159999999999854,111.35900000000011,0.26185579971084355,True,2026-06-10 04:44:00,0.13,116.60999999999979,2026-06-10 23:57:00,3.75,0.0,8,-0.378438303383208,0,0,1.0237160894045374,0.0,1.1057471786700674,2.680606072742783,0.0,0.6537415027074525,0.0
2026-06-10,4,295,-1,4175.12,4218.88,4183.83,35.05000000000018,111.35900000000011,0.31474779766341426,True,2026-06-10 05:54:00,0.13,-43.89000000000022,2026-06-10 09:07:00,4.916666666666667,0.0,13,-0.3547730157758396,0,0,1.0506559864941305,0.0,0.30780419978465245,2.840790453688243,0.0,0.7486597401197911,0.0
2026-06-10,5,470,1,4202.73,4192.62,4173.4,19.220000000000255,111.35900000000011,0.1725949406873287,False,2026-06-10 08:49:00,0.13,-29.459999999999926,2026-06-10 11:03:00,1.0833333333333333,0.8709677419354839,-15,0.6332355430212203,0,0,-1.1494356091559719,0.0,-0.6470821749094665,-2.475881975313314,0.0,0.761950089350653,0.00897996569653103
2026-06-10,6,460,1,4194.29,4186.54,4173.12,13.420000000000073,111.35900000000011,0.12051113964744709,False,2026-06-10 08:39:00,0.13,-21.30000000000007,2026-06-10 11:03:00,0.9166666666666666,0.9,-15,0.6077679713848728,1,0,-1.1494356091559719,0.0,0.14506669293883104,-2.587429514519554,0.0,0.761950089350653,0.00897996569653103
2026-06-10,7,460,1,4194.29,4187.21,4172.59,14.61999999999989,111.35900000000011,0.13128709848328268,False,2026-06-10 08:39:00,0.13,-21.829999999999817,2026-06-10 11:03:00,0.9166666666666666,0.9,-15,0.6077679713848728,1,0,-1.1494356091559719,0.0,0.14506669293883104,-2.587429514519554,0.0,0.761950089350653,0.00897996569653103
2026-06-10,8,605,-1,4164.22,4209.06,4173.55,35.51000000000022,111.35900000000011,0.31887858188381885,True,2026-06-10 11:04:00,0.13,93.59000000000026,2026-06-10 23:57:00,10.083333333333334,0.0,16,-0.6485634555089376,0,0,1.158415574852503,0.0,2.2531381921518907,2.984850664274503,0.07183972557224824,0.8619869072100117,0.0
2026-06-10,9,570,-1,4194.92,4221.86,4201.84,20.019999999999527,111.35900000000011,0.17977891324454698,True,2026-06-10 10:29:00,0.13,124.29000000000008,2026-06-10 23:57:00,9.5,0.0,15,-0.6009946127156702,0,0,1.1404556434594408,0.0,-0.2912165677545905,2.579103098678328,0.0,0.761950089350653,0.0
2026-06-10,10,605,-1,4164.22,4207.91,4181.6,26.30999999999949,111.35900000000011,0.23626289747572685,True,2026-06-10 11:04:00,0.13,93.59000000000026,2026-06-10 23:57:00,10.083333333333334,0.0,16,-0.6485634555089376,0,0,1.158415574852503,0.0,2.2531381921518907,2.984850664274503,0.07183972557224824,0.8619869072100117,0.0
2026-06-11,2,170,1,4071.4,4064.58,4023.81,40.76999999999998,116.95400000000014,0.3485985943191335,False,2026-06-11 03:49:00,0.13,139.86999999999955,2026-06-11 23:57:00,1.6,0.36363636363636365,-1,-0.38011283813970853,0,0,-1.0174940574926883,0.0,-1.5417803105064625,-2.216167528815002,0.0,0.45145954819843803,0.01710074046206199
2026-06-11,3,195,1,4086.84,4078.09,4036.1,41.99000000000024,116.95400000000014,0.3590300460009935,False,2026-06-11 04:14:00,0.13,124.4299999999995,2026-06-11 23:57:00,2.0166666666666666,0.3333333333333333,1,-0.046070097578147236,0,0,-1.0003933170306263,0.0,0.24934997451644764,-2.0799061738780518,0.06840296184824796,0.565179472271148,0.01710074046206199
2026-06-11,4,285,-1,4059.61,4118.09,4066.36,51.73000000000002,116.95400000000014,0.4423106520512335,True,2026-06-11 05:44:00,0.13,-58.61000000000002,2026-06-11 20:30:00,1.05,0.7777777777777778,-3,-0.5156166004356029,0,0,1.0003933170306263,0.0,1.267697020298292,2.320216840648333,0.0,0.8061289053816038,0.008550370231030995
2026-06-11,6,455,1,4095.2,4078.51,4057.02,21.490000000000236,116.95400000000014,0.18374745626485808,False,2026-06-11 08:34:00,0.13,-38.30999999999984,2026-06-11 17:11:00,6.35,0.13333333333333333,3,0.2723331976371767,0,0,-0.9490910956444403,0.0,0.5240185372012414,-2.006127357344836,0.0,0.8061289053816038,0.01710074046206199
2026-06-11,7,455,1,4095.2,4085.91,4070.2,15.710000000000036,116.95400000000014,0.13432631632949724,False,2026-06-11 08:34:00,0.13,-25.13,2026-06-11 15:22:00,6.35,0.13333333333333333,3,0.2723331976371767,0,0,-0.9490910956444403,0.0,0.5240185372012414,-2.006127357344836,0.0,0.8061289053816038,0.01710074046206199
2026-06-11,9,560,1,4104.99,4097.53,4076.41,21.11999999999989,116.95400000000014,0.18058381927937364,False,2026-06-11 10:19:00,0.13,-28.709999999999926,2026-06-11 15:10:00,8.1,0.10810810810810811,3,0.03404100132521956,0,0,-0.8977888742582544,0.0,-0.8433342278077526,-1.9197284800888301,0.0,0.8061289053816038,0.01710074046206199
2026-06-11,10,660,-1,4084.57,4110.59,4091.87,18.720000000000255,116.95400000000014,0.16006293072490238,True,2026-06-11 11:59:00,0.13,-26.14999999999998,2026-06-11 20:30:00,7.3,0.32558139534883723,-3,0.059801531200693196,0,0,0.8635873933341304,0.0,-1.052871019694014,2.099939417123316,0.0,0.8061289053816038,0.008550370231030995
2026-06-12,2,165,-1,4203.94,4245.83,4214.27,31.55999999999949,121.56400000000012,0.2596163337830234,False,2026-06-12 03:44:00,0.13,-14.840000000000037,2026-06-12 23:56:00,1.8,0.3,-1,-0.5530390046172851,0,0,-1.1434306209075045,0.0,1.5976536002096777,0.30218339241846137,0.016452239149748263,0.3569313283537838,0.008226119574874131
2026-06-12,3,185,-1,4184.91,4230.53,4200.86,29.670000000000073,121.56400000000012,0.2440689677865161,False,2026-06-12 04:04:00,0.13,-45.74999999999989,2026-06-12 18:25:00,2.1333333333333333,0.25,1,0.11723053581637005,0,0,-1.126978381757756,0.0,1.547067382103902,0.4568345198461816,0.1316179131979861,0.51174689875292,0.008226119574874131
2026-06-12,5,460,-1,4174.91,4200.1,4182.79,17.3100000000004,121.56400000000012,0.14239412984107452,False,2026-06-12 08:39:00,0.13,-25.32000000000051,2026-06-12 11:02:00,6.716666666666667,0.1,3,-0.2918059882221029,0,0,-0.9871343489848958,0.0,0.4399972326377683,0.5381015337335817,0.0,0.6158073113750748,0.008226119574874131
2026-06-12,6,455,-1,4180.25,4204.93,4189.65,15.280000000000655,121.56400000000012,0.12569510710408213,False,2026-06-12 08:34:00,0.13,-24.81000000000029,2026-06-12 11:13:00,6.633333333333334,0.1,3,-0.3092179575148096,0,0,-0.9871343489848958,0.0,-0.4096113334475868,0.4947049483177089,0.0,0.6158073113750748,0.008226119574874131
2026-06-12,7,455,-1,4180.25,4201.04,4189.61,11.430000000000291,121.56400000000012,0.09402454674081373,False,2026-06-12 08:34:00,0.13,-20.919999999999963,2026-06-12 11:04:00,6.633333333333334,0.1,3,-0.3092179575148096,0,0,-0.9871343489848958,0.0,-0.4096113334475868,0.4947049483177089,0.0,0.6158073113750748,0.008226119574874131
2026-06-12,8,610,1,4202.04,4192.91,4170.77,22.139999999999418,121.56400000000012,0.1821262873877085,True,2026-06-12 11:09:00,0.13,16.479999999999674,2026-06-12 23:56:00,0.6166666666666667,0.95,-5,0.49163735234680517,0,0,0.9295515119607769,0.0,-0.08076144236453549,-0.31762412505706444,0.0,0.6256786548649224,0.0
2026-06-12,10,610,1,4202.04,4194.22,4170.26,23.960000000000036,121.56400000000012,0.1970978250139845,True,2026-06-12 11:09:00,0.13,16.479999999999674,2026-06-12 23:56:00,0.6166666666666667,0.95,-5,0.49163735234680517,0,0,0.9295515119607769,0.0,-0.08076144236453549,-0.31762412505706444,0.0,0.6256786548649224,0.0
2026-06-16,7,505,-1,4314.86,4332.21,4321.28,10.930000000000291,123.77000000000007,0.08830896016805595,False,2026-06-16 09:24:00,0.13,-17.480000000000363,2026-06-16 10:31:00,2.4833333333333334,0.696969696969697,-5,-0.44390318613182633,0,0,0.07271552072392337,1.0,-0.8730463481361324,-1.220749206226234,0.0,0.2200048477013853,0.008079502302658153
2026-06-16,8,610,1,4339.15,4330.85,4314.39,16.460000000000036,123.77000000000007,0.13298860790175349,True,2026-06-16 11:09:00,0.13,-24.889999999999308,2026-06-16 17:34:00,9.7,0.025,7,0.44412787487768224,0,0,-0.05655651611860706,1.0,-0.12599523084400804,1.484681191702467,0.03231800921063261,0.2683202714712775,0.008079502302658153
2026-06-17,4,390,-1,4324.6,4349.69,4334.43,15.259999999999309,120.81000000000013,0.12631404685042044,False,2026-06-17 07:29:00,0.13,-25.219999999999235,2026-06-17 17:23:00,3.3833333333333333,0.48,-2,-0.3083276631313611,0,0,-0.016554920950252443,1.0,1.4561099786966332,-1.3303258449409794,0.03310984190050489,0.21132356592997034,0.016554920950252443
2026-06-17,5,395,-1,4318.09,4344.44,4329.81,14.6299999999992,120.81000000000013,0.12109924675109,False,2026-06-17 07:34:00,0.13,-26.479999999999453,2026-06-17 16:52:00,3.466666666666667,0.46153846153846156,-1,0.2671482340022001,0,0,-0.024832381425378667,1.0,0.7573913020510115,-1.2607890036800573,0.06621968380100977,0.2646304113897799,0.016554920950252443
2026-06-17,6,395,-1,4318.09,4334.13,4328.68,5.449999999999818,120.81000000000013,0.04511215958943641,False,2026-06-17 07:34:00,0.13,-16.169999999999963,2026-06-17 08:49:00,3.466666666666667,0.46153846153846156,-1,0.2671482340022001,0,0,-0.024832381425378667,1.0,0.7573913020510115,-1.2607890036800573,0.06621968380100977,0.2646304113897799,0.016554920950252443
2026-06-18,2,125,1,4292.26,4283.94,4264.26,19.67999999999938,130.0960000000001,0.15127290616159889,False,2026-06-18 03:04:00,0.13,-28.13,2026-06-18 12:00:00,2.05,0.0,4,0.09655308305228193,0,0,-0.5534374615668426,0.0,1.0928981386356433,0.583391339810593,0.06917968269585532,0.2910927315213371,0.04611978846390355
2026-06-18,3,195,1,4323.04,4315.32,4276.6,38.719999999999345,130.0960000000001,0.29762636822038585,False,2026-06-18 04:14:00,0.13,-46.5699999999996,2026-06-18 11:51:00,3.216666666666667,0.0,8,0.5248401336639248,1,1,-0.49963104169228845,0.0,1.701605106500764,0.8841107082530624,0.1767925224449636,0.5688107243881437,0.04611978846390355
2026-06-18,5,470,-1,4303.03,4329.87,4310.48,19.390000000000327,130.0960000000001,0.14904378305251748,True,2026-06-18 08:49:00,0.13,94.75000000000011,2026-06-18 23:57:00,3.6166666666666667,0.5161290322580645,-9,0.7114372185421871,0,0,0.28056204648874655,0.42857142857142855,-0.08672567552157398,-0.6886138088854883,0.0,0.578803345221991,0.0
2026-06-18,8,580,-1,4294.43,4324.7,4301.28,23.420000000000073,130.0960000000001,0.18002090763743742,True,2026-06-18 10:39:00,0.13,86.15000000000066,2026-06-18 23:57:00,5.45,0.42105263157894735,-9,0.7923509605382452,0,0,0.2613454679621201,0.4838709677419355,1.0095019264195104,-0.6045921529853878,0.0,0.578803345221991,0.0
2026-06-18,10,650,-1,4279.26,4309.47,4287.48,21.99000000000069,130.0960000000001,0.1690290247202118,True,2026-06-18 11:49:00,0.13,70.98000000000059,2026-06-18 23:57:00,6.616666666666666,0.37209302325581395,-9,0.6105777902922084,0,0,0.2767187307834213,0.4358974358974359,-1.2347718829479297,-0.4563818599615957,0.0,0.578803345221991,0.0
2026-06-19,2,255,-1,4179.96,4208.35,4186.89,21.460000000000036,133.77900000000008,0.1604138168172884,True,2026-06-19 05:14:00,0.13,24.26000000000033,2026-06-19 19:59:00,4.233333333333333,0.0,9,-0.4291672436970738,1,1,0.6503262843944113,0.0,0.08758235633606096,1.8479717111874971,0.037375073815770765,0.2589345113956623,0.02242504428946246
2026-06-19,6,405,-1,4135.41,4177.29,4146.29,31.0,133.77900000000008,0.23172545765777874,True,2026-06-19 07:44:00,0.13,-42.01000000000011,2026-06-19 11:25:00,6.733333333333333,0.0,18,0.4945386369357295,1,1,0.6877013582101821,0.0,1.6426859261439093,2.647158879892643,0.06727513286838738,0.5956839264757582,0.02242504428946246
2026-06-19,8,545,1,4156.14,4141.61,4121.82,19.789999999999964,133.77900000000008,0.14793054216282042,False,2026-06-19 10:04:00,0.13,-0.7000000000006185,2026-06-19 19:59:00,1.9666666666666666,0.7777777777777778,-20,0.08804944992187376,1,0,-0.7624515058417236,0.0,-0.07044666571545706,-2.275281214185393,0.014950029526308306,0.6838143505333454,0.029900059052616612
2026-06-19,9,550,1,4159.14,4150.54,4132.87,17.670000000000073,133.77900000000008,0.13208351086493442,False,2026-06-19 10:09:00,0.13,-3.7000000000006183,2026-06-19 19:59:00,2.05,0.7777777777777778,-20,0.0951867783751448,1,0,-0.7624515058417236,0.0,0.9024926168567108,-2.221463896427471,0.014950029526308306,0.6838143505333454,0.029900059052616612
2026-06-19,10,620,1,4170.29,4163.18,4147.6,15.579999999999927,133.77900000000008,0.11646073000994116,False,2026-06-19 11:19:00,0.13,-22.8199999999996,2026-06-19 14:00:00,3.216666666666667,0.6829268292682927,-20,0.18751779345610495,1,0,-0.8147766091838027,0.0,-0.9593963258994872,-2.0214428654272005,0.0,0.6838143505333454,0.029900059052616612
2026-06-23,2,135,-1,4178.84,4195.38,4186.85,8.529999999999745,125.92100000000019,0.06774088515815259,False,2026-06-23 03:14:00,0.13,-16.669999999999963,2026-06-23 04:00:00,0.5666666666666667,0.75,3,1.1736989468723602,0,0,0.015882974245757235,1.0,2.4366172415899694,1.096370943705037,0.06353189698302894,0.1350052810889365,0.007941487122878618
2026-06-23,3,215,-1,4169.32,4194.65,4178.38,16.269999999999527,125.92100000000019,0.12920799548923137,False,2026-06-23 04:34:00,0.13,59.519999999999634,2026-06-23 23:57:00,0.5833333333333334,0.8571428571428571,4,0.7154311094086798,0,0,0.04764892273727171,1.0,0.7268832961134338,1.2306986655939782,0.007941487122878618,0.2379269542014437,0.023824461368635856
2026-06-23,4,305,-1,4142.33,4198.38,4150.17,48.210000000000036,125.92100000000019,0.38285909419397846,False,2026-06-23 06:04:00,0.13,32.52999999999985,2026-06-23 23:57:00,2.0833333333333335,0.6,8,0.1943176933974656,1,1,0.12706379396605788,0.48717948717948717,0.12725715003582694,1.6115290451929625,0.07941487122878618,0.4629092843925944,0.023824461368635856
2026-06-23,5,320,-1,4133.26,4163.51,4146.65,16.860000000000582,125.92100000000019,0.1338934728917381,False,2026-06-23 06:19:00,0.13,23.460000000000147,2026-06-23 23:57:00,2.3333333333333335,0.5714285714285714,9,0.22918728544187134,1,1,0.1350052810889365,0.4634146341463415,0.4670626037614218,1.7395072424127735,0.09529784547454342,0.523502831140159,0.023824461368635856
2026-06-23,6,420,-1,4118.19,4149.7,4130.9,18.800000000000182,125.92100000000019,0.14929995791011946,False,2026-06-23 07:59:00,0.13,8.389999999999526,2026-06-23 23:57:00,4.0,0.4444444444444444,10,0.04980833935137316,1,1,0.18265420382620823,0.3584905660377358,2.7092629570184346,1.9521457685541954,0.14294676821181512,0.6630347598891341,0.023824461368635856
2026-06-23,7,585,-1,4104.97,4146.97,4114.89,32.07999999999993,125.92100000000019,0.2547629069019455,False,2026-06-23 10:44:00,0.13,-4.829999999999818,2026-06-23 23:57:00,6.75,0.3157894736842105,15,-0.37519334726457976,1,1,0.46060625312695985,0.0,0.9047753657376039,2.1386806932781064,0.04764892273727171,0.7503117033695756,0.023824461368635856
2026-06-23,8,585,-1,4104.97,4137.5,4115.46,22.039999999999964,125.92100000000019,0.17503037618824446,False,2026-06-23 10:44:00,0.13,-32.65999999999975,2026-06-23 16:52:00,6.75,0.3157894736842105,15,-0.37519334726457976,1,1,0.46060625312695985,0.0,0.9047753657376039,2.1386806932781064,0.04764892273727171,0.7503117033695756,0.023824461368635856
2026-06-23,9,595,-1,4100.68,4126.95,4110.39,16.55999999999949,125.92100000000019,0.13151102675486587,False,2026-06-23 10:54:00,0.13,-26.399999999999526,2026-06-23 13:00:00,6.916666666666667,0.3076923076923077,16,-0.3643094776175198,1,1,0.4685477402498385,0.0,-0.1119041503138029,2.1992128284570485,0.03176594849151447,0.7932751487043478,0.023824461368635856
2026-06-23,10,725,1,4131.72,4124.82,4096.71,28.109999999999673,125.92100000000019,0.22323520302411537,True,2026-06-23 13:04:00,0.13,-22.18000000000018,2026-06-23 23:57:00,1.9666666666666666,0.8333333333333334,-17,0.49034489091925887,1,0,-0.540021124355746,0.0,0.17285812855015673,-1.7612367268359832,0.0,0.8536304508382245,0.015882974245757235
2026-06-24,2,185,-1,4073.55,4104.43,4080.92,23.51000000000022,123.9900000000002,0.18961206548915382,True,2026-06-24 04:04:00,0.13,72.4000000000002,2026-06-24 23:57:00,2.8333333333333335,0.08333333333333333,4,0.6133892518830736,0,0,0.2177594967336072,0.09523809523809523,2.485881416515154,1.938826640893759,0.05645616581982409,0.36833615614162435,0.0
2026-06-24,3,185,-1,4073.55,4112.07,4093.8,18.269999999999527,123.9900000000002,0.14735059278973706,True,2026-06-24 04:04:00,0.13,72.4000000000002,2026-06-24 23:57:00,2.8333333333333335,0.08333333333333333,4,0.6133892518830736,0,0,0.2177594967336072,0.09523809523809523,2.485881416515154,1.938826640893759,0.05645616581982409,0.36833615614162435,0.0
2026-06-24,4,280,-1,4060.77,4102.29,4068.54,33.75,123.9900000000002,0.272199370917009,True,2026-06-24 05:39:00,0.13,59.62,2026-06-24 23:57:00,4.416666666666667,0.05555555555555555,5,0.5188578845737654,0,0,0.2500201629163638,0.0,0.7125558067955944,2.1067576122955693,0.06452133236551325,0.4431002500201627,0.0
2026-06-24,6,455,1,4082.17,4070.67,4050.45,20.220000000000255,123.9900000000002,0.1630776675538368,False,2026-06-24 08:34:00,0.13,-31.850000000000254,2026-06-24 14:06:00,2.283333333333333,0.7,-6,-0.05344597969932845,1,0,-0.3145414952818771,0.044444444444444446,0.3806261219052949,-1.8255586460984876,0.0,0.5203645455278678,0.01613033309137831
2026-06-24,7,450,1,4073.55,4067.23,4055.09,12.139999999999873,123.9900000000002,0.09791112186466533,False,2026-06-24 08:29:00,0.13,-18.590000000000035,2026-06-24 13:59:00,2.2,0.7241379310344828,-6,-0.0701614549695897,1,0,-0.2903459956448096,0.1276595744680851,-0.4339881372387892,-1.938826640893759,0.0,0.5203645455278678,0.01613033309137831
2026-06-24,8,495,1,4096.01,4086.2,4060.81,25.389999999999873,123.9900000000002,0.20477457859504664,False,2026-06-24 09:14:00,0.13,-35.330000000000275,2026-06-24 13:02:00,2.95,0.65625,-6,-0.06395508709572548,0,0,-0.32260666182756625,0.0,1.621569348033746,-1.643699127772897,0.0,0.5203645455278678,0.01613033309137831
2026-06-24,9,690,-1,4069.36,4097.59,4075.91,21.68000000000029,123.9900000000002,0.17485281071054323,True,2026-06-24 12:29:00,0.13,68.21000000000015,2026-06-24 23:57:00,11.25,0.022222222222222223,6,0.06723559033105625,0,0,0.35486732801032284,0.0,-0.025166694577840005,1.993883821658515,0.0,0.5203645455278678,0.0
2026-06-24,10,720,-1,4064.64,4090.83,4073.77,17.059999999999945,123.9900000000002,0.13759174126945656,True,2026-06-24 12:59:00,0.13,63.48999999999989,2026-06-24 23:57:00,11.75,0.02127659574468085,6,0.01141818248095406,0,0,0.35486732801032284,0.0,-0.7289643037296325,2.055905275885164,0.0,0.5203645455278678,0.0
2026-06-25,2,160,-1,3982.59,4018.67,3990.92,27.75,120.24300000000021,0.2307826651031657,True,2026-06-25 03:39:00,0.13,-36.20999999999993,2026-06-25 15:53:00,1.0333333333333334,0.6,4,0.16157595628272794,0,0,0.4574070839882563,0.3684210526315789,1.0808031228450519,1.952704374316043,0.06653193948920091,0.3081260447593633,0.008316492436150114
2026-06-25,3,250,-1,3965.87,4016.44,3978.61,37.82999999999993,120.24300000000021,0.3146129088595582,True,2026-06-25 05:09:00,0.13,-50.700000000000166,2026-06-25 15:48:00,2.533333333333333,0.375,8,0.21251370707718736,0,0,0.5405720083497575,0.037037037037037035,0.7796873182811513,2.145996929378205,0.0582154470530508,0.4549953011817731,0.008316492436150114
2026-06-25,4,250,-1,3965.87,4005.91,3972.55,33.35999999999967,120.24300000000021,0.2774381876699651,True,2026-06-25 05:09:00,0.13,-40.169999999999966,2026-06-25 15:30:00,2.533333333333333,0.375,8,0.21251370707718736,0,0,0.5405720083497575,0.037037037037037035,0.7796873182811513,2.145996929378205,0.0582154470530508,0.4549953011817731,0.008316492436150114
2026-06-25,5,355,1,3997.41,3991.21,3963.64,27.570000000000164,120.24300000000021,0.22928569646466004,False,2026-06-25 06:54:00,0.13,29.1500000000002,2026-06-25 23:57:00,1.7,0.6956521739130435,-8,0.23827808295247674,0,0,-0.5904709629666581,0.0,1.581052041628374,-1.781376882329133,0.0,0.45765657876134247,0.024949477308450346
2026-06-25,9,625,1,3997.02,3989.19,3974.12,15.070000000000164,120.24300000000021,0.1253295410127836,False,2026-06-25 11:24:00,0.13,-23.03000000000009,2026-06-25 14:36:00,6.2,0.3902439024390244,-8,0.3673746106577286,0,0,-0.5904709629666581,0.0,0.3755599844500759,-1.7858855005393135,0.0,0.45765657876134247,0.024949477308450346
2026-06-25,10,625,1,3997.02,3989.81,3971.48,18.329999999999927,120.24300000000021,0.152441306354631,False,2026-06-25 11:24:00,0.13,29.540000000000074,2026-06-25 23:57:00,6.2,0.3902439024390244,-8,0.3673746106577286,0,0,-0.5904709629666581,0.0,0.3755599844500759,-1.7858855005393135,0.0,0.45765657876134247,0.024949477308450346
2026-06-26,2,265,-1,4006.06,4030.45,4012.61,17.83999999999969,108.6780000000002,0.16415465871657242,False,2026-06-26 05:24:00,0.13,-24.51999999999987,2026-06-26 09:57:00,3.75,0.11764705882352941,3,0.0557603102117811,0,0,-0.22083586374427167,0.46153846153846156,0.8811747765485102,1.1246353348326272,0.04600747161338993,0.28773072747014045,0.04600747161338993
2026-06-26,3,275,-1,4002.98,4024.48,4011.47,13.010000000000218,108.6780000000002,0.1197114411380426,False,2026-06-26 05:34:00,0.13,-21.63,2026-06-26 09:22:00,3.9166666666666665,0.1111111111111111,4,0.4353104516084194,0,0,-0.23003735806694967,0.4,-0.6159306168852475,1.164393484067632,0.018402988645355972,0.3247207346473058,0.04600747161338993
2026-06-26,4,265,-1,4006.06,4029.66,4014.34,15.319999999999709,108.6780000000002,0.14096689302342408,False,2026-06-26 05:24:00,0.13,-23.729999999999908,2026-06-26 09:57:00,3.75,0.11764705882352941,3,0.0557603102117811,0,0,-0.22083586374427167,0.46153846153846156,0.8811747765485102,1.1246353348326272,0.04600747161338993,0.28773072747014045,0.04600747161338993
2026-06-26,6,415,1,4014.41,4006.57,3986.67,19.90000000000009,108.6780000000002,0.18310973702129277,True,2026-06-26 07:54:00,0.13,73.44000000000017,2026-06-26 23:56:00,1.9833333333333334,0.7037037037037037,-5,-0.5114490776597903,0,0,0.19323138077623772,0.5925925925925926,-0.5410075513934743,-1.0168494432377262,0.0,0.49246397614972565,0.027604482968033958
2026-06-26,7,505,1,4023.19,4015.38,3998.78,16.59999999999991,108.6780000000002,0.15274480575645374,True,2026-06-26 09:24:00,0.13,64.65999999999997,2026-06-26 23:56:00,3.4833333333333334,0.5757575757575758,-5,-0.5460325077128534,0,0,0.18402988645355972,0.6521739130434783,2.2941864516165915,-0.9035129009379345,0.0,0.49246397614972565,0.027604482968033958
2026-06-26,8,540,1,4032.12,4021.59,4005.72,15.870000000000346,108.6780000000002,0.14602771490090283,True,2026-06-26 09:59:00,0.13,55.730000000000125,2026-06-26 23:56:00,4.066666666666666,0.5428571428571428,-5,-0.5845200366573129,0,0,0.19323138077623772,0.6086956521739131,0.5126693274770723,-0.7882400851364425,0.0,0.49246397614972565,0.027604482968033958
2026-06-26,9,670,1,4038.68,4033.18,4006.83,26.34999999999991,108.6780000000002,0.2424593754025641,True,2026-06-26 12:09:00,0.13,49.17000000000018,2026-06-26 23:56:00,6.233333333333333,0.4318181818181818,-3,-0.5168631940644174,0,0,0.2116343694215937,0.5185185185185185,0.3226936958228948,-0.7035603906618855,0.0,0.5214486832661621,0.027604482968033958
2026-06-30,3,190,-1,3963.6,4015.14,3980.11,35.029999999999745,106.0720000000003,0.3302473791386949,True,2026-06-30 04:09:00,0.13,-51.669999999999966,2026-06-30 09:31:00,1.85,0.4166666666666667,6,0.7821972814606686,0,0,0.43838147673278405,0.0,3.2709304958908882,1.6756201377886604,0.2639716419036119,0.7506222188701982,0.0
2026-06-30,4,395,1,3996.34,3987.25,3942.78,44.4699999999998,106.0720000000003,0.41924353269477027,False,2026-06-30 07:34:00,0.13,10.679999999999945,2026-06-30 23:57:00,3.466666666666667,0.46153846153846156,-6,0.5113641687478524,1,0,-0.716494456595518,0.0,0.2987379240128037,-1.0416674422282928,0.0,0.7506222188701982,0.07542046911531769
2026-06-30,5,390,1,3982.8,3973.25,3952.46,20.789999999999964,106.0720000000003,0.1959989441134315,False,2026-06-30 07:29:00,0.13,24.21999999999991,2026-06-30 23:57:00,3.3833333333333333,0.48,-6,0.552407029986448,1,0,-0.7070668979561032,0.0,-0.004309013868522969,-1.3038458019682833,0.0,0.7506222188701982,0.07542046911531769
2026-06-30,6,385,1,3977.28,3971.11,3960.2,10.91000000000031,106.0720000000003,0.1028546647560174,False,2026-06-30 07:24:00,0.13,29.739999999999892,2026-06-30 23:57:00,3.3,0.48,-6,0.5474752581659611,1,0,-0.6976393393166885,0.0,-0.6583449461314977,-1.4107309235166399,0.0,0.7506222188701982,0.07542046911531769
2026-06-30,7,510,1,4012.08,3998.04,3968.24,29.800000000000182,106.0720000000003,0.28094124745456006,False,2026-06-30 09:29:00,0.13,-5.059999999999836,2026-06-30 23:57:00,5.383333333333334,0.36363636363636365,-6,0.3607308815661079,1,0,-0.6976393393166885,0.0,2.1493409024668453,-0.7368899398422215,0.0,0.7506222188701982,0.07542046911531769
2026-06-30,8,505,1,4000.04,3990.84,3975.2,15.640000000000327,106.0720000000003,0.14744701712044916,False,2026-06-30 09:24:00,0.13,6.980000000000127,2026-06-30 23:57:00,5.3,0.36363636363636365,-6,0.41810889889074715,1,0,-0.7070668979561032,0.0,1.021985997108249,-0.9700234295962455,0.0,0.7506222188701982,0.07542046911531769
2026-07-01,3,190,-1,3985.44,4009.83,3993.25,16.579999999999927,113.2380000000002,0.14641728041823326,True,2026-07-01 04:09:00,0.13,-24.51999999999987,2026-07-01 14:07:00,2.033333333333333,0.3333333333333333,4,0.7333330179588382,0,0,0.13246436708525383,1.0,3.004842174849352,1.2122282640748145,0.07947862025115231,0.31279252547731334,0.0
2026-07-01,9,710,1,3985.42,3977.5,3963.2,14.300000000000182,113.2380000000002,0.12628269662127692,False,2026-07-01 12:49:00,0.13,45.87,2026-07-01 23:57:00,2.5833333333333335,0.7872340425531915,-13,0.9996291255412919,0,0,-0.44154789028417946,0.0,-1.076289637148356,-1.212806559580168,0.0,0.5140500538688421,0.0
2026-07-01,10,710,1,3985.42,3978.4,3960.17,18.230000000000018,113.2380000000002,0.160988360797612,False,2026-07-01 12:49:00,0.13,45.87,2026-07-01 23:57:00,2.5833333333333335,0.7872340425531915,-13,0.9996291255412919,0,0,-0.44154789028417946,0.0,-1.076289637148356,-1.212806559580168,0.0,0.5140500538688421,0.0
2026-07-02,3,185,1,4065.0,4052.66,4030.77,21.889999999999873,112.46300000000019,0.1946417933009064,True,2026-07-02 04:04:00,0.13,58.830000000000034,2026-07-02 23:57:00,1.0333333333333334,0.6666666666666666,4,1.210398158016437,0,0,0.24897077260965786,1.0,2.2011340325532736,1.1995038255871453,0.12448538630482893,0.3358437886238133,0.02667543992246334
2026-07-02,5,350,1,4068.81,4061.03,4041.33,19.700000000000273,112.46300000000019,0.1751687221575117,True,2026-07-02 06:49:00,0.13,55.02000000000009,2026-07-02 23:57:00,3.783333333333333,0.34782608695652173,5,0.2190626960869366,0,0,0.3112134657620723,1.0,-0.58326772195879,1.3112574503172396,0.0,0.34171238540675397,0.02667543992246334
2026-07-02,8,500,1,4074.62,4067.73,4053.25,14.480000000000018,112.46300000000019,0.12875345669242322,True,2026-07-02 09:19:00,0.13,49.21000000000014,2026-07-02 23:57:00,6.283333333333333,0.24242424242424243,6,-0.07152067004883012,0,0,0.39123978552946237,0.7037037037037037,-0.13988113232930202,1.4816743951156255,0.0,0.4012875345669245,0.02667543992246334
2026-07-03,3,185,1,4161.03,4151.06,4122.98,28.080000000000837,110.96200000000022,0.25305960599124727,True,2026-07-03 04:04:00,0.13,13.779999999999854,2026-07-03 19:59:00,1.3666666666666667,0.5,3,0.8819262247266417,0,0,0.5046772769056064,0.0,1.578770723092905,2.8939582388614147,0.13518141345685883,0.3646293325643009,0.009012094230457256
2026-07-03,6,485,-1,4164.84,4184.61,4175.28,9.329999999999927,110.96200000000022,0.08408283917016554,False,2026-07-03 09:04:00,0.13,-19.899999999999526,2026-07-03 11:02:00,4.5,0.4375,-5,0.519544588410001,1,0,-0.8381247634325248,0.0,-0.14888060365480776,-2.986647904451297,0.0,0.6690578756691448,0.009012094230457256
2026-07-03,7,485,-1,4164.84,4182.86,4173.29,9.569999999999709,110.96200000000022,0.08624574178547331,False,2026-07-03 09:04:00,0.13,-18.149999999999526,2026-07-03 11:02:00,4.5,0.4375,-5,0.519544588410001,1,0,-0.8381247634325248,0.0,-0.14888060365480776,-2.986647904451297,0.0,0.6690578756691448,0.009012094230457256
2026-07-03,8,495,-1,4162.44,4181.9,4169.29,12.609999999999673,110.96200000000022,0.11364250824606305,False,2026-07-03 09:14:00,0.13,-19.590000000000035,2026-07-03 11:02:00,4.666666666666667,0.4375,-5,0.5223098511394247,1,0,-0.8381247634325248,0.0,0.2660461093345229,-2.9282607135285295,0.0,0.6690578756691448,0.009012094230457256
2026-07-03,9,550,1,4180.42,4174.46,4160.49,13.970000000000255,110.96200000000022,0.12589895639949017,True,2026-07-03 10:09:00,0.13,-20.06000000000029,2026-07-03 17:08:00,7.45,0.16666666666666666,5,-0.6390549640747397,1,1,0.8741731403543539,0.0,0.2159360244014353,3.3656780855248427,0.0,0.6690578756691448,0.009012094230457256
2026-07-07,3,200,-1,4136.21,4162.77,4145.31,17.460000000000036,108.22900000000004,0.1613245987674286,True,2026-07-07 04:19:00,0.13,-26.6900000000004,2026-07-07 15:07:00,2.75,0.15384615384615385,9,0.49259974955674224,0,0,-0.02771900322464403,1.0,0.6551978126193541,-0.7811099115195372,0.02771900322464403,0.3133171331158917,0.00923966774154801
2026-07-07,5,435,-1,4122.43,4145.28,4131.38,13.899999999999636,108.22900000000004,0.128431381607514,True,2026-07-07 08:14:00,0.13,-22.979999999999453,2026-07-07 14:25:00,6.666666666666667,0.07142857142857142,11,-0.5031312348045848,1,1,0.15707435160631616,0.6296296296296297,0.646486107059739,-0.5873498458616406,0.01847933548309602,0.42798140978850113,0.00923966774154801
2026-07-07,7,460,-1,4120.0,4141.32,4125.96,15.359999999999673,108.22900000000004,0.1419212965101744,True,2026-07-07 08:39:00,0.13,-21.449999999999708,2026-07-07 14:18:00,7.083333333333333,0.06666666666666667,13,-0.489372674700853,1,1,0.1847933548309602,0.5172413793103449,0.5754704604922237,-0.5531817065620213,0.0,0.4525589259810175,0.00923966774154801
2026-07-07,8,615,1,4137.06,4131.38,4116.68,14.699999999999818,108.22900000000004,0.13582311580075407,False,2026-07-07 11:14:00,0.13,-20.510000000000108,2026-07-07 22:07:00,2.5833333333333335,0.75,-13,0.8269986062064361,0,0,-0.1940330225725082,0.4782608695652174,2.2567470515140684,0.7930617297930703,0.0,0.4787995823670152,0.03695867096619204
2026-07-07,9,630,1,4138.63,4132.92,4121.57,11.350000000000364,108.22900000000004,0.10487022886657328,False,2026-07-07 11:29:00,0.13,-17.1900000000004,2026-07-07 12:29:00,2.8333333333333335,0.7317073170731707,-13,0.8381352060735906,0,0,-0.1940330225725082,0.4782608695652174,-0.7717798171663323,0.8151374411924062,0.0,0.4787995823670152,0.03695867096619204
2026-07-08,2,160,1,4122.95,4107.91,4095.88,12.029999999999745,106.296,0.1131745314969495,False,2026-07-08 03:39:00,0.13,-27.199999999999708,2026-07-08 11:17:00,2.65,0.0,3,1.3121036790343825,0,0,-0.34808459396402497,0.0,2.479576669293697,0.22286343686646326,0.14111537593136148,0.2718822909610906,0.009407691728757432
2026-07-08,4,305,1,4125.76,4117.9,4096.46,21.4399999999996,106.296,0.20170091066455556,False,2026-07-08 06:04:00,0.13,-29.43000000000018,2026-07-08 11:17:00,5.066666666666666,0.0,4,0.37978182230815216,0,0,-0.3104538270489952,0.0,0.9827033590983839,0.2685622420937332,0.0,0.33162113343870375,0.009407691728757432
2026-07-09,2,135,1,4087.55,4077.81,4072.0,5.809999999999945,101.94599999999996,0.056990955996311266,False,2026-07-09 03:14:00,0.13,-15.680000000000183,2026-07-09 03:54:00,0.4666666666666667,0.875,0,1.1494028353909336,0,0,0.09809114629313563,1.0,2.341331921339738,-0.7736178358478303,0.0784729170345085,0.1525317324858277,0.0
2026-07-09,3,300,-1,4065.08,4089.77,4070.37,19.40000000000009,101.94599999999996,0.190296823808684,True,2026-07-09 05:59:00,0.13,-24.820000000000054,2026-07-09 09:00:00,2.75,0.47368421052631576,2,-0.040222844669550895,0,0,-0.08828203166382206,1.0,-0.10784472382279589,1.2859306022724852,0.0,0.2679850116728481,0.019618229258627124
2026-07-09,4,320,-1,4055.81,4078.82,4062.45,16.370000000000346,101.94599999999996,0.1605752064818664,True,2026-07-09 06:19:00,0.13,-23.140000000000217,2026-07-09 08:49:00,3.0833333333333335,0.42857142857142855,4,0.675890121816834,0,0,-0.0784729170345085,1.0,-0.8320723142006471,1.497285268260758,0.019618229258627124,0.3481254781943362,0.019618229258627124
2026-07-09,5,315,-1,4058.97,4082.65,4064.45,18.200000000000273,101.94599999999996,0.1785258862535095,True,2026-07-09 06:14:00,0.13,-23.81000000000029,2026-07-09 08:51:00,3.0,0.45,3,0.5031785102875457,0,0,-0.0784729170345085,1.0,1.1824140737102369,1.4252377230047804,0.03923645851725425,0.3374335432483874,0.019618229258627124
2026-07-09,6,435,1,4073.55,4067.64,4054.28,13.359999999999673,101.94599999999996,0.13104977144762597,False,2026-07-09 08:14:00,0.13,50.25000000000011,2026-07-09 23:57:00,1.95,0.75,-4,-0.2632259046141258,0,0,0.049045573146567815,1.0,1.3355411880817187,-1.0928158211591381,0.0,0.3481254781943362,0.009809114629313562
2026-07-09,7,435,1,4073.55,4064.57,4056.51,8.059999999999945,101.94599999999996,0.07906146391226677,False,2026-07-09 08:14:00,0.13,50.25000000000011,2026-07-09 23:57:00,1.95,0.75,-4,-0.2632259046141258,0,0,0.049045573146567815,1.0,1.3355411880817187,-1.0928158211591381,0.0,0.3481254781943362,0.009809114629313562
2026-07-09,8,485,1,4092.96,4084.25,4063.76,20.48999999999978,101.94599999999996,0.20098875875463276,False,2026-07-09 09:04:00,0.13,30.840000000000256,2026-07-09 23:57:00,2.783333333333333,0.65625,-3,0.18063393300975916,0,0,0.049045573146567815,1.0,2.6432591654328625,-0.6502706143811067,0.029427343887940688,0.44523571302454135,0.009809114629313562
2026-07-09,9,625,1,4115.8,4108.1,4081.48,26.620000000000346,101.94599999999996,0.26111863143233044,False,2026-07-09 11:24:00,0.13,8.000000000000108,2026-07-09 23:57:00,5.116666666666666,0.5121951219512195,4,0.6545244080304345,0,0,0.03923645851725425,1.0,0.4955396872345763,-0.12952190120179813,0.049045573146567815,0.6226825966688251,0.009809114629313562
2026-07-10,2,155,-1,4115.79,4125.14,4121.07,4.0700000000006185,102.25699999999988,0.03980167616887473,False,2026-07-10 03:34:00,0.13,-9.480000000000365,2026-07-10 03:45:00,2.466666666666667,0.0,7,0.8612204758996624,0,0,-0.14668922420958974,1.0,0.8542933031098613,0.24265940482391937,0.0195585632279453,0.12761962506234487,0.0195585632279453
2026-07-10,5,460,-1,4109.46,4129.12,4116.16,12.960000000000036,102.25699999999988,0.1267394897170859,False,2026-07-10 08:39:00,0.13,-10.520000000000328,2026-07-10 23:56:00,2.533333333333333,0.6666666666666666,6,0.26794409788837004,0,0,-0.1369099425956171,1.0,-0.017846366210521675,0.396966618285501,0.0,0.25494587167626415,0.029337844841917947
2026-07-10,6,385,-1,4114.29,4134.82,4119.42,15.399999999999636,102.25699999999988,0.15060093685517525,False,2026-07-10 07:24:00,0.13,-5.6900000000004,2026-07-10 23:56:00,1.2833333333333334,0.8,6,0.4546776522682935,0,0,-0.1564685058235624,1.0,0.69573485191435,0.27922509521765954,0.0,0.25494587167626415,0.029337844841917947
2026-07-10,7,585,-1,4106.84,4121.1,4112.13,8.970000000000255,102.25699999999988,0.08772015607733716,False,2026-07-10 10:44:00,0.13,-13.140000000000219,2026-07-10 23:56:00,4.616666666666666,0.5263157894736842,8,0.11028743131850705,0,0,-0.12713066098164444,1.0,0.9490592188850657,0.4608346908398978,0.0195585632279453,0.2873152938185175,0.029337844841917947
2026-07-10,8,635,-1,4102.34,4117.19,4108.27,8.919999999999163,102.25699999999988,0.08723119199662785,False,2026-07-10 11:34:00,0.13,-14.979999999999455,2026-07-10 15:13:00,5.45,0.47619047619047616,12,0.2835385172907029,0,0,-0.11735137936767179,1.0,-0.7877149853309622,0.5705317620211183,0.00977928161397265,0.32056485130602097,0.029337844841917947
2026-07-10,9,590,-1,4105.12,4120.14,4111.15,8.990000000000691,102.25699999999988,0.08791574170962088,False,2026-07-10 10:49:00,0.13,-15.150000000000437,2026-07-10 23:55:00,4.7,0.5128205128205128,9,0.17638223957645277,0,0,-0.11735137936767179,1.0,-0.9577306525264044,0.5027633491580594,0.0,0.2977791251454654,0.029337844841917947
2026-07-10,10,650,-1,4095.8,4115.38,4104.37,11.010000000000218,102.25699999999988,0.107669890569841,False,2026-07-10 11:49:00,0.13,-19.709999999999926,2026-07-10 15:13:00,5.7,0.46511627906976744,13,0.6082261092514026,0,0,-0.11735137936767179,1.0,0.3130299185390216,0.7299581721378244,0.04889640806986325,0.390780093294343,0.029337844841917947
2026-07-14,2,240,1,4010.43,4003.12,3992.74,10.38000000000011,101.64799999999983,0.10211711002676026,False,2026-07-14 04:59:00,0.13,42.09000000000025,2026-07-14 23:57:00,1.8833333333333333,0.5333333333333333,-2,-0.4744130404845424,0,0,-0.6984889028805301,0.0,0.9790422394488555,-2.1418520841858295,0.029513615614670287,0.28126475680780927,0.019675743743113525
2026-07-14,3,255,1,4016.77,4007.26,3983.56,23.700000000000273,101.64799999999983,0.23315756335589793,False,2026-07-14 05:14:00,0.13,35.75000000000011,2026-07-14 23:57:00,2.1333333333333333,0.5,-1,-0.045794150372344994,0,0,-0.6984889028805301,0.0,0.6579460513348936,-1.978952395706961,0.03935148748622705,0.33714386903825005,0.019675743743113525
2026-07-14,4,260,1,4018.06,4012.15,3992.29,19.860000000000127,101.64799999999983,0.19538013536911855,False,2026-07-14 05:19:00,0.13,34.46000000000014,2026-07-14 23:57:00,2.216666666666667,0.47058823529411764,0,0.20032026492359883,0,0,-0.6984889028805301,0.0,-0.8743400926475603,-1.9458071909533758,0.029513615614670287,0.349441208877696,0.019675743743113525
2026-07-14,5,455,1,4028.85,4019.08,4006.02,13.059999999999945,101.64799999999983,0.12848260664253078,False,2026-07-14 08:34:00,0.13,23.670000000000183,2026-07-14 23:57:00,5.466666666666667,0.26666666666666666,4,0.09332258585428733,1,1,-0.6689752872658598,0.0,0.07581526587889406,-1.6685693930532268,0.03935148748622705,0.45834645049583095,0.019675743743113525
2026-07-14,6,455,1,4028.85,4019.06,4011.15,7.9099999999998545,101.64799999999983,0.07781756650401256,False,2026-07-14 08:34:00,0.13,23.670000000000183,2026-07-14 23:57:00,5.466666666666667,0.26666666666666666,4,0.09332258585428733,1,1,-0.6689752872658598,0.0,0.07581526587889406,-1.6685693930532268,0.03935148748622705,0.45834645049583095,0.019675743743113525
2026-07-14,7,455,1,4028.85,4023.43,4013.53,9.899999999999636,101.64799999999983,0.09739493152840836,False,2026-07-14 08:34:00,0.13,23.670000000000183,2026-07-14 23:57:00,5.466666666666667,0.26666666666666666,4,0.09332258585428733,1,1,-0.6689752872658598,0.0,0.07581526587889406,-1.6685693930532268,0.03935148748622705,0.45834645049583095,0.019675743743113525
2026-07-15,2,225,-1,4038.86,4056.14,4046.79,9.349999999999909,101.55399999999982,0.0920692439490313,False,2026-07-15 04:44:00,0.13,-17.409999999999744,2026-07-15 15:35:00,0.75,0.8571428571428571,-3,0.8490998733230363,0,0,-0.24617444906158345,1.0,3.373707440277885,0.940852499070974,0.0787758236997067,0.2515902869409356,0.019693955924926676
2026-07-15,3,225,-1,4038.86,4060.63,4051.1,9.5300000000002,101.55399999999982,0.09384169998227758,False,2026-07-15 04:44:00,0.13,-21.89999999999998,2026-07-15 15:36:00,0.75,0.8571428571428571,-3,0.8490998733230363,0,0,-0.24617444906158345,1.0,3.373707440277885,0.940852499070974,0.0787758236997067,0.2515902869409356,0.019693955924926676
2026-07-15,4,260,-1,4030.25,4062.14,4035.65,26.48999999999978,101.55399999999982,0.2608464462256517,False,2026-07-15 05:19:00,0.13,-32.019999999999875,2026-07-15 15:37:00,1.3333333333333333,0.7058823529411765,0,0.7132167827642159,0,0,-0.2560214270240468,1.0,0.375513006772738,1.1703043334181538,0.06892884573724337,0.32042066289855664,0.019693955924926676
2026-07-15,7,580,-1,4020.53,4035.16,4028.25,6.9099999999998545,101.55399999999982,0.06804261772062023,False,2026-07-15 10:39:00,0.13,-14.759999999999655,2026-07-15 13:14:00,6.666666666666667,0.3157894736842105,7,-0.4489792242183177,1,1,-0.05908186777478003,1.0,0.1851082432366573,1.4293370662700131,0.0,0.41682257715107235,0.019693955924926676
2026-07-16,2,180,-1,4044.64,4062.09,4055.69,6.400000000000091,92.38599999999978,0.06927456541034471,False,2026-07-16 03:59:00,0.13,68.06000000000006,2026-07-16 23:57:00,3.0,0.0,7,1.1052235375746169,0,0,-0.20565886606195793,0.3333333333333333,3.1251846593648263,0.5780914327875147,0.10824150845366207,0.2468988807828026,0.021648301690732414
2026-07-16,3,205,-1,4037.68,4061.28,4043.93,17.350000000000364,92.38599999999978,0.18779901716710762,False,2026-07-16 04:24:00,0.13,61.100000000000016,2026-07-16 23:57:00,3.4166666666666665,0.0,9,0.8104557031542644,0,0,-0.1840105643712255,0.5294117647058824,0.9844698640333763,0.7637540006437956,0.07576905591756344,0.33598164224016663,0.021648301690732414
2026-07-16,4,280,-1,4027.35,4050.56,4033.93,16.63000000000011,92.38599999999978,0.18000562855844118,False,2026-07-16 05:39:00,0.13,50.77000000000009,2026-07-16 23:57:00,4.666666666666667,0.0,12,0.22668896722026874,0,0,-0.1298898101443945,0.7037037037037037,0.8734437438828092,1.0393135302350827,0.04329660338146483,0.4395687658303181,0.021648301690732414
2026-07-16,7,445,-1,4027.26,4037.95,4031.98,5.9699999999998,92.38599999999978,0.06462018054683409,False,2026-07-16 08:24:00,0.13,-10.8199999999996,2026-07-16 14:46:00,7.416666666666667,0.0,12,-0.3475776777697882,1,1,-0.0,1.0,-0.021804025301195053,1.0417143393021815,0.0,0.4591604788604303,0.021648301690732414
2026-07-17,2,180,1,3991.94,3986.44,3975.23,11.210000000000036,90.80499999999975,0.12345135179780924,False,2026-07-17 03:59:00,0.13,-16.840000000000035,2026-07-17 05:36:00,2.25,0.2727272727272727,3,0.3779839649465479,0,0,-0.44050437751225274,0.0,2.0337228702506187,-1.525284195642564,0.011012609437806319,0.2067066791476244,0.0
2026-07-17,3,280,-1,3973.39,3992.02,3980.67,11.349999999999909,90.80499999999975,0.12499311711910072,True,2026-07-17 05:39:00,0.13,-18.760000000000108,2026-07-17 06:07:00,1.3666666666666667,0.7222222222222222,-4,-0.1594212421568158,0,0,0.4074665491988338,0.0,2.142018143263563,2.01302508292766,0.0,0.2795000275315256,0.011012609437806319
2026-07-17,4,280,-1,3973.39,3996.17,3979.27,16.90000000000009,90.80499999999975,0.1861130994989278,True,2026-07-17 05:39:00,0.13,-22.9100000000002,2026-07-17 06:18:00,1.3666666666666667,0.7222222222222222,-4,-0.1594212421568158,0,0,0.4074665491988338,0.0,2.142018143263563,2.01302508292766,0.0,0.2795000275315256,0.011012609437806319
2026-07-17,5,320,1,4002.59,3987.34,3970.79,16.550000000000182,90.80499999999975,0.18225868619569657,False,2026-07-17 06:19:00,0.13,-31.93000000000018,2026-07-17 15:43:00,0.7,0.8571428571428571,5,0.3265735495374054,0,0,-0.4074665491988338,0.0,1.8917567880232262,-1.2452604517295576,0.06607565662683791,0.35152249325477847,0.033037828313418956
2026-07-17,7,495,1,3999.76,3991.71,3980.24,11.470000000000255,90.80499999999975,0.12631463025164127,False,2026-07-17 09:14:00,0.13,-19.650000000000436,2026-07-17 15:37:00,3.6166666666666667,0.5625,5,0.4889290935175682,0,0,-0.39645393976102744,0.11764705882352941,2.0410074906603017,-1.3196705170134806,0.0,0.4169373933153486,0.033037828313418956
2026-07-17,8,495,1,3999.76,3991.47,3975.44,16.029999999999745,90.80499999999975,0.17653212928803247,False,2026-07-17 09:14:00,0.13,-24.450000000000163,2026-07-17 15:42:00,3.6166666666666667,0.5625,5,0.4889290935175682,0,0,-0.39645393976102744,0.11764705882352941,2.0410074906603017,-1.3196705170134806,0.0,0.4169373933153486,0.033037828313418956
2026-07-21,3,200,1,4034.59,4027.17,4003.87,23.300000000000182,88.15399999999981,0.26431018444994253,True,2026-07-21 04:19:00,0.13,43.100000000000016,2026-07-21 23:57:00,2.4166666666666665,0.23076923076923078,3,0.7461802370105786,0,0,-0.034031354221022374,0.8947368421052632,0.5400857217780647,0.4623991150315271,0.056718923701703956,0.40917031558408906,0.011343784740340791
2026-07-21,4,305,1,4040.58,4035.87,4018.36,17.509999999999764,88.15399999999981,0.19862967080336458,True,2026-07-21 06:04:00,0.13,37.110000000000234,2026-07-21 23:57:00,4.166666666666667,0.15,4,0.1780233602237048,1,1,0.011343784740340791,0.7777777777777778,-1.1020474927958732,0.6752043385722369,0.011343784740340791,0.5122853188737885,0.011343784740340791
2026-07-21,5,420,1,4049.63,4044.96,4022.05,22.909999999999854,88.15399999999981,0.2598861084012059,True,2026-07-21 07:59:00,0.13,28.060000000000056,2026-07-21 23:57:00,6.083333333333333,0.1111111111111111,6,0.03743228081476367,1,1,0.06806270844204475,0.5675675675675675,-0.9918622384553818,0.9967214125360989,0.011343784740340791,0.5891961794132962,0.011343784740340791
2026-07-21,6,455,1,4059.71,4051.25,4036.88,14.36999999999989,88.15399999999981,0.16301018671869594,True,2026-07-21 08:34:00,0.13,17.98000000000013,2026-07-21 23:57:00,6.666666666666667,0.1,9,0.022185629747413903,1,1,0.09075027792272633,0.5121951219512195,-0.4226100449407085,1.3548310374593742,0.06806270844204475,0.6894752365179104,0.011343784740340791
2026-07-21,8,505,1,4073.64,4067.96,4046.46,21.5,88.15399999999981,0.24389137191732702,True,2026-07-21 09:24:00,0.13,-27.309999999999835,2026-07-21 16:43:00,7.5,0.09090909090909091,12,0.21014062295020547,1,1,0.11343784740340791,0.4666666666666667,-0.47983396253854227,1.8497186441241757,0.09075027792272633,0.8469269687138419,0.011343784740340791
2026-07-21,10,635,-1,4062.73,4080.24,4067.72,12.519999999999982,88.15399999999981,0.1420241849490665,False,2026-07-21 11:34:00,0.13,-17.639999999999763,2026-07-21 18:32:00,1.7666666666666666,0.8333333333333334,-14,-0.061299673590833326,1,0,-0.1588129863647711,0.3684210526315789,-1.3609502038069805,-1.4621218179423396,0.07940649318238555,0.957188556389952,0.045375138961363165
2026-07-22,3,185,1,4110.74,4102.38,4076.82,25.559999999999945,88.06099999999984,0.2902533471116612,True,2026-07-22 04:04:00,0.13,19.06999999999982,2026-07-22 23:57:00,1.0666666666666667,0.6666666666666666,5,0.5346039982366844,1,1,0.23847105983352493,0.47619047619047616,2.046701993563507,3.034255449724054,0.12491341229375115,0.41902771942176625,0.011355764753977378
2026-07-22,4,275,1,4130.17,4123.58,4096.7,26.88000000000011,88.06099999999984,0.30524295658691314,True,2026-07-22 05:34:00,0.13,-0.36000000000047294,2026-07-22 23:57:00,2.566666666666667,0.4444444444444444,10,0.0946811037041726,1,1,0.3520287073732987,0.24390243902439024,0.1473657471139236,3.7106357366343925,0.17033647130966068,0.6088961061082606,0.011355764753977378
2026-07-22,5,310,1,4137.41,4130.86,4119.0,11.859999999999673,88.06099999999984,0.13467936998216798,True,2026-07-22 06:09:00,0.13,-18.539999999999853,2026-07-22 09:26:00,3.15,0.4,12,0.08719698956946098,1,1,0.37474023688125346,0.2222222222222222,0.7349225025124116,3.962668329389443,0.2044037655715928,0.7250655795414546,0.011355764753977378
2026-07-22,6,440,-1,4124.12,4141.7,4129.32,12.38000000000011,88.06099999999984,0.14058436765424118,False,2026-07-22 08:19:00,0.13,-17.709999999999926,2026-07-22 16:31:00,1.95,0.7241379310344828,-13,0.25685191315784056,1,0,-0.5904997672068236,0.0,-0.2288533011119297,-3.500028390478571,0.0,0.7367620172380484,0.011355764753977378
2026-07-22,7,510,-1,4117.45,4131.28,4124.79,6.489999999999782,88.06099999999984,0.0736989132533107,False,2026-07-22 09:29:00,0.13,-13.959999999999928,2026-07-22 15:28:00,3.1166666666666667,0.6363636363636364,-13,0.5144805738093752,1,0,-0.6132112967147784,0.0,2.2591717190387195,-3.267838142733232,0.0,0.7367620172380484,0.011355764753977378
2026-07-22,8,510,-1,4117.45,4134.04,4123.14,10.899999999999636,88.06099999999984,0.12377783581834928,False,2026-07-22 09:29:00,0.13,-16.720000000000145,2026-07-22 15:30:00,3.1166666666666667,0.6363636363636364,-13,0.5144805738093752,1,0,-0.6132112967147784,0.0,2.2591717190387195,-3.267838142733232,0.0,0.7367620172380484,0.011355764753977378
2026-07-23,3,235,-1,4118.92,4134.74,4125.15,9.590000000000146,85.76399999999981,0.11181847861573815,False,2026-07-23 04:54:00,0.13,69.69999999999993,2026-07-23 23:57:00,0.4666666666666667,0.8666666666666667,-2,0.7730820091171092,0,0,0.03497971176717512,1.0,-0.6046288133741852,-1.5676583165117988,0.0,0.4660463597779994,0.02331980784478341
2026-07-23,6,540,-1,4118.57,4133.03,4124.12,8.909999999999854,85.76399999999981,0.10388974394850839,False,2026-07-23 09:59:00,0.13,69.34999999999957,2026-07-23 23:57:00,5.55,0.37142857142857144,-2,0.46411213951961444,0,0,0.04663961568956682,1.0,-0.660192318955704,-1.5607636313329278,0.0,0.4660463597779994,0.02331980784478341
2026-07-23,7,545,-1,4115.25,4130.33,4120.08,10.25,85.76399999999981,0.11951401520451498,False,2026-07-23 10:04:00,0.13,66.02999999999986,2026-07-23 23:57:00,5.633333333333334,0.3611111111111111,-2,0.41848993723168065,0,0,0.03497971176717512,1.0,-0.45647025999312135,-1.4953626176362846,0.0,0.4660463597779994,0.02331980784478341
2026-07-23,8,550,-1,4110.47,4130.58,4119.51,11.069999999999709,85.76399999999981,0.1290751364208728,False,2026-07-23 10:09:00,0.13,61.25000000000011,2026-07-23 23:57:00,5.716666666666667,0.3611111111111111,-2,0.4106417664895508,0,0,0.03497971176717512,1.0,0.38084440074953146,-1.401200917193524,0.0,0.4660463597779994,0.02331980784478341
2026-07-23,9,550,-1,4110.47,4128.23,4116.96,11.269999999999527,85.76399999999981,0.131407117205349,False,2026-07-23 10:09:00,0.13,61.25000000000011,2026-07-23 23:57:00,5.716666666666667,0.3611111111111111,-2,0.4106417664895508,0,0,0.03497971176717512,1.0,0.38084440074953146,-1.401200917193524,0.0,0.4660463597779994,0.02331980784478341
2026-07-24,7,505,1,4036.17,4030.39,4025.61,4.779999999999745,87.48099999999985,0.054640436209002566,False,2026-07-24 09:24:00,0.13,16.629999999999765,2026-07-24 23:56:00,0.4666666666666667,0.9393939393939394,-6,-0.08462534513379902,1,0,-0.46867319760862436,0.4782608695652174,0.5907314382419884,-0.35914946744880794,0.03429316080063105,0.3274996856460276,0.0
2026-07-24,8,510,1,4036.62,4032.22,4022.02,10.199999999999818,87.48099999999985,0.1165967467221435,False,2026-07-24 09:29:00,0.13,16.179999999999946,2026-07-24 23:56:00,0.55,0.9393939393939394,-6,-0.08785318084016583,1,0,-0.46867319760862436,0.4782608695652174,1.1591838419169833,-0.3507698312261229,0.0,0.3274996856460276,0.0
2026-07-24,9,550,1,4045.76,4039.05,4023.01,16.039999999999964,87.48099999999985,0.1833540997473736,False,2026-07-24 10:09:00,0.13,7.039999999999618,2026-07-24 23:56:00,1.2166666666666666,0.8611111111111112,-6,-0.07873334754799777,1,0,-0.457242144008414,0.5238095238095238,1.4450754389651814,-0.1805701088364003,0.0,0.3274996856460276,0.0
2026-07-24,10,715,1,4058.26,4053.73,4035.09,18.639999999999873,87.48099999999985,0.2130748391079195,False,2026-07-24 12:54:00,0.13,-5.460000000000382,2026-07-24 23:56:00,3.966666666666667,0.6595744680851063,-1,-0.23413328549572882,1,1,-0.42294898320778296,0.6296296296296297,-0.6405847625897856,0.05219756401605662,0.0,0.4430676375441557,0.0
2026-07-28,3,200,-1,4053.44,4074.19,4057.69,16.5,80.37399999999984,0.20529026799711392,True,2026-07-28 04:19:00,0.13,24.610000000000237,2026-07-28 23:57:00,3.3333333333333335,0.0,7,0.09535879744705648,1,1,0.28616219175355273,0.0,0.18734209479512523,0.8734086157486353,0.012441834424067509,0.3601911065767578,0.062209172120337546
2026-07-28,8,535,1,4051.28,4046.53,4034.88,11.650000000000091,80.37399999999984,0.14494737104038763,False,2026-07-28 09:54:00,0.13,-16.53000000000009,2026-07-28 12:35:00,1.3166666666666667,0.8571428571428571,-15,0.7237828331087597,0,0,-0.5225570458108354,0.0,-0.8148160767564455,-0.9354378778767961,0.0,0.5907382984547256,0.062209172120337546
2026-07-29,2,265,1,4033.28,4026.29,4015.07,11.2199999999998,75.4829999999999,0.1486427407495703,False,2026-07-29 05:24:00,0.13,-18.340000000000035,2026-07-29 15:22:00,1.35,0.7058823529411765,-2,0.12439942137380533,0,0,-0.17222420942463887,0.5454545454545454,0.5636594157713649,-1.323292533161019,0.03974404832876282,0.3318628035451659,0.013248016109587606
2026-07-29,3,185,-1,4011.97,4029.55,4017.66,11.890000000000327,75.4829999999999,0.15751891154300096,True,2026-07-29 04:04:00,0.13,-17.71000000000038,2026-07-29 04:39:00,3.0833333333333335,0.0,3,0.10020879079229889,0,0,0.1854722255342265,0.4444444444444444,2.569754576261132,1.9046801424742428,0.03974404832876282,0.2685372865413405,0.013248016109587606
2026-07-29,4,280,1,4035.25,4030.53,4010.36,20.170000000000073,75.4829999999999,0.26721248493038297,False,2026-07-29 05:39:00,0.13,-25.01999999999987,2026-07-29 15:30:00,1.6,0.6666666666666666,-1,0.2694307533109447,0,0,-0.1854722255342265,0.46153846153846156,-0.6978707117368177,-1.2695462361010983,0.0,0.3481578633599589,0.013248016109587606
2026-07-29,6,465,1,4039.15,4032.72,4023.2,9.519999999999982,75.4829999999999,0.12612111336327378,False,2026-07-29 08:44:00,0.13,-16.080000000000272,2026-07-29 15:16:00,4.683333333333334,0.4,0,0.11821632313093919,0,0,-0.14572817720546366,0.6923076923076923,1.2806125073415633,-1.1631449373530183,0.026496032219175212,0.38803439184982047,0.013248016109587606
2026-07-29,7,455,1,4031.99,4027.69,4020.62,7.070000000000164,75.4829999999999,0.09366347389478655,False,2026-07-29 08:34:00,0.13,-11.499999999999892,2026-07-29 15:17:00,4.516666666666667,0.4,-1,-0.0032514296435218054,0,0,-0.15897619331505128,0.6153846153846154,-0.7997003333187498,-1.358486808900779,0.0,0.3641879628525604,0.013248016109587606
2026-07-29,8,550,1,4044.74,4040.09,4026.68,13.41000000000031,75.4829999999999,0.1776558960295739,False,2026-07-29 10:09:00,0.13,-18.189999999999944,2026-07-29 13:43:00,6.1,0.3333333333333333,4,0.419586095952696,0,0,-0.15897619331505128,0.5882352941176471,-1.0863624984762834,-1.0106364091474491,0.0,0.45692407561967363,0.013248016109587606
2026-07-30,2,140,-1,4077.45,4100.36,4084.49,15.86999999999989,81.14599999999992,0.19557341088901373,False,2026-07-30 03:19:00,0.13,-23.039999999999853,2026-07-30 16:48:00,1.2,0.4444444444444444,-3,0.20851720454412997,0,0,-0.665467182609125,0.0,-0.6661961430600815,-0.4497792390584415,0.0,0.4576935400389411,0.06161733172306713
2026-07-30,3,320,-1,4057.83,4086.66,4064.98,21.679999999999836,81.14599999999992,0.26717275035121707,False,2026-07-30 06:19:00,0.13,-28.959999999999926,2026-07-30 15:30:00,4.2,0.19047619047619047,-1,0.10966021008302597,0,0,-0.6161733172306713,0.0,-0.5332262350675182,0.15654813945511475,0.03697039903384028,0.5407537032016329,0.06161733172306713
2026-07-30,4,300,-1,4063.72,4092.95,4070.45,22.5,81.14599999999992,0.2772779927538021,False,2026-07-30 05:59:00,0.13,-29.360000000000017,2026-07-30 16:37:00,3.8666666666666667,0.21052631578947367,-3,-0.030956692257013703,0,0,-0.6408202499198982,0.0,0.9552085808491455,-0.02547368824339642,0.0,0.4576935400389411,0.06161733172306713
2026-07-30,5,320,-1,4057.83,4090.42,4063.49,26.93000000000029,81.14599999999992,0.33187094866044314,False,2026-07-30 06:19:00,0.13,-32.72000000000015,2026-07-30 16:37:00,4.2,0.19047619047619047,-1,0.10966021008302597,0,0,-0.6161733172306713,0.0,-0.5332262350675182,0.15654813945511475,0.03697039903384028,0.5407537032016329,0.06161733172306713
2026-07-30,6,420,-1,4046.05,4070.1,4050.76,19.33999999999969,81.14599999999992,0.23833583910481984,False,2026-07-30 07:59:00,0.13,-24.179999999999726,2026-07-30 11:32:00,5.866666666666666,0.14814814814814814,2,0.38508236124953665,1,1,-0.6038498508860578,0.0,-0.364514027453667,0.520591794852137,0.012323466344613426,0.689128237990778,0.06161733172306713
2026-07-30,7,460,-1,4031.6,4060.17,4044.44,15.730000000000018,81.14599999999992,0.19384812560076942,False,2026-07-30 08:39:00,0.13,-28.700000000000163,2026-07-30 11:23:00,6.533333333333333,0.13333333333333333,5,0.494170500367543,1,1,-0.579202918196831,0.0,3.0333043964585036,0.9671478916676877,0.07394079806768056,0.8859339955142576,0.06161733172306713
2026-07-30,8,620,1,4056.88,4051.32,4028.47,22.850000000000364,81.14599999999992,0.2815912059744213,True,2026-07-30 11:19:00,0.13,45.889999999999525,2026-07-30 23:57:00,2.7,0.7317073170731707,-5,0.005394269241249,1,0,0.29576319227072223,0.5510204081632653,-1.0636001396978272,-0.18590649876132123,0.0,0.8859339955142576,0.012323466344613426
2026-07-30,9,545,1,4044.81,4040.51,4029.45,11.0600000000004,81.14599999999992,0.13629753777142942,True,2026-07-30 10:04:00,0.13,57.95999999999969,2026-07-30 23:57:00,1.45,0.8333333333333334,-5,-0.2578455525700848,1,0,0.5175855864737638,0.1702127659574468,0.7599037900206671,-0.5589121796307791,0.0,0.8859339955142576,0.012323466344613426
2026-07-30,10,620,1,4056.88,4051.35,4035.59,15.759999999999764,81.14599999999992,0.19421782959110467,True,2026-07-30 11:19:00,0.13,45.889999999999525,2026-07-30 23:57:00,2.7,0.7317073170731707,-5,0.005394269241249,1,0,0.29576319227072223,0.5510204081632653,-1.0636001396978272,-0.18590649876132123,0.0,0.8859339955142576,0.012323466344613426
2026-07-31,2,150,-1,4096.45,4111.74,4102.29,9.449999999999818,80.57299999999995,0.11728494657018883,False,2026-07-31 03:29:00,0.13,52.50999999999987,2026-07-31 23:56:00,1.4166666666666667,0.4444444444444444,-2,0.5714247234052099,0,0,-0.2606332146004246,0.8888888888888888,1.7999727651999264,-1.2394903803440458,0.04964442182865231,0.19336502302259984,0.0
2026-07-31,3,220,-1,4084.9,4107.1,4090.54,16.5600000000004,80.57299999999995,0.2055279063706255,False,2026-07-31 04:39:00,0.13,40.96000000000014,2026-07-31 23:56:00,2.5833333333333335,0.2857142857142857,2,0.17532905541701538,1,1,-0.19857768731460923,0.9473684210526315,0.8707115310709941,-0.8334585610636804,0.024822210914326154,0.3460216201457023,0.0
2026-07-31,4,285,-1,4075.55,4101.63,4082.13,19.5,80.57299999999995,0.24201655641468,False,2026-07-31 05:44:00,0.13,31.610000000000237,2026-07-31 23:56:00,3.6666666666666665,0.2222222222222222,6,0.037734829650731355,0,0,-0.17375547640028308,0.9565217391304348,1.031687979241132,-0.5047661359319516,0.07446663274297846,0.44928201754930114,0.0
2026-07-31,8,600,-1,4067.74,4083.24,4073.36,9.879999999999654,80.57299999999995,0.12262172191676692,False,2026-07-31 10:59:00,0.13,23.799999999999837,2026-07-31 23:56:00,8.916666666666666,0.10256410256410256,10,-0.6020331243169423,0,0,0.03723331637148923,1.0,0.5440242074870225,-0.23021128670425559,0.012411105457163077,0.5478261948791766,0.0
2026-07-31,9,600,-1,4067.74,4087.52,4072.82,14.699999999999818,80.57299999999995,0.18244325022029498,False,2026-07-31 10:59:00,0.13,23.799999999999837,2026-07-31 23:56:00,8.916666666666666,0.10256410256410256,10,-0.6020331243169423,0,0,0.03723331637148923,1.0,0.5440242074870225,-0.23021128670425559,0.012411105457163077,0.5478261948791766,0.0
2026-07-31,10,605,-1,4063.36,4079.23,4067.6,11.63000000000011,80.57299999999995,0.14434115646680795,False,2026-07-31 11:04:00,0.13,19.420000000000183,2026-07-31 23:56:00,9.0,0.1,11,-0.5311942988156515,0,0,0.024822210914326154,1.0,-0.19124447829456445,-0.07623558380833337,0.04964442182865231,0.6090129447829886,0.0
2026-08-04,2,125,1,4059.73,4055.06,4050.21,4.849999999999909,83.96299999999997,0.05776353870156987,False,2026-08-04 03:04:00,0.13,-9.649999999999983,2026-08-04 03:59:00,1.9833333333333334,0.0,2,1.3228533903854243,0,0,-0.07146004787823211,1.0,2.422996724767459,0.11800488616429268,0.04764003191882141,0.17126591474816424,0.011910007979705352
2026-08-04,9,670,-1,4051.16,4066.25,4055.74,10.510000000000218,83.96299999999997,0.12517418386670584,True,2026-08-04 12:09:00,0.13,-15.220000000000146,2026-08-04 14:43:00,1.1166666666666667,0.9090909090909091,-1,0.27618386371725595,0,0,-0.0,1.0,-0.2637837217504295,0.20842546893398303,0.0,0.36075414170527464,0.035730023939116055
2026-08-05,2,175,1,4083.36,4077.15,4065.5,11.650000000000091,81.61699999999996,0.14273987037014466,True,2026-08-05 03:54:00,0.13,162.73999999999944,2026-08-05 23:57:00,1.4833333333333334,0.45454545454545453,-1,-0.09634698509181737,0,0,0.14702819265594186,0.8461538461538461,-0.13874411224689398,0.864353803695108,0.0,0.24921278655182322,0.0
2026-08-05,3,200,1,4087.92,4083.49,4070.43,13.059999999999945,81.61699999999996,0.16001568300721605,True,2026-08-05 04:19:00,0.13,158.1799999999995,2026-08-05 23:57:00,1.9,0.38461538461538464,1,-0.08621647757917866,0,0,0.17153289143193215,0.6923076923076923,-1.0763657823405646,1.0451294331151206,0.012252349387995154,0.28400945881372563,0.0
2026-08-05,4,275,1,4107.8,4102.67,4077.6,25.070000000000164,81.61699999999996,0.3071663991570405,True,2026-08-05 05:34:00,0.13,138.2999999999994,2026-08-05 23:57:00,3.15,0.2777777777777778,5,0.5057360089697656,1,1,0.17153289143193215,0.6,-0.09170245148109402,1.8332477473409796,0.04900939755198062,0.5268510236837917,0.0
2026-08-05,5,370,1,4139.48,4135.33,4095.53,39.79999999999973,81.61699999999996,0.48764350564220377,True,2026-08-05 07:09:00,0.13,106.62,2026-08-05 23:57:00,4.733333333333333,0.20833333333333334,10,0.40707556544207185,1,1,0.318561084087874,0.30612244897959184,0.7700373302553137,3.0891626464694797,0.2695516865358934,0.914270311332197,0.0
2026-08-05,7,460,1,4152.22,4141.42,4128.31,13.109999999999673,81.61699999999996,0.16062830047661245,True,2026-08-05 08:39:00,0.13,93.87999999999931,2026-08-05 23:57:00,6.233333333333333,0.16666666666666666,12,0.13116141564624856,1,1,0.6616268669517383,0.0,1.4137119599054964,3.594224383050865,0.12252349387995154,1.0858032027641291,0.0
2026-08-05,8,540,1,4177.57,4172.91,4134.74,38.17000000000007,81.61699999999996,0.4676721761397759,True,2026-08-05 09:59:00,0.13,68.52999999999986,2026-08-05 23:57:00,7.566666666666666,0.14285714285714285,16,0.13304541009131898,1,1,0.8392859330776681,0.0,-0.47198493598714436,4.5991941650239525,0.17153289143193215,1.3836578163862963,0.0
2026-08-05,10,685,-1,4157.37,4179.48,4162.34,17.139999999999418,81.61699999999996,0.2100052685102298,False,2026-08-05 12:24:00,0.13,-22.23999999999967,2026-08-05 14:28:00,2.4166666666666665,0.8,-17,0.23366931229599583,1,0,-0.9189262040996365,0.0,-0.0944541168462009,-3.798389841715999,0.0,1.3965227832436822,0.012252349387995154
2026-08-06,2,170,1,4287.79,4281.91,4249.11,32.80000000000018,92.91300000000001,0.3530184150764713,True,2026-08-06 03:49:00,0.13,-38.810000000000294,2026-08-06 08:30:00,2.716666666666667,0.0,6,-0.22762053804624954,1,1,0.7533929590046602,0.12121212121212122,-0.12178184937964043,3.3124500252976206,0.010762756557209431,0.5339403528031661,0.021525513114418863
2026-08-06,4,320,-1,4267.22,4302.73,4272.99,29.73999999999978,92.91300000000001,0.32008438001140616,False,2026-08-06 06:19:00,0.13,26.81999999999982,2026-08-06 23:57:00,1.2,0.7619047619047619,-8,0.6328150386034433,0,0,-0.8502577680195451,0.0,-0.3753361262175138,-2.959880303229503,0.0,0.6283297278098877,0.021525513114418863
2026-08-06,5,320,-1,4267.22,4304.11,4274.97,29.139999999999418,92.91300000000001,0.31362672607707653,False,2026-08-06 06:19:00,0.13,26.81999999999982,2026-08-06 23:57:00,1.2,0.7619047619047619,-8,0.6328150386034433,0,0,-0.8502577680195451,0.0,-0.3753361262175138,-2.959880303229503,0.0,0.6283297278098877,0.021525513114418863
2026-08-06,6,390,-1,4255.36,4280.95,4260.62,20.329999999999927,92.91300000000001,0.21880684080806695,False,2026-08-06 07:29:00,0.13,-25.720000000000145,2026-08-06 12:01:00,2.3666666666666667,0.64,-8,0.3573613540990723,0,0,-0.8394950114623356,0.0,-0.06507151173224639,-2.7565999481625054,0.0,0.6283297278098877,0.021525513114418863
2026-08-06,8,635,1,4273.63,4268.49,4247.27,21.219999999999345,92.91300000000001,0.22838569414397708,True,2026-08-06 11:34:00,0.13,-26.48999999999967,2026-08-06 16:05:00,10.466666666666667,0.0,8,0.30984999414884196,0,0,0.6672909065469848,0.36363636363636365,-0.47072477513488703,3.0697476789444575,0.0,0.6283297278098877,0.021525513114418863
2026-08-06,9,635,1,4273.63,4268.54,4249.37,19.170000000000073,92.91300000000001,0.20632204320170558,True,2026-08-06 11:34:00,0.13,-24.390000000000217,2026-08-06 15:57:00,10.466666666666667,0.0,8,0.30984999414884196,0,0,0.6672909065469848,0.36363636363636365,-0.47072477513488703,3.0697476789444575,0.0,0.6283297278098877,0.021525513114418863
2026-08-06,10,635,1,4273.63,4265.39,4252.62,12.770000000000437,92.91300000000001,0.13744040123556914,True,2026-08-06 11:34:00,0.13,-21.140000000000217,2026-08-06 15:52:00,10.466666666666667,0.0,8,0.30984999414884196,0,0,0.6672909065469848,0.36363636363636365,-0.47072477513488703,3.0697476789444575,0.0,0.6283297278098877,0.021525513114418863
2026-08-07,2,160,-1,4235.61,4253.25,4240.32,12.930000000000291,90.89399999999996,0.14225361409994386,True,2026-08-07 03:39:00,0.13,-17.770000000000326,2026-08-07 04:43:00,0.7333333333333333,0.7,-3,-0.349023423757235,0,0,0.17602922085066128,0.8888888888888888,1.1746191690055994,-1.042335095667259,0.0,0.19682267256364924,0.01100182630316633
2026-08-07,3,245,1,4261.16,4252.98,4229.73,23.25,90.89399999999996,0.2557924615486172,False,2026-08-07 05:04:00,0.13,80.02999999999986,2026-08-07 23:56:00,1.1,0.6875,5,0.2980315890837581,0,0,-0.17602922085066128,0.7058823529411765,-0.5654162273866817,1.3235722891731883,0.02200365260633266,0.35150835038617223,0.01100182630316633
2026-08-07,4,360,1,4266.09,4259.35,4231.73,27.6200000000008,90.89399999999996,0.30387044249346284,False,2026-08-07 06:59:00,0.13,75.09999999999957,2026-08-07 23:56:00,3.0166666666666666,0.4782608695652174,6,0.009642130521422397,0,0,-0.12102008933482963,0.9473684210526315,-0.16668963138793055,1.3778384090942961,0.05500913151583165,0.4026668426958917,0.01100182630316633
2026-08-07,5,370,1,4266.55,4261.68,4247.16,14.520000000000437,90.89399999999996,0.1597465179219799,False,2026-08-07 07:09:00,0.13,74.63999999999953,2026-08-07 23:56:00,3.183333333333333,0.4583333333333333,7,0.1069731141511385,0,0,-0.1100182630316633,0.9523809523809523,-0.22729405772169492,1.3829017793100589,0.0,0.43336193808172535,0.01100182630316633
2026-08-07,6,455,1,4275.11,4266.33,4249.63,16.699999999999818,90.89399999999996,0.1837304992628757,False,2026-08-07 08:34:00,0.13,66.08000000000004,2026-08-07 23:56:00,4.6,0.36666666666666664,9,0.07454264736972352,0,0,-0.08801461042533064,0.96,0.7587811477646456,1.477124494629456,0.04400730521266532,0.5153255440403125,0.01100182630316633
2026-08-07,7,455,1,4275.11,4269.12,4260.76,8.359999999999673,90.89399999999996,0.09197526789446692,False,2026-08-07 08:34:00,0.13,66.08000000000004,2026-08-07 23:56:00,4.6,0.36666666666666664,9,0.07454264736972352,0,0,-0.08801461042533064,0.96,0.7587811477646456,1.477124494629456,0.04400730521266532,0.5153255440403125,0.01100182630316633
2026-08-07,8,495,1,4286.72,4280.54,4261.94,18.600000000000364,90.89399999999996,0.20463396923889773,False,2026-08-07 09:14:00,0.13,54.46999999999945,2026-08-07 23:56:00,5.266666666666667,0.34375,11,0.44982710249579105,0,0,-0.06601095781899798,0.9655172413793104,1.3477313246983966,1.60491955594468,0.06601095781899798,0.6774924637489919,0.01100182630316633
2026-08-07,9,635,1,4313.93,4298.77,4278.48,20.290000000000873,90.89399999999996,0.22322705569125445,False,2026-08-07 11:34:00,0.13,27.25999999999942,2026-08-07 23:56:00,7.6,0.2619047619047619,17,0.35799820551563166,1,1,-0.03300547890949899,0.7647058823529411,3.123817396422911,1.9044289115335762,0.1430237419411623,0.9360353818734005,0.01100182630316633
2026-08-07,10,635,1,4313.93,4297.78,4282.94,14.840000000000146,90.89399999999996,0.16326710233898994,False,2026-08-07 11:34:00,0.13,27.25999999999942,2026-08-07 23:56:00,7.6,0.2619047619047619,17,0.35799820551563166,1,1,-0.03300547890949899,0.7647058823529411,3.123817396422911,1.9044289115335762,0.1430237419411623,0.9360353818734005,0.01100182630316633
2026-08-11,3,230,1,4426.51,4419.28,4396.5,22.779999999999745,100.94200000000005,0.2256741495115981,True,2026-08-11 04:49:00,0.12,-30.13000000000022,2026-08-11 08:21:00,3.8333333333333335,0.0,11,0.10285117558397552,1,1,0.6340274613144179,0.0,1.0076018084373146,1.9146117098034756,0.03962671633215112,0.3887380872184003,0.02972003724911334
2026-08-11,5,435,-1,4402.19,4435.15,4408.05,27.099999999999454,100.94200000000005,0.2684710031503184,False,2026-08-11 08:14:00,0.12,34.14999999999953,2026-08-11 23:57:00,2.9833333333333334,0.6071428571428571,-13,0.023359960606178717,0,0,-0.6934675358126445,0.0,0.24234215597341033,-1.666185972944293,0.0,0.4665055180202414,0.00990667908303778
2026-08-11,6,435,-1,4402.19,4421.58,4409.85,11.729999999999563,100.94200000000005,0.11620534564402883,False,2026-08-11 08:14:00,0.12,34.14999999999953,2026-08-11 23:57:00,2.9833333333333334,0.6071428571428571,-13,0.023359960606178717,0,0,-0.6934675358126445,0.0,0.24234215597341033,-1.666185972944293,0.0,0.4665055180202414,0.00990667908303778
2026-08-11,7,445,-1,4397.93,4420.32,4403.44,16.88000000000011,100.94200000000005,0.1672247429216788,False,2026-08-11 08:24:00,0.12,29.890000000000217,2026-08-11 23:57:00,3.15,0.5862068965517241,-13,-0.021330523544941804,0,0,-0.6934675358126445,0.0,-0.5597245836597061,-1.6226706094977503,0.0,0.4665055180202414,0.00990667908303778
2026-08-11,8,535,-1,4361.51,4409.03,4367.54,41.48999999999978,100.94200000000005,0.4110281151552353,False,2026-08-11 09:54:00,0.12,-6.529999999999855,2026-08-11 23:57:00,4.65,0.4857142857142857,-9,0.6366157852248928,0,0,-0.6934675358126445,0.0,-0.5231798310411134,-1.2506448966518942,0.0495333954151889,0.7450813338352718,0.00990667908303778
2026-08-12,2,140,1,4379.89,4374.55,4362.43,12.11999999999989,101.70499999999997,0.11916818248856885,False,2026-08-12 03:19:00,0.12,28.849999999999344,2026-08-12 23:57:00,1.2333333333333334,0.4444444444444444,3,-0.09167773421705114,0,0,-0.10815594120249745,1.0,-0.3142141147403939,1.098498229292284,0.0,0.17265621159234548,0.029497074873408396
2026-08-12,3,195,1,4390.37,4383.7,4366.54,17.159999999999854,101.70499999999997,0.1687232682758946,False,2026-08-12 04:14:00,0.12,18.36999999999978,2026-08-12 23:57:00,2.15,0.3333333333333333,5,0.34060393047777604,0,0,-0.08849122462022518,1.0,1.6271231236157504,1.229205828026949,0.06882650803795293,0.27815741605624084,0.029497074873408396
2026-08-12,4,285,1,4405.61,4397.43,4378.42,19.01000000000022,101.70499999999997,0.1869131311145,False,2026-08-12 05:44:00,0.12,3.13,2026-08-12 23:57:00,3.65,0.2222222222222222,9,0.460268939296522,0,0,-0.03932943316454453,1.0,1.0460596548480694,1.4192806185533184,0.019664716582272264,0.4506169804827682,0.029497074873408396
2026-08-12,5,465,-1,4388.17,4414.46,4394.26,20.199999999999818,101.70499999999997,0.19861363748094807,True,2026-08-12 08:44:00,0.12,-26.409999999999965,2026-08-12 12:15:00,2.6166666666666667,0.6666666666666666,-11,0.09774843731981989,1,0,-0.12782065778476973,0.717948717948718,0.7819968112570207,-1.2017672099719632,0.0,0.5278009930681815,0.019664716582272264
2026-08-12,6,445,-1,4394.14,4416.11,4400.89,15.219999999999345,101.70499999999997,0.1496484931910855,True,2026-08-12 08:24:00,0.12,-22.089999999999346,2026-08-12 12:15:00,2.283333333333333,0.6896551724137931,-11,0.07130988811933578,1,0,-0.12782065778476973,0.717948717948718,0.58982915552617,-1.2762256416939113,0.0,0.5278009930681815,0.019664716582272264
2026-08-12,9,675,1,4413.06,4406.34,4385.22,21.11999999999989,101.70499999999997,0.20765940710879402,False,2026-08-12 12:14:00,0.12,-27.960000000000147,2026-08-12 15:30:00,10.15,0.09090909090909091,11,-0.4577257541628433,0,0,0.16715009094931424,0.6551724137931034,1.6600289056174153,1.51219775696681,0.0,0.5278009930681815,0.029497074873408396
2026-08-12,10,680,1,4415.51,4410.04,4398.21,11.829999999999927,101.70499999999997,0.11631679858413972,False,2026-08-12 12:19:00,0.12,-17.420000000000183,2026-08-12 15:30:00,10.233333333333333,0.08888888888888889,12,-0.43934100002635895,0,0,0.17698244924045037,0.6129032258064516,-0.4707062543157655,1.5427543998007716,0.0,0.5449092964947652,0.029497074873408396
2026-08-13,2,130,1,4421.13,4414.47,4401.55,12.920000000000073,97.54099999999994,0.13245712059544273,True,2026-08-13 03:09:00,0.12,-19.69999999999993,2026-08-13 05:33:00,1.7166666666666666,0.125,1,0.5621232090858419,0,0,-0.05126049558647136,1.0,1.6959225111946437,1.3812467140717155,0.08201679293835418,0.2452302108856704,0.0
2026-08-13,3,265,-1,4406.66,4449.77,4413.04,36.73000000000047,97.54099999999994,0.37655960057822346,False,2026-08-13 05:24:00,0.12,56.07999999999982,2026-08-13 23:57:00,1.85,0.5882352941176471,-3,-0.08831006491710142,0,0,-0.04100839646917709,0.9032258064516129,-0.537817974108875,-1.1375811769986837,0.0,0.5275730205759637,0.09226889205564845
2026-08-13,4,360,-1,4400.28,4435.39,4406.25,29.140000000000327,97.54099999999994,0.29874616827795847,False,2026-08-13 06:59:00,0.12,49.69999999999971,2026-08-13 23:57:00,3.433333333333333,0.43478260869565216,-3,-0.417624463335635,1,1,-0.030756297351882816,0.9655172413793104,-0.044362335350460254,-1.0301460611364899,0.0,0.5275730205759637,0.09226889205564845
2026-08-13,5,465,-1,4387.68,4414.06,4398.99,15.070000000000618,97.54099999999994,0.15449913369763102,False,2026-08-13 08:44:00,0.12,37.10000000000026,2026-08-13 23:57:00,5.183333333333334,0.3333333333333333,-1,-0.4756690282532181,0,0,0.010252099117294272,0.9696969696969697,2.0952402823482483,-0.8179701269885967,0.04100839646917709,0.6484452691688627,0.09226889205564845
2026-08-13,6,465,-1,4387.68,4412.22,4398.75,13.470000000000255,97.54099999999994,0.13809577510995646,False,2026-08-13 08:44:00,0.12,37.10000000000026,2026-08-13 23:57:00,5.183333333333334,0.3333333333333333,-1,-0.4756690282532181,0,0,0.010252099117294272,0.9696969696969697,2.0952402823482483,-0.8179701269885967,0.04100839646917709,0.6484452691688627,0.09226889205564845
2026-08-13,8,500,-1,4375.54,4407.27,4380.6,26.670000000000073,97.54099999999994,0.27342348345823897,False,2026-08-13 09:19:00,0.12,24.959999999999926,2026-08-13 23:57:00,5.766666666666667,0.30303030303030304,1,-0.1413748390226938,0,0,-0.0,0.9428571428571428,-1.0392009178586326,-0.6135402983730726,0.020504198234588544,0.7648065941501564,0.09226889205564845
2026-08-13,10,750,1,4387.15,4381.72,4369.33,12.390000000000327,97.54099999999994,0.1270235080632794,True,2026-08-13 13:29:00,0.12,-17.93999999999971,2026-08-13 17:09:00,2.3,0.8163265306122449,-4,0.10750294892467563,1,0,0.020504198234588544,0.5789473684210527,-0.4453276419323973,0.8090452662664914,0.010252099117294272,0.8782973313786011,0.0
2026-08-14,2,150,-1,4339.53,4364.18,4349.23,14.950000000000728,98.96799999999993,0.1510589281383956,True,2026-08-14 03:29:00,0.12,-24.770000000000547,2026-08-14 14:50:00,0.7166666666666667,0.7777777777777778,-3,0.9469951108239401,0,0,0.29302400776008425,0.09090909090909091,1.7317778850932428,0.5980269284707651,0.10104276129658078,0.24907040659607715,0.010104276129658078
2026-08-14,3,195,-1,4324.21,4362.05,4329.43,32.61999999999989,98.96799999999993,0.3296014873494454,True,2026-08-14 04:14:00,0.12,-37.96000000000014,2026-08-14 14:35:00,1.4666666666666666,0.5833333333333334,0,0.5454353395554122,1,1,0.3435453884083747,0.12,2.347943845387677,0.9360535171392772,0.07072993290760654,0.4234702125939686,0.010104276129658078
2026-08-14,5,475,1,4329.56,4322.8,4311.06,11.739999999999782,98.96799999999993,0.11862420176218363,False,2026-08-14 08:54:00,0.12,45.99999999999989,2026-08-14 23:56:00,3.683333333333333,0.5161290322580645,-4,0.511459868251997,1,0,-0.5961522916498266,0.0,1.0181644951420283,-0.8180089838901455,0.0,0.536739148007436,0.0
2026-08-14,6,480,1,4333.65,4328.18,4313.79,14.390000000000327,98.96799999999993,0.14540053350578305,False,2026-08-14 08:59:00,0.12,41.91000000000066,2026-08-14 23:56:00,3.7666666666666666,0.5161290322580645,-4,0.5183281514016855,1,0,-0.5961522916498266,0.0,1.850648087425955,-0.7277655930511128,0.0,0.536739148007436,0.0
2026-08-14,8,585,1,4339.74,4333.65,4311.1,22.549999999999272,98.96799999999993,0.2278514267237823,False,2026-08-14 10:44:00,0.12,35.82000000000051,2026-08-14 23:56:00,5.516666666666667,0.42105263157894735,-4,0.5557940787941384,1,0,-0.5961522916498266,0.0,0.164542202427556,-0.593393404735752,0.0,0.536739148007436,0.0
2026-08-14,9,590,1,4342.55,4336.65,4328.02,8.6299999999992,98.96799999999993,0.08719990299894113,False,2026-08-14 10:49:00,0.12,33.01000000000011,2026-08-14 23:56:00,5.6,0.41025641025641024,-4,0.5359267133815262,1,0,-0.5961522916498266,0.0,-0.9789366731971629,-0.5313924442815305,0.0,0.536739148007436,0.0
2026-08-14,10,675,1,4350.82,4345.26,4329.73,15.530000000000655,98.96799999999993,0.15691940829359657,False,2026-08-14 12:14:00,0.12,24.74000000000058,2026-08-14 23:56:00,7.016666666666667,0.36363636363636365,-4,0.3235407564729466,0,0,-0.5759437393905105,0.0,-0.7199055440671617,-0.3489198667170078,0.0,0.536739148007436,0.0
2026-08-18,2,150,1,4431.5,4426.04,4409.83,16.210000000000036,98.12399999999984,0.16519913578737172,True,2026-08-18 03:29:00,0.12,-21.790000000000074,2026-08-18 04:45:00,1.5,0.4444444444444444,1,0.20563474344112692,0,0,0.2140149198972732,0.2,1.794076198125209,1.5983085426850867,0.020382373323549828,0.22176022176022434,0.010191186661774914
2026-08-18,3,225,-1,4411.93,4435.02,4419.09,15.930000000000291,98.12399999999984,0.16234560352207733,False,2026-08-18 04:44:00,0.12,76.99999999999989,2026-08-18 23:57:00,0.65,0.8571428571428571,-4,-0.06203496054373292,0,0,-0.24458847988259794,0.058823529411764705,2.3669720907824257,-0.8593279441885076,0.0,0.26833394480453276,0.010191186661774914
2026-08-18,4,275,-1,4396.37,4436.16,4404.35,31.80999999999949,98.12399999999984,0.32418164771105484,False,2026-08-18 05:34:00,0.12,61.43999999999949,2026-08-18 23:57:00,1.4833333333333334,0.6666666666666666,-1,0.286362803883145,0,0,-0.2242061065590481,0.23809523809523808,-0.11098482414902965,-0.27176851073898084,0.020382373323549828,0.4083608495373178,0.010191186661774914
2026-08-18,5,455,-1,4386.96,4408.15,4394.33,13.819999999999709,98.12399999999984,0.14084219966572634,False,2026-08-18 08:34:00,0.12,52.02999999999964,2026-08-18 23:57:00,4.483333333333333,0.4,3,-0.012404720170280787,1,1,-0.0713383066324244,0.7878787878787878,-0.22805522980531054,0.08356145511961932,0.030573559985324742,0.5098650686885964,0.010191186661774914
2026-08-18,10,625,-1,4388.65,4403.68,4395.52,8.159999999999854,98.12399999999984,0.08316008316008182,False,2026-08-18 11:24:00,0.12,-15.150000000000654,2026-08-18 16:41:00,7.316666666666666,0.2926829268292683,3,-0.46665198692968846,0,0,-0.020382373323549828,0.967741935483871,0.21351326188073494,0.019745552643434267,0.0,0.5098650686885964,0.010191186661774914
2026-08-19,2,140,1,4343.66,4338.38,4327.19,11.19000000000051,102.44399999999987,0.1092304088087201,False,2026-08-19 03:19:00,0.12,-16.590000000000256,2026-08-19 04:02:00,0.7833333333333333,0.6666666666666666,-3,0.3334602555646591,0,0,-0.6930615751044481,0.0,-0.9171029058279028,-1.647449978555834,0.0,0.18761469680996717,0.019522861270547837
2026-08-19,3,220,1,4355.4,4347.21,4331.55,15.659999999999854,102.44399999999987,0.15286400374838813,False,2026-08-19 04:39:00,0.12,167.5100000000001,2026-08-19 23:57:00,0.6333333333333333,0.8571428571428571,-2,0.36150886548884753,0,0,-0.6637772831986264,0.0,1.219826422494688,-1.2171164136010153,0.07809144508219135,0.3095349654445363,0.02928429190582175
2026-08-19,8,570,1,4356.72,4350.71,4335.16,15.550000000000182,102.44399999999987,0.15179024637851118,False,2026-08-19 10:29:00,0.12,166.1899999999995,2026-08-19 23:57:00,6.466666666666667,0.32432432432432434,-1,0.09352671769832596,0,0,-0.6247315606575308,0.0,0.5619175413880181,-1.1687313790404839,0.0,0.3651751200656047,0.02928429190582175
2026-08-19,9,570,1,4356.72,4349.46,4335.37,14.090000000000146,102.44399999999987,0.13753855765101092,False,2026-08-19 10:29:00,0.12,166.1899999999995,2026-08-19 23:57:00,6.466666666666667,0.32432432432432434,-1,0.09352671769832596,0,0,-0.6247315606575308,0.0,0.5619175413880181,-1.1687313790404839,0.0,0.3651751200656047,0.02928429190582175
2026-08-19,10,740,1,4368.53,4363.17,4347.48,15.69000000000051,102.44399999999987,0.15315684666745275,False,2026-08-19 13:19:00,0.12,154.38,2026-08-19 23:57:00,9.3,0.24489795918367346,2,-0.06500602202188226,1,1,-0.5368786849400655,0.0,-0.6864846758940641,-0.7358319410408002,0.03904572254109567,0.4283315762758206,0.02928429190582175
2026-08-20,2,165,-1,4506.31,4523.66,4511.42,12.239999999999782,102.18099999999995,0.1197874360203931,False,2026-08-20 03:44:00,0.12,-17.469999999999455,2026-08-20 18:01:00,2.7333333333333334,0.0,8,0.324130369437037,0,0,-1.1450269619596602,0.0,0.9593853855240974,-2.833065078152726,0.019573110460848895,0.2270480813458543,0.03914622092169779
2026-08-20,3,185,-1,4493.25,4521.21,4504.03,17.18000000000029,102.18099999999995,0.16813301885869486,False,2026-08-20 04:04:00,0.12,-28.080000000000037,2026-08-20 18:01:00,3.066666666666667,0.0,10,0.7563251922659282,0,0,-1.1254538514988115,0.0,2.627556897307,-2.515014219116596,0.10765210753466892,0.3381254832111664,0.03914622092169779
2026-08-20,5,450,-1,4483.26,4499.7,4488.57,11.13000000000011,102.18099999999995,0.10892435971462516,False,2026-08-20 08:29:00,0.12,-16.5599999999996,2026-08-20 17:36:00,7.483333333333333,0.0,13,-0.4087916815209976,1,1,-0.9688689678120203,0.0,-0.972848158407203,-2.271727229700763,0.009786555230424447,0.43334866560320096,0.03914622092169779
2026-08-20,6,455,-1,4480.39,4501.02,4488.04,12.980000000000473,102.18099999999995,0.12702948689091395,False,2026-08-20 08:34:00,0.12,-20.75000000000011,2026-08-20 17:44:00,7.566666666666666,0.0,14,-0.38686250551452345,1,1,-0.9688689678120203,0.0,-0.18676908877359252,-2.201833970479199,0.019573110460848895,0.4670144155958571,0.03914622092169779
2026-08-20,7,455,-1,4480.39,4499.29,4486.41,12.88000000000011,102.18099999999995,0.12605083136786796,False,2026-08-20 08:34:00,0.12,-19.019999999999637,2026-08-20 17:36:00,7.566666666666666,0.0,14,-0.38686250551452345,1,1,-0.9688689678120203,0.0,-0.18676908877359252,-2.201833970479199,0.019573110460848895,0.4670144155958571,0.03914622092169779
2026-08-21,3,215,1,4537.34,4527.49,4509.9,17.590000000000146,103.14300000000003,0.17053993000009832,False,2026-08-21 04:34:00,0.12,65.90999999999974,2026-08-21 23:56:00,0.5833333333333334,0.8571428571428571,0,0.02932590609179586,0,0,0.3005536003412737,0.06666666666666667,1.1061131445695207,2.077956588275862,0.04847638715181834,0.2914400395567357,0.009695277430363667
2026-08-21,5,480,1,4553.65,4542.94,4518.35,24.589999999999236,103.14300000000003,0.23840687201263516,False,2026-08-21 08:59:00,0.12,49.60000000000026,2026-08-21 23:56:00,5.0,0.3870967741935484,3,0.16009404977485803,0,0,0.33933471006272836,0.0,1.6631747992462655,2.350353979933687,0.04847638715181834,0.4599439612964573,0.009695277430363667
2026-08-21,6,390,1,4546.84,4538.38,4526.79,11.590000000000146,103.14300000000003,0.11236826541791631,False,2026-08-21 07:29:00,0.12,56.40999999999975,2026-08-21 23:56:00,3.5,0.48,1,0.02596057286311322,0,0,0.31994415520200103,0.05263157894736842,0.4071955439971715,2.2366184656976538,0.029085832291091,0.3726864644231843,0.009695277430363667
2026-08-21,7,480,1,4553.65,4548.0,4535.44,12.5600000000004,103.14300000000003,0.12177268452537154,False,2026-08-21 08:59:00,0.12,49.60000000000026,2026-08-21 23:56:00,5.0,0.3870967741935484,3,0.16009404977485803,0,0,0.33933471006272836,0.0,1.6631747992462655,2.350353979933687,0.04847638715181834,0.4599439612964573,0.009695277430363667
2026-08-21,8,520,1,4564.94,4556.3,4529.18,27.11999999999989,103.14300000000003,0.2629359239114616,False,2026-08-21 09:39:00,0.12,38.310000000000294,2026-08-21 23:56:00,5.666666666666667,0.35294117647058826,5,0.4715706490856888,0,0,0.3587252649234557,0.0,0.7422482219942634,2.5389110953117946,0.058171664582182,0.5528247190793405,0.009695277430363667
2026-08-21,9,625,1,4577.68,4567.63,4545.58,22.050000000000182,103.14300000000003,0.21378086733952062,False,2026-08-21 11:24:00,0.12,25.5699999999996,2026-08-21 23:56:00,7.416666666666667,0.2926829268292683,10,0.5248413423587533,1,1,0.3684205423538193,0.11428571428571428,1.9334547023263355,2.751685023559556,0.087257496873273,0.6822566727746902,0.009695277430363667
2026-08-21,10,625,1,4577.68,4568.0,4558.55,9.449999999999818,103.14300000000003,0.09162037171693489,False,2026-08-21 11:24:00,0.12,25.5699999999996,2026-08-21 23:56:00,7.416666666666667,0.2926829268292683,10,0.5248413423587533,1,1,0.3684205423538193,0.11428571428571428,1.9334547023263355,2.751685023559556,0.087257496873273,0.6822566727746902,0.009695277430363667
2026-08-25,2,135,1,4690.59,4682.74,4666.91,15.829999999999927,101.70699999999997,0.15564317106983722,True,2026-08-25 03:14:00,0.12,-23.800000000000292,2026-08-25 04:24:00,2.25,0.0,7,0.04582286133091941,0,0,0.30479711327637243,0.07407407407407407,2.3602716918134576,1.6981796020194966,0.07865731955519288,0.3882721936543277,0.03932865977759644
2026-08-25,3,205,-1,4666.88,4696.75,4675.48,21.270000000000437,101.70699999999997,0.20913014836737337,False,2026-08-25 04:24:00,0.12,8.159999999999746,2026-08-25 23:57:00,0.7166666666666667,0.7692307692307693,-8,0.3361041719515664,1,0,-0.3146292782207715,0.0,0.9589708887023449,-1.4708237814867864,0.0,0.4381212699224283,0.01966432988879822
2026-08-25,4,245,-1,4651.33,4686.54,4656.61,29.93000000000029,101.70699999999997,0.29427669678586826,False,2026-08-25 05:04:00,0.12,-7.390000000000437,2026-08-25 23:57:00,1.3833333333333333,0.625,-7,0.07524119341565966,0,0,-0.3146292782207715,0.037037037037037035,0.10294123536561166,-1.3217144179573186,0.00983216494439911,0.45463930702901273,0.01966432988879822
2026-08-25,6,450,1,4646.6,4641.36,4622.29,19.06999999999971,101.70699999999997,0.18749938548968817,True,2026-08-25 08:29:00,0.12,-24.4300000000004,2026-08-25 11:08:00,2.65,0.6551724137931034,5,0.05702831335934632,1,0,0.00983216494439911,0.7647058823529411,-0.23418410725479066,1.2763583221699033,0.0,0.7703501233936739,0.03932865977759644
2026-08-25,7,440,1,4644.21,4637.78,4623.86,13.920000000000073,101.70699999999997,0.13686373602603633,True,2026-08-25 08:19:00,0.12,-20.470000000000365,2026-08-25 11:08:00,2.4833333333333334,0.6551724137931034,5,0.04593400268151755,1,0,0.00983216494439911,0.7647058823529411,-0.8436644446044926,1.253440548611352,0.0,0.7703501233936739,0.03932865977759644
2026-08-25,9,595,-1,4631.57,4653.5,4637.15,16.350000000000364,101.70699999999997,0.16075589684092903,False,2026-08-25 10:54:00,0.12,-22.050000000000292,2026-08-25 18:35:00,7.216666666666667,0.2564102564102564,-5,-0.3947914555378155,0,0,-0.0,0.8297872340425532,-0.22965102967870835,-1.132235252469069,0.0,0.7703501233936739,0.01966432988879822
2026-08-25,10,610,-1,4623.3,4643.8,4629.82,13.980000000000473,101.70699999999997,0.13745366592270422,False,2026-08-25 11:09:00,0.12,-20.62,2026-08-25 11:24:00,7.466666666666667,0.25,-5,-0.4131400165170539,0,0,0.01966432988879822,0.8297872340425532,0.07853949343408247,-1.052934002540541,0.0,0.7703501233936739,0.01966432988879822
2026-08-26,2,145,-1,4645.33,4673.52,4653.28,20.24000000000069,103.01400000000004,0.19647814860116763,False,2026-08-26 03:24:00,0.12,51.119999999999784,2026-08-26 23:57:00,1.5666666666666667,0.3333333333333333,1,0.08932664370144094,0,0,-0.20385578659211362,0.35294117647058826,1.7423869753896786,-0.8920466979212441,0.058244510454889604,0.2786999825266471,0.0
2026-08-26,3,275,1,4663.78,4657.86,4634.49,23.36999999999989,103.01400000000004,0.22686236822179395,True,2026-08-26 05:34:00,0.12,-29.409999999999965,2026-08-26 09:16:00,1.5833333333333333,0.6666666666666666,-4,-0.07905494801643961,0,0,0.10678160250063094,0.8,-0.37757262731395114,1.083531210463258,0.0,0.4266410390820646,0.04853709204574134
2026-08-26,4,285,1,4667.32,4660.92,4629.77,31.149999999999636,103.01400000000004,0.302386083444965,True,2026-08-26 05:44:00,0.12,-37.66999999999927,2026-08-26 09:22:00,1.75,0.6666666666666666,-4,-0.13037274967605372,0,0,0.17473353136466882,0.5185185185185185,1.0937986945289802,1.1202713283168477,0.0,0.4266410390820646,0.04853709204574134
2026-08-26,5,315,-1,4648.28,4670.77,4654.92,15.850000000000364,103.01400000000004,0.15386258178500356,False,2026-08-26 06:14:00,0.12,54.0699999999996,2026-08-26 23:57:00,4.4,0.15,4,0.21789135383721614,0,0,-0.16502611295552055,0.56,0.6478556902657759,-0.922663462799234,0.0,0.4266410390820646,0.0
2026-08-26,6,500,-1,4634.2,4658.69,4642.63,16.05999999999949,103.01400000000004,0.15590113965091623,False,2026-08-26 09:19:00,0.12,39.989999999999675,2026-08-26 23:57:00,7.483333333333333,0.09090909090909091,4,-0.25624368165830125,0,0,-0.06795192886403788,0.96,-0.1418798398886653,-0.7765332765341083,0.0,0.4266410390820646,0.0
2026-08-26,7,505,-1,4627.21,4644.41,4638.88,5.529999999999745,103.01400000000004,0.05368202380258745,False,2026-08-26 09:24:00,0.12,32.99999999999989,2026-08-26 23:57:00,7.566666666666666,0.09090909090909091,5,-0.1819065119454828,0,0,-0.06795192886403788,0.96,1.072374112425378,-0.7039871116198184,0.019414836818296536,0.4627526355640986,0.0
2026-08-26,8,505,-1,4627.21,4649.55,4635.5,14.050000000000182,103.01400000000004,0.13638922864853492,False,2026-08-26 09:24:00,0.12,32.99999999999989,2026-08-26 23:57:00,7.566666666666666,0.09090909090909091,5,-0.1819065119454828,0,0,-0.06795192886403788,0.96,1.072374112425378,-0.7039871116198184,0.019414836818296536,0.4627526355640986,0.0
2026-08-26,9,685,-1,4619.08,4641.43,4624.8,16.63000000000011,103.01400000000004,0.16143436814413675,False,2026-08-26 12:24:00,0.12,24.86999999999978,2026-08-26 23:57:00,10.566666666666666,0.06666666666666667,7,-0.20652938397820353,0,0,-0.0,1.0,-0.1543077919191479,-0.6196093833289453,0.029122255227444802,0.5344904576077075,0.0
2026-08-26,10,680,-1,4621.26,4639.35,4626.51,12.840000000000146,103.01400000000004,0.12464325237346517,False,2026-08-26 12:19:00,0.12,27.05000000000007,2026-08-26 23:57:00,10.483333333333333,0.06666666666666667,7,-0.2309452584759824,0,0,-0.0,1.0,-0.7790301790260594,-0.6422346536455659,0.009707418409148268,0.5112897276098399,0.0
2026-08-27,2,235,1,4634.83,4624.9,4607.03,17.86999999999989,104.1960000000001,0.1715037045567956,False,2026-08-27 04:54:00,0.12,-27.920000000000183,2026-08-27 08:44:00,3.9166666666666665,0.0,8,0.009440278140846747,0,0,-0.23033513762524452,0.7894736842105263,0.4494081620728882,0.5798082616669004,0.028791892203155565,0.37794157165341435,0.03838918960420742
2026-08-27,3,235,1,4634.83,4627.11,4600.62,26.48999999999978,104.1960000000001,0.25423240815386156,False,2026-08-27 04:54:00,0.12,-34.330000000000034,2026-08-27 09:02:00,3.9166666666666665,0.0,8,0.009440278140846747,0,0,-0.23033513762524452,0.7894736842105263,0.4494081620728882,0.5798082616669004,0.028791892203155565,0.37794157165341435,0.03838918960420742
2026-08-27,5,400,-1,4618.17,4643.06,4623.64,19.420000000000073,104.1960000000001,0.1863795155284277,True,2026-08-27 07:39:00,0.12,17.480000000000363,2026-08-27 23:57:00,2.65,0.6153846153846154,-9,0.07564145898659423,0,0,0.16315405581788153,1.0,-1.1685423900122591,-0.2974074142224286,0.0,0.45068908595339546,0.028791892203155565
2026-08-27,6,395,-1,4618.7,4638.69,4624.41,14.279999999999745,104.1960000000001,0.13704940688701805,True,2026-08-27 07:34:00,0.12,18.010000000000108,2026-08-27 23:57:00,2.566666666666667,0.6153846153846154,-9,0.0789102121316528,0,0,0.16315405581788153,1.0,-1.3743470141356708,-0.30639135474736856,0.0,0.45068908595339546,0.028791892203155565
2026-08-27,9,700,-1,4584.5,4611.86,4597.99,13.86999999999989,104.1960000000001,0.1331145149525882,True,2026-08-27 12:39:00,0.12,-27.479999999999674,2026-08-27 19:01:00,7.65,0.34782608695652173,-7,-0.08757136282476043,0,0,0.28791892203155567,0.4838709677419355,3.058673900571172,0.27332707157922,0.0863756766094667,0.6226726553802454,0.028791892203155565
2026-08-28,2,170,-1,4587.39,4611.48,4594.37,17.109999999999673,101.3920000000001,0.16875098627110283,False,2026-08-28 03:49:00,0.12,-24.209999999999237,2026-08-28 09:59:00,1.8333333333333333,0.36363636363636365,3,0.2003964956316666,0,0,0.03945084424806687,1.0,-0.4642538879233213,0.908261720494277,0.0,0.2470609121035116,0.009862711062016718
2026-08-28,3,235,-1,4577.07,4602.54,4585.72,16.81999999999971,101.3920000000001,0.16589080006311832,False,2026-08-28 04:54:00,0.12,-25.590000000000256,2026-08-28 09:51:00,2.9166666666666665,0.26666666666666666,6,0.17119417400798922,0,0,0.09862711062016719,0.9047619047619048,0.008982480200865721,1.2000635542110327,0.009862711062016718,0.3515070222502701,0.009862711062016718
2026-08-28,6,465,-1,4572.75,4590.08,4578.67,11.409999999999854,101.3920000000001,0.11253353321760931,False,2026-08-28 08:44:00,0.12,-17.44999999999993,2026-08-28 09:45:00,6.75,0.13333333333333333,8,-0.5640296144136163,0,0,0.17752879911630093,0.5238095238095238,1.7831214414527758,1.3222131590226824,0.029588133186050154,0.3922400189364002,0.009862711062016718
2026-08-28,7,465,-1,4572.75,4585.4,4577.98,7.420000000000073,101.3920000000001,0.07318131608016476,False,2026-08-28 08:44:00,0.12,-12.769999999999635,2026-08-28 09:23:00,6.75,0.13333333333333333,8,-0.5640296144136163,0,0,0.17752879911630093,0.5238095238095238,1.7831214414527758,1.3222131590226824,0.029588133186050154,0.3922400189364002,0.009862711062016718
2026-08-28,8,530,1,4599.65,4586.31,4571.71,14.600000000000364,101.3920000000001,0.14399558150544767,True,2026-08-28 09:49:00,0.12,-28.0599999999996,2026-08-28 17:05:00,1.1166666666666667,0.8571428571428571,-8,0.5603982228847295,0,0,-0.18739151017831765,0.47619047619047616,1.5341746559117622,-0.5616056660982488,0.0,0.3922400189364002,0.0
2026-09-01,3,205,-1,4440.39,4461.48,4446.48,15.0,112.78000000000011,0.133002305373293,False,2026-09-01 04:24:00,0.12,111.40000000000043,2026-09-01 23:57:00,1.0666666666666667,0.6923076923076923,3,-0.03267755896480473,0,0,-0.08866820358219533,0.9230769230769231,0.6914892658041952,1.662510189522037,0.008866820358219533,0.20154282674232613,0.0
2026-09-01,4,380,-1,4430.34,4456.97,4436.44,20.530000000000655,112.78000000000011,0.18203582195425283,False,2026-09-01 07:19:00,0.12,101.35000000000025,2026-09-01 23:57:00,3.9833333333333334,0.36,6,-0.04913407325823366,0,0,-0.04433410179109767,1.0,-1.1122849566052417,1.7892411765343494,0.0,0.29801383223975564,0.0
2026-09-01,6,440,-1,4425.89,4444.13,4431.83,12.300000000000182,112.78000000000011,0.10906189040610187,False,2026-09-01 08:19:00,0.12,-18.359999999999783,2026-09-01 08:45:00,4.983333333333333,0.3103448275862069,9,0.0399347331039127,0,0,-0.03546728143287813,1.0,-0.6331663321695927,1.8453558921766138,0.0,0.31885086008156666,0.0
2026-09-01,8,580,-1,4413.87,4446.06,4424.11,21.950000000000728,112.78000000000011,0.19462670686292521,False,2026-09-01 10:39:00,0.12,84.88,2026-09-01 23:57:00,7.316666666666666,0.23684210526315788,11,-0.03929952045196566,0,0,0.0266004610746586,1.0,1.9882878254628271,1.996928674653034,0.09753502394041487,0.4227699946799019,0.0
2026-09-01,9,580,-1,4413.87,4440.61,4427.75,12.859999999999673,112.78000000000011,0.1140273098067003,False,2026-09-01 10:39:00,0.12,84.88,2026-09-01 23:57:00,7.316666666666666,0.23684210526315788,11,-0.03929952045196566,0,0,0.0266004610746586,1.0,1.9882878254628271,1.996928674653034,0.09753502394041487,0.4227699946799019,0.0
2026-09-01,10,610,-1,4395.91,4434.98,4412.16,22.81999999999971,112.78000000000011,0.20234084057456717,False,2026-09-01 11:09:00,0.12,66.91999999999996,2026-09-01 23:57:00,7.816666666666666,0.225,12,0.708572954010347,0,0,0.017733640716439066,1.0,4.0180987431052895,2.2234051449755308,0.15073594608973206,0.5979783649583218,0.0
2026-09-02,3,190,-1,4308.58,4334.53,4314.59,19.9399999999996,115.93700000000008,0.17198996006451422,True,2026-09-02 04:09:00,0.12,-26.06999999999982,2026-09-02 15:04:00,1.5333333333333334,0.5,6,1.0276904672154032,0,0,0.4312687062801346,0.7692307692307693,1.7789006127868392,2.1967782264401285,0.05175224475361615,0.2660927917748462,0.008625374125602691
2026-09-02,5,455,1,4324.55,4314.8,4287.37,27.43000000000029,115.93700000000008,0.23659401226528434,False,2026-09-02 08:34:00,0.12,62.809999999999384,2026-09-02 23:57:00,2.0,0.7333333333333333,-9,-0.039935690310497624,1,0,-0.5520239440385722,0.18181818181818182,0.42049474651905,-2.031942233322805,0.0,0.4591286647058275,0.04312687062801346
2026-09-02,6,440,1,4310.86,4304.25,4282.56,21.6899999999996,115.93700000000008,0.18708436478431895,False,2026-09-02 08:19:00,0.12,76.49999999999989,2026-09-02 23:57:00,1.75,0.7586206896551724,-9,0.0026986682115355508,1,0,-0.5951508146665857,0.08108108108108109,-1.0975718631360991,-2.173244972569906,0.0,0.4591286647058275,0.04312687062801346
2026-09-02,7,455,1,4324.55,4307.68,4301.46,6.220000000000255,115.93700000000008,0.05364982706125094,False,2026-09-02 08:34:00,0.12,62.809999999999384,2026-09-02 23:57:00,2.0,0.7333333333333333,-9,-0.039935690310497624,1,0,-0.5520239440385722,0.18181818181818182,0.42049474651905,-2.031942233322805,0.0,0.4591286647058275,0.04312687062801346
2026-09-02,9,715,-1,4308.66,4329.28,4314.61,14.670000000000073,115.93700000000008,0.12653423842259212,True,2026-09-02 12:54:00,0.12,-20.739999999999892,2026-09-02 14:34:00,10.283333333333333,0.1276595744680851,9,0.4889438598349552,0,0,0.4916463251593534,0.37037037037037035,-1.3007537075944782,2.1959524982341563,0.0,0.4591286647058275,0.008625374125602691
2026-09-03,3,215,1,4409.16,4397.8,4382.55,15.25,107.49099999999999,0.14187234280079264,True,2026-09-03 04:34:00,0.12,64.05000000000007,2026-09-03 23:57:00,1.9833333333333334,0.42857142857142855,-3,0.7057850461686972,0,0,0.6326111023248459,0.0,0.25705625661900317,-0.5577180344693675,0.0,0.26197542119805245,0.009303104445953616
2026-09-03,4,295,1,4419.77,4412.44,4387.36,25.079999999999927,107.49099999999999,0.233321859504516,True,2026-09-03 05:54:00,0.12,53.43999999999949,2026-09-03 23:57:00,3.316666666666667,0.3157894736842105,2,0.26421975243478213,0,0,0.6791266245546139,0.0,0.3273547467360695,-0.457130282974532,0.009303104445953616,0.36235591816989166,0.009303104445953616
2026-09-03,5,315,1,4428.83,4420.52,4406.79,13.730000000000473,107.49099999999999,0.12773162404294755,True,2026-09-03 06:14:00,0.12,44.38,2026-09-03 23:57:00,3.65,0.3,3,0.4102515361649858,0,0,0.6884297290005675,0.0,0.74520457268325,-0.371237254836633,0.07442483556762892,0.4553869626294278,0.009303104445953616
2026-09-03,7,505,-1,4419.17,4438.41,4425.69,12.720000000000255,107.49099999999999,0.11833548855253237,False,2026-09-03 09:24:00,0.12,-19.359999999999783,2026-09-03 11:03:00,1.4166666666666667,0.8484848484848485,-11,0.21935098121052338,1,0,-0.8837949223655935,0.0,1.053353074489369,0.46281856298366814,0.0,0.5498134727558537,0.009303104445953616
2026-09-04,3,360,-1,4467.06,4487.12,4472.83,14.289999999999964,111.42599999999993,0.1282465492793421,False,2026-09-04 06:59:00,0.12,-20.17999999999949,2026-09-04 10:45:00,3.0166666666666666,0.4782608695652174,-1,-0.4404504472093949,0,0,-0.17949132159460102,1.0,-1.3185390751085002,-0.3168094863065442,0.0,0.18002979555938026,0.0
2026-09-08,2,205,1,4433.62,4428.02,4407.25,20.770000000000437,108.39799999999995,0.19160870126755516,False,2026-09-08 04:24:00,0.12,-26.489999999999892,2026-09-08 09:18:00,3.4166666666666665,0.0,4,-0.1432394055899872,0,0,0.1568294617981882,0.2631578947368421,0.0446862106806872,0.5292061379677707,0.01845052491743391,0.2818317681138046,0.009225262458716955
2026-09-08,3,230,1,4440.65,4430.17,4415.05,15.11999999999989,108.39799999999995,0.13948596837579935,False,2026-09-08 04:49:00,0.12,-25.719999999999455,2026-09-08 09:01:00,3.8333333333333335,0.0,6,0.05629599573134164,0,0,0.202955774091773,0.047619047619047616,-0.23579833157606642,0.6620235905547641,0.03690104983486782,0.3286038487794969,0.009225262458716955
2026-09-08,6,485,-1,4415.31,4440.1,4422.61,17.49000000000069,108.39799999999995,0.1613498404029659,True,2026-09-08 09:04:00,0.12,59.66000000000066,2026-09-08 23:57:00,2.0,0.75,-7,0.2826504317844457,0,0,-0.21218103655048995,0.0,-0.2290504679523701,-0.1832761867774618,0.0,0.3498219524345476,0.01845052491743391
2026-09-08,8,495,-1,4411.57,4437.74,4417.47,20.269999999999527,108.39799999999995,0.1869960700381883,True,2026-09-08 09:14:00,0.12,55.919999999999966,2026-09-08 23:57:00,2.1666666666666665,0.75,-7,0.2730944848410653,0,0,-0.21218103655048995,0.0,0.8995469703380974,-0.11261654628308547,0.0,0.3498219524345476,0.01845052491743391
2026-09-08,9,595,-1,4391.45,4420.16,4398.26,21.899999999999636,108.39799999999995,0.20203324784589793,True,2026-09-08 10:54:00,0.12,35.800000000000075,2026-09-08 23:57:00,3.8333333333333335,0.6153846153846154,-3,0.47559559591675643,1,1,-0.21218103655048995,0.1111111111111111,-0.43950663606472573,0.26750964803418215,0.0,0.4832192475875951,0.01845052491743391
2026-09-09,3,210,1,4371.66,4365.62,4341.34,24.279999999999745,108.95899999999992,0.22283611266623007,False,2026-09-09 04:29:00,0.12,28.949999999999708,2026-09-09 23:57:00,1.0833333333333333,0.6923076923076923,0,0.44623848854090975,0,0,-0.5047770262208725,0.0,0.7533913542441146,-0.731661067321724,0.027533292339320316,0.29121045530887385,0.018355528226213544
2026-09-09,5,460,1,4392.5,4384.43,4367.3,17.13000000000011,108.95899999999992,0.15721509925752,False,2026-09-09 08:39:00,0.12,8.109999999999564,2026-09-09 23:57:00,5.25,0.3,6,-0.09317314552780223,1,1,-0.32122174395873704,0.09090909090909091,0.5156784210044668,-0.3157707766337315,0.03671105645242709,0.4703604107967221,0.018355528226213544
2026-09-09,6,440,1,4388.24,4382.71,4375.15,7.5600000000004,108.95899999999992,0.06938389669509087,False,2026-09-09 08:19:00,0.12,-13.210000000000145,2026-09-09 18:23:00,4.916666666666667,0.3103448275862069,5,-0.11823320034524155,1,1,-0.4221771492029115,0.0,-1.59636972444908,-0.4007848187801291,0.018355528226213544,0.43438357547334283,0.018355528226213544
2026-09-09,7,440,1,4388.24,4382.56,4370.63,11.930000000000291,108.95899999999992,0.10949072586936646,False,2026-09-09 08:19:00,0.12,12.369999999999783,2026-09-09 23:57:00,4.916666666666667,0.3103448275862069,5,-0.11823320034524155,1,1,-0.4221771492029115,0.0,-1.59636972444908,-0.4007848187801291,0.018355528226213544,0.43438357547334283,0.018355528226213544
2026-09-09,8,555,1,4406.55,4400.94,4380.47,20.469999999999345,108.95899999999992,0.18786883139528962,False,2026-09-09 10:14:00,0.12,-26.19999999999993,2026-09-09 18:06:00,6.833333333333333,0.25,10,0.22548663106809813,1,1,-0.33957727218495054,0.08108108108108109,0.5436948226137488,-0.03538408833400359,0.027533292339320316,0.6100459805982095,0.018355528226213544
2026-09-09,9,590,1,4411.86,4406.03,4395.28,10.75,108.95899999999992,0.0986609642158978,False,2026-09-09 10:49:00,0.12,-16.69999999999993,2026-09-09 12:45:00,7.416666666666667,0.23076923076923078,13,0.2398817389989974,1,1,-0.3487550362980573,0.0975609756097561,-1.1861730306540104,0.0705841191301525,0.03671105645242709,0.656026578804868,0.018355528226213544
2026-09-09,10,715,-1,4391.1,4412.82,4399.33,13.489999999999782,108.95899999999992,0.12380803788580835,True,2026-09-09 12:54:00,0.12,-21.839999999999346,2026-09-09 14:49:00,2.15,0.8297872340425532,-13,-0.0021668380311656785,1,0,0.16978863609247527,0.56,-0.4198883334699794,0.3437096637240882,0.0,0.656026578804868,0.0
2026-09-10,3,190,1,4417.91,4404.89,4389.84,15.050000000000182,109.17699999999986,0.13784954706577576,True,2026-09-10 04:09:00,0.12,-28.18999999999971,2026-09-10 12:32:00,1.1166666666666667,0.6666666666666666,-6,0.8821064479121472,0,0,-0.08243494508916724,1.0,3.0181217293735787,-0.09791335815048746,0.10075382177564884,0.2646161737362215,0.01831887668648161
2026-09-10,6,465,1,4428.31,4421.12,4406.96,14.159999999999854,109.17699999999986,0.12969764694028846,True,2026-09-10 08:44:00,0.12,-21.470000000000365,2026-09-10 10:30:00,5.7,0.26666666666666666,-2,-0.15278594784669025,0,0,0.01831887668648161,1.0,1.665361585470044,0.20681139795251788,0.06411606840268563,0.36417926852725635,0.01831887668648161
2026-09-10,8,635,-1,4399.97,4431.28,4408.24,23.039999999999964,109.17699999999986,0.2110334594282678,False,2026-09-10 11:34:00,0.12,83.23000000000036,2026-09-10 23:57:00,2.5833333333333335,0.7619047619047619,0,0.012236301426853856,0,0,-0.01831887668648161,1.0,-0.32510115731135175,0.6235635624281324,0.0,0.4118999422955413,0.02747831502972241
2026-09-10,9,575,-1,4404.65,4434.81,4410.93,23.88000000000011,109.17699999999986,0.21872738763659139,False,2026-09-10 10:34:00,0.12,87.90999999999974,2026-09-10 23:57:00,1.5833333333333333,0.8421052631578947,0,0.08989374749371751,0,0,-0.02747831502972241,1.0,-0.18810995856987134,0.4864374221818053,0.0,0.4118999422955413,0.02747831502972241
2026-09-10,10,645,-1,4395.94,4425.46,4404.05,21.409999999999854,109.17699999999986,0.19610357492878427,False,2026-09-10 11:44:00,0.12,79.1999999999997,2026-09-10 23:57:00,2.75,0.7619047619047619,0,-0.00013748050369907783,0,0,-0.01831887668648161,1.0,1.0416403715790417,0.74164440541806,0.0,0.4118999422955413,0.02747831502972241
2026-09-11,2,165,1,4327.55,4320.55,4311.3,9.25,113.48499999999986,0.08150856941446016,False,2026-09-11 03:44:00,0.12,-16.37,2026-09-11 06:21:00,0.8333333333333334,0.7,-1,0.20167310444611655,0,0,-0.6520685553156813,0.0,0.7207761774931446,-2.3543494821805133,0.02643521170198708,0.14424813852050855,0.008811737233995693
2026-09-11,3,185,1,4340.38,4333.85,4312.73,21.1200000000008,113.48499999999986,0.1861038903819961,False,2026-09-11 04:04:00,0.12,-27.770000000000547,2026-09-11 06:21:00,1.1666666666666667,0.5833333333333334,1,1.016303651909686,0,0,-0.660880292549677,0.0,2.048165147589306,-1.9735792263240761,0.07049389787196554,0.25686214037097127,0.008811737233995693
2026-09-11,4,320,-1,4314.92,4340.45,4320.93,19.519999999999527,113.48499999999986,0.17200511080759176,True,2026-09-11 06:19:00,0.12,-25.649999999999746,2026-09-11 08:34:00,2.2666666666666666,0.5714285714285714,-1,-0.4569736363460057,0,0,0.6256333436136943,0.0,-0.2668807359700667,2.729184114407081,0.0,0.25686214037097127,0.02643521170198708
2026-09-11,5,325,-1,4306.93,4334.62,4315.99,18.63000000000011,113.48499999999986,0.16416266466934074,True,2026-09-11 06:24:00,0.12,-27.8099999999996,2026-09-11 07:51:00,2.35,0.5714285714285714,0,-0.1564785673543871,0,0,0.6256333436136943,0.0,2.198212318272721,2.966312278420555,0.04405868616997847,0.3173987751685207,0.02643521170198708
2026-09-11,6,415,1,4335.0,4326.53,4300.86,25.670000000000073,113.48499999999986,0.22619729479667008,False,2026-09-11 07:54:00,0.12,-34.260000000000325,2026-09-11 15:30:00,1.0833333333333333,0.8518518518518519,-1,-0.22710807323400456,0,0,-0.6168216063796985,0.0,-0.6454851337436633,-2.1332475019676993,0.0,0.3488566770938908,0.017623474467991385
2026-09-11,7,465,1,4342.92,4335.35,4302.05,33.30000000000018,113.48499999999986,0.2934308498920582,False,2026-09-11 08:44:00,0.12,-40.98999999999989,2026-09-11 15:30:00,1.9166666666666667,0.7666666666666667,0,-0.16019562917653402,0,0,-0.6080098691457029,0.0,0.09999029550207096,-1.898196806224673,0.017623474467991385,0.37106225492356376,0.017623474467991385
2026-09-11,8,495,1,4359.07,4352.01,4328.3,23.710000000000036,113.48499999999986,0.2089262898180382,False,2026-09-11 09:14:00,0.12,-30.889999999999528,2026-09-11 15:06:00,2.4166666666666665,0.71875,2,0.574538639370531,0,0,-0.6080098691457029,0.0,1.3853956478228155,-1.4188951981123306,0.07930563510596124,0.5296735251354863,0.017623474467991385
2026-09-15,2,200,1,4304.31,4297.47,4287.11,10.360000000000582,108.45899999999992,0.09551996607013333,False,2026-09-15 04:19:00,0.12,-17.32000000000073,2026-09-15 09:07:00,0.7666666666666667,0.7692307692307693,-4,0.15934896714766367,0,0,-0.26738214440479835,0.8461538461538461,0.3190967170762885,-1.4201897236447618,0.018440147889986092,0.20901907633299302,0.0
2026-09-15,3,200,1,4304.31,4296.7,4283.25,13.449999999999818,108.45899999999992,0.1240099945601548,False,2026-09-15 04:19:00,0.12,-21.1800000000004,2026-09-15 10:41:00,0.7666666666666667,0.7692307692307693,-4,0.15934896714766367,0,0,-0.26738214440479835,0.8461538461538461,0.3190967170762885,-1.4201897236447618,0.018440147889986092,0.20901907633299302,0.0
2026-09-15,4,280,1,4315.1,4306.61,4287.96,18.649999999999636,108.45899999999992,0.17195437907411695,False,2026-09-15 05:39:00,0.12,-27.26000000000033,2026-09-15 09:06:00,2.1,0.5555555555555556,-1,0.35140126765143564,0,0,-0.25816207045980527,0.8235294117647058,0.5118947616429114,-1.1687705061692637,0.036880295779972185,0.2953189684581249,0.0
2026-09-15,8,595,-1,4277.75,4307.66,4289.24,18.420000000000073,108.45899999999992,0.1698337620667726,True,2026-09-15 10:54:00,0.12,-30.029999999999855,2026-09-15 21:41:00,5.1,0.48717948717948717,2,-0.22623953343971676,0,0,0.23050184862482614,0.9047619047619048,2.6112067443369695,2.039067797430615,0.036880295779972185,0.37949824357591244,0.0
2026-09-15,10,605,-1,4266.83,4295.52,4276.27,19.25,108.45899999999992,0.17748642344111612,True,2026-09-15 11:04:00,0.12,-28.81000000000051,2026-09-15 15:55:00,5.266666666666667,0.475,3,0.18319552584295398,0,0,0.23050184862482614,0.9047619047619048,2.505472843702548,2.293516162104616,0.09220073944993046,0.46791875270839706,0.0
2026-09-16,2,265,1,4295.68,4289.53,4281.19,8.340000000000146,100.21399999999994,0.0832219051230382,False,2026-09-16 05:24:00,0.12,-14.61000000000069,2026-09-16 21:34:00,1.4833333333333334,0.6470588235294118,-6,0.215994770849561,0,0,-0.05987187418923507,1.0,-0.33231684823955293,-1.0933777422312987,0.0,0.23399924162292526,0.009978645698205845
2026-09-16,3,255,1,4292.43,4286.23,4275.51,10.719999999999345,100.21399999999994,0.10697108188476012,False,2026-09-16 05:14:00,0.12,-17.040000000000074,2026-09-16 21:35:00,1.3166666666666667,0.6875,-6,0.3043603130170811,0,0,-0.05987187418923507,1.0,2.3628376647103657,-1.1646630569538743,0.0,0.23399924162292526,0.009978645698205845
2026-09-16,4,270,1,4299.0,4293.64,4276.72,16.920000000000073,100.21399999999994,0.16883868521364362,False,2026-09-16 05:29:00,0.12,-22.399999999999746,2026-09-16 21:35:00,1.5666666666666667,0.6470588235294118,-5,0.2721310700233023,0,0,-0.05987187418923507,1.0,1.3954188125472986,-1.0205570514993203,0.009978645698205845,0.2516614445087449,0.009978645698205845
2026-09-16,5,315,1,4337.01,4323.49,4281.95,41.539999999999964,100.21399999999994,0.41451294230347047,False,2026-09-16 06:14:00,0.12,-55.1800000000004,2026-09-16 21:34:00,2.316666666666667,0.55,-2,1.1710251907359317,0,0,-0.03991458279282338,0.9523809523809523,2.23675805155659,-0.1868478783900543,0.2694234338515578,0.6318478456103912,0.009978645698205845
2026-09-16,7,545,1,4334.77,4328.5,4320.64,7.859999999999673,100.21399999999994,0.07843215518789468,False,2026-09-16 10:04:00,0.12,-14.250000000000108,2026-09-16 21:01:00,6.15,0.3055555555555556,-1,-0.012037982988233317,1,1,0.20955155966232275,0.3584905660377358,-0.9093050064591102,-0.23597991069114777,0.0,0.6542997984313543,0.009978645698205845
2026-09-16,9,580,1,4338.22,4333.12,4321.55,11.569999999999709,100.21399999999994,0.11545293072823873,False,2026-09-16 10:39:00,0.12,-16.790000000000074,2026-09-16 21:01:00,6.733333333333333,0.2894736842105263,-1,-0.07350403424508575,1,1,0.20955155966232275,0.3584905660377358,-0.5662062105498399,-0.16030780737026382,0.0,0.6542997984313543,0.009978645698205845
2026-09-16,10,730,1,4345.22,4339.12,4328.52,10.599999999999454,100.21399999999994,0.10577364440097652,False,2026-09-16 13:09:00,0.12,-16.81999999999982,2026-09-16 17:05:00,9.233333333333333,0.22916666666666666,0,-0.45070936513093107,1,1,0.259444788153352,0.2549019607843137,0.25893021665610794,-0.006770206429331751,0.03991458279282338,0.7008002873849921,0.009978645698205845
2026-09-17,2,135,1,4284.98,4275.59,4258.87,16.720000000000255,101.93199999999997,0.1640309225758374,False,2026-09-17 03:14:00,0.12,56.64000000000022,2026-09-17 23:57:00,1.9833333333333334,0.125,1,0.45469726640452823,0,0,-0.588627712592709,0.0,2.254665270465853,-1.1067867442837986,0.0784836950123612,0.28695600988894565,0.00981046187654515
2026-09-17,3,185,1,4297.51,4292.35,4266.39,25.960000000000036,101.93199999999997,0.25467959031511245,False,2026-09-17 04:04:00,0.12,44.109999999999566,2026-09-17 23:57:00,2.816666666666667,0.08333333333333333,4,0.20202949804329073,1,1,-0.5591963269630735,0.0,1.7069886259165308,-0.7972532650904676,0.04905230938272575,0.4027194600321802,0.00981046187654515
2026-09-17,6,475,1,4303.39,4297.46,4277.14,20.31999999999971,101.93199999999997,0.1993485853313946,False,2026-09-17 08:54:00,0.12,38.22999999999946,2026-09-17 23:57:00,7.65,0.03225806451612903,6,-0.10832711079808559,0,0,-0.392418475061806,0.3939393939393939,-0.38760954437561856,-0.6519973307204177,0.0,0.5951026174312274,0.00981046187654515
2026-09-17,7,480,1,4304.56,4298.92,4290.39,8.529999999999745,101.93199999999997,0.08368323980692763,False,2026-09-17 08:59:00,0.12,37.059999999999384,2026-09-17 23:57:00,7.733333333333333,0.03225806451612903,6,-0.11612846277390249,0,0,-0.33355570380253513,0.5757575757575758,-0.09375811844127055,-0.6230943641876003,0.0,0.5951026174312274,0.00981046187654515
2026-09-17,8,495,1,4312.08,4305.38,4285.52,19.859999999999673,101.93199999999997,0.19483577286818346,False,2026-09-17 09:14:00,0.12,29.539999999999853,2026-09-17 23:57:00,7.983333333333333,0.03125,6,-0.12454028271138612,0,0,-0.33355570380253513,0.5757575757575758,-0.31179059388545743,-0.4373248698912251,0.0,0.5951026174312274,0.00981046187654515
2026-09-17,9,555,1,4322.91,4315.24,4304.31,10.929999999999382,101.93199999999997,0.10722834831063242,False,2026-09-17 10:14:00,0.12,18.709999999999926,2026-09-17 23:57:00,8.983333333333333,0.027777777777777776,7,-0.09800780493711651,1,1,-0.32374524192598997,0.6,0.7990225308128166,-0.16978715403619088,0.0392418475061806,0.6470980653769185,0.00981046187654515
2026-09-18,3,325,-1,4336.1,4360.12,4342.18,17.9399999999996,101.34200000000001,0.1770243334451619,False,2026-09-18 06:24:00,0.12,-24.139999999999528,2026-09-18 06:45:00,2.316666666666667,0.5714285714285714,-1,-0.22227080202216923,0,0,-0.10854334826626669,1.0,1.06225333897025,-0.5416128001460987,0.02960273134534546,0.30500680862820795,0.009867577115115154
2026-09-18,4,320,-1,4337.44,4365.63,4344.01,21.61999999999989,101.34200000000001,0.21333701722878853,False,2026-09-18 06:19:00,0.12,-28.31000000000051,2026-09-18 07:45:00,2.2333333333333334,0.5714285714285714,-1,-0.3484612231153378,0,0,-0.10854334826626669,1.0,0.33747719256182007,-0.5828049617828169,0.01973515423023031,0.2825087328057479,0.009867577115115154
2026-09-18,5,320,-1,4337.44,4356.57,4343.36,13.210000000000036,101.34200000000001,0.13035069369067154,False,2026-09-18 06:19:00,0.12,-19.25000000000011,2026-09-18 06:42:00,2.2333333333333334,0.5714285714285714,-1,-0.3484612231153378,0,0,-0.10854334826626669,1.0,0.33747719256182007,-0.5828049617828169,0.01973515423023031,0.2825087328057479,0.009867577115115154
2026-09-18,6,420,1,4366.92,4360.9,4334.39,26.50999999999931,101.34200000000001,0.2615894693216959,True,2026-09-18 07:59:00,0.12,11.249999999999892,2026-09-18 23:56:00,1.5666666666666667,0.7777777777777778,2,0.11831842449380862,0,0,0.11841092538138184,1.0,-0.37039527005351613,1.489032517791149,0.009867577115115154,0.3221763928085062,0.049337885575575766
2026-09-18,7,460,1,4372.37,4367.04,4352.86,14.180000000000291,101.34200000000001,0.13992224349233576,True,2026-09-18 08:39:00,0.12,-19.63000000000022,2026-09-18 16:42:00,2.2333333333333334,0.7,5,0.24929332216769834,0,0,0.10854334826626669,1.0,1.575684827839516,1.656567802059981,0.02960273134534546,0.3815792070415037,0.049337885575575766
2026-09-18,8,490,1,4387.42,4378.27,4360.29,17.980000000000473,101.34200000000001,0.17741903652977511,True,2026-09-18 09:09:00,0.12,-27.25000000000011,2026-09-18 15:24:00,2.7333333333333334,0.65625,6,0.7724938561761298,0,0,0.11841092538138184,1.0,0.8967691490820299,2.1192111099950335,0.08880819403603638,0.5310730003354946,0.049337885575575766
2026-09-18,10,700,-1,4381.45,4399.58,4388.96,10.61999999999989,101.34200000000001,0.10479366896252185,False,2026-09-18 12:39:00,0.12,3.0399999999998544,2026-09-18 23:56:00,1.8166666666666667,0.8478260869565217,-10,-0.3310253965176079,1,0,-0.22695427364764853,0.9148936170212766,0.09605455624909795,-1.9356908077776016,0.009867577115115154,0.6432673521343529,0.009867577115115154
2026-09-22,2,160,-1,4349.47,4370.65,4358.21,12.4399999999996,96.00199999999995,0.12958063373679304,True,2026-09-22 03:39:00,0.12,-21.299999999999383,2026-09-22 22:37:00,0.6333333333333333,0.8,-7,0.21562738202730858,0,0,-0.0937480469156893,0.7058823529411765,0.5492868807689528,-0.5333102373266712,0.0,0.32905564467407095,0.06249869794379287
2026-09-22,3,250,-1,4343.28,4376.02,4348.45,27.57000000000062,96.00199999999995,0.28718151705173467,True,2026-09-22 05:09:00,0.12,-15.230000000000581,2026-09-22 23:57:00,2.1333333333333333,0.5,-5,-0.12276973489900228,0,0,-0.031249348971896435,1.0,0.6392850599816571,-0.36261984756435606,0.0,0.3463469511051855,0.06249869794379287
2026-09-22,4,365,-1,4336.86,4365.16,4343.54,21.61999999999989,96.00199999999995,0.22520364159079917,True,2026-09-22 07:04:00,0.12,-28.420000000000183,2026-09-22 22:32:00,4.05,0.3333333333333333,-2,-0.22649800340890355,0,0,0.031249348971896435,0.9523809523809523,-0.3822656448496863,-0.18558716545224205,0.031249348971896435,0.4271786004458265,0.06249869794379287
2026-09-22,5,445,-1,4330.04,4355.8,4339.77,16.029999999999745,96.00199999999995,0.16697568800649729,True,2026-09-22 08:24:00,0.12,-25.88000000000022,2026-09-22 21:05:00,5.383333333333334,0.27586206896551724,-1,-0.2305032138967028,0,0,0.04166579862919525,0.8695652173913043,2.735674359119795,0.0024755903117068935,0.052082248286494055,0.4847815670506958,0.06249869794379287
2026-09-22,8,585,-1,4310.85,4347.37,4316.31,31.05999999999949,96.00199999999995,0.32353492635569575,True,2026-09-22 10:44:00,0.12,-36.639999999999525,2026-09-22 20:52:00,7.716666666666667,0.21052631578947367,3,0.2826061018153806,1,1,0.010416449657298812,0.6756756756756757,-0.3901770244664624,0.531643373758959,0.06249869794379287,0.6988396075081788,0.06249869794379287
2026-09-22,10,655,1,4331.79,4324.27,4299.67,24.600000000000364,96.00199999999995,0.25624466156955455,False,2026-09-22 11:54:00,0.12,26.480000000000363,2026-09-22 23:57:00,0.36666666666666664,0.9767441860465116,-7,-0.23157429929017628,1,0,-0.10416449657298811,0.49019607843137253,1.6658754895424743,0.045780981915114906,0.0,0.8796691735588922,0.07291514760109168
2026-09-23,2,185,-1,4351.23,4365.48,4358.39,7.089999999999236,94.74000000000005,0.0748363943424027,False,2026-09-23 04:04:00,0.12,64.34999999999934,2026-09-23 23:57:00,1.05,0.6666666666666666,-3,0.6100848322253045,0,0,-0.28499050031665596,0.0,1.6302145424427181,-0.42806628610789693,0.04222081486172681,0.1993877981845083,0.031665611146295104
2026-09-23,3,195,-1,4349.62,4369.38,4355.22,14.159999999999854,94.74000000000005,0.14946168461051137,False,2026-09-23 04:14:00,0.12,62.739999999999675,2026-09-23 23:57:00,1.2166666666666666,0.6666666666666666,-3,1.0740918326089073,0,0,-0.29554570403208763,0.0,2.587283020187242,-0.37702935238381574,0.06333122229259021,0.24245302934346888,0.031665611146295104
2026-09-23,4,280,-1,4333.97,4359.17,4339.05,20.11999999999989,94.74000000000005,0.2123706987544847,False,2026-09-23 05:39:00,0.12,47.09000000000004,2026-09-23 23:57:00,2.6333333333333333,0.4444444444444444,3,0.6334410903322223,0,0,-0.24276968545492913,0.34782608695652173,-0.17910661440843303,0.11907500338141061,0.06333122229259021,0.37734853282668335,0.031665611146295104
2026-09-23,7,455,-1,4337.69,4347.32,4342.56,4.759999999999309,94.74000000000005,0.05024276968544761,False,2026-09-23 08:34:00,0.12,50.809999999999384,2026-09-23 23:57:00,5.55,0.26666666666666666,5,-0.11896409199344499,1,1,-0.22165927802406574,0.4444444444444444,-0.09223795114248799,0.0011511565158284964,0.05277601857715851,0.38083175005277503,0.031665611146295104
2026-09-23,8,575,-1,4320.62,4345.78,4328.1,17.67999999999938,94.74000000000005,0.18661600168882597,False,2026-09-23 10:34:00,0.12,33.739999999999675,2026-09-23 23:57:00,7.55,0.21052631578947367,11,-0.2270556555364326,1,1,-0.18999366687777064,0.5454545454545454,-0.3345827970127121,0.5422694538265292,0.07388642600802191,0.5192104707620908,0.031665611146295104
2026-09-23,9,575,-1,4320.62,4337.01,4326.07,10.94000000000051,94.74000000000005,0.11547392864682819,False,2026-09-23 10:34:00,0.12,33.739999999999675,2026-09-23 23:57:00,7.55,0.21052631578947367,11,-0.2270556555364326,1,1,-0.18999366687777064,0.5454545454545454,-0.3345827970127121,0.5422694538265292,0.07388642600802191,0.5192104707620908,0.031665611146295104
2026-09-23,10,695,-1,4313.94,4332.85,4319.01,13.840000000000146,94.74000000000005,0.14608401942157628,False,2026-09-23 12:34:00,0.12,27.05999999999938,2026-09-23 23:57:00,9.55,0.17391304347826086,16,-0.12117284181036232,1,1,-0.16888325944690724,0.5945945945945946,0.11377181567665912,0.7540251788432661,0.07388642600802191,0.5916191682499489,0.031665611146295104
2026-09-24,2,180,1,4298.51,4293.29,4285.07,8.220000000000255,94.91100000000014,0.08660745329835574,False,2026-09-24 03:59:00,0.12,-13.560000000000509,2026-09-24 04:46:00,0.6166666666666667,0.8181818181818182,0,0.6893219241360159,0,0,-0.15804279798969537,1.0,1.4561345243515027,-1.3437689382339286,0.042144746130585435,0.1605714827575282,0.010536186532646359
2026-09-24,3,240,-1,4279.14,4299.24,4284.0,15.239999999999782,94.91100000000014,0.1605714827575282,True,2026-09-24 04:59:00,0.12,4.430000000000182,2026-09-24 23:57:00,0.75,0.8666666666666667,-1,-0.2052661040300451,0,0,0.14750661145704902,1.0,1.7844595010014406,1.9839089546359576,0.05268093266323179,0.26614407181464933,0.010536186532646359
2026-09-24,6,530,-1,4275.57,4293.91,4280.56,13.349999999999454,94.91100000000014,0.14065809021082312,True,2026-09-24 09:49:00,0.12,0.8599999999995634,2026-09-24 23:57:00,5.583333333333333,0.37142857142857144,0,-0.018770704845473815,0,0,0.18965135758763443,1.0,-1.102388972895765,2.1018903618923157,0.0,0.3108175027130676,0.010536186532646359
2026-09-24,7,425,1,4295.1,4290.34,4281.67,8.670000000000073,94.91100000000014,0.0913487372380447,False,2026-09-24 08:04:00,0.12,-13.55000000000029,2026-09-24 08:42:00,2.9833333333333334,0.5714285714285714,0,-0.04355312245664464,0,0,-0.15804279798969537,1.0,-0.024530760882674335,-1.4564626633723303,0.0,0.3108175027130676,0.05268093266323179
2026-09-24,8,620,-1,4271.16,4296.35,4277.5,18.850000000000364,94.91100000000014,0.19860711614038767,True,2026-09-24 11:19:00,0.12,-3.550000000000291,2026-09-24 23:57:00,7.083333333333333,0.3170731707317073,1,0.0838987774140055,0,0,0.2001875441202808,1.0,1.5552415321486706,2.2476321002677864,0.021072373065292718,0.37350781258231147,0.010536186532646359
2026-09-24,9,625,-1,4265.74,4286.66,4274.38,12.279999999999745,94.91100000000014,0.12938437062089458,True,2026-09-24 11:24:00,0.12,-21.040000000000074,2026-09-24 19:16:00,7.166666666666667,0.3170731707317073,1,0.264129379779396,0,0,0.2001875441202808,1.0,2.6214537905368958,2.4267523320127045,0.08428949226117087,0.41038446544657375,0.010536186532646359
2026-09-24,10,625,-1,4265.74,4288.0,4274.38,13.61999999999989,94.91100000000014,0.14350286057464226,True,2026-09-24 11:24:00,0.12,-22.38000000000022,2026-09-24 19:18:00,7.166666666666667,0.3170731707317073,1,0.264129379779396,0,0,0.2001875441202808,1.0,2.6214537905368958,2.4267523320127045,0.08428949226117087,0.41038446544657375,0.010536186532646359
2026-09-25,2,185,1,4281.54,4275.89,4264.89,11.0,88.69600000000018,0.12401912149364094,False,2026-09-25 04:04:00,0.12,-16.769999999999637,2026-09-25 07:56:00,1.0833333333333333,0.6666666666666666,-1,0.45166911638697305,0,0,-0.04509786236132398,1.0,0.5194487224429117,-1.2486586698132875,0.0,0.21883737710832296,0.0
2026-09-25,3,195,1,4289.97,4281.03,4264.38,16.649999999999636,88.69600000000018,0.18771985207900696,False,2026-09-25 04:14:00,0.12,-25.710000000000147,2026-09-25 07:56:00,1.25,0.6666666666666666,-1,1.018059548209913,0,0,-0.05637232795165498,1.0,2.433232079431017,-1.026903030899026,0.09019572472264796,0.29561648777848154,0.0
2026-09-25,4,350,-1,4271.73,4295.79,4276.96,18.829999999999927,88.69600000000018,0.21229818706593181,True,2026-09-25 06:49:00,0.12,-24.1800000000004,2026-09-25 11:46:00,2.15,0.6086956521739131,-1,-0.30090811339801676,0,0,-0.011274465590330995,1.0,-1.166407754469403,1.5067159435676079,0.0,0.3541309641922949,0.0
2026-09-25,5,350,-1,4271.73,4295.21,4277.68,17.529999999999745,88.69600000000018,0.19764138179849947,True,2026-09-25 06:49:00,0.12,-23.600000000000474,2026-09-25 11:46:00,2.15,0.6086956521739131,-1,-0.30090811339801676,0,0,-0.011274465590330995,1.0,-1.166407754469403,1.5067159435676079,0.0,0.3541309641922949,0.0
2026-09-25,6,420,-1,4263.0,4286.33,4269.58,16.75,88.69600000000018,0.18884729863804417,True,2026-09-25 07:59:00,0.12,-23.44999999999993,2026-09-25 11:31:00,3.316666666666667,0.5185185185185185,0,-0.47653281777866585,0,0,0.011274465590330995,1.0,1.8659099468143572,1.7363632422296886,0.011274465590330995,0.3728465770722427,0.0
2026-09-25,8,615,1,4281.82,4275.86,4256.42,19.4399999999996,88.69600000000018,0.21917561107603004,False,2026-09-25 11:14:00,0.12,-25.519999999999637,2026-09-25 17:05:00,3.0166666666666666,0.7,-1,0.37897696299728145,0,0,-0.04509786236132398,1.0,0.38859196381245437,-1.241293120715312,0.0,0.44387571029133005,0.0
2026-09-25,9,635,1,4287.76,4281.59,4266.3,15.289999999999964,88.69600000000018,0.17238657887616052,False,2026-09-25 11:34:00,0.12,-21.580000000000037,2026-09-25 17:03:00,3.35,0.6666666666666666,-1,0.290695415696742,0,0,-0.011274465590330995,1.0,-0.3009657222016965,-1.085038257708102,0.0,0.44387571029133005,0.0
2026-09-25,10,635,1,4287.76,4281.92,4271.16,10.760000000000218,88.69600000000018,0.12131324975196396,False,2026-09-25 11:34:00,0.12,-16.720000000000365,2026-09-25 17:01:00,3.35,0.6666666666666666,-1,0.290695415696742,0,0,-0.011274465590330995,1.0,-0.3009657222016965,-1.085038257708102,0.0,0.44387571029133005,0.0
2026-09-29,2,225,1,4133.99,4129.0,4121.39,7.609999999999673,91.21500000000015,0.08342926053828494,False,2026-09-29 04:44:00,0.12,47.34000000000004,2026-09-29 23:57:00,0.75,0.8571428571428571,2,-0.038153316547512486,0,0,-0.28504083758153764,1.0,0.8008142788522152,-2.1583205883966965,0.0219262182755029,0.22518226168941435,0.01096310913775145
2026-09-29,3,225,1,4133.99,4127.91,4114.48,13.430000000000291,91.21500000000015,0.14723455572000516,False,2026-09-29 04:44:00,0.12,47.34000000000004,2026-09-29 23:57:00,0.75,0.8571428571428571,2,-0.038153316547512486,0,0,-0.28504083758153764,1.0,0.8008142788522152,-2.1583205883966965,0.0219262182755029,0.22518226168941435,0.01096310913775145
2026-09-29,7,475,1,4142.43,4134.19,4124.75,9.4399999999996,91.21500000000015,0.10349175026036929,False,2026-09-29 08:54:00,0.12,38.89999999999953,2026-09-29 23:57:00,4.916666666666667,0.3870967741935484,10,0.04182119061159411,0,0,-0.21926218275502898,1.0,1.2344070589093024,-2.027674834742139,0.0219262182755029,0.34676314202707953,0.01096310913775145
2026-09-29,10,780,1,4153.57,4148.91,4136.0,12.909999999999854,91.21500000000015,0.1415337389683696,False,2026-09-29 13:59:00,0.12,27.760000000000108,2026-09-29 23:57:00,10.0,0.23529411764705882,15,-0.10482772600137745,0,0,-0.16444663706627174,1.0,-0.5079967720460727,-1.855234823401902,0.0219262182755029,0.4527764073891368,0.01096310913775145
2026-09-30,2,195,-1,4172.68,4187.63,4178.76,8.86999999999989,92.78200000000015,0.09560043974046557,False,2026-09-30 04:14:00,0.12,-15.069999999999817,2026-09-30 09:51:00,1.3333333333333333,0.5833333333333334,3,0.1808886439314562,0,0,-0.40956219956457,0.0,2.4618144323318027,0.8874264546035459,0.04311181048048106,0.1660882498760517,0.0
2026-09-30,3,200,-1,4171.86,4187.4,4176.69,10.710000000000036,92.78200000000015,0.11543187256148842,False,2026-09-30 04:19:00,0.12,-15.659999999999963,2026-09-30 09:51:00,1.4166666666666667,0.5384615384615384,4,0.3949518655467652,0,0,-0.40956219956457,0.0,-0.39913395547904057,0.8990655372599421,0.02155590524024053,0.17902179302019405,0.0
2026-09-30,7,535,1,4191.21,4185.05,4172.19,12.860000000000582,92.78200000000015,0.13860447069475287,True,2026-09-30 09:54:00,0.12,-19.140000000000438,2026-09-30 17:25:00,1.6166666666666667,0.8285714285714286,-5,-0.05043472952674122,0,0,0.366450389084089,0.0,3.3824908222303707,-0.6244115745756705,0.04311181048048106,0.300812657627555,0.02155590524024053
2026-09-30,8,535,1,4191.21,4182.4,4165.71,16.6899999999996,92.78200000000015,0.1798840292298029,True,2026-09-30 09:54:00,0.12,-25.62,2026-09-30 17:37:00,1.6166666666666667,0.8285714285714286,-5,-0.05043472952674122,0,0,0.366450389084089,0.0,3.3824908222303707,-0.6244115745756705,0.04311181048048106,0.300812657627555,0.02155590524024053
2026-09-30,9,565,1,4201.05,4194.98,4176.2,18.779999999999745,92.78200000000015,0.2024099502058558,True,2026-09-30 10:24:00,0.12,-24.970000000000365,2026-09-30 17:01:00,2.1166666666666667,0.7837837837837838,-3,0.8534113398205192,0,0,0.37722834170420927,0.0,0.41631383765350266,-0.4847425826990182,0.04311181048048106,0.3836951132762853,0.02155590524024053
2026-09-30,10,765,-1,4183.91,4201.31,4189.73,11.580000000000837,92.78200000000015,0.12480869134100168,False,2026-09-30 13:44:00,0.12,-17.520000000000547,2026-09-30 15:30:00,2.1166666666666667,0.84,1,-0.41374723699737825,0,0,-0.40956219956457,0.0,-0.18156202204946312,0.728027798224001,0.0,0.3937186092129905,0.010777952620120265
2026-10-01,3,190,1,4160.8,4156.07,4139.28,16.789999999999964,86.72700000000013,0.1935959966331124,False,2026-10-01 04:09:00,0.12,15.999999999999892,2026-10-01 23:57:00,0.26666666666666666,0.9166666666666666,-7,-0.38979777125019877,0,0,-0.36897390662654017,0.0,2.5727787254409566,-0.825124901286594,0.0,0.25666747379708954,0.0
2026-10-01,4,345,1,4169.81,4164.77,4145.09,19.68000000000029,86.72700000000013,0.22691895257532557,False,2026-10-01 06:44:00,0.12,6.9899999999996725,2026-10-01 23:57:00,2.85,0.5,-4,-0.27596932303267674,0,0,-0.2997912991340639,0.0,0.40614708057731175,-0.6789674658741117,0.01153043458207938,0.357328167698648,0.0
2026-10-01,5,315,1,4167.42,4161.83,4151.46,10.36999999999989,86.72700000000013,0.11957060661616192,False,2026-10-01 06:14:00,0.12,-16.080000000000037,2026-10-01 11:43:00,2.35,0.55,-5,-0.42288003088742987,0,0,-0.3113217337161433,0.0,1.043019796624713,-0.7177373072321441,0.034591303746238145,0.3381876462923874,0.0
2026-10-01,6,425,1,4182.62,4177.02,4159.36,17.660000000000764,86.72700000000013,0.2036274747195307,False,2026-10-01 08:04:00,0.12,-23.38000000000022,2026-10-01 10:25:00,4.183333333333334,0.39285714285714285,0,0.2863591275610677,0,0,-0.242139126223667,0.36,-0.542856765945279,-0.47116760487147263,0.02306086916415876,0.5059554694616445,0.0
2026-10-01,7,450,1,4187.06,4180.59,4171.49,9.100000000000364,86.72700000000013,0.10492695469692656,False,2026-10-01 08:29:00,0.12,-15.690000000000618,2026-10-01 10:15:00,4.6,0.3793103448275862,1,0.3727543808003117,0,0,-0.242139126223667,0.36,0.008795459818184552,-0.39914329707663576,0.04612173832831752,0.5538067729772802,0.0
2026-10-01,8,555,-1,4172.58,4192.97,4179.23,13.740000000000691,86.72700000000013,0.15842817115777866,True,2026-10-01 10:14:00,0.12,-4.460000000000146,2026-10-01 23:57:00,1.6333333333333333,0.8333333333333334,-2,-0.198269120501403,0,0,0.19601738789534948,0.5151515151515151,1.8276309327977425,0.6340333819570755,0.0,0.6190690327118479,0.0
2026-10-01,9,555,-1,4172.58,4192.36,4180.67,11.6899999999996,86.72700000000013,0.13479078026450336,True,2026-10-01 10:14:00,0.12,-4.460000000000146,2026-10-01 23:57:00,1.6333333333333333,0.8333333333333334,-2,-0.198269120501403,0,0,0.19601738789534948,0.5151515151515151,1.8276309327977425,0.6340333819570755,0.0,0.6190690327118479,0.0
2026-10-02,2,135,-1,4169.84,4183.76,4177.19,6.5700000000006185,79.72100000000019,0.08241241329136116,False,2026-10-02 03:14:00,0.12,-14.040000000000072,2026-10-02 07:02:00,0.38333333333333336,0.875,-1,0.22411675962973235,0,0,-0.1379812094680194,0.6666666666666666,2.577666850216678,0.3553780178274296,0.02508749263054898,0.17887382245581696,0.0
2026-10-02,3,185,-1,4148.07,4182.55,4152.94,29.610000000000582,79.72100000000019,0.37142032839528494,False,2026-10-02 04:04:00,0.12,-34.60000000000047,2026-10-02 07:02:00,1.2166666666666666,0.5833333333333334,3,0.7247563454645439,0,0,-0.10034997052219592,0.7368421052631579,0.24393461006861586,0.7608080985940959,0.1379812094680194,0.4476863059921529,0.0
2026-10-02,4,260,1,4158.77,4154.69,4133.82,20.86999999999989,79.72100000000019,0.26178798559977723,True,2026-10-02 05:19:00,0.12,-25.07000000000073,2026-10-02 18:25:00,1.1666666666666667,0.7058823529411765,-3,-0.03455551001325746,1,0,0.0,0.7142857142857143,-0.08625986088514095,-0.561538375847034,0.03763123894582347,0.6264346909848144,0.07526247789164695
2026-10-02,5,305,1,4172.98,4166.49,4147.34,19.149999999999636,79.72100000000019,0.24021274193750192,True,2026-10-02 06:04:00,0.12,-25.75999999999942,2026-10-02 18:06:00,1.9166666666666667,0.6,-3,-0.08194083861010817,0,0,0.02508749263054898,0.8064516129032258,0.09333756502767748,-0.29690073470354034,0.0,0.6264346909848144,0.07526247789164695
2026-10-02,6,365,1,4183.42,4179.17,4165.2,13.970000000000255,79.72100000000019,0.1752361360243878,True,2026-10-02 07:04:00,0.12,-18.340000000000256,2026-10-02 17:52:00,2.9166666666666665,0.5,-2,-0.3050227988198179,0,0,0.03763123894582347,0.8275862068965517,0.0017975334894546292,-0.10247307998585004,0.0,0.6417380614894411,0.07526247789164695
2026-10-02,10,735,-1,4171.82,4192.17,4177.72,14.449999999999818,79.72100000000019,0.1812571342557141,False,2026-10-02 13:14:00,0.12,-20.470000000000365,2026-10-02 15:30:00,4.166666666666667,0.6666666666666666,-2,0.9067594376559782,0,0,-0.18815619472911735,0.4,2.4383249548711285,0.3185038074499466,0.0,0.7905068927886039,0.0
2026-10-06,2,175,1,4146.15,4141.9,4133.54,8.359999999999673,81.86700000000027,0.10211684805843191,False,2026-10-06 03:54:00,0.12,-12.729999999999672,2026-10-06 04:40:00,0.8166666666666667,0.7272727272727273,-4,-0.0986134274173527,0,0,-0.04885973591312723,1.0,1.7919203790913596,-0.7847644556532963,0.012214933978281807,0.1653902060659352,0.0
2026-10-06,3,245,-1,4128.69,4151.31,4133.15,18.160000000000764,81.86700000000027,0.22182320104560693,True,2026-10-06 05:04:00,0.12,-22.7400000000008,2026-10-06 11:42:00,1.0833333333333333,0.75,6,-0.02660897323149862,0,0,0.04885973591312723,1.0,-0.8150435880728577,1.6129110711201664,0.0,0.2894939352852766,0.012214933978281807
2026-10-06,4,275,-1,4122.42,4152.25,4128.96,23.289999999999964,81.86700000000027,0.28448581235418285,True,2026-10-06 05:34:00,0.12,-29.94999999999993,2026-10-06 11:43:00,1.5833333333333333,0.6666666666666666,8,0.32041798348220624,0,0,0.04885973591312723,1.0,0.17015163382092913,1.9103039278771463,0.04885973591312723,0.3717004409591189,0.012214933978281807
2026-10-06,7,555,1,4137.91,4131.04,4120.33,10.710000000000036,81.86700000000027,0.1308219429073986,False,2026-10-06 10:14:00,0.12,25.74000000000058,2026-10-06 23:57:00,4.666666666666667,0.5,-8,-0.12176167127609233,0,0,-0.17100907569594528,0.5238095238095238,0.6303108968998461,-1.1755965353466993,0.0,0.5854617855790505,0.10993440580453626
2026-10-06,8,505,1,4130.97,4126.06,4116.83,9.230000000000473,81.86700000000027,0.11274384061954686,False,2026-10-06 09:24:00,0.12,32.680000000000184,2026-10-06 23:57:00,3.8333333333333335,0.5454545454545454,-8,-0.07684446105472494,0,0,-0.17100907569594528,0.5238095238095238,0.41772290780346805,-1.5047682141175889,0.0,0.5854617855790505,0.10993440580453626
2026-10-06,9,595,1,4140.69,4135.21,4113.41,21.800000000000182,81.86700000000027,0.2662855607265456,False,2026-10-06 10:54:00,0.12,22.960000000000836,2026-10-06 23:57:00,5.333333333333333,0.46153846153846156,-8,-0.23524410870907683,0,0,-0.17100907569594528,0.5238095238095238,-0.5159264168093948,-1.043738139527817,0.0,0.5854617855790505,0.10993440580453626
2026-10-06,10,640,1,4148.29,4143.22,4128.33,14.890000000000327,81.86700000000027,0.1818803669366201,False,2026-10-06 11:39:00,0.12,15.360000000000474,2026-10-06 23:57:00,6.083333333333333,0.42857142857142855,-8,-0.28686964764863493,0,0,-0.13436427376109988,0.6666666666666666,-0.27092670877675396,-0.6832619495193119,0.0,0.5854617855790505,0.10993440580453626
2026-10-07,2,155,-1,4156.7,4169.97,4162.49,7.480000000000473,81.4300000000002,0.09185803757829368,False,2026-10-07 03:34:00,0.12,47.01999999999942,2026-10-07 23:57:00,1.0666666666666667,0.6,2,0.9127339313984698,0,0,-0.15964632199435058,1.0,0.2192455482524593,0.305025614511605,0.04912194522903095,0.17634778337222826,0.0
2026-10-07,3,205,-1,4150.55,4169.68,4155.59,14.090000000000146,81.4300000000002,0.17303205206926328,False,2026-10-07 04:24:00,0.12,40.869999999999784,2026-10-07 23:57:00,1.9,0.46153846153846156,5,0.7837716473328339,0,0,-0.1350853493798351,1.0,-0.5782411843355172,0.5971332359247062,0.024560972614515474,0.24831143313275456,0.0
2026-10-07,4,305,-1,4141.58,4156.26,4146.37,9.890000000000327,81.4300000000002,0.12145400957878304,False,2026-10-07 06:04:00,0.12,31.899999999999526,2026-10-07 23:57:00,3.566666666666667,0.3,8,0.2646546616158133,1,1,-0.07368291784354641,1.0,-1.4884769137628395,1.0231828886199499,0.0,0.3650988579147783,0.0
2026-10-07,5,420,-1,4135.22,4149.13,4140.24,8.890000000000327,81.4300000000002,0.1091735232715253,False,2026-10-07 07:59:00,0.12,25.539999999999853,2026-10-07 23:57:00,5.483333333333333,0.2222222222222222,12,-0.1242563135784001,1,1,0.03684145892177321,1.0,-0.20477840816908008,1.3252649166178911,0.012280486307257737,0.43055384993246115,0.0
2026-10-07,6,440,-1,4132.75,4148.29,4138.24,10.050000000000182,81.4300000000002,0.12341888738794249,False,2026-10-07 08:19:00,0.12,23.0699999999996,2026-10-07 23:57:00,5.816666666666666,0.20689655172413793,14,-0.10427098149690493,1,1,0.06140243153628868,1.0,-1.5442486052324005,1.4425829369252858,0.012280486307257737,0.45904457816529554,0.0
2026-10-07,7,480,-1,4128.71,4144.7,4134.91,9.789999999999964,81.4300000000002,0.1202259609480528,False,2026-10-07 08:59:00,0.12,19.029999999999635,2026-10-07 23:57:00,6.483333333333333,0.1935483870967742,15,-0.12028651115272808,1,1,0.08596340415080415,0.967741935483871,2.1540360703851724,1.6344715207478855,0.03684145892177321,0.5068156699005322,0.0
2026-10-07,8,655,-1,4124.58,4137.58,4128.7,8.88000000000011,81.4300000000002,0.10905071840845004,False,2026-10-07 11:54:00,0.12,14.899999999999528,2026-10-07 23:57:00,9.4,0.13953488372093023,18,-0.4983961720882343,1,1,0.1719268083016083,0.7777777777777778,-0.8011145476579253,1.8306348502497085,0.0,0.5645339555446413,0.0
2026-10-07,9,680,-1,4121.54,4135.54,4126.95,8.590000000000146,81.4300000000002,0.10548937737934574,False,2026-10-07 12:19:00,0.12,11.859999999999564,2026-10-07 23:57:00,9.816666666666666,0.13333333333333333,19,-0.45733600185031986,1,1,0.18420729460886603,0.7241379310344828,-1.31230276290134,1.975026259858793,0.0,0.6201645585165156,0.0
2026-10-07,10,660,-1,4123.86,4139.51,4128.3,11.210000000000036,81.4300000000002,0.13766425150435968,False,2026-10-07 11:59:00,0.12,14.179999999999273,2026-10-07 23:57:00,9.483333333333333,0.13953488372093023,18,-0.49046510870440785,1,1,0.1719268083016083,0.7777777777777778,-0.14554445993901827,1.8648328156834515,0.012280486307257737,0.5807441974702179,0.0
