<DATE>	<TIME>	<OPEN>	<HIGH>	<LOW>	<CLOSE>	<TICKVOL>	<VOL>	<SPREAD>
2026.10.01	01:00:00	4161.04	4161.54	4159.72	4160.19	256	0	17
2026.10.01	01:01:00	4160.19	4160.35	4159.45	4159.99	235	0	17
2026.10.01	01:02:00	4159.99	4160.12	4158.42	4160.02	309	0	17
2026.10.01	01:03:00	4159.93	4160.16	4159.04	4159.60	281	0	17
2026.10.01	01:04:00	4159.63	4159.75	4159.03	4159.56	239	0	17
2026.10.01	01:05:00	4159.56	4160.33	4159.19	4160.33	293	0	17
2026.10.01	01:06:00	4160.31	4160.42	4159.85	4160.11	264	0	17
2026.10.01	01:07:00	4160.11	4160.22	4158.37	4158.76	267	0	17
2026.10.01	01:08:00	4158.76	4159.89	4158.55	4159.61	316	0	17
2026.10.01	01:09:00	4159.61	4159.85	4157.06	4157.83	378	0	17
2026.10.01	01:10:00	4157.85	4158.21	4156.86	4157.35	370	0	17
2026.10.01	01:11:00	4157.35	4157.41	4156.67	4156.67	307	0	17
2026.10.01	01:12:00	4156.56	4157.03	4155.00	4155.93	384	0	17
2026.10.01	01:13:00	4155.86	4156.39	4155.42	4156.06	328	0	17
2026.10.01	01:14:00	4156.05	4156.64	4155.44	4156.54	307	0	17
2026.10.01	01:15:00	4156.55	4156.85	4155.90	4155.90	256	0	17
2026.10.01	01:16:00	4155.94	4156.48	4155.75	4155.84	280	0	17
2026.10.01	01:17:00	4155.84	4156.08	4155.41	4155.58	244	0	17
2026.10.01	01:18:00	4155.56	4156.18	4155.01	4155.01	249	0	17
2026.10.01	01:19:00	4155.04	4155.37	4155.03	4155.32	169	0	17
2026.10.01	01:20:00	4155.33	4155.97	4155.25	4155.93	125	0	17
2026.10.01	01:21:00	4155.93	4156.07	4155.78	4155.84	131	0	17
2026.10.01	01:22:00	4155.85	4156.76	4155.83	4156.47	177	0	17
2026.10.01	01:23:00	4156.48	4156.87	4156.46	4156.84	129	0	17
2026.10.01	01:24:00	4156.85	4156.93	4155.87	4156.19	160	0	17
2026.10.01	01:25:00	4156.20	4156.44	4155.40	4155.49	200	0	17
2026.10.01	01:26:00	4155.49	4156.26	4155.47	4156.23	80	0	17
2026.10.01	01:27:00	4156.23	4156.23	4155.93	4155.93	85	0	17
2026.10.01	01:28:00	4155.92	4155.99	4155.90	4155.92	67	0	17
2026.10.01	01:29:00	4155.92	4156.51	4155.90	4156.15	158	0	17
2026.10.01	01:30:00	4156.17	4156.26	4156.03	4156.24	121	0	12
2026.10.01	01:31:00	4156.24	4156.64	4156.13	4156.18	126	0	12
2026.10.01	01:32:00	4156.19	4156.41	4156.18	4156.28	130	0	12
2026.10.01	01:33:00	4156.28	4156.30	4155.90	4156.16	103	0	12
2026.10.01	01:34:00	4156.17	4156.33	4155.52	4156.29	190	0	12
2026.10.01	01:35:00	4156.29	4156.80	4155.73	4155.77	123	0	12
2026.10.01	01:36:00	4155.77	4155.97	4155.53	4155.96	104	0	12
2026.10.01	01:37:00	4155.95	4156.03	4155.84	4155.94	117	0	12
2026.10.01	01:38:00	4155.95	4156.11	4155.72	4155.74	108	0	12
2026.10.01	01:39:00	4155.74	4155.74	4155.54	4155.63	79	0	12
2026.10.01	01:40:00	4155.64	4155.86	4155.57	4155.83	107	0	12
2026.10.01	01:41:00	4155.85	4156.13	4155.52	4155.52	166	0	12
2026.10.01	01:42:00	4155.52	4155.69	4155.29	4155.31	130	0	12
2026.10.01	01:43:00	4155.30	4155.51	4154.79	4154.80	133	0	12
2026.10.01	01:44:00	4154.81	4155.08	4154.46	4154.54	160	0	12
2026.10.01	01:45:00	4154.54	4154.67	4154.02	4154.63	128	0	12
2026.10.01	01:46:00	4154.64	4155.19	4154.60	4154.93	98	0	12
2026.10.01	01:47:00	4154.93	4155.12	4154.92	4155.06	108	0	12
2026.10.01	01:48:00	4155.04	4155.44	4155.04	4155.25	123	0	12
2026.10.01	01:49:00	4155.26	4155.28	4154.64	4154.80	115	0	12
2026.10.01	01:50:00	4154.79	4154.82	4154.61	4154.69	113	0	12
2026.10.01	01:51:00	4154.69	4154.78	4154.26	4154.74	159	0	12
2026.10.01	01:52:00	4154.73	4155.02	4154.50	4154.50	113	0	12
2026.10.01	01:53:00	4154.49	4154.50	4153.97	4154.03	130	0	12
2026.10.01	01:54:00	4154.02	4154.21	4153.98	4154.20	80	0	12
2026.10.01	01:55:00	4154.20	4154.42	4153.92	4154.17	91	0	12
2026.10.01	01:56:00	4154.17	4154.51	4154.17	4154.50	105	0	12
2026.10.01	01:57:00	4154.51	4154.59	4154.32	4154.34	92	0	12
2026.10.01	01:58:00	4154.35	4154.40	4153.53	4154.11	129	0	12
2026.10.01	01:59:00	4154.11	4154.57	4154.05	4154.43	125	0	12
2026.10.01	02:00:00	4154.44	4154.52	4154.05	4154.06	106	0	12
2026.10.01	02:01:00	4154.06	4154.06	4153.69	4153.95	109	0	12
2026.10.01	02:02:00	4153.95	4153.95	4153.63	4153.77	114	0	12
2026.10.01	02:03:00	4153.78	4154.10	4153.78	4154.05	63	0	12
2026.10.01	02:04:00	4154.04	4154.57	4154.03	4154.15	93	0	12
2026.10.01	02:05:00	4154.14	4154.15	4154.02	4154.04	83	0	12
2026.10.01	02:06:00	4154.04	4154.04	4153.67	4153.67	87	0	12
2026.10.01	02:07:00	4153.67	4153.68	4153.40	4153.43	138	0	12
2026.10.01	02:08:00	4153.44	4153.51	4153.22	4153.31	119	0	12
2026.10.01	02:09:00	4153.30	4153.39	4152.91	4152.92	143	0	12
2026.10.01	02:10:00	4152.92	4153.53	4152.92	4153.13	149	0	12
2026.10.01	02:11:00	4153.13	4153.13	4152.06	4152.06	161	0	12
2026.10.01	02:12:00	4152.07	4152.55	4152.06	4152.39	138	0	12
2026.10.01	02:13:00	4152.40	4152.40	4152.15	4152.16	89	0	12
2026.10.01	02:14:00	4152.16	4152.37	4152.06	4152.23	102	0	12
2026.10.01	02:15:00	4152.23	4152.77	4152.14	4152.62	128	0	12
2026.10.01	02:16:00	4152.62	4152.72	4152.49	4152.71	101	0	12
2026.10.01	02:17:00	4152.71	4153.04	4152.71	4152.90	114	0	12
2026.10.01	02:18:00	4152.90	4153.07	4152.77	4153.03	119	0	12
2026.10.01	02:19:00	4153.04	4153.05	4152.93	4152.97	60	0	12
2026.10.01	02:20:00	4152.97	4153.61	4152.54	4153.56	123	0	12
2026.10.01	02:21:00	4153.56	4154.70	4153.56	4154.49	183	0	12
2026.10.01	02:22:00	4154.50	4154.74	4154.39	4154.69	128	0	12
2026.10.01	02:23:00	4154.69	4154.69	4154.41	4154.62	120	0	12
2026.10.01	02:24:00	4154.62	4155.30	4154.62	4155.20	115	0	12
2026.10.01	02:25:00	4155.23	4155.30	4153.93	4153.97	153	0	12
2026.10.01	02:26:00	4153.97	4154.06	4153.94	4154.00	53	0	12
2026.10.01	02:27:00	4153.99	4154.52	4153.95	4154.47	134	0	12
2026.10.01	02:28:00	4154.48	4154.65	4154.15	4154.20	110	0	12
2026.10.01	02:29:00	4154.20	4154.29	4154.17	4154.29	81	0	12
2026.10.01	02:30:00	4154.29	4154.84	4154.17	4154.21	151	0	12
2026.10.01	02:31:00	4154.21	4154.37	4153.70	4154.18	150	0	12
2026.10.01	02:32:00	4154.19	4154.23	4153.89	4154.08	142	0	12
2026.10.01	02:33:00	4154.07	4154.15	4153.95	4154.12	102	0	12
2026.10.01	02:34:00	4154.12	4154.12	4153.75	4153.89	135	0	12
2026.10.01	02:35:00	4153.89	4154.10	4153.81	4154.01	110	0	12
2026.10.01	02:36:00	4154.01	4155.22	4153.99	4155.22	170	0	12
2026.10.01	02:37:00	4155.21	4155.41	4154.94	4155.40	178	0	12
2026.10.01	02:38:00	4155.41	4155.98	4155.03	4155.88	189	0	12
2026.10.01	02:39:00	4155.87	4155.98	4154.92	4154.95	128	0	12
2026.10.01	02:40:00	4154.94	4154.95	4154.54	4154.93	97	0	12
2026.10.01	02:41:00	4154.93	4155.53	4154.91	4155.29	139	0	12
2026.10.01	02:42:00	4155.29	4155.30	4154.83	4154.85	90	0	12
2026.10.01	02:43:00	4154.84	4155.03	4154.82	4154.97	102	0	12
2026.10.01	02:44:00	4154.96	4155.10	4154.95	4155.06	98	0	12
2026.10.01	02:45:00	4155.06	4155.98	4155.04	4155.72	216	0	12
2026.10.01	02:46:00	4155.73	4155.73	4155.26	4155.57	133	0	12
2026.10.01	02:47:00	4155.58	4155.90	4155.52	4155.62	139	0	12
2026.10.01	02:48:00	4155.62	4155.77	4155.60	4155.76	119	0	12
2026.10.01	02:49:00	4155.76	4156.14	4155.75	4156.12	131	0	12
2026.10.01	02:50:00	4156.13	4156.55	4156.07	4156.55	123	0	12
2026.10.01	02:51:00	4156.55	4156.55	4156.10	4156.18	128	0	12
2026.10.01	02:52:00	4156.18	4156.37	4156.02	4156.06	119	0	12
2026.10.01	02:53:00	4156.06	4156.08	4155.61	4155.63	114	0	12
2026.10.01	02:54:00	4155.64	4155.73	4154.93	4155.56	214	0	12
2026.10.01	02:55:00	4155.54	4156.12	4155.14	4155.18	264	0	12
2026.10.01	02:56:00	4155.17	4155.54	4154.94	4155.41	250	0	12
2026.10.01	02:57:00	4155.42	4156.00	4155.31	4155.54	183	0	12
2026.10.01	02:58:00	4155.55	4156.19	4155.43	4156.15	206	0	12
2026.10.01	02:59:00	4156.16	4156.69	4156.04	4156.07	264	0	12
2026.10.01	03:00:00	4156.07	4156.07	4153.74	4153.83	441	0	12
2026.10.01	03:01:00	4153.81	4154.18	4153.09	4153.89	405	0	12
2026.10.01	03:02:00	4153.90	4154.26	4152.97	4153.04	324	0	12
2026.10.01	03:03:00	4153.04	4153.33	4152.27	4152.57	309	0	12
2026.10.01	03:04:00	4152.57	4152.64	4150.91	4151.00	313	0	12
2026.10.01	03:05:00	4151.01	4151.69	4150.92	4151.18	350	0	12
2026.10.01	03:06:00	4151.18	4152.03	4151.06	4151.57	303	0	12
2026.10.01	03:07:00	4151.55	4151.55	4150.49	4151.32	276	0	12
2026.10.01	03:08:00	4151.33	4151.91	4151.26	4151.48	268	0	12
2026.10.01	03:09:00	4151.48	4151.62	4150.72	4151.48	442	0	12
2026.10.01	03:10:00	4151.48	4152.22	4151.48	4151.97	364	0	12
2026.10.01	03:11:00	4151.97	4152.08	4150.73	4151.62	437	0	12
2026.10.01	03:12:00	4151.59	4153.70	4151.59	4152.56	381	0	12
2026.10.01	03:13:00	4152.58	4152.96	4152.06	4152.48	343	0	12
2026.10.01	03:14:00	4152.49	4152.82	4152.06	4152.78	298	0	12
2026.10.01	03:15:00	4152.79	4152.96	4150.96	4151.02	434	0	12
2026.10.01	03:16:00	4151.01	4151.01	4146.47	4147.29	477	0	12
2026.10.01	03:17:00	4147.30	4147.46	4146.15	4146.17	417	0	12
2026.10.01	03:18:00	4146.22	4147.22	4142.41	4142.73	442	0	12
2026.10.01	03:19:00	4142.71	4143.10	4141.72	4141.81	480	0	12
2026.10.01	03:20:00	4141.82	4143.53	4141.41	4143.53	423	0	12
2026.10.01	03:21:00	4143.53	4144.75	4142.71	4142.91	416	0	12
2026.10.01	03:22:00	4142.91	4144.22	4142.71	4144.09	317	0	12
2026.10.01	03:23:00	4144.09	4144.77	4143.03	4144.13	310	0	12
2026.10.01	03:24:00	4144.09	4147.15	4143.90	4146.45	387	0	12
2026.10.01	03:25:00	4146.43	4148.55	4146.43	4147.45	428	0	12
2026.10.01	03:26:00	4147.42	4148.47	4147.41	4147.87	373	0	12
2026.10.01	03:27:00	4147.86	4147.86	4146.20	4146.67	408	0	12
2026.10.01	03:28:00	4146.67	4146.99	4145.53	4145.73	382	0	12
2026.10.01	03:29:00	4145.73	4145.97	4143.04	4143.90	401	0	12
2026.10.01	03:30:00	4143.90	4143.90	4141.32	4141.59	513	0	12
2026.10.01	03:31:00	4141.60	4143.95	4140.49	4143.90	408	0	12
2026.10.01	03:32:00	4143.91	4144.33	4142.65	4143.15	341	0	12
2026.10.01	03:33:00	4143.15	4143.21	4140.30	4140.57	398	0	12
2026.10.01	03:34:00	4140.56	4141.45	4139.87	4140.02	391	0	12
2026.10.01	03:35:00	4140.00	4141.29	4139.85	4140.83	342	0	12
2026.10.01	03:36:00	4140.83	4141.23	4140.29	4140.97	362	0	12
2026.10.01	03:37:00	4140.98	4141.50	4140.42	4141.28	285	0	12
2026.10.01	03:38:00	4141.30	4142.23	4141.17	4142.23	261	0	12
2026.10.01	03:39:00	4142.23	4143.22	4141.68	4142.47	416	0	12
2026.10.01	03:40:00	4142.51	4143.25	4142.20	4142.91	343	0	12
2026.10.01	03:41:00	4142.91	4143.34	4140.91	4141.10	412	0	12
2026.10.01	03:42:00	4141.08	4141.66	4140.68	4141.41	357	0	12
2026.10.01	03:43:00	4141.41	4143.24	4141.30	4143.04	366	0	12
2026.10.01	03:44:00	4143.06	4145.52	4143.05	4144.90	454	0	12
2026.10.01	03:45:00	4144.90	4144.99	4143.58	4143.90	397	0	12
2026.10.01	03:46:00	4143.90	4145.53	4143.46	4145.40	348	0	12
2026.10.01	03:47:00	4145.41	4145.49	4143.16	4143.31	330	0	12
2026.10.01	03:48:00	4143.33	4144.51	4143.33	4143.89	311	0	12
2026.10.01	03:49:00	4143.90	4145.51	4143.90	4145.22	283	0	12
2026.10.01	03:50:00	4145.21	4145.27	4143.70	4144.31	419	0	12
2026.10.01	03:51:00	4144.30	4144.38	4142.10	4142.51	422	0	12
2026.10.01	03:52:00	4142.51	4142.58	4141.31	4141.60	364	0	12
2026.10.01	03:53:00	4141.61	4141.67	4140.06	4140.24	390	0	12
2026.10.01	03:54:00	4140.24	4141.30	4139.28	4140.56	381	0	12
2026.10.01	03:55:00	4140.56	4143.40	4140.56	4142.49	452	0	12
2026.10.01	03:56:00	4142.50	4143.52	4142.23	4142.61	404	0	12
2026.10.01	03:57:00	4142.59	4144.86	4142.58	4144.84	303	0	12
2026.10.01	03:58:00	4144.84	4145.76	4144.73	4145.01	365	0	12
2026.10.01	03:59:00	4145.00	4146.11	4145.00	4145.30	368	0	12
2026.10.01	04:00:00	4145.28	4148.39	4145.09	4146.84	523	0	12
2026.10.01	04:01:00	4146.85	4149.43	4146.73	4149.38	445	0	12
2026.10.01	04:02:00	4149.38	4151.44	4149.03	4149.59	500	0	12
2026.10.01	04:03:00	4149.59	4151.28	4149.47	4150.96	400	0	12
2026.10.01	04:04:00	4150.98	4153.45	4150.86	4152.12	495	0	12
2026.10.01	04:05:00	4152.12	4153.12	4151.43	4152.97	417	0	12
2026.10.01	04:06:00	4152.96	4157.26	4152.29	4156.89	485	0	12
2026.10.01	04:07:00	4156.90	4159.68	4156.67	4158.08	525	0	12
2026.10.01	04:08:00	4158.06	4160.11	4157.80	4159.58	449	0	12
2026.10.01	04:09:00	4159.57	4160.84	4158.23	4160.80	446	0	12
2026.10.01	04:10:00	4160.81	4161.37	4160.07	4160.28	442	0	12
2026.10.01	04:11:00	4160.30	4161.05	4159.28	4160.58	422	0	12
2026.10.01	04:12:00	4160.58	4160.86	4159.12	4160.86	426	0	12
2026.10.01	04:13:00	4160.86	4161.17	4159.48	4160.20	417	0	12
2026.10.01	04:14:00	4160.20	4160.21	4158.87	4159.65	371	0	12
2026.10.01	04:15:00	4159.66	4161.84	4159.35	4161.79	371	0	12
2026.10.01	04:16:00	4161.78	4162.05	4161.07	4161.72	378	0	12
2026.10.01	04:17:00	4161.72	4161.81	4160.30	4161.77	348	0	12
2026.10.01	04:18:00	4161.77	4162.85	4161.76	4162.05	348	0	12
2026.10.01	04:19:00	4162.01	4163.59	4161.68	4163.35	387	0	12
2026.10.01	04:20:00	4163.35	4164.29	4163.21	4163.76	380	0	12
2026.10.01	04:21:00	4163.76	4164.67	4163.30	4163.95	421	0	12
2026.10.01	04:22:00	4163.97	4164.26	4163.07	4163.86	285	0	12
2026.10.01	04:23:00	4163.85	4164.70	4163.44	4164.68	335	0	12
2026.10.01	04:24:00	4164.68	4164.77	4163.66	4163.93	319	0	12
2026.10.01	04:25:00	4163.94	4163.94	4162.73	4162.99	309	0	12
2026.10.01	04:26:00	4162.96	4163.22	4160.79	4160.87	313	0	12
2026.10.01	04:27:00	4160.87	4161.13	4160.39	4160.64	322	0	12
2026.10.01	04:28:00	4160.63	4161.80	4160.56	4161.74	282	0	12
2026.10.01	04:29:00	4161.73	4161.74	4159.42	4159.44	303	0	12
2026.10.01	04:30:00	4159.45	4160.50	4159.15	4160.19	404	0	12
2026.10.01	04:31:00	4160.18	4162.47	4160.15	4161.54	413	0	12
2026.10.01	04:32:00	4161.52	4163.12	4161.18	4162.58	370	0	12
2026.10.01	04:33:00	4162.57	4164.52	4162.12	4163.56	453	0	12
2026.10.01	04:34:00	4163.55	4163.76	4162.85	4162.96	404	0	12
2026.10.01	04:35:00	4162.97	4163.34	4162.06	4163.11	332	0	12
2026.10.01	04:36:00	4163.12	4163.48	4162.69	4162.80	321	0	12
2026.10.01	04:37:00	4162.79	4162.95	4161.71	4161.89	352	0	12
2026.10.01	04:38:00	4161.89	4162.41	4161.50	4161.72	324	0	12
2026.10.01	04:39:00	4161.76	4163.23	4161.37	4162.69	343	0	12
2026.10.01	04:40:00	4162.68	4163.15	4161.98	4162.46	291	0	12
2026.10.01	04:41:00	4162.46	4162.47	4161.61	4162.25	346	0	12
2026.10.01	04:42:00	4162.25	4162.86	4161.54	4162.54	330	0	12
2026.10.01	04:43:00	4162.55	4162.56	4161.65	4161.75	299	0	12
2026.10.01	04:44:00	4161.75	4162.03	4161.04	4161.48	276	0	12
2026.10.01	04:45:00	4161.46	4162.18	4161.46	4162.14	326	0	12
2026.10.01	04:46:00	4162.13	4162.15	4160.67	4160.67	306	0	12
2026.10.01	04:47:00	4160.67	4161.24	4160.28	4160.75	283	0	12
2026.10.01	04:48:00	4160.72	4161.17	4159.97	4160.83	303	0	12
2026.10.01	04:49:00	4160.83	4162.68	4160.66	4162.67	342	0	12
2026.10.01	04:50:00	4162.67	4163.66	4162.12	4162.32	397	0	12
2026.10.01	04:51:00	4162.32	4162.32	4161.69	4162.24	240	0	12
2026.10.01	04:52:00	4162.25	4162.67	4161.88	4162.16	354	0	12
2026.10.01	04:53:00	4162.14	4162.34	4160.95	4161.93	402	0	12
2026.10.01	04:54:00	4161.92	4161.92	4161.43	4161.67	251	0	12
2026.10.01	04:55:00	4161.69	4161.69	4160.91	4161.32	301	0	12
2026.10.01	04:56:00	4161.32	4161.77	4160.69	4160.75	303	0	12
2026.10.01	04:57:00	4160.74	4160.80	4159.32	4159.80	329	0	12
2026.10.01	04:58:00	4159.79	4159.81	4157.09	4158.25	380	0	12
2026.10.01	04:59:00	4158.26	4158.95	4156.63	4156.74	359	0	12
2026.10.01	05:00:00	4156.73	4158.15	4156.61	4157.05	411	0	12
2026.10.01	05:01:00	4157.04	4157.04	4155.41	4156.34	384	0	12
2026.10.01	05:02:00	4156.34	4157.44	4155.54	4157.38	318	0	12
2026.10.01	05:03:00	4157.38	4157.90	4155.62	4155.74	338	0	12
2026.10.01	05:04:00	4155.73	4156.54	4155.37	4155.84	315	0	12
2026.10.01	05:05:00	4155.84	4156.77	4154.70	4154.94	311	0	12
2026.10.01	05:06:00	4154.93	4155.01	4153.75	4153.88	424	0	12
2026.10.01	05:07:00	4153.89	4154.10	4151.61	4153.26	421	0	12
2026.10.01	05:08:00	4153.30	4154.22	4153.21	4153.89	385	0	12
2026.10.01	05:09:00	4153.89	4153.99	4152.71	4152.86	356	0	12
2026.10.01	05:10:00	4152.86	4153.74	4152.22	4152.99	396	0	12
2026.10.01	05:11:00	4152.99	4154.71	4152.73	4154.66	424	0	12
2026.10.01	05:12:00	4154.68	4154.97	4154.03	4154.25	334	0	12
2026.10.01	05:13:00	4154.25	4155.68	4154.25	4154.86	311	0	12
2026.10.01	05:14:00	4154.86	4155.43	4153.77	4154.18	350	0	12
2026.10.01	05:15:00	4154.19	4155.69	4154.03	4155.19	371	0	12
2026.10.01	05:16:00	4155.18	4156.97	4155.03	4155.99	413	0	12
2026.10.01	05:17:00	4155.95	4156.70	4154.98	4155.00	306	0	12
2026.10.01	05:18:00	4155.01	4155.01	4152.75	4152.82	312	0	12
2026.10.01	05:19:00	4152.82	4153.93	4152.49	4153.82	425	0	12
2026.10.01	05:20:00	4153.82	4153.82	4151.61	4151.82	430	0	12
2026.10.01	05:21:00	4151.83	4153.20	4151.70	4152.96	374	0	12
2026.10.01	05:22:00	4152.96	4154.38	4152.93	4154.32	356	0	12
2026.10.01	05:23:00	4154.32	4155.46	4154.03	4154.97	365	0	12
2026.10.01	05:24:00	4154.99	4155.37	4153.10	4153.22	368	0	12
2026.10.01	05:25:00	4153.21	4153.42	4151.46	4152.52	418	0	12
2026.10.01	05:26:00	4152.52	4154.20	4152.31	4153.78	360	0	12
2026.10.01	05:27:00	4153.77	4154.14	4152.76	4152.78	329	0	12
2026.10.01	05:28:00	4152.78	4154.23	4152.45	4154.19	332	0	12
2026.10.01	05:29:00	4154.20	4155.34	4153.88	4154.98	376	0	12
2026.10.01	05:30:00	4154.99	4155.37	4153.90	4154.72	387	0	12
2026.10.01	05:31:00	4154.47	4154.47	4152.92	4153.36	353	0	12
2026.10.01	05:32:00	4153.35	4154.78	4152.89	4154.34	377	0	12
2026.10.01	05:33:00	4154.32	4155.25	4153.85	4153.85	338	0	12
2026.10.01	05:34:00	4153.89	4155.89	4153.85	4155.84	279	0	12
2026.10.01	05:35:00	4155.84	4155.93	4155.03	4155.20	306	0	12
2026.10.01	05:36:00	4155.20	4155.69	4154.49	4155.63	351	0	12
2026.10.01	05:37:00	4155.63	4156.19	4154.68	4155.06	376	0	12
2026.10.01	05:38:00	4155.07	4155.39	4154.63	4154.83	317	0	12
2026.10.01	05:39:00	4154.84	4155.56	4154.00	4154.20	290	0	12
2026.10.01	05:40:00	4154.19	4155.80	4154.06	4154.22	298	0	12
2026.10.01	05:41:00	4154.23	4155.21	4154.22	4155.10	282	0	12
2026.10.01	05:42:00	4155.10	4155.52	4154.44	4155.34	317	0	12
2026.10.01	05:43:00	4155.32	4155.79	4155.04	4155.37	304	0	12
2026.10.01	05:44:00	4155.37	4156.41	4154.86	4154.86	317	0	12
2026.10.01	05:45:00	4154.85	4156.35	4154.71	4156.24	290	0	12
2026.10.01	05:46:00	4156.23	4157.75	4156.23	4157.33	336	0	12
2026.10.01	05:47:00	4157.33	4157.41	4156.58	4157.23	314	0	12
2026.10.01	05:48:00	4157.23	4157.23	4156.02	4156.13	340	0	12
2026.10.01	05:49:00	4156.12	4157.99	4156.11	4157.72	335	0	12
2026.10.01	05:50:00	4157.72	4157.76	4155.89	4157.39	274	0	12
2026.10.01	05:51:00	4157.39	4159.34	4157.03	4158.15	436	0	12
2026.10.01	05:52:00	4158.14	4159.71	4157.58	4159.25	358	0	12
2026.10.01	05:53:00	4159.26	4160.13	4159.06	4159.79	401	0	12
2026.10.01	05:54:00	4159.82	4161.19	4159.82	4161.09	329	0	12
2026.10.01	05:55:00	4161.09	4161.59	4160.12	4160.13	314	0	12
2026.10.01	05:56:00	4160.10	4161.73	4159.88	4161.68	356	0	12
2026.10.01	05:57:00	4161.67	4161.75	4159.21	4159.23	363	0	12
2026.10.01	05:58:00	4159.22	4160.01	4158.70	4160.01	381	0	12
2026.10.01	05:59:00	4160.00	4161.83	4159.85	4160.98	406	0	12
2026.10.01	06:00:00	4160.97	4162.57	4159.36	4162.02	428	0	12
2026.10.01	06:01:00	4162.02	4162.68	4161.03	4162.14	364	0	12
2026.10.01	06:02:00	4162.14	4163.11	4161.89	4162.55	362	0	12
2026.10.01	06:03:00	4162.53	4163.47	4160.67	4162.69	418	0	12
2026.10.01	06:04:00	4162.67	4162.83	4161.32	4161.92	373	0	12
2026.10.01	06:05:00	4161.90	4164.51	4161.57	4163.90	394	0	12
2026.10.01	06:06:00	4163.90	4164.92	4163.73	4164.23	319	0	12
2026.10.01	06:07:00	4164.20	4165.07	4164.11	4164.50	321	0	12
2026.10.01	06:08:00	4164.50	4165.95	4163.84	4165.11	356	0	12
2026.10.01	06:09:00	4165.10	4166.52	4164.99	4165.72	346	0	12
2026.10.01	06:10:00	4165.72	4166.26	4165.67	4166.26	316	0	12
2026.10.01	06:11:00	4166.26	4168.61	4166.10	4168.34	402	0	12
2026.10.01	06:12:00	4168.35	4168.56	4166.56	4167.65	413	0	12
2026.10.01	06:13:00	4167.64	4167.64	4165.75	4165.99	350	0	12
2026.10.01	06:14:00	4165.94	4167.60	4165.72	4167.42	298	0	12
2026.10.01	06:15:00	4167.42	4168.57	4165.85	4165.98	358	0	12
2026.10.01	06:16:00	4165.99	4166.13	4164.95	4164.98	382	0	12
2026.10.01	06:17:00	4164.98	4165.32	4164.79	4164.98	289	0	12
2026.10.01	06:18:00	4164.95	4165.59	4164.58	4165.37	326	0	12
2026.10.01	06:19:00	4165.37	4165.58	4165.01	4165.33	275	0	12
2026.10.01	06:20:00	4165.35	4165.38	4163.86	4164.08	276	0	12
2026.10.01	06:21:00	4164.08	4165.33	4164.04	4164.76	346	0	12
2026.10.01	06:22:00	4164.76	4164.90	4164.14	4164.76	293	0	12
2026.10.01	06:23:00	4164.75	4165.22	4164.38	4165.19	276	0	12
2026.10.01	06:24:00	4165.19	4165.29	4164.08	4164.18	373	0	12
2026.10.01	06:25:00	4164.18	4164.68	4163.98	4164.37	236	0	12
2026.10.01	06:26:00	4164.34	4164.58	4163.72	4164.19	281	0	12
2026.10.01	06:27:00	4164.19	4164.27	4163.62	4163.62	248	0	12
2026.10.01	06:28:00	4163.62	4164.98	4163.62	4164.96	253	0	12
2026.10.01	06:29:00	4164.97	4165.02	4164.31	4164.66	276	0	12
2026.10.01	06:30:00	4164.67	4166.05	4164.67	4164.86	416	0	12
2026.10.01	06:31:00	4164.82	4165.13	4163.84	4164.27	397	0	12
2026.10.01	06:32:00	4164.27	4164.55	4163.75	4164.17	301	0	12
2026.10.01	06:33:00	4164.18	4165.05	4164.18	4165.05	336	0	12
2026.10.01	06:34:00	4165.04	4165.32	4164.60	4165.32	274	0	12
2026.10.01	06:35:00	4165.32	4165.42	4164.16	4164.16	258	0	12
2026.10.01	06:36:00	4164.17	4164.28	4163.39	4164.27	309	0	12
2026.10.01	06:37:00	4164.27	4165.08	4163.93	4163.98	271	0	12
2026.10.01	06:38:00	4163.95	4164.16	4163.59	4164.05	253	0	12
2026.10.01	06:39:00	4164.16	4164.28	4163.26	4164.19	336	0	12
2026.10.01	06:40:00	4164.20	4166.63	4164.17	4166.19	337	0	12
2026.10.01	06:41:00	4166.22	4168.37	4165.90	4168.35	351	0	12
2026.10.01	06:42:00	4168.39	4169.17	4168.36	4168.83	315	0	12
2026.10.01	06:43:00	4168.85	4170.18	4168.85	4169.90	305	0	12
2026.10.01	06:44:00	4169.87	4170.27	4168.78	4169.81	295	0	12
2026.10.01	06:45:00	4169.82	4169.89	4169.13	4169.69	312	0	12
2026.10.01	06:46:00	4169.70	4170.51	4169.31	4169.94	353	0	12
2026.10.01	06:47:00	4169.94	4171.57	4169.46	4171.36	393	0	12
2026.10.01	06:48:00	4171.35	4172.72	4171.35	4172.41	344	0	12
2026.10.01	06:49:00	4172.41	4174.42	4172.28	4173.59	338	0	12
2026.10.01	06:50:00	4173.59	4174.93	4173.53	4174.76	368	0	12
2026.10.01	06:51:00	4174.75	4174.97	4173.82	4174.95	382	0	12
2026.10.01	06:52:00	4174.95	4175.17	4173.89	4174.50	267	0	12
2026.10.01	06:53:00	4174.48	4175.31	4173.35	4175.14	335	0	12
2026.10.01	06:54:00	4175.16	4177.02	4175.15	4176.02	398	0	12
2026.10.01	06:55:00	4176.01	4176.42	4175.34	4175.63	346	0	12
2026.10.01	06:56:00	4175.61	4176.19	4175.44	4175.96	302	0	12
2026.10.01	06:57:00	4175.96	4176.09	4175.51	4175.51	308	0	12
2026.10.01	06:58:00	4175.53	4175.90	4174.97	4175.88	321	0	12
2026.10.01	06:59:00	4175.85	4176.07	4175.23	4175.44	261	0	12
2026.10.01	07:00:00	4175.43	4176.14	4175.31	4175.63	388	0	12
2026.10.01	07:01:00	4175.62	4176.64	4175.16	4176.56	349	0	12
2026.10.01	07:02:00	4176.56	4176.56	4174.99	4175.92	349	0	12
2026.10.01	07:03:00	4175.88	4176.37	4175.45	4175.59	269	0	12
2026.10.01	07:04:00	4175.60	4176.24	4175.51	4175.61	274	0	12
2026.10.01	07:05:00	4175.61	4175.96	4174.93	4175.56	353	0	12
2026.10.01	07:06:00	4175.60	4175.96	4174.99	4175.37	272	0	12
2026.10.01	07:07:00	4175.36	4176.78	4175.25	4176.30	285	0	12
2026.10.01	07:08:00	4176.27	4176.36	4175.22	4175.24	262	0	12
2026.10.01	07:09:00	4175.24	4176.26	4175.10	4176.26	296	0	12
2026.10.01	07:10:00	4176.23	4176.70	4175.93	4176.41	234	0	12
2026.10.01	07:11:00	4176.41	4177.44	4176.41	4177.24	241	0	12
2026.10.01	07:12:00	4177.25	4178.36	4176.85	4177.37	316	0	12
2026.10.01	07:13:00	4177.37	4177.57	4176.52	4176.73	318	0	12
2026.10.01	07:14:00	4176.73	4177.96	4176.73	4177.58	253	0	12
2026.10.01	07:15:00	4177.57	4177.57	4174.18	4174.95	446	0	12
2026.10.01	07:16:00	4174.95	4176.24	4174.45	4175.23	420	0	12
2026.10.01	07:17:00	4175.21	4176.31	4173.19	4173.22	359	0	12
2026.10.01	07:18:00	4173.22	4173.39	4172.69	4172.83	268	0	12
2026.10.01	07:19:00	4172.83	4172.83	4171.79	4172.07	266	0	12
2026.10.01	07:20:00	4172.09	4172.47	4171.90	4172.09	236	0	12
2026.10.01	07:21:00	4172.10	4172.87	4171.49	4172.28	296	0	12
2026.10.01	07:22:00	4172.28	4172.53	4171.98	4172.16	231	0	12
2026.10.01	07:23:00	4172.16	4172.50	4172.04	4172.06	251	0	12
2026.10.01	07:24:00	4172.05	4173.54	4171.91	4172.80	254	0	12
2026.10.01	07:25:00	4172.80	4173.27	4172.50	4173.01	257	0	12
2026.10.01	07:26:00	4173.01	4173.19	4172.29	4172.83	228	0	12
2026.10.01	07:27:00	4172.73	4172.97	4171.88	4171.90	208	0	12
2026.10.01	07:28:00	4171.88	4172.60	4171.87	4172.39	268	0	12
2026.10.01	07:29:00	4172.39	4172.50	4171.86	4171.94	251	0	12
2026.10.01	07:30:00	4171.94	4173.05	4171.86	4172.79	277	0	12
2026.10.01	07:31:00	4172.79	4174.73	4172.76	4174.68	282	0	12
2026.10.01	07:32:00	4174.68	4175.11	4174.16	4174.16	261	0	12
2026.10.01	07:33:00	4174.14	4175.67	4174.06	4175.25	291	0	12
2026.10.01	07:34:00	4175.26	4176.51	4175.25	4176.06	325	0	12
2026.10.01	07:35:00	4176.07	4176.08	4174.42	4174.44	371	0	12
2026.10.01	07:36:00	4174.45	4176.32	4174.44	4175.86	300	0	12
2026.10.01	07:37:00	4175.86	4176.90	4175.65	4176.71	285	0	12
2026.10.01	07:38:00	4176.70	4176.81	4175.79	4175.79	232	0	12
2026.10.01	07:39:00	4175.79	4176.27	4175.73	4175.98	251	0	12
2026.10.01	07:40:00	4176.00	4176.25	4175.64	4176.05	269	0	12
2026.10.01	07:41:00	4176.04	4176.35	4175.26	4175.50	241	0	12
2026.10.01	07:42:00	4175.50	4175.60	4174.98	4175.23	230	0	12
2026.10.01	07:43:00	4175.24	4175.56	4175.11	4175.17	236	0	12
2026.10.01	07:44:00	4175.17	4175.85	4174.98	4175.40	229	0	12
2026.10.01	07:45:00	4175.40	4176.06	4175.25	4175.56	285	0	12
2026.10.01	07:46:00	4175.56	4177.41	4175.04	4177.09	296	0	12
2026.10.01	07:47:00	4177.08	4177.47	4176.67	4177.38	242	0	12
2026.10.01	07:48:00	4177.38	4178.21	4177.38	4178.03	253	0	12
2026.10.01	07:49:00	4178.02	4178.23	4177.35	4177.72	288	0	12
2026.10.01	07:50:00	4177.74	4178.27	4177.73	4177.86	272	0	12
2026.10.01	07:51:00	4177.86	4178.27	4177.56	4178.27	299	0	12
2026.10.01	07:52:00	4178.27	4178.59	4177.64	4178.07	260	0	12
2026.10.01	07:53:00	4178.09	4178.46	4177.81	4177.85	270	0	12
2026.10.01	07:54:00	4177.84	4178.89	4177.77	4178.86	254	0	12
2026.10.01	07:55:00	4178.86	4179.80	4178.86	4179.60	306	0	12
2026.10.01	07:56:00	4179.60	4179.60	4177.80	4179.21	320	0	12
2026.10.01	07:57:00	4179.19	4179.19	4178.79	4178.88	200	0	12
2026.10.01	07:58:00	4178.87	4179.54	4178.69	4179.51	252	0	12
2026.10.01	07:59:00	4179.53	4180.59	4179.41	4179.94	316	0	12
2026.10.01	08:00:00	4179.94	4180.85	4179.75	4180.72	292	0	12
2026.10.01	08:01:00	4180.72	4180.85	4179.23	4179.50	331	0	12
2026.10.01	08:02:00	4179.49	4180.44	4179.48	4180.28	308	0	12
2026.10.01	08:03:00	4180.28	4183.07	4180.28	4182.55	325	0	12
2026.10.01	08:04:00	4182.56	4183.16	4182.33	4182.62	302	0	12
2026.10.01	08:05:00	4182.62	4182.90	4181.17	4181.61	361	0	12
2026.10.01	08:06:00	4181.53	4182.77	4181.38	4181.83	346	0	12
2026.10.01	08:07:00	4181.86	4182.43	4181.08	4182.43	289	0	12
2026.10.01	08:08:00	4182.43	4182.76	4182.03	4182.06	265	0	12
2026.10.01	08:09:00	4182.06	4182.40	4181.45	4182.07	233	0	12
2026.10.01	08:10:00	4182.07	4183.38	4181.86	4182.80	282	0	12
2026.10.01	08:11:00	4182.80	4182.80	4181.94	4182.09	232	0	12
2026.10.01	08:12:00	4182.09	4182.32	4181.44	4182.26	284	0	12
2026.10.01	08:13:00	4182.29	4183.07	4181.79	4182.76	233	0	12
2026.10.01	08:14:00	4182.77	4182.88	4182.23	4182.63	251	0	12
2026.10.01	08:15:00	4182.63	4182.92	4181.69	4182.23	313	0	12
2026.10.01	08:16:00	4182.23	4182.61	4182.18	4182.45	222	0	12
2026.10.01	08:17:00	4182.46	4183.51	4182.44	4183.08	280	0	12
2026.10.01	08:18:00	4183.07	4183.48	4182.77	4183.17	266	0	12
2026.10.01	08:19:00	4183.16	4183.77	4182.82	4183.68	289	0	12
2026.10.01	08:20:00	4183.68	4184.40	4183.50	4184.08	278	0	12
2026.10.01	08:21:00	4184.08	4184.70	4183.29	4183.44	320	0	12
2026.10.01	08:22:00	4183.45	4185.12	4183.45	4184.80	349	0	12
2026.10.01	08:23:00	4184.77	4184.77	4183.53	4184.46	248	0	12
2026.10.01	08:24:00	4184.46	4184.51	4184.01	4184.48	214	0	12
2026.10.01	08:25:00	4184.48	4185.11	4184.42	4184.89	278	0	12
2026.10.01	08:26:00	4184.92	4186.77	4184.44	4186.30	273	0	12
2026.10.01	08:27:00	4186.30	4187.31	4186.07	4186.26	335	0	12
2026.10.01	08:28:00	4186.24	4187.10	4185.64	4187.07	327	0	12
2026.10.01	08:29:00	4187.04	4187.31	4186.09	4187.06	399	0	12
2026.10.01	08:30:00	4187.06	4187.28	4185.35	4186.18	372	0	12
2026.10.01	08:31:00	4186.18	4188.09	4185.16	4187.03	361	0	12
2026.10.01	08:32:00	4187.04	4187.97	4186.32	4187.56	348	0	12
2026.10.01	08:33:00	4187.55	4189.24	4187.45	4189.21	338	0	12
2026.10.01	08:34:00	4189.20	4189.87	4188.93	4189.79	354	0	12
2026.10.01	08:35:00	4189.79	4191.09	4188.75	4191.09	382	0	12
2026.10.01	08:36:00	4191.06	4191.68	4190.55	4191.33	358	0	12
2026.10.01	08:37:00	4191.37	4192.97	4191.05	4192.32	343	0	12
2026.10.01	08:38:00	4192.35	4192.35	4190.83	4190.87	422	0	12
2026.10.01	08:39:00	4190.88	4191.08	4188.82	4189.05	363	0	12
2026.10.01	08:40:00	4189.05	4189.77	4188.45	4188.89	358	0	12
2026.10.01	08:41:00	4188.89	4189.36	4188.00	4188.62	397	0	12
2026.10.01	08:42:00	4188.60	4188.73	4187.80	4188.52	295	0	12
2026.10.01	08:43:00	4188.53	4189.38	4188.28	4188.43	296	0	12
2026.10.01	08:44:00	4188.43	4188.45	4187.17	4187.17	336	0	12
2026.10.01	08:45:00	4187.11	4189.16	4186.71	4188.96	474	0	12
2026.10.01	08:46:00	4188.97	4189.86	4187.67	4188.03	454	0	12
2026.10.01	08:47:00	4188.02	4188.28	4187.48	4187.81	354	0	12
2026.10.01	08:48:00	4187.82	4188.33	4187.63	4187.86	303	0	12
2026.10.01	08:49:00	4187.90	4187.90	4186.68	4187.47	343	0	12
2026.10.01	08:50:00	4187.47	4188.44	4187.38	4187.70	401	0	12
2026.10.01	08:51:00	4187.71	4188.07	4187.09	4187.36	366	0	12
2026.10.01	08:52:00	4187.36	4187.36	4185.67	4185.72	338	0	12
2026.10.01	08:53:00	4185.72	4186.08	4185.56	4186.05	320	0	12
2026.10.01	08:54:00	4186.05	4187.19	4185.86	4186.37	302	0	12
2026.10.01	08:55:00	4186.37	4186.65	4185.92	4186.04	352	0	12
2026.10.01	08:56:00	4186.03	4186.33	4185.36	4186.24	301	0	12
2026.10.01	08:57:00	4186.24	4187.01	4186.07	4186.79	304	0	12
2026.10.01	08:58:00	4186.78	4187.29	4186.62	4187.14	344	0	12
2026.10.01	08:59:00	4187.13	4188.27	4187.10	4188.03	311	0	12
2026.10.01	09:00:00	4188.04	4190.09	4187.70	4189.95	526	0	12
2026.10.01	09:01:00	4189.94	4190.79	4188.51	4189.63	545	0	12
2026.10.01	09:02:00	4189.66	4190.17	4188.99	4189.38	435	0	12
2026.10.01	09:03:00	4189.38	4190.85	4189.35	4189.66	402	0	12
2026.10.01	09:04:00	4189.66	4190.66	4188.99	4190.59	398	0	12
2026.10.01	09:05:00	4190.59	4191.46	4190.55	4191.19	336	0	12
2026.10.01	09:06:00	4191.19	4191.22	4190.41	4190.78	315	0	12
2026.10.01	09:07:00	4190.80	4191.40	4190.54	4190.69	336	0	12
2026.10.01	09:08:00	4190.74	4190.91	4190.24	4190.76	361	0	12
2026.10.01	09:09:00	4190.74	4191.57	4190.70	4190.94	311	0	12
2026.10.01	09:10:00	4190.84	4191.27	4190.76	4191.08	336	0	12
2026.10.01	09:11:00	4191.07	4191.38	4190.32	4191.19	337	0	12
2026.10.01	09:12:00	4191.18	4191.49	4190.64	4191.31	361	0	12
2026.10.01	09:13:00	4191.31	4192.12	4191.12	4191.91	337	0	12
2026.10.01	09:14:00	4191.91	4192.36	4191.46	4191.49	318	0	12
2026.10.01	09:15:00	4191.49	4191.50	4189.92	4189.97	317	0	12
2026.10.01	09:16:00	4189.97	4190.20	4189.62	4189.89	340	0	12
2026.10.01	09:17:00	4189.93	4190.57	4189.93	4189.97	352	0	12
2026.10.01	09:18:00	4190.01	4190.43	4189.72	4190.15	300	0	12
2026.10.01	09:19:00	4190.16	4190.28	4189.25	4189.45	341	0	12
2026.10.01	09:20:00	4189.46	4189.57	4188.42	4189.57	407	0	12
2026.10.01	09:21:00	4189.56	4190.30	4189.31	4189.33	337	0	12
2026.10.01	09:22:00	4189.33	4191.21	4188.91	4190.63	363	0	12
2026.10.01	09:23:00	4190.63	4190.71	4189.60	4189.94	317	0	12
2026.10.01	09:24:00	4189.94	4190.15	4188.73	4188.81	297	0	12
2026.10.01	09:25:00	4188.81	4189.17	4187.49	4187.72	397	0	12
2026.10.01	09:26:00	4187.72	4188.50	4187.62	4188.32	242	0	12
2026.10.01	09:27:00	4188.34	4188.61	4187.84	4188.19	330	0	12
2026.10.01	09:28:00	4188.14	4189.55	4188.01	4189.29	355	0	12
2026.10.01	09:29:00	4189.31	4190.07	4189.00	4189.70	361	0	12
2026.10.01	09:30:00	4189.70	4191.42	4189.68	4189.72	385	0	12
2026.10.01	09:31:00	4189.71	4189.78	4188.11	4188.77	362	0	12
2026.10.01	09:32:00	4188.78	4189.90	4188.58	4189.52	346	0	12
2026.10.01	09:33:00	4189.52	4190.06	4189.31	4189.71	349	0	12
2026.10.01	09:34:00	4189.68	4189.77	4188.69	4188.69	324	0	12
2026.10.01	09:35:00	4188.68	4189.11	4188.12	4188.79	430	0	12
2026.10.01	09:36:00	4188.79	4188.83	4187.37	4187.38	390	0	12
2026.10.01	09:37:00	4187.36	4188.15	4186.62	4186.87	426	0	12
2026.10.01	09:38:00	4186.87	4187.18	4186.61	4186.85	329	0	12
2026.10.01	09:39:00	4186.85	4187.15	4184.56	4184.77	411	0	12
2026.10.01	09:40:00	4184.76	4185.23	4182.04	4182.50	494	0	12
2026.10.01	09:41:00	4182.49	4183.41	4181.67	4181.80	542	0	12
2026.10.01	09:42:00	4181.80	4182.70	4181.01	4182.23	481	0	12
2026.10.01	09:43:00	4182.24	4183.02	4181.82	4182.26	434	0	12
2026.10.01	09:44:00	4182.26	4184.89	4182.23	4184.37	420	0	12
2026.10.01	09:45:00	4184.37	4184.42	4182.57	4183.48	454	0	12
2026.10.01	09:46:00	4183.48	4184.27	4182.86	4183.14	427	0	12
2026.10.01	09:47:00	4183.17	4185.27	4183.17	4184.04	448	0	12
2026.10.01	09:48:00	4184.03	4185.24	4183.77	4183.77	420	0	12
2026.10.01	09:49:00	4183.78	4184.07	4180.67	4180.78	465	0	12
2026.10.01	09:50:00	4180.81	4181.74	4180.68	4181.05	439	0	12
2026.10.01	09:51:00	4181.04	4183.17	4181.03	4183.00	441	0	12
2026.10.01	09:52:00	4182.98	4183.73	4182.98	4183.22	342	0	12
2026.10.01	09:53:00	4183.25	4183.56	4182.27	4182.55	403	0	12
2026.10.01	09:54:00	4182.49	4183.33	4182.27	4182.54	417	0	12
2026.10.01	09:55:00	4182.53	4183.77	4182.37	4183.62	331	0	12
2026.10.01	09:56:00	4183.62	4185.35	4183.62	4184.90	346	0	12
2026.10.01	09:57:00	4184.90	4184.92	4183.60	4183.99	372	0	12
2026.10.01	09:58:00	4184.00	4184.69	4182.64	4182.72	353	0	12
2026.10.01	09:59:00	4182.67	4182.82	4181.37	4181.77	436	0	12
2026.10.01	10:00:00	4181.77	4183.49	4181.62	4181.88	608	0	12
2026.10.01	10:01:00	4181.88	4181.93	4180.22	4180.51	502	0	12
2026.10.01	10:02:00	4180.50	4180.68	4179.69	4179.78	433	0	12
2026.10.01	10:03:00	4179.77	4181.30	4179.73	4180.74	466	0	12
2026.10.01	10:04:00	4180.70	4180.90	4179.68	4180.55	439	0	12
2026.10.01	10:05:00	4180.55	4180.89	4179.82	4179.82	416	0	12
2026.10.01	10:06:00	4179.79	4180.22	4179.07	4179.19	453	0	12
2026.10.01	10:07:00	4179.19	4180.33	4179.18	4179.54	386	0	12
2026.10.01	10:08:00	4179.55	4180.35	4179.24	4180.16	370	0	12
2026.10.01	10:09:00	4180.14	4181.54	4179.73	4180.76	384	0	12
2026.10.01	10:10:00	4180.76	4181.24	4179.85	4180.04	448	0	12
2026.10.01	10:11:00	4180.04	4180.65	4179.77	4179.92	430	0	12
2026.10.01	10:12:00	4179.92	4179.92	4176.93	4176.93	384	0	12
2026.10.01	10:13:00	4176.75	4177.10	4174.94	4175.23	442	0	12
2026.10.01	10:14:00	4175.24	4175.31	4172.19	4172.58	422	0	12
2026.10.01	10:15:00	4172.58	4173.20	4171.40	4173.03	470	0	12
2026.10.01	10:16:00	4173.06	4174.51	4172.83	4174.32	469	0	12
2026.10.01	10:17:00	4174.31	4174.35	4170.81	4170.95	503	0	12
2026.10.01	10:18:00	4170.96	4173.34	4170.87	4172.73	551	0	12
2026.10.01	10:19:00	4172.73	4172.77	4170.40	4171.05	507	0	12
2026.10.01	10:20:00	4171.05	4171.22	4168.15	4168.17	492	0	12
2026.10.01	10:21:00	4168.16	4168.51	4164.45	4164.59	523	0	12
2026.10.01	10:22:00	4164.57	4165.86	4163.67	4164.82	592	0	12
2026.10.01	10:23:00	4164.81	4164.91	4161.83	4162.12	565	0	12
2026.10.01	10:24:00	4162.13	4162.84	4160.73	4160.93	606	0	12
2026.10.01	10:25:00	4160.91	4161.08	4157.32	4157.36	597	0	12
2026.10.01	10:26:00	4157.38	4158.17	4155.81	4157.05	596	0	12
2026.10.01	10:27:00	4157.03	4157.23	4155.42	4155.57	613	0	12
2026.10.01	10:28:00	4155.55	4157.36	4155.49	4157.08	544	0	12
2026.10.01	10:29:00	4157.05	4158.22	4155.96	4156.76	610	0	12
2026.10.01	10:30:00	4156.78	4158.10	4155.58	4155.58	588	0	12
2026.10.01	10:31:00	4155.58	4158.23	4154.43	4158.15	622	0	12
2026.10.01	10:32:00	4158.15	4163.72	4157.80	4163.53	599	0	12
2026.10.01	10:33:00	4163.42	4164.72	4163.08	4163.67	579	0	12
2026.10.01	10:34:00	4163.67	4165.11	4163.02	4164.38	578	0	12
2026.10.01	10:35:00	4164.39	4164.91	4162.71	4162.80	562	0	12
2026.10.01	10:36:00	4162.79	4163.44	4160.10	4161.61	604	0	12
2026.10.01	10:37:00	4161.62	4161.86	4159.96	4160.92	544	0	12
2026.10.01	10:38:00	4160.92	4162.70	4160.35	4162.46	529	0	12
2026.10.01	10:39:00	4162.46	4163.02	4160.65	4160.69	557	0	12
2026.10.01	10:40:00	4160.69	4161.95	4160.17	4161.95	562	0	12
2026.10.01	10:41:00	4161.96	4163.17	4161.51	4162.82	524	0	12
2026.10.01	10:42:00	4162.82	4163.98	4162.00	4162.91	507	0	12
2026.10.01	10:43:00	4162.91	4163.30	4160.62	4160.83	496	0	12
2026.10.01	10:44:00	4160.85	4165.19	4160.85	4163.68	635	0	12
2026.10.01	10:45:00	4163.68	4165.28	4162.95	4164.05	560	0	12
2026.10.01	10:46:00	4164.06	4166.18	4163.63	4165.58	537	0	12
2026.10.01	10:47:00	4165.56	4166.77	4165.21	4166.45	518	0	12
2026.10.01	10:48:00	4166.45	4166.61	4162.54	4162.80	519	0	12
2026.10.01	10:49:00	4162.81	4163.96	4162.46	4163.89	425	0	12
2026.10.01	10:50:00	4163.89	4165.04	4163.58	4164.17	509	0	12
2026.10.01	10:51:00	4164.10	4165.92	4163.32	4163.62	479	0	12
2026.10.01	10:52:00	4163.62	4163.93	4161.85	4162.83	524	0	12
2026.10.01	10:53:00	4162.82	4165.27	4162.56	4165.17	487	0	12
2026.10.01	10:54:00	4165.20	4166.45	4165.04	4165.95	501	0	12
2026.10.01	10:55:00	4165.93	4166.21	4165.36	4166.06	484	0	12
2026.10.01	10:56:00	4166.04	4166.62	4163.78	4164.24	480	0	12
2026.10.01	10:57:00	4164.24	4164.65	4163.53	4163.88	491	0	12
2026.10.01	10:58:00	4163.88	4164.46	4161.96	4164.27	540	0	12
2026.10.01	10:59:00	4164.26	4164.80	4163.16	4163.71	476	0	12
2026.10.01	11:00:00	4163.70	4166.20	4163.43	4165.61	604	0	12
2026.10.01	11:01:00	4165.63	4165.64	4164.10	4164.67	515	0	12
2026.10.01	11:02:00	4164.67	4165.72	4164.11	4164.15	513	0	12
2026.10.01	11:03:00	4164.17	4166.19	4163.82	4164.96	546	0	12
2026.10.01	11:04:00	4164.94	4167.33	4164.51	4167.15	488	0	12
2026.10.01	11:05:00	4167.10	4167.78	4166.42	4166.51	524	0	12
2026.10.01	11:06:00	4166.55	4166.95	4165.72	4166.44	504	0	12
2026.10.01	11:07:00	4166.44	4166.50	4164.28	4164.92	472	0	12
2026.10.01	11:08:00	4164.93	4165.05	4162.58	4162.70	550	0	12
2026.10.01	11:09:00	4162.71	4163.31	4161.64	4163.09	500	0	12
2026.10.01	11:10:00	4163.09	4164.27	4162.23	4163.67	525	0	12
2026.10.01	11:11:00	4163.68	4163.93	4160.41	4160.69	508	0	12
2026.10.01	11:12:00	4160.76	4160.80	4158.25	4159.04	512	0	12
2026.10.01	11:13:00	4159.01	4159.62	4158.62	4158.81	509	0	12
2026.10.01	11:14:00	4158.76	4159.73	4158.70	4159.43	463	0	12
2026.10.01	11:15:00	4159.43	4161.57	4159.43	4161.18	463	0	12
2026.10.01	11:16:00	4161.19	4161.57	4159.96	4160.37	442	0	12
2026.10.01	11:17:00	4160.38	4160.45	4157.63	4157.86	538	0	12
2026.10.01	11:18:00	4157.85	4159.62	4157.59	4158.25	494	0	12
2026.10.01	11:19:00	4158.24	4158.24	4156.22	4156.39	571	0	12
2026.10.01	11:20:00	4156.41	4157.00	4155.07	4155.23	536	0	12
2026.10.01	11:21:00	4155.23	4157.16	4154.81	4155.72	539	0	12
2026.10.01	11:22:00	4155.72	4157.87	4155.72	4157.47	540	0	12
2026.10.01	11:23:00	4157.45	4158.74	4156.61	4157.08	495	0	12
2026.10.01	11:24:00	4157.07	4157.38	4156.29	4157.34	470	0	12
2026.10.01	11:25:00	4157.34	4161.23	4156.89	4161.22	490	0	12
2026.10.01	11:26:00	4161.20	4162.66	4160.49	4162.43	525	0	12
2026.10.01	11:27:00	4162.38	4162.80	4161.69	4162.03	516	0	12
2026.10.01	11:28:00	4161.98	4162.29	4160.00	4160.01	536	0	12
2026.10.01	11:29:00	4159.98	4160.47	4157.38	4157.38	483	0	12
2026.10.01	11:30:00	4157.41	4157.91	4155.39	4156.30	613	0	12
2026.10.01	11:31:00	4156.37	4157.15	4155.48	4155.79	473	0	12
2026.10.01	11:32:00	4155.81	4155.82	4154.47	4154.92	517	0	12
2026.10.01	11:33:00	4154.91	4157.51	4154.62	4157.50	505	0	12
2026.10.01	11:34:00	4157.52	4158.52	4156.61	4157.89	524	0	12
2026.10.01	11:35:00	4157.89	4158.88	4157.58	4157.64	504	0	12
2026.10.01	11:36:00	4157.68	4158.45	4156.31	4157.16	531	0	12
2026.10.01	11:37:00	4157.17	4158.09	4156.73	4156.73	539	0	12
2026.10.01	11:38:00	4156.76	4158.54	4156.45	4156.98	506	0	12
2026.10.01	11:39:00	4156.99	4158.39	4156.20	4157.35	559	0	12
2026.10.01	11:40:00	4157.39	4158.42	4156.15	4156.17	526	0	12
2026.10.01	11:41:00	4156.18	4156.20	4153.03	4153.49	511	0	12
2026.10.01	11:42:00	4153.46	4153.46	4151.52	4151.55	487	0	12
2026.10.01	11:43:00	4151.55	4151.62	4149.65	4151.32	541	0	12
2026.10.01	11:44:00	4151.32	4152.15	4150.76	4151.85	473	0	12
2026.10.01	11:45:00	4151.85	4151.88	4149.09	4150.24	579	0	12
2026.10.01	11:46:00	4150.24	4151.54	4149.77	4151.30	525	0	12
2026.10.01	11:47:00	4151.29	4153.64	4151.29	4152.78	505	0	12
2026.10.01	11:48:00	4152.77	4154.27	4152.54	4154.08	503	0	12
2026.10.01	11:49:00	4154.09	4154.69	4153.02	4154.65	459	0	12
2026.10.01	11:50:00	4154.63	4154.85	4153.96	4154.23	513	0	12
2026.10.01	11:51:00	4154.23	4155.10	4153.32	4154.03	511	0	12
2026.10.01	11:52:00	4154.03	4155.26	4153.04	4153.30	529	0	12
2026.10.01	11:53:00	4153.30	4153.31	4150.95	4151.82	514	0	12
2026.10.01	11:54:00	4151.82	4152.24	4150.72	4151.58	494	0	12
2026.10.01	11:55:00	4151.60	4153.80	4151.38	4153.61	514	0	12
2026.10.01	11:56:00	4153.62	4154.46	4152.72	4152.72	541	0	12
2026.10.01	11:57:00	4152.81	4153.71	4152.41	4153.00	511	0	12
2026.10.01	11:58:00	4153.01	4153.75	4151.88	4151.91	509	0	12
2026.10.01	11:59:00	4151.89	4153.77	4151.68	4153.49	430	0	12
2026.10.01	12:00:00	4153.48	4154.04	4152.65	4154.04	426	0	12
2026.10.01	12:01:00	4154.30	4154.48	4153.42	4153.65	451	0	12
2026.10.01	12:02:00	4153.65	4155.43	4153.52	4153.61	427	0	12
2026.10.01	12:03:00	4153.63	4155.95	4153.06	4155.88	453	0	12
2026.10.01	12:04:00	4155.89	4158.02	4155.09	4158.01	458	0	12
2026.10.01	12:05:00	4158.00	4158.77	4157.46	4157.80	456	0	12
2026.10.01	12:06:00	4157.79	4158.71	4156.81	4158.69	422	0	12
2026.10.01	12:07:00	4158.69	4159.15	4158.25	4159.00	416	0	12
2026.10.01	12:08:00	4159.28	4160.18	4159.06	4159.83	479	0	12
2026.10.01	12:09:00	4159.84	4160.10	4159.32	4159.55	382	0	12
2026.10.01	12:10:00	4159.56	4160.90	4159.53	4160.82	443	0	12
2026.10.01	12:11:00	4160.82	4160.82	4159.86	4160.59	389	0	12
2026.10.01	12:12:00	4160.56	4161.73	4160.54	4161.40	403	0	12
2026.10.01	12:13:00	4161.40	4162.17	4160.54	4161.80	382	0	12
2026.10.01	12:14:00	4161.78	4161.98	4160.68	4161.13	429	0	12
2026.10.01	12:15:00	4161.13	4162.47	4159.70	4160.16	455	0	12
2026.10.01	12:16:00	4160.16	4161.56	4160.16	4160.51	407	0	12
2026.10.01	12:17:00	4160.49	4161.15	4160.10	4160.72	383	0	12
2026.10.01	12:18:00	4160.73	4161.20	4160.28	4160.39	388	0	12
2026.10.01	12:19:00	4160.39	4160.97	4159.40	4159.99	400	0	12
2026.10.01	12:20:00	4159.97	4160.99	4158.97	4159.68	474	0	12
2026.10.01	12:21:00	4159.68	4162.40	4158.41	4159.54	507	0	12
2026.10.01	12:22:00	4159.53	4160.68	4159.36	4160.07	506	0	12
2026.10.01	12:23:00	4160.06	4161.24	4160.06	4160.73	428	0	12
2026.10.01	12:24:00	4160.81	4162.81	4160.81	4160.96	457	0	12
2026.10.01	12:25:00	4160.99	4161.02	4159.50	4159.69	446	0	12
2026.10.01	12:26:00	4159.70	4160.50	4159.30	4160.14	396	0	12
2026.10.01	12:27:00	4160.14	4161.17	4159.82	4160.88	389	0	12
2026.10.01	12:28:00	4160.88	4161.33	4159.70	4159.70	412	0	12
2026.10.01	12:29:00	4159.64	4160.63	4159.37	4159.88	381	0	12
2026.10.01	12:30:00	4159.85	4161.79	4159.80	4161.21	484	0	12
2026.10.01	12:31:00	4161.21	4161.21	4159.40	4160.72	402	0	12
2026.10.01	12:32:00	4160.71	4161.36	4159.98	4160.74	383	0	12
2026.10.01	12:33:00	4160.74	4162.23	4160.74	4162.06	324	0	12
2026.10.01	12:34:00	4162.07	4162.70	4161.51	4162.21	361	0	12
2026.10.01	12:35:00	4162.20	4163.37	4162.17	4162.79	358	0	12
2026.10.01	12:36:00	4162.79	4162.93	4161.03	4161.46	396	0	12
2026.10.01	12:37:00	4161.45	4161.76	4160.94	4161.75	394	0	12
2026.10.01	12:38:00	4161.74	4162.84	4161.73	4162.45	372	0	12
2026.10.01	12:39:00	4162.45	4162.52	4161.65	4162.29	346	0	12
2026.10.01	12:40:00	4162.28	4162.58	4161.95	4162.44	341	0	12
2026.10.01	12:41:00	4162.43	4163.14	4162.10	4162.38	372	0	12
2026.10.01	12:42:00	4162.37	4162.44	4161.39	4161.71	377	0	12
2026.10.01	12:43:00	4161.71	4162.36	4161.43	4162.34	378	0	12
2026.10.01	12:44:00	4162.35	4162.41	4161.07	4161.48	340	0	12
2026.10.01	12:45:00	4161.50	4162.87	4160.82	4162.86	382	0	12
2026.10.01	12:46:00	4162.85	4163.59	4162.03	4162.24	436	0	12
2026.10.01	12:47:00	4162.25	4162.76	4161.65	4162.74	373	0	12
2026.10.01	12:48:00	4162.74	4163.66	4162.49	4162.95	359	0	12
2026.10.01	12:49:00	4162.93	4162.93	4161.52	4161.54	358	0	12
2026.10.01	12:50:00	4161.54	4161.54	4159.92	4160.40	431	0	12
2026.10.01	12:51:00	4160.39	4161.78	4160.16	4161.32	351	0	12
2026.10.01	12:52:00	4161.31	4161.52	4160.77	4161.01	351	0	12
2026.10.01	12:53:00	4161.02	4161.42	4159.90	4160.17	363	0	12
2026.10.01	12:54:00	4160.17	4160.17	4157.86	4157.99	415	0	12
2026.10.01	12:55:00	4158.00	4158.39	4155.20	4155.23	470	0	12
2026.10.01	12:56:00	4155.24	4155.39	4153.98	4154.89	409	0	12
2026.10.01	12:57:00	4154.89	4157.08	4154.87	4156.23	418	0	12
2026.10.01	12:58:00	4156.23	4156.50	4155.85	4156.34	372	0	12
2026.10.01	12:59:00	4156.33	4156.35	4154.40	4154.47	426	0	12
2026.10.01	13:00:00	4154.46	4155.76	4153.30	4154.49	582	0	12
2026.10.01	13:01:00	4154.48	4154.49	4152.99	4153.38	477	0	12
2026.10.01	13:02:00	4153.39	4153.56	4150.23	4151.41	481	0	12
2026.10.01	13:03:00	4151.42	4152.25	4150.63	4151.96	504	0	12
2026.10.01	13:04:00	4151.97	4153.67	4151.97	4152.46	428	0	12
2026.10.01	13:05:00	4152.44	4153.65	4152.12	4152.23	430	0	12
2026.10.01	13:06:00	4152.24	4153.77	4151.76	4153.60	416	0	12
2026.10.01	13:07:00	4153.60	4155.27	4153.28	4154.94	423	0	12
2026.10.01	13:08:00	4154.94	4155.12	4153.92	4154.38	474	0	12
2026.10.01	13:09:00	4154.37	4156.17	4154.36	4154.56	412	0	12
2026.10.01	13:10:00	4154.55	4154.90	4153.97	4154.19	436	0	12
2026.10.01	13:11:00	4154.20	4156.83	4153.97	4156.83	460	0	12
2026.10.01	13:12:00	4156.84	4157.91	4156.08	4157.90	453	0	12
2026.10.01	13:13:00	4157.91	4158.30	4157.38	4157.72	385	0	12
2026.10.01	13:14:00	4157.73	4159.30	4157.73	4159.18	355	0	12
2026.10.01	13:15:00	4159.21	4160.04	4158.83	4159.75	429	0	12
2026.10.01	13:16:00	4159.74	4159.83	4158.24	4158.64	402	0	12
2026.10.01	13:17:00	4158.63	4161.10	4158.60	4159.98	426	0	12
2026.10.01	13:18:00	4159.98	4164.02	4159.59	4162.99	600	0	12
2026.10.01	13:19:00	4163.01	4163.12	4161.92	4162.43	411	0	12
2026.10.01	13:20:00	4162.50	4165.61	4162.50	4165.01	500	0	12
2026.10.01	13:21:00	4165.01	4165.63	4162.56	4162.68	535	0	12
2026.10.01	13:22:00	4162.80	4163.36	4162.17	4162.57	499	0	12
2026.10.01	13:23:00	4162.52	4163.51	4161.92	4163.40	424	0	12
2026.10.01	13:24:00	4163.41	4165.22	4162.74	4165.09	441	0	12
2026.10.01	13:25:00	4165.09	4166.17	4164.59	4165.69	421	0	12
2026.10.01	13:26:00	4165.71	4166.58	4164.88	4164.90	395	0	12
2026.10.01	13:27:00	4164.91	4165.72	4164.27	4164.60	417	0	12
2026.10.01	13:28:00	4164.61	4165.69	4164.13	4164.62	426	0	12
2026.10.01	13:29:00	4164.61	4167.71	4164.26	4167.70	386	0	12
2026.10.01	13:30:00	4167.70	4168.20	4167.19	4168.20	370	0	12
2026.10.01	13:31:00	4168.17	4168.54	4167.85	4168.13	341	0	12
2026.10.01	13:32:00	4168.13	4168.94	4167.99	4167.99	356	0	12
2026.10.01	13:33:00	4167.99	4167.99	4167.42	4167.80	342	0	12
2026.10.01	13:34:00	4167.80	4170.83	4167.57	4170.83	397	0	12
2026.10.01	13:35:00	4170.86	4172.19	4170.38	4170.73	394	0	12
2026.10.01	13:36:00	4170.71	4172.53	4170.71	4172.48	431	0	12
2026.10.01	13:37:00	4172.48	4172.74	4169.69	4169.69	380	0	12
2026.10.01	13:38:00	4169.62	4169.94	4168.77	4169.34	343	0	12
2026.10.01	13:39:00	4169.34	4169.81	4168.91	4169.32	396	0	12
2026.10.01	13:40:00	4169.32	4169.41	4168.78	4168.89	379	0	12
2026.10.01	13:41:00	4168.90	4168.90	4167.95	4168.19	310	0	12
2026.10.01	13:42:00	4168.19	4172.00	4168.17	4171.28	659	0	12
2026.10.01	13:43:00	4171.29	4172.60	4170.40	4171.83	556	0	12
2026.10.01	13:44:00	4171.79	4172.24	4171.07	4171.56	532	0	12
2026.10.01	13:45:00	4171.46	4172.76	4171.21	4172.73	479	0	12
2026.10.01	13:46:00	4172.71	4175.39	4172.12	4174.93	471	0	12
2026.10.01	13:47:00	4174.92	4177.66	4174.80	4177.55	466	0	12
2026.10.01	13:48:00	4177.55	4177.56	4175.29	4175.36	422	0	12
2026.10.01	13:49:00	4175.34	4175.46	4172.75	4174.53	454	0	12
2026.10.01	13:50:00	4174.58	4176.01	4174.41	4175.04	429	0	12
2026.10.01	13:51:00	4175.03	4175.82	4174.91	4175.58	387	0	12
2026.10.01	13:52:00	4175.56	4177.14	4175.51	4176.37	462	0	12
2026.10.01	13:53:00	4176.36	4177.48	4175.98	4176.66	493	0	12
2026.10.01	13:54:00	4176.65	4178.95	4176.64	4178.79	512	0	12
2026.10.01	13:55:00	4178.80	4178.82	4176.77	4177.06	453	0	12
2026.10.01	13:56:00	4177.05	4177.06	4175.60	4175.60	389	0	12
2026.10.01	13:57:00	4175.59	4175.83	4174.96	4175.01	430	0	12
2026.10.01	13:58:00	4175.01	4175.55	4174.56	4175.22	438	0	12
2026.10.01	13:59:00	4175.24	4176.36	4175.20	4176.02	450	0	12
2026.10.01	14:00:00	4176.04	4176.30	4174.33	4174.42	522	0	12
2026.10.01	14:01:00	4174.42	4174.42	4172.28	4173.31	443	0	12
2026.10.01	14:02:00	4173.33	4175.88	4173.33	4174.23	397	0	12
2026.10.01	14:03:00	4174.25	4174.51	4173.41	4174.04	414	0	12
2026.10.01	14:04:00	4174.04	4174.15	4173.01	4173.34	386	0	12
2026.10.01	14:05:00	4173.35	4173.86	4171.50	4172.25	551	0	12
2026.10.01	14:06:00	4172.21	4172.74	4171.06	4171.72	503	0	12
2026.10.01	14:07:00	4171.72	4173.00	4170.63	4172.71	449	0	12
2026.10.01	14:08:00	4172.71	4173.11	4171.23	4171.23	420	0	12
2026.10.01	14:09:00	4171.23	4171.76	4170.64	4171.19	403	0	12
2026.10.01	14:10:00	4171.20	4171.47	4169.88	4171.37	496	0	12
2026.10.01	14:11:00	4171.35	4172.17	4170.97	4171.09	425	0	12
2026.10.01	14:12:00	4171.05	4171.33	4170.41	4170.42	396	0	12
2026.10.01	14:13:00	4170.43	4171.26	4170.20	4171.13	420	0	12
2026.10.01	14:14:00	4171.12	4171.12	4169.18	4169.44	470	0	12
2026.10.01	14:15:00	4169.53	4169.64	4167.79	4168.23	474	0	12
2026.10.01	14:16:00	4168.25	4168.51	4167.63	4167.76	438	0	12
2026.10.01	14:17:00	4167.76	4168.07	4167.20	4167.40	378	0	12
2026.10.01	14:18:00	4167.36	4168.39	4167.16	4167.77	411	0	12
2026.10.01	14:19:00	4167.79	4168.64	4167.23	4168.06	386	0	12
2026.10.01	14:20:00	4168.05	4168.06	4166.71	4166.96	388	0	12
2026.10.01	14:21:00	4166.97	4168.49	4166.66	4167.89	401	0	12
2026.10.01	14:22:00	4167.91	4170.16	4167.53	4168.96	489	0	12
2026.10.01	14:23:00	4168.96	4170.14	4168.55	4169.15	421	0	12
2026.10.01	14:24:00	4169.14	4169.84	4168.96	4169.64	394	0	12
2026.10.01	14:25:00	4169.64	4171.64	4169.64	4171.02	415	0	12
2026.10.01	14:26:00	4171.00	4171.62	4170.58	4171.26	399	0	12
2026.10.01	14:27:00	4171.26	4173.26	4170.56	4173.18	417	0	12
2026.10.01	14:28:00	4173.06	4173.23	4171.68	4171.77	436	0	12
2026.10.01	14:29:00	4171.76	4172.53	4171.44	4171.96	397	0	12
2026.10.01	14:30:00	4171.93	4172.54	4171.21	4172.54	407	0	12
2026.10.01	14:31:00	4172.53	4173.24	4171.69	4171.87	412	0	12
2026.10.01	14:32:00	4171.87	4173.22	4171.28	4172.49	446	0	12
2026.10.01	14:33:00	4172.48	4172.69	4172.07	4172.41	369	0	12
2026.10.01	14:34:00	4172.42	4173.28	4171.78	4172.29	338	0	12
2026.10.01	14:35:00	4172.29	4173.90	4171.83	4173.44	437	0	12
2026.10.01	14:36:00	4173.43	4175.69	4173.10	4174.73	488	0	12
2026.10.01	14:37:00	4174.74	4176.76	4174.72	4175.30	474	0	12
2026.10.01	14:38:00	4175.30	4176.27	4174.56	4175.60	458	0	12
2026.10.01	14:39:00	4175.60	4178.00	4175.60	4177.33	495	0	12
2026.10.01	14:40:00	4177.37	4178.62	4177.02	4178.60	428	0	12
2026.10.01	14:41:00	4178.53	4179.49	4178.32	4178.82	450	0	12
2026.10.01	14:42:00	4178.77	4180.07	4178.21	4178.52	477	0	12
2026.10.01	14:43:00	4178.53	4181.09	4178.53	4179.90	478	0	12
2026.10.01	14:44:00	4179.89	4180.09	4177.84	4179.23	428	0	12
2026.10.01	14:45:00	4179.23	4180.70	4179.23	4179.99	447	0	12
2026.10.01	14:46:00	4180.00	4181.82	4179.69	4181.72	439	0	12
2026.10.01	14:47:00	4181.71	4183.79	4181.17	4183.79	462	0	12
2026.10.01	14:48:00	4183.80	4184.23	4183.17	4183.32	463	0	12
2026.10.01	14:49:00	4183.32	4183.65	4182.23	4183.04	514	0	12
2026.10.01	14:50:00	4183.01	4184.30	4181.87	4183.95	426	0	12
2026.10.01	14:51:00	4183.95	4184.05	4182.34	4182.66	402	0	12
2026.10.01	14:52:00	4182.66	4183.31	4181.88	4183.00	466	0	12
2026.10.01	14:53:00	4183.00	4183.87	4182.79	4183.31	440	0	12
2026.10.01	14:54:00	4183.32	4184.40	4182.72	4184.02	472	0	12
2026.10.01	14:55:00	4184.04	4185.10	4183.99	4185.10	451	0	12
2026.10.01	14:56:00	4185.07	4185.36	4184.48	4184.83	432	0	12
2026.10.01	14:57:00	4184.82	4185.87	4183.61	4183.64	381	0	12
2026.10.01	14:58:00	4183.67	4184.47	4183.41	4184.29	408	0	12
2026.10.01	14:59:00	4184.29	4184.29	4182.65	4182.74	393	0	12
2026.10.01	15:00:00	4182.75	4183.52	4182.18	4183.26	552	0	12
2026.10.01	15:01:00	4183.27	4183.55	4181.29	4182.54	507	0	12
2026.10.01	15:02:00	4182.52	4185.47	4181.96	4184.59	504	0	12
2026.10.01	15:03:00	4184.59	4185.75	4183.95	4184.77	454	0	12
2026.10.01	15:04:00	4184.78	4184.79	4180.76	4180.89	458	0	12
2026.10.01	15:05:00	4180.89	4181.38	4180.35	4180.56	463	0	12
2026.10.01	15:06:00	4180.56	4180.60	4179.29	4179.98	447	0	12
2026.10.01	15:07:00	4179.99	4180.10	4178.62	4179.03	450	0	12
2026.10.01	15:08:00	4179.04	4179.08	4178.12	4178.13	323	0	12
2026.10.01	15:09:00	4178.15	4178.64	4176.88	4176.93	389	0	12
2026.10.01	15:10:00	4177.01	4177.83	4176.73	4177.22	393	0	12
2026.10.01	15:11:00	4177.25	4177.79	4176.98	4177.29	391	0	12
2026.10.01	15:12:00	4177.29	4178.06	4176.82	4177.38	413	0	12
2026.10.01	15:13:00	4177.38	4177.82	4176.41	4177.71	391	0	12
2026.10.01	15:14:00	4177.69	4178.02	4176.44	4176.73	376	0	12
2026.10.01	15:15:00	4176.74	4176.90	4175.78	4176.66	351	0	12
2026.10.01	15:16:00	4176.67	4176.91	4175.85	4176.22	420	0	12
2026.10.01	15:17:00	4176.23	4178.00	4175.45	4177.90	525	0	12
2026.10.01	15:18:00	4177.91	4180.06	4177.22	4178.61	532	0	12
2026.10.01	15:19:00	4178.69	4179.14	4177.71	4178.08	420	0	12
2026.10.01	15:20:00	4178.09	4180.10	4176.63	4177.21	535	0	12
2026.10.01	15:21:00	4177.21	4179.49	4176.81	4179.21	476	0	12
2026.10.01	15:22:00	4179.19	4179.58	4178.03	4178.29	415	0	12
2026.10.01	15:23:00	4178.29	4178.35	4174.91	4175.54	461	0	12
2026.10.01	15:24:00	4175.54	4176.84	4175.07	4175.69	443	0	12
2026.10.01	15:25:00	4175.68	4178.01	4175.08	4177.77	480	0	12
2026.10.01	15:26:00	4177.78	4178.23	4174.91	4177.11	651	0	12
2026.10.01	15:27:00	4177.17	4178.21	4176.89	4177.13	455	0	12
2026.10.01	15:28:00	4177.11	4178.01	4176.98	4177.86	435	0	12
2026.10.01	15:29:00	4177.85	4179.64	4177.81	4179.44	422	0	12
2026.10.01	15:30:00	4179.37	4182.55	4178.20	4181.25	573	0	12
2026.10.01	15:31:00	4181.24	4184.35	4180.76	4184.08	569	0	12
2026.10.01	15:32:00	4184.07	4184.29	4182.19	4182.29	490	0	12
2026.10.01	15:33:00	4182.32	4184.27	4181.27	4182.49	465	0	12
2026.10.01	15:34:00	4182.53	4184.74	4182.34	4183.67	482	0	12
2026.10.01	15:35:00	4183.65	4185.30	4182.94	4184.42	458	0	12
2026.10.01	15:36:00	4184.42	4185.17	4182.97	4183.57	489	0	12
2026.10.01	15:37:00	4183.56	4184.27	4182.27	4183.26	488	0	12
2026.10.01	15:38:00	4183.26	4183.59	4181.73	4181.90	498	0	12
2026.10.01	15:39:00	4182.03	4184.90	4181.81	4184.28	490	0	12
2026.10.01	15:40:00	4184.30	4186.85	4183.78	4185.64	419	0	12
2026.10.01	15:41:00	4185.68	4186.70	4184.64	4184.79	442	0	12
2026.10.01	15:42:00	4184.85	4185.59	4182.70	4183.97	448	0	12
2026.10.01	15:43:00	4183.98	4184.57	4182.79	4183.23	424	0	12
2026.10.01	15:44:00	4183.23	4183.85	4181.65	4182.28	481	0	12
2026.10.01	15:45:00	4182.33	4185.40	4182.33	4185.40	481	0	12
2026.10.01	15:46:00	4185.40	4187.44	4184.98	4187.37	480	0	12
2026.10.01	15:47:00	4187.37	4187.80	4183.56	4183.56	479	0	12
2026.10.01	15:48:00	4183.57	4185.89	4183.24	4184.97	492	0	12
2026.10.01	15:49:00	4184.96	4185.36	4183.82	4184.34	451	0	12
2026.10.01	15:50:00	4184.34	4184.99	4184.04	4184.86	437	0	12
2026.10.01	15:51:00	4184.87	4185.61	4183.08	4183.38	459	0	12
2026.10.01	15:52:00	4183.40	4183.91	4181.76	4181.93	461	0	12
2026.10.01	15:53:00	4181.88	4181.94	4180.29	4180.98	479	0	12
2026.10.01	15:54:00	4180.97	4182.52	4180.97	4182.31	470	0	12
2026.10.01	15:55:00	4182.33	4182.74	4180.86	4181.18	463	0	12
2026.10.01	15:56:00	4181.19	4181.61	4179.69	4179.77	445	0	12
2026.10.01	15:57:00	4179.76	4180.83	4179.39	4180.83	405	0	12
2026.10.01	15:58:00	4180.83	4181.03	4179.98	4181.03	433	0	12
2026.10.01	15:59:00	4181.03	4181.03	4178.68	4178.70	410	0	12
2026.10.01	16:00:00	4178.69	4181.64	4178.04	4178.04	585	0	12
2026.10.01	16:01:00	4178.05	4179.30	4177.90	4179.08	564	0	12
2026.10.01	16:02:00	4179.03	4180.96	4178.91	4179.80	506	0	12
2026.10.01	16:03:00	4179.78	4179.78	4178.19	4178.34	455	0	12
2026.10.01	16:04:00	4178.34	4178.81	4176.23	4176.42	444	0	12
2026.10.01	16:05:00	4176.43	4177.74	4175.77	4176.77	502	0	12
2026.10.01	16:06:00	4176.77	4176.79	4175.71	4175.71	455	0	12
2026.10.01	16:07:00	4175.71	4177.00	4175.45	4176.10	470	0	12
2026.10.01	16:08:00	4176.14	4176.64	4175.22	4175.87	448	0	12
2026.10.01	16:09:00	4175.87	4176.23	4174.56	4175.61	483	0	12
2026.10.01	16:10:00	4175.60	4175.66	4174.17	4175.43	410	0	12
2026.10.01	16:11:00	4175.42	4176.32	4174.27	4174.72	483	0	12
2026.10.01	16:12:00	4174.73	4175.64	4173.78	4175.61	501	0	12
2026.10.01	16:13:00	4175.62	4175.78	4173.44	4173.80	465	0	12
2026.10.01	16:14:00	4173.80	4174.16	4173.14	4173.14	417	0	12
2026.10.01	16:15:00	4173.12	4173.18	4171.87	4172.36	466	0	12
2026.10.01	16:16:00	4172.34	4172.34	4170.39	4170.69	508	0	12
2026.10.01	16:17:00	4170.70	4171.10	4169.88	4170.99	444	0	12
2026.10.01	16:18:00	4170.99	4171.95	4170.89	4171.78	420	0	12
2026.10.01	16:19:00	4171.68	4174.42	4171.32	4174.42	428	0	12
2026.10.01	16:20:00	4174.45	4174.62	4172.13	4172.23	426	0	12
2026.10.01	16:21:00	4172.24	4173.30	4171.91	4172.96	430	0	12
2026.10.01	16:22:00	4172.96	4174.69	4172.74	4174.24	444	0	12
2026.10.01	16:23:00	4174.23	4174.52	4172.24	4172.25	486	0	12
2026.10.01	16:24:00	4172.25	4172.37	4170.94	4171.24	445	0	12
2026.10.01	16:25:00	4171.24	4172.15	4170.34	4170.37	465	0	12
2026.10.01	16:26:00	4170.36	4171.48	4170.18	4171.46	436	0	12
2026.10.01	16:27:00	4171.45	4171.45	4169.61	4170.22	392	0	12
2026.10.01	16:28:00	4170.19	4170.19	4168.56	4169.14	405	0	12
2026.10.01	16:29:00	4168.98	4169.10	4167.34	4167.34	434	0	12
2026.10.01	16:30:00	4167.30	4168.85	4167.05	4168.01	650	0	12
2026.10.01	16:31:00	4168.01	4171.25	4167.17	4167.47	662	0	12
2026.10.01	16:32:00	4167.48	4171.08	4166.00	4170.62	619	0	12
2026.10.01	16:33:00	4170.61	4172.52	4170.22	4170.84	624	0	12
2026.10.01	16:34:00	4170.81	4170.85	4167.80	4167.90	672	0	12
2026.10.01	16:35:00	4167.91	4168.52	4166.14	4166.99	676	0	12
2026.10.01	16:36:00	4167.01	4167.51	4165.98	4166.95	675	0	12
2026.10.01	16:37:00	4166.84	4167.32	4165.48	4165.77	590	0	12
2026.10.01	16:38:00	4165.76	4167.44	4164.68	4166.27	623	0	12
2026.10.01	16:39:00	4166.26	4167.15	4164.05	4164.05	578	0	12
2026.10.01	16:40:00	4164.05	4164.46	4160.20	4160.55	588	0	12
2026.10.01	16:41:00	4160.51	4162.51	4159.92	4160.18	561	0	12
2026.10.01	16:42:00	4160.15	4160.98	4159.28	4159.99	606	0	12
2026.10.01	16:43:00	4159.98	4162.00	4159.92	4160.81	611	0	12
2026.10.01	16:44:00	4160.81	4163.57	4160.70	4163.02	598	0	12
2026.10.01	16:45:00	4163.01	4165.00	4162.45	4163.09	708	0	12
2026.10.01	16:46:00	4163.08	4164.56	4162.26	4162.92	656	0	12
2026.10.01	16:47:00	4162.86	4165.83	4162.07	4163.51	685	0	12
2026.10.01	16:48:00	4163.51	4165.29	4162.19	4164.41	620	0	12
2026.10.01	16:49:00	4164.40	4164.79	4161.89	4161.92	613	0	12
2026.10.01	16:50:00	4161.94	4163.36	4161.62	4163.30	607	0	12
2026.10.01	16:51:00	4163.30	4163.71	4161.55	4163.04	615	0	12
2026.10.01	16:52:00	4163.04	4165.67	4162.49	4165.31	589	0	12
2026.10.01	16:53:00	4165.32	4165.43	4163.44	4163.96	647	0	12
2026.10.01	16:54:00	4163.96	4164.82	4163.13	4163.80	646	0	12
2026.10.01	16:55:00	4163.80	4164.76	4160.66	4161.12	588	0	12
2026.10.01	16:56:00	4161.11	4161.77	4160.74	4161.75	548	0	12
2026.10.01	16:57:00	4161.79	4164.76	4161.67	4164.35	532	0	12
2026.10.01	16:58:00	4164.37	4165.02	4163.81	4164.62	452	0	12
2026.10.01	16:59:00	4164.59	4165.63	4163.98	4165.38	485	0	12
2026.10.01	17:00:00	4165.34	4166.45	4159.03	4159.97	779	0	12
2026.10.01	17:01:00	4159.99	4159.99	4154.85	4155.98	671	0	12
2026.10.01	17:02:00	4155.99	4159.50	4155.35	4156.63	684	0	12
2026.10.01	17:03:00	4156.52	4157.15	4154.30	4154.90	693	0	12
2026.10.01	17:04:00	4154.91	4156.63	4154.30	4154.36	658	0	12
2026.10.01	17:05:00	4154.41	4154.51	4151.85	4152.70	628	0	12
2026.10.01	17:06:00	4152.75	4155.42	4152.03	4152.57	725	0	12
2026.10.01	17:07:00	4152.61	4155.83	4152.11	4155.43	695	0	12
2026.10.01	17:08:00	4155.64	4162.13	4155.64	4158.40	748	0	12
2026.10.01	17:09:00	4158.40	4161.91	4157.88	4160.79	720	0	12
2026.10.01	17:10:00	4160.82	4160.97	4158.37	4158.42	674	0	12
2026.10.01	17:11:00	4158.44	4159.18	4154.88	4154.89	648	0	12
2026.10.01	17:12:00	4154.84	4157.60	4154.16	4155.47	673	0	12
2026.10.01	17:13:00	4155.45	4155.81	4153.54	4153.55	647	0	12
2026.10.01	17:14:00	4153.56	4153.91	4151.52	4153.80	622	0	12
2026.10.01	17:15:00	4153.93	4156.27	4153.67	4155.09	687	0	12
2026.10.01	17:16:00	4155.10	4156.04	4154.29	4154.97	651	0	12
2026.10.01	17:17:00	4154.97	4158.51	4154.92	4157.71	669	0	12
2026.10.01	17:18:00	4157.69	4157.69	4154.02	4155.63	614	0	12
2026.10.01	17:19:00	4155.62	4157.49	4153.95	4156.42	664	0	12
2026.10.01	17:20:00	4156.45	4158.55	4156.39	4157.85	697	0	12
2026.10.01	17:21:00	4157.84	4159.18	4155.59	4156.74	645	0	12
2026.10.01	17:22:00	4156.75	4157.90	4156.20	4157.10	679	0	12
2026.10.01	17:23:00	4157.05	4161.17	4156.28	4159.90	694	0	12
2026.10.01	17:24:00	4159.87	4161.15	4159.87	4160.95	651	0	12
2026.10.01	17:25:00	4160.95	4161.09	4158.36	4158.72	633	0	12
2026.10.01	17:26:00	4158.76	4163.08	4158.10	4162.75	703	0	12
2026.10.01	17:27:00	4162.84	4165.37	4162.44	4163.16	648	0	12
2026.10.01	17:28:00	4163.15	4163.20	4159.18	4160.91	622	0	12
2026.10.01	17:29:00	4160.91	4162.93	4160.62	4162.43	626	0	12
2026.10.01	17:30:00	4162.43	4164.76	4161.67	4163.29	750	0	12
2026.10.01	17:31:00	4163.19	4163.74	4160.26	4161.68	700	0	12
2026.10.01	17:32:00	4161.79	4168.06	4161.49	4164.67	787	0	12
2026.10.01	17:33:00	4164.79	4168.85	4164.79	4165.79	725	0	12
2026.10.01	17:34:00	4165.79	4167.04	4163.59	4166.93	690	0	12
2026.10.01	17:35:00	4166.90	4167.10	4165.28	4166.90	657	0	12
2026.10.01	17:36:00	4166.91	4170.20	4166.85	4169.60	599	0	12
2026.10.01	17:37:00	4169.61	4171.79	4169.54	4170.64	639	0	12
2026.10.01	17:38:00	4170.64	4171.73	4167.86	4171.28	650	0	12
2026.10.01	17:39:00	4171.29	4174.96	4171.17	4173.69	645	0	12
2026.10.01	17:40:00	4173.70	4174.48	4171.39	4171.61	664	0	12
2026.10.01	17:41:00	4171.62	4171.64	4166.95	4168.03	658	0	12
2026.10.01	17:42:00	4168.05	4170.22	4167.36	4168.95	653	0	12
2026.10.01	17:43:00	4168.89	4169.55	4167.56	4168.23	707	0	12
2026.10.01	17:44:00	4168.18	4168.68	4165.69	4166.39	632	0	12
2026.10.01	17:45:00	4166.40	4168.87	4166.22	4168.72	643	0	12
2026.10.01	17:46:00	4168.83	4169.93	4164.44	4164.77	664	0	12
2026.10.01	17:47:00	4164.85	4165.95	4163.78	4165.56	656	0	12
2026.10.01	17:48:00	4165.57	4167.12	4165.16	4165.23	645	0	12
2026.10.01	17:49:00	4165.25	4170.49	4165.13	4169.22	678	0	12
2026.10.01	17:50:00	4169.20	4170.03	4166.87	4168.50	699	0	12
2026.10.01	17:51:00	4168.50	4168.88	4163.86	4164.04	684	0	12
2026.10.01	17:52:00	4163.98	4164.72	4162.00	4163.34	665	0	12
2026.10.01	17:53:00	4163.26	4166.42	4162.83	4164.13	662	0	12
2026.10.01	17:54:00	4164.14	4166.10	4163.61	4163.96	673	0	12
2026.10.01	17:55:00	4164.06	4167.46	4162.86	4165.93	693	0	12
2026.10.01	17:56:00	4165.91	4167.69	4165.35	4166.58	666	0	12
2026.10.01	17:57:00	4166.60	4167.18	4165.26	4166.07	715	0	12
2026.10.01	17:58:00	4166.01	4167.40	4160.33	4160.93	706	0	12
2026.10.01	17:59:00	4160.94	4163.35	4159.84	4163.08	659	0	12
2026.10.01	18:00:00	4162.91	4163.09	4158.14	4158.79	692	0	12
2026.10.01	18:01:00	4158.81	4159.06	4155.23	4155.43	684	0	12
2026.10.01	18:02:00	4155.44	4156.16	4153.59	4153.82	618	0	12
2026.10.01	18:03:00	4153.83	4156.12	4153.67	4155.29	642	0	12
2026.10.01	18:04:00	4155.25	4155.40	4153.88	4154.00	647	0	12
2026.10.01	18:05:00	4154.14	4155.96	4153.43	4153.88	682	0	12
2026.10.01	18:06:00	4153.89	4154.09	4152.12	4153.66	577	0	12
2026.10.01	18:07:00	4153.67	4155.58	4153.24	4153.64	607	0	12
2026.10.01	18:08:00	4153.63	4155.87	4152.21	4155.63	597	0	12
2026.10.01	18:09:00	4155.61	4156.27	4152.34	4153.27	578	0	12
2026.10.01	18:10:00	4153.29	4153.29	4151.01	4151.35	599	0	12
2026.10.01	18:11:00	4151.32	4152.36	4150.08	4151.32	653	0	12
2026.10.01	18:12:00	4151.30	4154.94	4151.09	4153.48	629	0	12
2026.10.01	18:13:00	4153.35	4155.16	4153.05	4154.35	596	0	12
2026.10.01	18:14:00	4154.26	4157.07	4154.26	4156.50	598	0	12
2026.10.01	18:15:00	4156.51	4157.54	4154.90	4156.28	651	0	12
2026.10.01	18:16:00	4156.33	4156.79	4155.03	4156.79	644	0	12
2026.10.01	18:17:00	4156.86	4161.26	4156.86	4161.26	608	0	12
2026.10.01	18:18:00	4161.27	4161.70	4158.26	4158.91	656	0	12
2026.10.01	18:19:00	4158.91	4164.05	4158.91	4163.65	640	0	12
2026.10.01	18:20:00	4163.61	4167.74	4163.61	4163.93	683	0	12
2026.10.01	18:21:00	4163.91	4165.87	4162.10	4165.24	643	0	12
2026.10.01	18:22:00	4165.24	4165.24	4160.30	4161.22	644	0	12
2026.10.01	18:23:00	4161.26	4162.41	4159.57	4160.64	602	0	12
2026.10.01	18:24:00	4160.64	4164.05	4160.64	4162.65	574	0	12
2026.10.01	18:25:00	4162.64	4164.02	4162.64	4162.94	573	0	12
2026.10.01	18:26:00	4162.94	4164.58	4161.87	4163.97	560	0	12
2026.10.01	18:27:00	4163.99	4168.27	4163.99	4167.81	538	0	12
2026.10.01	18:28:00	4167.92	4168.51	4165.91	4167.00	630	0	12
2026.10.01	18:29:00	4166.98	4167.84	4165.85	4166.45	617	0	12
2026.10.01	18:30:00	4166.46	4167.56	4165.51	4165.91	738	0	12
2026.10.01	18:31:00	4165.84	4166.20	4161.19	4161.40	699	0	12
2026.10.01	18:32:00	4161.40	4161.69	4159.62	4159.90	641	0	12
2026.10.01	18:33:00	4159.91	4161.47	4158.09	4159.97	636	0	12
2026.10.01	18:34:00	4159.95	4160.11	4155.10	4157.74	706	0	12
2026.10.01	18:35:00	4157.73	4158.30	4156.04	4156.14	680	0	12
2026.10.01	18:36:00	4156.14	4163.59	4156.14	4162.73	704	0	12
2026.10.01	18:37:00	4162.74	4166.89	4162.27	4166.15	735	0	12
2026.10.01	18:38:00	4166.16	4173.46	4166.10	4172.31	747	0	12
2026.10.01	18:39:00	4172.35	4173.66	4169.42	4170.52	696	0	12
2026.10.01	18:40:00	4170.52	4173.48	4170.52	4172.62	711	0	12
2026.10.01	18:41:00	4172.72	4173.55	4167.84	4168.34	660	0	12
2026.10.01	18:42:00	4168.29	4169.60	4167.89	4169.11	639	0	12
2026.10.01	18:43:00	4169.11	4169.70	4165.17	4165.64	629	0	12
2026.10.01	18:44:00	4165.58	4170.25	4164.57	4169.30	682	0	12
2026.10.01	18:45:00	4169.29	4171.70	4168.23	4171.55	601	0	12
2026.10.01	18:46:00	4171.56	4172.20	4169.71	4169.90	662	0	12
2026.10.01	18:47:00	4169.87	4169.92	4167.55	4167.55	587	0	12
2026.10.01	18:48:00	4167.54	4168.99	4165.65	4168.27	708	0	12
2026.10.01	18:49:00	4168.26	4169.05	4165.74	4165.74	688	0	12
2026.10.01	18:50:00	4165.75	4166.05	4161.66	4161.66	675	0	12
2026.10.01	18:51:00	4161.66	4162.57	4160.37	4161.17	664	0	12
2026.10.01	18:52:00	4161.15	4163.72	4161.11	4162.69	625	0	12
2026.10.01	18:53:00	4162.70	4162.92	4160.31	4160.76	659	0	12
2026.10.01	18:54:00	4160.82	4166.65	4160.82	4165.66	663	0	12
2026.10.01	18:55:00	4165.67	4167.00	4164.39	4166.70	663	0	12
2026.10.01	18:56:00	4166.71	4170.95	4165.57	4168.55	719	0	12
2026.10.01	18:57:00	4168.56	4172.04	4167.89	4170.30	711	0	12
2026.10.01	18:58:00	4170.30	4170.44	4167.51	4168.64	622	0	12
2026.10.01	18:59:00	4168.68	4169.97	4168.53	4169.58	549	0	12
2026.10.01	19:00:00	4169.57	4170.51	4168.76	4169.13	696	0	12
2026.10.01	19:01:00	4169.13	4171.55	4168.10	4170.76	624	0	12
2026.10.01	19:02:00	4170.76	4171.08	4169.05	4170.10	643	0	12
2026.10.01	19:03:00	4170.13	4171.88	4168.90	4171.10	584	0	12
2026.10.01	19:04:00	4171.09	4172.71	4171.07	4171.72	539	0	12
2026.10.01	19:05:00	4171.72	4172.34	4170.39	4170.66	561	0	12
2026.10.01	19:06:00	4170.66	4174.96	4170.60	4174.41	565	0	12
2026.10.01	19:07:00	4174.38	4176.60	4173.97	4175.76	608	0	12
2026.10.01	19:08:00	4175.76	4176.64	4175.06	4175.33	565	0	12
2026.10.01	19:09:00	4175.30	4175.57	4173.48	4175.03	558	0	12
2026.10.01	19:10:00	4174.99	4176.34	4173.42	4173.44	583	0	12
2026.10.01	19:11:00	4173.43	4173.68	4172.40	4172.52	568	0	12
2026.10.01	19:12:00	4172.53	4173.27	4171.16	4172.23	569	0	12
2026.10.01	19:13:00	4172.19	4172.24	4170.51	4170.62	536	0	12
2026.10.01	19:14:00	4170.64	4171.46	4169.50	4169.66	523	0	12
2026.10.01	19:15:00	4169.67	4170.76	4168.66	4170.13	551	0	12
2026.10.01	19:16:00	4170.13	4170.66	4169.07	4170.44	529	0	12
2026.10.01	19:17:00	4170.43	4171.32	4169.61	4171.00	530	0	12
2026.10.01	19:18:00	4170.99	4172.21	4170.41	4170.72	554	0	12
2026.10.01	19:19:00	4170.74	4170.83	4167.93	4168.34	546	0	12
2026.10.01	19:20:00	4168.35	4168.91	4167.70	4168.04	541	0	12
2026.10.01	19:21:00	4168.08	4169.10	4167.30	4168.32	475	0	12
2026.10.01	19:22:00	4168.29	4168.41	4167.36	4167.36	450	0	12
2026.10.01	19:23:00	4167.37	4167.61	4166.20	4167.40	512	0	12
2026.10.01	19:24:00	4167.39	4170.17	4167.04	4169.66	502	0	12
2026.10.01	19:25:00	4169.72	4169.86	4168.64	4169.42	454	0	12
2026.10.01	19:26:00	4169.43	4170.18	4167.75	4167.75	466	0	12
2026.10.01	19:27:00	4167.75	4168.60	4167.06	4167.13	519	0	12
2026.10.01	19:28:00	4167.14	4167.37	4164.38	4165.50	531	0	12
2026.10.01	19:29:00	4165.51	4167.72	4165.42	4167.31	545	0	12
2026.10.01	19:30:00	4167.31	4170.69	4167.31	4169.40	583	0	12
2026.10.01	19:31:00	4169.37	4170.16	4168.55	4168.77	526	0	12
2026.10.01	19:32:00	4168.77	4168.97	4167.01	4168.50	525	0	12
2026.10.01	19:33:00	4168.48	4170.43	4168.28	4169.69	513	0	12
2026.10.01	19:34:00	4169.69	4170.43	4168.62	4169.98	450	0	12
2026.10.01	19:35:00	4169.98	4170.23	4169.14	4169.41	473	0	12
2026.10.01	19:36:00	4169.35	4169.40	4166.34	4166.65	563	0	12
2026.10.01	19:37:00	4166.65	4167.67	4165.92	4166.28	520	0	12
2026.10.01	19:38:00	4166.29	4166.37	4164.16	4165.37	545	0	12
2026.10.01	19:39:00	4165.38	4165.98	4165.11	4165.59	456	0	12
2026.10.01	19:40:00	4165.61	4166.34	4164.02	4164.42	517	0	12
2026.10.01	19:41:00	4164.41	4164.42	4163.03	4163.32	514	0	12
2026.10.01	19:42:00	4163.34	4166.01	4162.68	4165.20	488	0	12
2026.10.01	19:43:00	4165.20	4166.27	4165.02	4165.46	408	0	12
2026.10.01	19:44:00	4165.46	4165.97	4164.17	4165.73	455	0	12
2026.10.01	19:45:00	4165.73	4166.00	4164.74	4165.42	450	0	12
2026.10.01	19:46:00	4165.42	4165.64	4164.51	4165.64	492	0	12
2026.10.01	19:47:00	4165.64	4166.49	4165.32	4166.49	414	0	12
2026.10.01	19:48:00	4166.49	4167.45	4165.99	4166.40	436	0	12
2026.10.01	19:49:00	4166.39	4166.41	4163.90	4164.55	477	0	12
2026.10.01	19:50:00	4164.56	4165.05	4162.15	4162.75	509	0	12
2026.10.01	19:51:00	4162.75	4162.93	4161.39	4161.53	527	0	12
2026.10.01	19:52:00	4161.53	4161.95	4160.48	4161.67	521	0	12
2026.10.01	19:53:00	4161.67	4162.85	4161.55	4161.95	488	0	12
2026.10.01	19:54:00	4161.93	4162.74	4161.43	4162.65	445	0	12
2026.10.01	19:55:00	4162.66	4162.78	4161.40	4161.78	473	0	12
2026.10.01	19:56:00	4161.81	4161.89	4159.79	4160.42	512	0	12
2026.10.01	19:57:00	4160.40	4161.26	4159.79	4161.24	455	0	12
2026.10.01	19:58:00	4161.26	4162.87	4160.46	4162.36	446	0	12
2026.10.01	19:59:00	4162.37	4162.93	4162.00	4162.52	460	0	12
2026.10.01	20:00:00	4162.53	4163.51	4162.16	4163.07	459	0	12
2026.10.01	20:01:00	4163.08	4163.95	4161.60	4163.94	524	0	12
2026.10.01	20:02:00	4163.93	4166.10	4163.93	4165.58	546	0	12
2026.10.01	20:03:00	4165.58	4165.87	4164.38	4165.79	493	0	12
2026.10.01	20:04:00	4165.79	4168.43	4165.17	4168.31	543	0	12
2026.10.01	20:05:00	4168.31	4170.79	4168.21	4169.42	538	0	12
2026.10.01	20:06:00	4169.43	4172.21	4169.21	4171.40	495	0	12
2026.10.01	20:07:00	4171.46	4172.11	4169.27	4169.79	467	0	12
2026.10.01	20:08:00	4169.79	4172.71	4169.78	4172.20	449	0	12
2026.10.01	20:09:00	4172.20	4172.50	4171.47	4171.83	509	0	12
2026.10.01	20:10:00	4171.88	4172.28	4171.14	4171.14	447	0	12
2026.10.01	20:11:00	4171.14	4172.72	4170.84	4172.30	415	0	12
2026.10.01	20:12:00	4172.29	4173.38	4172.29	4172.53	380	0	12
2026.10.01	20:13:00	4172.53	4172.61	4170.85	4171.54	366	0	12
2026.10.01	20:14:00	4171.56	4172.00	4170.77	4171.40	451	0	12
2026.10.01	20:15:00	4171.44	4173.22	4171.38	4172.95	439	0	12
2026.10.01	20:16:00	4172.96	4174.04	4172.83	4173.53	374	0	12
2026.10.01	20:17:00	4173.53	4173.55	4171.46	4171.64	390	0	12
2026.10.01	20:18:00	4171.64	4171.66	4170.00	4171.41	462	0	12
2026.10.01	20:19:00	4171.40	4172.35	4171.19	4171.89	502	0	12
2026.10.01	20:20:00	4171.88	4176.01	4171.71	4174.78	546	0	12
2026.10.01	20:21:00	4174.78	4176.47	4174.78	4176.39	494	0	12
2026.10.01	20:22:00	4176.38	4176.80	4175.70	4176.03	497	0	12
2026.10.01	20:23:00	4176.03	4176.98	4175.04	4175.97	575	0	12
2026.10.01	20:24:00	4176.05	4177.05	4174.94	4176.43	581	0	12
2026.10.01	20:25:00	4176.42	4177.00	4175.33	4176.32	555	0	12
2026.10.01	20:26:00	4176.33	4176.87	4175.92	4176.57	452	0	12
2026.10.01	20:27:00	4176.56	4176.71	4174.58	4175.01	452	0	12
2026.10.01	20:28:00	4174.99	4175.00	4172.15	4172.43	523	0	12
2026.10.01	20:29:00	4172.49	4172.76	4170.62	4172.62	613	0	12
2026.10.01	20:30:00	4172.59	4186.35	4172.58	4180.55	900	0	12
2026.10.01	20:31:00	4180.57	4180.70	4173.93	4177.75	805	0	12
2026.10.01	20:32:00	4177.65	4178.75	4174.27	4174.62	740	0	12
2026.10.01	20:33:00	4174.71	4175.73	4173.87	4175.16	602	0	12
2026.10.01	20:34:00	4175.16	4177.02	4174.47	4175.40	603	0	12
2026.10.01	20:35:00	4175.40	4175.56	4173.61	4174.01	586	0	12
2026.10.01	20:36:00	4174.00	4178.14	4173.39	4177.75	602	0	12
2026.10.01	20:37:00	4177.71	4179.28	4177.01	4177.62	547	0	12
2026.10.01	20:38:00	4177.63	4178.93	4177.52	4177.89	516	0	12
2026.10.01	20:39:00	4177.81	4178.06	4177.21	4177.34	462	0	12
2026.10.01	20:40:00	4177.32	4177.73	4175.61	4176.31	518	0	12
2026.10.01	20:41:00	4176.31	4176.33	4174.83	4175.43	519	0	12
2026.10.01	20:42:00	4175.44	4176.65	4174.59	4176.59	521	0	12
2026.10.01	20:43:00	4176.59	4176.95	4175.54	4175.88	492	0	12
2026.10.01	20:44:00	4175.90	4178.39	4175.71	4176.82	444	0	12
2026.10.01	20:45:00	4176.78	4178.08	4176.64	4177.99	475	0	12
2026.10.01	20:46:00	4177.99	4178.99	4177.03	4178.81	502	0	12
2026.10.01	20:47:00	4178.79	4179.96	4178.18	4178.34	491	0	12
2026.10.01	20:48:00	4178.35	4178.92	4176.46	4178.24	531	0	12
2026.10.01	20:49:00	4178.23	4179.34	4177.27	4177.41	486	0	12
2026.10.01	20:50:00	4177.44	4177.63	4175.61	4175.73	499	0	12
2026.10.01	20:51:00	4175.72	4176.93	4175.18	4175.60	476	0	12
2026.10.01	20:52:00	4175.60	4177.52	4175.33	4177.52	448	0	12
2026.10.01	20:53:00	4177.52	4177.63	4176.20	4176.84	423	0	12
2026.10.01	20:54:00	4176.84	4177.23	4169.37	4169.38	787	0	12
2026.10.01	20:55:00	4169.35	4172.59	4167.97	4172.06	816	0	12
2026.10.01	20:56:00	4172.09	4174.21	4170.41	4171.18	683	0	12
2026.10.01	20:57:00	4171.19	4171.37	4166.84	4168.43	690	0	12
2026.10.01	20:58:00	4168.44	4169.00	4167.77	4168.21	585	0	12
2026.10.01	20:59:00	4168.19	4171.13	4167.39	4170.40	662	0	12
2026.10.01	21:00:00	4170.34	4170.93	4167.24	4168.58	680	0	12
2026.10.01	21:01:00	4168.52	4172.47	4167.47	4172.47	674	0	12
2026.10.01	21:02:00	4172.48	4173.11	4170.37	4171.39	639	0	12
2026.10.01	21:03:00	4171.38	4171.50	4168.82	4168.85	633	0	12
2026.10.01	21:04:00	4168.88	4169.61	4165.50	4166.20	632	0	12
2026.10.01	21:05:00	4166.21	4166.69	4163.34	4163.58	583	0	12
2026.10.01	21:06:00	4163.58	4166.02	4163.35	4165.75	582	0	12
2026.10.01	21:07:00	4165.71	4166.83	4163.88	4165.07	527	0	12
2026.10.01	21:08:00	4165.07	4166.38	4164.86	4165.75	506	0	12
2026.10.01	21:09:00	4165.76	4168.50	4165.33	4168.13	547	0	12
2026.10.01	21:10:00	4168.13	4169.36	4167.62	4168.93	533	0	12
2026.10.01	21:11:00	4168.94	4169.91	4167.82	4169.86	529	0	12
2026.10.01	21:12:00	4169.88	4171.57	4169.88	4171.14	576	0	12
2026.10.01	21:13:00	4171.15	4174.37	4170.98	4171.91	596	0	12
2026.10.01	21:14:00	4171.85	4171.92	4170.07	4170.89	523	0	12
2026.10.01	21:15:00	4170.97	4171.83	4170.17	4170.23	562	0	12
2026.10.01	21:16:00	4170.24	4172.36	4170.24	4171.48	511	0	12
2026.10.01	21:17:00	4171.42	4172.71	4171.41	4172.06	528	0	12
2026.10.01	21:18:00	4172.06	4174.44	4172.06	4173.28	501	0	12
2026.10.01	21:19:00	4173.27	4173.52	4171.68	4171.94	469	0	12
2026.10.01	21:20:00	4171.93	4171.97	4170.55	4171.51	464	0	12
2026.10.01	21:21:00	4171.50	4172.57	4171.44	4171.98	454	0	12
2026.10.01	21:22:00	4172.00	4173.87	4171.86	4173.85	513	0	12
2026.10.01	21:23:00	4173.85	4179.46	4173.16	4179.11	694	0	12
2026.10.01	21:24:00	4179.11	4180.38	4177.33	4177.33	602	0	12
2026.10.01	21:25:00	4177.24	4177.24	4174.49	4176.23	513	0	12
2026.10.01	21:26:00	4176.21	4176.26	4173.05	4173.44	497	0	12
2026.10.01	21:27:00	4173.38	4173.59	4172.18	4173.04	449	0	12
2026.10.01	21:28:00	4173.00	4174.20	4172.18	4172.47	534	0	12
2026.10.01	21:29:00	4172.45	4174.68	4172.37	4173.56	472	0	12
2026.10.01	21:30:00	4173.60	4174.42	4171.74	4172.48	491	0	12
2026.10.01	21:31:00	4172.48	4172.77	4171.66	4171.95	422	0	12
2026.10.01	21:32:00	4171.97	4174.43	4171.97	4173.80	423	0	12
2026.10.01	21:33:00	4173.80	4176.15	4173.58	4176.02	413	0	12
2026.10.01	21:34:00	4176.03	4182.01	4175.76	4180.67	502	0	12
2026.10.01	21:35:00	4180.68	4182.26	4179.88	4181.55	638	0	12
2026.10.01	21:36:00	4181.53	4181.62	4178.47	4178.55	527	0	12
2026.10.01	21:37:00	4178.59	4179.23	4177.22	4178.44	459	0	12
2026.10.01	21:38:00	4178.43	4178.80	4177.02	4177.57	463	0	12
2026.10.01	21:39:00	4177.56	4177.77	4176.76	4177.19	414	0	12
2026.10.01	21:40:00	4177.20	4177.53	4176.72	4177.34	375	0	12
2026.10.01	21:41:00	4177.36	4179.15	4177.10	4178.62	401	0	12
2026.10.01	21:42:00	4178.62	4178.99	4178.06	4178.16	423	0	12
2026.10.01	21:43:00	4178.16	4178.47	4177.45	4177.90	366	0	12
2026.10.01	21:44:00	4177.91	4178.73	4177.81	4178.59	369	0	12
2026.10.01	21:45:00	4178.58	4179.05	4177.91	4178.26	395	0	12
2026.10.01	21:46:00	4178.27	4178.34	4177.69	4178.21	318	0	12
2026.10.01	21:47:00	4178.21	4178.35	4177.54	4178.16	363	0	12
2026.10.01	21:48:00	4178.15	4178.35	4177.54	4177.54	383	0	12
2026.10.01	21:49:00	4177.55	4177.85	4177.08	4177.38	390	0	12
2026.10.01	21:50:00	4177.39	4177.79	4176.07	4177.10	453	0	12
2026.10.01	21:51:00	4177.11	4177.16	4175.69	4176.13	442	0	12
2026.10.01	21:52:00	4176.13	4177.12	4176.09	4176.39	453	0	12
2026.10.01	21:53:00	4176.39	4177.26	4176.26	4176.87	433	0	12
2026.10.01	21:54:00	4176.90	4177.13	4176.25	4176.26	435	0	12
2026.10.01	21:55:00	4176.25	4176.55	4175.17	4176.41	548	0	12
2026.10.01	21:56:00	4176.43	4177.12	4176.25	4176.84	369	0	12
2026.10.01	21:57:00	4176.85	4177.15	4176.19	4176.66	445	0	12
2026.10.01	21:58:00	4176.66	4177.27	4176.37	4176.54	434	0	12
2026.10.01	21:59:00	4176.53	4177.52	4176.12	4177.06	623	0	12
2026.10.01	22:00:00	4177.08	4177.59	4176.13	4176.75	596	0	12
2026.10.01	22:01:00	4176.75	4177.37	4175.98	4176.31	472	0	12
2026.10.01	22:02:00	4176.30	4176.59	4175.58	4175.62	393	0	12
2026.10.01	22:03:00	4175.63	4176.18	4174.41	4175.48	460	0	12
2026.10.01	22:04:00	4175.47	4176.05	4175.02	4175.78	438	0	12
2026.10.01	22:05:00	4175.77	4176.09	4175.40	4175.88	457	0	12
2026.10.01	22:06:00	4175.87	4176.06	4173.99	4174.01	522	0	12
2026.10.01	22:07:00	4174.01	4174.51	4173.40	4173.99	445	0	12
2026.10.01	22:08:00	4173.98	4175.94	4173.93	4175.70	451	0	12
2026.10.01	22:09:00	4175.69	4176.00	4175.20	4175.52	469	0	12
2026.10.01	22:10:00	4175.51	4177.03	4175.46	4176.19	502	0	12
2026.10.01	22:11:00	4176.18	4176.39	4175.62	4175.75	493	0	12
2026.10.01	22:12:00	4175.72	4176.21	4174.95	4175.87	448	0	12
2026.10.01	22:13:00	4175.86	4177.06	4175.83	4176.90	430	0	12
2026.10.01	22:14:00	4176.91	4177.11	4176.53	4176.61	427	0	12
2026.10.01	22:15:00	4176.60	4178.34	4176.53	4178.32	448	0	12
2026.10.01	22:16:00	4178.31	4178.67	4177.40	4177.71	407	0	12
2026.10.01	22:17:00	4177.72	4177.80	4175.82	4175.99	463	0	12
2026.10.01	22:18:00	4175.98	4177.03	4175.84	4176.88	462	0	12
2026.10.01	22:19:00	4176.88	4178.47	4176.85	4178.32	416	0	12
2026.10.01	22:20:00	4178.32	4178.98	4177.85	4178.61	393	0	12
2026.10.01	22:21:00	4178.61	4180.03	4178.55	4179.62	438	0	12
2026.10.01	22:22:00	4179.62	4179.97	4178.67	4178.90	429	0	12
2026.10.01	22:23:00	4178.89	4179.18	4178.01	4178.17	334	0	12
2026.10.01	22:24:00	4178.17	4179.14	4177.64	4177.75	369	0	12
2026.10.01	22:25:00	4177.73	4177.75	4176.78	4177.00	355	0	12
2026.10.01	22:26:00	4176.99	4177.44	4176.66	4176.66	359	0	12
2026.10.01	22:27:00	4176.68	4176.74	4175.46	4175.95	356	0	12
2026.10.01	22:28:00	4175.96	4176.86	4175.93	4176.60	325	0	12
2026.10.01	22:29:00	4176.61	4177.07	4175.94	4176.77	335	0	12
2026.10.01	22:30:00	4176.78	4177.59	4176.24	4176.38	466	0	12
2026.10.01	22:31:00	4176.38	4179.20	4176.38	4178.50	515	0	12
2026.10.01	22:32:00	4178.53	4178.80	4177.57	4177.96	444	0	12
2026.10.01	22:33:00	4177.95	4177.96	4176.50	4176.62	351	0	12
2026.10.01	22:34:00	4176.56	4178.39	4176.25	4176.95	457	0	12
2026.10.01	22:35:00	4176.94	4177.34	4176.73	4176.98	424	0	12
2026.10.01	22:36:00	4176.97	4177.08	4176.03	4176.08	390	0	12
2026.10.01	22:37:00	4176.08	4176.39	4175.47	4176.12	327	0	12
2026.10.01	22:38:00	4176.12	4176.14	4174.88	4175.48	367	0	12
2026.10.01	22:39:00	4175.49	4175.92	4175.00	4175.19	293	0	12
2026.10.01	22:40:00	4175.19	4175.97	4173.99	4175.97	411	0	12
2026.10.01	22:41:00	4175.98	4176.59	4175.60	4176.52	393	0	12
2026.10.01	22:42:00	4176.52	4176.55	4175.34	4175.40	385	0	12
2026.10.01	22:43:00	4175.40	4176.36	4174.95	4176.05	339	0	12
2026.10.01	22:44:00	4176.06	4177.40	4175.63	4176.51	378	0	12
2026.10.01	22:45:00	4176.51	4176.65	4175.90	4176.50	385	0	12
2026.10.01	22:46:00	4176.50	4176.64	4175.60	4175.60	423	0	12
2026.10.01	22:47:00	4175.60	4176.12	4175.40	4175.62	348	0	12
2026.10.01	22:48:00	4175.64	4175.64	4174.40	4174.85	380	0	12
2026.10.01	22:49:00	4174.83	4174.99	4174.19	4174.76	450	0	12
2026.10.01	22:50:00	4174.76	4178.81	4174.75	4178.15	589	0	12
2026.10.01	22:51:00	4178.15	4179.88	4176.41	4176.80	538	0	12
2026.10.01	22:52:00	4176.80	4177.75	4175.32	4177.28	497	0	12
2026.10.01	22:53:00	4177.14	4177.69	4175.91	4176.07	434	0	12
2026.10.01	22:54:00	4176.08	4176.96	4175.74	4176.66	412	0	12
2026.10.01	22:55:00	4176.67	4176.68	4175.53	4176.23	498	0	12
2026.10.01	22:56:00	4176.23	4176.79	4176.00	4176.10	485	0	12
2026.10.01	22:57:00	4176.11	4176.89	4175.88	4176.52	452	0	12
2026.10.01	22:58:00	4176.52	4176.52	4175.22	4175.88	420	0	12
2026.10.01	22:59:00	4175.87	4176.89	4175.64	4176.85	504	0	12
2026.10.01	23:00:00	4176.76	4178.29	4176.34	4178.11	450	0	12
2026.10.01	23:01:00	4178.12	4179.02	4178.09	4178.51	411	0	12
2026.10.01	23:02:00	4178.51	4180.27	4178.46	4179.33	380	0	12
2026.10.01	23:03:00	4179.33	4179.34	4178.14	4178.17	231	0	12
2026.10.01	23:04:00	4178.17	4178.89	4176.51	4177.19	356	0	12
2026.10.01	23:05:00	4177.19	4177.79	4176.76	4176.76	278	0	12
2026.10.01	23:06:00	4176.76	4177.04	4176.32	4176.39	248	0	12
2026.10.01	23:07:00	4176.40	4176.61	4176.07	4176.27	206	0	12
2026.10.01	23:08:00	4176.27	4177.50	4176.27	4176.87	236	0	12
2026.10.01	23:09:00	4176.88	4177.35	4176.79	4177.09	245	0	12
2026.10.01	23:10:00	4177.09	4177.33	4176.64	4177.25	236	0	12
2026.10.01	23:11:00	4177.22	4177.52	4177.02	4177.42	207	0	12
2026.10.01	23:12:00	4177.42	4177.72	4176.90	4177.20	226	0	12
2026.10.01	23:13:00	4177.20	4178.10	4177.20	4177.88	192	0	12
2026.10.01	23:14:00	4177.89	4178.14	4177.58	4177.80	218	0	12
2026.10.01	23:15:00	4177.80	4178.54	4177.20	4177.29	227	0	12
2026.10.01	23:16:00	4177.27	4179.32	4177.25	4178.99	265	0	12
2026.10.01	23:17:00	4178.99	4179.47	4178.99	4179.35	161	0	12
2026.10.01	23:18:00	4179.35	4179.44	4178.88	4178.89	172	0	12
2026.10.01	23:19:00	4178.90	4178.90	4178.02	4178.46	181	0	12
2026.10.01	23:20:00	4178.46	4178.81	4178.37	4178.56	186	0	12
2026.10.01	23:21:00	4178.60	4178.75	4177.84	4178.12	181	0	12
2026.10.01	23:22:00	4178.14	4178.46	4177.69	4178.29	207	0	12
2026.10.01	23:23:00	4178.27	4178.49	4178.09	4178.18	166	0	12
2026.10.01	23:24:00	4178.17	4178.37	4177.86	4177.94	129	0	12
2026.10.01	23:25:00	4177.94	4178.11	4176.38	4176.41	176	0	12
2026.10.01	23:26:00	4176.41	4176.60	4175.20	4175.30	206	0	12
2026.10.01	23:27:00	4175.31	4175.68	4174.98	4175.30	172	0	12
2026.10.01	23:28:00	4175.31	4175.92	4175.30	4175.52	147	0	12
2026.10.01	23:29:00	4175.52	4175.75	4175.41	4175.65	173	0	12
2026.10.01	23:30:00	4175.64	4176.08	4175.33	4175.73	179	0	17
2026.10.01	23:31:00	4175.73	4175.78	4175.34	4175.34	73	0	17
2026.10.01	23:32:00	4175.35	4175.70	4175.12	4175.61	171	0	17
2026.10.01	23:33:00	4175.63	4176.16	4175.55	4175.73	159	0	17
2026.10.01	23:34:00	4175.70	4175.70	4174.44	4174.66	190	0	17
2026.10.01	23:35:00	4174.65	4174.81	4174.31	4174.41	189	0	17
2026.10.01	23:36:00	4174.40	4174.55	4173.86	4174.38	158	0	17
2026.10.01	23:37:00	4174.39	4174.42	4173.76	4174.16	175	0	17
2026.10.01	23:38:00	4174.16	4174.53	4173.58	4174.52	236	0	17
2026.10.01	23:39:00	4174.53	4174.61	4174.08	4174.17	179	0	17
2026.10.01	23:40:00	4174.17	4174.47	4173.71	4174.37	195	0	17
2026.10.01	23:41:00	4174.37	4174.60	4174.35	4174.51	122	0	17
2026.10.01	23:42:00	4174.52	4174.74	4173.89	4173.92	153	0	17
2026.10.01	23:43:00	4173.93	4173.95	4173.29	4173.79	158	0	17
2026.10.01	23:44:00	4173.79	4174.24	4173.79	4174.11	161	0	17
2026.10.01	23:45:00	4174.11	4175.05	4174.00	4174.88	180	0	17
2026.10.01	23:46:00	4174.88	4175.46	4174.51	4175.33	142	0	17
2026.10.01	23:47:00	4175.33	4175.98	4175.17	4175.88	141	0	17
2026.10.01	23:48:00	4175.88	4177.16	4175.88	4176.70	210	0	17
2026.10.01	23:49:00	4176.70	4177.13	4176.59	4176.80	161	0	17
2026.10.01	23:50:00	4176.80	4178.41	4176.60	4178.24	217	0	17
2026.10.01	23:51:00	4178.19	4178.90	4176.27	4176.35	231	0	17
2026.10.01	23:52:00	4176.35	4177.14	4176.34	4176.88	108	0	17
2026.10.01	23:53:00	4176.88	4177.15	4176.78	4177.09	97	0	17
2026.10.01	23:54:00	4177.10	4177.29	4176.68	4177.18	163	0	17
2026.10.01	23:55:00	4177.18	4177.71	4176.77	4177.10	222	0	17
2026.10.01	23:56:00	4177.09	4177.19	4176.27	4176.55	167	0	17
2026.10.01	23:57:00	4176.59	4177.40	4176.52	4176.92	271	0	17
2026.10.02	01:00:00	4174.75	4177.58	4174.67	4176.13	312	0	17
2026.10.02	01:01:00	4176.13	4176.79	4175.39	4176.60	306	0	17
2026.10.02	01:02:00	4176.69	4177.79	4176.32	4177.29	218	0	17
2026.10.02	01:03:00	4177.28	4177.51	4175.46	4175.83	211	0	17
2026.10.02	01:04:00	4175.81	4175.94	4174.11	4175.35	264	0	17
2026.10.02	01:05:00	4175.36	4176.70	4175.20	4176.24	258	0	17
2026.10.02	01:06:00	4176.26	4176.26	4175.16	4175.23	126	0	17
2026.10.02	01:07:00	4175.23	4176.12	4175.19	4176.06	264	0	17
2026.10.02	01:08:00	4176.05	4176.13	4175.22	4175.23	164	0	17
2026.10.02	01:09:00	4175.23	4175.32	4174.41	4174.77	224	0	17
2026.10.02	01:10:00	4174.77	4175.00	4174.08	4174.69	200	0	17
2026.10.02	01:11:00	4174.69	4175.15	4173.98	4174.62	241	0	17
2026.10.02	01:12:00	4174.62	4174.76	4173.06	4173.06	249	0	17
2026.10.02	01:13:00	4173.02	4173.42	4172.45	4173.40	313	0	17
2026.10.02	01:14:00	4173.40	4173.66	4173.12	4173.49	254	0	17
2026.10.02	01:15:00	4173.51	4173.62	4172.63	4172.91	262	0	17
2026.10.02	01:16:00	4172.90	4173.15	4171.85	4172.06	233	0	17
2026.10.02	01:17:00	4172.04	4172.95	4172.04	4172.82	203	0	17
2026.10.02	01:18:00	4172.81	4172.95	4172.10	4172.47	144	0	17
2026.10.02	01:19:00	4172.51	4172.81	4172.13	4172.14	181	0	17
2026.10.02	01:20:00	4172.14	4172.79	4171.99	4172.58	218	0	17
2026.10.02	01:21:00	4172.58	4172.81	4172.39	4172.58	142	0	17
2026.10.02	01:22:00	4172.58	4172.84	4172.45	4172.49	129	0	17
2026.10.02	01:23:00	4172.49	4172.50	4171.88	4172.19	142	0	17
2026.10.02	01:24:00	4172.18	4172.44	4171.99	4172.38	126	0	17
2026.10.02	01:25:00	4172.38	4172.74	4172.27	4172.66	132	0	17
2026.10.02	01:26:00	4172.65	4173.29	4172.36	4172.40	151	0	17
2026.10.02	01:27:00	4172.39	4172.46	4172.01	4172.17	125	0	17
2026.10.02	01:28:00	4172.16	4172.33	4171.87	4171.89	167	0	17
2026.10.02	01:29:00	4171.89	4172.28	4171.89	4172.24	133	0	17
2026.10.02	01:30:00	4172.27	4173.04	4171.79	4172.69	248	0	12
2026.10.02	01:31:00	4172.70	4173.90	4172.32	4173.85	233	0	12
2026.10.02	01:32:00	4173.85	4175.51	4173.83	4175.50	255	0	12
2026.10.02	01:33:00	4175.50	4175.51	4174.30	4175.11	222	0	12
2026.10.02	01:34:00	4175.08	4175.57	4175.02	4175.45	132	0	12
2026.10.02	01:35:00	4175.46	4175.80	4175.12	4175.18	163	0	12
2026.10.02	01:36:00	4175.19	4175.84	4175.02	4175.74	131	0	12
2026.10.02	01:37:00	4175.71	4176.16	4175.66	4175.89	166	0	12
2026.10.02	01:38:00	4175.89	4175.91	4175.60	4175.68	150	0	12
2026.10.02	01:39:00	4175.68	4176.19	4175.57	4175.58	122	0	12
2026.10.02	01:40:00	4175.54	4176.07	4175.52	4175.92	116	0	12
2026.10.02	01:41:00	4175.92	4176.29	4175.33	4176.29	143	0	12
2026.10.02	01:42:00	4176.28	4176.36	4175.99	4175.99	120	0	12
2026.10.02	01:43:00	4175.97	4176.29	4175.77	4176.29	131	0	12
2026.10.02	01:44:00	4176.29	4176.31	4175.94	4176.06	99	0	12
2026.10.02	01:45:00	4176.06	4176.60	4176.06	4176.59	126	0	12
2026.10.02	01:46:00	4176.59	4176.60	4176.22	4176.44	133	0	12
2026.10.02	01:47:00	4176.45	4176.61	4176.01	4176.19	110	0	12
2026.10.02	01:48:00	4176.19	4176.44	4176.14	4176.25	123	0	12
2026.10.02	01:49:00	4176.24	4176.26	4175.64	4175.66	124	0	12
2026.10.02	01:50:00	4175.66	4176.20	4175.45	4175.70	174	0	12
2026.10.02	01:51:00	4175.71	4176.09	4175.71	4176.04	107	0	12
2026.10.02	01:52:00	4176.04	4176.33	4175.86	4176.14	152	0	12
2026.10.02	01:53:00	4176.15	4176.43	4176.09	4176.43	121	0	12
2026.10.02	01:54:00	4176.43	4176.70	4176.34	4176.70	93	0	12
2026.10.02	01:55:00	4176.70	4176.70	4176.35	4176.55	111	0	12
2026.10.02	01:56:00	4176.57	4178.36	4176.52	4178.01	163	0	12
2026.10.02	01:57:00	4178.01	4178.45	4177.82	4178.20	136	0	12
2026.10.02	01:58:00	4178.21	4179.07	4178.12	4178.94	203	0	12
2026.10.02	01:59:00	4178.93	4178.96	4178.53	4178.81	198	0	12
2026.10.02	02:00:00	4178.82	4179.11	4178.25	4178.28	277	0	12
2026.10.02	02:01:00	4178.30	4178.73	4178.23	4178.32	167	0	12
2026.10.02	02:02:00	4178.31	4178.48	4178.26	4178.33	127	0	12
2026.10.02	02:03:00	4178.33	4179.04	4178.30	4178.98	192	0	12
2026.10.02	02:04:00	4178.98	4179.34	4178.78	4179.08	153	0	12
2026.10.02	02:05:00	4179.08	4179.08	4177.70	4177.91	191	0	12
2026.10.02	02:06:00	4177.91	4178.59	4177.72	4178.58	196	0	12
2026.10.02	02:07:00	4178.57	4178.84	4178.29	4178.29	164	0	12
2026.10.02	02:08:00	4178.27	4178.30	4177.78	4178.01	160	0	12
2026.10.02	02:09:00	4178.01	4178.57	4177.82	4178.56	120	0	12
2026.10.02	02:10:00	4178.56	4179.41	4178.55	4179.39	204	0	12
2026.10.02	02:11:00	4179.39	4180.63	4179.27	4180.10	218	0	12
2026.10.02	02:12:00	4180.11	4180.54	4179.49	4179.73	186	0	12
2026.10.02	02:13:00	4179.73	4179.73	4179.02	4179.18	108	0	12
2026.10.02	02:14:00	4179.19	4180.73	4179.19	4180.03	168	0	12
2026.10.02	02:15:00	4180.04	4180.38	4180.04	4180.20	132	0	12
2026.10.02	02:16:00	4180.21	4180.78	4179.89	4180.46	195	0	12
2026.10.02	02:17:00	4180.42	4180.48	4179.58	4179.61	152	0	12
2026.10.02	02:18:00	4179.62	4180.85	4179.56	4180.82	191	0	12
2026.10.02	02:19:00	4180.82	4182.34	4180.65	4182.19	173	0	12
2026.10.02	02:20:00	4182.19	4183.00	4181.88	4183.00	198	0	12
2026.10.02	02:21:00	4183.00	4183.01	4181.98	4182.00	201	0	12
2026.10.02	02:22:00	4182.00	4182.00	4181.48	4181.63	190	0	12
2026.10.02	02:23:00	4181.62	4181.67	4180.56	4180.56	143	0	12
2026.10.02	02:24:00	4180.56	4180.87	4180.12	4180.38	147	0	12
2026.10.02	02:25:00	4180.38	4180.95	4180.24	4180.77	136	0	12
2026.10.02	02:26:00	4180.75	4180.91	4179.63	4179.76	168	0	12
2026.10.02	02:27:00	4179.75	4180.58	4179.56	4180.11	202	0	12
2026.10.02	02:28:00	4180.10	4181.04	4180.09	4181.04	167	0	12
2026.10.02	02:29:00	4181.05	4181.24	4180.87	4181.08	135	0	12
2026.10.02	02:30:00	4181.08	4182.06	4181.04	4181.81	261	0	12
2026.10.02	02:31:00	4181.82	4181.83	4180.53	4180.66	228	0	12
2026.10.02	02:32:00	4180.66	4180.99	4180.62	4180.88	144	0	12
2026.10.02	02:33:00	4180.88	4182.00	4180.88	4181.99	222	0	12
2026.10.02	02:34:00	4181.98	4182.45	4181.84	4182.21	177	0	12
2026.10.02	02:35:00	4182.19	4182.89	4182.15	4182.49	190	0	12
2026.10.02	02:36:00	4182.46	4182.48	4181.89	4181.89	208	0	12
2026.10.02	02:37:00	4181.90	4181.90	4180.67	4180.84	194	0	12
2026.10.02	02:38:00	4180.86	4180.94	4180.23	4180.45	203	0	12
2026.10.02	02:39:00	4180.39	4180.55	4178.97	4178.99	221	0	12
2026.10.02	02:40:00	4178.98	4178.99	4178.40	4178.42	182	0	12
2026.10.02	02:41:00	4178.42	4178.42	4177.79	4177.96	201	0	12
2026.10.02	02:42:00	4177.97	4178.01	4177.19	4177.40	254	0	12
2026.10.02	02:43:00	4177.38	4178.26	4177.22	4178.14	219	0	12
2026.10.02	02:44:00	4178.14	4179.37	4177.92	4179.26	223	0	12
2026.10.02	02:45:00	4179.28	4179.41	4178.23	4178.31	254	0	12
2026.10.02	02:46:00	4178.31	4179.55	4177.98	4179.51	277	0	12
2026.10.02	02:47:00	4179.50	4179.84	4179.19	4179.19	214	0	12
2026.10.02	02:48:00	4179.19	4179.97	4179.19	4179.90	176	0	12
2026.10.02	02:49:00	4179.92	4182.13	4179.54	4182.09	326	0	12
2026.10.02	02:50:00	4182.12	4183.09	4181.85	4182.52	426	0	12
2026.10.02	02:51:00	4182.52	4183.08	4182.50	4182.99	322	0	12
2026.10.02	02:52:00	4182.99	4183.76	4182.61	4182.68	288	0	12
2026.10.02	02:53:00	4182.68	4183.62	4182.67	4183.34	235	0	12
2026.10.02	02:54:00	4183.34	4183.35	4182.20	4182.20	253	0	12
2026.10.02	02:55:00	4182.21	4183.28	4182.20	4182.70	308	0	12
2026.10.02	02:56:00	4182.71	4183.32	4182.68	4183.17	242	0	12
2026.10.02	02:57:00	4183.18	4183.32	4182.64	4182.64	305	0	12
2026.10.02	02:58:00	4182.63	4182.70	4182.20	4182.25	233	0	12
2026.10.02	02:59:00	4182.25	4182.70	4181.80	4182.01	304	0	12
2026.10.02	03:00:00	4182.01	4182.30	4181.09	4182.25	518	0	12
2026.10.02	03:01:00	4182.27	4182.55	4180.40	4180.50	439	0	12
2026.10.02	03:02:00	4180.50	4180.53	4179.58	4180.03	419	0	12
2026.10.02	03:03:00	4180.02	4180.37	4177.81	4178.51	424	0	12
2026.10.02	03:04:00	4178.47	4178.55	4177.56	4177.78	322	0	12
2026.10.02	03:05:00	4177.81	4177.88	4175.40	4176.60	375	0	12
2026.10.02	03:06:00	4176.60	4176.61	4175.36	4175.79	360	0	12
2026.10.02	03:07:00	4175.77	4176.91	4175.56	4175.95	368	0	12
2026.10.02	03:08:00	4175.95	4176.19	4175.16	4175.59	400	0	12
2026.10.02	03:09:00	4175.60	4175.86	4175.20	4175.20	356	0	12
2026.10.02	03:10:00	4175.20	4176.15	4174.52	4175.76	462	0	12
2026.10.02	03:11:00	4175.73	4175.91	4174.53	4174.59	408	0	12
2026.10.02	03:12:00	4174.58	4174.64	4170.54	4170.55	436	0	12
2026.10.02	03:13:00	4170.56	4170.87	4169.50	4170.64	399	0	12
2026.10.02	03:14:00	4170.61	4171.81	4169.72	4169.84	304	0	12
2026.10.02	03:15:00	4169.84	4171.50	4168.99	4171.08	447	0	12
2026.10.02	03:16:00	4171.15	4171.47	4168.37	4169.03	433	0	12
2026.10.02	03:17:00	4169.03	4169.46	4168.25	4168.37	382	0	12
2026.10.02	03:18:00	4168.36	4169.30	4168.35	4169.02	302	0	12
2026.10.02	03:19:00	4169.04	4170.13	4168.07	4169.86	403	0	12
2026.10.02	03:20:00	4169.86	4170.52	4168.85	4169.86	374	0	12
2026.10.02	03:21:00	4169.86	4170.04	4167.68	4168.21	412	0	12
2026.10.02	03:22:00	4168.19	4168.83	4167.45	4167.67	380	0	12
2026.10.02	03:23:00	4167.64	4167.91	4167.25	4167.25	308	0	12
2026.10.02	03:24:00	4167.24	4168.85	4166.20	4167.00	351	0	12
2026.10.02	03:25:00	4167.00	4167.21	4166.18	4166.32	334	0	12
2026.10.02	03:26:00	4166.28	4167.20	4164.53	4164.88	407	0	12
2026.10.02	03:27:00	4164.88	4166.73	4164.26	4166.40	458	0	12
2026.10.02	03:28:00	4166.40	4166.69	4165.14	4165.53	428	0	12
2026.10.02	03:29:00	4165.53	4166.87	4164.23	4164.71	446	0	12
2026.10.02	03:30:00	4164.75	4164.80	4163.39	4163.47	439	0	12
2026.10.02	03:31:00	4163.47	4163.67	4161.61	4161.70	402	0	12
2026.10.02	03:32:00	4161.71	4163.62	4160.12	4163.59	434	0	12
2026.10.02	03:33:00	4163.58	4167.13	4163.41	4164.64	479	0	12
2026.10.02	03:34:00	4164.66	4164.87	4163.08	4163.69	434	0	12
2026.10.02	03:35:00	4163.69	4163.94	4162.87	4163.50	372	0	12
2026.10.02	03:36:00	4163.49	4164.01	4162.96	4163.20	320	0	12
2026.10.02	03:37:00	4163.12	4163.38	4161.21	4161.59	372	0	12
2026.10.02	03:38:00	4161.59	4161.59	4159.74	4160.73	457	0	12
2026.10.02	03:39:00	4160.74	4161.80	4160.68	4161.01	345	0	12
2026.10.02	03:40:00	4160.97	4161.69	4159.81	4160.03	306	0	12
2026.10.02	03:41:00	4160.03	4160.35	4159.12	4159.63	393	0	12
2026.10.02	03:42:00	4159.63	4161.28	4159.63	4160.83	336	0	12
2026.10.02	03:43:00	4160.84	4161.18	4160.24	4160.46	392	0	12
2026.10.02	03:44:00	4160.46	4160.78	4159.35	4159.44	363	0	12
2026.10.02	03:45:00	4159.44	4160.18	4158.92	4159.84	390	0	12
2026.10.02	03:46:00	4159.83	4160.22	4157.65	4158.22	342	0	12
2026.10.02	03:47:00	4158.23	4160.66	4158.14	4160.46	409	0	12
2026.10.02	03:48:00	4160.51	4161.77	4160.51	4161.02	322	0	12
2026.10.02	03:49:00	4161.02	4161.46	4160.01	4160.02	299	0	12
2026.10.02	03:50:00	4160.02	4160.29	4159.22	4159.53	356	0	12
2026.10.02	03:51:00	4159.53	4160.17	4158.29	4158.37	381	0	12
2026.10.02	03:52:00	4158.38	4160.65	4157.64	4160.65	370	0	12
2026.10.02	03:53:00	4160.67	4160.68	4159.85	4160.09	404	0	12
2026.10.02	03:54:00	4160.09	4160.49	4159.61	4159.79	363	0	12
2026.10.02	03:55:00	4159.79	4159.99	4158.04	4158.17	379	0	12
2026.10.02	03:56:00	4158.15	4158.94	4157.19	4157.70	328	0	12
2026.10.02	03:57:00	4157.70	4158.82	4156.94	4158.81	329	0	12
2026.10.02	03:58:00	4158.80	4158.98	4157.91	4158.03	390	0	12
2026.10.02	03:59:00	4158.03	4158.04	4152.94	4153.48	504	0	12
2026.10.02	04:00:00	4153.43	4154.55	4152.01	4152.62	525	0	12
2026.10.02	04:01:00	4152.62	4154.69	4152.09	4152.16	472	0	12
2026.10.02	04:02:00	4152.14	4152.88	4149.14	4149.59	573	0	12
2026.10.02	04:03:00	4149.59	4150.24	4148.09	4148.94	489	0	12
2026.10.02	04:04:00	4149.01	4149.07	4148.07	4148.07	455	0	12
2026.10.02	04:05:00	4148.06	4149.09	4147.88	4148.08	431	0	12
2026.10.02	04:06:00	4148.08	4148.13	4144.51	4144.62	509	0	12
2026.10.02	04:07:00	4144.58	4145.75	4144.25	4145.75	481	0	12
2026.10.02	04:08:00	4145.77	4147.03	4144.99	4145.83	497	0	12
2026.10.02	04:09:00	4145.84	4145.97	4138.32	4140.19	552	0	12
2026.10.02	04:10:00	4140.18	4140.18	4133.82	4136.83	647	0	12
2026.10.02	04:11:00	4136.78	4138.45	4135.45	4138.41	535	0	12
2026.10.02	04:12:00	4138.40	4139.40	4136.00	4136.71	493	0	12
2026.10.02	04:13:00	4136.68	4140.79	4136.61	4140.56	496	0	12
2026.10.02	04:14:00	4140.57	4141.11	4138.21	4141.11	446	0	12
2026.10.02	04:15:00	4141.11	4141.59	4140.01	4140.32	487	0	12
2026.10.02	04:16:00	4140.32	4143.78	4139.38	4143.34	441	0	12
2026.10.02	04:17:00	4143.43	4144.63	4142.80	4144.00	495	0	12
2026.10.02	04:18:00	4143.98	4145.10	4142.33	4144.07	451	0	12
2026.10.02	04:19:00	4144.07	4144.88	4142.59	4144.24	421	0	12
2026.10.02	04:20:00	4144.25	4144.32	4143.04	4144.13	432	0	12
2026.10.02	04:21:00	4144.13	4144.23	4142.86	4143.42	420	0	12
2026.10.02	04:22:00	4143.42	4145.92	4142.57	4145.50	446	0	12
2026.10.02	04:23:00	4145.50	4145.62	4143.91	4143.91	454	0	12
2026.10.02	04:24:00	4143.90	4147.62	4143.52	4147.29	408	0	12
2026.10.02	04:25:00	4147.26	4147.74	4146.22	4146.45	455	0	12
2026.10.02	04:26:00	4146.44	4147.20	4146.13	4147.17	422	0	12
2026.10.02	04:27:00	4147.17	4148.07	4145.48	4146.01	451	0	12
2026.10.02	04:28:00	4146.02	4148.06	4145.33	4147.44	407	0	12
2026.10.02	04:29:00	4147.45	4150.31	4146.99	4149.93	498	0	12
2026.10.02	04:30:00	4149.94	4150.16	4146.90	4147.56	572	0	12
2026.10.02	04:31:00	4147.54	4148.05	4146.16	4146.65	509	0	12
2026.10.02	04:32:00	4146.66	4147.74	4145.70	4147.49	492	0	12
2026.10.02	04:33:00	4147.49	4150.03	4147.25	4149.93	431	0	12
2026.10.02	04:34:00	4149.93	4150.16	4147.44	4147.54	391	0	12
2026.10.02	04:35:00	4147.54	4148.18	4146.64	4147.79	498	0	12
2026.10.02	04:36:00	4147.79	4148.57	4146.64	4146.64	518	0	12
2026.10.02	04:37:00	4146.64	4148.54	4146.64	4148.29	443	0	12
2026.10.02	04:38:00	4148.29	4150.65	4148.25	4150.43	422	0	12
2026.10.02	04:39:00	4150.43	4150.89	4149.42	4149.93	377	0	12
2026.10.02	04:40:00	4149.92	4151.98	4149.38	4151.13	446	0	12
2026.10.02	04:41:00	4151.13	4151.94	4150.75	4151.44	417	0	12
2026.10.02	04:42:00	4151.44	4151.82	4148.96	4149.34	421	0	12
2026.10.02	04:43:00	4149.33	4149.35	4147.31	4147.55	383	0	12
2026.10.02	04:44:00	4147.56	4149.47	4147.00	4149.42	394	0	12
2026.10.02	04:45:00	4149.43	4150.19	4147.81	4147.98	419	0	12
2026.10.02	04:46:00	4147.91	4148.80	4147.52	4147.84	374	0	12
2026.10.02	04:47:00	4147.81	4148.24	4146.32	4147.58	407	0	12
2026.10.02	04:48:00	4147.56	4149.75	4147.52	4149.69	425	0	12
2026.10.02	04:49:00	4149.69	4150.47	4148.58	4148.58	427	0	12
2026.10.02	04:50:00	4148.59	4148.98	4147.28	4147.43	451	0	12
2026.10.02	04:51:00	4147.42	4147.84	4146.43	4147.79	450	0	12
2026.10.02	04:52:00	4147.79	4149.88	4146.52	4147.24	488	0	12
2026.10.02	04:53:00	4147.24	4148.31	4145.87	4146.93	458	0	12
2026.10.02	04:54:00	4146.92	4148.64	4146.73	4148.08	452	0	12
2026.10.02	04:55:00	4148.11	4148.11	4145.38	4147.95	494	0	12
2026.10.02	04:56:00	4147.95	4149.47	4147.81	4149.17	452	0	12
2026.10.02	04:57:00	4149.26	4151.94	4149.23	4151.59	477	0	12
2026.10.02	04:58:00	4151.59	4151.97	4151.07	4151.83	402	0	12
2026.10.02	04:59:00	4151.77	4152.38	4150.94	4151.46	451	0	12
2026.10.02	05:00:00	4151.46	4151.87	4147.35	4148.01	521	0	12
2026.10.02	05:01:00	4148.02	4150.16	4147.34	4149.41	514	0	12
2026.10.02	05:02:00	4149.43	4151.27	4149.22	4150.49	468	0	12
2026.10.02	05:03:00	4150.51	4151.39	4150.17	4151.27	438	0	12
2026.10.02	05:04:00	4151.28	4155.22	4151.17	4155.20	489	0	12
2026.10.02	05:05:00	4155.20	4155.54	4153.21	4153.71	470	0	12
2026.10.02	05:06:00	4153.74	4155.67	4153.53	4155.16	426	0	12
2026.10.02	05:07:00	4155.18	4155.49	4153.04	4153.34	466	0	12
2026.10.02	05:08:00	4153.34	4157.55	4153.26	4155.96	519	0	12
2026.10.02	05:09:00	4155.96	4156.51	4155.02	4155.87	431	0	12
2026.10.02	05:10:00	4155.90	4157.15	4155.85	4156.53	481	0	12
2026.10.02	05:11:00	4156.54	4156.54	4154.86	4154.89	457	0	12
2026.10.02	05:12:00	4154.87	4155.27	4152.95	4153.05	353	0	12
2026.10.02	05:13:00	4153.07	4154.93	4152.82	4154.93	393	0	12
2026.10.02	05:14:00	4155.18	4155.42	4153.62	4153.98	399	0	12
2026.10.02	05:15:00	4153.98	4155.37	4153.43	4155.25	406	0	12
2026.10.02	05:16:00	4155.26	4158.20	4155.26	4157.92	461	0	12
2026.10.02	05:17:00	4157.92	4158.81	4157.43	4158.24	472	0	12
2026.10.02	05:18:00	4158.23	4159.75	4158.12	4159.41	441	0	12
2026.10.02	05:19:00	4159.41	4160.43	4158.69	4158.77	374	0	12
2026.10.02	05:20:00	4158.76	4158.91	4157.62	4158.84	389	0	12
2026.10.02	05:21:00	4158.84	4158.88	4157.23	4158.03	375	0	12
2026.10.02	05:22:00	4158.03	4158.30	4157.12	4157.28	346	0	12
2026.10.02	05:23:00	4157.28	4157.74	4156.85	4157.19	309	0	12
2026.10.02	05:24:00	4157.15	4157.28	4155.34	4156.50	363	0	12
2026.10.02	05:25:00	4156.50	4157.84	4156.27	4157.15	366	0	12
2026.10.02	05:26:00	4157.17	4160.39	4157.16	4158.47	380	0	12
2026.10.02	05:27:00	4158.47	4160.48	4157.82	4160.29	366	0	12
2026.10.02	05:28:00	4160.29	4160.56	4159.51	4160.00	326	0	12
2026.10.02	05:29:00	4159.98	4162.40	4159.96	4160.44	439	0	12
2026.10.02	05:30:00	4160.31	4161.21	4158.60	4159.22	369	0	12
2026.10.02	05:31:00	4159.20	4162.02	4159.09	4159.98	434	0	12
2026.10.02	05:32:00	4159.97	4160.72	4157.31	4157.91	375	0	12
2026.10.02	05:33:00	4157.92	4158.26	4156.72	4157.69	436	0	12
2026.10.02	05:34:00	4157.68	4157.81	4155.96	4155.96	422	0	12
2026.10.02	05:35:00	4155.97	4158.54	4155.89	4157.31	424	0	12
2026.10.02	05:36:00	4157.31	4158.34	4157.20	4157.50	353	0	12
2026.10.02	05:37:00	4157.50	4157.63	4155.95	4157.53	357	0	12
2026.10.02	05:38:00	4157.54	4158.18	4156.67	4157.99	359	0	12
2026.10.02	05:39:00	4158.03	4158.12	4156.43	4156.80	411	0	12
2026.10.02	05:40:00	4156.79	4158.05	4156.66	4157.43	352	0	12
2026.10.02	05:41:00	4157.43	4157.64	4156.87	4157.64	314	0	12
2026.10.02	05:42:00	4157.61	4157.78	4155.66	4155.78	392	0	12
2026.10.02	05:43:00	4155.79	4156.44	4155.64	4155.65	381	0	12
2026.10.02	05:44:00	4155.73	4156.87	4155.66	4156.61	348	0	12
2026.10.02	05:45:00	4156.61	4156.97	4155.94	4156.81	324	0	12
2026.10.02	05:46:00	4156.79	4157.62	4156.79	4157.34	311	0	12
2026.10.02	05:47:00	4157.35	4159.30	4156.76	4159.30	354	0	12
2026.10.02	05:48:00	4159.30	4162.36	4159.29	4162.22	438	0	12
2026.10.02	05:49:00	4162.21	4162.37	4160.98	4161.53	391	0	12
2026.10.02	05:50:00	4161.53	4162.37	4160.61	4160.82	350	0	12
2026.10.02	05:51:00	4160.82	4161.43	4160.18	4161.23	369	0	12
2026.10.02	05:52:00	4161.23	4163.35	4160.93	4162.50	439	0	12
2026.10.02	05:53:00	4162.49	4162.51	4161.28	4161.35	387	0	12
2026.10.02	05:54:00	4161.33	4161.71	4160.82	4161.67	296	0	12
2026.10.02	05:55:00	4161.67	4161.71	4159.87	4160.35	333	0	12
2026.10.02	05:56:00	4160.36	4160.36	4159.20	4160.33	316	0	12
2026.10.02	05:57:00	4160.33	4164.17	4160.13	4163.95	368	0	12
2026.10.02	05:58:00	4163.96	4165.15	4163.56	4164.53	361	0	12
2026.10.02	05:59:00	4164.53	4166.49	4164.52	4165.97	357	0	12
2026.10.02	06:00:00	4165.97	4166.66	4165.20	4166.64	429	0	12
2026.10.02	06:01:00	4166.68	4171.30	4166.46	4170.27	589	0	12
2026.10.02	06:02:00	4170.27	4170.67	4169.13	4169.23	483	0	12
2026.10.02	06:03:00	4169.22	4172.87	4169.05	4172.26	440	0	12
2026.10.02	06:04:00	4172.26	4173.18	4171.92	4172.98	428	0	12
2026.10.02	06:05:00	4172.97	4173.20	4171.89	4172.31	415	0	12
2026.10.02	06:06:00	4172.28	4172.49	4170.97	4171.55	342	0	12
2026.10.02	06:07:00	4171.54	4172.02	4171.07	4171.52	376	0	12
2026.10.02	06:08:00	4171.51	4172.00	4168.48	4168.77	360	0	12
2026.10.02	06:09:00	4168.79	4169.21	4168.01	4168.94	327	0	12
2026.10.02	06:10:00	4168.94	4170.81	4168.89	4169.51	391	0	12
2026.10.02	06:11:00	4169.51	4169.80	4169.24	4169.59	318	0	12
2026.10.02	06:12:00	4169.59	4170.65	4169.58	4170.65	297	0	12
2026.10.02	06:13:00	4170.64	4171.98	4170.60	4171.59	362	0	12
2026.10.02	06:14:00	4171.62	4172.01	4171.04	4171.73	299	0	12
2026.10.02	06:15:00	4171.72	4171.72	4170.24	4171.18	364	0	12
2026.10.02	06:16:00	4171.11	4172.21	4170.99	4171.90	292	0	12
2026.10.02	06:17:00	4171.90	4172.41	4170.40	4170.75	358	0	12
2026.10.02	06:18:00	4170.72	4171.21	4170.13	4171.00	358	0	12
2026.10.02	06:19:00	4170.99	4171.22	4170.15	4171.17	282	0	12
2026.10.02	06:20:00	4171.17	4171.72	4171.17	4171.41	269	0	12
2026.10.02	06:21:00	4171.39	4172.77	4171.32	4172.40	323	0	12
2026.10.02	06:22:00	4172.31	4173.75	4172.11	4173.75	355	0	12
2026.10.02	06:23:00	4173.76	4173.76	4172.31	4172.79	337	0	12
2026.10.02	06:24:00	4172.78	4173.05	4171.99	4172.84	296	0	12
2026.10.02	06:25:00	4172.82	4175.68	4172.59	4175.22	454	0	12
2026.10.02	06:26:00	4175.22	4175.23	4173.35	4173.48	367	0	12
2026.10.02	06:27:00	4173.47	4174.45	4173.17	4174.13	320	0	12
2026.10.02	06:28:00	4174.13	4174.84	4174.10	4174.44	337	0	12
2026.10.02	06:29:00	4174.45	4174.79	4172.14	4172.90	336	0	12
2026.10.02	06:30:00	4172.90	4175.22	4172.14	4175.11	453	0	12
2026.10.02	06:31:00	4175.10	4177.41	4175.03	4176.68	386	0	12
2026.10.02	06:32:00	4176.68	4176.68	4173.08	4173.45	410	0	12
2026.10.02	06:33:00	4173.41	4174.13	4172.20	4173.67	387	0	12
2026.10.02	06:34:00	4173.67	4175.88	4173.67	4175.07	351	0	12
2026.10.02	06:35:00	4175.06	4175.83	4174.84	4175.32	316	0	12
2026.10.02	06:36:00	4175.32	4175.33	4173.73	4173.73	276	0	12
2026.10.02	06:37:00	4173.74	4173.83	4172.89	4173.37	332	0	12
2026.10.02	06:38:00	4173.37	4174.65	4173.25	4174.56	306	0	12
2026.10.02	06:39:00	4174.57	4175.27	4173.44	4174.11	287	0	12
2026.10.02	06:40:00	4174.11	4174.22	4173.32	4174.13	330	0	12
2026.10.02	06:41:00	4174.14	4174.62	4173.92	4174.31	303	0	12
2026.10.02	06:42:00	4174.27	4175.03	4174.18	4174.45	262	0	12
2026.10.02	06:43:00	4174.45	4174.47	4173.42	4173.71	273	0	12
2026.10.02	06:44:00	4173.71	4174.64	4173.61	4173.93	255	0	12
2026.10.02	06:45:00	4173.93	4174.41	4172.25	4172.69	361	0	12
2026.10.02	06:46:00	4172.68	4173.37	4171.82	4172.26	425	0	12
2026.10.02	06:47:00	4172.25	4173.82	4172.09	4172.10	452	0	12
2026.10.02	06:48:00	4172.10	4172.95	4171.69	4172.24	345	0	12
2026.10.02	06:49:00	4172.25	4172.70	4172.00	4172.37	277	0	12
2026.10.02	06:50:00	4172.37	4173.45	4172.27	4172.75	333	0	12
2026.10.02	06:51:00	4172.71	4173.69	4172.00	4173.41	378	0	12
2026.10.02	06:52:00	4173.41	4173.91	4172.52	4172.99	357	0	12
2026.10.02	06:53:00	4172.98	4173.34	4172.22	4173.31	318	0	12
2026.10.02	06:54:00	4173.31	4174.74	4172.62	4174.23	335	0	12
2026.10.02	06:55:00	4174.23	4176.69	4174.23	4176.11	311	0	12
2026.10.02	06:56:00	4176.11	4177.25	4175.57	4177.24	282	0	12
2026.10.02	06:57:00	4177.24	4178.41	4176.81	4176.81	374	0	12
2026.10.02	06:58:00	4176.81	4177.74	4176.07	4176.14	394	0	12
2026.10.02	06:59:00	4176.19	4179.17	4176.12	4177.79	352	0	12
2026.10.02	07:00:00	4177.79	4179.19	4177.56	4178.53	424	0	12
2026.10.02	07:01:00	4178.53	4181.09	4177.81	4181.09	471	0	12
2026.10.02	07:02:00	4181.00	4184.98	4180.69	4184.73	428	0	12
2026.10.02	07:03:00	4184.75	4184.97	4183.35	4184.05	393	0	12
2026.10.02	07:04:00	4184.05	4184.34	4182.85	4183.42	373	0	12
2026.10.02	07:05:00	4183.42	4183.87	4181.77	4182.52	407	0	12
2026.10.02	07:06:00	4182.49	4185.30	4182.35	4185.25	429	0	12
2026.10.02	07:07:00	4185.33	4185.57	4184.24	4184.47	447	0	12
2026.10.02	07:08:00	4184.39	4184.57	4183.15	4184.08	369	0	12
2026.10.02	07:09:00	4184.08	4184.29	4183.07	4183.40	305	0	12
2026.10.02	07:10:00	4183.42	4184.10	4182.81	4183.75	395	0	12
2026.10.02	07:11:00	4183.76	4184.78	4183.43	4183.59	357	0	12
2026.10.02	07:12:00	4183.58	4184.99	4183.39	4184.99	330	0	12
2026.10.02	07:13:00	4185.00	4188.35	4184.28	4186.48	466	0	12
2026.10.02	07:14:00	4186.50	4186.51	4184.04	4184.11	334	0	12
2026.10.02	07:15:00	4184.11	4185.87	4183.88	4185.79	355	0	12
2026.10.02	07:16:00	4185.78	4186.80	4185.28	4185.87	388	0	12
2026.10.02	07:17:00	4185.88	4186.30	4184.51	4184.58	321	0	12
2026.10.02	07:18:00	4184.59	4185.00	4184.43	4184.89	297	0	12
2026.10.02	07:19:00	4184.92	4185.50	4184.31	4184.36	295	0	12
2026.10.02	07:20:00	4184.36	4185.37	4183.87	4184.87	319	0	12
2026.10.02	07:21:00	4184.90	4187.80	4184.88	4187.36	369	0	12
2026.10.02	07:22:00	4187.34	4187.95	4186.67	4186.67	293	0	12
2026.10.02	07:23:00	4186.73	4187.58	4186.69	4187.35	313	0	12
2026.10.02	07:24:00	4187.35	4188.30	4187.31	4187.89	301	0	12
2026.10.02	07:25:00	4187.89	4188.87	4187.78	4188.11	362	0	12
2026.10.02	07:26:00	4188.12	4188.47	4187.33	4187.43	294	0	12
2026.10.02	07:27:00	4187.42	4187.42	4186.40	4187.08	314	0	12
2026.10.02	07:28:00	4187.08	4188.53	4187.07	4187.82	326	0	12
2026.10.02	07:29:00	4187.82	4188.26	4187.64	4187.96	272	0	12
2026.10.02	07:30:00	4187.97	4188.94	4187.78	4188.72	284	0	12
2026.10.02	07:31:00	4188.72	4190.25	4188.67	4190.10	323	0	12
2026.10.02	07:32:00	4190.10	4190.92	4188.31	4188.87	436	0	12
2026.10.02	07:33:00	4188.86	4189.68	4187.44	4188.57	336	0	12
2026.10.02	07:34:00	4188.58	4188.94	4186.12	4186.29	367	0	12
2026.10.02	07:35:00	4186.29	4187.24	4185.47	4185.47	385	0	12
2026.10.02	07:36:00	4185.43	4185.68	4184.46	4184.55	393	0	12
2026.10.02	07:37:00	4184.56	4185.01	4184.19	4184.53	356	0	12
2026.10.02	07:38:00	4184.51	4184.67	4183.13	4183.49	360	0	12
2026.10.02	07:39:00	4183.49	4183.64	4181.95	4182.05	337	0	12
2026.10.02	07:40:00	4182.05	4182.75	4182.05	4182.22	330	0	12
2026.10.02	07:41:00	4182.28	4182.98	4182.07	4182.60	322	0	12
2026.10.02	07:42:00	4182.60	4183.01	4182.48	4182.57	319	0	12
2026.10.02	07:43:00	4182.55	4182.84	4182.39	4182.55	256	0	12
2026.10.02	07:44:00	4182.55	4183.02	4182.30	4182.37	257	0	12
2026.10.02	07:45:00	4182.37	4183.22	4182.37	4183.10	343	0	12
2026.10.02	07:46:00	4183.10	4183.34	4181.93	4182.38	359	0	12
2026.10.02	07:47:00	4182.38	4183.17	4182.28	4182.79	335	0	12
2026.10.02	07:48:00	4182.79	4182.91	4182.39	4182.74	314	0	12
2026.10.02	07:49:00	4182.73	4183.61	4182.72	4183.39	266	0	12
2026.10.02	07:50:00	4183.38	4183.42	4182.62	4182.87	257	0	12
2026.10.02	07:51:00	4182.86	4183.08	4181.57	4181.60	313	0	12
2026.10.02	07:52:00	4181.59	4182.55	4181.58	4182.40	307	0	12
2026.10.02	07:53:00	4182.40	4182.41	4182.00	4182.10	283	0	12
2026.10.02	07:54:00	4182.10	4182.60	4182.01	4182.28	249	0	12
2026.10.02	07:55:00	4182.26	4182.72	4181.96	4182.68	292	0	12
2026.10.02	07:56:00	4182.64	4182.69	4181.35	4181.77	273	0	12
2026.10.02	07:57:00	4181.77	4182.46	4181.77	4182.43	242	0	12
2026.10.02	07:58:00	4182.43	4183.13	4182.30	4182.51	241	0	12
2026.10.02	07:59:00	4182.51	4185.16	4182.43	4184.91	327	0	12
2026.10.02	08:00:00	4184.94	4185.37	4184.47	4185.06	449	0	12
2026.10.02	08:01:00	4185.05	4185.88	4184.96	4185.49	410	0	12
2026.10.02	08:02:00	4185.48	4185.78	4184.80	4184.85	423	0	12
2026.10.02	08:03:00	4184.86	4185.63	4184.15	4184.41	332	0	12
2026.10.02	08:04:00	4184.41	4185.80	4184.15	4185.42	331	0	12
2026.10.02	08:05:00	4185.41	4185.41	4184.43	4184.62	345	0	12
2026.10.02	08:06:00	4184.61	4185.49	4184.53	4185.48	307	0	12
2026.10.02	08:07:00	4185.48	4187.07	4185.28	4187.06	328	0	12
2026.10.02	08:08:00	4187.05	4188.64	4186.67	4187.88	511	0	12
2026.10.02	08:09:00	4187.88	4187.92	4186.51	4186.85	387	0	12
2026.10.02	08:10:00	4186.80	4188.94	4186.80	4188.36	395	0	12
2026.10.02	08:11:00	4188.36	4191.81	4187.82	4191.58	473	0	12
2026.10.02	08:12:00	4191.61	4192.12	4191.13	4191.17	413	0	12
2026.10.02	08:13:00	4191.16	4191.22	4188.09	4188.43	385	0	12
2026.10.02	08:14:00	4188.50	4188.52	4187.77	4187.78	388	0	12
2026.10.02	08:15:00	4187.83	4187.94	4186.61	4187.40	346	0	12
2026.10.02	08:16:00	4187.41	4187.74	4186.68	4187.18	289	0	12
2026.10.02	08:17:00	4187.18	4188.09	4186.94	4187.85	353	0	12
2026.10.02	08:18:00	4187.84	4188.46	4186.94	4188.37	306	0	12
2026.10.02	08:19:00	4188.38	4189.72	4188.22	4189.67	325	0	12
2026.10.02	08:20:00	4189.69	4189.80	4188.02	4188.12	262	0	12
2026.10.02	08:21:00	4188.12	4188.12	4187.23	4187.38	310	0	12
2026.10.02	08:22:00	4187.39	4189.34	4187.39	4188.45	394	0	12
2026.10.02	08:23:00	4188.46	4189.39	4188.39	4189.11	283	0	12
2026.10.02	08:24:00	4189.11	4189.11	4187.28	4187.31	330	0	12
2026.10.02	08:25:00	4187.29	4187.93	4187.20	4187.35	366	0	12
2026.10.02	08:26:00	4187.30	4188.32	4187.11	4187.54	291	0	12
2026.10.02	08:27:00	4187.58	4187.71	4186.27	4186.48	306	0	12
2026.10.02	08:28:00	4186.45	4187.29	4186.29	4187.08	301	0	12
2026.10.02	08:29:00	4187.08	4187.80	4186.76	4187.06	363	0	12
2026.10.02	08:30:00	4187.23	4187.33	4185.52	4186.22	496	0	12
2026.10.02	08:31:00	4186.22	4188.01	4185.83	4187.91	433	0	12
2026.10.02	08:32:00	4187.88	4188.29	4187.20	4187.23	308	0	12
2026.10.02	08:33:00	4187.23	4187.97	4185.90	4187.97	410	0	12
2026.10.02	08:34:00	4188.10	4188.17	4186.95	4187.05	392	0	12
2026.10.02	08:35:00	4187.05	4190.22	4186.82	4189.97	378	0	12
2026.10.02	08:36:00	4189.97	4190.22	4187.66	4189.15	426	0	12
2026.10.02	08:37:00	4189.14	4190.45	4188.58	4189.45	338	0	12
2026.10.02	08:38:00	4189.47	4189.97	4188.96	4189.13	362	0	12
2026.10.02	08:39:00	4189.11	4190.04	4188.17	4188.29	372	0	12
2026.10.02	08:40:00	4188.28	4188.56	4187.32	4187.45	322	0	12
2026.10.02	08:41:00	4187.46	4189.07	4187.45	4188.90	330	0	12
2026.10.02	08:42:00	4188.86	4189.70	4188.76	4189.54	295	0	12
2026.10.02	08:43:00	4189.54	4190.71	4189.37	4189.51	396	0	12
2026.10.02	08:44:00	4189.51	4189.65	4187.46	4187.46	347	0	12
2026.10.02	08:45:00	4187.47	4187.91	4186.84	4186.90	311	0	12
2026.10.02	08:46:00	4186.91	4187.19	4185.40	4185.43	350	0	12
2026.10.02	08:47:00	4185.43	4185.85	4184.32	4184.33	358	0	12
2026.10.02	08:48:00	4184.33	4184.59	4184.03	4184.47	287	0	12
2026.10.02	08:49:00	4184.46	4185.13	4184.17	4184.85	289	0	12
2026.10.02	08:50:00	4184.85	4184.86	4183.32	4183.61	336	0	12
2026.10.02	08:51:00	4183.61	4185.12	4183.40	4185.02	305	0	12
2026.10.02	08:52:00	4185.03	4185.49	4183.99	4184.85	308	0	12
2026.10.02	08:53:00	4184.83	4184.83	4183.20	4183.25	344	0	12
2026.10.02	08:54:00	4183.23	4184.44	4183.12	4184.35	337	0	12
2026.10.02	08:55:00	4184.34	4185.18	4184.14	4184.35	345	0	12
2026.10.02	08:56:00	4184.35	4185.61	4184.24	4184.59	323	0	12
2026.10.02	08:57:00	4184.60	4185.53	4184.42	4184.63	379	0	12
2026.10.02	08:58:00	4184.61	4186.89	4184.34	4186.51	383	0	12
2026.10.02	08:59:00	4186.49	4187.65	4186.34	4186.45	361	0	12
2026.10.02	09:00:00	4186.50	4190.84	4186.24	4189.69	600	0	12
2026.10.02	09:01:00	4189.69	4190.42	4188.75	4190.28	526	0	12
2026.10.02	09:02:00	4190.23	4190.75	4187.43	4189.03	533	0	12
2026.10.02	09:03:00	4189.05	4190.53	4188.70	4190.06	519	0	12
2026.10.02	09:04:00	4190.07	4195.20	4190.07	4194.60	642	0	12
2026.10.02	09:05:00	4194.55	4196.84	4192.53	4193.48	662	0	12
2026.10.02	09:06:00	4193.54	4193.54	4191.38	4192.72	560	0	12
2026.10.02	09:07:00	4192.73	4194.68	4192.07	4194.45	576	0	12
2026.10.02	09:08:00	4194.46	4195.28	4193.19	4194.59	517	0	12
2026.10.02	09:09:00	4194.58	4194.58	4193.15	4193.54	500	0	12
2026.10.02	09:10:00	4193.58	4193.73	4192.06	4193.32	461	0	12
2026.10.02	09:11:00	4193.35	4194.30	4192.77	4193.18	492	0	12
2026.10.02	09:12:00	4193.10	4194.70	4192.84	4194.56	513	0	12
2026.10.02	09:13:00	4194.56	4195.39	4194.36	4194.54	478	0	12
2026.10.02	09:14:00	4194.53	4194.55	4192.05	4192.22	439	0	12
2026.10.02	09:15:00	4192.23	4192.35	4190.01	4191.64	518	0	12
2026.10.02	09:16:00	4191.72	4191.76	4188.87	4188.97	414	0	12
2026.10.02	09:17:00	4188.99	4188.99	4187.26	4187.79	483	0	12
2026.10.02	09:18:00	4187.81	4188.78	4187.05	4188.48	432	0	12
2026.10.02	09:19:00	4188.45	4188.68	4187.90	4187.96	438	0	12
2026.10.02	09:20:00	4187.99	4189.97	4187.65	4189.96	469	0	12
2026.10.02	09:21:00	4189.96	4190.89	4189.84	4190.13	521	0	12
2026.10.02	09:22:00	4190.12	4192.18	4189.85	4191.42	495	0	12
2026.10.02	09:23:00	4191.51	4191.93	4190.03	4191.38	495	0	12
2026.10.02	09:24:00	4191.37	4191.70	4189.52	4190.35	495	0	12
2026.10.02	09:25:00	4190.35	4190.69	4188.49	4188.87	444	0	12
2026.10.02	09:26:00	4188.86	4191.08	4188.86	4191.06	477	0	12
2026.10.02	09:27:00	4191.05	4192.01	4190.42	4191.05	480	0	12
2026.10.02	09:28:00	4191.05	4191.63	4190.12	4190.53	478	0	12
2026.10.02	09:29:00	4190.53	4190.78	4189.04	4189.44	486	0	12
2026.10.02	09:30:00	4189.47	4190.62	4187.38	4187.65	531	0	12
2026.10.02	09:31:00	4187.68	4189.07	4187.33	4188.40	462	0	12
2026.10.02	09:32:00	4188.37	4188.56	4187.23	4187.23	430	0	12
2026.10.02	09:33:00	4187.25	4187.41	4186.24	4187.19	465	0	12
2026.10.02	09:34:00	4187.20	4187.48	4185.05	4185.66	469	0	12
2026.10.02	09:35:00	4185.65	4187.89	4185.54	4186.71	525	0	12
2026.10.02	09:36:00	4186.71	4187.74	4183.03	4183.31	539	0	12
2026.10.02	09:37:00	4183.32	4183.67	4182.46	4183.20	512	0	12
2026.10.02	09:38:00	4183.20	4183.73	4182.31	4183.21	523	0	12
2026.10.02	09:39:00	4183.24	4184.41	4182.88	4183.93	487	0	12
2026.10.02	09:40:00	4183.94	4183.97	4182.60	4182.60	474	0	12
2026.10.02	09:41:00	4182.60	4182.60	4180.92	4181.86	502	0	12
2026.10.02	09:42:00	4181.81	4182.37	4180.42	4180.46	422	0	12
2026.10.02	09:43:00	4180.46	4182.14	4180.32	4181.67	422	0	12
2026.10.02	09:44:00	4181.67	4181.96	4179.69	4180.45	471	0	12
2026.10.02	09:45:00	4180.42	4180.58	4179.53	4180.14	396	0	12
2026.10.02	09:46:00	4180.12	4180.74	4179.52	4179.84	421	0	12
2026.10.02	09:47:00	4179.78	4180.96	4179.51	4180.06	399	0	12
2026.10.02	09:48:00	4180.06	4180.52	4179.32	4179.85	435	0	12
2026.10.02	09:49:00	4179.78	4181.00	4179.63	4180.29	445	0	12
2026.10.02	09:50:00	4180.30	4180.35	4178.29	4178.29	466	0	12
2026.10.02	09:51:00	4178.30	4179.43	4177.96	4178.48	416	0	12
2026.10.02	09:52:00	4178.48	4179.17	4177.94	4179.00	395	0	12
2026.10.02	09:53:00	4179.01	4179.45	4178.50	4179.31	393	0	12
2026.10.02	09:54:00	4179.31	4180.85	4178.82	4180.84	390	0	12
2026.10.02	09:55:00	4180.84	4182.96	4180.47	4182.86	452	0	12
2026.10.02	09:56:00	4182.86	4183.09	4180.24	4180.57	392	0	12
2026.10.02	09:57:00	4180.57	4181.72	4179.33	4179.40	409	0	12
2026.10.02	09:58:00	4179.41	4180.23	4177.48	4179.91	420	0	12
2026.10.02	09:59:00	4179.89	4181.39	4179.75	4181.02	464	0	12
2026.10.02	10:00:00	4181.04	4182.05	4179.95	4181.63	617	0	12
2026.10.02	10:01:00	4181.70	4181.70	4180.21	4180.75	541	0	12
2026.10.02	10:02:00	4180.76	4181.33	4179.67	4180.83	509	0	12
2026.10.02	10:03:00	4180.83	4181.62	4180.38	4181.35	444	0	12
2026.10.02	10:04:00	4181.31	4181.92	4179.93	4180.15	429	0	12
2026.10.02	10:05:00	4180.15	4181.02	4179.55	4179.59	460	0	12
2026.10.02	10:06:00	4179.57	4181.00	4177.72	4180.78	505	0	12
2026.10.02	10:07:00	4180.77	4182.17	4179.84	4180.81	497	0	12
2026.10.02	10:08:00	4180.83	4181.05	4180.01	4180.85	451	0	12
2026.10.02	10:09:00	4180.84	4181.03	4179.90	4180.75	411	0	12
2026.10.02	10:10:00	4180.74	4183.60	4180.53	4183.07	445	0	12
2026.10.02	10:11:00	4183.04	4183.99	4182.54	4183.37	457	0	12
2026.10.02	10:12:00	4183.39	4183.42	4181.65	4182.59	464	0	12
2026.10.02	10:13:00	4182.62	4186.00	4182.41	4186.00	510	0	12
2026.10.02	10:14:00	4186.20	4187.77	4185.52	4187.75	482	0	12
2026.10.02	10:15:00	4187.75	4189.31	4186.17	4186.70	548	0	12
2026.10.02	10:16:00	4186.71	4187.06	4184.88	4184.96	488	0	12
2026.10.02	10:17:00	4184.87	4185.73	4183.71	4185.36	545	0	12
2026.10.02	10:18:00	4185.48	4185.55	4184.05	4185.41	451	0	12
2026.10.02	10:19:00	4185.43	4185.62	4183.61	4183.99	402	0	12
2026.10.02	10:20:00	4183.99	4186.92	4183.99	4186.88	475	0	12
2026.10.02	10:21:00	4186.89	4187.37	4185.78	4186.91	356	0	12
2026.10.02	10:22:00	4186.92	4187.74	4186.57	4186.67	408	0	12
2026.10.02	10:23:00	4186.60	4186.77	4185.26	4185.76	414	0	12
2026.10.02	10:24:00	4185.77	4186.52	4185.09	4185.48	445	0	12
2026.10.02	10:25:00	4185.47	4188.82	4185.40	4188.15	518	0	12
2026.10.02	10:26:00	4188.14	4188.69	4187.28	4188.20	420	0	12
2026.10.02	10:27:00	4188.19	4188.19	4186.98	4186.98	449	0	12
2026.10.02	10:28:00	4186.98	4187.14	4184.67	4184.69	437	0	12
2026.10.02	10:29:00	4184.66	4185.62	4184.13	4185.43	442	0	12
2026.10.02	10:30:00	4185.42	4186.26	4184.68	4184.98	480	0	12
2026.10.02	10:31:00	4184.88	4187.21	4184.82	4186.15	489	0	12
2026.10.02	10:32:00	4186.20	4186.70	4184.74	4185.02	440	0	12
2026.10.02	10:33:00	4185.04	4187.29	4184.79	4186.13	425	0	12
2026.10.02	10:34:00	4186.06	4187.04	4185.45	4186.25	444	0	12
2026.10.02	10:35:00	4186.25	4186.57	4184.86	4185.69	451	0	12
2026.10.02	10:36:00	4185.70	4186.24	4183.88	4184.75	446	0	12
2026.10.02	10:37:00	4184.76	4185.31	4181.81	4182.98	456	0	12
2026.10.02	10:38:00	4182.98	4184.11	4182.71	4183.87	434	0	12
2026.10.02	10:39:00	4183.84	4184.56	4182.97	4183.03	396	0	12
2026.10.02	10:40:00	4183.04	4183.18	4182.20	4182.39	397	0	12
2026.10.02	10:41:00	4182.38	4184.05	4182.21	4182.30	423	0	12
2026.10.02	10:42:00	4182.23	4183.56	4182.11	4183.37	409	0	12
2026.10.02	10:43:00	4183.36	4184.13	4181.54	4183.18	431	0	12
2026.10.02	10:44:00	4183.19	4184.09	4182.61	4182.92	423	0	12
2026.10.02	10:45:00	4182.92	4182.92	4180.63	4181.17	461	0	12
2026.10.02	10:46:00	4181.20	4182.19	4181.20	4181.50	422	0	12
2026.10.02	10:47:00	4181.50	4182.75	4181.14	4182.75	372	0	12
2026.10.02	10:48:00	4182.76	4182.93	4182.01	4182.54	416	0	12
2026.10.02	10:49:00	4182.55	4183.32	4182.25	4183.27	382	0	12
2026.10.02	10:50:00	4183.29	4184.74	4182.81	4184.17	413	0	12
2026.10.02	10:51:00	4184.17	4184.97	4183.54	4184.71	442	0	12
2026.10.02	10:52:00	4184.70	4185.29	4184.09	4184.52	409	0	12
2026.10.02	10:53:00	4184.52	4185.29	4183.92	4185.03	373	0	12
2026.10.02	10:54:00	4185.03	4185.21	4184.55	4184.91	433	0	12
2026.10.02	10:55:00	4184.93	4185.98	4184.24	4185.98	416	0	12
2026.10.02	10:56:00	4185.98	4187.16	4185.17	4187.16	476	0	12
2026.10.02	10:57:00	4187.14	4191.45	4185.81	4190.20	608	0	12
2026.10.02	10:58:00	4190.26	4192.17	4186.01	4186.39	679	0	12
2026.10.02	10:59:00	4186.36	4187.42	4185.67	4187.42	555	0	12
2026.10.02	11:00:00	4187.42	4187.50	4185.30	4185.61	538	0	12
2026.10.02	11:01:00	4185.60	4186.24	4184.47	4184.61	448	0	12
2026.10.02	11:02:00	4184.59	4187.33	4184.53	4186.94	463	0	12
2026.10.02	11:03:00	4186.95	4189.72	4186.55	4189.68	574	0	12
2026.10.02	11:04:00	4189.68	4189.68	4185.64	4187.77	516	0	12
2026.10.02	11:05:00	4187.78	4188.79	4187.46	4188.68	476	0	12
2026.10.02	11:06:00	4188.68	4190.57	4188.46	4190.57	515	0	12
2026.10.02	11:07:00	4190.58	4195.31	4190.40	4195.23	598	0	12
2026.10.02	11:08:00	4195.23	4196.49	4192.65	4194.31	586	0	12
2026.10.02	11:09:00	4194.32	4195.09	4193.44	4194.14	521	0	12
2026.10.02	11:10:00	4194.13	4194.20	4190.18	4192.00	549	0	12
2026.10.02	11:11:00	4191.95	4192.67	4188.26	4190.02	590	0	12
2026.10.02	11:12:00	4189.97	4192.69	4187.65	4187.96	545	0	12
2026.10.02	11:13:00	4187.97	4190.26	4187.68	4189.75	532	0	12
2026.10.02	11:14:00	4189.75	4190.17	4187.94	4188.38	521	0	12
2026.10.02	11:15:00	4188.64	4189.25	4187.08	4187.53	520	0	12
2026.10.02	11:16:00	4187.52	4188.08	4186.09	4187.61	491	0	12
2026.10.02	11:17:00	4187.60	4189.56	4187.22	4188.48	494	0	12
2026.10.02	11:18:00	4188.45	4188.73	4183.77	4184.12	476	0	12
2026.10.02	11:19:00	4184.12	4186.08	4183.62	4185.64	451	0	12
2026.10.02	11:20:00	4185.59	4186.55	4184.89	4185.25	477	0	12
2026.10.02	11:21:00	4185.24	4189.45	4185.17	4186.88	548	0	12
2026.10.02	11:22:00	4186.92	4186.92	4184.81	4184.86	466	0	12
2026.10.02	11:23:00	4184.88	4185.25	4183.96	4184.32	412	0	12
2026.10.02	11:24:00	4184.33	4184.82	4183.47	4184.33	410	0	12
2026.10.02	11:25:00	4184.36	4184.58	4183.43	4184.21	465	0	12
2026.10.02	11:26:00	4184.22	4184.30	4183.75	4184.07	412	0	12
2026.10.02	11:27:00	4184.11	4184.84	4183.81	4184.81	403	0	12
2026.10.02	11:28:00	4184.81	4185.26	4182.95	4183.01	419	0	12
2026.10.02	11:29:00	4183.01	4185.56	4182.43	4185.50	482	0	12
2026.10.02	11:30:00	4185.45	4186.36	4183.35	4183.35	605	0	12
2026.10.02	11:31:00	4183.38	4184.14	4182.49	4183.13	488	0	12
2026.10.02	11:32:00	4183.11	4183.35	4181.20	4183.22	482	0	12
2026.10.02	11:33:00	4183.21	4183.21	4181.43	4182.46	521	0	12
2026.10.02	11:34:00	4182.47	4182.61	4181.11	4182.02	449	0	12
2026.10.02	11:35:00	4182.02	4183.85	4182.00	4183.30	486	0	12
2026.10.02	11:36:00	4183.30	4184.95	4183.30	4183.45	504	0	12
2026.10.02	11:37:00	4183.44	4184.57	4183.44	4183.88	460	0	12
2026.10.02	11:38:00	4183.87	4184.13	4182.25	4183.42	374	0	12
2026.10.02	11:39:00	4183.42	4183.90	4182.15	4183.56	421	0	12
2026.10.02	11:40:00	4183.62	4185.42	4183.09	4183.57	449	0	12
2026.10.02	11:41:00	4183.57	4183.57	4182.01	4182.19	421	0	12
2026.10.02	11:42:00	4182.18	4182.43	4181.40	4182.07	335	0	12
2026.10.02	11:43:00	4182.08	4182.73	4181.69	4181.71	391	0	12
2026.10.02	11:44:00	4181.72	4181.81	4180.61	4180.72	384	0	12
2026.10.02	11:45:00	4180.72	4181.63	4180.56	4181.54	429	0	12
2026.10.02	11:46:00	4181.55	4181.57	4179.63	4179.63	448	0	12
2026.10.02	11:47:00	4179.66	4181.07	4179.33	4179.57	450	0	12
2026.10.02	11:48:00	4179.55	4181.07	4179.51	4180.27	493	0	12
2026.10.02	11:49:00	4180.29	4181.72	4180.04	4181.72	422	0	12
2026.10.02	11:50:00	4181.73	4183.96	4181.73	4183.23	501	0	12
2026.10.02	11:51:00	4183.24	4183.48	4182.91	4183.47	394	0	12
2026.10.02	11:52:00	4183.47	4183.48	4182.30	4182.59	387	0	12
2026.10.02	11:53:00	4182.61	4183.60	4182.45	4182.65	358	0	12
2026.10.02	11:54:00	4182.61	4183.79	4182.57	4183.65	384	0	12
2026.10.02	11:55:00	4183.64	4184.77	4183.10	4184.42	339	0	12
2026.10.02	11:56:00	4184.43	4185.66	4184.20	4185.32	338	0	12
2026.10.02	11:57:00	4185.31	4186.53	4185.12	4185.52	358	0	12
2026.10.02	11:58:00	4185.49	4185.57	4184.72	4185.44	322	0	12
2026.10.02	11:59:00	4185.45	4186.00	4184.28	4184.29	317	0	12
2026.10.02	12:00:00	4184.30	4184.70	4182.27	4183.36	493	0	12
2026.10.02	12:01:00	4183.36	4183.56	4181.42	4182.19	475	0	12
2026.10.02	12:02:00	4182.18	4182.56	4181.47	4182.36	402	0	12
2026.10.02	12:03:00	4182.33	4182.48	4180.99	4182.00	468	0	12
2026.10.02	12:04:00	4182.00	4183.18	4182.00	4182.86	384	0	12
2026.10.02	12:05:00	4182.85	4183.23	4182.34	4182.34	385	0	12
2026.10.02	12:06:00	4182.33	4182.38	4181.70	4182.24	380	0	12
2026.10.02	12:07:00	4182.24	4182.84	4181.93	4182.68	371	0	12
2026.10.02	12:08:00	4182.68	4183.20	4182.20	4182.32	355	0	12
2026.10.02	12:09:00	4182.32	4183.53	4182.24	4183.21	368	0	12
2026.10.02	12:10:00	4183.23	4185.63	4183.22	4184.85	451	0	12
2026.10.02	12:11:00	4184.86	4184.97	4184.17	4184.55	387	0	12
2026.10.02	12:12:00	4184.57	4185.94	4184.49	4185.92	389	0	12
2026.10.02	12:13:00	4185.94	4188.61	4185.94	4187.50	464	0	12
2026.10.02	12:14:00	4187.60	4187.89	4186.01	4186.44	456	0	12
2026.10.02	12:15:00	4186.44	4186.90	4185.41	4185.41	427	0	12
2026.10.02	12:16:00	4185.40	4187.61	4184.89	4186.65	565	0	12
2026.10.02	12:17:00	4186.66	4187.25	4185.46	4185.62	481	0	12
2026.10.02	12:18:00	4185.63	4186.11	4184.71	4184.98	393	0	12
2026.10.02	12:19:00	4184.98	4186.23	4184.47	4185.99	439	0	12
2026.10.02	12:20:00	4185.99	4186.73	4185.62	4185.62	401	0	12
2026.10.02	12:21:00	4185.62	4186.07	4183.87	4185.39	415	0	12
2026.10.02	12:22:00	4185.36	4186.58	4185.07	4186.58	399	0	12
2026.10.02	12:23:00	4186.57	4186.68	4184.75	4184.76	371	0	12
2026.10.02	12:24:00	4184.76	4185.87	4184.67	4185.12	348	0	12
2026.10.02	12:25:00	4185.11	4186.96	4185.03	4186.84	407	0	12
2026.10.02	12:26:00	4186.85	4187.65	4186.40	4187.31	365	0	12
2026.10.02	12:27:00	4187.33	4187.36	4185.61	4185.96	368	0	12
2026.10.02	12:28:00	4185.97	4186.59	4185.47	4186.38	391	0	12
2026.10.02	12:29:00	4186.39	4187.03	4186.03	4186.61	419	0	12
2026.10.02	12:30:00	4186.67	4188.52	4185.52	4188.12	466	0	12
2026.10.02	12:31:00	4188.12	4188.30	4186.73	4187.44	408	0	12
2026.10.02	12:32:00	4187.43	4187.87	4186.16	4186.23	364	0	12
2026.10.02	12:33:00	4186.23	4186.91	4184.72	4186.37	403	0	12
2026.10.02	12:34:00	4186.36	4186.45	4184.77	4185.26	426	0	12
2026.10.02	12:35:00	4185.26	4185.29	4183.68	4184.05	401	0	12
2026.10.02	12:36:00	4184.06	4185.50	4183.94	4184.34	384	0	12
2026.10.02	12:37:00	4184.29	4184.65	4182.09	4182.35	349	0	12
2026.10.02	12:38:00	4182.37	4183.05	4181.74	4182.85	374	0	12
2026.10.02	12:39:00	4182.85	4183.61	4182.38	4183.58	261	0	12
2026.10.02	12:40:00	4183.58	4184.83	4183.54	4184.33	376	0	12
2026.10.02	12:41:00	4184.33	4184.93	4184.13	4184.55	331	0	12
2026.10.02	12:42:00	4184.55	4185.31	4184.36	4185.04	347	0	12
2026.10.02	12:43:00	4185.05	4185.60	4184.01	4184.20	317	0	12
2026.10.02	12:44:00	4184.22	4184.60	4184.16	4184.38	299	0	12
2026.10.02	12:45:00	4184.38	4184.38	4183.01	4183.22	351	0	12
2026.10.02	12:46:00	4183.23	4183.24	4179.97	4181.31	457	0	12
2026.10.02	12:47:00	4181.31	4181.52	4179.40	4180.26	621	0	12
2026.10.02	12:48:00	4180.25	4182.95	4179.79	4182.93	486	0	12
2026.10.02	12:49:00	4182.94	4185.39	4182.18	4182.98	649	0	12
2026.10.02	12:50:00	4182.99	4184.01	4182.81	4183.72	509	0	12
2026.10.02	12:51:00	4183.72	4184.33	4183.59	4183.82	467	0	12
2026.10.02	12:52:00	4183.80	4184.60	4182.73	4182.73	451	0	12
2026.10.02	12:53:00	4182.73	4187.42	4182.73	4187.42	497	0	12
2026.10.02	12:54:00	4187.42	4187.66	4186.34	4186.36	418	0	12
2026.10.02	12:55:00	4186.37	4186.65	4185.73	4186.48	397	0	12
2026.10.02	12:56:00	4186.48	4186.99	4185.59	4186.37	310	0	12
2026.10.02	12:57:00	4186.37	4186.65	4185.43	4185.44	385	0	12
2026.10.02	12:58:00	4185.44	4185.61	4184.22	4184.67	315	0	12
2026.10.02	12:59:00	4184.67	4185.71	4183.92	4184.14	343	0	12
2026.10.02	13:00:00	4184.14	4185.90	4183.66	4184.72	427	0	12
2026.10.02	13:01:00	4184.70	4184.77	4183.40	4183.95	402	0	12
2026.10.02	13:02:00	4183.96	4184.06	4182.18	4183.25	462	0	12
2026.10.02	13:03:00	4183.25	4183.82	4181.79	4182.43	405	0	12
2026.10.02	13:04:00	4182.46	4185.66	4182.16	4183.74	468	0	12
2026.10.02	13:05:00	4183.74	4183.83	4182.01	4182.07	445	0	12
2026.10.02	13:06:00	4182.02	4182.35	4179.50	4180.07	453	0	12
2026.10.02	13:07:00	4180.07	4180.26	4178.60	4178.99	415	0	12
2026.10.02	13:08:00	4178.99	4179.87	4178.31	4179.57	395	0	12
2026.10.02	13:09:00	4179.55	4179.73	4178.13	4178.14	330	0	12
2026.10.02	13:10:00	4178.14	4178.16	4176.20	4176.43	435	0	12
2026.10.02	13:11:00	4176.49	4176.52	4174.66	4174.66	363	0	12
2026.10.02	13:12:00	4174.66	4176.09	4171.71	4171.71	486	0	12
2026.10.02	13:13:00	4171.75	4171.76	4169.94	4171.38	518	0	12
2026.10.02	13:14:00	4171.38	4172.86	4171.19	4171.82	455	0	12
2026.10.02	13:15:00	4171.83	4171.83	4170.83	4171.23	473	0	12
2026.10.02	13:16:00	4171.22	4171.96	4170.12	4171.58	451	0	12
2026.10.02	13:17:00	4171.56	4173.13	4170.90	4172.57	487	0	12
2026.10.02	13:18:00	4172.57	4173.15	4171.13	4171.13	422	0	12
2026.10.02	13:19:00	4171.13	4171.45	4170.10	4170.69	440	0	12
2026.10.02	13:20:00	4170.70	4170.90	4168.68	4169.09	507	0	12
2026.10.02	13:21:00	4169.08	4169.08	4166.13	4167.35	631	0	12
2026.10.02	13:22:00	4167.37	4168.99	4166.94	4167.15	543	0	12
2026.10.02	13:23:00	4167.14	4170.02	4166.96	4168.23	473	0	12
2026.10.02	13:24:00	4168.30	4168.82	4166.31	4168.79	554	0	12
2026.10.02	13:25:00	4168.77	4170.88	4168.73	4170.10	534	0	12
2026.10.02	13:26:00	4170.11	4170.72	4169.40	4169.87	457	0	12
2026.10.02	13:27:00	4169.71	4173.24	4169.13	4173.13	467	0	12
2026.10.02	13:28:00	4173.14	4173.48	4172.43	4173.28	477	0	12
2026.10.02	13:29:00	4173.28	4174.35	4172.93	4174.11	427	0	12
2026.10.02	13:30:00	4174.09	4174.67	4173.41	4173.76	496	0	12
2026.10.02	13:31:00	4173.74	4174.91	4173.57	4174.39	469	0	12
2026.10.02	13:32:00	4174.39	4175.53	4173.77	4174.61	438	0	12
2026.10.02	13:33:00	4174.58	4176.72	4174.30	4176.63	400	0	12
2026.10.02	13:34:00	4176.62	4178.14	4176.55	4178.07	422	0	12
2026.10.02	13:35:00	4178.07	4178.92	4177.96	4178.76	369	0	12
2026.10.02	13:36:00	4178.75	4178.85	4177.88	4178.77	392	0	12
2026.10.02	13:37:00	4178.77	4179.31	4177.32	4177.32	437	0	12
2026.10.02	13:38:00	4177.33	4178.23	4176.95	4177.59	395	0	12
2026.10.02	13:39:00	4177.60	4178.93	4177.60	4178.10	362	0	12
2026.10.02	13:40:00	4178.13	4179.21	4177.74	4179.03	388	0	12
2026.10.02	13:41:00	4179.04	4180.12	4178.73	4179.81	355	0	12
2026.10.02	13:42:00	4179.80	4179.96	4178.38	4178.89	401	0	12
2026.10.02	13:43:00	4178.89	4181.03	4178.83	4180.42	385	0	12
2026.10.02	13:44:00	4180.42	4182.79	4179.74	4181.71	429	0	12
2026.10.02	13:45:00	4181.72	4182.37	4180.18	4180.18	404	0	12
2026.10.02	13:46:00	4180.19	4181.44	4179.71	4180.89	450	0	12
2026.10.02	13:47:00	4180.93	4182.35	4180.89	4181.99	453	0	12
2026.10.02	13:48:00	4182.00	4182.86	4180.31	4180.42	409	0	12
2026.10.02	13:49:00	4180.42	4182.07	4180.41	4180.75	400	0	12
2026.10.02	13:50:00	4180.75	4181.88	4179.82	4181.59	437	0	12
2026.10.02	13:51:00	4181.59	4182.22	4180.73	4181.14	456	0	12
2026.10.02	13:52:00	4181.10	4181.95	4180.86	4181.14	415	0	12
2026.10.02	13:53:00	4181.14	4181.22	4179.86	4180.53	365	0	12
2026.10.02	13:54:00	4180.53	4180.95	4179.51	4180.81	319	0	12
2026.10.02	13:55:00	4180.82	4180.85	4179.86	4180.68	376	0	12
2026.10.02	13:56:00	4180.68	4182.79	4180.68	4182.12	408	0	12
2026.10.02	13:57:00	4182.12	4182.59	4181.76	4181.89	355	0	12
2026.10.02	13:58:00	4181.89	4182.15	4180.78	4181.58	369	0	12
2026.10.02	13:59:00	4181.58	4182.81	4181.20	4182.59	414	0	12
2026.10.02	14:00:00	4182.58	4183.85	4182.08	4183.26	564	0	12
2026.10.02	14:01:00	4183.26	4184.01	4182.62	4184.00	408	0	12
2026.10.02	14:02:00	4184.00	4184.60	4182.34	4182.34	479	0	12
2026.10.02	14:03:00	4182.29	4184.26	4181.71	4184.10	458	0	12
2026.10.02	14:04:00	4184.10	4184.97	4183.16	4184.39	404	0	12
2026.10.02	14:05:00	4184.34	4185.26	4183.74	4184.62	415	0	12
2026.10.02	14:06:00	4184.62	4185.62	4184.20	4185.37	371	0	12
2026.10.02	14:07:00	4185.32	4187.30	4184.69	4187.28	445	0	12
2026.10.02	14:08:00	4187.29	4187.29	4186.13	4186.73	405	0	12
2026.10.02	14:09:00	4186.71	4188.42	4185.35	4187.41	470	0	12
2026.10.02	14:10:00	4187.40	4187.58	4186.34	4187.54	454	0	12
2026.10.02	14:11:00	4187.51	4187.63	4184.18	4184.31	431	0	12
2026.10.02	14:12:00	4184.31	4186.23	4183.77	4184.62	514	0	12
2026.10.02	14:13:00	4184.61	4185.60	4184.51	4185.23	435	0	12
2026.10.02	14:14:00	4185.20	4187.42	4184.39	4187.39	474	0	12
2026.10.02	14:15:00	4187.40	4188.31	4186.51	4188.01	483	0	12
2026.10.02	14:16:00	4188.01	4188.34	4185.13	4185.33	495	0	12
2026.10.02	14:17:00	4185.26	4186.05	4183.57	4184.69	512	0	12
2026.10.02	14:18:00	4184.69	4185.77	4184.03	4185.77	398	0	12
2026.10.02	14:19:00	4185.76	4186.56	4185.28	4186.35	422	0	12
2026.10.02	14:20:00	4186.33	4186.84	4186.03	4186.25	378	0	12
2026.10.02	14:21:00	4186.26	4186.28	4183.97	4184.37	386	0	12
2026.10.02	14:22:00	4184.38	4184.62	4183.52	4184.50	393	0	12
2026.10.02	14:23:00	4184.49	4184.82	4183.82	4184.76	393	0	12
2026.10.02	14:24:00	4184.77	4184.77	4183.81	4184.51	342	0	12
2026.10.02	14:25:00	4184.48	4185.76	4183.98	4184.62	403	0	12
2026.10.02	14:26:00	4184.58	4185.15	4183.68	4185.03	382	0	12
2026.10.02	14:27:00	4185.03	4185.20	4182.31	4182.87	365	0	12
2026.10.02	14:28:00	4182.87	4183.09	4181.55	4181.82	357	0	12
2026.10.02	14:29:00	4181.80	4181.97	4180.53	4180.75	402	0	12
2026.10.02	14:30:00	4180.76	4181.78	4180.36	4180.63	430	0	12
2026.10.02	14:31:00	4180.63	4181.56	4180.10	4181.47	399	0	12
2026.10.02	14:32:00	4181.46	4183.57	4180.08	4182.92	460	0	12
2026.10.02	14:33:00	4182.86	4182.86	4179.53	4180.77	487	0	12
2026.10.02	14:34:00	4180.79	4181.03	4178.92	4179.99	363	0	12
2026.10.02	14:35:00	4180.00	4181.67	4179.70	4180.96	414	0	12
2026.10.02	14:36:00	4180.96	4182.10	4180.76	4181.99	372	0	12
2026.10.02	14:37:00	4181.99	4182.21	4181.17	4181.73	401	0	12
2026.10.02	14:38:00	4181.67	4182.01	4181.19	4181.50	416	0	12
2026.10.02	14:39:00	4181.51	4181.92	4181.20	4181.76	357	0	12
2026.10.02	14:40:00	4181.76	4182.34	4180.60	4180.73	416	0	12
2026.10.02	14:41:00	4180.74	4180.89	4178.94	4179.00	395	0	12
2026.10.02	14:42:00	4178.97	4179.39	4178.30	4178.74	403	0	12
2026.10.02	14:43:00	4178.74	4180.93	4178.74	4178.95	413	0	12
2026.10.02	14:44:00	4178.92	4180.11	4178.92	4179.63	459	0	12
2026.10.02	14:45:00	4179.64	4179.64	4178.04	4178.28	379	0	12
2026.10.02	14:46:00	4178.28	4179.17	4178.10	4179.13	416	0	12
2026.10.02	14:47:00	4179.13	4179.50	4178.09	4178.52	402	0	12
2026.10.02	14:48:00	4178.51	4179.09	4178.10	4178.68	444	0	12
2026.10.02	14:49:00	4178.69	4179.75	4178.45	4179.54	512	0	12
2026.10.02	14:50:00	4179.54	4179.72	4177.71	4178.48	435	0	12
2026.10.02	14:51:00	4178.47	4178.47	4176.79	4177.48	468	0	12
2026.10.02	14:52:00	4177.50	4181.68	4177.18	4180.80	471	0	12
2026.10.02	14:53:00	4180.81	4181.74	4179.96	4180.22	436	0	12
2026.10.02	14:54:00	4180.23	4182.32	4179.99	4182.24	445	0	12
2026.10.02	14:55:00	4182.22	4182.74	4180.87	4180.95	461	0	12
2026.10.02	14:56:00	4180.96	4183.35	4180.96	4183.31	473	0	12
2026.10.02	14:57:00	4183.28	4185.29	4183.15	4183.59	553	0	12
2026.10.02	14:58:00	4183.61	4183.68	4182.29	4183.12	424	0	12
2026.10.02	14:59:00	4183.13	4183.13	4181.39	4181.51	408	0	12
2026.10.02	15:00:00	4181.51	4181.71	4180.33	4180.60	543	0	12
2026.10.02	15:01:00	4180.59	4180.95	4179.61	4180.83	459	0	12
2026.10.02	15:02:00	4180.82	4181.14	4179.20	4179.55	468	0	12
2026.10.02	15:03:00	4179.65	4179.82	4178.01	4178.32	424	0	12
2026.10.02	15:04:00	4178.40	4179.22	4178.03	4178.48	466	0	12
2026.10.02	15:05:00	4178.47	4180.93	4178.41	4179.63	537	0	12
2026.10.02	15:06:00	4179.60	4181.51	4179.40	4181.46	495	0	12
2026.10.02	15:07:00	4181.44	4181.66	4179.65	4180.57	492	0	12
2026.10.02	15:08:00	4180.59	4181.99	4180.10	4181.99	517	0	12
2026.10.02	15:09:00	4182.09	4182.17	4178.87	4179.07	489	0	12
2026.10.02	15:10:00	4179.06	4179.92	4178.37	4179.13	446	0	12
2026.10.02	15:11:00	4179.18	4179.41	4176.46	4176.71	460	0	12
2026.10.02	15:12:00	4176.70	4176.84	4175.30	4175.99	467	0	12
2026.10.02	15:13:00	4175.98	4176.18	4174.68	4174.90	459	0	12
2026.10.02	15:14:00	4174.91	4177.98	4174.65	4177.81	495	0	12
2026.10.02	15:15:00	4177.83	4177.83	4175.97	4176.97	450	0	12
2026.10.02	15:16:00	4176.98	4178.28	4176.24	4177.37	416	0	12
2026.10.02	15:17:00	4177.38	4177.77	4176.58	4177.77	494	0	12
2026.10.02	15:18:00	4177.81	4180.21	4177.59	4180.20	450	0	12
2026.10.02	15:19:00	4180.20	4182.53	4179.02	4180.80	593	0	12
2026.10.02	15:20:00	4180.80	4181.79	4178.18	4178.84	573	0	12
2026.10.02	15:21:00	4178.87	4182.00	4178.87	4181.83	567	0	12
2026.10.02	15:22:00	4181.83	4182.95	4179.54	4179.59	505	0	12
2026.10.02	15:23:00	4179.55	4180.22	4177.99	4178.99	492	0	12
2026.10.02	15:24:00	4178.97	4180.44	4177.22	4177.22	535	0	12
2026.10.02	15:25:00	4177.23	4179.86	4175.48	4179.40	565	0	12
2026.10.02	15:26:00	4179.41	4181.25	4179.41	4180.05	429	0	12
2026.10.02	15:27:00	4180.05	4182.30	4179.68	4181.64	410	0	12
2026.10.02	15:28:00	4181.66	4182.36	4179.71	4181.23	523	0	12
2026.10.02	15:29:00	4181.22	4186.72	4181.11	4186.71	547	0	12
2026.10.02	15:30:00	4186.69	4220.82	4186.33	4214.40	900	0	12
2026.10.02	15:31:00	4214.37	4224.59	4212.69	4218.53	878	0	12
2026.10.02	15:32:00	4218.53	4224.96	4216.96	4220.39	881	0	12
2026.10.02	15:33:00	4220.53	4221.10	4209.55	4212.31	849	0	12
2026.10.02	15:34:00	4212.36	4222.86	4211.53	4222.38	826	0	12
2026.10.02	15:35:00	4222.44	4225.39	4219.14	4224.42	815	0	12
2026.10.02	15:36:00	4224.41	4224.48	4217.26	4220.90	829	0	12
2026.10.02	15:37:00	4220.91	4222.44	4215.07	4222.38	795	0	12
2026.10.02	15:38:00	4222.36	4223.94	4219.41	4220.43	806	0	12
2026.10.02	15:39:00	4220.38	4220.69	4217.66	4217.93	785	0	12
2026.10.02	15:40:00	4217.91	4218.98	4211.47	4212.78	771	0	12
2026.10.02	15:41:00	4212.79	4214.18	4207.08	4208.65	766	0	12
2026.10.02	15:42:00	4208.69	4209.93	4206.16	4208.12	739	0	12
2026.10.02	15:43:00	4208.17	4213.83	4207.77	4211.82	747	0	12
2026.10.02	15:44:00	4211.84	4216.72	4209.58	4210.60	737	0	12
2026.10.02	15:45:00	4210.85	4212.55	4207.59	4208.78	777	0	12
2026.10.02	15:46:00	4208.72	4215.20	4208.72	4213.54	727	0	12
2026.10.02	15:47:00	4213.50	4214.66	4210.99	4212.67	728	0	12
2026.10.02	15:48:00	4212.77	4212.92	4210.12	4210.74	674	0	12
2026.10.02	15:49:00	4210.70	4214.44	4210.69	4211.58	695	0	12
2026.10.02	15:50:00	4211.61	4215.44	4209.25	4212.19	713	0	12
2026.10.02	15:51:00	4212.30	4212.47	4205.51	4206.51	726	0	12
2026.10.02	15:52:00	4206.54	4207.14	4203.91	4205.60	725	0	12
2026.10.02	15:53:00	4205.58	4208.05	4204.39	4208.03	702	0	12
2026.10.02	15:54:00	4207.98	4212.12	4207.83	4211.67	712	0	12
2026.10.02	15:55:00	4211.75	4214.03	4210.85	4210.85	728	0	12
2026.10.02	15:56:00	4210.78	4215.10	4208.22	4214.88	754	0	12
2026.10.02	15:57:00	4214.94	4215.22	4211.15	4213.39	731	0	12
2026.10.02	15:58:00	4213.49	4219.75	4213.28	4219.73	708	0	12
2026.10.02	15:59:00	4219.77	4220.54	4215.78	4217.73	699	0	12
2026.10.02	16:00:00	4217.72	4221.55	4216.31	4217.77	757	0	12
2026.10.02	16:01:00	4218.17	4224.07	4218.10	4223.16	793	0	12
2026.10.02	16:02:00	4223.15	4225.35	4221.81	4222.68	769	0	12
2026.10.02	16:03:00	4222.66	4223.75	4219.00	4223.45	742	0	12
2026.10.02	16:04:00	4223.45	4223.95	4219.29	4219.96	746	0	12
2026.10.02	16:05:00	4219.91	4220.63	4213.68	4214.74	765	0	12
2026.10.02	16:06:00	4214.74	4217.13	4210.30	4210.58	761	0	12
2026.10.02	16:07:00	4210.59	4210.77	4204.64	4206.73	747	0	12
2026.10.02	16:08:00	4206.74	4207.14	4203.99	4206.81	686	0	12
2026.10.02	16:09:00	4206.81	4207.71	4205.01	4205.01	672	0	12
2026.10.02	16:10:00	4204.99	4205.96	4202.81	4205.96	680	0	12
2026.10.02	16:11:00	4205.97	4205.99	4202.40	4203.02	654	0	12
2026.10.02	16:12:00	4203.03	4203.80	4199.27	4199.80	676	0	12
2026.10.02	16:13:00	4199.67	4200.50	4197.98	4198.68	636	0	12
2026.10.02	16:14:00	4198.68	4199.43	4195.29	4195.75	677	0	12
2026.10.02	16:15:00	4195.75	4196.41	4192.82	4193.80	701	0	12
2026.10.02	16:16:00	4193.76	4194.68	4191.65	4194.29	682	0	12
2026.10.02	16:17:00	4194.29	4196.17	4192.76	4192.81	668	0	12
2026.10.02	16:18:00	4192.87	4194.08	4191.80	4192.37	615	0	12
2026.10.02	16:19:00	4192.35	4193.46	4190.32	4190.70	613	0	12
2026.10.02	16:20:00	4190.72	4191.99	4189.81	4190.99	654	0	12
2026.10.02	16:21:00	4190.95	4193.02	4188.18	4188.38	690	0	12
2026.10.02	16:22:00	4188.51	4189.87	4186.02	4186.87	653	0	12
2026.10.02	16:23:00	4186.88	4187.37	4184.18	4186.68	716	0	12
2026.10.02	16:24:00	4186.65	4190.74	4185.61	4190.58	639	0	12
2026.10.02	16:25:00	4190.60	4193.42	4189.92	4192.84	681	0	12
2026.10.02	16:26:00	4192.82	4192.99	4189.51	4189.67	579	0	12
2026.10.02	16:27:00	4189.66	4192.77	4189.45	4192.15	600	0	12
2026.10.02	16:28:00	4192.14	4193.72	4191.74	4193.63	603	0	12
2026.10.02	16:29:00	4193.62	4195.27	4192.85	4193.47	625	0	12
2026.10.02	16:30:00	4193.42	4194.80	4191.03	4191.03	770	0	12
2026.10.02	16:31:00	4190.86	4193.99	4188.81	4192.45	783	0	12
2026.10.02	16:32:00	4192.45	4196.10	4191.44	4194.13	743	0	12
2026.10.02	16:33:00	4194.20	4196.67	4193.32	4195.52	735	0	12
2026.10.02	16:34:00	4195.52	4197.75	4194.24	4195.26	688	0	12
2026.10.02	16:35:00	4195.15	4196.41	4192.90	4193.87	738	0	12
2026.10.02	16:36:00	4193.84	4196.05	4191.97	4193.92	724	0	12
2026.10.02	16:37:00	4193.92	4199.41	4193.81	4197.31	765	0	12
2026.10.02	16:38:00	4197.30	4199.79	4194.46	4198.91	729	0	12
2026.10.02	16:39:00	4199.09	4202.02	4197.54	4199.68	740	0	12
2026.10.02	16:40:00	4199.71	4199.82	4193.08	4194.77	718	0	12
2026.10.02	16:41:00	4194.78	4195.00	4189.87	4192.85	741	0	12
2026.10.02	16:42:00	4192.84	4194.86	4190.39	4190.74	715	0	12
2026.10.02	16:43:00	4190.74	4191.28	4186.76	4187.03	702	0	12
2026.10.02	16:44:00	4187.03	4189.11	4183.23	4186.31	782	0	12
2026.10.02	16:45:00	4186.37	4192.52	4186.31	4189.44	758	0	12
2026.10.02	16:46:00	4189.41	4191.03	4187.37	4188.08	737	0	12
2026.10.02	16:47:00	4188.06	4191.36	4187.18	4191.31	726	0	12
2026.10.02	16:48:00	4191.27	4192.38	4188.73	4188.90	713	0	12
2026.10.02	16:49:00	4188.90	4192.83	4186.22	4191.16	730	0	12
2026.10.02	16:50:00	4191.15	4193.10	4187.59	4192.99	749	0	12
2026.10.02	16:51:00	4192.85	4192.86	4190.00	4190.09	696	0	12
2026.10.02	16:52:00	4190.11	4191.61	4185.44	4186.53	714	0	12
2026.10.02	16:53:00	4186.44	4186.61	4182.48	4182.57	716	0	12
2026.10.02	16:54:00	4182.67	4185.19	4182.51	4184.57	707	0	12
2026.10.02	16:55:00	4184.49	4184.65	4178.54	4178.95	717	0	12
2026.10.02	16:56:00	4178.99	4181.78	4178.25	4181.11	716	0	12
2026.10.02	16:57:00	4181.11	4189.33	4179.74	4187.33	723	0	12
2026.10.02	16:58:00	4187.41	4191.80	4187.29	4191.80	827	0	12
2026.10.02	16:59:00	4191.78	4191.85	4188.84	4191.35	671	0	12
2026.10.02	17:00:00	4191.37	4191.70	4183.53	4186.18	755	0	12
2026.10.02	17:01:00	4186.18	4187.73	4183.23	4184.65	790	0	12
2026.10.02	17:02:00	4184.69	4190.72	4184.37	4189.79	763	0	12
2026.10.02	17:03:00	4189.78	4193.33	4189.55	4192.17	688	0	12
2026.10.02	17:04:00	4192.14	4196.83	4192.14	4194.00	746	0	12
2026.10.02	17:05:00	4193.92	4195.15	4190.16	4192.09	767	0	12
2026.10.02	17:06:00	4192.08	4192.25	4183.31	4183.65	750	0	12
2026.10.02	17:07:00	4183.64	4187.37	4182.75	4185.49	747	0	12
2026.10.02	17:08:00	4185.49	4186.41	4183.34	4184.23	707	0	12
2026.10.02	17:09:00	4184.20	4187.30	4182.37	4182.37	721	0	12
2026.10.02	17:10:00	4182.34	4185.67	4180.91	4185.15	732	0	12
2026.10.02	17:11:00	4185.13	4185.21	4179.70	4180.33	710	0	12
2026.10.02	17:12:00	4180.34	4184.06	4179.62	4183.57	682	0	12
2026.10.02	17:13:00	4183.55	4185.35	4183.01	4184.18	663	0	12
2026.10.02	17:14:00	4184.14	4189.87	4183.69	4189.06	712	0	12
2026.10.02	17:15:00	4189.03	4190.47	4186.44	4186.81	710	0	12
2026.10.02	17:16:00	4186.76	4187.92	4185.51	4185.64	701	0	12
2026.10.02	17:17:00	4185.67	4188.11	4184.97	4185.90	678	0	12
2026.10.02	17:18:00	4185.91	4188.02	4185.91	4187.97	661	0	12
2026.10.02	17:19:00	4188.00	4191.74	4186.27	4191.71	647	0	12
2026.10.02	17:20:00	4191.71	4193.15	4187.09	4187.38	693	0	12
2026.10.02	17:21:00	4187.38	4187.82	4185.31	4185.69	675	0	12
2026.10.02	17:22:00	4185.69	4185.94	4181.53	4182.19	689	0	12
2026.10.02	17:23:00	4182.27	4183.27	4181.08	4181.93	653	0	12
2026.10.02	17:24:00	4181.93	4183.49	4181.61	4183.18	593	0	12
2026.10.02	17:25:00	4183.13	4183.14	4178.05	4178.10	664	0	12
2026.10.02	17:26:00	4178.10	4180.87	4177.37	4178.90	661	0	12
2026.10.02	17:27:00	4178.87	4179.84	4176.68	4176.92	639	0	12
2026.10.02	17:28:00	4176.91	4177.08	4173.96	4175.47	642	0	12
2026.10.02	17:29:00	4175.45	4176.87	4174.23	4174.36	629	0	12
2026.10.02	17:30:00	4174.36	4174.41	4169.19	4172.17	783	0	12
2026.10.02	17:31:00	4172.15	4172.30	4170.13	4171.61	716	0	12
2026.10.02	17:32:00	4171.61	4175.11	4171.54	4173.16	682	0	12
2026.10.02	17:33:00	4173.18	4173.85	4170.92	4173.27	693	0	12
2026.10.02	17:34:00	4173.16	4176.20	4170.06	4175.98	690	0	12
2026.10.02	17:35:00	4176.07	4178.88	4174.39	4177.22	675	0	12
2026.10.02	17:36:00	4177.17	4177.17	4174.93	4176.44	651	0	12
2026.10.02	17:37:00	4176.42	4177.32	4172.13	4172.38	676	0	12
2026.10.02	17:38:00	4172.22	4173.66	4171.75	4173.46	649	0	12
2026.10.02	17:39:00	4173.45	4177.37	4173.45	4175.39	670	0	12
2026.10.02	17:40:00	4175.39	4177.60	4174.96	4177.60	632	0	12
2026.10.02	17:41:00	4177.54	4179.33	4176.42	4179.20	639	0	12
2026.10.02	17:42:00	4179.25	4181.36	4178.34	4178.96	613	0	12
2026.10.02	17:43:00	4179.00	4179.28	4176.81	4177.60	629	0	12
2026.10.02	17:44:00	4177.62	4178.53	4174.97	4175.94	647	0	12
2026.10.02	17:45:00	4175.94	4175.98	4173.20	4173.46	633	0	12
2026.10.02	17:46:00	4173.48	4176.41	4173.48	4175.42	640	0	12
2026.10.02	17:47:00	4175.44	4176.76	4174.75	4175.76	606	0	12
2026.10.02	17:48:00	4175.77	4176.06	4172.35	4173.23	620	0	12
2026.10.02	17:49:00	4173.24	4174.04	4170.53	4170.74	594	0	12
2026.10.02	17:50:00	4170.81	4171.02	4166.79	4169.20	719	0	12
2026.10.02	17:51:00	4169.19	4170.70	4168.83	4170.63	660	0	12
2026.10.02	17:52:00	4170.65	4170.65	4162.93	4163.81	683	0	12
2026.10.02	17:53:00	4163.83	4165.01	4160.96	4162.50	699	0	12
2026.10.02	17:54:00	4162.51	4163.16	4157.72	4157.72	695	0	12
2026.10.02	17:55:00	4157.78	4158.06	4155.88	4157.49	686	0	12
2026.10.02	17:56:00	4157.46	4159.94	4156.24	4159.23	682	0	12
2026.10.02	17:57:00	4159.24	4159.38	4156.89	4157.86	675	0	12
2026.10.02	17:58:00	4157.81	4157.88	4155.43	4157.85	654	0	12
2026.10.02	17:59:00	4157.92	4159.08	4156.74	4159.02	589	0	12
2026.10.02	18:00:00	4158.98	4160.06	4156.69	4156.69	702	0	12
2026.10.02	18:01:00	4156.69	4156.69	4151.73	4152.67	692	0	12
2026.10.02	18:02:00	4152.67	4155.50	4150.66	4153.54	725	0	12
2026.10.02	18:03:00	4153.54	4154.37	4149.88	4151.25	703	0	12
2026.10.02	18:04:00	4151.27	4152.73	4150.42	4151.73	645	0	12
2026.10.02	18:05:00	4151.78	4154.00	4151.77	4152.64	690	0	12
2026.10.02	18:06:00	4152.63	4152.68	4145.54	4147.69	693	0	12
2026.10.02	18:07:00	4147.69	4147.69	4144.85	4147.02	716	0	12
2026.10.02	18:08:00	4147.03	4149.08	4145.39	4148.47	683	0	12
2026.10.02	18:09:00	4148.48	4148.85	4144.35	4147.10	690	0	12
2026.10.02	18:10:00	4147.12	4149.00	4144.51	4146.34	707	0	12
2026.10.02	18:11:00	4146.31	4146.52	4142.84	4143.69	703	0	12
2026.10.02	18:12:00	4143.77	4144.75	4142.21	4143.99	652	0	12
2026.10.02	18:13:00	4143.98	4145.43	4143.34	4144.81	680	0	12
2026.10.02	18:14:00	4144.83	4146.86	4143.57	4145.45	633	0	12
2026.10.02	18:15:00	4145.44	4146.96	4141.14	4142.45	724	0	12
2026.10.02	18:16:00	4142.40	4143.47	4139.66	4139.80	748	0	12
2026.10.02	18:17:00	4139.85	4143.19	4139.28	4142.01	628	0	12
2026.10.02	18:18:00	4142.02	4144.90	4141.09	4143.23	654	0	12
2026.10.02	18:19:00	4143.23	4144.50	4140.85	4142.83	659	0	12
2026.10.02	18:20:00	4142.84	4144.23	4140.37	4142.14	670	0	12
2026.10.02	18:21:00	4142.14	4145.07	4139.88	4142.47	700	0	12
2026.10.02	18:22:00	4142.42	4144.50	4142.02	4142.28	691	0	12
2026.10.02	18:23:00	4142.26	4143.73	4140.72	4142.68	694	0	12
2026.10.02	18:24:00	4142.73	4143.06	4136.97	4137.08	688	0	12
2026.10.02	18:25:00	4137.10	4137.82	4133.53	4137.44	747	0	12
2026.10.02	18:26:00	4137.42	4141.98	4137.27	4141.95	679	0	12
2026.10.02	18:27:00	4141.94	4144.79	4141.59	4144.06	677	0	12
2026.10.02	18:28:00	4143.79	4144.12	4141.56	4142.22	671	0	12
2026.10.02	18:29:00	4142.36	4143.42	4140.87	4142.32	756	0	12
2026.10.02	18:30:00	4142.46	4142.48	4139.69	4141.76	708	0	12
2026.10.02	18:31:00	4141.71	4142.79	4139.77	4141.49	661	0	12
2026.10.02	18:32:00	4141.49	4145.89	4141.31	4143.93	632	0	12
2026.10.02	18:33:00	4143.94	4146.95	4142.89	4146.85	644	0	12
2026.10.02	18:34:00	4146.76	4147.50	4145.68	4146.70	632	0	12
2026.10.02	18:35:00	4146.66	4147.36	4144.68	4144.94	602	0	12
2026.10.02	18:36:00	4145.09	4147.40	4144.47	4144.88	670	0	12
2026.10.02	18:37:00	4144.88	4146.14	4143.26	4144.36	624	0	12
2026.10.02	18:38:00	4144.18	4144.18	4141.30	4142.97	637	0	12
2026.10.02	18:39:00	4142.96	4143.34	4138.75	4139.13	555	0	12
2026.10.02	18:40:00	4139.13	4141.12	4138.63	4138.91	617	0	12
2026.10.02	18:41:00	4138.91	4139.13	4136.97	4139.05	625	0	12
2026.10.02	18:42:00	4139.05	4139.16	4136.17	4138.54	582	0	12
2026.10.02	18:43:00	4138.48	4139.75	4137.69	4139.63	554	0	12
2026.10.02	18:44:00	4139.64	4139.75	4134.13	4134.82	618	0	12
2026.10.02	18:45:00	4134.80	4136.53	4132.10	4132.50	662	0	12
2026.10.02	18:46:00	4132.45	4134.23	4131.62	4132.44	692	0	12
2026.10.02	18:47:00	4132.44	4134.83	4132.16	4134.04	563	0	12
2026.10.02	18:48:00	4134.03	4138.42	4133.56	4137.51	630	0	12
2026.10.02	18:49:00	4137.48	4137.49	4134.33	4135.26	623	0	12
2026.10.02	18:50:00	4135.24	4136.99	4132.11	4133.12	568	0	12
2026.10.02	18:51:00	4133.12	4134.71	4132.21	4133.06	585	0	12
2026.10.02	18:52:00	4133.03	4133.15	4129.55	4131.90	627	0	12
2026.10.02	18:53:00	4131.84	4132.71	4128.68	4128.87	624	0	12
2026.10.02	18:54:00	4128.90	4131.01	4128.82	4130.18	611	0	12
2026.10.02	18:55:00	4130.11	4131.00	4128.95	4130.55	589	0	12
2026.10.02	18:56:00	4130.49	4131.52	4128.64	4128.67	583	0	12
2026.10.02	18:57:00	4128.70	4129.10	4125.28	4126.96	643	0	12
2026.10.02	18:58:00	4126.96	4127.49	4125.88	4126.01	565	0	12
2026.10.02	18:59:00	4126.02	4127.65	4125.70	4127.30	509	0	12
2026.10.02	19:00:00	4127.30	4130.08	4127.02	4128.33	642	0	12
2026.10.02	19:01:00	4128.33	4130.50	4127.37	4130.35	608	0	12
2026.10.02	19:02:00	4130.36	4130.65	4126.12	4129.58	624	0	12
2026.10.02	19:03:00	4129.55	4131.60	4128.23	4129.60	660	0	12
2026.10.02	19:04:00	4129.45	4131.21	4127.81	4130.17	625	0	12
2026.10.02	19:05:00	4130.21	4130.79	4127.59	4129.94	640	0	12
2026.10.02	19:06:00	4130.01	4132.23	4129.91	4131.24	595	0	12
2026.10.02	19:07:00	4131.23	4134.13	4131.04	4132.71	593	0	12
2026.10.02	19:08:00	4132.70	4134.41	4130.72	4134.12	575	0	12
2026.10.02	19:09:00	4134.13	4135.59	4133.57	4134.76	508	0	12
2026.10.02	19:10:00	4134.76	4135.38	4133.11	4134.96	556	0	12
2026.10.02	19:11:00	4134.96	4135.21	4133.56	4133.56	486	0	12
2026.10.02	19:12:00	4133.56	4135.25	4132.37	4132.68	604	0	12
2026.10.02	19:13:00	4132.67	4136.74	4132.59	4136.01	561	0	12
2026.10.02	19:14:00	4136.02	4136.55	4134.80	4134.83	466	0	12
2026.10.02	19:15:00	4134.83	4136.38	4134.12	4136.18	490	0	12
2026.10.02	19:16:00	4136.18	4137.07	4134.55	4136.91	532	0	12
2026.10.02	19:17:00	4136.90	4138.27	4136.90	4137.90	430	0	12
2026.10.02	19:18:00	4137.90	4139.06	4137.40	4138.40	463	0	12
2026.10.02	19:19:00	4138.40	4138.74	4137.12	4137.61	471	0	12
2026.10.02	19:20:00	4137.49	4140.02	4136.72	4139.83	478	0	12
2026.10.02	19:21:00	4139.83	4141.04	4139.14	4140.13	517	0	12
2026.10.02	19:22:00	4140.13	4140.20	4137.89	4139.28	553	0	12
2026.10.02	19:23:00	4139.28	4140.57	4137.52	4137.98	567	0	12
2026.10.02	19:24:00	4137.99	4139.55	4135.01	4135.34	677	0	12
2026.10.02	19:25:00	4135.36	4137.45	4133.49	4133.49	621	0	12
2026.10.02	19:26:00	4133.45	4135.85	4133.34	4135.00	604	0	12
2026.10.02	19:27:00	4134.99	4136.28	4133.33	4135.98	611	0	12
2026.10.02	19:28:00	4135.96	4136.16	4133.81	4134.60	563	0	12
2026.10.02	19:29:00	4134.49	4136.28	4133.90	4136.09	543	0	12
2026.10.02	19:30:00	4136.09	4138.60	4135.90	4138.01	547	0	12
2026.10.02	19:31:00	4138.01	4138.48	4135.76	4135.96	532	0	12
2026.10.02	19:32:00	4135.97	4137.35	4135.67	4137.21	472	0	12
2026.10.02	19:33:00	4137.20	4139.18	4137.14	4138.55	530	0	12
2026.10.02	19:34:00	4138.54	4139.57	4137.29	4138.67	526	0	12
2026.10.02	19:35:00	4138.67	4140.48	4138.42	4140.24	505	0	12
2026.10.02	19:36:00	4140.24	4141.08	4139.32	4141.04	428	0	12
2026.10.02	19:37:00	4141.04	4141.04	4137.87	4138.14	449	0	12
2026.10.02	19:38:00	4138.24	4139.16	4137.29	4139.16	480	0	12
2026.10.02	19:39:00	4139.26	4140.11	4139.25	4139.79	444	0	12
2026.10.02	19:40:00	4139.77	4139.98	4137.44	4137.48	458	0	12
2026.10.02	19:41:00	4137.49	4137.69	4134.73	4134.89	513	0	12
2026.10.02	19:42:00	4134.85	4136.67	4134.20	4136.40	461	0	12
2026.10.02	19:43:00	4136.44	4136.96	4134.18	4134.18	469	0	12
2026.10.02	19:44:00	4134.19	4135.63	4134.19	4135.36	466	0	12
2026.10.02	19:45:00	4135.34	4137.26	4135.17	4137.11	462	0	12
2026.10.02	19:46:00	4137.11	4139.47	4136.99	4137.85	503	0	12
2026.10.02	19:47:00	4137.86	4138.67	4137.47	4137.51	441	0	12
2026.10.02	19:48:00	4137.50	4138.05	4137.12	4137.83	408	0	12
2026.10.02	19:49:00	4137.83	4137.95	4137.05	4137.62	435	0	12
2026.10.02	19:50:00	4137.63	4139.02	4136.44	4138.73	525	0	12
2026.10.02	19:51:00	4138.76	4139.25	4136.76	4137.57	494	0	12
2026.10.02	19:52:00	4137.58	4138.97	4137.47	4137.56	429	0	12
2026.10.02	19:53:00	4137.56	4139.71	4137.35	4138.39	445	0	12
2026.10.02	19:54:00	4138.45	4139.17	4137.99	4138.54	390	0	12
2026.10.02	19:55:00	4138.53	4139.88	4138.34	4138.59	477	0	12
2026.10.02	19:56:00	4138.62	4139.00	4137.80	4138.71	421	0	12
2026.10.02	19:57:00	4138.71	4139.58	4138.49	4138.93	413	0	12
2026.10.02	19:58:00	4138.93	4140.02	4138.81	4139.16	410	0	12
2026.10.02	19:59:00	4139.11	4139.11	4137.15	4138.89	424	0	12
2026.10.02	20:00:00	4138.92	4139.97	4138.61	4139.97	500	0	12
2026.10.02	20:01:00	4139.97	4141.83	4139.70	4141.19	471	0	12
2026.10.02	20:02:00	4141.17	4143.28	4140.33	4142.50	451	0	12
2026.10.02	20:03:00	4142.52	4142.60	4140.85	4141.74	443	0	12
2026.10.02	20:04:00	4141.74	4142.28	4141.31	4141.67	398	0	12
2026.10.02	20:05:00	4141.70	4142.41	4141.00	4141.67	371	0	12
2026.10.02	20:06:00	4141.67	4141.68	4138.50	4139.00	443	0	12
2026.10.02	20:07:00	4139.00	4139.05	4137.99	4138.23	375	0	12
2026.10.02	20:08:00	4138.23	4138.55	4137.80	4137.81	396	0	12
2026.10.02	20:09:00	4137.80	4138.44	4137.49	4138.06	378	0	12
2026.10.02	20:10:00	4138.04	4139.21	4137.95	4138.73	351	0	12
2026.10.02	20:11:00	4138.73	4138.94	4137.95	4137.98	356	0	12
2026.10.02	20:12:00	4137.99	4138.68	4137.45	4137.60	397	0	12
2026.10.02	20:13:00	4137.58	4137.76	4135.90	4137.67	434	0	12
2026.10.02	20:14:00	4137.63	4137.85	4134.10	4135.99	530	0	12
2026.10.02	20:15:00	4135.98	4136.41	4134.75	4135.02	514	0	12
2026.10.02	20:16:00	4135.03	4137.33	4134.86	4136.75	441	0	12
2026.10.02	20:17:00	4136.74	4137.27	4136.08	4136.50	350	0	12
2026.10.02	20:18:00	4136.49	4137.59	4136.18	4137.57	439	0	12
2026.10.02	20:19:00	4137.58	4138.90	4137.13	4138.06	404	0	12
2026.10.02	20:20:00	4138.06	4139.15	4137.62	4138.21	473	0	12
2026.10.02	20:21:00	4138.23	4138.25	4135.92	4136.69	544	0	12
2026.10.02	20:22:00	4136.69	4137.86	4136.38	4136.87	483	0	12
2026.10.02	20:23:00	4136.90	4136.90	4134.70	4134.70	464	0	12
2026.10.02	20:24:00	4134.70	4134.84	4132.61	4133.36	579	0	12
2026.10.02	20:25:00	4133.37	4135.06	4133.33	4134.75	468	0	12
2026.10.02	20:26:00	4134.77	4135.16	4131.41	4131.49	571	0	12
2026.10.02	20:27:00	4131.49	4131.61	4130.10	4130.90	546	0	12
2026.10.02	20:28:00	4130.74	4133.72	4130.74	4133.61	595	0	12
2026.10.02	20:29:00	4133.62	4134.40	4132.23	4133.85	574	0	12
2026.10.02	20:30:00	4133.85	4134.61	4132.33	4133.86	593	0	12
2026.10.02	20:31:00	4133.86	4134.96	4133.62	4134.24	497	0	12
2026.10.02	20:32:00	4134.24	4136.55	4133.77	4136.39	508	0	12
2026.10.02	20:33:00	4136.33	4137.66	4136.19	4137.24	471	0	12
2026.10.02	20:34:00	4137.25	4140.00	4136.93	4139.08	437	0	12
2026.10.02	20:35:00	4139.07	4139.48	4137.71	4137.96	457	0	12
2026.10.02	20:36:00	4137.97	4138.12	4136.62	4137.59	481	0	12
2026.10.02	20:37:00	4137.60	4138.31	4136.73	4136.82	470	0	12
2026.10.02	20:38:00	4136.81	4137.41	4136.38	4137.04	415	0	12
2026.10.02	20:39:00	4137.03	4137.21	4136.33	4136.59	389	0	12
2026.10.02	20:40:00	4136.59	4136.96	4135.95	4136.31	438	0	12
2026.10.02	20:41:00	4136.32	4136.90	4136.12	4136.33	350	0	12
2026.10.02	20:42:00	4136.33	4137.53	4136.24	4136.98	422	0	12
2026.10.02	20:43:00	4136.97	4137.61	4136.90	4137.59	322	0	12
2026.10.02	20:44:00	4137.59	4138.83	4136.83	4137.75	413	0	12
2026.10.02	20:45:00	4137.72	4138.66	4137.42	4137.71	357	0	12
2026.10.02	20:46:00	4137.71	4137.76	4135.88	4136.99	352	0	12
2026.10.02	20:47:00	4137.00	4137.61	4136.87	4137.12	354	0	12
2026.10.02	20:48:00	4137.12	4138.08	4136.99	4138.08	333	0	12
2026.10.02	20:49:00	4138.06	4138.86	4137.38	4138.70	333	0	12
2026.10.02	20:50:00	4138.71	4139.86	4135.66	4138.54	486	0	12
2026.10.02	20:51:00	4138.55	4139.66	4138.09	4138.93	424	0	12
2026.10.02	20:52:00	4138.93	4140.05	4138.92	4140.02	374	0	12
2026.10.02	20:53:00	4139.99	4139.99	4139.27	4139.85	352	0	12
2026.10.02	20:54:00	4139.82	4140.10	4138.83	4139.98	371	0	12
2026.10.02	20:55:00	4139.97	4140.11	4139.03	4139.07	376	0	12
2026.10.02	20:56:00	4139.08	4139.18	4137.53	4137.55	395	0	12
2026.10.02	20:57:00	4137.56	4137.56	4134.24	4134.25	436	0	12
2026.10.02	20:58:00	4134.29	4136.83	4133.12	4136.82	504	0	12
2026.10.02	20:59:00	4136.81	4137.38	4135.91	4137.35	404	0	12
2026.10.02	21:00:00	4137.37	4138.86	4135.83	4136.13	526	0	12
2026.10.02	21:01:00	4136.13	4137.51	4135.24	4135.94	435	0	12
2026.10.02	21:02:00	4135.95	4136.50	4135.53	4136.01	418	0	12
2026.10.02	21:03:00	4136.01	4136.90	4135.23	4136.52	385	0	12
2026.10.02	21:04:00	4136.54	4138.61	4136.52	4138.09	372	0	12
2026.10.02	21:05:00	4138.09	4138.30	4137.32	4138.02	438	0	12
2026.10.02	21:06:00	4138.00	4138.37	4137.41	4138.36	327	0	12
2026.10.02	21:07:00	4138.34	4139.18	4138.04	4138.25	409	0	12
2026.10.02	21:08:00	4138.26	4138.44	4137.56	4138.15	369	0	12
2026.10.02	21:09:00	4138.15	4138.69	4137.83	4138.38	372	0	12
2026.10.02	21:10:00	4138.37	4138.53	4137.66	4138.14	337	0	12
2026.10.02	21:11:00	4138.11	4138.17	4137.28	4137.49	382	0	12
2026.10.02	21:12:00	4137.50	4139.10	4137.50	4139.10	365	0	12
2026.10.02	21:13:00	4139.10	4141.05	4138.95	4140.60	370	0	12
2026.10.02	21:14:00	4140.59	4141.10	4139.77	4140.07	366	0	12
2026.10.02	21:15:00	4140.07	4140.07	4138.84	4138.92	384	0	12
2026.10.02	21:16:00	4138.91	4139.11	4137.78	4138.19	431	0	12
2026.10.02	21:17:00	4138.22	4138.42	4136.59	4136.74	381	0	12
2026.10.02	21:18:00	4136.72	4137.15	4135.95	4136.15	425	0	12
2026.10.02	21:19:00	4136.16	4137.85	4136.06	4137.54	378	0	12
2026.10.02	21:20:00	4137.57	4138.59	4137.56	4138.10	362	0	12
2026.10.02	21:21:00	4138.10	4138.61	4137.62	4138.27	387	0	12
2026.10.02	21:22:00	4138.26	4138.34	4137.12	4137.17	329	0	12
2026.10.02	21:23:00	4137.18	4138.74	4136.73	4137.22	485	0	12
2026.10.02	21:24:00	4137.22	4137.59	4136.93	4137.34	344	0	12
2026.10.02	21:25:00	4137.35	4138.22	4137.08	4137.61	402	0	12
2026.10.02	21:26:00	4137.60	4138.00	4137.17	4137.18	338	0	12
2026.10.02	21:27:00	4137.17	4137.87	4137.03	4137.63	403	0	12
2026.10.02	21:28:00	4137.62	4140.76	4137.62	4140.23	558	0	12
2026.10.02	21:29:00	4140.30	4140.50	4139.48	4140.01	411	0	12
2026.10.02	21:30:00	4140.01	4140.11	4138.98	4139.38	411	0	12
2026.10.02	21:31:00	4139.40	4139.53	4137.74	4137.74	458	0	12
2026.10.02	21:32:00	4137.78	4140.09	4137.78	4140.08	413	0	12
2026.10.02	21:33:00	4140.10	4140.37	4138.21	4138.38	417	0	12
2026.10.02	21:34:00	4138.37	4139.97	4138.11	4139.25	420	0	12
2026.10.02	21:35:00	4139.25	4140.43	4138.81	4139.16	403	0	12
2026.10.02	21:36:00	4139.17	4141.46	4139.16	4141.37	385	0	12
2026.10.02	21:37:00	4141.40	4141.71	4140.93	4141.18	290	0	12
2026.10.02	21:38:00	4141.18	4141.57	4140.17	4140.68	395	0	12
2026.10.02	21:39:00	4140.67	4140.72	4139.61	4140.06	338	0	12
2026.10.02	21:40:00	4140.05	4140.05	4138.94	4139.77	349	0	12
2026.10.02	21:41:00	4139.87	4141.16	4139.58	4141.10	338	0	12
2026.10.02	21:42:00	4141.06	4142.62	4140.95	4142.24	362	0	12
2026.10.02	21:43:00	4142.24	4142.85	4141.19	4141.21	366	0	12
2026.10.02	21:44:00	4141.21	4142.32	4141.20	4142.17	345	0	12
2026.10.02	21:45:00	4142.18	4143.35	4142.17	4142.21	343	0	12
2026.10.02	21:46:00	4142.21	4142.52	4141.40	4142.45	274	0	12
2026.10.02	21:47:00	4142.45	4142.97	4142.12	4142.56	319	0	12
2026.10.02	21:48:00	4142.57	4142.79	4142.10	4142.17	365	0	12
2026.10.02	21:49:00	4142.17	4143.27	4142.08	4142.99	302	0	12
2026.10.02	21:50:00	4142.98	4143.41	4142.63	4143.41	330	0	12
2026.10.02	21:51:00	4143.41	4143.75	4142.90	4142.92	332	0	12
2026.10.02	21:52:00	4142.95	4143.04	4141.88	4142.00	275	0	12
2026.10.02	21:53:00	4142.01	4143.20	4142.01	4143.08	289	0	12
2026.10.02	21:54:00	4143.07	4143.08	4142.46	4142.87	375	0	12
2026.10.02	21:55:00	4142.86	4143.28	4142.39	4143.03	359	0	12
2026.10.02	21:56:00	4143.05	4143.22	4142.15	4142.34	364	0	12
2026.10.02	21:57:00	4142.33	4143.10	4142.33	4142.94	344	0	12
2026.10.02	21:58:00	4142.94	4145.57	4142.94	4145.57	330	0	12
2026.10.02	21:59:00	4145.57	4146.54	4145.15	4146.40	485	0	12
2026.10.02	22:00:00	4146.40	4147.69	4145.58	4146.35	495	0	12
2026.10.02	22:01:00	4146.34	4147.75	4145.79	4147.75	428	0	12
2026.10.02	22:02:00	4147.76	4147.79	4144.42	4144.98	420	0	12
2026.10.02	22:03:00	4144.98	4145.02	4143.76	4144.47	404	0	12
2026.10.02	22:04:00	4144.47	4145.51	4144.09	4145.16	408	0	12
2026.10.02	22:05:00	4145.17	4146.00	4144.92	4145.78	407	0	12
2026.10.02	22:06:00	4145.78	4145.81	4144.67	4144.73	245	0	12
2026.10.02	22:07:00	4144.71	4145.33	4144.37	4144.69	358	0	12
2026.10.02	22:08:00	4144.69	4145.95	4144.68	4145.53	299	0	12
2026.10.02	22:09:00	4145.54	4146.64	4145.53	4145.98	304	0	12
2026.10.02	22:10:00	4145.97	4147.82	4145.74	4147.25	502	0	12
2026.10.02	22:11:00	4147.24	4147.55	4146.71	4147.53	502	0	12
2026.10.02	22:12:00	4147.54	4148.11	4147.05	4147.23	468	0	12
2026.10.02	22:13:00	4147.21	4147.95	4146.60	4147.95	505	0	12
2026.10.02	22:14:00	4147.96	4149.28	4147.70	4148.94	475	0	12
2026.10.02	22:15:00	4148.94	4149.01	4148.09	4148.11	457	0	12
2026.10.02	22:16:00	4148.06	4148.07	4145.09	4145.31	527	0	12
2026.10.02	22:17:00	4145.30	4145.50	4144.78	4145.06	487	0	12
2026.10.02	22:18:00	4145.07	4147.01	4144.72	4146.78	500	0	12
2026.10.02	22:19:00	4146.79	4147.02	4146.14	4146.65	455	0	12
2026.10.02	22:20:00	4146.66	4147.50	4146.60	4147.34	454	0	12
2026.10.02	22:21:00	4147.34	4147.75	4146.95	4146.98	448	0	12
2026.10.02	22:22:00	4146.98	4147.86	4146.42	4147.44	492	0	12
2026.10.02	22:23:00	4147.52	4148.25	4147.23	4147.97	451	0	12
2026.10.02	22:24:00	4147.99	4148.92	4147.74	4148.21	456	0	12
2026.10.02	22:25:00	4148.22	4149.12	4147.99	4148.53	416	0	12
2026.10.02	22:26:00	4148.56	4148.58	4147.04	4147.62	428	0	12
2026.10.02	22:27:00	4147.64	4147.85	4147.07	4147.65	413	0	12
2026.10.02	22:28:00	4147.64	4148.78	4147.45	4148.69	382	0	12
2026.10.02	22:29:00	4148.71	4148.80	4148.00	4148.53	401	0	12
2026.10.02	22:30:00	4148.46	4149.80	4148.06	4149.30	487	0	12
2026.10.02	22:31:00	4149.21	4149.37	4148.63	4149.24	478	0	12
2026.10.02	22:32:00	4149.24	4149.27	4148.04	4148.99	417	0	12
2026.10.02	22:33:00	4148.98	4149.20	4147.18	4147.22	416	0	12
2026.10.02	22:34:00	4147.22	4148.89	4147.20	4148.81	450	0	12
2026.10.02	22:35:00	4148.81	4148.84	4148.10	4148.67	497	0	12
2026.10.02	22:36:00	4148.70	4149.55	4148.70	4149.45	382	0	12
2026.10.02	22:37:00	4149.42	4149.56	4148.61	4148.61	393	0	12
2026.10.02	22:38:00	4148.59	4148.71	4146.70	4146.77	390	0	12
2026.10.02	22:39:00	4146.77	4147.52	4146.47	4146.69	372	0	12
2026.10.02	22:40:00	4146.68	4146.85	4146.29	4146.61	383	0	12
2026.10.02	22:41:00	4146.62	4146.97	4146.33	4146.39	376	0	12
2026.10.02	22:42:00	4146.38	4146.54	4144.53	4145.00	426	0	12
2026.10.02	22:43:00	4145.00	4145.42	4143.49	4143.66	420	0	12
2026.10.02	22:44:00	4143.66	4144.38	4142.71	4142.74	401	0	12
2026.10.02	22:45:00	4142.76	4144.16	4142.59	4142.60	486	0	12
2026.10.02	22:46:00	4142.60	4143.50	4142.49	4142.63	409	0	12
2026.10.02	22:47:00	4142.63	4143.19	4141.59	4142.00	370	0	12
2026.10.02	22:48:00	4142.01	4142.61	4141.68	4142.31	396	0	12
2026.10.02	22:49:00	4142.30	4142.33	4140.90	4141.29	393	0	12
2026.10.02	22:50:00	4141.30	4142.32	4141.30	4141.93	412	0	12
2026.10.02	22:51:00	4141.93	4141.95	4141.19	4141.30	419	0	12
2026.10.02	22:52:00	4141.30	4142.30	4140.51	4142.04	392	0	12
2026.10.02	22:53:00	4142.03	4143.09	4142.03	4142.73	409	0	12
2026.10.02	22:54:00	4142.74	4143.18	4142.40	4142.68	374	0	12
2026.10.02	22:55:00	4142.69	4143.76	4142.28	4143.51	388	0	12
2026.10.02	22:56:00	4143.50	4144.50	4143.27	4143.70	409	0	12
2026.10.02	22:57:00	4143.70	4145.03	4143.70	4145.03	341	0	12
2026.10.02	22:58:00	4145.03	4145.90	4145.03	4145.57	373	0	12
2026.10.02	22:59:00	4145.55	4147.99	4145.21	4147.63	519	0	12
2026.10.02	23:00:00	4147.71	4148.44	4145.78	4146.04	482	0	12
2026.10.02	23:01:00	4146.02	4146.32	4145.27	4145.79	390	0	12
2026.10.02	23:02:00	4145.76	4146.80	4145.42	4145.42	325	0	12
2026.10.02	23:03:00	4145.41	4145.42	4144.19	4144.58	322	0	12
2026.10.02	23:04:00	4144.57	4145.20	4144.16	4144.23	287	0	12
2026.10.02	23:05:00	4144.20	4144.45	4142.82	4143.89	357	0	12
2026.10.02	23:06:00	4143.86	4144.33	4142.88	4143.29	254	0	12
2026.10.02	23:07:00	4143.28	4143.59	4142.78	4142.83	196	0	12
2026.10.02	23:08:00	4142.83	4143.13	4142.14	4143.03	274	0	12
2026.10.02	23:09:00	4142.98	4143.50	4142.52	4143.26	211	0	12
2026.10.02	23:10:00	4143.27	4143.63	4140.29	4141.62	320	0	12
2026.10.02	23:11:00	4141.61	4142.61	4141.61	4142.05	247	0	12
2026.10.02	23:12:00	4142.05	4142.61	4142.04	4142.53	170	0	12
2026.10.02	23:13:00	4142.54	4142.90	4142.27	4142.78	208	0	12
2026.10.02	23:14:00	4142.78	4143.62	4142.75	4143.25	204	0	12
2026.10.02	23:15:00	4143.25	4143.55	4142.32	4142.96	230	0	12
2026.10.02	23:16:00	4142.94	4142.97	4141.77	4142.49	246	0	12
2026.10.02	23:17:00	4142.47	4142.51	4142.01	4142.22	218	0	12
2026.10.02	23:18:00	4142.22	4144.51	4142.21	4143.66	196	0	12
2026.10.02	23:19:00	4143.67	4143.67	4142.77	4143.54	170	0	12
2026.10.02	23:20:00	4143.54	4143.55	4142.25	4143.19	217	0	12
2026.10.02	23:21:00	4143.18	4143.53	4142.48	4142.82	207	0	12
2026.10.02	23:22:00	4142.82	4143.10	4142.43	4142.95	210	0	12
2026.10.02	23:23:00	4142.96	4143.22	4142.85	4142.97	115	0	12
2026.10.02	23:24:00	4142.98	4144.55	4142.98	4144.28	169	0	12
2026.10.02	23:25:00	4144.28	4144.45	4144.00	4144.22	142	0	12
2026.10.02	23:26:00	4144.21	4144.23	4143.23	4143.32	151	0	12
2026.10.02	23:27:00	4143.34	4143.46	4142.77	4143.26	213	0	12
2026.10.02	23:28:00	4143.24	4143.43	4142.70	4142.73	201	0	12
2026.10.02	23:29:00	4142.73	4143.42	4142.66	4143.40	154	0	12
2026.10.02	23:30:00	4143.37	4143.40	4141.96	4142.38	217	0	17
2026.10.02	23:31:00	4142.38	4142.53	4142.13	4142.19	118	0	17
2026.10.02	23:32:00	4142.18	4142.22	4141.42	4141.70	139	0	17
2026.10.02	23:33:00	4141.70	4142.16	4141.22	4142.05	239	0	17
2026.10.02	23:34:00	4142.05	4142.11	4141.45	4141.58	182	0	17
2026.10.02	23:35:00	4141.59	4141.68	4140.44	4140.45	210	0	17
2026.10.02	23:36:00	4140.44	4141.26	4140.15	4141.25	261	0	17
2026.10.02	23:37:00	4141.25	4141.43	4139.62	4139.62	230	0	17
2026.10.02	23:38:00	4139.63	4140.01	4139.27	4139.55	229	0	17
2026.10.02	23:39:00	4139.54	4139.88	4138.82	4138.98	235	0	17
2026.10.02	23:40:00	4138.97	4139.71	4138.38	4139.70	289	0	17
2026.10.02	23:41:00	4139.70	4139.71	4138.61	4139.13	209	0	17
2026.10.02	23:42:00	4139.12	4139.40	4138.75	4138.96	181	0	17
2026.10.02	23:43:00	4138.96	4139.08	4138.53	4138.68	176	0	17
2026.10.02	23:44:00	4138.70	4139.02	4138.50	4138.52	225	0	17
2026.10.02	23:45:00	4138.52	4138.64	4137.14	4137.49	251	0	17
2026.10.02	23:46:00	4137.47	4138.12	4137.24	4137.76	221	0	17
2026.10.02	23:47:00	4137.76	4137.76	4136.92	4137.36	189	0	17
2026.10.02	23:48:00	4137.35	4137.35	4136.62	4136.73	203	0	17
2026.10.02	23:49:00	4136.72	4137.79	4135.87	4137.58	237	0	17
2026.10.02	23:50:00	4137.58	4137.64	4137.20	4137.53	210	0	17
2026.10.02	23:51:00	4137.52	4138.16	4136.87	4137.64	206	0	17
2026.10.02	23:52:00	4137.58	4137.86	4136.79	4137.63	201	0	17
2026.10.02	23:53:00	4137.61	4138.97	4137.61	4138.78	210	0	17
2026.10.02	23:54:00	4138.75	4139.62	4138.06	4139.37	238	0	17
2026.10.02	23:55:00	4139.32	4140.04	4138.76	4139.36	272	0	17
2026.10.02	23:56:00	4139.41	4139.86	4138.65	4139.70	283	0	17
2026.10.05	01:00:00	4141.74	4141.94	4134.46	4135.37	600	0	17
2026.10.05	01:01:00	4135.32	4140.39	4132.72	4137.51	586	0	19
2026.10.05	01:02:00	4137.62	4145.54	4137.62	4143.13	617	0	17
2026.10.05	01:03:00	4143.01	4143.52	4139.71	4141.40	465	0	17
2026.10.05	01:04:00	4141.40	4142.47	4138.94	4142.06	417	0	17
2026.10.05	01:05:00	4142.04	4146.46	4142.04	4144.51	545	0	17
2026.10.05	01:06:00	4144.53	4144.79	4142.09	4142.45	384	0	17
2026.10.05	01:07:00	4142.49	4143.63	4142.00	4142.31	320	0	17
2026.10.05	01:08:00	4142.30	4142.73	4142.21	4142.32	263	0	17
2026.10.05	01:09:00	4142.32	4143.20	4142.14	4142.93	218	0	17
2026.10.05	01:10:00	4142.93	4143.56	4142.69	4142.92	326	0	17
2026.10.05	01:11:00	4142.92	4143.50	4142.51	4143.43	268	0	17
2026.10.05	01:12:00	4143.43	4143.56	4142.76	4142.89	282	0	17
2026.10.05	01:13:00	4142.90	4143.04	4141.98	4142.05	261	0	17
2026.10.05	01:14:00	4142.07	4142.93	4140.68	4141.01	321	0	17
2026.10.05	01:15:00	4141.03	4142.25	4140.80	4141.43	332	0	17
2026.10.05	01:16:00	4141.42	4141.54	4139.19	4139.22	309	0	17
2026.10.05	01:17:00	4139.22	4139.59	4138.72	4139.39	304	0	17
2026.10.05	01:18:00	4139.39	4140.11	4138.88	4139.00	258	0	17
2026.10.05	01:19:00	4139.01	4140.20	4138.77	4139.70	262	0	17
2026.10.05	01:20:00	4139.70	4140.30	4139.51	4139.82	244	0	17
2026.10.05	01:21:00	4139.82	4139.83	4139.23	4139.48	205	0	17
2026.10.05	01:22:00	4139.52	4140.33	4139.34	4140.28	257	0	17
2026.10.05	01:23:00	4140.25	4140.25	4139.29	4139.78	223	0	17
2026.10.05	01:24:00	4139.78	4140.14	4139.16	4139.28	248	0	17
2026.10.05	01:25:00	4139.27	4139.96	4139.11	4139.13	231	0	17
2026.10.05	01:26:00	4139.13	4139.75	4138.67	4139.62	215	0	17
2026.10.05	01:27:00	4139.64	4140.50	4139.64	4140.25	226	0	17
2026.10.05	01:28:00	4140.30	4140.99	4140.30	4140.59	190	0	17
2026.10.05	01:29:00	4140.59	4141.56	4140.59	4141.14	234	0	17
2026.10.05	01:30:00	4141.13	4142.06	4140.62	4142.01	297	0	12
2026.10.05	01:31:00	4142.02	4142.14	4141.42	4141.53	267	0	12
2026.10.05	01:32:00	4141.54	4141.79	4141.27	4141.38	179	0	12
2026.10.05	01:33:00	4141.38	4142.17	4141.30	4141.40	176	0	12
2026.10.05	01:34:00	4141.40	4143.32	4141.39	4143.15	200	0	12
2026.10.05	01:35:00	4143.13	4143.44	4142.95	4143.20	212	0	12
2026.10.05	01:36:00	4143.21	4143.36	4143.13	4143.14	94	0	12
2026.10.05	01:37:00	4143.17	4143.24	4142.76	4142.86	132	0	12
2026.10.05	01:38:00	4142.87	4143.29	4142.77	4142.86	119	0	12
2026.10.05	01:39:00	4142.84	4143.24	4142.44	4142.72	126	0	12
2026.10.05	01:40:00	4142.72	4142.83	4142.36	4142.68	170	0	12
2026.10.05	01:41:00	4142.69	4142.69	4142.12	4142.21	146	0	12
2026.10.05	01:42:00	4142.21	4142.21	4141.83	4142.11	130	0	12
2026.10.05	01:43:00	4142.10	4142.74	4141.99	4142.38	208	0	12
2026.10.05	01:44:00	4142.38	4143.11	4142.29	4143.06	128	0	12
2026.10.05	01:45:00	4143.08	4144.67	4143.06	4144.13	213	0	12
2026.10.05	01:46:00	4144.09	4144.72	4143.96	4144.49	195	0	12
2026.10.05	01:47:00	4144.51	4144.91	4144.20	4144.91	143	0	12
2026.10.05	01:48:00	4144.90	4147.90	4144.83	4147.72	250	0	12
2026.10.05	01:49:00	4147.75	4147.97	4147.48	4147.93	184	0	12
2026.10.05	01:50:00	4147.93	4148.13	4147.32	4147.52	196	0	12
2026.10.05	01:51:00	4147.53	4148.19	4146.98	4147.68	201	0	12
2026.10.05	01:52:00	4147.70	4147.77	4147.29	4147.29	136	0	12
2026.10.05	01:53:00	4147.28	4147.54	4147.01	4147.48	133	0	12
2026.10.05	01:54:00	4147.48	4147.79	4147.30	4147.69	161	0	12
2026.10.05	01:55:00	4147.67	4148.08	4147.46	4148.06	149	0	12
2026.10.05	01:56:00	4148.07	4148.28	4147.66	4147.77	153	0	12
2026.10.05	01:57:00	4147.77	4148.02	4147.63	4147.99	132	0	12
2026.10.05	01:58:00	4147.98	4148.00	4147.54	4147.55	108	0	12
2026.10.05	01:59:00	4147.55	4147.94	4147.43	4147.72	129	0	12
2026.10.05	02:00:00	4147.74	4147.74	4146.44	4146.45	250	0	12
2026.10.05	02:01:00	4146.47	4147.68	4146.18	4146.88	297	0	12
2026.10.05	02:02:00	4146.88	4147.06	4144.53	4144.55	270	0	12
2026.10.05	02:03:00	4144.54	4145.83	4144.47	4144.90	288	0	12
2026.10.05	02:04:00	4144.86	4145.05	4143.92	4144.60	244	0	12
2026.10.05	02:05:00	4144.59	4145.32	4144.22	4144.54	281	0	12
2026.10.05	02:06:00	4144.54	4144.73	4143.96	4144.36	180	0	12
2026.10.05	02:07:00	4144.37	4144.48	4143.93	4144.21	180	0	12
2026.10.05	02:08:00	4144.26	4144.95	4144.22	4144.51	208	0	12
2026.10.05	02:09:00	4144.51	4144.67	4144.31	4144.42	187	0	12
2026.10.05	02:10:00	4144.42	4145.26	4144.02	4144.75	223	0	12
2026.10.05	02:11:00	4144.76	4144.77	4143.71	4143.82	202	0	12
2026.10.05	02:12:00	4143.82	4143.83	4142.36	4143.79	237	0	12
2026.10.05	02:13:00	4143.78	4145.90	4143.72	4145.51	240	0	12
2026.10.05	02:14:00	4145.51	4145.78	4144.88	4145.01	213	0	12
2026.10.05	02:15:00	4145.01	4145.01	4143.51	4143.89	278	0	12
2026.10.05	02:16:00	4143.89	4144.56	4143.33	4144.51	220	0	12
2026.10.05	02:17:00	4144.52	4144.80	4143.79	4144.22	200	0	12
2026.10.05	02:18:00	4144.22	4145.78	4144.22	4145.68	230	0	12
2026.10.05	02:19:00	4145.66	4146.44	4145.62	4146.44	271	0	12
2026.10.05	02:20:00	4146.44	4146.44	4145.21	4145.52	215	0	12
2026.10.05	02:21:00	4145.52	4146.08	4145.46	4145.60	178	0	12
2026.10.05	02:22:00	4145.60	4145.66	4144.87	4144.95	215	0	12
2026.10.05	02:23:00	4144.95	4145.48	4144.60	4144.65	264	0	12
2026.10.05	02:24:00	4144.65	4145.54	4144.63	4145.35	227	0	12
2026.10.05	02:25:00	4145.35	4146.02	4144.82	4145.92	189	0	12
2026.10.05	02:26:00	4145.91	4145.95	4144.94	4144.98	209	0	12
2026.10.05	02:27:00	4144.98	4145.35	4144.75	4145.31	174	0	12
2026.10.05	02:28:00	4145.31	4145.88	4145.17	4145.75	190	0	12
2026.10.05	02:29:00	4145.75	4145.78	4145.42	4145.45	145	0	12
2026.10.05	02:30:00	4145.42	4145.85	4144.97	4144.99	195	0	12
2026.10.05	02:31:00	4144.97	4145.27	4144.53	4144.62	212	0	12
2026.10.05	02:32:00	4144.63	4144.78	4143.57	4143.80	210	0	12
2026.10.05	02:33:00	4143.80	4144.65	4143.67	4144.53	208	0	12
2026.10.05	02:34:00	4144.53	4144.90	4144.26	4144.47	176	0	12
2026.10.05	02:35:00	4144.47	4145.55	4144.31	4144.89	156	0	12
2026.10.05	02:36:00	4144.88	4144.96	4144.46	4144.55	215	0	12
2026.10.05	02:37:00	4144.53	4144.61	4144.14	4144.21	144	0	12
2026.10.05	02:38:00	4144.21	4144.79	4144.18	4144.70	205	0	12
2026.10.05	02:39:00	4144.70	4145.09	4144.42	4145.09	197	0	12
2026.10.05	02:40:00	4145.09	4145.57	4144.91	4145.11	216	0	12
2026.10.05	02:41:00	4145.11	4145.26	4144.91	4144.99	190	0	12
2026.10.05	02:42:00	4144.99	4145.31	4144.86	4145.03	167	0	12
2026.10.05	02:43:00	4145.08	4145.08	4144.43	4144.46	167	0	12
2026.10.05	02:44:00	4144.46	4144.48	4144.10	4144.25	185	0	12
2026.10.05	02:45:00	4144.24	4144.31	4142.30	4142.48	324	0	12
2026.10.05	02:46:00	4142.47	4143.38	4142.47	4142.76	295	0	12
2026.10.05	02:47:00	4142.77	4142.77	4141.32	4142.39	309	0	12
2026.10.05	02:48:00	4142.40	4142.56	4141.43	4141.81	262	0	12
2026.10.05	02:49:00	4141.84	4141.87	4140.34	4141.31	383	0	12
2026.10.05	02:50:00	4141.30	4141.45	4140.64	4140.92	323	0	12
2026.10.05	02:51:00	4140.92	4142.15	4140.92	4141.50	364	0	12
2026.10.05	02:52:00	4141.50	4141.93	4141.26	4141.72	239	0	12
2026.10.05	02:53:00	4141.71	4142.47	4141.19	4142.40	303	0	12
2026.10.05	02:54:00	4142.40	4142.66	4141.40	4141.68	279	0	12
2026.10.05	02:55:00	4141.69	4141.76	4140.78	4141.42	329	0	12
2026.10.05	02:56:00	4141.41	4142.54	4141.12	4142.38	329	0	12
2026.10.05	02:57:00	4142.39	4142.51	4141.47	4142.51	277	0	12
2026.10.05	02:58:00	4142.50	4142.52	4141.67	4141.99	285	0	12
2026.10.05	02:59:00	4142.00	4143.38	4141.77	4142.61	398	0	12
2026.10.05	03:00:00	4142.60	4146.13	4142.60	4145.87	590	0	12
2026.10.05	03:01:00	4145.90	4146.23	4144.78	4145.66	474	0	12
2026.10.05	03:02:00	4145.66	4148.46	4145.61	4147.86	463	0	12
2026.10.05	03:03:00	4147.86	4148.53	4147.13	4148.23	419	0	12
2026.10.05	03:04:00	4148.21	4150.28	4148.14	4150.05	478	0	12
2026.10.05	03:05:00	4150.05	4150.36	4149.16	4149.80	413	0	12
2026.10.05	03:06:00	4149.82	4149.99	4148.67	4149.80	416	0	12
2026.10.05	03:07:00	4149.81	4149.81	4148.22	4148.79	340	0	12
2026.10.05	03:08:00	4148.80	4149.67	4147.96	4149.18	445	0	12
2026.10.05	03:09:00	4149.15	4149.78	4148.95	4149.48	343	0	12
2026.10.05	03:10:00	4149.44	4150.47	4148.55	4150.43	369	0	12
2026.10.05	03:11:00	4150.46	4153.02	4149.98	4151.67	432	0	12
2026.10.05	03:12:00	4151.65	4151.65	4149.76	4149.89	394	0	12
2026.10.05	03:13:00	4149.92	4150.03	4148.64	4148.81	336	0	12
2026.10.05	03:14:00	4148.81	4149.20	4147.93	4148.98	382	0	12
2026.10.05	03:15:00	4148.98	4152.60	4148.75	4152.22	558	0	12
2026.10.05	03:16:00	4152.23	4153.28	4149.42	4149.42	482	0	12
2026.10.05	03:17:00	4149.36	4149.68	4147.63	4148.87	445	0	12
2026.10.05	03:18:00	4148.88	4149.53	4147.94	4149.45	434	0	12
2026.10.05	03:19:00	4149.42	4151.73	4149.42	4151.56	476	0	12
2026.10.05	03:20:00	4151.54	4152.44	4151.16	4151.95	425	0	12
2026.10.05	03:21:00	4151.95	4153.36	4151.78	4152.71	408	0	12
2026.10.05	03:22:00	4152.71	4155.20	4152.31	4155.14	371	0	12
2026.10.05	03:23:00	4155.13	4156.93	4154.99	4156.89	382	0	12
2026.10.05	03:24:00	4156.90	4157.76	4155.52	4157.20	400	0	12
2026.10.05	03:25:00	4157.21	4157.75	4155.97	4157.41	449	0	12
2026.10.05	03:26:00	4157.40	4158.12	4154.88	4155.30	469	0	12
2026.10.05	03:27:00	4155.28	4156.93	4155.24	4156.57	407	0	12
2026.10.05	03:28:00	4156.57	4156.96	4154.62	4154.82	405	0	12
2026.10.05	03:29:00	4154.81	4155.49	4154.47	4155.48	381	0	12
2026.10.05	03:30:00	4155.49	4156.02	4153.75	4154.49	319	0	12
2026.10.05	03:31:00	4154.49	4155.16	4154.06	4154.54	297	0	12
2026.10.05	03:32:00	4154.55	4154.56	4153.01	4153.04	317	0	12
2026.10.05	03:33:00	4153.05	4153.63	4152.49	4153.50	285	0	12
2026.10.05	03:34:00	4153.49	4154.16	4152.78	4153.17	379	0	12
2026.10.05	03:35:00	4153.16	4153.33	4152.23	4152.87	402	0	12
2026.10.05	03:36:00	4152.88	4153.28	4152.11	4152.98	358	0	12
2026.10.05	03:37:00	4152.99	4153.25	4152.07	4152.74	400	0	12
2026.10.05	03:38:00	4152.74	4153.80	4152.73	4153.26	397	0	12
2026.10.05	03:39:00	4153.24	4153.99	4153.02	4153.62	347	0	12
2026.10.05	03:40:00	4153.62	4153.64	4151.99	4152.15	324	0	12
2026.10.05	03:41:00	4152.16	4152.63	4151.97	4152.24	327	0	12
2026.10.05	03:42:00	4152.25	4152.69	4151.39	4152.65	297	0	12
2026.10.05	03:43:00	4152.65	4152.84	4152.19	4152.34	282	0	12
2026.10.05	03:44:00	4152.34	4153.28	4152.34	4152.90	374	0	12
2026.10.05	03:45:00	4152.91	4153.20	4152.51	4153.11	363	0	12
2026.10.05	03:46:00	4153.09	4154.35	4152.35	4153.84	318	0	12
2026.10.05	03:47:00	4153.84	4155.44	4153.55	4154.88	372	0	12
2026.10.05	03:48:00	4154.87	4156.37	4154.43	4156.36	336	0	12
2026.10.05	03:49:00	4156.35	4156.35	4155.52	4155.98	349	0	12
2026.10.05	03:50:00	4155.98	4156.57	4155.57	4155.96	345	0	12
2026.10.05	03:51:00	4155.94	4156.10	4154.75	4154.85	360	0	12
2026.10.05	03:52:00	4154.82	4155.37	4154.58	4154.77	289	0	12
2026.10.05	03:53:00	4154.77	4156.07	4154.32	4155.42	437	0	12
2026.10.05	03:54:00	4155.43	4155.87	4154.83	4155.74	438	0	12
2026.10.05	03:55:00	4155.70	4156.22	4155.33	4156.20	361	0	12
2026.10.05	03:56:00	4156.19	4156.19	4154.08	4154.12	308	0	12
2026.10.05	03:57:00	4154.12	4155.14	4154.07	4154.69	351	0	12
2026.10.05	03:58:00	4154.68	4156.99	4154.65	4156.48	427	0	12
2026.10.05	03:59:00	4156.50	4156.90	4156.06	4156.57	379	0	12
2026.10.05	04:00:00	4156.50	4156.58	4153.46	4156.08	529	0	12
2026.10.05	04:01:00	4156.08	4158.13	4155.85	4158.00	501	0	12
2026.10.05	04:02:00	4158.04	4158.16	4156.60	4158.15	402	0	12
2026.10.05	04:03:00	4158.16	4158.78	4157.62	4158.50	406	0	12
2026.10.05	04:04:00	4158.49	4159.55	4157.98	4159.39	343	0	12
2026.10.05	04:05:00	4159.39	4160.75	4159.38	4159.92	413	0	12
2026.10.05	04:06:00	4159.92	4161.15	4159.89	4160.66	344	0	12
2026.10.05	04:07:00	4160.66	4161.36	4159.96	4160.94	378	0	12
2026.10.05	04:08:00	4160.93	4161.12	4158.72	4159.52	439	0	12
2026.10.05	04:09:00	4159.53	4159.91	4157.06	4157.19	377	0	12
2026.10.05	04:10:00	4157.15	4157.60	4156.05	4156.92	401	0	12
2026.10.05	04:11:00	4156.92	4158.07	4156.77	4157.61	397	0	12
2026.10.05	04:12:00	4157.57	4157.91	4156.55	4156.65	318	0	12
2026.10.05	04:13:00	4156.65	4158.07	4156.46	4157.58	351	0	12
2026.10.05	04:14:00	4157.57	4158.34	4157.41	4157.51	374	0	12
2026.10.05	04:15:00	4157.51	4157.73	4156.44	4157.25	448	0	12
2026.10.05	04:16:00	4157.26	4159.59	4157.17	4159.00	419	0	12
2026.10.05	04:17:00	4158.98	4158.98	4157.82	4158.17	373	0	12
2026.10.05	04:18:00	4158.16	4158.16	4157.18	4157.57	373	0	12
2026.10.05	04:19:00	4157.55	4158.33	4156.74	4158.10	400	0	12
2026.10.05	04:20:00	4158.09	4158.18	4154.08	4154.10	417	0	12
2026.10.05	04:21:00	4154.11	4154.68	4153.48	4153.59	419	0	12
2026.10.05	04:22:00	4153.59	4154.25	4153.30	4153.79	347	0	12
2026.10.05	04:23:00	4153.78	4154.67	4152.76	4153.59	425	0	12
2026.10.05	04:24:00	4153.41	4156.57	4153.26	4155.52	422	0	12
2026.10.05	04:25:00	4155.52	4157.65	4155.37	4156.77	401	0	12
2026.10.05	04:26:00	4156.75	4156.94	4155.22	4155.23	362	0	12
2026.10.05	04:27:00	4155.23	4156.32	4154.82	4154.83	362	0	12
2026.10.05	04:28:00	4154.84	4155.32	4154.80	4154.88	309	0	12
2026.10.05	04:29:00	4154.88	4156.51	4154.80	4156.24	394	0	12
2026.10.05	04:30:00	4156.24	4157.29	4154.86	4155.38	515	0	12
2026.10.05	04:31:00	4155.37	4156.06	4154.63	4156.02	409	0	12
2026.10.05	04:32:00	4156.02	4156.82	4155.29	4156.82	363	0	12
2026.10.05	04:33:00	4156.80	4156.81	4154.72	4155.20	424	0	12
2026.10.05	04:34:00	4155.20	4155.35	4153.53	4154.39	388	0	12
2026.10.05	04:35:00	4154.40	4154.40	4152.79	4153.78	413	0	12
2026.10.05	04:36:00	4153.79	4154.79	4153.67	4154.47	365	0	12
2026.10.05	04:37:00	4154.47	4154.85	4153.64	4153.64	355	0	12
2026.10.05	04:38:00	4153.65	4154.38	4153.10	4154.11	311	0	12
2026.10.05	04:39:00	4154.10	4154.89	4153.87	4154.88	369	0	12
2026.10.05	04:40:00	4154.89	4155.15	4154.35	4154.59	325	0	12
2026.10.05	04:41:00	4154.59	4154.66	4153.73	4154.50	276	0	12
2026.10.05	04:42:00	4154.52	4155.14	4153.72	4153.98	385	0	12
2026.10.05	04:43:00	4154.00	4154.10	4152.29	4153.55	405	0	12
2026.10.05	04:44:00	4153.55	4153.76	4152.36	4152.65	355	0	12
2026.10.05	04:45:00	4152.65	4155.29	4152.16	4155.01	484	0	12
2026.10.05	04:46:00	4155.03	4156.66	4154.11	4156.37	406	0	12
2026.10.05	04:47:00	4156.34	4158.71	4155.95	4157.63	378	0	12
2026.10.05	04:48:00	4157.63	4158.28	4157.10	4158.28	324	0	12
2026.10.05	04:49:00	4158.28	4158.57	4157.88	4158.36	285	0	12
2026.10.05	04:50:00	4158.29	4159.72	4158.28	4158.63	345	0	12
2026.10.05	04:51:00	4158.63	4159.84	4158.62	4158.99	354	0	12
2026.10.05	04:52:00	4158.98	4160.18	4158.84	4159.81	355	0	12
2026.10.05	04:53:00	4159.80	4160.62	4159.18	4160.28	395	0	12
2026.10.05	04:54:00	4160.28	4160.30	4159.09	4159.10	308	0	12
2026.10.05	04:55:00	4159.10	4160.44	4158.90	4159.56	389	0	12
2026.10.05	04:56:00	4159.52	4160.89	4159.30	4160.84	347	0	12
2026.10.05	04:57:00	4160.84	4161.18	4160.45	4160.77	345	0	12
2026.10.05	04:58:00	4160.77	4161.64	4160.61	4161.31	296	0	12
2026.10.05	04:59:00	4161.32	4161.37	4159.80	4160.29	352	0	12
2026.10.05	05:00:00	4160.26	4160.89	4159.37	4159.62	416	0	12
2026.10.05	05:01:00	4159.61	4160.75	4159.27	4160.49	386	0	12
2026.10.05	05:02:00	4160.50	4160.96	4159.75	4160.42	364	0	12
2026.10.05	05:03:00	4160.42	4160.44	4158.95	4159.71	349	0	12
2026.10.05	05:04:00	4159.75	4161.61	4159.60	4160.33	415	0	12
2026.10.05	05:05:00	4160.26	4160.71	4159.69	4160.37	428	0	12
2026.10.05	05:06:00	4160.37	4161.04	4159.84	4160.20	352	0	12
2026.10.05	05:07:00	4160.20	4160.61	4159.59	4160.12	363	0	12
2026.10.05	05:08:00	4160.12	4163.16	4160.03	4161.81	402	0	12
2026.10.05	05:09:00	4161.81	4162.22	4160.44	4160.75	337	0	12
2026.10.05	05:10:00	4160.73	4161.88	4160.63	4160.77	342	0	12
2026.10.05	05:11:00	4160.85	4161.29	4160.08	4160.19	363	0	12
2026.10.05	05:12:00	4160.18	4160.29	4158.92	4160.04	337	0	12
2026.10.05	05:13:00	4160.05	4161.58	4159.43	4161.56	335	0	12
2026.10.05	05:14:00	4161.56	4162.46	4160.01	4160.28	336	0	12
2026.10.05	05:15:00	4160.27	4160.29	4159.65	4160.09	297	0	12
2026.10.05	05:16:00	4160.09	4160.96	4159.74	4160.23	342	0	12
2026.10.05	05:17:00	4160.23	4160.31	4159.16	4159.25	366	0	12
2026.10.05	05:18:00	4159.25	4159.44	4158.94	4158.95	261	0	12
2026.10.05	05:19:00	4158.96	4159.16	4157.31	4158.66	491	0	12
2026.10.05	05:20:00	4158.65	4159.67	4158.16	4158.34	394	0	12
2026.10.05	05:21:00	4158.33	4158.33	4155.95	4158.07	481	0	12
2026.10.05	05:22:00	4158.08	4160.07	4157.92	4158.64	412	0	12
2026.10.05	05:23:00	4158.64	4161.12	4158.19	4160.18	403	0	12
2026.10.05	05:24:00	4160.14	4161.09	4159.67	4160.58	361	0	12
2026.10.05	05:25:00	4160.57	4161.19	4160.36	4161.03	304	0	12
2026.10.05	05:26:00	4161.03	4162.53	4161.03	4162.51	309	0	12
2026.10.05	05:27:00	4162.52	4162.82	4160.89	4161.07	323	0	12
2026.10.05	05:28:00	4161.04	4161.68	4159.48	4159.57	339	0	12
2026.10.05	05:29:00	4159.56	4160.36	4158.95	4159.38	407	0	12
2026.10.05	05:30:00	4159.39	4159.42	4157.84	4158.53	396	0	12
2026.10.05	05:31:00	4158.53	4159.49	4158.35	4159.04	406	0	12
2026.10.05	05:32:00	4159.03	4159.03	4156.67	4157.61	386	0	12
2026.10.05	05:33:00	4157.54	4158.00	4155.01	4155.53	358	0	12
2026.10.05	05:34:00	4155.54	4156.05	4154.36	4154.48	386	0	12
2026.10.05	05:35:00	4154.49	4154.95	4153.55	4154.86	455	0	12
2026.10.05	05:36:00	4154.87	4155.30	4154.22	4154.99	341	0	12
2026.10.05	05:37:00	4155.00	4155.58	4154.46	4154.96	395	0	12
2026.10.05	05:38:00	4154.94	4155.32	4153.54	4153.54	395	0	12
2026.10.05	05:39:00	4153.56	4154.98	4153.20	4154.52	391	0	12
2026.10.05	05:40:00	4154.54	4154.99	4154.05	4154.36	423	0	12
2026.10.05	05:41:00	4154.37	4155.06	4153.50	4154.81	343	0	12
2026.10.05	05:42:00	4154.81	4155.06	4154.45	4154.46	300	0	12
2026.10.05	05:43:00	4154.45	4154.61	4152.60	4153.69	433	0	12
2026.10.05	05:44:00	4153.69	4154.16	4152.83	4153.55	386	0	12
2026.10.05	05:45:00	4153.56	4155.42	4153.55	4154.04	336	0	12
2026.10.05	05:46:00	4154.05	4154.20	4152.51	4153.44	430	0	12
2026.10.05	05:47:00	4153.44	4153.59	4151.89	4151.89	482	0	12
2026.10.05	05:48:00	4151.89	4152.50	4150.19	4150.41	500	0	12
2026.10.05	05:49:00	4150.40	4150.42	4146.98	4147.20	601	0	12
2026.10.05	05:50:00	4147.21	4148.03	4146.18	4146.19	551	0	12
2026.10.05	05:51:00	4146.19	4147.66	4145.66	4145.86	515	0	12
2026.10.05	05:52:00	4145.85	4146.47	4145.26	4146.07	491	0	12
2026.10.05	05:53:00	4146.07	4146.13	4144.28	4144.63	411	0	12
2026.10.05	05:54:00	4144.61	4144.81	4143.99	4144.28	493	0	12
2026.10.05	05:55:00	4144.28	4144.37	4140.54	4142.13	675	0	12
2026.10.05	05:56:00	4142.07	4142.55	4140.26	4141.52	528	0	12
2026.10.05	05:57:00	4141.51	4142.53	4140.59	4142.29	553	0	12
2026.10.05	05:58:00	4142.31	4143.65	4140.38	4140.48	442	0	12
2026.10.05	05:59:00	4140.48	4143.10	4139.73	4142.91	527	0	12
2026.10.05	06:00:00	4142.89	4143.87	4142.41	4143.65	514	0	12
2026.10.05	06:01:00	4143.67	4144.14	4143.15	4143.43	457	0	12
2026.10.05	06:02:00	4143.46	4145.06	4142.10	4143.82	517	0	12
2026.10.05	06:03:00	4143.82	4143.87	4140.96	4142.20	410	0	12
2026.10.05	06:04:00	4142.18	4143.09	4141.32	4142.61	426	0	12
2026.10.05	06:05:00	4142.56	4143.10	4140.19	4140.61	435	0	12
2026.10.05	06:06:00	4140.61	4140.69	4137.21	4138.38	526	0	12
2026.10.05	06:07:00	4138.37	4138.76	4136.83	4137.00	523	0	12
2026.10.05	06:08:00	4137.00	4137.89	4136.47	4137.41	490	0	12
2026.10.05	06:09:00	4137.39	4138.11	4136.36	4137.51	515	0	12
2026.10.05	06:10:00	4137.51	4138.24	4137.04	4137.55	459	0	12
2026.10.05	06:11:00	4137.51	4138.92	4137.43	4138.57	442	0	12
2026.10.05	06:12:00	4138.57	4138.82	4137.33	4137.53	523	0	12
2026.10.05	06:13:00	4137.53	4138.59	4136.87	4137.35	416	0	12
2026.10.05	06:14:00	4137.34	4138.92	4137.19	4137.83	376	0	12
2026.10.05	06:15:00	4137.83	4138.48	4137.31	4137.46	379	0	12
2026.10.05	06:16:00	4137.46	4138.99	4136.99	4138.94	383	0	12
2026.10.05	06:17:00	4138.97	4140.71	4138.97	4139.72	435	0	12
2026.10.05	06:18:00	4139.72	4140.73	4139.62	4140.32	340	0	12
2026.10.05	06:19:00	4140.32	4141.54	4140.12	4141.54	398	0	12
2026.10.05	06:20:00	4141.51	4142.24	4141.23	4141.59	363	0	12
2026.10.05	06:21:00	4141.57	4142.01	4140.87	4141.56	316	0	12
2026.10.05	06:22:00	4141.57	4142.00	4140.90	4141.61	350	0	12
2026.10.05	06:23:00	4141.61	4141.63	4139.14	4139.46	372	0	12
2026.10.05	06:24:00	4139.46	4140.70	4139.28	4140.18	325	0	12
2026.10.05	06:25:00	4140.18	4141.48	4139.83	4141.38	346	0	12
2026.10.05	06:26:00	4141.39	4142.09	4140.56	4141.96	300	0	12
2026.10.05	06:27:00	4141.96	4143.48	4141.90	4143.42	347	0	12
2026.10.05	06:28:00	4143.42	4144.14	4143.13	4143.90	304	0	12
2026.10.05	06:29:00	4143.91	4143.92	4143.05	4143.32	271	0	12
2026.10.05	06:30:00	4143.33	4143.71	4142.36	4143.25	403	0	12
2026.10.05	06:31:00	4143.26	4144.89	4142.65	4143.25	392	0	12
2026.10.05	06:32:00	4143.24	4144.47	4143.04	4143.67	372	0	12
2026.10.05	06:33:00	4143.67	4146.43	4143.67	4146.33	400	0	12
2026.10.05	06:34:00	4146.30	4146.30	4144.67	4144.85	375	0	12
2026.10.05	06:35:00	4144.85	4144.86	4142.91	4144.05	351	0	12
2026.10.05	06:36:00	4144.03	4144.77	4143.61	4144.18	292	0	12
2026.10.05	06:37:00	4144.18	4144.71	4143.58	4143.58	304	0	12
2026.10.05	06:38:00	4143.57	4144.09	4142.72	4143.83	418	0	12
2026.10.05	06:39:00	4143.83	4144.69	4143.52	4144.67	410	0	12
2026.10.05	06:40:00	4144.66	4145.56	4144.52	4145.56	331	0	12
2026.10.05	06:41:00	4145.56	4145.57	4143.61	4144.26	308	0	12
2026.10.05	06:42:00	4144.26	4144.36	4142.83	4143.40	317	0	12
2026.10.05	06:43:00	4143.39	4143.40	4141.95	4142.11	350	0	12
2026.10.05	06:44:00	4142.09	4144.26	4142.04	4143.50	411	0	12
2026.10.05	06:45:00	4143.48	4146.50	4143.17	4146.50	370	0	12
2026.10.05	06:46:00	4146.50	4146.71	4146.04	4146.52	357	0	12
2026.10.05	06:47:00	4146.53	4146.70	4145.56	4145.96	326	0	12
2026.10.05	06:48:00	4145.94	4145.96	4144.66	4144.70	321	0	12
2026.10.05	06:49:00	4144.70	4145.07	4144.16	4144.62	342	0	12
2026.10.05	06:50:00	4144.66	4145.43	4144.62	4145.25	314	0	12
2026.10.05	06:51:00	4145.22	4145.93	4145.09	4145.51	274	0	12
2026.10.05	06:52:00	4145.51	4145.60	4144.10	4144.47	284	0	12
2026.10.05	06:53:00	4144.48	4144.70	4143.76	4143.94	306	0	12
2026.10.05	06:54:00	4143.93	4144.30	4143.66	4144.24	244	0	12
2026.10.05	06:55:00	4144.24	4145.77	4144.24	4145.06	362	0	12
2026.10.05	06:56:00	4145.05	4145.41	4143.68	4143.74	394	0	12
2026.10.05	06:57:00	4143.75	4144.70	4143.73	4144.35	288	0	12
2026.10.05	06:58:00	4144.35	4144.67	4143.86	4143.91	332	0	12
2026.10.05	06:59:00	4143.86	4143.98	4143.21	4143.27	336	0	12
2026.10.05	07:00:00	4143.28	4143.56	4142.66	4142.90	369	0	12
2026.10.05	07:01:00	4142.91	4143.62	4142.06	4142.99	405	0	12
2026.10.05	07:02:00	4143.02	4143.27	4142.36	4142.42	303	0	12
2026.10.05	07:03:00	4142.42	4143.23	4141.07	4142.93	357	0	12
2026.10.05	07:04:00	4142.92	4142.93	4139.82	4139.82	384	0	12
2026.10.05	07:05:00	4139.73	4140.32	4139.14	4139.94	395	0	12
2026.10.05	07:06:00	4139.93	4140.45	4139.37	4139.93	369	0	12
2026.10.05	07:07:00	4140.11	4141.15	4138.74	4138.76	357	0	12
2026.10.05	07:08:00	4138.75	4140.66	4138.52	4139.48	336	0	12
2026.10.05	07:09:00	4139.46	4139.86	4139.16	4139.86	308	0	12
2026.10.05	07:10:00	4139.86	4139.86	4138.17	4138.88	397	0	12
2026.10.05	07:11:00	4138.88	4139.10	4137.09	4137.34	333	0	12
2026.10.05	07:12:00	4137.34	4137.77	4137.08	4137.11	362	0	12
2026.10.05	07:13:00	4137.11	4137.67	4136.77	4137.27	315	0	12
2026.10.05	07:14:00	4137.26	4137.28	4135.00	4135.00	421	0	12
2026.10.05	07:15:00	4135.00	4135.83	4133.84	4134.96	414	0	12
2026.10.05	07:16:00	4134.94	4135.49	4133.57	4133.57	346	0	12
2026.10.05	07:17:00	4133.56	4134.76	4132.04	4132.91	430	0	12
2026.10.05	07:18:00	4132.92	4132.94	4130.99	4131.05	413	0	12
2026.10.05	07:19:00	4131.06	4133.49	4131.05	4133.20	396	0	12
2026.10.05	07:20:00	4133.21	4133.52	4132.22	4132.27	379	0	12
2026.10.05	07:21:00	4132.32	4133.05	4131.60	4131.95	494	0	12
2026.10.05	07:22:00	4131.93	4132.59	4131.47	4132.03	425	0	12
2026.10.05	07:23:00	4132.04	4132.48	4130.31	4131.50	455	0	12
2026.10.05	07:24:00	4131.52	4132.89	4131.52	4132.31	340	0	12
2026.10.05	07:25:00	4132.29	4133.34	4132.10	4132.78	323	0	12
2026.10.05	07:26:00	4132.78	4132.94	4130.31	4130.46	387	0	12
2026.10.05	07:27:00	4130.50	4130.69	4129.36	4129.44	404	0	12
2026.10.05	07:28:00	4129.41	4129.41	4128.44	4128.73	375	0	12
2026.10.05	07:29:00	4128.75	4128.75	4124.71	4126.37	495	0	12
2026.10.05	07:30:00	4126.38	4127.43	4125.89	4127.15	517	0	12
2026.10.05	07:31:00	4127.15	4128.54	4126.10	4126.84	486	0	12
2026.10.05	07:32:00	4126.81	4128.19	4126.34	4126.72	464	0	12
2026.10.05	07:33:00	4126.71	4128.97	4126.34	4128.92	337	0	12
2026.10.05	07:34:00	4128.91	4129.72	4128.67	4129.66	358	0	12
2026.10.05	07:35:00	4129.65	4130.58	4127.60	4128.00	456	0	12
2026.10.05	07:36:00	4128.04	4131.63	4127.87	4130.95	461	0	12
2026.10.05	07:37:00	4130.96	4131.89	4130.35	4131.54	459	0	12
2026.10.05	07:38:00	4131.54	4132.01	4131.19	4131.21	313	0	12
2026.10.05	07:39:00	4131.20	4131.80	4130.30	4131.80	305	0	12
2026.10.05	07:40:00	4131.78	4133.25	4131.35	4132.82	379	0	12
2026.10.05	07:41:00	4132.83	4133.64	4132.34	4133.51	337	0	12
2026.10.05	07:42:00	4133.51	4133.72	4132.95	4133.53	304	0	12
2026.10.05	07:43:00	4133.53	4133.61	4132.55	4132.70	287	0	12
2026.10.05	07:44:00	4132.70	4133.73	4132.46	4133.49	312	0	12
2026.10.05	07:45:00	4133.50	4134.66	4133.02	4134.51	280	0	12
2026.10.05	07:46:00	4134.49	4134.49	4133.14	4133.68	403	0	12
2026.10.05	07:47:00	4133.69	4134.13	4133.51	4133.66	291	0	12
2026.10.05	07:48:00	4133.66	4134.39	4133.54	4134.34	305	0	12
2026.10.05	07:49:00	4134.34	4134.69	4133.68	4134.14	291	0	12
2026.10.05	07:50:00	4134.15	4134.39	4133.53	4133.62	350	0	12
2026.10.05	07:51:00	4133.61	4133.92	4133.04	4133.23	339	0	12
2026.10.05	07:52:00	4133.28	4133.39	4131.70	4132.35	347	0	12
2026.10.05	07:53:00	4132.36	4132.97	4132.13	4132.67	309	0	12
2026.10.05	07:54:00	4132.66	4132.87	4131.89	4132.34	345	0	12
2026.10.05	07:55:00	4132.34	4132.56	4131.23	4131.32	379	0	12
2026.10.05	07:56:00	4131.31	4131.33	4130.02	4130.99	421	0	12
2026.10.05	07:57:00	4130.99	4132.15	4130.99	4131.67	271	0	12
2026.10.05	07:58:00	4131.67	4132.16	4130.77	4131.48	323	0	12
2026.10.05	07:59:00	4131.46	4131.71	4131.09	4131.38	317	0	12
2026.10.05	08:00:00	4131.39	4132.53	4131.26	4131.70	436	0	12
2026.10.05	08:01:00	4131.70	4132.25	4131.39	4132.15	360	0	12
2026.10.05	08:02:00	4132.15	4133.26	4131.85	4132.11	414	0	12
2026.10.05	08:03:00	4132.11	4132.40	4131.19	4132.03	340	0	12
2026.10.05	08:04:00	4132.02	4132.22	4130.69	4132.20	425	0	12
2026.10.05	08:05:00	4132.20	4133.03	4132.19	4132.74	353	0	12
2026.10.05	08:06:00	4132.76	4135.15	4132.26	4135.03	437	0	12
2026.10.05	08:07:00	4134.97	4136.35	4134.25	4135.66	440	0	12
2026.10.05	08:08:00	4135.66	4137.20	4135.53	4136.48	450	0	12
2026.10.05	08:09:00	4136.49	4136.96	4136.12	4136.39	316	0	12
2026.10.05	08:10:00	4136.39	4136.52	4135.60	4135.70	372	0	12
2026.10.05	08:11:00	4135.70	4136.27	4135.52	4136.03	326	0	12
2026.10.05	08:12:00	4136.03	4136.85	4135.93	4136.60	383	0	12
2026.10.05	08:13:00	4136.60	4138.12	4136.53	4137.73	428	0	12
2026.10.05	08:14:00	4137.73	4140.18	4137.16	4138.74	445	0	12
2026.10.05	08:15:00	4138.76	4139.23	4136.91	4137.39	399	0	12
2026.10.05	08:16:00	4137.42	4137.93	4136.63	4137.50	362	0	12
2026.10.05	08:17:00	4137.49	4138.12	4137.33	4137.85	298	0	12
2026.10.05	08:18:00	4137.86	4138.17	4137.35	4137.65	305	0	12
2026.10.05	08:19:00	4137.65	4139.19	4137.38	4138.50	371	0	12
2026.10.05	08:20:00	4138.51	4139.46	4137.73	4138.43	376	0	12
2026.10.05	08:21:00	4138.44	4140.06	4138.38	4140.06	317	0	12
2026.10.05	08:22:00	4140.07	4140.15	4139.03	4139.23	381	0	12
2026.10.05	08:23:00	4139.21	4139.29	4135.81	4136.31	395	0	12
2026.10.05	08:24:00	4136.34	4137.60	4135.69	4137.60	353	0	12
2026.10.05	08:25:00	4137.60	4138.73	4137.38	4138.00	363	0	12
2026.10.05	08:26:00	4138.01	4138.48	4137.40	4137.74	357	0	12
2026.10.05	08:27:00	4137.74	4137.80	4136.72	4136.73	221	0	12
2026.10.05	08:28:00	4136.78	4138.16	4136.65	4137.06	371	0	12
2026.10.05	08:29:00	4137.08	4137.49	4136.67	4137.05	326	0	12
2026.10.05	08:30:00	4137.06	4137.15	4134.38	4135.42	470	0	12
2026.10.05	08:31:00	4135.40	4136.19	4134.68	4134.82	389	0	12
2026.10.05	08:32:00	4134.82	4135.54	4133.37	4133.38	400	0	12
2026.10.05	08:33:00	4133.38	4134.75	4133.38	4133.89	391	0	12
2026.10.05	08:34:00	4133.93	4134.97	4133.84	4134.44	304	0	12
2026.10.05	08:35:00	4134.45	4134.51	4133.10	4134.20	400	0	12
2026.10.05	08:36:00	4134.23	4137.14	4134.19	4137.06	491	0	12
2026.10.05	08:37:00	4137.11	4138.19	4137.05	4137.50	437	0	12
2026.10.05	08:38:00	4137.50	4137.84	4137.11	4137.52	350	0	12
2026.10.05	08:39:00	4137.49	4137.62	4136.89	4137.02	293	0	12
2026.10.05	08:40:00	4136.92	4137.32	4136.41	4136.73	341	0	12
2026.10.05	08:41:00	4136.74	4136.75	4135.32	4136.20	381	0	12
2026.10.05	08:42:00	4136.19	4137.30	4135.83	4137.28	297	0	12
2026.10.05	08:43:00	4137.28	4137.47	4136.92	4137.15	288	0	12
2026.10.05	08:44:00	4137.16	4140.71	4137.12	4140.63	389	0	12
2026.10.05	08:45:00	4140.63	4140.63	4138.56	4138.56	368	0	12
2026.10.05	08:46:00	4138.54	4140.17	4137.72	4140.12	393	0	12
2026.10.05	08:47:00	4140.11	4140.19	4139.19	4139.67	296	0	12
2026.10.05	08:48:00	4139.68	4140.78	4139.25	4140.10	356	0	12
2026.10.05	08:49:00	4140.09	4140.09	4138.44	4138.46	330	0	12
2026.10.05	08:50:00	4138.47	4138.66	4137.99	4138.03	330	0	12
2026.10.05	08:51:00	4138.03	4139.19	4137.97	4138.04	438	0	12
2026.10.05	08:52:00	4138.01	4138.01	4135.85	4136.65	364	0	12
2026.10.05	08:53:00	4136.66	4136.70	4135.01	4135.06	340	0	12
2026.10.05	08:54:00	4135.06	4135.09	4132.60	4133.28	412	0	12
2026.10.05	08:55:00	4133.29	4133.29	4131.68	4131.68	447	0	12
2026.10.05	08:56:00	4131.68	4132.11	4130.32	4132.04	416	0	12
2026.10.05	08:57:00	4132.08	4133.88	4131.91	4133.19	420	0	12
2026.10.05	08:58:00	4133.19	4134.49	4133.15	4134.16	375	0	12
2026.10.05	08:59:00	4134.11	4135.30	4134.10	4134.70	378	0	12
2026.10.05	09:00:00	4134.65	4139.60	4134.37	4139.50	586	0	12
2026.10.05	09:01:00	4139.50	4143.78	4139.48	4143.27	563	0	12
2026.10.05	09:02:00	4143.28	4144.02	4140.95	4143.44	567	0	12
2026.10.05	09:03:00	4143.47	4144.83	4142.93	4143.84	506	0	12
2026.10.05	09:04:00	4143.85	4144.86	4141.94	4142.30	509	0	12
2026.10.05	09:05:00	4142.34	4143.67	4141.33	4143.66	471	0	12
2026.10.05	09:06:00	4143.66	4147.39	4143.39	4146.34	498	0	12
2026.10.05	09:07:00	4146.33	4146.53	4145.15	4145.67	409	0	12
2026.10.05	09:08:00	4145.67	4146.60	4144.96	4145.93	408	0	12
2026.10.05	09:09:00	4145.93	4146.76	4145.25	4146.42	445	0	12
2026.10.05	09:10:00	4146.41	4146.90	4145.54	4146.83	437	0	12
2026.10.05	09:11:00	4146.91	4148.71	4146.91	4148.27	452	0	12
2026.10.05	09:12:00	4148.27	4149.17	4147.86	4148.71	462	0	12
2026.10.05	09:13:00	4148.73	4150.87	4148.68	4150.39	441	0	12
2026.10.05	09:14:00	4150.39	4153.72	4150.39	4151.54	517	0	12
2026.10.05	09:15:00	4151.59	4153.50	4151.17	4153.09	512	0	12
2026.10.05	09:16:00	4153.08	4153.99	4152.45	4152.92	514	0	12
2026.10.05	09:17:00	4152.92	4154.10	4152.78	4152.85	515	0	12
2026.10.05	09:18:00	4152.85	4153.14	4151.24	4152.26	423	0	12
2026.10.05	09:19:00	4152.29	4152.86	4151.05	4151.22	451	0	12
2026.10.05	09:20:00	4151.24	4151.68	4148.01	4148.04	498	0	12
2026.10.05	09:21:00	4148.03	4149.58	4146.93	4149.51	449	0	12
2026.10.05	09:22:00	4149.49	4154.46	4149.31	4153.67	497	0	12
2026.10.05	09:23:00	4153.58	4153.67	4152.51	4153.49	381	0	12
2026.10.05	09:24:00	4153.45	4155.16	4153.40	4154.21	431	0	12
2026.10.05	09:25:00	4154.21	4155.60	4153.02	4155.54	455	0	12
2026.10.05	09:26:00	4155.54	4155.67	4154.27	4154.51	469	0	12
2026.10.05	09:27:00	4154.52	4155.27	4153.02	4153.61	408	0	12
2026.10.05	09:28:00	4153.62	4155.76	4153.22	4155.74	434	0	12
2026.10.05	09:29:00	4155.71	4155.94	4154.39	4154.73	378	0	12
2026.10.05	09:30:00	4154.67	4154.67	4153.15	4154.00	563	0	12
2026.10.05	09:31:00	4154.00	4154.42	4153.10	4153.59	501	0	12
2026.10.05	09:32:00	4153.59	4155.16	4153.38	4153.86	515	0	12
2026.10.05	09:33:00	4153.85	4154.20	4150.63	4150.67	479	0	12
2026.10.05	09:34:00	4150.69	4151.27	4149.39	4150.09	535	0	12
2026.10.05	09:35:00	4150.10	4151.12	4149.33	4150.27	584	0	12
2026.10.05	09:36:00	4150.26	4151.21	4149.65	4150.14	612	0	12
2026.10.05	09:37:00	4150.14	4152.61	4149.99	4152.16	462	0	12
2026.10.05	09:38:00	4152.18	4152.62	4149.39	4149.62	482	0	12
2026.10.05	09:39:00	4149.63	4150.48	4148.78	4150.00	482	0	12
2026.10.05	09:40:00	4149.98	4150.41	4149.31	4150.34	498	0	12
2026.10.05	09:41:00	4150.34	4150.39	4149.32	4150.32	469	0	12
2026.10.05	09:42:00	4150.29	4152.26	4150.29	4152.18	424	0	12
2026.10.05	09:43:00	4152.18	4153.16	4151.29	4151.95	448	0	12
2026.10.05	09:44:00	4151.95	4152.39	4150.07	4152.36	454	0	12
2026.10.05	09:45:00	4152.37	4152.56	4151.03	4151.55	371	0	12
2026.10.05	09:46:00	4151.57	4152.47	4150.87	4150.96	410	0	12
2026.10.05	09:47:00	4151.05	4151.60	4150.61	4151.41	405	0	12
2026.10.05	09:48:00	4151.42	4151.45	4149.92	4150.42	439	0	12
2026.10.05	09:49:00	4150.43	4150.81	4148.64	4148.87	469	0	12
2026.10.05	09:50:00	4148.87	4149.63	4147.82	4147.92	485	0	12
2026.10.05	09:51:00	4147.95	4150.33	4147.93	4150.06	400	0	12
2026.10.05	09:52:00	4150.03	4150.31	4149.12	4150.26	366	0	12
2026.10.05	09:53:00	4150.26	4152.27	4150.01	4151.78	431	0	12
2026.10.05	09:54:00	4151.75	4151.75	4148.59	4150.16	498	0	12
2026.10.05	09:55:00	4150.15	4151.76	4149.97	4150.68	461	0	12
2026.10.05	09:56:00	4150.70	4152.08	4150.69	4151.09	421	0	12
2026.10.05	09:57:00	4151.10	4153.08	4150.93	4152.81	438	0	12
2026.10.05	09:58:00	4152.81	4154.54	4152.79	4154.41	371	0	12
2026.10.05	09:59:00	4154.41	4155.67	4154.09	4155.45	462	0	12
2026.10.05	10:00:00	4155.45	4155.83	4151.36	4151.97	613	0	12
2026.10.05	10:01:00	4151.97	4153.14	4149.90	4151.27	563	0	12
2026.10.05	10:02:00	4151.29	4151.55	4149.44	4150.60	547	0	12
2026.10.05	10:03:00	4150.61	4152.55	4150.36	4151.79	531	0	12
2026.10.05	10:04:00	4151.79	4153.94	4151.75	4152.52	482	0	12
2026.10.05	10:05:00	4152.52	4155.13	4152.12	4154.96	504	0	12
2026.10.05	10:06:00	4154.95	4157.08	4154.84	4156.35	528	0	12
2026.10.05	10:07:00	4156.37	4158.54	4156.35	4157.77	455	0	12
2026.10.05	10:08:00	4157.78	4158.24	4156.40	4157.06	428	0	12
2026.10.05	10:09:00	4157.10	4157.56	4155.44	4155.56	497	0	12
2026.10.05	10:10:00	4155.57	4156.16	4154.87	4155.57	466	0	12
2026.10.05	10:11:00	4155.56	4155.57	4153.14	4153.44	501	0	12
2026.10.05	10:12:00	4153.47	4156.68	4153.45	4156.37	451	0	12
2026.10.05	10:13:00	4156.37	4156.80	4154.57	4156.32	487	0	12
2026.10.05	10:14:00	4156.32	4156.47	4154.99	4155.80	383	0	12
2026.10.05	10:15:00	4155.80	4156.12	4154.54	4154.54	365	0	12
2026.10.05	10:16:00	4154.54	4155.03	4153.89	4154.23	406	0	12
2026.10.05	10:17:00	4154.24	4156.10	4154.20	4155.09	432	0	12
2026.10.05	10:18:00	4155.05	4156.87	4154.67	4154.67	412	0	12
2026.10.05	10:19:00	4154.69	4155.09	4153.76	4154.31	376	0	12
2026.10.05	10:20:00	4154.31	4154.47	4152.18	4153.32	485	0	12
2026.10.05	10:21:00	4153.30	4155.12	4152.76	4154.56	474	0	12
2026.10.05	10:22:00	4154.55	4154.75	4153.34	4153.54	457	0	12
2026.10.05	10:23:00	4153.54	4154.15	4151.80	4152.12	507	0	12
2026.10.05	10:24:00	4152.12	4152.43	4151.29	4152.36	497	0	12
2026.10.05	10:25:00	4152.35	4154.25	4152.08	4154.02	491	0	12
2026.10.05	10:26:00	4154.01	4154.34	4153.35	4153.74	463	0	12
2026.10.05	10:27:00	4153.74	4154.26	4150.71	4150.92	440	0	12
2026.10.05	10:28:00	4150.93	4151.97	4150.68	4151.48	417	0	12
2026.10.05	10:29:00	4151.48	4153.04	4151.48	4153.03	479	0	12
2026.10.05	10:30:00	4153.06	4153.35	4151.70	4152.17	507	0	12
2026.10.05	10:31:00	4152.16	4153.37	4151.33	4151.44	478	0	12
2026.10.05	10:32:00	4151.45	4153.22	4151.11	4152.37	487	0	12
2026.10.05	10:33:00	4152.37	4155.08	4151.88	4153.98	497	0	12
2026.10.05	10:34:00	4153.98	4154.25	4152.66	4152.85	459	0	12
2026.10.05	10:35:00	4152.79	4154.14	4152.39	4153.36	437	0	12
2026.10.05	10:36:00	4153.36	4154.80	4153.19	4154.15	468	0	12
2026.10.05	10:37:00	4154.14	4154.98	4153.85	4154.96	365	0	12
2026.10.05	10:38:00	4154.96	4155.44	4153.88	4154.09	417	0	12
2026.10.05	10:39:00	4154.04	4154.84	4153.22	4154.78	424	0	12
2026.10.05	10:40:00	4154.79	4156.00	4154.67	4155.97	386	0	12
2026.10.05	10:41:00	4156.05	4157.61	4154.81	4155.74	523	0	12
2026.10.05	10:42:00	4155.83	4158.08	4155.77	4157.98	437	0	12
2026.10.05	10:43:00	4157.96	4158.73	4157.66	4158.36	430	0	12
2026.10.05	10:44:00	4158.28	4159.28	4157.14	4159.15	446	0	12
2026.10.05	10:45:00	4159.15	4166.33	4159.14	4160.35	642	0	12
2026.10.05	10:46:00	4160.21	4162.25	4159.09	4160.18	531	0	12
2026.10.05	10:47:00	4160.18	4161.78	4159.73	4159.84	465	0	12
2026.10.05	10:48:00	4159.85	4159.94	4157.80	4157.81	395	0	12
2026.10.05	10:49:00	4157.81	4158.75	4157.80	4158.23	409	0	12
2026.10.05	10:50:00	4158.24	4159.17	4157.82	4157.97	431	0	12
2026.10.05	10:51:00	4157.99	4164.22	4157.98	4163.69	511	0	12
2026.10.05	10:52:00	4163.71	4164.19	4161.83	4161.99	456	0	12
2026.10.05	10:53:00	4161.99	4162.76	4161.96	4162.49	422	0	12
2026.10.05	10:54:00	4162.49	4162.77	4161.15	4161.15	435	0	12
2026.10.05	10:55:00	4161.14	4162.42	4160.65	4162.03	424	0	12
2026.10.05	10:56:00	4161.97	4162.16	4160.64	4161.24	413	0	12
2026.10.05	10:57:00	4161.25	4162.43	4161.00	4161.55	430	0	12
2026.10.05	10:58:00	4161.56	4162.34	4161.43	4161.64	397	0	12
2026.10.05	10:59:00	4161.63	4162.15	4160.38	4160.39	400	0	12
2026.10.05	11:00:00	4160.38	4161.62	4159.13	4160.98	698	0	12
2026.10.05	11:01:00	4160.86	4164.71	4160.63	4162.91	646	0	12
2026.10.05	11:02:00	4162.90	4164.32	4162.52	4163.35	534	0	12
2026.10.05	11:03:00	4163.35	4164.85	4162.63	4163.62	524	0	12
2026.10.05	11:04:00	4163.64	4164.79	4162.68	4163.35	460	0	12
2026.10.05	11:05:00	4163.41	4165.58	4163.41	4164.64	502	0	12
2026.10.05	11:06:00	4164.64	4166.04	4164.63	4165.41	448	0	12
2026.10.05	11:07:00	4165.54	4165.86	4163.86	4163.88	460	0	12
2026.10.05	11:08:00	4163.89	4163.95	4161.83	4163.65	475	0	12
2026.10.05	11:09:00	4163.64	4166.14	4163.54	4165.20	421	0	12
2026.10.05	11:10:00	4165.17	4166.12	4164.47	4165.83	424	0	12
2026.10.05	11:11:00	4165.84	4167.88	4165.84	4167.67	467	0	12
2026.10.05	11:12:00	4167.67	4169.21	4166.86	4167.54	509	0	12
2026.10.05	11:13:00	4167.56	4168.47	4167.38	4167.63	465	0	12
2026.10.05	11:14:00	4167.63	4169.02	4167.22	4168.45	453	0	12
2026.10.05	11:15:00	4168.46	4169.34	4167.66	4168.29	447	0	12
2026.10.05	11:16:00	4168.29	4170.39	4168.28	4170.09	434	0	12
2026.10.05	11:17:00	4170.10	4170.13	4167.15	4167.63	434	0	12
2026.10.05	11:18:00	4167.64	4168.84	4167.58	4167.91	367	0	12
2026.10.05	11:19:00	4167.90	4168.82	4167.47	4168.20	425	0	12
2026.10.05	11:20:00	4168.21	4168.28	4167.09	4168.01	431	0	12
2026.10.05	11:21:00	4168.03	4168.07	4165.63	4166.40	414	0	12
2026.10.05	11:22:00	4166.42	4168.60	4166.22	4167.66	468	0	12
2026.10.05	11:23:00	4167.69	4167.85	4166.57	4167.46	475	0	12
2026.10.05	11:24:00	4167.46	4168.39	4167.18	4167.49	415	0	12
2026.10.05	11:25:00	4167.37	4167.61	4165.85	4166.47	591	0	12
2026.10.05	11:26:00	4166.47	4168.01	4165.79	4167.36	580	0	12
2026.10.05	11:27:00	4167.40	4169.26	4166.82	4168.93	472	0	12
2026.10.05	11:28:00	4168.89	4169.98	4167.31	4167.52	485	0	12
2026.10.05	11:29:00	4167.53	4167.92	4165.87	4165.91	445	0	12
2026.10.05	11:30:00	4165.90	4166.49	4164.74	4165.26	459	0	12
2026.10.05	11:31:00	4165.28	4166.20	4164.98	4165.72	436	0	12
2026.10.05	11:32:00	4165.72	4167.37	4165.24	4167.11	434	0	12
2026.10.05	11:33:00	4167.12	4167.12	4165.38	4165.38	413	0	12
2026.10.05	11:34:00	4165.31	4166.10	4162.93	4162.93	665	0	12
2026.10.05	11:35:00	4162.95	4164.22	4162.46	4163.18	559	0	12
2026.10.05	11:36:00	4163.17	4163.41	4161.71	4162.59	558	0	12
2026.10.05	11:37:00	4162.59	4163.75	4161.89	4163.57	550	0	12
2026.10.05	11:38:00	4163.55	4166.24	4163.55	4165.84	554	0	12
2026.10.05	11:39:00	4165.84	4166.25	4164.23	4165.10	450	0	12
2026.10.05	11:40:00	4165.12	4166.01	4164.06	4164.10	411	0	12
2026.10.05	11:41:00	4164.08	4164.80	4163.10	4163.42	449	0	12
2026.10.05	11:42:00	4163.42	4163.84	4162.19	4162.52	421	0	12
2026.10.05	11:43:00	4162.54	4164.72	4162.01	4163.73	447	0	12
2026.10.05	11:44:00	4163.71	4163.74	4161.68	4162.12	472	0	12
2026.10.05	11:45:00	4162.15	4162.24	4160.00	4161.03	507	0	12
2026.10.05	11:46:00	4161.03	4161.82	4160.94	4161.62	424	0	12
2026.10.05	11:47:00	4161.61	4162.14	4160.99	4161.40	451	0	12
2026.10.05	11:48:00	4161.41	4164.30	4161.36	4164.21	465	0	12
2026.10.05	11:49:00	4164.19	4169.78	4164.19	4169.05	776	0	12
2026.10.05	11:50:00	4169.06	4169.06	4165.32	4167.07	620	0	12
2026.10.05	11:51:00	4167.06	4168.63	4166.47	4168.11	553	0	12
2026.10.05	11:52:00	4168.13	4169.07	4167.03	4167.86	503	0	12
2026.10.05	11:53:00	4167.85	4168.03	4165.19	4165.41	455	0	12
2026.10.05	11:54:00	4165.42	4165.48	4163.79	4163.86	422	0	12
2026.10.05	11:55:00	4163.83	4165.12	4163.57	4164.40	412	0	12
2026.10.05	11:56:00	4164.40	4165.06	4163.76	4164.34	356	0	12
2026.10.05	11:57:00	4164.35	4165.51	4164.20	4165.51	334	0	12
2026.10.05	11:58:00	4165.80	4167.35	4165.05	4167.34	459	0	12
2026.10.05	11:59:00	4167.33	4167.72	4166.16	4166.74	441	0	12
2026.10.05	12:00:00	4166.72	4167.01	4165.85	4166.07	408	0	12
2026.10.05	12:01:00	4166.07	4166.82	4165.32	4166.82	407	0	12
2026.10.05	12:02:00	4166.83	4168.55	4166.26	4167.81	371	0	12
2026.10.05	12:03:00	4167.84	4167.84	4166.51	4167.54	375	0	12
2026.10.05	12:04:00	4167.55	4168.05	4167.29	4168.00	370	0	12
2026.10.05	12:05:00	4167.99	4168.81	4167.79	4168.14	404	0	12
2026.10.05	12:06:00	4168.14	4169.11	4167.71	4168.89	427	0	12
2026.10.05	12:07:00	4168.89	4168.90	4167.70	4167.94	381	0	12
2026.10.05	12:08:00	4167.95	4168.77	4167.50	4167.53	366	0	12
2026.10.05	12:09:00	4167.52	4167.98	4167.28	4167.41	326	0	12
2026.10.05	12:10:00	4167.41	4167.73	4166.86	4167.32	359	0	12
2026.10.05	12:11:00	4167.31	4167.69	4167.00	4167.35	344	0	12
2026.10.05	12:12:00	4167.37	4167.49	4166.65	4167.04	340	0	12
2026.10.05	12:13:00	4167.04	4167.22	4166.51	4166.52	273	0	12
2026.10.05	12:14:00	4166.53	4166.99	4166.15	4166.53	347	0	12
2026.10.05	12:15:00	4166.53	4167.21	4165.96	4166.66	384	0	12
2026.10.05	12:16:00	4166.66	4167.79	4165.30	4165.86	424	0	12
2026.10.05	12:17:00	4165.86	4166.52	4165.59	4166.18	419	0	12
2026.10.05	12:18:00	4166.18	4166.75	4165.62	4166.19	488	0	12
2026.10.05	12:19:00	4166.18	4169.40	4166.18	4168.38	483	0	12
2026.10.05	12:20:00	4168.41	4168.71	4167.08	4167.11	371	0	12
2026.10.05	12:21:00	4167.13	4168.27	4166.78	4167.80	398	0	12
2026.10.05	12:22:00	4167.79	4169.36	4167.36	4169.29	397	0	12
2026.10.05	12:23:00	4169.29	4169.82	4167.56	4167.90	493	0	12
2026.10.05	12:24:00	4167.91	4168.42	4167.32	4168.38	425	0	12
2026.10.05	12:25:00	4168.16	4168.16	4166.61	4166.96	376	0	12
2026.10.05	12:26:00	4166.95	4167.48	4166.79	4166.92	394	0	12
2026.10.05	12:27:00	4166.92	4167.82	4166.73	4166.82	404	0	12
2026.10.05	12:28:00	4166.81	4167.56	4166.68	4167.15	390	0	12
2026.10.05	12:29:00	4167.14	4167.16	4165.85	4165.90	354	0	12
2026.10.05	12:30:00	4165.89	4166.60	4165.00	4165.03	418	0	12
2026.10.05	12:31:00	4165.03	4166.30	4164.92	4165.28	364	0	12
2026.10.05	12:32:00	4165.28	4165.29	4163.00	4163.50	416	0	12
2026.10.05	12:33:00	4163.50	4163.84	4161.87	4162.50	405	0	12
2026.10.05	12:34:00	4162.50	4163.46	4161.42	4161.57	385	0	12
2026.10.05	12:35:00	4161.58	4162.07	4160.98	4161.04	407	0	12
2026.10.05	12:36:00	4161.09	4161.81	4160.42	4160.42	392	0	12
2026.10.05	12:37:00	4160.40	4161.83	4160.32	4161.47	370	0	12
2026.10.05	12:38:00	4161.49	4161.49	4160.49	4161.05	381	0	12
2026.10.05	12:39:00	4161.02	4161.52	4160.40	4160.49	303	0	12
2026.10.05	12:40:00	4160.48	4161.04	4159.86	4160.67	379	0	12
2026.10.05	12:41:00	4160.67	4161.05	4160.08	4160.38	356	0	12
2026.10.05	12:42:00	4160.38	4160.38	4158.99	4159.00	372	0	12
2026.10.05	12:43:00	4159.01	4160.84	4158.98	4160.36	388	0	12
2026.10.05	12:44:00	4160.36	4160.54	4159.14	4159.29	386	0	12
2026.10.05	12:45:00	4159.29	4159.30	4156.29	4157.06	418	0	12
2026.10.05	12:46:00	4157.05	4157.47	4155.95	4157.24	362	0	12
2026.10.05	12:47:00	4157.24	4158.85	4157.24	4158.58	368	0	12
2026.10.05	12:48:00	4158.54	4159.35	4158.24	4158.89	329	0	12
2026.10.05	12:49:00	4158.87	4159.09	4158.43	4158.43	298	0	12
2026.10.05	12:50:00	4158.43	4159.31	4157.94	4157.95	362	0	12
2026.10.05	12:51:00	4157.96	4158.90	4157.94	4158.45	366	0	12
2026.10.05	12:52:00	4158.48	4159.04	4157.86	4158.17	316	0	12
2026.10.05	12:53:00	4158.21	4158.66	4158.05	4158.62	256	0	12
2026.10.05	12:54:00	4158.61	4159.70	4158.42	4158.42	324	0	12
2026.10.05	12:55:00	4158.43	4159.06	4158.40	4158.57	293	0	12
2026.10.05	12:56:00	4158.57	4159.47	4157.89	4159.31	336	0	12
2026.10.05	12:57:00	4159.31	4159.74	4158.99	4159.31	304	0	12
2026.10.05	12:58:00	4159.30	4159.53	4158.60	4159.39	364	0	12
2026.10.05	12:59:00	4159.39	4159.66	4158.52	4158.56	388	0	12
2026.10.05	13:00:00	4158.55	4158.86	4157.71	4158.37	388	0	12
2026.10.05	13:01:00	4158.39	4158.63	4157.74	4158.63	327	0	12
2026.10.05	13:02:00	4158.62	4159.14	4157.50	4157.50	361	0	12
2026.10.05	13:03:00	4157.51	4159.00	4157.34	4158.06	354	0	12
2026.10.05	13:04:00	4158.05	4158.36	4157.65	4158.06	289	0	12
2026.10.05	13:05:00	4158.06	4158.44	4157.04	4157.36	328	0	12
2026.10.05	13:06:00	4157.36	4158.89	4157.36	4158.45	349	0	12
2026.10.05	13:07:00	4158.45	4158.50	4156.68	4156.68	314	0	12
2026.10.05	13:08:00	4156.69	4159.17	4156.59	4158.68	345	0	12
2026.10.05	13:09:00	4158.68	4159.33	4156.97	4157.63	372	0	12
2026.10.05	13:10:00	4157.63	4158.78	4157.01	4157.78	362	0	12
2026.10.05	13:11:00	4157.67	4157.67	4156.73	4157.16	332	0	12
2026.10.05	13:12:00	4157.16	4157.59	4156.61	4156.79	347	0	12
2026.10.05	13:13:00	4156.78	4157.07	4156.21	4156.55	292	0	12
2026.10.05	13:14:00	4156.56	4158.81	4156.53	4158.75	402	0	12
2026.10.05	13:15:00	4158.75	4158.75	4156.55	4157.35	363	0	12
2026.10.05	13:16:00	4157.35	4157.43	4155.73	4155.88	328	0	12
2026.10.05	13:17:00	4155.86	4156.52	4155.69	4156.37	386	0	12
2026.10.05	13:18:00	4156.36	4156.88	4156.04	4156.29	298	0	12
2026.10.05	13:19:00	4156.30	4156.52	4155.71	4156.33	329	0	12
2026.10.05	13:20:00	4156.33	4157.22	4155.99	4156.71	376	0	12
2026.10.05	13:21:00	4156.70	4157.51	4156.29	4156.91	335	0	12
2026.10.05	13:22:00	4156.91	4157.50	4156.57	4156.74	331	0	12
2026.10.05	13:23:00	4156.74	4158.28	4156.61	4158.09	360	0	12
2026.10.05	13:24:00	4158.10	4158.87	4158.02	4158.29	364	0	12
2026.10.05	13:25:00	4158.28	4158.28	4157.08	4157.33	380	0	12
2026.10.05	13:26:00	4157.33	4158.63	4157.05	4158.41	362	0	12
2026.10.05	13:27:00	4158.41	4158.52	4157.56	4157.84	349	0	12
2026.10.05	13:28:00	4157.85	4159.16	4157.67	4158.44	317	0	12
2026.10.05	13:29:00	4158.44	4158.87	4157.72	4157.73	382	0	12
2026.10.05	13:30:00	4157.73	4158.39	4157.61	4158.35	323	0	12
2026.10.05	13:31:00	4158.35	4158.79	4157.85	4158.38	304	0	12
2026.10.05	13:32:00	4158.35	4158.53	4157.81	4158.37	333	0	12
2026.10.05	13:33:00	4158.36	4159.23	4158.26	4159.16	314	0	12
2026.10.05	13:34:00	4159.18	4159.19	4157.98	4158.32	341	0	12
2026.10.05	13:35:00	4158.32	4158.68	4158.14	4158.36	282	0	12
2026.10.05	13:36:00	4158.40	4158.76	4158.06	4158.42	344	0	12
2026.10.05	13:37:00	4158.41	4158.74	4158.04	4158.06	249	0	12
2026.10.05	13:38:00	4158.06	4158.67	4157.44	4157.77	326	0	12
2026.10.05	13:39:00	4157.78	4158.04	4157.16	4157.84	311	0	12
2026.10.05	13:40:00	4157.86	4158.47	4157.66	4157.98	295	0	12
2026.10.05	13:41:00	4157.98	4158.33	4156.85	4157.08	303	0	12
2026.10.05	13:42:00	4157.10	4158.24	4157.10	4157.66	313	0	12
2026.10.05	13:43:00	4157.68	4158.67	4157.61	4158.51	321	0	12
2026.10.05	13:44:00	4158.47	4158.62	4156.98	4157.04	286	0	12
2026.10.05	13:45:00	4157.06	4157.68	4156.65	4156.69	330	0	12
2026.10.05	13:46:00	4156.69	4157.36	4156.69	4156.96	293	0	12
2026.10.05	13:47:00	4156.98	4157.87	4156.80	4157.70	296	0	12
2026.10.05	13:48:00	4157.64	4158.79	4157.58	4158.31	305	0	12
2026.10.05	13:49:00	4158.30	4158.65	4157.88	4158.53	319	0	12
2026.10.05	13:50:00	4158.54	4159.25	4158.31	4158.50	294	0	12
2026.10.05	13:51:00	4158.48	4159.22	4158.04	4159.03	321	0	12
2026.10.05	13:52:00	4159.03	4159.74	4158.99	4159.54	275	0	12
2026.10.05	13:53:00	4159.56	4159.79	4158.97	4158.98	303	0	12
2026.10.05	13:54:00	4158.98	4162.87	4158.75	4160.64	416	0	12
2026.10.05	13:55:00	4160.65	4165.12	4160.56	4163.59	728	0	12
2026.10.05	13:56:00	4163.47	4164.14	4162.56	4162.77	586	0	12
2026.10.05	13:57:00	4162.78	4163.42	4162.00	4162.44	423	0	12
2026.10.05	13:58:00	4162.44	4162.74	4161.50	4162.49	368	0	12
2026.10.05	13:59:00	4162.48	4162.67	4161.78	4161.86	400	0	12
2026.10.05	14:00:00	4161.88	4162.08	4159.73	4161.09	583	0	12
2026.10.05	14:01:00	4161.08	4161.38	4159.63	4161.03	478	0	12
2026.10.05	14:02:00	4161.04	4161.05	4158.65	4159.17	428	0	12
2026.10.05	14:03:00	4159.13	4160.83	4159.05	4160.24	386	0	12
2026.10.05	14:04:00	4160.25	4160.88	4160.04	4160.34	338	0	12
2026.10.05	14:05:00	4160.34	4160.95	4160.05	4160.73	379	0	12
2026.10.05	14:06:00	4160.74	4161.54	4160.61	4161.06	364	0	12
2026.10.05	14:07:00	4161.05	4161.37	4159.48	4159.64	317	0	12
2026.10.05	14:08:00	4159.58	4160.54	4159.58	4160.32	342	0	12
2026.10.05	14:09:00	4160.31	4160.87	4160.15	4160.34	278	0	12
2026.10.05	14:10:00	4160.34	4160.34	4159.25	4159.81	327	0	12
2026.10.05	14:11:00	4159.81	4161.28	4159.33	4160.25	337	0	12
2026.10.05	14:12:00	4160.26	4160.26	4159.39	4160.18	362	0	12
2026.10.05	14:13:00	4160.18	4161.20	4160.06	4161.12	346	0	12
2026.10.05	14:14:00	4161.13	4161.61	4160.71	4160.86	346	0	12
2026.10.05	14:15:00	4160.86	4161.76	4160.24	4161.23	299	0	12
2026.10.05	14:16:00	4161.20	4161.78	4159.94	4161.78	419	0	12
2026.10.05	14:17:00	4161.77	4163.02	4161.44	4162.86	335	0	12
2026.10.05	14:18:00	4162.82	4162.86	4161.32	4161.34	385	0	12
2026.10.05	14:19:00	4161.34	4161.89	4160.69	4160.92	309	0	12
2026.10.05	14:20:00	4160.99	4161.18	4160.03	4160.64	341	0	12
2026.10.05	14:21:00	4160.63	4160.77	4160.23	4160.49	298	0	12
2026.10.05	14:22:00	4160.50	4160.52	4159.29	4160.21	376	0	12
2026.10.05	14:23:00	4160.21	4161.38	4160.10	4160.41	389	0	12
2026.10.05	14:24:00	4160.41	4161.64	4160.40	4161.00	333	0	12
2026.10.05	14:25:00	4161.00	4162.07	4160.68	4160.98	375	0	12
2026.10.05	14:26:00	4160.99	4161.44	4160.74	4160.85	366	0	12
2026.10.05	14:27:00	4160.86	4165.34	4160.58	4163.31	636	0	12
2026.10.05	14:28:00	4163.26	4166.05	4162.66	4166.04	573	0	12
2026.10.05	14:29:00	4166.03	4167.10	4165.12	4167.10	505	0	12
2026.10.05	14:30:00	4167.08	4168.55	4165.04	4165.13	558	0	12
2026.10.05	14:31:00	4165.13	4166.45	4164.79	4164.93	450	0	12
2026.10.05	14:32:00	4164.93	4165.73	4161.54	4161.73	466	0	12
2026.10.05	14:33:00	4161.73	4161.86	4159.53	4159.57	441	0	12
2026.10.05	14:34:00	4159.58	4160.39	4159.27	4160.12	425	0	12
2026.10.05	14:35:00	4160.11	4161.07	4160.11	4160.53	388	0	12
2026.10.05	14:36:00	4160.51	4161.46	4159.99	4161.32	402	0	12
2026.10.05	14:37:00	4161.30	4161.37	4160.10	4160.78	334	0	12
2026.10.05	14:38:00	4160.77	4160.84	4159.72	4159.89	365	0	12
2026.10.05	14:39:00	4159.90	4160.03	4158.29	4158.63	358	0	12
2026.10.05	14:40:00	4158.65	4159.42	4157.94	4158.94	380	0	12
2026.10.05	14:41:00	4158.95	4158.96	4157.52	4157.69	352	0	12
2026.10.05	14:42:00	4157.69	4158.02	4155.70	4155.80	441	0	12
2026.10.05	14:43:00	4155.80	4156.39	4155.30	4155.76	374	0	12
2026.10.05	14:44:00	4155.80	4155.82	4154.33	4154.48	432	0	12
2026.10.05	14:45:00	4154.48	4154.96	4153.37	4154.64	469	0	12
2026.10.05	14:46:00	4154.64	4154.84	4153.56	4154.18	436	0	12
2026.10.05	14:47:00	4154.18	4154.39	4153.00	4154.33	419	0	12
2026.10.05	14:48:00	4154.33	4154.73	4153.64	4153.73	354	0	12
2026.10.05	14:49:00	4153.68	4154.06	4152.47	4152.47	293	0	12
2026.10.05	14:50:00	4152.47	4152.95	4151.85	4152.51	357	0	12
2026.10.05	14:51:00	4152.50	4154.01	4151.94	4152.20	386	0	12
2026.10.05	14:52:00	4152.21	4153.45	4151.68	4152.74	430	0	12
2026.10.05	14:53:00	4152.74	4153.00	4151.05	4151.49	349	0	12
2026.10.05	14:54:00	4151.49	4152.86	4151.32	4152.81	396	0	12
2026.10.05	14:55:00	4152.82	4154.69	4152.40	4154.68	390	0	12
2026.10.05	14:56:00	4154.68	4155.05	4153.94	4154.31	379	0	12
2026.10.05	14:57:00	4154.30	4154.76	4153.77	4154.46	373	0	12
2026.10.05	14:58:00	4154.46	4155.66	4154.42	4155.36	400	0	12
2026.10.05	14:59:00	4155.36	4156.60	4154.91	4156.16	385	0	12
2026.10.05	15:00:00	4156.14	4157.39	4155.26	4155.83	492	0	12
2026.10.05	15:01:00	4155.88	4157.13	4155.88	4157.13	445	0	12
2026.10.05	15:02:00	4157.13	4157.42	4154.16	4156.23	432	0	12
2026.10.05	15:03:00	4156.23	4157.66	4156.23	4157.58	424	0	12
2026.10.05	15:04:00	4157.56	4158.27	4157.11	4157.26	436	0	12
2026.10.05	15:05:00	4157.24	4158.61	4156.91	4158.60	368	0	12
2026.10.05	15:06:00	4158.61	4159.09	4157.66	4157.76	383	0	12
2026.10.05	15:07:00	4157.76	4157.98	4157.03	4157.59	361	0	12
2026.10.05	15:08:00	4157.59	4158.20	4156.38	4158.16	407	0	12
2026.10.05	15:09:00	4158.15	4158.58	4156.85	4156.98	437	0	12
2026.10.05	15:10:00	4156.98	4158.62	4156.17	4157.72	518	0	12
2026.10.05	15:11:00	4157.72	4158.19	4156.93	4157.48	408	0	12
2026.10.05	15:12:00	4157.47	4158.13	4156.84	4158.13	430	0	12
2026.10.05	15:13:00	4158.13	4158.65	4157.60	4158.47	374	0	12
2026.10.05	15:14:00	4158.47	4158.49	4156.81	4156.95	383	0	12
2026.10.05	15:15:00	4156.94	4157.30	4155.40	4155.55	403	0	12
2026.10.05	15:16:00	4155.56	4157.64	4155.56	4156.38	400	0	12
2026.10.05	15:17:00	4156.39	4156.50	4155.64	4155.83	413	0	12
2026.10.05	15:18:00	4155.84	4156.33	4155.25	4155.38	415	0	12
2026.10.05	15:19:00	4155.38	4156.32	4154.12	4154.16	460	0	12
2026.10.05	15:20:00	4154.19	4155.88	4153.71	4155.49	496	0	12
2026.10.05	15:21:00	4155.48	4156.35	4154.98	4155.10	461	0	12
2026.10.05	15:22:00	4155.12	4156.31	4155.07	4155.47	455	0	12
2026.10.05	15:23:00	4155.49	4157.83	4155.35	4156.77	471	0	12
2026.10.05	15:24:00	4156.70	4157.73	4156.43	4157.72	502	0	12
2026.10.05	15:25:00	4157.73	4159.18	4157.51	4159.15	499	0	12
2026.10.05	15:26:00	4159.16	4160.44	4157.65	4160.42	435	0	12
2026.10.05	15:27:00	4160.43	4161.31	4160.21	4160.46	426	0	12
2026.10.05	15:28:00	4160.45	4161.64	4159.85	4159.85	363	0	12
2026.10.05	15:29:00	4159.85	4163.57	4159.55	4163.48	435	0	12
2026.10.05	15:30:00	4163.47	4163.80	4162.31	4163.67	561	0	12
2026.10.05	15:31:00	4163.67	4164.40	4161.74	4162.31	455	0	12
2026.10.05	15:32:00	4162.39	4163.96	4161.85	4162.82	458	0	12
2026.10.05	15:33:00	4162.81	4164.47	4162.38	4164.23	473	0	12
2026.10.05	15:34:00	4164.21	4165.78	4164.04	4164.37	448	0	12
2026.10.05	15:35:00	4164.39	4166.02	4164.15	4165.78	480	0	12
2026.10.05	15:36:00	4165.77	4166.26	4164.65	4165.19	453	0	12
2026.10.05	15:37:00	4165.19	4165.67	4163.00	4163.87	444	0	12
2026.10.05	15:38:00	4163.87	4163.91	4162.20	4163.42	454	0	12
2026.10.05	15:39:00	4163.42	4163.90	4162.15	4162.18	471	0	12
2026.10.05	15:40:00	4162.17	4162.24	4160.65	4161.64	517	0	12
2026.10.05	15:41:00	4161.65	4162.73	4161.09	4161.66	407	0	12
2026.10.05	15:42:00	4161.66	4162.73	4161.48	4162.43	409	0	12
2026.10.05	15:43:00	4162.45	4162.78	4160.37	4161.06	425	0	12
2026.10.05	15:44:00	4161.06	4161.89	4160.55	4160.99	428	0	12
2026.10.05	15:45:00	4160.99	4162.75	4160.36	4162.58	484	0	12
2026.10.05	15:46:00	4162.59	4162.90	4159.73	4159.82	524	0	12
2026.10.05	15:47:00	4159.82	4160.31	4158.80	4159.82	588	0	12
2026.10.05	15:48:00	4159.77	4159.98	4156.89	4157.21	548	0	12
2026.10.05	15:49:00	4157.21	4157.37	4156.33	4156.51	472	0	12
2026.10.05	15:50:00	4156.51	4156.51	4154.92	4155.32	483	0	12
2026.10.05	15:51:00	4155.33	4156.84	4155.32	4156.04	456	0	12
2026.10.05	15:52:00	4156.07	4159.43	4155.25	4156.35	511	0	12
2026.10.05	15:53:00	4156.33	4157.14	4155.70	4156.87	469	0	12
2026.10.05	15:54:00	4156.91	4157.39	4156.02	4156.25	415	0	12
2026.10.05	15:55:00	4156.22	4156.22	4154.72	4155.42	452	0	12
2026.10.05	15:56:00	4155.43	4156.41	4154.89	4156.04	449	0	12
2026.10.05	15:57:00	4156.04	4158.18	4155.84	4157.04	525	0	12
2026.10.05	15:58:00	4157.05	4157.51	4156.63	4156.74	432	0	12
2026.10.05	15:59:00	4156.69	4157.02	4155.86	4156.63	410	0	12
2026.10.05	16:00:00	4156.63	4158.00	4155.90	4157.11	560	0	12
2026.10.05	16:01:00	4157.12	4158.06	4156.26	4156.86	467	0	12
2026.10.05	16:02:00	4156.85	4157.00	4155.40	4155.68	492	0	12
2026.10.05	16:03:00	4155.67	4155.81	4154.83	4155.20	433	0	12
2026.10.05	16:04:00	4155.20	4156.48	4154.00	4154.02	455	0	12
2026.10.05	16:05:00	4154.02	4154.04	4151.29	4151.48	516	0	12
2026.10.05	16:06:00	4151.50	4151.64	4148.53	4148.57	571	0	12
2026.10.05	16:07:00	4148.56	4149.55	4147.09	4148.58	485	0	12
2026.10.05	16:08:00	4148.60	4151.45	4147.84	4151.09	504	0	12
2026.10.05	16:09:00	4151.07	4152.64	4150.94	4152.60	487	0	12
2026.10.05	16:10:00	4152.63	4153.55	4151.62	4151.92	534	0	12
2026.10.05	16:11:00	4151.91	4152.42	4150.97	4151.83	469	0	12
2026.10.05	16:12:00	4151.82	4152.34	4150.47	4151.28	490	0	12
2026.10.05	16:13:00	4151.30	4151.86	4150.41	4151.42	457	0	12
2026.10.05	16:14:00	4151.40	4152.69	4150.59	4152.12	525	0	12
2026.10.05	16:15:00	4152.12	4153.50	4151.84	4153.24	467	0	12
2026.10.05	16:16:00	4153.24	4154.26	4152.64	4153.18	517	0	12
2026.10.05	16:17:00	4153.18	4154.29	4151.89	4153.40	499	0	12
2026.10.05	16:18:00	4153.40	4153.74	4153.05	4153.38	468	0	12
2026.10.05	16:19:00	4153.38	4153.42	4151.11	4151.31	471	0	12
2026.10.05	16:20:00	4151.33	4152.06	4150.11	4150.65	463	0	12
2026.10.05	16:21:00	4150.65	4151.34	4150.13	4151.05	427	0	12
2026.10.05	16:22:00	4151.11	4152.43	4150.59	4150.89	470	0	12
2026.10.05	16:23:00	4150.89	4152.50	4150.62	4152.37	432	0	12
2026.10.05	16:24:00	4152.38	4153.48	4150.42	4153.19	630	0	12
2026.10.05	16:25:00	4153.21	4153.78	4152.11	4152.68	534	0	12
2026.10.05	16:26:00	4152.68	4153.13	4151.59	4152.26	551	0	12
2026.10.05	16:27:00	4152.26	4152.98	4151.74	4152.53	441	0	12
2026.10.05	16:28:00	4152.52	4153.10	4151.21	4151.74	520	0	12
2026.10.05	16:29:00	4151.75	4153.12	4151.26	4152.80	543	0	12
2026.10.05	16:30:00	4152.80	4153.70	4151.65	4152.31	677	0	12
2026.10.05	16:31:00	4152.31	4152.78	4149.78	4149.92	656	0	12
2026.10.05	16:32:00	4149.91	4150.09	4148.20	4148.81	655	0	12
2026.10.05	16:33:00	4148.75	4149.51	4148.20	4148.34	632	0	12
2026.10.05	16:34:00	4148.33	4150.17	4147.78	4149.44	629	0	12
2026.10.05	16:35:00	4149.47	4149.47	4145.78	4145.79	627	0	12
2026.10.05	16:36:00	4145.79	4146.52	4145.39	4145.39	612	0	12
2026.10.05	16:37:00	4145.36	4146.58	4144.65	4144.90	617	0	12
2026.10.05	16:38:00	4144.86	4146.00	4144.30	4144.94	568	0	12
2026.10.05	16:39:00	4144.91	4145.30	4142.23	4144.42	632	0	12
2026.10.05	16:40:00	4144.44	4144.53	4140.41	4141.50	606	0	12
2026.10.05	16:41:00	4141.52	4142.43	4140.52	4142.15	562	0	12
2026.10.05	16:42:00	4142.09	4143.47	4140.88	4143.08	582	0	12
2026.10.05	16:43:00	4143.07	4143.11	4139.69	4140.23	531	0	12
2026.10.05	16:44:00	4140.28	4140.35	4137.59	4138.43	484	0	12
2026.10.05	16:45:00	4138.40	4139.39	4135.13	4135.18	639	0	12
2026.10.05	16:46:00	4135.18	4135.32	4131.44	4133.65	670	0	12
2026.10.05	16:47:00	4133.64	4138.32	4133.64	4137.08	625	0	12
2026.10.05	16:48:00	4137.09	4139.33	4137.07	4138.08	585	0	12
2026.10.05	16:49:00	4138.10	4139.46	4137.02	4138.94	645	0	12
2026.10.05	16:50:00	4138.97	4142.42	4138.50	4141.22	640	0	12
2026.10.05	16:51:00	4141.27	4143.49	4140.28	4142.48	626	0	12
2026.10.05	16:52:00	4142.48	4143.08	4141.78	4141.87	559	0	12
2026.10.05	16:53:00	4141.87	4142.36	4140.85	4141.90	600	0	12
2026.10.05	16:54:00	4141.91	4144.38	4139.97	4140.02	634	0	12
2026.10.05	16:55:00	4140.02	4140.04	4138.14	4138.14	599	0	12
2026.10.05	16:56:00	4138.13	4139.17	4135.96	4136.12	561	0	12
2026.10.05	16:57:00	4136.10	4136.36	4134.65	4135.90	544	0	12
2026.10.05	16:58:00	4135.88	4136.39	4134.41	4134.56	496	0	12
2026.10.05	16:59:00	4134.56	4136.29	4134.56	4135.69	465	0	12
2026.10.05	17:00:00	4135.68	4139.29	4135.48	4139.29	731	0	12
2026.10.05	17:01:00	4139.29	4144.82	4138.09	4143.79	697	0	12
2026.10.05	17:02:00	4143.80	4144.55	4142.72	4143.86	650	0	12
2026.10.05	17:03:00	4143.85	4146.41	4143.55	4146.30	662	0	12
2026.10.05	17:04:00	4146.30	4146.47	4138.84	4138.86	659	0	12
2026.10.05	17:05:00	4138.89	4143.04	4138.83	4142.44	614	0	12
2026.10.05	17:06:00	4142.44	4143.36	4140.68	4141.47	648	0	12
2026.10.05	17:07:00	4141.41	4142.43	4140.31	4140.34	592	0	12
2026.10.05	17:08:00	4140.36	4146.54	4139.04	4144.89	641	0	12
2026.10.05	17:09:00	4144.92	4145.76	4141.61	4145.76	757	0	12
2026.10.05	17:10:00	4145.78	4146.56	4141.13	4141.67	659	0	12
2026.10.05	17:11:00	4141.68	4143.35	4140.78	4142.71	589	0	12
2026.10.05	17:12:00	4142.71	4143.17	4140.53	4141.16	573	0	12
2026.10.05	17:13:00	4141.15	4143.51	4141.15	4143.51	574	0	12
2026.10.05	17:14:00	4143.50	4143.50	4142.18	4142.49	538	0	12
2026.10.05	17:15:00	4142.49	4142.89	4141.63	4141.90	595	0	12
2026.10.05	17:16:00	4141.91	4141.91	4139.26	4139.52	589	0	12
2026.10.05	17:17:00	4139.53	4142.02	4138.99	4141.67	505	0	12
2026.10.05	17:18:00	4141.67	4141.78	4140.24	4140.56	509	0	12
2026.10.05	17:19:00	4140.56	4141.54	4139.61	4139.61	489	0	12
2026.10.05	17:20:00	4139.43	4141.77	4139.36	4141.24	531	0	12
2026.10.05	17:21:00	4141.23	4141.61	4139.18	4140.62	559	0	12
2026.10.05	17:22:00	4140.62	4142.28	4140.28	4141.70	573	0	12
2026.10.05	17:23:00	4141.49	4142.40	4139.70	4140.60	557	0	12
2026.10.05	17:24:00	4140.60	4142.00	4140.38	4140.50	480	0	12
2026.10.05	17:25:00	4140.50	4140.51	4138.31	4140.24	568	0	12
2026.10.05	17:26:00	4140.23	4142.25	4140.01	4141.59	555	0	12
2026.10.05	17:27:00	4141.58	4141.59	4139.39	4139.90	529	0	12
2026.10.05	17:28:00	4139.95	4140.69	4138.19	4138.43	552	0	12
2026.10.05	17:29:00	4138.33	4138.65	4137.10	4137.69	554	0	12
2026.10.05	17:30:00	4137.72	4137.96	4135.56	4136.20	626	0	12
2026.10.05	17:31:00	4136.19	4136.82	4133.83	4136.07	556	0	12
2026.10.05	17:32:00	4136.07	4136.97	4134.43	4135.14	597	0	12
2026.10.05	17:33:00	4135.21	4135.39	4133.46	4133.51	631	0	12
2026.10.05	17:34:00	4133.52	4135.13	4132.81	4134.39	567	0	12
2026.10.05	17:35:00	4134.37	4136.52	4133.86	4135.06	533	0	12
2026.10.05	17:36:00	4135.06	4136.31	4134.68	4135.58	549	0	12
2026.10.05	17:37:00	4135.60	4136.90	4135.19	4136.23	513	0	12
2026.10.05	17:38:00	4136.23	4137.07	4135.82	4136.30	539	0	12
2026.10.05	17:39:00	4136.31	4138.26	4134.92	4137.81	524	0	12
2026.10.05	17:40:00	4137.80	4139.63	4136.95	4139.49	511	0	12
2026.10.05	17:41:00	4139.49	4141.60	4139.47	4141.60	563	0	12
2026.10.05	17:42:00	4141.61	4142.31	4140.47	4140.66	575	0	12
2026.10.05	17:43:00	4140.61	4142.52	4139.99	4140.99	530	0	12
2026.10.05	17:44:00	4141.06	4141.66	4140.35	4140.85	496	0	12
2026.10.05	17:45:00	4140.85	4141.23	4137.90	4138.24	515	0	12
2026.10.05	17:46:00	4138.24	4138.83	4137.25	4138.78	531	0	12
2026.10.05	17:47:00	4138.79	4141.26	4138.34	4141.15	506	0	12
2026.10.05	17:48:00	4141.21	4141.67	4139.75	4140.49	541	0	12
2026.10.05	17:49:00	4140.52	4142.22	4140.37	4141.33	460	0	12
2026.10.05	17:50:00	4141.34	4143.15	4141.24	4142.60	504	0	12
2026.10.05	17:51:00	4142.59	4144.35	4142.48	4143.85	522	0	12
2026.10.05	17:52:00	4143.85	4144.31	4142.58	4143.30	551	0	12
2026.10.05	17:53:00	4143.31	4145.27	4143.31	4145.22	497	0	12
2026.10.05	17:54:00	4145.23	4147.06	4145.14	4146.56	499	0	12
2026.10.05	17:55:00	4146.49	4146.50	4143.67	4144.74	546	0	12
2026.10.05	17:56:00	4144.74	4146.15	4144.44	4146.03	484	0	12
2026.10.05	17:57:00	4146.03	4147.80	4145.56	4147.22	559	0	12
2026.10.05	17:58:00	4147.21	4147.84	4147.04	4147.48	495	0	12
2026.10.05	17:59:00	4147.48	4148.36	4146.63	4147.04	434	0	12
2026.10.05	18:00:00	4147.04	4148.29	4146.60	4147.26	585	0	12
2026.10.05	18:01:00	4147.24	4147.24	4144.77	4145.56	493	0	12
2026.10.05	18:02:00	4145.56	4145.65	4144.00	4144.51	485	0	12
2026.10.05	18:03:00	4144.56	4145.00	4143.10	4143.46	550	0	12
2026.10.05	18:04:00	4143.46	4144.07	4142.87	4143.88	485	0	12
2026.10.05	18:05:00	4143.87	4143.88	4142.23	4142.23	489	0	12
2026.10.05	18:06:00	4142.23	4143.02	4141.85	4142.88	517	0	12
2026.10.05	18:07:00	4142.88	4142.90	4141.18	4141.87	466	0	12
2026.10.05	18:08:00	4141.87	4143.41	4141.76	4142.87	484	0	12
2026.10.05	18:09:00	4142.88	4143.49	4140.75	4140.85	461	0	12
2026.10.05	18:10:00	4140.86	4140.90	4139.25	4140.54	525	0	12
2026.10.05	18:11:00	4140.68	4140.79	4139.25	4140.25	473	0	12
2026.10.05	18:12:00	4140.28	4141.68	4139.53	4139.76	491	0	12
2026.10.05	18:13:00	4139.76	4140.38	4139.37	4139.82	468	0	12
2026.10.05	18:14:00	4139.80	4139.80	4138.03	4138.25	464	0	12
2026.10.05	18:15:00	4138.25	4138.83	4135.98	4136.93	505	0	12
2026.10.05	18:16:00	4136.96	4137.33	4134.79	4136.41	535	0	12
2026.10.05	18:17:00	4136.41	4136.87	4134.96	4136.52	504	0	12
2026.10.05	18:18:00	4136.49	4136.99	4135.54	4136.96	461	0	12
2026.10.05	18:19:00	4137.00	4137.36	4136.53	4136.88	425	0	12
2026.10.05	18:20:00	4136.84	4137.18	4133.33	4133.58	493	0	12
2026.10.05	18:21:00	4133.55	4133.57	4129.17	4129.18	581	0	12
2026.10.05	18:22:00	4129.16	4129.78	4123.21	4127.55	697	0	12
2026.10.05	18:23:00	4127.56	4130.72	4127.56	4129.93	606	0	12
2026.10.05	18:24:00	4129.93	4133.65	4129.93	4132.87	564	0	12
2026.10.05	18:25:00	4132.88	4135.34	4132.31	4135.02	495	0	12
2026.10.05	18:26:00	4135.01	4136.26	4134.92	4136.25	487	0	12
2026.10.05	18:27:00	4136.26	4137.70	4135.62	4137.38	472	0	12
2026.10.05	18:28:00	4137.35	4140.37	4137.02	4139.22	515	0	12
2026.10.05	18:29:00	4139.22	4141.04	4138.83	4139.47	553	0	12
2026.10.05	18:30:00	4139.44	4140.06	4138.02	4138.02	542	0	12
2026.10.05	18:31:00	4138.04	4138.52	4136.07	4136.48	498	0	12
2026.10.05	18:32:00	4136.47	4138.10	4136.02	4138.06	458	0	12
2026.10.05	18:33:00	4138.06	4138.14	4136.63	4137.54	463	0	12
2026.10.05	18:34:00	4137.54	4138.22	4136.72	4138.09	442	0	12
2026.10.05	18:35:00	4138.11	4138.57	4137.03	4137.51	476	0	12
2026.10.05	18:36:00	4137.50	4137.86	4136.14	4137.24	475	0	12
2026.10.05	18:37:00	4137.23	4137.86	4137.12	4137.50	472	0	12
2026.10.05	18:38:00	4137.49	4138.53	4137.46	4138.17	458	0	12
2026.10.05	18:39:00	4138.18	4138.35	4137.70	4137.99	389	0	12
2026.10.05	18:40:00	4137.99	4138.60	4137.17	4138.35	374	0	12
2026.10.05	18:41:00	4138.34	4139.08	4137.43	4138.27	420	0	12
2026.10.05	18:42:00	4138.27	4139.03	4137.54	4137.72	360	0	12
2026.10.05	18:43:00	4137.73	4138.44	4137.67	4138.21	339	0	12
2026.10.05	18:44:00	4138.20	4138.42	4136.12	4136.61	410	0	12
2026.10.05	18:45:00	4136.60	4136.60	4134.24	4134.25	425	0	12
2026.10.05	18:46:00	4134.20	4135.05	4133.98	4135.02	463	0	12
2026.10.05	18:47:00	4135.02	4135.02	4134.05	4134.85	394	0	12
2026.10.05	18:48:00	4134.86	4136.66	4134.84	4136.13	441	0	12
2026.10.05	18:49:00	4136.13	4137.43	4135.28	4137.33	435	0	12
2026.10.05	18:50:00	4137.29	4137.96	4136.59	4137.20	388	0	12
2026.10.05	18:51:00	4137.16	4138.53	4136.57	4138.40	436	0	12
2026.10.05	18:52:00	4138.40	4138.50	4137.24	4138.50	380	0	12
2026.10.05	18:53:00	4138.50	4138.67	4136.91	4136.96	368	0	12
2026.10.05	18:54:00	4136.97	4138.58	4136.95	4137.75	439	0	12
2026.10.05	18:55:00	4137.75	4138.06	4136.58	4138.02	402	0	12
2026.10.05	18:56:00	4138.01	4139.31	4136.97	4139.25	491	0	12
2026.10.05	18:57:00	4139.27	4139.54	4137.86	4137.90	357	0	12
2026.10.05	18:58:00	4137.90	4138.08	4136.52	4136.93	384	0	12
2026.10.05	18:59:00	4136.88	4137.23	4136.53	4136.81	352	0	12
2026.10.05	19:00:00	4136.81	4136.94	4134.91	4134.92	471	0	12
2026.10.05	19:01:00	4134.92	4135.28	4133.93	4134.60	434	0	12
2026.10.05	19:02:00	4134.59	4134.59	4133.58	4133.72	448	0	12
2026.10.05	19:03:00	4133.73	4133.98	4131.90	4131.94	444	0	12
2026.10.05	19:04:00	4131.97	4133.16	4131.97	4132.70	452	0	12
2026.10.05	19:05:00	4132.70	4132.71	4131.83	4132.15	422	0	12
2026.10.05	19:06:00	4132.15	4132.62	4131.48	4131.73	466	0	12
2026.10.05	19:07:00	4131.76	4132.69	4131.43	4132.21	414	0	12
2026.10.05	19:08:00	4132.21	4132.85	4132.04	4132.54	340	0	12
2026.10.05	19:09:00	4132.56	4133.66	4132.50	4133.58	324	0	12
2026.10.05	19:10:00	4133.58	4133.97	4133.03	4133.58	403	0	12
2026.10.05	19:11:00	4133.61	4133.84	4131.12	4131.20	450	0	12
2026.10.05	19:12:00	4131.18	4132.16	4131.11	4131.77	365	0	12
2026.10.05	19:13:00	4131.77	4131.79	4129.32	4129.60	372	0	12
2026.10.05	19:14:00	4129.61	4130.27	4129.56	4129.84	353	0	12
2026.10.05	19:15:00	4129.85	4130.41	4128.24	4128.36	363	0	12
2026.10.05	19:16:00	4128.36	4128.36	4127.24	4127.88	402	0	12
2026.10.05	19:17:00	4127.90	4129.02	4127.90	4128.88	357	0	12
2026.10.05	19:18:00	4128.88	4129.67	4128.53	4128.96	384	0	12
2026.10.05	19:19:00	4128.95	4129.23	4127.71	4128.81	398	0	12
2026.10.05	19:20:00	4128.81	4129.35	4128.26	4129.10	372	0	12
2026.10.05	19:21:00	4129.11	4129.46	4128.08	4129.37	421	0	12
2026.10.05	19:22:00	4129.39	4130.09	4128.98	4129.33	385	0	12
2026.10.05	19:23:00	4129.36	4129.90	4129.07	4129.51	324	0	12
2026.10.05	19:24:00	4129.52	4130.15	4128.71	4129.05	341	0	12
2026.10.05	19:25:00	4129.05	4129.42	4127.52	4127.78	417	0	12
2026.10.05	19:26:00	4127.79	4128.05	4126.97	4127.48	388	0	12
2026.10.05	19:27:00	4127.47	4127.86	4126.23	4127.13	398	0	12
2026.10.05	19:28:00	4127.13	4128.80	4127.00	4127.99	436	0	12
2026.10.05	19:29:00	4127.98	4128.67	4127.25	4127.75	404	0	12
2026.10.05	19:30:00	4127.75	4129.51	4127.58	4129.16	458	0	12
2026.10.05	19:31:00	4129.16	4129.23	4128.16	4129.01	408	0	12
2026.10.05	19:32:00	4129.04	4130.00	4128.34	4128.35	392	0	12
2026.10.05	19:33:00	4128.36	4129.68	4128.36	4129.24	368	0	12
2026.10.05	19:34:00	4129.23	4130.08	4128.58	4128.63	396	0	12
2026.10.05	19:35:00	4128.63	4130.05	4128.63	4129.12	396	0	12
2026.10.05	19:36:00	4129.09	4130.04	4128.80	4129.22	403	0	12
2026.10.05	19:37:00	4129.22	4129.69	4128.42	4128.84	365	0	12
2026.10.05	19:38:00	4128.84	4129.25	4128.49	4129.25	301	0	12
2026.10.05	19:39:00	4129.29	4130.95	4128.95	4130.44	330	0	12
2026.10.05	19:40:00	4130.46	4130.70	4129.62	4130.00	323	0	12
2026.10.05	19:41:00	4129.99	4130.18	4129.17	4129.34	308	0	12
2026.10.05	19:42:00	4129.34	4130.20	4129.21	4130.20	293	0	12
2026.10.05	19:43:00	4130.27	4131.04	4130.23	4130.63	342	0	12
2026.10.05	19:44:00	4130.62	4131.33	4130.57	4131.04	257	0	12
2026.10.05	19:45:00	4131.02	4131.20	4130.05	4130.53	326	0	12
2026.10.05	19:46:00	4130.51	4130.53	4128.61	4128.65	343	0	12
2026.10.05	19:47:00	4128.64	4129.35	4128.59	4128.97	312	0	12
2026.10.05	19:48:00	4128.95	4130.24	4128.89	4130.23	320	0	12
2026.10.05	19:49:00	4130.24	4130.24	4128.90	4129.00	299	0	12
2026.10.05	19:50:00	4129.00	4129.92	4128.92	4129.92	261	0	12
2026.10.05	19:51:00	4129.92	4131.23	4129.92	4130.51	287	0	12
2026.10.05	19:52:00	4130.51	4132.21	4130.48	4132.19	301	0	12
2026.10.05	19:53:00	4132.19	4132.32	4131.17	4131.33	289	0	12
2026.10.05	19:54:00	4131.33	4131.94	4131.00	4131.82	280	0	12
2026.10.05	19:55:00	4131.81	4131.85	4130.93	4131.16	290	0	12
2026.10.05	19:56:00	4131.16	4132.88	4130.90	4131.94	357	0	12
2026.10.05	19:57:00	4131.96	4132.24	4131.22	4131.52	349	0	12
2026.10.05	19:58:00	4131.51	4132.23	4131.47	4131.73	323	0	12
2026.10.05	19:59:00	4131.72	4131.84	4130.14	4130.40	460	0	12
2026.10.05	20:00:00	4130.40	4131.63	4130.39	4131.63	391	0	12
2026.10.05	20:01:00	4131.71	4132.14	4131.23	4131.34	376	0	12
2026.10.05	20:02:00	4131.35	4131.75	4129.63	4129.81	382	0	12
2026.10.05	20:03:00	4129.79	4130.25	4129.22	4130.16	347	0	12
2026.10.05	20:04:00	4130.16	4131.25	4130.05	4130.44	382	0	12
2026.10.05	20:05:00	4130.45	4130.46	4129.27	4129.52	342	0	12
2026.10.05	20:06:00	4129.52	4130.65	4129.48	4129.80	308	0	12
2026.10.05	20:07:00	4129.79	4130.42	4129.74	4129.85	276	0	12
2026.10.05	20:08:00	4129.84	4129.96	4128.45	4128.50	302	0	12
2026.10.05	20:09:00	4128.50	4128.56	4127.03	4127.03	330	0	12
2026.10.05	20:10:00	4126.99	4127.46	4126.31	4126.65	369	0	12
2026.10.05	20:11:00	4126.65	4127.11	4125.54	4126.85	395	0	12
2026.10.05	20:12:00	4126.86	4127.04	4126.15	4126.19	316	0	12
2026.10.05	20:13:00	4126.19	4126.60	4126.07	4126.32	253	0	12
2026.10.05	20:14:00	4126.32	4128.78	4126.31	4128.60	328	0	12
2026.10.05	20:15:00	4128.59	4130.49	4128.51	4129.87	413	0	12
2026.10.05	20:16:00	4129.87	4129.87	4127.62	4127.62	368	0	12
2026.10.05	20:17:00	4127.63	4127.79	4126.61	4127.02	369	0	12
2026.10.05	20:18:00	4127.02	4127.40	4126.05	4126.92	423	0	12
2026.10.05	20:19:00	4126.90	4127.50	4126.58	4127.50	331	0	12
2026.10.05	20:20:00	4127.51	4128.81	4127.35	4128.39	303	0	12
2026.10.05	20:21:00	4128.41	4129.44	4128.09	4129.05	322	0	12
2026.10.05	20:22:00	4129.07	4130.36	4129.07	4130.24	315	0	12
2026.10.05	20:23:00	4130.24	4131.09	4130.19	4130.23	357	0	12
2026.10.05	20:24:00	4130.23	4130.78	4130.10	4130.66	372	0	12
2026.10.05	20:25:00	4130.65	4131.13	4130.24	4130.37	352	0	12
2026.10.05	20:26:00	4130.39	4130.47	4129.07	4129.53	339	0	12
2026.10.05	20:27:00	4129.54	4129.55	4128.97	4129.41	333	0	12
2026.10.05	20:28:00	4129.41	4130.78	4129.23	4129.25	350	0	12
2026.10.05	20:29:00	4129.26	4130.16	4128.56	4129.82	459	0	12
2026.10.05	20:30:00	4129.82	4130.95	4128.34	4128.69	391	0	12
2026.10.05	20:31:00	4128.70	4129.74	4128.68	4129.24	319	0	12
2026.10.05	20:32:00	4129.27	4129.81	4128.32	4128.43	327	0	12
2026.10.05	20:33:00	4128.42	4129.26	4128.14	4128.99	309	0	12
2026.10.05	20:34:00	4129.00	4129.27	4128.93	4129.22	260	0	12
2026.10.05	20:35:00	4129.22	4129.51	4128.93	4129.01	271	0	12
2026.10.05	20:36:00	4129.01	4129.02	4127.99	4128.09	339	0	12
2026.10.05	20:37:00	4128.07	4128.34	4127.40	4128.32	319	0	12
2026.10.05	20:38:00	4128.33	4129.91	4128.24	4129.90	334	0	12
2026.10.05	20:39:00	4129.91	4130.29	4129.47	4129.75	330	0	12
2026.10.05	20:40:00	4129.75	4130.17	4129.53	4129.95	317	0	12
2026.10.05	20:41:00	4129.94	4131.73	4129.77	4131.46	309	0	12
2026.10.05	20:42:00	4131.46	4132.47	4131.37	4131.62	351	0	12
2026.10.05	20:43:00	4131.62	4133.22	4131.62	4132.77	317	0	12
2026.10.05	20:44:00	4132.77	4132.77	4131.97	4132.50	329	0	12
2026.10.05	20:45:00	4132.41	4132.82	4131.79	4131.96	346	0	12
2026.10.05	20:46:00	4131.96	4132.36	4131.55	4131.99	272	0	12
2026.10.05	20:47:00	4131.98	4132.25	4131.79	4132.14	221	0	12
2026.10.05	20:48:00	4132.14	4133.57	4132.13	4133.57	289	0	12
2026.10.05	20:49:00	4133.57	4134.10	4133.25	4134.10	283	0	12
2026.10.05	20:50:00	4134.10	4136.02	4134.10	4135.82	317	0	12
2026.10.05	20:51:00	4135.81	4136.09	4135.75	4135.82	236	0	12
2026.10.05	20:52:00	4135.82	4136.68	4135.37	4135.40	354	0	12
2026.10.05	20:53:00	4135.38	4136.35	4135.35	4136.18	273	0	12
2026.10.05	20:54:00	4136.18	4136.28	4135.28	4135.41	288	0	12
2026.10.05	20:55:00	4135.41	4136.23	4135.41	4135.68	276	0	12
2026.10.05	20:56:00	4135.68	4135.92	4135.38	4135.81	249	0	12
2026.10.05	20:57:00	4135.83	4136.70	4135.51	4136.26	285	0	12
2026.10.05	20:58:00	4136.25	4136.27	4135.52	4135.81	258	0	12
2026.10.05	20:59:00	4135.81	4136.90	4135.79	4136.78	283	0	12
2026.10.05	21:00:00	4136.78	4138.52	4136.78	4138.39	409	0	12
2026.10.05	21:01:00	4138.46	4139.39	4138.41	4139.11	320	0	12
2026.10.05	21:02:00	4139.11	4139.59	4138.68	4139.41	300	0	12
2026.10.05	21:03:00	4139.41	4140.36	4139.33	4140.03	331	0	12
2026.10.05	21:04:00	4140.02	4140.37	4139.66	4140.19	285	0	12
2026.10.05	21:05:00	4140.19	4141.75	4139.07	4141.18	453	0	12
2026.10.05	21:06:00	4141.17	4141.34	4140.00	4140.23	332	0	12
2026.10.05	21:07:00	4140.22	4140.22	4139.38	4140.08	351	0	12
2026.10.05	21:08:00	4140.07	4140.26	4139.14	4139.24	299	0	12
2026.10.05	21:09:00	4139.24	4139.59	4138.97	4139.35	251	0	12
2026.10.05	21:10:00	4139.35	4139.35	4138.36	4138.77	281	0	12
2026.10.05	21:11:00	4138.77	4138.77	4136.46	4136.56	368	0	12
2026.10.05	21:12:00	4136.57	4136.77	4135.48	4136.22	405	0	12
2026.10.05	21:13:00	4136.22	4136.63	4135.73	4136.32	307	0	12
2026.10.05	21:14:00	4136.32	4136.53	4135.97	4136.15	269	0	12
2026.10.05	21:15:00	4136.16	4136.48	4135.50	4136.09	291	0	12
2026.10.05	21:16:00	4136.09	4136.33	4135.58	4135.81	295	0	12
2026.10.05	21:17:00	4135.81	4136.61	4135.80	4136.36	270	0	12
2026.10.05	21:18:00	4136.36	4136.96	4136.01	4136.96	286	0	12
2026.10.05	21:19:00	4136.97	4137.19	4135.47	4135.47	315	0	12
2026.10.05	21:20:00	4135.45	4135.91	4134.98	4135.06	333	0	12
2026.10.05	21:21:00	4135.04	4136.22	4134.93	4135.26	325	0	12
2026.10.05	21:22:00	4135.25	4135.37	4134.72	4135.22	240	0	12
2026.10.05	21:23:00	4135.22	4135.59	4135.11	4135.44	299	0	12
2026.10.05	21:24:00	4135.44	4135.46	4133.71	4133.79	317	0	12
2026.10.05	21:25:00	4133.82	4134.55	4133.66	4133.89	314	0	12
2026.10.05	21:26:00	4133.89	4134.18	4133.71	4133.72	263	0	12
2026.10.05	21:27:00	4133.72	4134.35	4133.71	4133.93	254	0	12
2026.10.05	21:28:00	4133.93	4138.55	4133.93	4137.82	579	0	12
2026.10.05	21:29:00	4137.80	4138.57	4137.03	4137.13	465	0	12
2026.10.05	21:30:00	4137.12	4139.79	4137.12	4139.74	540	0	12
2026.10.05	21:31:00	4139.73	4140.22	4138.61	4139.31	462	0	12
2026.10.05	21:32:00	4139.37	4139.40	4137.79	4137.84	390	0	12
2026.10.05	21:33:00	4137.84	4137.88	4135.89	4136.24	339	0	12
2026.10.05	21:34:00	4136.24	4137.43	4135.94	4137.21	333	0	12
2026.10.05	21:35:00	4137.21	4138.65	4137.21	4138.49	367	0	12
2026.10.05	21:36:00	4138.49	4138.52	4137.86	4137.95	327	0	12
2026.10.05	21:37:00	4137.95	4138.14	4136.52	4136.62	299	0	12
2026.10.05	21:38:00	4136.62	4136.99	4136.01	4136.99	319	0	12
2026.10.05	21:39:00	4137.01	4137.65	4136.83	4137.01	288	0	12
2026.10.05	21:40:00	4137.01	4137.85	4136.52	4137.85	303	0	12
2026.10.05	21:41:00	4137.85	4138.22	4137.76	4137.85	276	0	12
2026.10.05	21:42:00	4137.85	4138.74	4137.83	4138.55	309	0	12
2026.10.05	21:43:00	4138.56	4138.96	4137.43	4137.64	285	0	12
2026.10.05	21:44:00	4137.64	4137.88	4137.44	4137.59	200	0	12
2026.10.05	21:45:00	4137.59	4138.49	4137.51	4138.30	339	0	12
2026.10.05	21:46:00	4138.31	4139.30	4138.26	4139.06	336	0	12
2026.10.05	21:47:00	4139.07	4139.75	4139.01	4139.47	298	0	12
2026.10.05	21:48:00	4139.48	4140.10	4139.48	4139.56	283	0	12
2026.10.05	21:49:00	4139.56	4140.50	4139.43	4140.02	293	0	12
2026.10.05	21:50:00	4140.02	4140.12	4139.36	4140.12	290	0	12
2026.10.05	21:51:00	4140.13	4140.66	4139.54	4140.40	309	0	12
2026.10.05	21:52:00	4140.40	4141.47	4140.40	4141.03	304	0	12
2026.10.05	21:53:00	4141.05	4141.63	4140.81	4141.44	277	0	12
2026.10.05	21:54:00	4141.43	4142.08	4141.35	4141.83	336	0	12
2026.10.05	21:55:00	4141.82	4142.49	4141.30	4141.64	344	0	12
2026.10.05	21:56:00	4141.63	4141.66	4141.11	4141.59	277	0	12
2026.10.05	21:57:00	4141.60	4142.58	4141.60	4142.40	314	0	12
2026.10.05	21:58:00	4142.41	4143.00	4142.07	4142.26	413	0	12
2026.10.05	21:59:00	4142.27	4143.00	4141.70	4142.99	458	0	12
2026.10.05	22:00:00	4142.99	4143.73	4142.18	4143.58	377	0	12
2026.10.05	22:01:00	4143.61	4143.71	4142.80	4142.83	433	0	12
2026.10.05	22:02:00	4142.83	4143.06	4141.84	4142.71	418	0	12
2026.10.05	22:03:00	4142.71	4143.18	4142.45	4142.84	349	0	12
2026.10.05	22:04:00	4142.84	4143.28	4142.36	4142.52	387	0	12
2026.10.05	22:05:00	4142.54	4143.04	4141.34	4141.94	447	0	12
2026.10.05	22:06:00	4141.87	4141.95	4140.83	4141.04	352	0	12
2026.10.05	22:07:00	4141.04	4141.21	4140.36	4140.57	290	0	12
2026.10.05	22:08:00	4140.58	4140.94	4139.95	4139.98	293	0	12
2026.10.05	22:09:00	4139.97	4140.78	4139.57	4140.11	292	0	12
2026.10.05	22:10:00	4140.11	4140.65	4140.10	4140.39	346	0	12
2026.10.05	22:11:00	4140.39	4140.74	4140.20	4140.73	228	0	12
2026.10.05	22:12:00	4140.72	4141.94	4140.44	4141.47	355	0	12
2026.10.05	22:13:00	4141.50	4141.85	4141.18	4141.46	277	0	12
2026.10.05	22:14:00	4141.50	4142.35	4140.85	4140.91	328	0	12
2026.10.05	22:15:00	4140.90	4141.65	4140.70	4141.40	323	0	12
2026.10.05	22:16:00	4141.40	4141.40	4140.06	4140.27	272	0	12
2026.10.05	22:17:00	4140.27	4140.34	4139.27	4139.63	329	0	12
2026.10.05	22:18:00	4139.64	4140.26	4139.39	4140.26	300	0	12
2026.10.05	22:19:00	4140.26	4141.08	4140.25	4140.48	330	0	12
2026.10.05	22:20:00	4140.42	4141.05	4140.31	4140.72	320	0	12
2026.10.05	22:21:00	4140.74	4141.40	4140.03	4141.03	351	0	12
2026.10.05	22:22:00	4141.04	4141.31	4140.45	4140.49	404	0	12
2026.10.05	22:23:00	4140.48	4141.46	4140.46	4141.16	303	0	12
2026.10.05	22:24:00	4141.15	4141.37	4140.57	4141.05	302	0	12
2026.10.05	22:25:00	4141.05	4142.25	4141.02	4142.12	341	0	12
2026.10.05	22:26:00	4142.24	4142.49	4141.60	4141.80	328	0	12
2026.10.05	22:27:00	4141.80	4141.97	4141.07	4141.96	352	0	12
2026.10.05	22:28:00	4141.95	4143.24	4141.77	4143.11	365	0	12
2026.10.05	22:29:00	4143.12	4143.14	4142.12	4142.22	316	0	12
2026.10.05	22:30:00	4142.22	4142.22	4141.82	4142.04	329	0	12
2026.10.05	22:31:00	4142.05	4143.50	4142.02	4143.02	357	0	12
2026.10.05	22:32:00	4143.03	4143.03	4142.29	4142.68	357	0	12
2026.10.05	22:33:00	4142.69	4143.53	4142.47	4143.50	290	0	12
2026.10.05	22:34:00	4143.49	4143.96	4143.41	4143.65	293	0	12
2026.10.05	22:35:00	4143.65	4143.86	4142.47	4142.47	338	0	12
2026.10.05	22:36:00	4142.48	4143.29	4142.07	4142.82	342	0	12
2026.10.05	22:37:00	4142.82	4142.95	4142.13	4142.83	283	0	12
2026.10.05	22:38:00	4142.83	4143.40	4142.81	4143.17	281	0	12
2026.10.05	22:39:00	4143.16	4143.69	4143.08	4143.18	245	0	12
2026.10.05	22:40:00	4143.19	4143.80	4143.19	4143.80	272	0	12
2026.10.05	22:41:00	4143.80	4144.12	4143.04	4143.04	322	0	12
2026.10.05	22:42:00	4143.04	4143.20	4142.59	4142.80	297	0	12
2026.10.05	22:43:00	4142.80	4143.00	4142.68	4142.73	304	0	12
2026.10.05	22:44:00	4142.73	4142.95	4142.14	4142.41	301	0	12
2026.10.05	22:45:00	4142.41	4142.55	4141.94	4141.94	390	0	12
2026.10.05	22:46:00	4141.94	4142.45	4141.35	4141.35	293	0	12
2026.10.05	22:47:00	4141.35	4141.47	4141.07	4141.24	270	0	12
2026.10.05	22:48:00	4141.23	4141.43	4140.91	4141.33	242	0	12
2026.10.05	22:49:00	4141.34	4141.59	4141.21	4141.40	282	0	12
2026.10.05	22:50:00	4141.37	4141.38	4140.46	4140.73	379	0	12
2026.10.05	22:51:00	4140.72	4140.72	4140.38	4140.54	240	0	12
2026.10.05	22:52:00	4140.54	4140.86	4139.64	4139.65	259	0	12
2026.10.05	22:53:00	4139.65	4140.24	4139.46	4139.74	303	0	12
2026.10.05	22:54:00	4139.71	4139.94	4139.23	4139.32	262	0	12
2026.10.05	22:55:00	4139.32	4140.49	4138.74	4140.48	383	0	12
2026.10.05	22:56:00	4140.48	4140.48	4139.46	4140.24	369	0	12
2026.10.05	22:57:00	4140.23	4140.88	4140.06	4140.82	356	0	12
2026.10.05	22:58:00	4140.83	4141.29	4140.27	4140.92	394	0	12
2026.10.05	22:59:00	4140.89	4141.00	4140.10	4140.78	398	0	12
2026.10.05	23:00:00	4140.78	4141.35	4140.26	4140.89	407	0	12
2026.10.05	23:01:00	4140.88	4140.90	4139.05	4139.27	273	0	12
2026.10.05	23:02:00	4139.26	4139.46	4137.72	4137.82	273	0	12
2026.10.05	23:03:00	4137.79	4138.46	4137.41	4138.42	290	0	12
2026.10.05	23:04:00	4138.42	4138.71	4137.79	4138.40	273	0	12
2026.10.05	23:05:00	4138.41	4138.66	4137.87	4137.87	253	0	12
2026.10.05	23:06:00	4137.86	4138.92	4137.77	4138.45	205	0	12
2026.10.05	23:07:00	4138.45	4138.97	4138.17	4138.96	193	0	12
2026.10.05	23:08:00	4139.01	4139.38	4138.64	4138.64	196	0	12
2026.10.05	23:09:00	4138.64	4139.47	4138.64	4138.75	193	0	12
2026.10.05	23:10:00	4138.75	4138.75	4138.42	4138.69	202	0	12
2026.10.05	23:11:00	4138.69	4139.33	4138.59	4138.94	161	0	12
2026.10.05	23:12:00	4138.95	4139.15	4138.73	4138.83	130	0	12
2026.10.05	23:13:00	4138.85	4139.07	4138.77	4138.83	120	0	12
2026.10.05	23:14:00	4138.83	4139.08	4138.73	4138.81	118	0	12
2026.10.05	23:15:00	4138.80	4139.50	4138.51	4139.37	251	0	12
2026.10.05	23:16:00	4139.37	4139.40	4138.57	4138.70	176	0	12
2026.10.05	23:17:00	4138.68	4139.27	4138.65	4139.19	186	0	12
2026.10.05	23:18:00	4139.19	4139.20	4138.89	4138.93	113	0	12
2026.10.05	23:19:00	4138.94	4139.10	4138.72	4138.95	140	0	12
2026.10.05	23:20:00	4138.95	4139.48	4138.65	4139.48	166	0	12
2026.10.05	23:21:00	4139.48	4141.01	4139.47	4141.01	213	0	12
2026.10.05	23:22:00	4141.01	4141.99	4140.85	4140.95	228	0	12
2026.10.05	23:23:00	4140.96	4141.33	4140.80	4140.93	156	0	12
2026.10.05	23:24:00	4140.93	4141.19	4140.50	4140.85	183	0	12
2026.10.05	23:25:00	4140.86	4141.38	4140.69	4141.36	144	0	12
2026.10.05	23:26:00	4141.36	4141.48	4140.92	4140.92	170	0	12
2026.10.05	23:27:00	4140.93	4141.05	4140.42	4140.45	139	0	12
2026.10.05	23:28:00	4140.45	4141.17	4140.40	4141.15	114	0	12
2026.10.05	23:29:00	4141.14	4141.73	4140.96	4141.00	125	0	12
2026.10.05	23:30:00	4140.97	4141.04	4140.42	4140.47	128	0	17
2026.10.05	23:31:00	4140.47	4140.90	4140.14	4140.42	172	0	17
2026.10.05	23:32:00	4140.46	4140.68	4140.05	4140.13	159	0	17
2026.10.05	23:33:00	4140.13	4140.13	4139.44	4139.52	111	0	17
2026.10.05	23:34:00	4139.53	4139.93	4139.15	4139.58	126	0	17
2026.10.05	23:35:00	4139.56	4139.86	4138.99	4139.00	177	0	17
2026.10.05	23:36:00	4139.00	4139.20	4138.69	4139.03	146	0	17
2026.10.05	23:37:00	4139.03	4139.37	4138.88	4139.27	129	0	17
2026.10.05	23:38:00	4139.27	4139.64	4139.22	4139.43	132	0	17
2026.10.05	23:39:00	4139.44	4139.52	4139.10	4139.26	134	0	17
2026.10.05	23:40:00	4139.27	4140.60	4139.14	4140.45	163	0	17
2026.10.05	23:41:00	4140.45	4140.45	4140.15	4140.33	152	0	17
2026.10.05	23:42:00	4140.33	4140.35	4140.07	4140.14	123	0	17
2026.10.05	23:43:00	4140.15	4140.16	4139.66	4139.81	139	0	17
2026.10.05	23:44:00	4139.82	4140.22	4139.67	4140.07	141	0	17
2026.10.05	23:45:00	4140.08	4140.86	4140.03	4140.83	238	0	17
2026.10.05	23:46:00	4140.83	4141.97	4140.83	4141.61	217	0	17
2026.10.05	23:47:00	4141.61	4141.62	4141.25	4141.52	179	0	17
2026.10.05	23:48:00	4141.52	4143.31	4141.52	4143.23	190	0	17
2026.10.05	23:49:00	4143.22	4143.22	4142.53	4142.63	145	0	17
2026.10.05	23:50:00	4142.62	4142.82	4141.89	4141.95	267	0	17
2026.10.05	23:51:00	4141.90	4142.07	4141.59	4142.06	229	0	17
2026.10.05	23:52:00	4142.06	4142.38	4141.72	4141.77	158	0	17
2026.10.05	23:53:00	4141.77	4142.09	4141.32	4141.40	191	0	17
2026.10.05	23:54:00	4141.36	4141.51	4141.16	4141.40	205	0	17
2026.10.05	23:55:00	4141.41	4142.19	4141.40	4141.81	207	0	17
2026.10.05	23:56:00	4141.81	4141.92	4141.48	4141.54	174	0	17
2026.10.05	23:57:00	4141.54	4141.89	4140.55	4140.56	179	0	17
2026.10.06	01:00:00	4142.61	4144.36	4141.67	4143.29	335	0	17
2026.10.06	01:01:00	4143.29	4144.05	4141.60	4142.35	299	0	17
2026.10.06	01:02:00	4142.36	4143.34	4141.95	4142.66	240	0	17
2026.10.06	01:03:00	4142.79	4145.01	4142.59	4144.52	206	0	17
2026.10.06	01:04:00	4144.48	4144.62	4143.33	4143.65	253	0	17
2026.10.06	01:05:00	4143.68	4144.13	4143.67	4143.85	263	0	17
2026.10.06	01:06:00	4143.86	4144.43	4143.45	4143.45	223	0	17
2026.10.06	01:07:00	4143.46	4143.69	4142.92	4143.12	179	0	17
2026.10.06	01:08:00	4143.11	4143.80	4142.84	4143.45	222	0	17
2026.10.06	01:09:00	4143.46	4143.47	4142.55	4143.34	241	0	17
2026.10.06	01:10:00	4143.34	4143.34	4142.50	4142.68	263	0	17
2026.10.06	01:11:00	4142.67	4142.96	4141.74	4142.60	260	0	17
2026.10.06	01:12:00	4142.61	4143.01	4142.27	4142.76	268	0	17
2026.10.06	01:13:00	4142.76	4142.91	4142.60	4142.66	74	0	17
2026.10.06	01:14:00	4142.64	4143.07	4142.64	4142.74	127	0	17
2026.10.06	01:15:00	4142.75	4143.04	4142.52	4143.03	217	0	17
2026.10.06	01:16:00	4143.03	4143.10	4142.54	4142.84	189	0	17
2026.10.06	01:17:00	4142.90	4143.39	4142.82	4143.16	177	0	17
2026.10.06	01:18:00	4143.15	4143.61	4143.02	4143.12	164	0	17
2026.10.06	01:19:00	4143.12	4143.33	4142.74	4142.94	180	0	17
2026.10.06	01:20:00	4142.95	4142.96	4142.29	4142.51	176	0	17
2026.10.06	01:21:00	4142.47	4142.82	4142.01	4142.64	119	0	17
2026.10.06	01:22:00	4142.63	4143.10	4142.38	4142.74	124	0	17
2026.10.06	01:23:00	4142.73	4143.03	4142.47	4142.99	142	0	17
2026.10.06	01:24:00	4143.00	4143.51	4142.79	4143.20	151	0	17
2026.10.06	01:25:00	4143.20	4143.41	4143.07	4143.15	106	0	17
2026.10.06	01:26:00	4143.13	4143.17	4142.95	4143.09	100	0	17
2026.10.06	01:27:00	4143.07	4143.07	4142.39	4142.39	89	0	17
2026.10.06	01:28:00	4142.37	4142.74	4142.32	4142.64	116	0	17
2026.10.06	01:29:00	4142.65	4142.87	4142.52	4142.78	82	0	17
2026.10.06	01:30:00	4142.80	4143.44	4142.78	4143.23	144	0	12
2026.10.06	01:31:00	4143.23	4143.42	4142.96	4143.35	102	0	12
2026.10.06	01:32:00	4143.35	4144.35	4143.31	4144.19	154	0	12
2026.10.06	01:33:00	4144.19	4144.30	4143.61	4143.61	125	0	12
2026.10.06	01:34:00	4143.64	4143.94	4143.58	4143.92	136	0	12
2026.10.06	01:35:00	4143.92	4144.21	4143.71	4144.00	152	0	12
2026.10.06	01:36:00	4144.00	4144.05	4143.69	4143.99	160	0	12
2026.10.06	01:37:00	4143.99	4144.35	4143.72	4144.32	178	0	12
2026.10.06	01:38:00	4144.31	4144.35	4143.93	4144.06	138	0	12
2026.10.06	01:39:00	4144.04	4144.23	4143.93	4144.23	110	0	12
2026.10.06	01:40:00	4144.23	4145.11	4144.22	4145.11	166	0	12
2026.10.06	01:41:00	4145.08	4145.35	4144.98	4145.17	161	0	12
2026.10.06	01:42:00	4145.17	4145.17	4144.37	4144.50	139	0	12
2026.10.06	01:43:00	4144.51	4144.61	4144.23	4144.27	76	0	12
2026.10.06	01:44:00	4144.27	4144.31	4144.13	4144.23	100	0	12
2026.10.06	01:45:00	4144.24	4144.24	4143.74	4143.75	122	0	12
2026.10.06	01:46:00	4143.77	4143.81	4141.49	4141.51	164	0	12
2026.10.06	01:47:00	4141.50	4142.20	4141.49	4141.60	140	0	12
2026.10.06	01:48:00	4141.60	4142.08	4141.54	4142.08	165	0	12
2026.10.06	01:49:00	4142.07	4142.27	4141.88	4141.88	78	0	12
2026.10.06	01:50:00	4141.88	4141.97	4141.73	4141.81	97	0	12
2026.10.06	01:51:00	4141.81	4141.90	4141.15	4141.26	152	0	12
2026.10.06	01:52:00	4141.26	4141.42	4141.23	4141.36	77	0	12
2026.10.06	01:53:00	4141.36	4141.37	4140.91	4141.02	89	0	12
2026.10.06	01:54:00	4141.02	4141.42	4141.02	4141.41	147	0	12
2026.10.06	01:55:00	4141.38	4141.72	4141.02	4141.09	150	0	12
2026.10.06	01:56:00	4141.09	4141.51	4141.00	4141.31	102	0	12
2026.10.06	01:57:00	4141.30	4141.55	4141.12	4141.13	126	0	12
2026.10.06	01:58:00	4141.16	4141.16	4140.76	4141.03	160	0	12
2026.10.06	01:59:00	4141.02	4141.03	4140.83	4140.83	40	0	12
2026.10.06	02:00:00	4140.83	4141.90	4140.55	4140.61	255	0	12
2026.10.06	02:01:00	4140.61	4141.24	4140.61	4140.87	181	0	12
2026.10.06	02:02:00	4140.86	4141.03	4140.76	4140.87	147	0	12
2026.10.06	02:03:00	4140.86	4140.93	4140.07	4140.63	160	0	12
2026.10.06	02:04:00	4140.64	4140.99	4140.51	4140.60	124	0	12
2026.10.06	02:05:00	4140.59	4140.78	4140.43	4140.51	135	0	12
2026.10.06	02:06:00	4140.50	4140.63	4139.59	4139.75	125	0	12
2026.10.06	02:07:00	4139.77	4139.77	4138.84	4139.25	197	0	12
2026.10.06	02:08:00	4139.26	4139.59	4139.18	4139.56	149	0	12
2026.10.06	02:09:00	4139.56	4139.81	4139.46	4139.49	146	0	12
2026.10.06	02:10:00	4139.50	4139.50	4138.88	4139.06	146	0	12
2026.10.06	02:11:00	4139.06	4139.16	4138.84	4138.99	178	0	12
2026.10.06	02:12:00	4139.00	4139.04	4138.48	4138.77	194	0	12
2026.10.06	02:13:00	4138.77	4138.85	4138.57	4138.60	101	0	12
2026.10.06	02:14:00	4138.60	4138.62	4138.33	4138.55	78	0	12
2026.10.06	02:15:00	4138.55	4138.86	4138.36	4138.56	172	0	12
2026.10.06	02:16:00	4138.56	4138.68	4137.95	4137.95	128	0	12
2026.10.06	02:17:00	4137.94	4138.81	4137.93	4138.78	219	0	12
2026.10.06	02:18:00	4138.78	4139.40	4138.71	4139.37	134	0	12
2026.10.06	02:19:00	4139.36	4139.68	4139.02	4139.27	194	0	12
2026.10.06	02:20:00	4139.25	4139.70	4139.25	4139.49	190	0	12
2026.10.06	02:21:00	4139.48	4139.68	4139.45	4139.57	99	0	12
2026.10.06	02:22:00	4139.59	4139.95	4139.40	4139.46	182	0	12
2026.10.06	02:23:00	4139.45	4140.52	4139.42	4140.02	201	0	12
2026.10.06	02:24:00	4140.03	4140.85	4139.93	4140.82	136	0	12
2026.10.06	02:25:00	4140.82	4140.82	4140.44	4140.65	112	0	12
2026.10.06	02:26:00	4140.65	4140.92	4140.62	4140.81	127	0	12
2026.10.06	02:27:00	4140.81	4140.88	4139.77	4140.22	144	0	12
2026.10.06	02:28:00	4140.22	4140.74	4140.12	4140.57	156	0	12
2026.10.06	02:29:00	4140.57	4140.86	4140.17	4140.19	183	0	12
2026.10.06	02:30:00	4140.19	4140.19	4138.85	4139.32	198	0	12
2026.10.06	02:31:00	4139.33	4139.48	4138.54	4139.44	191	0	12
2026.10.06	02:32:00	4139.45	4140.18	4139.23	4140.04	151	0	12
2026.10.06	02:33:00	4140.03	4140.42	4139.99	4140.29	135	0	12
2026.10.06	02:34:00	4140.28	4140.49	4139.73	4139.84	128	0	12
2026.10.06	02:35:00	4139.83	4140.64	4139.83	4140.63	128	0	12
2026.10.06	02:36:00	4140.62	4140.62	4140.09	4140.16	129	0	12
2026.10.06	02:37:00	4140.16	4140.27	4138.91	4138.91	149	0	12
2026.10.06	02:38:00	4138.91	4139.00	4138.37	4138.87	171	0	12
2026.10.06	02:39:00	4138.88	4139.23	4138.84	4138.86	131	0	12
2026.10.06	02:40:00	4138.86	4138.98	4138.29	4138.36	144	0	12
2026.10.06	02:41:00	4138.37	4138.38	4137.66	4137.67	140	0	12
2026.10.06	02:42:00	4137.66	4137.67	4137.18	4137.20	137	0	12
2026.10.06	02:43:00	4137.20	4137.42	4137.02	4137.09	80	0	12
2026.10.06	02:44:00	4137.09	4137.32	4136.74	4137.02	205	0	12
2026.10.06	02:45:00	4137.02	4137.07	4136.49	4136.64	196	0	12
2026.10.06	02:46:00	4136.64	4136.92	4136.24	4136.28	215	0	12
2026.10.06	02:47:00	4136.29	4136.67	4135.26	4135.66	208	0	12
2026.10.06	02:48:00	4135.66	4136.02	4135.48	4135.72	197	0	12
2026.10.06	02:49:00	4135.71	4135.71	4134.92	4135.04	291	0	12
2026.10.06	02:50:00	4135.04	4135.04	4133.54	4134.08	272	0	12
2026.10.06	02:51:00	4134.06	4134.75	4134.06	4134.64	191	0	12
2026.10.06	02:52:00	4134.63	4134.82	4133.78	4134.20	219	0	12
2026.10.06	02:53:00	4134.20	4134.42	4134.04	4134.26	139	0	12
2026.10.06	02:54:00	4134.25	4135.32	4134.22	4135.01	238	0	12
2026.10.06	02:55:00	4135.01	4135.56	4134.77	4135.10	216	0	12
2026.10.06	02:56:00	4135.10	4135.10	4134.13	4134.13	243	0	12
2026.10.06	02:57:00	4134.12	4134.75	4133.78	4134.72	232	0	12
2026.10.06	02:58:00	4134.72	4134.72	4133.78	4134.30	234	0	12
2026.10.06	02:59:00	4134.30	4134.99	4134.27	4134.30	219	0	12
2026.10.06	03:00:00	4134.31	4137.14	4133.89	4136.38	524	0	12
2026.10.06	03:01:00	4136.39	4136.61	4135.36	4136.00	350	0	12
2026.10.06	03:02:00	4135.99	4137.66	4135.50	4136.93	342	0	12
2026.10.06	03:03:00	4136.94	4136.97	4135.09	4135.14	330	0	12
2026.10.06	03:04:00	4135.14	4135.43	4134.74	4134.74	281	0	12
2026.10.06	03:05:00	4134.79	4135.14	4133.90	4134.19	312	0	12
2026.10.06	03:06:00	4134.18	4134.53	4133.15	4133.29	356	0	12
2026.10.06	03:07:00	4133.33	4134.83	4133.33	4134.79	297	0	12
2026.10.06	03:08:00	4134.81	4134.98	4134.08	4134.32	318	0	12
2026.10.06	03:09:00	4134.33	4134.51	4133.70	4133.82	254	0	12
2026.10.06	03:10:00	4133.81	4135.28	4133.49	4134.31	314	0	12
2026.10.06	03:11:00	4134.32	4134.99	4134.14	4134.98	287	0	12
2026.10.06	03:12:00	4134.97	4136.27	4134.96	4136.11	299	0	12
2026.10.06	03:13:00	4136.12	4136.41	4135.68	4136.40	220	0	12
2026.10.06	03:14:00	4136.40	4136.44	4135.58	4136.05	214	0	12
2026.10.06	03:15:00	4136.05	4137.31	4135.90	4136.35	453	0	12
2026.10.06	03:16:00	4136.37	4136.69	4135.55	4136.23	378	0	12
2026.10.06	03:17:00	4136.24	4138.29	4136.16	4138.26	365	0	12
2026.10.06	03:18:00	4138.25	4140.88	4138.24	4140.56	369	0	12
2026.10.06	03:19:00	4140.53	4141.27	4140.09	4140.15	349	0	12
2026.10.06	03:20:00	4140.16	4140.30	4138.47	4139.35	375	0	12
2026.10.06	03:21:00	4139.35	4140.17	4139.33	4139.85	253	0	12
2026.10.06	03:22:00	4139.86	4140.87	4139.69	4140.84	291	0	12
2026.10.06	03:23:00	4140.84	4141.35	4140.84	4141.26	232	0	12
2026.10.06	03:24:00	4141.26	4141.39	4140.52	4140.70	315	0	12
2026.10.06	03:25:00	4140.69	4140.93	4140.06	4140.67	319	0	12
2026.10.06	03:26:00	4140.67	4141.16	4139.94	4140.25	348	0	12
2026.10.06	03:27:00	4140.20	4141.44	4139.98	4141.43	300	0	12
2026.10.06	03:28:00	4141.44	4141.57	4140.26	4140.27	253	0	12
2026.10.06	03:29:00	4140.27	4141.22	4140.19	4140.84	259	0	12
2026.10.06	03:30:00	4140.83	4140.83	4138.12	4139.26	411	0	12
2026.10.06	03:31:00	4139.23	4142.09	4139.23	4141.32	370	0	12
2026.10.06	03:32:00	4141.32	4142.58	4141.28	4142.30	307	0	12
2026.10.06	03:33:00	4142.32	4145.02	4141.69	4141.69	406	0	12
2026.10.06	03:34:00	4141.69	4142.80	4140.90	4140.99	433	0	12
2026.10.06	03:35:00	4140.98	4142.54	4139.39	4139.52	414	0	12
2026.10.06	03:36:00	4139.52	4139.90	4138.00	4138.00	364	0	12
2026.10.06	03:37:00	4138.00	4138.00	4135.97	4136.06	397	0	12
2026.10.06	03:38:00	4136.06	4138.45	4136.05	4137.26	358	0	12
2026.10.06	03:39:00	4137.26	4137.49	4136.38	4136.76	291	0	12
2026.10.06	03:40:00	4136.76	4137.56	4136.63	4137.18	290	0	12
2026.10.06	03:41:00	4137.18	4137.24	4135.98	4136.97	293	0	12
2026.10.06	03:42:00	4136.97	4137.62	4135.97	4135.97	272	0	12
2026.10.06	03:43:00	4135.98	4138.13	4135.70	4138.11	303	0	12
2026.10.06	03:44:00	4138.12	4138.35	4137.88	4138.26	233	0	12
2026.10.06	03:45:00	4138.25	4140.33	4138.24	4140.16	314	0	12
2026.10.06	03:46:00	4140.18	4142.12	4140.14	4142.11	349	0	12
2026.10.06	03:47:00	4142.12	4143.41	4141.93	4142.82	394	0	12
2026.10.06	03:48:00	4142.76	4142.76	4141.48	4142.32	320	0	12
2026.10.06	03:49:00	4142.32	4145.86	4142.32	4145.01	405	0	12
2026.10.06	03:50:00	4145.01	4146.29	4144.51	4145.48	383	0	12
2026.10.06	03:51:00	4145.48	4146.46	4145.05	4146.41	346	0	12
2026.10.06	03:52:00	4146.41	4146.52	4145.71	4146.15	324	0	12
2026.10.06	03:53:00	4146.15	4146.69	4146.01	4146.40	271	0	12
2026.10.06	03:54:00	4146.39	4146.57	4145.56	4146.15	339	0	12
2026.10.06	03:55:00	4146.13	4147.50	4145.27	4145.29	275	0	12
2026.10.06	03:56:00	4145.29	4145.76	4144.31	4145.28	340	0	12
2026.10.06	03:57:00	4145.28	4146.48	4144.81	4146.05	252	0	12
2026.10.06	03:58:00	4146.12	4147.09	4145.83	4146.71	318	0	12
2026.10.06	03:59:00	4146.68	4151.31	4146.68	4150.89	497	0	12
2026.10.06	04:00:00	4150.90	4152.25	4149.70	4149.71	597	0	12
2026.10.06	04:01:00	4149.71	4150.45	4147.86	4150.19	509	0	12
2026.10.06	04:02:00	4150.22	4150.22	4147.45	4148.19	485	0	12
2026.10.06	04:03:00	4148.19	4149.29	4146.28	4146.99	477	0	12
2026.10.06	04:04:00	4146.97	4147.87	4146.19	4147.84	432	0	12
2026.10.06	04:05:00	4147.83	4148.30	4146.42	4147.77	418	0	12
2026.10.06	04:06:00	4147.76	4149.18	4147.30	4148.55	418	0	12
2026.10.06	04:07:00	4148.55	4150.51	4148.52	4150.51	401	0	12
2026.10.06	04:08:00	4150.54	4151.19	4150.04	4150.81	363	0	12
2026.10.06	04:09:00	4150.81	4151.89	4150.68	4151.03	377	0	12
2026.10.06	04:10:00	4151.03	4152.11	4150.48	4151.37	360	0	12
2026.10.06	04:11:00	4151.36	4151.49	4149.39	4149.66	357	0	12
2026.10.06	04:12:00	4149.69	4150.56	4148.80	4149.03	378	0	12
2026.10.06	04:13:00	4149.03	4149.53	4148.57	4148.90	343	0	12
2026.10.06	04:14:00	4148.90	4150.09	4148.90	4149.41	281	0	12
2026.10.06	04:15:00	4149.40	4149.45	4145.89	4146.45	486	0	12
2026.10.06	04:16:00	4146.47	4147.71	4144.16	4144.71	487	0	12
2026.10.06	04:17:00	4144.70	4145.27	4143.85	4144.76	388	0	12
2026.10.06	04:18:00	4144.77	4144.88	4143.59	4143.95	360	0	12
2026.10.06	04:19:00	4143.96	4144.17	4141.13	4141.90	408	0	12
2026.10.06	04:20:00	4141.87	4142.28	4140.85	4140.85	443	0	12
2026.10.06	04:21:00	4140.80	4141.11	4139.51	4140.13	469	0	12
2026.10.06	04:22:00	4140.14	4140.82	4139.65	4140.80	381	0	12
2026.10.06	04:23:00	4140.80	4141.50	4140.32	4141.03	378	0	12
2026.10.06	04:24:00	4141.03	4141.55	4138.88	4139.58	385	0	12
2026.10.06	04:25:00	4139.57	4139.70	4137.76	4138.21	420	0	12
2026.10.06	04:26:00	4138.20	4138.20	4135.51	4137.07	449	0	12
2026.10.06	04:27:00	4137.07	4138.40	4137.05	4137.96	429	0	12
2026.10.06	04:28:00	4137.98	4138.33	4136.91	4137.47	371	0	12
2026.10.06	04:29:00	4137.46	4137.49	4136.25	4136.25	353	0	12
2026.10.06	04:30:00	4136.25	4136.29	4134.55	4135.47	466	0	12
2026.10.06	04:31:00	4135.49	4136.30	4133.93	4135.94	449	0	12
2026.10.06	04:32:00	4135.94	4137.58	4135.82	4137.54	407	0	12
2026.10.06	04:33:00	4137.53	4138.41	4136.57	4137.41	374	0	12
2026.10.06	04:34:00	4137.41	4138.05	4135.50	4135.67	381	0	12
2026.10.06	04:35:00	4135.67	4136.96	4134.83	4135.69	403	0	12
2026.10.06	04:36:00	4135.71	4137.39	4135.63	4136.59	413	0	12
2026.10.06	04:37:00	4136.61	4137.77	4135.67	4136.20	371	0	12
2026.10.06	04:38:00	4136.20	4136.39	4133.62	4134.21	428	0	12
2026.10.06	04:39:00	4134.21	4135.38	4133.62	4134.32	365	0	12
2026.10.06	04:40:00	4134.31	4134.32	4131.08	4131.35	414	0	12
2026.10.06	04:41:00	4131.35	4132.24	4131.07	4132.15	392	0	12
2026.10.06	04:42:00	4132.15	4132.51	4131.23	4132.34	370	0	12
2026.10.06	04:43:00	4132.35	4133.27	4132.28	4132.57	335	0	12
2026.10.06	04:44:00	4132.57	4134.04	4132.56	4133.18	353	0	12
2026.10.06	04:45:00	4133.17	4133.75	4132.36	4133.07	358	0	12
2026.10.06	04:46:00	4133.07	4133.07	4131.05	4131.88	363	0	12
2026.10.06	04:47:00	4131.89	4131.89	4130.93	4131.82	400	0	12
2026.10.06	04:48:00	4131.87	4132.44	4131.06	4131.99	400	0	12
2026.10.06	04:49:00	4131.98	4132.82	4131.21	4131.41	385	0	12
2026.10.06	04:50:00	4131.38	4133.00	4130.82	4132.85	468	0	12
2026.10.06	04:51:00	4132.89	4133.60	4132.73	4133.44	323	0	12
2026.10.06	04:52:00	4133.43	4133.47	4131.13	4131.17	328	0	12
2026.10.06	04:53:00	4131.18	4131.67	4130.05	4130.08	397	0	12
2026.10.06	04:54:00	4130.07	4130.74	4129.64	4129.74	357	0	12
2026.10.06	04:55:00	4129.74	4130.03	4128.96	4129.82	417	0	12
2026.10.06	04:56:00	4129.77	4131.90	4129.42	4131.69	393	0	12
2026.10.06	04:57:00	4131.70	4131.70	4130.41	4131.13	332	0	12
2026.10.06	04:58:00	4131.13	4131.49	4130.69	4130.99	267	0	12
2026.10.06	04:59:00	4130.98	4130.98	4129.27	4130.24	362	0	12
2026.10.06	05:00:00	4130.24	4131.17	4129.67	4129.67	376	0	12
2026.10.06	05:01:00	4129.67	4129.97	4129.01	4129.48	322	0	12
2026.10.06	05:02:00	4129.48	4130.18	4129.14	4129.61	299	0	12
2026.10.06	05:03:00	4129.64	4130.07	4129.40	4129.77	255	0	12
2026.10.06	05:04:00	4129.78	4130.14	4128.55	4128.69	285	0	12
2026.10.06	05:05:00	4128.69	4129.90	4128.29	4129.38	321	0	12
2026.10.06	05:06:00	4129.38	4129.94	4129.23	4129.43	284	0	12
2026.10.06	05:07:00	4129.44	4130.39	4129.41	4130.02	251	0	12
2026.10.06	05:08:00	4130.03	4130.36	4129.61	4130.27	265	0	12
2026.10.06	05:09:00	4130.27	4130.73	4129.04	4130.24	326	0	12
2026.10.06	05:10:00	4130.24	4130.38	4129.25	4129.72	257	0	12
2026.10.06	05:11:00	4129.75	4130.47	4129.07	4129.62	256	0	12
2026.10.06	05:12:00	4129.61	4129.78	4127.97	4129.07	256	0	12
2026.10.06	05:13:00	4129.07	4129.39	4128.78	4129.29	242	0	12
2026.10.06	05:14:00	4129.29	4130.85	4128.81	4130.50	259	0	12
2026.10.06	05:15:00	4130.49	4131.10	4130.37	4130.59	329	0	12
2026.10.06	05:16:00	4130.57	4131.21	4129.83	4129.85	306	0	12
2026.10.06	05:17:00	4129.81	4130.61	4129.48	4130.28	284	0	12
2026.10.06	05:18:00	4130.31	4131.50	4129.48	4129.49	242	0	12
2026.10.06	05:19:00	4129.48	4129.88	4128.92	4129.48	307	0	12
2026.10.06	05:20:00	4129.47	4130.67	4129.27	4130.06	354	0	12
2026.10.06	05:21:00	4130.04	4130.30	4128.71	4128.72	305	0	12
2026.10.06	05:22:00	4128.71	4128.87	4127.25	4128.72	322	0	12
2026.10.06	05:23:00	4128.72	4129.07	4128.27	4128.73	278	0	12
2026.10.06	05:24:00	4128.72	4129.00	4128.31	4128.36	286	0	12
2026.10.06	05:25:00	4128.37	4128.64	4127.99	4128.61	261	0	12
2026.10.06	05:26:00	4128.61	4128.66	4126.78	4127.23	296	0	12
2026.10.06	05:27:00	4127.23	4127.32	4126.56	4127.04	254	0	12
2026.10.06	05:28:00	4127.03	4127.16	4126.67	4127.09	231	0	12
2026.10.06	05:29:00	4127.09	4127.18	4126.47	4126.62	254	0	12
2026.10.06	05:30:00	4126.65	4127.52	4124.93	4126.22	369	0	12
2026.10.06	05:31:00	4126.21	4126.68	4125.99	4126.02	263	0	12
2026.10.06	05:32:00	4126.08	4127.87	4125.84	4127.02	350	0	12
2026.10.06	05:33:00	4127.01	4127.20	4126.14	4126.43	299	0	12
2026.10.06	05:34:00	4126.41	4126.74	4121.82	4122.42	466	0	12
2026.10.06	05:35:00	4122.42	4122.43	4104.32	4115.11	787	0	12
2026.10.06	05:36:00	4115.11	4116.36	4113.97	4114.88	631	0	12
2026.10.06	05:37:00	4114.88	4122.40	4114.88	4122.33	547	0	12
2026.10.06	05:38:00	4122.35	4125.86	4120.17	4120.85	691	0	12
2026.10.06	05:39:00	4120.84	4122.07	4119.70	4122.07	482	0	12
2026.10.06	05:40:00	4122.08	4122.61	4120.63	4122.00	503	0	12
2026.10.06	05:41:00	4121.99	4122.48	4121.32	4122.14	467	0	12
2026.10.06	05:42:00	4122.15	4123.24	4121.71	4122.99	391	0	12
2026.10.06	05:43:00	4122.97	4123.07	4121.61	4121.66	308	0	12
2026.10.06	05:44:00	4121.65	4121.71	4121.09	4121.17	309	0	12
2026.10.06	05:45:00	4121.17	4121.92	4121.02	4121.48	354	0	12
2026.10.06	05:46:00	4121.44	4121.99	4120.97	4121.02	329	0	12
2026.10.06	05:47:00	4120.98	4122.22	4120.68	4122.21	274	0	12
2026.10.06	05:48:00	4122.21	4124.21	4121.96	4124.18	394	0	12
2026.10.06	05:49:00	4124.20	4128.72	4124.19	4127.83	462	0	12
2026.10.06	05:50:00	4127.82	4130.41	4127.76	4129.16	441	0	12
2026.10.06	05:51:00	4129.18	4135.28	4129.18	4133.88	515	0	12
2026.10.06	05:52:00	4133.88	4135.30	4133.88	4134.85	407	0	12
2026.10.06	05:53:00	4134.85	4138.83	4134.56	4137.27	492	0	12
2026.10.06	05:54:00	4137.17	4137.43	4136.27	4136.27	380	0	12
2026.10.06	05:55:00	4136.25	4137.85	4135.75	4136.55	351	0	12
2026.10.06	05:56:00	4136.56	4136.57	4133.82	4134.07	353	0	12
2026.10.06	05:57:00	4134.07	4134.07	4131.63	4131.63	483	0	12
2026.10.06	05:58:00	4131.63	4132.64	4130.08	4130.64	479	0	12
2026.10.06	05:59:00	4130.67	4130.67	4129.11	4130.31	413	0	12
2026.10.06	06:00:00	4130.31	4131.28	4129.30	4130.55	491	0	12
2026.10.06	06:01:00	4130.55	4131.96	4129.56	4131.78	375	0	12
2026.10.06	06:02:00	4131.90	4132.86	4130.27	4132.84	362	0	12
2026.10.06	06:03:00	4132.84	4133.10	4131.41	4131.41	348	0	12
2026.10.06	06:04:00	4131.42	4133.01	4131.12	4132.44	359	0	12
2026.10.06	06:05:00	4132.43	4132.85	4131.93	4132.06	309	0	12
2026.10.06	06:06:00	4132.06	4133.06	4130.86	4130.87	280	0	12
2026.10.06	06:07:00	4130.86	4132.12	4130.51	4130.51	228	0	12
2026.10.06	06:08:00	4130.49	4130.71	4129.39	4129.39	282	0	12
2026.10.06	06:09:00	4129.39	4130.26	4129.07	4129.32	385	0	12
2026.10.06	06:10:00	4129.31	4130.46	4129.10	4130.00	271	0	12
2026.10.06	06:11:00	4129.98	4130.43	4128.85	4128.85	301	0	12
2026.10.06	06:12:00	4128.78	4130.04	4128.67	4130.04	332	0	12
2026.10.06	06:13:00	4130.04	4130.05	4129.18	4129.18	298	0	12
2026.10.06	06:14:00	4129.21	4129.38	4128.46	4128.62	213	0	12
2026.10.06	06:15:00	4128.57	4129.20	4126.70	4128.73	340	0	12
2026.10.06	06:16:00	4128.72	4129.46	4128.02	4129.08	314	0	12
2026.10.06	06:17:00	4129.08	4129.16	4128.42	4128.49	264	0	12
2026.10.06	06:18:00	4128.48	4129.39	4127.92	4128.23	285	0	12
2026.10.06	06:19:00	4128.23	4129.59	4127.70	4129.22	309	0	12
2026.10.06	06:20:00	4129.22	4129.92	4128.18	4128.42	324	0	12
2026.10.06	06:21:00	4128.42	4130.06	4128.20	4130.06	287	0	12
2026.10.06	06:22:00	4130.05	4130.64	4129.91	4129.97	307	0	12
2026.10.06	06:23:00	4129.97	4130.78	4128.24	4130.32	352	0	12
2026.10.06	06:24:00	4130.32	4130.67	4128.96	4129.34	266	0	12
2026.10.06	06:25:00	4129.34	4129.59	4128.68	4128.68	230	0	12
2026.10.06	06:26:00	4128.65	4128.68	4127.60	4128.12	294	0	12
2026.10.06	06:27:00	4128.08	4128.09	4126.50	4126.90	276	0	12
2026.10.06	06:28:00	4126.87	4127.29	4126.29	4127.29	271	0	12
2026.10.06	06:29:00	4127.30	4128.41	4127.25	4127.82	278	0	12
2026.10.06	06:30:00	4127.83	4127.90	4125.19	4126.40	390	0	12
2026.10.06	06:31:00	4126.44	4127.61	4125.53	4126.72	363	0	12
2026.10.06	06:32:00	4126.72	4127.42	4126.13	4126.49	289	0	12
2026.10.06	06:33:00	4126.51	4126.95	4126.12	4126.15	247	0	12
2026.10.06	06:34:00	4126.15	4126.53	4124.66	4124.81	320	0	12
2026.10.06	06:35:00	4124.81	4125.89	4124.70	4124.97	333	0	12
2026.10.06	06:36:00	4124.97	4125.65	4124.90	4125.28	233	0	12
2026.10.06	06:37:00	4125.29	4127.84	4124.91	4126.96	344	0	12
2026.10.06	06:38:00	4126.98	4128.18	4126.55	4128.06	362	0	12
2026.10.06	06:39:00	4128.05	4128.05	4125.73	4125.93	285	0	12
2026.10.06	06:40:00	4125.93	4125.98	4124.04	4125.66	398	0	12
2026.10.06	06:41:00	4125.67	4127.87	4125.66	4127.87	325	0	12
2026.10.06	06:42:00	4127.87	4129.41	4127.05	4129.33	310	0	12
2026.10.06	06:43:00	4129.33	4131.38	4129.27	4131.16	375	0	12
2026.10.06	06:44:00	4131.20	4133.72	4130.92	4131.87	385	0	12
2026.10.06	06:45:00	4131.89	4132.26	4131.20	4131.67	347	0	12
2026.10.06	06:46:00	4131.67	4132.45	4131.17	4131.63	349	0	12
2026.10.06	06:47:00	4131.62	4132.31	4130.45	4131.51	353	0	12
2026.10.06	06:48:00	4131.50	4131.78	4128.13	4129.86	425	0	12
2026.10.06	06:49:00	4129.86	4131.44	4129.15	4131.38	324	0	12
2026.10.06	06:50:00	4131.40	4132.09	4129.85	4130.02	323	0	12
2026.10.06	06:51:00	4130.02	4130.15	4129.15	4129.62	263	0	12
2026.10.06	06:52:00	4129.62	4129.63	4128.24	4128.32	281	0	12
2026.10.06	06:53:00	4128.32	4128.41	4126.74	4127.11	326	0	12
2026.10.06	06:54:00	4127.10	4127.35	4124.43	4124.74	329	0	12
2026.10.06	06:55:00	4124.74	4126.94	4124.72	4125.98	410	0	12
2026.10.06	06:56:00	4125.98	4127.04	4125.78	4127.04	298	0	12
2026.10.06	06:57:00	4127.05	4127.53	4126.49	4126.83	311	0	12
2026.10.06	06:58:00	4126.83	4127.93	4126.81	4127.85	266	0	12
2026.10.06	06:59:00	4127.86	4128.60	4127.51	4128.47	314	0	12
2026.10.06	07:00:00	4128.47	4130.09	4128.40	4129.37	309	0	12
2026.10.06	07:01:00	4129.34	4129.44	4127.21	4127.72	313	0	12
2026.10.06	07:02:00	4127.71	4130.36	4127.37	4129.21	267	0	12
2026.10.06	07:03:00	4129.24	4130.46	4129.12	4130.23	294	0	12
2026.10.06	07:04:00	4130.21	4130.78	4129.46	4130.61	302	0	12
2026.10.06	07:05:00	4130.61	4130.96	4129.72	4129.98	350	0	12
2026.10.06	07:06:00	4129.98	4130.64	4129.44	4129.77	268	0	12
2026.10.06	07:07:00	4129.77	4130.17	4129.06	4129.99	312	0	12
2026.10.06	07:08:00	4129.97	4130.17	4129.44	4129.87	229	0	12
2026.10.06	07:09:00	4129.88	4131.04	4129.85	4130.16	283	0	12
2026.10.06	07:10:00	4130.18	4130.40	4128.05	4128.07	341	0	12
2026.10.06	07:11:00	4128.06	4128.15	4126.84	4126.86	322	0	12
2026.10.06	07:12:00	4126.85	4127.00	4126.00	4126.63	331	0	12
2026.10.06	07:13:00	4126.64	4127.65	4126.29	4126.67	293	0	12
2026.10.06	07:14:00	4126.66	4126.77	4125.92	4126.07	243	0	12
2026.10.06	07:15:00	4126.06	4126.72	4126.00	4126.18	277	0	12
2026.10.06	07:16:00	4126.18	4126.52	4125.79	4126.46	264	0	12
2026.10.06	07:17:00	4126.47	4126.56	4125.81	4125.89	241	0	12
2026.10.06	07:18:00	4125.89	4127.08	4125.88	4126.80	214	0	12
2026.10.06	07:19:00	4126.81	4127.55	4126.51	4127.52	211	0	12
2026.10.06	07:20:00	4127.51	4127.74	4127.02	4127.55	244	0	12
2026.10.06	07:21:00	4127.55	4127.88	4127.31	4127.82	210	0	12
2026.10.06	07:22:00	4127.83	4128.11	4127.48	4127.65	201	0	12
2026.10.06	07:23:00	4127.65	4128.68	4126.72	4127.20	221	0	12
2026.10.06	07:24:00	4127.20	4127.37	4126.13	4127.26	283	0	12
2026.10.06	07:25:00	4127.29	4127.64	4126.69	4126.92	240	0	12
2026.10.06	07:26:00	4126.92	4127.39	4126.67	4127.37	190	0	12
2026.10.06	07:27:00	4127.38	4127.40	4126.34	4126.38	181	0	12
2026.10.06	07:28:00	4126.38	4126.62	4125.84	4126.38	196	0	12
2026.10.06	07:29:00	4126.39	4127.50	4126.26	4127.23	361	0	12
2026.10.06	07:30:00	4127.25	4128.20	4127.20	4127.89	321	0	12
2026.10.06	07:31:00	4127.92	4127.95	4126.91	4127.05	306	0	12
2026.10.06	07:32:00	4126.97	4127.06	4125.88	4126.24	223	0	12
2026.10.06	07:33:00	4126.25	4127.04	4126.18	4126.33	241	0	12
2026.10.06	07:34:00	4126.31	4126.86	4125.58	4125.77	269	0	12
2026.10.06	07:35:00	4125.77	4126.83	4125.66	4126.72	269	0	12
2026.10.06	07:36:00	4126.72	4127.54	4125.83	4127.04	311	0	12
2026.10.06	07:37:00	4127.10	4127.42	4125.93	4126.77	310	0	12
2026.10.06	07:38:00	4126.79	4126.79	4123.75	4124.85	344	0	12
2026.10.06	07:39:00	4124.84	4124.95	4123.59	4123.59	293	0	12
2026.10.06	07:40:00	4123.58	4123.65	4121.41	4123.11	433	0	12
2026.10.06	07:41:00	4123.10	4123.86	4122.75	4123.33	322	0	12
2026.10.06	07:42:00	4123.35	4123.62	4120.76	4121.78	304	0	12
2026.10.06	07:43:00	4121.83	4122.29	4121.32	4121.75	309	0	12
2026.10.06	07:44:00	4121.76	4122.14	4121.54	4121.81	266	0	12
2026.10.06	07:45:00	4121.77	4122.00	4121.39	4121.55	269	0	12
2026.10.06	07:46:00	4121.53	4122.14	4121.09	4121.67	276	0	12
2026.10.06	07:47:00	4121.67	4121.68	4121.21	4121.44	222	0	12
2026.10.06	07:48:00	4121.48	4122.27	4120.74	4120.76	261	0	12
2026.10.06	07:49:00	4120.77	4121.58	4120.64	4121.12	250	0	12
2026.10.06	07:50:00	4121.11	4121.31	4120.58	4120.89	224	0	12
2026.10.06	07:51:00	4120.89	4121.24	4120.71	4120.87	227	0	12
2026.10.06	07:52:00	4120.86	4121.26	4120.33	4121.25	291	0	12
2026.10.06	07:53:00	4121.25	4123.81	4120.94	4122.56	390	0	12
2026.10.06	07:54:00	4122.56	4124.60	4122.11	4124.15	351	0	12
2026.10.06	07:55:00	4124.16	4124.16	4121.88	4122.37	356	0	12
2026.10.06	07:56:00	4122.37	4123.32	4122.11	4122.11	308	0	12
2026.10.06	07:57:00	4122.12	4122.67	4121.22	4121.92	249	0	12
2026.10.06	07:58:00	4121.92	4122.91	4121.91	4122.56	200	0	12
2026.10.06	07:59:00	4122.57	4122.57	4121.31	4121.57	260	0	12
2026.10.06	08:00:00	4121.58	4122.37	4121.10	4122.11	271	0	12
2026.10.06	08:01:00	4122.10	4123.77	4121.54	4123.77	326	0	12
2026.10.06	08:02:00	4123.77	4124.63	4122.86	4123.10	299	0	12
2026.10.06	08:03:00	4123.10	4123.66	4122.06	4122.35	235	0	12
2026.10.06	08:04:00	4122.31	4123.80	4122.18	4123.54	272	0	12
2026.10.06	08:05:00	4123.55	4124.57	4123.48	4123.67	280	0	12
2026.10.06	08:06:00	4123.66	4123.72	4121.71	4122.28	245	0	12
2026.10.06	08:07:00	4122.29	4122.41	4121.59	4122.02	196	0	12
2026.10.06	08:08:00	4122.04	4122.20	4121.44	4121.62	205	0	12
2026.10.06	08:09:00	4121.61	4122.80	4121.61	4122.16	261	0	12
2026.10.06	08:10:00	4122.16	4122.32	4120.44	4120.97	327	0	12
2026.10.06	08:11:00	4120.98	4121.10	4120.65	4120.88	269	0	12
2026.10.06	08:12:00	4120.92	4121.94	4120.70	4121.86	276	0	12
2026.10.06	08:13:00	4121.87	4123.09	4121.72	4122.87	262	0	12
2026.10.06	08:14:00	4122.87	4122.88	4122.01	4122.02	217	0	12
2026.10.06	08:15:00	4122.02	4123.30	4121.43	4123.30	245	0	12
2026.10.06	08:16:00	4123.32	4124.58	4123.09	4124.42	296	0	12
2026.10.06	08:17:00	4124.42	4126.06	4123.30	4123.61	422	0	12
2026.10.06	08:18:00	4123.61	4124.28	4123.12	4123.23	310	0	12
2026.10.06	08:19:00	4123.23	4123.85	4123.23	4123.64	199	0	12
2026.10.06	08:20:00	4123.65	4123.91	4123.22	4123.87	209	0	12
2026.10.06	08:21:00	4123.87	4124.49	4123.15	4123.57	294	0	12
2026.10.06	08:22:00	4123.60	4124.15	4122.76	4122.83	229	0	12
2026.10.06	08:23:00	4122.83	4123.41	4122.62	4123.41	223	0	12
2026.10.06	08:24:00	4123.37	4123.95	4123.04	4123.86	255	0	12
2026.10.06	08:25:00	4123.85	4124.13	4122.05	4122.10	326	0	12
2026.10.06	08:26:00	4122.10	4122.77	4121.62	4121.69	309	0	12
2026.10.06	08:27:00	4121.67	4121.77	4120.40	4121.07	415	0	12
2026.10.06	08:28:00	4121.01	4121.61	4120.76	4121.59	289	0	12
2026.10.06	08:29:00	4121.59	4122.10	4121.48	4121.62	235	0	12
2026.10.06	08:30:00	4121.61	4121.66	4120.19	4120.75	309	0	12
2026.10.06	08:31:00	4120.74	4121.63	4120.74	4121.25	263	0	12
2026.10.06	08:32:00	4121.25	4121.93	4121.19	4121.47	300	0	12
2026.10.06	08:33:00	4121.49	4121.82	4121.16	4121.53	307	0	12
2026.10.06	08:34:00	4121.53	4124.47	4121.39	4124.09	345	0	12
2026.10.06	08:35:00	4124.10	4124.32	4123.01	4123.60	277	0	12
2026.10.06	08:36:00	4123.61	4125.17	4123.08	4123.39	322	0	12
2026.10.06	08:37:00	4123.38	4124.55	4123.20	4124.50	326	0	12
2026.10.06	08:38:00	4124.50	4124.65	4123.48	4123.60	263	0	12
2026.10.06	08:39:00	4123.63	4123.63	4121.81	4121.87	242	0	12
2026.10.06	08:40:00	4121.88	4122.55	4121.52	4122.23	284	0	12
2026.10.06	08:41:00	4122.24	4122.90	4121.51	4122.49	295	0	12
2026.10.06	08:42:00	4122.49	4122.73	4121.65	4121.76	224	0	12
2026.10.06	08:43:00	4121.76	4122.41	4121.63	4122.11	253	0	12
2026.10.06	08:44:00	4122.08	4122.29	4121.63	4121.87	278	0	12
2026.10.06	08:45:00	4121.87	4122.50	4121.40	4122.28	258	0	12
2026.10.06	08:46:00	4122.27	4122.59	4122.03	4122.59	154	0	12
2026.10.06	08:47:00	4122.60	4123.08	4122.17	4122.82	216	0	12
2026.10.06	08:48:00	4122.80	4122.86	4122.18	4122.38	240	0	12
2026.10.06	08:49:00	4122.38	4122.94	4122.07	4122.75	198	0	12
2026.10.06	08:50:00	4122.76	4122.76	4121.46	4121.92	300	0	12
2026.10.06	08:51:00	4121.89	4122.75	4121.77	4122.59	304	0	12
2026.10.06	08:52:00	4122.59	4122.80	4121.26	4121.48	268	0	12
2026.10.06	08:53:00	4121.48	4121.62	4120.24	4120.67	291	0	12
2026.10.06	08:54:00	4120.67	4120.67	4120.05	4120.22	361	0	12
2026.10.06	08:55:00	4120.21	4120.60	4120.01	4120.17	279	0	12
2026.10.06	08:56:00	4120.17	4121.08	4120.16	4120.38	297	0	12
2026.10.06	08:57:00	4120.38	4120.67	4117.54	4117.54	325	0	12
2026.10.06	08:58:00	4117.57	4119.28	4116.83	4119.28	469	0	12
2026.10.06	08:59:00	4119.28	4120.16	4118.13	4119.98	430	0	12
2026.10.06	09:00:00	4120.02	4120.91	4118.87	4118.88	495	0	12
2026.10.06	09:01:00	4118.88	4118.96	4115.63	4117.17	475	0	12
2026.10.06	09:02:00	4117.22	4117.69	4113.41	4113.85	544	0	12
2026.10.06	09:03:00	4113.85	4117.16	4113.42	4117.06	516	0	12
2026.10.06	09:04:00	4117.02	4118.04	4115.86	4116.99	483	0	12
2026.10.06	09:05:00	4116.98	4118.62	4116.80	4117.96	437	0	12
2026.10.06	09:06:00	4117.96	4117.96	4116.82	4116.93	388	0	12
2026.10.06	09:07:00	4116.95	4118.12	4116.80	4117.96	327	0	12
2026.10.06	09:08:00	4117.98	4119.34	4117.87	4119.13	395	0	12
2026.10.06	09:09:00	4119.13	4120.92	4118.83	4120.88	352	0	12
2026.10.06	09:10:00	4120.87	4121.49	4119.91	4119.97	362	0	12
2026.10.06	09:11:00	4119.98	4120.32	4119.14	4119.66	351	0	12
2026.10.06	09:12:00	4119.64	4122.37	4119.64	4121.73	384	0	12
2026.10.06	09:13:00	4121.74	4123.48	4120.39	4122.84	432	0	12
2026.10.06	09:14:00	4122.84	4123.25	4122.28	4122.77	389	0	12
2026.10.06	09:15:00	4122.77	4126.64	4122.77	4126.20	509	0	12
2026.10.06	09:16:00	4126.23	4127.76	4125.68	4126.21	534	0	12
2026.10.06	09:17:00	4126.19	4128.48	4126.15	4127.18	481	0	12
2026.10.06	09:18:00	4127.20	4127.31	4125.68	4126.28	438	0	12
2026.10.06	09:19:00	4126.29	4128.84	4126.14	4128.27	401	0	12
2026.10.06	09:20:00	4128.27	4128.40	4126.66	4128.23	434	0	12
2026.10.06	09:21:00	4128.22	4129.98	4127.41	4129.01	473	0	12
2026.10.06	09:22:00	4129.05	4129.75	4128.10	4129.29	462	0	12
2026.10.06	09:23:00	4129.29	4130.02	4128.60	4130.01	368	0	12
2026.10.06	09:24:00	4130.02	4131.34	4129.41	4130.97	430	0	12
2026.10.06	09:25:00	4131.01	4131.27	4129.40	4130.82	451	0	12
2026.10.06	09:26:00	4130.88	4131.35	4130.64	4131.09	341	0	12
2026.10.06	09:27:00	4131.04	4134.21	4130.92	4133.27	399	0	12
2026.10.06	09:28:00	4133.26	4134.42	4132.87	4133.65	465	0	12
2026.10.06	09:29:00	4133.66	4134.46	4132.96	4133.91	454	0	12
2026.10.06	09:30:00	4133.90	4135.21	4132.47	4132.66	511	0	12
2026.10.06	09:31:00	4132.65	4133.49	4132.24	4133.13	474	0	12
2026.10.06	09:32:00	4133.13	4133.97	4132.84	4133.76	406	0	12
2026.10.06	09:33:00	4133.77	4134.42	4131.66	4131.75	407	0	12
2026.10.06	09:34:00	4131.72	4131.85	4130.78	4130.89	448	0	12
2026.10.06	09:35:00	4130.90	4131.61	4129.51	4130.45	434	0	12
2026.10.06	09:36:00	4130.46	4131.48	4129.70	4130.46	406	0	12
2026.10.06	09:37:00	4130.47	4131.07	4129.36	4130.84	406	0	12
2026.10.06	09:38:00	4130.85	4132.15	4130.73	4131.29	364	0	12
2026.10.06	09:39:00	4131.19	4132.71	4130.97	4131.57	364	0	12
2026.10.06	09:40:00	4131.55	4131.98	4130.99	4131.35	391	0	12
2026.10.06	09:41:00	4131.35	4131.80	4130.05	4130.64	380	0	12
2026.10.06	09:42:00	4130.64	4131.22	4130.09	4131.21	285	0	12
2026.10.06	09:43:00	4131.21	4131.52	4130.53	4130.67	277	0	12
2026.10.06	09:44:00	4130.67	4131.00	4130.24	4130.59	347	0	12
2026.10.06	09:45:00	4130.55	4132.99	4130.46	4132.95	462	0	12
2026.10.06	09:46:00	4132.98	4134.72	4132.68	4132.68	408	0	12
2026.10.06	09:47:00	4132.67	4134.01	4132.36	4133.42	413	0	12
2026.10.06	09:48:00	4133.37	4133.73	4132.30	4132.64	329	0	12
2026.10.06	09:49:00	4132.62	4132.78	4132.04	4132.55	276	0	12
2026.10.06	09:50:00	4132.54	4133.26	4132.40	4133.14	298	0	12
2026.10.06	09:51:00	4133.14	4133.18	4131.88	4131.89	320	0	12
2026.10.06	09:52:00	4131.90	4132.26	4129.98	4131.30	300	0	12
2026.10.06	09:53:00	4131.29	4131.73	4130.95	4131.04	279	0	12
2026.10.06	09:54:00	4131.05	4131.83	4130.91	4131.38	317	0	12
2026.10.06	09:55:00	4131.38	4132.23	4131.00	4132.22	369	0	12
2026.10.06	09:56:00	4132.23	4133.23	4131.46	4131.46	355	0	12
2026.10.06	09:57:00	4131.46	4131.96	4130.27	4131.22	353	0	12
2026.10.06	09:58:00	4131.22	4131.97	4131.05	4131.34	292	0	12
2026.10.06	09:59:00	4131.37	4132.42	4131.29	4131.48	344	0	12
2026.10.06	10:00:00	4131.48	4132.29	4130.85	4131.13	549	0	12
2026.10.06	10:01:00	4131.12	4131.24	4129.58	4130.13	450	0	12
2026.10.06	10:02:00	4130.14	4132.30	4129.70	4132.30	401	0	12
2026.10.06	10:03:00	4132.36	4134.34	4131.71	4132.75	502	0	12
2026.10.06	10:04:00	4132.77	4134.01	4131.44	4131.57	449	0	12
2026.10.06	10:05:00	4131.57	4132.53	4131.22	4132.53	446	0	12
2026.10.06	10:06:00	4132.68	4134.35	4132.67	4132.94	417	0	12
2026.10.06	10:07:00	4132.91	4133.44	4129.76	4129.83	423	0	12
2026.10.06	10:08:00	4129.83	4130.35	4129.11	4130.26	422	0	12
2026.10.06	10:09:00	4130.31	4131.00	4129.67	4130.85	390	0	12
2026.10.06	10:10:00	4130.85	4130.91	4129.07	4129.10	398	0	12
2026.10.06	10:11:00	4129.10	4129.97	4128.33	4129.95	358	0	12
2026.10.06	10:12:00	4129.95	4131.66	4129.91	4131.66	396	0	12
2026.10.06	10:13:00	4131.67	4133.51	4130.45	4133.51	435	0	12
2026.10.06	10:14:00	4133.61	4137.91	4133.61	4137.91	538	0	12
2026.10.06	10:15:00	4138.01	4140.43	4137.61	4139.44	668	0	12
2026.10.06	10:16:00	4139.45	4143.22	4139.06	4141.89	578	0	12
2026.10.06	10:17:00	4141.91	4142.32	4138.38	4138.90	533	0	12
2026.10.06	10:18:00	4138.89	4141.56	4138.55	4141.14	459	0	12
2026.10.06	10:19:00	4141.10	4141.14	4138.67	4138.87	457	0	12
2026.10.06	10:20:00	4138.90	4139.75	4137.54	4139.50	410	0	12
2026.10.06	10:21:00	4139.50	4139.73	4137.66	4137.93	446	0	12
2026.10.06	10:22:00	4137.95	4138.19	4137.03	4137.80	421	0	12
2026.10.06	10:23:00	4137.80	4138.83	4136.94	4138.83	435	0	12
2026.10.06	10:24:00	4138.94	4139.27	4137.53	4138.00	419	0	12
2026.10.06	10:25:00	4138.00	4138.79	4136.34	4136.91	393	0	12
2026.10.06	10:26:00	4136.89	4137.89	4136.30	4137.40	406	0	12
2026.10.06	10:27:00	4137.40	4137.78	4136.88	4136.98	407	0	12
2026.10.06	10:28:00	4136.98	4137.46	4136.01	4136.06	342	0	12
2026.10.06	10:29:00	4136.06	4136.77	4134.35	4134.83	435	0	12
2026.10.06	10:30:00	4134.81	4135.59	4133.87	4135.25	531	0	12
2026.10.06	10:31:00	4135.20	4135.83	4133.00	4133.99	534	0	12
2026.10.06	10:32:00	4133.99	4137.24	4133.91	4137.15	458	0	12
2026.10.06	10:33:00	4137.15	4139.86	4137.02	4138.29	493	0	12
2026.10.06	10:34:00	4138.33	4138.53	4135.88	4136.13	447	0	12
2026.10.06	10:35:00	4136.13	4137.54	4135.80	4136.57	430	0	12
2026.10.06	10:36:00	4136.58	4137.35	4136.22	4137.00	434	0	12
2026.10.06	10:37:00	4137.02	4137.39	4135.85	4136.62	361	0	12
2026.10.06	10:38:00	4136.62	4136.90	4135.25	4136.43	434	0	12
2026.10.06	10:39:00	4136.44	4137.49	4136.17	4136.59	368	0	12
2026.10.06	10:40:00	4136.66	4138.40	4136.49	4138.02	354	0	12
2026.10.06	10:41:00	4138.01	4138.74	4137.15	4137.69	405	0	12
2026.10.06	10:42:00	4137.69	4138.19	4136.26	4136.89	392	0	12
2026.10.06	10:43:00	4136.89	4137.30	4136.18	4137.08	341	0	12
2026.10.06	10:44:00	4137.08	4138.87	4137.08	4138.29	342	0	12
2026.10.06	10:45:00	4138.27	4140.65	4138.01	4140.64	406	0	12
2026.10.06	10:46:00	4140.64	4141.66	4139.88	4141.29	438	0	12
2026.10.06	10:47:00	4141.30	4141.60	4139.61	4139.97	366	0	12
2026.10.06	10:48:00	4139.97	4141.05	4139.72	4140.06	300	0	12
2026.10.06	10:49:00	4140.05	4140.85	4139.21	4139.23	334	0	12
2026.10.06	10:50:00	4139.23	4140.41	4139.12	4139.64	417	0	12
2026.10.06	10:51:00	4139.63	4139.91	4137.85	4137.91	418	0	12
2026.10.06	10:52:00	4137.88	4138.65	4137.16	4138.60	373	0	12
2026.10.06	10:53:00	4138.60	4139.65	4138.08	4139.24	394	0	12
2026.10.06	10:54:00	4139.24	4141.02	4139.04	4140.69	386	0	12
2026.10.06	10:55:00	4140.68	4141.35	4140.26	4141.17	389	0	12
2026.10.06	10:56:00	4141.22	4141.74	4139.80	4140.05	381	0	12
2026.10.06	10:57:00	4140.10	4140.94	4139.76	4140.54	383	0	12
2026.10.06	10:58:00	4140.52	4140.82	4139.57	4139.99	389	0	12
2026.10.06	10:59:00	4140.00	4140.51	4139.34	4139.95	407	0	12
2026.10.06	11:00:00	4139.98	4142.04	4139.81	4141.96	583	0	12
2026.10.06	11:01:00	4141.94	4143.88	4141.92	4143.18	467	0	12
2026.10.06	11:02:00	4143.18	4143.52	4142.57	4142.75	439	0	12
2026.10.06	11:03:00	4142.78	4143.86	4142.06	4143.80	454	0	12
2026.10.06	11:04:00	4143.80	4143.80	4141.57	4141.67	386	0	12
2026.10.06	11:05:00	4141.66	4143.07	4141.57	4142.17	364	0	12
2026.10.06	11:06:00	4142.17	4143.26	4141.93	4142.67	452	0	12
2026.10.06	11:07:00	4142.64	4142.64	4139.86	4139.96	463	0	12
2026.10.06	11:08:00	4139.97	4140.36	4138.62	4139.20	445	0	12
2026.10.06	11:09:00	4139.02	4141.42	4138.72	4140.88	505	0	12
2026.10.06	11:10:00	4140.87	4141.38	4140.11	4140.33	417	0	12
2026.10.06	11:11:00	4140.32	4140.79	4138.91	4138.91	418	0	12
2026.10.06	11:12:00	4138.91	4139.74	4137.90	4138.55	487	0	12
2026.10.06	11:13:00	4138.58	4140.91	4138.58	4140.47	533	0	12
2026.10.06	11:14:00	4140.47	4141.71	4139.92	4140.15	448	0	12
2026.10.06	11:15:00	4140.08	4144.16	4139.90	4143.90	483	0	12
2026.10.06	11:16:00	4143.91	4144.31	4142.51	4142.88	469	0	12
2026.10.06	11:17:00	4142.88	4143.29	4141.51	4141.52	392	0	12
2026.10.06	11:18:00	4141.53	4141.96	4140.66	4141.07	354	0	12
2026.10.06	11:19:00	4141.05	4142.24	4140.76	4141.74	364	0	12
2026.10.06	11:20:00	4141.74	4142.16	4140.83	4141.35	459	0	12
2026.10.06	11:21:00	4141.36	4143.97	4141.36	4143.97	345	0	12
2026.10.06	11:22:00	4143.98	4145.73	4143.75	4145.47	370	0	12
2026.10.06	11:23:00	4145.47	4145.65	4144.44	4144.50	380	0	12
2026.10.06	11:24:00	4144.51	4145.19	4144.07	4144.74	391	0	12
2026.10.06	11:25:00	4144.75	4145.75	4144.67	4145.29	387	0	12
2026.10.06	11:26:00	4145.30	4146.39	4145.12	4146.07	318	0	12
2026.10.06	11:27:00	4145.98	4146.19	4145.35	4146.02	311	0	12
2026.10.06	11:28:00	4146.03	4147.35	4145.59	4146.28	386	0	12
2026.10.06	11:29:00	4146.31	4146.37	4145.45	4146.13	410	0	12
2026.10.06	11:30:00	4146.07	4147.63	4145.74	4147.07	435	0	12
2026.10.06	11:31:00	4147.09	4149.73	4146.99	4149.71	441	0	12
2026.10.06	11:32:00	4149.73	4149.82	4146.23	4146.40	419	0	12
2026.10.06	11:33:00	4146.44	4147.06	4146.18	4146.36	347	0	12
2026.10.06	11:34:00	4146.36	4147.04	4145.19	4146.37	395	0	12
2026.10.06	11:35:00	4146.36	4147.73	4146.09	4147.62	352	0	12
2026.10.06	11:36:00	4147.64	4148.57	4146.80	4148.57	378	0	12
2026.10.06	11:37:00	4148.57	4150.77	4148.52	4149.00	522	0	12
2026.10.06	11:38:00	4148.99	4149.12	4148.11	4149.07	401	0	12
2026.10.06	11:39:00	4149.08	4149.08	4148.22	4148.29	365	0	12
2026.10.06	11:40:00	4148.29	4149.12	4147.56	4148.81	420	0	12
2026.10.06	11:41:00	4148.80	4150.10	4148.72	4149.76	444	0	12
2026.10.06	11:42:00	4149.78	4152.02	4149.78	4151.62	398	0	12
2026.10.06	11:43:00	4151.62	4153.25	4151.61	4152.68	414	0	12
2026.10.06	11:44:00	4152.67	4153.91	4152.63	4152.70	386	0	12
2026.10.06	11:45:00	4152.64	4153.49	4151.98	4153.08	440	0	12
2026.10.06	11:46:00	4153.09	4154.33	4152.38	4153.59	466	0	12
2026.10.06	11:47:00	4153.60	4153.60	4151.37	4151.83	437	0	12
2026.10.06	11:48:00	4151.83	4152.40	4151.20	4151.21	395	0	12
2026.10.06	11:49:00	4151.25	4151.74	4150.42	4151.10	417	0	12
2026.10.06	11:50:00	4151.09	4153.41	4150.81	4153.33	424	0	12
2026.10.06	11:51:00	4153.33	4154.09	4152.47	4153.79	410	0	12
2026.10.06	11:52:00	4153.77	4153.82	4151.70	4151.74	387	0	12
2026.10.06	11:53:00	4151.75	4152.82	4151.75	4151.92	352	0	12
2026.10.06	11:54:00	4151.91	4152.54	4151.79	4152.15	328	0	12
2026.10.06	11:55:00	4152.14	4152.57	4151.07	4151.73	428	0	12
2026.10.06	11:56:00	4151.72	4153.71	4151.09	4153.53	421	0	12
2026.10.06	11:57:00	4153.57	4153.94	4152.98	4153.48	288	0	12
2026.10.06	11:58:00	4153.55	4154.64	4153.55	4154.49	309	0	12
2026.10.06	11:59:00	4154.53	4155.60	4153.99	4155.46	346	0	12
2026.10.06	12:00:00	4155.49	4155.75	4154.24	4155.37	390	0	12
2026.10.06	12:01:00	4155.33	4155.33	4153.98	4155.15	373	0	12
2026.10.06	12:02:00	4155.14	4156.76	4154.70	4155.77	376	0	12
2026.10.06	12:03:00	4155.77	4156.11	4153.68	4153.71	373	0	12
2026.10.06	12:04:00	4153.72	4154.55	4153.39	4153.40	386	0	12
2026.10.06	12:05:00	4153.41	4153.86	4153.00	4153.08	364	0	12
2026.10.06	12:06:00	4153.08	4153.57	4152.81	4153.23	375	0	12
2026.10.06	12:07:00	4153.24	4153.39	4152.39	4152.83	369	0	12
2026.10.06	12:08:00	4152.86	4153.19	4151.87	4152.04	375	0	12
2026.10.06	12:09:00	4152.06	4153.22	4152.04	4152.15	347	0	12
2026.10.06	12:10:00	4152.15	4152.45	4151.86	4151.90	362	0	12
2026.10.06	12:11:00	4151.90	4153.73	4150.19	4152.08	369	0	12
2026.10.06	12:12:00	4152.10	4152.35	4150.25	4150.77	469	0	12
2026.10.06	12:13:00	4150.78	4152.44	4150.78	4151.27	433	0	12
2026.10.06	12:14:00	4151.28	4151.35	4150.00	4150.10	366	0	12
2026.10.06	12:15:00	4150.09	4151.73	4150.04	4151.35	424	0	12
2026.10.06	12:16:00	4151.37	4153.59	4151.37	4153.21	398	0	12
2026.10.06	12:17:00	4153.20	4154.71	4153.20	4154.64	307	0	12
2026.10.06	12:18:00	4154.64	4156.47	4154.59	4155.75	396	0	12
2026.10.06	12:19:00	4155.75	4155.76	4155.21	4155.71	325	0	12
2026.10.06	12:20:00	4155.71	4157.08	4155.50	4156.56	381	0	12
2026.10.06	12:21:00	4156.54	4157.51	4156.40	4156.90	327	0	12
2026.10.06	12:22:00	4156.89	4156.91	4155.25	4155.35	299	0	12
2026.10.06	12:23:00	4155.35	4156.19	4155.09	4156.19	342	0	12
2026.10.06	12:24:00	4156.18	4156.38	4155.21	4155.94	297	0	12
2026.10.06	12:25:00	4155.92	4156.83	4155.52	4156.73	322	0	12
2026.10.06	12:26:00	4156.73	4157.16	4156.42	4156.84	315	0	12
2026.10.06	12:27:00	4156.87	4156.87	4156.05	4156.61	289	0	12
2026.10.06	12:28:00	4156.59	4156.65	4155.89	4156.18	293	0	12
2026.10.06	12:29:00	4156.19	4157.19	4156.08	4156.61	349	0	12
2026.10.06	12:30:00	4156.60	4157.58	4155.23	4156.21	482	0	12
2026.10.06	12:31:00	4156.22	4156.77	4155.49	4156.17	365	0	12
2026.10.06	12:32:00	4156.18	4157.20	4155.99	4156.95	341	0	12
2026.10.06	12:33:00	4156.80	4157.73	4155.92	4156.15	351	0	12
2026.10.06	12:34:00	4156.15	4158.27	4155.69	4157.10	589	0	12
2026.10.06	12:35:00	4157.08	4157.23	4155.48	4156.40	518	0	12
2026.10.06	12:36:00	4156.41	4156.46	4154.65	4154.97	426	0	12
2026.10.06	12:37:00	4154.98	4155.45	4154.59	4154.97	308	0	12
2026.10.06	12:38:00	4154.97	4156.02	4154.70	4154.81	323	0	12
2026.10.06	12:39:00	4154.81	4155.14	4154.62	4154.99	283	0	12
2026.10.06	12:40:00	4154.99	4155.36	4154.57	4154.89	283	0	12
2026.10.06	12:41:00	4154.89	4156.65	4154.87	4156.18	346	0	12
2026.10.06	12:42:00	4156.18	4156.28	4154.16	4154.23	313	0	12
2026.10.06	12:43:00	4154.23	4154.54	4153.78	4153.85	276	0	12
2026.10.06	12:44:00	4153.81	4154.15	4153.56	4153.83	319	0	12
2026.10.06	12:45:00	4153.78	4153.82	4152.93	4153.03	372	0	12
2026.10.06	12:46:00	4153.12	4153.69	4153.05	4153.23	395	0	12
2026.10.06	12:47:00	4153.25	4153.40	4152.68	4153.21	263	0	12
2026.10.06	12:48:00	4153.21	4153.65	4153.10	4153.29	277	0	12
2026.10.06	12:49:00	4153.26	4154.25	4153.25	4153.93	287	0	12
2026.10.06	12:50:00	4153.94	4154.16	4153.39	4153.73	275	0	12
2026.10.06	12:51:00	4153.74	4154.49	4153.19	4153.57	394	0	12
2026.10.06	12:52:00	4153.57	4153.57	4152.40	4152.93	349	0	12
2026.10.06	12:53:00	4152.93	4153.17	4152.34	4152.67	345	0	12
2026.10.06	12:54:00	4152.66	4152.72	4151.56	4151.74	334	0	12
2026.10.06	12:55:00	4151.75	4152.29	4151.75	4152.06	275	0	12
2026.10.06	12:56:00	4152.12	4152.56	4151.81	4151.91	323	0	12
2026.10.06	12:57:00	4151.89	4152.57	4150.94	4152.34	377	0	12
2026.10.06	12:58:00	4152.44	4152.49	4151.77	4152.18	292	0	12
2026.10.06	12:59:00	4152.20	4153.04	4151.95	4152.34	324	0	12
2026.10.06	13:00:00	4152.32	4152.95	4152.13	4152.24	347	0	12
2026.10.06	13:01:00	4152.26	4152.69	4152.13	4152.28	313	0	12
2026.10.06	13:02:00	4152.33	4153.04	4152.21	4152.83	323	0	12
2026.10.06	13:03:00	4152.82	4153.81	4152.51	4152.71	360	0	12
2026.10.06	13:04:00	4152.71	4152.82	4152.24	4152.42	293	0	12
2026.10.06	13:05:00	4152.42	4152.43	4150.70	4151.80	378	0	12
2026.10.06	13:06:00	4151.81	4152.88	4151.20	4151.41	333	0	12
2026.10.06	13:07:00	4151.43	4151.92	4151.34	4151.79	258	0	12
2026.10.06	13:08:00	4151.77	4151.79	4150.83	4151.18	264	0	12
2026.10.06	13:09:00	4151.18	4151.85	4150.90	4151.13	326	0	12
2026.10.06	13:10:00	4151.14	4151.74	4150.82	4151.27	274	0	12
2026.10.06	13:11:00	4151.27	4151.96	4151.27	4151.41	277	0	12
2026.10.06	13:12:00	4151.39	4152.54	4150.90	4151.53	392	0	12
2026.10.06	13:13:00	4151.54	4152.56	4151.36	4152.26	284	0	12
2026.10.06	13:14:00	4152.26	4152.38	4151.70	4151.70	259	0	12
2026.10.06	13:15:00	4151.73	4151.88	4150.90	4151.51	342	0	12
2026.10.06	13:16:00	4151.51	4152.23	4151.23	4151.34	388	0	12
2026.10.06	13:17:00	4151.33	4151.64	4149.85	4150.23	322	0	12
2026.10.06	13:18:00	4150.25	4150.25	4149.01	4149.97	366	0	12
2026.10.06	13:19:00	4149.97	4151.39	4149.97	4151.09	321	0	12
2026.10.06	13:20:00	4151.08	4152.11	4150.82	4152.03	329	0	12
2026.10.06	13:21:00	4152.02	4153.42	4151.87	4153.29	314	0	12
2026.10.06	13:22:00	4153.30	4153.66	4152.65	4153.03	309	0	12
2026.10.06	13:23:00	4153.05	4153.33	4152.73	4153.33	284	0	12
2026.10.06	13:24:00	4153.35	4154.13	4153.30	4153.35	334	0	12
2026.10.06	13:25:00	4153.35	4153.35	4152.20	4152.58	300	0	12
2026.10.06	13:26:00	4152.54	4152.90	4151.93	4152.87	305	0	12
2026.10.06	13:27:00	4152.87	4154.67	4152.74	4153.96	372	0	12
2026.10.06	13:28:00	4153.96	4154.85	4153.59	4154.06	258	0	12
2026.10.06	13:29:00	4154.07	4154.13	4153.62	4154.13	289	0	12
2026.10.06	13:30:00	4154.16	4155.52	4154.16	4155.19	318	0	12
2026.10.06	13:31:00	4155.18	4156.22	4155.11	4155.64	285	0	12
2026.10.06	13:32:00	4155.67	4155.91	4155.31	4155.60	316	0	12
2026.10.06	13:33:00	4155.60	4158.18	4155.42	4156.94	370	0	12
2026.10.06	13:34:00	4156.88	4157.72	4156.74	4157.17	351	0	12
2026.10.06	13:35:00	4157.18	4158.69	4156.68	4157.87	364	0	12
2026.10.06	13:36:00	4157.88	4158.67	4157.49	4158.27	366	0	12
2026.10.06	13:37:00	4158.27	4158.96	4158.17	4158.58	298	0	12
2026.10.06	13:38:00	4158.59	4158.98	4158.16	4158.16	220	0	12
2026.10.06	13:39:00	4158.14	4158.31	4157.26	4157.58	276	0	12
2026.10.06	13:40:00	4157.58	4158.81	4157.34	4158.81	247	0	12
2026.10.06	13:41:00	4158.92	4160.18	4158.62	4158.69	363	0	12
2026.10.06	13:42:00	4158.68	4160.27	4158.60	4158.97	324	0	12
2026.10.06	13:43:00	4158.97	4160.50	4158.93	4160.37	415	0	12
2026.10.06	13:44:00	4160.38	4160.81	4159.77	4160.27	371	0	12
2026.10.06	13:45:00	4160.27	4160.63	4159.73	4159.82	353	0	12
2026.10.06	13:46:00	4159.85	4160.33	4158.92	4159.00	316	0	12
2026.10.06	13:47:00	4158.98	4159.76	4157.84	4159.65	361	0	12
2026.10.06	13:48:00	4159.66	4159.94	4158.65	4159.08	276	0	12
2026.10.06	13:49:00	4159.09	4160.01	4158.94	4159.68	292	0	12
2026.10.06	13:50:00	4159.68	4160.20	4159.09	4159.51	233	0	12
2026.10.06	13:51:00	4159.52	4160.19	4159.51	4159.69	295	0	12
2026.10.06	13:52:00	4159.74	4160.80	4159.45	4160.63	347	0	12
2026.10.06	13:53:00	4160.60	4160.75	4160.52	4160.57	211	0	12
2026.10.06	13:54:00	4160.58	4160.58	4160.12	4160.34	257	0	12
2026.10.06	13:55:00	4160.34	4160.58	4159.45	4159.57	310	0	12
2026.10.06	13:56:00	4159.57	4159.79	4159.06	4159.23	276	0	12
2026.10.06	13:57:00	4159.24	4159.67	4158.97	4159.28	232	0	12
2026.10.06	13:58:00	4159.27	4159.30	4158.50	4158.68	304	0	12
2026.10.06	13:59:00	4158.67	4159.09	4158.37	4158.49	298	0	12
2026.10.06	14:00:00	4158.50	4159.71	4157.99	4158.21	450	0	12
2026.10.06	14:01:00	4158.22	4158.44	4157.75	4158.05	322	0	12
2026.10.06	14:02:00	4158.06	4158.81	4157.99	4158.57	274	0	12
2026.10.06	14:03:00	4158.56	4158.56	4157.87	4157.93	288	0	12
2026.10.06	14:04:00	4157.95	4157.95	4157.25	4157.47	284	0	12
2026.10.06	14:05:00	4157.45	4157.72	4156.53	4157.02	296	0	12
2026.10.06	14:06:00	4157.02	4157.15	4156.51	4156.80	274	0	12
2026.10.06	14:07:00	4156.79	4157.20	4156.45	4156.45	254	0	12
2026.10.06	14:08:00	4156.44	4156.68	4156.03	4156.64	232	0	12
2026.10.06	14:09:00	4156.65	4157.06	4156.56	4156.68	276	0	12
2026.10.06	14:10:00	4156.68	4157.15	4156.21	4156.71	333	0	12
2026.10.06	14:11:00	4156.70	4159.06	4156.64	4159.06	350	0	12
2026.10.06	14:12:00	4159.11	4160.71	4159.08	4160.00	358	0	12
2026.10.06	14:13:00	4159.99	4160.84	4158.99	4160.22	384	0	12
2026.10.06	14:14:00	4160.20	4160.64	4159.29	4160.58	357	0	12
2026.10.06	14:15:00	4160.55	4161.90	4160.54	4161.22	428	0	12
2026.10.06	14:16:00	4161.24	4163.12	4160.81	4161.80	397	0	12
2026.10.06	14:17:00	4161.80	4162.83	4161.77	4162.75	391	0	12
2026.10.06	14:18:00	4162.76	4164.66	4162.76	4163.98	429	0	12
2026.10.06	14:19:00	4163.98	4164.95	4163.39	4163.90	392	0	12
2026.10.06	14:20:00	4163.91	4164.26	4163.08	4163.23	371	0	12
2026.10.06	14:21:00	4163.27	4164.54	4162.57	4164.52	419	0	12
2026.10.06	14:22:00	4164.52	4165.58	4164.16	4164.83	421	0	12
2026.10.06	14:23:00	4164.83	4165.92	4163.50	4163.50	451	0	12
2026.10.06	14:24:00	4163.51	4163.90	4162.03	4162.87	458	0	12
2026.10.06	14:25:00	4162.91	4164.80	4162.78	4164.73	407	0	12
2026.10.06	14:26:00	4164.73	4165.01	4162.92	4163.77	434	0	12
2026.10.06	14:27:00	4163.77	4164.97	4163.76	4163.83	379	0	12
2026.10.06	14:28:00	4163.85	4165.35	4163.85	4165.04	365	0	12
2026.10.06	14:29:00	4165.04	4165.45	4164.66	4164.77	412	0	12
2026.10.06	14:30:00	4164.81	4166.82	4164.69	4166.03	475	0	12
2026.10.06	14:31:00	4166.04	4166.77	4165.72	4165.82	399	0	12
2026.10.06	14:32:00	4165.86	4167.77	4165.45	4167.32	381	0	12
2026.10.06	14:33:00	4167.31	4169.35	4167.31	4169.30	382	0	12
2026.10.06	14:34:00	4169.31	4169.37	4167.96	4168.57	429	0	12
2026.10.06	14:35:00	4168.54	4168.91	4168.19	4168.88	338	0	12
2026.10.06	14:36:00	4168.90	4169.57	4168.02	4169.46	346	0	12
2026.10.06	14:37:00	4169.61	4169.74	4168.30	4168.56	415	0	12
2026.10.06	14:38:00	4168.54	4170.40	4168.46	4169.90	343	0	12
2026.10.06	14:39:00	4169.90	4171.82	4168.98	4170.20	442	0	12
2026.10.06	14:40:00	4170.18	4170.32	4169.09	4169.60	396	0	12
2026.10.06	14:41:00	4169.63	4170.13	4168.04	4168.84	473	0	12
2026.10.06	14:42:00	4168.84	4170.76	4168.72	4170.45	442	0	12
2026.10.06	14:43:00	4170.42	4172.50	4169.76	4172.50	478	0	12
2026.10.06	14:44:00	4172.48	4172.48	4171.37	4172.09	400	0	12
2026.10.06	14:45:00	4172.08	4172.57	4170.04	4172.55	413	0	12
2026.10.06	14:46:00	4172.55	4173.56	4172.03	4172.36	427	0	12
2026.10.06	14:47:00	4172.36	4174.03	4171.90	4173.65	449	0	12
2026.10.06	14:48:00	4173.65	4174.15	4172.64	4174.12	382	0	12
2026.10.06	14:49:00	4174.13	4174.16	4173.43	4173.65	336	0	12
2026.10.06	14:50:00	4173.65	4174.04	4173.24	4173.57	343	0	12
2026.10.06	14:51:00	4173.59	4174.50	4173.06	4174.31	394	0	12
2026.10.06	14:52:00	4174.32	4174.62	4173.65	4173.65	345	0	12
2026.10.06	14:53:00	4173.65	4174.05	4172.90	4172.94	363	0	12
2026.10.06	14:54:00	4172.94	4173.61	4172.04	4173.18	389	0	12
2026.10.06	14:55:00	4173.17	4173.68	4173.05	4173.19	337	0	12
2026.10.06	14:56:00	4173.18	4174.68	4172.67	4174.31	360	0	12
2026.10.06	14:57:00	4174.35	4174.75	4171.99	4172.45	457	0	12
2026.10.06	14:58:00	4172.46	4173.66	4172.24	4173.49	378	0	12
2026.10.06	14:59:00	4173.44	4173.76	4172.71	4173.54	302	0	12
2026.10.06	15:00:00	4173.53	4174.52	4173.17	4174.00	474	0	12
2026.10.06	15:01:00	4174.00	4176.26	4173.61	4175.68	510	0	12
2026.10.06	15:02:00	4175.68	4176.44	4175.26	4176.32	406	0	12
2026.10.06	15:03:00	4176.32	4177.09	4176.16	4176.55	408	0	12
2026.10.06	15:04:00	4176.56	4177.04	4175.84	4176.56	434	0	12
2026.10.06	15:05:00	4176.55	4177.31	4175.04	4175.48	442	0	12
2026.10.06	15:06:00	4175.47	4175.89	4174.90	4175.72	405	0	12
2026.10.06	15:07:00	4175.74	4176.56	4175.44	4176.13	421	0	12
2026.10.06	15:08:00	4176.15	4177.78	4176.02	4177.20	443	0	12
2026.10.06	15:09:00	4177.21	4177.28	4175.63	4175.84	420	0	12
2026.10.06	15:10:00	4175.89	4176.79	4175.21	4176.03	401	0	12
2026.10.06	15:11:00	4176.03	4176.99	4175.34	4176.92	420	0	12
2026.10.06	15:12:00	4176.95	4179.65	4176.92	4178.14	464	0	12
2026.10.06	15:13:00	4178.14	4178.54	4176.65	4177.75	450	0	12
2026.10.06	15:14:00	4177.76	4178.58	4177.22	4178.48	374	0	12
2026.10.06	15:15:00	4178.48	4178.70	4176.64	4177.01	455	0	12
2026.10.06	15:16:00	4177.01	4177.25	4176.18	4176.96	466	0	12
2026.10.06	15:17:00	4176.98	4176.98	4174.08	4174.24	446	0	12
2026.10.06	15:18:00	4174.25	4176.98	4174.25	4176.80	481	0	12
2026.10.06	15:19:00	4176.80	4177.04	4175.84	4176.52	462	0	12
2026.10.06	15:20:00	4176.52	4178.30	4174.68	4176.39	551	0	12
2026.10.06	15:21:00	4176.38	4178.04	4176.33	4178.04	429	0	12
2026.10.06	15:22:00	4178.04	4179.06	4176.44	4178.35	496	0	12
2026.10.06	15:23:00	4178.32	4179.14	4177.82	4179.11	444	0	12
2026.10.06	15:24:00	4179.11	4179.38	4178.25	4178.71	426	0	12
2026.10.06	15:25:00	4178.71	4179.51	4177.46	4178.88	420	0	12
2026.10.06	15:26:00	4178.88	4178.96	4175.34	4177.65	535	0	12
2026.10.06	15:27:00	4177.65	4177.68	4175.91	4176.13	447	0	12
2026.10.06	15:28:00	4176.13	4176.26	4175.06	4175.66	349	0	12
2026.10.06	15:29:00	4175.64	4175.84	4174.69	4175.83	347	0	12
2026.10.06	15:30:00	4175.83	4176.83	4173.48	4173.96	447	0	12
2026.10.06	15:31:00	4173.98	4174.69	4173.19	4173.51	473	0	12
2026.10.06	15:32:00	4173.51	4174.23	4173.15	4173.60	424	0	12
2026.10.06	15:33:00	4173.60	4173.61	4171.43	4171.52	455	0	12
2026.10.06	15:34:00	4171.51	4171.64	4170.30	4170.43	499	0	12
2026.10.06	15:35:00	4170.40	4171.52	4169.97	4170.95	431	0	12
2026.10.06	15:36:00	4170.95	4172.33	4170.45	4170.74	454	0	12
2026.10.06	15:37:00	4170.74	4174.62	4170.68	4174.56	454	0	12
2026.10.06	15:38:00	4174.56	4175.94	4174.47	4174.66	427	0	12
2026.10.06	15:39:00	4174.66	4175.78	4174.46	4174.88	389	0	12
2026.10.06	15:40:00	4174.88	4175.39	4173.52	4174.25	393	0	12
2026.10.06	15:41:00	4174.23	4174.99	4172.84	4173.03	414	0	12
2026.10.06	15:42:00	4173.03	4173.55	4171.36	4172.41	408	0	12
2026.10.06	15:43:00	4172.35	4172.46	4171.09	4171.78	423	0	12
2026.10.06	15:44:00	4171.77	4173.24	4171.77	4172.40	386	0	12
2026.10.06	15:45:00	4172.40	4172.72	4171.19	4171.68	410	0	12
2026.10.06	15:46:00	4171.69	4173.23	4170.40	4170.40	424	0	12
2026.10.06	15:47:00	4170.35	4170.66	4169.12	4169.12	457	0	12
2026.10.06	15:48:00	4169.13	4169.13	4167.67	4167.99	461	0	12
2026.10.06	15:49:00	4167.99	4168.30	4166.63	4167.39	407	0	12
2026.10.06	15:50:00	4167.36	4171.41	4165.81	4169.46	660	0	12
2026.10.06	15:51:00	4169.47	4174.27	4167.75	4173.60	683	0	12
2026.10.06	15:52:00	4173.57	4173.71	4170.56	4170.72	599	0	12
2026.10.06	15:53:00	4170.51	4171.42	4169.37	4171.36	495	0	12
2026.10.06	15:54:00	4171.36	4171.39	4168.64	4169.18	461	0	12
2026.10.06	15:55:00	4169.17	4169.25	4167.55	4169.22	467	0	12
2026.10.06	15:56:00	4169.26	4170.14	4168.15	4168.15	438	0	12
2026.10.06	15:57:00	4168.07	4171.54	4167.84	4171.28	468	0	12
2026.10.06	15:58:00	4171.27	4171.36	4169.74	4169.99	397	0	12
2026.10.06	15:59:00	4170.02	4171.39	4169.97	4170.05	389	0	12
2026.10.06	16:00:00	4170.06	4171.55	4169.35	4171.36	514	0	12
2026.10.06	16:01:00	4171.38	4171.43	4169.42	4170.15	497	0	12
2026.10.06	16:02:00	4170.15	4171.30	4169.31	4169.39	467	0	12
2026.10.06	16:03:00	4169.40	4169.68	4168.43	4169.36	502	0	12
2026.10.06	16:04:00	4169.36	4169.81	4167.81	4168.03	477	0	12
2026.10.06	16:05:00	4168.04	4169.99	4168.01	4169.81	416	0	12
2026.10.06	16:06:00	4169.83	4170.91	4168.61	4170.11	435	0	12
2026.10.06	16:07:00	4170.10	4170.18	4169.16	4169.47	447	0	12
2026.10.06	16:08:00	4169.47	4170.45	4168.72	4170.25	416	0	12
2026.10.06	16:09:00	4170.24	4173.06	4170.18	4173.02	437	0	12
2026.10.06	16:10:00	4173.09	4173.55	4172.01	4172.62	425	0	12
2026.10.06	16:11:00	4172.62	4173.31	4171.39	4171.70	453	0	12
2026.10.06	16:12:00	4171.68	4173.97	4171.68	4173.73	473	0	12
2026.10.06	16:13:00	4173.74	4174.47	4172.71	4173.98	437	0	12
2026.10.06	16:14:00	4173.97	4174.36	4171.89	4172.32	396	0	12
2026.10.06	16:15:00	4172.32	4172.37	4170.07	4170.73	428	0	12
2026.10.06	16:16:00	4170.69	4171.11	4167.64	4167.96	501	0	12
2026.10.06	16:17:00	4167.94	4167.95	4165.57	4165.57	472	0	12
2026.10.06	16:18:00	4165.58	4165.86	4164.01	4164.43	442	0	12
2026.10.06	16:19:00	4164.44	4165.31	4162.91	4165.31	511	0	12
2026.10.06	16:20:00	4165.30	4167.03	4164.96	4166.39	501	0	12
2026.10.06	16:21:00	4166.39	4167.02	4165.81	4166.36	434	0	12
2026.10.06	16:22:00	4166.36	4166.92	4164.92	4165.24	454	0	12
2026.10.06	16:23:00	4165.24	4165.24	4163.03	4164.41	467	0	12
2026.10.06	16:24:00	4164.39	4165.05	4164.02	4164.73	431	0	12
2026.10.06	16:25:00	4164.76	4164.79	4162.84	4163.02	452	0	12
2026.10.06	16:26:00	4163.02	4163.52	4161.09	4162.15	499	0	12
2026.10.06	16:27:00	4162.17	4162.52	4161.29	4161.56	416	0	12
2026.10.06	16:28:00	4161.57	4162.21	4161.21	4162.08	428	0	12
2026.10.06	16:29:00	4162.07	4162.67	4161.33	4161.34	410	0	12
2026.10.06	16:30:00	4161.34	4164.42	4160.81	4164.10	617	0	12
2026.10.06	16:31:00	4164.09	4164.97	4162.59	4164.05	587	0	12
2026.10.06	16:32:00	4164.09	4164.09	4160.72	4162.06	606	0	12
2026.10.06	16:33:00	4161.87	4162.35	4160.83	4162.01	568	0	12
2026.10.06	16:34:00	4162.01	4162.83	4161.66	4161.85	523	0	12
2026.10.06	16:35:00	4161.86	4163.33	4161.05	4163.29	546	0	12
2026.10.06	16:36:00	4163.17	4163.95	4162.44	4163.68	524	0	12
2026.10.06	16:37:00	4163.70	4164.62	4162.84	4162.84	497	0	12
2026.10.06	16:38:00	4162.84	4162.84	4160.56	4161.54	587	0	12
2026.10.06	16:39:00	4161.57	4161.75	4159.11	4159.71	494	0	12
2026.10.06	16:40:00	4159.72	4159.96	4156.77	4156.94	549	0	12
2026.10.06	16:41:00	4156.93	4158.16	4156.58	4157.17	607	0	12
2026.10.06	16:42:00	4157.18	4158.80	4155.63	4158.42	530	0	12
2026.10.06	16:43:00	4158.41	4159.79	4157.59	4158.04	568	0	12
2026.10.06	16:44:00	4157.94	4158.83	4157.61	4158.40	508	0	12
2026.10.06	16:45:00	4158.40	4158.41	4155.18	4155.88	560	0	12
2026.10.06	16:46:00	4155.88	4156.55	4154.91	4155.60	494	0	12
2026.10.06	16:47:00	4155.59	4156.63	4154.95	4155.29	481	0	12
2026.10.06	16:48:00	4155.30	4155.71	4154.87	4155.64	428	0	12
2026.10.06	16:49:00	4155.64	4156.13	4154.77	4155.75	436	0	12
2026.10.06	16:50:00	4155.76	4157.04	4155.47	4156.15	473	0	12
2026.10.06	16:51:00	4156.16	4157.53	4155.53	4156.44	505	0	12
2026.10.06	16:52:00	4156.43	4156.49	4154.46	4154.90	508	0	12
2026.10.06	16:53:00	4154.90	4156.00	4153.47	4155.77	518	0	12
2026.10.06	16:54:00	4155.79	4156.01	4154.02	4154.02	525	0	12
2026.10.06	16:55:00	4153.93	4154.45	4151.85	4154.06	596	0	12
2026.10.06	16:56:00	4154.06	4155.12	4153.47	4155.11	524	0	12
2026.10.06	16:57:00	4155.17	4155.17	4153.59	4154.16	471	0	12
2026.10.06	16:58:00	4154.19	4155.00	4153.18	4154.08	473	0	12
2026.10.06	16:59:00	4154.08	4154.56	4152.61	4152.61	523	0	12
2026.10.06	17:00:00	4152.59	4155.31	4151.93	4154.44	614	0	12
2026.10.06	17:01:00	4154.49	4156.69	4153.62	4154.76	566	0	12
2026.10.06	17:02:00	4154.76	4155.99	4153.71	4154.04	558	0	12
2026.10.06	17:03:00	4154.01	4155.93	4153.91	4154.72	508	0	12
2026.10.06	17:04:00	4154.73	4157.92	4154.38	4155.56	552	0	12
2026.10.06	17:05:00	4155.57	4156.43	4154.89	4156.39	555	0	12
2026.10.06	17:06:00	4156.37	4157.56	4155.75	4156.78	525	0	12
2026.10.06	17:07:00	4156.78	4158.51	4156.67	4157.31	526	0	12
2026.10.06	17:08:00	4157.29	4157.29	4153.51	4153.85	514	0	12
2026.10.06	17:09:00	4153.82	4156.06	4153.29	4155.99	540	0	12
2026.10.06	17:10:00	4156.04	4156.61	4153.27	4153.56	525	0	12
2026.10.06	17:11:00	4153.57	4153.66	4152.02	4153.37	503	0	12
2026.10.06	17:12:00	4153.36	4153.82	4152.76	4153.11	463	0	12
2026.10.06	17:13:00	4153.09	4154.80	4152.82	4154.24	506	0	12
2026.10.06	17:14:00	4154.24	4155.67	4153.53	4154.81	496	0	12
2026.10.06	17:15:00	4154.81	4155.29	4153.87	4154.22	522	0	12
2026.10.06	17:16:00	4154.19	4154.21	4151.36	4151.36	493	0	12
2026.10.06	17:17:00	4151.37	4152.53	4150.86	4150.88	474	0	12
2026.10.06	17:18:00	4150.86	4151.30	4148.16	4148.64	563	0	12
2026.10.06	17:19:00	4148.65	4149.81	4147.79	4148.84	510	0	12
2026.10.06	17:20:00	4148.84	4149.46	4147.96	4148.31	504	0	12
2026.10.06	17:21:00	4148.31	4149.42	4148.15	4148.50	492	0	12
2026.10.06	17:22:00	4148.49	4149.48	4147.70	4147.89	499	0	12
2026.10.06	17:23:00	4147.89	4149.05	4147.65	4148.25	482	0	12
2026.10.06	17:24:00	4148.25	4148.25	4144.26	4146.55	547	0	12
2026.10.06	17:25:00	4146.56	4146.65	4145.33	4146.60	526	0	12
2026.10.06	17:26:00	4146.59	4146.89	4145.83	4145.98	505	0	12
2026.10.06	17:27:00	4146.00	4147.01	4145.33	4145.66	510	0	12
2026.10.06	17:28:00	4145.69	4146.36	4143.84	4144.91	465	0	12
2026.10.06	17:29:00	4144.91	4146.28	4144.56	4146.03	449	0	12
2026.10.06	17:30:00	4146.02	4146.39	4143.61	4144.57	548	0	12
2026.10.06	17:31:00	4144.59	4146.24	4144.46	4145.88	479	0	12
2026.10.06	17:32:00	4145.87	4147.40	4144.94	4147.22	525	0	12
2026.10.06	17:33:00	4147.19	4148.96	4146.34	4148.62	491	0	12
2026.10.06	17:34:00	4148.61	4150.83	4147.92	4150.78	490	0	12
2026.10.06	17:35:00	4150.78	4152.03	4150.23	4151.67	487	0	12
2026.10.06	17:36:00	4151.62	4151.97	4150.15	4151.41	480	0	12
2026.10.06	17:37:00	4151.42	4152.32	4150.74	4150.81	452	0	12
2026.10.06	17:38:00	4150.78	4151.19	4149.74	4151.12	522	0	12
2026.10.06	17:39:00	4151.12	4151.12	4148.97	4149.37	503	0	12
2026.10.06	17:40:00	4149.34	4149.85	4148.70	4148.89	432	0	12
2026.10.06	17:41:00	4148.90	4150.12	4148.43	4149.91	459	0	12
2026.10.06	17:42:00	4149.91	4150.98	4149.28	4150.80	457	0	12
2026.10.06	17:43:00	4150.79	4152.82	4150.67	4152.51	428	0	12
2026.10.06	17:44:00	4152.51	4152.89	4151.99	4152.78	376	0	12
2026.10.06	17:45:00	4152.76	4153.12	4152.21	4152.96	473	0	12
2026.10.06	17:46:00	4152.96	4153.08	4151.20	4151.30	493	0	12
2026.10.06	17:47:00	4151.39	4151.74	4150.37	4150.74	475	0	12
2026.10.06	17:48:00	4150.85	4151.08	4149.20	4150.19	434	0	12
2026.10.06	17:49:00	4150.18	4152.05	4150.18	4150.97	457	0	12
2026.10.06	17:50:00	4150.98	4153.60	4150.97	4153.33	469	0	12
2026.10.06	17:51:00	4153.34	4155.36	4153.25	4155.30	498	0	12
2026.10.06	17:52:00	4155.28	4155.38	4153.77	4154.40	477	0	12
2026.10.06	17:53:00	4154.43	4157.27	4154.04	4157.07	458	0	12
2026.10.06	17:54:00	4157.07	4157.60	4155.26	4155.68	505	0	12
2026.10.06	17:55:00	4155.65	4155.92	4154.50	4155.31	484	0	12
2026.10.06	17:56:00	4155.31	4156.10	4155.16	4155.82	417	0	12
2026.10.06	17:57:00	4155.82	4155.86	4153.69	4153.99	433	0	12
2026.10.06	17:58:00	4154.05	4155.01	4153.30	4154.44	490	0	12
2026.10.06	17:59:00	4154.44	4156.81	4154.44	4156.24	429	0	12
2026.10.06	18:00:00	4156.24	4158.31	4155.84	4158.08	563	0	12
2026.10.06	18:01:00	4158.08	4158.65	4157.63	4158.00	472	0	12
2026.10.06	18:02:00	4158.02	4161.75	4157.59	4161.75	613	0	12
2026.10.06	18:03:00	4161.77	4163.65	4161.62	4162.86	593	0	12
2026.10.06	18:04:00	4162.85	4163.23	4160.52	4160.90	506	0	12
2026.10.06	18:05:00	4160.91	4161.29	4160.17	4160.84	484	0	12
2026.10.06	18:06:00	4160.84	4163.89	4160.38	4163.15	563	0	12
2026.10.06	18:07:00	4163.29	4163.65	4159.48	4160.11	543	0	12
2026.10.06	18:08:00	4160.21	4160.65	4159.29	4160.18	483	0	12
2026.10.06	18:09:00	4160.18	4161.46	4159.71	4160.63	492	0	12
2026.10.06	18:10:00	4160.64	4162.62	4160.57	4162.55	500	0	12
2026.10.06	18:11:00	4162.53	4163.01	4161.45	4162.09	463	0	12
2026.10.06	18:12:00	4162.11	4162.86	4161.26	4162.59	398	0	12
2026.10.06	18:13:00	4162.59	4163.05	4161.89	4162.95	396	0	12
2026.10.06	18:14:00	4162.94	4163.16	4162.49	4162.51	368	0	12
2026.10.06	18:15:00	4162.55	4164.78	4162.55	4164.76	478	0	12
2026.10.06	18:16:00	4164.74	4164.74	4163.08	4163.17	480	0	12
2026.10.06	18:17:00	4163.16	4163.32	4162.00	4163.27	464	0	12
2026.10.06	18:18:00	4163.30	4163.32	4162.38	4163.19	424	0	12
2026.10.06	18:19:00	4163.20	4163.50	4161.95	4162.26	469	0	12
2026.10.06	18:20:00	4162.32	4163.91	4161.28	4163.90	506	0	12
2026.10.06	18:21:00	4163.92	4164.49	4163.10	4163.10	472	0	12
2026.10.06	18:22:00	4163.13	4163.17	4162.44	4162.88	426	0	12
2026.10.06	18:23:00	4162.87	4163.47	4162.27	4163.19	408	0	12
2026.10.06	18:24:00	4163.19	4163.77	4162.31	4163.44	490	0	12
2026.10.06	18:25:00	4163.44	4163.94	4162.65	4162.98	469	0	12
2026.10.06	18:26:00	4163.00	4164.16	4162.79	4164.15	490	0	12
2026.10.06	18:27:00	4164.04	4164.19	4162.76	4164.13	478	0	12
2026.10.06	18:28:00	4164.10	4165.04	4163.61	4164.11	501	0	12
2026.10.06	18:29:00	4164.11	4164.39	4162.76	4163.27	543	0	12
2026.10.06	18:30:00	4163.30	4164.15	4161.62	4161.62	519	0	12
2026.10.06	18:31:00	4161.63	4163.58	4161.57	4163.58	450	0	12
2026.10.06	18:32:00	4163.58	4164.85	4163.01	4164.76	455	0	12
2026.10.06	18:33:00	4164.81	4166.21	4164.81	4165.93	498	0	12
2026.10.06	18:34:00	4165.86	4169.00	4165.74	4168.44	514	0	12
2026.10.06	18:35:00	4168.43	4168.72	4165.34	4166.35	545	0	12
2026.10.06	18:36:00	4166.35	4167.46	4165.99	4166.72	464	0	12
2026.10.06	18:37:00	4166.72	4167.42	4166.45	4167.05	408	0	12
2026.10.06	18:38:00	4167.04	4167.25	4165.65	4166.88	462	0	12
2026.10.06	18:39:00	4166.88	4167.26	4166.32	4167.14	428	0	12
2026.10.06	18:40:00	4167.13	4167.26	4165.65	4166.68	462	0	12
2026.10.06	18:41:00	4166.69	4167.36	4166.53	4166.91	406	0	12
2026.10.06	18:42:00	4166.90	4167.05	4166.08	4166.96	370	0	12
2026.10.06	18:43:00	4166.97	4167.96	4166.94	4167.68	318	0	12
2026.10.06	18:44:00	4167.68	4169.34	4167.45	4168.98	406	0	12
2026.10.06	18:45:00	4169.01	4169.09	4166.44	4167.11	448	0	12
2026.10.06	18:46:00	4167.10	4168.70	4164.93	4168.61	485	0	12
2026.10.06	18:47:00	4168.64	4169.12	4168.17	4168.29	404	0	12
2026.10.06	18:48:00	4168.32	4169.39	4168.32	4168.82	401	0	12
2026.10.06	18:49:00	4168.82	4169.28	4168.20	4168.39	389	0	12
2026.10.06	18:50:00	4168.38	4169.96	4168.38	4169.78	448	0	12
2026.10.06	18:51:00	4169.77	4170.53	4167.20	4167.27	440	0	12
2026.10.06	18:52:00	4167.33	4167.33	4165.66	4165.88	447	0	12
2026.10.06	18:53:00	4165.90	4166.00	4165.07	4165.46	486	0	12
2026.10.06	18:54:00	4165.45	4165.49	4164.23	4164.61	440	0	12
2026.10.06	18:55:00	4164.62	4165.61	4164.58	4165.32	435	0	12
2026.10.06	18:56:00	4165.32	4165.61	4164.09	4165.37	401	0	12
2026.10.06	18:57:00	4165.42	4165.72	4165.00	4165.02	376	0	12
2026.10.06	18:58:00	4165.01	4165.50	4164.36	4165.09	411	0	12
2026.10.06	18:59:00	4165.08	4165.32	4163.96	4164.71	398	0	12
2026.10.06	19:00:00	4164.67	4165.94	4163.43	4163.47	464	0	12
2026.10.06	19:01:00	4163.45	4163.72	4162.94	4163.54	447	0	12
2026.10.06	19:02:00	4163.55	4164.71	4163.54	4164.17	367	0	12
2026.10.06	19:03:00	4164.18	4165.05	4163.40	4163.40	442	0	12
2026.10.06	19:04:00	4163.40	4163.95	4162.29	4163.51	428	0	12
2026.10.06	19:05:00	4163.53	4163.93	4162.81	4163.61	436	0	12
2026.10.06	19:06:00	4163.62	4164.40	4163.47	4164.07	419	0	12
2026.10.06	19:07:00	4164.07	4164.74	4163.50	4164.34	402	0	12
2026.10.06	19:08:00	4164.35	4165.24	4162.68	4162.92	399	0	12
2026.10.06	19:09:00	4162.96	4163.17	4162.38	4163.03	399	0	12
2026.10.06	19:10:00	4163.03	4163.65	4162.38	4163.48	434	0	12
2026.10.06	19:11:00	4163.48	4163.51	4161.01	4161.59	416	0	12
2026.10.06	19:12:00	4161.57	4162.07	4161.22	4161.28	369	0	12
2026.10.06	19:13:00	4161.31	4162.23	4160.92	4161.42	404	0	12
2026.10.06	19:14:00	4161.42	4163.35	4161.24	4163.12	480	0	12
2026.10.06	19:15:00	4163.13	4163.71	4162.02	4163.09	420	0	12
2026.10.06	19:16:00	4163.09	4164.67	4163.07	4163.37	433	0	12
2026.10.06	19:17:00	4163.36	4163.88	4163.18	4163.48	422	0	12
2026.10.06	19:18:00	4163.47	4164.49	4163.43	4164.49	302	0	12
2026.10.06	19:19:00	4164.49	4164.69	4162.09	4162.62	372	0	12
2026.10.06	19:20:00	4162.61	4162.84	4162.08	4162.69	419	0	12
2026.10.06	19:21:00	4162.65	4163.81	4162.54	4163.45	381	0	12
2026.10.06	19:22:00	4163.46	4164.02	4162.93	4163.18	342	0	12
2026.10.06	19:23:00	4163.19	4164.98	4163.19	4164.54	318	0	12
2026.10.06	19:24:00	4164.55	4165.04	4163.17	4163.99	366	0	12
2026.10.06	19:25:00	4164.00	4164.00	4162.20	4163.00	392	0	12
2026.10.06	19:26:00	4163.00	4163.17	4162.36	4162.66	348	0	12
2026.10.06	19:27:00	4162.66	4162.75	4161.48	4161.76	334	0	12
2026.10.06	19:28:00	4161.76	4161.77	4160.67	4160.82	393	0	12
2026.10.06	19:29:00	4160.82	4161.17	4160.42	4160.82	371	0	12
2026.10.06	19:30:00	4160.81	4161.37	4160.66	4161.24	364	0	12
2026.10.06	19:31:00	4161.24	4161.57	4160.80	4161.16	391	0	12
2026.10.06	19:32:00	4161.16	4161.59	4160.52	4160.68	353	0	12
2026.10.06	19:33:00	4160.74	4160.80	4159.96	4160.63	360	0	12
2026.10.06	19:34:00	4160.61	4161.49	4160.08	4160.08	300	0	12
2026.10.06	19:35:00	4160.07	4160.92	4159.97	4160.71	372	0	12
2026.10.06	19:36:00	4160.70	4161.89	4160.32	4161.89	347	0	12
2026.10.06	19:37:00	4161.95	4161.95	4160.16	4160.54	363	0	12
2026.10.06	19:38:00	4160.54	4160.54	4159.29	4159.86	339	0	12
2026.10.06	19:39:00	4159.85	4160.70	4159.73	4160.62	361	0	12
2026.10.06	19:40:00	4160.60	4160.65	4159.60	4160.17	325	0	12
2026.10.06	19:41:00	4160.17	4160.18	4159.06	4159.83	366	0	12
2026.10.06	19:42:00	4159.82	4160.41	4159.54	4159.64	309	0	12
2026.10.06	19:43:00	4159.62	4160.18	4159.22	4160.17	325	0	12
2026.10.06	19:44:00	4160.16	4161.31	4160.00	4160.75	381	0	12
2026.10.06	19:45:00	4160.75	4161.66	4159.98	4160.74	401	0	12
2026.10.06	19:46:00	4160.74	4161.06	4159.61	4159.63	304	0	12
2026.10.06	19:47:00	4159.63	4159.92	4158.71	4159.00	291	0	12
2026.10.06	19:48:00	4158.98	4159.19	4156.13	4157.11	461	0	12
2026.10.06	19:49:00	4157.13	4157.48	4156.66	4156.97	354	0	12
2026.10.06	19:50:00	4156.96	4157.54	4156.59	4157.02	352	0	12
2026.10.06	19:51:00	4157.02	4157.06	4156.59	4156.83	317	0	12
2026.10.06	19:52:00	4156.83	4156.90	4156.47	4156.59	320	0	12
2026.10.06	19:53:00	4156.60	4156.62	4155.50	4156.04	339	0	12
2026.10.06	19:54:00	4156.04	4156.07	4155.17	4155.81	378	0	12
2026.10.06	19:55:00	4155.80	4156.02	4154.37	4154.75	419	0	12
2026.10.06	19:56:00	4154.74	4155.26	4154.28	4155.06	380	0	12
2026.10.06	19:57:00	4155.05	4156.33	4155.04	4155.57	385	0	12
2026.10.06	19:58:00	4155.55	4156.25	4155.43	4155.70	336	0	12
2026.10.06	19:59:00	4155.70	4157.10	4155.70	4156.95	354	0	12
2026.10.06	20:00:00	4156.94	4157.89	4156.69	4157.31	344	0	12
2026.10.06	20:01:00	4157.31	4157.90	4157.12	4157.88	336	0	12
2026.10.06	20:02:00	4157.85	4158.02	4156.55	4156.97	431	0	12
2026.10.06	20:03:00	4156.94	4158.26	4156.88	4157.80	402	0	12
2026.10.06	20:04:00	4157.80	4159.55	4157.71	4159.48	380	0	12
2026.10.06	20:05:00	4159.49	4160.80	4159.45	4160.43	446	0	12
2026.10.06	20:06:00	4160.42	4161.24	4160.28	4161.05	368	0	12
2026.10.06	20:07:00	4161.05	4161.83	4160.40	4161.62	348	0	12
2026.10.06	20:08:00	4161.61	4162.83	4161.40	4162.24	404	0	12
2026.10.06	20:09:00	4162.24	4163.69	4161.80	4163.61	395	0	12
2026.10.06	20:10:00	4163.62	4163.94	4163.22	4163.75	435	0	12
2026.10.06	20:11:00	4163.75	4164.60	4163.62	4164.21	359	0	12
2026.10.06	20:12:00	4164.21	4164.42	4162.69	4162.72	371	0	12
2026.10.06	20:13:00	4162.71	4163.00	4162.31	4162.62	373	0	12
2026.10.06	20:14:00	4162.60	4163.02	4161.94	4162.33	350	0	12
2026.10.06	20:15:00	4162.34	4162.82	4162.00	4162.71	342	0	12
2026.10.06	20:16:00	4162.70	4164.22	4162.70	4163.22	352	0	12
2026.10.06	20:17:00	4163.22	4163.79	4162.49	4162.56	317	0	12
2026.10.06	20:18:00	4162.56	4162.80	4161.70	4162.23	359	0	12
2026.10.06	20:19:00	4162.23	4162.36	4161.11	4161.19	311	0	12
2026.10.06	20:20:00	4161.19	4162.23	4160.43	4162.03	438	0	12
2026.10.06	20:21:00	4162.03	4162.49	4159.73	4161.14	476	0	12
2026.10.06	20:22:00	4161.14	4161.23	4158.86	4159.78	437	0	12
2026.10.06	20:23:00	4159.78	4160.02	4157.82	4159.06	470	0	12
2026.10.06	20:24:00	4159.02	4160.03	4158.56	4160.03	504	0	12
2026.10.06	20:25:00	4160.02	4160.45	4159.44	4160.38	423	0	12
2026.10.06	20:26:00	4160.37	4161.25	4160.22	4160.26	350	0	12
2026.10.06	20:27:00	4160.27	4160.27	4158.89	4159.81	397	0	12
2026.10.06	20:28:00	4159.81	4160.31	4158.95	4158.95	344	0	12
2026.10.06	20:29:00	4158.95	4161.09	4158.19	4160.98	501	0	12
2026.10.06	20:30:00	4160.94	4161.17	4160.37	4160.45	388	0	12
2026.10.06	20:31:00	4160.42	4161.91	4160.36	4161.05	360	0	12
2026.10.06	20:32:00	4161.05	4161.47	4160.78	4161.35	309	0	12
2026.10.06	20:33:00	4161.36	4162.81	4161.19	4162.73	322	0	12
2026.10.06	20:34:00	4162.74	4163.64	4162.49	4163.16	338	0	12
2026.10.06	20:35:00	4163.13	4163.88	4162.74	4163.45	332	0	12
2026.10.06	20:36:00	4163.45	4163.47	4162.55	4163.25	294	0	12
2026.10.06	20:37:00	4163.25	4163.77	4163.19	4163.19	302	0	12
2026.10.06	20:38:00	4163.19	4163.34	4162.57	4163.17	268	0	12
2026.10.06	20:39:00	4163.17	4163.39	4162.38	4162.38	312	0	12
2026.10.06	20:40:00	4162.39	4163.22	4162.19	4163.20	327	0	12
2026.10.06	20:41:00	4163.19	4164.16	4163.07	4164.04	294	0	12
2026.10.06	20:42:00	4164.04	4164.60	4163.62	4163.83	287	0	12
2026.10.06	20:43:00	4163.87	4165.51	4163.70	4165.31	302	0	12
2026.10.06	20:44:00	4165.31	4165.55	4165.02	4165.05	258	0	12
2026.10.06	20:45:00	4165.05	4165.19	4163.99	4164.52	313	0	12
2026.10.06	20:46:00	4164.53	4164.65	4163.76	4164.23	338	0	12
2026.10.06	20:47:00	4164.22	4164.41	4163.93	4164.23	256	0	12
2026.10.06	20:48:00	4164.23	4164.78	4164.17	4164.73	277	0	12
2026.10.06	20:49:00	4164.74	4165.14	4164.42	4165.14	301	0	12
2026.10.06	20:50:00	4165.15	4165.83	4164.97	4165.12	294	0	12
2026.10.06	20:51:00	4165.12	4165.99	4165.11	4165.94	326	0	12
2026.10.06	20:52:00	4165.92	4166.30	4165.68	4165.96	346	0	12
2026.10.06	20:53:00	4165.96	4166.19	4165.57	4165.66	291	0	12
2026.10.06	20:54:00	4165.65	4166.02	4164.34	4165.06	377	0	12
2026.10.06	20:55:00	4165.05	4165.28	4164.76	4164.77	316	0	12
2026.10.06	20:56:00	4164.78	4165.00	4164.24	4164.33	326	0	12
2026.10.06	20:57:00	4164.33	4165.38	4164.24	4165.35	335	0	12
2026.10.06	20:58:00	4165.36	4165.56	4164.80	4165.52	321	0	12
2026.10.06	20:59:00	4165.52	4165.52	4164.86	4164.88	320	0	12
2026.10.06	21:00:00	4164.88	4165.34	4164.58	4164.65	361	0	12
2026.10.06	21:01:00	4164.66	4165.67	4164.27	4165.41	399	0	12
2026.10.06	21:02:00	4165.40	4165.93	4165.35	4165.83	349	0	12
2026.10.06	21:03:00	4165.84	4167.13	4165.84	4167.13	384	0	12
2026.10.06	21:04:00	4167.13	4167.18	4166.57	4166.75	323	0	12
2026.10.06	21:05:00	4166.75	4167.18	4166.24	4166.41	302	0	12
2026.10.06	21:06:00	4166.38	4167.41	4166.34	4167.35	318	0	12
2026.10.06	21:07:00	4167.35	4168.27	4167.20	4167.83	404	0	12
2026.10.06	21:08:00	4167.82	4168.18	4167.74	4167.95	341	0	12
2026.10.06	21:09:00	4167.95	4168.00	4167.07	4167.51	345	0	12
2026.10.06	21:10:00	4167.51	4168.23	4167.51	4168.21	364	0	12
2026.10.06	21:11:00	4168.23	4168.54	4167.85	4168.48	303	0	12
2026.10.06	21:12:00	4168.48	4168.82	4168.24	4168.71	300	0	12
2026.10.06	21:13:00	4168.71	4169.25	4168.13	4169.25	320	0	12
2026.10.06	21:14:00	4169.25	4170.02	4168.97	4169.65	373	0	12
2026.10.06	21:15:00	4169.66	4170.24	4169.60	4170.05	402	0	12
2026.10.06	21:16:00	4170.05	4170.41	4169.83	4169.88	382	0	12
2026.10.06	21:17:00	4169.88	4171.07	4169.79	4170.96	330	0	12
2026.10.06	21:18:00	4170.97	4172.57	4170.96	4172.42	394	0	12
2026.10.06	21:19:00	4172.41	4172.99	4171.89	4172.02	375	0	12
2026.10.06	21:20:00	4172.02	4172.09	4170.88	4171.31	417	0	12
2026.10.06	21:21:00	4171.34	4171.43	4170.82	4171.04	356	0	12
2026.10.06	21:22:00	4171.02	4171.24	4169.83	4170.21	377	0	12
2026.10.06	21:23:00	4170.21	4170.67	4168.33	4168.34	394	0	12
2026.10.06	21:24:00	4168.34	4169.51	4167.87	4169.31	396	0	12
2026.10.06	21:25:00	4169.31	4169.31	4168.47	4168.95	387	0	12
2026.10.06	21:26:00	4168.96	4170.22	4168.69	4170.18	375	0	12
2026.10.06	21:27:00	4170.18	4170.50	4169.19	4169.19	393	0	12
2026.10.06	21:28:00	4169.24	4169.52	4168.82	4168.85	436	0	12
2026.10.06	21:29:00	4168.85	4169.20	4168.23	4169.10	400	0	12
2026.10.06	21:30:00	4169.09	4169.54	4168.45	4168.93	372	0	12
2026.10.06	21:31:00	4168.93	4168.95	4167.70	4167.91	387	0	12
2026.10.06	21:32:00	4167.84	4168.34	4167.66	4167.72	335	0	12
2026.10.06	21:33:00	4167.73	4168.11	4167.66	4167.74	272	0	12
2026.10.06	21:34:00	4167.74	4168.21	4167.53	4167.55	292	0	12
2026.10.06	21:35:00	4167.55	4168.11	4167.47	4167.52	308	0	12
2026.10.06	21:36:00	4167.52	4167.98	4166.62	4167.87	378	0	12
2026.10.06	21:37:00	4167.87	4168.32	4167.20	4168.30	273	0	12
2026.10.06	21:38:00	4168.31	4168.71	4168.00	4168.32	310	0	12
2026.10.06	21:39:00	4168.31	4168.33	4167.84	4167.84	268	0	12
2026.10.06	21:40:00	4167.84	4168.06	4167.10	4168.06	279	0	12
2026.10.06	21:41:00	4168.09	4168.71	4167.93	4168.45	380	0	12
2026.10.06	21:42:00	4168.45	4170.02	4168.45	4169.93	406	0	12
2026.10.06	21:43:00	4169.93	4170.22	4169.62	4169.89	351	0	12
2026.10.06	21:44:00	4169.90	4170.33	4169.81	4170.31	267	0	12
2026.10.06	21:45:00	4170.28	4170.62	4169.73	4169.88	353	0	12
2026.10.06	21:46:00	4169.89	4169.94	4169.21	4169.66	352	0	12
2026.10.06	21:47:00	4169.71	4171.60	4169.71	4171.53	374	0	12
2026.10.06	21:48:00	4171.48	4172.70	4171.48	4172.41	296	0	12
2026.10.06	21:49:00	4172.41	4173.00	4172.20	4172.91	297	0	12
2026.10.06	21:50:00	4172.91	4173.24	4172.50	4173.13	342	0	12
2026.10.06	21:51:00	4173.13	4173.17	4172.71	4173.16	288	0	12
2026.10.06	21:52:00	4173.17	4173.17	4171.94	4172.35	311	0	12
2026.10.06	21:53:00	4172.34	4172.60	4172.13	4172.13	263	0	12
2026.10.06	21:54:00	4172.14	4172.27	4171.98	4172.09	244	0	12
2026.10.06	21:55:00	4172.09	4174.99	4172.08	4174.96	365	0	12
2026.10.06	21:56:00	4174.96	4176.57	4174.68	4176.48	346	0	12
2026.10.06	21:57:00	4176.48	4176.81	4175.47	4176.04	277	0	12
2026.10.06	21:58:00	4176.04	4176.65	4176.04	4176.34	288	0	12
2026.10.06	21:59:00	4176.34	4176.42	4175.72	4175.75	358	0	12
2026.10.06	22:00:00	4175.76	4179.44	4175.63	4176.85	495	0	12
2026.10.06	22:01:00	4176.85	4178.89	4175.94	4178.63	463	0	12
2026.10.06	22:02:00	4178.68	4184.40	4178.65	4181.00	587	0	12
2026.10.06	22:03:00	4180.99	4181.00	4177.97	4178.07	460	0	12
2026.10.06	22:04:00	4178.07	4178.32	4177.17	4177.90	415	0	12
2026.10.06	22:05:00	4177.90	4178.41	4177.83	4178.25	355	0	12
2026.10.06	22:06:00	4178.26	4178.26	4176.81	4176.92	360	0	12
2026.10.06	22:07:00	4176.91	4177.37	4176.65	4177.14	335	0	12
2026.10.06	22:08:00	4177.13	4177.94	4176.99	4177.73	359	0	12
2026.10.06	22:09:00	4177.74	4177.74	4176.48	4176.59	354	0	12
2026.10.06	22:10:00	4176.59	4176.95	4176.51	4176.77	339	0	12
2026.10.06	22:11:00	4176.78	4176.88	4175.40	4175.62	343	0	12
2026.10.06	22:12:00	4175.59	4175.62	4175.14	4175.31	296	0	12
2026.10.06	22:13:00	4175.31	4176.86	4175.24	4176.11	303	0	12
2026.10.06	22:14:00	4176.12	4176.53	4175.98	4176.36	315	0	12
2026.10.06	22:15:00	4176.38	4177.08	4176.17	4177.08	321	0	12
2026.10.06	22:16:00	4177.07	4177.27	4176.42	4177.03	324	0	12
2026.10.06	22:17:00	4177.02	4177.25	4176.08	4176.18	329	0	12
2026.10.06	22:18:00	4176.18	4176.18	4173.76	4173.88	384	0	12
2026.10.06	22:19:00	4173.87	4174.31	4173.77	4174.25	292	0	12
2026.10.06	22:20:00	4174.22	4175.51	4174.19	4175.00	353	0	12
2026.10.06	22:21:00	4174.99	4175.18	4174.57	4174.60	321	0	12
2026.10.06	22:22:00	4174.60	4174.63	4174.13	4174.13	264	0	12
2026.10.06	22:23:00	4174.04	4174.11	4173.48	4174.11	287	0	12
2026.10.06	22:24:00	4174.09	4174.16	4173.59	4173.61	292	0	12
2026.10.06	22:25:00	4173.60	4174.53	4173.54	4173.62	298	0	12
2026.10.06	22:26:00	4173.64	4174.00	4173.51	4173.71	334	0	12
2026.10.06	22:27:00	4173.71	4174.04	4173.00	4173.26	308	0	12
2026.10.06	22:28:00	4173.27	4173.48	4172.33	4172.43	337	0	12
2026.10.06	22:29:00	4172.43	4172.53	4171.84	4172.00	334	0	12
2026.10.06	22:30:00	4172.00	4172.04	4170.62	4171.44	338	0	12
2026.10.06	22:31:00	4171.45	4171.93	4171.21	4171.51	325	0	12
2026.10.06	22:32:00	4171.52	4171.57	4170.55	4170.92	330	0	12
2026.10.06	22:33:00	4170.90	4170.90	4169.84	4170.23	309	0	12
2026.10.06	22:34:00	4170.23	4170.33	4169.10	4169.16	287	0	12
2026.10.06	22:35:00	4169.11	4169.74	4168.96	4169.32	314	0	12
2026.10.06	22:36:00	4169.32	4169.70	4168.78	4169.05	333	0	12
2026.10.06	22:37:00	4169.05	4169.13	4168.21	4168.28	268	0	12
2026.10.06	22:38:00	4168.27	4169.22	4168.15	4169.11	257	0	12
2026.10.06	22:39:00	4169.11	4169.42	4168.56	4168.56	213	0	12
2026.10.06	22:40:00	4168.56	4169.34	4168.56	4169.30	344	0	12
2026.10.06	22:41:00	4169.30	4169.30	4168.97	4169.11	191	0	12
2026.10.06	22:42:00	4169.11	4169.46	4169.07	4169.27	259	0	12
2026.10.06	22:43:00	4169.27	4169.68	4169.12	4169.16	324	0	12
2026.10.06	22:44:00	4169.16	4169.25	4168.70	4168.92	315	0	12
2026.10.06	22:45:00	4168.92	4170.06	4168.75	4170.06	297	0	12
2026.10.06	22:46:00	4170.05	4170.07	4168.98	4169.12	347	0	12
2026.10.06	22:47:00	4169.12	4169.55	4168.88	4169.20	315	0	12
2026.10.06	22:48:00	4169.18	4169.31	4168.53	4168.79	274	0	12
2026.10.06	22:49:00	4168.79	4168.84	4167.16	4167.29	325	0	12
2026.10.06	22:50:00	4167.29	4168.24	4166.92	4166.95	344	0	12
2026.10.06	22:51:00	4166.95	4167.76	4166.73	4166.81	401	0	12
2026.10.06	22:52:00	4166.82	4167.67	4166.82	4167.46	366	0	12
2026.10.06	22:53:00	4167.47	4167.69	4167.13	4167.55	366	0	12
2026.10.06	22:54:00	4167.55	4168.05	4167.04	4167.47	355	0	12
2026.10.06	22:55:00	4167.48	4168.86	4167.37	4168.48	450	0	12
2026.10.06	22:56:00	4168.48	4169.46	4168.48	4169.33	376	0	12
2026.10.06	22:57:00	4169.34	4169.37	4168.49	4169.19	357	0	12
2026.10.06	22:58:00	4169.19	4169.56	4168.67	4169.06	448	0	12
2026.10.06	22:59:00	4169.06	4169.81	4169.05	4169.46	549	0	12
2026.10.06	23:00:00	4169.46	4170.16	4169.27	4169.53	350	0	12
2026.10.06	23:01:00	4169.53	4169.58	4168.76	4169.11	255	0	12
2026.10.06	23:02:00	4169.09	4169.17	4167.89	4168.60	258	0	12
2026.10.06	23:03:00	4168.61	4169.09	4168.55	4168.56	208	0	12
2026.10.06	23:04:00	4168.54	4168.82	4168.43	4168.80	170	0	12
2026.10.06	23:05:00	4168.80	4168.98	4168.49	4168.71	182	0	12
2026.10.06	23:06:00	4168.69	4168.94	4168.41	4168.46	180	0	12
2026.10.06	23:07:00	4168.47	4169.01	4168.46	4168.88	181	0	12
2026.10.06	23:08:00	4168.88	4169.49	4168.76	4168.96	188	0	12
2026.10.06	23:09:00	4168.97	4169.21	4168.66	4169.12	181	0	12
2026.10.06	23:10:00	4169.13	4170.21	4169.01	4169.42	218	0	12
2026.10.06	23:11:00	4169.41	4169.41	4168.57	4168.67	187	0	12
2026.10.06	23:12:00	4168.67	4168.86	4168.20	4168.55	144	0	12
2026.10.06	23:13:00	4168.55	4168.56	4168.15	4168.26	188	0	12
2026.10.06	23:14:00	4168.27	4168.45	4167.94	4167.98	133	0	12
2026.10.06	23:15:00	4167.97	4167.97	4167.58	4167.67	110	0	12
2026.10.06	23:16:00	4167.67	4168.03	4166.53	4166.70	200	0	12
2026.10.06	23:17:00	4166.69	4167.23	4166.65	4167.11	128	0	12
2026.10.06	23:18:00	4167.11	4167.11	4166.20	4166.37	142	0	12
2026.10.06	23:19:00	4166.38	4166.42	4164.92	4164.97	204	0	12
2026.10.06	23:20:00	4165.00	4165.62	4164.04	4164.72	287	0	12
2026.10.06	23:21:00	4164.72	4164.86	4163.48	4163.51	172	0	12
2026.10.06	23:22:00	4163.50	4164.13	4163.34	4164.10	164	0	12
2026.10.06	23:23:00	4164.10	4164.10	4163.40	4163.55	147	0	12
2026.10.06	23:24:00	4163.57	4164.15	4163.45	4163.90	214	0	12
2026.10.06	23:25:00	4163.90	4164.39	4163.01	4163.03	257	0	12
2026.10.06	23:26:00	4163.06	4163.30	4162.55	4162.64	196	0	12
2026.10.06	23:27:00	4162.70	4163.30	4162.39	4163.24	204	0	12
2026.10.06	23:28:00	4163.24	4163.56	4163.14	4163.55	141	0	12
2026.10.06	23:29:00	4163.55	4164.55	4163.55	4164.21	199	0	12
2026.10.06	23:30:00	4164.18	4164.52	4163.50	4163.95	236	0	12
2026.10.06	23:31:00	4163.94	4164.05	4163.60	4163.62	135	0	17
2026.10.06	23:32:00	4163.62	4163.63	4163.06	4163.26	133	0	17
2026.10.06	23:33:00	4163.27	4163.28	4162.55	4162.84	126	0	17
2026.10.06	23:34:00	4162.85	4163.37	4162.83	4163.00	160	0	17
2026.10.06	23:35:00	4163.01	4163.12	4162.53	4162.93	139	0	17
2026.10.06	23:36:00	4162.97	4163.57	4162.97	4163.48	161	0	17
2026.10.06	23:37:00	4163.49	4164.06	4163.49	4163.49	142	0	17
2026.10.06	23:38:00	4163.49	4164.30	4163.46	4164.18	144	0	17
2026.10.06	23:39:00	4164.18	4164.29	4163.86	4163.96	114	0	17
2026.10.06	23:40:00	4163.96	4163.96	4163.35	4163.79	225	0	17
2026.10.06	23:41:00	4163.79	4163.93	4163.53	4163.69	178	0	17
2026.10.06	23:42:00	4163.68	4163.68	4162.63	4163.14	168	0	17
2026.10.06	23:43:00	4163.14	4163.18	4162.97	4163.02	108	0	17
2026.10.06	23:44:00	4163.01	4163.43	4162.97	4163.42	159	0	17
2026.10.06	23:45:00	4163.42	4163.42	4162.27	4162.40	151	0	17
2026.10.06	23:46:00	4162.40	4162.81	4162.17	4162.69	146	0	17
2026.10.06	23:47:00	4162.69	4163.11	4162.69	4163.05	151	0	17
2026.10.06	23:48:00	4163.05	4163.20	4162.32	4162.99	151	0	17
2026.10.06	23:49:00	4162.98	4163.26	4162.56	4162.99	174	0	17
2026.10.06	23:50:00	4163.00	4163.41	4163.00	4163.32	174	0	17
2026.10.06	23:51:00	4163.32	4164.46	4163.23	4164.46	163	0	17
2026.10.06	23:52:00	4164.46	4164.83	4164.00	4164.05	155	0	17
2026.10.06	23:53:00	4164.05	4164.33	4163.87	4164.32	165	0	17
2026.10.06	23:54:00	4164.35	4164.48	4163.86	4164.00	161	0	17
2026.10.06	23:55:00	4164.00	4164.15	4163.51	4163.64	235	0	17
2026.10.06	23:56:00	4163.66	4163.74	4163.26	4163.27	195	0	17
2026.10.06	23:57:00	4163.27	4163.77	4163.13	4163.77	148	0	17
2026.10.07	01:00:00	4168.01	4168.19	4166.32	4166.52	261	0	17
2026.10.07	01:01:00	4166.52	4167.79	4165.84	4167.68	230	0	17
2026.10.07	01:02:00	4167.67	4167.67	4165.40	4165.63	317	0	17
2026.10.07	01:03:00	4165.65	4167.00	4165.50	4166.40	198	0	17
2026.10.07	01:04:00	4166.40	4166.96	4166.40	4166.65	163	0	17
2026.10.07	01:05:00	4166.65	4166.65	4165.43	4165.93	236	0	17
2026.10.07	01:06:00	4165.91	4166.39	4165.43	4166.04	220	0	17
2026.10.07	01:07:00	4166.04	4166.73	4166.01	4166.44	248	0	17
2026.10.07	01:08:00	4166.44	4166.94	4166.29	4166.29	209	0	17
2026.10.07	01:09:00	4166.30	4166.66	4166.05	4166.26	239	0	17
2026.10.07	01:10:00	4166.16	4166.90	4166.05	4166.59	294	0	17
2026.10.07	01:11:00	4166.57	4166.86	4166.09	4166.76	248	0	17
2026.10.07	01:12:00	4166.68	4167.16	4166.58	4166.71	194	0	17
2026.10.07	01:13:00	4166.71	4167.20	4166.66	4166.97	215	0	17
2026.10.07	01:14:00	4166.85	4167.11	4166.49	4166.55	262	0	17
2026.10.07	01:15:00	4166.54	4166.60	4166.11	4166.11	145	0	17
2026.10.07	01:16:00	4166.11	4166.64	4166.08	4166.56	112	0	17
2026.10.07	01:17:00	4166.56	4166.88	4166.44	4166.49	110	0	17
2026.10.07	01:18:00	4166.49	4166.60	4166.23	4166.41	117	0	17
2026.10.07	01:19:00	4166.41	4166.55	4166.35	4166.40	81	0	17
2026.10.07	01:20:00	4166.41	4166.60	4166.26	4166.34	107	0	17
2026.10.07	01:21:00	4166.35	4166.56	4166.35	4166.37	80	0	17
2026.10.07	01:22:00	4166.37	4166.76	4166.29	4166.69	100	0	17
2026.10.07	01:23:00	4166.69	4166.69	4166.50	4166.64	71	0	17
2026.10.07	01:24:00	4166.62	4166.90	4166.61	4166.76	133	0	17
2026.10.07	01:25:00	4166.75	4167.25	4166.46	4167.17	186	0	17
2026.10.07	01:26:00	4167.17	4167.30	4166.54	4166.67	214	0	17
2026.10.07	01:27:00	4166.72	4167.42	4166.53	4167.27	155	0	17
2026.10.07	01:28:00	4167.28	4167.40	4166.74	4166.76	85	0	17
2026.10.07	01:29:00	4166.76	4166.81	4165.93	4165.99	118	0	17
2026.10.07	01:30:00	4166.01	4166.01	4165.14	4165.20	218	0	12
2026.10.07	01:31:00	4165.20	4165.21	4164.56	4164.82	155	0	12
2026.10.07	01:32:00	4164.82	4165.31	4164.62	4164.65	177	0	12
2026.10.07	01:33:00	4164.66	4165.12	4164.53	4164.86	216	0	12
2026.10.07	01:34:00	4164.86	4165.02	4164.10	4164.18	208	0	12
2026.10.07	01:35:00	4164.19	4164.58	4163.79	4163.80	226	0	12
2026.10.07	01:36:00	4163.79	4164.53	4163.79	4164.15	175	0	12
2026.10.07	01:37:00	4164.21	4164.37	4164.03	4164.22	124	0	12
2026.10.07	01:38:00	4164.22	4164.45	4163.68	4163.69	145	0	12
2026.10.07	01:39:00	4163.70	4163.78	4163.27	4163.38	106	0	12
2026.10.07	01:40:00	4163.38	4163.40	4162.60	4162.60	144	0	12
2026.10.07	01:41:00	4162.61	4162.74	4162.55	4162.60	111	0	12
2026.10.07	01:42:00	4162.60	4163.22	4162.52	4162.95	161	0	12
2026.10.07	01:43:00	4162.94	4163.24	4162.47	4163.22	174	0	12
2026.10.07	01:44:00	4163.24	4163.49	4163.22	4163.37	93	0	12
2026.10.07	01:45:00	4163.36	4164.32	4162.93	4163.61	306	0	12
2026.10.07	01:46:00	4163.62	4163.71	4162.88	4162.95	247	0	12
2026.10.07	01:47:00	4162.94	4163.19	4162.92	4162.97	177	0	12
2026.10.07	01:48:00	4162.97	4163.42	4162.91	4163.24	158	0	12
2026.10.07	01:49:00	4163.24	4163.37	4162.98	4163.14	132	0	12
2026.10.07	01:50:00	4163.14	4163.32	4162.59	4162.75	173	0	12
2026.10.07	01:51:00	4162.75	4162.99	4162.64	4162.93	155	0	12
2026.10.07	01:52:00	4162.94	4162.99	4161.92	4162.01	224	0	12
2026.10.07	01:53:00	4162.02	4162.36	4161.59	4162.21	205	0	12
2026.10.07	01:54:00	4162.23	4162.74	4162.21	4162.65	190	0	12
2026.10.07	01:55:00	4162.64	4163.57	4162.57	4163.23	137	0	12
2026.10.07	01:56:00	4163.23	4163.53	4162.97	4163.31	186	0	12
2026.10.07	01:57:00	4163.25	4163.27	4162.95	4163.02	92	0	12
2026.10.07	01:58:00	4163.01	4163.07	4162.64	4162.91	141	0	12
2026.10.07	01:59:00	4162.95	4163.38	4162.74	4163.37	209	0	12
2026.10.07	02:00:00	4163.37	4163.41	4162.49	4162.87	232	0	12
2026.10.07	02:01:00	4162.88	4163.79	4162.88	4163.06	222	0	12
2026.10.07	02:02:00	4163.05	4163.57	4162.85	4163.50	185	0	12
2026.10.07	02:03:00	4163.51	4165.40	4163.48	4164.09	249	0	12
2026.10.07	02:04:00	4164.08	4164.11	4163.81	4163.81	99	0	12
2026.10.07	02:05:00	4163.84	4165.40	4163.52	4164.68	219	0	12
2026.10.07	02:06:00	4164.68	4165.25	4164.44	4165.25	247	0	12
2026.10.07	02:07:00	4165.25	4165.25	4164.06	4164.11	185	0	12
2026.10.07	02:08:00	4164.11	4164.44	4164.11	4164.40	121	0	12
2026.10.07	02:09:00	4164.39	4164.42	4164.25	4164.28	82	0	12
2026.10.07	02:10:00	4164.26	4165.86	4164.26	4165.71	139	0	12
2026.10.07	02:11:00	4165.70	4165.70	4165.44	4165.51	130	0	12
2026.10.07	02:12:00	4165.50	4165.54	4165.26	4165.26	85	0	12
2026.10.07	02:13:00	4165.26	4165.51	4165.13	4165.51	103	0	12
2026.10.07	02:14:00	4165.52	4165.52	4165.17	4165.23	87	0	12
2026.10.07	02:15:00	4165.24	4166.01	4165.17	4165.58	183	0	12
2026.10.07	02:16:00	4165.57	4165.76	4165.47	4165.48	101	0	12
2026.10.07	02:17:00	4165.48	4165.68	4165.37	4165.37	140	0	12
2026.10.07	02:18:00	4165.37	4166.67	4165.36	4166.46	135	0	12
2026.10.07	02:19:00	4166.45	4166.53	4166.03	4166.06	115	0	12
2026.10.07	02:20:00	4166.05	4166.06	4165.49	4165.59	109	0	12
2026.10.07	02:21:00	4165.59	4165.59	4165.26	4165.49	129	0	12
2026.10.07	02:22:00	4165.49	4165.61	4165.42	4165.59	87	0	12
2026.10.07	02:23:00	4165.58	4166.05	4165.54	4166.05	98	0	12
2026.10.07	02:24:00	4166.07	4166.64	4166.05	4166.51	161	0	12
2026.10.07	02:25:00	4166.53	4168.38	4166.44	4168.29	244	0	12
2026.10.07	02:26:00	4168.28	4168.56	4167.82	4167.82	177	0	12
2026.10.07	02:27:00	4167.79	4168.73	4167.69	4168.72	204	0	12
2026.10.07	02:28:00	4168.72	4169.27	4168.26	4168.49	304	0	12
2026.10.07	02:29:00	4168.50	4169.92	4168.38	4169.22	269	0	12
2026.10.07	02:30:00	4169.20	4169.46	4168.80	4169.45	287	0	12
2026.10.07	02:31:00	4169.45	4169.97	4168.44	4168.55	331	0	12
2026.10.07	02:32:00	4168.54	4169.22	4168.49	4168.93	239	0	12
2026.10.07	02:33:00	4168.93	4168.96	4167.72	4168.56	225	0	12
2026.10.07	02:34:00	4168.55	4168.56	4167.85	4167.85	227	0	12
2026.10.07	02:35:00	4167.86	4168.49	4167.75	4167.85	231	0	12
2026.10.07	02:36:00	4167.86	4168.28	4167.63	4167.70	193	0	12
2026.10.07	02:37:00	4167.70	4167.86	4167.57	4167.83	163	0	12
2026.10.07	02:38:00	4167.82	4168.10	4167.53	4167.57	146	0	12
2026.10.07	02:39:00	4167.56	4167.78	4166.62	4166.63	207	0	12
2026.10.07	02:40:00	4166.62	4166.62	4165.81	4165.82	158	0	12
2026.10.07	02:41:00	4165.83	4166.31	4165.49	4166.19	172	0	12
2026.10.07	02:42:00	4166.18	4167.17	4166.16	4167.03	196	0	12
2026.10.07	02:43:00	4167.04	4167.22	4166.56	4166.82	233	0	12
2026.10.07	02:44:00	4166.83	4167.15	4166.59	4166.63	163	0	12
2026.10.07	02:45:00	4166.63	4166.95	4166.05	4166.48	308	0	12
2026.10.07	02:46:00	4166.48	4166.83	4166.22	4166.33	261	0	12
2026.10.07	02:47:00	4166.34	4166.41	4165.87	4166.20	248	0	12
2026.10.07	02:48:00	4166.20	4166.29	4165.54	4165.92	214	0	12
2026.10.07	02:49:00	4165.91	4166.35	4165.82	4166.05	231	0	12
2026.10.07	02:50:00	4166.05	4166.83	4166.01	4166.79	224	0	12
2026.10.07	02:51:00	4166.78	4167.31	4166.51	4167.31	221	0	12
2026.10.07	02:52:00	4167.30	4168.10	4167.28	4168.01	245	0	12
2026.10.07	02:53:00	4168.01	4168.05	4167.03	4167.38	230	0	12
2026.10.07	02:54:00	4167.38	4167.84	4167.38	4167.59	211	0	12
2026.10.07	02:55:00	4167.60	4167.62	4166.98	4167.39	237	0	12
2026.10.07	02:56:00	4167.38	4167.49	4166.83	4166.85	165	0	12
2026.10.07	02:57:00	4166.86	4166.86	4166.15	4166.41	323	0	12
2026.10.07	02:58:00	4166.41	4166.62	4165.94	4165.96	221	0	12
2026.10.07	02:59:00	4165.96	4166.46	4165.92	4166.00	220	0	12
2026.10.07	03:00:00	4165.98	4166.48	4163.90	4164.94	509	0	12
2026.10.07	03:01:00	4164.84	4166.11	4164.49	4165.75	507	0	12
2026.10.07	03:02:00	4165.78	4166.79	4165.31	4165.39	419	0	12
2026.10.07	03:03:00	4165.39	4165.60	4164.95	4164.98	326	0	12
2026.10.07	03:04:00	4164.98	4165.15	4163.88	4164.17	370	0	12
2026.10.07	03:05:00	4164.18	4165.34	4163.90	4164.14	353	0	12
2026.10.07	03:06:00	4164.14	4164.44	4163.70	4164.08	305	0	12
2026.10.07	03:07:00	4164.08	4164.37	4163.44	4163.75	239	0	12
2026.10.07	03:08:00	4163.75	4164.59	4162.67	4162.67	356	0	12
2026.10.07	03:09:00	4162.67	4163.84	4162.24	4163.42	319	0	12
2026.10.07	03:10:00	4163.42	4165.21	4163.32	4164.00	341	0	12
2026.10.07	03:11:00	4163.86	4166.69	4163.50	4166.58	319	0	12
2026.10.07	03:12:00	4166.56	4169.68	4166.47	4168.76	429	0	12
2026.10.07	03:13:00	4168.77	4168.78	4167.45	4168.21	352	0	12
2026.10.07	03:14:00	4168.20	4169.04	4168.19	4169.04	342	0	12
2026.10.07	03:15:00	4169.06	4169.12	4166.62	4167.16	413	0	12
2026.10.07	03:16:00	4167.17	4169.41	4167.03	4168.89	433	0	12
2026.10.07	03:17:00	4168.87	4169.00	4167.11	4167.89	396	0	12
2026.10.07	03:18:00	4167.82	4167.89	4166.29	4166.45	464	0	12
2026.10.07	03:19:00	4166.46	4166.64	4164.89	4165.68	487	0	12
2026.10.07	03:20:00	4165.68	4165.99	4163.86	4163.90	411	0	12
2026.10.07	03:21:00	4163.89	4164.06	4162.38	4163.13	305	0	12
2026.10.07	03:22:00	4163.14	4163.41	4162.49	4162.50	285	0	12
2026.10.07	03:23:00	4162.50	4163.36	4162.34	4163.21	311	0	12
2026.10.07	03:24:00	4163.21	4163.44	4162.55	4163.04	315	0	12
2026.10.07	03:25:00	4163.03	4163.40	4162.07	4162.37	400	0	12
2026.10.07	03:26:00	4162.34	4162.60	4161.42	4161.99	434	0	12
2026.10.07	03:27:00	4161.99	4162.37	4161.73	4162.14	347	0	12
2026.10.07	03:28:00	4162.15	4162.23	4160.33	4160.76	380	0	12
2026.10.07	03:29:00	4160.76	4161.52	4160.12	4160.21	375	0	12
2026.10.07	03:30:00	4160.20	4160.38	4158.66	4158.85	451	0	12
2026.10.07	03:31:00	4158.85	4159.52	4158.55	4159.20	367	0	12
2026.10.07	03:32:00	4159.21	4159.23	4157.14	4158.06	352	0	12
2026.10.07	03:33:00	4158.07	4158.32	4155.73	4156.33	360	0	12
2026.10.07	03:34:00	4156.31	4156.70	4155.61	4156.70	386	0	12
2026.10.07	03:35:00	4156.90	4157.39	4155.71	4156.93	420	0	12
2026.10.07	03:36:00	4156.93	4158.31	4156.79	4158.22	387	0	12
2026.10.07	03:37:00	4158.22	4159.95	4158.15	4159.87	342	0	12
2026.10.07	03:38:00	4159.88	4160.49	4159.49	4159.87	310	0	12
2026.10.07	03:39:00	4159.87	4161.10	4159.63	4160.93	287	0	12
2026.10.07	03:40:00	4160.93	4161.75	4160.52	4161.51	338	0	12
2026.10.07	03:41:00	4161.49	4162.02	4160.91	4161.23	334	0	12
2026.10.07	03:42:00	4161.23	4161.68	4161.02	4161.21	312	0	12
2026.10.07	03:43:00	4161.22	4162.72	4160.23	4161.79	395	0	12
2026.10.07	03:44:00	4161.77	4162.44	4161.68	4162.43	382	0	12
2026.10.07	03:45:00	4162.41	4162.67	4160.15	4160.32	414	0	12
2026.10.07	03:46:00	4160.32	4160.60	4158.44	4158.46	369	0	12
2026.10.07	03:47:00	4158.46	4158.46	4157.63	4157.76	275	0	12
2026.10.07	03:48:00	4157.76	4159.25	4157.51	4158.73	314	0	12
2026.10.07	03:49:00	4158.72	4158.73	4157.47	4158.19	313	0	12
2026.10.07	03:50:00	4158.20	4158.53	4157.10	4157.98	324	0	12
2026.10.07	03:51:00	4157.97	4157.98	4157.19	4157.91	347	0	12
2026.10.07	03:52:00	4157.92	4158.39	4156.81	4158.27	428	0	12
2026.10.07	03:53:00	4158.26	4158.26	4157.27	4157.41	398	0	12
2026.10.07	03:54:00	4157.41	4158.23	4157.33	4158.04	375	0	12
2026.10.07	03:55:00	4158.01	4158.03	4156.74	4156.92	328	0	12
2026.10.07	03:56:00	4156.91	4157.00	4156.34	4156.61	338	0	12
2026.10.07	03:57:00	4156.59	4156.93	4155.59	4156.93	399	0	12
2026.10.07	03:58:00	4156.93	4157.52	4156.87	4157.13	395	0	12
2026.10.07	03:59:00	4157.13	4157.19	4155.85	4156.27	374	0	12
2026.10.07	04:00:00	4156.26	4156.26	4154.24	4154.31	501	0	12
2026.10.07	04:01:00	4154.31	4155.23	4153.03	4153.05	495	0	12
2026.10.07	04:02:00	4153.05	4154.17	4152.79	4153.34	496	0	12
2026.10.07	04:03:00	4153.36	4153.80	4152.83	4153.08	413	0	12
2026.10.07	04:04:00	4153.08	4153.78	4152.24	4153.78	460	0	12
2026.10.07	04:05:00	4153.79	4153.87	4152.63	4152.88	483	0	12
2026.10.07	04:06:00	4152.89	4154.35	4151.71	4153.14	493	0	12
2026.10.07	04:07:00	4153.13	4153.49	4152.22	4152.78	395	0	12
2026.10.07	04:08:00	4152.78	4153.62	4152.53	4153.38	356	0	12
2026.10.07	04:09:00	4153.39	4153.86	4152.66	4153.53	350	0	12
2026.10.07	04:10:00	4153.51	4153.51	4152.29	4152.78	380	0	12
2026.10.07	04:11:00	4152.78	4153.40	4152.49	4152.90	352	0	12
2026.10.07	04:12:00	4152.90	4154.06	4152.67	4153.33	306	0	12
2026.10.07	04:13:00	4153.31	4153.70	4152.64	4152.77	301	0	12
2026.10.07	04:14:00	4152.78	4153.30	4152.03	4152.14	369	0	12
2026.10.07	04:15:00	4152.11	4152.65	4151.70	4151.96	376	0	12
2026.10.07	04:16:00	4151.96	4153.09	4151.64	4152.54	367	0	12
2026.10.07	04:17:00	4152.54	4152.70	4151.74	4152.30	298	0	12
2026.10.07	04:18:00	4152.29	4152.29	4151.48	4151.70	315	0	12
2026.10.07	04:19:00	4151.68	4152.04	4151.28	4152.04	290	0	12
2026.10.07	04:20:00	4152.04	4152.28	4151.12	4151.14	338	0	12
2026.10.07	04:21:00	4151.13	4151.13	4150.08	4150.13	376	0	12
2026.10.07	04:22:00	4150.11	4150.67	4150.11	4150.34	317	0	12
2026.10.07	04:23:00	4150.34	4150.35	4149.80	4150.01	335	0	12
2026.10.07	04:24:00	4149.97	4150.57	4149.75	4150.55	331	0	12
2026.10.07	04:25:00	4150.55	4151.25	4150.22	4151.18	374	0	12
2026.10.07	04:26:00	4151.17	4152.45	4151.09	4151.91	359	0	12
2026.10.07	04:27:00	4151.91	4152.85	4151.85	4152.47	322	0	12
2026.10.07	04:28:00	4152.48	4152.87	4152.08	4152.68	272	0	12
2026.10.07	04:29:00	4152.66	4152.99	4152.25	4152.33	294	0	12
2026.10.07	04:30:00	4152.33	4154.35	4152.08	4153.90	510	0	12
2026.10.07	04:31:00	4153.90	4154.62	4153.59	4154.59	414	0	12
2026.10.07	04:32:00	4154.58	4154.94	4153.75	4153.99	334	0	12
2026.10.07	04:33:00	4153.99	4154.50	4153.86	4154.19	369	0	12
2026.10.07	04:34:00	4154.19	4154.50	4152.01	4152.39	451	0	12
2026.10.07	04:35:00	4152.39	4153.43	4151.61	4153.07	364	0	12
2026.10.07	04:36:00	4153.07	4153.75	4153.02	4153.61	268	0	12
2026.10.07	04:37:00	4153.60	4154.15	4153.17	4153.54	332	0	12
2026.10.07	04:38:00	4153.56	4153.76	4152.31	4152.99	330	0	12
2026.10.07	04:39:00	4153.00	4154.35	4152.85	4153.64	384	0	12
2026.10.07	04:40:00	4153.64	4154.15	4153.06	4154.09	327	0	12
2026.10.07	04:41:00	4154.07	4154.21	4152.27	4152.33	354	0	12
2026.10.07	04:42:00	4152.34	4152.37	4150.41	4150.94	357	0	12
2026.10.07	04:43:00	4150.95	4150.95	4149.41	4149.47	340	0	12
2026.10.07	04:44:00	4149.48	4151.35	4149.40	4151.17	411	0	12
2026.10.07	04:45:00	4151.19	4151.80	4150.60	4150.68	333	0	12
2026.10.07	04:46:00	4150.68	4150.86	4148.24	4148.47	419	0	12
2026.10.07	04:47:00	4148.48	4149.60	4148.38	4149.54	365	0	12
2026.10.07	04:48:00	4149.52	4150.63	4149.34	4149.59	403	0	12
2026.10.07	04:49:00	4149.61	4150.05	4149.14	4149.68	307	0	12
2026.10.07	04:50:00	4149.67	4149.88	4147.27	4147.66	420	0	12
2026.10.07	04:51:00	4147.67	4148.27	4147.23	4148.20	361	0	12
2026.10.07	04:52:00	4148.21	4148.65	4148.04	4148.26	342	0	12
2026.10.07	04:53:00	4148.26	4148.26	4147.50	4147.71	310	0	12
2026.10.07	04:54:00	4147.71	4147.71	4146.37	4147.24	335	0	12
2026.10.07	04:55:00	4147.23	4148.50	4147.00	4147.90	388	0	12
2026.10.07	04:56:00	4147.90	4148.61	4147.51	4147.76	373	0	12
2026.10.07	04:57:00	4147.76	4148.24	4147.73	4147.83	294	0	12
2026.10.07	04:58:00	4147.84	4148.07	4147.40	4147.56	296	0	12
2026.10.07	04:59:00	4147.57	4147.99	4147.09	4147.29	357	0	12
2026.10.07	05:00:00	4147.29	4147.78	4146.22	4146.52	414	0	12
2026.10.07	05:01:00	4146.51	4146.53	4145.41	4145.53	351	0	12
2026.10.07	05:02:00	4145.52	4146.00	4145.06	4145.36	333	0	12
2026.10.07	05:03:00	4145.41	4145.97	4144.93	4145.24	345	0	12
2026.10.07	05:04:00	4145.22	4145.41	4144.03	4144.90	424	0	12
2026.10.07	05:05:00	4144.90	4144.92	4142.68	4142.88	438	0	12
2026.10.07	05:06:00	4142.89	4143.54	4141.40	4142.03	464	0	12
2026.10.07	05:07:00	4142.03	4142.65	4140.24	4141.52	442	0	12
2026.10.07	05:08:00	4141.55	4144.39	4141.52	4142.79	442	0	12
2026.10.07	05:09:00	4142.93	4143.11	4142.17	4142.81	425	0	12
2026.10.07	05:10:00	4142.81	4143.85	4142.75	4143.54	444	0	12
2026.10.07	05:11:00	4143.55	4144.12	4142.59	4142.73	386	0	12
2026.10.07	05:12:00	4142.73	4143.91	4142.28	4143.83	412	0	12
2026.10.07	05:13:00	4143.83	4144.10	4143.04	4144.06	383	0	12
2026.10.07	05:14:00	4144.06	4144.23	4142.04	4142.79	423	0	12
2026.10.07	05:15:00	4142.80	4143.58	4142.28	4143.56	432	0	12
2026.10.07	05:16:00	4143.56	4144.36	4143.33	4143.54	410	0	12
2026.10.07	05:17:00	4143.54	4144.35	4142.88	4144.29	376	0	12
2026.10.07	05:18:00	4144.29	4144.87	4143.99	4144.16	375	0	12
2026.10.07	05:19:00	4144.16	4144.24	4143.54	4143.54	335	0	12
2026.10.07	05:20:00	4143.55	4143.97	4143.07	4143.75	322	0	12
2026.10.07	05:21:00	4143.76	4144.14	4143.28	4143.29	354	0	12
2026.10.07	05:22:00	4143.31	4143.32	4142.62	4143.12	334	0	12
2026.10.07	05:23:00	4143.13	4144.31	4143.05	4143.85	373	0	12
2026.10.07	05:24:00	4143.86	4144.23	4143.40	4143.49	261	0	12
2026.10.07	05:25:00	4143.48	4145.49	4143.31	4145.48	396	0	12
2026.10.07	05:26:00	4145.48	4145.94	4145.11	4145.55	295	0	12
2026.10.07	05:27:00	4145.54	4145.88	4144.89	4145.71	298	0	12
2026.10.07	05:28:00	4145.72	4146.26	4145.43	4146.21	300	0	12
2026.10.07	05:29:00	4146.22	4147.20	4146.22	4146.98	343	0	12
2026.10.07	05:30:00	4146.98	4147.81	4146.57	4147.71	323	0	12
2026.10.07	05:31:00	4147.71	4147.80	4146.07	4146.71	341	0	12
2026.10.07	05:32:00	4146.72	4147.20	4146.54	4147.10	307	0	12
2026.10.07	05:33:00	4147.10	4148.06	4147.08	4148.02	315	0	12
2026.10.07	05:34:00	4148.02	4148.26	4146.95	4147.81	319	0	12
2026.10.07	05:35:00	4147.80	4148.30	4147.43	4147.82	315	0	12
2026.10.07	05:36:00	4147.81	4147.81	4146.88	4146.96	263	0	12
2026.10.07	05:37:00	4146.96	4146.99	4146.00	4146.22	299	0	12
2026.10.07	05:38:00	4146.20	4146.32	4145.38	4145.62	281	0	12
2026.10.07	05:39:00	4145.62	4146.22	4144.84	4145.76	266	0	12
2026.10.07	05:40:00	4145.81	4146.55	4145.13	4146.28	323	0	12
2026.10.07	05:41:00	4146.29	4146.81	4146.00	4146.59	332	0	12
2026.10.07	05:42:00	4146.59	4147.95	4146.50	4147.58	279	0	12
2026.10.07	05:43:00	4147.52	4148.25	4147.42	4147.50	266	0	12
2026.10.07	05:44:00	4147.50	4147.76	4147.11	4147.47	309	0	12
2026.10.07	05:45:00	4147.53	4149.13	4147.48	4148.22	316	0	12
2026.10.07	05:46:00	4148.22	4148.33	4147.68	4147.94	297	0	12
2026.10.07	05:47:00	4147.95	4148.10	4147.06	4147.20	279	0	12
2026.10.07	05:48:00	4147.20	4147.42	4146.33	4146.48	281	0	12
2026.10.07	05:49:00	4146.48	4146.95	4146.30	4146.47	325	0	12
2026.10.07	05:50:00	4146.49	4147.18	4146.45	4146.68	307	0	12
2026.10.07	05:51:00	4146.67	4146.70	4145.35	4145.95	328	0	12
2026.10.07	05:52:00	4145.95	4146.54	4145.49	4146.43	347	0	12
2026.10.07	05:53:00	4146.45	4146.45	4145.67	4146.10	334	0	12
2026.10.07	05:54:00	4146.11	4146.11	4145.40	4145.53	308	0	12
2026.10.07	05:55:00	4145.53	4145.68	4145.00	4145.00	333	0	12
2026.10.07	05:56:00	4145.01	4145.02	4143.66	4144.04	349	0	12
2026.10.07	05:57:00	4144.06	4144.16	4142.30	4142.59	371	0	12
2026.10.07	05:58:00	4142.59	4142.79	4142.09	4142.41	346	0	12
2026.10.07	05:59:00	4142.41	4142.85	4142.38	4142.66	323	0	12
2026.10.07	06:00:00	4142.69	4142.69	4141.44	4141.93	361	0	12
2026.10.07	06:01:00	4141.89	4142.17	4141.06	4141.21	366	0	12
2026.10.07	06:02:00	4141.19	4142.38	4141.14	4142.33	353	0	12
2026.10.07	06:03:00	4142.35	4142.49	4141.83	4142.27	295	0	12
2026.10.07	06:04:00	4142.27	4142.66	4141.49	4141.58	263	0	12
2026.10.07	06:05:00	4141.57	4141.58	4140.33	4141.09	349	0	12
2026.10.07	06:06:00	4141.09	4141.49	4140.08	4141.32	333	0	12
2026.10.07	06:07:00	4141.32	4142.72	4140.67	4142.30	348	0	12
2026.10.07	06:08:00	4142.34	4142.86	4142.06	4142.82	342	0	12
2026.10.07	06:09:00	4142.84	4143.23	4141.66	4141.66	274	0	12
2026.10.07	06:10:00	4141.65	4141.99	4140.86	4140.87	240	0	12
2026.10.07	06:11:00	4140.86	4141.44	4140.23	4141.05	296	0	12
2026.10.07	06:12:00	4141.06	4141.13	4139.62	4139.76	351	0	12
2026.10.07	06:13:00	4139.75	4140.40	4139.41	4139.53	289	0	12
2026.10.07	06:14:00	4139.53	4140.61	4138.70	4139.77	352	0	12
2026.10.07	06:15:00	4139.77	4140.42	4139.58	4140.01	314	0	12
2026.10.07	06:16:00	4140.02	4140.34	4138.24	4138.62	398	0	12
2026.10.07	06:17:00	4138.75	4139.60	4138.60	4139.30	350	0	12
2026.10.07	06:18:00	4139.30	4140.05	4139.12	4139.82	336	0	12
2026.10.07	06:19:00	4139.82	4139.94	4139.50	4139.76	288	0	12
2026.10.07	06:20:00	4139.69	4140.37	4139.28	4139.63	360	0	12
2026.10.07	06:21:00	4139.63	4140.11	4139.29	4139.54	295	0	12
2026.10.07	06:22:00	4139.53	4139.59	4138.87	4139.50	279	0	12
2026.10.07	06:23:00	4139.48	4139.79	4139.40	4139.46	239	0	12
2026.10.07	06:24:00	4139.46	4139.72	4139.33	4139.38	197	0	12
2026.10.07	06:25:00	4139.38	4142.46	4139.37	4142.46	351	0	12
2026.10.07	06:26:00	4142.47	4143.95	4142.32	4143.69	357	0	12
2026.10.07	06:27:00	4143.70	4144.02	4143.39	4143.45	290	0	12
2026.10.07	06:28:00	4143.43	4143.78	4142.45	4142.70	296	0	12
2026.10.07	06:29:00	4142.70	4142.95	4142.22	4142.60	293	0	12
2026.10.07	06:30:00	4142.61	4143.15	4142.35	4142.70	347	0	12
2026.10.07	06:31:00	4142.71	4143.80	4142.32	4143.51	358	0	12
2026.10.07	06:32:00	4143.52	4144.01	4143.26	4143.43	314	0	12
2026.10.07	06:33:00	4143.44	4144.17	4143.19	4143.74	335	0	12
2026.10.07	06:34:00	4143.74	4144.07	4142.83	4142.97	308	0	12
2026.10.07	06:35:00	4142.96	4143.55	4142.36	4143.27	359	0	12
2026.10.07	06:36:00	4143.40	4143.61	4142.90	4143.06	315	0	12
2026.10.07	06:37:00	4143.06	4143.60	4142.84	4143.45	315	0	12
2026.10.07	06:38:00	4143.46	4144.15	4143.37	4143.95	278	0	12
2026.10.07	06:39:00	4143.94	4144.72	4143.67	4144.28	344	0	12
2026.10.07	06:40:00	4144.28	4144.74	4143.43	4143.91	264	0	12
2026.10.07	06:41:00	4143.92	4144.71	4143.73	4144.37	255	0	12
2026.10.07	06:42:00	4144.36	4144.54	4143.89	4144.20	249	0	12
2026.10.07	06:43:00	4144.20	4146.67	4144.12	4146.62	317	0	12
2026.10.07	06:44:00	4146.63	4146.63	4145.57	4145.66	270	0	12
2026.10.07	06:45:00	4145.67	4146.31	4145.67	4146.04	285	0	12
2026.10.07	06:46:00	4146.05	4146.53	4144.98	4145.02	367	0	12
2026.10.07	06:47:00	4145.02	4145.67	4144.63	4145.26	237	0	12
2026.10.07	06:48:00	4145.26	4146.61	4144.94	4146.29	415	0	12
2026.10.07	06:49:00	4146.29	4148.29	4146.29	4148.21	357	0	12
2026.10.07	06:50:00	4148.22	4148.22	4145.12	4145.12	341	0	12
2026.10.07	06:51:00	4145.15	4145.50	4144.86	4144.86	260	0	12
2026.10.07	06:52:00	4144.86	4145.30	4144.67	4145.21	244	0	12
2026.10.07	06:53:00	4145.21	4145.21	4144.31	4144.34	253	0	12
2026.10.07	06:54:00	4144.34	4144.95	4143.96	4144.67	287	0	12
2026.10.07	06:55:00	4144.67	4145.19	4144.63	4145.01	246	0	12
2026.10.07	06:56:00	4145.01	4145.67	4144.98	4145.67	216	0	12
2026.10.07	06:57:00	4145.67	4145.78	4143.78	4143.87	243	0	12
2026.10.07	06:58:00	4143.88	4144.07	4143.52	4143.98	204	0	12
2026.10.07	06:59:00	4143.99	4144.04	4143.38	4143.45	283	0	12
2026.10.07	07:00:00	4143.46	4143.68	4142.88	4143.66	267	0	12
2026.10.07	07:01:00	4143.71	4144.54	4143.18	4144.50	315	0	12
2026.10.07	07:02:00	4144.52	4144.70	4143.72	4144.22	291	0	12
2026.10.07	07:03:00	4144.22	4144.25	4143.63	4143.85	260	0	12
2026.10.07	07:04:00	4143.86	4143.86	4142.79	4143.04	278	0	12
2026.10.07	07:05:00	4143.05	4143.19	4142.44	4142.84	292	0	12
2026.10.07	07:06:00	4142.86	4143.21	4142.48	4142.72	232	0	12
2026.10.07	07:07:00	4142.73	4142.73	4141.40	4141.96	269	0	12
2026.10.07	07:08:00	4141.96	4142.16	4141.71	4142.01	236	0	12
2026.10.07	07:09:00	4142.03	4142.70	4141.91	4142.57	244	0	12
2026.10.07	07:10:00	4142.56	4143.23	4142.26	4142.51	291	0	12
2026.10.07	07:11:00	4142.52	4143.31	4142.52	4143.00	228	0	12
2026.10.07	07:12:00	4143.00	4143.15	4142.78	4143.12	169	0	12
2026.10.07	07:13:00	4143.13	4143.83	4143.05	4143.40	260	0	12
2026.10.07	07:14:00	4143.39	4143.61	4142.34	4142.59	221	0	12
2026.10.07	07:15:00	4142.59	4142.95	4142.34	4142.72	212	0	12
2026.10.07	07:16:00	4142.73	4142.74	4141.42	4141.42	283	0	12
2026.10.07	07:17:00	4141.42	4141.90	4141.05	4141.71	250	0	12
2026.10.07	07:18:00	4141.71	4141.74	4141.38	4141.60	204	0	12
2026.10.07	07:19:00	4141.60	4141.75	4141.35	4141.40	193	0	12
2026.10.07	07:20:00	4141.41	4141.90	4140.65	4141.47	326	0	12
2026.10.07	07:21:00	4141.48	4142.50	4141.44	4142.43	246	0	12
2026.10.07	07:22:00	4142.43	4142.85	4142.38	4142.49	228	0	12
2026.10.07	07:23:00	4142.48	4142.65	4142.34	4142.52	155	0	12
2026.10.07	07:24:00	4142.52	4142.58	4142.30	4142.32	176	0	12
2026.10.07	07:25:00	4142.32	4143.04	4142.10	4142.88	276	0	12
2026.10.07	07:26:00	4142.88	4143.12	4142.70	4142.93	234	0	12
2026.10.07	07:27:00	4142.93	4142.93	4142.08	4142.38	270	0	12
2026.10.07	07:28:00	4142.37	4142.51	4141.90	4142.14	199	0	12
2026.10.07	07:29:00	4142.14	4142.44	4141.79	4142.14	276	0	12
2026.10.07	07:30:00	4142.16	4142.42	4141.79	4141.79	177	0	12
2026.10.07	07:31:00	4141.80	4141.98	4140.89	4140.92	254	0	12
2026.10.07	07:32:00	4140.93	4140.96	4139.62	4140.21	306	0	12
2026.10.07	07:33:00	4140.21	4140.30	4139.56	4139.59	243	0	12
2026.10.07	07:34:00	4139.59	4140.42	4139.54	4139.59	269	0	12
2026.10.07	07:35:00	4139.59	4139.81	4138.63	4138.95	279	0	12
2026.10.07	07:36:00	4138.95	4139.03	4138.59	4138.90	283	0	12
2026.10.07	07:37:00	4138.90	4138.90	4138.61	4138.82	180	0	12
2026.10.07	07:38:00	4138.82	4139.58	4138.82	4139.39	265	0	12
2026.10.07	07:39:00	4139.38	4139.61	4139.20	4139.27	195	0	12
2026.10.07	07:40:00	4139.28	4139.28	4138.62	4138.63	176	0	12
2026.10.07	07:41:00	4138.63	4138.83	4138.41	4138.70	239	0	12
2026.10.07	07:42:00	4138.70	4139.10	4138.46	4138.77	198	0	12
2026.10.07	07:43:00	4138.76	4138.86	4137.65	4137.87	255	0	12
2026.10.07	07:44:00	4137.87	4138.07	4136.98	4137.10	282	0	12
2026.10.07	07:45:00	4137.08	4138.40	4136.88	4138.20	258	0	12
2026.10.07	07:46:00	4138.21	4138.65	4137.98	4138.50	196	0	12
2026.10.07	07:47:00	4138.54	4138.91	4138.41	4138.82	202	0	12
2026.10.07	07:48:00	4138.82	4138.82	4138.36	4138.44	152	0	12
2026.10.07	07:49:00	4138.44	4138.74	4137.63	4138.36	261	0	12
2026.10.07	07:50:00	4138.36	4139.31	4138.06	4139.18	324	0	12
2026.10.07	07:51:00	4139.15	4139.15	4138.38	4138.60	320	0	12
2026.10.07	07:52:00	4138.59	4138.68	4137.49	4137.49	268	0	12
2026.10.07	07:53:00	4137.49	4137.92	4136.80	4136.85	296	0	12
2026.10.07	07:54:00	4136.86	4137.98	4136.69	4137.25	296	0	12
2026.10.07	07:55:00	4137.24	4137.77	4136.77	4137.73	223	0	12
2026.10.07	07:56:00	4137.74	4137.79	4136.63	4136.65	259	0	12
2026.10.07	07:57:00	4136.65	4137.12	4136.48	4137.08	236	0	12
2026.10.07	07:58:00	4137.09	4137.31	4136.14	4136.38	315	0	12
2026.10.07	07:59:00	4136.37	4136.40	4134.91	4135.22	339	0	12
2026.10.07	08:00:00	4135.22	4135.53	4134.03	4134.70	367	0	12
2026.10.07	08:01:00	4134.70	4135.23	4134.35	4134.69	315	0	12
2026.10.07	08:02:00	4134.70	4134.71	4133.80	4134.08	339	0	12
2026.10.07	08:03:00	4134.08	4134.44	4133.50	4133.65	262	0	12
2026.10.07	08:04:00	4133.65	4135.30	4133.56	4135.28	356	0	12
2026.10.07	08:05:00	4135.28	4136.92	4135.28	4136.23	331	0	12
2026.10.07	08:06:00	4136.23	4136.60	4136.21	4136.40	281	0	12
2026.10.07	08:07:00	4136.41	4136.77	4135.97	4136.61	322	0	12
2026.10.07	08:08:00	4136.63	4136.65	4134.60	4134.61	336	0	12
2026.10.07	08:09:00	4134.61	4134.88	4134.15	4134.22	288	0	12
2026.10.07	08:10:00	4134.22	4135.04	4133.33	4134.97	450	0	12
2026.10.07	08:11:00	4134.97	4135.30	4134.46	4134.68	254	0	12
2026.10.07	08:12:00	4134.70	4134.73	4134.05	4134.68	361	0	12
2026.10.07	08:13:00	4134.68	4134.75	4134.21	4134.71	230	0	12
2026.10.07	08:14:00	4134.71	4135.14	4134.30	4134.35	331	0	12
2026.10.07	08:15:00	4134.24	4134.37	4133.24	4133.70	323	0	12
2026.10.07	08:16:00	4133.69	4133.78	4133.20	4133.47	311	0	12
2026.10.07	08:17:00	4133.46	4133.46	4132.59	4133.13	371	0	12
2026.10.07	08:18:00	4133.14	4133.71	4132.73	4132.93	320	0	12
2026.10.07	08:19:00	4132.93	4133.39	4132.62	4132.75	248	0	12
2026.10.07	08:20:00	4132.74	4133.27	4132.65	4132.74	253	0	12
2026.10.07	08:21:00	4132.74	4133.15	4131.86	4131.87	311	0	12
2026.10.07	08:22:00	4131.87	4132.15	4131.38	4132.09	281	0	12
2026.10.07	08:23:00	4132.07	4133.27	4132.03	4133.04	305	0	12
2026.10.07	08:24:00	4133.04	4133.17	4132.36	4132.68	246	0	12
2026.10.07	08:25:00	4132.68	4134.24	4132.59	4133.75	327	0	12
2026.10.07	08:26:00	4133.75	4134.35	4133.36	4133.61	319	0	12
2026.10.07	08:27:00	4133.62	4134.03	4133.47	4133.63	275	0	12
2026.10.07	08:28:00	4133.61	4134.32	4133.32	4134.05	243	0	12
2026.10.07	08:29:00	4134.04	4134.12	4133.23	4133.81	239	0	12
2026.10.07	08:30:00	4133.80	4134.04	4132.96	4133.42	342	0	12
2026.10.07	08:31:00	4133.40	4133.41	4132.26	4133.18	292	0	12
2026.10.07	08:32:00	4133.18	4133.59	4133.04	4133.23	278	0	12
2026.10.07	08:33:00	4133.22	4134.02	4132.55	4133.58	306	0	12
2026.10.07	08:34:00	4133.58	4134.23	4133.30	4133.51	341	0	12
2026.10.07	08:35:00	4133.51	4134.81	4133.47	4134.32	288	0	12
2026.10.07	08:36:00	4134.28	4134.90	4133.33	4134.70	341	0	12
2026.10.07	08:37:00	4134.69	4136.24	4134.15	4135.67	318	0	12
2026.10.07	08:38:00	4135.69	4136.97	4135.34	4136.35	323	0	12
2026.10.07	08:39:00	4136.35	4137.12	4135.27	4135.65	308	0	12
2026.10.07	08:40:00	4135.64	4137.19	4135.64	4136.41	276	0	12
2026.10.07	08:41:00	4136.42	4137.19	4136.38	4137.01	294	0	12
2026.10.07	08:42:00	4137.01	4137.05	4136.15	4136.41	340	0	12
2026.10.07	08:43:00	4136.42	4136.99	4136.30	4136.56	365	0	12
2026.10.07	08:44:00	4136.57	4137.04	4136.43	4136.85	286	0	12
2026.10.07	08:45:00	4136.85	4137.50	4135.98	4136.02	395	0	12
2026.10.07	08:46:00	4136.04	4136.09	4135.24	4135.80	401	0	12
2026.10.07	08:47:00	4135.79	4136.60	4135.67	4136.42	344	0	12
2026.10.07	08:48:00	4136.42	4137.55	4136.19	4136.39	415	0	12
2026.10.07	08:49:00	4136.39	4136.90	4136.23	4136.62	300	0	12
2026.10.07	08:50:00	4136.61	4137.58	4136.29	4136.71	264	0	12
2026.10.07	08:51:00	4136.70	4137.15	4136.25	4136.34	303	0	12
2026.10.07	08:52:00	4136.34	4136.88	4136.30	4136.52	320	0	12
2026.10.07	08:53:00	4136.52	4136.61	4135.18	4135.32	348	0	12
2026.10.07	08:54:00	4135.33	4135.52	4133.69	4134.01	327	0	12
2026.10.07	08:55:00	4134.01	4134.46	4131.94	4132.81	390	0	12
2026.10.07	08:56:00	4132.80	4133.21	4132.39	4132.80	338	0	12
2026.10.07	08:57:00	4132.79	4132.81	4131.36	4131.64	390	0	12
2026.10.07	08:58:00	4131.63	4133.35	4131.59	4131.90	426	0	12
2026.10.07	08:59:00	4131.89	4132.20	4128.70	4128.71	362	0	12
2026.10.07	09:00:00	4128.73	4129.72	4128.48	4129.00	490	0	12
2026.10.07	09:01:00	4129.02	4129.30	4127.44	4127.58	527	0	12
2026.10.07	09:02:00	4127.58	4128.12	4126.95	4127.69	483	0	12
2026.10.07	09:03:00	4127.69	4129.31	4127.65	4129.31	413	0	12
2026.10.07	09:04:00	4129.34	4130.61	4128.50	4130.59	437	0	12
2026.10.07	09:05:00	4130.60	4132.65	4130.45	4132.00	418	0	12
2026.10.07	09:06:00	4131.99	4132.13	4131.40	4131.44	355	0	12
2026.10.07	09:07:00	4131.44	4132.22	4131.24	4131.90	399	0	12
2026.10.07	09:08:00	4131.91	4132.65	4131.33	4132.38	425	0	12
2026.10.07	09:09:00	4132.41	4132.75	4132.01	4132.34	300	0	12
2026.10.07	09:10:00	4132.35	4134.31	4132.28	4133.28	348	0	12
2026.10.07	09:11:00	4133.28	4134.09	4132.97	4134.07	338	0	12
2026.10.07	09:12:00	4134.10	4135.54	4134.07	4135.26	373	0	12
2026.10.07	09:13:00	4135.13	4135.28	4133.41	4134.19	366	0	12
2026.10.07	09:14:00	4134.15	4134.40	4133.89	4133.97	301	0	12
2026.10.07	09:15:00	4133.97	4134.28	4133.48	4134.21	341	0	12
2026.10.07	09:16:00	4134.22	4135.27	4133.03	4134.44	422	0	12
2026.10.07	09:17:00	4134.43	4134.52	4133.84	4134.34	206	0	12
2026.10.07	09:18:00	4134.34	4134.44	4132.89	4133.53	362	0	12
2026.10.07	09:19:00	4133.53	4133.97	4133.33	4133.85	314	0	12
2026.10.07	09:20:00	4133.83	4133.85	4133.13	4133.54	300	0	12
2026.10.07	09:21:00	4133.56	4133.79	4132.77	4133.31	297	0	12
2026.10.07	09:22:00	4133.33	4133.36	4131.51	4131.65	382	0	12
2026.10.07	09:23:00	4131.67	4132.01	4130.25	4130.84	356	0	12
2026.10.07	09:24:00	4130.85	4130.89	4129.72	4130.29	331	0	12
2026.10.07	09:25:00	4130.29	4131.01	4129.84	4130.87	347	0	12
2026.10.07	09:26:00	4130.86	4130.86	4129.98	4130.29	357	0	12
2026.10.07	09:27:00	4130.31	4130.99	4130.03	4130.04	374	0	12
2026.10.07	09:28:00	4130.04	4130.87	4130.04	4130.50	343	0	12
2026.10.07	09:29:00	4130.51	4131.49	4130.33	4131.25	414	0	12
2026.10.07	09:30:00	4131.25	4132.33	4131.04	4132.28	471	0	12
2026.10.07	09:31:00	4132.29	4132.52	4130.57	4130.57	398	0	12
2026.10.07	09:32:00	4130.57	4130.98	4129.87	4130.98	435	0	12
2026.10.07	09:33:00	4130.99	4133.69	4130.76	4133.47	430	0	12
2026.10.07	09:34:00	4133.49	4134.02	4132.97	4133.36	419	0	12
2026.10.07	09:35:00	4133.37	4134.77	4133.25	4134.05	389	0	12
2026.10.07	09:36:00	4134.06	4134.06	4131.98	4132.00	339	0	12
2026.10.07	09:37:00	4132.00	4132.44	4131.55	4131.59	275	0	12
2026.10.07	09:38:00	4131.59	4132.28	4131.49	4132.09	404	0	12
2026.10.07	09:39:00	4132.10	4132.62	4131.83	4132.56	341	0	12
2026.10.07	09:40:00	4132.58	4133.63	4132.41	4133.60	315	0	12
2026.10.07	09:41:00	4133.60	4135.03	4133.55	4133.95	345	0	12
2026.10.07	09:42:00	4133.95	4134.16	4133.05	4134.16	284	0	12
2026.10.07	09:43:00	4134.17	4134.37	4133.59	4133.86	358	0	12
2026.10.07	09:44:00	4133.86	4134.03	4133.28	4133.43	321	0	12
2026.10.07	09:45:00	4133.45	4134.80	4133.32	4134.12	316	0	12
2026.10.07	09:46:00	4134.12	4134.67	4133.47	4134.17	310	0	12
2026.10.07	09:47:00	4134.19	4134.48	4133.15	4133.75	348	0	12
2026.10.07	09:48:00	4133.75	4134.44	4133.69	4133.90	346	0	12
2026.10.07	09:49:00	4133.90	4134.89	4133.88	4134.53	290	0	12
2026.10.07	09:50:00	4134.55	4134.67	4133.81	4134.10	260	0	12
2026.10.07	09:51:00	4134.09	4134.33	4133.46	4133.74	306	0	12
2026.10.07	09:52:00	4133.76	4133.80	4133.26	4133.26	274	0	12
2026.10.07	09:53:00	4133.22	4133.37	4132.57	4132.60	275	0	12
2026.10.07	09:54:00	4132.59	4132.63	4132.11	4132.36	309	0	12
2026.10.07	09:55:00	4132.34	4132.55	4131.68	4132.10	322	0	12
2026.10.07	09:56:00	4132.09	4132.11	4131.03	4131.44	326	0	12
2026.10.07	09:57:00	4131.44	4133.07	4131.44	4132.89	374	0	12
2026.10.07	09:58:00	4132.91	4133.72	4131.94	4131.95	398	0	12
2026.10.07	09:59:00	4131.93	4131.94	4130.58	4130.58	337	0	12
2026.10.07	10:00:00	4130.58	4131.40	4130.22	4130.99	523	0	12
2026.10.07	10:01:00	4131.00	4132.53	4130.27	4131.66	477	0	12
2026.10.07	10:02:00	4131.66	4132.42	4130.50	4131.60	452	0	12
2026.10.07	10:03:00	4131.61	4131.94	4130.36	4130.99	462	0	12
2026.10.07	10:04:00	4131.00	4133.84	4130.92	4133.62	452	0	12
2026.10.07	10:05:00	4133.62	4133.66	4133.04	4133.36	428	0	12
2026.10.07	10:06:00	4133.36	4134.04	4132.19	4133.85	418	0	12
2026.10.07	10:07:00	4133.86	4133.90	4132.50	4132.92	345	0	12
2026.10.07	10:08:00	4132.95	4134.82	4132.63	4134.67	435	0	12
2026.10.07	10:09:00	4134.66	4134.69	4133.29	4134.49	420	0	12
2026.10.07	10:10:00	4134.49	4135.12	4134.02	4134.69	431	0	12
2026.10.07	10:11:00	4134.71	4134.82	4132.24	4133.31	381	0	12
2026.10.07	10:12:00	4133.22	4134.58	4132.69	4133.02	416	0	12
2026.10.07	10:13:00	4133.01	4133.62	4132.16	4133.14	372	0	12
2026.10.07	10:14:00	4133.14	4133.29	4131.63	4131.66	352	0	12
2026.10.07	10:15:00	4131.64	4131.86	4130.45	4130.96	430	0	12
2026.10.07	10:16:00	4130.96	4131.08	4129.35	4129.46	445	0	12
2026.10.07	10:17:00	4129.46	4129.67	4128.30	4129.45	407	0	12
2026.10.07	10:18:00	4129.45	4129.65	4128.43	4129.14	362	0	12
2026.10.07	10:19:00	4129.11	4129.79	4128.67	4129.53	415	0	12
2026.10.07	10:20:00	4129.51	4130.92	4129.21	4130.88	435	0	12
2026.10.07	10:21:00	4130.91	4132.41	4130.62	4131.77	433	0	12
2026.10.07	10:22:00	4131.75	4133.90	4131.45	4133.64	440	0	12
2026.10.07	10:23:00	4133.64	4133.65	4132.77	4133.47	342	0	12
2026.10.07	10:24:00	4133.46	4133.96	4132.58	4133.41	424	0	12
2026.10.07	10:25:00	4133.41	4133.93	4133.09	4133.47	443	0	12
2026.10.07	10:26:00	4133.47	4134.71	4133.22	4133.86	437	0	12
2026.10.07	10:27:00	4133.89	4135.45	4133.23	4135.45	429	0	12
2026.10.07	10:28:00	4135.43	4135.65	4133.55	4133.55	455	0	12
2026.10.07	10:29:00	4133.55	4133.76	4132.42	4133.01	395	0	12
2026.10.07	10:30:00	4133.01	4133.93	4132.53	4133.85	407	0	12
2026.10.07	10:31:00	4133.85	4134.16	4132.78	4134.07	481	0	12
2026.10.07	10:32:00	4134.08	4138.07	4134.03	4138.06	419	0	12
2026.10.07	10:33:00	4138.07	4139.51	4137.05	4137.11	498	0	12
2026.10.07	10:34:00	4137.12	4137.69	4136.20	4137.25	447	0	12
2026.10.07	10:35:00	4137.22	4137.73	4135.94	4135.94	430	0	12
2026.10.07	10:36:00	4135.96	4136.68	4135.08	4136.13	412	0	12
2026.10.07	10:37:00	4136.12	4136.91	4135.84	4136.90	376	0	12
2026.10.07	10:38:00	4136.90	4137.56	4134.92	4135.42	444	0	12
2026.10.07	10:39:00	4135.44	4135.73	4134.73	4135.09	449	0	12
2026.10.07	10:40:00	4135.13	4136.19	4134.97	4135.57	374	0	12
2026.10.07	10:41:00	4135.57	4136.65	4135.22	4135.69	395	0	12
2026.10.07	10:42:00	4135.70	4138.34	4135.31	4137.43	450	0	12
2026.10.07	10:43:00	4137.44	4137.98	4136.80	4136.87	425	0	12
2026.10.07	10:44:00	4136.88	4138.14	4136.21	4137.36	444	0	12
2026.10.07	10:45:00	4137.35	4137.38	4136.83	4136.96	375	0	12
2026.10.07	10:46:00	4136.98	4136.98	4135.21	4135.48	352	0	12
2026.10.07	10:47:00	4135.48	4135.48	4133.95	4134.29	370	0	12
2026.10.07	10:48:00	4134.30	4134.86	4133.69	4134.38	388	0	12
2026.10.07	10:49:00	4134.38	4134.38	4133.24	4133.69	432	0	12
2026.10.07	10:50:00	4133.72	4133.88	4133.12	4133.88	373	0	12
2026.10.07	10:51:00	4133.88	4134.99	4131.65	4134.75	521	0	12
2026.10.07	10:52:00	4134.75	4134.82	4133.60	4133.78	487	0	12
2026.10.07	10:53:00	4133.78	4133.78	4131.85	4132.62	564	0	12
2026.10.07	10:54:00	4132.63	4133.59	4132.20	4133.58	512	0	12
2026.10.07	10:55:00	4133.57	4133.57	4131.36	4131.36	510	0	12
2026.10.07	10:56:00	4131.36	4131.76	4130.56	4131.29	528	0	12
2026.10.07	10:57:00	4131.28	4131.61	4128.76	4128.95	586	0	12
2026.10.07	10:58:00	4128.94	4132.18	4128.68	4132.18	531	0	12
2026.10.07	10:59:00	4132.17	4133.51	4131.46	4132.72	487	0	12
2026.10.07	11:00:00	4132.69	4133.38	4131.96	4132.28	504	0	12
2026.10.07	11:01:00	4132.29	4132.48	4128.93	4129.75	498	0	12
2026.10.07	11:02:00	4129.76	4130.96	4128.82	4130.77	468	0	12
2026.10.07	11:03:00	4130.75	4135.23	4130.75	4134.69	473	0	12
2026.10.07	11:04:00	4134.69	4135.65	4134.10	4135.52	452	0	12
2026.10.07	11:05:00	4135.50	4137.02	4134.86	4136.22	495	0	12
2026.10.07	11:06:00	4136.25	4136.58	4135.27	4135.27	465	0	12
2026.10.07	11:07:00	4135.29	4135.49	4133.64	4134.84	449	0	12
2026.10.07	11:08:00	4134.83	4135.53	4134.10	4134.28	433	0	12
2026.10.07	11:09:00	4134.29	4134.66	4132.10	4132.80	459	0	12
2026.10.07	11:10:00	4132.76	4133.29	4131.89	4132.01	442	0	12
2026.10.07	11:11:00	4132.00	4132.02	4130.59	4131.61	448	0	12
2026.10.07	11:12:00	4131.61	4132.48	4130.52	4132.48	442	0	12
2026.10.07	11:13:00	4132.45	4132.70	4131.21	4131.70	407	0	12
2026.10.07	11:14:00	4131.68	4132.65	4131.56	4132.29	381	0	12
2026.10.07	11:15:00	4132.31	4132.43	4130.44	4131.29	387	0	12
2026.10.07	11:16:00	4131.29	4131.29	4128.91	4129.35	455	0	12
2026.10.07	11:17:00	4129.37	4130.83	4128.48	4130.59	480	0	12
2026.10.07	11:18:00	4130.59	4131.11	4129.98	4130.24	414	0	12
2026.10.07	11:19:00	4130.23	4130.31	4129.11	4130.26	408	0	12
2026.10.07	11:20:00	4130.26	4130.86	4129.69	4130.10	430	0	12
2026.10.07	11:21:00	4130.11	4131.01	4130.09	4130.37	475	0	12
2026.10.07	11:22:00	4130.41	4130.86	4129.54	4129.54	403	0	12
2026.10.07	11:23:00	4129.55	4130.73	4128.71	4129.21	422	0	12
2026.10.07	11:24:00	4129.22	4129.24	4126.69	4126.89	456	0	12
2026.10.07	11:25:00	4126.89	4128.09	4124.87	4127.59	542	0	12
2026.10.07	11:26:00	4127.58	4129.06	4127.03	4127.28	484	0	12
2026.10.07	11:27:00	4127.24	4128.90	4126.94	4127.43	440	0	12
2026.10.07	11:28:00	4127.43	4128.26	4126.43	4126.67	443	0	12
2026.10.07	11:29:00	4126.66	4127.08	4125.52	4126.10	502	0	12
2026.10.07	11:30:00	4126.13	4127.47	4124.95	4127.43	491	0	12
2026.10.07	11:31:00	4127.40	4128.71	4127.03	4127.77	441	0	12
2026.10.07	11:32:00	4127.77	4128.94	4127.28	4128.31	418	0	12
2026.10.07	11:33:00	4128.30	4128.79	4127.00	4127.30	370	0	12
2026.10.07	11:34:00	4127.30	4127.95	4126.23	4127.92	381	0	12
2026.10.07	11:35:00	4127.92	4128.65	4127.35	4127.91	397	0	12
2026.10.07	11:36:00	4127.91	4128.11	4126.68	4127.32	368	0	12
2026.10.07	11:37:00	4127.33	4127.80	4126.56	4127.23	376	0	12
2026.10.07	11:38:00	4127.24	4127.57	4126.71	4127.13	370	0	12
2026.10.07	11:39:00	4127.12	4127.92	4127.01	4127.43	343	0	12
2026.10.07	11:40:00	4127.42	4127.46	4125.47	4125.49	364	0	12
2026.10.07	11:41:00	4125.49	4126.57	4125.35	4125.63	373	0	12
2026.10.07	11:42:00	4125.63	4126.12	4124.92	4125.72	285	0	12
2026.10.07	11:43:00	4125.72	4127.04	4125.50	4126.69	331	0	12
2026.10.07	11:44:00	4126.71	4127.70	4126.71	4126.83	331	0	12
2026.10.07	11:45:00	4126.84	4127.02	4126.02	4126.46	330	0	12
2026.10.07	11:46:00	4126.44	4126.93	4125.79	4126.75	395	0	12
2026.10.07	11:47:00	4126.75	4127.63	4126.52	4126.85	346	0	12
2026.10.07	11:48:00	4126.85	4127.34	4125.71	4126.26	341	0	12
2026.10.07	11:49:00	4126.27	4126.62	4125.70	4125.95	321	0	12
2026.10.07	11:50:00	4125.99	4126.25	4124.38	4125.19	385	0	12
2026.10.07	11:51:00	4125.20	4125.61	4124.35	4125.34	428	0	12
2026.10.07	11:52:00	4125.31	4125.84	4125.10	4125.32	362	0	12
2026.10.07	11:53:00	4125.34	4125.39	4124.49	4124.49	350	0	12
2026.10.07	11:54:00	4124.45	4125.43	4124.00	4124.58	381	0	12
2026.10.07	11:55:00	4124.58	4125.81	4124.52	4124.66	405	0	12
2026.10.07	11:56:00	4124.66	4125.29	4124.04	4125.27	312	0	12
2026.10.07	11:57:00	4125.28	4125.44	4124.34	4124.77	337	0	12
2026.10.07	11:58:00	4124.77	4124.87	4122.68	4123.31	386	0	12
2026.10.07	11:59:00	4123.30	4123.96	4122.93	4123.86	353	0	12
2026.10.07	12:00:00	4123.86	4125.27	4123.48	4124.91	422	0	12
2026.10.07	12:01:00	4124.87	4125.29	4124.43	4124.95	427	0	12
2026.10.07	12:02:00	4124.95	4125.83	4124.47	4125.03	383	0	12
2026.10.07	12:03:00	4125.07	4125.08	4123.12	4123.24	369	0	12
2026.10.07	12:04:00	4123.24	4123.58	4122.51	4123.20	379	0	12
2026.10.07	12:05:00	4123.19	4123.79	4122.47	4122.84	368	0	12
2026.10.07	12:06:00	4122.84	4123.29	4120.03	4120.44	450	0	12
2026.10.07	12:07:00	4120.43	4120.48	4119.47	4119.94	381	0	12
2026.10.07	12:08:00	4119.94	4121.75	4119.73	4121.49	365	0	12
2026.10.07	12:09:00	4121.49	4123.51	4121.37	4123.30	454	0	12
2026.10.07	12:10:00	4123.29	4123.50	4122.22	4122.23	418	0	12
2026.10.07	12:11:00	4122.22	4122.71	4122.05	4122.51	392	0	12
2026.10.07	12:12:00	4122.49	4123.37	4122.13	4122.15	432	0	12
2026.10.07	12:13:00	4122.14	4122.83	4121.72	4122.53	358	0	12
2026.10.07	12:14:00	4122.53	4124.09	4122.46	4123.68	350	0	12
2026.10.07	12:15:00	4123.68	4123.92	4122.89	4123.27	396	0	12
2026.10.07	12:16:00	4123.25	4123.37	4121.79	4121.81	358	0	12
2026.10.07	12:17:00	4121.83	4122.98	4121.71	4121.98	404	0	12
2026.10.07	12:18:00	4122.01	4122.54	4121.61	4122.54	404	0	12
2026.10.07	12:19:00	4122.54	4122.87	4121.28	4121.54	396	0	12
2026.10.07	12:20:00	4121.54	4122.03	4121.14	4121.50	382	0	12
2026.10.07	12:21:00	4121.49	4121.51	4120.38	4121.22	356	0	12
2026.10.07	12:22:00	4121.21	4122.05	4120.75	4121.98	393	0	12
2026.10.07	12:23:00	4121.94	4122.16	4121.36	4121.69	412	0	12
2026.10.07	12:24:00	4121.69	4122.23	4121.03	4121.65	378	0	12
2026.10.07	12:25:00	4121.63	4122.32	4121.31	4122.31	391	0	12
2026.10.07	12:26:00	4122.31	4123.10	4122.23	4122.44	375	0	12
2026.10.07	12:27:00	4122.44	4122.91	4121.80	4122.61	367	0	12
2026.10.07	12:28:00	4122.58	4122.58	4121.42	4121.52	394	0	12
2026.10.07	12:29:00	4121.53	4122.06	4120.43	4120.64	396	0	12
2026.10.07	12:30:00	4120.65	4121.27	4119.78	4120.22	458	0	12
2026.10.07	12:31:00	4120.18	4120.32	4118.86	4119.22	435	0	12
2026.10.07	12:32:00	4119.22	4120.59	4118.49	4120.33	436	0	12
2026.10.07	12:33:00	4120.19	4120.75	4119.71	4119.73	359	0	12
2026.10.07	12:34:00	4119.73	4119.85	4118.54	4118.54	371	0	12
2026.10.07	12:35:00	4118.54	4119.58	4118.54	4119.32	390	0	12
2026.10.07	12:36:00	4119.31	4119.75	4118.19	4119.74	342	0	12
2026.10.07	12:37:00	4119.75	4120.94	4119.74	4120.68	333	0	12
2026.10.07	12:38:00	4120.68	4120.72	4119.04	4119.22	319	0	12
2026.10.07	12:39:00	4119.24	4119.74	4118.39	4119.64	382	0	12
2026.10.07	12:40:00	4119.66	4119.96	4118.77	4118.78	369	0	12
2026.10.07	12:41:00	4118.77	4118.81	4117.49	4117.89	386	0	12
2026.10.07	12:42:00	4117.88	4118.23	4117.44	4118.23	368	0	12
2026.10.07	12:43:00	4118.22	4119.41	4117.75	4119.23	289	0	12
2026.10.07	12:44:00	4119.22	4119.90	4119.22	4119.79	384	0	12
2026.10.07	12:45:00	4119.79	4119.82	4118.55	4118.87	331	0	12
2026.10.07	12:46:00	4118.87	4118.87	4117.13	4117.61	362	0	12
2026.10.07	12:47:00	4117.62	4119.42	4117.10	4119.23	360	0	12
2026.10.07	12:48:00	4119.22	4119.51	4118.51	4119.00	297	0	12
2026.10.07	12:49:00	4119.00	4119.19	4118.44	4118.95	336	0	12
2026.10.07	12:50:00	4118.96	4119.03	4118.12	4118.77	370	0	12
2026.10.07	12:51:00	4118.77	4118.95	4118.13	4118.16	323	0	12
2026.10.07	12:52:00	4118.15	4118.81	4117.89	4118.41	373	0	12
2026.10.07	12:53:00	4118.41	4118.67	4117.01	4117.65	378	0	12
2026.10.07	12:54:00	4117.65	4118.86	4117.37	4118.85	370	0	12
2026.10.07	12:55:00	4118.85	4119.73	4117.35	4117.48	362	0	12
2026.10.07	12:56:00	4117.48	4117.70	4116.57	4116.69	342	0	12
2026.10.07	12:57:00	4116.71	4118.32	4116.71	4118.26	388	0	12
2026.10.07	12:58:00	4118.28	4118.77	4118.02	4118.33	370	0	12
2026.10.07	12:59:00	4118.32	4120.23	4118.15	4119.62	502	0	12
2026.10.07	13:00:00	4119.62	4119.72	4117.64	4117.90	528	0	12
2026.10.07	13:01:00	4117.90	4117.96	4116.50	4117.12	392	0	12
2026.10.07	13:02:00	4117.07	4117.34	4116.24	4116.84	385	0	12
2026.10.07	13:03:00	4116.84	4119.44	4116.83	4119.03	428	0	12
2026.10.07	13:04:00	4119.04	4120.23	4118.75	4119.90	395	0	12
2026.10.07	13:05:00	4119.90	4119.93	4117.40	4117.76	408	0	12
2026.10.07	13:06:00	4117.75	4117.91	4116.35	4117.18	403	0	12
2026.10.07	13:07:00	4117.20	4117.60	4115.42	4116.64	459	0	12
2026.10.07	13:08:00	4116.62	4117.05	4115.31	4115.93	499	0	12
2026.10.07	13:09:00	4115.93	4117.51	4115.77	4116.52	410	0	12
2026.10.07	13:10:00	4116.51	4117.25	4116.50	4117.22	353	0	12
2026.10.07	13:11:00	4117.22	4118.19	4116.67	4118.03	328	0	12
2026.10.07	13:12:00	4118.01	4118.01	4115.72	4115.87	305	0	12
2026.10.07	13:13:00	4115.87	4116.00	4115.13	4115.31	308	0	12
2026.10.07	13:14:00	4115.31	4116.41	4115.22	4116.22	366	0	12
2026.10.07	13:15:00	4116.22	4117.11	4115.86	4117.10	370	0	12
2026.10.07	13:16:00	4117.10	4117.31	4115.11	4115.12	411	0	12
2026.10.07	13:17:00	4115.12	4115.77	4114.45	4115.23	362	0	12
2026.10.07	13:18:00	4115.23	4115.61	4114.74	4115.44	303	0	12
2026.10.07	13:19:00	4115.49	4116.28	4115.49	4115.68	323	0	12
2026.10.07	13:20:00	4115.71	4116.46	4113.98	4114.36	395	0	12
2026.10.07	13:21:00	4114.34	4115.49	4114.09	4115.29	385	0	12
2026.10.07	13:22:00	4115.29	4115.62	4114.77	4115.15	354	0	12
2026.10.07	13:23:00	4115.16	4116.19	4114.85	4116.11	349	0	12
2026.10.07	13:24:00	4116.11	4116.64	4115.59	4116.56	339	0	12
2026.10.07	13:25:00	4116.60	4117.79	4116.40	4117.35	405	0	12
2026.10.07	13:26:00	4117.36	4117.55	4116.44	4116.47	418	0	12
2026.10.07	13:27:00	4116.51	4116.90	4115.87	4116.10	379	0	12
2026.10.07	13:28:00	4116.10	4116.53	4115.80	4115.85	310	0	12
2026.10.07	13:29:00	4115.84	4115.92	4114.23	4114.33	370	0	12
2026.10.07	13:30:00	4114.24	4115.22	4111.85	4112.06	420	0	12
2026.10.07	13:31:00	4112.08	4112.21	4110.07	4110.20	474	0	12
2026.10.07	13:32:00	4110.21	4110.54	4109.15	4110.30	468	0	12
2026.10.07	13:33:00	4110.30	4111.30	4110.27	4110.59	401	0	12
2026.10.07	13:34:00	4110.60	4111.23	4109.47	4111.21	429	0	12
2026.10.07	13:35:00	4111.21	4112.78	4111.06	4112.64	389	0	12
2026.10.07	13:36:00	4112.65	4112.75	4111.28	4112.69	396	0	12
2026.10.07	13:37:00	4112.70	4114.82	4112.45	4114.70	381	0	12
2026.10.07	13:38:00	4114.70	4115.66	4114.68	4115.03	369	0	12
2026.10.07	13:39:00	4115.03	4116.39	4114.93	4116.14	327	0	12
2026.10.07	13:40:00	4116.15	4116.20	4115.13	4115.72	319	0	12
2026.10.07	13:41:00	4115.74	4115.90	4114.50	4114.53	335	0	12
2026.10.07	13:42:00	4114.53	4114.70	4112.10	4112.83	441	0	12
2026.10.07	13:43:00	4112.82	4114.21	4112.55	4113.68	497	0	12
2026.10.07	13:44:00	4113.69	4113.90	4112.50	4113.32	457	0	12
2026.10.07	13:45:00	4113.35	4113.71	4112.45	4112.81	432	0	12
2026.10.07	13:46:00	4112.81	4112.85	4110.90	4112.62	492	0	12
2026.10.07	13:47:00	4112.62	4113.69	4112.19	4113.37	397	0	12
2026.10.07	13:48:00	4113.42	4114.25	4113.00	4113.90	384	0	12
2026.10.07	13:49:00	4113.90	4114.24	4113.15	4113.92	361	0	12
2026.10.07	13:50:00	4113.92	4115.87	4113.69	4115.36	383	0	12
2026.10.07	13:51:00	4115.34	4117.33	4115.31	4117.32	409	0	12
2026.10.07	13:52:00	4117.33	4117.54	4116.15	4117.36	369	0	12
2026.10.07	13:53:00	4117.38	4117.57	4116.22	4116.54	320	0	12
2026.10.07	13:54:00	4116.54	4117.93	4116.47	4117.76	384	0	12
2026.10.07	13:55:00	4117.76	4118.26	4117.38	4117.73	386	0	12
2026.10.07	13:56:00	4117.71	4117.94	4116.86	4117.29	371	0	12
2026.10.07	13:57:00	4117.28	4118.53	4117.26	4117.40	346	0	12
2026.10.07	13:58:00	4117.39	4117.90	4116.51	4117.26	378	0	12
2026.10.07	13:59:00	4117.26	4117.39	4116.84	4116.93	322	0	12
2026.10.07	14:00:00	4116.94	4117.57	4116.29	4117.40	504	0	12
2026.10.07	14:01:00	4117.39	4118.46	4117.05	4118.38	411	0	12
2026.10.07	14:02:00	4118.38	4118.75	4117.31	4117.49	411	0	12
2026.10.07	14:03:00	4117.48	4119.03	4117.45	4118.28	392	0	12
2026.10.07	14:04:00	4118.28	4119.05	4118.13	4119.05	417	0	12
2026.10.07	14:05:00	4119.05	4119.64	4118.27	4119.58	417	0	12
2026.10.07	14:06:00	4119.58	4119.98	4119.07	4119.49	394	0	12
2026.10.07	14:07:00	4119.51	4120.09	4119.45	4119.74	383	0	12
2026.10.07	14:08:00	4119.74	4119.88	4119.26	4119.70	370	0	12
2026.10.07	14:09:00	4119.70	4120.13	4119.61	4120.02	323	0	12
2026.10.07	14:10:00	4120.02	4120.24	4119.65	4119.72	354	0	12
2026.10.07	14:11:00	4119.72	4121.42	4119.72	4121.40	354	0	12
2026.10.07	14:12:00	4121.38	4121.68	4120.21	4120.45	398	0	12
2026.10.07	14:13:00	4120.46	4121.28	4120.15	4120.73	349	0	12
2026.10.07	14:14:00	4120.72	4121.00	4119.96	4120.96	303	0	12
2026.10.07	14:15:00	4120.95	4120.98	4119.40	4120.09	345	0	12
2026.10.07	14:16:00	4120.12	4120.18	4118.96	4119.18	326	0	12
2026.10.07	14:17:00	4119.17	4119.56	4118.74	4119.31	321	0	12
2026.10.07	14:18:00	4119.36	4120.29	4119.35	4120.07	317	0	12
2026.10.07	14:19:00	4120.06	4120.98	4119.22	4119.79	305	0	12
2026.10.07	14:20:00	4119.78	4119.95	4119.26	4119.26	299	0	12
2026.10.07	14:21:00	4119.24	4119.66	4118.86	4119.42	323	0	12
2026.10.07	14:22:00	4119.42	4120.07	4119.36	4119.40	342	0	12
2026.10.07	14:23:00	4119.28	4119.82	4119.09	4119.61	359	0	12
2026.10.07	14:24:00	4119.60	4119.64	4118.76	4119.52	301	0	12
2026.10.07	14:25:00	4119.53	4119.87	4117.37	4118.39	445	0	12
2026.10.07	14:26:00	4118.36	4119.22	4117.88	4119.09	454	0	12
2026.10.07	14:27:00	4119.11	4119.54	4118.56	4118.77	404	0	12
2026.10.07	14:28:00	4118.77	4119.51	4118.48	4119.42	391	0	12
2026.10.07	14:29:00	4119.39	4121.79	4119.38	4119.61	458	0	12
2026.10.07	14:30:00	4119.61	4119.62	4117.43	4119.36	601	0	12
2026.10.07	14:31:00	4119.38	4120.25	4117.98	4118.54	585	0	12
2026.10.07	14:32:00	4118.54	4118.66	4117.68	4118.19	546	0	12
2026.10.07	14:33:00	4118.16	4118.95	4117.66	4118.72	416	0	12
2026.10.07	14:34:00	4118.73	4119.94	4118.66	4119.85	403	0	12
2026.10.07	14:35:00	4119.85	4121.34	4119.85	4120.85	364	0	12
2026.10.07	14:36:00	4120.83	4121.16	4119.93	4120.04	415	0	12
2026.10.07	14:37:00	4120.04	4120.67	4119.69	4120.67	356	0	12
2026.10.07	14:38:00	4120.66	4120.80	4118.74	4118.87	375	0	12
2026.10.07	14:39:00	4118.86	4119.43	4117.95	4117.98	388	0	12
2026.10.07	14:40:00	4117.98	4117.98	4116.18	4116.50	419	0	12
2026.10.07	14:41:00	4116.51	4117.61	4116.51	4117.22	345	0	12
2026.10.07	14:42:00	4117.23	4117.67	4116.55	4116.86	341	0	12
2026.10.07	14:43:00	4116.86	4117.29	4116.24	4116.70	434	0	12
2026.10.07	14:44:00	4116.63	4117.77	4116.36	4117.16	416	0	12
2026.10.07	14:45:00	4117.15	4117.26	4116.44	4117.08	343	0	12
2026.10.07	14:46:00	4117.08	4117.08	4115.91	4116.60	377	0	12
2026.10.07	14:47:00	4116.56	4117.13	4115.58	4115.60	385	0	12
2026.10.07	14:48:00	4115.59	4117.46	4115.59	4117.14	421	0	12
2026.10.07	14:49:00	4117.14	4118.00	4116.86	4117.64	405	0	12
2026.10.07	14:50:00	4117.66	4117.83	4115.43	4115.51	421	0	12
2026.10.07	14:51:00	4115.51	4116.25	4115.00	4115.72	420	0	12
2026.10.07	14:52:00	4115.72	4116.06	4115.06	4115.09	377	0	12
2026.10.07	14:53:00	4115.07	4116.59	4115.07	4116.17	393	0	12
2026.10.07	14:54:00	4116.16	4118.43	4116.01	4118.23	449	0	12
2026.10.07	14:55:00	4118.23	4119.69	4117.47	4119.24	481	0	12
2026.10.07	14:56:00	4119.34	4120.25	4118.74	4120.07	494	0	12
2026.10.07	14:57:00	4120.05	4121.62	4119.56	4121.02	450	0	12
2026.10.07	14:58:00	4121.02	4121.80	4119.88	4121.52	491	0	12
2026.10.07	14:59:00	4121.52	4122.43	4120.62	4121.63	513	0	12
2026.10.07	15:00:00	4121.71	4123.70	4121.03	4123.25	556	0	12
2026.10.07	15:01:00	4123.25	4123.70	4121.98	4122.19	476	0	12
2026.10.07	15:02:00	4122.19	4123.03	4121.90	4122.42	444	0	12
2026.10.07	15:03:00	4122.41	4124.32	4122.29	4123.50	445	0	12
2026.10.07	15:04:00	4123.50	4124.00	4122.33	4122.51	436	0	12
2026.10.07	15:05:00	4122.51	4123.36	4122.27	4123.27	452	0	12
2026.10.07	15:06:00	4123.28	4124.24	4123.13	4123.80	436	0	12
2026.10.07	15:07:00	4123.81	4123.83	4123.41	4123.61	458	0	12
2026.10.07	15:08:00	4123.64	4124.19	4123.30	4123.78	399	0	12
2026.10.07	15:09:00	4123.79	4124.07	4122.24	4122.49	437	0	12
2026.10.07	15:10:00	4122.51	4123.20	4121.68	4122.04	448	0	12
2026.10.07	15:11:00	4122.05	4122.21	4120.16	4120.17	468	0	12
2026.10.07	15:12:00	4120.17	4120.45	4119.48	4120.12	427	0	12
2026.10.07	15:13:00	4120.13	4120.58	4119.80	4120.27	435	0	12
2026.10.07	15:14:00	4120.25	4120.71	4119.46	4119.69	440	0	12
2026.10.07	15:15:00	4119.70	4120.06	4116.36	4116.38	473	0	12
2026.10.07	15:16:00	4116.39	4118.36	4115.70	4118.26	469	0	12
2026.10.07	15:17:00	4118.26	4119.32	4118.26	4118.78	457	0	12
2026.10.07	15:18:00	4118.77	4119.21	4117.43	4117.44	528	0	12
2026.10.07	15:19:00	4117.45	4118.36	4116.97	4118.26	460	0	12
2026.10.07	15:20:00	4118.26	4123.15	4118.16	4121.09	618	0	12
2026.10.07	15:21:00	4121.09	4121.09	4117.08	4117.09	484	0	12
2026.10.07	15:22:00	4117.09	4117.96	4116.38	4116.88	505	0	12
2026.10.07	15:23:00	4116.78	4116.78	4112.91	4113.72	626	0	12
2026.10.07	15:24:00	4113.71	4114.73	4112.04	4112.91	563	0	12
2026.10.07	15:25:00	4112.91	4112.97	4107.30	4107.30	598	0	12
2026.10.07	15:26:00	4107.26	4107.26	4096.04	4096.39	759	0	12
2026.10.07	15:27:00	4096.40	4097.96	4084.49	4086.41	769	0	12
2026.10.07	15:28:00	4086.40	4087.35	4080.47	4080.47	758	0	12
2026.10.07	15:29:00	4080.50	4084.17	4080.14	4080.79	786	0	12
2026.10.07	15:30:00	4080.69	4081.62	4073.38	4075.22	819	0	12
2026.10.07	15:31:00	4075.26	4084.09	4075.26	4084.09	796	0	12
2026.10.07	15:32:00	4084.09	4089.24	4082.47	4088.09	781	0	12
2026.10.07	15:33:00	4088.10	4088.12	4082.77	4082.86	755	0	12
2026.10.07	15:34:00	4082.85	4082.85	4079.67	4080.77	708	0	12
2026.10.07	15:35:00	4080.78	4084.94	4080.03	4083.88	708	0	12
2026.10.07	15:36:00	4083.89	4086.25	4083.23	4084.70	712	0	12
2026.10.07	15:37:00	4084.39	4086.52	4078.87	4080.65	717	0	12
2026.10.07	15:38:00	4080.79	4084.31	4079.12	4083.12	708	0	12
2026.10.07	15:39:00	4083.19	4086.94	4077.52	4077.65	707	0	12
2026.10.07	15:40:00	4077.52	4078.52	4072.76	4073.27	774	0	12
2026.10.07	15:41:00	4073.26	4078.15	4072.55	4077.55	714	0	12
2026.10.07	15:42:00	4077.55	4079.24	4074.63	4079.04	674	0	12
2026.10.07	15:43:00	4079.04	4080.31	4075.99	4076.38	649	0	12
2026.10.07	15:44:00	4076.39	4076.48	4072.00	4072.01	709	0	12
2026.10.07	15:45:00	4072.00	4074.32	4071.32	4072.42	700	0	12
2026.10.07	15:46:00	4072.42	4072.42	4069.05	4069.16	686	0	12
2026.10.07	15:47:00	4069.14	4077.08	4068.58	4077.03	751	0	12
2026.10.07	15:48:00	4077.03	4078.16	4074.31	4076.73	676	0	12
2026.10.07	15:49:00	4076.73	4077.62	4073.71	4074.59	687	0	12
2026.10.07	15:50:00	4074.59	4074.59	4068.39	4068.46	706	0	12
2026.10.07	15:51:00	4068.46	4070.57	4066.49	4070.23	685	0	12
2026.10.07	15:52:00	4070.24	4080.12	4070.22	4080.01	695	0	12
2026.10.07	15:53:00	4080.05	4082.76	4080.01	4082.59	641	0	12
2026.10.07	15:54:00	4082.60	4084.28	4081.07	4081.15	637	0	12
2026.10.07	15:55:00	4081.10	4084.77	4079.90	4084.16	616	0	12
2026.10.07	15:56:00	4084.12	4085.58	4082.16	4085.52	599	0	12
2026.10.07	15:57:00	4085.49	4088.30	4085.49	4088.08	609	0	12
2026.10.07	15:58:00	4088.08	4089.10	4085.07	4086.41	642	0	12
2026.10.07	15:59:00	4086.32	4087.67	4085.16	4087.48	648	0	12
2026.10.07	16:00:00	4087.49	4091.92	4086.95	4091.66	732	0	12
2026.10.07	16:01:00	4091.62	4094.86	4089.05	4091.26	741	0	12
2026.10.07	16:02:00	4091.30	4091.30	4086.90	4089.19	718	0	12
2026.10.07	16:03:00	4089.24	4091.14	4088.95	4089.32	672	0	12
2026.10.07	16:04:00	4089.31	4091.83	4089.31	4089.68	667	0	12
2026.10.07	16:05:00	4089.69	4092.02	4089.49	4090.82	642	0	12
2026.10.07	16:06:00	4090.80	4091.16	4089.18	4090.79	618	0	12
2026.10.07	16:07:00	4090.79	4092.06	4089.78	4090.56	608	0	12
2026.10.07	16:08:00	4090.53	4090.86	4088.06	4089.42	632	0	12
2026.10.07	16:09:00	4089.42	4089.87	4087.16	4088.70	630	0	12
2026.10.07	16:10:00	4088.73	4089.52	4087.23	4088.03	583	0	12
2026.10.07	16:11:00	4087.90	4088.49	4086.78	4088.11	514	0	12
2026.10.07	16:12:00	4088.11	4091.23	4087.78	4089.27	545	0	12
2026.10.07	16:13:00	4089.27	4093.05	4089.22	4092.86	533	0	12
2026.10.07	16:14:00	4092.85	4094.32	4092.40	4094.32	592	0	12
2026.10.07	16:15:00	4094.32	4094.82	4092.66	4093.26	549	0	12
2026.10.07	16:16:00	4093.26	4095.38	4093.05	4094.15	553	0	12
2026.10.07	16:17:00	4094.10	4095.10	4092.97	4095.10	494	0	12
2026.10.07	16:18:00	4095.10	4095.80	4094.36	4095.70	526	0	12
2026.10.07	16:19:00	4095.71	4097.44	4095.70	4096.70	509	0	12
2026.10.07	16:20:00	4096.70	4097.32	4095.15	4097.22	536	0	12
2026.10.07	16:21:00	4097.23	4098.45	4096.30	4096.35	535	0	12
2026.10.07	16:22:00	4096.35	4097.15	4095.91	4095.95	493	0	12
2026.10.07	16:23:00	4095.95	4096.60	4094.47	4096.60	530	0	12
2026.10.07	16:24:00	4096.53	4096.61	4090.99	4090.99	623	0	12
2026.10.07	16:25:00	4091.00	4091.78	4089.62	4089.65	574	0	12
2026.10.07	16:26:00	4089.64	4090.09	4087.89	4088.03	602	0	12
2026.10.07	16:27:00	4088.02	4089.51	4087.69	4089.16	584	0	12
2026.10.07	16:28:00	4089.13	4090.63	4088.58	4090.50	541	0	12
2026.10.07	16:29:00	4090.53	4091.31	4089.97	4090.16	536	0	12
2026.10.07	16:30:00	4090.16	4092.62	4090.04	4091.63	745	0	12
2026.10.07	16:31:00	4091.68	4094.34	4091.43	4092.32	720	0	12
2026.10.07	16:32:00	4091.88	4091.88	4086.26	4086.41	673	0	12
2026.10.07	16:33:00	4086.40	4088.10	4085.95	4086.21	631	0	12
2026.10.07	16:34:00	4086.16	4087.36	4084.56	4086.90	643	0	12
2026.10.07	16:35:00	4086.91	4088.66	4086.33	4086.58	624	0	12
2026.10.07	16:36:00	4086.58	4087.00	4084.53	4086.43	622	0	12
2026.10.07	16:37:00	4086.37	4086.77	4084.61	4085.08	602	0	12
2026.10.07	16:38:00	4085.09	4085.36	4082.42	4083.70	646	0	12
2026.10.07	16:39:00	4083.70	4085.25	4083.03	4083.18	656	0	12
2026.10.07	16:40:00	4083.18	4084.19	4082.59	4083.90	631	0	12
2026.10.07	16:41:00	4083.90	4085.28	4082.57	4084.46	610	0	12
2026.10.07	16:42:00	4084.43	4088.53	4084.29	4088.11	646	0	12
2026.10.07	16:43:00	4088.12	4088.62	4086.89	4088.12	636	0	12
2026.10.07	16:44:00	4088.12	4090.55	4088.00	4089.04	630	0	12
2026.10.07	16:45:00	4089.03	4094.61	4089.03	4094.40	681	0	12
2026.10.07	16:46:00	4094.39	4097.02	4093.09	4093.09	671	0	12
2026.10.07	16:47:00	4093.13	4093.16	4090.40	4091.28	644	0	12
2026.10.07	16:48:00	4091.29	4092.73	4090.88	4091.32	639	0	12
2026.10.07	16:49:00	4091.30	4095.67	4091.10	4093.09	651	0	12
2026.10.07	16:50:00	4093.10	4098.79	4093.08	4097.86	699	0	12
2026.10.07	16:51:00	4097.83	4099.41	4096.91	4097.49	676	0	12
2026.10.07	16:52:00	4097.46	4098.97	4095.43	4097.70	684	0	12
2026.10.07	16:53:00	4097.74	4098.58	4095.93	4096.45	681	0	12
2026.10.07	16:54:00	4096.58	4097.25	4095.65	4097.08	673	0	12
2026.10.07	16:55:00	4097.11	4097.66	4095.22	4096.14	676	0	12
2026.10.07	16:56:00	4096.30	4096.63	4092.79	4093.47	678	0	12
2026.10.07	16:57:00	4093.48	4093.50	4090.60	4092.41	648	0	12
2026.10.07	16:58:00	4092.41	4094.88	4092.41	4094.49	632	0	12
2026.10.07	16:59:00	4094.69	4098.32	4094.48	4098.29	607	0	12
2026.10.07	17:00:00	4098.28	4099.78	4097.57	4099.33	726	0	12
2026.10.07	17:01:00	4099.24	4101.23	4098.89	4099.87	654	0	12
2026.10.07	17:02:00	4099.86	4100.13	4094.27	4095.26	687	0	12
2026.10.07	17:03:00	4095.47	4095.87	4094.26	4095.15	697	0	12
2026.10.07	17:04:00	4095.13	4096.40	4094.38	4095.82	669	0	12
2026.10.07	17:05:00	4095.78	4096.44	4093.61	4094.40	600	0	12
2026.10.07	17:06:00	4094.40	4096.08	4093.34	4096.08	571	0	12
2026.10.07	17:07:00	4096.12	4097.41	4095.23	4095.23	592	0	12
2026.10.07	17:08:00	4095.05	4097.09	4094.84	4096.11	528	0	12
2026.10.07	17:09:00	4096.11	4096.18	4094.27	4095.73	542	0	12
2026.10.07	17:10:00	4095.77	4098.08	4095.43	4097.69	599	0	12
2026.10.07	17:11:00	4097.69	4100.04	4096.97	4099.65	545	0	12
2026.10.07	17:12:00	4099.65	4100.30	4098.22	4098.88	554	0	12
2026.10.07	17:13:00	4098.87	4098.88	4096.66	4097.06	563	0	12
2026.10.07	17:14:00	4097.03	4098.43	4097.03	4097.90	527	0	12
2026.10.07	17:15:00	4097.86	4101.08	4097.54	4098.83	601	0	12
2026.10.07	17:16:00	4098.82	4099.93	4097.97	4099.36	545	0	12
2026.10.07	17:17:00	4099.41	4100.34	4098.18	4100.21	556	0	12
2026.10.07	17:18:00	4100.20	4103.72	4100.04	4102.13	588	0	12
2026.10.07	17:19:00	4102.14	4102.85	4097.03	4097.15	564	0	12
2026.10.07	17:20:00	4097.09	4099.04	4095.60	4097.85	607	0	12
2026.10.07	17:21:00	4097.85	4098.23	4095.93	4097.27	565	0	12
2026.10.07	17:22:00	4097.24	4099.45	4096.72	4097.74	549	0	12
2026.10.07	17:23:00	4097.74	4099.87	4097.46	4097.96	578	0	12
2026.10.07	17:24:00	4097.97	4098.36	4096.42	4098.16	528	0	12
2026.10.07	17:25:00	4098.20	4100.03	4097.68	4099.10	583	0	12
2026.10.07	17:26:00	4099.09	4099.41	4096.46	4096.73	544	0	12
2026.10.07	17:27:00	4096.72	4097.52	4095.05	4097.47	550	0	12
2026.10.07	17:28:00	4097.49	4099.40	4097.35	4097.58	568	0	12
2026.10.07	17:29:00	4097.58	4099.55	4097.24	4099.54	557	0	12
2026.10.07	17:30:00	4099.54	4102.42	4098.98	4100.31	669	0	12
2026.10.07	17:31:00	4100.29	4103.91	4100.27	4103.42	640	0	12
2026.10.07	17:32:00	4103.49	4105.93	4102.83	4104.39	597	0	12
2026.10.07	17:33:00	4104.41	4105.75	4102.24	4103.28	624	0	12
2026.10.07	17:34:00	4103.28	4105.81	4102.94	4104.81	570	0	12
2026.10.07	17:35:00	4104.85	4106.49	4101.89	4106.11	621	0	12
2026.10.07	17:36:00	4106.09	4106.47	4103.38	4103.40	588	0	12
2026.10.07	17:37:00	4103.40	4104.87	4101.58	4102.35	547	0	12
2026.10.07	17:38:00	4102.36	4105.03	4102.28	4104.73	545	0	12
2026.10.07	17:39:00	4104.73	4105.81	4103.72	4105.71	531	0	12
2026.10.07	17:40:00	4105.72	4108.76	4105.72	4108.50	599	0	12
2026.10.07	17:41:00	4108.49	4108.51	4105.73	4106.29	547	0	12
2026.10.07	17:42:00	4106.33	4106.64	4103.87	4104.30	555	0	12
2026.10.07	17:43:00	4104.31	4104.84	4102.83	4104.41	560	0	12
2026.10.07	17:44:00	4104.36	4104.69	4102.29	4102.32	581	0	12
2026.10.07	17:45:00	4102.30	4104.88	4102.23	4104.41	578	0	12
2026.10.07	17:46:00	4104.41	4105.44	4104.12	4105.32	525	0	12
2026.10.07	17:47:00	4105.32	4105.56	4103.02	4103.81	546	0	12
2026.10.07	17:48:00	4103.82	4104.48	4103.36	4103.94	485	0	12
2026.10.07	17:49:00	4103.94	4103.95	4102.43	4102.80	479	0	12
2026.10.07	17:50:00	4102.80	4105.11	4102.43	4104.91	570	0	12
2026.10.07	17:51:00	4104.93	4106.82	4104.65	4106.76	525	0	12
2026.10.07	17:52:00	4106.72	4107.43	4105.96	4105.99	505	0	12
2026.10.07	17:53:00	4106.00	4106.50	4105.07	4105.08	501	0	12
2026.10.07	17:54:00	4105.08	4106.14	4103.66	4104.28	507	0	12
2026.10.07	17:55:00	4104.25	4106.48	4103.73	4106.34	509	0	12
2026.10.07	17:56:00	4106.40	4108.39	4106.40	4107.88	529	0	12
2026.10.07	17:57:00	4107.87	4107.99	4104.60	4105.00	565	0	12
2026.10.07	17:58:00	4105.00	4105.30	4103.83	4104.98	501	0	12
2026.10.07	17:59:00	4104.98	4104.98	4102.82	4104.24	499	0	12
2026.10.07	18:00:00	4104.24	4104.46	4101.22	4101.31	641	0	12
2026.10.07	18:01:00	4101.29	4104.43	4100.89	4103.79	574	0	12
2026.10.07	18:02:00	4103.78	4105.34	4103.04	4103.06	524	0	12
2026.10.07	18:03:00	4103.06	4103.06	4099.13	4100.26	582	0	12
2026.10.07	18:04:00	4100.24	4101.12	4100.04	4100.41	512	0	12
2026.10.07	18:05:00	4100.41	4102.75	4100.38	4102.47	548	0	12
2026.10.07	18:06:00	4102.48	4104.08	4101.80	4103.09	510	0	12
2026.10.07	18:07:00	4103.10	4103.72	4102.00	4102.49	509	0	12
2026.10.07	18:08:00	4102.55	4104.79	4101.77	4104.76	523	0	12
2026.10.07	18:09:00	4104.79	4105.39	4103.42	4104.15	504	0	12
2026.10.07	18:10:00	4104.14	4104.71	4102.26	4102.41	524	0	12
2026.10.07	18:11:00	4102.38	4102.77	4101.36	4101.70	450	0	12
2026.10.07	18:12:00	4101.70	4101.92	4099.62	4099.85	487	0	12
2026.10.07	18:13:00	4099.85	4107.99	4099.70	4107.31	750	0	12
2026.10.07	18:14:00	4107.29	4107.88	4103.62	4103.62	692	0	12
2026.10.07	18:15:00	4103.60	4106.88	4103.52	4105.01	614	0	12
2026.10.07	18:16:00	4105.02	4105.04	4101.93	4103.69	576	0	12
2026.10.07	18:17:00	4103.72	4103.75	4101.79	4102.05	608	0	12
2026.10.07	18:18:00	4102.05	4102.06	4099.46	4101.18	553	0	12
2026.10.07	18:19:00	4101.15	4103.66	4100.91	4102.45	569	0	12
2026.10.07	18:20:00	4102.45	4103.43	4102.40	4102.41	509	0	12
2026.10.07	18:21:00	4102.41	4102.78	4099.35	4099.76	516	0	12
2026.10.07	18:22:00	4099.77	4101.04	4098.75	4100.92	538	0	12
2026.10.07	18:23:00	4100.93	4101.11	4099.93	4099.97	486	0	12
2026.10.07	18:24:00	4099.98	4101.97	4099.98	4101.25	502	0	12
2026.10.07	18:25:00	4101.26	4101.30	4099.85	4100.68	507	0	12
2026.10.07	18:26:00	4100.67	4100.86	4099.32	4100.16	539	0	12
2026.10.07	18:27:00	4100.16	4101.13	4100.14	4100.33	518	0	12
2026.10.07	18:28:00	4100.35	4101.88	4099.99	4101.47	477	0	12
2026.10.07	18:29:00	4101.49	4103.44	4100.65	4102.87	544	0	12
2026.10.07	18:30:00	4102.87	4106.25	4102.17	4106.19	550	0	12
2026.10.07	18:31:00	4106.21	4110.37	4106.17	4109.53	601	0	12
2026.10.07	18:32:00	4109.54	4110.44	4106.56	4106.56	606	0	12
2026.10.07	18:33:00	4106.54	4107.68	4106.07	4106.73	511	0	12
2026.10.07	18:34:00	4106.75	4107.83	4105.37	4107.70	527	0	12
2026.10.07	18:35:00	4107.80	4110.11	4107.80	4109.76	528	0	12
2026.10.07	18:36:00	4109.76	4111.51	4108.75	4111.51	479	0	12
2026.10.07	18:37:00	4111.54	4113.19	4111.30	4111.46	498	0	12
2026.10.07	18:38:00	4111.46	4111.48	4109.21	4110.12	541	0	12
2026.10.07	18:39:00	4110.12	4110.46	4108.41	4108.41	445	0	12
2026.10.07	18:40:00	4108.38	4108.91	4107.35	4108.54	467	0	12
2026.10.07	18:41:00	4108.55	4109.33	4107.36	4108.81	504	0	12
2026.10.07	18:42:00	4108.81	4108.83	4107.28	4107.81	419	0	12
2026.10.07	18:43:00	4107.85	4108.55	4107.52	4107.93	458	0	12
2026.10.07	18:44:00	4107.93	4109.01	4107.25	4108.48	433	0	12
2026.10.07	18:45:00	4108.48	4109.69	4108.48	4108.82	423	0	12
2026.10.07	18:46:00	4108.79	4109.25	4107.80	4108.78	456	0	12
2026.10.07	18:47:00	4108.77	4109.08	4106.87	4107.28	385	0	12
2026.10.07	18:48:00	4107.30	4107.35	4106.06	4106.70	404	0	12
2026.10.07	18:49:00	4106.70	4107.02	4105.19	4105.19	454	0	12
2026.10.07	18:50:00	4105.20	4105.89	4105.11	4105.19	373	0	12
2026.10.07	18:51:00	4105.19	4105.78	4103.36	4103.63	447	0	12
2026.10.07	18:52:00	4103.63	4103.63	4102.07	4103.13	458	0	12
2026.10.07	18:53:00	4103.17	4104.00	4102.81	4103.65	396	0	12
2026.10.07	18:54:00	4103.66	4105.14	4103.12	4105.11	399	0	12
2026.10.07	18:55:00	4105.12	4105.90	4104.59	4105.49	423	0	12
2026.10.07	18:56:00	4105.50	4107.14	4105.45	4105.94	351	0	12
2026.10.07	18:57:00	4105.98	4106.98	4105.80	4106.38	446	0	12
2026.10.07	18:58:00	4106.38	4106.61	4105.66	4106.61	393	0	12
2026.10.07	18:59:00	4106.61	4106.67	4105.22	4105.59	437	0	12
2026.10.07	19:00:00	4105.59	4107.11	4105.34	4106.58	468	0	12
2026.10.07	19:01:00	4106.59	4108.37	4102.76	4103.02	610	0	12
2026.10.07	19:02:00	4103.03	4107.08	4102.02	4106.69	653	0	12
2026.10.07	19:03:00	4106.68	4107.93	4106.42	4107.63	560	0	12
2026.10.07	19:04:00	4107.63	4109.80	4106.56	4109.50	479	0	12
2026.10.07	19:05:00	4109.42	4110.34	4108.84	4109.86	492	0	12
2026.10.07	19:06:00	4109.88	4114.55	4109.86	4113.60	558	0	12
2026.10.07	19:07:00	4113.62	4114.62	4111.71	4111.83	523	0	12
2026.10.07	19:08:00	4111.84	4112.16	4110.92	4111.99	475	0	12
2026.10.07	19:09:00	4111.98	4112.88	4111.26	4111.67	422	0	12
2026.10.07	19:10:00	4111.65	4111.93	4110.69	4111.32	466	0	12
2026.10.07	19:11:00	4111.32	4111.48	4110.26	4111.07	357	0	12
2026.10.07	19:12:00	4111.08	4112.10	4110.66	4111.86	418	0	12
2026.10.07	19:13:00	4111.86	4112.31	4111.45	4111.62	376	0	12
2026.10.07	19:14:00	4111.63	4111.66	4109.82	4110.23	393	0	12
2026.10.07	19:15:00	4110.28	4111.27	4110.16	4110.74	351	0	12
2026.10.07	19:16:00	4110.74	4111.51	4110.45	4110.77	426	0	12
2026.10.07	19:17:00	4110.77	4111.71	4109.94	4111.32	451	0	12
2026.10.07	19:18:00	4111.32	4112.20	4110.73	4112.05	391	0	12
2026.10.07	19:19:00	4112.06	4112.82	4111.87	4112.55	386	0	12
2026.10.07	19:20:00	4112.54	4113.19	4112.34	4112.69	370	0	12
2026.10.07	19:21:00	4112.67	4113.15	4112.01	4112.74	415	0	12
2026.10.07	19:22:00	4112.74	4114.28	4112.74	4113.74	470	0	12
2026.10.07	19:23:00	4113.74	4114.41	4113.30	4114.38	359	0	12
2026.10.07	19:24:00	4114.39	4114.62	4112.96	4113.48	388	0	12
2026.10.07	19:25:00	4113.48	4114.34	4113.42	4113.89	338	0	12
2026.10.07	19:26:00	4113.86	4114.11	4112.08	4113.64	412	0	12
2026.10.07	19:27:00	4113.68	4114.05	4112.99	4113.73	356	0	12
2026.10.07	19:28:00	4113.73	4114.62	4113.54	4113.77	351	0	12
2026.10.07	19:29:00	4113.78	4114.46	4113.31	4114.41	399	0	12
2026.10.07	19:30:00	4114.43	4115.12	4113.59	4113.99	432	0	12
2026.10.07	19:31:00	4113.99	4114.09	4113.29	4113.29	382	0	12
2026.10.07	19:32:00	4113.30	4113.98	4112.64	4113.24	348	0	12
2026.10.07	19:33:00	4113.24	4113.81	4112.65	4112.73	333	0	12
2026.10.07	19:34:00	4112.73	4112.91	4111.19	4111.19	340	0	12
2026.10.07	19:35:00	4111.19	4111.49	4109.90	4110.11	364	0	12
2026.10.07	19:36:00	4110.11	4111.24	4109.83	4111.05	404	0	12
2026.10.07	19:37:00	4111.06	4111.85	4110.53	4110.53	382	0	12
2026.10.07	19:38:00	4110.53	4112.34	4110.35	4110.95	427	0	12
2026.10.07	19:39:00	4110.95	4111.55	4109.25	4109.87	367	0	12
2026.10.07	19:40:00	4109.82	4109.82	4107.76	4107.96	457	0	12
2026.10.07	19:41:00	4107.97	4108.50	4107.41	4108.50	427	0	12
2026.10.07	19:42:00	4108.51	4109.37	4107.94	4109.10	352	0	12
2026.10.07	19:43:00	4109.10	4109.38	4107.59	4107.62	400	0	12
2026.10.07	19:44:00	4107.66	4108.84	4107.53	4108.39	390	0	12
2026.10.07	19:45:00	4108.41	4110.07	4108.38	4109.85	381	0	12
2026.10.07	19:46:00	4109.85	4112.30	4109.36	4109.73	518	0	12
2026.10.07	19:47:00	4109.72	4110.14	4109.13	4109.41	428	0	12
2026.10.07	19:48:00	4109.42	4109.43	4108.47	4108.69	347	0	12
2026.10.07	19:49:00	4108.69	4109.17	4107.50	4107.68	416	0	12
2026.10.07	19:50:00	4107.69	4108.65	4107.41	4108.57	399	0	12
2026.10.07	19:51:00	4108.58	4109.31	4108.41	4108.50	381	0	12
2026.10.07	19:52:00	4108.51	4110.16	4108.49	4109.66	379	0	12
2026.10.07	19:53:00	4109.67	4109.79	4108.52	4108.92	342	0	12
2026.10.07	19:54:00	4108.90	4109.72	4108.71	4109.28	330	0	12
2026.10.07	19:55:00	4109.27	4110.06	4109.04	4109.51	337	0	12
2026.10.07	19:56:00	4109.53	4110.24	4109.30	4110.14	330	0	12
2026.10.07	19:57:00	4110.18	4110.99	4109.41	4109.92	393	0	12
2026.10.07	19:58:00	4109.92	4110.03	4108.97	4109.29	286	0	12
2026.10.07	19:59:00	4109.30	4109.86	4109.02	4109.61	298	0	12
2026.10.07	20:00:00	4109.55	4109.88	4108.74	4109.57	415	0	12
2026.10.07	20:01:00	4109.58	4109.62	4108.35	4108.55	353	0	12
2026.10.07	20:02:00	4108.54	4114.68	4108.52	4114.14	752	0	12
2026.10.07	20:03:00	4114.11	4115.57	4111.29	4111.29	581	0	12
2026.10.07	20:04:00	4111.29	4113.47	4111.07	4112.81	511	0	12
2026.10.07	20:05:00	4112.81	4113.17	4112.02	4112.41	451	0	12
2026.10.07	20:06:00	4112.39	4115.34	4111.78	4114.47	511	0	12
2026.10.07	20:07:00	4114.44	4117.22	4113.56	4117.17	477	0	12
2026.10.07	20:08:00	4117.30	4118.51	4116.59	4117.30	576	0	12
2026.10.07	20:09:00	4117.30	4119.38	4116.72	4119.37	536	0	12
2026.10.07	20:10:00	4119.36	4122.50	4118.80	4122.38	572	0	12
2026.10.07	20:11:00	4122.37	4126.95	4121.85	4122.56	638	0	12
2026.10.07	20:12:00	4122.56	4123.28	4120.56	4122.67	538	0	12
2026.10.07	20:13:00	4122.67	4122.67	4119.48	4119.60	513	0	12
2026.10.07	20:14:00	4119.59	4120.68	4118.45	4119.83	489	0	12
2026.10.07	20:15:00	4119.83	4120.79	4118.22	4120.51	526	0	12
2026.10.07	20:16:00	4120.52	4121.58	4120.00	4120.41	473	0	12
2026.10.07	20:17:00	4120.41	4120.46	4118.66	4119.24	434	0	12
2026.10.07	20:18:00	4119.25	4121.16	4119.12	4120.76	410	0	12
2026.10.07	20:19:00	4120.77	4120.99	4119.89	4120.26	436	0	12
2026.10.07	20:20:00	4120.26	4122.91	4120.02	4120.76	528	0	12
2026.10.07	20:21:00	4120.75	4121.38	4119.69	4120.51	498	0	12
2026.10.07	20:22:00	4120.52	4120.75	4120.05	4120.51	398	0	12
2026.10.07	20:23:00	4120.49	4121.09	4118.93	4119.90	460	0	12
2026.10.07	20:24:00	4119.90	4120.07	4118.27	4118.83	563	0	12
2026.10.07	20:25:00	4118.74	4119.14	4116.87	4117.08	448	0	12
2026.10.07	20:26:00	4117.07	4117.47	4115.92	4116.28	414	0	12
2026.10.07	20:27:00	4116.28	4116.86	4114.66	4115.05	502	0	12
2026.10.07	20:28:00	4115.06	4116.72	4113.89	4116.29	480	0	12
2026.10.07	20:29:00	4116.29	4116.29	4113.93	4114.12	509	0	12
2026.10.07	20:30:00	4114.13	4116.65	4113.36	4116.48	465	0	12
2026.10.07	20:31:00	4116.47	4116.98	4115.21	4115.37	449	0	12
2026.10.07	20:32:00	4115.39	4115.44	4113.54	4114.06	404	0	12
2026.10.07	20:33:00	4114.07	4115.10	4113.84	4114.39	401	0	12
2026.10.07	20:34:00	4114.38	4114.83	4113.68	4114.70	376	0	12
2026.10.07	20:35:00	4114.70	4115.70	4114.06	4115.14	418	0	12
2026.10.07	20:36:00	4115.16	4115.38	4113.74	4114.89	362	0	12
2026.10.07	20:37:00	4114.89	4115.05	4112.97	4114.00	335	0	12
2026.10.07	20:38:00	4113.99	4114.00	4112.56	4113.15	363	0	12
2026.10.07	20:39:00	4113.14	4113.62	4112.48	4112.76	357	0	12
2026.10.07	20:40:00	4112.79	4112.83	4111.42	4112.47	381	0	12
2026.10.07	20:41:00	4112.47	4112.78	4111.59	4111.64	371	0	12
2026.10.07	20:42:00	4111.65	4112.97	4111.56	4111.61	405	0	12
2026.10.07	20:43:00	4111.61	4112.00	4111.09	4111.77	354	0	12
2026.10.07	20:44:00	4111.76	4111.78	4111.13	4111.69	334	0	12
2026.10.07	20:45:00	4111.69	4112.37	4111.40	4111.92	374	0	12
2026.10.07	20:46:00	4111.92	4114.12	4111.92	4113.81	398	0	12
2026.10.07	20:47:00	4113.79	4115.38	4113.56	4114.06	505	0	12
2026.10.07	20:48:00	4114.06	4114.35	4112.14	4112.37	407	0	12
2026.10.07	20:49:00	4112.34	4112.70	4111.88	4111.88	399	0	12
2026.10.07	20:50:00	4111.89	4112.40	4111.07	4111.50	440	0	12
2026.10.07	20:51:00	4111.51	4111.88	4111.07	4111.79	417	0	12
2026.10.07	20:52:00	4111.79	4111.81	4110.27	4110.27	378	0	12
2026.10.07	20:53:00	4110.24	4110.57	4109.42	4110.11	345	0	12
2026.10.07	20:54:00	4110.11	4110.59	4109.45	4109.66	371	0	12
2026.10.07	20:55:00	4109.66	4109.93	4109.13	4109.25	425	0	12
2026.10.07	20:56:00	4109.25	4109.59	4108.58	4108.97	390	0	12
2026.10.07	20:57:00	4108.97	4109.71	4108.94	4109.41	286	0	12
2026.10.07	20:58:00	4109.42	4110.01	4109.34	4110.01	257	0	12
2026.10.07	20:59:00	4110.03	4110.58	4110.03	4110.10	280	0	12
2026.10.07	21:00:00	4110.10	4110.47	4109.29	4110.33	355	0	12
2026.10.07	21:01:00	4110.35	4110.41	4108.95	4109.69	373	0	12
2026.10.07	21:02:00	4109.70	4111.28	4109.38	4110.81	358	0	12
2026.10.07	21:03:00	4110.80	4111.50	4110.27	4110.60	265	0	12
2026.10.07	21:04:00	4110.60	4115.07	4110.59	4114.92	470	0	12
2026.10.07	21:05:00	4114.93	4119.94	4114.82	4117.67	646	0	12
2026.10.07	21:06:00	4117.67	4118.16	4116.58	4116.74	502	0	12
2026.10.07	21:07:00	4116.72	4116.72	4115.32	4116.52	428	0	12
2026.10.07	21:08:00	4116.51	4116.52	4115.08	4115.08	377	0	12
2026.10.07	21:09:00	4115.10	4115.20	4113.53	4114.82	443	0	12
2026.10.07	21:10:00	4114.79	4114.86	4113.24	4113.78	490	0	12
2026.10.07	21:11:00	4113.71	4114.33	4113.12	4113.99	423	0	12
2026.10.07	21:12:00	4114.03	4114.22	4113.06	4114.14	394	0	12
2026.10.07	21:13:00	4114.14	4114.47	4113.26	4113.57	360	0	12
2026.10.07	21:14:00	4113.56	4113.87	4112.90	4113.18	360	0	12
2026.10.07	21:15:00	4113.17	4113.58	4112.16	4112.62	408	0	12
2026.10.07	21:16:00	4112.62	4113.06	4112.35	4112.65	332	0	12
2026.10.07	21:17:00	4112.65	4113.25	4112.16	4112.75	320	0	12
2026.10.07	21:18:00	4112.77	4112.77	4111.74	4111.90	345	0	12
2026.10.07	21:19:00	4111.89	4113.65	4111.73	4113.17	395	0	12
2026.10.07	21:20:00	4113.17	4113.17	4112.15	4112.18	393	0	12
2026.10.07	21:21:00	4112.18	4112.37	4111.91	4112.17	349	0	12
2026.10.07	21:22:00	4112.17	4112.92	4111.35	4111.42	350	0	12
2026.10.07	21:23:00	4111.43	4111.64	4110.89	4110.90	334	0	12
2026.10.07	21:24:00	4110.90	4111.58	4110.32	4111.05	372	0	12
2026.10.07	21:25:00	4111.05	4111.40	4110.18	4110.23	356	0	12
2026.10.07	21:26:00	4110.23	4111.56	4110.21	4111.53	355	0	12
2026.10.07	21:27:00	4111.54	4112.25	4110.44	4111.30	413	0	12
2026.10.07	21:28:00	4111.31	4112.71	4111.31	4111.65	482	0	12
2026.10.07	21:29:00	4111.67	4111.71	4110.88	4111.62	463	0	12
2026.10.07	21:30:00	4111.62	4112.05	4110.37	4110.59	370	0	12
2026.10.07	21:31:00	4110.59	4110.82	4109.89	4110.56	377	0	12
2026.10.07	21:32:00	4110.56	4110.97	4110.28	4110.55	301	0	12
2026.10.07	21:33:00	4110.53	4111.18	4110.46	4110.65	308	0	12
2026.10.07	21:34:00	4110.65	4110.85	4110.20	4110.61	281	0	12
2026.10.07	21:35:00	4110.61	4111.99	4109.47	4111.42	337	0	12
2026.10.07	21:36:00	4111.40	4111.63	4110.39	4111.14	355	0	12
2026.10.07	21:37:00	4111.14	4111.71	4110.41	4110.45	359	0	12
2026.10.07	21:38:00	4110.45	4110.46	4107.16	4107.81	407	0	12
2026.10.07	21:39:00	4107.80	4108.97	4107.76	4108.51	325	0	12
2026.10.07	21:40:00	4108.50	4110.45	4108.50	4110.44	353	0	12
2026.10.07	21:41:00	4110.43	4110.73	4109.54	4109.74	384	0	12
2026.10.07	21:42:00	4109.76	4110.99	4109.58	4110.34	350	0	12
2026.10.07	21:43:00	4110.36	4111.98	4110.09	4110.32	351	0	12
2026.10.07	21:44:00	4110.32	4111.03	4109.92	4109.95	390	0	12
2026.10.07	21:45:00	4109.96	4110.14	4109.21	4109.42	332	0	12
2026.10.07	21:46:00	4109.42	4110.43	4108.75	4109.14	385	0	12
2026.10.07	21:47:00	4109.14	4109.96	4109.02	4109.75	309	0	12
2026.10.07	21:48:00	4109.75	4111.27	4109.68	4111.01	369	0	12
2026.10.07	21:49:00	4111.01	4111.97	4111.00	4111.80	366	0	12
2026.10.07	21:50:00	4111.80	4113.19	4111.30	4111.77	374	0	12
2026.10.07	21:51:00	4111.78	4112.07	4111.40	4112.02	299	0	12
2026.10.07	21:52:00	4112.01	4112.52	4111.46	4112.52	292	0	12
2026.10.07	21:53:00	4112.52	4112.53	4111.06	4111.50	319	0	12
2026.10.07	21:54:00	4111.50	4111.55	4110.45	4110.72	282	0	12
2026.10.07	21:55:00	4110.70	4111.46	4110.70	4110.98	334	0	12
2026.10.07	21:56:00	4110.96	4111.43	4110.76	4111.07	340	0	12
2026.10.07	21:57:00	4111.08	4111.28	4109.82	4109.97	308	0	12
2026.10.07	21:58:00	4109.96	4110.09	4109.08	4109.44	257	0	12
2026.10.07	21:59:00	4109.43	4109.77	4108.98	4109.07	289	0	12
2026.10.07	22:00:00	4109.07	4110.12	4108.54	4109.98	353	0	12
2026.10.07	22:01:00	4109.99	4110.38	4109.56	4110.37	284	0	12
2026.10.07	22:02:00	4110.38	4110.49	4107.89	4108.35	401	0	12
2026.10.07	22:03:00	4108.32	4108.90	4105.97	4106.11	556	0	12
2026.10.07	22:04:00	4106.07	4107.58	4105.73	4107.52	570	0	12
2026.10.07	22:05:00	4107.52	4108.87	4107.21	4108.47	450	0	12
2026.10.07	22:06:00	4108.45	4108.46	4104.23	4105.13	596	0	12
2026.10.07	22:07:00	4105.16	4106.04	4104.56	4104.79	551	0	12
2026.10.07	22:08:00	4104.79	4105.76	4102.99	4105.74	501	0	12
2026.10.07	22:09:00	4105.74	4106.71	4104.72	4104.91	432	0	12
2026.10.07	22:10:00	4104.88	4106.40	4104.86	4106.02	422	0	12
2026.10.07	22:11:00	4106.01	4106.86	4105.84	4106.15	425	0	12
2026.10.07	22:12:00	4106.15	4107.84	4106.08	4107.45	370	0	12
2026.10.07	22:13:00	4107.45	4107.88	4107.05	4107.44	341	0	12
2026.10.07	22:14:00	4107.44	4108.44	4106.85	4107.21	334	0	12
2026.10.07	22:15:00	4107.21	4107.38	4105.89	4107.35	380	0	12
2026.10.07	22:16:00	4107.30	4109.05	4107.28	4108.83	384	0	12
2026.10.07	22:17:00	4108.83	4108.88	4107.82	4108.56	384	0	12
2026.10.07	22:18:00	4108.56	4108.74	4107.91	4108.59	344	0	12
2026.10.07	22:19:00	4108.56	4109.06	4108.25	4109.06	382	0	12
2026.10.07	22:20:00	4109.05	4109.76	4108.24	4108.38	356	0	12
2026.10.07	22:21:00	4108.39	4109.03	4108.37	4108.78	290	0	12
2026.10.07	22:22:00	4108.78	4108.84	4107.82	4108.45	342	0	12
2026.10.07	22:23:00	4108.46	4109.03	4108.21	4109.02	287	0	12
2026.10.07	22:24:00	4109.02	4109.28	4108.34	4108.44	333	0	12
2026.10.07	22:25:00	4108.44	4108.53	4107.17	4107.30	289	0	12
2026.10.07	22:26:00	4107.32	4107.40	4106.45	4107.31	311	0	12
2026.10.07	22:27:00	4107.32	4107.39	4106.95	4107.32	251	0	12
2026.10.07	22:28:00	4107.32	4107.47	4106.76	4106.79	294	0	12
2026.10.07	22:29:00	4106.80	4107.07	4106.47	4106.65	265	0	12
2026.10.07	22:30:00	4106.67	4107.55	4106.53	4107.33	347	0	12
2026.10.07	22:31:00	4107.34	4107.47	4105.72	4106.34	350	0	12
2026.10.07	22:32:00	4106.42	4107.30	4106.32	4106.33	368	0	12
2026.10.07	22:33:00	4106.34	4106.65	4105.67	4106.46	262	0	12
2026.10.07	22:34:00	4106.46	4106.85	4106.25	4106.55	308	0	12
2026.10.07	22:35:00	4106.56	4106.58	4105.48	4105.76	419	0	12
2026.10.07	22:36:00	4105.75	4106.24	4105.53	4105.64	310	0	12
2026.10.07	22:37:00	4105.60	4106.15	4105.38	4105.87	355	0	12
2026.10.07	22:38:00	4105.87	4106.59	4105.27	4106.22	343	0	12
2026.10.07	22:39:00	4106.22	4106.46	4105.71	4105.76	281	0	12
2026.10.07	22:40:00	4105.82	4106.99	4105.10	4105.30	312	0	12
2026.10.07	22:41:00	4105.30	4105.49	4104.76	4105.00	313	0	12
2026.10.07	22:42:00	4105.01	4105.86	4104.83	4105.80	281	0	12
2026.10.07	22:43:00	4105.79	4105.79	4104.94	4104.96	326	0	12
2026.10.07	22:44:00	4104.95	4105.17	4104.06	4104.43	310	0	12
2026.10.07	22:45:00	4104.44	4104.57	4103.06	4103.74	340	0	12
2026.10.07	22:46:00	4103.75	4104.09	4103.16	4103.30	312	0	12
2026.10.07	22:47:00	4103.32	4103.97	4102.54	4103.20	345	0	12
2026.10.07	22:48:00	4103.20	4103.20	4101.73	4102.57	364	0	12
2026.10.07	22:49:00	4102.57	4103.43	4102.56	4102.81	245	0	12
2026.10.07	22:50:00	4102.82	4103.45	4102.12	4102.51	420	0	12
2026.10.07	22:51:00	4102.50	4103.11	4101.86	4101.90	364	0	12
2026.10.07	22:52:00	4101.90	4102.56	4101.49	4102.00	355	0	12
2026.10.07	22:53:00	4101.99	4102.42	4100.98	4102.36	316	0	12
2026.10.07	22:54:00	4102.36	4102.88	4101.16	4101.21	398	0	12
2026.10.07	22:55:00	4101.24	4102.18	4101.23	4101.47	465	0	12
2026.10.07	22:56:00	4101.49	4102.68	4101.48	4102.15	423	0	12
2026.10.07	22:57:00	4102.15	4102.26	4100.70	4100.78	429	0	12
2026.10.07	22:58:00	4100.78	4101.13	4100.27	4100.74	447	0	12
2026.10.07	22:59:00	4100.74	4101.34	4100.61	4101.00	573	0	12
2026.10.07	23:00:00	4100.99	4104.18	4100.66	4103.78	423	0	12
2026.10.07	23:01:00	4103.77	4104.35	4102.86	4103.43	341	0	12
2026.10.07	23:02:00	4103.42	4103.44	4102.29	4103.20	269	0	12
2026.10.07	23:03:00	4103.21	4103.66	4102.83	4103.04	248	0	12
2026.10.07	23:04:00	4103.06	4103.72	4103.02	4103.49	193	0	12
2026.10.07	23:05:00	4103.48	4104.39	4103.19	4103.96	294	0	12
2026.10.07	23:06:00	4103.96	4104.67	4103.90	4104.50	281	0	12
2026.10.07	23:07:00	4104.51	4105.18	4104.03	4104.92	218	0	12
2026.10.07	23:08:00	4104.93	4105.33	4104.79	4104.95	177	0	12
2026.10.07	23:09:00	4104.94	4105.00	4104.38	4104.54	205	0	12
2026.10.07	23:10:00	4104.54	4104.78	4104.28	4104.56	164	0	12
2026.10.07	23:11:00	4104.56	4105.74	4104.34	4105.67	175	0	12
2026.10.07	23:12:00	4105.67	4106.26	4104.99	4106.23	213	0	12
2026.10.07	23:13:00	4106.22	4106.95	4105.76	4106.52	244	0	12
2026.10.07	23:14:00	4106.52	4106.56	4106.15	4106.41	173	0	12
2026.10.07	23:15:00	4106.41	4107.64	4106.07	4107.28	208	0	12
2026.10.07	23:16:00	4107.27	4107.82	4106.99	4107.57	183	0	12
2026.10.07	23:17:00	4107.57	4107.99	4107.39	4107.89	195	0	12
2026.10.07	23:18:00	4107.89	4107.95	4107.47	4107.58	200	0	12
2026.10.07	23:19:00	4107.58	4108.12	4107.56	4107.82	174	0	12
2026.10.07	23:20:00	4107.82	4108.36	4107.75	4108.32	147	0	12
2026.10.07	23:21:00	4108.32	4109.03	4108.16	4108.99	144	0	12
2026.10.07	23:22:00	4109.07	4110.28	4109.07	4110.14	206	0	12
2026.10.07	23:23:00	4110.12	4110.46	4109.67	4109.75	166	0	12
2026.10.07	23:24:00	4109.75	4110.01	4109.56	4109.74	162	0	12
2026.10.07	23:25:00	4109.73	4111.36	4109.69	4111.30	204	0	12
2026.10.07	23:26:00	4111.30	4111.95	4111.01	4111.87	229	0	12
2026.10.07	23:27:00	4111.87	4111.95	4111.45	4111.89	171	0	12
2026.10.07	23:28:00	4111.89	4112.00	4111.33	4111.78	212	0	12
2026.10.07	23:29:00	4111.74	4113.00	4111.74	4112.38	219	0	12
2026.10.07	23:30:00	4112.35	4113.16	4112.08	4113.16	221	0	17
2026.10.07	23:31:00	4113.16	4113.25	4111.67	4111.67	179	0	17
2026.10.07	23:32:00	4111.66	4111.79	4111.33	4111.35	152	0	17
2026.10.07	23:33:00	4111.29	4111.29	4110.02	4110.07	180	0	17
2026.10.07	23:34:00	4110.06	4110.37	4109.55	4109.55	178	0	17
2026.10.07	23:35:00	4109.56	4109.72	4109.08	4109.29	201	0	17
2026.10.07	23:36:00	4109.29	4110.14	4109.29	4109.93	193	0	17
2026.10.07	23:37:00	4109.94	4110.58	4109.85	4110.17	197	0	17
2026.10.07	23:38:00	4110.18	4110.21	4109.60	4109.60	155	0	17
2026.10.07	23:39:00	4109.61	4109.61	4109.02	4109.49	124	0	17
2026.10.07	23:40:00	4109.49	4109.61	4109.36	4109.47	184	0	17
2026.10.07	23:41:00	4109.47	4109.58	4108.29	4108.46	157	0	17
2026.10.07	23:42:00	4108.46	4108.58	4107.86	4108.56	135	0	17
2026.10.07	23:43:00	4108.56	4109.04	4108.55	4108.89	111	0	17
2026.10.07	23:44:00	4108.86	4108.98	4108.41	4108.90	139	0	17
2026.10.07	23:45:00	4108.90	4109.13	4108.45	4108.63	165	0	17
2026.10.07	23:46:00	4108.64	4108.97	4108.55	4108.95	137	0	17
2026.10.07	23:47:00	4108.95	4109.01	4108.55	4108.90	108	0	17
2026.10.07	23:48:00	4108.91	4109.43	4108.79	4108.80	133	0	17
2026.10.07	23:49:00	4108.80	4109.47	4108.79	4109.32	113	0	17
2026.10.07	23:50:00	4109.37	4110.81	4108.22	4108.22	269	0	17
2026.10.07	23:51:00	4108.23	4108.23	4107.09	4107.13	203	0	17
2026.10.07	23:52:00	4107.12	4107.15	4106.31	4106.37	154	0	17
2026.10.07	23:53:00	4106.38	4106.79	4105.72	4106.69	180	0	17
2026.10.07	23:54:00	4106.69	4107.18	4106.53	4106.93	158	0	17
2026.10.07	23:55:00	4106.93	4109.41	4106.93	4109.09	291	0	17
2026.10.07	23:56:00	4109.07	4110.03	4109.07	4110.03	197	0	17
2026.10.07	23:57:00	4110.03	4110.31	4109.38	4109.56	227	0	17
2026.10.08	01:00:00	4114.01	4116.28	4114.01	4114.83	268	0	17
2026.10.08	01:01:00	4114.83	4115.13	4113.79	4114.61	175	0	17
2026.10.08	01:02:00	4114.61	4114.80	4114.01	4114.64	190	0	17
2026.10.08	01:03:00	4114.61	4114.61	4113.95	4114.22	152	0	17
2026.10.08	01:04:00	4114.22	4114.36	4112.44	4112.54	334	0	17
2026.10.08	01:05:00	4112.53	4112.69	4111.39	4111.63	353	0	17
2026.10.08	01:06:00	4111.63	4111.89	4110.72	4110.73	275	0	17
2026.10.08	01:07:00	4110.73	4111.24	4109.65	4109.95	281	0	17
2026.10.08	01:08:00	4109.95	4110.03	4109.33	4109.67	243	0	17
2026.10.08	01:09:00	4109.66	4110.49	4109.60	4109.98	214	0	17
2026.10.08	01:10:00	4109.98	4110.93	4109.77	4110.49	280	0	17
2026.10.08	01:11:00	4110.49	4110.98	4109.51	4110.81	266	0	17
2026.10.08	01:12:00	4110.82	4110.87	4109.56	4109.84	241	0	17
2026.10.08	01:13:00	4109.84	4109.88	4109.03	4109.03	255	0	17
2026.10.08	01:14:00	4109.01	4109.32	4108.14	4108.17	323	0	17
2026.10.08	01:15:00	4108.18	4108.84	4108.07	4108.34	198	0	17
2026.10.08	01:16:00	4108.33	4108.55	4107.93	4107.96	191	0	17
2026.10.08	01:17:00	4107.96	4108.80	4107.91	4108.27	208	0	17
2026.10.08	01:18:00	4108.28	4108.60	4108.28	4108.41	145	0	17
2026.10.08	01:19:00	4108.40	4108.48	4107.81	4107.82	161	0	17
2026.10.08	01:20:00	4107.83	4107.84	4106.50	4106.53	248	0	17
2026.10.08	01:21:00	4106.54	4106.76	4106.09	4106.54	191	0	17
2026.10.08	01:22:00	4106.55	4106.75	4105.90	4106.75	144	0	17
2026.10.08	01:23:00	4106.78	4106.83	4106.20	4106.27	152	0	17
2026.10.08	01:24:00	4106.28	4106.41	4105.47	4105.71	153	0	17
2026.10.08	01:25:00	4105.67	4105.71	4104.93	4105.23	187	0	17
2026.10.08	01:26:00	4105.23	4105.28	4104.82	4104.85	148	0	17
2026.10.08	01:27:00	4104.85	4105.08	4104.78	4104.85	154	0	17
2026.10.08	01:28:00	4104.84	4105.18	4103.33	4104.07	194	0	17
2026.10.08	01:29:00	4104.45	4105.83	4104.34	4105.76	218	0	17
2026.10.08	01:30:00	4105.76	4106.45	4105.64	4106.23	261	0	12
2026.10.08	01:31:00	4106.23	4106.55	4105.96	4106.12	206	0	12
2026.10.08	01:32:00	4106.14	4106.29	4105.65	4105.89	148	0	12
2026.10.08	01:33:00	4105.90	4106.20	4104.99	4105.07	172	0	12
2026.10.08	01:34:00	4105.06	4105.20	4104.45	4104.87	209	0	12
2026.10.08	01:35:00	4104.87	4105.43	4103.77	4104.13	183	0	12
2026.10.08	01:36:00	4104.12	4104.34	4103.83	4104.08	146	0	12
2026.10.08	01:37:00	4104.03	4104.46	4103.82	4103.96	163	0	12
2026.10.08	01:38:00	4103.97	4104.49	4103.94	4104.06	129	0	12
2026.10.08	01:39:00	4104.05	4104.31	4104.05	4104.28	102	0	12
2026.10.08	01:40:00	4104.28	4104.83	4104.21	4104.82	151	0	12
2026.10.08	01:41:00	4104.83	4104.95	4104.43	4104.58	155	0	12
2026.10.08	01:42:00	4104.59	4104.76	4104.53	4104.59	89	0	12
2026.10.08	01:43:00	4104.60	4105.09	4104.60	4104.78	163	0	12
2026.10.08	01:44:00	4104.79	4105.09	4104.78	4105.09	91	0	12
2026.10.08	01:45:00	4105.08	4105.25	4104.88	4105.00	195	0	12
2026.10.08	01:46:00	4104.99	4105.27	4104.99	4105.08	89	0	12
2026.10.08	01:47:00	4105.08	4105.39	4105.08	4105.23	89	0	12
2026.10.08	01:48:00	4105.23	4105.84	4105.23	4105.71	142	0	12
2026.10.08	01:49:00	4105.69	4105.83	4105.48	4105.80	144	0	12
2026.10.08	01:50:00	4105.79	4106.62	4105.65	4106.59	157	0	12
2026.10.08	01:51:00	4106.55	4106.57	4106.17	4106.44	132	0	12
2026.10.08	01:52:00	4106.45	4106.74	4106.16	4106.70	104	0	12
2026.10.08	01:53:00	4106.66	4106.71	4106.20	4106.31	167	0	12
2026.10.08	01:54:00	4106.30	4106.41	4105.87	4105.91	111	0	12
2026.10.08	01:55:00	4105.91	4105.97	4105.30	4105.64	171	0	12
2026.10.08	01:56:00	4105.66	4105.67	4105.01	4105.13	165	0	12
2026.10.08	01:57:00	4105.13	4105.89	4105.07	4105.84	141	0	12
2026.10.08	01:58:00	4105.83	4105.98	4105.30	4105.53	163	0	12
2026.10.08	01:59:00	4105.52	4106.64	4105.52	4106.54	140	0	12
2026.10.08	02:00:00	4106.54	4107.50	4106.16	4106.94	258	0	12
2026.10.08	02:01:00	4106.93	4107.48	4106.89	4107.15	189	0	12
2026.10.08	02:02:00	4107.15	4107.57	4107.03	4107.44	100	0	12
2026.10.08	02:03:00	4107.44	4108.20	4107.10	4108.17	206	0	12
2026.10.08	02:04:00	4108.17	4109.83	4108.10	4109.49	274	0	12
2026.10.08	02:05:00	4109.49	4109.57	4108.42	4108.49	194	0	12
2026.10.08	02:06:00	4108.49	4108.92	4108.49	4108.67	156	0	12
2026.10.08	02:07:00	4108.64	4108.65	4106.78	4108.06	262	0	12
2026.10.08	02:08:00	4108.07	4109.82	4107.95	4109.28	263	0	12
2026.10.08	02:09:00	4109.29	4109.64	4108.83	4109.43	243	0	12
2026.10.08	02:10:00	4109.44	4109.69	4109.28	4109.31	163	0	12
2026.10.08	02:11:00	4109.30	4109.52	4108.91	4109.38	204	0	12
2026.10.08	02:12:00	4109.37	4109.75	4109.23	4109.31	153	0	12
2026.10.08	02:13:00	4109.31	4109.57	4109.18	4109.50	107	0	12
2026.10.08	02:14:00	4109.51	4109.57	4109.26	4109.51	130	0	12
2026.10.08	02:15:00	4109.51	4110.74	4109.33	4110.67	187	0	12
2026.10.08	02:16:00	4110.67	4110.94	4110.10	4110.30	209	0	12
2026.10.08	02:17:00	4110.33	4110.82	4110.29	4110.72	165	0	12
2026.10.08	02:18:00	4110.72	4111.25	4110.72	4110.95	127	0	12
2026.10.08	02:19:00	4110.96	4111.10	4110.91	4110.96	109	0	12
2026.10.08	02:20:00	4110.96	4111.19	4110.69	4110.90	175	0	12
2026.10.08	02:21:00	4110.92	4111.79	4110.74	4111.30	249	0	12
2026.10.08	02:22:00	4111.34	4111.88	4110.65	4110.76	250	0	12
2026.10.08	02:23:00	4110.76	4111.32	4109.37	4109.90	325	0	12
2026.10.08	02:24:00	4109.87	4110.45	4108.79	4110.18	265	0	12
2026.10.08	02:25:00	4110.19	4110.43	4109.44	4109.61	206	0	12
2026.10.08	02:26:00	4109.62	4110.09	4109.56	4110.04	118	0	12
2026.10.08	02:27:00	4110.04	4111.02	4109.58	4109.70	181	0	12
2026.10.08	02:28:00	4109.70	4110.59	4109.13	4109.14	223	0	12
2026.10.08	02:29:00	4109.13	4109.43	4107.96	4108.62	225	0	12
2026.10.08	02:30:00	4108.62	4108.90	4107.98	4108.86	167	0	12
2026.10.08	02:31:00	4108.85	4109.68	4108.37	4109.11	259	0	12
2026.10.08	02:32:00	4109.14	4109.51	4108.90	4109.32	204	0	12
2026.10.08	02:33:00	4109.32	4111.97	4109.28	4111.70	287	0	12
2026.10.08	02:34:00	4111.70	4112.61	4110.36	4111.35	374	0	12
2026.10.08	02:35:00	4111.38	4112.17	4111.23	4112.03	178	0	12
2026.10.08	02:36:00	4112.04	4113.65	4111.96	4113.57	296	0	12
2026.10.08	02:37:00	4113.56	4113.86	4112.15	4113.86	329	0	12
2026.10.08	02:38:00	4113.86	4114.27	4113.46	4114.27	205	0	12
2026.10.08	02:39:00	4114.27	4114.28	4112.73	4112.77	186	0	12
2026.10.08	02:40:00	4112.76	4113.38	4112.60	4112.84	207	0	12
2026.10.08	02:41:00	4112.84	4112.95	4112.51	4112.93	192	0	12
2026.10.08	02:42:00	4112.98	4113.66	4112.79	4113.05	171	0	12
2026.10.08	02:43:00	4113.08	4113.11	4112.45	4112.53	170	0	12
2026.10.08	02:44:00	4112.53	4112.75	4111.78	4112.08	187	0	12
2026.10.08	02:45:00	4112.09	4112.19	4111.06	4111.93	344	0	12
2026.10.08	02:46:00	4111.93	4111.94	4111.23	4111.27	246	0	12
2026.10.08	02:47:00	4111.28	4111.67	4110.51	4110.53	231	0	12
2026.10.08	02:48:00	4110.52	4110.87	4110.32	4110.68	217	0	12
2026.10.08	02:49:00	4110.68	4111.09	4110.10	4110.31	227	0	12
2026.10.08	02:50:00	4110.30	4110.76	4110.13	4110.59	215	0	12
2026.10.08	02:51:00	4110.60	4110.60	4109.32	4109.84	227	0	12
2026.10.08	02:52:00	4109.83	4109.97	4109.06	4109.12	217	0	12
2026.10.08	02:53:00	4109.13	4110.24	4109.13	4109.64	253	0	12
2026.10.08	02:54:00	4109.64	4109.64	4108.43	4109.05	237	0	12
2026.10.08	02:55:00	4109.04	4109.62	4108.35	4109.61	283	0	12
2026.10.08	02:56:00	4109.61	4110.19	4109.15	4109.25	228	0	12
2026.10.08	02:57:00	4109.25	4109.55	4108.55	4109.48	270	0	12
2026.10.08	02:58:00	4109.49	4109.74	4109.25	4109.27	213	0	12
2026.10.08	02:59:00	4109.25	4109.39	4108.12	4108.35	275	0	12
2026.10.08	03:00:00	4108.34	4110.05	4107.91	4109.92	529	0	12
2026.10.08	03:01:00	4109.91	4110.48	4108.84	4109.96	398	0	12
2026.10.08	03:02:00	4109.99	4110.25	4109.29	4110.03	319	0	12
2026.10.08	03:03:00	4110.02	4110.41	4109.66	4110.09	303	0	12
2026.10.08	03:04:00	4110.12	4111.50	4110.07	4111.00	383	0	12
2026.10.08	03:05:00	4110.93	4111.36	4109.26	4109.32	363	0	12
2026.10.08	03:06:00	4109.32	4110.11	4106.86	4108.31	540	0	12
2026.10.08	03:07:00	4108.31	4108.79	4108.05	4108.19	368	0	12
2026.10.08	03:08:00	4108.19	4108.55	4107.16	4107.66	332	0	12
2026.10.08	03:09:00	4107.57	4107.61	4106.79	4106.83	413	0	12
2026.10.08	03:10:00	4106.83	4107.40	4105.67	4106.44	359	0	12
2026.10.08	03:11:00	4106.44	4107.21	4106.04	4106.71	374	0	12
2026.10.08	03:12:00	4106.72	4110.48	4106.42	4110.46	437	0	12
2026.10.08	03:13:00	4110.45	4112.34	4109.02	4109.14	422	0	12
2026.10.08	03:14:00	4109.14	4111.10	4109.14	4110.32	355	0	12
2026.10.08	03:15:00	4110.31	4111.01	4108.67	4109.36	395	0	12
2026.10.08	03:16:00	4109.35	4109.86	4108.66	4109.25	330	0	12
2026.10.08	03:17:00	4109.26	4109.98	4108.76	4109.16	375	0	12
2026.10.08	03:18:00	4109.15	4110.75	4109.11	4109.76	377	0	12
2026.10.08	03:19:00	4109.77	4110.16	4109.14	4109.43	321	0	12
2026.10.08	03:20:00	4109.43	4109.63	4106.81	4108.21	398	0	12
2026.10.08	03:21:00	4108.24	4108.77	4107.07	4107.08	355	0	12
2026.10.08	03:22:00	4107.08	4108.60	4106.77	4107.87	382	0	12
2026.10.08	03:23:00	4107.89	4109.60	4106.06	4109.56	366	0	12
2026.10.08	03:24:00	4109.56	4109.74	4108.11	4109.60	365	0	12
2026.10.08	03:25:00	4109.61	4109.83	4107.83	4108.45	354	0	12
2026.10.08	03:26:00	4108.45	4109.17	4107.19	4108.32	366	0	12
2026.10.08	03:27:00	4108.31	4108.32	4106.39	4106.94	360	0	12
2026.10.08	03:28:00	4106.95	4108.75	4106.44	4108.57	403	0	12
2026.10.08	03:29:00	4108.54	4108.54	4107.12	4107.58	341	0	12
2026.10.08	03:30:00	4107.60	4107.61	4106.23	4106.59	362	0	12
2026.10.08	03:31:00	4106.60	4107.57	4106.20	4106.20	358	0	12
2026.10.08	03:32:00	4106.20	4107.71	4105.74	4107.48	336	0	12
2026.10.08	03:33:00	4107.49	4108.80	4107.44	4108.08	357	0	12
2026.10.08	03:34:00	4108.07	4109.28	4108.07	4108.95	340	0	12
2026.10.08	03:35:00	4108.95	4109.87	4108.66	4109.17	383	0	12
2026.10.08	03:36:00	4109.15	4110.84	4108.68	4110.05	400	0	12
2026.10.08	03:37:00	4110.04	4110.99	4108.39	4109.12	415	0	12
2026.10.08	03:38:00	4109.13	4109.39	4107.69	4107.94	312	0	12
2026.10.08	03:39:00	4107.94	4108.50	4106.05	4107.02	411	0	12
2026.10.08	03:40:00	4107.02	4109.46	4106.96	4107.38	482	0	12
2026.10.08	03:41:00	4107.34	4109.10	4107.26	4108.10	435	0	12
2026.10.08	03:42:00	4108.07	4108.40	4106.37	4106.47	401	0	12
2026.10.08	03:43:00	4106.44	4107.86	4105.52	4105.52	361	0	12
2026.10.08	03:44:00	4105.52	4106.93	4105.52	4106.29	386	0	12
2026.10.08	03:45:00	4106.29	4107.04	4105.80	4106.98	351	0	12
2026.10.08	03:46:00	4106.98	4110.81	4106.96	4110.55	493	0	12
2026.10.08	03:47:00	4110.54	4111.36	4109.32	4110.56	506	0	12
2026.10.08	03:48:00	4110.55	4112.14	4108.85	4111.61	423	0	12
2026.10.08	03:49:00	4111.61	4115.87	4111.54	4115.79	534	0	12
2026.10.08	03:50:00	4115.80	4117.86	4115.55	4115.86	526	0	12
2026.10.08	03:51:00	4115.87	4116.83	4115.38	4115.80	456	0	12
2026.10.08	03:52:00	4115.80	4117.92	4115.34	4117.77	454	0	12
2026.10.08	03:53:00	4117.76	4118.77	4117.33	4118.55	482	0	12
2026.10.08	03:54:00	4118.55	4119.19	4117.52	4117.76	464	0	12
2026.10.08	03:55:00	4117.76	4119.85	4117.70	4119.53	461	0	12
2026.10.08	03:56:00	4119.53	4119.57	4117.57	4117.57	428	0	12
2026.10.08	03:57:00	4117.57	4120.52	4117.54	4120.05	449	0	12
2026.10.08	03:58:00	4120.06	4120.54	4118.21	4118.23	488	0	12
2026.10.08	03:59:00	4118.23	4119.79	4117.14	4117.26	568	0	12
2026.10.08	04:00:00	4117.14	4127.29	4116.31	4124.14	843	0	12
2026.10.08	04:01:00	4123.85	4129.68	4123.79	4128.73	772	0	12
2026.10.08	04:02:00	4128.77	4132.07	4127.67	4131.65	747	0	12
2026.10.08	04:03:00	4131.65	4132.81	4129.46	4130.71	745	0	12
2026.10.08	04:04:00	4130.70	4133.06	4129.51	4129.85	690	0	12
2026.10.08	04:05:00	4129.82	4134.95	4129.77	4133.04	679	0	12
2026.10.08	04:06:00	4133.08	4135.14	4130.82	4131.13	639	0	12
2026.10.08	04:07:00	4131.12	4131.68	4127.64	4128.03	620	0	12
2026.10.08	04:08:00	4127.80	4128.82	4125.16	4127.29	694	0	12
2026.10.08	04:09:00	4127.28	4127.68	4125.97	4126.15	573	0	12
2026.10.08	04:10:00	4126.20	4126.20	4122.79	4123.50	650	0	12
2026.10.08	04:11:00	4123.49	4125.51	4122.96	4125.24	569	0	12
2026.10.08	04:12:00	4125.22	4126.27	4124.71	4125.29	564	0	12
2026.10.08	04:13:00	4125.31	4125.31	4122.65	4122.67	540	0	12
2026.10.08	04:14:00	4122.69	4124.69	4121.31	4121.49	599	0	12
2026.10.08	04:15:00	4121.49	4121.49	4118.87	4119.74	597	0	12
2026.10.08	04:16:00	4119.75	4120.51	4119.00	4120.01	546	0	12
2026.10.08	04:17:00	4120.13	4122.49	4119.85	4120.95	578	0	12
2026.10.08	04:18:00	4120.97	4124.18	4120.92	4122.77	569	0	12
2026.10.08	04:19:00	4122.78	4124.14	4122.05	4123.93	536	0	12
2026.10.08	04:20:00	4123.93	4124.23	4120.97	4121.47	526	0	12
2026.10.08	04:21:00	4121.47	4121.82	4119.95	4120.49	532	0	12
2026.10.08	04:22:00	4120.49	4120.56	4119.09	4119.88	532	0	12
2026.10.08	04:23:00	4119.88	4122.00	4119.27	4121.19	557	0	12
2026.10.08	04:24:00	4121.19	4124.18	4119.70	4123.80	549	0	12
2026.10.08	04:25:00	4123.80	4127.39	4123.80	4127.19	560	0	12
2026.10.08	04:26:00	4127.19	4129.16	4127.19	4128.67	480	0	12
2026.10.08	04:27:00	4128.69	4129.32	4127.03	4127.68	521	0	12
2026.10.08	04:28:00	4127.67	4128.07	4126.25	4127.95	441	0	12
2026.10.08	04:29:00	4127.91	4129.18	4127.62	4128.68	468	0	12
2026.10.08	04:30:00	4128.68	4130.11	4127.66	4127.71	617	0	12
2026.10.08	04:31:00	4127.71	4128.71	4127.39	4127.97	555	0	12
2026.10.08	04:32:00	4128.10	4128.60	4126.83	4128.14	547	0	12
2026.10.08	04:33:00	4128.12	4130.67	4127.94	4130.22	564	0	12
2026.10.08	04:34:00	4130.22	4130.78	4129.07	4129.94	511	0	12
2026.10.08	04:35:00	4129.96	4133.45	4129.86	4133.19	511	0	12
2026.10.08	04:36:00	4133.19	4134.83	4132.71	4133.80	501	0	12
2026.10.08	04:37:00	4133.80	4134.56	4132.40	4132.50	471	0	12
2026.10.08	04:38:00	4132.49	4133.19	4132.26	4132.87	406	0	12
2026.10.08	04:39:00	4132.89	4133.51	4131.98	4133.00	428	0	12
2026.10.08	04:40:00	4133.00	4134.48	4132.87	4133.44	508	0	12
2026.10.08	04:41:00	4133.44	4133.88	4131.89	4132.37	473	0	12
2026.10.08	04:42:00	4132.37	4132.81	4130.89	4131.07	438	0	12
2026.10.08	04:43:00	4131.06	4132.21	4130.77	4131.37	463	0	12
2026.10.08	04:44:00	4131.37	4132.76	4130.75	4132.14	516	0	12
2026.10.08	04:45:00	4132.14	4132.69	4129.13	4129.43	531	0	12
2026.10.08	04:46:00	4129.43	4133.94	4129.36	4133.90	534	0	12
2026.10.08	04:47:00	4133.91	4135.87	4133.73	4134.92	510	0	12
2026.10.08	04:48:00	4134.93	4136.08	4134.02	4136.04	443	0	12
2026.10.08	04:49:00	4136.04	4137.25	4135.00	4137.18	465	0	12
2026.10.08	04:50:00	4137.18	4137.46	4133.70	4133.95	467	0	12
2026.10.08	04:51:00	4133.94	4134.13	4132.83	4133.03	459	0	12
2026.10.08	04:52:00	4132.99	4134.22	4132.95	4134.22	446	0	12
2026.10.08	04:53:00	4134.20	4134.29	4133.18	4133.90	415	0	12
2026.10.08	04:54:00	4133.91	4135.25	4132.70	4133.06	480	0	12
2026.10.08	04:55:00	4133.07	4133.46	4132.00	4132.98	494	0	12
2026.10.08	04:56:00	4132.98	4133.72	4132.77	4132.90	367	0	12
2026.10.08	04:57:00	4132.90	4134.84	4132.89	4134.15	403	0	12
2026.10.08	04:58:00	4134.15	4134.26	4132.60	4132.60	420	0	12
2026.10.08	04:59:00	4132.61	4133.08	4132.10	4132.85	436	0	12
2026.10.08	05:00:00	4132.85	4134.21	4132.38	4134.20	440	0	12
2026.10.08	05:01:00	4134.20	4134.83	4133.77	4134.46	433	0	12
2026.10.08	05:02:00	4134.40	4135.14	4133.71	4134.18	416	0	12
2026.10.08	05:03:00	4134.18	4138.67	4134.17	4137.18	502	0	12
2026.10.08	05:04:00	4137.19	4138.70	4137.16	4138.48	440	0	12
2026.10.08	05:05:00	4138.48	4138.92	4137.54	4138.30	498	0	12
2026.10.08	05:06:00	4138.30	4138.58	4137.74	4138.12	382	0	12
2026.10.08	05:07:00	4138.12	4138.51	4137.20	4137.99	451	0	12
2026.10.08	05:08:00	4138.00	4138.56	4137.52	4138.31	394	0	12
2026.10.08	05:09:00	4138.31	4139.07	4137.71	4138.73	380	0	12
2026.10.08	05:10:00	4138.73	4138.81	4138.20	4138.32	443	0	12
2026.10.08	05:11:00	4138.35	4138.64	4137.78	4138.00	348	0	12
2026.10.08	05:12:00	4137.98	4138.74	4137.54	4138.74	346	0	12
2026.10.08	05:13:00	4138.74	4139.45	4138.56	4138.87	386	0	12
2026.10.08	05:14:00	4138.87	4139.22	4138.12	4138.47	355	0	12
2026.10.08	05:15:00	4138.46	4138.96	4138.13	4138.88	318	0	12
2026.10.08	05:16:00	4138.90	4140.22	4138.28	4138.45	398	0	12
2026.10.08	05:17:00	4138.47	4139.50	4138.18	4139.38	288	0	12
2026.10.08	05:18:00	4139.38	4139.87	4138.58	4139.58	292	0	12
2026.10.08	05:19:00	4139.58	4139.74	4139.03	4139.15	269	0	12
2026.10.08	05:20:00	4139.16	4139.31	4138.43	4138.79	274	0	12
2026.10.08	05:21:00	4138.78	4138.80	4137.19	4137.94	297	0	12
2026.10.08	05:22:00	4137.91	4138.32	4137.68	4137.94	326	0	12
2026.10.08	05:23:00	4137.94	4137.94	4136.82	4136.99	301	0	12
2026.10.08	05:24:00	4136.95	4137.59	4135.79	4137.00	448	0	12
2026.10.08	05:25:00	4136.99	4137.41	4136.28	4137.40	341	0	12
2026.10.08	05:26:00	4137.40	4138.86	4136.93	4137.09	373	0	12
2026.10.08	05:27:00	4137.09	4138.90	4136.81	4138.71	295	0	12
2026.10.08	05:28:00	4138.71	4138.80	4137.76	4137.85	276	0	12
2026.10.08	05:29:00	4137.85	4137.85	4136.91	4137.21	281	0	12
2026.10.08	05:30:00	4137.19	4137.43	4135.96	4136.82	525	0	12
2026.10.08	05:31:00	4136.81	4138.03	4136.14	4137.48	403	0	12
2026.10.08	05:32:00	4137.48	4139.43	4137.48	4138.84	438	0	12
2026.10.08	05:33:00	4138.84	4141.50	4138.73	4140.74	488	0	12
2026.10.08	05:34:00	4140.72	4142.82	4140.60	4142.52	410	0	12
2026.10.08	05:35:00	4142.51	4142.78	4140.45	4140.45	456	0	12
2026.10.08	05:36:00	4140.45	4141.96	4140.45	4141.39	406	0	12
2026.10.08	05:37:00	4141.36	4142.51	4140.93	4141.97	447	0	12
2026.10.08	05:38:00	4141.97	4142.00	4141.28	4141.30	394	0	12
2026.10.08	05:39:00	4141.30	4141.42	4139.20	4140.28	497	0	12
2026.10.08	05:40:00	4140.28	4140.62	4138.53	4138.58	441	0	12
2026.10.08	05:41:00	4138.52	4138.99	4137.66	4138.96	464	0	12
2026.10.08	05:42:00	4138.96	4141.62	4138.89	4141.28	456	0	12
2026.10.08	05:43:00	4141.27	4142.18	4140.73	4141.77	398	0	12
2026.10.08	05:44:00	4141.78	4143.31	4141.55	4143.02	438	0	12
2026.10.08	05:45:00	4143.02	4143.20	4140.94	4141.00	412	0	12
2026.10.08	05:46:00	4141.01	4141.99	4140.92	4141.48	421	0	12
2026.10.08	05:47:00	4141.47	4141.55	4139.77	4139.96	427	0	12
2026.10.08	05:48:00	4139.95	4140.29	4139.26	4139.56	426	0	12
2026.10.08	05:49:00	4139.56	4139.69	4137.54	4137.54	493	0	12
2026.10.08	05:50:00	4137.54	4137.80	4136.44	4136.58	467	0	12
2026.10.08	05:51:00	4136.57	4136.83	4135.26	4136.12	451	0	12
2026.10.08	05:52:00	4136.13	4136.13	4134.04	4134.05	473	0	12
2026.10.08	05:53:00	4134.04	4134.17	4132.79	4134.01	469	0	12
2026.10.08	05:54:00	4134.03	4134.20	4132.87	4132.94	393	0	12
2026.10.08	05:55:00	4132.93	4133.81	4131.92	4132.93	483	0	12
2026.10.08	05:56:00	4132.91	4133.10	4132.09	4132.93	405	0	12
2026.10.08	05:57:00	4132.93	4133.05	4132.13	4132.45	396	0	12
2026.10.08	05:58:00	4132.46	4133.55	4132.15	4133.05	388	0	12
2026.10.08	05:59:00	4133.04	4133.53	4132.30	4133.37	433	0	12
2026.10.08	06:00:00	4133.36	4135.59	4133.13	4135.02	448	0	12
2026.10.08	06:01:00	4135.02	4135.07	4133.70	4133.79	452	0	12
2026.10.08	06:02:00	4133.78	4135.13	4133.49	4133.58	383	0	12
2026.10.08	06:03:00	4133.58	4135.41	4133.49	4134.54	367	0	12
2026.10.08	06:04:00	4134.56	4135.06	4133.43	4133.53	439	0	12
2026.10.08	06:05:00	4133.53	4133.98	4133.24	4133.33	407	0	12
2026.10.08	06:06:00	4133.33	4133.41	4132.29	4133.19	445	0	12
2026.10.08	06:07:00	4133.19	4133.69	4132.13	4133.02	359	0	12
2026.10.08	06:08:00	4133.01	4133.19	4131.98	4132.41	398	0	12
2026.10.08	06:09:00	4132.41	4132.61	4130.72	4130.80	422	0	12
2026.10.08	06:10:00	4130.80	4131.04	4129.53	4129.67	507	0	12
2026.10.08	06:11:00	4129.68	4130.09	4128.79	4128.88	496	0	12
2026.10.08	06:12:00	4128.88	4130.31	4128.79	4129.88	487	0	12
2026.10.08	06:13:00	4129.89	4131.05	4129.29	4130.29	374	0	12
2026.10.08	06:14:00	4130.06	4130.56	4128.47	4129.17	433	0	12
2026.10.08	06:15:00	4129.18	4130.02	4129.10	4129.43	388	0	12
2026.10.08	06:16:00	4129.43	4130.28	4129.19	4130.26	407	0	12
2026.10.08	06:17:00	4130.26	4130.28	4129.02	4129.92	396	0	12
2026.10.08	06:18:00	4129.91	4132.09	4129.78	4132.07	457	0	12
2026.10.08	06:19:00	4132.03	4132.05	4131.05	4131.29	456	0	12
2026.10.08	06:20:00	4131.28	4132.72	4131.07	4132.72	390	0	12
2026.10.08	06:21:00	4132.72	4134.42	4132.50	4133.52	457	0	12
2026.10.08	06:22:00	4133.53	4134.97	4133.49	4134.86	365	0	12
2026.10.08	06:23:00	4134.86	4137.15	4134.84	4136.68	381	0	12
2026.10.08	06:24:00	4136.69	4137.17	4133.19	4133.55	434	0	12
2026.10.08	06:25:00	4133.54	4135.08	4132.84	4132.84	465	0	12
2026.10.08	06:26:00	4132.84	4132.85	4130.93	4132.44	472	0	12
2026.10.08	06:27:00	4132.43	4132.97	4132.11	4132.19	411	0	12
2026.10.08	06:28:00	4132.19	4134.11	4132.14	4134.04	418	0	12
2026.10.08	06:29:00	4134.01	4135.20	4134.01	4135.02	437	0	12
2026.10.08	06:30:00	4134.95	4135.95	4134.54	4135.90	358	0	12
2026.10.08	06:31:00	4135.85	4136.39	4135.57	4136.15	296	0	12
2026.10.08	06:32:00	4136.15	4136.85	4135.07	4135.31	332	0	12
2026.10.08	06:33:00	4135.30	4135.34	4133.63	4134.03	310	0	12
2026.10.08	06:34:00	4134.01	4134.68	4133.80	4134.51	308	0	12
2026.10.08	06:35:00	4134.51	4135.52	4134.48	4135.51	273	0	12
2026.10.08	06:36:00	4135.51	4136.21	4135.50	4135.66	232	0	12
2026.10.08	06:37:00	4135.66	4136.89	4135.53	4136.89	241	0	12
2026.10.08	06:38:00	4136.89	4137.93	4136.86	4137.89	269	0	12
2026.10.08	06:39:00	4137.89	4138.40	4137.70	4138.09	334	0	12
2026.10.08	06:40:00	4138.09	4138.42	4137.36	4137.52	258	0	12
2026.10.08	06:41:00	4137.52	4137.69	4136.21	4137.34	315	0	12
2026.10.08	06:42:00	4137.33	4137.86	4135.97	4135.98	306	0	12
2026.10.08	06:43:00	4135.98	4136.96	4135.90	4136.70	301	0	12
2026.10.08	06:44:00	4136.67	4137.44	4136.59	4137.21	248	0	12
2026.10.08	06:45:00	4137.19	4137.84	4136.79	4137.76	286	0	12
2026.10.08	06:46:00	4137.72	4138.83	4137.72	4138.39	298	0	12
2026.10.08	06:47:00	4138.36	4139.29	4138.09	4138.31	265	0	12
2026.10.08	06:48:00	4138.30	4139.41	4138.08	4139.40	182	0	12
2026.10.08	06:49:00	4139.40	4140.06	4139.21	4139.95	298	0	12
2026.10.08	06:50:00	4139.95	4140.06	4139.04	4139.14	334	0	12
2026.10.08	06:51:00	4139.14	4139.35	4137.60	4137.91	285	0	12
2026.10.08	06:52:00	4137.90	4137.91	4137.00	4137.03	308	0	12
2026.10.08	06:53:00	4137.04	4138.06	4136.98	4137.24	343	0	12
2026.10.08	06:54:00	4137.24	4137.77	4137.03	4137.39	331	0	12
2026.10.08	06:55:00	4137.39	4137.67	4135.81	4136.04	357	0	12
2026.10.08	06:56:00	4136.05	4136.32	4135.59	4136.09	287	0	12
2026.10.08	06:57:00	4136.08	4136.16	4135.62	4136.08	229	0	12
2026.10.08	06:58:00	4136.08	4137.11	4135.91	4137.07	283	0	12
2026.10.08	06:59:00	4137.07	4137.24	4136.32	4136.49	283	0	12
2026.10.08	07:00:00	4136.48	4137.65	4136.31	4137.39	357	0	12
2026.10.08	07:01:00	4137.41	4137.97	4137.18	4137.78	270	0	12
2026.10.08	07:02:00	4137.79	4137.88	4137.00	4137.61	231	0	12
2026.10.08	07:03:00	4137.57	4137.62	4136.99	4137.17	239	0	12
2026.10.08	07:04:00	4137.17	4137.96	4136.99	4137.26	260	0	12
2026.10.08	07:05:00	4137.26	4137.99	4137.19	4137.94	217	0	12
2026.10.08	07:06:00	4137.93	4138.88	4137.68	4138.84	244	0	12
2026.10.08	07:07:00	4138.84	4139.01	4138.51	4138.97	249	0	12
2026.10.08	07:08:00	4138.97	4139.56	4138.91	4139.37	228	0	12
2026.10.08	07:09:00	4139.37	4140.51	4139.33	4140.21	256	0	12
2026.10.08	07:10:00	4140.20	4142.02	4139.82	4141.59	329	0	12
2026.10.08	07:11:00	4141.57	4141.83	4139.74	4139.95	312	0	12
2026.10.08	07:12:00	4139.96	4140.02	4139.45	4139.53	265	0	12
2026.10.08	07:13:00	4139.51	4139.58	4138.63	4138.97	341	0	12
2026.10.08	07:14:00	4138.98	4138.98	4136.98	4137.07	302	0	12
2026.10.08	07:15:00	4137.06	4137.41	4136.70	4137.41	234	0	12
2026.10.08	07:16:00	4137.42	4138.07	4137.35	4137.56	201	0	12
2026.10.08	07:17:00	4137.56	4137.63	4136.64	4136.73	219	0	12
2026.10.08	07:18:00	4136.74	4136.82	4136.30	4136.30	210	0	12
2026.10.08	07:19:00	4136.30	4136.78	4136.30	4136.74	226	0	12
2026.10.08	07:20:00	4136.69	4136.71	4134.98	4135.27	337	0	12
2026.10.08	07:21:00	4135.28	4135.51	4134.68	4135.33	352	0	12
2026.10.08	07:22:00	4135.32	4135.32	4134.42	4134.49	221	0	12
2026.10.08	07:23:00	4134.48	4134.48	4133.55	4133.88	282	0	12
2026.10.08	07:24:00	4133.88	4134.10	4133.55	4133.97	216	0	12
2026.10.08	07:25:00	4133.97	4135.48	4133.91	4134.94	359	0	12
2026.10.08	07:26:00	4134.94	4135.24	4134.60	4135.20	221	0	12
2026.10.08	07:27:00	4135.20	4135.42	4135.07	4135.21	205	0	12
2026.10.08	07:28:00	4135.22	4135.86	4135.08	4135.55	231	0	12
2026.10.08	07:29:00	4135.56	4135.92	4135.24	4135.55	236	0	12
2026.10.08	07:30:00	4135.59	4135.59	4134.97	4135.33	219	0	12
2026.10.08	07:31:00	4135.33	4135.40	4134.67	4135.14	173	0	12
2026.10.08	07:32:00	4135.14	4135.16	4133.90	4133.90	196	0	12
2026.10.08	07:33:00	4133.90	4134.38	4133.81	4133.87	188	0	12
2026.10.08	07:34:00	4133.86	4134.12	4132.66	4132.68	319	0	12
2026.10.08	07:35:00	4132.69	4133.28	4131.91	4132.15	267	0	12
2026.10.08	07:36:00	4132.16	4132.88	4131.65	4132.29	251	0	12
2026.10.08	07:37:00	4132.29	4132.38	4132.04	4132.23	188	0	12
2026.10.08	07:38:00	4132.24	4132.52	4132.01	4132.40	290	0	12
2026.10.08	07:39:00	4132.41	4132.42	4131.55	4131.86	198	0	12
2026.10.08	07:40:00	4131.86	4132.34	4131.86	4132.34	195	0	12
2026.10.08	07:41:00	4132.32	4132.32	4130.99	4131.51	264	0	12
2026.10.08	07:42:00	4131.50	4132.06	4131.41	4131.42	227	0	12
2026.10.08	07:43:00	4131.42	4131.85	4131.11	4131.82	208	0	12
2026.10.08	07:44:00	4131.79	4133.18	4131.66	4132.43	256	0	12
2026.10.08	07:45:00	4132.43	4133.32	4132.06	4133.03	232	0	12
2026.10.08	07:46:00	4133.02	4134.36	4133.00	4133.69	275	0	12
2026.10.08	07:47:00	4133.70	4134.13	4133.09	4133.09	253	0	12
2026.10.08	07:48:00	4133.09	4133.68	4133.09	4133.37	205	0	12
2026.10.08	07:49:00	4133.39	4134.82	4133.24	4134.55	203	0	12
2026.10.08	07:50:00	4134.54	4134.92	4134.31	4134.91	249	0	12
2026.10.08	07:51:00	4134.91	4135.21	4134.71	4134.71	164	0	12
2026.10.08	07:52:00	4134.72	4134.72	4133.66	4134.22	253	0	12
2026.10.08	07:53:00	4134.19	4134.29	4133.76	4134.16	231	0	12
2026.10.08	07:54:00	4134.16	4134.34	4134.07	4134.28	154	0	12
2026.10.08	07:55:00	4134.27	4134.86	4134.19	4134.64	260	0	12
2026.10.08	07:56:00	4134.64	4134.93	4134.11	4134.35	176	0	12
2026.10.08	07:57:00	4134.35	4135.24	4134.10	4135.19	230	0	12
2026.10.08	07:58:00	4135.16	4135.31	4134.58	4134.88	236	0	12
2026.10.08	07:59:00	4134.90	4135.14	4133.41	4133.41	302	0	12
2026.10.08	08:00:00	4133.41	4133.42	4131.83	4131.95	384	0	12
2026.10.08	08:01:00	4131.95	4132.66	4131.09	4132.29	308	0	12
2026.10.08	08:02:00	4132.28	4133.09	4132.21	4132.26	321	0	12
2026.10.08	08:03:00	4132.27	4133.30	4132.26	4133.02	317	0	12
2026.10.08	08:04:00	4133.02	4133.73	4132.64	4133.70	364	0	12
2026.10.08	08:05:00	4133.70	4135.65	4133.56	4135.55	415	0	12
2026.10.08	08:06:00	4135.49	4135.62	4132.94	4133.04	368	0	12
2026.10.08	08:07:00	4133.03	4134.63	4133.02	4134.28	304	0	12
2026.10.08	08:08:00	4134.36	4134.55	4133.31	4133.31	259	0	12
2026.10.08	08:09:00	4133.30	4134.18	4133.12	4134.07	216	0	12
2026.10.08	08:10:00	4134.05	4135.14	4134.00	4135.02	346	0	12
2026.10.08	08:11:00	4135.04	4135.69	4134.97	4135.38	305	0	12
2026.10.08	08:12:00	4135.39	4135.72	4134.52	4134.55	270	0	12
2026.10.08	08:13:00	4134.55	4134.66	4132.39	4132.42	285	0	12
2026.10.08	08:14:00	4132.43	4132.81	4132.23	4132.39	194	0	12
2026.10.08	08:15:00	4132.39	4132.86	4132.21	4132.77	268	0	12
2026.10.08	08:16:00	4132.76	4133.23	4132.23	4132.57	276	0	12
2026.10.08	08:17:00	4132.59	4132.60	4131.40	4131.61	336	0	12
2026.10.08	08:18:00	4131.62	4131.99	4130.71	4131.52	333	0	12
2026.10.08	08:19:00	4131.53	4131.90	4131.43	4131.50	291	0	12
2026.10.08	08:20:00	4131.50	4131.83	4131.20	4131.24	277	0	12
2026.10.08	08:21:00	4131.20	4131.49	4130.58	4130.58	253	0	12
2026.10.08	08:22:00	4130.57	4130.80	4130.04	4130.20	308	0	12
2026.10.08	08:23:00	4130.21	4130.84	4130.07	4130.07	223	0	12
2026.10.08	08:24:00	4130.07	4130.12	4129.51	4129.80	241	0	12
2026.10.08	08:25:00	4129.81	4129.90	4128.44	4128.58	392	0	12
2026.10.08	08:26:00	4128.58	4129.07	4128.20	4128.98	276	0	12
2026.10.08	08:27:00	4128.97	4129.73	4128.84	4128.97	229	0	12
2026.10.08	08:28:00	4128.97	4129.15	4128.42	4128.44	223	0	12
2026.10.08	08:29:00	4128.44	4128.72	4128.01	4128.46	318	0	12
2026.10.08	08:30:00	4128.46	4128.46	4124.45	4125.16	621	0	12
2026.10.08	08:31:00	4125.16	4128.86	4125.16	4127.80	537	0	12
2026.10.08	08:32:00	4127.84	4130.27	4127.03	4129.83	509	0	12
2026.10.08	08:33:00	4129.82	4132.83	4128.31	4132.20	522	0	12
2026.10.08	08:34:00	4132.19	4132.19	4130.31	4130.57	473	0	12
2026.10.08	08:35:00	4130.58	4133.31	4130.46	4133.31	508	0	12
2026.10.08	08:36:00	4133.34	4134.15	4129.67	4132.05	530	0	12
2026.10.08	08:37:00	4132.02	4132.02	4129.01	4129.03	537	0	12
2026.10.08	08:38:00	4129.02	4129.43	4127.78	4128.85	423	0	12
2026.10.08	08:39:00	4128.86	4129.57	4128.24	4129.06	438	0	12
2026.10.08	08:40:00	4129.06	4129.75	4128.36	4128.48	388	0	12
2026.10.08	08:41:00	4128.48	4130.43	4128.43	4129.75	446	0	12
2026.10.08	08:42:00	4129.73	4131.50	4127.93	4131.33	498	0	12
2026.10.08	08:43:00	4131.33	4131.46	4128.31	4128.33	435	0	12
2026.10.08	08:44:00	4128.31	4128.41	4125.83	4126.24	432	0	12
2026.10.08	08:45:00	4126.24	4126.91	4125.40	4125.40	452	0	12
2026.10.08	08:46:00	4125.40	4125.42	4123.19	4124.01	468	0	12
2026.10.08	08:47:00	4124.01	4124.88	4123.43	4124.85	447	0	12
2026.10.08	08:48:00	4124.88	4125.50	4124.23	4125.24	398	0	12
2026.10.08	08:49:00	4125.24	4126.89	4125.03	4125.57	360	0	12
2026.10.08	08:50:00	4125.56	4126.13	4122.89	4123.56	521	0	12
2026.10.08	08:51:00	4123.59	4124.23	4120.78	4120.92	551	0	12
2026.10.08	08:52:00	4120.90	4121.04	4119.30	4120.37	542	0	12
2026.10.08	08:53:00	4120.50	4120.64	4117.46	4117.46	542	0	12
2026.10.08	08:54:00	4117.46	4117.91	4116.87	4117.87	536	0	12
2026.10.08	08:55:00	4117.88	4119.05	4116.87	4117.24	540	0	12
2026.10.08	08:56:00	4117.23	4118.08	4116.06	4117.70	520	0	12
2026.10.08	08:57:00	4117.68	4118.84	4117.36	4118.68	496	0	12
2026.10.08	08:58:00	4118.62	4118.63	4117.65	4118.00	499	0	12
2026.10.08	08:59:00	4117.99	4119.26	4117.62	4117.76	474	0	12
2026.10.08	09:00:00	4117.71	4121.37	4117.71	4119.74	561	0	12
2026.10.08	09:01:00	4119.77	4120.25	4118.59	4119.51	508	0	12
2026.10.08	09:02:00	4119.50	4120.58	4118.21	4119.21	514	0	12
2026.10.08	09:03:00	4119.21	4119.99	4118.87	4119.50	504	0	12
2026.10.08	09:04:00	4119.49	4120.33	4119.02	4119.43	468	0	12
2026.10.08	09:05:00	4119.44	4119.61	4118.66	4119.43	498	0	12
2026.10.08	09:06:00	4119.44	4120.89	4118.67	4119.03	511	0	12
2026.10.08	09:07:00	4119.03	4120.33	4118.63	4120.28	448	0	12
2026.10.08	09:08:00	4120.26	4121.00	4120.04	4120.95	392	0	12
2026.10.08	09:09:00	4120.95	4121.39	4120.14	4121.18	398	0	12
2026.10.08	09:10:00	4121.20	4121.91	4119.47	4120.67	485	0	12
2026.10.08	09:11:00	4120.66	4121.38	4119.48	4120.20	426	0	12
2026.10.08	09:12:00	4120.17	4120.61	4119.57	4120.30	439	0	12
2026.10.08	09:13:00	4120.32	4121.20	4119.53	4120.95	408	0	12
2026.10.08	09:14:00	4120.93	4122.22	4120.60	4121.71	429	0	12
2026.10.08	09:15:00	4121.72	4121.72	4120.57	4121.07	417	0	12
2026.10.08	09:16:00	4121.05	4121.17	4119.58	4120.21	464	0	12
2026.10.08	09:17:00	4120.19	4121.76	4120.16	4120.97	481	0	12
2026.10.08	09:18:00	4120.95	4121.29	4119.90	4120.09	473	0	12
2026.10.08	09:19:00	4120.08	4120.27	4118.04	4119.27	520	0	12
2026.10.08	09:20:00	4119.31	4119.34	4116.95	4117.67	486	0	12
2026.10.08	09:21:00	4117.65	4117.92	4116.71	4117.46	493	0	12
2026.10.08	09:22:00	4117.51	4118.67	4117.12	4118.18	496	0	12
2026.10.08	09:23:00	4118.18	4118.64	4117.16	4117.67	389	0	12
2026.10.08	09:24:00	4117.66	4118.27	4116.51	4117.45	462	0	12
2026.10.08	09:25:00	4117.44	4118.05	4116.58	4116.74	477	0	12
2026.10.08	09:26:00	4116.74	4116.93	4114.66	4115.09	540	0	12
2026.10.08	09:27:00	4115.08	4116.94	4115.04	4116.55	402	0	12
2026.10.08	09:28:00	4116.56	4116.62	4115.26	4115.81	450	0	12
2026.10.08	09:29:00	4115.81	4117.15	4115.60	4116.16	448	0	12
2026.10.08	09:30:00	4116.16	4117.91	4116.07	4117.05	500	0	12
2026.10.08	09:31:00	4117.06	4117.06	4115.70	4116.87	466	0	12
2026.10.08	09:32:00	4116.87	4117.57	4116.21	4116.48	427	0	12
2026.10.08	09:33:00	4116.47	4117.49	4115.39	4115.47	473	0	12
2026.10.08	09:34:00	4115.45	4115.63	4114.55	4115.18	450	0	12
2026.10.08	09:35:00	4115.18	4116.22	4115.04	4116.06	466	0	12
2026.10.08	09:36:00	4116.06	4116.10	4114.53	4114.87	446	0	12
2026.10.08	09:37:00	4114.87	4116.26	4114.38	4116.09	467	0	12
2026.10.08	09:38:00	4116.09	4117.82	4115.56	4116.91	449	0	12
2026.10.08	09:39:00	4116.87	4117.99	4116.70	4117.90	406	0	12
2026.10.08	09:40:00	4117.98	4119.98	4117.93	4119.52	470	0	12
2026.10.08	09:41:00	4119.53	4121.95	4119.28	4121.85	449	0	12
2026.10.08	09:42:00	4121.94	4122.95	4120.62	4122.82	453	0	12
2026.10.08	09:43:00	4122.81	4123.61	4122.60	4123.26	414	0	12
2026.10.08	09:44:00	4123.26	4125.27	4123.22	4125.27	412	0	12
2026.10.08	09:45:00	4125.26	4126.47	4125.12	4126.37	484	0	12
2026.10.08	09:46:00	4126.37	4126.46	4124.28	4124.61	457	0	12
2026.10.08	09:47:00	4124.61	4124.99	4122.16	4123.51	473	0	12
2026.10.08	09:48:00	4123.66	4125.01	4123.06	4124.84	401	0	12
2026.10.08	09:49:00	4124.82	4125.32	4124.73	4125.04	336	0	12
2026.10.08	09:50:00	4125.00	4126.09	4124.71	4126.09	377	0	12
2026.10.08	09:51:00	4126.10	4126.78	4124.76	4124.99	388	0	12
2026.10.08	09:52:00	4124.98	4124.99	4123.89	4124.45	412	0	12
2026.10.08	09:53:00	4124.43	4125.80	4124.43	4125.50	399	0	12
2026.10.08	09:54:00	4125.53	4125.80	4124.21	4124.54	410	0	12
2026.10.08	09:55:00	4124.55	4124.88	4123.12	4123.27	399	0	12
2026.10.08	09:56:00	4123.27	4123.66	4122.99	4123.61	354	0	12
2026.10.08	09:57:00	4123.62	4124.43	4123.16	4123.16	389	0	12
2026.10.08	09:58:00	4123.20	4123.73	4122.99	4123.15	367	0	12
2026.10.08	09:59:00	4123.14	4123.22	4121.64	4121.68	436	0	12
2026.10.08	10:00:00	4121.68	4121.79	4119.85	4120.36	557	0	12
2026.10.08	10:01:00	4120.38	4120.67	4119.11	4119.85	530	0	12
2026.10.08	10:02:00	4119.85	4121.30	4119.52	4120.29	502	0	12
2026.10.08	10:03:00	4120.30	4121.72	4119.51	4119.81	460	0	12
2026.10.08	10:04:00	4119.82	4120.86	4119.82	4120.74	480	0	12
2026.10.08	10:05:00	4120.75	4121.93	4120.45	4121.20	482	0	12
2026.10.08	10:06:00	4121.10	4122.09	4119.64	4121.93	488	0	12
2026.10.08	10:07:00	4121.92	4124.31	4121.92	4123.60	481	0	12
2026.10.08	10:08:00	4123.60	4123.83	4122.58	4122.83	463	0	12
2026.10.08	10:09:00	4122.82	4124.94	4122.81	4124.66	444	0	12
2026.10.08	10:10:00	4124.66	4126.36	4124.22	4125.67	479	0	12
2026.10.08	10:11:00	4125.67	4125.79	4123.62	4124.61	479	0	12
2026.10.08	10:12:00	4124.58	4125.33	4124.08	4124.65	417	0	12
2026.10.08	10:13:00	4124.66	4126.71	4124.45	4125.85	425	0	12
2026.10.08	10:14:00	4125.84	4126.19	4124.75	4124.78	435	0	12
2026.10.08	10:15:00	4124.78	4125.46	4123.26	4123.97	394	0	12
2026.10.08	10:16:00	4124.06	4126.72	4124.03	4126.56	355	0	12
2026.10.08	10:17:00	4126.56	4126.83	4125.55	4126.01	414	0	12
2026.10.08	10:18:00	4126.06	4126.09	4125.41	4125.72	455	0	12
2026.10.08	10:19:00	4125.74	4126.60	4125.08	4126.44	366	0	12
2026.10.08	10:20:00	4126.45	4127.71	4125.63	4127.64	402	0	12
2026.10.08	10:21:00	4127.64	4128.78	4127.48	4127.91	387	0	12
2026.10.08	10:22:00	4127.91	4130.17	4127.91	4128.86	437	0	12
2026.10.08	10:23:00	4128.87	4129.79	4128.58	4129.57	352	0	12
2026.10.08	10:24:00	4129.52	4129.52	4128.30	4128.39	400	0	12
2026.10.08	10:25:00	4128.39	4128.47	4126.51	4127.16	428	0	12
2026.10.08	10:26:00	4127.10	4127.48	4125.57	4126.26	405	0	12
2026.10.08	10:27:00	4126.27	4126.49	4124.94	4124.94	361	0	12
2026.10.08	10:28:00	4124.95	4125.83	4124.91	4124.98	388	0	12
2026.10.08	10:29:00	4125.00	4125.31	4124.45	4125.06	413	0	12
2026.10.08	10:30:00	4125.06	4125.35	4124.03	4124.92	417	0	12
2026.10.08	10:31:00	4124.91	4125.05	4123.76	4124.14	336	0	12
2026.10.08	10:32:00	4124.15	4124.15	4121.42	4121.72	362	0	12
2026.10.08	10:33:00	4121.73	4121.88	4120.04	4120.04	395	0	12
2026.10.08	10:34:00	4120.04	4121.15	4118.91	4119.83	535	0	12
2026.10.08	10:35:00	4119.83	4121.77	4119.08	4121.62	508	0	12
2026.10.08	10:36:00	4121.61	4121.94	4119.21	4121.45	434	0	12
2026.10.08	10:37:00	4121.45	4122.91	4121.27	4122.82	369	0	12
2026.10.08	10:38:00	4122.83	4122.85	4121.76	4121.76	416	0	12
2026.10.08	10:39:00	4121.76	4121.78	4120.39	4120.41	384	0	12
2026.10.08	10:40:00	4120.41	4121.33	4120.08	4121.19	412	0	12
2026.10.08	10:41:00	4121.25	4121.87	4120.80	4121.38	386	0	12
2026.10.08	10:42:00	4121.39	4122.25	4120.38	4120.75	372	0	12
2026.10.08	10:43:00	4120.76	4120.76	4119.23	4119.23	340	0	12
2026.10.08	10:44:00	4119.23	4119.63	4118.69	4119.17	387	0	12
2026.10.08	10:45:00	4119.18	4119.67	4118.47	4118.70	392	0	12
2026.10.08	10:46:00	4118.69	4119.50	4118.54	4119.30	367	0	12
2026.10.08	10:47:00	4119.30	4120.30	4118.71	4118.71	366	0	12
2026.10.08	10:48:00	4118.72	4119.59	4118.05	4119.03	358	0	12
2026.10.08	10:49:00	4119.07	4119.70	4118.90	4119.52	304	0	12
2026.10.08	10:50:00	4119.57	4120.42	4119.48	4119.93	354	0	12
2026.10.08	10:51:00	4119.92	4121.12	4119.82	4121.05	340	0	12
2026.10.08	10:52:00	4121.07	4121.39	4120.47	4120.90	370	0	12
2026.10.08	10:53:00	4120.92	4121.45	4120.42	4121.28	395	0	12
2026.10.08	10:54:00	4121.29	4121.72	4120.02	4120.65	371	0	12
2026.10.08	10:55:00	4120.66	4121.11	4119.77	4120.00	325	0	12
2026.10.08	10:56:00	4120.08	4120.36	4119.01	4119.36	435	0	12
2026.10.08	10:57:00	4119.34	4119.88	4118.98	4119.09	326	0	12
2026.10.08	10:58:00	4119.09	4119.68	4118.81	4118.99	343	0	12
2026.10.08	10:59:00	4118.98	4120.38	4118.84	4120.19	343	0	12
2026.10.08	11:00:00	4120.19	4120.22	4118.51	4119.20	466	0	12
2026.10.08	11:01:00	4119.19	4121.20	4118.76	4121.11	482	0	12
2026.10.08	11:02:00	4121.12	4122.25	4120.78	4122.04	397	0	12
2026.10.08	11:03:00	4122.05	4123.95	4121.84	4123.72	400	0	12
2026.10.08	11:04:00	4123.70	4127.05	4123.65	4126.76	455	0	12
2026.10.08	11:05:00	4126.79	4128.92	4126.79	4128.18	524	0	12
2026.10.08	11:06:00	4128.20	4129.05	4126.20	4126.89	492	0	12
2026.10.08	11:07:00	4126.85	4128.03	4126.14	4127.36	480	0	12
2026.10.08	11:08:00	4127.38	4127.94	4126.49	4126.68	467	0	12
2026.10.08	11:09:00	4126.69	4127.58	4126.50	4127.09	407	0	12
2026.10.08	11:10:00	4127.10	4127.43	4126.07	4126.62	457	0	12
2026.10.08	11:11:00	4126.61	4126.61	4124.86	4126.13	455	0	12
2026.10.08	11:12:00	4126.15	4128.28	4126.15	4128.08	397	0	12
2026.10.08	11:13:00	4128.07	4129.05	4126.95	4127.10	399	0	12
2026.10.08	11:14:00	4127.10	4129.05	4126.80	4128.74	381	0	12
2026.10.08	11:15:00	4128.73	4129.32	4128.55	4128.75	368	0	12
2026.10.08	11:16:00	4128.62	4129.75	4128.62	4129.70	344	0	12
2026.10.08	11:17:00	4129.69	4130.38	4128.76	4128.85	421	0	12
2026.10.08	11:18:00	4128.84	4129.68	4128.19	4128.94	402	0	12
2026.10.08	11:19:00	4128.95	4130.11	4128.93	4129.18	460	0	12
2026.10.08	11:20:00	4129.17	4129.47	4128.43	4128.85	457	0	12
2026.10.08	11:21:00	4128.83	4128.84	4127.48	4127.60	379	0	12
2026.10.08	11:22:00	4127.59	4129.40	4127.25	4128.26	406	0	12
2026.10.08	11:23:00	4128.26	4130.40	4127.70	4130.22	385	0	12
2026.10.08	11:24:00	4130.21	4130.25	4129.31	4129.31	378	0	12
2026.10.08	11:25:00	4129.29	4133.13	4129.14	4132.25	430	0	12
2026.10.08	11:26:00	4132.23	4132.23	4128.80	4129.76	442	0	12
2026.10.08	11:27:00	4129.77	4130.42	4129.32	4130.24	452	0	12
2026.10.08	11:28:00	4130.22	4130.26	4128.58	4128.87	394	0	12
2026.10.08	11:29:00	4128.84	4128.90	4127.75	4127.92	419	0	12
2026.10.08	11:30:00	4127.92	4132.06	4126.82	4126.98	645	0	12
2026.10.08	11:31:00	4126.99	4131.01	4126.99	4128.24	529	0	12
2026.10.08	11:32:00	4128.24	4128.55	4125.38	4126.04	458	0	12
2026.10.08	11:33:00	4126.04	4127.02	4125.91	4126.45	406	0	12
2026.10.08	11:34:00	4126.46	4127.00	4125.97	4126.59	392	0	12
2026.10.08	11:35:00	4126.64	4127.81	4125.64	4126.89	396	0	12
2026.10.08	11:36:00	4126.89	4127.13	4125.97	4126.55	337	0	12
2026.10.08	11:37:00	4126.54	4126.67	4125.26	4125.80	395	0	12
2026.10.08	11:38:00	4125.80	4126.30	4125.51	4125.74	391	0	12
2026.10.08	11:39:00	4125.75	4125.75	4123.36	4123.52	369	0	12
2026.10.08	11:40:00	4123.51	4123.51	4122.48	4122.49	381	0	12
2026.10.08	11:41:00	4122.48	4123.34	4121.14	4123.33	416	0	12
2026.10.08	11:42:00	4123.32	4123.95	4122.65	4123.38	389	0	12
2026.10.08	11:43:00	4123.39	4124.98	4123.32	4123.55	410	0	12
2026.10.08	11:44:00	4123.56	4124.60	4123.30	4124.37	475	0	12
2026.10.08	11:45:00	4124.37	4125.49	4123.70	4124.82	446	0	12
2026.10.08	11:46:00	4124.80	4126.78	4124.78	4126.61	425	0	12
2026.10.08	11:47:00	4126.63	4128.31	4126.02	4126.60	458	0	12
2026.10.08	11:48:00	4126.60	4126.92	4124.26	4124.80	456	0	12
2026.10.08	11:49:00	4124.79	4126.41	4124.74	4126.31	337	0	12
2026.10.08	11:50:00	4126.31	4127.34	4126.22	4127.10	374	0	12
2026.10.08	11:51:00	4127.10	4127.72	4126.90	4127.34	340	0	12
2026.10.08	11:52:00	4127.33	4127.38	4126.29	4126.30	375	0	12
2026.10.08	11:53:00	4126.31	4126.73	4125.47	4126.73	317	0	12
2026.10.08	11:54:00	4126.72	4126.91	4125.88	4126.78	324	0	12
2026.10.08	11:55:00	4126.78	4127.97	4126.40	4127.26	276	0	12
2026.10.08	11:56:00	4127.26	4128.24	4127.23	4128.13	285	0	12
2026.10.08	11:57:00	4128.12	4128.18	4127.24	4127.33	330	0	12
2026.10.08	11:58:00	4127.31	4127.38	4126.29	4126.48	310	0	12
2026.10.08	11:59:00	4126.47	4127.08	4126.36	4126.42	307	0	12
2026.10.08	12:00:00	4126.42	4129.92	4125.55	4128.90	526	0	12
2026.10.08	12:01:00	4128.78	4130.08	4127.91	4129.26	561	0	12
2026.10.08	12:02:00	4129.27	4130.78	4128.20	4130.78	398	0	12
2026.10.08	12:03:00	4130.76	4130.76	4128.94	4128.94	386	0	12
2026.10.08	12:04:00	4128.92	4130.74	4128.82	4130.69	308	0	12
2026.10.08	12:05:00	4130.69	4130.82	4127.81	4127.82	411	0	12
2026.10.08	12:06:00	4127.81	4128.43	4126.83	4127.47	395	0	12
2026.10.08	12:07:00	4127.48	4128.79	4127.38	4128.65	314	0	12
2026.10.08	12:08:00	4128.65	4128.69	4127.67	4127.82	340	0	12
2026.10.08	12:09:00	4127.82	4128.48	4127.70	4128.25	301	0	12
2026.10.08	12:10:00	4128.26	4128.34	4126.85	4126.87	337	0	12
2026.10.08	12:11:00	4126.86	4127.87	4126.55	4126.83	375	0	12
2026.10.08	12:12:00	4126.83	4127.22	4126.07	4126.08	323	0	12
2026.10.08	12:13:00	4126.08	4127.28	4125.36	4126.75	354	0	12
2026.10.08	12:14:00	4126.74	4126.75	4124.62	4125.26	305	0	12
2026.10.08	12:15:00	4125.27	4125.30	4123.16	4123.48	392	0	12
2026.10.08	12:16:00	4123.48	4123.72	4122.46	4123.02	437	0	12
2026.10.08	12:17:00	4123.02	4125.03	4122.63	4124.75	412	0	12
2026.10.08	12:18:00	4124.75	4125.00	4124.34	4124.94	348	0	12
2026.10.08	12:19:00	4124.94	4125.15	4124.36	4124.66	282	0	12
2026.10.08	12:20:00	4124.66	4124.67	4122.72	4123.97	398	0	12
2026.10.08	12:21:00	4123.92	4124.05	4123.40	4123.52	316	0	12
2026.10.08	12:22:00	4123.55	4124.35	4122.43	4123.88	338	0	12
2026.10.08	12:23:00	4123.87	4125.35	4123.57	4124.04	322	0	12
2026.10.08	12:24:00	4124.06	4124.09	4122.88	4123.26	356	0	12
2026.10.08	12:25:00	4123.25	4123.61	4123.01	4123.33	368	0	12
2026.10.08	12:26:00	4123.32	4124.18	4123.08	4124.00	321	0	12
2026.10.08	12:27:00	4124.00	4124.67	4123.90	4124.52	299	0	12
2026.10.08	12:28:00	4124.53	4125.46	4124.09	4124.26	388	0	12
2026.10.08	12:29:00	4124.16	4125.43	4123.31	4124.54	424	0	12
2026.10.08	12:30:00	4124.52	4125.43	4121.91	4122.69	421	0	12
2026.10.08	12:31:00	4122.71	4123.22	4121.83	4123.06	399	0	12
2026.10.08	12:32:00	4123.05	4124.20	4122.44	4122.99	433	0	12
2026.10.08	12:33:00	4122.84	4123.14	4121.32	4122.14	436	0	12
2026.10.08	12:34:00	4122.16	4122.84	4120.43	4121.75	496	0	12
2026.10.08	12:35:00	4121.77	4124.14	4121.76	4123.39	442	0	12
2026.10.08	12:36:00	4123.40	4123.42	4122.57	4122.86	336	0	12
2026.10.08	12:37:00	4122.88	4123.24	4122.53	4122.81	306	0	12
2026.10.08	12:38:00	4122.81	4123.29	4121.48	4122.72	405	0	12
2026.10.08	12:39:00	4122.74	4123.12	4121.97	4121.97	356	0	12
2026.10.08	12:40:00	4121.96	4122.49	4121.27	4121.70	375	0	12
2026.10.08	12:41:00	4121.71	4122.19	4120.67	4120.67	489	0	12
2026.10.08	12:42:00	4120.67	4121.76	4120.14	4120.89	314	0	12
2026.10.08	12:43:00	4120.87	4120.87	4119.58	4119.61	353	0	12
2026.10.08	12:44:00	4119.60	4119.98	4119.40	4119.98	348	0	12
2026.10.08	12:45:00	4119.97	4120.93	4119.70	4120.74	291	0	12
2026.10.08	12:46:00	4120.76	4121.38	4120.47	4120.88	367	0	12
2026.10.08	12:47:00	4120.86	4121.43	4120.09	4120.80	351	0	12
2026.10.08	12:48:00	4120.81	4121.36	4120.57	4121.30	270	0	12
2026.10.08	12:49:00	4121.30	4121.67	4121.00	4121.51	338	0	12
2026.10.08	12:50:00	4121.51	4121.82	4120.72	4120.77	288	0	12
2026.10.08	12:51:00	4120.77	4122.48	4119.66	4122.29	410	0	12
2026.10.08	12:52:00	4122.29	4122.29	4121.25	4121.75	321	0	12
2026.10.08	12:53:00	4121.74	4122.63	4121.72	4122.14	329	0	12
2026.10.08	12:54:00	4122.12	4122.57	4121.81	4122.40	280	0	12
2026.10.08	12:55:00	4122.39	4123.22	4122.06	4122.62	282	0	12
2026.10.08	12:56:00	4122.61	4123.67	4122.60	4122.71	312	0	12
2026.10.08	12:57:00	4122.72	4123.31	4122.18	4123.29	316	0	12
2026.10.08	12:58:00	4123.28	4123.33	4122.65	4123.26	290	0	12
2026.10.08	12:59:00	4123.26	4123.61	4122.64	4123.58	251	0	12
2026.10.08	13:00:00	4123.59	4123.82	4121.90	4122.10	400	0	12
2026.10.08	13:01:00	4122.11	4123.45	4122.05	4123.21	342	0	12
2026.10.08	13:02:00	4123.21	4123.84	4123.13	4123.61	321	0	12
2026.10.08	13:03:00	4123.61	4123.95	4122.65	4122.69	358	0	12
2026.10.08	13:04:00	4122.69	4122.80	4121.52	4122.41	383	0	12
2026.10.08	13:05:00	4122.38	4122.94	4121.90	4122.62	335	0	12
2026.10.08	13:06:00	4122.62	4124.21	4122.59	4124.03	326	0	12
2026.10.08	13:07:00	4124.04	4125.59	4123.58	4125.57	321	0	12
2026.10.08	13:08:00	4125.56	4126.06	4125.07	4125.56	321	0	12
2026.10.08	13:09:00	4125.56	4125.56	4123.78	4123.91	324	0	12
2026.10.08	13:10:00	4123.90	4123.98	4122.25	4122.70	331	0	12
2026.10.08	13:11:00	4122.72	4123.47	4122.14	4122.21	275	0	12
2026.10.08	13:12:00	4122.24	4122.38	4121.66	4122.12	264	0	12
2026.10.08	13:13:00	4122.12	4123.00	4121.86	4122.86	217	0	12
2026.10.08	13:14:00	4122.86	4123.37	4122.17	4122.84	297	0	12
2026.10.08	13:15:00	4122.85	4123.34	4122.45	4123.24	286	0	12
2026.10.08	13:16:00	4123.24	4123.89	4122.20	4122.31	291	0	12
2026.10.08	13:17:00	4122.31	4122.52	4121.90	4121.94	253	0	12
2026.10.08	13:18:00	4121.94	4122.29	4121.75	4121.82	277	0	12
2026.10.08	13:19:00	4121.82	4121.82	4119.66	4120.31	272	0	12
2026.10.08	13:20:00	4120.30	4121.60	4119.58	4121.58	340	0	12
2026.10.08	13:21:00	4121.61	4122.11	4120.53	4121.45	310	0	12
2026.10.08	13:22:00	4121.44	4121.88	4121.03	4121.16	280	0	12
2026.10.08	13:23:00	4121.16	4121.36	4120.40	4121.08	289	0	12
2026.10.08	13:24:00	4121.08	4121.30	4119.79	4119.96	399	0	12
2026.10.08	13:25:00	4119.95	4119.96	4116.98	4117.08	479	0	12
2026.10.08	13:26:00	4117.08	4117.34	4115.84	4116.65	405	0	12
2026.10.08	13:27:00	4116.65	4118.60	4116.57	4117.90	409	0	12
2026.10.08	13:28:00	4117.90	4118.79	4117.80	4117.82	386	0	12
2026.10.08	13:29:00	4117.82	4118.22	4117.22	4117.23	477	0	12
2026.10.08	13:30:00	4117.17	4118.93	4116.71	4116.79	460	0	12
2026.10.08	13:31:00	4116.79	4116.87	4115.78	4115.95	405	0	12
2026.10.08	13:32:00	4115.96	4116.37	4114.45	4115.36	432	0	12
2026.10.08	13:33:00	4115.32	4115.81	4113.07	4113.32	461	0	12
2026.10.08	13:34:00	4113.32	4114.58	4112.51	4113.69	479	0	12
2026.10.08	13:35:00	4113.69	4113.72	4111.32	4112.51	494	0	12
2026.10.08	13:36:00	4112.51	4112.76	4112.06	4112.44	445	0	12
2026.10.08	13:37:00	4112.44	4112.46	4110.86	4111.84	409	0	12
2026.10.08	13:38:00	4111.83	4112.57	4111.25	4111.52	455	0	12
2026.10.08	13:39:00	4111.55	4111.57	4109.94	4111.49	479	0	12
2026.10.08	13:40:00	4111.50	4113.23	4111.20	4111.94	449	0	12
2026.10.08	13:41:00	4111.94	4111.94	4110.84	4111.11	406	0	12
2026.10.08	13:42:00	4111.11	4111.47	4109.94	4110.20	470	0	12
2026.10.08	13:43:00	4110.21	4112.70	4110.03	4110.99	434	0	12
2026.10.08	13:44:00	4110.99	4115.58	4110.99	4115.36	415	0	12
2026.10.08	13:45:00	4115.35	4117.03	4114.76	4116.96	431	0	12
2026.10.08	13:46:00	4116.94	4118.40	4116.51	4117.91	401	0	12
2026.10.08	13:47:00	4117.93	4118.18	4116.16	4117.65	400	0	12
2026.10.08	13:48:00	4117.66	4118.83	4117.40	4117.57	448	0	12
2026.10.08	13:49:00	4117.56	4118.44	4116.98	4117.94	402	0	12
2026.10.08	13:50:00	4117.95	4118.64	4116.88	4118.64	393	0	12
2026.10.08	13:51:00	4118.63	4122.60	4118.63	4122.51	411	0	12
2026.10.08	13:52:00	4122.51	4123.38	4122.38	4122.40	364	0	12
2026.10.08	13:53:00	4122.40	4122.40	4120.25	4120.29	378	0	12
2026.10.08	13:54:00	4120.27	4120.29	4119.22	4119.35	359	0	12
2026.10.08	13:55:00	4119.35	4120.38	4119.23	4119.59	347	0	12
2026.10.08	13:56:00	4119.59	4121.48	4119.59	4120.46	350	0	12
2026.10.08	13:57:00	4120.45	4120.45	4119.06	4119.29	329	0	12
2026.10.08	13:58:00	4119.30	4121.07	4118.94	4120.42	345	0	12
2026.10.08	13:59:00	4120.47	4122.46	4120.29	4121.99	403	0	12
2026.10.08	14:00:00	4122.02	4122.17	4120.45	4120.88	527	0	12
2026.10.08	14:01:00	4120.89	4121.22	4119.35	4119.38	414	0	12
2026.10.08	14:02:00	4119.39	4120.91	4118.47	4118.63	423	0	12
2026.10.08	14:03:00	4118.65	4119.45	4118.30	4118.46	378	0	12
2026.10.08	14:04:00	4118.47	4118.64	4116.30	4116.76	410	0	12
2026.10.08	14:05:00	4116.75	4117.31	4115.66	4115.87	382	0	12
2026.10.08	14:06:00	4115.84	4116.81	4115.28	4115.46	422	0	12
2026.10.08	14:07:00	4115.46	4115.69	4115.00	4115.15	373	0	12
2026.10.08	14:08:00	4115.14	4115.63	4114.80	4115.45	313	0	12
2026.10.08	14:09:00	4115.44	4116.24	4114.75	4115.23	356	0	12
2026.10.08	14:10:00	4115.26	4115.92	4114.82	4115.82	371	0	12
2026.10.08	14:11:00	4115.87	4116.30	4115.33	4115.80	346	0	12
2026.10.08	14:12:00	4115.80	4117.31	4115.33	4117.08	340	0	12
2026.10.08	14:13:00	4117.16	4118.26	4116.06	4118.24	396	0	12
2026.10.08	14:14:00	4118.23	4118.26	4117.29	4118.01	322	0	12
2026.10.08	14:15:00	4118.00	4120.60	4117.70	4119.83	425	0	12
2026.10.08	14:16:00	4119.80	4121.39	4119.80	4121.26	389	0	12
2026.10.08	14:17:00	4121.26	4122.39	4120.31	4120.78	391	0	12
2026.10.08	14:18:00	4120.80	4121.33	4120.00	4121.10	310	0	12
2026.10.08	14:19:00	4121.11	4121.11	4119.44	4119.94	331	0	12
2026.10.08	14:20:00	4119.94	4120.71	4119.68	4120.32	342	0	12
2026.10.08	14:21:00	4120.32	4120.75	4120.11	4120.50	250	0	12
